signal_ts,signal_ts_server,confirm_ts,confirm_ts_server,exit_ts,exit_ts_server,side,z,atr,entry,exit,R,spread_atr_entry,kind,mfe_atr,confirm_lag_s
1777596600,1777607400,1777596726,1777607526,1777599782,1777610582,SELL,1.7755242508532492,126.7109375,76401.1328125,76591.19921875,-1.0,0.007891978543683334,stop,0.37597879030766385,126
1777618200,1777629000,1777618517,1777629317,1777622618,1777633418,BUY,-1.1671790563238862,176.58426339285714,76997.2890625,77023.77670200892,0.09999999999997959,0.005663018780870879,be,0.6377532478613572,317
1777629000,1777639800,1777629468,1777640268,1777631982,1777642782,BUY,-2.375000331185677,138.63169642857142,77215.4375,77236.23225446428,0.09999999999997802,0.0072133575925419045,be,1.3744263931601914,468
1777639800,1777650600,1777640470,1777651270,1777642469,1777653269,BUY,-3.1962675860850283,171.64118303571428,78014.9609375,78386.32784598214,1.4424157105499662,0.005826107594422283,trail,2.6636235658249374,670
1777675500,1777686300,1777681485,1777692285,1777683300,1777694100,BUY,-1.0369698362977025,157.10267857142858,78278.0390625,78294.609375,0.07031627404734164,0.006365263845869682,signal,0.48927992952743593,5985
1777686300,1777697100,1777687016,1777697816,1777690336,1777701136,SELL,1.2007125362017868,122.40234375,78259.609375,78443.212890625,-1.0,0.00816977820328706,stop,0.38429870751555767,716
1777697100,1777707900,1777697175,1777707975,1777718778,1777729578,SELL,1.1756529610483868,127.35993303571429,78136.921875,78190.7890625,-0.28196825702839395,0.007851762922328013,time,0.3150519872584115,75
1777735500,1777746300,1777745072,1777755872,1777745100,1777755900,SELL,1.1668148837072696,98.89732142857143,78306.0390625,78307.2421875,-0.008110263470711266,0.010111497314133525,signal,0.0,9572
1777746300,1777757100,1777746582,1777757382,1777759644,1777770444,BUY,-1.933323775861755,75.67522321428571,78360.8671875,78704.44363839286,3.026763021409416,0.013214364722365608,trail,5.040144532114152,282
1777762500,1777773300,1777762883,1777773683,1777763562,1777774362,SELL,1.1361596785117216,91.24720982142857,78725.640625,78711.95354352679,0.09999999999996963,0.01095923921352781,be,0.8278506559031281,383
1777773303,1777784103,1777773972,1777784772,1777782301,1777793101,BUY,-1.6163459183248334,156.11160714285714,78260.3671875,78183.6328125,-0.3276902399267923,0.006405673596614144,signal,0.0,669
1777784400,1777795200,1777789348,1777800148,1777789742,1777800542,SELL,1.3718080812751632,90.09040178571429,78089.1171875,78075.60362723214,0.10000000000004922,0.011099961596115013,be,0.6852491916601627,4948
1777812000,1777822800,1777812282,1777823082,1777815836,1777826636,BUY,-1.1776689117963228,129.37165178571428,78751.609375,78557.55189732143,-0.9999999999999679,0.007729668642218139,stop,0.3629924860029159,282
1777822800,1777833600,1777826097,1777836897,1777827726,1777838526,BUY,-1.160577433329591,115.23325892857143,78693.5,78520.65011160714,-0.999999999999988,0.008678050150606785,stop,0.4471229745566543,3297
1777833900,1777844700,1777834113,1777844913,1777838693,1777849493,BUY,-1.083740365981702,100.06473214285714,78687.28125,78702.29095982143,0.10000000000002215,0.00999353097325392,be,1.3157108121974614,213
1777844700,1777855500,1777845287,1777856087,1777845812,1777856612,BUY,-3.4255317822885227,152.50111607142858,78719.9375,79052.31194196429,1.4529923912539853,0.006557329059359928,trail,2.6794885868809506,587
1777855500,1777866300,1777856196,1777866996,1777859768,1777870568,BUY,-1.4933382184673023,266.97767857142856,78476.609375,79706.85491071429,3.0720309460506545,0.0037456314900590273,trail,5.108046419075967,696
1777866300,1777877100,1777866487,1777877287,1777871340,1777882140,BUY,-2.6441757481658676,400.56529017857144,80110.6015625,80170.68635602678,0.0999999999999924,0.002496471922353036,be,1.1910316475182254,187
1777885200,1777896000,1777885301,1777896101,1777888458,1777899258,SELL,1.0760250578221051,178.56640625,79603.6171875,79871.466796875,-1.0,0.00835648502614136,stop,0.0,101
1777896000,1777906800,1777899637,1777910437,1777904425,1777915225,SELL,1.4896421025054107,313.56808035714283,78618.328125,79088.68024553571,-0.9999999999999913,0.0031891001114049485,stop,0.43633367383620986,3637
1777906800,1777917600,1777906908,1777917708,1777907991,1777918791,BUY,-1.2644171614098278,323.31863839285717,80294.2109375,79809.23297991071,-1.0000000000000084,0.0030929240732015043,stop,0.09244943362553872,108
1777928700,1777939500,1777928951,1777939751,1777934087,1777944887,BUY,-1.262756534757672,197.16573660714286,80071.046875,80100.62173549108,0.10000000000001828,0.005071875150359022,be,1.4805516796341005,251
1777953000,1777963800,1777953805,1777964605,1777959040,1777969840,BUY,-2.57644053138315,228.54129464285714,80941.5078125,80975.78900669643,0.1000000000000097,0.004375576858277214,be,0.9122394065623887,805
1777963800,1777974600,1777965186,1777975986,1777966315,1777977115,BUY,-1.3608781133919599,195.90736607142858,80950.6015625,80979.9876674107,0.09999999999997594,0.0051044532936826694,be,0.501193507773467,1386
1777974600,1777985400,1777975523,1777986323,1777977600,1777988400,BUY,-1.6401839477065943,129.71261160714286,80583.6328125,80743.2578125,0.820403392917321,0.016442599324571403,signal,1.578609993761965,923
1777985400,1777996200,1777989628,1778000428,1777989862,1778000662,SELL,1.3266534990078045,151.53627232142858,81134.0703125,81361.37472098214,-1.000000000000009,0.006599080105909343,stop,0.0,4228
1778013900,1778024700,1778013997,1778024797,1778018567,1778029367,SELL,1.6134460626661333,175.8671875,81544.6171875,81518.237109375,0.10000000000001104,0.010128381680067522,be,1.5791835102838612,97
1778024700,1778035500,1778028481,1778039281,1778030198,1778040998,SELL,3.0200722249998098,243.38839285714286,80786.203125,81151.28571428571,-0.9999999999999887,0.004108659366459399,stop,0.3617867165575304,3781
1778035500,1778046300,1778045800,1778056600,1778049540,1778060340,SELL,1.1515826084483596,230.63392857142858,81071.828125,81417.77901785714,-1.000000000000006,0.004335875498432116,stop,0.28460957763927064,10300
1778049600,1778060400,1778053981,1778064781,1778054883,1778065683,SELL,2.3727143302952522,174.79799107142858,81307.6328125,81569.82979910714,-1.0000000000000078,0.0057208895472452255,stop,0.2186005529341906,4381
1778063100,1778073900,1778063350,1778074150,1778065359,1778076159,SELL,1.6559679602013324,207.67689732142858,82063.9296875,82375.44503348214,-1.0000000000000067,0.004815172091348544,stop,0.0,250
1778084700,1778095500,1778085124,1778095924,1778091212,1778102012,SELL,1.679264683905353,348.1244419642857,81419.0,81366.78133370535,0.10000000000000955,0.002872536022916169,be,0.5708940928669095,424
1778097300,1778108100,1778099496,1778110296,1778099785,1778110585,SELL,1.0106377131728759,211.56919642857142,81394.703125,81362.96774553572,0.09999999999999477,0.0047265859911587525,be,0.6732061656626188,2196
1778108100,1778118900,1778108404,1778119204,1778109108,1778119908,SELL,1.7201478906866738,163.57979910714286,81280.140625,81255.60365513393,0.09999999999997458,0.006113224282327255,be,2.0615893700854553,304
1778118900,1778129700,1778119473,1778130273,1778122032,1778132832,SELL,2.44129029787322,191.92410714285714,81054.3671875,81025.57857142857,0.09999999999999133,0.005210392872926892,be,1.1349294038287083,573
1778129700,1778140500,1778134162,1778144962,1778135620,1778146420,SELL,1.6307580349092201,171.53515625,80883.109375,81140.412109375,-1.0,0.005829708742285883,stop,0.22075467401452872,4462
1778147400,1778158200,1778147526,1778158326,1778150509,1778161309,SELL,1.1779384008646918,193.64285714285714,80858.8203125,80829.77388392857,0.09999999999999142,0.00516414607156031,be,1.7241389247510144,126
1778158200,1778169000,1778159595,1778170395,1778159799,1778170599,SELL,1.5019803121925908,193.76450892857142,80935.0390625,80905.97438616071,0.10000000000000431,0.00516090384936612,be,0.541532028131534,1395
1778169000,1778179800,1778169466,1778180266,1778170862,1778181662,SELL,2.5488708313528017,287.1205357142857,79876.4609375,79833.39285714286,0.10000000000000484,0.003482857809220244,be,0.714339578636399,466
1778179800,1778190600,1778181906,1778192706,1778184163,1778194963,SELL,1.4499506237155828,259.9564732142857,79889.46875,80279.40345982143,-1.000000000000016,0.0038467978413281754,stop,0.011720712172796785,2106
1778194500,1778205300,1778201286,1778212086,1778203964,1778214764,SELL,1.0933746999012341,205.625,79798.78125,79767.9375,0.1,0.004863221884498481,be,1.1000759878419453,6786
1778205300,1778216100,1778205684,1778216484,1778205841,1778216641,SELL,1.5358660688221848,149.03292410714286,79639.6484375,79617.29349888393,0.10000000000001116,0.0067099267225078345,be,0.9240827208153759,384
1778219100,1778229900,1778219247,1778230047,1778221044,1778231844,SELL,1.2164863596942963,157.11439732142858,79636.109375,79612.54221540179,0.09999999999999469,0.006364789077567315,be,1.4830953049025213,147
1778229901,1778240701,1778231037,1778241837,1778232433,1778243233,SELL,2.4574040042900864,147.81584821428572,79787.546875,80009.27064732143,-1.000000000000028,0.0067651744524059405,stop,0.0,1136
1778244300,1778255100,1778249907,1778260707,1778249947,1778260747,BUY,-1.0419108706914424,170.06082589285714,80230.96875,80256.47787388392,0.09999999999997881,0.009233828494925333,be,0.9967481435542036,5607
1778255100,1778265900,1778257836,1778268636,1778277689,1778288489,SELL,1.088150371940238,316.33984375,79808.296875,80282.806640625,-1.0,0.0038032673524072956,stop,0.3570625933837966,2736
1778297400,1778308200,1778297418,1778308218,1778298895,1778309695,SELL,1.9775568997295567,106.26395089285714,80355.0703125,80339.13071986607,0.10000000000003913,0.009410529079690167,be,0.8805461467769463,18
1778308200,1778319000,1778308466,1778319266,1778310433,1778321233,BUY,-2.916047110036018,113.67633928571429,80314.8515625,80144.33705357143,-0.9999999999999634,0.008796905374359378,stop,0.025909635360417852,266
1778319002,1778329802,1778323155,1778333955,1778323660,1778334460,BUY,-1.929319443553339,96.95647321428571,80263.21875,80277.76222098214,0.09999999999999429,0.010313906507200167,be,0.558884808858909,4153
1778337000,1778347800,1778338059,1778348859,1778339508,1778350308,BUY,-2.0690335332686494,76.62332589285714,80323.0234375,80208.08844866071,-1.0000000000000362,0.01305085609828926,stop,0.17322972274213636,1059
1778347800,1778358600,1778347897,1778358697,1778352141,1778362941,BUY,-1.0881310892113072,132.65680803571428,80830.9765625,80850.87508370535,0.09999999999997493,0.007538248619179627,be,1.5905704586469014,97
1778358600,1778369400,1778367822,1778378622,1778369224,1778380024,BUY,-1.3739825616086359,129.33761160714286,80814.140625,80620.13420758929,-0.9999999999999786,0.0077317030025067625,stop,0.0,9222
1778369400,1778380200,1778370694,1778381494,1778372734,1778383534,BUY,-1.1952577879924453,93.67633928571429,80663.546875,80677.59832589286,0.10000000000002662,0.010675054209259656,be,0.8030476326637596,1294
1778381700,1778392500,1778383323,1778394123,1778384380,1778395180,SELL,1.0200623503677262,89.55803571428571,80694.453125,80828.79017857143,-1.0000000000000466,0.011165943871192862,stop,0.30121878271272623,1623
1778403300,1778414100,1778405698,1778416498,1778406499,1778417299,SELL,1.8392186859517556,80.39787946428571,80771.1015625,80759.04188058036,0.09999999999994486,0.012438138998979685,be,0.7214120619408217,2398
1778420100,1778430900,1778420323,1778431123,1778422801,1778433601,SELL,1.0528539121248994,97.90680803571429,80921.8515625,80883.0625,0.26412233754538356,0.010213794321996705,signal,0.5281648798226265,223
1778430900,1778441700,1778431160,1778441960,1778432808,1778443608,BUY,-3.27929922311597,143.73604910714286,81257.796875,81279.35728236607,0.09999999999997108,0.011577210521207415,be,0.9852043094244395,260
1778441700,1778452500,1778452049,1778462849,1778452152,1778462952,BUY,-1.18352281269035,163.44252232142858,81473.7109375,81498.22731584821,0.0999999999999949,0.006118358832185571,be,1.3352840154461245,10349
1778452500,1778463300,1778453747,1778464547,1778456025,1778466825,BUY,-2.3275877213072227,300.55245535714283,82116.0234375,82161.10630580357,0.09999999999998618,0.0033272062236580704,be,1.0656677621196087,1247
1778480100,1778490900,1778480308,1778491108,1778482309,1778493109,SELL,1.4035438114911833,174.34598214285714,80803.46875,80777.31685267857,0.09999999999999046,0.005735721510235959,be,0.5151842984623657,208
1778490900,1778501700,1778492363,1778503163,1778494749,1778505549,SELL,1.1665361519384592,158.88392857142858,80832.6875,81071.01339285714,-1.0000000000000087,0.006293902781680247,stop,0.12804158471480753,1463
1778506500,1778517300,1778506918,1778517718,1778507286,1778518086,BUY,-1.7515538390046173,184.22488839285714,80946.109375,80973.74310825893,0.10000000000001204,0.005428148219949051,be,1.4284087225979991,418
1778517300,1778528100,1778521474,1778532274,1778543074,1778553874,BUY,-3.300088991926523,312.38058035714283,81973.171875,81743.7890625,-0.48953707309579025,0.003201223324627626,time,0.40072813539459723,4174
1778553900,1778564700,1778557842,1778568642,1778569875,1778580675,SELL,2.2259084436088705,221.98772321428572,81015.203125,80981.90496651786,0.09999999999998876,0.0045047536211482095,be,0.8059989643088773,3942
1778570100,1778580900,1778570106,1778580906,1778570152,1778580952,SELL,1.1884391080907089,123.10825892857143,80968.796875,80950.33063616071,0.10000000000002252,0.008122931870722088,be,0.808993245999728,6
1778580900,1778591700,1778581408,1778592208,1778582278,1778593078,SELL,2.114015889713767,158.02120535714286,80699.5390625,80675.83588169643,0.09999999999998598,0.006328264600563611,be,0.7026351289313284,508
1778591700,1778602500,1778591946,1778602746,1778592728,1778603528,SELL,1.5365907538042325,148.13169642857142,80705.8203125,80683.60055803572,0.09999999999999253,0.006750749664722813,be,0.8644123984750539,246
1778602500,1778613300,1778602564,1778613364,1778606060,1778616860,SELL,1.4357264475643654,284.6919642857143,80220.9609375,80178.25714285714,0.10000000000000876,0.018413542205704788,be,1.4607619450847564,64
1778619900,1778630700,1778623403,1778634203,1778627646,1778638446,BUY,-1.0710243469782303,131.47488839285714,80736.46875,80539.25641741071,-1.000000000000021,0.0076060152035415515,stop,0.197281019341859,3503
1778630700,1778641500,1778631406,1778642206,1778634404,1778645204,BUY,-2.058269031946284,119.17020089285714,80494.9375,80739.99302455357,1.3708993395862348,0.008391359521992199,trail,2.556349009379405,706
1778641500,1778652300,1778643395,1778654195,1778645415,1778656215,BUY,-2.4048512443190746,183.96819196428572,81093.0234375,81120.61866629464,0.099999999999997,0.005435722280698029,be,0.9445841460122364,1895
1778652300,1778663100,1778652543,1778663343,1778653291,1778664091,BUY,-1.959410767092896,107.89508928571429,81051.6171875,81067.80145089286,0.10000000000002311,0.009268262407679417,be,0.6843308438670169,243
1778667300,1778678100,1778667636,1778678436,1778668116,1778678916,BUY,-1.2482969335477472,120.79241071428571,81118.9609375,80937.77232142857,-1.0000000000000344,0.008278665804305646,stop,0.0,336
1778678100,1778688900,1778678696,1778689496,1778679035,1778689835,SELL,2.884606921632432,209.85658482142858,80182.828125,80151.34963727678,0.10000000000000528,0.004765159029205213,be,0.6714034616540313,596
1778710200,1778721000,1778710246,1778721046,1778713411,1778724211,BUY,-1.2058261723256523,149.05970982142858,79337.6328125,79359.99176897321,0.0999999999999814,0.008281077438556427,be,0.8068285195515039,46
1778721000,1778731800,1778721365,1778732165,1778723301,1778734101,SELL,1.4333874993757838,153.4609375,79508.21875,79485.199609375,0.09999999999997472,0.006516316244972764,be,0.8664664256987222,365
1778731800,1778742600,1778732322,1778743122,1778738046,1778748846,BUY,-1.7112873423032104,213.984375,79285.0234375,79854.875,1.775368139223561,0.004673238408178167,trail,3.1630522088353414,522
1778742600,1778753400,1778743645,1778754445,1778744847,1778755647,BUY,-2.467700101304164,178.35212053571428,79800.8671875,79827.62000558036,0.10000000000002486,0.005606885956815714,be,0.5526725009151865,1045
1778753400,1778764200,1778753459,1778764259,1778753562,1778764362,BUY,-1.1573629040403401,144.97935267857142,79604.5078125,79626.25471540178,0.09999999999997898,0.04833662428840314,be,0.7077516425907323,59
1778764200,1778775000,1778765760,1778776560,1778766573,1778777373,SELL,2.043417591859309,174.39453125,79690.5,79952.091796875,-1.0,0.011423451674319633,stop,0.2286034270355023,1560
1778775000,1778785800,1778775125,1778785925,1778777625,1778788425,BUY,-2.1545427030066775,318.06640625,81548.203125,81071.103515625,-1.0,0.003143997543751919,stop,0.13897451642615904,125
1778800200,1778811000,1778800531,1778811331,1778801975,1778812775,BUY,-1.1024636273196835,152.23604910714286,81224.8828125,81247.71821986607,0.10000000000001093,0.006568746403134817,be,0.7724435223436349,331
1778811000,1778821800,1778811033,1778821833,1778812669,1778823469,SELL,1.1713592593441249,227.75837053571428,80890.8515625,80856.68780691964,0.10000000000001094,0.009947493893071792,be,0.8001901294399267,33
1778821800,1778832600,1778823062,1778833862,1778828785,1778839585,SELL,2.3825515801395336,235.47265625,80667.1875,80631.8666015625,0.09999999999998352,0.004246777591612614,be,1.6981470114961597,1262
1778832600,1778843400,1778832981,1778843781,1778834116,1778844916,SELL,1.4010859212423263,209.20870535714286,80602.7578125,80571.37650669643,0.10000000000000796,0.004779915818000437,be,1.1071106582520231,381
1778843402,1778854202,1778846533,1778857333,1778846982,1778857782,SELL,1.4967286252586895,173.26953125,80484.0234375,80458.0330078125,0.10000000000001119,0.005771355141240391,be,0.780485605428681,3131
1778854500,1778865300,1778854932,1778865732,1778856765,1778867565,SELL,3.786473883198226,305.171875,79106.8125,79061.03671875,0.10000000000001272,0.0032768419435768776,be,0.5816394449848958,432
1778865301,1778876101,1778871831,1778882631,1778879260,1778890060,SELL,1.1123973362883006,282.75669642857144,79130.1875,79087.77399553571,0.1000000000000098,0.0035366094335898953,be,0.6182711663706335,6530
1778886900,1778897700,1778894884,1778905684,1778907601,1778918401,SELL,1.3343073641023686,110.3984375,79018.4765625,79001.916796875,0.10000000000001757,0.009058099214492958,be,1.8738942749982308,7984
1778925000,1778935800,1778925719,1778936519,1778926511,1778937311,SELL,1.019725845201895,236.17689732142858,77941.2265625,77905.80002790179,0.09999999999999647,0.004234114391972195,be,0.6930385205172613,719
1778935800,1778946600,1778936515,1778947315,1778937588,1778948388,SELL,1.1585472753398083,180.01897321428572,77958.2734375,77931.27059151785,0.10000000000001848,0.005554970024240997,be,0.6962807739759573,715
1778946600,1778957400,1778947265,1778958065,1778950026,1778960826,SELL,2.0818499264457326,152.03683035714286,78160.6484375,78137.84291294643,0.09999999999997265,0.006577353642870251,be,0.5895980913929161,665
1778969100,1778979900,1778969645,1778980445,1778970819,1778981619,BUY,-1.3798811313048907,71.90569196428571,78200.71875,78211.50460379464,0.1000000000000193,0.013907104885336231,be,0.635054906678049,545
1778979900,1778990700,1778980100,1778990900,1778980672,1778991472,BUY,-3.005290323784552,96.96651785714286,77975.140625,77989.68560267857,0.09999999999997713,0.01031283810225363,be,1.1371515388688105,200
1779022800,1779033600,1779022887,1779033687,1779024594,1779035394,SELL,1.4262508624861385,133.58147321428572,78279.6328125,78259.59559151786,0.0999999999999668,0.007486068059721444,be,1.0485174076147348,87
1779035700,1779046500,1779036643,1779047443,1779037722,1779048522,SELL,1.1823097852921347,128.72433035714286,78019.859375,78000.55072544643,0.09999999999998278,0.007768539150489435,be,0.90315336795651,943
1779046500,1779057300,1779055323,1779066123,1779055360,1779066160,SELL,1.2987557770109612,121.05747767857143,78144.0,78125.84137834821,0.1000000000000229,0.008260538871090418,be,1.0932306912208727,8823
1779060000,1779070800,1779060081,1779070881,1779061224,1779072024,BUY,-1.539217002905136,164.67633928571428,77879.1328125,77632.11830357143,-0.9999999999999748,0.006072517790579465,stop,0.355099966113182,81
1779083700,1779094500,1779084298,1779095098,1779084789,1779095589,SELL,1.3382298567328696,185.12667410714286,76836.5,76808.73099888393,0.10000000000000898,0.005401706722291385,be,1.6200900083497363,598
1779094500,1779105300,1779095079,1779105879,1779104082,1779114882,SELL,1.0791748103297565,181.96986607142858,76919.5,76892.20452008929,0.09999999999998475,0.005495415376123156,be,1.6037167653101903,579
1779105300,1779116100,1779111002,1779121802,1779111175,1779121975,SELL,1.7936429241748413,162.90290178571428,77168.0,77143.56456473214,0.10000000000002723,0.006138626071347826,be,0.6200012332061304,5702
1779117000,1779127800,1779118241,1779129041,1779120680,1779131480,SELL,1.0248285244752713,336.4302455357143,76023.8125,76528.45786830357,-0.9999999999999876,0.0029723843598177427,stop,0.013422173124801994,1241
1779132000,1779142800,1779132063,1779142863,1779150258,1779161058,BUY,-1.2849061827356891,272.54296875,76681.53125,77243.236328125,1.3739853711905137,0.0036691462068767825,trail,2.5609780567857707,63
1779152700,1779163500,1779153019,1779163819,1779153747,1779164547,BUY,-1.1493885355242441,163.24832589285714,77104.09375,76859.22126116071,-1.0000000000000169,0.0061256370901856495,stop,0.10997432838473924,319
1779166500,1779177300,1779167657,1779178457,1779168516,1779179316,SELL,1.1076006259356839,212.59709821428572,76812.671875,76780.78231026785,0.10000000000001565,0.004703733063148666,be,1.0008662008431022,1157
1779177300,1779188100,1779180159,1779190959,1779181174,1779191974,BUY,-3.14410287550113,153.35267857142858,77235.7890625,77005.76004464286,-1.0000000000000089,0.006520916421647113,stop,0.33842537335157635,2859
1779192900,1779203700,1779196853,1779207653,1779197452,1779208252,SELL,1.0357878523955542,178.45535714285714,76669.2109375,76642.44263392857,0.10000000000000155,0.0056036423675389,be,0.6317231200280182,3953
1779203700,1779214500,1779204015,1779214815,1779209587,1779220387,SELL,3.251632708192728,255.06138392857142,76473.671875,76856.26395089286,-0.9999999999999947,0.003920624849585403,stop,0.37687006366639686,315
1779223500,1779234300,1779223684,1779234484,1779228909,1779239709,BUY,-1.0155139802042266,160.45647321428572,76957.75,76717.06529017857,-1.0000000000000258,0.007157314859253385,stop,0.27918396872761164,184
1779255900,1779266700,1779256222,1779267022,1779265368,1779276168,BUY,-2.5312270073791647,143.7890625,77170.4921875,77192.060546875,0.1,0.006954631893507199,be,1.8986688399891334,322
1779266700,1779277500,1779271362,1779282162,1779272768,1779283568,BUY,-1.7751931380602382,129.56473214285714,77547.4296875,77566.86439732143,0.10000000000003209,0.007718149711430786,be,0.6312602291325696,4662
1779277500,1779288300,1779278538,1779289338,1779281829,1779292629,BUY,-1.8241662864443622,121.54129464285714,77400.3515625,77657.02622767857,1.40788728600591,0.008227656311695945,trail,2.6118309290089163,1038
1779288300,1779299100,1779288776,1779299576,1779290786,1779301586,BUY,-1.0315932457520824,218.94921875,77467.0625,77499.9048828125,0.09999999999998227,0.004567269094217766,be,1.6210950741289183,476
1779309000,1779319800,1779310049,1779320849,1779314401,1779325201,BUY,-1.1908994273802662,177.43247767857142,77720.5703125,77454.42159598214,-0.9999999999999923,0.005635946773011615,stop,0.08075254985705704,1049
1779321900,1779332700,1779321921,1779332721,1779324361,1779335161,SELL,1.5361482612968236,125.42745535714286,77562.828125,77750.96930803571,-0.9999999999999779,0.007972736089978021,stop,0.41557886869010435,21
1779332700,1779343500,1779332801,1779343601,1779336557,1779347357,BUY,-2.0219530482064076,167.16629464285714,77972.71875,77997.79369419643,0.10000000000000166,0.00598206715137434,be,1.0209238822013473,101
1779343500,1779354300,1779350204,1779361004,1779350400,1779361200,BUY,-1.1402964008350545,113.77287946428571,77850.4296875,77845.609375,-0.02824523455675942,0.022248272276475002,signal,0.17551414795885836,6704
1779354301,1779365101,1779354401,1779365201,1779356358,1779367158,BUY,-1.0793004840482865,157.95703125,77915.59375,77678.658203125,-1.0,0.006330835620842298,stop,0.21856220787892278,100
1779365400,1779376200,1779366051,1779376851,1779371710,1779382510,SELL,1.845840127144296,165.71205357142858,77113.2265625,77088.3697544643,0.09999999999997156,0.006034564043157909,be,2.4963765675723,651
1779387000,1779397800,1779387511,1779398311,1779389537,1779400337,BUY,-2.0705050799965528,258.6791294642857,77801.2109375,77413.19224330357,-1.0000000000000162,0.003865793123979351,stop,0.2579510864992784,511
1779408600,1779419400,1779414430,1779425230,1779414770,1779425570,BUY,-1.0428363192981087,127.14787946428571,77545.453125,77564.52530691965,0.10000000000002617,0.007864857866393972,be,0.6991735754820079,5830
1779419400,1779430200,1779425153,1779435953,1779429051,1779439851,SELL,1.1314633753558616,141.11886160714286,77635.3984375,77614.23060825893,0.09999999999997054,0.0070862249639164045,be,1.0095102516954346,5753
1779430200,1779441000,1779431263,1779442063,1779433038,1779443838,SELL,1.5220461097455242,111.16908482142857,77384.6015625,77367.92619977679,0.09999999999997507,0.008995306578319906,be,0.5323394322716662,1063
1779441000,1779451800,1779448808,1779459608,1779450494,1779461294,SELL,1.5831439612117113,135.23660714285714,77156.25,77359.10491071429,-1.0000000000000204,0.007394447562143069,stop,0.12535899382695673,7808
1779451800,1779462600,1779456178,1779466978,1779458782,1779469582,SELL,1.8111118082496174,111.1015625,77359.3515625,77049.01953125,1.8621522162060802,0.009000773503972997,trail,3.2932283243091205,4378
1779462600,1779473400,1779462721,1779473521,1779463669,1779474469,SELL,3.7171729766827997,160.18973214285714,76789.40625,76765.37779017857,0.10000000000002596,0.006242597366404236,be,1.5836689193896747,121
1779475200,1779486000,1779475437,1779486237,1779475576,1779486376,SELL,1.2397393677171658,198.33035714285714,76599.546875,76162.81361607143,1.4680329836882096,0.0050420924683743755,trail,2.702049475532346,237
1779486000,1779496800,1779486239,1779497039,1779496383,1779507183,SELL,1.1636534566529935,232.6796875,75915.40625,75375.91796875,1.5457251899853384,0.004297753752140483,trail,2.8185877849780074,239
1779500100,1779510900,1779500755,1779511555,1779522355,1779533155,SELL,1.0815830095181727,196.01729910714286,75363.09375,75219.28125,0.48911499360877747,0.012793832541429071,time,1.2569442269752293,655
1779522900,1779533700,1779525445,1779536245,1779525946,1779536746,SELL,4.115537778215389,86.53404017857143,74448.171875,74435.1917689732,0.10000000000005446,0.011556145973727824,be,1.6051306192727108,2545
1779559200,1779570000,1779559533,1779570333,1779560594,1779571394,BUY,-1.2075600619723557,111.70982142857143,75508.328125,75836.66852678571,1.9594839414405165,0.008951764376773369,trail,3.439225912160812,333
1779584700,1779595500,1779585799,1779596599,1779606075,1779616875,BUY,-1.0544325627629363,235.30580357142858,76899.203125,76934.49899553572,0.1000000000000047,0.009628428052401414,be,0.567712038855213,1099
1779606300,1779617100,1779615519,1779626319,1779618431,1779629231,BUY,-1.8223751868140274,116.93805803571429,76992.59375,77448.53097098214,2.5993090053590375,0.008551535888295563,trail,4.3989635080385385,9219
1779618600,1779629400,1779620543,1779631343,1779621234,1779632034,BUY,-1.541276160568557,132.66629464285714,77250.3828125,77270.28275669643,0.09999999999998746,0.007537709579453012,be,0.581522516383582,1943
1779640200,1779651000,1779640524,1779651324,1779658500,1779669300,SELL,1.801136753774389,204.29241071428572,76474.46875,76382.65625,0.2996113909436244,0.00489494444019536,signal,0.6692689269363985,324
1779658800,1779669600,1779658850,1779669650,1779658948,1779669748,BUY,-1.8650489301195738,119.38113839285714,76243.890625,76261.79779575893,0.10000000000001857,0.008376532620330855,be,0.6209759221431209,50
1779669600,1779680400,1779669909,1779680709,1779674400,1779685200,SELL,2.2079330937135597,267.54073660714283,77066.0234375,76920.421875,0.3628146859589001,0.0037377485488066116,signal,0.7143771913906636,309
1779680400,1779691200,1779683328,1779694128,1779693526,1779704326,BUY,-1.5207256969332354,191.94308035714286,77134.59375,77163.38521205357,0.10000000000000867,0.005209877835342276,be,2.382501555404376,2928
1779693600,1779704400,1779694371,1779705171,1779696691,1779707491,BUY,-1.9520224164572944,152.0390625,77255.2265625,77278.032421875,0.10000000000001276,0.006577257078259082,be,0.8255485329633626,771
1779722400,1779733200,1779727661,1779738461,1779727861,1779738661,BUY,-1.20978731447381,135.00223214285714,77695.9765625,77716.22689732142,0.0999999999999733,0.007407284932458127,be,0.6298506969130802,5261
1779744000,1779754800,1779744507,1779755307,1779747450,1779758250,BUY,-1.475872951802958,99.21986607142857,77335.203125,77350.08610491072,0.10000000000003073,0.010078626787100258,be,0.8691240818438488,507
1779756900,1779767700,1779757382,1779768182,1779763667,1779774467,SELL,3.512638824895523,158.11830357142858,76627.78125,76604.06350446428,0.100000000000007,0.006324378502759857,be,0.9763259313635528,482
1779778500,1779789300,1779778985,1779789785,1779790102,1779800902,SELL,1.3301077838521322,116.78683035714286,76845.21875,76602.75279017857,1.3840941887023608,0.008562609302281133,trail,2.5761412830534876,485
1779791400,1779802200,1779791542,1779802342,1779791801,1779802601,SELL,2.028490986298386,157.48102678571428,77133.2109375,77369.43247767857,-0.9999999999999737,0.006349971297562773,stop,0.016023755696193562,142
1779802200,1779813000,1779802279,1779813079,1779803207,1779814007,SELL,1.3786140019940216,226.32645089285714,76684.2109375,77023.70061383929,-1.0000000000000122,0.004418396506705262,stop,0.16610409367395093,79
1779813000,1779823800,1779815882,1779826682,1779837482,1779848282,SELL,2.3649603212023065,430.953125,76355.2421875,75894.3125,0.7130391694765721,0.002320437982669229,time,1.6549254921866503,2882
1779837601,1779848401,1779838032,1779848832,1779843636,1779854436,SELL,1.7807378325990324,149.87444196428572,75850.328125,76075.13978794643,-1.0000000000000278,0.006672251698780601,stop,0.08799031927766918,431
1779848700,1779859500,1779849585,1779860385,1779850996,1779861796,SELL,1.5486755569572646,128.43805803571428,75681.15625,75873.81333705357,-0.9999999999999677,0.022141023023014326,stop,0.07633786784033786,885
1779859500,1779870300,1779860561,1779871361,1779864293,1779875093,SELL,2.178015626306891,142.73549107142858,75577.0078125,75791.11104910714,-1.0000000000000095,0.007005966017937149,stop,0.011056290122057064,1061
1779870300,1779881100,1779871920,1779882720,1779874557,1779885357,SELL,1.2751705087979308,118.17354910714286,75882.8125,75865.08646763393,0.10000000000001408,0.008462130549141272,be,1.8311257183602732,1620
1779881102,1779891902,1779881313,1779892113,1779884257,1779895057,SELL,1.2057630074125056,122.55133928571429,75929.6875,75623.04910714286,1.6680812827471592,0.00815984554578074,trail,3.002121924120722,211
1779912300,1779923100,1779917399,1779928199,1779918054,1779928854,SELL,1.3255446047326636,188.38113839285714,75065.09375,74634.22181919643,1.5248233253055608,0.005308387073840494,trail,2.7872349879583744,5099
1779923100,1779933900,1779924160,1779934960,1779924623,1779935423,SELL,2.698684922078239,236.13616071428572,74334.7421875,74299.32176339286,0.09999999999999766,0.004234844832638554,be,0.5264772329826353,1060
1779933900,1779944700,1779934920,1779945720,1779938306,1779949106,SELL,1.1343532324515166,197.99386160714286,74157.53125,73597.00474330357,1.8873531470338378,0.005050661631036767,trail,3.331029720550725,1020
1779944700,1779955500,1779945111,1779955911,1779950722,1779961522,SELL,2.8739410046472127,304.0552455357143,72968.390625,72922.78233816964,0.10000000000001458,0.0032888760009323376,be,0.7822386013467507,411
1779955500,1779966300,1779956479,1779967279,1779957018,1779967818,SELL,1.6064936443572015,165.77008928571428,73287.40625,73262.54073660714,0.09999999999999165,0.006032451356628291,be,0.5302901770686057,979
1779971100,1779981900,1779971261,1779982061,1779973871,1779984671,BUY,-1.5868833714240325,138.16015625,73291.578125,73312.3021484375,0.10000000000002808,0.007803443693630015,be,1.903022420763946,161
1779981900,1779992700,1779984388,1779995188,1779985295,1779996095,SELL,1.3644833532579739,315.08816964285717,72727.1796875,73199.81194196429,-1.0000000000000087,0.0031737148403047613,stop,0.07187968220346487,2488
1779997202,1780008002,1779997681,1780008481,1780008028,1780018828,BUY,-1.0015432666373825,210.73046875,73483.4296875,73515.0392578125,0.1000000000000092,0.004745398261256418,be,2.090718668322613,479
1780008300,1780019100,1780008562,1780019362,1780011611,1780022411,BUY,-1.7602091223071292,162.64006696428572,73535.7734375,73560.16944754464,0.09999999999999659,0.006148546410888966,be,0.9762258492851285,262
1780019100,1780029900,1780019215,1780030015,1780021775,1780032575,BUY,-1.7120408786252768,150.69977678571428,73559.6875,73333.63783482143,-0.9999999999999725,0.006635709895058026,stop,0.3777688906663112,115
1780029900,1780040700,1780030575,1780041375,1780032805,1780043605,BUY,-1.0273642919181412,160.62276785714286,73446.1328125,73470.22622767858,0.10000000000002243,0.006225767450909546,be,1.0140218735668922,675
1780040700,1780051500,1780041498,1780052298,1780043493,1780054293,BUY,-2.0786905052149223,140.92912946428572,73426.0234375,73728.63699776786,1.431516495410049,0.008703399394167376,trail,2.647274743115088,798
1780051500,1780062300,1780052138,1780062938,1780055516,1780066316,BUY,-1.2591665470892606,150.88950892857142,73628.1875,73401.85323660714,-0.999999999999991,0.0066273659918489325,stop,0.22936899487414664,638
1780062300,1780073100,1780062566,1780073366,1780062972,1780073772,SELL,1.9639187837926952,159.03738839285714,73178.75,73154.89439174107,0.10000000000002614,0.006287829611045808,be,0.9169424024982895,266
1780073100,1780083900,1780074733,1780085533,1780080349,1780091149,BUY,-1.6323268361434853,398.58091517857144,74208.2578125,73610.38643973214,-0.9999999999999966,0.002508900857814484,stop,0.21162970751424207,1633
1780153200,1780164000,1780154041,1780164841,1780165505,1780176305,BUY,-3.509122669179744,179.34319196428572,73966.3671875,73993.26866629464,0.09999999999997528,0.005575901650056163,be,0.6145253482604867,841
1780165800,1780176600,1780165925,1780176725,1780166783,1780177583,BUY,-1.9575823138283783,139.83482142857142,74000.828125,74021.8033482143,0.10000000000003371,0.007151294575870767,be,0.7040114293011526,125
1780178700,1780189500,1780178961,1780189761,1780182640,1780193440,BUY,-1.0869348565719759,86.69642857142857,73860.671875,73873.67633928571,0.09999999999996803,0.01153450051493306,be,1.2747425334706488,261
1780189800,1780200600,1780189862,1780200662,1780190906,1780201706,BUY,-1.0285687847090912,99.64341517857143,74126.328125,74141.27463727679,0.10000000000000835,0.01003578608990765,be,1.2347153073739505,62
1780200600,1780211400,1780201261,1780212061,1780211556,1780222356,BUY,-2.4992432236235564,136.63727678571428,74154.1015625,73949.14564732143,-0.9999999999999696,0.007318647030475304,stop,0.2934891813080448,661
1780211700,1780222500,1780220444,1780231244,1780221209,1780232009,BUY,-1.7258790879779227,72.79631696428571,73968.4609375,73859.26646205357,-1.0000000000000573,0.013736958704801037,stop,0.41103556124521856,8744
1780223100,1780233900,1780223212,1780234012,1780227000,1780237800,BUY,-1.4100675172446875,93.5625,73778.09375,73943.6796875,1.1798597194388778,0.01068804275217101,signal,1.7697895791583167,112
1780245000,1780255800,1780248745,1780259545,1780250496,1780261296,BUY,-1.3250845487387795,132.4921875,73617.71875,73637.592578125,0.09999999999998535,0.007547614835780411,be,0.6485052184680701,3745
1780267500,1780278300,1780269710,1780280510,1780270156,1780280956,SELL,2.2672432083844556,127.67633928571429,73834.1015625,73814.95011160715,0.09999999999997394,0.007832304760572737,be,0.6123271385863389,2210
1780278300,1780289100,1780278789,1780289589,1780279452,1780290252,SELL,1.9053646083576075,211.89397321428572,73386.703125,73354.91902901785,0.1000000000000157,0.010618518147869186,be,0.9508735521998135,489
1780289100,1780299900,1780289340,1780300140,1780300210,1780311010,SELL,1.4526434120865792,216.69810267857142,73371.4296875,72777.13030133929,1.8283482221415208,0.004614715069671382,trail,3.2425223332123,240
1780300500,1780311300,1780301896,1780312696,1780302596,1780313396,SELL,1.830115238998596,176.50613839285714,72724.8671875,72698.39126674108,0.09999999999997958,0.005665525341528112,be,0.642417459429211,1396
1780311300,1780322100,1780311699,1780322499,1780313743,1780324543,SELL,1.3701208403486806,175.82979910714286,72680.953125,72654.57865513393,0.10000000000000946,0.005687318105793003,be,0.5709089870416741,399
1780322100,1780332900,1780322118,1780332918,1780322298,1780333098,SELL,1.5184699095280778,279.09933035714283,71435.40625,71854.05524553571,-0.9999999999999902,0.013492060318387032,stop,0.29265454487289716,18
1780349400,1780360200,1780349789,1780360589,1780350481,1780361281,SELL,1.4693580022398092,169.20535714285714,71060.2734375,71034.89263392857,0.1000000000000131,0.00590997836525777,be,0.8695055669885494,389
1780360200,1780371000,1780360777,1780371577,1780366062,1780376862,SELL,1.0613378603636117,236.15792410714286,71138.9296875,70190.26646205357,2.678047550971398,0.004234454565862073,trail,4.517071326457071,577
1780381800,1780392600,1780382184,1780392984,1780383008,1780393808,SELL,3.1277877826078524,219.85825892857142,70251.40625,70218.42751116071,0.1000000000000038,0.004548384967993787,be,1.206707852563289,384
1780392600,1780403400,1780392814,1780403614,1780395784,1780406584,BUY,-1.0567165240101615,283.91685267857144,69477.703125,69520.2906529018,0.10000000000001659,0.0035221579507015814,be,0.8788609592770141,214
1780404000,1780414800,1780404069,1780414869,1780407300,1780418100,BUY,-1.1608524381149772,230.95758928571428,69163.1875,68928.6015625,-0.6771400129507389,0.004329799263547536,signal,0.28569909828064444,69
1780414800,1780425600,1780414868,1780425668,1780416900,1780427700,BUY,-4.48680307936865,363.30691964285717,67305.75,67897.4609375,1.0857870770012152,0.0027524936794020697,signal,1.7631657363688586,68
1780425600,1780436400,1780428279,1780439079,1780429710,1780440510,SELL,1.4418741898949454,367.2338169642857,67079.2421875,67024.15711495536,0.09999999999998793,0.0027230607689303628,be,1.847979662139882,2679
1780436400,1780447200,1780436978,1780447778,1780440603,1780451403,SELL,1.3031382913843588,385.34654017857144,67626.078125,66766.07170758929,1.4878493818614609,0.0025950667664917794,trail,2.7317740727922017,578
1780447200,1780458000,1780448438,1780459238,1780451577,1780462377,SELL,1.554310749837267,418.80970982142856,66859.546875,66796.72541852678,0.10000000000000728,0.002387719235130385,be,0.9838335951563411,1238
1780458000,1780468800,1780459322,1780470122,1780463700,1780474500,BUY,-2.5213495313830117,341.30636160714283,66089.96875,67117.203125,2.006475687830645,0.002929919018477129,signal,3.3424882402664395,1322
1780468800,1780479600,1780469009,1780479809,1780471014,1780481814,SELL,2.081903251799482,413.4732142857143,67309.75,67247.72901785714,0.10000000000000134,0.0024185363536245656,be,1.1424183204128788,209
1780479600,1780490400,1780480175,1780490975,1780488103,1780498903,BUY,-1.8679299580076385,235.75,66880.296875,66915.659375,0.10000000000000824,0.007621951219512195,be,2.372746553552492,575
1780490400,1780501200,1780490529,1780501329,1780493104,1780503904,BUY,-1.2570601284819212,227.62555803571428,66919.7109375,66953.85477120536,0.09999999999999391,0.004393179784508648,be,1.3181255439379267,129
1780512000,1780522800,1780514488,1780525288,1780515461,1780526261,SELL,1.5446350697587896,379.38755580357144,65798.34375,65741.43561662946,0.1000000000000073,0.003047675081358363,be,0.6170100571806799,2488
1780523400,1780534200,1780523543,1780534343,1780526924,1780537724,SELL,1.0338802094617365,327.81863839285717,65619.7734375,64952.96010044643,1.3560614700914082,0.003050467187901629,trail,2.5340922051371093,143
1780534200,1780545000,1780534867,1780545667,1780536151,1780546951,BUY,-3.1240115896890455,443.71010044642856,63379.58984375,62714.024693080355,-1.000000000000003,0.002253723769176932,stop,0.20731617593885768,667
1780572900,1780583700,1780573012,1780583812,1780575776,1780586576,SELL,1.3755093578932809,429.99525669642856,62345.55078125,62990.543666294645,-1.000000000000003,0.0023256070489772584,stop,0.4258222844287501,112
1780604100,1780614900,1780604374,1780615174,1780609365,1780620165,SELL,1.201035161751247,411.30357142857144,63321.1484375,63259.45290178571,0.10000000000000203,0.0024312942300178005,be,0.5384272022749967,274
1780614900,1780625700,1780615099,1780625899,1780619487,1780630287,SELL,1.18177297944514,315.20814732142856,63456.0,63928.812220982145,-1.0000000000000044,0.003172506829210432,stop,0.35760100415506335,199
1780625700,1780636500,1780625952,1780636752,1780629363,1780640163,SELL,1.9470821423762923,296.44056919642856,63047.62890625,62449.00153459822,1.3462560658156022,0.0033733574412933213,trail,2.519384098723414,252
1780639800,1780650600,1780639983,1780650783,1780640681,1780651481,SELL,1.28551266096721,439.8046875,62252.1484375,61297.3515625,1.4473043787192468,0.008801847410960122,trail,2.67095656807887,183
1780650600,1780661400,1780650830,1780661630,1780659900,1780670700,BUY,-1.8018233215994586,590.751953125,62963.98828125,62077.8603515625,-1.0,0.0016927578397500538,stop,0.43896649199080884,230
1780667400,1780678200,1780667493,1780678293,1780668550,1780679350,SELL,1.4000119561214188,398.52371651785717,61132.078125,61072.29956752232,0.10000000000000069,0.002509260951236742,be,1.7543164679351595,93
1780678200,1780689000,1780679778,1780690578,1780690150,1780700950,SELL,1.502405528815858,718.5142299107143,60858.2890625,60750.511928013395,0.09999999999999806,0.001391760884296285,be,2.44962419737841,1578
1780690800,1780701600,1780691484,1780702284,1780697193,1780707993,BUY,-1.3865574263991518,587.2131696428571,61144.48046875,61232.56244419643,0.10000000000000378,0.0017029590814664456,be,1.4096376840516742,684
1780701600,1780712400,1780704229,1780715029,1780716766,1780727566,BUY,-1.832469968255496,501.6255580357143,61310.26171875,60557.82338169643,-1.0000000000000013,0.001993518838864273,stop,0.37661152970309697,2629
1780716900,1780727700,1780716940,1780727740,1780718619,1780729419,BUY,-1.5082780659704682,283.630859375,60642.9296875,60685.47431640625,0.10000000000000685,0.01198190319448557,be,0.707221506827619,40
1780743900,1780754700,1780744424,1780755224,1780750342,1780761142,SELL,1.066924528630177,360.73465401785717,60573.890625,61114.99260602678,-0.9999999999999941,0.003183607361279878,stop,0.019437330658154357,524
1780768200,1780779000,1780768630,1780779430,1780789274,1780800074,SELL,1.1191471232713368,249.72795758928572,60470.51171875,60845.10365513393,-0.9999999999999972,0.004004357420183793,stop,0.4038926286975224,430
1780789500,1780800300,1780789617,1780800417,1780794232,1780805032,SELL,1.489831711249415,166.68694196428572,60771.0,61021.03041294643,-0.9999999999999958,0.005999270178069855,stop,0.37706350455134363,117
1780802400,1780813200,1780802457,1780813257,1780802870,1780813670,SELL,1.6373736417637554,225.96707589285714,61649.80859375,61615.913532366074,0.09999999999999264,0.004425423465116452,be,0.5470584022542001,57
1780814400,1780825200,1780814460,1780825260,1780815790,1780826590,SELL,1.369180361579298,224.67578125,62105.94140625,62072.2400390625,0.10000000000000864,0.004450858007197872,be,0.6109324199801798,60
1780827000,1780837800,1780827360,1780838160,1780834166,1780844966,BUY,-1.068799592741769,242.52678571428572,62441.53125,62477.91026785714,0.10000000000000171,0.0041232558995692664,be,1.1869983985568604,360
1780842900,1780853700,1780843193,1780853993,1780846327,1780857127,SELL,1.0595947398912413,275.8373325892857,62112.30078125,62070.92518136161,0.1000000000000015,0.0036253250805936875,be,1.6949527665863173,293
1780856700,1780867500,1780857147,1780867947,1780858860,1780869660,BUY,-1.0201066909503305,207.06947544642858,62243.0390625,61932.434849330355,-1.0000000000000067,0.004829297016588581,stop,0.11184727348185038,447
1780870500,1780881300,1780870591,1780881391,1780870670,1780881470,SELL,3.9276613274573986,425.8203125,63446.5390625,63382.666015625,0.1,0.012026419594532612,be,0.5018805614163838,91
1780902300,1780913100,1780902510,1780913310,1780902935,1780913735,BUY,-1.029625244787121,248.47879464285714,62934.28125,62971.55306919643,0.10000000000000502,0.007483032919056581,be,0.9766930025108136,210
1780913100,1780923900,1780917584,1780928384,1780919180,1780929980,BUY,-2.530843249830999,226.35435267857142,63535.48828125,63569.441434151784,0.0999999999999951,0.004417851868835161,be,1.3132064680112518,4484
1780923900,1780934700,1780924152,1780934952,1780931103,1780941903,BUY,-1.126642696129301,359.640625,63828.91015625,63882.85625,0.09999999999999461,0.004757353260633445,be,0.6530716426988747,252
1780934700,1780945500,1780935512,1780946312,1780937940,1780948740,BUY,-1.595918879895235,337.5521763392857,63949.421875,63443.09361049107,-0.999999999999998,0.0032633843808868835,stop,0.1864873733971352,812
1780949400,1780960200,1780949574,1780960374,1780952700,1780963500,SELL,1.045800382585762,226.65290178571428,63220.19921875,63560.17857142857,-1.000000000000003,0.004412032637223571,stop,0.36385481655103136,174
1780960200,1780971000,1780960210,1780971010,1780964554,1780975354,SELL,2.0691281392339302,218.16127232142858,63439.87890625,62971.15876116072,1.4323353242357098,0.004583764979728606,trail,2.648502986353579,10
1780971000,1780981800,1780971075,1780981875,1780971843,1780982643,SELL,2.176643417789571,244.61635044642858,62711.9609375,62675.26848493303,0.10000000000000848,0.004088034173410669,be,0.6902230510833176,75
1780999500,1781010300,1780999616,1781010416,1781003235,1781014035,SELL,1.0718760611238776,195.56138392857142,62645.01171875,62615.67751116071,0.10000000000000427,0.055669061709935345,be,0.5576893444353767,116
1781010300,1781021100,1781010947,1781021747,1781011953,1781022753,SELL,1.248123515911996,179.58900669642858,62489.96875,62463.030398995536,0.10000000000000075,0.005568269563906924,be,1.3469557070878913,647
1781021100,1781031900,1781021958,1781032758,1781023532,1781034332,SELL,1.8892977424498871,335.6685267857143,60887.55078125,61391.05357142857,-1.000000000000002,0.0029791294691098188,stop,0.3682483317207465,858
1781039100,1781049900,1781039579,1781050379,1781040554,1781051354,BUY,-1.1410338697167401,234.01339285714286,62112.08984375,61761.06975446428,-1.0000000000000089,0.004273259695911788,stop,0.07114309696865641,479
1781049900,1781060700,1781053095,1781063895,1781055508,1781066308,BUY,-1.8526113210095865,181.89034598214286,61892.58984375,61619.75432477678,-1.0000000000000115,0.005497817900121952,stop,0.28423289026607046,3195
1781071200,1781082000,1781071417,1781082217,1781073409,1781084209,SELL,1.61930342109547,181.82589285714286,61254.9609375,61227.687053571426,0.10000000000000915,0.005499766750963687,be,0.7886149917749024,217
1781082000,1781092800,1781082142,1781092942,1781083635,1781094435,SELL,2.1181978851614356,196.41545758928572,61166.53125,61137.06893136161,0.09999999999999225,0.005091248989634251,be,2.256338136210798,142
1781103600,1781114400,1781103687,1781114487,1781104568,1781115368,BUY,-1.9612900693431474,330.3998325892857,62313.6484375,61818.04868861607,-0.9999999999999979,0.003026635916135837,stop,0.2525112886594891,87
1781120400,1781131200,1781121001,1781131801,1781122381,1781133181,SELL,1.0459174808026521,278.72488839285717,61841.33984375,61799.53111049107,0.0999999999999975,0.003587767155513289,be,0.6737154011712297,601
1781131200,1781142000,1781132405,1781143205,1781133480,1781144280,SELL,2.5089569316824996,225.587890625,61278.0390625,61244.20087890625,0.0999999999999914,0.004432862053142397,be,0.6275962978675509,1205
1781142900,1781153700,1781144307,1781155107,1781145124,1781155924,BUY,-1.114013587929765,229.34263392857142,62276.1015625,61932.087611607145,-0.999999999999994,0.004360288285131709,stop,0.010679299823349928,1407
1781153700,1781164500,1781158869,1781169669,1781167933,1781178733,BUY,-1.971043213370461,224.38309151785714,62870.6015625,62904.25902622768,0.10000000000000123,0.004508890323045951,be,0.6236543897019233,5169
1781168104,1781178904,1781175081,1781185881,1781175417,1781186217,BUY,-1.177716161974928,171.57561383928572,63001.37109375,63027.10743582589,0.09999999999999677,0.005828334094941351,be,0.8659629516999579,6977
1781179200,1781190000,1781179916,1781190716,1781180451,1781191251,BUY,-1.0684546898652998,151.50502232142858,63149.76171875,62922.504185267855,-1.000000000000009,0.006600441257177795,stop,0.1488193239704306,716
1781190000,1781200800,1781190487,1781201287,1781197409,1781208209,BUY,-1.481942186630389,274.615234375,62813.640625,62401.7177734375,-1.0,0.0036414585748525993,stop,0.13590037196930363,487
1781200800,1781211600,1781201050,1781211850,1781201531,1781212331,SELL,1.3158038842456021,289.6841517857143,63512.46875,63469.01612723214,0.1000000000000019,0.006256814495467277,be,0.7488759694402386,250
1781213702,1781224502,1781214524,1781225324,1781216522,1781227322,BUY,-1.015133842768512,209.09877232142858,63535.80078125,63567.16559709822,0.10000000000000993,0.004782428844023965,be,0.5001000787285999,822
1781224800,1781235600,1781225763,1781236563,1781226124,1781236924,BUY,-1.589855254993862,164.32310267857142,63699.01953125,63452.534877232145,-0.9999999999999917,0.0060855715581032855,stop,0.0,963
1781235600,1781246400,1781236117,1781246917,1781241026,1781251826,BUY,-1.3109135494466413,178.08426339285714,63496.171875,63522.88451450893,0.10000000000000156,0.011406117313796703,be,1.9334026892115053,517
1781296801,1781307601,1781297129,1781307929,1781298321,1781309121,SELL,1.0603617032853545,163.63950892857142,63458.37890625,63433.832979910716,0.09999999999999323,0.010527141405392135,be,0.5761282490229913,328
1781319900,1781330700,1781320682,1781331482,1781326128,1781336928,SELL,1.0337572722781774,106.228515625,63622.19140625,63606.25712890625,0.10000000000001827,0.011583224549081617,be,1.9706558311423266,782
1781337600,1781348400,1781338201,1781349001,1781345096,1781355896,BUY,-4.366302285604991,102.79464285714286,63860.3515625,63706.15959821428,-1.0000000000000202,0.00972813341440111,stop,0.28124185703118215,601
1781348400,1781359200,1781348517,1781359317,1781350693,1781361493,BUY,-1.38291201461358,96.28069196428571,63852.01953125,63866.461635044645,0.10000000000001441,0.010386298432202163,be,0.9642623235865188,117
1781359200,1781370000,1781359338,1781370138,1781366628,1781377428,BUY,-3.0843163355486887,98.822265625,64110.83984375,64125.66318359375,0.10000000000000982,0.010119177026305907,be,2.112259620135581,138
1781370000,1781380800,1781371710,1781382510,1781376598,1781387398,BUY,-1.0638677005395236,133.29994419642858,64048.578125,64068.573116629464,0.10000000000000102,0.007501878609389488,be,1.4917602831624268,1710
1781381101,1781391901,1781388300,1781399100,1781388600,1781399400,BUY,-1.609494011450974,130.93415178571428,64412.96875,64387.140625,-0.13150694272782293,0.007637426800889897,signal,0.0,7199
1781392201,1781403001,1781394513,1781405313,1781397137,1781407937,SELL,1.3693224587130997,97.14481026785714,64369.1015625,64514.81877790178,-0.9999999999999786,0.010293910680793987,stop,0.3062438427536211,2312
1781408400,1781419200,1781409037,1781419837,1781409783,1781420583,BUY,-1.8700583797600403,93.83035714285714,64476.5390625,64490.61361607143,0.10000000000001329,0.010657531639547056,be,0.5938659720239795,637
1781419500,1781430300,1781419708,1781430508,1781422685,1781433485,BUY,-1.0897480793182834,90.27845982142857,64250.66015625,64264.20192522321,0.09999999999999079,0.011076839392010087,be,0.9545985572911194,208
1781430300,1781441100,1781430664,1781441464,1781432774,1781443574,BUY,-1.2289260950044092,105.36551339285714,64560.921875,64576.72670200893,0.09999999999999341,0.009490771389984906,be,0.5186558271323782,364
1781441100,1781451900,1781443060,1781453860,1781447338,1781458138,BUY,-1.9292506705162376,114.48270089285714,64369.890625,64198.16657366072,-0.9999999999999818,0.008734944163624222,stop,0.0,1960
1781451900,1781462700,1781452523,1781463323,1781455678,1781466478,BUY,-1.6505326892054268,135.82114955357142,64048.48828125,64068.861453683036,0.09999999999999899,0.007362623592031769,be,0.8825657428464019,623
1781465400,1781476200,1781466108,1781476908,1781468840,1781479640,SELL,1.0273272825094368,124.0234375,63724.5,63910.53515625,-1.0,0.008062992125984252,stop,0.05256692913385827,708
1781487000,1781497800,1781487401,1781498201,1781488239,1781499039,BUY,-1.6738100695183353,277.81082589285717,65466.0390625,65507.71068638393,0.10000000000000098,0.003599571747379162,be,0.8060228548701682,401
1781497800,1781508600,1781500890,1781511690,1781505281,1781516081,BUY,-1.4070275310233034,198.849609375,65765.046875,65794.87431640625,0.09999999999999025,0.0050289261474693306,be,0.8385341466049837,3090
1781519400,1781530200,1781520411,1781531211,1781522400,1781533200,BUY,-1.386713531756248,146.54352678571428,65732.1875,66183.26729910714,2.052085633991617,0.0068239111063722845,trail,3.578128450987411,1011
1781530200,1781541000,1781530209,1781541009,1781536770,1781547570,SELL,2.1802083216959574,208.20647321428572,66700.046875,66668.81590401786,0.09999999999999734,0.00480292463803852,be,2.086045252555574,9
1781541000,1781551800,1781541396,1781552196,1781542987,1781553787,BUY,-1.2271906981886116,227.54129464285714,67231.921875,66890.60993303571,-1.0000000000000122,0.004394806672650667,stop,0.0,396
1781551800,1781562600,1781551920,1781562720,1781552791,1781563591,BUY,-1.0014106978811794,207.28180803571428,66584.3203125,66615.41258370536,0.10000000000000267,0.0048243500453628895,be,0.6087726713492296,120
1781562600,1781573400,1781562827,1781573627,1781563627,1781574427,BUY,-1.0758110779596408,179.69642857142858,66198.5625,66225.5169642857,0.09999999999997376,0.005564940872503229,be,0.8169159296432474,227
1781573400,1781584200,1781575261,1781586061,1781577122,1781587922,SELL,2.461140522939041,171.60546875,66269.4765625,65807.513671875,1.7946704301442413,0.005827320115635883,trail,3.192005645216362,1861
1781601900,1781612700,1781602671,1781613471,1781603552,1781614352,SELL,1.154305963934828,184.24330357142858,66549.7578125,66522.12131696429,0.09999999999999548,0.0054276056747555755,be,0.5922026629190341,771
1781613300,1781624100,1781613363,1781624163,1781615100,1781625900,SELL,1.2164432388540685,167.91796875,66676.09375,66371.65625,1.2086754910399269,0.005955288808244353,signal,2.053690650661828,63
1781633100,1781643900,1781633774,1781644574,1781655374,1781666174,SELL,1.392514309712359,202.48911830357142,65998.3984375,65722.9375,0.9069160186903783,0.004938536985976705,time,2.3163088845437847,674
1781655600,1781666400,1781655692,1781666492,1781660432,1781671232,SELL,1.0593636463128238,117.03515625,65693.5234375,65675.9681640625,0.09999999999996684,0.046460398518073494,be,2.033610360134842,92
1781677200,1781688000,1781677457,1781688257,1781680919,1781691719,SELL,1.1360468796563394,117.74274553571429,65802.390625,65504.172154017855,1.688531323807053,0.008493092253370933,trail,3.032796985710562,257
1781688000,1781698800,1781688072,1781698872,1781690481,1781701281,SELL,3.088729030400979,196.009765625,64925.26171875,64895.86025390625,0.10000000000000495,0.005301075161672828,be,0.6298713592474865,72
1781698800,1781709600,1781698824,1781709624,1781699082,1781709882,SELL,2.1944026772176892,158.39313616071428,64704.05078125,64680.2918108259,0.09999999999998513,0.00631340488760413,be,0.5275638959204201,24
1781715300,1781726100,1781718787,1781729587,1781719224,1781730024,BUY,-1.174040384741162,325.93833705357144,66011.6875,65522.779994419645,-0.9999999999999957,0.007022992510463008,stop,0.43123091554860066,3487
1781726100,1781736900,1781733782,1781744582,1781755382,1781766182,SELL,3.2897380413089716,527.5474330357143,63999.55078125,64297.2890625,-0.3762546741205777,0.0018955641471812472,time,0.21046685671671786,7682
1781761200,1781772000,1781763577,1781774377,1781766942,1781777742,SELL,1.1315223107756036,193.09709821428572,63818.48046875,64108.12611607143,-0.9999999999999964,0.0082333901684825,stop,0.01672976331531948,2377
1781787000,1781797800,1781787159,1781797959,1781790484,1781801284,SELL,1.0526125983274623,173.18694196428572,64254.7109375,63843.304408482145,1.583670317371828,0.005774107381642076,trail,2.8755054760577536,159
1781797800,1781808600,1781797875,1781808675,1781798573,1781809373,SELL,1.9008870122263637,330.92550223214283,62629.62109375,62579.98226841518,0.09999999999999624,0.003021828155445404,be,1.120260160517758,75
1781808600,1781819400,1781808885,1781819685,1781812869,1781823669,SELL,1.4239781184182676,329.36104910714283,62634.44140625,63128.48297991072,-1.0000000000000064,0.003036181730386385,stop,0.09728827630609185,285
1781821200,1781832000,1781821389,1781832189,1781827332,1781838132,BUY,-1.264481875792289,164.86635044642858,62844.46875,62869.198702566966,0.10000000000000671,0.006065519114677913,be,0.6967528148645835,189
1781836200,1781847000,1781836444,1781847244,1781838792,1781849592,BUY,-1.1166732330137223,135.97181919642858,62973.5390625,62769.581333705355,-1.00000000000001,0.009853834110025588,stop,0.2257763331507029,244
1781847000,1781857800,1781848022,1781858822,1781853530,1781864330,BUY,-1.5271667024009,213.423828125,62664.80078125,62696.81435546875,0.09999999999999545,0.004685512432165311,be,1.084879155875651,1022
1781860500,1781871300,1781860931,1781871731,1781868076,1781878876,SELL,1.5523788977665416,167.46233258928572,62328.078125,62579.27162388393,-0.9999999999999958,0.005971492123261994,stop,0.31492623107875073,431
1781873700,1781884500,1781875101,1781885901,1781876313,1781887113,SELL,1.9198918423919515,139.57338169642858,62665.859375,62875.219447544645,-1.0000000000000098,0.007164689913260074,stop,0.2511279788737603,1401
1781884500,1781895300,1781885637,1781896437,1781888150,1781898950,BUY,-1.9382721051435443,248.75083705357142,63298.828125,62925.701869419645,-0.9999999999999946,0.004020086974761168,stop,0.27586276517823993,1137
1781895300,1781906100,1781895526,1781906326,1781904456,1781915256,BUY,-1.1187200356810623,183.32979910714286,63106.828125,63134.327594866074,0.10000000000000907,0.017599771099483453,be,0.7989571633381731,226
1781909400,1781920200,1781909954,1781920754,1781913393,1781924193,SELL,1.664625855872886,109.76506696428571,63279.55078125,63444.19838169643,-0.9999999999999938,0.009110366600745302,stop,0.26519707776857027,554
1781922000,1781932800,1781922740,1781933540,1781932217,1781943017,BUY,-1.2929316197632994,130.87555803571428,63434.48046875,63815.073939732145,1.9387040977164267,0.007640846121375182,trail,3.408056146574624,740
1781940900,1781951700,1781941041,1781951841,1781942530,1781953330,BUY,-1.0900531047463553,128.50697544642858,63747.3203125,63554.559849330355,-1.0000000000000107,0.007781678749546756,stop,0.08784785775855516,141
1781951700,1781962500,1781953222,1781964022,1781956483,1781967283,BUY,-2.7883965436638083,116.26729910714286,63657.98046875,63675.42056361607,0.09999999999998928,0.008600870646169205,be,0.9657837015421092,1522
1781962500,1781973300,1781962574,1781973374,1781963637,1781974437,BUY,-1.667307422967388,117.28208705357143,63374.94921875,63392.541531808034,0.09999999999999055,0.008526451269094707,be,0.7624512595785782,74
1781973300,1781984100,1781973551,1781984351,1781993100,1782003900,BUY,-1.8323309693266352,227.16489955357142,63993.3984375,63985.8515625,-0.022148007944394157,0.004402088535531757,signal,0.17768273764706896,251
1782004200,1782015000,1782006437,1782017237,1782012673,1782023473,BUY,-2.1599044343682303,98.64174107142857,64292.48828125,64307.284542410714,0.10000000000000141,0.010137696163289321,be,1.590113483362185,2237
1782022200,1782033000,1782022620,1782033420,1782023448,1782034248,BUY,-1.060450732877497,101.26116071428571,64215.46875,64230.657924107145,0.1000000000000137,0.009875454645651935,be,0.6140526837870606,420
1782033000,1782043800,1782033679,1782044479,1782034821,1782045621,BUY,-1.3586169102498256,85.65206473214286,63980.3515625,64181.34584263393,1.564424479141209,0.011675141785866693,trail,2.8466367187118253,679
1782043800,1782054600,1782054114,1782064914,1782056962,1782067762,BUY,-2.0320671376778447,145.62276785714286,64214.69921875,64236.54263392857,0.09999999999999144,0.006867058048100063,be,0.7729732215392633,10314
1782060000,1782070800,1782060110,1782070910,1782062963,1782073763,BUY,-1.1697301703853538,120.71065848214286,64064.6484375,64082.75503627232,0.09999999999998967,0.008284272595099243,be,1.0956921320213486,110
1782070801,1782081601,1782072388,1782083188,1782073137,1782083937,BUY,-1.2727387889832535,119.77845982142857,64237.1484375,64057.480747767855,-1.0000000000000115,0.008348746523296823,stop,0.049766356228714656,1587
1782081900,1782092700,1782082248,1782093048,1782082816,1782093616,BUY,-1.638390607577778,180.77901785714286,63711.6796875,63738.79654017857,0.09999999999999311,0.005531615404561113,be,0.666840558594377,348
1782092700,1782103500,1782096511,1782107311,1782098700,1782109500,SELL,2.951518656002686,291.3646763392857,64392.421875,64348.71717354911,0.10000000000000143,0.003432125035072985,be,1.7828951085514881,3811
1782122700,1782133500,1782123662,1782134462,1782126366,1782137166,SELL,1.0397275612274879,156.16768973214286,64120.1796875,64354.43122209822,-1.0000000000000133,0.006403373205527912,stop,0.4839549405490392,962
1782133500,1782144300,1782135062,1782145862,1782137504,1782148304,BUY,-3.26222612370963,218.87053571428572,65223.6484375,65256.47901785714,0.09999999999999747,0.0045689110082199605,be,1.6929600016317539,1562
1782150600,1782161400,1782153963,1782164763,1782155107,1782165907,SELL,1.053413230766955,209.27455357142858,64399.44921875,64368.05803571428,0.10000000000000993,0.004778411818036371,be,0.5853554477094555,3363
1782161400,1782172200,1782161495,1782172295,1782165767,1782176567,SELL,1.441159206983741,162.23660714285714,64383.16015625,64358.824665178574,0.09999999999998975,0.006163836988525357,be,1.6490190143364245,95
1782172200,1782183000,1782173527,1782184327,1782176419,1782187219,SELL,2.0794299713164706,175.44782366071428,63870.55078125,64133.72251674107,-1.000000000000004,0.0056997002250300174,stop,0.38183538616900314,1327
1782183000,1782193800,1782183705,1782194505,1782184691,1782195491,SELL,1.3980078848593909,159.23186383928572,64085.1015625,64061.21678292411,0.09999999999999651,0.006280150064746524,be,0.9505841205424339,705
1782193800,1782204600,1782194730,1782205530,1782195706,1782206506,SELL,1.295374657282706,153.55887276785714,63303.78125,62658.24818638393,2.8025432069603604,0.006512160332876053,trail,4.703814810440534,930
1782215400,1782226200,1782217282,1782228082,1782221524,1782232324,SELL,1.7059206887663636,199.91936383928572,62353.75,62323.76209542411,0.10000000000000209,0.005607729678958173,be,2.1593667089549218,1882
1782226200,1782237000,1782226448,1782237248,1782228851,1782239651,SELL,1.618946683547525,236.52315848214286,62457.98046875,62422.501994977676,0.10000000000000703,0.004227915805020414,be,1.2353936951677422,248
1782245100,1782255900,1782248001,1782258801,1782251202,1782262002,SELL,1.1769049551588313,175.06919642857142,62359.19140625,62621.795200892855,-0.9999999999999922,0.005712027132128878,stop,0.0,2901
1782255900,1782266700,1782256966,1782267766,1782257930,1782268730,BUY,-2.4878078441927025,130.23521205357142,62580.078125,62599.613406808036,0.09999999999999895,0.007678414955769846,be,0.598856378933206,1066
1782277500,1782288300,1782277878,1782288678,1782280849,1782291649,BUY,-1.1385255195968589,166.50167410714286,62800.44921875,62825.42446986607,0.09999999999999251,0.006005945618039287,be,1.4821547670517576,378
1782288300,1782299100,1782289105,1782299905,1782290173,1782300973,BUY,-1.02274591787614,136.34291294642858,62688.2890625,62708.74049944196,0.09999999999999389,0.007334447962050779,be,0.6488980933300317,805
1782299100,1782309900,1782300733,1782311533,1782301779,1782312579,BUY,-2.6977897568402414,116.67271205357143,62442.51171875,63126.50348772322,3.908321874265143,0.008570984443567577,trail,6.362482811397688,1633
1782309900,1782320700,1782310398,1782321198,1782310905,1782321705,SELL,4.324509151238786,325.2603236607143,61130.140625,61081.35157645089,0.1000000000000017,0.0030744604467746904,be,0.7716655529182068,498
1782320700,1782331500,1782320787,1782331587,1782322068,1782332868,SELL,1.6441599294166154,398.73158482142856,59812.359375,59752.54963727679,0.09999999999999548,0.0025079528135395863,be,1.282945221104311,87
1782344700,1782355500,1782345421,1782356221,1782348407,1782359207,BUY,-1.0947511967093042,215.02176339285714,61071.01171875,60748.47907366072,-0.9999999999999903,0.0046506920240112735,stop,0.30098697442897965,721
1782355500,1782366300,1782356487,1782367287,1782363609,1782374409,BUY,-1.5910871741531631,176.71986607142858,60804.828125,61297.87053571428,1.8599773063619958,0.005658673369500003,trail,3.2899659595430113,987
1782366300,1782377100,1782366687,1782377487,1782379374,1782390174,BUY,-1.4085831702571978,206.97712053571428,61572.98046875,61604.02703683035,0.09999999999998861,0.004831451889038374,be,1.7279234732531148,387
1782379500,1782390300,1782379729,1782390529,1782381338,1782392138,BUY,-2.2500005193952104,137.1796875,61679.26953125,61699.846484375,0.09999999999998585,0.007289708981149268,be,0.5553277521498946,229
1782390300,1782401100,1782390317,1782401117,1782390633,1782401433,BUY,-1.098183621546222,159.86774553571428,61245.98828125,61636.886439732145,1.630089743545001,0.0062551704638669665,trail,2.9451346153174884,17
1782401100,1782411900,1782402169,1782412969,1782423769,1782434569,SELL,1.9310382664205032,697.4679129464286,59066.53125,59844.37890625,-0.7434967179723103,0.0014337577133484683,time,0.023701807198791867,1069
1782426300,1782437100,1782429261,1782440061,1782429600,1782440400,BUY,-1.0274547157839395,252.07505580357142,59922.62109375,60035.5,0.2985325300306865,0.003967072413461038,signal,0.5673223478781586,2961
1782437100,1782447900,1782445523,1782456323,1782447518,1782458318,BUY,-2.56737551291836,227.919921875,59549.44921875,60096.5517578125,1.6002770755673623,0.0043875058914263675,trail,2.9004156133510435,8423
1782447900,1782458700,1782455864,1782466664,1782461934,1782472734,BUY,-3.1246195224093225,416.0385044642857,60108.421875,60170.82765066964,0.09999999999999867,0.0036336029809225785,be,1.4746231260252622,7964
1782462000,1782472800,1782462109,1782472909,1782467288,1782478088,BUY,-1.5757299605655213,251.701171875,60258.078125,59880.5263671875,-1.0,0.005835292656998083,stop,0.3198236996686609,109
1782476400,1782487200,1782477491,1782488291,1782477966,1782488766,SELL,1.3457497971690449,216.91043526785714,59456.9296875,59424.39312220982,0.10000000000001022,0.004610197747126023,be,2.367066414374967,1091
1782490800,1782501600,1782491688,1782502488,1782508500,1782519300,BUY,-1.0887750349047167,522.1319754464286,60244.390625,59737.359375,-0.647385812838453,0.009306794505058192,signal,0.2288468947871584,888
1782519900,1782530700,1782520276,1782531076,1782520794,1782531594,SELL,1.4023481818541943,139.73716517857142,59953.5390625,59932.578487723214,0.09999999999999902,0.007156292305787732,be,0.7678757552643876,376
1782530700,1782541500,1782531398,1782542198,1782572400,1782583200,BUY,-1.6234415588609274,135.52092633928572,60366.69140625,60588.33984375,1.0903528258806234,0.007378934213424965,time,1.6355292388209353,698
1782572700,1782583500,1782572815,1782583615,1782573300,1782584100,BUY,-1.6671411757330445,143.71540178571428,60624.12890625,60851.76953125,1.0559787940679304,0.006958196460328185,signal,1.8277225108527675,115
1782583500,1782594300,1782583788,1782594588,1782588302,1782599102,BUY,-1.6899176639092186,179.69559151785714,60534.33984375,60264.79645647322,-0.9999999999999885,0.005564966794973519,stop,0.23761973451506066,288
1782599102,1782609902,1782602083,1782612883,1782602721,1782613521,SELL,1.4798899032381447,120.81556919642857,59994.640625,59976.51828962054,0.09999999999999311,0.055191303524455955,be,0.6487483920434731,2981
1782610200,1782621000,1782613316,1782624116,1782613645,1782624445,SELL,1.6354476193533993,155.56612723214286,60125.80078125,60102.465862165176,0.10000000000001069,0.0064281345675447354,be,0.6797250107165469,3116
1782621000,1782631800,1782621060,1782631860,1782621408,1782632208,SELL,1.0944723508349568,110.052734375,60131.83984375,60115.33193359375,0.10000000000000882,0.009086552966440094,be,0.6491561218875894,60
1782634200,1782645000,1782634478,1782645278,1782635940,1782646740,BUY,-1.0210525789327698,134.3828125,60160.140625,60447.44921875,1.4253241090634265,0.007441427823963723,trail,2.63798616359514,278
1782648600,1782659400,1782648904,1782659704,1782649708,1782660508,SELL,1.2495095265089213,145.72209821428572,60257.87890625,60236.02059151786,0.09999999999998953,0.007693368155812724,be,0.6602893533588119,304
1782659400,1782670200,1782662025,1782672825,1782666428,1782677228,SELL,1.3885353171497608,146.34654017857142,59833.5,59811.54801897321,0.10000000000001233,0.010169569080239312,be,1.9299493237446284,2625
1782670200,1782681000,1782671225,1782682025,1782672779,1782683579,SELL,2.4730654318881653,178.43247767857142,59578.25,59551.48512834821,0.10000000000000467,0.007574644019877968,be,0.6058401693818003,1025
1782681300,1782692100,1782683165,1782693965,1782684056,1782694856,SELL,1.665814311489939,136.734375,59609.69921875,59589.1890625,0.0999999999999929,0.007313449891440978,be,2.2561135870186266,1865
1782692100,1782702900,1782692173,1782702973,1782694211,1782705011,SELL,1.2208399637772285,288.4662388392857,59445.44140625,59402.17147042411,0.09999999999999472,0.003466610179491867,be,1.6175934335593787,73
1782704400,1782715200,1782705186,1782715986,1782709528,1782720328,BUY,-1.0823983331297118,370.48828125,60028.2109375,59472.478515625,-1.0,0.010016342453476726,stop,0.07135853234224261,786
1782715200,1782726000,1782715968,1782726768,1782721814,1782732614,BUY,-2.5819528242605996,247.54464285714286,60133.91015625,59762.59319196428,-1.0000000000000084,0.004039675383228134,stop,0.10847159603246168,768
1782729000,1782739800,1782734649,1782745449,1782734678,1782745478,BUY,-1.051574596394568,173.56556919642858,60276.05078125,60302.08561662946,0.09999999999998961,0.005761511367892756,be,0.5658434328576549,5649
1782739800,1782750600,1782739830,1782750630,1782747370,1782758170,SELL,1.0083807853344482,338.46651785714283,59825.96875,59775.198772321426,0.10000000000000493,0.002954501988353459,be,2.4613078947194875,30
1782754800,1782765600,1782754924,1782765724,1782776524,1782787324,BUY,-1.0009768316493317,351.91015625,60561.66015625,60236.80078125,-0.6154210465946638,0.0028416343837760435,time,0.19877010511827192,124
1782776700,1782787500,1782776795,1782787595,1782778841,1782789641,BUY,-1.2645287289707186,116.8125,60261.12109375,60085.90234375,-1.0,0.008560727661851257,stop,0.03330658105939005,95
1782787500,1782798300,1782788324,1782799124,1782792741,1782803541,SELL,1.6848082296669624,178.92996651785714,59921.1015625,59490.18373325893,1.6055362800211073,0.0055887787801055695,trail,2.9083044200316555,824
1782798300,1782809100,1782803340,1782814140,1782821454,1782832254,SELL,1.9897854432904334,162.09737723214286,59472.390625,59054.94712611607,1.7168424972358785,0.006169131278218526,trail,3.0752637458538237,5040
1782824400,1782835200,1782824566,1782835366,1782824890,1782835690,SELL,1.2724768147856098,167.47823660714286,58328.48046875,58579.69782366072,-1.0000000000000124,0.005970925060225709,stop,0.17936099106693634,166
1782835200,1782846000,1782836721,1782847521,1782848968,1782859768,SELL,1.5692869143171957,374.2142857142857,58242.53125,58803.85267857143,-0.9999999999999982,0.0036326111853407137,stop,0.0266704643061653,1521
1782854700,1782865500,1782854738,1782865538,1782855854,1782866654,BUY,-1.0511985653553486,159.05943080357142,58538.5703125,58562.429227120534,0.09999999999999304,0.006286958245405381,be,0.6153605966996978,38
1782865501,1782876301,1782865856,1782876656,1782865883,1782876683,BUY,-2.255307257841154,120.74469866071429,58457.3984375,58475.51014229911,0.09999999999999655,0.008281937104418496,be,0.7864605117516158,355
1782876600,1782887400,1782877007,1782887807,1782878455,1782889255,BUY,-1.9144061685651745,296.470703125,59026.140625,59070.61123046875,0.09999999999999673,0.0033730145658890727,be,0.8807916043559321,407
1782887400,1782898200,1782896224,1782907024,1782896400,1782907200,BUY,-1.0849236949248828,189.60044642857142,58853.87890625,58947.4296875,0.32894008782566725,0.005274249184728223,signal,0.5679295040086648,8824
1782908100,1782918900,1782909605,1782920405,1782910876,1782921676,SELL,1.1061215601922008,162.00279017857142,58370.05078125,58613.054966517855,-0.9999999999999916,0.0061727331911859435,stop,0.41943239789327924,1505
1782918900,1782929700,1782919286,1782930086,1782921049,1782931849,BUY,-2.2018819180613063,338.28515625,60018.80078125,60069.5435546875,0.10000000000000286,0.002956085957436981,be,1.4804678929804507,386
1782929700,1782940500,1782929953,1782940753,1782931959,1782942759,BUY,-1.0049498664740146,266.70005580357144,60140.76171875,60180.766727120536,0.09999999999999948,0.003749530524045015,be,0.5086179569452625,253
1782940800,1782951600,1782941179,1782951979,1782944477,1782955277,BUY,-1.0420920950265775,181.37360491071428,60566.83984375,60919.6796875,1.2969172808568048,0.018521851631353618,signal,1.9453759212852073,379
1782951600,1782962400,1782952469,1782963269,1782955800,1782966600,SELL,2.4915196923099368,242.06919642857142,59651.41015625,60014.513950892855,-0.9999999999999943,0.004131050190415595,stop,0.3962903538133835,869
1782965400,1782976200,1782965854,1782976654,1782970808,1782981608,BUY,-1.1542496262102353,239.44084821428572,60949.359375,60590.19810267857,-0.9999999999999971,0.004176396832277581,stop,0.016787157579740745,454
1782991800,1783002600,1782993588,1783004388,1782995481,1783006281,BUY,-1.1085996877305766,231.51869419642858,61354.9609375,61389.68874162946,0.0999999999999964,0.004319305633054257,be,0.7940098558263021,1788
1783002600,1783013400,1783002712,1783013512,1783009625,1783020425,BUY,-1.9619198869941767,281.90931919642856,61753.1796875,61330.315708705355,-1.0000000000000049,0.003547239952373553,stop,0.17495098296354875,112
1783034100,1783044900,1783034208,1783045008,1783036800,1783047600,BUY,-1.0490036390770965,103.18247767857143,61374.2109375,61537.578125,1.0555228056512513,0.009691568011335673,signal,2.0662347284792566,108
1783044900,1783055700,1783045695,1783056495,1783046173,1783056973,SELL,2.52150851189232,171.90345982142858,61440.859375,61415.073856026786,0.1000000000000008,0.005817218577443345,be,0.9867229776887593,795
1783066800,1783077600,1783067198,1783077998,1783068421,1783079221,BUY,-1.1749135563598363,131.48744419642858,61769.55859375,61789.281710379466,0.10000000000000842,0.00760528890124371,be,0.8003081160570481,398
1783078801,1783089601,1783079230,1783090030,1783081128,1783091928,BUY,-1.767982770748423,165.64927455357142,61928.9296875,61953.77707868304,0.10000000000000503,0.006036851067987003,be,1.3259849045035517,429
1783089900,1783100700,1783090326,1783101126,1783091739,1783102539,BUY,-2.052649840783217,189.61021205357142,62098.62109375,62127.062625558036,0.09999999999999928,0.005273977541449432,be,1.419482814691206,426
1783100700,1783111500,1783106160,1783116960,1783111007,1783121807,BUY,-1.5186870545758735,188.92103794642858,62270.6015625,62798.84026227678,1.86405461780483,0.006368401386515589,trail,3.2960819267072616,5460
1783111500,1783122300,1783111556,1783122356,1783113247,1783124047,BUY,-1.7437426547839288,146.31975446428572,62772.0,62793.947963169645,0.10000000000000947,0.006834347171106576,be,1.1348486870959744,56
1783122300,1783133100,1783123616,1783134416,1783124609,1783135409,BUY,-1.333383625022755,167.60379464285714,62720.26953125,62745.41010044643,0.10000000000001323,0.005966452025330785,be,1.2240782297749928,1316
1783133100,1783143900,1783133490,1783144290,1783142239,1783153039,BUY,-1.4473427776062286,142.63030133928572,62523.73828125,62545.13282645089,0.0999999999999961,0.007011132912221946,be,1.4276967137270704,390
1783143900,1783154700,1783149842,1783160642,1783154401,1783165201,BUY,-1.320434117742451,105.654296875,62582.8203125,62598.66845703125,0.1,0.009464830390978833,be,0.5715870228302061,5942
1783154700,1783165500,1783154892,1783165692,1783155882,1783166682,BUY,-1.0314132158407547,104.82561383928571,62609.30859375,62452.07017299107,-0.9999999999999934,0.009539653176113603,stop,0.27161926562770333,192
1783187400,1783198200,1783189474,1783200274,1783190808,1783201608,SELL,1.2939728694780075,152.87472098214286,63149.01953125,63126.08832310268,0.0999999999999855,0.006541303843928578,be,0.5034248763010971,2074
1783220100,1783230900,1783220217,1783231017,1783221629,1783232429,BUY,-1.2085949990126441,140.150390625,62659.328125,62680.35068359375,0.10000000000000692,0.007135192385411876,be,0.6995554440681745,117
1783233300,1783244100,1783233428,1783244228,1783236121,1783246921,SELL,1.1201747395973831,99.94419642857143,62754.359375,62739.36774553572,0.0999999999999792,0.010005583472920156,be,0.6338302624232273,128
1783244102,1783254902,1783249228,1783260028,1783250831,1783261631,BUY,-2.257360709094023,110.80915178571429,62748.78125,62582.56752232143,-1.0000000000000062,0.009024525356297526,stop,0.38731429722515986,5126
1783263900,1783274700,1783264220,1783275020,1783265767,1783276567,SELL,2.576174863532434,103.96456473214286,62833.76171875,62818.167034040176,0.100000000000016,0.009618661921746388,be,1.2512902264840624,320
1783287900,1783298700,1783288508,1783299308,1783288795,1783299595,BUY,-1.3071776936794794,109.22377232142857,63047.0390625,63063.42262834821,0.09999999999999239,0.00915551604514405,be,1.4075890644717952,608
1783298700,1783309500,1783298901,1783309701,1783300984,1783311784,BUY,-1.5667162361045837,269.15234375,63677.55078125,63717.9236328125,0.09999999999999279,0.0037153679810748444,be,0.5857219569539788,201
1783311900,1783322700,1783312052,1783322852,1783317258,1783328058,SELL,1.0842295258106016,192.77734375,63169.5703125,63140.6537109375,0.10000000000000503,0.0051873315636967844,be,1.3312192255476079,152
1783322700,1783333500,1783323009,1783333809,1783324889,1783335689,SELL,1.528741686823176,146.89202008928572,62922.12109375,63142.45912388393,-0.9999999999999952,0.006807721749569294,stop,0.23154231747460874,309
1783333500,1783344300,1783335345,1783346145,1783339239,1783350039,SELL,2.4801997128057045,132.45340401785714,62790.0,62280.07826450893,2.5665465238997087,0.007549824841535833,trail,4.349819785849555,1845
1783344300,1783355100,1783344449,1783355249,1783345141,1783355941,SELL,2.1724039265834456,229.91378348214286,61441.1796875,61406.69261997768,0.0999999999999988,0.0043494564999739084,be,0.6116593103732838,149
1783355100,1783365900,1783355826,1783366626,1783359284,1783370084,BUY,-2.314106766342862,401.7368861607143,63713.73046875,63773.991001674105,0.09999999999999655,0.002810063723021895,be,0.5365665966350077,726
1783365900,1783376700,1783372144,1783382944,1783381576,1783392376,BUY,-1.196128978530405,278.9740513392857,63986.3984375,64028.24454520089,0.09999999999999454,0.027556326343235887,be,2.4676494209590905,6244
1783387800,1783398600,1783388831,1783399631,1783390962,1783401762,BUY,-1.0050798559780152,184.60546875,63990.69140625,63713.783203125,-1.0,0.005416957616538649,stop,0.02204871029856747,1031
1783398600,1783409400,1783399049,1783409849,1783402639,1783413439,SELL,2.3968347476148644,185.03180803571428,63155.01171875,63127.25694754464,0.09999999999999774,0.005404476185018865,be,2.1202435633352135,449
1783409400,1783420200,1783409716,1783420516,1783410242,1783421042,SELL,1.725367899235641,174.361328125,63154.51171875,63128.35751953125,0.09999999999999444,0.0057352166948573475,be,0.527639935926876,316
1783420200,1783431000,1783420232,1783431032,1783423361,1783434161,SELL,1.2546699426602816,147.140625,63223.05859375,63200.9875,0.09999999999998681,0.006796219602845917,be,0.9685143888711903,32
1783432200,1783443000,1783432295,1783443095,1783433167,1783443967,SELL,1.2696732061148344,196.85212053571428,63227.55078125,63198.02296316964,0.10000000000000281,0.005179173316626933,be,1.9400468875351162,95
1783443000,1783453800,1783443096,1783453896,1783450811,1783461611,BUY,-2.6157821660468437,334.69447544642856,64121.73828125,63619.696568080355,-1.0000000000000042,0.004598410230545749,stop,0.30323831119299405,96
1783466400,1783477200,1783466504,1783477304,1783470348,1783481148,SELL,1.1656919495336147,180.55915178571428,63613.48046875,63586.39659598214,0.09999999999999769,0.0055383512278945,be,1.8774577978872675,104
1783477200,1783488000,1783477934,1783488734,1783478258,1783489058,SELL,3.671588394166881,211.31082589285714,62764.2890625,62732.59243861607,0.1000000000000059,0.004732365205496093,be,1.2572008799241554,734
1783488000,1783498800,1783488299,1783499099,1783493453,1783504253,SELL,1.405379281167586,185.40234375,62723.12890625,62695.3185546875,0.09999999999998954,0.007395234182415777,be,1.5041822050860671,299
1783498800,1783509600,1783498862,1783509662,1783499583,1783510383,SELL,1.2834534001361897,155.22181919642858,62357.58984375,62000.63044084822,1.5331152314785552,0.006442393248429396,trail,2.799672847217853,62
1783509600,1783520400,1783509849,1783520649,1783512474,1783523274,SELL,1.3175482108299048,222.49497767857142,62054.4296875,62388.172154017855,-0.9999999999999939,0.004494483472991716,stop,0.12907594723998084,249
1783544700,1783555500,1783547685,1783558485,1783549126,1783559926,BUY,-1.275683327225104,164.52315848214286,62147.328125,62172.00659877232,0.09999999999999831,0.006078171664255636,be,1.0926938137983315,2985
1783555500,1783566300,1783556048,1783566848,1783558435,1783569235,BUY,-1.7894250503330336,128.45870535714286,62230.98046875,62038.29241071428,-1.0000000000000162,0.0077846028201808875,stop,0.14681274381184892,548
1783566900,1783577700,1783567163,1783577963,1783570612,1783581412,SELL,1.1842124560352032,228.72405133928572,61728.0,62071.08607700893,-0.999999999999997,0.00437208065415305,stop,0.10322209169414465,263
1783577700,1783588500,1783577848,1783588648,1783580565,1783591365,BUY,-2.336959635262129,194.44893973214286,62568.609375,63060.90443638393,1.6878297615887352,0.005142738249833191,trail,3.0317446423831083,148
1783588500,1783599300,1783589538,1783600338,1783592029,1783602829,BUY,-1.6656999942349815,217.39481026785714,62920.51953125,62953.12875279018,0.10000000000000574,0.0045999258159285265,be,0.5037457822248291,1038
1783628100,1783638900,1783628665,1783639465,1783631596,1783642396,BUY,-1.7191007089951955,176.55106026785714,63235.6796875,63262.16234654018,0.10000000000000157,0.005664083798096906,be,0.7702711458865066,565
1783638900,1783649700,1783639430,1783650230,1783639602,1783650402,BUY,-1.4047876554892864,117.75753348214286,63193.0703125,63210.73394252232,0.09999999999998117,0.008492025694064348,be,0.8600829773269548,530
1783649700,1783660500,1783649992,1783660792,1783659691,1783670491,BUY,-1.8075757655060714,203.44168526785714,63922.828125,63953.34437779018,0.09999999999999659,0.004915413469384957,be,1.0897625268297366,292
1783660500,1783671300,1783661598,1783672398,1783663460,1783674260,BUY,-1.8053217215021535,186.36216517857142,64019.8515625,64047.80588727679,0.10000000000000447,0.005365896017798486,be,0.8492997685358471,1098
1783671900,1783682700,1783672528,1783683328,1783674077,1783684877,BUY,-1.0800761701204964,117.21316964285714,64281.6484375,64105.82868303572,-0.9999999999999822,0.00853146453633966,stop,0.04472353674909306,628
1783682700,1783693500,1783683957,1783694757,1783685729,1783696529,BUY,-1.8745210940700916,150.41071428571428,64423.671875,64446.23348214286,0.10000000000001014,0.006648462543036923,be,1.0368225394752464,1257
1783693500,1783704300,1783693714,1783704514,1783693962,1783704762,BUY,-1.1225096364956813,172.74190848214286,64142.98046875,64168.89175502232,0.09999999999999279,0.005788983164461071,be,0.9480590592579312,214
1783704300,1783715100,1783704851,1783715651,1783710302,1783721102,SELL,1.8967200199086647,253.92020089285714,63858.83984375,63820.75181361607,0.09999999999999727,0.00393824515136531,be,0.5393857480358222,551
1783715100,1783725900,1783715152,1783725952,1783717980,1783728780,SELL,1.1098061512122153,154.31138392857142,63697.109375,63928.576450892855,-0.9999999999999911,0.006480403289383277,stop,0.40963236730000074,52
1783725900,1783736700,1783727371,1783738171,1783732981,1783743781,SELL,1.021849799240636,108.13895089285714,64099.23828125,64261.44670758928,-0.9999999999999807,0.009247361766906624,stop,0.2989498671207782,1471
1783737900,1783748700,1783739881,1783750681,1783746300,1783757100,SELL,1.212228821131339,107.38448660714286,64043.21875,64131.390625,-0.5473905203369485,0.009312332084413795,signal,0.05652876585616812,1981
1783751400,1783762200,1783751609,1783762409,1783759573,1783770373,BUY,-1.0974827861639056,77.18582589285714,64223.23046875,64234.80834263393,0.1000000000000036,0.012955746582126565,be,0.7192969772334565,209
1783762200,1783773000,1783762281,1783773081,1783763091,1783773891,BUY,-1.6114371407153985,63.635323660714285,64273.19921875,64177.74623325893,-1.0000000000000109,0.01571454252879611,stop,0.0,81
1783773300,1783784100,1783774105,1783784905,1783774476,1783785276,BUY,-1.0009385538418802,54.873046875,64144.2890625,64152.52001953125,0.1,0.01822388325324791,be,0.5474283680370172,805
1783784400,1783795200,1783784404,1783795204,1783784987,1783795787,SELL,5.10552802997627,79.09681919642857,64067.66015625,64055.79563337054,0.09999999999998949,0.012642733426695781,be,1.187774928302579,4
1783797905,1783808705,1783802424,1783813224,1783802956,1783813756,BUY,-1.0285702291052938,94.04380580357143,64346.6796875,64360.786258370536,0.09999999999999853,0.010633342530699919,be,0.9778521478817871,4519
1783809000,1783819800,1783809041,1783819841,1783810174,1783820974,BUY,-1.455440086179376,73.94754464285714,64249.23046875,64138.30915178572,-0.9999999999999719,0.013523099446096263,stop,0.4450473157553164,41
1783836900,1783847700,1783837035,1783847835,1783837970,1783848770,SELL,2.355497289035023,95.28627232142857,63687.5,63673.207059151784,0.10000000000001164,0.010494691162087929,be,0.8029668585617823,135
1783865700,1783876500,1783866686,1783877486,1783867800,1783878600,BUY,-1.0850722326103492,83.82505580357143,63975.94921875,64155.7890625,1.4302791452667132,0.01192960732818736,signal,2.479587523175193,986
1783876501,1783887301,1783878829,1783889629,1783883345,1783894145,SELL,1.5107879622716185,103.45479910714286,64023.3984375,64178.58063616072,-1.0000000000000202,0.009666057144090058,stop,0.36787654201120873,2328
1783890900,1783901700,1783901464,1783912264,1783901491,1783912291,BUY,-1.1135094572775843,69.97014508928571,64211.94921875,64222.44474051339,0.09999999999997823,0.014291809724332366,be,0.6488816579137308,10564
1783901700,1783912500,1783901804,1783912604,1783903313,1783914113,SELL,1.1771173767017609,160.47628348214286,64228.28125,63618.78892299107,2.532014134357531,0.006231450394420904,trail,4.298021201536303,104
1783912500,1783923300,1783912746,1783923546,1783913953,1783924753,SELL,2.2791099965960524,313.4732142857143,62883.1015625,62836.08058035714,0.10000000000000177,0.0031900652254407704,be,0.5659250477085648,246
1783949700,1783960500,1783949840,1783960640,1783950130,1783960930,SELL,1.1616650358709386,142.02901785714286,62630.8515625,62328.91294642857,1.4172625689544027,0.007040814722846501,trail,2.625893853431611,140
1783960500,1783971300,1783963489,1783974289,1783964722,1783975522,SELL,1.0782816957052868,246.68610491071428,62167.87109375,62130.86817801339,0.10000000000000224,0.004053734604800463,be,0.7709063105472881,2989
1783971300,1783982100,1783973944,1783984744,1783978367,1783989167,SELL,1.7614512460500962,168.48883928571428,62056.53125,62031.25792410714,0.09999999999999754,0.00593511121709524,be,0.5631864128346781,2644
1783995600,1784006400,1783996796,1784007596,1783997602,1784008402,BUY,-1.1625395112440067,172.46484375,62497.578125,62523.4478515625,0.10000000000000563,0.005798283164594234,be,0.6511064302054314,1196
1784006400,1784017200,1784006632,1784017432,1784011210,1784022010,BUY,-1.81973817684561,145.35044642857142,62824.26953125,62606.243861607145,-0.9999999999999906,0.0068799238294147465,stop,0.1600926025461861,232
1784017201,1784028001,1784017575,1784028375,1784020041,1784030841,BUY,-1.4403881606530407,104.224609375,62622.66015625,62638.29384765625,0.0999999999999907,0.009594662968723647,be,1.504825440848528,374
1784028300,1784039100,1784028461,1784039261,1784029042,1784039842,BUY,-1.4097941961795697,116.24162946428571,62825.828125,62843.264369419645,0.10000000000001193,0.008602769976716834,be,0.589894625669091,161
1784039100,1784049900,1784039213,1784050013,1784039906,1784050706,BUY,-2.092086496069831,248.20954241071428,63884.83984375,63922.07127511161,0.10000000000000223,0.005350821677122877,be,0.6210415441841852,113
1784049900,1784060700,1784051443,1784062243,1784065877,1784076677,BUY,-1.4194525987630198,279.3125,64581.8203125,64623.7171875,0.09999999999999652,0.0035802192884314163,be,1.0385153278138286,1543
1784084400,1784095200,1784084461,1784095261,1784087619,1784098419,BUY,-1.0481192055562816,114.52036830357143,64513.3203125,64762.34137834822,1.4496464372061777,0.008732071113753256,trail,2.674469655809239,61
1784096100,1784106900,1784097189,1784107989,1784097300,1784108100,BUY,-1.3482830041015097,141.49107142857142,65093.78125,65244.62890625,0.710752298016449,0.04389632107023412,signal,1.0661284470246735,1089
1784106900,1784117700,1784108121,1784118921,1784109863,1784120663,SELL,2.1090085776454823,170.01199776785714,64740.44921875,64714.94741908482,0.10000000000000733,0.005881937822796776,be,0.7739343500901821,1221
1784118000,1784128800,1784118095,1784128895,1784118380,1784129180,SELL,1.2060741856888308,110.4375,64645.55078125,64628.98515625,0.10000000000001757,0.009054895302773062,be,0.6462577815506508,95
1784128800,1784139600,1784129613,1784140413,1784132003,1784142803,BUY,-2.3462332706824855,267.60825892857144,65492.9609375,65091.548549107145,-0.9999999999999948,0.0037368054483958007,stop,0.2311272557417934,813
1784148000,1784158800,1784149500,1784160300,1784150528,1784161328,SELL,1.0232012623629991,138.54157366071428,64911.21875,64890.43751395089,0.100000000000004,0.007218049958411627,be,0.7508181732130594,1500
1784158800,1784169600,1784158881,1784169681,1784159324,1784170124,SELL,1.6279979571725836,89.18303571428571,64721.62890625,64708.25145089286,0.0999999999999938,0.011212894829053412,be,0.5168881713971067,81
1784169600,1784180400,1784175843,1784186643,1784178841,1784189641,SELL,2.0624468357808556,146.55998883928572,64514.87890625,64734.71888950893,-0.9999999999999952,0.0068231446243938836,stop,0.01724443192180798,6243
1784180400,1784191200,1784180597,1784191397,1784187679,1784198479,SELL,1.9363756544293027,114.20005580357143,64862.80078125,64229.15080915178,3.699063995719466,0.008756563146694422,trail,6.0485959935791715,197
1784191200,1784202000,1784191391,1784202191,1784191636,1784202436,SELL,3.224198467106755,180.484375,64217.828125,64190.75546875,0.09999999999999462,0.005540645831529738,be,0.6916284304389231,191
1784202000,1784212800,1784202595,1784213395,1784207450,1784218250,SELL,1.3148260427526404,150.01841517857142,64080.46875,64057.96598772321,0.10000000000001202,0.006665848314753026,be,1.6459177258744278,595
1784213100,1784223900,1784215604,1784226404,1784218259,1784229059,BUY,-1.2088167912717487,218.455078125,64818.01953125,64490.3369140625,-1.0,0.0064908939731244805,stop,0.23072177668106109,2504
1784236501,1784247301,1784239053,1784249853,1784241195,1784251995,SELL,1.0258970521645783,121.70675223214286,64108.25,64089.99398716518,0.09999999999998975,0.008216470998195769,be,1.0102086901102025,2552
1784247600,1784258400,1784247705,1784258505,1784249061,1784259861,SELL,2.9238886063933114,111.23353794642857,63761.73046875,63745.045438058034,0.10000000000000997,0.008990094340805848,be,1.6291736588229098,105
1784258400,1784269200,1784259157,1784269957,1784266706,1784277506,SELL,1.7559680413971932,171.43973214285714,63613.19921875,63161.66908482143,1.7558362085801746,0.005832953583751058,trail,3.133754312870256,757
1784269200,1784280000,1784277166,1784287966,1784280330,1784291130,SELL,3.226387798420027,162.23577008928572,62692.109375,62935.46303013393,-0.9999999999999957,0.006163868790770707,stop,0.3327766818642263,7966
1784296800,1784307600,1784298797,1784309597,1784300100,1784310900,SELL,1.2124785488142993,190.85295758928572,63050.71875,63134.62109375,-0.29307848586609203,0.0052396358570035535,signal,0.0,1997
1784307600,1784318400,1784307900,1784318700,1784329500,1784340300,BUY,-1.4380312142003104,304.46791294642856,63664.98046875,63898.55078125,0.5114284134567068,0.0036436516060567464,time,2.265658491971778,300
1784329800,1784340600,1784330559,1784341359,1784331900,1784342700,BUY,-1.3163927873243402,92.23018973214286,63917.078125,63930.91265345982,0.09999999999997597,0.010842436765057343,be,0.7333891993114569,759
1784348700,1784359500,1784351511,1784362311,1784361609,1784372409,SELL,1.0296330489925778,55.029296875,63909.6484375,63992.1923828125,-1.0,0.018172138420585626,stop,0.271304347826087,2811
1784361900,1784372700,1784361940,1784372740,1784374800,1784385600,SELL,1.4524445522229545,49.362723214285715,63934.01953125,63997.1015625,-0.8519523389631237,0.020258201632413122,signal,0.3002328788803726,40
1784375100,1784385900,1784375885,1784386685,1784376074,1784386874,BUY,-3.4889543915784382,23.541294642857142,64022.6484375,64092.51060267857,1.9784288626558868,0.04247854738538852,trail,3.467643293983786,785
1784385900,1784396700,1784393550,1784404350,1784393823,1784404623,BUY,-2.069898651127222,87.67940848214286,64249.48828125,64262.64019252232,0.09999999999997472,0.03136426268842902,be,0.5553345659250961,7650
1784396700,1784407500,1784396819,1784407619,1784398916,1784409716,BUY,-1.1749182547714345,89.34291294642857,64445.578125,64458.97956194197,0.10000000000002326,0.03567714432941397,be,0.772305241954373,119
1784407500,1784418300,1784408045,1784418845,1784426838,1784437638,BUY,-2.030464463888744,103.52315848214286,64623.26953125,64894.38685825893,1.7459367287735508,0.009659674363321267,trail,3.1189050931603357,545
1784427000,1784437800,1784427026,1784437826,1784427443,1784438243,BUY,-1.6721585677398652,53.38978794642857,64853.83984375,64861.84831194196,0.09999999999996625,0.0187301736617385,be,0.805616961677354,26
1784437800,1784448600,1784438070,1784448870,1784449297,1784460097,BUY,-1.2400492490475614,92.53404017857143,64758.6015625,64619.800502232145,-0.999999999999985,0.010806833875082167,stop,0.3317613571260576,270
1784449500,1784460300,1784449595,1784460395,1784451329,1784462129,BUY,-1.2645930373619352,60.19614955357143,64653.71875,64662.748172433036,0.0999999999999977,0.01661235822251475,be,1.1243192131378539,95
1784481900,1784492700,1784482221,1784493021,1784484503,1784495303,SELL,1.0803140926969124,120.24497767857143,64600.12109375,64336.74358258928,1.4602273694111123,0.008316355654147272,trail,2.6903410541166424,321
1784499600,1784510400,1784499606,1784510406,1784500338,1784511138,BUY,-1.1394727882378912,98.10993303571429,64827.3515625,64680.18666294643,-1.0000000000000069,0.015089896651555914,stop,0.4736396057174384,6
1784526600,1784537400,1784526881,1784537681,1784532255,1784543055,SELL,2.1007009189707535,212.81556919642858,64080.3984375,64048.476102120534,0.1000000000000052,0.004698904331933538,be,1.6158540822386922,281
1784547300,1784558100,1784547370,1784558170,1784547387,1784558187,BUY,-1.4591938217917206,139.75306919642858,64837.7890625,64858.75202287947,0.10000000000001485,0.00715547791365111,be,0.5111974045420513,70
1784558100,1784568900,1784558282,1784569082,1784560134,1784570934,SELL,1.4031688539923366,258.4095982142857,64314.0,64701.61439732143,-0.9999999999999973,0.003869825296391474,stop,0.13698576889023256,182
1784568900,1784579700,1784569893,1784580693,1784572238,1784583038,BUY,-1.786396270865571,268.04659598214283,65474.69921875,65514.906208147324,0.10000000000000622,0.0037306946441006835,be,1.141228235445971,993
1784585400,1784596200,1784585839,1784596639,1784586991,1784597791,SELL,1.068632993049909,134.34430803571428,65134.421875,65114.270228794645,0.0999999999999897,0.0130262310743733,be,0.5389312342935472,439
1784596500,1784607300,1784606319,1784617119,1784607084,1784617884,BUY,-1.4381560169176089,130.35881696428572,65572.1796875,65591.73351004464,0.09999999999996598,0.0076711343604320146,be,1.1536067601871551,9819
1784607904,1784618704,1784611589,1784622389,1784614213,1784625013,BUY,-1.127408772705406,147.33203125,65596.796875,65618.8966796875,0.10000000000001318,0.006787390301455577,be,1.9927883978047034,3685
1784619000,1784629800,1784619179,1784629979,1784619824,1784630624,BUY,-2.4822656346358976,153.17410714285714,65987.796875,66010.77299107143,0.09999999999998914,0.006528518550902043,be,0.7584812450817522,179
1784630105,1784640905,1784635947,1784646747,1784640300,1784651100,BUY,-1.458219493251596,135.89174107142858,66412.21875,66432.60251116072,0.10000000000000814,0.007358798938887474,be,1.6488883778611847,5842
1784641200,1784652000,1784641671,1784652471,1784642825,1784653625,BUY,-1.0738429436980026,136.98214285714286,66433.4921875,66853.93080357143,2.046196714900304,0.007300221613870421,trail,3.5692950723504104,471
1784676901,1784687701,1784683390,1784694190,1784683486,1784694286,SELL,1.8195074668778812,85.59151785714286,66342.2265625,66329.38783482143,0.09999999999995143,0.011683400704133524,be,0.5538662146303299,6489
1784688000,1784698800,1784689255,1784700055,1784690378,1784701178,SELL,1.518181998068664,132.82198660714286,66240.953125,66221.02982700893,0.10000000000001252,0.0075288739879924545,be,0.7447703315309411,1255
1784701800,1784712600,1784701959,1784712759,1784702708,1784713508,BUY,-1.0005111282573276,140.24776785714286,65883.8828125,65904.91997767857,0.0999999999999842,0.007130238258184654,be,0.6365408795021565,159
1784712600,1784723400,1784712748,1784723548,1784715634,1784726434,SELL,2.262776403801471,133.09709821428572,65947.2734375,65927.30887276786,0.1000000000000104,0.007513311810825541,be,0.9795480273363799,148
1784723400,1784734200,1784723666,1784734466,1784724376,1784735176,SELL,1.1533266521392171,107.79966517857143,65787.28125,65771.11130022322,0.09999999999998972,0.00927646666010964,be,0.5962304000993907,266
1784734200,1784745000,1784734391,1784745191,1784737692,1784748492,SELL,1.6508776737095134,203.65485491071428,65984.203125,65953.65489676339,0.10000000000002177,0.008592969712247859,be,0.5238258991997523,191
1784748903,1784759703,1784749598,1784760398,1784764706,1784775506,SELL,1.0530051712427462,195.30970982142858,65819.8828125,66112.84737723214,-1.0000000000000069,0.005120073143902055,stop,0.31504450063572337,695
1784777100,1784787900,1784777154,1784787954,1784789623,1784800423,SELL,2.3106733001769317,148.49888392857142,65565.4296875,65788.17801339286,-0.9999999999999908,0.006734057344707076,stop,0.14699184547743416,54
1784789700,1784800500,1784790029,1784800829,1784790216,1784801016,SELL,1.5424756381899527,92.84207589285714,65729.2109375,65715.28462611607,0.09999999999998208,0.010770978464053662,be,0.8109368707662903,329
1784800500,1784811300,1784801695,1784812495,1784803948,1784814748,BUY,-1.2345162595862402,117.44447544642857,65690.7734375,65708.39010881697,0.10000000000000944,0.008514661896175292,be,0.5553821263372462,1195
1784811300,1784822100,1784811499,1784822299,1784811595,1784822395,SELL,3.283790633371288,109.85212053571429,65160.3515625,65143.873744419645,0.09999999999998738,0.009103146986360519,be,0.5242488125777857,199
1784822100,1784832900,1784822547,1784833347,1784823935,1784834735,SELL,1.653677752165743,215.93247767857142,64857.609375,64825.21950334821,0.10000000000000386,0.004631077319867374,be,0.6084258730433569,447
1784832901,1784843701,1784833965,1784844765,1784836626,1784847426,SELL,1.2795989146250093,136.30943080357142,64791.80078125,64771.354366629464,0.09999999999999899,0.007336249547113502,be,0.8895202575875121,1064
1784845200,1784856000,1784845272,1784856072,1784850618,1784861418,BUY,-1.0061632017732745,130.55440848214286,65076.75,65096.33316127232,0.09999999999999044,0.007659641766419395,be,0.8895058206011023,72
1784856003,1784866803,1784860454,1784871254,1784862181,1784872981,SELL,1.1234508138048098,121.52594866071429,64951.26171875,65133.55064174107,-1.0000000000000056,0.008228695278832002,stop,0.4976110609828056,4451
1784867100,1784877900,1784873965,1784884765,1784878564,1784889364,BUY,-2.265184967189852,141.02734375,65427.87109375,65449.0251953125,0.09999999999998624,0.007090823477273357,be,2.4880757831759133,6865
1784889600,1784900400,1784890381,1784901181,1784893787,1784904587,SELL,1.6317421288947163,161.740234375,64922.73828125,64898.47724609375,0.099999999999988,0.006182753498931302,be,0.6223569332576591,781
1784900400,1784911200,1784900531,1784911331,1784901668,1784912468,SELL,2.6452163658765526,156.31082589285714,64188.6015625,64165.15493861607,0.10000000000000797,0.00639750954092871,be,1.9411443402389785,131
1784911200,1784922000,1784911661,1784922461,1784919164,1784929964,SELL,1.3805369192209653,253.69698660714286,63874.19140625,64254.73688616072,-1.0000000000000082,0.003941710200714875,stop,0.07162826505361562,461
1784929800,1784940600,1784932413,1784943213,1784940973,1784951773,BUY,-1.0562968305632239,85.1796875,64183.98046875,64056.2109375,-1.0,0.011739888104191507,stop,0.03907181509676236,2613
1784941200,1784952000,1784941241,1784952041,1784941635,1784952435,BUY,-1.7607122799310941,47.85546875,64074.69140625,64081.8697265625,0.10000000000002027,0.020896253367072074,be,1.2487143906619869,41
1784958900,1784969700,1784961035,1784971835,1784962201,1784973001,SELL,1.1376836691761039,74.60574776785714,63955.421875,63933.76953125,0.19348235578643191,0.013403793004147548,signal,0.2912707050080969,2135
1784969700,1784980500,1784969768,1784980568,1784970270,1784981070,BUY,-2.6774925022696805,51.799386160714285,63796.7109375,63804.48084542411,0.09999999999999197,0.025338138099316454,be,1.747652828725175,68
1784992800,1785003600,1784993018,1785003818,1784993797,1785004597,SELL,1.1912029783492804,71.5859375,64190.37890625,64179.641015625,0.10000000000001355,0.013969224053257666,be,0.5556586270871985,218
1785003901,1785014701,1785011796,1785022596,1785012000,1785022800,SELL,1.0066993505422588,85.43024553571429,64302.078125,64302.26171875,-0.0014326990700520169,0.01170545623191435,signal,0.15564598833373613,7895
1785017100,1785027900,1785017883,1785028683,1785025203,1785036003,BUY,-1.2461210777828846,63.90513392857143,64380.53125,64390.11702008929,0.10000000000002819,0.015648195043573936,be,0.5111947466773782,783
1785033901,1785044701,1785034086,1785044886,1785037202,1785048002,BUY,-1.4194546372391164,59.224330357142854,64431.421875,64549.0703125,1.3243255127359528,0.016884952416847263,signal,2.058908885329313,185
1785045000,1785055800,1785055737,1785066537,1785056774,1785067574,BUY,-3.1121107922746383,57.737723214285715,64450.5,64459.16065848214,0.0999999999999904,0.01731969922486614,be,0.638731563992036,10737
1785057001,1785067801,1785057467,1785068267,1785062892,1785073692,BUY,-1.4267067597079939,64.94419642857143,64498.08984375,64507.83147321428,0.09999999999996799,0.015397834679498195,be,0.7798762673998969,466
1785068100,1785078900,1785068171,1785078971,1785068375,1785079175,BUY,-1.064437743079535,45.3515625,64594.80859375,64526.78125,-1.0,0.022049956933677863,stop,0.0,71
1785078900,1785089700,1785078933,1785089733,1785081946,1785092746,BUY,-1.7699588169047555,101.09040178571429,64678.6015625,64693.76512276786,0.10000000000000547,0.009892135972708303,be,1.1904180973094713,33
1785089700,1785100500,1785091168,1785101968,1785092208,1785103008,BUY,-1.5272185876973248,91.50530133928571,64688.2109375,64701.936732700895,0.10000000000001516,0.010928328581665168,be,0.6460520498239088,1468
1785100500,1785111300,1785100694,1785111494,1785101220,1785112020,BUY,-1.5213137689835625,47.131138392857146,64683.578125,64814.08286830357,1.8459804954672432,0.021217395422631097,trail,3.268970743200843,194
1785111300,1785122100,1785120193,1785130993,1785124229,1785135029,BUY,-2.230580824901286,162.21623883928572,65254.8984375,65279.23087332589,0.0999999999999906,0.006164610936336287,be,0.5474945087833666,8893
1785129904,1785140704,1785131873,1785142673,1785133672,1785144472,BUY,-1.0192942602210249,130.06975446428572,65427.3515625,65446.862025669645,0.10000000000001065,0.007688182422721324,be,2.209571615505073,1969
1785144000,1785154800,1785144107,1785154907,1785148500,1785159300,BUY,-1.019076013967856,128.05915178571428,65155.2890625,65314.51953125,0.8289422845074269,0.0078088913291674295,signal,1.6689980042007653,107
1785154800,1785165600,1785156324,1785167124,1785158077,1785168877,BUY,-1.9898223023066064,102.33761160714286,65095.6796875,64942.17327008928,-1.0000000000000204,0.009771578447998516,stop,0.1482531667657275,1524
1785168600,1785179400,1785168980,1785179780,1785172822,1785183622,SELL,1.1060962209923952,304.94168526785717,64487.94921875,64945.36174665178,-0.999999999999993,0.004752445533076344,stop,0.02793823101789624,380
1785195300,1785206100,1785195371,1785206171,1785196107,1785206907,SELL,3.450586420433388,170.41573660714286,63732.41015625,63706.84779575893,0.10000000000000407,0.005868002685135157,be,0.8150105604401002,71
1785206100,1785216900,1785206599,1785217399,1785215092,1785225892,SELL,1.8369795715659132,216.587890625,63109.12890625,63434.0107421875,-1.0,0.004617063295248573,stop,0.1803901057776415,499
1785216900,1785227700,1785216926,1785227726,1785221429,1785232229,SELL,1.4696875191697805,110.544921875,63400.6015625,63566.4189453125,-1.0,0.009046096220781286,stop,0.3143518436721497,26
1785230700,1785241500,1785231049,1785241849,1785231737,1785242537,BUY,-1.0811773557632895,97.13643973214286,63485.01171875,63499.58218470982,0.09999999999998717,0.010294797737672237,be,0.7359573960825767,349
1785245700,1785256500,1785245717,1785256517,1785245954,1785256754,BUY,-1.4859320620363023,142.67410714285714,63293.8984375,63079.88727678572,-0.9999999999999853,0.00700898025595294,stop,0.4627569698676429,17
1785256500,1785267300,1785256912,1785267712,1785258379,1785269179,BUY,-2.7904106728452684,275.830078125,63880.12109375,63921.49560546875,0.1,0.003625420428394406,be,0.7235970968312976,412
1785271800,1785282600,1785272704,1785283504,1785275262,1785286062,BUY,-1.0016086191623306,136.18387276785714,63971.58984375,63992.01742466518,0.10000000000000915,0.007343013380920868,be,0.5524757059762376,904
1785283500,1785294300,1785283536,1785294336,1785283564,1785294364,BUY,-1.1941006498359608,110.95424107142857,64066.4296875,64083.07282366072,0.10000000000001873,0.009012724437962078,be,0.847935422219987,36
1785294300,1785305100,1785294500,1785305300,1785297844,1785308644,BUY,-1.853363953309951,201.54547991071428,63942.3515625,63640.03334263393,-1.0000000000000033,0.004961659276323167,stop,0.2083315451609286,200
1785305100,1785315900,1785305673,1785316473,1785310482,1785321282,BUY,-3.1317011243747084,146.44029017857142,64117.46875,64416.22907366072,1.360100754131734,0.00682872178674725,trail,2.5401511311975797,573
1785315900,1785326700,1785316406,1785327206,1785322337,1785333137,BUY,-1.5928212619585644,128.61272321428572,64440.69921875,64459.99112723214,0.09999999999998814,0.00777528050886434,be,1.9444579431953277,506
1785326700,1785337500,1785332717,1785343517,1785333061,1785343861,BUY,-1.3200711412758799,131.03822544642858,64498.62109375,64518.276827566966,0.10000000000000844,0.00763136097572401,be,0.839300657310584,6017
1785342000,1785352800,1785342975,1785353775,1785344467,1785355267,SELL,1.211423354049079,229.35407366071428,63851.80078125,63817.397670200895,0.09999999999999395,0.004360070802489036,be,1.069613931788736,975
1785354600,1785365400,1785355214,1785366014,1785359588,1785370388,SELL,1.2018439775991512,340.26171875,63509.609375,63458.5701171875,0.1000000000000057,0.0029389142089613924,be,0.7685490259106617,614
1785378000,1785388800,1785378131,1785388931,1785381061,1785391861,BUY,-1.5707156454128322,174.23604910714286,64390.69140625,64129.33733258928,-1.000000000000012,0.0057393404242371835,stop,0.011882228222053544,131
1785410100,1785420900,1785410233,1785421033,1785411546,1785422346,BUY,-2.193523355245009,111.75111607142857,64627.55078125,64644.313448660716,0.10000000000000991,0.008948456491126447,be,0.5219466887714848,133
1785420900,1785431700,1785421597,1785432397,1785424994,1785435794,BUY,-1.4746885994289616,168.18275669642858,64767.859375,64793.086788504464,0.10000000000000081,0.005945912765629173,be,0.5535737689687723,697
1785431700,1785442500,1785431969,1785442769,1785432811,1785443611,BUY,-1.0659395095742337,177.18136160714286,64838.9296875,64865.50689174107,0.09999999999998749,0.005643934502644019,be,0.5213364030625903,269
1785442500,1785453300,1785442743,1785453543,1785443152,1785453952,BUY,-1.3071402698797179,107.33482142857143,64792.37109375,64808.471316964286,0.09999999999999871,0.009316641018175769,be,0.5313032899388596,243
1785453900,1785464700,1785454370,1785465170,1785454860,1785465660,BUY,-1.1640248532394435,112.09263392857143,64945.1015625,64961.91545758928,0.09999999999998145,0.008921192811270972,be,1.0456265246179122,470
1785464700,1785475500,1785465359,1785476159,1785465990,1785476790,SELL,2.6990637009731366,214.30245535714286,64286.5390625,64254.39369419643,0.10000000000000324,0.004666302111814181,be,0.5045621435825326,659
1785475502,1785486302,1785475751,1785486551,1785483252,1785494052,SELL,1.3291792194377385,152.84598214285714,64306.16015625,64000.32142857143,1.3339734696361247,0.006542533771449434,trail,2.5009602044541803,249
1785486600,1785497400,1785486603,1785497403,1785487631,1785498431,SELL,2.1602187720378865,122.62890625,63879.140625,63860.7462890625,0.09999999999998417,0.008154684165259772,be,0.7585448985442614,3
1785497400,1785508200,1785497621,1785508421,1785504156,1785514956,SELL,1.7706311232908698,109.740234375,63823.859375,63807.39833984375,0.10000000000000885,0.009112428141740972,be,2.0775268300496554,221
1785508200,1785519000,1785508415,1785519215,1785511731,1785522531,SELL,3.6303633552198242,194.12639508928572,62574.359375,62545.2404157366,0.10000000000001215,0.00515128300579663,be,0.595898808334615,215
1785530101,1785540901,1785533059,1785543859,1785542095,1785552895,BUY,-1.007193054446788,124.19949776785714,63013.44921875,62827.14997209822,-0.9999999999999832,0.008051562349061289,stop,0.12278632582318463,2958
1785542700,1785553500,1785543920,1785554720,1785546900,1785557700,BUY,-1.2315008847624584,76.04436383928571,62957.83984375,62943.921875,-0.12201622007047208,0.013150218497631568,signal,0.4874827091504827,1220
1785553500,1785564300,1785553884,1785564684,1785554308,1785565108,SELL,2.2140631144479013,63.38671875,62984.9609375,62975.4529296875,0.1000000000000306,0.01577617550995255,be,0.7444999075614717,384
1785578400,1785589200,1785578403,1785589203,1785578613,1785589413,BUY,-1.7270977273425878,55.339285714285715,63069.1015625,62986.09263392857,-0.9999999999999875,0.0180703452726686,stop,0.2554553888351081,3
1785589200,1785600000,1785593300,1785604100,1785597908,1785608708,BUY,-1.1639581127022214,44.581752232142854,63096.44921875,63029.57659040178,-1.0000000000000469,0.022430702023394523,stop,0.01209155030948611,4100
1785600000,1785610800,1785602251,1785613051,1785602529,1785613329,BUY,-2.157838400171996,31.759207589285715,62990.48046875,62942.84165736607,-0.9999999999999782,0.031486931693388974,stop,0.4382341313419723,2251
1785610800,1785621600,1785610908,1785621708,1785621900,1785632700,SELL,1.694931698834025,129.58984375,62492.94921875,62687.333984375,-1.0,0.007716654107008289,stop,0.4777392614920874,108
1785622200,1785633000,1785626187,1785636987,1785633274,1785644074,SELL,1.2928751377253487,141.10239955357142,62764.01171875,62975.665318080355,-0.9999999999999903,0.0070870516955336155,stop,0.16181178578278899,3987
1785633300,1785644100,1785633708,1785644508,1785636404,1785647204,SELL,1.2949391909569248,80.90318080357143,62960.03125,63081.386021205355,-0.9999999999999829,0.012360453446545521,stop,0.41938632279958754,408
1785644100,1785654900,1785646591,1785657391,1785659324,1785670124,BUY,-2.9959217628992065,142.76227678571428,63583.41015625,63369.26674107143,-1.0000000000000049,0.007086737286479303,stop,0.23837704725794473,2491
1785680400,1785691200,1785680547,1785691347,1785683256,1785694056,SELL,1.746321468367034,85.302734375,63072.58984375,63059.79443359375,0.1,0.011722953634802519,be,0.5760732684602176,147
1785720600,1785731400,1785720637,1785731437,1785728787,1785739587,BUY,-1.4772565241528057,172.19698660714286,63218.140625,62959.84514508928,-1.0000000000000122,0.005807302553333528,stop,0.24263635980646645,37
1785731400,1785742200,1785732554,1785743354,1785739733,1785750533,SELL,1.9281111832154136,123.39229910714286,62901.23046875,62647.24693080357,1.3722279255363194,0.008104233467047155,trail,2.5583418883044877,1154
1785742200,1785753000,1785742653,1785753453,1785745662,1785756462,SELL,1.7205532927890232,108.09988839285714,62565.4609375,62347.49916294643,1.3441998124392427,0.009250703352863744,trail,2.5162997186588547,453
1785753000,1785763800,1785753199,1785763999,1785754371,1785765171,SELL,1.5206199575777322,123.22237723214286,62667.4609375,62648.977580915176,0.1000000000000135,0.008115409087718423,be,0.6248864997543186,199
1785765600,1785776400,1785766240,1785777040,1785769345,1785780145,BUY,-1.6433797841162847,197.62527901785714,63394.7890625,63859.02720424107,1.5660551931015012,0.014112883300460687,trail,2.8490827896522464,640
1785776400,1785787200,1785777366,1785788166,1785777934,1785788734,BUY,-1.4508597549764242,290.19754464285717,63845.19921875,63888.72885044643,0.10000000000000428,0.003445928535441913,be,0.6691966294511512,966
1785817500,1785828300,1785818298,1785829098,1785820031,1785830831,BUY,-1.4377455618144257,155.18722098214286,63890.46875,63913.74683314732,0.09999999999999822,0.006443829547763268,be,2.0758947915374395,798
1785828300,1785839100,1785828417,1785839217,1785831115,1785841915,BUY,-1.7032980761412846,106.67745535714286,63589.01171875,63605.01333705357,0.0999999999999883,0.009374051871148635,be,1.378827825031648,117
1785839100,1785849900,1785839525,1785850325,1785840263,1785851063,SELL,1.6656232594391125,86.47712053571429,63436.671875,63566.38755580357,-1.000000000000008,0.011563752282744068,stop,0.0,425
1785849900,1785860700,1785849943,1785860743,1785850277,1785861077,BUY,-1.768268812920363,138.18694196428572,63914.48828125,63935.21632254464,0.09999999999999598,0.0072365737730736455,be,0.6585282133497017,43
1785860700,1785871500,1785863303,1785874103,1785873592,1785884392,BUY,-1.6281856171904074,226.84849330357142,64113.08984375,64147.11711774553,0.09999999999999085,0.004408228529258018,be,1.209886534854402,2603
1785873600,1785884400,1785876009,1785886809,1785885859,1785896659,BUY,-1.2175146290414107,161.67271205357142,64307.78125,64332.03215680803,0.09999999999998715,0.006185335714963715,be,1.265625997739177,2409
1785885900,1785896700,1785895283,1785906083,1785895553,1785906353,BUY,-1.5795784936708335,141.92159598214286,64341.671875,64362.96011439732,0.09999999999999122,0.007046143985907712,be,0.9183107341633785,9383
1785896700,1785907500,1785896750,1785907550,1785899937,1785910737,BUY,-3.868546426865836,158.322265625,64451.51953125,64214.0361328125,-1.0,0.006316230986541,stop,0.05988083048568362,50
1785915600,1785926400,1785915833,1785926633,1785916672,1785927472,SELL,1.038261406255344,102.15987723214286,63985.62109375,64138.86090959822,-1.0000000000000204,0.00978857871694238,stop,0.1426226508366995,233
1785926400,1785937200,1785926752,1785937552,1785931765,1785942565,SELL,1.2067533152686498,106.060546875,64136.0390625,64120.12998046875,0.09999999999999085,0.009428576690053956,be,1.4457764764377659,352
1785939300,1785950100,1785939378,1785950178,1785942931,1785953731,BUY,-1.0282739649025785,193.16768973214286,64518.44921875,64547.42437220982,0.09999999999998853,0.005176849199711691,be,1.0410724628888957,78
1785950100,1785960900,1785951445,1785962245,1785953333,1785964133,BUY,-1.1865113548378001,206.38504464285714,64628.1796875,64659.13744419643,0.10000000000000134,0.004845312322559363,be,0.723011448131905,1345
1785960900,1785971700,1785961248,1785972048,1785961280,1785972080,BUY,-1.5182674139570875,110.6484375,64927.0703125,64943.667578125,0.10000000000000876,0.027642448633764034,be,0.6771870366447786,348
1785982500,1785993300,1785982646,1785993446,1785982846,1785993646,SELL,1.1934499999879495,99.05691964285714,64494.8515625,64479.99302455357,0.099999999999993,0.01009520590389274,be,0.5974311306405273,146
1785993300,1786004100,1785993403,1786004203,1785996771,1786007571,BUY,-1.832096169409048,105.76283482142857,64929.75,64771.105747767855,-1.000000000000013,0.009455117212850939,stop,0.35892511357220874,103
1786004104,1786014904,1786004424,1786015224,1786007256,1786018056,BUY,-1.3005912518285931,101.80719866071429,64784.01953125,64799.29061104911,0.10000000000001497,0.009822488126135656,be,1.8311266536394455,320
1786015200,1786026000,1786015503,1786026303,1786019797,1786030597,SELL,2.441329794959788,99.58091517857143,64560.30078125,64545.363643973214,0.09999999999999862,0.010042084853375474,be,1.3988702654539953,303
1786026000,1786036800,1786026679,1786037479,1786026878,1786037678,SELL,1.7101722225600244,134.72712053571428,64339.12109375,64541.21177455357,-1.000000000000005,0.007422410543799264,stop,0.043809618483127685,679
1786048201,1786059001,1786049685,1786060485,1786053940,1786064740,SELL,1.0861977752794585,96.16685267857143,64411.69140625,64397.26637834821,0.10000000000000865,0.010398593404552866,be,0.6372388020727553,1484
1786059300,1786070100,1786059483,1786070283,1786060519,1786071319,SELL,1.8257557891033507,69.06417410714286,64180.1015625,64283.69782366072,-1.00000000000003,0.014479287024393396,stop,0.23749424302901512,183
1786070100,1786080900,1786072960,1786083760,1786078739,1786089539,SELL,1.1459453987340573,124.54631696428571,64244.140625,64225.45867745535,0.10000000000001892,0.008029141482254792,be,0.8798496328191159,2860
1786093500,1786104300,1786093896,1786104696,1786094442,1786105242,BUY,-1.0485185652366324,102.29520089285714,64699.78125,64715.125530133926,0.09999999999998374,0.009775629660744191,be,0.560342147038126,396
1786104300,1786115100,1786104487,1786115287,1786105254,1786116054,BUY,-1.629238536972199,118.92689732142857,65067.01953125,65084.85856584821,0.09999999999998485,0.008408526771679406,be,1.5297606479070183,187
1786115100,1786125900,1786115184,1786125984,1786117071,1786127871,BUY,-1.112355138224638,224.64090401785714,64960.28125,64993.97738560268,0.10000000000000556,0.004451549037215894,be,0.6760094545734574,84
1786125900,1786136700,1786127092,1786137892,1786129244,1786140044,SELL,2.5793133192856255,154.34012276785714,64771.2890625,64748.13804408482,0.09999999999999551,0.006479196608545525,be,0.7501441729714095,1192
