signal_ts,signal_ts_server,confirm_ts,confirm_ts_server,exit_ts,exit_ts_server,side,z,atr,entry,exit,R,spread_atr_entry,kind,mfe_atr,confirm_lag_s
1777596600,1777607400,1777596726,1777607526,1777598136,1777608936,SELL,1.7755242508532492,126.7109375,76401.1328125,76559.521484375,-1.0,0.007891978543683334,stop,0.37597879030766385,126
1777618200,1777629000,1777618517,1777629317,1777622618,1777633418,BUY,-1.1671790563238862,176.58426339285714,76997.2890625,77023.77670200892,0.11999999999997552,0.005663018780870879,be,0.6377532478613572,317
1777629000,1777639800,1777629468,1777640268,1777631982,1777642782,BUY,-2.375000331185677,138.63169642857142,77215.4375,77236.23225446428,0.11999999999997361,0.0072133575925419045,be,1.3744263931601914,468
1777639800,1777650600,1777640470,1777651270,1777642469,1777653269,BUY,-3.1962675860850283,171.64118303571428,78014.9609375,78386.32784598214,1.7308988526599596,0.005826107594422283,trail,2.6636235658249374,670
1777675500,1777686300,1777681485,1777692285,1777683300,1777694100,BUY,-1.0369698362977025,157.10267857142858,78278.0390625,78294.609375,0.08437952885680998,0.006365263845869682,signal,0.48927992952743593,5985
1777686300,1777697100,1777687016,1777697816,1777690336,1777701136,SELL,1.2007125362017868,122.40234375,78259.609375,78412.6123046875,-1.0,0.00816977820328706,stop,0.38429870751555767,716
1777697100,1777707900,1777697175,1777707975,1777718778,1777729578,SELL,1.1756529610483868,127.35993303571429,78136.921875,78190.7890625,-0.33836190843407277,0.007851762922328013,time,0.3150519872584115,75
1777735500,1777746300,1777745072,1777755872,1777745100,1777755900,SELL,1.1668148837072696,98.89732142857143,78306.0390625,78307.2421875,-0.009732316164853518,0.010111497314133525,signal,0.0,9572
1777746300,1777757100,1777746582,1777757382,1777759644,1777770444,BUY,-1.933323775861755,75.67522321428571,78360.8671875,78704.44363839286,3.632115625691299,0.013214364722365608,trail,5.040144532114152,282
1777762500,1777773300,1777762883,1777773683,1777763562,1777774362,SELL,1.1361596785117216,91.24720982142857,78725.640625,78711.95354352679,0.11999999999996355,0.01095923921352781,be,0.8278506559031281,383
1777773303,1777784103,1777773972,1777784772,1777782301,1777793101,BUY,-1.6163459183248334,156.11160714285714,78260.3671875,78183.6328125,-0.3932282879121508,0.006405673596614144,signal,0.0,669
1777784400,1777795200,1777789348,1777800148,1777789742,1777800542,SELL,1.3718080812751632,90.09040178571429,78089.1171875,78075.60362723214,0.12000000000005907,0.011099961596115013,be,0.6852491916601627,4948
1777812000,1777822800,1777812282,1777823082,1777814829,1777825629,BUY,-1.1776689117963228,129.37165178571428,78751.609375,78589.89481026786,-1.000000000000013,0.007729668642218139,stop,0.3629924860029159,282
1777822800,1777833600,1777826097,1777836897,1777827725,1777838525,BUY,-1.160577433329591,115.23325892857143,78693.5,78549.45842633929,-0.9999999999999712,0.008678050150606785,stop,0.4471229745566543,3297
1777833900,1777844700,1777834113,1777844913,1777838693,1777849493,BUY,-1.083740365981702,100.06473214285714,78687.28125,78702.29095982143,0.1200000000000266,0.00999353097325392,be,1.3157108121974614,213
1777844700,1777855500,1777845287,1777856087,1777845812,1777856612,BUY,-3.4255317822885227,152.50111607142858,78719.9375,79052.31194196429,1.7435908695047824,0.006557329059359928,trail,2.6794885868809506,587
1777855500,1777866300,1777856196,1777866996,1777859768,1777870568,BUY,-1.4933382184673023,266.97767857142856,78476.609375,79706.85491071429,3.686437135260786,0.0037456314900590273,trail,5.108046419075967,696
1777866300,1777877100,1777866487,1777877287,1777871340,1777882140,BUY,-2.6441757481658676,400.56529017857144,80110.6015625,80170.68635602678,0.11999999999999085,0.002496471922353036,be,1.1910316475182254,187
1777885200,1777896000,1777885301,1777896101,1777887782,1777898582,SELL,1.0760250578221051,178.56640625,79603.6171875,79826.8251953125,-1.0,0.00835648502614136,stop,0.0,101
1777896000,1777906800,1777899637,1777910437,1777900949,1777911749,SELL,1.4896421025054107,313.56808035714283,78618.328125,79010.28822544643,-1.000000000000016,0.0031891001114049485,stop,0.2699772563061252,3637
1777906800,1777917600,1777906908,1777917708,1777907497,1777918297,BUY,-1.2644171614098278,323.31863839285717,80294.2109375,79890.06263950893,-0.9999999999999846,0.0030929240732015043,stop,0.09244943362553872,108
1777928700,1777939500,1777928951,1777939751,1777934087,1777944887,BUY,-1.262756534757672,197.16573660714286,80071.046875,80100.62173549108,0.12000000000002192,0.005071875150359022,be,1.4805516796341005,251
1777953000,1777963800,1777953805,1777964605,1777959040,1777969840,BUY,-2.57644053138315,228.54129464285714,80941.5078125,80975.78900669643,0.12000000000001164,0.004375576858277214,be,0.9122394065623887,805
1777963800,1777974600,1777965186,1777975986,1777966315,1777977115,BUY,-1.3608781133919599,195.90736607142858,80950.6015625,80979.9876674107,0.11999999999997113,0.0051044532936826694,be,0.501193507773467,1386
1777974600,1777985400,1777975523,1777986323,1777977600,1777988400,BUY,-1.6401839477065943,129.71261160714286,80583.6328125,80743.2578125,0.9844840715007851,0.016442599324571403,signal,1.578609993761965,923
1777985400,1777996200,1777989628,1778000428,1777989806,1778000606,SELL,1.3266534990078045,151.53627232142858,81134.0703125,81323.49065290179,-1.000000000000022,0.006599080105909343,stop,0.0,4228
1778013900,1778024700,1778013997,1778024797,1778018567,1778029367,SELL,1.6134460626661333,175.8671875,81544.6171875,81518.237109375,0.12000000000001323,0.010128381680067522,be,1.5791835102838612,97
1778024700,1778035500,1778028481,1778039281,1778029398,1778040198,SELL,3.0200722249998098,243.38839285714286,80786.203125,81090.43861607143,-1.0000000000000207,0.004108659366459399,stop,0.3617867165575304,3781
1778035500,1778046300,1778045800,1778056600,1778049185,1778059985,SELL,1.1515826084483596,230.63392857142858,81071.828125,81360.12053571429,-1.0000000000000144,0.004335875498432116,stop,0.28460957763927064,10300
1778063100,1778073900,1778063350,1778074150,1778064850,1778075650,SELL,1.6559679602013324,207.67689732142858,82063.9296875,82323.52580915179,-1.000000000000016,0.004815172091348544,stop,0.0,250
1778084700,1778095500,1778085124,1778095924,1778091212,1778102012,SELL,1.679264683905353,348.1244419642857,81419.0,81366.78133370535,0.12000000000001146,0.002872536022916169,be,0.5708940928669095,424
1778097300,1778108100,1778099496,1778110296,1778099785,1778110585,SELL,1.0106377131728759,211.56919642857142,81394.703125,81362.96774553572,0.11999999999999371,0.0047265859911587525,be,0.6732061656626188,2196
1778108100,1778118900,1778108404,1778119204,1778109108,1778119908,SELL,1.7201478906866738,163.57979910714286,81280.140625,81255.60365513393,0.11999999999996949,0.006113224282327255,be,2.0615893700854553,304
1778118900,1778129700,1778119473,1778130273,1778122032,1778132832,SELL,2.44129029787322,191.92410714285714,81054.3671875,81025.57857142857,0.1199999999999896,0.005210392872926892,be,1.1349294038287083,573
1778129700,1778140500,1778134162,1778144962,1778135523,1778146323,SELL,1.6307580349092201,171.53515625,80883.109375,81097.5283203125,-1.0,0.005829708742285883,stop,0.22075467401452872,4462
1778147400,1778158200,1778147526,1778158326,1778150509,1778161309,SELL,1.1779384008646918,193.64285714285714,80858.8203125,80829.77388392857,0.1199999999999897,0.00516414607156031,be,1.7241389247510144,126
1778158200,1778169000,1778159595,1778170395,1778159799,1778170599,SELL,1.5019803121925908,193.76450892857142,80935.0390625,80905.97438616071,0.12000000000000516,0.00516090384936612,be,0.541532028131534,1395
1778169000,1778179800,1778169466,1778180266,1778170862,1778181662,SELL,2.5488708313528017,287.1205357142857,79876.4609375,79833.39285714286,0.12000000000000578,0.003482857809220244,be,0.714339578636399,466
1778179800,1778190600,1778181906,1778192706,1778184147,1778194947,SELL,1.4499506237155828,259.9564732142857,79889.46875,80214.41434151786,-0.9999999999999936,0.0038467978413281754,stop,0.011720712172796785,2106
1778194500,1778205300,1778201286,1778212086,1778203964,1778214764,SELL,1.0933746999012341,205.625,79798.78125,79767.9375,0.12,0.004863221884498481,be,1.1000759878419453,6786
1778205300,1778216100,1778205684,1778216484,1778205841,1778216641,SELL,1.5358660688221848,149.03292410714286,79639.6484375,79617.29349888393,0.12000000000001339,0.0067099267225078345,be,0.9240827208153759,384
1778219100,1778229900,1778219247,1778230047,1778221044,1778231844,SELL,1.2164863596942963,157.11439732142858,79636.109375,79612.54221540179,0.11999999999999364,0.006364789077567315,be,1.4830953049025213,147
1778229901,1778240701,1778231037,1778241837,1778232078,1778242878,SELL,2.4574040042900864,147.81584821428572,79787.546875,79972.31668526786,-0.9999999999999886,0.0067651744524059405,stop,0.0,1136
1778244300,1778255100,1778249907,1778260707,1778249947,1778260747,BUY,-1.0419108706914424,170.06082589285714,80230.96875,80256.47787388392,0.11999999999997459,0.009233828494925333,be,0.9967481435542036,5607
1778255100,1778265900,1778257836,1778268636,1778261696,1778272496,SELL,1.088150371940238,316.33984375,79808.296875,80203.7216796875,-1.0,0.0038032673524072956,stop,0.3570625933837966,2736
1778297400,1778308200,1778297418,1778308218,1778298895,1778309695,SELL,1.9775568997295567,106.26395089285714,80355.0703125,80339.13071986607,0.12000000000004696,0.009410529079690167,be,0.8805461467769463,18
1778308200,1778319000,1778308466,1778319266,1778308752,1778319552,BUY,-2.916047110036018,113.67633928571429,80314.8515625,80172.75613839286,-1.0000000000000147,0.008796905374359378,stop,0.025909635360417852,266
1778319002,1778329802,1778323155,1778333955,1778323660,1778334460,BUY,-1.929319443553339,96.95647321428571,80263.21875,80277.76222098214,0.11999999999999314,0.010313906507200167,be,0.558884808858909,4153
1778337000,1778347800,1778338059,1778348859,1778338341,1778349141,BUY,-2.0690335332686494,76.62332589285714,80323.0234375,80227.24428013393,-0.999999999999935,0.01305085609828926,stop,0.17322972274213636,1059
1778347800,1778358600,1778347897,1778358697,1778352141,1778362941,BUY,-1.0881310892113072,132.65680803571428,80830.9765625,80850.87508370535,0.11999999999996994,0.007538248619179627,be,1.5905704586469014,97
1778358600,1778369400,1778367822,1778378622,1778369089,1778379889,BUY,-1.3739825616086359,129.33761160714286,80814.140625,80652.46861049107,-1.0000000000000384,0.0077317030025067625,stop,0.0,9222
1778369400,1778380200,1778370694,1778381494,1778372734,1778383534,BUY,-1.1952577879924453,93.67633928571429,80663.546875,80677.59832589286,0.12000000000003196,0.010675054209259656,be,0.8030476326637596,1294
1778381700,1778392500,1778383323,1778394123,1778384380,1778395180,SELL,1.0200623503677262,89.55803571428571,80694.453125,80806.40066964286,-0.9999999999999815,0.011165943871192862,stop,0.30121878271272623,1623
1778403300,1778414100,1778405698,1778416498,1778406499,1778417299,SELL,1.8392186859517556,80.39787946428571,80771.1015625,80759.04188058036,0.11999999999993381,0.012438138998979685,be,0.7214120619408217,2398
1778420100,1778430900,1778420323,1778431123,1778422801,1778433601,SELL,1.0528539121248994,97.90680803571429,80921.8515625,80883.0625,0.31694680505446027,0.010213794321996705,signal,0.5281648798226265,223
1778430900,1778441700,1778431160,1778441960,1778432808,1778443608,BUY,-3.27929922311597,143.73604910714286,81257.796875,81279.35728236607,0.11999999999996529,0.011577210521207415,be,0.9852043094244395,260
1778441700,1778452500,1778452049,1778462849,1778452152,1778462952,BUY,-1.18352281269035,163.44252232142858,81473.7109375,81498.22731584821,0.11999999999999389,0.006118358832185571,be,1.3352840154461245,10349
1778452500,1778463300,1778453747,1778464547,1778456025,1778466825,BUY,-2.3275877213072227,300.55245535714283,82116.0234375,82161.10630580357,0.11999999999998341,0.0033272062236580704,be,1.0656677621196087,1247
1778480100,1778490900,1778480308,1778491108,1778482309,1778493109,SELL,1.4035438114911833,174.34598214285714,80803.46875,80777.31685267857,0.11999999999998856,0.005735721510235959,be,0.5151842984623657,208
1778490900,1778501700,1778492363,1778503163,1778494196,1778504996,SELL,1.1665361519384592,158.88392857142858,80832.6875,81031.29241071429,-1.0000000000000209,0.006293902781680247,stop,0.12804158471480753,1463
1778506500,1778517300,1778506918,1778517718,1778507286,1778518086,BUY,-1.7515538390046173,184.22488839285714,80946.109375,80973.74310825893,0.12000000000001446,0.005428148219949051,be,1.4284087225979991,418
1778517300,1778528100,1778521474,1778532274,1778535000,1778545800,BUY,-3.300088991926523,312.38058035714283,81973.171875,81582.69614955357,-1.000000000000016,0.003201223324627626,stop,0.40072813539459723,4174
1778535300,1778546100,1778535330,1778546130,1778540950,1778551750,BUY,-1.065781541387006,195.33482142857142,81643.1328125,81672.43303571429,0.12000000000001704,0.006319277796823221,be,1.5032681979202378,30
1778556900,1778567700,1778557603,1778568403,1778558857,1778569657,SELL,1.7202127347206837,217.61160714285714,81076.8984375,81044.25669642857,0.12000000000002292,0.004595343112114063,be,0.5043748076725818,703
1778567700,1778578500,1778568100,1778578900,1778569980,1778580780,SELL,1.0245288251694118,106.89955357142857,81068.9921875,81052.95725446429,0.11999999999999066,0.009354576016370509,be,2.1769121546845964,400
1778578500,1778589300,1778578676,1778589476,1778584865,1778595665,SELL,2.1302331776932615,149.46540178571428,80858.703125,80528.27957589286,1.7685620627086232,0.006690511570254106,trail,2.710702578385765,176
1778589300,1778600100,1778591975,1778602775,1778592693,1778603493,SELL,1.7449382270052565,134.26729910714286,80688.0078125,80667.86771763393,0.12000000000001486,0.0074478298636365525,be,0.8210068701243106,2675
1778600100,1778610900,1778600482,1778611282,1778606181,1778616981,SELL,1.0977758448247312,283.55078125,80304.296875,80261.7642578125,0.12000000000001643,0.00705341029632589,be,1.76054223091653,382
1778621700,1778632500,1778623200,1778634000,1778624058,1778634858,BUY,-1.8263364417966308,125.75,80585.7734375,80604.6359375,0.12000000000001851,0.07293737574552683,be,1.4046346918489065,1500
1778632500,1778643300,1778632583,1778643383,1778633130,1778643930,BUY,-1.1094881354633361,133.23828125,80657.203125,80677.1888671875,0.12000000000003495,0.007505350494004515,be,0.5803160456184585,83
1778643300,1778654100,1778643511,1778654311,1778645143,1778655943,BUY,-1.8071607215864036,180.43582589285714,81130.296875,81157.36224888393,0.12000000000001475,0.00952554733238284,be,0.7565016499608772,211
1778654100,1778664900,1778654293,1778665093,1778656785,1778667585,BUY,-1.4754063991307322,110.31529017857143,81058.0390625,80920.14494977679,-0.9999999999999699,0.009064926524521334,stop,0.018767230695298075,193
1778667300,1778678100,1778667636,1778678436,1778668043,1778678843,BUY,-1.2482969335477472,120.79241071428571,81118.9609375,80967.97042410714,-0.9999999999999862,0.008278665804305646,stop,0.0,336
1778678100,1778688900,1778678696,1778689496,1778679035,1778689835,SELL,2.884606921632432,209.85658482142858,80182.828125,80151.34963727678,0.12000000000000634,0.004765159029205213,be,0.6714034616540313,596
1778710200,1778721000,1778710246,1778721046,1778713411,1778724211,BUY,-1.2058261723256523,149.05970982142858,79337.6328125,79359.99176897321,0.11999999999997768,0.008281077438556427,be,0.8068285195515039,46
1778721000,1778731800,1778721365,1778732165,1778723301,1778734101,SELL,1.4333874993757838,153.4609375,79508.21875,79485.199609375,0.11999999999996966,0.006516316244972764,be,0.8664664256987222,365
1778731800,1778742600,1778732322,1778743122,1778738046,1778748846,BUY,-1.7112873423032104,213.984375,79285.0234375,79854.875,2.130441767068273,0.004673238408178167,trail,3.1630522088353414,522
1778742600,1778753400,1778743645,1778754445,1778744847,1778755647,BUY,-2.467700101304164,178.35212053571428,79800.8671875,79827.62000558036,0.12000000000002985,0.005606885956815714,be,0.5526725009151865,1045
1778753400,1778764200,1778753459,1778764259,1778753562,1778764362,BUY,-1.1573629040403401,144.97935267857142,79604.5078125,79626.25471540178,0.11999999999997477,0.04833662428840314,be,0.7077516425907323,59
1778764200,1778775000,1778765760,1778776560,1778766315,1778777115,SELL,2.043417591859309,174.39453125,79690.5,79908.4931640625,-1.0,0.011423451674319633,stop,0.2286034270355023,1560
1778775000,1778785800,1778775125,1778785925,1778777541,1778788341,BUY,-2.1545427030066775,318.06640625,81548.203125,81150.6201171875,-1.0,0.003143997543751919,stop,0.13897451642615904,125
1778800200,1778811000,1778800531,1778811331,1778801975,1778812775,BUY,-1.1024636273196835,152.23604910714286,81224.8828125,81247.71821986607,0.1200000000000131,0.006568746403134817,be,0.7724435223436349,331
1778811000,1778821800,1778811033,1778821833,1778812669,1778823469,SELL,1.1713592593441249,227.75837053571428,80890.8515625,80856.68780691964,0.12000000000001315,0.009947493893071792,be,0.8001901294399267,33
1778821800,1778832600,1778823062,1778833862,1778828785,1778839585,SELL,2.3825515801395336,235.47265625,80667.1875,80631.8666015625,0.11999999999998022,0.004246777591612614,be,1.6981470114961597,1262
1778832600,1778843400,1778832981,1778843781,1778834116,1778844916,SELL,1.4010859212423263,209.20870535714286,80602.7578125,80571.37650669643,0.12000000000000954,0.004779915818000437,be,1.1071106582520231,381
1778843402,1778854202,1778846533,1778857333,1778846982,1778857782,SELL,1.4967286252586895,173.26953125,80484.0234375,80458.0330078125,0.12000000000001344,0.005771355141240391,be,0.780485605428681,3131
1778854500,1778865300,1778854932,1778865732,1778856765,1778867565,SELL,3.786473883198226,305.171875,79106.8125,79061.03671875,0.12000000000001526,0.0032768419435768776,be,0.5816394449848958,432
1778865301,1778876101,1778871831,1778882631,1778879260,1778890060,SELL,1.1123973362883006,282.75669642857144,79130.1875,79087.77399553571,0.12000000000001175,0.0035366094335898953,be,0.6182711663706335,6530
1778886900,1778897700,1778894884,1778905684,1778896861,1778907661,SELL,1.3343073641023686,110.3984375,79018.4765625,79156.474609375,-1.0,0.009058099214492958,stop,0.4391055127025688,7984
1778897700,1778908500,1778897896,1778908696,1778898841,1778909641,SELL,1.1870930549864989,88.99107142857143,79120.9765625,79107.62790178572,0.11999999999998505,0.021596267683355073,be,0.6542966790408348,196
1778925000,1778935800,1778925719,1778936519,1778926511,1778937311,SELL,1.019725845201895,236.17689732142858,77941.2265625,77905.80002790179,0.11999999999999578,0.004234114391972195,be,0.6930385205172613,719
1778935800,1778946600,1778936515,1778947315,1778937588,1778948388,SELL,1.1585472753398083,180.01897321428572,77958.2734375,77931.27059151785,0.12000000000002216,0.005554970024240997,be,0.6962807739759573,715
1778946600,1778957400,1778947265,1778958065,1778950026,1778960826,SELL,2.0818499264457326,152.03683035714286,78160.6484375,78137.84291294643,0.11999999999996717,0.006577353642870251,be,0.5895980913929161,665
1778969100,1778979900,1778969645,1778980445,1778970819,1778981619,BUY,-1.3798811313048907,71.90569196428571,78200.71875,78211.50460379464,0.12000000000002313,0.013907104885336231,be,0.635054906678049,545
1778979900,1778990700,1778980100,1778990900,1778980672,1778991472,BUY,-3.005290323784552,96.96651785714286,77975.140625,77989.68560267857,0.11999999999997255,0.01031283810225363,be,1.1371515388688105,200
1779022800,1779033600,1779022887,1779033687,1779024594,1779035394,SELL,1.4262508624861385,133.58147321428572,78279.6328125,78259.59559151786,0.11999999999996014,0.007486068059721444,be,1.0485174076147348,87
1779035700,1779046500,1779036643,1779047443,1779037722,1779048522,SELL,1.1823097852921347,128.72433035714286,78019.859375,78000.55072544643,0.11999999999997932,0.007768539150489435,be,0.90315336795651,943
1779046500,1779057300,1779055323,1779066123,1779055360,1779066160,SELL,1.2987557770109612,121.05747767857143,78144.0,78125.84137834821,0.12000000000002749,0.008260538871090418,be,1.0932306912208727,8823
1779060000,1779070800,1779060081,1779070881,1779061221,1779072021,BUY,-1.539217002905136,164.67633928571428,77879.1328125,77673.28738839286,-1.0000000000000102,0.006072517790579465,stop,0.355099966113182,81
1779083700,1779094500,1779084298,1779095098,1779084789,1779095589,SELL,1.3382298567328696,185.12667410714286,76836.5,76808.73099888393,0.12000000000001078,0.005401706722291385,be,1.6200900083497363,598
1779094500,1779105300,1779095079,1779105879,1779104082,1779114882,SELL,1.0791748103297565,181.96986607142858,76919.5,76892.20452008929,0.11999999999998172,0.005495415376123156,be,1.6037167653101903,579
1779105300,1779116100,1779111002,1779121802,1779111175,1779121975,SELL,1.7936429241748413,162.90290178571428,77168.0,77143.56456473214,0.12000000000003268,0.006138626071347826,be,0.6200012332061304,5702
1779117000,1779127800,1779118241,1779129041,1779119733,1779130533,SELL,1.0248285244752713,336.4302455357143,76023.8125,76444.35030691964,-1.000000000000005,0.0029723843598177427,stop,0.013422173124801994,1241
1779132000,1779142800,1779132063,1779142863,1779150258,1779161058,BUY,-1.2849061827356891,272.54296875,76681.53125,77243.236328125,1.6487824454286164,0.0036691462068767825,trail,2.5609780567857707,63
1779152700,1779163500,1779153019,1779163819,1779153702,1779164502,BUY,-1.1493885355242441,163.24832589285714,77104.09375,76900.03334263393,-0.9999999999999695,0.0061256370901856495,stop,0.10997432838473924,319
1779166500,1779177300,1779167657,1779178457,1779168516,1779179316,SELL,1.1076006259356839,212.59709821428572,76812.671875,76780.78231026785,0.12000000000001876,0.004703733063148666,be,1.0008662008431022,1157
1779177300,1779188100,1779180159,1779190959,1779181143,1779191943,BUY,-3.14410287550113,153.35267857142858,77235.7890625,77044.09821428571,-1.0000000000000215,0.006520916421647113,stop,0.33842537335157635,2859
1779192900,1779203700,1779196853,1779207653,1779197452,1779208252,SELL,1.0357878523955542,178.45535714285714,76669.2109375,76642.44263392857,0.12000000000000187,0.0056036423675389,be,0.6317231200280182,3953
1779203700,1779214500,1779204015,1779214815,1779209172,1779219972,SELL,3.251632708192728,255.06138392857142,76473.671875,76792.49860491071,-0.999999999999987,0.003920624849585403,stop,0.37687006366639686,315
1779223500,1779234300,1779223684,1779234484,1779228042,1779238842,BUY,-1.0155139802042266,160.45647321428572,76957.75,76757.17940848214,-0.9999999999999896,0.007157314859253385,stop,0.27918396872761164,184
1779255900,1779266700,1779256222,1779267022,1779265368,1779276168,BUY,-2.5312270073791647,143.7890625,77170.4921875,77192.060546875,0.12,0.006954631893507199,be,1.8986688399891334,322
1779266700,1779277500,1779271362,1779282162,1779272768,1779283568,BUY,-1.7751931380602382,129.56473214285714,77547.4296875,77566.86439732143,0.12000000000003852,0.007718149711430786,be,0.6312602291325696,4662
1779277500,1779288300,1779278538,1779289338,1779281829,1779292629,BUY,-1.8241662864443622,121.54129464285714,77400.3515625,77657.02622767857,1.6894647432070922,0.008227656311695945,trail,2.6118309290089163,1038
1779288300,1779299100,1779288776,1779299576,1779290786,1779301586,BUY,-1.0315932457520824,218.94921875,77467.0625,77499.9048828125,0.11999999999997873,0.004567269094217766,be,1.6210950741289183,476
1779309000,1779319800,1779310049,1779320849,1779314329,1779325129,BUY,-1.1908994273802662,177.43247767857142,77720.5703125,77498.77971540179,-0.9999999999999812,0.005635946773011615,stop,0.08075254985705704,1049
1779321900,1779332700,1779321921,1779332721,1779324320,1779335120,SELL,1.5361482612968236,125.42745535714286,77562.828125,77719.61244419643,-1.0000000000000397,0.007972736089978021,stop,0.41557886869010435,21
1779332700,1779343500,1779332801,1779343601,1779336557,1779347357,BUY,-2.0219530482064076,167.16629464285714,77972.71875,77997.79369419643,0.120000000000002,0.00598206715137434,be,1.0209238822013473,101
1779343500,1779354300,1779350204,1779361004,1779350400,1779361200,BUY,-1.1402964008350545,113.77287946428571,77850.4296875,77845.609375,-0.0338942814681113,0.022248272276475002,signal,0.17551414795885836,6704
1779354301,1779365101,1779354401,1779365201,1779356300,1779367100,BUY,-1.0793004840482865,157.95703125,77915.59375,77718.1474609375,-1.0,0.006330835620842298,stop,0.21856220787892278,100
1779365400,1779376200,1779366051,1779376851,1779368106,1779378906,SELL,1.845840127144296,165.71205357142858,77113.2265625,77320.36662946429,-1.00000000000002,0.006034564043157909,stop,0.37225716941230347,651
1779387000,1779397800,1779387511,1779398311,1779389356,1779400156,BUY,-2.0705050799965528,258.6791294642857,77801.2109375,77477.86202566964,-0.9999999999999934,0.003865793123979351,stop,0.2579510864992784,511
1779408600,1779419400,1779414430,1779425230,1779414770,1779425570,BUY,-1.0428363192981087,127.14787946428571,77545.453125,77564.52530691965,0.1200000000000314,0.007864857866393972,be,0.6991735754820079,5830
1779419400,1779430200,1779425153,1779435953,1779429051,1779439851,SELL,1.1314633753558616,141.11886160714286,77635.3984375,77614.23060825893,0.11999999999996463,0.0070862249639164045,be,1.0095102516954346,5753
1779430200,1779441000,1779431263,1779442063,1779433038,1779443838,SELL,1.5220461097455242,111.16908482142857,77384.6015625,77367.92619977679,0.11999999999997008,0.008995306578319906,be,0.5323394322716662,1063
1779441000,1779451800,1779448808,1779459608,1779450459,1779461259,SELL,1.5831439612117113,135.23660714285714,77156.25,77325.29575892857,-0.9999999999999631,0.007394447562143069,stop,0.12535899382695673,7808
1779451800,1779462600,1779456178,1779466978,1779458782,1779469582,SELL,1.8111118082496174,111.1015625,77359.3515625,77049.01953125,2.2345826594472964,0.009000773503972997,trail,3.2932283243091205,4378
1779462600,1779473400,1779462721,1779473521,1779463669,1779474469,SELL,3.7171729766827997,160.18973214285714,76789.40625,76765.37779017857,0.12000000000003115,0.006242597366404236,be,1.5836689193896747,121
1779475200,1779486000,1779475437,1779486237,1779475576,1779486376,SELL,1.2397393677171658,198.33035714285714,76599.546875,76162.81361607143,1.7616395804258516,0.0050420924683743755,trail,2.702049475532346,237
1779486000,1779496800,1779486239,1779497039,1779496383,1779507183,SELL,1.1636534566529935,232.6796875,75915.40625,75375.91796875,1.854870227982406,0.004297753752140483,trail,2.8185877849780074,239
1779500100,1779510900,1779500755,1779511555,1779507176,1779517976,SELL,1.0815830095181727,196.01729910714286,75363.09375,75608.11537388393,-1.0000000000000253,0.012793832541429071,stop,0.23459345276900784,655
1779510900,1779521700,1779510999,1779521799,1779520073,1779530873,SELL,1.2019271116559394,87.48381696428571,75548.6171875,75265.03878348214,2.5931964457712016,0.011430685522194794,trail,3.7414955572140256,99
1779522300,1779533100,1779522302,1779533102,1779522415,1779533215,SELL,1.0409543398049297,86.53404017857143,75185.5390625,74979.41545758929,1.905595573583334,0.011556145973727824,trail,2.8819944669792155,2
1779533100,1779543900,1779538442,1779549242,1779541481,1779552281,SELL,1.3727823086706836,201.13225446428572,74665.859375,74917.27469308036,-0.9999999999999917,0.0049718529863024335,stop,0.18578416276159798,5342
1779559200,1779570000,1779559533,1779570333,1779560594,1779571394,BUY,-1.2075600619723557,111.70982142857143,75508.328125,75836.66852678571,2.35138072972862,0.008951764376773369,trail,3.439225912160812,333
1779584700,1779595500,1779585799,1779596599,1779606075,1779616875,BUY,-1.0544325627629363,235.30580357142858,76899.203125,76934.49899553572,0.12000000000000566,0.009628428052401414,be,0.567712038855213,1099
1779606300,1779617100,1779615519,1779626319,1779618431,1779629231,BUY,-1.8223751868140274,116.93805803571429,76992.59375,77448.53097098214,3.1191708064308457,0.008551535888295563,trail,4.3989635080385385,9219
1779618600,1779629400,1779620543,1779631343,1779621234,1779632034,BUY,-1.541276160568557,132.66629464285714,77250.3828125,77270.28275669643,0.11999999999998497,0.007537709579453012,be,0.581522516383582,1943
1779640200,1779651000,1779640524,1779651324,1779645025,1779655825,SELL,1.801136753774389,204.29241071428572,76474.46875,76729.83426339286,-0.9999999999999918,0.00489494444019536,stop,0.3595872075871639,324
1779658500,1779669300,1779660090,1779670890,1779660098,1779670898,BUY,-1.1448849641240235,119.38113839285714,76445.3203125,76463.22748325893,0.1200000000000223,0.008376532620330855,be,0.650490111297568,1590
1779669301,1779680101,1779670890,1779681690,1779674400,1779685200,SELL,2.2079330937135597,267.54073660714283,77037.453125,76920.421875,0.349946707882019,0.0037377485488066116,signal,0.6075885473048372,1589
1779680400,1779691200,1779683328,1779694128,1779693526,1779704326,BUY,-1.5207256969332354,191.94308035714286,77134.59375,77163.38521205357,0.12000000000001039,0.005209877835342276,be,2.382501555404376,2928
1779693600,1779704400,1779694371,1779705171,1779696691,1779707491,BUY,-1.9520224164572944,152.0390625,77255.2265625,77278.032421875,0.12000000000001532,0.006577257078259082,be,0.8255485329633626,771
1779722400,1779733200,1779727661,1779738461,1779727861,1779738661,BUY,-1.20978731447381,135.00223214285714,77695.9765625,77716.22689732142,0.11999999999996798,0.007407284932458127,be,0.6298506969130802,5261
1779744000,1779754800,1779744507,1779755307,1779747450,1779758250,BUY,-1.475872951802958,99.21986607142857,77335.203125,77350.08610491072,0.12000000000003688,0.010078626787100258,be,0.8691240818438488,507
1779756900,1779767700,1779757382,1779768182,1779758010,1779768810,SELL,3.512638824895523,158.11830357142858,76627.78125,76825.42912946429,-1.000000000000021,0.006324378502759857,stop,0.2827194827561867,482
1779778500,1779789300,1779778985,1779789785,1779790102,1779800902,SELL,1.3301077838521322,116.78683035714286,76845.21875,76602.75279017857,1.6609130264428327,0.008562609302281133,trail,2.5761412830534876,485
1779791400,1779802200,1779791542,1779802342,1779791795,1779802595,SELL,2.028490986298386,157.48102678571428,77133.2109375,77330.06222098214,-1.0000000000000107,0.006349971297562773,stop,0.016023755696193562,142
1779802200,1779813000,1779802279,1779813079,1779803156,1779813956,SELL,1.3786140019940216,226.32645089285714,76684.2109375,76967.11900111607,-0.9999999999999779,0.004418396506705262,stop,0.16610409367395093,79
1779813000,1779823800,1779815882,1779826682,1779837482,1779848282,SELL,2.3649603212023065,430.953125,76355.2421875,75894.3125,0.8556470033718865,0.002320437982669229,time,1.6549254921866503,2882
1779837601,1779848401,1779838032,1779848832,1779843320,1779854120,SELL,1.7807378325990324,149.87444196428572,75850.328125,76037.67117745536,-0.9999999999999888,0.006672251698780601,stop,0.08799031927766918,431
1779848700,1779859500,1779849585,1779860385,1779850798,1779861598,SELL,1.5486755569572646,128.43805803571428,75681.15625,75841.70382254464,-1.000000000000013,0.022141023023014326,stop,0.07633786784033786,885
1779859500,1779870300,1779860561,1779871361,1779862014,1779872814,SELL,2.178015626306891,142.73549107142858,75577.0078125,75755.42717633929,-1.0000000000000233,0.007005966017937149,stop,0.011056290122057064,1061
1779870300,1779881100,1779871920,1779882720,1779874557,1779885357,SELL,1.2751705087979308,118.17354910714286,75882.8125,75865.08646763393,0.12000000000001688,0.008462130549141272,be,1.8311257183602732,1620
1779881102,1779891902,1779881313,1779892113,1779884257,1779895057,SELL,1.2057630074125056,122.55133928571429,75929.6875,75623.04910714286,2.001697539296591,0.00815984554578074,trail,3.002121924120722,211
1779912300,1779923100,1779917399,1779928199,1779918054,1779928854,SELL,1.3255446047326636,188.38113839285714,75065.09375,74634.22181919643,1.829787990366673,0.005308387073840494,trail,2.7872349879583744,5099
1779923100,1779933900,1779924160,1779934960,1779924623,1779935423,SELL,2.698684922078239,236.13616071428572,74334.7421875,74299.32176339286,0.11999999999999718,0.004234844832638554,be,0.5264772329826353,1060
1779933900,1779944700,1779934920,1779945720,1779938306,1779949106,SELL,1.1343532324515166,197.99386160714286,74157.53125,73597.00474330357,2.264823776440605,0.005050661631036767,trail,3.331029720550725,1020
1779944700,1779955500,1779945111,1779955911,1779950722,1779961522,SELL,2.8739410046472127,304.0552455357143,72968.390625,72922.78233816964,0.12000000000001751,0.0032888760009323376,be,0.7822386013467507,411
1779955500,1779966300,1779956479,1779967279,1779957018,1779967818,SELL,1.6064936443572015,165.77008928571428,73287.40625,73262.54073660714,0.11999999999998998,0.006032451356628291,be,0.5302901770686057,979
1779971100,1779981900,1779971261,1779982061,1779973871,1779984671,BUY,-1.5868833714240325,138.16015625,73291.578125,73312.3021484375,0.1200000000000337,0.007803443693630015,be,1.903022420763946,161
1779981900,1779992700,1779984388,1779995188,1779984776,1779995576,SELL,1.3644833532579739,315.08816964285717,72727.1796875,73121.03989955357,-0.9999999999999841,0.0031737148403047613,stop,0.07187968220346487,2488
1779997202,1780008002,1779997681,1780008481,1779998946,1780009746,BUY,-1.0015432666373825,210.73046875,73483.4296875,73220.0166015625,-1.0,0.004745398261256418,stop,0.07529612397352957,479
1780008300,1780019100,1780008562,1780019362,1780011611,1780022411,BUY,-1.7602091223071292,162.64006696428572,73535.7734375,73560.16944754464,0.1199999999999959,0.006148546410888966,be,0.9762258492851285,262
1780019100,1780029900,1780019215,1780030015,1780021764,1780032564,BUY,-1.7120408786252768,150.69977678571428,73559.6875,73371.31277901786,-1.000000000000011,0.006635709895058026,stop,0.3777688906663112,115
1780029900,1780040700,1780030575,1780041375,1780032805,1780043605,BUY,-1.0273642919181412,160.62276785714286,73446.1328125,73470.22622767858,0.12000000000002692,0.006225767450909546,be,1.0140218735668922,675
1780040700,1780051500,1780041498,1780052298,1780043493,1780054293,BUY,-2.0786905052149223,140.92912946428572,73426.0234375,73728.63699776786,1.7178197944920586,0.008703399394167376,trail,2.647274743115088,798
1780051500,1780062300,1780052138,1780062938,1780055359,1780066159,BUY,-1.2591665470892606,150.88950892857142,73628.1875,73439.57561383929,-0.999999999999978,0.0066273659918489325,stop,0.22936899487414664,638
1780062300,1780073100,1780062566,1780073366,1780062972,1780073772,SELL,1.9639187837926952,159.03738839285714,73178.75,73154.89439174107,0.12000000000003137,0.006287829611045808,be,0.9169424024982895,266
1780073100,1780083900,1780074733,1780085533,1780079279,1780090079,BUY,-1.6323268361434853,398.58091517857144,74208.2578125,73710.03166852679,-0.9999999999999916,0.002508900857814484,stop,0.21162970751424207,1633
1780153200,1780164000,1780154041,1780164841,1780165505,1780176305,BUY,-3.509122669179744,179.34319196428572,73966.3671875,73993.26866629464,0.11999999999997031,0.005575901650056163,be,0.6145253482604867,841
1780165800,1780176600,1780165925,1780176725,1780166783,1780177583,BUY,-1.9575823138283783,139.83482142857142,74000.828125,74021.8033482143,0.12000000000004044,0.007151294575870767,be,0.7040114293011526,125
1780178700,1780189500,1780178961,1780189761,1780182640,1780193440,BUY,-1.0869348565719759,86.69642857142857,73860.671875,73873.67633928571,0.11999999999996164,0.01153450051493306,be,1.2747425334706488,261
1780189800,1780200600,1780189862,1780200662,1780190906,1780201706,BUY,-1.0285687847090912,99.64341517857143,74126.328125,74141.27463727679,0.12000000000001,0.01003578608990765,be,1.2347153073739505,62
1780200600,1780211400,1780201261,1780212061,1780207365,1780218165,BUY,-2.4992432236235564,136.63727678571428,74154.1015625,73983.30496651786,-1.0000000000000122,0.007318647030475304,stop,0.2934891813080448,661
1780211400,1780222200,1780220485,1780231285,1780221140,1780231940,BUY,-1.5845520291700865,72.11272321428571,73999.21875,73909.07784598214,-0.999999999999977,0.013867178431584977,stop,0.0,9085
1780223100,1780233900,1780223212,1780234012,1780227000,1780237800,BUY,-1.4100675172446875,93.5625,73778.09375,73943.6796875,1.4158316633266532,0.01068804275217101,signal,1.7697895791583167,112
1780245000,1780255800,1780248745,1780259545,1780250496,1780261296,BUY,-1.3250845487387795,132.4921875,73617.71875,73637.592578125,0.11999999999998243,0.007547614835780411,be,0.6485052184680701,3745
1780267500,1780278300,1780269710,1780280510,1780270156,1780280956,SELL,2.2672432083844556,127.67633928571429,73834.1015625,73814.95011160715,0.11999999999996873,0.007832304760572737,be,0.6123271385863389,2210
1780278300,1780289100,1780278789,1780289589,1780279452,1780290252,SELL,1.9053646083576075,211.89397321428572,73386.703125,73354.91902901785,0.12000000000001883,0.010618518147869186,be,0.9508735521998135,489
1780289100,1780299900,1780289340,1780300140,1780300210,1780311010,SELL,1.4526434120865792,216.69810267857142,73371.4296875,72777.13030133929,2.194017866569825,0.004614715069671382,trail,3.2425223332123,240
1780300500,1780311300,1780301896,1780312696,1780302596,1780313396,SELL,1.830115238998596,176.50613839285714,72724.8671875,72698.39126674108,0.11999999999997552,0.005665525341528112,be,0.642417459429211,1396
1780311300,1780322100,1780311699,1780322499,1780313743,1780324543,SELL,1.3701208403486806,175.82979910714286,72680.953125,72654.57865513393,0.12000000000001135,0.005687318105793003,be,0.5709089870416741,399
1780322100,1780332900,1780322118,1780332918,1780322297,1780333097,SELL,1.5184699095280778,279.09933035714283,71435.40625,71784.28041294643,-1.000000000000018,0.013492060318387032,stop,0.29265454487289716,18
1780349400,1780360200,1780349789,1780360589,1780350481,1780361281,SELL,1.4693580022398092,169.20535714285714,71060.2734375,71034.89263392857,0.12000000000001573,0.00590997836525777,be,0.8695055669885494,389
1780360200,1780371000,1780360777,1780371577,1780366062,1780376862,SELL,1.0613378603636117,236.15792410714286,71138.9296875,70190.26646205357,3.213657061165678,0.004234454565862073,trail,4.517071326457071,577
1780381800,1780392600,1780382184,1780392984,1780383008,1780393808,SELL,3.1277877826078524,219.85825892857142,70251.40625,70218.42751116071,0.12000000000000455,0.004548384967993787,be,1.206707852563289,384
1780392600,1780403400,1780392814,1780403614,1780395784,1780406584,BUY,-1.0567165240101615,283.91685267857144,69477.703125,69520.2906529018,0.1200000000000199,0.0035221579507015814,be,0.8788609592770141,214
1780404000,1780414800,1780404069,1780414869,1780406024,1780416824,BUY,-1.1608524381149772,230.95758928571428,69163.1875,68874.49051339286,-1.0000000000000073,0.004329799263547536,stop,0.28569909828064444,69
1780414800,1780425600,1780414868,1780425668,1780416900,1780427700,BUY,-4.48680307936865,363.30691964285717,67305.75,67897.4609375,1.3029444924014586,0.0027524936794020697,signal,1.7631657363688586,68
1780425600,1780436400,1780428279,1780439079,1780429710,1780440510,SELL,1.4418741898949454,367.2338169642857,67079.2421875,67024.15711495536,0.11999999999998551,0.0027230607689303628,be,1.847979662139882,2679
1780436400,1780447200,1780436978,1780447778,1780440603,1780451403,SELL,1.3031382913843588,385.34654017857144,67626.078125,66766.07170758929,1.785419258233753,0.0025950667664917794,trail,2.7317740727922017,578
1780447200,1780458000,1780448438,1780459238,1780451577,1780462377,SELL,1.554310749837267,418.80970982142856,66859.546875,66796.72541852678,0.12000000000000875,0.002387719235130385,be,0.9838335951563411,1238
1780458000,1780468800,1780459322,1780470122,1780463700,1780474500,BUY,-2.5213495313830117,341.30636160714283,66089.96875,67117.203125,2.407770825396774,0.002929919018477129,signal,3.3424882402664395,1322
1780468800,1780479600,1780469009,1780479809,1780471014,1780481814,SELL,2.081903251799482,413.4732142857143,67309.75,67247.72901785714,0.1200000000000016,0.0024185363536245656,be,1.1424183204128788,209
1780479600,1780490400,1780480175,1780490975,1780488103,1780498903,BUY,-1.8679299580076385,235.75,66880.296875,66915.659375,0.12000000000000988,0.007621951219512195,be,2.372746553552492,575
1780490400,1780501200,1780490529,1780501329,1780493104,1780503904,BUY,-1.2570601284819212,227.62555803571428,66919.7109375,66953.85477120536,0.11999999999999271,0.004393179784508648,be,1.3181255439379267,129
1780512000,1780522800,1780514488,1780525288,1780515461,1780526261,SELL,1.5446350697587896,379.38755580357144,65798.34375,65741.43561662946,0.12000000000000875,0.003047675081358363,be,0.6170100571806799,2488
1780523400,1780534200,1780523543,1780534343,1780526924,1780537724,SELL,1.0338802094617365,327.81863839285717,65619.7734375,64952.96010044643,1.62727376410969,0.003050467187901629,trail,2.5340922051371093,143
1780534200,1780545000,1780534867,1780545667,1780535774,1780546574,BUY,-3.1240115896890455,443.71010044642856,63379.58984375,62824.95221819197,-0.9999999999999944,0.002253723769176932,stop,0.20731617593885768,667
1780572900,1780583700,1780573012,1780583812,1780575769,1780586569,SELL,1.3755093578932809,429.99525669642856,62345.55078125,62883.04485212053,-0.9999999999999943,0.0023256070489772584,stop,0.4258222844287501,112
1780604100,1780614900,1780604374,1780615174,1780607425,1780618225,SELL,1.201035161751247,411.30357142857144,63321.1484375,63835.27790178572,-1.000000000000006,0.0024312942300178005,stop,0.43612289975252894,274
1780614900,1780625700,1780615099,1780625899,1780617054,1780627854,SELL,1.18177297944514,315.20814732142856,63456.0,63850.01018415178,-0.9999999999999922,0.003172506829210432,stop,0.35760100415506335,199
1780625700,1780636500,1780625952,1780636752,1780629363,1780640163,SELL,1.9470821423762923,296.44056919642856,63047.62890625,62449.00153459822,1.6155072789787228,0.0033733574412933213,trail,2.519384098723414,252
1780639800,1780650600,1780639983,1780650783,1780640681,1780651481,SELL,1.28551266096721,439.8046875,62252.1484375,61297.3515625,1.7367652544630963,0.008801847410960122,trail,2.67095656807887,183
1780650600,1780661400,1780650830,1780661630,1780657819,1780668619,BUY,-1.8018233215994586,590.751953125,62963.98828125,62225.54833984375,-1.0,0.0016927578397500538,stop,0.43896649199080884,230
1780667400,1780678200,1780667493,1780678293,1780668550,1780679350,SELL,1.4000119561214188,398.52371651785717,61132.078125,61072.29956752232,0.12000000000000083,0.002509260951236742,be,1.7543164679351595,93
1780678200,1780689000,1780679778,1780690578,1780690150,1780700950,SELL,1.502405528815858,718.5142299107143,60858.2890625,60750.511928013395,0.11999999999999768,0.001391760884296285,be,2.44962419737841,1578
1780690800,1780701600,1780691484,1780702284,1780697193,1780707993,BUY,-1.3865574263991518,587.2131696428571,61144.48046875,61232.56244419643,0.12000000000000455,0.0017029590814664456,be,1.4096376840516742,684
1780701600,1780712400,1780704229,1780715029,1780712313,1780723113,BUY,-1.832469968255496,501.6255580357143,61310.26171875,60683.229771205355,-1.0000000000000033,0.001993518838864273,stop,0.37661152970309697,2629
1780712400,1780723200,1780712514,1780723314,1780712701,1780723501,BUY,-1.9158723789975074,345.68777901785717,60760.16015625,60812.01332310268,0.1199999999999976,0.004192276493306805,be,0.6009419304327471,114
1780743900,1780754700,1780744424,1780755224,1780747688,1780758488,SELL,1.066924528630177,360.73465401785717,60573.890625,61024.80894252232,-1.0000000000000022,0.003183607361279878,stop,0.019437330658154357,524
1780768200,1780779000,1780768630,1780779430,1780789093,1780799893,SELL,1.1191471232713368,249.72795758928572,60470.51171875,60782.671665736605,-0.9999999999999932,0.004004357420183793,stop,0.4038926286975224,430
1780789201,1780800001,1780792081,1780802881,1780792279,1780803079,SELL,1.489831711249415,165.65318080357142,60743.41015625,60950.47663225447,-1.000000000000015,0.006036708713645421,stop,0.0,2880
1780802400,1780813200,1780802457,1780813257,1780802870,1780813670,SELL,1.6373736417637554,225.96707589285714,61649.80859375,61615.913532366074,0.11999999999999116,0.004425423465116452,be,0.5470584022542001,57
1780814400,1780825200,1780814460,1780825260,1780815790,1780826590,SELL,1.369180361579298,224.67578125,62105.94140625,62072.2400390625,0.12000000000001036,0.004450858007197872,be,0.6109324199801798,60
1780827000,1780837800,1780827360,1780838160,1780834166,1780844966,BUY,-1.068799592741769,242.52678571428572,62441.53125,62477.91026785714,0.12000000000000205,0.0041232558995692664,be,1.1869983985568604,360
1780842900,1780853700,1780843193,1780853993,1780846327,1780857127,SELL,1.0595947398912413,275.8373325892857,62112.30078125,62070.92518136161,0.1200000000000018,0.0036253250805936875,be,1.6949527665863173,293
1780856700,1780867500,1780857147,1780867947,1780858855,1780869655,BUY,-1.0201066909503305,207.06947544642858,62243.0390625,61984.20221819197,-0.9999999999999879,0.004829297016588581,stop,0.11184727348185038,447
1780870500,1780881300,1780870591,1780881391,1780870670,1780881470,SELL,3.9276613274573986,425.8203125,63446.5390625,63382.666015625,0.12,0.012026419594532612,be,0.5018805614163838,91
1780902300,1780913100,1780902510,1780913310,1780902935,1780913735,BUY,-1.029625244787121,248.47879464285714,62934.28125,62971.55306919643,0.12000000000000602,0.007483032919056581,be,0.9766930025108136,210
1780913100,1780923900,1780917584,1780928384,1780919180,1780929980,BUY,-2.530843249830999,226.35435267857142,63535.48828125,63569.441434151784,0.11999999999999413,0.004417851868835161,be,1.3132064680112518,4484
1780923900,1780934700,1780924152,1780934952,1780925530,1780936330,BUY,-1.126642696129301,359.640625,63828.91015625,63379.359375,-1.0,0.004757353260633445,stop,0.25219403049919625,252
1780934700,1780945500,1780935512,1780946312,1780937572,1780948372,BUY,-1.595918879895235,337.5521763392857,63949.421875,63527.481654575895,-0.999999999999995,0.0032633843808868835,stop,0.1864873733971352,812
1780949400,1780960200,1780949574,1780960374,1780952700,1780963500,SELL,1.045800382585762,226.65290178571428,63220.19921875,63503.515345982145,-1.0000000000000073,0.004412032637223571,stop,0.36385481655103136,174
1780960200,1780971000,1780960210,1780971010,1780964554,1780975354,SELL,2.0691281392339302,218.16127232142858,63439.87890625,62971.15876116072,1.7188023890828519,0.004583764979728606,trail,2.648502986353579,10
1780971000,1780981800,1780971075,1780981875,1780971843,1780982643,SELL,2.176643417789571,244.61635044642858,62711.9609375,62675.26848493303,0.1200000000000102,0.004088034173410669,be,0.6902230510833176,75
1780999500,1781010300,1780999616,1781010416,1781003235,1781014035,SELL,1.0718760611238776,195.56138392857142,62645.01171875,62615.67751116071,0.1200000000000051,0.055669061709935345,be,0.5576893444353767,116
1781010300,1781021100,1781010947,1781021747,1781011953,1781022753,SELL,1.248123515911996,179.58900669642858,62489.96875,62463.030398995536,0.12000000000000093,0.005568269563906924,be,1.3469557070878913,647
1781021100,1781031900,1781021958,1781032758,1781023520,1781034320,SELL,1.8892977424498871,335.6685267857143,60887.55078125,61307.136439732145,-1.000000000000005,0.0029791294691098188,stop,0.3682483317207465,858
1781039100,1781049900,1781039579,1781050379,1781040134,1781050934,BUY,-1.1410338697167401,234.01339285714286,62112.08984375,61819.57310267857,-0.9999999999999964,0.004273259695911788,stop,0.07114309696865641,479
1781049900,1781060700,1781053095,1781063895,1781053803,1781064603,BUY,-1.8526113210095865,181.89034598214286,61892.58984375,61665.22691127232,-0.9999999999999953,0.005497817900121952,stop,0.28423289026607046,3195
1781071200,1781082000,1781071417,1781082217,1781073409,1781084209,SELL,1.61930342109547,181.82589285714286,61254.9609375,61227.687053571426,0.12000000000001097,0.005499766750963687,be,0.7886149917749024,217
1781082000,1781092800,1781082142,1781092942,1781083635,1781094435,SELL,2.1181978851614356,196.41545758928572,61166.53125,61137.06893136161,0.11999999999999067,0.005091248989634251,be,2.256338136210798,142
1781103600,1781114400,1781103687,1781114487,1781104238,1781115038,BUY,-1.9612900693431474,330.3998325892857,62313.6484375,61900.648646763395,-0.9999999999999949,0.003026635916135837,stop,0.2525112886594891,87
1781120400,1781131200,1781121001,1781131801,1781122381,1781133181,SELL,1.0459174808026521,278.72488839285717,61841.33984375,61799.53111049107,0.11999999999999701,0.003587767155513289,be,0.6737154011712297,601
1781131200,1781142000,1781132405,1781143205,1781133480,1781144280,SELL,2.5089569316824996,225.587890625,61278.0390625,61244.20087890625,0.11999999999998968,0.004432862053142397,be,0.6275962978675509,1205
1781142900,1781153700,1781144307,1781155107,1781145069,1781155869,BUY,-1.114013587929765,229.34263392857142,62276.1015625,61989.42327008928,-1.0000000000000109,0.004360288285131709,stop,0.010679299823349928,1407
1781153700,1781164500,1781158869,1781169669,1781161666,1781172466,BUY,-1.971043213370461,224.38309151785714,62870.6015625,62590.12269810268,-1.0000000000000036,0.004508890323045951,stop,0.4378672177808948,5169
1781164500,1781175300,1781164849,1781175649,1781169386,1781180186,BUY,-1.304493440668079,178.19977678571428,62743.73046875,62770.46043526786,0.12000000000000374,0.005611679307558857,be,1.4972442646257524,349
1781175300,1781186100,1781175347,1781186147,1781177659,1781188459,BUY,-1.4545379073242302,143.69587053571428,63117.80078125,63139.35516183035,0.11999999999998034,0.018294932486223464,be,0.7999479617713192,47
1781199300,1781210100,1781199329,1781210129,1781200053,1781210853,SELL,1.559032301201022,272.32533482142856,63130.44921875,63470.85588727678,-0.999999999999991,0.011016235422852542,stop,0.10200058605716722,29
1781210100,1781220900,1781212381,1781223181,1781216585,1781227385,BUY,-1.0033748700529168,293.99888392857144,63475.46875,63519.56858258929,0.12000000000000338,0.0034013734563800428,be,0.5608944549261075,2281
1781220900,1781231700,1781221220,1781232020,1781221801,1781232601,BUY,-1.1349650103321969,142.23688616071428,63538.828125,63560.16365792411,0.12000000000001287,0.00703052511196072,be,1.1373522147919581,320
1781231700,1781242500,1781231820,1781242620,1781234746,1781245546,BUY,-2.004266514715771,187.70675223214286,63551.19921875,63316.56577845982,-0.9999999999999956,0.005327458858609777,stop,0.36936354406822236,120
1781244600,1781255400,1781244929,1781255729,1781246347,1781257147,SELL,1.111640064617467,152.27622767857142,63219.5703125,62881.67717633928,1.7751589532356997,0.006567013218312879,trail,2.7189486915446044,329
1781296801,1781307601,1781297129,1781307929,1781298321,1781309121,SELL,1.0603617032853545,163.63950892857142,63458.37890625,63433.832979910716,0.11999999999999188,0.010527141405392135,be,0.5761282490229913,328
1781319900,1781330700,1781320682,1781331482,1781326128,1781336928,SELL,1.0337572722781774,106.228515625,63622.19140625,63606.25712890625,0.12000000000002192,0.011583224549081617,be,1.9706558311423266,782
1781337600,1781348400,1781338201,1781349001,1781339095,1781349895,BUY,-4.366302285604991,102.79464285714286,63860.3515625,63731.85825892857,-0.9999999999999918,0.00972813341440111,stop,0.0,601
1781348400,1781359200,1781348517,1781359317,1781350693,1781361493,BUY,-1.38291201461358,96.28069196428571,63852.01953125,63866.461635044645,0.12000000000001727,0.010386298432202163,be,0.9642623235865188,117
1781359200,1781370000,1781359338,1781370138,1781366628,1781377428,BUY,-3.0843163355486887,98.822265625,64110.83984375,64125.66318359375,0.12000000000001178,0.010119177026305907,be,2.112259620135581,138
1781370000,1781380800,1781371710,1781382510,1781376598,1781387398,BUY,-1.0638677005395236,133.29994419642858,64048.578125,64068.573116629464,0.12000000000000124,0.007501878609389488,be,1.4917602831624268,1710
1781381101,1781391901,1781388300,1781399100,1781388600,1781399400,BUY,-1.609494011450974,130.93415178571428,64412.96875,64387.140625,-0.1578083312733875,0.007637426800889897,signal,0.0,7199
1781392201,1781403001,1781394513,1781405313,1781396870,1781407670,SELL,1.3693224587130997,97.14481026785714,64369.1015625,64490.53257533482,-1.0000000000000087,0.010293910680793987,stop,0.3062438427536211,2312
1781408400,1781419200,1781409037,1781419837,1781409783,1781420583,BUY,-1.8700583797600403,93.83035714285714,64476.5390625,64490.61361607143,0.12000000000001597,0.010657531639547056,be,0.5938659720239795,637
1781419500,1781430300,1781419708,1781430508,1781422685,1781433485,BUY,-1.0897480793182834,90.27845982142857,64250.66015625,64264.20192522321,0.11999999999998895,0.011076839392010087,be,0.9545985572911194,208
1781430300,1781441100,1781430664,1781441464,1781432774,1781443574,BUY,-1.2289260950044092,105.36551339285714,64560.921875,64576.72670200893,0.11999999999999211,0.009490771389984906,be,0.5186558271323782,364
1781441100,1781451900,1781443060,1781453860,1781443790,1781454590,BUY,-1.9292506705162376,114.48270089285714,64369.890625,64226.78724888393,-1.0000000000000073,0.008734944163624222,stop,0.0,1960
1781451900,1781462700,1781452523,1781463323,1781455678,1781466478,BUY,-1.6505326892054268,135.82114955357142,64048.48828125,64068.861453683036,0.11999999999999879,0.007362623592031769,be,0.8825657428464019,623
1781465400,1781476200,1781466108,1781476908,1781468509,1781479309,SELL,1.0273272825094368,124.0234375,63724.5,63879.529296875,-1.0,0.008062992125984252,stop,0.05256692913385827,708
1781487000,1781497800,1781487401,1781498201,1781488239,1781499039,BUY,-1.6738100695183353,277.81082589285717,65466.0390625,65507.71068638393,0.12000000000000119,0.003599571747379162,be,0.8060228548701682,401
1781497800,1781508600,1781500890,1781511690,1781505281,1781516081,BUY,-1.4070275310233034,198.849609375,65765.046875,65794.87431640625,0.1199999999999883,0.0050289261474693306,be,0.8385341466049837,3090
1781519400,1781530200,1781520411,1781531211,1781522400,1781533200,BUY,-1.386713531756248,146.54352678571428,65732.1875,66183.26729910714,2.46250276078994,0.0068239111063722845,trail,3.578128450987411,1011
1781530200,1781541000,1781530209,1781541009,1781536770,1781547570,SELL,2.1802083216959574,208.20647321428572,66700.046875,66668.81590401786,0.11999999999999679,0.00480292463803852,be,2.086045252555574,9
1781541000,1781551800,1781541396,1781552196,1781542984,1781553784,BUY,-1.2271906981886116,227.54129464285714,67231.921875,66947.49525669643,-0.999999999999978,0.004394806672650667,stop,0.0,396
1781551800,1781562600,1781551920,1781562720,1781552791,1781563591,BUY,-1.0014106978811794,207.28180803571428,66584.3203125,66615.41258370536,0.12000000000000322,0.0048243500453628895,be,0.6087726713492296,120
1781562600,1781573400,1781562827,1781573627,1781563627,1781574427,BUY,-1.0758110779596408,179.69642857142858,66198.5625,66225.5169642857,0.11999999999996853,0.005564940872503229,be,0.8169159296432474,227
1781573400,1781584200,1781575261,1781586061,1781577122,1781587922,SELL,2.461140522939041,171.60546875,66269.4765625,65807.513671875,2.1536045161730897,0.005827320115635883,trail,3.192005645216362,1861
1781601900,1781612700,1781602671,1781613471,1781603552,1781614352,SELL,1.154305963934828,184.24330357142858,66549.7578125,66522.12131696429,0.11999999999999458,0.0054276056747555755,be,0.5922026629190341,771
1781613300,1781624100,1781613363,1781624163,1781615100,1781625900,SELL,1.2164432388540685,167.91796875,66676.09375,66371.65625,1.4504105892479122,0.005955288808244353,signal,2.053690650661828,63
1781633100,1781643900,1781633774,1781644574,1781655374,1781666174,SELL,1.392514309712359,202.48911830357142,65998.3984375,65722.9375,1.088299222428454,0.004938536985976705,time,2.3163088845437847,674
1781655600,1781666400,1781655692,1781666492,1781660432,1781671232,SELL,1.0593636463128238,117.03515625,65693.5234375,65675.9681640625,0.11999999999996021,0.046460398518073494,be,2.033610360134842,92
1781677200,1781688000,1781677457,1781688257,1781680919,1781691719,SELL,1.1360468796563394,117.74274553571429,65802.390625,65504.172154017855,2.0262375885684634,0.008493092253370933,trail,3.032796985710562,257
1781688000,1781698800,1781688072,1781698872,1781690481,1781701281,SELL,3.088729030400979,196.009765625,64925.26171875,64895.86025390625,0.12000000000000594,0.005301075161672828,be,0.6298713592474865,72
1781698800,1781709600,1781698824,1781709624,1781699082,1781709882,SELL,2.1944026772176892,158.39313616071428,64704.05078125,64680.2918108259,0.11999999999998216,0.00631340488760413,be,0.5275638959204201,24
1781715300,1781726100,1781718787,1781729587,1781719224,1781730024,BUY,-1.174040384741162,325.93833705357144,66011.6875,65604.26457868304,-0.9999999999999897,0.007022992510463008,stop,0.43123091554860066,3487
1781726100,1781736900,1781733782,1781744582,1781741896,1781752696,SELL,3.2897380413089716,527.5474330357143,63999.55078125,64658.985072544645,-1.000000000000003,0.0018955641471812472,stop,0.21046685671671786,7682
1781742000,1781752800,1781742305,1781753105,1781743461,1781754261,SELL,1.4400448855146,188.34737723214286,64574.08984375,64545.83773716518,0.11999999999999204,0.005309338599217524,be,0.5493506281877882,305
1781761200,1781772000,1781763577,1781774377,1781764859,1781775659,SELL,1.1315223107756036,193.09709821428572,63818.48046875,64059.851841517855,-0.9999999999999913,0.0082333901684825,stop,0.01672976331531948,2377
1781787000,1781797800,1781787159,1781797959,1781790484,1781801284,SELL,1.0526125983274623,173.18694196428572,64254.7109375,63843.304408482145,1.9004043808461935,0.005774107381642076,trail,2.8755054760577536,159
1781797800,1781808600,1781797875,1781808675,1781798573,1781809373,SELL,1.9008870122263637,330.92550223214283,62629.62109375,62579.98226841518,0.11999999999999549,0.003021828155445404,be,1.120260160517758,75
1781808600,1781819400,1781808885,1781819685,1781812831,1781823631,SELL,1.4239781184182676,329.36104910714283,62634.44140625,63046.14271763393,-0.9999999999999976,0.003036181730386385,stop,0.09728827630609185,285
1781821200,1781832000,1781821389,1781832189,1781827332,1781838132,BUY,-1.264481875792289,164.86635044642858,62844.46875,62869.198702566966,0.12000000000000806,0.006065519114677913,be,0.6967528148645835,189
1781836200,1781847000,1781836444,1781847244,1781838763,1781849563,BUY,-1.1166732330137223,135.97181919642858,62973.5390625,62803.57428850447,-0.9999999999999816,0.009853834110025588,stop,0.2257763331507029,244
1781847000,1781857800,1781848022,1781858822,1781853530,1781864330,BUY,-1.5271667024009,213.423828125,62664.80078125,62696.81435546875,0.11999999999999454,0.004685512432165311,be,1.084879155875651,1022
1781860500,1781871300,1781860931,1781871731,1781866439,1781877239,SELL,1.5523788977665416,167.46233258928572,62328.078125,62537.406040736605,-0.99999999999999,0.005971492123261994,stop,0.31492623107875073,431
1781873700,1781884500,1781875101,1781885901,1781876307,1781887107,SELL,1.9198918423919515,139.57338169642858,62665.859375,62840.32610212053,-0.9999999999999821,0.007164689913260074,stop,0.2511279788737603,1401
1781884500,1781895300,1781885637,1781896437,1781888138,1781898938,BUY,-1.9382721051435443,248.75083705357142,63298.828125,62987.88957868303,-1.00000000000001,0.004020086974761168,stop,0.27586276517823993,1137
1781895300,1781906100,1781895526,1781906326,1781904456,1781915256,BUY,-1.1187200356810623,183.32979910714286,63106.828125,63134.327594866074,0.12000000000001088,0.017599771099483453,be,0.7989571633381731,226
1781909400,1781920200,1781909954,1781920754,1781913393,1781924193,SELL,1.664625855872886,109.76506696428571,63279.55078125,63416.757114955355,-0.9999999999999849,0.009110366600745302,stop,0.26519707776857027,554
1781922000,1781932800,1781922740,1781933540,1781932217,1781943017,BUY,-1.2929316197632994,130.87555803571428,63434.48046875,63815.073939732145,2.326444917259712,0.007640846121375182,trail,3.408056146574624,740
1781940900,1781951700,1781941041,1781951841,1781942470,1781953270,BUY,-1.0900531047463553,128.50697544642858,63747.3203125,63586.68659319197,-0.9999999999999806,0.007781678749546756,stop,0.08784785775855516,141
1781951700,1781962500,1781953222,1781964022,1781956483,1781967283,BUY,-2.7883965436638083,116.26729910714286,63657.98046875,63675.42056361607,0.11999999999998712,0.008600870646169205,be,0.9657837015421092,1522
1781962500,1781973300,1781962574,1781973374,1781963637,1781974437,BUY,-1.667307422967388,117.28208705357143,63374.94921875,63392.541531808034,0.11999999999998866,0.008526451269094707,be,0.7624512595785782,74
1781973300,1781984100,1781973551,1781984351,1781976914,1781987714,BUY,-1.8323309693266352,227.16489955357142,63993.3984375,63709.44231305803,-1.000000000000011,0.004402088535531757,stop,0.17768273764706896,251
1782003900,1782014700,1782006440,1782017240,1782012670,1782023470,BUY,-2.170684890884695,98.64174107142857,64297.640625,64312.436886160714,0.12000000000000169,0.010137696163289321,be,1.5378805878958623,2540
1782022200,1782033000,1782022620,1782033420,1782023448,1782034248,BUY,-1.060450732877497,101.26116071428571,64215.46875,64230.657924107145,0.12000000000001643,0.009875454645651935,be,0.6140526837870606,420
1782033000,1782043800,1782033679,1782044479,1782034821,1782045621,BUY,-1.3586169102498256,85.65206473214286,63980.3515625,64181.34584263393,1.8773093749694503,0.011675141785866693,trail,2.8466367187118253,679
1782043800,1782054600,1782054114,1782064914,1782056962,1782067762,BUY,-2.0320671376778447,145.62276785714286,64214.69921875,64236.54263392857,0.11999999999998971,0.006867058048100063,be,0.7729732215392633,10314
1782060000,1782070800,1782060110,1782070910,1782062963,1782073763,BUY,-1.1697301703853538,120.71065848214286,64064.6484375,64082.75503627232,0.11999999999998759,0.008284272595099243,be,1.0956921320213486,110
1782070801,1782081601,1782072388,1782083188,1782073083,1782083883,BUY,-1.2727387889832535,119.77845982142857,64237.1484375,64087.42536272322,-0.9999999999999791,0.008348746523296823,stop,0.049766356228714656,1587
1782081900,1782092700,1782082248,1782093048,1782082816,1782093616,BUY,-1.638390607577778,180.77901785714286,63711.6796875,63738.79654017857,0.11999999999999171,0.005531615404561113,be,0.666840558594377,348
1782092700,1782103500,1782096511,1782107311,1782098700,1782109500,SELL,2.951518656002686,291.3646763392857,64392.421875,64348.71717354911,0.1200000000000017,0.003432125035072985,be,1.7828951085514881,3811
1782122700,1782133500,1782123662,1782134462,1782126362,1782137162,SELL,1.0397275612274879,156.16768973214286,64120.1796875,64315.38929966518,-0.9999999999999946,0.006403373205527912,stop,0.4839549405490392,962
1782133500,1782144300,1782135062,1782145862,1782137504,1782148304,BUY,-3.26222612370963,218.87053571428572,65223.6484375,65256.47901785714,0.11999999999999696,0.0045689110082199605,be,1.6929600016317539,1562
1782150600,1782161400,1782153963,1782164763,1782155107,1782165907,SELL,1.053413230766955,209.27455357142858,64399.44921875,64368.05803571428,0.12000000000001192,0.004778411818036371,be,0.5853554477094555,3363
1782161400,1782172200,1782161495,1782172295,1782165767,1782176567,SELL,1.441159206983741,162.23660714285714,64383.16015625,64358.824665178574,0.1199999999999877,0.006163836988525357,be,1.6490190143364245,95
1782172200,1782183000,1782173527,1782184327,1782176029,1782186829,SELL,2.0794299713164706,175.44782366071428,63870.55078125,64089.860560825895,-1.0000000000000095,0.0056997002250300174,stop,0.38183538616900314,1327
1782183000,1782193800,1782183705,1782194505,1782184691,1782195491,SELL,1.3980078848593909,159.23186383928572,64085.1015625,64061.21678292411,0.1199999999999958,0.006280150064746524,be,0.9505841205424339,705
1782193800,1782204600,1782194730,1782205530,1782195706,1782206506,SELL,1.295374657282706,153.55887276785714,63303.78125,62658.24818638393,3.3630518483524328,0.006512160332876053,trail,4.703814810440534,930
1782215400,1782226200,1782217282,1782228082,1782221524,1782232324,SELL,1.7059206887663636,199.91936383928572,62353.75,62323.76209542411,0.12000000000000248,0.005607729678958173,be,2.1593667089549218,1882
1782226200,1782237000,1782226448,1782237248,1782228851,1782239651,SELL,1.618946683547525,236.52315848214286,62457.98046875,62422.501994977676,0.12000000000000845,0.004227915805020414,be,1.2353936951677422,248
1782245100,1782255900,1782248001,1782258801,1782250815,1782261615,SELL,1.1769049551588313,175.06919642857142,62359.19140625,62578.02790178572,-1.0000000000000142,0.005712027132128878,stop,0.0,2901
1782255900,1782266700,1782256966,1782267766,1782257930,1782268730,BUY,-2.4878078441927025,130.23521205357142,62580.078125,62599.613406808036,0.11999999999999873,0.007678414955769846,be,0.598856378933206,1066
1782277500,1782288300,1782277878,1782288678,1782280849,1782291649,BUY,-1.1385255195968589,166.50167410714286,62800.44921875,62825.42446986607,0.119999999999991,0.006005945618039287,be,1.4821547670517576,378
1782288300,1782299100,1782289105,1782299905,1782290173,1782300973,BUY,-1.02274591787614,136.34291294642858,62688.2890625,62708.74049944196,0.11999999999999268,0.007334447962050779,be,0.6488980933300317,805
1782299100,1782309900,1782300733,1782311533,1782301779,1782312579,BUY,-2.6977897568402414,116.67271205357143,62442.51171875,63126.50348772322,4.689986249118172,0.008570984443567577,trail,6.362482811397688,1633
1782309900,1782320700,1782310398,1782321198,1782310905,1782321705,SELL,4.324509151238786,325.2603236607143,61130.140625,61081.35157645089,0.12000000000000205,0.0030744604467746904,be,0.7716655529182068,498
1782320700,1782331500,1782320787,1782331587,1782322068,1782332868,SELL,1.6441599294166154,398.73158482142856,59812.359375,59752.54963727679,0.11999999999999458,0.0025079528135395863,be,1.282945221104311,87
1782344700,1782355500,1782345421,1782356221,1782348328,1782359128,BUY,-1.0947511967093042,215.02176339285714,61071.01171875,60802.23451450893,-1.0000000000000038,0.0046506920240112735,stop,0.30098697442897965,721
1782355500,1782366300,1782356487,1782367287,1782363609,1782374409,BUY,-1.5910871741531631,176.71986607142858,60804.828125,61297.87053571428,2.231972767634395,0.005658673369500003,trail,3.2899659595430113,987
1782366300,1782377100,1782366687,1782377487,1782379374,1782390174,BUY,-1.4085831702571978,206.97712053571428,61572.98046875,61604.02703683035,0.11999999999998635,0.004831451889038374,be,1.7279234732531148,387
1782379500,1782390300,1782379729,1782390529,1782381338,1782392138,BUY,-2.2500005193952104,137.1796875,61679.26953125,61699.846484375,0.11999999999998302,0.007289708981149268,be,0.5553277521498946,229
1782390300,1782401100,1782390317,1782401117,1782390633,1782401433,BUY,-1.098183621546222,159.86774553571428,61245.98828125,61636.886439732145,1.9561076922540013,0.0062551704638669665,trail,2.9451346153174884,17
1782401100,1782411900,1782402169,1782412969,1782403798,1782414598,SELL,1.9310382664205032,697.4679129464286,59066.53125,59938.36614118303,-0.9999999999999964,0.0014337577133484683,stop,0.023701807198791867,1069
1782417900,1782428700,1782417927,1782428727,1782419815,1782430615,SELL,1.148238540043021,284.8677455357143,59622.12109375,59579.39093191965,0.11999999999999009,0.0035104009340173915,be,0.6235212534011907,27
1782428700,1782439500,1782428846,1782439646,1782429733,1782440533,SELL,1.2914424508003175,240.06222098214286,59805.9296875,60106.00746372768,-0.9999999999999966,0.004165586721262508,stop,0.1855313273274809,146
1782439500,1782450300,1782445144,1782455944,1782446208,1782457008,BUY,-1.4181575048885071,211.5625,59420.8203125,60004.37890625,2.206661742983752,0.004726735598227474,trail,3.2583271787296897,5644
1782450300,1782461100,1782450904,1782461704,1782466426,1782477226,BUY,-2.8354574312570526,396.41824776785717,59973.609375,60033.07211216518,0.12000000000000377,0.002522588214923953,be,1.8876842935802804,604
1782477300,1782488100,1782477312,1782488112,1782477660,1782488460,SELL,2.126282312590275,227.77064732142858,59739.9609375,59226.98688616072,1.8017213626841977,0.004390381340879301,trail,2.7521517033552607,12
1782490800,1782501600,1782491688,1782502488,1782500249,1782511049,BUY,-1.0887750349047167,522.1319754464286,60244.390625,59591.72565569197,-0.9999999999999953,0.009306794505058192,stop,0.2288468947871584,888
1782508500,1782519300,1782508704,1782519504,1782509541,1782520341,SELL,1.0314367758450413,209.66880580357142,59661.078125,59923.16413225447,-1.000000000000012,0.004769426697345011,stop,0.0,204
1782519300,1782530100,1782519629,1782530429,1782521389,1782532189,SELL,1.6540918288761344,139.73716517857142,60029.12109375,60008.160518973214,0.11999999999999882,0.007156292305787732,be,1.3087628639545705,329
1782530100,1782540900,1782530185,1782540985,1782572400,1782583200,BUY,-1.3729975670186167,135.52092633928572,60191.2890625,60588.33984375,2.3438492753861895,0.015939650859468774,time,2.9298115942327367,85
1782572700,1782583500,1782572815,1782583615,1782573300,1782584100,BUY,-1.6671411757330445,143.71540178571428,60624.12890625,60851.76953125,1.2671745528815166,0.006958196460328185,signal,1.8277225108527675,115
1782583500,1782594300,1782583788,1782594588,1782588301,1782599101,BUY,-1.6899176639092186,179.69559151785714,60534.33984375,60309.72035435268,-1.0000000000000047,0.005564966794973519,stop,0.23761973451506066,288
1782599102,1782609902,1782602083,1782612883,1782602721,1782613521,SELL,1.4798899032381447,120.81556919642857,59994.640625,59976.51828962054,0.11999999999999174,0.055191303524455955,be,0.6487483920434731,2981
1782610200,1782621000,1782613316,1782624116,1782613645,1782624445,SELL,1.6354476193533993,155.56612723214286,60125.80078125,60102.465862165176,0.12000000000001282,0.0064281345675447354,be,0.6797250107165469,3116
1782621000,1782631800,1782621060,1782631860,1782621408,1782632208,SELL,1.0944723508349568,110.052734375,60131.83984375,60115.33193359375,0.12000000000001058,0.009086552966440094,be,0.6491561218875894,60
1782634200,1782645000,1782634478,1782645278,1782635940,1782646740,BUY,-1.0210525789327698,134.3828125,60160.140625,60447.44921875,1.7103889308761118,0.007441427823963723,trail,2.63798616359514,278
1782648600,1782659400,1782648904,1782659704,1782649708,1782660508,SELL,1.2495095265089213,145.72209821428572,60257.87890625,60236.02059151786,0.11999999999998744,0.007693368155812724,be,0.6602893533588119,304
1782659400,1782670200,1782662025,1782672825,1782666428,1782677228,SELL,1.3885353171497608,146.34654017857142,59833.5,59811.54801897321,0.12000000000001478,0.010169569080239312,be,1.9299493237446284,2625
1782670200,1782681000,1782671225,1782682025,1782672779,1782683579,SELL,2.4730654318881653,178.43247767857142,59578.25,59551.48512834821,0.1200000000000056,0.007574644019877968,be,0.6058401693818003,1025
1782681300,1782692100,1782683165,1782693965,1782684056,1782694856,SELL,1.665814311489939,136.734375,59609.69921875,59589.1890625,0.11999999999999149,0.007313449891440978,be,2.2561135870186266,1865
1782692100,1782702900,1782692173,1782702973,1782694211,1782705011,SELL,1.2208399637772285,288.4662388392857,59445.44140625,59402.17147042411,0.11999999999999365,0.003466610179491867,be,1.6175934335593787,73
1782704400,1782715200,1782705186,1782715986,1782709510,1782720310,BUY,-1.0823983331297118,370.48828125,60028.2109375,59565.1005859375,-1.0,0.010016342453476726,stop,0.07135853234224261,786
1782715200,1782726000,1782715968,1782726768,1782721564,1782732364,BUY,-2.5819528242605996,247.54464285714286,60133.91015625,59824.47935267857,-0.9999999999999967,0.004039675383228134,stop,0.10847159603246168,768
1782729000,1782739800,1782734649,1782745449,1782734678,1782745478,BUY,-1.051574596394568,173.56556919642858,60276.05078125,60302.08561662946,0.11999999999998753,0.005761511367892756,be,0.5658434328576549,5649
1782739800,1782750600,1782739830,1782750630,1782739898,1782750698,SELL,1.0083807853344482,338.46651785714283,59825.96875,60249.05189732143,-0.9999999999999976,0.002954501988353459,stop,0.04269024552702908,30
1782754800,1782765600,1782754924,1782765724,1782776524,1782787324,BUY,-1.0009768316493317,351.91015625,60561.66015625,60236.80078125,-0.7385052559135965,0.0028416343837760435,time,0.19877010511827192,124
1782776700,1782787500,1782776795,1782787595,1782778840,1782789640,BUY,-1.2645287289707186,116.8125,60261.12109375,60115.10546875,-1.0,0.008560727661851257,stop,0.03330658105939005,95
1782787500,1782798300,1782788324,1782799124,1782792741,1782803541,SELL,1.6848082296669624,178.92996651785714,59921.1015625,59490.18373325893,1.926643536025329,0.0055887787801055695,trail,2.9083044200316555,824
1782798300,1782809100,1782803340,1782814140,1782821454,1782832254,SELL,1.9897854432904334,162.09737723214286,59472.390625,59054.94712611607,2.060210996683054,0.006169131278218526,trail,3.0752637458538237,5040
1782824400,1782835200,1782824566,1782835366,1782824877,1782835677,SELL,1.2724768147856098,167.47823660714286,58328.48046875,58537.82826450893,-0.999999999999995,0.005970925060225709,stop,0.17936099106693634,166
1782835200,1782846000,1782836721,1782847521,1782846130,1782856930,SELL,1.5692869143171957,374.2142857142857,58242.53125,58710.299107142855,-0.9999999999999956,0.0036326111853407137,stop,0.0266704643061653,1521
1782846300,1782857100,1782853845,1782864645,1782854700,1782865500,SELL,1.0548359836922658,221.92661830357142,58547.0390625,58479.94140625,0.24187330663766604,0.004505993952614143,signal,0.3023416332970826,7545
1782861000,1782871800,1782864031,1782874831,1782864582,1782875382,BUY,-2.820112005939661,136.36328125,58644.2890625,58664.7435546875,0.11999999999999146,0.007333352430605288,be,0.5530951903520582,3031
1782871800,1782882600,1782871952,1782882752,1782881590,1782892390,BUY,-2.858161121653135,257.0064174107143,58777.140625,59308.008510044645,1.6524657723119212,0.0038909534247229707,trail,2.5655822153898935,152
1782882600,1782893400,1782883011,1782893811,1782885844,1782896644,BUY,-1.3321208113231124,247.27845982142858,59326.58984375,59017.49176897322,-0.9999999999999899,0.004044023894042963,stop,0.0027170785538101158,411
1782896400,1782907200,1782896453,1782907253,1782908114,1782918914,SELL,1.2005249312375463,191.67103794642858,58883.44140625,58483.61676897322,1.6687952089601863,0.0059305712651157505,trail,2.585994011200249,53
1782908700,1782919500,1782909042,1782919842,1782910542,1782921342,SELL,1.2357394155252475,162.00279017857142,58460.91015625,58436.609737723214,0.11999999999999898,0.008583957093992954,be,0.9802830776861896,342
1782936900,1782947700,1782937923,1782948723,1782941201,1782952001,BUY,-1.0103467033509506,186.31361607142858,60036.73828125,60470.32366071428,1.861744250825148,0.005367294248728562,trail,2.8271803135314517,1023
1782949500,1782960300,1782949586,1782960386,1782955800,1782966600,SELL,1.0038114723421048,237.94921875,60040.140625,60004.4482421875,0.12,0.004202577361897726,be,2.0368218008700647,86
1782960300,1782971100,1782960670,1782971470,1782962872,1782973672,SELL,1.5770592477254828,206.900390625,60304.51171875,60563.13720703125,-1.0,0.004833243654007722,stop,0.1507556663173893,370
1782981900,1782992700,1782983227,1782994027,1782984201,1782995001,SELL,1.3290137980661478,163.69447544642858,60355.328125,60559.94621930803,-0.9999999999999847,0.006108941656539073,stop,0.07512089193275391,1327
1782992700,1783003500,1782993588,1783004388,1782995481,1783006281,BUY,-1.3188870807384458,222.85379464285714,61354.9609375,61388.38900669643,0.12000000000000671,0.0044872469037495555,be,0.8248821847283363,888
1783003500,1783014300,1783003645,1783014445,1783003965,1783014765,BUY,-1.8204714915580407,300.46651785714283,61515.6796875,61560.74966517857,0.11999999999999503,0.0033281578497723037,be,0.7114587434718332,145
1783034100,1783044900,1783034208,1783045008,1783036800,1783047600,BUY,-1.0490036390770965,103.18247767857143,61374.2109375,61537.578125,1.2666273667815018,0.009691568011335673,signal,2.0662347284792566,108
1783044900,1783055700,1783045695,1783056495,1783046173,1783056973,SELL,2.52150851189232,171.90345982142858,61440.859375,61415.073856026786,0.12000000000000097,0.005817218577443345,be,0.9867229776887593,795
1783066800,1783077600,1783067198,1783077998,1783068421,1783079221,BUY,-1.1749135563598363,131.48744419642858,61769.55859375,61789.281710379466,0.12000000000001011,0.00760528890124371,be,0.8003081160570481,398
1783078801,1783089601,1783079230,1783090030,1783081128,1783091928,BUY,-1.767982770748423,165.64927455357142,61928.9296875,61953.77707868304,0.12000000000000603,0.006036851067987003,be,1.3259849045035517,429
1783089900,1783100700,1783090326,1783101126,1783091739,1783102539,BUY,-2.052649840783217,189.61021205357142,62098.62109375,62127.062625558036,0.11999999999999912,0.005273977541449432,be,1.419482814691206,426
1783100700,1783111500,1783106160,1783116960,1783111007,1783121807,BUY,-1.5186870545758735,188.92103794642858,62270.6015625,62798.84026227678,2.236865541365796,0.006368401386515589,trail,3.2960819267072616,5460
1783111500,1783122300,1783111556,1783122356,1783113247,1783124047,BUY,-1.7437426547839288,146.31975446428572,62772.0,62793.947963169645,0.12000000000001135,0.006834347171106576,be,1.1348486870959744,56
1783122300,1783133100,1783123616,1783134416,1783124609,1783135409,BUY,-1.333383625022755,167.60379464285714,62720.26953125,62745.41010044643,0.12000000000001589,0.005966452025330785,be,1.2240782297749928,1316
1783133100,1783143900,1783133490,1783144290,1783142239,1783153039,BUY,-1.4473427776062286,142.63030133928572,62523.73828125,62545.13282645089,0.11999999999999532,0.007011132912221946,be,1.4276967137270704,390
1783143900,1783154700,1783149842,1783160642,1783154401,1783165201,BUY,-1.320434117742451,105.654296875,62582.8203125,62598.66845703125,0.12,0.009464830390978833,be,0.5715870228302061,5942
1783154700,1783165500,1783154892,1783165692,1783155854,1783166654,BUY,-1.0314132158407547,104.82561383928571,62609.30859375,62478.276576450895,-0.9999999999999841,0.009539653176113603,stop,0.27161926562770333,192
1783187400,1783198200,1783189474,1783200274,1783190808,1783201608,SELL,1.2939728694780075,152.87472098214286,63149.01953125,63126.08832310268,0.11999999999998259,0.006541303843928578,be,0.5034248763010971,2074
1783220100,1783230900,1783220217,1783231017,1783221629,1783232429,BUY,-1.2085949990126441,140.150390625,62659.328125,62680.35068359375,0.12000000000000831,0.007135192385411876,be,0.6995554440681745,117
1783233300,1783244100,1783233428,1783244228,1783236121,1783246921,SELL,1.1201747395973831,99.94419642857143,62754.359375,62739.36774553572,0.11999999999997503,0.010005583472920156,be,0.6338302624232273,128
1783244102,1783254902,1783249228,1783260028,1783250540,1783261340,BUY,-2.257360709094023,110.80915178571429,62748.78125,62610.269810267855,-1.0000000000000149,0.009024525356297526,stop,0.38731429722515986,5126
1783263900,1783274700,1783264220,1783275020,1783265767,1783276567,SELL,2.576174863532434,103.96456473214286,62833.76171875,62818.167034040176,0.12000000000001919,0.009618661921746388,be,1.2512902264840624,320
1783287900,1783298700,1783288508,1783299308,1783288795,1783299595,BUY,-1.3071776936794794,109.22377232142857,63047.0390625,63063.42262834821,0.11999999999999086,0.00915551604514405,be,1.4075890644717952,608
1783298700,1783309500,1783298901,1783309701,1783300984,1783311784,BUY,-1.5667162361045837,269.15234375,63677.55078125,63717.9236328125,0.11999999999999135,0.0037153679810748444,be,0.5857219569539788,201
1783311900,1783322700,1783312052,1783322852,1783317258,1783328058,SELL,1.0842295258106016,192.77734375,63169.5703125,63140.6537109375,0.12000000000000603,0.0051873315636967844,be,1.3312192255476079,152
1783322700,1783333500,1783323009,1783333809,1783324835,1783335635,SELL,1.528741686823176,146.89202008928572,62922.12109375,63105.736118861605,-0.9999999999999886,0.006807721749569294,stop,0.23154231747460874,309
1783333500,1783344300,1783335345,1783346145,1783337605,1783348405,SELL,2.4801997128057045,132.45340401785714,62790.0,62955.56675502232,-1.0000000000000064,0.007549824841535833,stop,0.2574608236976868,1845
1783344300,1783355100,1783344449,1783355249,1783345141,1783355941,SELL,2.1724039265834456,229.91378348214286,61441.1796875,61406.69261997768,0.11999999999999857,0.0043494564999739084,be,0.6116593103732838,149
1783355100,1783365900,1783355826,1783366626,1783359284,1783370084,BUY,-2.314106766342862,401.7368861607143,63713.73046875,63773.991001674105,0.11999999999999586,0.002810063723021895,be,0.5365665966350077,726
1783365900,1783376700,1783372144,1783382944,1783381576,1783392376,BUY,-1.196128978530405,278.9740513392857,63986.3984375,64028.24454520089,0.11999999999999343,0.027556326343235887,be,2.4676494209590905,6244
1783387800,1783398600,1783388831,1783399631,1783390649,1783401449,BUY,-1.0050798559780152,184.60546875,63990.69140625,63759.9345703125,-1.0,0.005416957616538649,stop,0.02204871029856747,1031
1783398600,1783409400,1783399049,1783409849,1783402639,1783413439,SELL,2.3968347476148644,185.03180803571428,63155.01171875,63127.25694754464,0.11999999999999732,0.005404476185018865,be,2.1202435633352135,449
1783409400,1783420200,1783409716,1783420516,1783410242,1783421042,SELL,1.725367899235641,174.361328125,63154.51171875,63128.35751953125,0.11999999999999332,0.0057352166948573475,be,0.527639935926876,316
1783420200,1783431000,1783420232,1783431032,1783423361,1783434161,SELL,1.2546699426602816,147.140625,63223.05859375,63200.9875,0.11999999999998417,0.006796219602845917,be,0.9685143888711903,32
1783432200,1783443000,1783432295,1783443095,1783433167,1783443967,SELL,1.2696732061148344,196.85212053571428,63227.55078125,63198.02296316964,0.1200000000000034,0.005179173316626933,be,1.9400468875351162,95
1783443000,1783453800,1783443096,1783453896,1783450368,1783461168,BUY,-2.6157821660468437,334.69447544642856,64121.73828125,63703.37018694197,-0.9999999999999927,0.004598410230545749,stop,0.30323831119299405,96
1783466400,1783477200,1783466504,1783477304,1783470348,1783481148,SELL,1.1656919495336147,180.55915178571428,63613.48046875,63586.39659598214,0.11999999999999725,0.0055383512278945,be,1.8774577978872675,104
1783477200,1783488000,1783477934,1783488734,1783478258,1783489058,SELL,3.671588394166881,211.31082589285714,62764.2890625,62732.59243861607,0.12000000000000707,0.004732365205496093,be,1.2572008799241554,734
1783488000,1783498800,1783488299,1783499099,1783493453,1783504253,SELL,1.405379281167586,185.40234375,62723.12890625,62695.3185546875,0.11999999999998744,0.007395234182415777,be,1.5041822050860671,299
1783498800,1783509600,1783498862,1783509662,1783499583,1783510383,SELL,1.2834534001361897,155.22181919642858,62357.58984375,62000.63044084822,1.8397382777742664,0.006442393248429396,trail,2.799672847217853,62
1783509600,1783520400,1783509849,1783520649,1783511026,1783521826,SELL,1.3175482108299048,222.49497767857142,62054.4296875,62332.54840959822,-1.0000000000000113,0.004494483472991716,stop,0.12907594723998084,249
1783544700,1783555500,1783547685,1783558485,1783549126,1783559926,BUY,-1.275683327225104,164.52315848214286,62147.328125,62172.00659877232,0.11999999999999797,0.006078171664255636,be,1.0926938137983315,2985
1783555500,1783566300,1783556048,1783566848,1783557635,1783568435,BUY,-1.7894250503330336,128.45870535714286,62230.98046875,62070.40708705357,-0.9999999999999934,0.0077846028201808875,stop,0.14681274381184892,548
1783566900,1783577700,1783567163,1783577963,1783567997,1783578797,SELL,1.1842124560352032,228.72405133928572,61728.0,62013.905064174105,-0.9999999999999927,0.00437208065415305,stop,0.10322209169414465,263
1783577700,1783588500,1783577848,1783588648,1783580565,1783591365,BUY,-2.336959635262129,194.44893973214286,62568.609375,63060.90443638393,2.025395713906482,0.005142738249833191,trail,3.0317446423831083,148
1783588500,1783599300,1783589538,1783600338,1783592029,1783602829,BUY,-1.6656999942349815,217.39481026785714,62920.51953125,62953.12875279018,0.12000000000000688,0.0045999258159285265,be,0.5037457822248291,1038
1783628100,1783638900,1783628665,1783639465,1783631596,1783642396,BUY,-1.7191007089951955,176.55106026785714,63235.6796875,63262.16234654018,0.1200000000000019,0.005664083798096906,be,0.7702711458865066,565
1783638900,1783649700,1783639430,1783650230,1783639602,1783650402,BUY,-1.4047876554892864,117.75753348214286,63193.0703125,63210.73394252232,0.11999999999997739,0.008492025694064348,be,0.8600829773269548,530
1783649700,1783660500,1783649992,1783660792,1783659691,1783670491,BUY,-1.8075757655060714,203.44168526785714,63922.828125,63953.34437779018,0.11999999999999592,0.004915413469384957,be,1.0897625268297366,292
1783660500,1783671300,1783661598,1783672398,1783663460,1783674260,BUY,-1.8053217215021535,186.36216517857142,64019.8515625,64047.80588727679,0.12000000000000535,0.005365896017798486,be,0.8492997685358471,1098
1783671900,1783682700,1783672528,1783683328,1783673225,1783684025,BUY,-1.0800761701204964,117.21316964285714,64281.6484375,64135.13197544643,-1.000000000000007,0.00853146453633966,stop,0.04472353674909306,628
1783682700,1783693500,1783683957,1783694757,1783685729,1783696529,BUY,-1.8745210940700916,150.41071428571428,64423.671875,64446.23348214286,0.12000000000001218,0.006648462543036923,be,1.0368225394752464,1257
1783693500,1783704300,1783693714,1783704514,1783693962,1783704762,BUY,-1.1225096364956813,172.74190848214286,64142.98046875,64168.89175502232,0.11999999999999132,0.005788983164461071,be,0.9480590592579312,214
1783704300,1783715100,1783704851,1783715651,1783710302,1783721102,SELL,1.8967200199086647,253.92020089285714,63858.83984375,63820.75181361607,0.11999999999999672,0.00393824515136531,be,0.5393857480358222,551
1783715100,1783725900,1783715152,1783725952,1783717518,1783728318,SELL,1.1098061512122153,154.31138392857142,63697.109375,63889.99860491072,-1.0000000000000162,0.006480403289383277,stop,0.40963236730000074,52
1783725900,1783736700,1783727371,1783738171,1783732908,1783743708,SELL,1.021849799240636,108.13895089285714,64099.23828125,64234.41196986607,-1.0000000000000078,0.009247361766906624,stop,0.2989498671207782,1471
1783737900,1783748700,1783739881,1783750681,1783744728,1783755528,SELL,1.212228821131339,107.38448660714286,64043.21875,64177.44935825893,-0.9999999999999921,0.009312332084413795,stop,0.05652876585616812,1981
1783751400,1783762200,1783751609,1783762409,1783756463,1783767263,BUY,-1.0974827861639056,77.18582589285714,64223.23046875,64126.74818638393,-1.0000000000000109,0.012955746582126565,stop,0.19524714966345424,209
1783762200,1783773000,1783762281,1783773081,1783762453,1783773253,BUY,-1.6114371407153985,63.635323660714285,64273.19921875,64193.655064174105,-1.000000000000026,0.01571454252879611,stop,0.0,81
1783773300,1783784100,1783774105,1783784905,1783774476,1783785276,BUY,-1.0009385538418802,54.873046875,64144.2890625,64152.52001953125,0.12,0.01822388325324791,be,0.5474283680370172,805
1783784400,1783795200,1783784404,1783795204,1783784478,1783795278,SELL,5.10552802997627,79.09681919642857,64067.66015625,64166.53118024553,-0.9999999999999685,0.012642733426695781,stop,0.15413269931530285,4
1783797905,1783808705,1783802424,1783813224,1783802956,1783813756,BUY,-1.0285702291052938,94.04380580357143,64346.6796875,64360.786258370536,0.11999999999999822,0.010633342530699919,be,0.9778521478817871,4519
1783809000,1783819800,1783809041,1783819841,1783809730,1783820530,BUY,-1.455440086179376,73.94754464285714,64249.23046875,64156.79603794643,-1.0000000000000113,0.013523099446096263,stop,0.4450473157553164,41
1783836900,1783847700,1783837035,1783847835,1783837970,1783848770,SELL,2.355497289035023,95.28627232142857,63687.5,63673.207059151784,0.12000000000001397,0.010494691162087929,be,0.8029668585617823,135
1783865700,1783876500,1783866686,1783877486,1783867800,1783878600,BUY,-1.0850722326103492,83.82505580357143,63975.94921875,64155.7890625,1.7163349743200556,0.01192960732818736,signal,2.479587523175193,986
1783876501,1783887301,1783878829,1783889629,1783883116,1783893916,SELL,1.5107879622716185,103.45479910714286,64023.3984375,64152.71693638393,-0.9999999999999919,0.009666057144090058,stop,0.36787654201120873,2328
1783890900,1783901700,1783901464,1783912264,1783901491,1783912291,BUY,-1.1135094572775843,69.97014508928571,64211.94921875,64222.44474051339,0.11999999999997386,0.014291809724332366,be,0.6488816579137308,10564
1783901700,1783912500,1783901804,1783912604,1783903313,1783914113,SELL,1.1771173767017609,160.47628348214286,64228.28125,63618.78892299107,3.038416961229037,0.006231450394420904,trail,4.298021201536303,104
1783912500,1783923300,1783912746,1783923546,1783913953,1783924753,SELL,2.2791099965960524,313.4732142857143,62883.1015625,62836.08058035714,0.12000000000000213,0.0031900652254407704,be,0.5659250477085648,246
1783949700,1783960500,1783949840,1783960640,1783950130,1783960930,SELL,1.1616650358709386,142.02901785714286,62630.8515625,62328.91294642857,1.700715082745283,0.007040814722846501,trail,2.625893853431611,140
1783960500,1783971300,1783963489,1783974289,1783964722,1783975522,SELL,1.0782816957052868,246.68610491071428,62167.87109375,62130.86817801339,0.1200000000000027,0.004053734604800463,be,0.7709063105472881,2989
1783971300,1783982100,1783973944,1783984744,1783978367,1783989167,SELL,1.7614512460500962,168.48883928571428,62056.53125,62031.25792410714,0.11999999999999705,0.00593511121709524,be,0.5631864128346781,2644
1783995600,1784006400,1783996796,1784007596,1783997602,1784008402,BUY,-1.1625395112440067,172.46484375,62497.578125,62523.4478515625,0.12000000000000675,0.005798283164594234,be,0.6511064302054314,1196
1784006400,1784017200,1784006632,1784017432,1784009118,1784019918,BUY,-1.81973817684561,145.35044642857142,62824.26953125,62642.58147321428,-1.000000000000017,0.0068799238294147465,stop,0.1600926025461861,232
1784017201,1784028001,1784017575,1784028375,1784020041,1784030841,BUY,-1.4403881606530407,104.224609375,62622.66015625,62638.29384765625,0.11999999999998882,0.009594662968723647,be,1.504825440848528,374
1784028300,1784039100,1784028461,1784039261,1784029042,1784039842,BUY,-1.4097941961795697,116.24162946428571,62825.828125,62843.264369419645,0.1200000000000143,0.008602769976716834,be,0.589894625669091,161
1784039100,1784049900,1784039213,1784050013,1784039906,1784050706,BUY,-2.092086496069831,248.20954241071428,63884.83984375,63922.07127511161,0.12000000000000269,0.005350821677122877,be,0.6210415441841852,113
1784049900,1784060700,1784051443,1784062243,1784065877,1784076677,BUY,-1.4194525987630198,279.3125,64581.8203125,64623.7171875,0.11999999999999583,0.0035802192884314163,be,1.0385153278138286,1543
1784084400,1784095200,1784084461,1784095261,1784087619,1784098419,BUY,-1.0481192055562816,114.52036830357143,64513.3203125,64762.34137834822,1.7395757246474133,0.008732071113753256,trail,2.674469655809239,61
1784096100,1784106900,1784097189,1784107989,1784097300,1784108100,BUY,-1.3482830041015097,141.49107142857142,65093.78125,65244.62890625,0.8529027576197388,0.04389632107023412,signal,1.0661284470246735,1089
1784106900,1784117700,1784108121,1784118921,1784109863,1784120663,SELL,2.1090085776454823,170.01199776785714,64740.44921875,64714.94741908482,0.12000000000000881,0.005881937822796776,be,0.7739343500901821,1221
1784118000,1784128800,1784118095,1784128895,1784118380,1784129180,SELL,1.2060741856888308,110.4375,64645.55078125,64628.98515625,0.12000000000002108,0.009054895302773062,be,0.6462577815506508,95
1784128800,1784139600,1784129613,1784140413,1784131596,1784142396,BUY,-2.3462332706824855,267.60825892857144,65492.9609375,65158.45061383928,-1.000000000000009,0.0037368054483958007,stop,0.2311272557417934,813
1784148000,1784158800,1784149500,1784160300,1784150528,1784161328,SELL,1.0232012623629991,138.54157366071428,64911.21875,64890.43751395089,0.12000000000000483,0.007218049958411627,be,0.7508181732130594,1500
1784158800,1784169600,1784158881,1784169681,1784159324,1784170124,SELL,1.6279979571725836,89.18303571428571,64721.62890625,64708.25145089286,0.11999999999999254,0.011212894829053412,be,0.5168881713971067,81
1784169600,1784180400,1784175843,1784186643,1784178808,1784189608,SELL,2.0624468357808556,146.55998883928572,64514.87890625,64698.078892299105,-0.9999999999999886,0.0068231446243938836,stop,0.01724443192180798,6243
1784180400,1784191200,1784180597,1784191397,1784187679,1784198479,SELL,1.9363756544293027,114.20005580357143,64862.80078125,64229.15080915178,4.43887679486336,0.008756563146694422,trail,6.0485959935791715,197
1784191200,1784202000,1784191391,1784202191,1784191636,1784202436,SELL,3.224198467106755,180.484375,64217.828125,64190.75546875,0.11999999999999356,0.005540645831529738,be,0.6916284304389231,191
1784202000,1784212800,1784202595,1784213395,1784207450,1784218250,SELL,1.3148260427526404,150.01841517857142,64080.46875,64057.96598772321,0.12000000000001441,0.006665848314753026,be,1.6459177258744278,595
1784213100,1784223900,1784215604,1784226404,1784217909,1784228709,BUY,-1.2088167912717487,218.455078125,64818.01953125,64544.95068359375,-1.0,0.0064908939731244805,stop,0.23072177668106109,2504
1784236501,1784247301,1784239053,1784249853,1784241195,1784251995,SELL,1.0258970521645783,121.70675223214286,64108.25,64089.99398716518,0.11999999999998769,0.008216470998195769,be,1.0102086901102025,2552
1784247600,1784258400,1784247705,1784258505,1784249061,1784259861,SELL,2.9238886063933114,111.23353794642857,63761.73046875,63745.045438058034,0.12000000000001196,0.008990094340805848,be,1.6291736588229098,105
1784258400,1784269200,1784259157,1784269957,1784266706,1784277506,SELL,1.7559680413971932,171.43973214285714,63613.19921875,63161.66908482143,2.10700345029621,0.005832953583751058,trail,3.133754312870256,757
1784269200,1784280000,1784277166,1784287966,1784278680,1784289480,SELL,3.226387798420027,162.23577008928572,62692.109375,62894.904087611605,-0.9999999999999897,0.006163868790770707,stop,0.3327766818642263,7966
1784296800,1784307600,1784298797,1784309597,1784298965,1784309765,SELL,1.2124785488142993,190.85295758928572,63050.71875,63289.284946986605,-0.9999999999999912,0.0052396358570035535,stop,0.0,1997
1784307600,1784318400,1784307900,1784318700,1784329500,1784340300,BUY,-1.4380312142003104,304.46791294642856,63664.98046875,63898.55078125,0.6137140961480482,0.0036436516060567464,time,2.265658491971778,300
1784329800,1784340600,1784330559,1784341359,1784331900,1784342700,BUY,-1.3163927873243402,92.23018973214286,63917.078125,63930.91265345982,0.11999999999997113,0.010842436765057343,be,0.7333891993114569,759
1784348700,1784359500,1784351511,1784362311,1784361600,1784372400,SELL,1.0296330489925778,55.029296875,63909.6484375,63978.43505859375,-1.0,0.018172138420585626,stop,0.271304347826087,2811
1784361900,1784372700,1784361940,1784372740,1784363460,1784374260,SELL,1.4524445522229545,49.362723214285715,63934.01953125,63995.722935267855,-0.9999999999999662,0.020258201632413122,stop,0.0,40
1784372700,1784383500,1784380392,1784391192,1784380454,1784391254,SELL,1.103107167381986,33.369419642857146,63959.87890625,64001.59068080357,-1.0000000000000249,0.029967557443392752,stop,0.015217900264222883,7692
1784383500,1784394300,1784383888,1784394688,1784388762,1784399562,BUY,-1.4105225602559714,76.93889508928571,64136.21875,64040.045131138395,-0.9999999999999785,0.012997327279518694,stop,0.40048014680016975,388
1784394300,1784405100,1784394947,1784405747,1784395250,1784406050,BUY,-2.512413910513362,78.486328125,64308.51953125,64320.29248046875,0.12,0.01274107253950479,be,1.0057981834017669,647
1784405100,1784415900,1784405415,1784416215,1784406969,1784417769,BUY,-2.123007536379052,101.63392857142857,64551.98828125,64567.233370535716,0.1200000000000131,0.009839233945357111,be,1.4614337169463234,315
1784415900,1784426700,1784416804,1784427604,1784420850,1784431650,BUY,-1.8126095814367487,95.525390625,64798.5703125,64812.89912109375,0.12000000000002438,0.010468420945020344,be,0.8061501973051994,904
1784426700,1784437500,1784426786,1784437586,1784426913,1784437713,BUY,-2.1449537809515333,53.38978794642857,64833.3984375,64841.40690569196,0.11999999999995951,0.0187301736617385,be,2.111827080361016,86
1784437500,1784448300,1784438087,1784448887,1784439302,1784450102,BUY,-1.2934029896085382,92.53404017857143,64773.3984375,64657.73088727678,-1.0000000000000269,0.010806833875082167,stop,0.17185398713070119,587
1784448600,1784459400,1784448798,1784459598,1784449416,1784460216,BUY,-1.159166708003042,62.69029017857143,64689.859375,64611.49651227678,-1.0000000000000397,0.02330404749824196,stop,0.2606439323132249,198
1784470200,1784481000,1784470966,1784481766,1784472471,1784483271,SELL,2.6430743218678505,112.517578125,64433.75,64574.39697265625,-1.0,0.008887500216979986,stop,0.3939662205558159,766
1784481600,1784492400,1784482924,1784493724,1784484503,1784495303,SELL,1.1224411142616335,120.24497767857143,64583.05859375,64336.74358258928,1.6387545886142245,0.009485843168011732,trail,2.5484432357677544,1324
1784499600,1784510400,1784499606,1784510406,1784500320,1784511120,BUY,-1.1394727882378912,98.10993303571429,64827.3515625,64704.714146205355,-1.0000000000000169,0.015089896651555914,stop,0.4736396057174384,6
1784526600,1784537400,1784526881,1784537681,1784532255,1784543055,SELL,2.1007009189707535,212.81556919642858,64080.3984375,64048.476102120534,0.12000000000000625,0.004698904331933538,be,1.6158540822386922,281
1784547300,1784558100,1784547370,1784558170,1784547387,1784558187,BUY,-1.4591938217917206,139.75306919642858,64837.7890625,64858.75202287947,0.12000000000001784,0.00715547791365111,be,0.5111974045420513,70
1784558100,1784568900,1784558282,1784569082,1784560041,1784570841,SELL,1.4031688539923366,258.4095982142857,64314.0,64637.011997767855,-0.9999999999999934,0.003869825296391474,stop,0.13698576889023256,182
1784568900,1784579700,1784569893,1784580693,1784572238,1784583038,BUY,-1.786396270865571,268.04659598214283,65474.69921875,65514.906208147324,0.12000000000000745,0.0037306946441006835,be,1.141228235445971,993
1784585400,1784596200,1784585839,1784596639,1784586991,1784597791,SELL,1.068632993049909,134.34430803571428,65134.421875,65114.270228794645,0.11999999999998764,0.0130262310743733,be,0.5389312342935472,439
1784596500,1784607300,1784606319,1784617119,1784607084,1784617884,BUY,-1.4381560169176089,130.35881696428572,65572.1796875,65591.73351004464,0.11999999999995915,0.0076711343604320146,be,1.1536067601871551,9819
1784607904,1784618704,1784611589,1784622389,1784614213,1784625013,BUY,-1.127408772705406,147.33203125,65596.796875,65618.8966796875,0.1200000000000158,0.006787390301455577,be,1.9927883978047034,3685
1784619000,1784629800,1784619179,1784629979,1784619824,1784630624,BUY,-2.4822656346358976,153.17410714285714,65987.796875,66010.77299107143,0.11999999999998698,0.006528518550902043,be,0.7584812450817522,179
1784630105,1784640905,1784635947,1784646747,1784640300,1784651100,BUY,-1.458219493251596,135.89174107142858,66412.21875,66432.60251116072,0.12000000000000978,0.007358798938887474,be,1.6488883778611847,5842
1784641200,1784652000,1784641671,1784652471,1784642825,1784653625,BUY,-1.0738429436980026,136.98214285714286,66433.4921875,66853.93080357143,2.4554360578803647,0.007300221613870421,trail,3.5692950723504104,471
1784676901,1784687701,1784683390,1784694190,1784683486,1784694286,SELL,1.8195074668778812,85.59151785714286,66342.2265625,66329.38783482143,0.1199999999999417,0.011683400704133524,be,0.5538662146303299,6489
1784688000,1784698800,1784689255,1784700055,1784690378,1784701178,SELL,1.518181998068664,132.82198660714286,66240.953125,66221.02982700893,0.12000000000001501,0.0075288739879924545,be,0.7447703315309411,1255
1784701800,1784712600,1784701959,1784712759,1784702708,1784713508,BUY,-1.0005111282573276,140.24776785714286,65883.8828125,65904.91997767857,0.11999999999998102,0.007130238258184654,be,0.6365408795021565,159
1784712600,1784723400,1784712748,1784723548,1784715634,1784726434,SELL,2.262776403801471,133.09709821428572,65947.2734375,65927.30887276786,0.12000000000001247,0.007513311810825541,be,0.9795480273363799,148
1784723400,1784734200,1784723666,1784734466,1784724376,1784735176,SELL,1.1533266521392171,107.79966517857143,65787.28125,65771.11130022322,0.11999999999998767,0.00927646666010964,be,0.5962304000993907,266
1784734200,1784745000,1784734391,1784745191,1784737692,1784748492,SELL,1.6508776737095134,203.65485491071428,65984.203125,65953.65489676339,0.12000000000002614,0.008592969712247859,be,0.5238258991997523,191
1784748903,1784759703,1784749598,1784760398,1784756443,1784767243,SELL,1.0530051712427462,195.30970982142858,65819.8828125,66064.01994977679,-1.000000000000017,0.005120073143902055,stop,0.31504450063572337,695
1784760000,1784770800,1784762065,1784772865,1784762351,1784773151,SELL,1.0337142819389549,113.78348214285714,65876.4765625,65859.40904017857,0.12000000000004386,0.008788621873467387,be,0.5938499264345267,2065
1784770800,1784781600,1784773095,1784783895,1784777455,1784788255,SELL,1.3861465528903458,142.25223214285714,65683.6015625,65662.26372767857,0.12000000000001872,0.007029766668235811,be,0.9500070611495551,2295
1784781600,1784792400,1784782844,1784793644,1784784610,1784795410,SELL,1.8542430813607083,122.29631696428571,65564.0078125,65716.87820870536,-0.9999999999999865,0.0081768611256873,stop,0.16685907234605646,1244
1784792401,1784803201,1784792558,1784803358,1784794294,1784805094,SELL,1.459980904632232,117.92271205357143,65360.6484375,65508.05182756697,-1.0000000000000213,0.00848013060915447,stop,0.1983224295195618,157
1784814300,1784825100,1784814360,1784825160,1784814847,1784825647,SELL,2.6640270613530075,145.68331473214286,65013.890625,64992.038127790176,0.12000000000001369,0.006864204056851851,be,1.1916901761825143,60
1784825100,1784835900,1784829514,1784840314,1784832498,1784843298,SELL,1.326286847526438,188.20452008928572,64645.87890625,64881.134556361605,-0.999999999999991,0.0064964234090656384,stop,0.01620992550313183,4414
1784835900,1784846700,1784836176,1784846976,1784836780,1784847580,SELL,1.2538446079620773,131.43052455357142,64682.828125,64847.11628069197,-1.000000000000019,0.007608582583054345,stop,0.09341318382242113,276
1784873400,1784884200,1784873683,1784884483,1784874623,1784885423,BUY,-1.3294119846976087,123.46623883928571,65343.23046875,65361.75040457589,0.11999999999998519,0.008099380117196946,be,1.0533307118821793,283
1784885400,1784896200,1784890401,1784901201,1784896016,1784906816,SELL,1.0435889605122184,162.41099330357142,64888.87890625,65091.89264787947,-1.0000000000000153,0.006157218668879418,stop,0.41130701740823017,5001
1784898300,1784909100,1784898323,1784909123,1784900271,1784911071,SELL,1.2095843461965368,125.48883928571429,64634.19140625,64298.084263392855,2.142706202529407,0.007968836158594068,trail,3.1783827531617423,23
1784909100,1784919900,1784910628,1784921428,1784912263,1784923063,SELL,1.8088834116361283,258.18582589285717,64013.2109375,63974.48306361607,0.1200000000000058,0.003873179313937177,be,0.6088305030161951,1528
1784929800,1784940600,1784932413,1784943213,1784940285,1784951085,BUY,-1.0562968305632239,85.1796875,64183.98046875,64077.505859375,-1.0,0.011739888104191507,stop,0.03907181509676236,2613
1784940600,1784951400,1784941242,1784952042,1784941512,1784952312,BUY,-1.6916139676110884,45.775390625,64087.87890625,64094.74521484375,0.12000000000002543,0.021845799377053377,be,1.017365703801681,642
1784958900,1784969700,1784961035,1784971835,1784962201,1784973001,SELL,1.1376836691761039,74.60574776785714,63955.421875,63933.76953125,0.2321788269437183,0.013403793004147548,signal,0.2912707050080969,2135
1784969700,1784980500,1784969768,1784980568,1784970270,1784981070,BUY,-2.6774925022696805,51.799386160714285,63796.7109375,63804.48084542411,0.11999999999999036,0.025338138099316454,be,1.747652828725175,68
1784992800,1785003600,1784993018,1785003818,1784993797,1785004597,SELL,1.1912029783492804,71.5859375,64190.37890625,64179.641015625,0.12000000000001626,0.013969224053257666,be,0.5556586270871985,218
1785003901,1785014701,1785011796,1785022596,1785012000,1785022800,SELL,1.0066993505422588,85.43024553571429,64302.078125,64302.26171875,-0.0017192388840624204,0.01170545623191435,signal,0.15564598833373613,7895
1785017100,1785027900,1785017883,1785028683,1785025203,1785036003,BUY,-1.2461210777828846,63.90513392857143,64380.53125,64390.11702008929,0.12000000000003382,0.015648195043573936,be,0.5111947466773782,783
1785033901,1785044701,1785034086,1785044886,1785037202,1785048002,BUY,-1.4194546372391164,59.224330357142854,64431.421875,64549.0703125,1.5891906152831434,0.016884952416847263,signal,2.058908885329313,185
1785045000,1785055800,1785055737,1785066537,1785056774,1785067574,BUY,-3.1121107922746383,57.737723214285715,64450.5,64459.16065848214,0.11999999999998849,0.01731969922486614,be,0.638731563992036,10737
1785057001,1785067801,1785057467,1785068267,1785062892,1785073692,BUY,-1.4267067597079939,64.94419642857143,64498.08984375,64507.83147321428,0.11999999999996158,0.015397834679498195,be,0.7798762673998969,466
1785068100,1785078900,1785068171,1785078971,1785068351,1785079151,BUY,-1.064437743079535,45.3515625,64594.80859375,64538.119140625,-1.0,0.022049956933677863,stop,0.0,71
1785078900,1785089700,1785078933,1785089733,1785081946,1785092746,BUY,-1.7699588169047555,101.09040178571429,64678.6015625,64693.76512276786,0.12000000000000657,0.009892135972708303,be,1.1904180973094713,33
1785089700,1785100500,1785091168,1785101968,1785092208,1785103008,BUY,-1.5272185876973248,91.50530133928571,64688.2109375,64701.936732700895,0.12000000000001818,0.010928328581665168,be,0.6460520498239088,1468
1785100500,1785111300,1785100694,1785111494,1785101220,1785112020,BUY,-1.5213137689835625,47.131138392857146,64683.578125,64814.08286830357,2.215176594560692,0.021217395422631097,trail,3.268970743200843,194
1785111300,1785122100,1785120193,1785130993,1785124229,1785135029,BUY,-2.230580824901286,162.21623883928572,65254.8984375,65279.23087332589,0.11999999999998871,0.006164610936336287,be,0.5474945087833666,8893
1785129904,1785140704,1785131873,1785142673,1785133672,1785144472,BUY,-1.0192942602210249,130.06975446428572,65427.3515625,65446.862025669645,0.12000000000001276,0.007688182422721324,be,2.209571615505073,1969
1785144000,1785154800,1785144107,1785154907,1785148500,1785159300,BUY,-1.019076013967856,128.05915178571428,65155.2890625,65314.51953125,0.9947307414089124,0.0078088913291674295,signal,1.6689980042007653,107
1785154800,1785165600,1785156324,1785167124,1785158059,1785168859,BUY,-1.9898223023066064,102.33761160714286,65095.6796875,64967.75767299107,-0.9999999999999918,0.009771578447998516,stop,0.1482531667657275,1524
1785168600,1785179400,1785168980,1785179780,1785170118,1785180918,SELL,1.1060962209923952,304.94168526785717,64487.94921875,64869.12632533482,-1.0000000000000027,0.004752445533076344,stop,0.02793823101789624,380
1785195300,1785206100,1785195371,1785206171,1785196107,1785206907,SELL,3.450586420433388,170.41573660714286,63732.41015625,63706.84779575893,0.12000000000000487,0.005868002685135157,be,0.8150105604401002,71
1785206100,1785216900,1785206599,1785217399,1785214953,1785225753,SELL,1.8369795715659132,216.587890625,63109.12890625,63379.86376953125,-1.0,0.004617063295248573,stop,0.1803901057776415,499
1785216900,1785227700,1785216926,1785227726,1785217552,1785228352,SELL,1.4696875191697805,110.544921875,63400.6015625,63538.78271484375,-1.0,0.009046096220781286,stop,0.0,26
1785230700,1785241500,1785231049,1785241849,1785231737,1785242537,BUY,-1.0811773557632895,97.13643973214286,63485.01171875,63499.58218470982,0.11999999999998458,0.010294797737672237,be,0.7359573960825767,349
1785245700,1785256500,1785245717,1785256517,1785245933,1785256733,BUY,-1.4859320620363023,142.67410714285714,63293.8984375,63115.55580357143,-1.000000000000006,0.00700898025595294,stop,0.4627569698676429,17
1785256500,1785267300,1785256912,1785267712,1785258379,1785269179,BUY,-2.7904106728452684,275.830078125,63880.12109375,63921.49560546875,0.12,0.003625420428394406,be,0.7235970968312976,412
1785271800,1785282600,1785272704,1785283504,1785275262,1785286062,BUY,-1.0016086191623306,136.18387276785714,63971.58984375,63992.01742466518,0.120000000000011,0.007343013380920868,be,0.5524757059762376,904
1785283500,1785294300,1785283536,1785294336,1785283564,1785294364,BUY,-1.1941006498359608,110.95424107142857,64066.4296875,64083.07282366072,0.12000000000002248,0.009012724437962078,be,0.847935422219987,36
1785294300,1785305100,1785294500,1785305300,1785295872,1785306672,BUY,-1.853363953309951,201.54547991071428,63942.3515625,63690.419712611605,-1.0000000000000084,0.004961659276323167,stop,0.2083315451609286,200
1785305100,1785315900,1785305673,1785316473,1785310482,1785321282,BUY,-3.1317011243747084,146.44029017857142,64117.46875,64416.22907366072,1.6321209049580807,0.00682872178674725,trail,2.5401511311975797,573
1785315900,1785326700,1785316406,1785327206,1785322337,1785333137,BUY,-1.5928212619585644,128.61272321428572,64440.69921875,64459.99112723214,0.11999999999998576,0.00777528050886434,be,1.9444579431953277,506
1785326700,1785337500,1785332717,1785343517,1785333061,1785343861,BUY,-1.3200711412758799,131.03822544642858,64498.62109375,64518.276827566966,0.12000000000001015,0.00763136097572401,be,0.839300657310584,6017
1785342000,1785352800,1785342975,1785353775,1785344467,1785355267,SELL,1.211423354049079,229.35407366071428,63851.80078125,63817.397670200895,0.11999999999999277,0.004360070802489036,be,1.069613931788736,975
1785354600,1785365400,1785355214,1785366014,1785359588,1785370388,SELL,1.2018439775991512,340.26171875,63509.609375,63458.5701171875,0.12000000000000684,0.0029389142089613924,be,0.7685490259106617,614
1785378000,1785388800,1785378131,1785388931,1785380204,1785391004,BUY,-1.5707156454128322,174.23604910714286,64390.69140625,64172.89634486607,-0.9999999999999952,0.0057393404242371835,stop,0.011882228222053544,131
1785410100,1785420900,1785410233,1785421033,1785411546,1785422346,BUY,-2.193523355245009,111.75111607142857,64627.55078125,64644.313448660716,0.1200000000000119,0.008948456491126447,be,0.5219466887714848,133
1785420900,1785431700,1785421597,1785432397,1785424994,1785435794,BUY,-1.4746885994289616,168.18275669642858,64767.859375,64793.086788504464,0.12000000000000098,0.005945912765629173,be,0.5535737689687723,697
1785431700,1785442500,1785431969,1785442769,1785432811,1785443611,BUY,-1.0659395095742337,177.18136160714286,64838.9296875,64865.50689174107,0.11999999999998498,0.005643934502644019,be,0.5213364030625903,269
1785442500,1785453300,1785442743,1785453543,1785443152,1785453952,BUY,-1.3071402698797179,107.33482142857143,64792.37109375,64808.471316964286,0.11999999999999846,0.009316641018175769,be,0.5313032899388596,243
1785453900,1785464700,1785454370,1785465170,1785454860,1785465660,BUY,-1.1640248532394435,112.09263392857143,64945.1015625,64961.91545758928,0.11999999999997775,0.008921192811270972,be,1.0456265246179122,470
1785464700,1785475500,1785465359,1785476159,1785465990,1785476790,SELL,2.6990637009731366,214.30245535714286,64286.5390625,64254.39369419643,0.12000000000000388,0.004666302111814181,be,0.5045621435825326,659
1785475502,1785486302,1785475751,1785486551,1785483252,1785494052,SELL,1.3291792194377385,152.84598214285714,64306.16015625,64000.32142857143,1.6007681635633497,0.006542533771449434,trail,2.5009602044541803,249
1785486600,1785497400,1785486603,1785497403,1785487631,1785498431,SELL,2.1602187720378865,122.62890625,63879.140625,63860.7462890625,0.11999999999998101,0.008154684165259772,be,0.7585448985442614,3
1785497400,1785508200,1785497621,1785508421,1785504156,1785514956,SELL,1.7706311232908698,109.740234375,63823.859375,63807.39833984375,0.12000000000001061,0.009112428141740972,be,2.0775268300496554,221
1785508200,1785519000,1785508415,1785519215,1785511731,1785522531,SELL,3.6303633552198242,194.12639508928572,62574.359375,62545.2404157366,0.12000000000001455,0.00515128300579663,be,0.595898808334615,215
1785530101,1785540901,1785533059,1785543859,1785535384,1785546184,BUY,-1.007193054446788,124.19949776785714,63013.44921875,62858.19984654018,-1.0000000000000069,0.008051562349061289,stop,0.12278632582318463,2958
1785542700,1785553500,1785543920,1785554720,1785546900,1785557700,BUY,-1.2315008847624584,76.04436383928571,62957.83984375,62943.921875,-0.1464194640845665,0.013150218497631568,signal,0.4874827091504827,1220
1785553500,1785564300,1785553884,1785564684,1785554308,1785565108,SELL,2.2140631144479013,63.38671875,62984.9609375,62975.4529296875,0.12000000000003673,0.01577617550995255,be,0.7444999075614717,384
1785578400,1785589200,1785578403,1785589203,1785578541,1785589341,BUY,-1.7270977273425878,55.339285714285715,63069.1015625,62999.927455357145,-0.99999999999997,0.0180703452726686,stop,0.2554553888351081,3
1785589200,1785600000,1785593300,1785604100,1785597863,1785608663,BUY,-1.1639581127022214,44.581752232142854,63096.44921875,63040.72202845982,-0.9999999999999813,0.022430702023394523,stop,0.01209155030948611,4100
1785600000,1785610800,1785602251,1785613051,1785602521,1785613321,BUY,-2.157838400171996,31.759207589285715,62990.48046875,62950.781459263395,-0.9999999999999476,0.031486931693388974,stop,0.4382341313419723,2251
1785610800,1785621600,1785610908,1785621708,1785621900,1785632700,SELL,1.694931698834025,129.58984375,62492.94921875,62654.9365234375,-1.0,0.007716654107008289,stop,0.4777392614920874,108
1785622200,1785633000,1785626187,1785636987,1785629492,1785640292,SELL,1.2928751377253487,141.10239955357142,62764.01171875,62940.38971819197,-1.0000000000000178,0.0070870516955336155,stop,0.16181178578278899,3987
1785644100,1785654900,1785646591,1785657391,1785649217,1785660017,BUY,-2.9959217628992065,142.76227678571428,63583.41015625,63404.957310267855,-1.0000000000000118,0.007086737286479303,stop,0.23837704725794473,2491
1785654901,1785665701,1785656310,1785667110,1785659262,1785670062,BUY,-1.1588653174743213,63.265904017857146,63488.1796875,63409.09730747768,-1.000000000000013,0.015806302233786852,stop,0.4087410968268319,1409
1785680400,1785691200,1785680547,1785691347,1785683256,1785694056,SELL,1.746321468367034,85.302734375,63072.58984375,63059.79443359375,0.12,0.011722953634802519,be,0.5760732684602176,147
1785720600,1785731400,1785720637,1785731437,1785728748,1785739548,BUY,-1.4772565241528057,172.19698660714286,63218.140625,63002.89439174107,-0.9999999999999951,0.005807302553333528,stop,0.24263635980646645,37
1785731400,1785742200,1785732554,1785743354,1785739733,1785750533,SELL,1.9281111832154136,123.39229910714286,62901.23046875,62647.24693080357,1.6466735106435832,0.008104233467047155,trail,2.5583418883044877,1154
1785742200,1785753000,1785742653,1785753453,1785745662,1785756462,SELL,1.7205532927890232,108.09988839285714,62565.4609375,62347.49916294643,1.6130397749270915,0.009250703352863744,trail,2.5162997186588547,453
1785753000,1785763800,1785753199,1785763999,1785754371,1785765171,SELL,1.5206199575777322,123.22237723214286,62667.4609375,62648.977580915176,0.12000000000001619,0.008115409087718423,be,0.6248864997543186,199
1785765600,1785776400,1785766240,1785777040,1785766889,1785777689,BUY,-1.6433797841162847,197.62527901785714,63394.7890625,63147.75746372768,-1.0000000000000042,0.014112883300460687,stop,0.38213497597732,640
1785776400,1785787200,1785777366,1785788166,1785777934,1785788734,BUY,-1.4508597549764242,290.19754464285717,63845.19921875,63888.72885044643,0.12000000000000516,0.003445928535441913,be,0.6691966294511512,966
1785817500,1785828300,1785818298,1785829098,1785820031,1785830831,BUY,-1.4377455618144257,155.18722098214286,63890.46875,63913.74683314732,0.11999999999999784,0.006443829547763268,be,2.0758947915374395,798
1785828300,1785839100,1785828417,1785839217,1785831115,1785841915,BUY,-1.7032980761412846,106.67745535714286,63589.01171875,63605.01333705357,0.11999999999998597,0.009374051871148635,be,1.378827825031648,117
1785839100,1785849900,1785839525,1785850325,1785840198,1785850998,SELL,1.6656232594391125,86.47712053571429,63436.671875,63544.768275669645,-1.000000000000019,0.011563752282744068,stop,0.0,425
1785849900,1785860700,1785849943,1785860743,1785850277,1785861077,BUY,-1.768268812920363,138.18694196428572,63914.48828125,63935.21632254464,0.11999999999999517,0.0072365737730736455,be,0.6585282133497017,43
1785860700,1785871500,1785863303,1785874103,1785873592,1785884392,BUY,-1.6281856171904074,226.84849330357142,64113.08984375,64147.11711774553,0.119999999999989,0.004408228529258018,be,1.209886534854402,2603
1785873600,1785884400,1785876009,1785886809,1785885859,1785896659,BUY,-1.2175146290414107,161.67271205357142,64307.78125,64332.03215680803,0.11999999999998458,0.006185335714963715,be,1.265625997739177,2409
1785885900,1785896700,1785895283,1785906083,1785895553,1785906353,BUY,-1.5795784936708335,141.92159598214286,64341.671875,64362.96011439732,0.11999999999998945,0.007046143985907712,be,0.9183107341633785,9383
1785896700,1785907500,1785896750,1785907550,1785899937,1785910737,BUY,-3.868546426865836,158.322265625,64451.51953125,64253.61669921875,-1.0,0.006316230986541,stop,0.05988083048568362,50
1785915600,1785926400,1785915833,1785926633,1785916672,1785927472,SELL,1.038261406255344,102.15987723214286,63985.62109375,64113.32094029018,-0.9999999999999918,0.00978857871694238,stop,0.1426226508366995,233
1785926400,1785937200,1785926752,1785937552,1785931765,1785942565,SELL,1.2067533152686498,106.060546875,64136.0390625,64120.12998046875,0.11999999999998902,0.009428576690053956,be,1.4457764764377659,352
1785939300,1785950100,1785939378,1785950178,1785940235,1785951035,BUY,-1.0282739649025785,193.16768973214286,64518.44921875,64276.98960658482,-0.9999999999999957,0.005176849199711691,stop,0.15391015335549094,78
1785950100,1785960900,1785951445,1785962245,1785953333,1785964133,BUY,-1.1865113548378001,206.38504464285714,64628.1796875,64659.13744419643,0.1200000000000016,0.004845312322559363,be,0.723011448131905,1345
1785960900,1785971700,1785961248,1785972048,1785961280,1785972080,BUY,-1.5182674139570875,110.6484375,64927.0703125,64943.667578125,0.12000000000001051,0.027642448633764034,be,0.6771870366447786,348
1785982500,1785993300,1785982646,1785993446,1785982846,1785993646,SELL,1.1934499999879495,99.05691964285714,64494.8515625,64479.99302455357,0.11999999999999161,0.01009520590389274,be,0.5974311306405273,146
1785993300,1786004100,1785993403,1786004203,1785996699,1786007499,BUY,-1.832096169409048,105.76283482142857,64929.75,64797.54645647322,-0.9999999999999764,0.009455117212850939,stop,0.35892511357220874,103
1786004104,1786014904,1786004424,1786015224,1786007256,1786018056,BUY,-1.3005912518285931,101.80719866071429,64784.01953125,64799.29061104911,0.12000000000001797,0.009822488126135656,be,1.8311266536394455,320
1786015200,1786026000,1786015503,1786026303,1786019797,1786030597,SELL,2.441329794959788,99.58091517857143,64560.30078125,64545.363643973214,0.11999999999999833,0.010042084853375474,be,1.3988702654539953,303
1786026000,1786036800,1786026679,1786037479,1786026838,1786037638,SELL,1.7101722225600244,134.72712053571428,64339.12109375,64507.529994419645,-1.0000000000000124,0.007422410543799264,stop,0.043809618483127685,679
1786048201,1786059001,1786049685,1786060485,1786053940,1786064740,SELL,1.0861977752794585,96.16685267857143,64411.69140625,64397.26637834821,0.12000000000001038,0.010398593404552866,be,0.6372388020727553,1484
1786059300,1786070100,1786059483,1786070283,1786060405,1786071205,SELL,1.8257557891033507,69.06417410714286,64180.1015625,64266.43178013393,-0.9999999999999878,0.014479287024393396,stop,0.23749424302901512,183
1786070100,1786080900,1786072960,1786083760,1786078739,1786089539,SELL,1.1459453987340573,124.54631696428571,64244.140625,64225.45867745535,0.1200000000000227,0.008029141482254792,be,0.8798496328191159,2860
1786093500,1786104300,1786093896,1786104696,1786094442,1786105242,BUY,-1.0485185652366324,102.29520089285714,64699.78125,64715.125530133926,0.1199999999999805,0.009775629660744191,be,0.560342147038126,396
1786104300,1786115100,1786104487,1786115287,1786105254,1786116054,BUY,-1.629238536972199,118.92689732142857,65067.01953125,65084.85856584821,0.11999999999998182,0.008408526771679406,be,1.5297606479070183,187
1786115100,1786125900,1786115184,1786125984,1786117071,1786127871,BUY,-1.112355138224638,224.64090401785714,64960.28125,64993.97738560268,0.12000000000000666,0.004451549037215894,be,0.6760094545734574,84
1786125900,1786136700,1786127092,1786137892,1786129244,1786140044,SELL,2.5793133192856255,154.34012276785714,64771.2890625,64748.13804408482,0.11999999999999462,0.006479196608545525,be,0.7501441729714095,1192
