Index,flow_id,signal_time,side,signal_i,signal_close,atr0,horizon_time,horizon_close,cost_atr,immediate_net_atr,immediate_gross_atr,filled,depth_atr,limit_price,fill_i,fill_time,delay_bars,delay_hours,stopped,postfill_mae_atr,postfill_mfe_atr,limit_net_atr,limit_bounded_net_atr
0,0,2021-01-01 00:00:00+00:00,1,46105,28786.75,178.38500000000073,2021-01-01 12:00:00+00:00,29290.02,0.08068713737141543,2.740570255346573,2.8212573927179885,False,1.5,28519.1725,,,,,,,,,
1,1,2021-01-01 12:00:00+00:00,1,46153,29290.02,134.88714285714326,2021-01-02 00:00:00+00:00,29325.0,0.10857231971701178,0.15075558403320924,0.259327903750221,True,1.5,29087.689285714285,46167.0,2021-01-01 15:30:00+00:00,14.0,3.5,True,1.7250664576735986,2.2271263807839254,1.651505584033215,-1.6078223197170118
2,2,2021-01-02 00:45:00+00:00,1,46204,29215.89,117.40642857142848,2021-01-02 12:45:00+00:00,30660.12,0.12442201996726887,12.176693153818547,12.301115173785817,False,1.5,29039.780357142856,,,,,,,,,
3,3,2021-01-02 13:00:00+00:00,1,46253,30814.73,244.44285714285746,2021-01-03 01:00:00+00:00,32437.92,0.06303053883466768,6.577335307696789,6.640365846531457,False,1.5,30448.065714285713,,,,,,,,,
4,4,2021-01-03 01:00:00+00:00,-1,46301,32437.92,292.5007142857147,2021-01-03 13:00:00+00:00,34391.57,0.05544930049010861,-6.734578289186103,-6.679128988695994,True,1.5,32876.67107142857,46307.0,2021-01-03 02:30:00+00:00,6.0,1.5,True,1.5498728940832869,1.4202395110146275,-5.235328289186094,-1.5561993004901087
5,5,2021-01-03 13:00:00+00:00,-1,46349,34391.57,362.2371428571423,2021-01-04 01:00:00+00:00,32831.93,0.047471070648273106,4.258106175512495,4.305577246160768,False,1.5,34934.92571428571,,,,,,,,,
6,6,2021-01-04 01:00:00+00:00,-1,46397,32831.93,384.2507142857131,2021-01-04 13:00:00+00:00,30953.13,0.042722015573909276,4.846793944058114,4.889515959632024,True,1.5,33408.30607142857,46404.0,2021-01-04 02:45:00+00:00,7.0,1.75,False,0.6382653810477223,14.59543434253309,6.346043944058108,6.346043944058108
7,7,2021-01-04 13:00:00+00:00,-1,46445,30953.13,796.8250000000005,2021-01-05 01:00:00+00:00,32524.09,0.019422790449596827,-1.9909472782605944,-1.9715244878109977,True,1.5,32148.3675,46453.0,2021-01-04 15:00:00+00:00,8.0,2.0,False,0.9432842845041248,1.8657892259906497,-0.4916972782605962,-0.4916972782605962
8,8,2021-01-05 01:00:00+00:00,-1,46493,32524.09,343.23714285714334,2021-01-05 13:00:00+00:00,31872.98,0.04737845346407725,1.8495899066035135,1.8969683600675908,False,1.5,33038.94571428571,,,,,,,,,
9,9,2021-01-05 13:15:00+00:00,1,46542,31733.26,284.3714285714286,2021-01-06 01:15:00+00:00,33776.0,0.055795443584848774,7.127556309655385,7.183351753240234,True,1.5,31306.702857142856,46545.0,2021-01-05 14:00:00+00:00,3.0,0.75,False,0.5765799256505492,11.229317793630061,8.62830630965538,8.62830630965538
10,10,2021-01-06 01:15:00+00:00,1,46590,33776.0,358.02499999999884,2021-01-06 13:15:00+00:00,34627.33,0.04716989037078432,2.330680818378617,2.3778507087494014,False,1.5,33238.9625,,,,,,,,,
11,11,2021-01-06 13:15:00+00:00,-1,46638,34627.33,401.7221428571429,2021-01-07 01:15:00+00:00,36999.93,0.0430986076019139,-5.949170857255633,-5.906072249653719,True,1.5,35229.91321428571,46657.0,2021-01-06 18:00:00+00:00,19.0,4.75,True,2.8577881655941977,2.240138439682007,-4.449920857255642,-1.543848607601914
12,12,2021-01-07 01:15:00+00:00,1,46686,36999.93,417.39142857142934,2021-01-07 13:15:00+00:00,38389.09,0.044322819621184555,3.2838720231779543,3.328194842799139,True,1.5,36373.84285714286,46714.0,2021-01-07 08:15:00+00:00,28.0,7.0,False,0.08740681922416486,5.087519765619106,4.784622023177946,4.784622023177946
13,13,2021-01-07 13:15:00+00:00,-1,46734,38389.09,357.06785714285746,2021-01-08 01:15:00+00:00,38578.62,0.0537560147631002,-0.584551481811197,-0.5307954670480968,True,1.5,38924.69178571428,46744.0,2021-01-07 15:45:00+00:00,10.0,2.5,True,2.0760989807859693,0.9442232868902374,0.9146985181888052,-1.5545060147631002
14,14,2021-01-08 01:45:00+00:00,-1,46784,38739.18,597.7635714285706,2021-01-08 13:45:00+00:00,41367.27,0.03240342992750364,-4.428941000323826,-4.3965375703963225,True,1.5,39635.82535714286,46817.0,2021-01-08 10:00:00+00:00,33.0,8.25,True,2.2737662644930112,0.6304923470698499,-2.929691000323824,-1.5331534299275036
15,15,2021-01-08 13:45:00+00:00,1,46832,41367.27,706.8350000000007,2021-01-09 01:45:00+00:00,40249.0,0.029262324304823582,-1.611343007915561,-1.5820806836107375,True,1.5,40307.017499999994,46838.0,2021-01-08 15:15:00+00:00,6.0,1.5,True,1.6864296476546794,1.9563582731471993,-0.11059300791555934,-1.5285123243048235
16,16,2021-01-09 02:15:00+00:00,-1,46882,40316.06,390.32571428571254,2021-01-09 14:15:00+00:00,41193.67,0.051644125053069465,-2.300048388159351,-2.248404263106282,True,1.5,40901.54857142857,46918.0,2021-01-09 11:15:00+00:00,36.0,9.0,True,1.6353814396767634,1.2157758355658972,-0.8007983881593479,-1.5523941250530695
17,17,2021-01-09 14:15:00+00:00,1,46930,41193.67,410.42857142857093,2021-01-10 02:15:00+00:00,40973.82,0.05018372607030984,-0.5858433153498057,-0.5356595892794959,True,1.5,40578.02714285714,46933.0,2021-01-09 15:00:00+00:00,3.0,0.75,True,1.773821789070661,1.1499512704490087,0.9149066846501911,-1.54943372607031
18,18,2021-01-10 02:15:00+00:00,1,46978,40973.82,311.5971428571434,2021-01-10 14:15:00+00:00,39794.01,0.06574806755976112,-3.852079319450925,-3.786331251891164,True,1.5,40506.42428571428,46982.0,2021-01-10 03:15:00+00:00,4.0,1.0,True,1.625253303257854,2.310148635142461,-2.3513293194509157,-1.564998067559761
19,19,2021-01-10 14:15:00+00:00,1,47026,39794.01,521.450714285713,2021-01-11 02:15:00+00:00,36720.73,0.03815701935945195,-5.931868382301586,-5.893711362942134,True,1.5,39011.83392857143,47037.0,2021-01-10 17:00:00+00:00,11.0,2.75,True,1.9778166954554095,0.8133387486284729,-4.431118382301584,-1.537407019359452
20,20,2021-01-11 02:15:00+00:00,1,47074,36720.73,636.1185714285712,2021-01-11 14:15:00+00:00,33100.0,0.0288631173882677,-5.720773655181095,-5.691910537792827,True,1.5,35766.552142857145,47077.0,2021-01-11 03:00:00+00:00,3.0,0.75,True,3.405893555334477,1.5581809770415616,-4.220023655181091,-1.5281131173882676
21,21,2021-01-11 14:15:00+00:00,-1,47122,33100.0,1054.7757142857142,2021-01-12 02:15:00+00:00,33925.99,0.01569053949180801,-0.7987859301164887,-0.7830953906246807,True,1.5,34682.16357142857,47154.0,2021-01-11 22:15:00+00:00,32.0,8.0,False,0.8881854368498096,0.9052574480966182,0.700464069883513,0.700464069883513
22,22,2021-01-12 02:15:00+00:00,1,47170,33925.99,589.6692857142859,2021-01-12 14:15:00+00:00,32991.54,0.028766963806588913,-1.6134688003081574,-1.5847018365015686,True,1.5,33041.48607142857,47218.0,2021-01-12 14:15:00+00:00,48.0,12.0,False,0.25690005414656747,1.795097615249231,-0.1127188003081554,-0.1127188003081554
23,23,2021-01-12 14:15:00+00:00,1,47218,32991.54,604.6192857142856,2021-01-13 02:15:00+00:00,32813.95,0.027282904117939627,-0.32100492754000487,-0.29372202342206527,False,1.5,32084.61107142857,,,,,,,,,
24,24,2021-01-13 03:00:00+00:00,1,47269,34085.22,650.8957142857151,2021-01-13 15:00:00+00:00,34434.0,0.026183318811220546,0.5096628887225712,0.5358462075337916,True,1.5,33108.87642857143,47278.0,2021-01-13 05:15:00+00:00,9.0,2.25,False,0.43229110654109437,3.405328261933551,2.010412888722572,2.010412888722572
25,25,2021-01-13 16:15:00+00:00,1,47322,34484.07,343.4864285714289,2021-01-14 04:15:00+00:00,37293.6,0.050197136089801794,8.129252665420331,8.179449801510133,False,1.5,33968.84035714286,,,,,,,,,
26,26,2021-01-14 04:15:00+00:00,1,47370,37293.6,352.41285714285704,2021-01-14 16:15:00+00:00,39740.0,0.0529118039312657,6.888946162982547,6.941857966913813,False,1.5,36764.98071428571,,,,,,,,,
27,27,2021-01-14 16:30:00+00:00,1,47419,39856.48,393.6800000000003,2021-01-15 04:30:00+00:00,38700.01,0.05062040235724443,-2.988209307051413,-2.937588904694169,True,1.5,39265.96000000001,47420.0,2021-01-14 16:45:00+00:00,1.0,0.25,True,1.871088193456633,1.862019914651476,-1.4874593070514224,-1.5498704023572445
28,28,2021-01-15 05:30:00+00:00,-1,47471,38509.99,305.7728571428571,2021-01-15 17:30:00+00:00,35727.28,0.06297156385926062,9.037607297200067,9.100578861059327,False,1.5,38968.64928571428,,,,,,,,,
29,29,2021-01-15 17:30:00+00:00,-1,47519,35727.28,669.3921428571422,2021-01-16 05:30:00+00:00,35781.33,0.026686360440015437,-0.10743125799633162,-0.08074489755631618,True,1.5,36731.368214285714,47539.0,2021-01-15 22:30:00+00:00,20.0,5.0,False,1.4276112976698492,1.7966273239367485,1.3918187420036716,1.3918187420036716
30,30,2021-01-16 05:30:00+00:00,1,47567,35781.33,436.86500000000007,2021-01-16 17:30:00+00:00,37092.0,0.04095238803749442,2.9592192897119203,3.0001716777494147,False,1.5,35126.0325,,,,,,,,,
31,31,2021-01-16 17:30:00+00:00,-1,47615,37092.0,378.02499999999935,2021-01-17 05:30:00+00:00,35698.91,0.049060247338139094,3.6361193042788145,3.6851795516169537,False,1.5,37659.0375,,,,,,,,,
32,32,2021-01-17 05:30:00+00:00,1,47663,35698.91,270.3785714285732,2021-01-17 17:30:00+00:00,35711.01,0.0660165297334421,-0.021264462526093007,0.044752067207349096,True,1.5,35293.342142857146,47665.0,2021-01-17 06:00:00+00:00,2.0,0.5,True,2.479790241196198,1.7690301957572556,1.4794855374739002,-1.565266529733442
33,33,2021-01-17 17:30:00+00:00,-1,47711,35711.01,331.3935714285721,2021-01-18 05:30:00+00:00,35322.13,0.053880058454448744,1.1195886914782067,1.1734687499326555,True,1.5,36208.10035714286,47725.0,2021-01-17 21:00:00+00:00,14.0,3.5,True,1.688776400956126,0.28500962386114154,2.6188386914782034,-1.5546300584544488
34,34,2021-01-18 05:30:00+00:00,1,47759,35322.13,319.7699999999999,2021-01-18 17:30:00+00:00,35677.15,0.05523052506489041,1.0550049566876323,1.1102354817525226,False,1.5,34842.475,,,,,,,,,
35,35,2021-01-18 17:30:00+00:00,-1,47807,35677.15,358.3557142857145,2021-01-19 05:30:00+00:00,36285.48,0.04977896064963382,-1.747338049982264,-1.6975590893326302,True,1.5,36214.68357142857,47819.0,2021-01-18 20:30:00+00:00,12.0,3.0,True,1.67274137030645,0.5962890025473444,-0.24808804998227346,-1.5505289606496337
36,36,2021-01-19 05:30:00+00:00,1,47855,36285.48,225.52714285714268,2021-01-19 17:30:00+00:00,37293.51,0.0804459266860499,4.389215628147387,4.469661554833436,False,1.5,35947.18928571429,,,,,,,,,
37,37,2021-01-19 18:00:00+00:00,-1,47905,36980.0,304.1257142857129,2021-01-20 06:00:00+00:00,35434.38,0.060797226710758996,5.021377437901652,5.082174664612411,False,1.5,37436.18857142857,,,,,,,,,
38,38,2021-01-20 06:00:00+00:00,-1,47953,35434.38,327.81785714285695,2021-01-20 18:00:00+00:00,34900.01,0.05404583555763765,1.5760362004161586,1.6300820359737962,True,1.5,35926.106785714284,47962.0,2021-01-20 08:15:00+00:00,9.0,2.25,False,0.1796522459118238,7.696672803930754,3.0752862004161634,3.0752862004161634
39,39,2021-01-20 19:00:00+00:00,-1,48005,35103.16,346.47571428571507,2021-01-21 07:00:00+00:00,34724.99,0.050657461046537886,1.0408187504380984,1.0914762114846361,True,1.5,35622.87357142858,48022.0,2021-01-20 23:15:00+00:00,17.0,4.25,False,0.2832130060651302,4.683946102179922,2.540068750438108,2.540068750438108
40,40,2021-01-21 07:00:00+00:00,1,48053,34724.99,275.6664285714292,2021-01-21 19:00:00+00:00,31993.56,0.06298371219874938,-9.971444507207174,-9.908460795008425,True,1.5,34311.49035714285,48058.0,2021-01-21 08:15:00+00:00,5.0,1.25,True,2.2907771556202494,0.7201081534878012,-8.470694507207163,-1.5622337121987493
41,41,2021-01-21 19:15:00+00:00,-1,48102,32585.16,535.3664285714286,2021-01-22 07:15:00+00:00,31216.94,0.030432576886591692,2.525237571596492,2.5556701484830837,False,1.5,33388.209642857146,,,,,,,,,
42,42,2021-01-22 07:15:00+00:00,1,48150,31216.94,383.2050000000002,2021-01-22 19:15:00+00:00,33593.5,0.04073138398507324,6.161066609256142,6.2017979932412155,True,1.5,30642.1325,48153.0,2021-01-22 08:00:00+00:00,3.0,0.75,False,0.3303258047259309,7.912729478999492,7.661816609256139,7.661816609256139
43,43,2021-01-22 19:15:00+00:00,-1,48198,33593.5,346.3992857142865,2021-01-23 07:15:00+00:00,33064.62,0.048489563035225544,1.4783034235883747,1.5267929866236003,False,1.5,34113.09892857143,,,,,,,,,
44,44,2021-01-23 07:15:00+00:00,-1,48246,33064.62,304.45071428571435,2021-01-23 19:15:00+00:00,32337.45,0.05430208971191677,2.3341633198899245,2.3884654096018414,False,1.5,33521.29607142857,,,,,,,,,
45,45,2021-01-23 20:30:00+00:00,-1,48299,32180.0,224.73785714285728,2021-01-24 08:30:00+00:00,32668.11,0.07159452441415867,-2.2435027476456706,-2.171908223231512,True,1.5,32517.106785714284,48305.0,2021-01-23 22:00:00+00:00,6.0,1.5,True,1.6743650538881925,4.023962839244443,-0.744252747645678,-1.5723445244141587
46,46,2021-01-24 08:30:00+00:00,-1,48347,32668.11,187.5864285714285,2021-01-24 20:30:00+00:00,31665.52,0.08707482265317704,5.257608199648926,5.344683022302103,True,1.5,32949.489642857145,48361.0,2021-01-24 12:00:00+00:00,14.0,3.5,False,0.16264693227121027,10.849876818685491,6.756858199648933,6.756858199648933
47,47,2021-01-24 20:30:00+00:00,1,48395,31665.52,222.34142857142902,2021-01-25 08:30:00+00:00,33475.81,0.07120922133912437,8.070728210795465,8.14193743213459,False,1.5,31332.007857142857,,,,,,,,,
48,48,2021-01-25 08:45:00+00:00,1,48444,33488.1,212.05714285714308,2021-01-25 20:45:00+00:00,33498.0,0.07896008488278083,-0.032274555375902556,0.04668552950687828,True,1.5,33170.014285714286,48447.0,2021-01-25 09:30:00+00:00,3.0,0.75,True,1.744880086230124,0.746005119913766,1.46847544462409,-1.578210084882781
49,49,2021-01-25 21:45:00+00:00,-1,48496,32732.55,348.52642857142877,2021-01-26 09:45:00+00:00,31813.46,0.04695849054283645,2.590115557951128,2.6370740484939645,False,1.5,33255.33964285714,,,,,,,,,
50,50,2021-01-26 12:15:00+00:00,-1,48554,31627.93,325.71999999999986,2021-01-27 00:15:00+00:00,32313.18,0.048550795161488414,-2.1523516056735854,-2.103800810512097,True,1.5,32116.51,48569.0,2021-01-26 16:00:00+00:00,15.0,3.75,True,2.0859327029350494,2.4494043964140984,-0.6531016056735908,-1.5493007951614883
51,51,2021-01-27 00:15:00+00:00,-1,48602,32313.18,259.6707142857153,2021-01-27 12:15:00+00:00,30593.52,0.06221953077936594,6.560244634000727,6.6224641647800935,False,1.5,32702.686071428572,,,,,,,,,
52,52,2021-01-27 12:15:00+00:00,1,48650,30593.52,328.9957142857144,2021-01-28 00:15:00+00:00,30201.78,0.04649531691685083,-1.237209915891223,-1.1907145989743722,True,1.5,30100.02642857143,48657.0,2021-01-27 14:00:00+00:00,7.0,1.75,True,1.8629921362414616,1.2992679018832163,0.26354008410877544,-1.545745316916851
53,53,2021-01-28 00:15:00+00:00,-1,48698,30201.78,382.84571428571405,2021-01-28 12:15:00+00:00,31543.32,0.03944380056121081,-3.5435707894265547,-3.5041269888653437,True,1.5,30776.04857142857,48703.0,2021-01-28 01:30:00+00:00,5.0,1.25,True,2.0012537687692213,0.8800113436221998,-2.0443207894265507,-1.5401938005612108
54,54,2021-01-28 13:00:00+00:00,-1,48749,31235.52,257.8014285714281,2021-01-29 01:00:00+00:00,34138.14,0.060580579737450305,-11.319711361457617,-11.259130781720167,True,1.5,31622.222142857143,48751.0,2021-01-28 13:30:00+00:00,2.0,0.5,True,2.300793523254332,1.3589224264522577,-9.820461361457616,-1.5613305797374504
55,55,2021-01-29 01:15:00+00:00,-1,48798,33953.58,332.09142857142797,2021-01-29 13:15:00+00:00,37424.16,0.05112083161263689,-10.50179706535208,-10.450676233739442,True,1.5,34451.717142857146,48828.0,2021-01-29 08:45:00+00:00,30.0,7.5,True,7.459641062702187,3.291916167664685,-9.002547065352074,-1.5518708316126368
56,56,2021-01-29 13:15:00+00:00,-1,48846,37424.16,666.8328571428568,2021-01-30 01:15:00+00:00,34799.5,0.028061124762469945,3.907947684470093,3.936008809232563,True,1.5,38424.40928571429,48848.0,2021-01-29 13:45:00+00:00,2.0,0.5,False,0.32495506477313085,7.353280860699735,5.407197684470094,5.407197684470094
57,57,2021-01-30 01:15:00+00:00,1,48894,34799.5,514.1092857142846,2021-01-30 13:15:00+00:00,33936.67,0.03384445775147871,-1.7121452081478021,-1.6783007503963234,True,1.5,34028.33607142857,48896.0,2021-01-30 01:45:00+00:00,2.0,0.5,True,1.5898099764780493,0.8744326178563999,-0.21139520814780327,-1.5330944577514787
58,58,2021-01-30 13:15:00+00:00,1,48942,33936.67,318.56714285714304,2021-01-31 01:15:00+00:00,34116.47,0.05326454840199641,0.5111376632869589,0.5644022116889553,False,1.5,33458.819285714286,,,,,,,,,
59,59,2021-01-31 01:15:00+00:00,-1,48990,34116.47,209.71714285714395,2021-01-31 13:15:00+00:00,33845.93,0.08133924946526572,1.2086840472200628,1.2900232966853287,False,1.5,34431.04571428572,,,,,,,,,
60,60,2021-01-31 13:45:00+00:00,-1,49040,33725.83,221.92142857142764,2021-02-01 01:45:00+00:00,33455.17,0.07598596993788052,1.1436348739901716,1.219620843928052,False,1.5,34058.71214285714,,,,,,,,,
61,61,2021-02-01 01:45:00+00:00,1,49088,33455.17,290.93285714285804,2021-02-01 13:45:00+00:00,33753.07,0.05749637618890938,0.9664512209493621,1.0239475971382714,False,1.5,33018.77071428571,,,,,,,,,
62,62,2021-02-01 13:45:00+00:00,-1,49136,33753.07,265.7449999999995,2021-02-02 01:45:00+00:00,33774.78,0.06350650059267356,-0.14520135844512297,-0.08169485785244941,True,1.5,34151.6875,49178.0,2021-02-02 00:15:00+00:00,42.0,10.5,False,0.1818002220173478,2.305546670680544,1.354048641554881,1.354048641554881
63,63,2021-02-02 01:45:00+00:00,-1,49184,33774.78,216.52357142857258,2021-02-02 13:45:00+00:00,34901.89,0.07799330986728556,-5.283477371318835,-5.205484061451549,True,1.5,34099.565357142856,49200.0,2021-02-02 05:45:00+00:00,16.0,4.0,True,1.6415517281193386,0.8500014844969074,-3.784227371318844,-1.5787433098672856
64,64,2021-02-02 13:45:00+00:00,-1,49232,34901.89,220.25428571428503,2021-02-03 01:45:00+00:00,35943.89,0.07923089870150112,-4.8101263571975394,-4.730895458496039,True,1.5,35232.271428571425,49238.0,2021-02-02 15:15:00+00:00,6.0,1.5,True,1.6695637509891397,2.9562713227568076,-3.3108763571975506,-1.5799808987015012
65,65,2021-02-03 01:45:00+00:00,1,49280,35943.89,232.5121428571422,2021-02-03 13:45:00+00:00,36577.43,0.07729465127781367,2.6474662675067773,2.724760918784591,False,1.5,35595.121785714284,,,,,,,,,
66,66,2021-02-03 13:45:00+00:00,1,49328,36577.43,256.3864285714283,2021-02-04 01:45:00+00:00,38224.61,0.07133261733822557,6.35326641147153,6.424599028809756,False,1.5,36192.85035714286,,,,,,,,,
67,67,2021-02-04 01:45:00+00:00,1,49376,38224.61,267.42000000000087,2021-02-04 13:45:00+00:00,37635.4,0.07146924313813453,-2.274782383516555,-2.2033131403784205,True,1.5,37823.479999999996,49378.0,2021-02-04 02:15:00+00:00,2.0,0.5,True,1.5835763966793603,0.9702340886994449,-0.7740323835165425,-1.5707192431381345
68,68,2021-02-04 15:30:00+00:00,-1,49431,36591.44,335.4199999999998,2021-02-05 03:30:00+00:00,37393.07,0.054545703893625945,-2.4444747480770315,-2.3899290441834053,True,1.5,37094.57,49437.0,2021-02-04 17:00:00+00:00,6.0,1.5,True,2.280007155208403,0.8633057062786951,-0.9452247480770384,-1.555295703893626
69,69,2021-02-05 03:45:00+00:00,1,49480,37424.55,245.70285714285743,2021-02-05 15:45:00+00:00,38006.64,0.07615814979766493,2.2929229702544136,2.3690811200520785,True,1.5,37055.99571428572,49486.0,2021-02-05 05:15:00+00:00,6.0,1.5,False,0.01589608819017171,5.518146192846162,3.7936729702544145,3.7936729702544145
70,70,2021-02-05 15:45:00+00:00,-1,49528,38006.64,240.35857142857068,2021-02-06 03:45:00+00:00,39441.31,0.07906237704382167,-6.047936261894443,-5.9688738848506215,True,1.5,38367.17785714286,49560.0,2021-02-05 23:45:00+00:00,32.0,8.0,True,1.5162019839406613,1.8972814426065876,-4.54868626189443,-1.5798123770438217
71,71,2021-02-06 03:45:00+00:00,1,49576,39441.31,448.66428571428435,2021-02-06 15:45:00+00:00,40886.91,0.04395414484262825,3.178054038176833,3.2220081830194616,False,1.5,38768.313571428575,,,,,,,,,
72,72,2021-02-06 16:00:00+00:00,1,49625,40795.7,263.52428571428544,2021-02-07 04:00:00+00:00,38773.49,0.07740406143104193,-7.751118059056639,-7.673713997625597,True,1.5,40400.413571428566,49632.0,2021-02-06 17:45:00+00:00,7.0,1.75,True,2.654076338857338,1.3265814481723246,-6.250368059056626,-1.576654061431042
73,73,2021-02-07 05:45:00+00:00,1,49680,38556.36,293.79428571428696,2021-02-07 17:45:00+00:00,37916.75,0.06561795425370494,-2.242685484498378,-2.177067530244673,True,1.5,38115.66857142857,49717.0,2021-02-07 15:00:00+00:00,37.0,9.25,True,1.7552028630334042,1.1481892091648174,-0.7419354844983791,-1.564867954253705
74,74,2021-02-07 17:45:00+00:00,1,49728,37916.75,372.8835714285721,2021-02-08 05:45:00+00:00,38718.52,0.05084261268837257,2.0993459754768216,2.1501885881651943,False,1.5,37357.42464285714,,,,,,,,,
75,75,2021-02-08 06:45:00+00:00,1,49780,39067.83,258.0878571428574,2021-02-08 18:45:00+00:00,42770.0,0.07568707499937721,14.268924256136456,14.344611331135834,False,1.5,38680.698214285716,,,,,,,,,
76,76,2021-02-08 18:45:00+00:00,1,49828,42770.0,521.7378571428562,2021-02-09 06:45:00+00:00,48209.97,0.04098801669694559,10.38564659592326,10.426634612620205,False,1.5,41987.393214285716,,,,,,,,,
77,77,2021-02-09 06:45:00+00:00,-1,49876,48209.97,463.6057142857145,2021-02-09 18:45:00+00:00,47110.23,0.0519945812944497,2.320150468070153,2.3721450493646024,False,1.5,48905.37857142857,,,,,,,,,
78,78,2021-02-09 19:45:00+00:00,-1,49928,47162.5,437.5414285714277,2021-02-10 07:45:00+00:00,46676.91,0.0538948964832719,1.055920010839784,1.1098149073230559,False,1.5,47818.81214285714,,,,,,,,,
79,79,2021-02-10 08:00:00+00:00,-1,49977,46667.01,316.06785714285746,2021-02-10 20:00:00+00:00,45106.43,0.07382435281754589,4.863659686550131,4.937484039367677,True,1.5,47141.11178571429,49985.0,2021-02-10 10:00:00+00:00,8.0,2.0,False,1.0563814280387234,10.665784924123436,6.362909686550133,6.362909686550133
80,80,2021-02-10 20:30:00+00:00,1,50027,44704.19,341.9407142857147,2021-02-11 08:30:00+00:00,45133.16,0.06536833452749738,1.1891473814383047,1.254515715965802,True,1.5,44191.27892857143,50044.0,2021-02-11 00:45:00+00:00,17.0,4.25,False,0.4454249587961204,4.65154047171919,2.6898973814383007,2.6898973814383007
81,81,2021-02-11 08:45:00+00:00,1,50076,45080.82,301.86857142857065,2021-02-11 20:45:00+00:00,47105.58,0.074669614969618,6.632752725878835,6.707422340848454,False,1.5,44628.01714285714,,,,,,,,,
82,82,2021-02-11 21:00:00+00:00,-1,50125,47300.0,456.70071428571464,2021-02-12 09:00:00+00:00,47264.45,0.05178446028267962,0.026056451474166506,0.07784091175684613,True,1.5,47985.05107142857,50133.0,2021-02-11 23:00:00+00:00,8.0,2.0,True,2.8332097763305524,0.7327360368856644,1.5253064514741626,-1.5525344602826796
83,83,2021-02-12 09:00:00+00:00,-1,50173,47264.45,374.55357142857196,2021-02-12 21:00:00+00:00,47724.49,0.06309437902264592,-1.2913298974970209,-1.228235518474375,True,1.5,47826.28035714285,50182.0,2021-02-12 11:15:00+00:00,9.0,2.25,False,1.1926722288438734,4.552834326579242,0.20792010250297158,0.20792010250297158
84,84,2021-02-12 21:00:00+00:00,-1,50221,47724.49,312.4121428571426,2021-02-13 09:00:00+00:00,47482.64,0.07638065787638587,0.6977569853924606,0.7741376432688464,True,1.5,48193.10821428571,50223.0,2021-02-12 21:30:00+00:00,2.0,0.5,False,0.3101409081867658,4.907293936352382,2.1970069853924614,2.1970069853924614
85,85,2021-02-13 09:00:00+00:00,-1,50269,47482.64,301.56785714285746,2021-02-13 21:00:00+00:00,46947.01,0.0787262947216333,1.6974245360556035,1.776150830777237,False,1.5,47934.99178571429,,,,,,,,,
86,86,2021-02-13 22:30:00+00:00,-1,50323,47042.18,224.8228571428564,2021-02-14 10:30:00+00:00,49221.49,0.10462054569947167,-9.798074439558786,-9.693453893859314,True,1.5,47379.41428571429,50325.0,2021-02-13 23:00:00+00:00,2.0,0.5,True,1.5209561813745445,1.3317786701911445,-8.298824439558777,-1.6053705456994716
87,87,2021-02-14 10:30:00+00:00,1,50371,49221.49,256.2857142857143,2021-02-14 22:30:00+00:00,49175.31,0.09602854793756967,-0.27621806856187403,-0.18018952062430438,True,1.5,48837.061428571425,50384.0,2021-02-14 13:45:00+00:00,13.0,3.25,True,2.4423578595317506,1.5109643255295664,1.22453193143813,-1.5952785479375697
88,88,2021-02-14 23:15:00+00:00,-1,50422,49036.57,225.45500000000018,2021-02-15 11:15:00+00:00,48012.17,0.1087502384067773,4.434950278326054,4.543700516732832,False,1.5,49374.7525,,,,,,,,,
89,89,2021-02-15 11:15:00+00:00,1,50470,48012.17,301.4114285714282,2021-02-15 23:15:00+00:00,48371.5,0.07964556989023082,1.112512277949464,1.1921578478396948,True,1.5,47560.05285714286,50475.0,2021-02-15 12:30:00+00:00,5.0,1.25,False,0.19923881926934728,4.35566477714373,2.6132622779494556,2.6132622779494556
90,90,2021-02-15 23:15:00+00:00,1,50518,48371.5,305.4892857142856,2021-02-16 11:15:00+00:00,49035.68,0.07917053438862717,2.094981002373244,2.174151536761871,True,1.5,47913.266071428574,50520.0,2021-02-15 23:45:00+00:00,2.0,0.5,True,2.658836526883123,0.7153570969288161,3.5957310023732365,-1.5784205343886273
91,91,2021-02-16 12:15:00+00:00,1,50570,50067.42,394.9514285714275,2021-02-17 00:15:00+00:00,49498.6,0.06338427510073588,-1.5036120065396863,-1.4402277314389504,True,1.5,49474.99285714285,50571.0,2021-02-16 12:30:00+00:00,1.0,0.25,True,2.8944644187712045,3.7433644643464543,-0.0028620065396777333,-1.5626342751007358
92,92,2021-02-17 00:15:00+00:00,1,50618,49498.6,260.5371428571431,2021-02-17 12:15:00+00:00,51445.08,0.09499336535509048,7.3760335241479185,7.471026889503009,True,1.5,49107.794285714284,50621.0,2021-02-17 01:00:00+00:00,3.0,0.75,False,0.30005044523400637,10.358084397069781,8.876783524147918,8.876783524147918
93,93,2021-02-17 13:45:00+00:00,-1,50672,51235.0,369.63214285714326,2021-02-18 01:45:00+00:00,52250.47,0.06930539049441038,-2.816550238171155,-2.7472448476767446,True,1.5,51789.448214285716,50690.0,2021-02-17 18:15:00+00:00,18.0,4.5,True,1.9196160275176992,1.050904857145621,-1.3173002381711518,-1.5700553904944103
94,94,2021-02-18 07:30:00+00:00,-1,50743,51579.01,226.65285714285605,2021-02-18 19:30:00+00:00,52087.39,0.11378416016942264,-2.356773754073252,-2.2429895939038293,True,1.5,51918.989285714284,50744.0,2021-02-18 07:45:00+00:00,1.0,0.25,True,1.6892384199877903,1.7181309365486575,-0.8575237540732613,-1.6145341601694225
95,95,2021-02-18 21:00:00+00:00,1,50797,52099.52,229.31571428571365,2021-02-19 09:00:00+00:00,52806.35,0.11359779717295587,2.968746568984759,3.0823443661577152,True,1.5,51755.546428571426,50802.0,2021-02-18 22:15:00+00:00,5.0,1.25,True,1.9211349293861806,1.416010989216388,4.469496568984761,-1.6128477971729558
96,96,2021-02-19 09:00:00+00:00,1,50845,52806.35,248.55928571428635,2021-02-19 21:00:00+00:00,56034.85,0.10622485868562519,12.882628045048145,12.98885290373377,True,1.5,52433.51107142857,50861.0,2021-02-19 13:00:00+00:00,16.0,4.0,False,0.09028458286754612,16.690138598724616,14.383378045048143,14.383378045048143
97,97,2021-02-20 01:15:00+00:00,-1,50910,56252.23,449.7950000000014,2021-02-20 13:15:00+00:00,57425.59,0.06253096410587027,-2.671186018074878,-2.6086550539690077,True,1.5,56926.92250000001,50953.0,2021-02-20 12:00:00+00:00,43.0,10.75,True,1.696500628063873,1.2826343111862206,-1.171936018074872,-1.5632809641058703
98,98,2021-02-20 13:15:00+00:00,-1,50958,57425.59,379.8928571428577,2021-02-21 01:15:00+00:00,55987.52,0.07558129735827761,3.7098807690138136,3.7854620663720913,False,1.5,57995.42928571429,,,,,,,,,
99,99,2021-02-21 01:15:00+00:00,1,51006,55987.52,575.952142857143,2021-02-21 13:15:00+00:00,57240.37,0.04860431608280944,2.1266632222667408,2.17526753834955,False,1.5,55123.591785714285,,,,,,,,,
100,100,2021-02-21 13:15:00+00:00,-1,51054,57240.37,395.43857142857087,2021-02-22 01:15:00+00:00,56772.81,0.07237580516388686,1.1100075883196738,1.1823833934835606,True,1.5,57833.52785714286,51068.0,2021-02-21 16:45:00+00:00,14.0,3.5,True,1.5842464244040095,1.0078123024345496,2.609257588319669,-1.5731258051638868
101,101,2021-02-22 01:15:00+00:00,-1,51102,56772.81,400.0364285714287,2021-02-22 13:15:00+00:00,53136.49,0.07095955011240046,9.019012613137015,9.089972163249415,True,1.5,57372.86464285714,51107.0,2021-02-22 02:30:00+00:00,5.0,1.25,False,0.015736959669766806,11.556109175771475,10.518262613137006,10.518262613137006
102,102,2021-02-22 13:30:00+00:00,1,51151,53332.99,706.8428571428568,2021-02-23 01:30:00+00:00,53012.94,0.037726200004042136,-0.4905142515006307,-0.4527880514965886,True,1.5,52272.72571428571,51152.0,2021-02-22 13:45:00+00:00,1.0,0.25,True,2.9493482083308056,1.6368338082823037,1.0102357484993698,-1.5369762000040421
103,103,2021-02-23 01:30:00+00:00,1,51199,53012.94,565.8871428571422,2021-02-23 13:30:00+00:00,48169.71,0.04684055881914875,-8.605490567276176,-8.558650008457027,True,1.5,52164.10928571429,51202.0,2021-02-23 02:15:00+00:00,3.0,0.75,True,2.2275453712375812,1.4235183188975147,-7.104740567276172,-1.5460905588191487
104,104,2021-02-23 13:30:00+00:00,-1,51247,48169.71,1363.064285714286,2021-02-24 01:30:00+00:00,49749.99,0.01766963983461633,-1.1770280182781432,-1.1593583784435268,False,1.5,50214.30642857143,,,,,,,,,
105,105,2021-02-24 02:00:00+00:00,-1,51297,50298.69,736.8042857142864,2021-02-24 14:00:00+00:00,49479.38,0.03413300585734142,1.0778447823903672,1.1119777882477087,True,1.5,51403.89642857143,51327.0,2021-02-24 09:30:00+00:00,30.0,7.5,False,0.043001339762640735,3.1119477356848027,2.577094782390367,2.577094782390367
106,106,2021-02-24 14:15:00+00:00,1,51346,49503.36,562.8421428571429,2021-02-25 02:15:00+00:00,50528.79,0.043976237945427474,1.77790226389282,1.8218785018382473,True,1.5,48659.09678571429,51350.0,2021-02-24 15:15:00+00:00,4.0,1.0,False,1.1427658605115152,4.038438207109571,3.278652263892814,3.278652263892814
107,107,2021-02-25 02:15:00+00:00,1,51394,50528.79,462.7328571428557,2021-02-25 14:15:00+00:00,50914.75,0.05459823008029951,0.7794899355691194,0.8340881656494189,True,1.5,49834.690714285716,51404.0,2021-02-25 04:45:00+00:00,10.0,2.5,True,2.2245896274617,1.7035947924288322,2.2802399355691216,-1.5538482300802996
108,108,2021-02-25 14:15:00+00:00,1,51442,50914.75,500.96142857142905,2021-02-26 02:15:00+00:00,47312.65,0.05081703609915785,-7.241190974212433,-7.190373938113275,True,1.5,50163.307857142856,51453.0,2021-02-25 17:00:00+00:00,11.0,2.75,True,1.6135530822161854,1.159115472249083,-5.740440974212432,-1.5500670360991577
109,109,2021-02-26 02:15:00+00:00,1,51490,47312.65,811.1964285714286,2021-02-26 14:15:00+00:00,46821.89,0.029162264732427855,-0.6341452043938652,-0.6049829396614373,True,1.5,46095.85535714286,51504.0,2021-02-26 05:45:00+00:00,14.0,3.5,True,2.29067250753957,0.49820811411715576,0.8666047956061373,-1.5284122647324279
110,110,2021-02-26 15:00:00+00:00,-1,51541,46600.0,609.1542857142855,2021-02-27 03:00:00+00:00,47737.24,0.03824975141179342,-1.9051659443537619,-1.8669161929419684,True,1.5,47513.73142857143,51543.0,2021-02-26 15:30:00+00:00,2.0,0.5,True,1.5173144031068835,1.9104050580664576,-0.4059159443537572,-1.5389997514117935
111,111,2021-02-27 03:00:00+00:00,1,51589,47737.24,450.16071428571377,2021-02-27 15:00:00+00:00,47222.0,0.053022441191637966,-1.1975914443254363,-1.1445690031337983,True,1.5,47061.998928571425,51605.0,2021-02-27 07:00:00+00:00,16.0,4.0,True,1.6027141100400673,1.3504089809195245,0.30315855567456784,-1.552272441191638
112,112,2021-02-27 15:30:00+00:00,-1,51639,46586.96,436.83428571428624,2021-02-28 03:30:00+00:00,44684.14,0.05332337859404017,4.30260760536849,4.35593098396253,True,1.5,47242.21142857143,51651.0,2021-02-27 18:30:00+00:00,12.0,3.0,False,0.855424090207468,6.16735342594772,5.801857605368486,5.801857605368486
113,113,2021-02-28 06:15:00+00:00,1,51698,44889.53,666.269285714286,2021-02-28 18:15:00+00:00,43620.16,0.03368722749381684,-1.9388778571941556,-1.9051906297003387,True,1.5,43890.12607142857,51729.0,2021-02-28 14:00:00+00:00,31.0,7.75,False,1.3329086158856722,1.215535438802635,-0.43812785719415154,-0.43812785719415154
114,114,2021-02-28 18:15:00+00:00,1,51746,43620.16,483.8857142857144,2021-03-01 06:15:00+00:00,46269.08,0.0450727916863486,5.429195040151152,5.4742678318375,False,1.5,42894.33142857143,,,,,,,,,
115,115,2021-03-01 06:15:00+00:00,1,51794,46269.08,261.48928571428667,2021-03-01 18:15:00+00:00,48442.56,0.08847222912711497,8.223455328680453,8.311927557807568,True,1.5,45876.84607142857,51795.0,2021-03-01 06:30:00+00:00,1.0,0.25,False,0.7910307715421137,13.683749675621744,9.724205328680465,9.724205328680465
116,116,2021-03-01 18:30:00+00:00,1,51843,48459.99,419.62214285714225,2021-03-02 06:30:00+00:00,48863.92,0.057742412816973177,0.9048616987051297,0.9626041115221028,False,1.5,47830.55678571428,,,,,,,,,
117,117,2021-03-02 07:00:00+00:00,1,51893,48408.26,340.69142857142754,2021-03-02 19:00:00+00:00,47343.24,0.07104414132604306,-3.1970987194109672,-3.1260545780849243,True,1.5,47897.222857142864,51931.0,2021-03-02 16:30:00+00:00,38.0,9.5,True,1.8164027775448524,2.315224501434045,-1.6963487194109774,-1.570294141326043
118,118,2021-03-02 19:00:00+00:00,1,51941,47343.24,454.0600000000003,2021-03-03 07:00:00+00:00,49478.99,0.05213324230277934,4.651540281020127,4.703673523322906,False,1.5,46662.149999999994,,,,,,,,,
119,119,2021-03-03 08:30:00+00:00,1,51995,50723.83,333.5928571428573,2021-03-03 20:30:00+00:00,50907.48,0.07602655289810072,0.47449482688478667,0.5505213797828874,False,1.5,50223.440714285716,,,,,,,,,
120,120,2021-03-03 22:15:00+00:00,-1,52050,51052.01,437.2371428571428,2021-03-04 10:15:00+00:00,49025.01,0.05838023008109363,4.577547968412042,4.6359281984931355,True,1.5,51707.86571428572,52065.0,2021-03-04 02:00:00+00:00,15.0,3.75,False,0.21071925663091162,7.222318062117333,6.076797968412049,6.076797968412049
121,121,2021-03-04 11:00:00+00:00,1,52101,49264.87,527.413571428571,2021-03-04 23:00:00+00:00,48145.46,0.046704211522808785,-2.1691562314204575,-2.122452019897649,True,1.5,48473.74964285715,52128.0,2021-03-04 17:45:00+00:00,27.0,6.75,True,1.6566688651762933,1.4850781238361268,-0.6684062314204589,-1.5459542115228089
122,122,2021-03-04 23:00:00+00:00,-1,52149,48145.46,335.5478571428565,2021-03-05 11:00:00+00:00,47276.08,0.07174156975692218,2.519185421709057,2.590926991465979,True,1.5,48648.78178571429,52150.0,2021-03-04 23:15:00+00:00,1.0,0.25,False,0.2787924652008347,6.940237394282716,4.018435421709067,4.018435421709067
123,123,2021-03-05 11:45:00+00:00,1,52200,47492.7,289.470714285713,2021-03-05 23:45:00+00:00,48770.57,0.082033687098868,4.33247160457883,4.414505291677697,True,1.5,47058.49392857143,52202.0,2021-03-05 12:15:00+00:00,2.0,0.5,False,0.5145388504635214,8.330742808919767,5.833221604578828,5.833221604578828
124,124,2021-03-05 23:45:00+00:00,1,52248,48770.57,311.25142857142885,2021-03-06 11:45:00+00:00,48185.05,0.07834593759753247,-1.9595260584001788,-1.8811801208026464,True,1.5,48303.69285714286,52257.0,2021-03-06 02:00:00+00:00,9.0,2.25,False,1.1909756008004568,2.71769722227322,-0.4587760584001839,-0.4587760584001839
125,125,2021-03-06 13:00:00+00:00,1,52301,47550.87,258.2671428571422,2021-03-07 01:00:00+00:00,49184.92,0.09205752902587047,6.234918415040903,6.326975944066774,True,1.5,47163.46928571429,52302.0,2021-03-06 13:15:00+00:00,1.0,0.25,False,0.2844701222986233,8.65975706217816,7.735668415040912,7.735668415040912
126,126,2021-03-07 02:00:00+00:00,1,52353,49222.98,249.9035714285705,2021-03-07 14:00:00+00:00,50817.44,0.09848394666514265,6.28181702656741,6.380300973232552,False,1.5,48848.12464285715,,,,,,,,,
127,127,2021-03-07 16:15:00+00:00,1,52410,50794.91,299.34499999999906,2021-03-08 04:15:00+00:00,50458.19,0.08484342481083726,-1.2096993602699302,-1.124855935459093,True,1.5,50345.8925,52421.0,2021-03-07 19:00:00+00:00,11.0,2.75,True,1.8236232440829259,0.9169937697305736,0.2910506397300802,-1.5840934248108374
128,128,2021-03-08 04:15:00+00:00,-1,52458,50458.19,372.00142857142885,2021-03-08 16:15:00+00:00,50982.2,0.0678198874044262,-1.4764435102015585,-1.4086236227971323,True,1.5,51016.192142857144,52495.0,2021-03-08 13:30:00+00:00,37.0,9.25,False,0.7105022638161874,2.3043248681840627,0.02280648979843733,0.02280648979843733
129,129,2021-03-08 16:15:00+00:00,1,52506,50982.2,385.39642857142775,2021-03-09 04:15:00+00:00,53921.5,0.06614254339224004,7.560549823465657,7.626692366857897,False,1.5,50404.10535714286,,,,,,,,,
130,130,2021-03-09 04:30:00+00:00,1,52555,53960.01,418.71071428571406,2021-03-09 16:30:00+00:00,54295.6,0.06443590784636516,0.7370482399201552,0.8014841477665203,True,1.5,53331.94392857143,52569.0,2021-03-09 08:00:00+00:00,14.0,3.5,False,0.021718881942028704,3.6130818243076006,2.2377982399201515,2.2377982399201515
131,131,2021-03-09 16:30:00+00:00,-1,52603,54295.6,338.04142857142716,2021-03-10 04:30:00+00:00,53666.8,0.08030909144694894,1.7798179428556886,1.8601270343026375,True,1.5,54802.66214285714,52628.0,2021-03-09 22:45:00+00:00,25.0,6.25,True,2.9335394224714895,1.1911621145337121,3.2790679428556846,-1.581059091446949
132,132,2021-03-10 05:00:00+00:00,-1,52653,53278.19,481.40214285714217,2021-03-10 17:00:00+00:00,56911.28,0.05533646950945387,-7.602228509576939,-7.546892040067485,True,1.5,54000.29321428572,52659.0,2021-03-10 06:30:00+00:00,6.0,1.5,True,1.5970780295060618,0.509497554020041,-6.1029785095769356,-1.5560864695094538
133,133,2021-03-10 20:30:00+00:00,1,52715,56125.11,460.0935714285718,2021-03-11 08:30:00+00:00,54879.8,0.06099314735667118,-2.7676382242121482,-2.706645076855477,True,1.5,55434.96964285714,52733.0,2021-03-11 01:00:00+00:00,18.0,4.5,True,1.9104149621738369,2.455675165455472,-1.2668882242121433,-1.5602431473566711
134,134,2021-03-11 11:00:00+00:00,-1,52773,55637.63,435.9549999999986,2021-03-11 23:00:00+00:00,58004.9,0.06381120757876407,-5.4938900001147175,-5.430078792535953,True,1.5,56291.56249999999,52776.0,2021-03-11 11:45:00+00:00,3.0,0.75,True,1.881037033638817,1.1527852645341705,-3.9946400001147238,-1.564561207578764
135,135,2021-03-11 23:15:00+00:00,1,52822,58068.68,443.1628571428576,2021-03-12 11:15:00+00:00,56895.06,0.06551618560090769,-2.713797694494771,-2.6482815088938634,True,1.5,57403.93571428571,52826.0,2021-03-12 00:15:00+00:00,4.0,1.0,True,1.6636676616786965,1.258959943780751,-1.213047694494766,-1.5647661856009076
136,136,2021-03-12 13:00:00+00:00,-1,52877,55656.29,437.2778571428576,2021-03-13 01:00:00+00:00,56428.41,0.06363950185318579,-1.8293817807899235,-1.7657422789367376,True,1.5,56312.20678571429,52885.0,2021-03-12 15:00:00+00:00,8.0,2.0,True,1.9662400010454164,0.5310279995230327,-0.33013178078991695,-1.5643895018531857
137,137,2021-03-13 01:30:00+00:00,-1,52927,56386.04,359.1428571428566,2021-03-13 13:30:00+00:00,59795.0,0.07850085123309479,-9.57043402545745,-9.491933174224355,True,1.5,56924.75428571428,52940.0,2021-03-13 04:45:00+00:00,13.0,3.25,True,2.2142879872712906,1.2319172633253743,-8.071184025457457,-1.5792508512330947
138,138,2021-03-13 19:45:00+00:00,-1,53000,60804.75,299.5371428571426,2021-03-14 07:45:00+00:00,60600.67,0.10149784667773144,0.5798199960892106,0.6813178427669421,True,1.5,61254.055714285714,53001.0,2021-03-13 20:00:00+00:00,1.0,0.25,True,2.3233989583929513,1.7199059501325953,2.0790699960892116,-1.6022478466777315
139,139,2021-03-14 10:45:00+00:00,-1,53060,60413.43,277.83214285714195,2021-03-14 22:45:00+00:00,60274.32,0.10872289537619101,0.3919751108711615,0.5006980062473525,False,1.5,60830.17821428571,,,,,,,,,
140,140,2021-03-14 23:45:00+00:00,-1,53112,59037.12,414.30357142857093,2021-03-15 11:45:00+00:00,56182.03,0.07124862549028067,6.820050887461765,6.891299512952045,True,1.5,59658.57535714286,53114.0,2021-03-15 00:15:00+00:00,2.0,0.5,True,1.6688840998232841,0.7448049653032219,8.319300887461761,-1.5719986254902807
141,141,2021-03-15 12:15:00+00:00,-1,53162,55753.15,861.7778571428555,2021-03-16 00:15:00+00:00,54927.2,0.03234775037319037,0.926077896275895,0.9584256466490854,True,1.5,57045.81678571428,53166.0,2021-03-15 13:15:00+00:00,4.0,1.0,False,0.3181599666470261,2.5664233159191725,2.4253278962758933,2.4253278962758933
142,142,2021-03-16 00:30:00+00:00,1,53211,54926.55,481.24142857142994,2021-03-16 12:30:00+00:00,54890.79,0.05706756187123169,-0.1313753788564733,-0.07430781698524161,True,1.5,54204.68785714286,53212.0,2021-03-16 00:45:00+00:00,1.0,0.25,True,1.807175786433304,1.5003116938631755,1.3693746211435214,-1.5563175618712317
143,143,2021-03-16 12:30:00+00:00,1,53259,54890.79,408.34928571428566,2021-03-17 00:30:00+00:00,56525.02,0.06721058652519116,3.9348289839405597,4.002039570465751,False,1.5,54278.266071428574,,,,,,,,,
144,144,2021-03-17 00:45:00+00:00,-1,53308,56554.34,342.0642857142853,2021-03-17 12:45:00+00:00,55185.76,0.08266624485790065,3.918277604460303,4.000943849318204,False,1.5,57067.436428571425,,,,,,,,,
145,145,2021-03-17 12:45:00+00:00,1,53356,55185.76,491.8978571428576,2021-03-18 00:45:00+00:00,58971.41,0.056094735114868455,7.639913582523661,7.69600831763853,True,1.5,54447.91321428571,53365.0,2021-03-17 15:00:00+00:00,9.0,2.25,False,0.17902744036581253,10.504389703437264,9.140663582523668,9.140663582523668
146,146,2021-03-18 00:45:00+00:00,1,53404,58971.41,470.0421428571426,2021-03-18 12:45:00+00:00,58093.24,0.06272991783411522,-1.9310092058614934,-1.8682792880273782,True,1.5,58266.34678571429,53431.0,2021-03-18 07:30:00+00:00,27.0,6.75,False,1.3112585649615094,0.9796211281966992,-0.4302592058614933,-0.4302592058614933
147,147,2021-03-18 12:45:00+00:00,-1,53452,58093.24,290.14500000000146,2021-03-19 00:45:00+00:00,56930.61,0.10011070326905462,3.9069547295317575,4.007065432800812,True,1.5,58528.4575,53463.0,2021-03-18 15:30:00+00:00,11.0,2.75,True,2.0387823329714463,0.5150097365110452,5.406204729531746,-1.6008607032690545
148,148,2021-03-19 01:00:00+00:00,1,53501,57073.6,425.7628571428582,2021-03-19 13:00:00+00:00,58540.97,0.06702510451827627,3.3794239583403214,3.4464490628585978,False,1.5,56434.95571428571,,,,,,,,,
149,149,2021-03-19 13:00:00+00:00,1,53549,58540.97,330.57642857142804,2021-03-20 01:00:00+00:00,58618.55,0.0885437752670121,0.14613720406130967,0.23468097932832177,True,1.5,58045.10535714286,53553.0,2021-03-19 14:00:00+00:00,4.0,1.0,False,0.4964218345876348,4.552334990611646,1.6468872040613174,1.6468872040613174
150,150,2021-03-20 04:30:00+00:00,-1,53611,58358.75,231.20357142857185,2021-03-20 16:30:00+00:00,59308.89,0.12620641982174005,-4.235745014443044,-4.109538594621304,True,1.5,58705.55535714286,53625.0,2021-03-20 08:00:00+00:00,14.0,3.5,True,2.2851058899856027,1.0096096513585997,-2.7364950144430304,-1.62695641982174
151,151,2021-03-20 16:30:00+00:00,-1,53659,59308.89,393.9107142857143,2021-03-21 04:30:00+00:00,57147.97,0.07528214878280974,5.410529538057024,5.485811686839834,False,1.5,59899.75607142857,,,,,,,,,
152,152,2021-03-21 05:00:00+00:00,-1,53709,57148.01,300.7535714285711,2021-03-21 17:00:00+00:00,57130.07,0.09500803220481896,-0.035357867736986286,0.059650164467832674,True,1.5,57599.14035714286,53750.0,2021-03-21 15:15:00+00:00,41.0,10.25,False,0.07168540926955372,2.7840412772678222,1.463892132263018,1.463892132263018
153,153,2021-03-21 17:15:00+00:00,1,53758,57192.15,279.21214285714296,2021-03-22 05:15:00+00:00,57430.29,0.10241701778217788,0.7504828509812025,0.8528998687633803,True,1.5,56773.33178571429,53787.0,2021-03-22 00:30:00+00:00,29.0,7.25,True,1.5878671363556167,2.0295256806780135,2.251232850981191,-1.601667017782178
154,154,2021-03-22 05:15:00+00:00,1,53806,57430.29,258.4357142857147,2021-03-22 17:15:00+00:00,56892.73,0.11111136508111974,-2.191164431607737,-2.0800530665266175,True,1.5,57042.63642857143,53836.0,2021-03-22 12:45:00+00:00,30.0,7.5,True,1.9062242613526454,1.6420082363671384,-0.6904144316077414,-1.6103613650811197
155,155,2021-03-22 19:45:00+00:00,-1,53864,55563.91,397.62285714285724,2021-03-23 07:45:00+00:00,54196.11,0.06987011561565876,3.370072974749949,3.439943090365608,False,1.5,56160.34428571429,,,,,,,,,
156,156,2021-03-23 07:45:00+00:00,1,53912,54196.11,445.634285714285,2021-03-23 19:45:00+00:00,55055.83,0.06080783249557623,1.8683974094709361,1.9292052419665124,False,1.5,53527.658571428576,,,,,,,,,
157,157,2021-03-23 19:45:00+00:00,1,53960,55055.83,272.2042857142868,2021-03-24 07:45:00+00:00,55485.7,0.10112961641204307,1.4780887227554704,1.5792183391675134,True,1.5,54647.52357142857,53964.0,2021-03-23 20:45:00+00:00,4.0,1.0,True,1.5060878646814735,1.1190361230798076,2.9788387227554627,-1.600379616412043
158,158,2021-03-24 07:45:00+00:00,-1,54008,55485.7,450.74714285714225,2021-03-24 19:45:00+00:00,54789.04,0.06154858758315567,1.4840186135400526,1.5455672011232082,True,1.5,56161.82071428571,54010.0,2021-03-24 08:15:00+00:00,2.0,0.5,True,2.037016318937134,0.5444309923523831,2.9832686135400595,-1.5622985875831557
159,159,2021-03-24 19:45:00+00:00,-1,54056,54789.04,362.33642857142905,2021-03-25 07:45:00+00:00,52298.34,0.07560520510732911,6.798393111374397,6.8739983164817255,False,1.5,55332.544642857145,,,,,,,,,
160,160,2021-03-25 08:15:00+00:00,1,54106,52385.01,327.6164285714289,2021-03-25 20:15:00+00:00,52248.29,0.07994869217704494,-0.4972659817774736,-0.4173172896004287,True,1.5,51893.58535714286,54121.0,2021-03-25 12:00:00+00:00,15.0,3.75,True,2.38872440113984,1.480373389612849,1.003484018222523,-1.579198692177045
161,161,2021-03-25 20:15:00+00:00,-1,54154,52248.29,439.129285714285,2021-03-26 08:15:00+00:00,53644.89,0.05949078289667387,-3.2398753426016764,-3.1803845597050024,True,1.5,52906.983928571426,54189.0,2021-03-26 05:00:00+00:00,35.0,8.75,True,1.5781595397385493,1.1545208781663676,-1.7406253426016816,-1.5602407828966738
162,162,2021-03-26 13:00:00+00:00,-1,54221,53115.0,314.7507142857144,2021-03-27 01:00:00+00:00,54977.18,0.08437629779576124,-6.000740949186543,-5.916364651390782,True,1.5,53587.126071428575,54234.0,2021-03-26 16:15:00+00:00,13.0,3.25,True,1.5023760300101336,0.5754588098064096,-4.501490949186533,-1.5851262977957612
163,163,2021-03-27 01:00:00+00:00,1,54269,54977.18,310.9414285714291,2021-03-27 13:00:00+00:00,54276.77,0.08840439862353483,-2.340950812968917,-2.252546414345382,True,1.5,54510.767857142855,54275.0,2021-03-27 02:30:00+00:00,6.0,1.5,True,1.6217133222150082,2.9073068423543162,-0.8402008129689122,-1.5876543986235347
164,164,2021-03-27 13:00:00+00:00,1,54317,54276.77,266.41571428571376,2021-03-28 01:00:00+00:00,55910.28,0.10186480580832338,6.029567810242873,6.131432616051196,False,1.5,53877.146428571425,,,,,,,,,
165,165,2021-03-28 13:45:00+00:00,1,54416,55754.69,260.5628571428585,2021-03-29 01:45:00+00:00,55272.05,0.10698894426351689,-1.9592867172165627,-1.8522977729530459,True,1.5,55363.845714285715,54436.0,2021-03-28 18:45:00+00:00,20.0,5.0,True,1.9528712567299291,1.1749344824939247,-0.4585367172165646,-1.606238944263517
166,166,2021-03-29 03:45:00+00:00,-1,54472,55416.04,238.91071428571482,2021-03-29 15:45:00+00:00,57765.26,0.1159764646087149,-9.949022282681797,-9.833045818073083,True,1.5,55774.40607142857,54486.0,2021-03-29 07:15:00+00:00,14.0,3.5,True,1.5020420061290054,0.22860452948651255,-8.449772282681796,-1.616726464608715
167,167,2021-03-29 17:30:00+00:00,-1,54527,57902.71,383.6542857142849,2021-03-30 05:30:00+00:00,57651.48,0.07546209198757825,0.5793722454739664,0.6548343374615446,False,1.5,58478.19142857143,,,,,,,,,
168,168,2021-03-30 05:30:00+00:00,-1,54575,57651.48,225.64000000000047,2021-03-30 17:30:00+00:00,58857.37,0.12775101932281485,-5.472060538911526,-5.344309519588712,True,1.5,57989.94,54580.0,2021-03-30 06:45:00+00:00,5.0,1.25,True,1.5514093245878255,0.5961708916858881,-3.9728105389115336,-1.6285010193228149
169,169,2021-03-30 17:30:00+00:00,-1,54623,58857.37,198.10142857142844,2021-03-31 05:30:00+00:00,58605.64,0.14855362332427122,1.1221590707502098,1.270712694074481,True,1.5,59154.522142857146,54625.0,2021-03-30 18:00:00+00:00,2.0,0.5,False,0.3785831212005086,3.806596188099907,2.6214090707502127,2.6214090707502127
170,170,2021-03-31 06:00:00+00:00,-1,54673,58745.43,165.1271428571428,2021-03-31 18:00:00+00:00,59261.59,0.17787938731194153,-3.303713160421818,-3.1258337731098766,True,1.5,58993.12071428572,54674.0,2021-03-31 06:15:00+00:00,1.0,0.25,True,3.0696303281453994,1.7082032027268998,-1.8044631604218055,-1.6786293873119416
171,171,2021-03-31 18:00:00+00:00,1,54721,59261.59,358.004285714285,2021-04-01 06:00:00+00:00,59035.02,0.08276659297773786,-0.7156361116985837,-0.6328695187208457,True,1.5,58724.58357142857,54728.0,2021-03-31 19:45:00+00:00,7.0,1.75,False,0.819245978699376,1.9875919282690235,0.7851138883014099,0.7851138883014099
172,172,2021-04-01 07:00:00+00:00,-1,54773,58745.01,218.9764285714295,2021-04-01 19:00:00+00:00,58931.24,0.13413546467819376,-0.9845922979315875,-0.8504568332533938,True,1.5,59073.474642857145,54777.0,2021-04-01 08:00:00+00:00,4.0,1.0,True,2.3689552365388162,0.9070138012245328,0.5146577020684076,-1.6348854646781938
173,173,2021-04-01 19:00:00+00:00,-1,54821,58931.24,286.30214285714254,2021-04-02 07:00:00+00:00,59717.53,0.10291791638703379,-2.8492822717259303,-2.7463643553388963,True,1.5,59360.69321428571,54850.0,2021-04-02 02:15:00+00:00,29.0,7.25,True,3.622595260252041,0.6001813768171868,-1.3500322717259317,-1.6036679163870338
174,174,2021-04-02 07:00:00+00:00,-1,54869,59717.53,218.00571428571388,2021-04-02 19:00:00+00:00,58859.82,0.13696322180283635,3.797383191135229,3.934346412938065,False,1.5,60044.53857142857,,,,,,,,,
175,175,2021-04-02 19:00:00+00:00,-1,54917,58859.82,201.23428571428616,2021-04-03 07:00:00+00:00,59417.61,0.14624699710358896,-2.9180907613016793,-2.77184376419809,True,1.5,59161.671428571426,54934.0,2021-04-02 23:15:00+00:00,17.0,4.25,True,1.8714930713312155,1.7960231144933958,-1.4188407613016931,-1.646996997103589
176,176,2021-04-03 08:45:00+00:00,-1,54972,59113.87,236.08785714285736,2021-04-03 20:45:00+00:00,58115.0,0.12519464303543162,4.105730285033122,4.2309249280685535,True,1.5,59468.00178571429,54976.0,2021-04-03 09:45:00+00:00,4.0,1.0,False,1.408197008982717,7.065173981840905,5.60498028503312,5.60498028503312
177,177,2021-04-03 22:00:00+00:00,1,55025,57635.99,324.78142857142876,2021-04-04 10:00:00+00:00,57615.62,0.08873042749629416,-0.15144953089328964,-0.06271910339699548,True,1.5,57148.81785714286,55027.0,2021-04-03 22:30:00+00:00,2.0,0.5,True,1.828361491464591,2.1827668717862903,1.3493004691067008,-1.587980427496294
178,178,2021-04-04 10:00:00+00:00,-1,55073,57615.62,190.48285714285677,2021-04-04 22:00:00+00:00,57939.95,0.15123570925017654,-1.8539086156984252,-1.7026729064482486,True,1.5,57901.34428571429,55082.0,2021-04-04 12:15:00+00:00,9.0,2.25,True,1.68338358157464,1.4850380236691765,-0.3546586156984279,-1.6519857092501766
179,179,2021-04-05 01:45:00+00:00,-1,55136,57863.97,174.0671428571425,2021-04-05 13:45:00+00:00,58178.48,0.16621163836614805,-1.9730431565816304,-1.8068315182154824,True,1.5,58125.07071428571,55180.0,2021-04-05 12:45:00+00:00,44.0,11.0,False,0.35072262755753025,1.7170426846783124,-0.4737931565816378,-0.4737931565816378
180,180,2021-04-05 13:45:00+00:00,1,55184,58178.48,205.29714285714414,2021-04-06 01:45:00+00:00,58879.99,0.14169335040498704,3.2753537172599536,3.4170470676649405,False,1.5,57870.53428571429,,,,,,,,,
181,181,2021-04-06 04:00:00+00:00,-1,55241,58850.6,200.48142857142844,2021-04-06 16:00:00+00:00,58050.0,0.14677319594974964,3.8466141502240987,3.9933873461738485,False,1.5,59151.32214285714,,,,,,,,,
182,182,2021-04-06 16:00:00+00:00,-1,55289,58050.0,351.2492857142861,2021-04-07 04:00:00+00:00,57760.72,0.08263361999719361,0.7409410085226364,0.8235746285198301,False,1.5,58576.873928571425,,,,,,,,,
183,183,2021-04-07 05:45:00+00:00,1,55344,58332.31,263.94714285714247,2021-04-07 17:45:00+00:00,56120.44,0.110499983762983,-8.490473246808069,-8.379973263045086,True,1.5,57936.389285714286,55346.0,2021-04-07 06:15:00+00:00,2.0,0.5,True,1.6533207406244774,1.8887141906117735,-6.989723246808074,-1.609749983762983
184,184,2021-04-07 18:30:00+00:00,-1,55395,56220.26,363.91071428571274,2021-04-08 06:30:00+00:00,57131.37,0.07724457922371102,-2.580908154472754,-2.503663575249043,True,1.5,56766.126071428575,55434.0,2021-04-08 04:15:00+00:00,39.0,9.75,True,1.588724667549924,0.3853584572354011,-1.081658154472745,-1.5779945792237111
185,185,2021-04-08 07:30:00+00:00,1,55447,57216.46,225.13071428571442,2021-04-08 19:30:00+00:00,57812.01,0.12707386502444604,2.5182782002836563,2.6453520653081024,True,1.5,56878.763928571425,55451.0,2021-04-08 08:30:00+00:00,4.0,1.0,True,1.6824178334491218,1.3943724756728797,4.0190282002836675,-1.626323865024446
186,186,2021-04-09 10:15:00+00:00,1,55554,58611.0,211.6478571428566,2021-04-09 22:15:00+00:00,58224.46,0.13846348550658644,-1.9647990091358043,-1.8263355236292178,True,1.5,58293.52821428572,55568.0,2021-04-09 13:45:00+00:00,14.0,3.5,True,1.911326765820606,2.222898885277759,-0.46404900913581637,-1.6377134855065865
187,187,2021-04-10 02:45:00+00:00,1,55620,58766.29,180.75571428571286,2021-04-10 14:45:00+00:00,60506.45,0.16255721218060812,9.464579649724623,9.627136861905232,False,1.5,58495.156428571434,,,,,,,,,
188,188,2021-04-10 15:45:00+00:00,-1,55672,60348.46,244.8450000000001,2021-04-11 03:45:00+00:00,60343.27,0.12323808940350012,-0.10204100553410386,0.021197083869396255,True,1.5,60715.7275,55717.0,2021-04-11 03:00:00+00:00,45.0,11.25,False,0.4131287140844063,1.6874655394229126,1.3972089944659025,1.3972089944659025
189,189,2021-04-11 06:45:00+00:00,-1,55732,59802.99,288.86857142857116,2021-04-11 18:45:00+00:00,59951.53,0.10351245499683503,-0.6177255425106857,-0.5142130875138506,True,1.5,60236.29285714286,55738.0,2021-04-11 08:15:00+00:00,6.0,1.5,False,0.03800047475865546,3.227325328374755,0.8815244574893206,0.8815244574893206
190,190,2021-04-11 20:30:00+00:00,-1,55787,59712.56,218.55999999999975,2021-04-12 08:30:00+00:00,60677.02,0.1366045021961934,-4.549397327964862,-4.412792825768669,True,1.5,60040.399999999994,55794.0,2021-04-11 22:15:00+00:00,7.0,1.75,True,2.053989751098124,1.875732064421634,-3.050147327964876,-1.6373545021961935
191,191,2021-04-12 08:30:00+00:00,1,55835,60677.02,259.5335714285705,2021-04-12 20:30:00+00:00,60213.0,0.11689628371776883,-1.9047960049209105,-1.7878997212031416,True,1.5,60287.71964285714,55839.0,2021-04-12 09:30:00+00:00,4.0,1.0,True,2.237551156332651,2.4091309409462798,-0.4040460049209085,-1.616146283717769
192,192,2021-04-12 22:15:00+00:00,-1,55890,59913.26,179.8442857142857,2021-04-13 10:15:00+00:00,62865.12,0.1665698183349088,-16.579990952490654,-16.413421134155744,True,1.5,60183.02642857143,55893.0,2021-04-12 23:00:00+00:00,3.0,0.75,True,1.5937874828224574,1.7238047199561455,-15.08074095249066,-1.6673198183349087
193,193,2021-04-13 10:15:00+00:00,1,55938,62865.12,471.9914285714289,2021-04-13 22:15:00+00:00,63170.0,0.06659561614315025,0.5793483174633862,0.6459439336065365,False,1.5,62157.13285714286,,,,,,,,,
194,194,2021-04-14 05:00:00+00:00,-1,56013,64542.08,275.8478571428563,2021-04-14 17:00:00+00:00,63493.94,0.11698854699925201,3.6827147055701084,3.7997032525693606,True,1.5,64955.85178571429,56017.0,2021-04-14 06:00:00+00:00,4.0,1.0,False,0.10969167786590227,9.265440058831635,5.1819647055701115,5.1819647055701115
195,195,2021-04-14 17:00:00+00:00,-1,56061,63493.94,518.7142857142857,2021-04-15 05:00:00+00:00,63070.56,0.06120319195813826,0.7550072183971448,0.8162104103552831,False,1.5,64272.01142857143,,,,,,,,,
196,196,2021-04-15 07:00:00+00:00,-1,56117,63208.88,259.31214285714304,2021-04-15 19:00:00+00:00,62941.34,0.1218779793795122,0.909851568848357,1.0317295482278692,False,1.5,63597.84821428571,,,,,,,,,
197,197,2021-04-15 19:30:00+00:00,1,56167,63393.43,220.1671428571421,2021-04-16 07:30:00+00:00,61645.69,0.1439666000506114,-8.082208325492989,-7.938241725442377,True,1.5,63063.17928571429,56182.0,2021-04-15 23:15:00+00:00,15.0,3.75,True,1.7858218107022679,2.438241725442364,-6.581458325492985,-1.6432166000506114
198,198,2021-04-16 07:30:00+00:00,-1,56215,61645.69,474.43857142857087,2021-04-16 19:30:00+00:00,61782.82,0.06496698804903248,-0.3540033528350751,-0.28903636478604267,False,1.5,62357.34785714286,,,,,,,,,
199,199,2021-04-16 21:15:00+00:00,1,56270,61828.39,266.3471428571419,2021-04-17 09:15:00+00:00,61839.42,0.11606730475265942,-0.07465518415816558,0.04141212059449383,True,1.5,61428.86928571429,56280.0,2021-04-16 23:45:00+00:00,10.0,2.5,False,0.8548215808584986,4.434553724194531,1.4260948158418265,1.4260948158418265
200,200,2021-04-17 10:45:00+00:00,-1,56324,61469.83,279.0785714285718,2021-04-17 22:45:00+00:00,60704.5,0.11012997107829321,2.6322160144352615,2.7423459855135546,False,1.5,61888.44785714286,,,,,,,,,
201,201,2021-04-17 23:45:00+00:00,-1,56376,60090.14,246.3914285714288,2021-04-18 11:45:00+00:00,53349.32,0.12194040261140798,27.236235322425383,27.35817572503679,False,1.5,60459.72714285714,,,,,,,,,
202,202,2021-04-18 11:45:00+00:00,1,56424,53349.32,772.4585714285713,2021-04-18 23:45:00+00:00,56140.05,0.034532156139672775,3.5782570641791285,3.6127892203188012,False,1.5,52190.63214285714,,,,,,,,,
203,203,2021-04-19 00:45:00+00:00,1,56476,56753.21,424.7464285714278,2021-04-19 12:45:00+00:00,56575.63,0.06680834279275882,-0.48489308242733553,-0.4180847396345767,False,1.5,56116.09035714286,,,,,,,,,
204,204,2021-04-19 12:45:00+00:00,1,56524,56575.63,355.25857142857006,2021-04-20 00:45:00+00:00,54641.36,0.0796259887164684,-5.524308131702877,-5.444682142986408,True,1.5,56042.74214285714,56530.0,2021-04-19 14:15:00+00:00,6.0,1.5,True,2.363749140465094,1.227972784410558,-4.0235581317028695,-1.5788759887164683
205,205,2021-04-20 00:45:00+00:00,1,56572,54641.36,465.8057142857132,2021-04-20 12:45:00+00:00,55836.75,0.058652522204229986,2.5076320108935715,2.5662845330978015,True,1.5,53942.65142857143,56578.0,2021-04-20 02:15:00+00:00,6.0,1.5,False,1.3134906030717948,5.3828205505667714,4.008382010893574,4.008382010893574
206,206,2021-04-20 12:45:00+00:00,-1,56620,55836.75,432.4307142857121,2021-04-21 00:45:00+00:00,55683.2,0.06456149870416929,0.2905242871277562,0.35508578583192546,True,1.5,56485.39607142857,56645.0,2021-04-20 19:00:00+00:00,25.0,6.25,False,1.3287768643366555,2.1386919126598474,1.7897742871277635,1.7897742871277635
207,207,2021-04-21 01:00:00+00:00,-1,56669,55736.92,363.7500000000005,2021-04-21 13:00:00+00:00,55336.49,0.07661432302405487,1.0242241649484531,1.100838487972508,False,1.5,56282.545,,,,,,,,,
208,208,2021-04-21 13:00:00+00:00,1,56717,55336.49,388.7585714285727,2021-04-22 01:00:00+00:00,54492.21,0.07117076518294475,-2.242904231785417,-2.171733466602472,True,1.5,54753.35214285714,56750.0,2021-04-21 21:15:00+00:00,33.0,8.25,True,2.4008528980527615,1.1124844284554072,-0.7421542317854201,-1.5704207651829447
209,209,2021-04-22 01:00:00+00:00,1,56765,54492.21,504.06642857142805,2021-04-22 13:00:00+00:00,54940.87,0.05405260786205905,0.8360284897257101,0.8900810975877691,True,1.5,53736.110357142854,56769.0,2021-04-22 02:00:00+00:00,4.0,1.0,True,2.4423573706980193,0.45243965860509094,2.3367784897257167,-1.553302607862059
210,210,2021-04-22 14:45:00+00:00,-1,56820,54769.08,399.3550000000006,2021-04-23 02:45:00+00:00,50034.94,0.06857192222458705,11.7858934031125,11.854465325337086,False,1.5,55368.1125,,,,,,,,,
211,211,2021-04-23 02:45:00+00:00,1,56868,50034.94,836.981428571428,2021-04-23 14:45:00+00:00,49748.2,0.02989011362259278,-0.3724783601616076,-0.3425882465390149,True,1.5,48779.46785714286,56878.0,2021-04-23 05:15:00+00:00,10.0,2.5,False,1.4735187843389592,1.8405810335440096,1.1282716398383934,1.1282716398383934
212,212,2021-04-23 14:45:00+00:00,1,56916,49748.2,505.79285714285703,2021-04-24 02:45:00+00:00,50109.77,0.04917843272937821,0.6656794283374048,0.714857861066783,False,1.5,48989.51071428571,,,,,,,,,
213,213,2021-04-24 02:45:00+00:00,1,56964,50109.77,437.5178571428577,2021-04-24 14:45:00+00:00,49342.87,0.05726597118484952,-1.8101087122974417,-1.7528427411125922,True,1.5,49453.49321428571,56993.0,2021-04-24 10:00:00+00:00,29.0,7.25,True,1.5319448185788194,0.25339945308356543,-0.30935871229743406,-1.5565159711848495
214,214,2021-04-24 18:00:00+00:00,1,57025,50259.35,337.0549999999998,2021-04-25 06:00:00+00:00,49858.03,0.07455660055480565,-1.2652228123006632,-1.1906662117458575,True,1.5,49753.7675,57064.0,2021-04-25 03:45:00+00:00,39.0,9.75,False,0.876585423743912,0.46008069899569765,0.2355271876993284,0.2355271876993284
215,215,2021-04-25 06:00:00+00:00,-1,57073,49858.03,227.09428571428413,2021-04-25 18:00:00+00:00,49853.62,0.10977385415749356,-0.09035460727452882,0.01941924688296474,True,1.5,50198.671428571426,57084.0,2021-04-25 08:45:00+00:00,11.0,2.75,True,1.6699168375627784,4.353528427462487,1.408895392725476,-1.6105238541574936
216,216,2021-04-25 20:30:00+00:00,1,57131,49394.47,243.7107142857146,2021-04-26 08:30:00+00:00,52666.97,0.1013383226600623,13.32646689136709,13.427805214027153,True,1.5,49028.90392857143,57132.0,2021-04-25 20:45:00+00:00,1.0,0.25,True,4.746586262987445,1.4999999999999905,14.82721689136708,-1.6005883226600623
217,217,2021-04-26 09:00:00+00:00,1,57181,52434.09,309.7650000000015,2021-04-26 21:00:00+00:00,52949.99,0.08463527189966545,1.5808207996384325,1.665456071538098,False,1.5,51969.4425,,,,,,,,,
218,218,2021-04-26 21:15:00+00:00,1,57230,52692.06,353.13642857142884,2021-04-27 09:15:00+00:00,54512.23,0.07460581199900478,5.079691090654979,5.154296902653984,False,1.5,52162.35535714286,,,,,,,,,
219,219,2021-04-28 06:00:00+00:00,1,57361,54183.85,257.7035714285713,2021-04-28 18:00:00+00:00,54938.03,0.10512824812561503,2.8214124894327672,2.926540737558382,False,1.5,53797.294642857145,,,,,,,,,
220,220,2021-04-28 18:00:00+00:00,-1,57409,54938.03,235.6478571428566,2021-04-29 06:00:00+00:00,54225.62,0.11656806615197643,2.9066293804011343,3.0231974465531106,True,1.5,55291.50178571428,57416.0,2021-04-28 19:45:00+00:00,7.0,1.75,True,5.442986962992622,1.9308971922390186,4.405879380401124,-1.6173180661519764
221,221,2021-04-29 12:45:00+00:00,-1,57484,54356.91,205.33928571428518,2021-04-30 00:45:00+00:00,53402.91,0.1323587685885733,4.513610446125762,4.645969214714335,False,1.5,54664.91892857143,,,,,,,,,
222,222,2021-04-30 02:15:00+00:00,1,57538,53526.31,263.08285714285637,2021-04-30 14:15:00+00:00,56056.18,0.1017289962966586,9.514519008134357,9.616248004431016,False,1.5,53131.68571428571,,,,,,,,,
223,223,2021-04-30 14:15:00+00:00,1,57586,56056.18,323.79928571428536,2021-05-01 02:15:00+00:00,58331.99,0.08656007359056216,6.941898914450972,7.0284589880415345,False,1.5,55570.48107142857,,,,,,,,,
224,224,2021-05-01 02:15:00+00:00,-1,57634,58331.99,349.15285714285557,2021-05-01 14:15:00+00:00,57553.38,0.08353359969231688,2.1464639044708327,2.2299975041631495,False,1.5,58855.71928571428,,,,,,,,,
225,225,2021-05-01 15:00:00+00:00,1,57685,57301.53,259.8864285714283,2021-05-02 03:00:00+00:00,57684.96,0.11024340577340112,1.3651318268144625,1.4753752325878637,False,1.5,56911.70035714286,,,,,,,,,
226,226,2021-05-02 10:15:00+00:00,-1,57762,56763.52,311.33571428571355,2021-05-02 22:15:00+00:00,56508.65,0.0911612728565859,0.727472723518467,0.818633996375053,True,1.5,57230.523571428566,57769.0,2021-05-02 12:00:00+00:00,7.0,1.75,False,0.39981416477391774,2.76204602289673,2.226722723518465,2.226722723518465
227,227,2021-05-02 22:45:00+00:00,-1,57812,56427.82,220.6342857142845,2021-05-03 10:45:00+00:00,58534.3,0.12787636295356317,-9.675259233120164,-9.5473828701666,True,1.5,56758.771428571425,57817.0,2021-05-03 00:00:00+00:00,5.0,1.25,True,3.2883763694284505,0.9018155447929086,-8.17600923312017,-1.6286263629535631
228,228,2021-05-03 11:30:00+00:00,1,57863,58841.1,237.66785714285652,2021-05-03 23:30:00+00:00,57328.94,0.12378851037612547,-6.486281184726585,-6.3624926743504595,True,1.5,58484.59821428571,57867.0,2021-05-03 12:30:00+00:00,4.0,1.0,True,1.8285948277157371,1.0290486423129646,-4.98553118472657,-1.6230385103761256
229,229,2021-05-03 23:30:00+00:00,-1,57911,57328.94,371.0278571428571,2021-05-04 11:30:00+00:00,56097.83,0.07725692140944367,3.2408497282645334,3.318106649673977,False,1.5,57885.48178571429,,,,,,,,,
230,230,2021-05-04 11:30:00+00:00,-1,57959,56097.83,304.1371428571438,2021-05-04 23:30:00+00:00,53825.54,0.09222456269727915,7.3790430985081725,7.471267661205451,False,1.5,56554.03571428572,,,,,,,,,
231,231,2021-05-04 23:30:00+00:00,1,58007,53825.54,405.79071428571376,2021-05-05 11:30:00+00:00,55289.73,0.0663217985344311,3.5419174944156753,3.608239292950106,True,1.5,53216.85392857143,58008.0,2021-05-04 23:45:00+00:00,1.0,0.25,False,0.8291809465470491,6.646495290499867,5.042667494415679,5.042667494415679
232,232,2021-05-05 11:45:00+00:00,1,58056,55191.6,293.40000000000094,2021-05-05 23:45:00+00:00,57497.77,0.09405521472392608,7.766101567825464,7.86015678254939,False,1.5,54751.5,,,,,,,,,
233,233,2021-05-05 23:45:00+00:00,-1,58104,57497.77,301.20642857142747,2021-05-06 11:45:00+00:00,58081.3,0.09544578824678886,-2.032755037480256,-1.9373092492334671,True,1.5,57949.57964285714,58145.0,2021-05-06 10:00:00+00:00,41.0,10.25,True,1.6613867091624515,2.480191562976514,-0.5335050374802456,-1.596195788246789
234,234,2021-05-06 12:45:00+00:00,-1,58156,57713.55,331.88285714285877,2021-05-07 00:45:00+00:00,56437.74,0.08694867595278843,3.7572089011613357,3.844157577114124,False,1.5,58211.37428571429,,,,,,,,,
235,235,2021-05-07 02:30:00+00:00,1,58211,55709.21,409.0978571428568,2021-05-07 14:30:00+00:00,57101.01,0.06808787803127793,3.3340321177084866,3.4021199957397648,False,1.5,55095.563214285714,,,,,,,,,
236,236,2021-05-07 14:30:00+00:00,1,58259,57101.01,370.90999999999934,2021-05-08 02:30:00+00:00,58017.21,0.07697421207300977,2.393166792483348,2.470141004556358,False,1.5,56544.645000000004,,,,,,,,,
237,237,2021-05-08 03:30:00+00:00,1,58311,58220.01,279.73928571428667,2021-05-08 15:30:00+00:00,58548.06,0.10406119728829104,1.0686378719981424,1.1726990692864334,True,1.5,57800.40107142857,58321.0,2021-05-08 06:00:00+00:00,10.0,2.5,False,1.0078351015613853,6.124591775505251,2.569387871998154,2.569387871998154
238,238,2021-05-08 16:00:00+00:00,-1,58361,58198.63,419.8678571428562,2021-05-09 04:00:00+00:00,58157.98,0.0693058887575174,0.027510286399618722,0.09681617515713613,True,1.5,58828.43178571428,58365.0,2021-05-08 17:00:00+00:00,4.0,1.0,True,1.790011313083212,1.4729200513767018,1.5267602863996181,-1.5700558887575173
239,239,2021-05-09 04:15:00+00:00,-1,58410,58440.98,400.0164285714288,2021-05-09 16:15:00+00:00,57707.53,0.07304822480505262,1.760501468689689,1.8335496934947415,False,1.5,59041.004642857144,,,,,,,,,
240,240,2021-05-09 16:15:00+00:00,1,58458,57707.53,275.6249999999979,2021-05-10 04:15:00+00:00,59256.59,0.10468486167800534,5.515487473922937,5.620172335600942,True,1.5,57294.0925,58467.0,2021-05-09 18:30:00+00:00,9.0,2.25,False,0.7551655328798307,8.562022675737031,7.016237473922947,7.016237473922947
241,241,2021-05-10 04:15:00+00:00,1,58506,59256.59,255.32928571428627,2021-05-10 16:15:00+00:00,58085.74,0.11603954837031147,-4.701686653928665,-4.585647105558353,True,1.5,58873.59607142857,58510.0,2021-05-10 05:15:00+00:00,4.0,1.0,True,1.7821538573438713,2.1604021137970335,-3.2009366539286694,-1.6152895483703116
242,242,2021-05-10 17:00:00+00:00,-1,58557,57629.01,449.07142857142856,2021-05-11 05:00:00+00:00,55277.0,0.06416463655161445,5.173331784634965,5.23749642118658,False,1.5,58302.61714285715,,,,,,,,,
243,243,2021-05-11 05:30:00+00:00,1,58607,54741.31,442.72499999999957,2021-05-11 17:30:00+00:00,56431.89,0.061823152069569204,3.756754972048119,3.818578124117688,False,1.5,54077.222499999996,,,,,,,,,
244,244,2021-05-11 23:30:00+00:00,1,58679,56529.23,231.28571428571428,2021-05-12 11:30:00+00:00,56438.01,0.12220648857319334,-0.5166104416306413,-0.3944039530574479,True,1.5,56182.30142857143,58723.0,2021-05-12 10:30:00+00:00,44.0,11.0,False,0.6326436071649122,1.4257628165534086,0.9841395583693632,0.9841395583693632
245,245,2021-05-12 11:30:00+00:00,-1,58727,56438.01,296.5749999999986,2021-05-12 23:30:00+00:00,51226.83,0.09514964174323572,17.476054943943435,17.571204585686672,True,1.5,56882.8725,58736.0,2021-05-12 13:45:00+00:00,9.0,2.25,False,0.0992244794740129,21.710772991654817,18.975304943943424,18.975304943943424
246,246,2021-05-12 23:30:00+00:00,1,58775,51226.83,857.5657142857142,2021-05-13 11:30:00+00:00,49757.17,0.029867582825805938,-1.74362546227195,-1.713757879446144,True,1.5,49940.48142857143,58776.0,2021-05-12 23:45:00+00:00,1.0,0.25,True,1.6753718165704974,1.8185411863480656,-0.24287546227195078,-1.529117582825806
247,247,2021-05-13 11:30:00+00:00,1,58823,49757.17,608.8371428571429,2021-05-13 23:30:00+00:00,49460.94,0.04086246263368576,-0.5274129359012195,-0.48655047326753376,True,1.5,48843.91428571429,58844.0,2021-05-13 16:45:00+00:00,21.0,5.25,True,2.5397995241514346,1.2363005823748339,0.9733370640987755,-1.5401124626336857
248,248,2021-05-13 23:30:00+00:00,-1,58871,49460.94,543.4207142857152,2021-05-14 11:30:00+00:00,50771.54,0.04550888354063997,-2.4572682544043025,-2.4117593708636624,True,1.5,50276.071071428574,58876.0,2021-05-14 00:45:00+00:00,5.0,1.25,False,1.332170286373744,2.586690264974908,-0.9580182544043041,-0.9580182544043041
249,249,2021-05-14 11:30:00+00:00,-1,58919,50771.54,298.2807142857143,2021-05-14 23:30:00+00:00,49949.75,0.08510697736791566,2.6699823081325627,2.7550892855004783,True,1.5,51218.96107142857,58933.0,2021-05-14 15:00:00+00:00,14.0,3.5,False,1.0528301480149258,7.222227144612109,4.169232308132567,4.169232308132567
250,250,2021-05-14 23:30:00+00:00,-1,58967,49949.75,356.048571428573,2021-05-15 11:30:00+00:00,48765.25,0.07014457297158463,3.256648721683223,3.326793294654808,True,1.5,50483.82285714286,58974.0,2021-05-15 01:15:00+00:00,7.0,1.75,False,0.6336414774870028,7.511764045033976,4.755898721683232,4.755898721683232
251,251,2021-05-15 11:30:00+00:00,1,59015,48765.25,471.47571428571507,2021-05-15 23:30:00+00:00,46802.57,0.0517155481421554,-4.214559869770592,-4.1628443216284365,True,1.5,48058.036428571424,59034.0,2021-05-15 16:15:00+00:00,19.0,4.75,True,2.13804528638044,1.0219902252199047,-2.7138098697705852,-1.5509655481421554
252,252,2021-05-16 02:30:00+00:00,1,59075,48048.21,505.0464285714287,2021-05-16 14:30:00+00:00,48343.57,0.047568111842617,0.5372494084702265,0.5848175203128435,False,1.5,47290.64035714285,,,,,,,,,
253,253,2021-05-16 14:30:00+00:00,1,59123,48343.57,309.8842857142871,2021-05-17 02:30:00+00:00,44424.87,0.07800261618392083,-12.72369063798001,-12.645688021796088,True,1.5,47878.74357142857,59126.0,2021-05-16 15:15:00+00:00,3.0,0.75,True,2.2931578146681337,1.2789820163286882,-11.222940637980004,-1.5772526161839209
254,254,2021-05-17 02:30:00+00:00,1,59171,44424.87,557.7799999999994,2021-05-17 14:30:00+00:00,44325.52,0.03982293198035072,-0.21793975223207349,-0.17811682025172276,True,1.5,43588.200000000004,59174.0,2021-05-17 03:15:00+00:00,3.0,0.75,True,2.4887948653591128,1.3169349922908646,1.282810247767925,-1.5390729319803507
255,255,2021-05-17 14:45:00+00:00,1,59220,44488.79,501.0199999999994,2021-05-18 02:45:00+00:00,45060.72,0.044398217636022565,1.0971330585605386,1.141531276196561,True,1.5,43737.26,59223.0,2021-05-17 15:30:00+00:00,3.0,0.75,True,1.6232086543451418,0.8542573150772435,2.5978830585605377,-1.5436482176360227
256,256,2021-05-18 02:45:00+00:00,1,59268,45060.72,529.5078571428567,2021-05-18 14:45:00+00:00,43269.57,0.04254962357229291,-3.425218975571662,-3.382669351999369,True,1.5,44266.45821428572,59307.0,2021-05-18 12:30:00+00:00,39.0,9.75,True,1.8252008940916922,1.2419490605157593,-1.9244689755716653,-1.5417996235722928
257,257,2021-05-18 14:45:00+00:00,-1,59316,43269.57,511.9085714285705,2021-05-19 02:45:00+00:00,40337.06,0.042262986414984896,5.686318568326947,5.7285815547419325,False,1.5,44037.432857142856,,,,,,,,,
258,258,2021-05-19 02:45:00+00:00,1,59364,40337.06,640.8942857142865,2021-05-19 14:45:00+00:00,37435.85,0.031469355320467345,-4.558284564425595,-4.526815209105127,True,1.5,39375.718571428566,59371.0,2021-05-19 04:30:00+00:00,7.0,1.75,True,2.0684356234368835,2.3050313624266145,-3.0575345644255916,-1.5307193553204674
259,259,2021-05-19 15:00:00+00:00,-1,59413,37018.31,2631.4492857142855,2021-05-20 03:00:00+00:00,38429.81,0.007033825466629063,-0.5434302544849675,-0.5363964290183384,False,1.5,40965.483928571426,,,,,,,,,
260,260,2021-05-20 05:30:00+00:00,1,59471,39950.0,603.427857142858,2021-05-20 17:30:00+00:00,39526.99,0.03310254865358501,-0.7341142686011726,-0.7010117199475876,True,1.5,39044.85821428571,59486.0,2021-05-20 09:15:00+00:00,15.0,3.75,True,1.5796059180941204,5.65956931767201,0.7666357313988288,-1.532352548653585
261,261,2021-05-20 17:30:00+00:00,1,59519,39526.99,844.1907142857142,2021-05-21 05:30:00+00:00,40083.22,0.023411173169231397,0.635480224932251,0.6588913981014823,False,1.5,38260.70392857143,,,,,,,,,
262,262,2021-05-21 06:00:00+00:00,1,59569,39222.64,461.95428571428573,2021-05-21 18:00:00+00:00,36783.82,0.04245294525123079,-5.321806499097003,-5.279353553845772,True,1.5,38529.70857142857,59602.0,2021-05-21 14:15:00+00:00,33.0,8.25,True,2.351982880186048,4.741359689270428,-3.8210564990970046,-1.5417029452512307
263,263,2021-05-22 05:15:00+00:00,-1,59662,35407.61,527.9685714285707,2021-05-22 17:15:00+00:00,38176.92,0.03353192966031532,-5.278749448019094,-5.245217518358779,True,1.5,36199.56285714285,59664.0,2021-05-22 05:45:00+00:00,2.0,0.5,True,1.705474892986064,1.3168830395748594,-3.779499448019101,-1.5342819296603154
264,264,2021-05-22 17:15:00+00:00,1,59710,38176.92,589.0550000000013,2021-05-23 05:15:00+00:00,36918.45,0.03240522531851857,-2.1688271214063177,-2.136421896087799,True,1.5,37293.337499999994,59715.0,2021-05-22 18:30:00+00:00,5.0,1.25,False,1.177033553742847,1.8027900620485393,-0.6680771214063139,-0.6680771214063139
265,265,2021-05-23 05:15:00+00:00,-1,59758,36918.45,319.9064285714277,2021-05-23 17:15:00+00:00,32889.94,0.05770195079364741,12.535074061835063,12.592776012628711,False,1.5,37398.30964285714,,,,,,,,,
266,266,2021-05-23 20:30:00+00:00,-1,59819,33605.79,662.6835714285727,2021-05-24 08:30:00+00:00,36505.18,0.025355834555815752,-4.400581243795511,-4.375225409239695,True,1.5,34599.81535714286,59826.0,2021-05-23 22:15:00+00:00,7.0,1.75,True,1.6451058844072197,1.5386458954230526,-2.901331243795506,-1.5261058345558158
267,267,2021-05-24 10:00:00+00:00,1,59873,36282.78,433.76214285714275,2021-05-24 22:00:00+00:00,38773.42,0.04182335941192261,5.70012540447612,5.741948763888042,False,1.5,35632.13678571428,,,,,,,,,
268,268,2021-05-24 22:00:00+00:00,-1,59921,38773.42,578.4771428571429,2021-05-25 10:00:00+00:00,37294.69,0.03351335526283295,2.5227328478221067,2.5562462030849398,True,1.5,39641.135714285716,59931.0,2021-05-25 00:30:00+00:00,10.0,2.5,False,0.2574246667358159,4.164616949922706,4.021982847822113,4.021982847822113
269,269,2021-05-25 10:00:00+00:00,1,59969,37294.69,398.3000000000003,2021-05-25 22:00:00+00:00,38140.01,0.046817336178759696,2.0755025232236983,2.122319859402458,True,1.5,36697.240000000005,59971.0,2021-05-25 10:30:00+00:00,2.0,0.5,False,0.6475520964097548,4.676776299271889,3.57625252322369,3.57625252322369
270,270,2021-05-25 22:45:00+00:00,-1,60020,38397.28,325.29285714285703,2021-05-26 10:45:00+00:00,39696.26,0.0590195560044795,-4.052282769372665,-3.993263213368185,True,1.5,38885.21928571429,60031.0,2021-05-26 01:30:00+00:00,11.0,2.75,True,1.8284468940075935,1.3689488592696635,-2.5530327693726558,-1.5597695560044795
271,271,2021-05-26 12:00:00+00:00,-1,60073,40142.73,302.1307142857139,2021-05-27 00:00:00+00:00,38991.74,0.0664327195182786,3.743143551868537,3.8095762713868155,False,1.5,40595.92607142858,,,,,,,,,
272,272,2021-05-27 00:00:00+00:00,-1,60121,38991.74,261.31285714285644,2021-05-27 12:00:00+00:00,39630.63,0.07460738906291876,-2.519531098464352,-2.4449237094014333,True,1.5,39383.709285714285,60158.0,2021-05-27 09:15:00+00:00,37.0,9.25,True,1.7844155063170104,1.5945992488478653,-1.0202810984643422,-1.5753573890629187
273,273,2021-05-27 12:00:00+00:00,1,60169,39630.63,353.59500000000014,2021-05-28 00:00:00+00:00,38397.5,0.056039579179569816,-3.5434474893592864,-3.4874079101797166,True,1.5,39100.237499999996,60187.0,2021-05-27 16:30:00+00:00,18.0,4.5,True,1.6268258883751054,0.5599697393911177,-2.042697489359282,-1.5552895791795698
274,274,2021-05-28 00:00:00+00:00,-1,60217,38397.5,348.2542857142856,2021-05-28 12:00:00+00:00,36529.29,0.055128539080638965,5.309371128649837,5.364499667730476,False,1.5,38919.881428571425,,,,,,,,,
275,275,2021-05-28 12:15:00+00:00,-1,60266,36712.71,525.6207142857145,2021-05-29 00:15:00+00:00,35920.0,0.034923195568776495,1.4732175196944,1.5081407152631765,False,1.5,37501.141071428574,,,,,,,,,
276,276,2021-05-29 00:30:00+00:00,-1,60315,35872.9,408.3878571428582,2021-05-29 12:30:00+00:00,34867.17,0.04392013544547102,2.418763273009028,2.4626834084544993,True,1.5,36485.48178571429,60317.0,2021-05-29 01:00:00+00:00,2.0,0.5,True,2.17812111385708,2.1413021235065495,3.9180132730090356,-1.544670135445471
277,277,2021-05-29 13:15:00+00:00,1,60366,34292.55,428.1721428571436,2021-05-30 01:15:00+00:00,33753.94,0.04004528385612589,-1.2979739207027872,-1.2579286368466613,True,1.5,33650.29178571429,60384.0,2021-05-29 17:45:00+00:00,18.0,4.5,False,0.687321187573096,3.3992127665608267,0.20277607929720864,0.20277607929720864
278,278,2021-05-30 03:00:00+00:00,1,60421,34661.15,356.29785714285754,2021-05-30 15:00:00+00:00,35388.28,0.0486406938817241,1.992151821208971,2.040792515090695,False,1.5,34126.70321428571,,,,,,,,,
279,279,2021-05-30 15:00:00+00:00,1,60469,35388.28,344.5692857142858,2021-05-31 03:00:00+00:00,34417.2,0.05135147192043067,-2.869594537279465,-2.8182430653590345,True,1.5,34871.42607142857,60511.0,2021-05-31 01:30:00+00:00,42.0,10.5,True,1.794547851665735,1.0127249962168048,-1.368844537279465,-1.5506014719204306
280,280,2021-05-31 05:00:00+00:00,-1,60525,34300.01,282.7407142857145,2021-05-31 17:00:00+00:00,37008.62,0.06065629792060869,-9.640493453113272,-9.579837155192664,True,1.5,34724.12107142858,60529.0,2021-05-31 06:00:00+00:00,4.0,1.0,True,2.559938813198334,1.051108158156027,-8.14124345311326,-1.5614062979206087
281,281,2021-05-31 17:00:00+00:00,-1,60573,37008.62,315.7828571428566,2021-06-01 05:00:00+00:00,36858.62,0.05859820943867406,0.4164117431508096,0.47500995258948364,True,1.5,37482.294285714284,60599.0,2021-05-31 23:30:00+00:00,26.0,6.5,False,1.3030020629003787,3.2421465021171785,1.9156617431507996,1.9156617431507996
282,282,2021-06-01 05:00:00+00:00,-1,60621,36858.62,265.2442857142856,2021-06-01 17:00:00+00:00,35800.01,0.06948051661271823,3.9215950956261385,3.991075612238857,True,1.5,37256.48642857143,60624.0,2021-06-01 05:45:00+00:00,3.0,0.75,False,0.7777870534439993,6.622146161759243,5.420845095626128,5.420845095626128
283,283,2021-06-01 17:00:00+00:00,-1,60669,35800.01,343.00142857142885,2021-06-02 05:00:00+00:00,36517.87,0.05218638614583025,-2.1450639668306253,-2.092877580684795,True,1.5,36314.512142857144,60675.0,2021-06-01 18:30:00+00:00,6.0,1.5,True,1.7485870529485434,1.553177621084471,-0.64581396683063,-1.5529363861458303
284,284,2021-06-02 05:00:00+00:00,1,60717,36517.87,217.557857142857,2021-06-02 17:00:00+00:00,37823.23,0.08392680108082914,5.916132296499132,6.000059097579961,False,1.5,36191.533214285715,,,,,,,,,
285,285,2021-06-03 03:45:00+00:00,-1,60808,37623.5,158.3335714285708,2021-06-03 15:45:00+00:00,38546.06,0.11881087396861105,-5.945496848876928,-5.826685974908317,True,1.5,37861.00035714285,60811.0,2021-06-03 04:30:00+00:00,3.0,0.75,True,3.679255369540855,0.44684368895683635,-4.446246848876946,-1.6195608739686111
286,286,2021-06-03 21:45:00+00:00,-1,60880,38762.13,163.60642857142895,2021-06-04 09:45:00+00:00,36870.0,0.1184615126021067,11.446670838990741,11.565132351592847,True,1.5,39007.53964285714,60885.0,2021-06-03 23:00:00+00:00,5.0,1.25,True,1.7713873450659057,1.5315391029866707,12.945920838990737,-1.6192115126021067
287,287,2021-06-04 10:00:00+00:00,-1,60929,36982.29,293.523571428571,2021-06-04 22:00:00+00:00,37166.69,0.06299713821961253,-0.691226070916676,-0.6282289326970635,False,1.5,37422.57535714286,,,,,,,,,
288,288,2021-06-04 22:15:00+00:00,1,60978,37101.2,174.317142857143,2021-06-05 10:15:00+00:00,36618.56,0.10641867859894108,-2.8751652980609994,-2.7687466194620582,True,1.5,36839.724285714285,60981.0,2021-06-04 23:00:00+00:00,3.0,0.75,True,2.2317614856337165,2.0266837127731225,-1.3744152980610114,-1.6056686785989411
289,289,2021-06-05 10:15:00+00:00,-1,61026,36618.56,361.00642857142833,2021-06-05 22:15:00+00:00,35215.07,0.05071732398908609,3.836997378360889,3.887714702349975,False,1.5,37160.06964285714,,,,,,,,,
290,290,2021-06-06 04:15:00+00:00,1,61098,35969.14,212.92071428571322,2021-06-06 16:15:00+00:00,36188.58,0.08446604202100758,0.9461523303443088,1.0306183723653164,True,1.5,35649.75892857143,61134.0,2021-06-06 13:15:00+00:00,36.0,9.0,False,0.9851504080995945,3.9778707030451037,2.4469023303443187,2.4469023303443187
291,291,2021-06-06 17:45:00+00:00,1,61152,36036.9,194.00499999999946,2021-06-07 05:45:00+00:00,36296.24,0.0928762145305536,1.2438934563542032,1.3367696708847567,True,1.5,35745.8925,61158.0,2021-06-06 19:15:00+00:00,6.0,1.5,True,2.8042189634287915,1.3097987165279192,2.744643456354206,-1.5921262145305537
292,292,2021-06-07 05:45:00+00:00,-1,61200,36296.24,185.3535714285707,2021-06-07 17:45:00+00:00,35740.88,0.09791081909092698,2.898308761247823,2.99621958033875,True,1.5,36574.27035714286,61218.0,2021-06-07 10:15:00+00:00,18.0,4.5,False,1.212437619221954,5.347997071234536,4.397558761247841,4.397558761247841
293,293,2021-06-07 17:45:00+00:00,-1,61248,35740.88,199.74285714285725,2021-06-08 05:45:00+00:00,32872.12,0.08946722929480756,14.272798540981228,14.362265770276036,False,1.5,36040.49428571428,,,,,,,,,
294,294,2021-06-08 07:00:00+00:00,1,61301,32879.76,272.174999999999,2021-06-08 19:00:00+00:00,32715.88,0.06040187379443396,-0.6625144851658002,-0.6021126113713663,True,1.5,32471.497500000005,61328.0,2021-06-08 13:45:00+00:00,27.0,6.75,True,2.8345641590888504,1.0416184440157843,0.8382355148341947,-1.559651873794434
295,295,2021-06-08 19:30:00+00:00,-1,61351,32828.65,284.46499999999986,2021-06-09 07:30:00+00:00,34234.2,0.05770244142513142,-4.998732093579162,-4.941029652154031,True,1.5,33255.3475,61354.0,2021-06-08 20:15:00+00:00,3.0,0.75,True,2.1469864482449275,2.128021021918351,-3.499482093579154,-1.5584524414251315
296,296,2021-06-09 09:30:00+00:00,1,61407,34283.91,330.5871428571424,2021-06-09 21:30:00+00:00,36587.83,0.05185306013975143,6.917322994585396,6.969176054725147,False,1.5,33788.02928571429,,,,,,,,,
297,297,2021-06-09 23:30:00+00:00,-1,61463,37355.17,308.56285714285747,2021-06-10 11:30:00+00:00,37813.65,0.06053089206181647,-1.5463869806568789,-1.4858560885950625,True,1.5,37818.014285714286,61505.0,2021-06-10 10:00:00+00:00,42.0,10.5,True,2.1745511449392096,1.724168263933255,-0.04713698065687544,-1.5612808920618164
298,298,2021-06-10 23:30:00+00:00,-1,61559,36862.73,296.0935714285718,2021-06-11 11:30:00+00:00,37355.83,0.06224844704014892,-1.7276003748814854,-1.6653519278413365,True,1.5,37306.87035714286,61581.0,2021-06-11 05:00:00+00:00,22.0,5.5,False,1.2586211887651153,3.164102322866099,-0.2283503748814777,-0.2283503748814777
299,299,2021-06-12 07:00:00+00:00,-1,61685,35414.22,257.6164285714284,2021-06-12 19:00:00+00:00,35850.02,0.06873439748463252,-1.7603966971937635,-1.6916622997091308,True,1.5,35800.64464285714,61699.0,2021-06-12 10:30:00+00:00,14.0,3.5,True,1.550193671100167,3.488266054460809,-0.26114669719376454,-1.5694843974846324
300,300,2021-06-13 04:45:00+00:00,-1,61772,35165.93,223.28142857142822,2021-06-13 16:45:00+00:00,37006.68,0.07874799580286262,-8.322828176484526,-8.244080180681664,True,1.5,35500.85214285714,61787.0,2021-06-13 08:30:00+00:00,15.0,3.75,True,1.860288425241707,0.7651874316205581,-6.823578176484537,-1.5794979958028625
301,301,2021-06-13 20:00:00+00:00,-1,61833,38953.47,337.81714285714304,2021-06-14 08:00:00+00:00,39139.44,0.05765466736019484,-0.6081595897188705,-0.5505049223586757,True,1.5,39460.19571428571,61855.0,2021-06-14 01:30:00+00:00,22.0,5.5,False,1.0729008085523863,2.19111353564058,0.8910904102811232,0.8910904102811232
302,302,2021-06-14 08:45:00+00:00,1,61884,39004.43,268.2992857142864,2021-06-14 20:45:00+00:00,39800.19,0.07268828520388992,2.8932532672734874,2.9659415524773776,False,1.5,38601.98107142857,,,,,,,,,
303,303,2021-06-14 22:00:00+00:00,-1,61937,40216.86,304.3335714285718,2021-06-15 10:00:00+00:00,40004.25,0.06607365038831912,0.6325347844353129,0.698608434823632,True,1.5,40673.36035714286,61946.0,2021-06-15 00:15:00+00:00,9.0,2.25,False,0.6132732645334983,3.7667890261390897,2.1317847844353226,2.1317847844353226
304,304,2021-06-15 20:15:00+00:00,-1,62026,40000.48,387.4442857142848,2021-06-16 08:15:00+00:00,40020.0,0.05162094457820676,-0.10200238190928032,-0.050381437331073566,False,1.5,40581.64642857143,,,,,,,,,
305,305,2021-06-16 09:15:00+00:00,-1,62078,40021.23,171.37642857142833,2021-06-16 21:15:00+00:00,38686.01,0.11676410324807146,7.674389039166098,7.791153142414169,False,1.5,40278.294642857145,,,,,,,,,
306,306,2021-06-16 22:45:00+00:00,-1,62132,38562.99,219.4121428571421,2021-06-17 10:45:00+00:00,39264.68,0.08787797589012228,-3.2859234024683057,-3.1980454265781835,True,1.5,38892.10821428571,62151.0,2021-06-17 03:30:00+00:00,19.0,4.75,True,1.7135413784235383,1.1945930196596695,-1.7866734024683009,-1.5886279758901223
307,307,2021-06-17 14:30:00+00:00,-1,62195,38743.83,230.50999999999996,2021-06-18 02:30:00+00:00,37568.01,0.0840393692247625,5.016910698017439,5.100950067242201,True,1.5,39089.595,62200.0,2021-06-17 15:45:00+00:00,5.0,1.25,False,0.2620493687909368,8.19476378465142,6.516160698017437,6.516160698017437
308,308,2021-06-18 02:30:00+00:00,1,62243,37568.01,248.7364285714284,2021-06-18 14:30:00+00:00,36652.76,0.07551770807308947,-3.7551154463560135,-3.679597738282924,True,1.5,37194.90535714286,62274.0,2021-06-18 10:15:00+00:00,31.0,7.75,True,2.3515066148619845,3.2367379699107706,-2.2543654463560134,-1.5747677080730895
309,309,2021-06-18 14:30:00+00:00,-1,62291,36652.76,303.9442857142858,2021-06-19 02:30:00+00:00,35589.0,0.0602951950780453,3.439556751472315,3.4998519465503604,False,1.5,37108.67642857143,,,,,,,,,
310,310,2021-06-19 04:15:00+00:00,1,62346,35243.97,314.1100000000006,2021-06-19 16:15:00+00:00,35828.53,0.05610131800961437,1.8049027888319271,1.8610041068415415,False,1.5,34772.805,,,,,,,,,
311,311,2021-06-19 23:15:00+00:00,-1,62422,35632.17,192.06285714285747,2021-06-20 11:15:00+00:00,33949.98,0.0927617409479038,8.665777130254936,8.75853887120284,False,1.5,35920.264285714286,,,,,,,,,
312,312,2021-06-20 11:15:00+00:00,1,62470,33949.98,344.77428571428544,2021-06-20 23:15:00+00:00,35590.61,0.04923508133685811,4.709327456472553,4.758562537809412,True,1.5,33432.81857142857,62473.0,2021-06-20 12:00:00+00:00,3.0,0.75,False,0.35042802330303213,7.8955465687696345,6.210077456472563,6.210077456472563
313,313,2021-06-20 23:15:00+00:00,1,62518,35590.61,267.37785714285667,2021-06-21 11:15:00+00:00,31728.26,0.06655489422406505,-14.5118423285399,-14.445287434315835,True,1.5,35189.54321428572,62531.0,2021-06-21 02:30:00+00:00,13.0,3.25,True,1.7884922087255062,0.2068861883530183,-13.011092328539908,-1.565804894224065
314,314,2021-06-21 11:15:00+00:00,1,62566,31728.26,611.3985714285702,2021-06-21 23:15:00+00:00,31839.85,0.025947280123557515,0.15656868444479807,0.1825159645683556,False,1.5,30811.16214285714,,,,,,,,,
315,315,2021-06-22 06:00:00+00:00,1,62641,32593.77,256.2964285714287,2021-06-22 18:00:00+00:00,32404.45,0.0635860791772919,-0.8022619985229141,-0.7386759193456223,True,1.5,32209.325357142858,62650.0,2021-06-22 08:15:00+00:00,9.0,2.25,True,2.3368853030113046,0.5488747683346548,0.6984880014770847,-1.562836079177292
316,316,2021-06-22 18:30:00+00:00,1,62691,33254.02,620.9649999999996,2021-06-23 06:30:00+00:00,34076.11,0.026776082387896274,1.2971149581699521,1.3238910405578483,True,1.5,32322.5725,62694.0,2021-06-22 19:15:00+00:00,3.0,0.75,False,0.9840691504352078,3.3132745001731223,2.7978649581699506,2.7978649581699506
317,317,2021-06-23 08:15:00+00:00,1,62746,34078.99,290.134285714285,2021-06-23 20:15:00+00:00,33175.9,0.058729684284124735,-3.171391801333369,-3.112662117049244,True,1.5,33643.78857142857,62749.0,2021-06-23 09:00:00+00:00,3.0,0.75,True,1.598530729612898,4.218672141963814,-1.6706418013333775,-1.5579796842841247
318,318,2021-06-23 20:15:00+00:00,1,62794,33175.9,279.2314285714292,2021-06-24 08:15:00+00:00,32958.01,0.05940574126940261,-0.8397262127676951,-0.7803204714982925,True,1.5,32757.05285714286,62816.0,2021-06-24 01:45:00+00:00,22.0,5.5,True,1.5293867861783892,0.5907184005075091,0.6610237872323016,-1.5586557412694027
319,319,2021-06-24 08:45:00+00:00,1,62844,33354.42,252.98357142857017,2021-06-24 20:45:00+00:00,34838.01,0.06592210674323887,5.79845079155342,5.864372898296659,False,1.5,32974.94464285715,,,,,,,,,
320,320,2021-06-25 13:45:00+00:00,-1,62960,32992.28,298.6807142857147,2021-06-26 01:45:00+00:00,31949.49,0.055230013894435694,3.436090148821111,3.491320162715547,True,1.5,33440.30107142857,62961.0,2021-06-25 14:00:00+00:00,1.0,0.25,False,0.05999359086268279,7.333252421960368,4.935340148821108,4.935340148821108
321,321,2021-06-26 05:00:00+00:00,-1,63021,32421.57,246.09785714285707,2021-06-26 17:00:00+00:00,31296.89,0.06587129684184866,4.504180685964065,4.570051982805913,False,1.5,32790.716785714285,,,,,,,,,
322,322,2021-06-26 17:00:00+00:00,-1,63069,31296.89,383.32142857142907,2021-06-27 05:00:00+00:00,33067.01,0.0408232982390757,-4.658671057486258,-4.617847759247183,True,1.5,31871.872142857144,63073.0,2021-06-26 18:00:00+00:00,4.0,1.0,True,1.5864697661417997,2.566598341563401,-3.159421057486255,-1.5415732982390757
323,323,2021-06-27 05:00:00+00:00,1,63117,33067.01,272.08571428571514,2021-06-27 17:00:00+00:00,32976.01,0.06076579596765706,-0.39521922450908203,-0.33445342854142496,True,1.5,32658.88142857143,63135.0,2021-06-27 09:30:00+00:00,18.0,4.5,False,1.1977160558647457,3.3192428856452683,1.1055307754909198,1.1055307754909198
324,324,2021-06-27 22:15:00+00:00,-1,63186,34100.8,291.68214285714254,2021-06-28 10:15:00+00:00,34075.0,0.058455412569945346,0.029997036891930014,0.08845244946187536,True,1.5,34538.323214285716,63188.0,2021-06-27 22:45:00+00:00,2.0,0.5,True,1.5759510719839316,1.6055943970320017,1.5292470368919275,-1.5592054125699453
325,325,2021-06-28 13:30:00+00:00,-1,63247,34307.11,250.57285714285794,2021-06-29 01:30:00+00:00,34583.0,0.06845735486114653,-1.1694944071014357,-1.1010370522402892,True,1.5,34682.96928571429,63253.0,2021-06-28 15:00:00+00:00,6.0,1.5,True,1.9755959202056876,2.994295927617284,0.3297555928985632,-1.5692073548611465
326,326,2021-06-29 03:45:00+00:00,-1,63304,34564.83,247.56785714285797,2021-06-29 15:45:00+00:00,36244.89,0.06980879989613215,-6.856069421082211,-6.786260621186078,True,1.5,34936.18178571429,63305.0,2021-06-29 04:00:00+00:00,1.0,0.25,True,1.8960386041344972,1.6669441278725956,-5.356819421082211,-1.5705587998961321
327,327,2021-06-29 16:15:00+00:00,1,63354,36304.79,241.3385714285718,2021-06-30 04:15:00+00:00,35161.03,0.07521547381568267,-4.8144496261920136,-4.739234152376331,True,1.5,35942.78214285714,63378.0,2021-06-29 22:15:00+00:00,24.0,6.0,True,2.24904846185263,1.0358388038144342,-3.3136996261920024,-1.5744654738156827
328,328,2021-06-30 06:15:00+00:00,-1,63410,35043.92,268.69071428571414,2021-06-30 18:15:00+00:00,34613.78,0.0652123764179208,1.5356617034455426,1.6008740798634635,False,1.5,35446.95607142857,,,,,,,,,
329,329,2021-06-30 18:30:00+00:00,-1,63459,34837.9,226.79071428571427,2021-07-01 06:30:00+00:00,34135.13,0.07680627513724109,3.021953752200757,3.098760027337998,True,1.5,35178.08607142857,63480.0,2021-06-30 23:45:00+00:00,21.0,5.25,False,0.05694205167129202,4.934443965014955,4.52120375220076,4.52120375220076
330,330,2021-07-01 07:00:00+00:00,1,63509,33498.14,201.7514285714273,2021-07-01 19:00:00+00:00,33157.06,0.08301834648011042,-1.7736135626584537,-1.6905952161783433,True,1.5,33195.51285714286,63513.0,2021-07-01 08:00:00+00:00,4.0,1.0,False,1.1276889524591887,3.214287737385485,-0.2728635626584499,-0.2728635626584499
331,331,2021-07-02 04:15:00+00:00,-1,63594,32965.24,206.5442857142859,2021-07-02 16:15:00+00:00,33529.38,0.07980186884860382,-2.811128945020433,-2.731327076171829,True,1.5,33275.05642857143,63608.0,2021-07-02 07:45:00+00:00,14.0,3.5,True,1.573239222304453,0.5207426978648619,-1.3118789450204267,-1.5805518688486038
332,332,2021-07-02 20:00:00+00:00,-1,63657,33184.98,147.76357142857108,2021-07-03 08:00:00+00:00,34465.66,0.11229080239185212,-8.779379636388269,-8.667088833996416,True,1.5,33406.62535714286,63663.0,2021-07-02 21:30:00+00:00,6.0,1.5,True,1.9838762695231844,0.789270021124505,-7.2801296363882635,-1.613040802391852
333,333,2021-07-03 09:45:00+00:00,-1,63712,34613.41,217.02642857142928,2021-07-03 21:45:00+00:00,34533.19,0.07974468876404099,0.28988771281970704,0.36963240158374805,True,1.5,34938.949642857144,63743.0,2021-07-03 17:30:00+00:00,31.0,7.75,False,0.04243887347493415,1.9764857472921313,1.7891377128196904,1.7891377128196904
334,334,2021-07-04 07:15:00+00:00,-1,63798,35401.56,160.23499999999953,2021-07-04 19:15:00+00:00,35501.47,0.11046762567479046,-0.733989328174268,-0.6235217024994776,True,1.5,35641.9125,63800.0,2021-07-04 07:45:00+00:00,2.0,0.5,False,0.5578525290979164,2.6642899491372036,0.7652606718257419,0.7652606718257419
335,335,2021-07-05 00:00:00+00:00,1,63865,34951.25,190.5271428571437,2021-07-05 12:00:00+00:00,33484.39,0.09172249548245805,-7.790678024878314,-7.698955529395856,True,1.5,34665.459285714285,63870.0,2021-07-05 01:15:00+00:00,5.0,1.25,True,1.8079276293591358,1.275937436735658,-6.289928024878318,-1.590972495482458
336,336,2021-07-05 14:00:00+00:00,1,63921,33610.0,225.30214285714308,2021-07-06 02:00:00+00:00,33723.44,0.07458872688421572,0.4289129201104648,0.5035016469946805,True,1.5,33272.04678571429,63935.0,2021-07-05 17:30:00+00:00,14.0,3.5,False,1.0654438642711566,4.383594411314323,1.929662920110459,1.929662920110459
337,337,2021-07-06 04:00:00+00:00,-1,63977,34486.0,180.6842857142848,2021-07-06 16:00:00+00:00,33983.41,0.09543165268542653,2.6861605483914266,2.7815922010768532,True,1.5,34757.02642857143,63979.0,2021-07-06 04:30:00+00:00,2.0,0.5,True,2.008882897556122,1.4538421398018948,4.185410548391438,-1.5961816526854264
338,338,2021-07-06 19:00:00+00:00,-1,64037,33834.7,221.86785714285725,2021-07-07 07:00:00+00:00,34751.04,0.07624966598522283,-4.206365726059607,-4.130116060074384,True,1.5,34167.50178571428,64040.0,2021-07-06 19:45:00+00:00,3.0,0.75,True,1.8162081676673854,2.547875987959353,-2.7071157260596146,-1.5769996659852228
339,339,2021-07-07 07:00:00+00:00,1,64085,34751.04,153.1114285714284,2021-07-07 19:00:00+00:00,34637.24,0.11348284162794617,-0.8567323891097254,-0.7432495474817792,True,1.5,34521.37285714286,64097.0,2021-07-07 10:00:00+00:00,12.0,3.0,False,0.7508443897068282,3.7109388120696227,0.6440176108902746,0.6440176108902746
340,340,2021-07-07 23:15:00+00:00,-1,64150,33962.68,160.61785714285674,2021-07-08 11:15:00+00:00,32476.47,0.10572510617481627,9.14735563115649,9.253080737331306,False,1.5,34203.606785714284,,,,,,,,,
341,341,2021-07-08 11:15:00+00:00,-1,64198,32476.47,210.1807142857142,2021-07-08 23:15:00+00:00,32787.3,0.07725844426394976,-1.5561286681869093,-1.4788702239229596,True,1.5,32791.74107142857,64203.0,2021-07-08 12:30:00+00:00,5.0,1.25,True,1.9186295466826124,2.215907739258399,-0.05687866818690933,-1.5780084442639497
342,342,2021-07-09 02:15:00+00:00,1,64258,32825.01,208.58928571428572,2021-07-09 14:15:00+00:00,33452.45,0.07868335587706533,2.929333081071802,3.0080164369488673,False,1.5,32512.126071428575,,,,,,,,,
343,343,2021-07-09 14:15:00+00:00,1,64306,33452.45,189.0699999999992,2021-07-10 02:15:00+00:00,33782.15,0.08846577986988984,1.6553328132438023,1.7437985931136921,False,1.5,33168.845,,,,,,,,,
344,344,2021-07-10 18:45:00+00:00,-1,64420,33448.98,164.71214285714242,2021-07-11 06:45:00+00:00,33457.35,0.10153768696036837,-0.15235361257949398,-0.050815925619125624,True,1.5,33696.048214285714,64441.0,2021-07-11 00:00:00+00:00,21.0,5.25,False,0.7071839616300234,2.3678777260762427,1.3468963874204918,1.3468963874204918
345,345,2021-07-12 02:45:00+00:00,-1,64548,34249.03,112.98500000000006,2021-07-12 14:45:00+00:00,33405.94,0.15156449971235111,7.310399477806754,7.461963977519105,True,1.5,34418.5075,64550.0,2021-07-12 03:15:00+00:00,2.0,0.5,True,2.1615479930964585,1.0042704783820753,8.809649477806762,-1.6523144997123511
346,346,2021-07-12 14:45:00+00:00,-1,64596,33405.94,147.04357142857148,2021-07-13 02:45:00+00:00,33066.92,0.11359197711076888,2.1919831439661013,2.30557512107687,False,1.5,33626.50535714286,,,,,,,,,
347,347,2021-07-13 07:15:00+00:00,1,64662,33189.99,132.54214285714338,2021-07-13 19:15:00+00:00,32322.31,0.12520542253407224,-6.671651566348118,-6.546446143814046,True,1.5,32991.176785714284,64677.0,2021-07-13 11:00:00+00:00,15.0,3.75,True,4.8124073744738425,1.3813962136032036,-5.170901566348126,-1.6244554225340722
348,348,2021-07-13 20:15:00+00:00,-1,64714,32474.51,163.43142857142837,2021-07-14 08:15:00+00:00,31977.33,0.09935209611720087,2.94278003443994,3.042132130557141,True,1.5,32719.65714285714,64726.0,2021-07-13 23:15:00+00:00,12.0,3.0,False,0.49159979720635716,6.72855369661369,4.442030034439938,4.442030034439938
349,349,2021-07-14 10:30:00+00:00,-1,64771,32492.1,206.11928571428584,2021-07-14 22:30:00+00:00,32973.23,0.07881867989063195,-2.413049551750568,-2.334230871859936,True,1.5,32801.278928571424,64781.0,2021-07-14 13:00:00+00:00,10.0,2.5,True,1.820261845602606,2.4110743778740877,-0.9137995517505821,-1.5795686798906319
350,350,2021-07-15 05:00:00+00:00,1,64845,32570.0,131.14285714285765,2021-07-15 17:00:00+00:00,31274.0,0.12417755991285355,-10.006530501089285,-9.882352941176432,True,1.5,32373.285714285714,64851.0,2021-07-15 06:30:00+00:00,6.0,1.5,True,2.076252723311535,1.8812636165577308,-8.505780501089287,-1.6234275599128536
351,351,2021-07-15 17:15:00+00:00,1,64894,31335.0,166.1335714285711,2021-07-16 05:15:00+00:00,31737.84,0.09430664654516394,2.3304892362857825,2.4247958828309466,False,1.5,31085.799642857142,,,,,,,,,
352,352,2021-07-16 05:15:00+00:00,1,64942,31737.84,122.58642857142851,2021-07-16 17:15:00+00:00,31969.81,0.1294508713968571,1.7628466912557423,1.8922975626525995,True,1.5,31553.960357142856,64947.0,2021-07-16 06:30:00+00:00,5.0,1.25,True,1.597814370036292,2.0745334195698795,3.263596691255753,-1.6287008713968572
353,353,2021-07-16 18:45:00+00:00,1,64996,31943.28,174.09428571428649,2021-07-17 06:45:00+00:00,31556.77,0.09174132243611795,-2.3118601414668376,-2.2201188190307195,True,1.5,31682.138571428568,65006.0,2021-07-16 21:15:00+00:00,10.0,2.5,True,2.051408924556451,0.9361675939146374,-0.811110141466831,-1.5909913224361178
354,354,2021-07-17 08:45:00+00:00,1,65052,31684.88,132.63714285714272,2021-07-17 20:45:00+00:00,31714.99,0.11944195765030279,0.10756836051095812,0.2270103181612609,True,1.5,31485.924285714285,65057.0,2021-07-17 10:00:00+00:00,5.0,1.25,True,1.8541132628223072,0.7992912995713268,1.60831836051097,-1.6186919576503027
355,355,2021-07-18 03:15:00+00:00,1,65126,32085.99,161.1557142857143,2021-07-18 15:15:00+00:00,31391.89,0.09954965029385952,-4.406564161547407,-4.307014511253548,True,1.5,31844.25642857143,65140.0,2021-07-18 06:45:00+00:00,14.0,3.5,True,1.8383861216746806,0.6395278745490129,-2.9058141615473994,-1.5987996502938595
356,356,2021-07-18 15:15:00+00:00,-1,65174,31391.89,137.0457142857145,2021-07-19 03:15:00+00:00,31520.14,0.11453072488846248,-1.0503498467664578,-0.9358191218779954,True,1.5,31597.45857142857,65184.0,2021-07-18 17:45:00+00:00,10.0,2.5,True,1.8427532001834614,0.6748738689905245,0.4489001532335431,-1.6152807248884624
357,357,2021-07-19 04:45:00+00:00,1,65228,31727.6,106.78999999999984,2021-07-19 16:45:00+00:00,30696.56,0.1485513624871245,-9.803387957673928,-9.654836595186804,True,1.5,31567.414999999997,65239.0,2021-07-19 07:30:00+00:00,11.0,2.75,True,2.2700159190935256,1.3561663077067572,-8.302637957673914,-1.6478013624871244
358,358,2021-07-19 17:45:00+00:00,1,65280,30728.99,141.34785714285707,2021-07-20 05:45:00+00:00,29708.74,0.10869987922400165,-7.326708136461722,-7.21800825723772,True,1.5,30516.968214285716,65314.0,2021-07-20 02:15:00+00:00,34.0,8.5,True,2.207095463572661,0.7451954903555874,-5.825958136461725,-1.6079498792240017
359,359,2021-07-20 05:45:00+00:00,1,65328,29708.74,205.62571428571468,2021-07-20 17:45:00+00:00,29635.0,0.07223984632272215,-0.4308525823618572,-0.35861273603913507,True,1.5,29400.30142857143,65344.0,2021-07-20 09:45:00+00:00,16.0,4.0,False,0.7686851283191387,2.8094665758868245,1.069897417638137,1.069897417638137
360,360,2021-07-21 03:45:00+00:00,1,65416,29818.53,106.03999999999931,2021-07-21 15:45:00+00:00,31904.38,0.1406003866465494,19.529807006790037,19.670407393436587,False,1.5,29659.47,,,,,,,,,
361,361,2021-07-21 17:00:00+00:00,1,65469,32013.83,211.22214285714315,2021-07-22 05:00:00+00:00,31967.63,0.07578237197804603,-0.2945094399599639,-0.2187270679819179,True,1.5,31696.996785714287,65477.0,2021-07-21 19:00:00+00:00,8.0,2.0,False,0.9226153237451545,3.091547152456271,1.206240560040034,1.206240560040034
362,362,2021-07-22 11:30:00+00:00,1,65543,31890.79,147.67499999999927,2021-07-22 23:30:00+00:00,32304.62,0.10797626544777437,2.6943260876925685,2.802302353140343,False,1.5,31669.277500000004,,,,,,,,,
363,363,2021-07-23 17:00:00+00:00,1,65661,32023.06,122.39214285714297,2021-07-24 05:00:00+00:00,33599.99,0.13082155133674536,12.753420551039067,12.884242102375813,False,1.5,31839.471785714286,,,,,,,,,
364,364,2021-07-24 19:45:00+00:00,1,65768,33828.05,158.9721428571429,2021-07-25 07:45:00+00:00,34672.76,0.1063961565593253,5.207176302227247,5.313572458786573,False,1.5,33589.59178571429,,,,,,,,,
365,365,2021-07-25 14:30:00+00:00,1,65843,33936.77,151.16571428571427,2021-07-26 02:30:00+00:00,38425.91,0.11225022208361685,29.58456311427388,29.696813336357497,False,1.5,33710.021428571425,,,,,,,,,
366,366,2021-07-26 02:30:00+00:00,-1,65891,38425.91,1302.6607142857142,2021-07-26 14:30:00+00:00,38191.9,0.014749009307872625,0.1648910131735886,0.17964002248146121,False,1.5,40379.901071428576,,,,,,,,,
367,367,2021-07-26 16:00:00+00:00,1,65945,38821.13,262.80214285714254,2021-07-27 04:00:00+00:00,37033.8,0.07385999516203126,-6.874908040541079,-6.801048045379048,True,1.5,38426.926785714284,65961.0,2021-07-26 20:00:00+00:00,16.0,4.0,True,3.3806299144114447,4.166721025866826,-5.374158040541081,-1.5731099951620313
368,368,2021-07-27 04:00:00+00:00,1,65993,37033.8,312.00214285714173,2021-07-27 16:00:00+00:00,37955.58,0.059348630847315835,2.8950541548478443,2.95440278569516,False,1.5,36565.796785714294,,,,,,,,,
369,369,2021-07-27 16:00:00+00:00,1,66041,37955.58,377.46928571428674,2021-07-28 04:00:00+00:00,39728.99,0.050276381995129085,4.647880705525687,4.6981570875208165,True,1.5,37389.376071428575,66049.0,2021-07-27 18:00:00+00:00,8.0,2.0,False,0.17054651561054932,7.944020989408759,6.1486307055256795,6.1486307055256795
370,370,2021-07-28 04:00:00+00:00,1,66089,39728.99,394.59571428571456,2021-07-28 16:00:00+00:00,39799.99,0.050341385577281586,0.1295896107046271,0.17993099628190867,False,1.5,39137.09642857143,,,,,,,,,
371,371,2021-07-28 16:30:00+00:00,-1,66139,39780.08,257.8421428571419,2021-07-29 04:30:00+00:00,40017.57,0.07714037658700398,-0.9982078071023481,-0.9210674305153441,True,1.5,40166.84321428571,66140.0,2021-07-28 16:45:00+00:00,1.0,0.25,True,1.9979541746195897,5.48336745350839,0.5010421928976448,-1.577890376587004
372,372,2021-07-29 12:30:00+00:00,-1,66219,39676.7,268.4642857142857,2021-07-30 00:30:00+00:00,39942.65,0.07389567646667553,-1.0645302381269286,-0.990634561660253,True,1.5,40079.396428571425,66229.0,2021-07-29 15:00:00+00:00,10.0,2.5,False,1.1942131169349621,2.6598190767593244,0.4347197618730675,0.4347197618730675
373,373,2021-07-30 05:30:00+00:00,-1,66287,39719.54,141.68428571428427,2021-07-30 17:30:00+00:00,39004.81,0.14016917895925693,4.904356375845766,5.0445255548050225,False,1.5,39932.06642857143,,,,,,,,,
374,374,2021-07-30 22:45:00+00:00,1,66356,41342.26,464.3742857142856,2021-07-31 10:45:00+00:00,41781.3,0.04451394195568847,0.9009303117559133,0.9454442537116018,False,1.5,40645.69857142858,,,,,,,,,
375,375,2021-08-01 07:30:00+00:00,-1,66487,41772.59,192.79642857142866,2021-08-01 19:30:00+00:00,41414.31,0.10833341237056103,1.74999976659318,1.858333178963741,False,1.5,42061.78464285714,,,,,,,,,
376,376,2021-08-01 23:00:00+00:00,-1,66549,40249.98,299.9492857142853,2021-08-02 11:00:00+00:00,39500.46,0.06709464218951308,2.4317277777910244,2.4988224199805376,False,1.5,40699.90392857143,,,,,,,,,
377,377,2021-08-02 11:00:00+00:00,-1,66597,39500.46,231.2192857142857,2021-08-02 23:00:00+00:00,39417.92,0.08541774505957549,0.2715593978505291,0.35697714291010463,True,1.5,39847.28892857143,66618.0,2021-08-02 16:15:00+00:00,21.0,5.25,False,0.4874639720488068,5.143554201793588,1.7708093978505235,1.7708093978505235
378,378,2021-08-03 02:15:00+00:00,-1,66658,39003.28,306.94571428571464,2021-08-03 14:15:00+00:00,38545.44,0.06353449190643289,1.4280647671528572,1.4915992590592901,False,1.5,39463.69857142857,,,,,,,,,
379,379,2021-08-03 15:30:00+00:00,-1,66711,38108.49,235.59142857142848,2021-08-04 03:30:00+00:00,37992.65,0.08087834568320461,0.41082035788348825,0.4916987035666929,True,1.5,38461.87714285714,66716.0,2021-08-03 16:45:00+00:00,5.0,1.25,False,0.7658294626290241,3.6583552639557553,1.9100703578834928,1.9100703578834928
380,380,2021-08-04 03:30:00+00:00,-1,66759,37992.65,181.03642857142717,2021-08-04 15:30:00+00:00,39261.94,0.10493095312308971,-7.116171784684279,-7.01124083156119,True,1.5,38264.20464285714,66793.0,2021-08-04 12:00:00+00:00,34.0,8.5,True,3.484355950459889,0.6682889394794154,-5.616921784684284,-1.6056809531230898
381,381,2021-08-04 18:00:00+00:00,1,66817,39649.98,216.86142857142892,2021-08-05 06:00:00+00:00,39325.99,0.09141777830477646,-1.585413285639963,-1.4939955073351865,True,1.5,39324.68785714286,66845.0,2021-08-05 01:00:00+00:00,28.0,7.0,False,0.5749655803903894,1.3985988419200925,-0.08466328563996643,-0.08466328563996643
382,382,2021-08-05 10:00:00+00:00,-1,66881,38237.5,244.98000000000062,2021-08-05 22:00:00+00:00,40916.93,0.07804208506816865,-11.015383908890495,-10.937341823822326,True,1.5,38604.97,66899.0,2021-08-05 14:30:00+00:00,18.0,4.5,True,1.8165972732467863,1.3836639725691906,-9.516133908890495,-1.5787920850681687
383,383,2021-08-05 22:00:00+00:00,1,66929,40916.93,329.78928571428594,2021-08-06 10:00:00+00:00,40483.25,0.06203495955209491,-1.37705645596214,-1.3150214964100453,True,1.5,40422.24607142857,66938.0,2021-08-06 00:15:00+00:00,9.0,2.25,True,1.560802893622539,1.4778040090534055,0.1236935440378644,-1.561284959552095
384,384,2021-08-06 19:00:00+00:00,1,67013,42856.36,411.85857142857174,2021-08-07 07:00:00+00:00,43079.2,0.052028005452634536,0.4890315122042499,0.5410595176568844,False,1.5,42238.57214285714,,,,,,,,,
385,385,2021-08-08 06:15:00+00:00,1,67154,44999.43,265.86785714285776,2021-08-08 18:15:00+00:00,43802.74,0.08462743575621598,-4.585698053544321,-4.501070617788105,True,1.5,44600.628214285716,67164.0,2021-08-08 08:45:00+00:00,10.0,2.5,True,1.5068696855312156,1.1450492322985184,-3.0849480535443305,-1.583877435756216
386,386,2021-08-08 19:15:00+00:00,1,67206,43785.35,328.2128571428569,2021-08-09 07:15:00+00:00,43408.93,0.06670267335222357,-1.2135803529068636,-1.14687767955464,True,1.5,43293.03071428571,67225.0,2021-08-09 00:00:00+00:00,19.0,4.75,True,1.5478696316414835,2.051654196536237,0.2871696470931379,-1.5659526733522235
387,387,2021-08-10 11:00:00+00:00,-1,67365,45510.15,275.6749999999993,2021-08-10 23:00:00+00:00,45359.0,0.08254312142921941,0.46574743810647246,0.5482905595356918,True,1.5,45923.6625,67372.0,2021-08-10 12:45:00+00:00,7.0,1.75,False,0.7782624467216873,4.547429037816265,1.9649974381064657,1.9649974381064657
388,388,2021-08-11 06:15:00+00:00,1,67442,45983.96,170.39642857142775,2021-08-11 18:15:00+00:00,46327.76,0.13493228815157995,1.8827156337113298,2.0176479218629098,False,1.5,45728.36535714286,,,,,,,,,
389,389,2021-08-12 01:15:00+00:00,-1,67518,45869.37,254.98142857142895,2021-08-12 13:15:00+00:00,44715.04,0.08994649190137084,4.437167527607053,4.527114019508423,False,1.5,46251.842142857146,,,,,,,,,
390,390,2021-08-12 15:00:00+00:00,1,67573,44216.45,307.0492857142859,2021-08-13 03:00:00+00:00,45202.15,0.07200220299672687,3.138231612421471,3.210233815418198,False,1.5,43755.87607142857,,,,,,,,,
391,391,2021-08-13 05:30:00+00:00,1,67631,45330.01,185.73428571428562,2021-08-13 17:30:00+00:00,46506.78,0.1220291930099836,6.213742339286524,6.335771532296508,False,1.5,45051.408571428576,,,,,,,,,
392,392,2021-08-13 20:00:00+00:00,-1,67689,47642.68,233.64714285714166,2021-08-14 08:00:00+00:00,47636.27,0.10195433896045981,-0.07451980703501382,0.02743453192544599,False,1.5,47993.150714285715,,,,,,,,,
393,393,2021-08-14 09:45:00+00:00,-1,67744,47035.91,245.93571428571366,2021-08-14 21:45:00+00:00,47029.11,0.09562643257529577,-0.06797693067292843,0.02764950190236734,True,1.5,47404.813571428575,67783.0,2021-08-14 19:30:00+00:00,39.0,9.75,False,0.05768348290783231,4.447558885887742,1.4312730693270737,1.4312730693270737
394,394,2021-08-15 09:45:00+00:00,-1,67840,46033.61,245.7799999999999,2021-08-15 21:45:00+00:00,46855.07,0.09364799820978116,-3.435905301489135,-3.3422573032793537,True,1.5,46402.28,67857.0,2021-08-15 14:00:00+00:00,17.0,4.25,True,1.5692489217999939,3.0237610871511134,-1.936655301489141,-1.5943979982097811
395,395,2021-08-15 23:30:00+00:00,1,67895,46973.47,221.05214285714308,2021-08-16 11:30:00+00:00,47490.0,0.10624975038210108,2.230438749099268,2.336688499481369,False,1.5,46641.89178571429,,,,,,,,,
396,396,2021-08-16 14:00:00+00:00,-1,67953,46429.41,264.0185714285721,2021-08-17 02:00:00+00:00,46310.29,0.08792830320377874,0.3632520791286417,0.45118038233242047,False,1.5,46825.43785714286,,,,,,,,,
397,397,2021-08-17 03:30:00+00:00,-1,68007,46490.01,250.17999999999978,2021-08-17 15:30:00+00:00,45718.46,0.09291312255176282,2.991066412183242,3.083979534735005,True,1.5,46865.28,68031.0,2021-08-17 09:30:00+00:00,24.0,6.0,False,1.3139339675433745,4.657766408186106,4.490316412183231,4.490316412183231
398,398,2021-08-17 15:30:00+00:00,-1,68055,45718.46,264.9721428571419,2021-08-18 03:30:00+00:00,44835.01,0.08627031413005712,3.247853758211781,3.334124072341838,True,1.5,46115.91821428571,68065.0,2021-08-17 18:00:00+00:00,10.0,2.5,False,0.39367076323390127,7.127534969983378,4.7471037582117726,4.7471037582117726
399,399,2021-08-18 03:30:00+00:00,1,68103,44835.01,313.9992857142856,2021-08-18 15:30:00+00:00,45368.0,0.07139349043105198,1.626030753027185,1.697424243458237,False,1.5,44364.01107142858,,,,,,,,,
400,400,2021-08-18 15:30:00+00:00,1,68151,45368.0,226.18714285714253,2021-08-19 03:30:00+00:00,44203.92,0.1002886358325282,-5.246823426871569,-5.146534791039041,True,1.5,45028.71928571429,68166.0,2021-08-18 19:15:00+00:00,15.0,3.75,True,2.1337167074041252,1.7971875375005535,-3.746073426871574,-1.5995386358325283
401,401,2021-08-19 03:30:00+00:00,-1,68199,44203.92,233.47785714285783,2021-08-19 15:30:00+00:00,45641.85,0.09466405195965327,-6.253406545129684,-6.15874249317003,True,1.5,44554.13678571428,68216.0,2021-08-19 07:45:00+00:00,17.0,4.25,True,1.82399829901276,1.4035454570485175,-4.754156545129691,-1.5954140519596534
402,402,2021-08-19 15:30:00+00:00,1,68247,45641.85,245.88142857142935,2021-08-20 03:30:00+00:00,47124.01,0.09281272332192607,5.935133383105673,6.027946106427599,False,1.5,45273.02785714286,,,,,,,,,
403,403,2021-08-20 03:30:00+00:00,1,68295,47124.01,221.2742857142865,2021-08-20 15:30:00+00:00,48558.57,0.10648324961908907,6.376692124189725,6.483175373808814,True,1.5,46792.09857142857,68312.0,2021-08-20 07:45:00+00:00,17.0,4.25,False,0.26708287064534875,8.671868140381655,7.8774421241897326,7.8774421241897326
404,404,2021-08-20 15:30:00+00:00,1,68343,48558.57,290.77642857142877,2021-08-21 03:30:00+00:00,48870.2,0.08349811956657908,0.9882187370267194,1.0717168565932984,False,1.5,48122.40535714286,,,,,,,,,
405,405,2021-08-21 13:15:00+00:00,1,68430,49302.61,326.5371428571431,2021-08-22 01:15:00+00:00,49055.68,0.07549311170026593,-0.8317011125402495,-0.7562080008399835,True,1.5,48812.80428571429,68454.0,2021-08-21 19:15:00+00:00,24.0,6.0,False,0.46590193196136775,1.8533748075038463,0.6690488874597491,0.6690488874597491
406,406,2021-08-22 13:30:00+00:00,-1,68527,48822.95,185.61857142857116,2021-08-23 01:30:00+00:00,49882.38,0.1315141842334128,-5.83907885217767,-5.707564667944258,True,1.5,49101.377857142856,68564.0,2021-08-22 22:45:00+00:00,37.0,9.25,True,1.91048848252562,0.9055012968221859,-4.339828852177661,-1.6322641842334127
407,407,2021-08-23 01:30:00+00:00,1,68575,49882.38,240.42499999999927,2021-08-23 13:30:00+00:00,50253.99,0.10373792242903224,1.4419000103982598,1.545637932827292,False,1.5,49521.7425,,,,,,,,,
408,408,2021-08-23 15:00:00+00:00,-1,68629,49837.41,184.88857142857108,2021-08-24 03:00:00+00:00,49267.67,0.13477688105577132,2.9467548523435303,3.0815317333993018,False,1.5,50114.74285714286,,,,,,,,,
409,409,2021-08-24 09:30:00+00:00,1,68703,49689.71,138.1249999999995,2021-08-24 21:30:00+00:00,48251.47,0.1798722533936658,-10.592469538461563,-10.412597285067896,True,1.5,49482.5225,68707.0,2021-08-24 10:30:00+00:00,4.0,1.0,True,1.5633122171945948,0.8401628959276092,-9.091719538461557,-1.6791222533936658
410,410,2021-08-24 21:30:00+00:00,-1,68751,48251.47,227.16142857142768,2021-08-25 09:30:00+00:00,47223.01,0.10620524422531534,4.421235908384863,4.527441152610178,True,1.5,48592.21214285714,68785.0,2021-08-25 06:00:00+00:00,34.0,8.5,False,0.19601856451988262,6.434376434631148,5.920485908384855,5.920485908384855
411,411,2021-08-25 09:30:00+00:00,-1,68799,47223.01,237.43214285714254,2021-08-25 21:30:00+00:00,48861.42,0.09944527609392172,-6.999985280004807,-6.900540003910885,True,1.5,47579.158214285715,68803.0,2021-08-25 10:30:00+00:00,4.0,1.0,True,2.239889592515168,1.0367518539131528,-5.50073528000481,-1.6001952760939218
412,412,2021-08-25 21:30:00+00:00,1,68847,48861.42,198.57214285714196,2021-08-26 09:30:00+00:00,46883.42,0.12303190995715899,-10.084147157744082,-9.961115247786923,True,1.5,48563.561785714286,68869.0,2021-08-26 03:00:00+00:00,22.0,5.5,True,1.6744634012108082,0.942318552810965,-8.583397157744088,-1.622281909957159
413,413,2021-08-26 09:30:00+00:00,-1,68895,46883.42,294.2814285714293,2021-08-26 21:30:00+00:00,47179.07,0.07965745617654607,-1.0843080093399444,-1.0046505531633982,True,1.5,47324.842142857146,68906.0,2021-08-26 12:15:00+00:00,11.0,2.75,False,0.44140691369290086,2.737692781933712,0.4149419906600672,0.4149419906600672
414,414,2021-08-27 00:00:00+00:00,1,68953,46634.09,223.67928571428587,2021-08-27 12:00:00+00:00,47450.01,0.1042432021612576,3.5434794619848153,3.647722664146073,False,1.5,46298.57107142857,,,,,,,,,
415,415,2021-08-27 14:45:00+00:00,1,69012,48150.01,275.33500000000015,2021-08-28 02:45:00+00:00,48977.93,0.08743895618065262,2.919516207529002,3.0069551637096548,False,1.5,47737.0075,,,,,,,,,
416,416,2021-08-28 02:45:00+00:00,1,69060,48977.93,158.60785714285728,2021-08-28 14:45:00+00:00,48679.99,0.1543994442718113,-2.032868804914199,-1.878469360642388,True,1.5,48740.018214285716,69073.0,2021-08-28 06:00:00+00:00,13.0,3.25,True,2.1711926539398583,2.4524748818964905,-0.5321188049142074,-1.6536494442718113
417,417,2021-08-28 20:45:00+00:00,-1,69132,48745.78,136.95285714285637,2021-08-29 08:45:00+00:00,48519.97,0.17796554601687853,1.4708500005215472,1.6488155465384258,True,1.5,48951.209285714285,69136.0,2021-08-28 21:45:00+00:00,4.0,1.0,True,5.972790428406037,1.9398593885278572,2.97010000052156,-1.6787155460168786
418,418,2021-08-29 09:45:00+00:00,1,69184,48597.7,163.18999999999974,2021-08-29 21:45:00+00:00,48921.99,0.14889913597646937,1.838293706722234,1.9871928426987033,True,1.5,48352.915,69191.0,2021-08-29 11:30:00+00:00,7.0,1.75,False,1.409859672774096,4.3861449843740585,3.339043706722213,3.339043706722213
419,419,2021-08-29 22:15:00+00:00,1,69234,49248.45,194.47571428571453,2021-08-30 10:15:00+00:00,47918.0,0.1266185091050662,-6.967832615897665,-6.841214106792599,True,1.5,48956.73642857143,69239.0,2021-08-29 23:30:00+00:00,5.0,1.25,True,1.8409312951304881,0.32890261729336767,-5.467082615897681,-1.6258685091050662
420,420,2021-08-30 20:45:00+00:00,1,69324,48671.83,156.855714285714,2021-08-31 08:45:00+00:00,47764.01,0.15514841209847113,-5.94276032113226,-5.787611909033789,True,1.5,48436.54642857143,69325.0,2021-08-30 21:00:00+00:00,1.0,0.25,True,1.5080510751464373,1.7902030073133273,-4.442010321132277,-1.6543984120984712
421,421,2021-08-31 08:45:00+00:00,1,69372,47764.01,206.0850000000007,2021-08-31 20:45:00+00:00,47048.59,0.11588424679137212,-3.5873644612659974,-3.4714802144746253,True,1.5,47454.8825,69374.0,2021-08-31 09:15:00+00:00,2.0,0.5,True,1.9922483441298526,4.091115316495609,-2.086614461265991,-1.615134246791372
422,422,2021-08-31 21:45:00+00:00,-1,69424,46952.02,192.87999999999894,2021-09-01 09:45:00+00:00,47688.05,0.12171303401078457,-3.93771261924518,-3.8159995852343953,True,1.5,47241.34,69429.0,2021-08-31 23:00:00+00:00,5.0,1.25,True,1.9486727498963223,3.579168394856918,-2.4384626192451733,-1.6224630340107846
423,423,2021-09-01 09:45:00+00:00,1,69472,47688.05,188.82071428571467,2021-09-01 21:45:00+00:00,48462.99,0.12627865057178175,3.9778261502785743,4.104104800850356,True,1.5,47404.81892857143,69486.0,2021-09-01 13:15:00+00:00,14.0,3.5,False,0.5551240973107716,9.29967391592172,5.478576150278567,5.478576150278567
424,424,2021-09-01 21:45:00+00:00,-1,69520,48462.99,175.60500000000164,2021-09-02 09:45:00+00:00,49883.33,0.13798863927564575,-8.226254918709548,-8.088266279433903,True,1.5,48726.3975,69521.0,2021-09-01 22:00:00+00:00,1.0,0.25,True,1.8130605620568705,2.4099399219839874,-6.727004918709556,-1.6387386392756458
425,425,2021-09-02 09:45:00+00:00,1,69568,49883.33,249.28428571428645,2021-09-02 21:45:00+00:00,49854.54,0.10005309772548811,-0.21554373090963558,-0.11549063318414748,True,1.5,49509.40357142857,69588.0,2021-09-02 14:45:00+00:00,20.0,5.0,False,1.036581871529345,1.5395532352620995,1.2852062690903687,1.2852062690903687
426,426,2021-09-02 21:45:00+00:00,-1,69616,49854.54,145.82928571428576,2021-09-03 09:45:00+00:00,50137.87,0.17093459573571831,-2.1138228065105595,-1.942888210774841,True,1.5,50073.28392857143,69660.0,2021-09-03 08:45:00+00:00,44.0,11.0,False,0.8072183227942622,3.969394252575173,-0.6145728065105629,-0.6145728065105629
427,427,2021-09-03 10:00:00+00:00,1,69665,50050.0,244.30214285714206,2021-09-03 22:00:00+00:00,49770.01,0.102434631589104,-1.2485154507152985,-1.1460808191261944,True,1.5,49683.54678571429,69668.0,2021-09-03 10:45:00+00:00,3.0,0.75,False,0.5466459857962825,5.842982781859715,0.25223454928470246,0.25223454928470246
428,428,2021-09-03 23:30:00+00:00,-1,69719,49830.0,229.85500000000062,2021-09-04 11:30:00+00:00,49835.83,0.10839442257075083,-0.13375823888974206,-0.025363816318991237,True,1.5,50174.7825,69722.0,2021-09-04 00:15:00+00:00,3.0,0.75,True,1.7719758108372647,2.4353722999282144,1.365491761110259,-1.6091444225707507
429,429,2021-09-04 11:30:00+00:00,-1,69767,49835.83,196.5585714285709,2021-09-04 23:30:00+00:00,49923.29,0.1267709406865278,-0.571727369522713,-0.4449564288361852,True,1.5,50130.66785714286,69770.0,2021-09-04 12:15:00+00:00,3.0,0.75,False,1.24305005414599,3.9208051398710744,0.927522630477279,0.927522630477279
430,430,2021-09-05 02:30:00+00:00,1,69827,50199.69,169.3214285714291,2021-09-05 14:30:00+00:00,50392.86,0.148237852773676,0.992610069605555,1.140847922379231,True,1.5,49945.70785714286,69829.0,2021-09-05 03:00:00+00:00,2.0,0.5,True,1.6283104830204562,1.294060324825979,2.4933600696055627,-1.647487852773676
431,431,2021-09-05 14:30:00+00:00,1,69875,50392.86,183.58071428571358,2021-09-06 02:30:00+00:00,51748.94,0.13724987451996642,7.249582698151492,7.386832572671459,True,1.5,50117.48892857143,69879.0,2021-09-05 15:30:00+00:00,4.0,1.0,False,0.19516717053222338,10.044470513164725,8.75033269815149,8.75033269815149
432,432,2021-09-06 12:30:00+00:00,-1,69963,51400.01,218.73357142857225,2021-09-07 00:30:00+00:00,52414.59,0.11749456122418946,-4.75592291665982,-4.6384283554356305,True,1.5,51728.11035714286,69970.0,2021-09-06 14:15:00+00:00,7.0,1.75,True,1.602953038105709,1.0356451260013062,-3.256672916659817,-1.6182445612241894
433,433,2021-09-07 08:45:00+00:00,-1,70044,51250.0,256.5364285714303,2021-09-07 20:45:00+00:00,46806.32,0.09988834779800072,17.22194007534424,17.32182842314224,False,1.5,51634.80464285715,,,,,,,,,
434,434,2021-09-07 20:45:00+00:00,1,70092,46806.32,498.3249999999992,2021-09-08 08:45:00+00:00,45988.0,0.04696364822154224,-1.6891048211508577,-1.6421411729293154,True,1.5,46058.832500000004,70128.0,2021-09-08 05:45:00+00:00,36.0,9.0,True,1.6123664275322467,0.7432850047659655,-0.18835482115086385,-1.5462136482215423
435,435,2021-09-08 08:45:00+00:00,1,70140,45988.0,516.4114285714277,2021-09-08 20:45:00+00:00,46051.7,0.044526512636657446,0.07882474660292463,0.12335125923958207,False,1.5,45213.38285714286,,,,,,,,,
436,436,2021-09-09 00:00:00+00:00,-1,70201,46015.0,264.88071428571493,2021-09-09 12:00:00+00:00,46310.01,0.08685985335717135,-1.200606472455261,-1.1137466190980896,True,1.5,46412.321071428574,70233.0,2021-09-09 08:00:00+00:00,32.0,8.0,False,0.519777096428839,1.8432110950212282,0.29864352754474593,0.29864352754474593
437,437,2021-09-09 12:45:00+00:00,-1,70252,46681.95,284.0957142857151,2021-09-10 00:45:00+00:00,46580.0,0.08215884234186645,0.27669908783256053,0.35885793017442696,True,1.5,47108.09357142857,70253.0,2021-09-09 13:00:00+00:00,1.0,0.25,False,1.0274932492570314,3.7130921671267654,1.7759490878325732,1.7759490878325732
438,438,2021-09-10 05:00:00+00:00,-1,70317,46650.78,172.65285714285605,2021-09-10 17:00:00+00:00,45487.64,0.1350999362883416,6.601770911076765,6.736870847365107,False,1.5,46909.75928571428,,,,,,,,,
439,439,2021-09-10 17:30:00+00:00,-1,70367,45600.01,315.552857142857,2021-09-11 05:30:00+00:00,45124.54,0.07225415483935228,1.4345298568951588,1.506784011734511,False,1.5,46073.33928571429,,,,,,,,,
440,440,2021-09-11 10:45:00+00:00,1,70436,45674.74,210.80000000000032,2021-09-11 22:45:00+00:00,45110.54,0.10833666982922184,-2.784807258064498,-2.676470588235276,True,1.5,45358.54,70471.0,2021-09-11 19:30:00+00:00,35.0,8.75,True,1.6534155597722977,0.669307400379489,-1.2840572580645142,-1.6075866698292218
441,441,2021-09-11 23:00:00+00:00,-1,70485,45074.32,173.88428571428605,2021-09-12 11:00:00+00:00,46010.0,0.12961010195614464,-5.510659896975812,-5.381049795019668,True,1.5,45335.14642857143,70502.0,2021-09-12 03:15:00+00:00,17.0,4.25,True,1.5951618071130642,1.648432044298758,-4.0114098969757945,-1.6303601019561447
442,442,2021-09-12 21:15:00+00:00,-1,70574,45040.37,225.96285714285736,2021-09-13 09:15:00+00:00,44486.58,0.09966321582560968,2.3511378007763617,2.4508010166019716,True,1.5,45379.31428571429,70577.0,2021-09-12 22:00:00+00:00,3.0,0.75,True,1.8197933920871672,0.4837710369593095,3.850387800776361,-1.6004132158256097
443,443,2021-09-13 13:30:00+00:00,1,70639,46317.8,365.8807142857128,2021-09-14 01:30:00+00:00,45177.0,0.0632963124203246,-3.181252398810718,-3.1179560863903935,True,1.5,45768.978928571436,70641.0,2021-09-13 14:00:00+00:00,2.0,0.5,True,4.83485152264696,1.390210119223066,-1.6805023988107246,-1.5625463124203245
444,444,2021-09-14 01:30:00+00:00,1,70687,45177.0,219.1699999999993,2021-09-14 13:30:00+00:00,46598.04,0.10306383172879532,6.380670255965713,6.483734087694509,False,1.5,44848.245,,,,,,,,,
445,445,2021-09-14 13:30:00+00:00,1,70735,46598.04,250.97428571428568,2021-09-15 01:30:00+00:00,47095.04,0.09283429150396741,1.8874482644778636,1.9802825559818311,True,1.5,46221.578571428574,70737.0,2021-09-14 14:00:00+00:00,2.0,0.5,False,0.2254357304675593,5.009204130189773,3.3881982644778574,3.3881982644778574
446,446,2021-09-16 05:00:00+00:00,1,70893,48255.5,239.49571428571394,2021-09-16 17:00:00+00:00,47979.2,0.10074397394525415,-1.2544180629537203,-1.153674089008466,True,1.5,47896.25642857143,70912.0,2021-09-16 09:45:00+00:00,19.0,4.75,True,1.8633169695849205,1.1133542502997282,0.24633193704626555,-1.5999939739452542
447,447,2021-09-16 17:30:00+00:00,1,70943,47616.45,244.38428571428707,2021-09-17 05:30:00+00:00,48007.71,0.09742125984251915,1.5035818441681426,1.6010031040106618,True,1.5,47249.873571428565,70956.0,2021-09-16 20:45:00+00:00,13.0,3.25,False,0.8661095815138641,3.6832418497799195,3.004331844168149,3.004331844168149
448,448,2021-09-17 11:45:00+00:00,-1,71016,47416.58,197.71928571428518,2021-09-17 23:45:00+00:00,47303.11,0.11990883901057449,0.4539856073004005,0.573894446310975,True,1.5,47713.15892857143,71036.0,2021-09-17 16:45:00+00:00,20.0,5.0,False,0.135753431090975,4.871345377826443,1.9532356073003978,1.9532356073003978
449,449,2021-09-18 00:30:00+00:00,1,71067,47138.38,185.4242857142843,2021-09-18 12:30:00+00:00,48430.0,0.12710950946478058,6.838644706734428,6.965754216199208,False,1.5,46860.24357142857,,,,,,,,,
450,450,2021-09-18 21:15:00+00:00,-1,71150,48095.0,155.89214285714272,2021-09-19 09:15:00+00:00,48149.98,0.1542572932751125,-0.5069370306393366,-0.35267973736422414,True,1.5,48328.838214285715,71157.0,2021-09-18 23:00:00+00:00,7.0,1.75,False,0.29136674165747106,4.737302347318888,0.9923129693606716,0.9923129693606716
451,451,2021-09-19 12:00:00+00:00,-1,71209,47404.9,168.66571428571427,2021-09-20 00:00:00+00:00,47151.36,0.14052915318550643,1.3626809157589876,1.503210068944494,True,1.5,47657.89857142857,71220.0,2021-09-19 14:45:00+00:00,11.0,2.75,False,0.842503345586354,4.84922839767589,2.8619309157589923,2.8619309157589923
452,452,2021-09-20 00:30:00+00:00,-1,71259,47044.16,247.41571428571478,2021-09-20 12:30:00+00:00,43234.75,0.09507108337038281,15.301727826503669,15.396798909874052,False,1.5,47415.283571428576,,,,,,,,,
453,453,2021-09-20 12:30:00+00:00,1,71307,43234.75,565.3714285714294,2021-09-21 00:30:00+00:00,41914.99,0.038235704720032286,-2.3725595373458663,-2.334323832625834,True,1.5,42386.69285714286,71353.0,2021-09-21 00:00:00+00:00,46.0,11.5,True,3.9928845765110066,1.1873736608045247,-0.87180953734587,-1.5374857047200323
454,454,2021-09-21 00:30:00+00:00,1,71355,41914.99,639.5492857142859,2021-09-21 12:30:00+00:00,43184.84,0.03276916332819205,1.9527697597303428,1.985538923058535,False,1.5,40955.66607142857,,,,,,,,,
455,455,2021-09-21 13:00:00+00:00,1,71405,42939.89,265.028571428571,2021-09-22 01:00:00+00:00,41759.4,0.08100992615351457,-4.5352089343467,-4.454199008193186,True,1.5,42542.34714285714,71409.0,2021-09-21 14:00:00+00:00,4.0,1.0,True,2.7368639499784435,3.0012721000431144,-3.0344589343467008,-1.5802599261535146
456,456,2021-09-22 02:15:00+00:00,1,71458,41933.62,508.7978571428565,2021-09-22 14:15:00+00:00,42486.89,0.04120852654085195,1.046197782728752,1.087406309269604,False,1.5,41170.423214285714,,,,,,,,,
457,457,2021-09-22 14:15:00+00:00,1,71506,42486.89,244.82142857142804,2021-09-23 02:15:00+00:00,43657.01,0.08677118307804542,4.6927124055434195,4.779483588621465,False,1.5,42119.657857142854,,,,,,,,,
458,458,2021-09-23 03:15:00+00:00,1,71558,44140.48,263.2371428571428,2021-09-23 15:15:00+00:00,43917.13,0.08384166368185125,-0.9323161516503538,-0.8484744879685026,True,1.5,43745.624285714286,71567.0,2021-09-23 05:30:00+00:00,9.0,2.25,False,1.4991208361824768,2.536973722770331,0.568433848349657,0.568433848349657
459,459,2021-09-24 07:45:00+00:00,1,71672,44785.01,257.172857142857,2021-09-24 19:45:00+00:00,42337.69,0.08707180551157924,-9.603317132445662,-9.516245326934083,True,1.5,44399.250714285714,71676.0,2021-09-24 08:45:00+00:00,4.0,1.0,True,3.8555029690980454,1.8461096205442598,-8.102567132445651,-1.5863218055115793
460,460,2021-09-24 22:30:00+00:00,1,71731,42835.0,214.44928571428576,2021-09-25 10:30:00+00:00,42712.32,0.09987209763214078,-0.671942084209055,-0.5720699865769142,True,1.5,42513.32607142857,71736.0,2021-09-24 23:45:00+00:00,5.0,1.25,True,1.987024904323038,1.9803000376379352,0.8288079157909439,-1.5991220976321407
461,461,2021-09-25 10:30:00+00:00,1,71779,42712.32,340.8285714285713,2021-09-25 22:30:00+00:00,42728.85,0.06265953558554785,-0.014160080476153983,0.048499455109393866,True,1.5,42201.077142857146,71794.0,2021-09-25 14:15:00+00:00,15.0,3.75,False,0.1640036884902426,1.7572554279486876,1.4865899195238361,1.4865899195238361
462,462,2021-09-26 04:15:00+00:00,-1,71850,42049.46,246.07214285714144,2021-09-26 16:15:00+00:00,43300.0,0.0854413252791724,-5.167446892752159,-5.0820055674729865,True,1.5,42418.56821428571,71870.0,2021-09-26 09:15:00+00:00,20.0,5.0,True,5.431056803899016,3.76234466663377,-3.668196892752159,-1.5861913252791724
463,463,2021-09-27 01:00:00+00:00,1,71933,43912.15,324.52999999999935,2021-09-27 13:00:00+00:00,43524.73,0.0676549933750348,-1.2614429328567438,-1.193787939481709,True,1.5,43425.355,71967.0,2021-09-27 09:30:00+00:00,34.0,8.5,False,0.6752996641296847,1.7278371799217158,0.23930706714325378,0.23930706714325378
464,464,2021-09-27 14:45:00+00:00,-1,71988,43181.27,289.99857142857167,2021-09-28 02:45:00+00:00,42400.07,0.07445083227010964,2.619355541160289,2.693806373430399,False,1.5,43616.267857142855,,,,,,,,,
465,465,2021-09-28 05:00:00+00:00,1,72045,42379.61,178.05071428571424,2021-09-28 17:00:00+00:00,41139.23,0.11900994098792081,-7.08545208628359,-6.9664421452956695,True,1.5,42112.53392857143,72051.0,2021-09-28 06:30:00+00:00,6.0,1.5,True,1.6205154229733931,1.6259753441034086,-5.584702086283588,-1.6182599409879208
466,466,2021-09-28 17:30:00+00:00,1,72095,41350.31,244.91071428571482,2021-09-29 05:30:00+00:00,42193.99,0.08441915275246063,3.360428094786724,3.4448472475391845,True,1.5,40982.943928571425,72119.0,2021-09-28 23:30:00+00:00,24.0,6.0,False,1.1196485599708057,5.965668246445499,4.861178094786724,4.861178094786724
467,467,2021-09-29 06:45:00+00:00,1,72148,42420.8,197.9021428571437,2021-09-29 18:45:00+00:00,41300.0,0.1071762018024777,-5.770581275738721,-5.663405073936243,True,1.5,42123.94678571429,72159.0,2021-09-29 09:30:00+00:00,11.0,2.75,True,2.4014231420290857,2.288268372175274,-4.269831275738725,-1.6064262018024777
468,468,2021-09-29 18:45:00+00:00,-1,72196,41300.0,219.31071428571366,2021-09-30 06:45:00+00:00,43363.4,0.0941586464083902,-9.502727702053546,-9.408569055645156,True,1.5,41628.96607142857,72218.0,2021-09-30 00:15:00+00:00,22.0,5.5,True,1.6918185223183093,0.5470597814581489,-8.003477702053544,-1.5949086464083901
469,469,2021-09-30 06:45:00+00:00,1,72244,43363.4,177.58714285714137,2021-09-30 18:45:00+00:00,43975.01,0.1220904827408687,3.3219088415345697,3.4439993242754383,True,1.5,43097.01928571429,72250.0,2021-09-30 08:15:00+00:00,6.0,1.5,True,1.8020408491606132,0.7639669860269752,4.822658841534565,-1.6213404827408686
470,470,2021-09-30 18:45:00+00:00,1,72292,43975.01,274.5764285714275,2021-10-01 06:45:00+00:00,43964.77,0.0800779044086089,-0.11737171019260188,-0.03729380578399298,True,1.5,43563.14535714286,72296.0,2021-09-30 19:45:00+00:00,4.0,1.0,True,1.7903407065948493,0.739956608490481,1.3833782898074105,-1.5793279044086088
471,471,2021-10-01 06:45:00+00:00,1,72340,43964.77,169.75,2021-10-01 18:45:00+00:00,47701.33,0.1294985861561119,21.882636907216526,22.012135493372636,False,1.5,43710.145,,,,,,,,,
472,472,2021-10-02 15:30:00+00:00,-1,72471,47920.01,206.21571428571406,2021-10-03 03:30:00+00:00,47710.22,0.11618903575312967,0.9011437156652933,1.017332751418423,True,1.5,48229.33357142857,72487.0,2021-10-02 19:30:00+00:00,16.0,4.0,False,0.1981732028181175,5.615835706022122,2.4003937156652846,2.4003937156652846
473,473,2021-10-03 17:45:00+00:00,-1,72576,48922.0,204.26571428571384,2021-10-04 05:45:00+00:00,47758.2,0.11975088470199907,5.577729987551255,5.697480872253254,False,1.5,49228.39857142857,,,,,,,,,
474,474,2021-10-04 16:30:00+00:00,1,72667,48522.57,422.87714285714225,2021-10-05 04:30:00+00:00,49141.97,0.05737194693494235,1.4073560726857568,1.464728019620699,False,1.5,47888.25428571428,,,,,,,,,
475,475,2021-10-05 09:15:00+00:00,1,72734,49736.67,216.9035714285705,2021-10-05 21:15:00+00:00,51692.9,0.11465156998666341,8.904240959610151,9.018892529596814,False,1.5,49411.31464285714,,,,,,,,,
476,476,2021-10-06 13:15:00+00:00,-1,72846,54441.12,654.384285714285,2021-10-07 01:15:00+00:00,54263.94,0.041597209154079454,0.22916112638052416,0.2707583355346036,True,1.5,55422.69642857143,72875.0,2021-10-06 20:30:00+00:00,29.0,7.25,False,0.6025566017346754,1.9296405126738534,1.72841112638052,1.72841112638052
477,477,2021-10-07 07:30:00+00:00,-1,72919,54732.19,245.33857142857076,2021-10-07 19:30:00+00:00,54114.73,0.111544201307814,2.405222715547614,2.5167669168554276,False,1.5,55100.197857142855,,,,,,,,,
478,478,2021-10-07 22:30:00+00:00,-1,72979,53868.99,240.67999999999873,2021-10-08 10:30:00+00:00,55512.2,0.11190998421140161,-6.939274119162406,-6.827364134951004,True,1.5,54230.009999999995,72987.0,2021-10-08 00:30:00+00:00,8.0,2.0,True,1.5364384244640605,2.4210985540967047,-5.440024119162412,-1.6126599842114016
479,479,2021-10-08 14:15:00+00:00,-1,73042,54392.68,340.0007142857134,2021-10-09 02:15:00+00:00,54086.06,0.07998906724985892,0.8218325675786494,0.9018216348285083,False,1.5,54902.68107142857,,,,,,,,,
480,480,2021-10-09 11:15:00+00:00,1,73126,55100.01,265.6657142857143,2021-10-09 23:15:00+00:00,55016.77,0.10370177075379372,-0.4170278626200686,-0.31332609186627486,True,1.5,54701.51142857143,73147.0,2021-10-09 16:30:00+00:00,21.0,5.25,False,1.351892281384772,1.6806029059075192,1.0837221373799344,1.0837221373799344
481,481,2021-10-10 02:30:00+00:00,-1,73187,54719.61,236.94857142857134,2021-10-10 14:30:00+00:00,55208.9,0.11546727137896112,-2.1804301325182123,-2.064962861139251,True,1.5,55075.032857142854,73192.0,2021-10-10 03:45:00+00:00,5.0,1.25,True,4.325694544928388,1.1987109921381265,-0.6811801325182253,-1.616217271378961
482,482,2021-10-10 15:45:00+00:00,1,73240,55383.24,233.45285714285689,2021-10-11 03:45:00+00:00,56538.24,0.11861761016295748,4.828848075781594,4.947465685944552,True,1.5,55033.06071428571,73247.0,2021-10-10 17:30:00+00:00,7.0,1.75,True,2.3972750693012115,7.5216011798038345,6.329598075781599,-1.6178676101629574
483,483,2021-10-11 03:45:00+00:00,1,73288,56538.24,310.1614285714287,2021-10-11 15:45:00+00:00,57500.0,0.09114324798607173,3.0096936434022887,3.1008368913883606,True,1.5,56072.99785714286,73317.0,2021-10-11 11:00:00+00:00,29.0,7.25,False,0.5255258782293125,5.200073233753848,4.5104436434022785,4.5104436434022785
484,484,2021-10-11 15:45:00+00:00,1,73336,57500.0,283.35142857142847,2021-10-12 03:45:00+00:00,56743.26,0.10146410817460401,-2.7721406027850257,-2.670676494610422,True,1.5,57074.97285714286,73353.0,2021-10-11 20:00:00+00:00,17.0,4.25,True,1.6409758704486095,1.6515785546469215,-1.2713906027850244,-1.600714108174604
485,485,2021-10-12 10:30:00+00:00,-1,73411,57137.58,256.6471428571432,2021-10-12 22:30:00+00:00,56340.99,0.11131544143432046,2.9925180598153216,3.103833501249642,False,1.5,57522.55071428572,,,,,,,,,
486,486,2021-10-12 23:00:00+00:00,-1,73461,56370.27,429.245,2021-10-13 11:00:00+00:00,54808.56,0.06566211604095563,3.572609733369053,3.6382718494100086,False,1.5,57014.1375,,,,,,,,,
487,487,2021-10-13 11:00:00+00:00,-1,73509,54808.56,372.5600000000003,2021-10-13 23:00:00+00:00,57417.42,0.0735566888554863,-7.076079772385652,-7.002523083530166,True,1.5,55367.4,73523.0,2021-10-13 14:30:00+00:00,14.0,3.5,True,2.8575263044878616,0.9324404122825831,-5.5768297723856435,-1.5743066888554864
488,488,2021-10-13 23:00:00+00:00,1,73557,57417.42,305.26214285714224,2021-10-14 11:00:00+00:00,57875.73,0.09404608685275204,1.4073192501994964,1.5013653370522484,False,1.5,56959.52678571428,,,,,,,,,
489,489,2021-10-14 11:00:00+00:00,-1,73605,57875.73,241.22142857142848,2021-10-14 23:00:00+00:00,57578.25,0.11996390690237191,1.1132598649729195,1.2332237718752914,False,1.5,58237.56214285715,,,,,,,,,
490,490,2021-10-15 02:30:00+00:00,1,73667,58804.73,370.80714285714356,2021-10-15 14:30:00+00:00,59988.83,0.07929287654344755,3.1140113054533445,3.1933041819967922,False,1.5,58248.51928571429,,,,,,,,,
491,491,2021-10-15 20:00:00+00:00,1,73737,61464.87,330.5371428571437,2021-10-16 08:00:00+00:00,62093.28,0.09297725131387848,1.808200917554095,1.9011781688679734,True,1.5,60969.06428571429,73744.0,2021-10-15 21:45:00+00:00,7.0,1.75,False,0.49106216720836043,4.462934790125154,3.308950917554091,3.308950917554091
492,492,2021-10-16 10:15:00+00:00,-1,73794,61723.94,234.44642857142858,2021-10-16 22:15:00+00:00,60644.37,0.1316376205346942,4.4731243567674595,4.604761977302154,False,1.5,62075.60964285715,,,,,,,,,
493,493,2021-10-17 06:30:00+00:00,-1,73875,60789.0,194.41214285714264,2021-10-17 18:30:00+00:00,60949.99,0.1563405431024666,-0.9844266782277615,-0.8280861351252949,True,1.5,61080.618214285714,73886.0,2021-10-17 09:15:00+00:00,11.0,2.75,True,1.642807805214991,1.1862850277576837,0.5148233217722397,-1.6570905431024665
494,494,2021-10-17 20:30:00+00:00,1,73931,59566.35,362.28999999999985,2021-10-18 08:30:00+00:00,61723.14,0.08220810676529855,5.871006169091064,5.953214275856363,False,1.5,59022.915,,,,,,,,,
495,495,2021-10-18 09:45:00+00:00,-1,73984,61295.23,470.4300000000003,2021-10-18 21:45:00+00:00,61814.23,0.06514808791956292,-1.1683940543757831,-1.1032459664562202,True,1.5,62000.875,74001.0,2021-10-18 14:00:00+00:00,17.0,4.25,False,0.9079459218162101,1.9781370235741693,0.3308559456242091,0.3308559456242091
496,496,2021-10-18 21:45:00+00:00,-1,74032,61814.23,302.94285714285644,2021-10-19 09:45:00+00:00,62185.87,0.10202292039988707,-1.3287889300198068,-1.2267660096199198,True,1.5,62268.64428571429,74041.0,2021-10-19 00:00:00+00:00,9.0,2.25,True,2.704654343110432,1.894727907196091,0.17046106998020072,-1.602772920399887
497,497,2021-10-19 14:45:00+00:00,-1,74100,62557.49,500.54357142857094,2021-10-20 02:45:00+00:00,63824.34,0.06248955492671545,-2.5934380523459493,-2.530948497419234,True,1.5,63308.30535714285,74109.0,2021-10-19 17:00:00+00:00,9.0,2.25,True,1.6755677042529566,0.5054212491848088,-1.0941880523459508,-1.5632395549267155
498,498,2021-10-20 11:45:00+00:00,-1,74184,63856.84,175.68571428571522,2021-10-20 23:45:00+00:00,66064.24,0.18173600585460953,-12.746218035452902,-12.564482029598292,True,1.5,64120.36857142857,74185.0,2021-10-20 12:00:00+00:00,1.0,0.25,True,3.2992519108798226,1.6641567734590679,-11.246968035452912,-1.6824860058546096
499,499,2021-10-21 00:30:00+00:00,-1,74235,65940.0,237.03857142857305,2021-10-21 12:30:00+00:00,65099.47,0.13909128713229216,3.4068716965894357,3.545962983721728,True,1.5,66295.55785714286,74269.0,2021-10-21 09:00:00+00:00,34.0,8.5,True,1.5627926738866729,1.5964400007232267,4.906121696589452,-1.6398412871322923
500,500,2021-10-21 12:30:00+00:00,-1,74283,65099.47,521.3042857142874,2021-10-22 00:30:00+00:00,62924.01,0.06243903204325394,4.110670722884618,4.1731097549278715,False,1.5,65881.42642857143,,,,,,,,,
501,501,2021-10-22 03:30:00+00:00,-1,74343,63300.0,311.47499999999906,2021-10-22 15:30:00+00:00,61064.78,0.10161329159643663,7.074628782406318,7.176242074002754,True,1.5,63767.2125,74365.0,2021-10-22 09:00:00+00:00,22.0,5.5,False,0.09306525403321526,9.95390480776952,8.573878782406327,8.573878782406327
502,502,2021-10-22 15:30:00+00:00,-1,74391,61064.78,513.5178571428577,2021-10-23 03:30:00+00:00,61196.16,0.059457309176896,-0.31530040824843525,-0.25584309907153924,False,1.5,61835.05678571429,,,,,,,,,
503,503,2021-10-23 07:00:00+00:00,1,74453,61043.52,230.92999999999924,2021-10-23 19:00:00+00:00,61173.8,0.1321688823452999,0.43198475728578545,0.5641536396310853,True,1.5,60697.125,74462.0,2021-10-23 09:15:00+00:00,9.0,2.25,True,2.5854371454553426,0.7901745117568058,1.9327347572857763,-1.6314188823453
504,504,2021-10-23 19:15:00+00:00,-1,74502,61095.46,217.88928571428602,2021-10-24 07:15:00+00:00,60818.81,0.1401984035142354,1.1294831188841041,1.2696815223983395,True,1.5,61422.29392857143,74512.0,2021-10-23 21:45:00+00:00,10.0,2.5,False,0.5861053287219797,3.728012260486164,2.628733118884117,2.628733118884117
505,505,2021-10-24 07:15:00+00:00,-1,74550,60818.81,178.29500000000138,2021-10-24 19:15:00+00:00,60406.99,0.17055668975574056,2.1392108303653874,2.309767520121128,True,1.5,61086.2525,74557.0,2021-10-24 09:00:00+00:00,7.0,1.75,False,1.4792759191227776,8.871771502285487,3.638460830365402,3.638460830365402
506,506,2021-10-24 19:15:00+00:00,1,74598,60406.99,306.8435714285707,2021-10-25 07:15:00+00:00,62788.68,0.0984328752901085,7.663470002164925,7.761902877455034,False,1.5,59946.724642857145,,,,,,,,,
507,507,2021-10-25 07:45:00+00:00,1,74648,62683.86,202.85571428571453,2021-10-25 19:45:00+00:00,62749.99,0.15450355988422437,0.17149169360346295,0.3259952534876873,False,1.5,62379.57642857143,,,,,,,,,
508,508,2021-10-25 22:30:00+00:00,-1,74707,63071.94,243.4464285714291,2021-10-26 10:30:00+00:00,62876.91,0.12953966991857965,0.6715811398811644,0.8011208097997441,False,1.5,63437.10964285715,,,,,,,,,
509,509,2021-10-26 10:30:00+00:00,-1,74755,62876.91,212.2871428571421,2021-10-26 22:30:00+00:00,60360.08,0.14809401349923673,11.707687576126725,11.85578158962596,False,1.5,63195.34071428572,,,,,,,,,
510,510,2021-10-26 22:30:00+00:00,-1,74803,60360.08,462.4757142857135,2021-10-27 10:30:00+00:00,58949.28,0.06525756719271757,2.985280993905483,3.0505385610982008,True,1.5,61053.79357142857,74826.0,2021-10-27 04:15:00+00:00,23.0,5.75,False,1.072935103928241,6.895050859813498,4.48453099390548,4.48453099390548
511,511,2021-10-27 10:30:00+00:00,1,74851,58949.28,561.9678571428574,2021-10-27 22:30:00+00:00,58572.95,0.052448978398612,-0.7221136135137396,-0.6696646351151276,False,1.5,58106.32821428571,,,,,,,,,
512,512,2021-10-27 22:30:00+00:00,-1,74899,58572.95,380.2421428571423,2021-10-28 10:30:00+00:00,61131.58,0.07702059214147387,-6.805969626497423,-6.728949034355949,True,1.5,59143.313214285714,74917.0,2021-10-28 03:00:00+00:00,18.0,4.5,True,1.7270226303163996,1.1456205538200366,-5.306719626497414,-1.577770592141474
513,513,2021-10-28 11:00:00+00:00,1,74949,60891.07,362.89000000000044,2021-10-28 23:00:00+00:00,60665.55,0.08389742070599895,-0.705352958196689,-0.62145553749069,True,1.5,60346.735,74979.0,2021-10-28 18:30:00+00:00,30.0,7.5,True,7.70683953815205,2.075711648157834,0.7953970418033067,-1.583147420705999
514,514,2021-10-29 00:00:00+00:00,-1,75001,60486.56,394.91857142857145,2021-10-29 12:00:00+00:00,60870.28,0.07658105287527626,-1.048224393455435,-0.9716433405801587,True,1.5,61078.93785714285,75004.0,2021-10-29 00:45:00+00:00,3.0,0.75,True,2.712108825327473,1.0410193059690334,0.4510256065445612,-1.5773310528752762
515,515,2021-10-29 12:00:00+00:00,1,75049,60870.28,336.4064285714293,2021-10-30 00:00:00+00:00,62173.44,0.09047133887793021,3.78329529969064,3.8737666385685703,False,1.5,60365.67035714285,,,,,,,,,
516,516,2021-10-30 05:00:00+00:00,-1,75117,61682.29,194.29928571428536,2021-10-30 17:00:00+00:00,61293.72,0.15873009973568053,1.8411228517125662,1.9998529514482466,True,1.5,61973.73892857143,75141.0,2021-10-30 11:00:00+00:00,24.0,6.0,True,1.8224517405033949,3.210196714200128,3.3403728517125755,-1.6594800997356804
517,517,2021-10-30 17:00:00+00:00,1,75165,61293.72,310.644285714285,2021-10-31 05:00:00+00:00,61364.98,0.09865579831778216,0.13073841003261188,0.22939420835039406,False,1.5,60827.75357142858,,,,,,,,,
518,518,2021-10-31 05:00:00+00:00,-1,75213,61364.98,204.47785714285732,2021-10-31 17:00:00+00:00,60623.54,0.15005287334639786,3.475963216415338,3.6260160897617357,False,1.5,61671.69678571429,,,,,,,,,
519,519,2021-10-31 17:00:00+00:00,-1,75261,60623.54,280.12642857142833,2021-11-01 05:00:00+00:00,60745.42,0.10820746244680346,-0.5432967206133876,-0.43508925816658417,True,1.5,61043.72964285714,75274.0,2021-10-31 20:15:00+00:00,13.0,3.25,True,1.8160384214270517,0.8253046456064448,0.9559532793866097,-1.6089574624468035
520,520,2021-11-01 05:00:00+00:00,1,75309,60745.42,463.45999999999964,2021-11-01 17:00:00+00:00,60832.77,0.06553469555085666,0.12293895913347126,0.18847365468432792,False,1.5,60050.229999999996,,,,,,,,,
521,521,2021-11-01 17:15:00+00:00,-1,75358,60890.0,233.3428571428563,2021-11-02 05:15:00+00:00,61475.74,0.13047324598996007,-2.64068507407861,-2.5102118280886496,True,1.5,61240.014285714286,75368.0,2021-11-01 19:45:00+00:00,10.0,2.5,True,1.6601567282968173,3.4627770295090112,-1.1414350740786052,-1.63122324598996
522,522,2021-11-02 05:15:00+00:00,1,75406,61475.74,200.24357142857065,2021-11-02 17:15:00+00:00,63684.9,0.1535024059984097,10.878861750511044,11.032364156509454,False,1.5,61175.37464285714,,,,,,,,,
523,523,2021-11-02 23:30:00+00:00,-1,75479,63148.77,207.31500000000025,2021-11-03 11:30:00+00:00,63165.07,0.15230149772085938,-0.2309258133757946,-0.0786243156549352,True,1.5,63459.7425,75484.0,2021-11-03 00:45:00+00:00,5.0,1.25,False,0.7392494513180403,3.288582591708262,1.2683241866242203,1.2683241866242203
524,524,2021-11-03 12:45:00+00:00,1,75532,62520.01,232.22499999999854,2021-11-04 00:45:00+00:00,62910.89,0.13461085154483884,1.5485843255463436,1.6831951770911824,True,1.5,62171.6725,75535.0,2021-11-03 13:30:00+00:00,3.0,0.75,True,2.1434492410377874,1.5999461728926814,3.049334325546359,-1.6338608515448387
525,525,2021-11-04 01:15:00+00:00,1,75582,62559.39,206.75285714285877,2021-11-04 13:15:00+00:00,61947.49,0.15129026719271338,-3.1108624271904857,-2.9595721599977725,True,1.5,62249.26071428571,75585.0,2021-11-04 02:00:00+00:00,3.0,0.75,True,1.9306176456362316,3.050691992510039,-1.6101124271904736,-1.6505402671927134
526,526,2021-11-04 14:15:00+00:00,1,75634,62043.39,292.6499999999999,2021-11-05 02:15:00+00:00,61855.89,0.10600271655561254,-0.7466997949769352,-0.6406970784213226,True,1.5,61604.415,75637.0,2021-11-04 15:00:00+00:00,3.0,0.75,True,2.635281052451748,0.9143516145566349,0.7540502050230603,-1.6052527165556125
527,527,2021-11-05 02:15:00+00:00,1,75682,61855.89,260.5964285714285,2021-11-05 14:15:00+00:00,61635.17,0.11868138473556544,-0.9656615264434656,-0.8469801417079001,True,1.5,61464.995357142856,75717.0,2021-11-05 11:00:00+00:00,35.0,8.75,False,1.0168802335302218,2.0530006715364535,0.5350884735565374,0.5350884735565374
528,528,2021-11-05 14:15:00+00:00,-1,75730,61635.17,282.24785714285673,2021-11-06 02:15:00+00:00,61032.2,0.10918624967417205,2.0271275778381277,2.1363138275123,False,1.5,62058.54178571428,,,,,,,,,
529,529,2021-11-06 02:15:00+00:00,1,75778,61032.2,189.18928571428373,2021-11-06 14:15:00+00:00,60490.91,0.16129930341872442,-3.0224021293866667,-2.8611028259679423,True,1.5,60748.41607142857,75798.0,2021-11-06 07:15:00+00:00,20.0,5.0,True,3.1366262058029717,3.6379646234874943,-1.5216521293866485,-1.6605493034187244
530,530,2021-11-06 14:15:00+00:00,1,75826,60490.91,282.5978571428568,2021-11-07 02:15:00+00:00,61876.65,0.10702648387284318,4.796549268647774,4.903575752520617,False,1.5,60067.01321428572,,,,,,,,,
531,531,2021-11-07 02:15:00+00:00,1,75874,61876.65,200.39928571428598,2021-11-07 14:15:00+00:00,62053.93,0.1543834095502192,0.7302504820732826,0.8846338916235018,True,1.5,61576.05107142857,75901.0,2021-11-07 09:00:00+00:00,27.0,6.75,False,0.2397766601677298,4.111536254406382,2.2310004820732945,2.2310004820732945
532,532,2021-11-07 15:30:00+00:00,-1,75927,61886.55,194.95928571428522,2021-11-08 03:30:00+00:00,65245.96,0.15871660016926653,-17.390057942500842,-17.231341342331575,True,1.5,62178.98892857143,75929.0,2021-11-07 16:00:00+00:00,2.0,0.5,True,1.9471812796078272,1.033338462609429,-15.89080794250084,-1.6594666001692666
533,533,2021-11-08 03:30:00+00:00,1,75975,65245.96,360.36285714285833,2021-11-08 15:30:00+00:00,66200.01,0.09052814226929969,2.5569422645428608,2.6474704068121606,False,1.5,64705.415714285715,,,,,,,,,
534,534,2021-11-08 16:15:00+00:00,1,76026,66107.91,317.8557142857145,2021-11-09 04:15:00+00:00,68374.06,0.10399043815927256,7.025502278661903,7.129492716821176,True,1.5,65631.12642857143,76041.0,2021-11-08 20:00:00+00:00,15.0,3.75,False,0.05171034476558474,9.576777873158987,8.526252278661916,8.526252278661916
535,535,2021-11-09 06:45:00+00:00,1,76084,68076.54,326.1571428571437,2021-11-09 18:45:00+00:00,66600.85,0.10436156541544364,-4.628837059261481,-4.524475493846038,True,1.5,67587.30428571427,76103.0,2021-11-09 11:30:00+00:00,19.0,4.75,True,2.7204809250579856,1.8263764180281736,-3.128087059261462,-1.6036115654154437
536,536,2021-11-09 18:45:00+00:00,-1,76132,66600.85,339.64357142857,2021-11-10 06:45:00+00:00,66593.5,0.09804520915834078,-0.07640487612011754,0.02164033303822325,True,1.5,67110.31535714286,76138.0,2021-11-09 20:15:00+00:00,6.0,1.5,True,2.166696810311667,1.202923863461907,1.4228451238798672,-1.5987952091583408
537,537,2021-11-10 13:45:00+00:00,1,76208,68036.3,392.8535714285733,2021-11-11 01:45:00+00:00,64800.0,0.08659244174947006,-8.324521877471582,-8.237929435722112,True,1.5,67447.01964285714,76231.0,2021-11-10 19:30:00+00:00,23.0,5.75,True,2.0924326584786868,1.0381994381767345,-6.8237718774715646,-1.58584244174947
538,538,2021-11-11 01:45:00+00:00,-1,76256,64800.0,453.1528571428571,2021-11-11 13:45:00+00:00,64822.74,0.07149905266907729,-0.12168079519051778,-0.050181742521440496,True,1.5,65479.72928571429,76286.0,2021-11-11 09:15:00+00:00,30.0,7.5,False,0.3690823342485968,1.7206760884848145,1.3775692048094903,1.3775692048094903
539,539,2021-11-11 13:45:00+00:00,1,76304,64822.74,319.6814285714286,2021-11-12 01:45:00+00:00,65141.63,0.10138646509694917,0.8961378559905601,0.9975243210875092,True,1.5,64343.21785714285,76350.0,2021-11-12 01:15:00+00:00,46.0,11.5,False,0.7451726495573561,3.424259418975154,2.396887855990569,2.396887855990569
540,540,2021-11-12 04:45:00+00:00,-1,76364,65022.19,267.02500000000043,2021-11-12 16:45:00+00:00,63117.82,0.12175300065536916,7.010051137533937,7.131804138189306,False,1.5,65422.7275,,,,,,,,,
541,541,2021-11-12 16:45:00+00:00,-1,76412,63117.82,460.65571428571485,2021-11-13 04:45:00+00:00,63754.33,0.06850866931920019,-1.4502564263983975,-1.3817477570791974,True,1.5,63808.80357142857,76417.0,2021-11-12 18:00:00+00:00,5.0,1.25,True,1.6689827233849786,0.5447095599750739,0.04899357360160357,-1.5692586693192
542,542,2021-11-13 09:00:00+00:00,-1,76477,63743.98,191.30071428571318,2021-11-13 21:00:00+00:00,64299.61,0.16660674853727028,-3.0710914603410524,-2.904484711803782,True,1.5,64030.931071428575,76497.0,2021-11-13 14:00:00+00:00,20.0,5.0,True,3.550686839344193,2.1933586238570277,-1.571841460341043,-1.6673567485372702
543,543,2021-11-13 21:00:00+00:00,-1,76525,64299.61,228.11428571428613,2021-11-14 09:00:00+00:00,64324.04,0.1409372714178354,-0.2480327122996,-0.1070954408817646,True,1.5,64641.78142857143,76537.0,2021-11-14 00:00:00+00:00,12.0,3.0,True,3.323853957915834,0.9415956913827643,1.2512172877003862,-1.6416872714178354
544,544,2021-11-14 09:00:00+00:00,-1,76573,64324.04,250.80857142857192,2021-11-14 21:00:00+00:00,64338.31,0.12823333675085127,-0.18512931888860995,-0.05689598213775867,True,1.5,64700.252857142856,76587.0,2021-11-14 12:30:00+00:00,14.0,3.5,False,0.5282400920451537,4.227339006413528,1.3141206811113777,1.3141206811113777
545,545,2021-11-14 21:30:00+00:00,1,76623,64442.01,226.48499999999902,2021-11-15 09:30:00+00:00,65896.01,0.142265514272469,6.2775856900015405,6.41985120427401,False,1.5,64102.2825,,,,,,,,,
546,546,2021-11-15 09:30:00+00:00,1,76671,65896.01,231.91928571428642,2021-11-15 21:30:00+00:00,63946.4,0.1420666888418688,-8.548482714121546,-8.406416025279677,True,1.5,65548.13107142856,76687.0,2021-11-15 13:30:00+00:00,16.0,4.0,True,2.2793320952178107,0.4249708180494211,-7.047732714121543,-1.6413166888418689
547,547,2021-11-15 21:30:00+00:00,-1,76719,63946.4,296.67071428571427,2021-11-16 09:30:00+00:00,60472.71,0.10777336103761026,11.601134302340988,11.708907663378598,False,1.5,64391.40607142857,,,,,,,,,
548,548,2021-11-16 09:30:00+00:00,-1,76767,60472.71,396.97142857142796,2021-11-16 21:30:00+00:00,60519.26,0.07616758492874634,-0.19343043220095768,-0.11726284727221134,True,1.5,61068.16714285714,76787.0,2021-11-16 14:30:00+00:00,20.0,5.0,False,0.8956132143371186,4.849560961566153,1.305819567799046,1.305819567799046
549,549,2021-11-16 21:30:00+00:00,1,76815,60519.26,499.0128571428577,2021-11-17 09:30:00+00:00,59303.75,0.06063897866931564,-2.496468001110766,-2.43582902244145,True,1.5,59770.74071428571,76826.0,2021-11-17 00:15:00+00:00,11.0,2.75,True,1.9453220501046282,1.1427346561354088,-0.9957180011107585,-1.5598889786693158
550,550,2021-11-17 09:30:00+00:00,-1,76863,59303.75,344.51071428571385,2021-11-17 21:30:00+00:00,59953.74,0.08606952924955694,-1.9727742761473277,-1.8867047468977707,True,1.5,59820.516071428574,76867.0,2021-11-17 10:30:00+00:00,4.0,1.0,True,2.3198231446253996,4.307082508319263,-0.47352427614731857,-1.586819529249557
551,551,2021-11-17 21:30:00+00:00,-1,76911,59953.74,266.77428571428544,2021-11-18 09:30:00+00:00,59234.32,0.1123679140204133,2.584368760107524,2.6967366741279375,True,1.5,60353.90142857143,76920.0,2021-11-17 23:45:00+00:00,9.0,2.25,True,1.5634886635036565,1.1331355560077556,4.083618760107536,-1.6131179140204133
552,552,2021-11-18 09:30:00+00:00,1,76959,59234.32,271.9542857142852,2021-11-18 21:30:00+00:00,57684.52,0.10890492099512544,-5.807656812069276,-5.698751891074151,True,1.5,58826.38857142857,76974.0,2021-11-18 13:15:00+00:00,15.0,3.75,True,4.748586947386132,3.5489473020675835,-4.3069068120692755,-1.6081549209951254
553,553,2021-11-18 21:30:00+00:00,-1,77007,57684.52,314.394285714286,2021-11-19 09:30:00+00:00,57207.51,0.091739135571348,1.4254958196259295,1.5172349551972775,False,1.5,58156.11142857143,,,,,,,,,
554,554,2021-11-19 10:30:00+00:00,-1,77059,56827.99,312.9057142857143,2021-11-19 22:30:00+00:00,57806.41,0.09080689071103117,-3.2176913013504933,-3.126884410639462,True,1.5,57297.34857142857,77066.0,2021-11-19 12:15:00+00:00,7.0,1.75,True,2.2136106723157156,1.8100614516467703,-1.7184413013504887,-1.5915568907110311
555,555,2021-11-19 23:00:00+00:00,1,77109,58035.12,216.22714285714184,2021-11-20 11:00:00+00:00,58606.83,0.13419943313579039,2.5098256991655674,2.644025132301358,False,1.5,57710.77928571429,,,,,,,,,
556,556,2021-11-20 11:45:00+00:00,1,77160,58655.29,173.4421428571425,2021-11-20 23:45:00+00:00,59716.29,0.16909180500702203,5.94822191426537,6.117313719272392,True,1.5,58395.12678571429,77169.0,2021-11-20 14:00:00+00:00,9.0,2.25,True,3.546582021999949,1.873092715149956,7.448971914265363,-1.668341805007022
557,557,2021-11-21 00:30:00+00:00,1,77211,59516.04,184.69785714285587,2021-11-21 12:30:00+00:00,59027.04,0.16111729968249416,-2.808684562045368,-2.6475672623628737,True,1.5,59238.993214285714,77218.0,2021-11-21 02:15:00+00:00,7.0,1.75,True,2.804489571771666,0.45813626115239076,-1.307934562045352,-1.660367299682494
558,558,2021-11-21 14:30:00+00:00,1,77267,58999.0,258.49285714285674,2021-11-22 02:30:00+00:00,57769.61,0.11412114178341504,-4.870113294094896,-4.755992152311481,True,1.5,58611.260714285716,77304.0,2021-11-21 23:45:00+00:00,37.0,9.25,True,1.9778523860841788,1.957188648484344,-3.3693632940949003,-1.6133711417834151
559,559,2021-11-22 03:30:00+00:00,1,77319,57515.26,326.16000000000037,2021-11-22 15:30:00+00:00,58187.06,0.08817031518273231,1.9715549730193613,2.0597252882020936,True,1.5,57026.020000000004,77325.0,2021-11-22 05:00:00+00:00,6.0,1.5,False,1.3766862889379554,7.967071376011745,3.4723049730193534,3.4723049730193534
560,560,2021-11-22 15:30:00+00:00,1,77367,58187.06,588.8499999999985,2021-11-23 03:30:00+00:00,57028.06,0.04940737029803867,-2.0176505561688085,-1.9682431858707699,True,1.5,57303.785,77377.0,2021-11-22 18:00:00+00:00,10.0,2.5,True,1.8421924089326724,0.26343720811751786,-0.5169005561688147,-1.5486573702980386
561,561,2021-11-23 03:30:00+00:00,-1,77415,57028.06,382.0471428571426,2021-11-23 15:30:00+00:00,57136.23,0.07463484685883945,-0.35776744455622134,-0.28313259769738186,True,1.5,57601.13071428571,77442.0,2021-11-23 10:15:00+00:00,27.0,6.75,False,0.45771651217315057,4.30098940669252,1.141482555443778,1.141482555443778
562,562,2021-11-23 15:30:00+00:00,1,77463,57136.23,391.42357142857094,2021-11-24 03:30:00+00:00,56388.8,0.07298516769374801,-1.982502260065369,-1.909517092371621,True,1.5,56549.09464285715,77506.0,2021-11-24 02:15:00+00:00,43.0,10.75,False,0.978619252435718,1.0078221802103242,-0.4817522600653717,-0.4817522600653717
563,563,2021-11-24 03:30:00+00:00,-1,77511,56388.8,284.03428571428594,2021-11-24 15:30:00+00:00,56648.36,0.09926407274775674,-1.0130974127871797,-0.913833340039423,True,1.5,56814.851428571434,77518.0,2021-11-24 05:15:00+00:00,7.0,1.75,True,2.4087534704059563,1.9500160946364675,0.4861525872128267,-1.6000140727477568
564,564,2021-11-24 15:30:00+00:00,1,77559,56648.36,344.41000000000037,2021-11-25 03:30:00+00:00,57750.01,0.08223971429400996,3.1164188612409633,3.1986585755349735,False,1.5,56131.745,,,,,,,,,
565,565,2021-11-25 03:30:00+00:00,1,77607,57750.01,259.67071428571427,2021-11-25 15:30:00+00:00,58718.02,0.11119854265979717,3.616638085597399,3.727836628257196,True,1.5,57360.50392857143,77610.0,2021-11-25 04:15:00+00:00,3.0,0.75,False,1.2766319432027988,6.4446854395264275,5.117388085597401,5.117388085597401
566,566,2021-11-25 15:30:00+00:00,1,77655,58718.02,254.11714285714385,2021-11-26 03:30:00+00:00,58133.71,0.1155333704365811,-2.414905988239376,-2.299372617802795,True,1.5,58336.84428571428,77698.0,2021-11-26 02:15:00+00:00,43.0,10.75,False,1.0894356933247615,1.37667105159602,-0.9141559882393719,-0.9141559882393719
567,567,2021-11-26 03:30:00+00:00,-1,77703,58133.71,253.5185714285721,2021-11-26 15:30:00+00:00,54446.09,0.1146537503592295,14.431105083876611,14.54575883423584,False,1.5,58513.987857142856,,,,,,,,,
568,568,2021-11-26 15:30:00+00:00,-1,77751,54446.09,346.9121428571431,2021-11-27 03:30:00+00:00,54482.97,0.07847244773789981,-0.1847817850135099,-0.10630933727561008,False,1.5,54966.45821428571,,,,,,,,,
569,569,2021-11-27 03:30:00+00:00,1,77799,54482.97,256.0364285714282,2021-11-27 15:30:00+00:00,55009.08,0.10639691059586961,1.9484278771715013,2.054824787767371,False,1.5,54098.91535714286,,,,,,,,,
570,570,2021-11-27 15:30:00+00:00,1,77847,55009.08,231.12071428571394,2021-11-28 03:30:00+00:00,54132.41,0.11900508392336738,-3.91213112504597,-3.7931260411226027,True,1.5,54662.398928571434,77857.0,2021-11-27 18:00:00+00:00,10.0,2.5,True,1.6163801229413481,1.84146658054385,-2.4113811250459847,-1.6182550839233674
571,571,2021-11-28 03:30:00+00:00,1,77895,54132.41,280.2128571428579,2021-11-28 15:30:00+00:00,54397.22,0.09659158853728518,0.8484399945959342,0.9450315831332194,False,1.5,53712.09071428572,,,,,,,,,
572,572,2021-11-28 16:15:00+00:00,-1,77946,54089.48,206.99571428571446,2021-11-29 04:15:00+00:00,57339.26,0.13065362291834878,-15.830398959260698,-15.69974533634235,True,1.5,54399.97357142858,77957.0,2021-11-28 19:00:00+00:00,11.0,2.75,True,1.6391471182977768,1.5941082286037973,-14.331148959260682,-1.6314036229183488
573,573,2021-11-29 04:15:00+00:00,1,77994,57339.26,232.80428571428533,2021-11-29 16:15:00+00:00,57100.01,0.12314906451157646,-1.1508363309462903,-1.0276872664347139,True,1.5,56990.05357142857,78015.0,2021-11-29 09:30:00+00:00,21.0,5.25,False,1.1814798451182233,2.4884697753477667,0.34991366905371646,0.34991366905371646
574,574,2021-11-29 16:15:00+00:00,-1,78042,57100.01,231.9735714285702,2021-11-30 04:15:00+00:00,57184.58,0.12307438655265597,-0.4876417787740612,-0.3645673922214052,True,1.5,57447.970357142854,78044.0,2021-11-29 16:45:00+00:00,2.0,0.5,True,2.5164489181341767,1.1324150226472838,1.0116082212259263,-1.623824386552656
575,575,2021-11-30 04:15:00+00:00,-1,78090,57184.58,252.6657142857153,2021-11-30 16:15:00+00:00,57319.27,0.11316252417084076,-0.6462384121311958,-0.5330758879603551,True,1.5,57563.578571428574,78119.0,2021-11-30 11:30:00+00:00,29.0,7.25,True,3.1006637793583702,1.399590650549019,0.8530115878688012,-1.6139125241708407
576,576,2021-11-30 16:15:00+00:00,-1,78138,57319.27,574.5707142857142,2021-12-01 04:15:00+00:00,57206.25,0.04988008314281843,0.14682329416122541,0.19670337730404383,True,1.5,58181.12607142857,78148.0,2021-11-30 18:45:00+00:00,10.0,2.5,False,0.4093037161906094,2.630896482964297,1.646073294161224,1.646073294161224
577,577,2021-12-01 04:15:00+00:00,-1,78186,57206.25,260.5057142857139,2021-12-01 16:15:00+00:00,58831.94,0.10979845520251835,-6.350314155433954,-6.240515700231436,True,1.5,57597.008571428574,78202.0,2021-12-01 08:15:00+00:00,16.0,4.0,True,1.546842953815103,3.2514011208967326,-4.851064155433941,-1.6105484552025184
578,578,2021-12-01 16:15:00+00:00,1,78234,58831.94,400.67214285714414,2021-12-02 04:15:00+00:00,56596.23,0.07341655896074609,-5.653315336193982,-5.579898777233236,True,1.5,58230.93178571429,78240.0,2021-12-01 17:45:00+00:00,6.0,1.5,True,1.5324294355377857,1.0256720403750006,-4.152565336193989,-1.572666558960746
579,579,2021-12-02 04:15:00+00:00,-1,78282,56596.23,341.6121428571418,2021-12-02 16:15:00+00:00,56300.73,0.08283697049912521,0.7821791191765122,0.8650160896756374,True,1.5,57108.64821428571,78298.0,2021-12-02 08:15:00+00:00,16.0,4.0,False,0.8382072818589171,3.1101008453613996,2.281429119176504,2.281429119176504
580,580,2021-12-02 16:15:00+00:00,-1,78330,56300.73,408.5507142857142,2021-12-03 04:15:00+00:00,56673.85,0.06890298808855695,-0.9821800598281969,-0.9132770717396399,True,1.5,56913.556071428575,78341.0,2021-12-02 19:00:00+00:00,11.0,2.75,False,0.8088198527547644,1.9868918179418331,0.5170699401718039,0.5170699401718039
581,581,2021-12-03 04:15:00+00:00,-1,78378,56673.85,225.32357142857134,2021-12-03 16:15:00+00:00,55454.63,0.12576103254684537,5.285213026980255,5.4109740595271,True,1.5,57011.83535714285,78384.0,2021-12-03 05:45:00+00:00,6.0,1.5,True,1.6471629688099694,2.3938257046216007,6.784463026980241,-1.6265110325468455
582,582,2021-12-03 16:15:00+00:00,-1,78426,55454.63,379.91499999999985,2021-12-04 04:15:00+00:00,52329.5,0.07298294355316323,8.152883368648247,8.22586631220141,False,1.5,56024.502499999995,,,,,,,,,
583,583,2021-12-04 04:15:00+00:00,-1,78474,52329.5,363.4264285714276,2021-12-04 16:15:00+00:00,48249.72,0.0719946265406441,11.153881312193299,11.225875938733942,False,1.5,52874.63964285714,,,,,,,,,
584,584,2021-12-04 16:15:00+00:00,-1,78522,48249.72,382.16285714285704,2021-12-05 04:15:00+00:00,48971.59,0.06312717091441945,-1.9520339197200778,-1.8889067488056583,True,1.5,48822.96428571429,78532.0,2021-12-04 18:45:00+00:00,10.0,2.5,True,1.5114909873875617,0.6063234073730831,-0.45278391972006954,-1.5638771709144195
585,585,2021-12-05 04:15:00+00:00,1,78570,48971.59,270.70571428571515,2021-12-05 16:15:00+00:00,48291.39,0.09045171087211176,-2.6031434055959366,-2.512691694723825,True,1.5,48565.53142857143,78613.0,2021-12-05 15:00:00+00:00,43.0,10.75,True,2.745680602024315,1.8932683884450285,-1.1023934055959472,-1.5897017108721117
586,586,2021-12-05 16:15:00+00:00,1,78618,48291.39,377.5421428571431,2021-12-06 04:15:00+00:00,49146.01,0.06395496623839529,2.199686368030821,2.2636413342692165,False,1.5,47725.076785714286,,,,,,,,,
587,587,2021-12-06 04:15:00+00:00,1,78666,49146.01,282.0599999999987,2021-12-06 16:15:00+00:00,48864.53,0.08711977947954377,-1.0850634794015621,-0.9979436999220184,True,1.5,48722.920000000006,78672.0,2021-12-06 05:45:00+00:00,6.0,1.5,True,2.4397291356449404,0.6594696163936595,0.4156865205984324,-1.5863697794795437
588,588,2021-12-06 17:00:00+00:00,1,78717,49110.57,353.21571428571406,2021-12-07 05:00:00+00:00,51069.09,0.06951923146923576,5.475307685307637,5.544826916776873,False,1.5,48580.74642857143,,,,,,,,,
589,589,2021-12-07 05:00:00+00:00,1,78765,51069.09,224.91999999999982,2021-12-07 17:00:00+00:00,51245.52,0.1135272319046773,0.6708850035568221,0.7844122354614994,True,1.5,50731.71,78795.0,2021-12-07 12:30:00+00:00,30.0,7.5,False,0.4121910012448835,5.323181575671358,2.171635003556812,2.171635003556812
590,590,2021-12-07 19:30:00+00:00,-1,78823,50943.9,240.3285714285708,2021-12-08 07:30:00+00:00,50509.99,0.10598802235035396,1.6994985139392689,1.8054865362896229,False,1.5,51304.392857142855,,,,,,,,,
591,591,2021-12-08 10:00:00+00:00,-1,78881,50274.01,151.9028571428571,2021-12-08 22:00:00+00:00,50501.57,0.16548079129518872,-1.66354346292742,-1.4980626716322312,True,1.5,50501.864285714284,78900.0,2021-12-08 14:45:00+00:00,19.0,4.75,True,3.910299815671672,2.81709175036675,-0.1642934629274439,-1.6662307912951886
592,592,2021-12-09 06:15:00+00:00,-1,78962,49683.38,191.63285714285718,2021-12-09 18:15:00+00:00,47869.55,0.12963168409831297,9.335498810970352,9.465130495068665,True,1.5,49970.82928571428,78967.0,2021-12-09 07:30:00+00:00,5.0,1.25,True,1.8899197125455935,2.141121787942707,10.83474881097034,-1.630381684098313
593,593,2021-12-09 18:15:00+00:00,-1,79010,47869.55,351.27357142857153,2021-12-10 06:15:00+00:00,48154.82,0.06813713568789485,-0.8802392213638849,-0.8121020856759901,True,1.5,48396.46035714286,79025.0,2021-12-09 22:00:00+00:00,15.0,3.75,False,1.1085936276772328,2.728529656372838,0.6190107786361138,0.6190107786361138
594,594,2021-12-10 09:15:00+00:00,1,79070,47900.23,272.82999999999964,2021-12-10 21:15:00+00:00,48271.61,0.08778402301799669,1.273429919730227,1.3612139427482237,True,1.5,47490.985,79098.0,2021-12-10 16:15:00+00:00,28.0,7.0,False,0.9883993695707995,3.791976688780573,2.774179919730239,2.774179919730239
595,595,2021-12-10 22:15:00+00:00,1,79122,47867.54,261.91428571428594,2021-12-11 10:15:00+00:00,48424.85,0.09138016253954395,2.0364533707865062,2.1278335333260503,True,1.5,47474.66857142857,79124.0,2021-12-10 22:45:00+00:00,2.0,0.5,True,2.4681302498090796,1.8150267263008752,3.537203370786512,-1.590630162539544
596,596,2021-12-11 11:30:00+00:00,-1,79175,48281.34,271.77428571428493,2021-12-11 23:30:00+00:00,49228.41,0.08882617403097133,-3.573592944775638,-3.4847667707446663,True,1.5,48689.00142857142,79181.0,2021-12-11 13:00:00+00:00,6.0,1.5,True,1.6533152511012696,1.9832686788406109,-2.07434294477565,-1.5895761740309713
597,597,2021-12-11 23:30:00+00:00,1,79223,49228.41,268.6335714285711,2021-12-12 11:30:00+00:00,49242.92,0.09162743460954526,-0.037613336807726286,0.05401409780181897,True,1.5,48825.459642857146,79244.0,2021-12-12 04:45:00+00:00,21.0,5.25,False,0.7791269041471777,1.9898494231387867,1.4631366631922775,1.4631366631922775
598,598,2021-12-12 12:15:00+00:00,1,79274,49538.12,245.90214285714214,2021-12-13 00:15:00+00:00,49940.99,0.10072730441551984,1.53760734089924,1.6383346453147598,False,1.5,49169.26678571429,,,,,,,,,
599,599,2021-12-13 01:15:00+00:00,-1,79326,48987.13,274.12714285714327,2021-12-13 13:15:00+00:00,48363.45,0.08935111184069944,2.185797541808022,2.2751486536487215,False,1.5,49398.32071428571,,,,,,,,,
600,600,2021-12-13 14:45:00+00:00,-1,79380,47941.52,244.71785714285735,2021-12-14 02:45:00+00:00,47003.82,0.09795263933684555,3.7338069672071184,3.831759606543964,False,1.5,48308.59678571428,,,,,,,,,
601,601,2021-12-14 06:30:00+00:00,1,79443,46462.64,231.0971428571429,2021-12-14 18:30:00+00:00,46497.89,0.10052621037535234,0.05200704712922208,0.15253325750457442,False,1.5,46115.99428571429,,,,,,,,,
602,602,2021-12-14 19:00:00+00:00,1,79493,46850.02,359.04500000000036,2021-12-15 07:00:00+00:00,48245.64,0.06524254619894436,3.821791112534644,3.8870336587335883,False,1.5,46311.4525,,,,,,,,,
603,603,2021-12-15 08:45:00+00:00,1,79548,48565.79,213.65571428571482,2021-12-15 20:45:00+00:00,49191.28,0.11365432036854992,2.813906040425501,2.927560360794051,True,1.5,48245.30642857143,79555.0,2021-12-15 10:30:00+00:00,7.0,1.75,True,2.973505439324939,0.5148168950046614,4.314656040425504,-1.61290432036855
604,604,2021-12-15 20:45:00+00:00,1,79596,49191.28,639.5035714285722,2021-12-16 08:45:00+00:00,48766.0,0.03846052015793496,-0.7034763527512944,-0.6650158325933594,False,1.5,48232.02464285714,,,,,,,,,
605,605,2021-12-16 13:00:00+00:00,1,79661,48524.73,250.24642857142786,2021-12-17 01:00:00+00:00,47930.92,0.09695389116442393,-2.4698548887525424,-2.3729009975881183,True,1.5,48149.36035714286,79677.0,2021-12-16 17:00:00+00:00,16.0,4.0,True,1.6612039561004304,1.4585608471649278,-0.9691048887525413,-1.5962038911644238
606,606,2021-12-17 01:00:00+00:00,-1,79709,47930.92,251.40999999999985,2021-12-17 13:00:00+00:00,47008.0,0.09532421144743651,3.575651485621092,3.6709756970685286,False,1.5,48308.034999999996,,,,,,,,,
607,607,2021-12-17 14:45:00+00:00,-1,79764,45940.29,302.44214285714145,2021-12-18 02:45:00+00:00,45676.79,0.07594888987031795,0.79529212671137,0.871241016581688,True,1.5,46393.95321428571,79767.0,2021-12-17 15:30:00+00:00,3.0,0.75,True,1.573811047685644,1.6830432739201633,2.294542126711371,-1.576698889870318
608,608,2021-12-18 02:45:00+00:00,-1,79812,45676.79,341.3014285714281,2021-12-18 14:45:00+00:00,46980.68,0.06691561501981919,-3.88726294101151,-3.8203473259916905,True,1.5,46188.74214285714,79815.0,2021-12-18 03:30:00+00:00,3.0,0.75,True,1.7265027562565254,0.7212748680470896,-2.38801294101152,-1.5676656150198192
609,609,2021-12-18 14:45:00+00:00,-1,79860,46980.68,180.95500000000018,2021-12-19 02:45:00+00:00,47121.61,0.12981315796745033,-0.908625569893068,-0.7788124119256177,False,1.5,47252.1125,,,,,,,,,
610,610,2021-12-19 03:00:00+00:00,1,79909,47394.15,206.779285714287,2021-12-19 15:00:00+00:00,47249.98,0.11460081660569688,-0.811817655816575,-0.6972168392108781,True,1.5,47083.98107142857,79935.0,2021-12-19 09:30:00+00:00,26.0,6.5,False,1.3733535757588184,6.66018805420544,0.6889323441834276,0.6889323441834276
611,611,2021-12-19 17:00:00+00:00,-1,79965,47206.09,366.0935714285707,2021-12-20 05:00:00+00:00,46940.24,0.0644727109189494,0.6617077542626664,0.7261804651816157,False,1.5,47755.23035714285,,,,,,,,,
612,612,2021-12-20 05:00:00+00:00,1,80013,46940.24,196.38142857142833,2021-12-20 17:00:00+00:00,46327.79,0.11951293037601765,-3.2381886852844577,-3.11867575490844,True,1.5,46645.66785714286,80015.0,2021-12-20 05:30:00+00:00,2.0,0.5,True,1.932147351728034,0.8712236391279508,-1.7374386852844628,-1.6187629303760176
613,613,2021-12-20 19:00:00+00:00,-1,80069,46494.13,218.4421428571425,2021-12-21 07:00:00+00:00,48511.4,0.1064220699171734,-9.34122435492893,-9.234802285011757,True,1.5,46821.79321428571,80074.0,2021-12-20 20:15:00+00:00,5.0,1.25,True,1.969522822323017,0.8498965074112302,-7.841974354928936,-1.6071720699171734
614,614,2021-12-21 07:00:00+00:00,1,80117,48511.4,293.35857142857225,2021-12-21 19:00:00+00:00,48526.82,0.08268277242380097,-0.03011911312825944,0.05256365929554153,False,1.5,48071.36214285714,,,,,,,,,
615,615,2021-12-22 02:30:00+00:00,-1,80195,49437.33,196.07928571428525,2021-12-22 14:30:00+00:00,48842.3,0.12606464221834493,2.908575135422625,3.03463977764097,False,1.5,49731.44892857143,,,,,,,,,
616,616,2021-12-22 14:45:00+00:00,-1,80244,48787.37,203.24571428571497,2021-12-23 02:45:00+00:00,48338.85,0.12002066112797981,2.08676633842219,2.20678699955017,True,1.5,49092.23857142858,80249.0,2021-12-22 16:00:00+00:00,5.0,1.25,False,0.7762103576247993,5.275577766531725,3.5860163384222017,3.5860163384222017
617,617,2021-12-23 02:45:00+00:00,-1,80292,48338.85,222.94071428571365,2021-12-23 14:45:00+00:00,48577.45,0.10841189361681708,-1.1786515793756795,-1.0702396857588625,True,1.5,48673.26107142857,80331.0,2021-12-23 12:30:00+00:00,39.0,9.75,False,0.7927620091183875,1.1239358958339172,0.3205984206243214,0.3205984206243214
618,618,2021-12-23 17:30:00+00:00,1,80351,49751.16,218.67071428571424,2021-12-24 05:30:00+00:00,50951.04,0.11375816867501368,5.3733963591701706,5.487154527845184,False,1.5,49423.15392857143,,,,,,,,,
619,619,2021-12-24 22:15:00+00:00,-1,80466,50871.3,245.2107142857141,2021-12-25 10:15:00+00:00,50731.97,0.1037297659447415,0.46447542201314485,0.5682051879578863,False,1.5,51239.11607142857,,,,,,,,,
620,620,2021-12-25 10:30:00+00:00,-1,80515,50683.2,110.8885714285716,2021-12-25 22:30:00+00:00,50653.39,0.22853211718327243,0.04029630774778242,0.26882842493105485,True,1.5,50849.532857142854,80522.0,2021-12-25 12:15:00+00:00,7.0,1.75,True,3.0703537656850055,6.714243384607423,1.5395463077477824,-1.7292821171832724
621,621,2021-12-25 23:15:00+00:00,-1,80566,50484.53,144.23785714285623,2021-12-26 11:15:00+00:00,50041.2,0.1750044371152819,2.8985991838877556,3.0736036210030377,False,1.5,50700.88678571428,,,,,,,,,
622,622,2021-12-26 11:45:00+00:00,-1,80616,49729.35,159.8221428571425,2021-12-26 23:45:00+00:00,50765.73,0.15557715943169004,-6.640160468556609,-6.484583309124919,True,1.5,49969.08321428571,80622.0,2021-12-26 13:15:00+00:00,6.0,1.5,True,1.9370706723098603,1.5369786056821757,-5.140910468556619,-1.65632715943169
623,623,2021-12-26 23:45:00+00:00,1,80664,50765.73,251.52642857142772,2021-12-27 11:45:00+00:00,50765.06,0.10091530001107558,-0.10357903600021545,-0.0026637359891398655,False,1.5,50388.44035714286,,,,,,,,,
624,624,2021-12-27 12:45:00+00:00,1,80716,51108.62,141.69714285714144,2021-12-28 00:45:00+00:00,50346.01,0.18034456789127898,-5.562316177360224,-5.381971609468946,True,1.5,50896.07428571429,80755.0,2021-12-27 22:30:00+00:00,39.0,9.75,True,1.735492196636716,1.8296467314594478,-4.061566177360224,-1.679594567891279
625,625,2021-12-28 00:45:00+00:00,-1,80764,50346.01,268.7314285714284,2021-12-28 12:45:00+00:00,49087.52,0.09367346846559502,4.589403634536894,4.683077103002489,False,1.5,50749.107142857145,,,,,,,,,
626,626,2021-12-28 12:45:00+00:00,-1,80812,49087.52,179.83714285714294,2021-12-29 00:45:00+00:00,47751.63,0.13647770204788454,7.291854280857277,7.428331982905162,False,1.5,49357.27571428571,,,,,,,,,
627,627,2021-12-29 00:45:00+00:00,-1,80860,47751.63,209.04857142857094,2021-12-29 12:45:00+00:00,46810.0,0.11421180655213442,4.39014808246887,4.504359889021004,True,1.5,48065.20285714285,80869.0,2021-12-29 03:00:00+00:00,9.0,2.25,False,0.29068432490059726,7.023740210750737,5.889398082468865,5.889398082468865
628,628,2021-12-29 12:45:00+00:00,1,80908,46810.0,280.9828571428573,2021-12-30 00:45:00+00:00,46670.92,0.08329689660782555,-0.57827371268202,-0.49497681607419447,True,1.5,46388.525714285715,80950.0,2021-12-29 23:15:00+00:00,42.0,10.5,True,1.8098104612381056,2.7812169527373247,0.9224762873179753,-1.5825468966078255
629,629,2021-12-30 00:45:00+00:00,-1,80956,46670.92,357.802857142857,2021-12-30 12:45:00+00:00,47491.65,0.06521876372463689,-2.3590238119954425,-2.2938050482708054,True,1.5,47207.624285714286,80999.0,2021-12-30 11:30:00+00:00,43.0,10.75,False,1.3596194233057264,0.5808905143295235,-0.8597738119954358,-0.8597738119954358
630,630,2021-12-30 13:00:00+00:00,1,81005,47425.76,194.45214285714297,2021-12-31 01:00:00+00:00,46935.71,0.12194712617500443,-2.6421044913732117,-2.5201573651982074,True,1.5,47134.08178571429,81016.0,2021-12-30 15:45:00+00:00,11.0,2.75,True,2.2323322301117274,3.99891820609549,-1.1413544913732254,-1.6211971261750044
631,631,2022-01-19 13:15:00+00:00,1,82926,42209.19,236.57499999999968,2022-01-20 01:15:00+00:00,41693.37,0.08920889781253316,-2.2695745323893073,-2.1803656345767743,True,1.5,41854.3275,82936.0,2022-01-19 15:45:00+00:00,10.0,2.5,False,1.2568001690795723,2.1668498362041566,-0.7688245323892933,-0.7688245323892933
632,632,2022-01-20 01:30:00+00:00,-1,82975,41761.4,131.00071428571547,2022-01-20 13:30:00+00:00,42401.66,0.15939378738392776,-5.046848054263577,-4.88745426687965,True,1.5,41957.901071428576,82979.0,2022-01-20 02:30:00+00:00,4.0,1.0,True,1.9847901592684623,1.5363356797400483,-3.547598054263568,-1.6601437873839278
633,633,2022-01-20 13:30:00+00:00,1,83023,42401.66,138.6692857142859,2022-01-21 01:30:00+00:00,39991.27,0.15288771331585407,-17.535179599973237,-17.382291886657384,True,1.5,42193.65607142857,83055.0,2022-01-20 21:30:00+00:00,32.0,8.0,True,5.556717678752635,1.7689853041923778,-16.03442959997323,-1.6521377133158541
634,634,2022-01-21 01:30:00+00:00,-1,83071,39991.27,366.2914285714292,2022-01-21 13:30:00+00:00,38624.0,0.05458941553173888,3.678148763279809,3.7327381788115477,False,1.5,40540.70714285714,,,,,,,,,
635,635,2022-01-21 13:30:00+00:00,1,83119,38624.0,306.2585714285711,2022-01-22 01:30:00+00:00,36470.01,0.06305782695294833,-7.096297712950309,-7.033239885997361,True,1.5,38164.61214285714,83126.0,2022-01-21 15:15:00+00:00,7.0,1.75,True,1.882631856367866,2.874655403230702,-5.595547712950306,-1.5623078269529482
636,636,2022-01-22 01:30:00+00:00,1,83167,36470.01,500.46571428571457,2022-01-22 13:30:00+00:00,35680.08,0.036436072401134924,-1.614825915004881,-1.578389842603746,True,1.5,35719.31142857143,83184.0,2022-01-22 05:45:00+00:00,17.0,4.25,True,2.1366327363655637,0.548266471800537,-0.11407591500488601,-1.535686072401135
637,637,2022-01-22 16:15:00+00:00,1,83226,35244.84,358.2007142857131,2022-01-23 04:15:00+00:00,35200.93,0.049197054325089244,-0.17178195784086533,-0.12258490351577608,True,1.5,34707.53892857143,83229.0,2022-01-22 17:00:00+00:00,3.0,0.75,False,1.3848072010704278,2.927021163314279,1.328968042159136,1.328968042159136
638,638,2022-01-24 00:15:00+00:00,1,83354,35820.0,295.3157142857152,2022-01-24 12:15:00+00:00,33569.59,0.060646958944664354,-7.68099999516255,-7.620353036217885,True,1.5,35377.02642857143,83363.0,2022-01-24 02:30:00+00:00,9.0,2.25,True,1.592419251067855,0.8035927651278609,-6.180249995162557,-1.5598969589446643
639,639,2022-01-24 12:15:00+00:00,1,83402,33569.59,462.9064285714293,2022-01-25 00:15:00+00:00,36264.03,0.036259585013324144,5.784441605754939,5.820701190768263,True,1.5,32875.23035714285,83405.0,2022-01-24 13:00:00+00:00,3.0,0.75,False,0.04623041682287912,10.05120982487976,7.285191605754946,7.285191605754946
640,640,2022-01-25 00:15:00+00:00,1,83450,36264.03,257.1349999999989,2022-01-25 12:15:00+00:00,36430.0,0.07051554630835971,0.5749430649269909,0.6454586112353505,True,1.5,35878.3275,83468.0,2022-01-25 04:45:00+00:00,18.0,4.5,False,0.7207400781690559,3.5604740700410407,2.075693064926995,2.075693064926995
641,641,2022-01-25 17:00:00+00:00,1,83517,37178.37,373.17857142857093,2022-01-26 05:00:00+00:00,37573.68,0.049813109388458295,1.0094920872810744,1.0593051966695328,True,1.5,36618.60214285715,83531.0,2022-01-25 20:30:00+00:00,14.0,3.5,False,0.5746100105273412,3.363853000287096,2.510242087281071,2.510242087281071
642,642,2022-01-26 10:30:00+00:00,1,83587,37787.18,187.56071428571522,2022-01-26 22:30:00+00:00,36440.48,0.10073319496543925,-7.280808218291169,-7.180075023325729,True,1.5,37505.83892857143,83622.0,2022-01-26 19:15:00+00:00,35.0,8.75,True,2.39633832854124,4.524780547251351,-5.7800582182911775,-1.5999831949654393
643,643,2022-01-26 23:15:00+00:00,-1,83638,36788.89,323.27571428571434,2022-01-27 11:15:00+00:00,36579.99,0.056900175878175634,0.5892974528597924,0.646197628737968,False,1.5,37273.80357142857,,,,,,,,,
644,644,2022-01-27 16:00:00+00:00,1,83705,36507.6,254.715714285713,2022-01-28 04:00:00+00:00,37313.56,0.0716634230879247,3.0924915732385245,3.1641549963264493,True,1.5,36125.52642857143,83713.0,2022-01-27 18:00:00+00:00,8.0,2.0,True,1.6469200957930847,1.2171748896528845,4.593241573238523,-1.5709134230879247
645,645,2022-01-28 09:15:00+00:00,-1,83774,36655.07,230.8035714285704,2022-01-28 21:15:00+00:00,37833.65,0.07940750174081274,-5.1858276177950025,-5.106420116054189,True,1.5,37001.275357142855,83793.0,2022-01-28 14:00:00+00:00,19.0,4.75,True,1.5499094777563034,1.778201934235972,-3.6865776177950043,-1.5801575017408127
646,646,2022-01-28 21:30:00+00:00,1,83823,37874.58,233.73000000000008,2022-01-29 09:30:00+00:00,37683.07,0.08102207675523038,-0.9003863004321311,-0.8193642236769006,True,1.5,37523.985,83839.0,2022-01-29 01:30:00+00:00,16.0,4.0,False,0.397402986351782,1.7756171651050328,0.6003636995678735,0.6003636995678735
647,647,2022-01-31 02:30:00+00:00,-1,84035,36962.0,217.2571428571412,2022-01-31 14:30:00+00:00,37378.85,0.08506509731720213,-2.003759205681229,-1.918694108364027,True,1.5,37287.88571428571,84068.0,2022-01-31 10:45:00+00:00,33.0,8.25,False,0.9763282482904068,2.2456601788532264,-0.5045092056812435,-0.5045092056812435
648,648,2022-01-31 15:30:00+00:00,1,84087,37803.32,202.89642857142877,2022-02-01 03:30:00+00:00,38494.55,0.09315915579729268,3.3136529052472357,3.4068120610445285,False,1.5,37498.97535714286,,,,,,,,,
649,649,2022-02-01 11:15:00+00:00,-1,84166,38370.92,222.96357142857076,2022-02-01 23:15:00+00:00,38755.35,0.08604750936251623,-1.8102305117107602,-1.724183002348244,True,1.5,38705.36535714285,84171.0,2022-02-01 12:30:00+00:00,5.0,1.25,True,1.5431428580582032,1.2723843420930243,-0.31098051171077423,-1.5867975093625162
650,650,2022-02-02 15:15:00+00:00,-1,84278,37605.76,207.3614285714279,2022-02-03 03:15:00+00:00,36830.0,0.0906768444331157,3.6504239250997443,3.74110076953286,False,1.5,37916.802142857145,,,,,,,,,
651,651,2022-02-03 13:45:00+00:00,1,84368,36571.39,203.90214285714268,2022-02-04 01:45:00+00:00,37149.48,0.0896787779852381,2.745455722808231,2.835134500793469,True,1.5,36265.536785714285,84396.0,2022-02-03 20:45:00+00:00,28.0,7.0,False,0.04677138543348349,5.539241512910615,4.246205722808234,4.246205722808234
652,652,2022-02-04 06:45:00+00:00,1,84436,37969.5,151.692142857143,2022-02-04 18:45:00+00:00,40452.9,0.125153153237996,16.246162810956395,16.37131596419439,True,1.5,37741.96178571429,84463.0,2022-02-04 13:30:00+00:00,27.0,6.75,True,2.5509678907938635,0.8902123191237763,17.74691281095638,-1.6244031532379961
653,653,2022-02-04 23:45:00+00:00,-1,84504,41550.0,195.6949999999997,2022-02-05 11:45:00+00:00,41427.85,0.10616009606786087,0.5180254988630348,0.6241855949308958,True,1.5,41843.542499999996,84507.0,2022-02-05 00:30:00+00:00,3.0,0.75,False,0.4009172436700181,3.5161475765860133,2.0172754988630164,2.0172754988630164
654,654,2022-02-07 01:30:00+00:00,-1,84703,42133.76,322.5142857142855,2022-02-07 13:30:00+00:00,42728.79,0.06532076541459962,-1.9102933026222513,-1.8449725372076518,True,1.5,42617.53142857143,84708.0,2022-02-07 02:45:00+00:00,5.0,1.25,False,1.4711552090715874,1.289404677533658,-0.41104330262226263,-0.41104330262226263
655,655,2022-02-08 06:15:00+00:00,-1,84818,45121.9,255.96714285714344,2022-02-08 18:15:00+00:00,43132.26,0.08814002355212983,7.684888880827319,7.773028904379449,False,1.5,45505.85071428572,,,,,,,,,
656,656,2022-02-09 08:45:00+00:00,-1,84924,43374.51,246.6335714285711,2022-02-09 20:45:00+00:00,44743.28,0.087933102028168,-5.637745287253786,-5.549812185225618,True,1.5,43744.46035714286,84936.0,2022-02-09 11:45:00+00:00,12.0,3.0,True,2.212471074787043,0.5857286836747514,-4.138495287253782,-1.588683102028168
657,657,2022-02-09 21:45:00+00:00,1,84976,44443.01,218.4699999999996,2022-02-10 09:45:00+00:00,44377.2,0.10171421705497341,-0.4029455073923427,-0.3012312903373693,True,1.5,44115.305,84986.0,2022-02-10 00:15:00+00:00,10.0,2.5,True,1.612601272485929,1.051380052181078,1.097804492607668,-1.6009642170549734
658,658,2022-02-10 10:30:00+00:00,1,85027,44665.0,165.980714285714,2022-02-10 22:30:00+00:00,43881.73,0.13454876427123658,-4.853590993790146,-4.71904222951891,True,1.5,44416.02892857143,85039.0,2022-02-10 13:30:00+00:00,12.0,3.0,True,4.801936972023455,3.1209714553756296,-3.3528409937901613,-1.6337987642712366
659,659,2022-02-10 22:30:00+00:00,-1,85075,43881.73,352.274285714286,2022-02-11 10:30:00+00:00,43467.62,0.06228347026667527,1.1132493937354018,1.175532864002077,False,1.5,44410.141428571435,,,,,,,,,
660,660,2022-02-11 11:00:00+00:00,1,85125,43421.79,248.88785714285663,2022-02-11 23:00:00+00:00,42156.22,0.08723163616430826,-5.172132179438253,-5.084900543273945,True,1.5,43048.45821428572,85155.0,2022-02-11 18:30:00+00:00,30.0,7.5,True,1.6009548190091532,1.2162175736060148,-3.6713821794382615,-1.5864816361643084
661,661,2022-02-12 02:15:00+00:00,-1,85186,42370.21,157.1500000000004,2022-02-12 14:15:00+00:00,42047.29,0.1348081769010496,1.9200438752783804,2.05485205217943,False,1.5,42605.935,,,,,,,,,
662,662,2022-02-12 17:30:00+00:00,1,85247,42610.69,255.15642857142822,2022-02-13 05:30:00+00:00,42243.49,0.08349915038113886,-1.5226163305983356,-1.4391171802171967,True,1.5,42227.95535714286,85263.0,2022-02-12 21:30:00+00:00,16.0,4.0,True,2.696210167992208,0.7459919545152894,-0.02186633059834483,-1.5827491503811388
663,663,2022-02-13 18:00:00+00:00,-1,85345,42322.77,177.07642857142906,2022-02-14 06:00:00+00:00,41799.88,0.11950424554369145,2.8334014812006,2.9529057267442917,False,1.5,42588.38464285714,,,,,,,,,
664,664,2022-02-14 07:15:00+00:00,1,85398,42125.76,132.92999999999978,2022-02-14 19:15:00+00:00,41986.44,0.1584509140148953,-1.2065213270142179,-1.0480704129993226,True,1.5,41926.365000000005,85409.0,2022-02-14 10:00:00+00:00,11.0,2.75,False,1.0776724591890836,7.234145791017801,0.29422867298576055,0.29422867298576055
665,665,2022-02-14 19:15:00+00:00,-1,85446,41986.44,206.94642857142804,2022-02-15 07:15:00+00:00,43596.1,0.10144277504530184,-7.87959101906981,-7.778148244024508,True,1.5,42296.85964285715,85457.0,2022-02-14 22:00:00+00:00,11.0,2.75,True,1.7064336871170769,0.41972042454053493,-6.380341019069796,-1.6021927750453018
666,666,2022-02-15 13:30:00+00:00,1,85519,44177.9,191.66428571428645,2022-02-16 01:30:00+00:00,43980.6,0.11524812730592883,-1.144652219282238,-1.029404091976309,True,1.5,43890.40357142857,85534.0,2022-02-15 17:15:00+00:00,15.0,3.75,False,0.21080386091752396,4.625777959974642,0.3560977807177661,0.3560977807177661
667,667,2022-02-16 01:30:00+00:00,-1,85567,43980.6,210.93571428571522,2022-02-16 13:30:00+00:00,43842.4,0.10425119366089826,0.5509247231722434,0.6551759168331417,True,1.5,44297.00357142857,85594.0,2022-02-16 08:15:00+00:00,27.0,6.75,False,0.0763096407165368,2.6567505333378345,2.050174723172235,2.050174723172235
668,668,2022-02-16 14:00:00+00:00,-1,85617,43670.2,164.95000000000124,2022-02-17 02:00:00+00:00,44053.5,0.13237405274325453,-2.4561085177326456,-2.323734464989391,True,1.5,43917.625,85637.0,2022-02-16 19:00:00+00:00,20.0,5.0,True,1.5724461958169025,1.6224613519248134,-0.9568585177326391,-1.6331240527432545
669,669,2022-02-17 04:15:00+00:00,-1,85674,43541.7,172.58571428571355,2022-02-17 16:15:00+00:00,41937.6,0.12614514526943188,9.168366898435591,9.294512043705023,True,1.5,43800.57857142857,85683.0,2022-02-17 06:30:00+00:00,9.0,2.25,False,1.2713765416770466,12.9244681731645,10.667616898435586,10.667616898435586
670,670,2022-02-17 16:15:00+00:00,-1,85722,41937.6,335.12857142857166,2022-02-18 04:15:00+00:00,40691.8,0.0625694189863165,3.6548098384415204,3.717379257427837,False,1.5,42440.29285714286,,,,,,,,,
671,671,2022-02-18 04:15:00+00:00,-1,85770,40691.8,169.48571428571398,2022-02-18 16:15:00+00:00,40148.1,0.12004492582602853,3.0878950606878264,3.2079399865138547,False,1.5,40946.02857142857,,,,,,,,,
672,672,2022-02-18 16:15:00+00:00,1,85818,40148.1,403.0428571428565,2022-02-19 04:15:00+00:00,40189.8,0.04980624180342403,0.05365670081169347,0.1034629426151175,False,1.5,39543.53571428571,,,,,,,,,
673,673,2022-02-19 14:00:00+00:00,1,85905,39888.1,171.8428571428563,2022-02-20 02:00:00+00:00,39972.9,0.11605981378335746,0.3774142904647291,0.4934741042480865,False,1.5,39630.33571428571,,,,,,,,,
674,674,2022-02-20 05:45:00+00:00,1,85968,39340.9,163.19999999999916,2022-02-20 17:45:00+00:00,38258.3,0.12052971813725553,-6.75410814950983,-6.633578431372574,True,1.5,39096.100000000006,85969.0,2022-02-20 06:00:00+00:00,1.0,0.25,True,1.8143382352941626,2.0251225490195734,-5.2533581495098485,-1.6197797181372555
675,675,2022-02-20 22:45:00+00:00,-1,86036,38795.6,141.21428571428518,2022-02-21 10:45:00+00:00,38282.2,0.13736428932726405,3.4982452200303724,3.6356095093576366,True,1.5,39007.421428571426,86045.0,2022-02-21 01:00:00+00:00,9.0,2.25,True,2.6737986848761026,3.4162367223065204,4.997495220030371,-1.638114289327264
676,676,2022-02-21 11:45:00+00:00,1,86088,37549.9,255.5714285714296,2022-02-21 23:45:00+00:00,36986.4,0.07346263275572916,-2.2783256847400692,-2.20486305198434,True,1.5,37166.54285714286,86128.0,2022-02-21 21:45:00+00:00,40.0,10.0,True,1.5828954723309023,2.706316377864709,-0.777575684740067,-1.5727126327557293
677,677,2022-02-22 00:30:00+00:00,-1,86139,37232.8,440.94285714285695,2022-02-22 12:30:00+00:00,37594.9,0.04221952957947258,-0.8634143718006839,-0.8211948422212113,False,1.5,37894.21428571429,,,,,,,,,
678,678,2022-02-22 12:30:00+00:00,1,86187,37594.9,246.4714285714295,2022-02-23 00:30:00+00:00,38150.0,0.07626624355184577,2.1759217817191074,2.252188025270953,False,1.5,37225.19285714286,,,,,,,,,
679,679,2022-02-23 14:00:00+00:00,1,86289,38785.4,175.64285714285765,2022-02-24 02:00:00+00:00,36900.1,0.11040984139894235,-10.844122732818205,-10.733712891419263,True,1.5,38521.93571428571,86293.0,2022-02-23 15:00:00+00:00,4.0,1.0,True,2.971573810492046,1.4123220821472255,-9.343372732818185,-1.6096598413989422
680,680,2022-02-24 02:00:00+00:00,-1,86337,36900.1,265.2000000000002,2022-02-24 14:00:00+00:00,35463.4,0.06957032428355953,5.347850490196063,5.417420814479622,False,1.5,37297.9,,,,,,,,,
681,681,2022-02-24 18:30:00+00:00,1,86403,36018.1,320.50714285714224,2022-02-25 06:30:00+00:00,38634.2,0.05618923135209834,8.106187359318948,8.162376590671046,False,1.5,35537.33928571428,,,,,,,,,
682,682,2022-02-25 06:30:00+00:00,1,86451,38634.2,223.32142857143012,2022-02-25 18:30:00+00:00,38821.9,0.08649908843754937,0.753993475131951,0.8404925635695004,True,1.5,38299.21785714285,86457.0,2022-02-25 08:00:00+00:00,6.0,1.5,False,1.3434351511274403,6.496385734847251,2.25474347513195,2.25474347513195
683,683,2022-02-26 01:00:00+00:00,-1,86525,39698.9,309.87857142857166,2022-02-26 13:00:00+00:00,39194.0,0.06405557476430855,1.5652923264873373,1.6293479012516459,False,1.5,40163.71785714286,,,,,,,,,
684,684,2022-02-27 12:15:00+00:00,1,86666,39434.4,198.83571428571355,2022-02-28 00:15:00+00:00,37555.6,0.09916327190430041,-9.548169989582261,-9.44900671767796,True,1.5,39136.14642857143,86671.0,2022-02-27 13:30:00+00:00,5.0,1.25,True,1.5547832022129047,2.5380428925530842,-8.047419989582265,-1.5984132719043005
685,685,2022-02-28 00:15:00+00:00,-1,86714,37555.6,322.0000000000005,2022-02-28 12:15:00+00:00,38465.1,0.05831614906832289,-2.882850310559002,-2.824534161490679,True,1.5,38038.6,86718.0,2022-02-28 01:15:00+00:00,4.0,1.0,True,1.950310559006208,1.926708074534163,-1.383600310559004,-1.5590661490683229
686,686,2022-02-28 12:30:00+00:00,1,86763,38387.7,223.6928571428585,2022-03-01 00:30:00+00:00,43519.4,0.0858044831880443,22.855026375450915,22.94083085863896,True,1.5,38052.16071428571,86766.0,2022-02-28 13:15:00+00:00,3.0,0.75,False,0.720455343742992,28.11372417536786,24.355776375450912,24.355776375450912
687,687,2022-03-01 00:30:00+00:00,-1,86811,43519.4,498.57142857142907,2022-03-01 12:30:00+00:00,44310.2,0.0436440974212034,-1.6297759025787861,-1.5861318051575828,True,1.5,44267.25714285715,86858.0,2022-03-01 12:15:00+00:00,47.0,11.75,False,0.5237822349570154,0.8274785100286653,-0.1305259025787835,-0.1305259025787835
688,688,2022-03-01 15:00:00+00:00,1,86869,43711.4,418.2500000000005,2022-03-02 03:00:00+00:00,44252.5,0.05225511057979671,1.2414687387925831,1.29372384937238,False,1.5,43084.025,,,,,,,,,
689,689,2022-03-02 17:45:00+00:00,-1,86976,43734.5,485.77142857142877,2022-03-03 05:45:00+00:00,43320.0,0.045015512880837535,0.8082664539465942,0.8532819668274317,False,1.5,44463.15714285714,,,,,,,,,
690,690,2022-03-03 15:45:00+00:00,-1,87064,42549.5,296.22857142857174,2022-03-04 03:45:00+00:00,41441.1,0.07181869695216042,3.669886549961421,3.741705246913581,False,1.5,42993.84285714286,,,,,,,,,
691,691,2022-03-04 03:45:00+00:00,-1,87112,41441.1,248.31428571428583,2022-03-04 15:45:00+00:00,40694.6,0.08344485674836033,2.9228259981590137,3.006270854907374,True,1.5,41813.57142857143,87133.0,2022-03-04 09:00:00+00:00,21.0,5.25,False,0.29772178115292086,5.128868944885507,4.4220759981590145,4.4220759981590145
692,692,2022-03-04 15:45:00+00:00,-1,87160,40694.6,361.9500000000002,2022-03-05 03:45:00+00:00,39029.1,0.056215775659621464,4.545248514988255,4.601464290647876,False,1.5,41237.525,,,,,,,,,
693,693,2022-03-05 03:45:00+00:00,-1,87208,39029.1,192.29285714285703,2022-03-05 15:45:00+00:00,39133.8,0.10148348872627323,-0.6459654916236626,-0.5444820028973893,True,1.5,39317.53928571429,87243.0,2022-03-05 12:30:00+00:00,35.0,8.75,False,0.1688087366739656,2.347665391330204,0.8532845083763523,0.8532845083763523
694,694,2022-03-05 15:45:00+00:00,1,87256,39133.8,132.0,2022-03-06 03:45:00+00:00,39281.9,0.1482340909090909,0.9737356060605951,1.121969696969686,False,1.5,38935.8,,,,,,,,,
695,695,2022-03-06 04:00:00+00:00,1,87305,38901.0,142.81428571428685,2022-03-06 16:00:00+00:00,39185.1,0.1361943583074912,1.853102430729194,1.989296789036685,True,1.5,38686.77857142857,87326.0,2022-03-06 09:15:00+00:00,21.0,5.25,True,3.758577573271949,3.298139441832547,3.3538524307291846,-1.6354443583074911
696,696,2022-03-06 16:00:00+00:00,1,87353,39185.1,230.22142857142848,2022-03-07 04:00:00+00:00,37812.1,0.0851030684744501,-6.048926716515159,-5.963823648040709,True,1.5,38839.767857142855,87363.0,2022-03-06 18:30:00+00:00,10.0,2.5,True,1.5861592876423298,0.9136080171263721,-4.548176716515155,-1.58435306847445
697,697,2022-03-07 04:00:00+00:00,1,87401,37812.1,242.5857142857141,2022-03-07 16:00:00+00:00,39336.4,0.07793554560979925,6.20561665979626,6.2835522054060595,False,1.5,37448.22142857143,,,,,,,,,
698,698,2022-03-07 16:00:00+00:00,1,87449,39336.4,280.6142857142856,2022-03-08 04:00:00+00:00,38712.9,0.07008980298325107,-2.2920009163569732,-2.221911113373722,True,1.5,38915.478571428575,87452.0,2022-03-07 16:45:00+00:00,3.0,0.75,True,3.3051723260194628,0.6515043526956134,-0.7912509163569812,-1.569339802983251
699,699,2022-03-08 04:45:00+00:00,1,87500,38526.7,216.74285714285674,2022-03-08 16:45:00+00:00,38283.9,0.08887651595043518,-1.209097976535706,-1.1202214605852707,True,1.5,38201.58571428571,87506.0,2022-03-08 06:15:00+00:00,6.0,1.5,False,0.9300685473240139,4.606446084893239,0.2916520234642893,0.2916520234642893
700,700,2022-03-08 17:15:00+00:00,1,87550,38907.7,353.778571428571,2022-03-09 05:15:00+00:00,41508.6,0.05498877425346773,7.296784934079038,7.351773708332505,True,1.5,38377.03214285714,87567.0,2022-03-08 21:30:00+00:00,17.0,4.25,False,0.05181812675402472,9.93974237315514,8.797534934079037,8.797534934079037
701,701,2022-03-09 05:15:00+00:00,1,87598,41508.6,367.97857142857174,2022-03-09 17:15:00+00:00,42197.7,0.05640083855814581,1.816262554108347,1.8726633926664928,False,1.5,40956.63214285714,,,,,,,,,
702,702,2022-03-09 17:15:00+00:00,1,87646,42197.7,233.14285714285663,2022-03-10 05:15:00+00:00,39271.4,0.09049751838235313,-12.64202938112746,-12.551531862745106,True,1.5,41847.985714285714,87652.0,2022-03-09 18:45:00+00:00,6.0,1.5,True,2.6485294117647125,2.050306372549023,-11.14127938112747,-1.589747518382353
703,703,2022-03-10 05:15:00+00:00,-1,87694,39271.4,328.50714285714275,2022-03-10 17:15:00+00:00,39192.6,0.059772520710573825,0.1801004979235157,0.23987301863408952,True,1.5,39764.16071428572,87727.0,2022-03-10 13:30:00+00:00,33.0,8.25,True,1.596736317975238,3.8116696745015437,1.6793504979235214,-1.5605225207105737
704,704,2022-03-10 17:30:00+00:00,-1,87743,39187.8,265.8142857142858,2022-03-11 05:30:00+00:00,38677.3,0.0737127425162573,1.8468010426183687,1.9205137851346261,True,1.5,39586.52142857143,87756.0,2022-03-10 20:45:00+00:00,13.0,3.25,False,0.2858332885473083,5.215752136292809,3.34605104261837,3.34605104261837
705,705,2022-03-11 05:30:00+00:00,-1,87791,38677.3,201.80714285714203,2022-03-11 17:30:00+00:00,38772.4,0.09582738116306273,-0.5670693731639069,-0.4712419920008442,True,1.5,38980.010714285716,87796.0,2022-03-11 06:45:00+00:00,5.0,1.25,True,1.8051357377977697,1.0272714402010674,0.9321806268360932,-1.5965773811630628
706,706,2022-03-11 17:30:00+00:00,-1,87839,38772.4,274.2500000000005,2022-03-12 05:30:00+00:00,39118.1,0.07068805834092969,-1.331216773017307,-1.2605287146763773,True,1.5,39183.775,87869.0,2022-03-12 01:00:00+00:00,30.0,7.5,False,0.3858705560619759,1.0000911577028293,0.1680332269826903,0.1680332269826903
707,707,2022-03-12 06:00:00+00:00,1,87889,39174.9,115.6785714285709,2022-03-12 18:00:00+00:00,39095.4,0.16932652053102887,-0.8565756715035544,-0.6872491509725255,True,1.5,39001.38214285715,87894.0,2022-03-12 07:15:00+00:00,5.0,1.25,True,3.1421735103427304,2.360142019141703,0.6441743284964344,-1.6685765205310288
708,708,2022-03-13 00:15:00+00:00,-1,87962,38901.5,108.54285714285548,2022-03-13 12:15:00+00:00,38460.6,0.17919880231640178,3.8827911950514022,4.061989997367804,True,1.5,39064.31428571428,87965.0,2022-03-13 01:00:00+00:00,3.0,0.75,True,2.17136088444335,1.8270597525664507,5.382041195051382,-1.6799488023164018
709,709,2022-03-13 12:15:00+00:00,-1,88010,38460.6,154.0928571428563,2022-03-14 00:15:00+00:00,37753.5,0.12479682937004657,4.463994715616758,4.588791544986805,True,1.5,38691.739285714284,88013.0,2022-03-13 13:00:00+00:00,3.0,0.75,True,1.529991192694591,1.6888471700737016,5.963244715616765,-1.6255468293700466
710,710,2022-03-14 00:15:00+00:00,-1,88058,37753.5,242.59285714285892,2022-03-14 12:15:00+00:00,38790.9,0.07781247239643084,-4.354113152548336,-4.276300680151905,True,1.5,38117.389285714286,88061.0,2022-03-14 01:00:00+00:00,3.0,0.75,True,2.813812089626927,1.2423666931660826,-2.854863152548347,-1.5785624723964309
711,711,2022-03-14 12:15:00+00:00,1,88106,38790.9,160.3857142857149,2022-03-15 00:15:00+00:00,39481.2,0.12093003473768547,4.183069252694355,4.30399928743204,True,1.5,38550.32142857143,88127.0,2022-03-14 17:30:00+00:00,21.0,5.25,False,0.9372494878417998,8.97011668299632,5.683819252694365,5.683819252694365
712,712,2022-03-15 00:15:00+00:00,1,88154,39481.2,277.45714285714195,2022-03-15 12:15:00+00:00,38696.3,0.0711482854494905,-2.9000536504994225,-2.828905365049932,True,1.5,39065.014285714286,88158.0,2022-03-15 01:15:00+00:00,4.0,1.0,True,1.6835547317475024,0.3117083719493376,-1.399303650499427,-1.5703982854494904
713,713,2022-03-15 12:15:00+00:00,1,88202,38696.3,143.01428571428602,2022-03-16 00:15:00+00:00,39279.3,0.13528823294376158,3.941227599640387,4.076515832584149,True,1.5,38481.77857142857,88207.0,2022-03-15 13:30:00+00:00,5.0,1.25,False,0.3131055838577529,9.9292278493657,5.441977599640408,5.441977599640408
714,714,2022-03-16 00:30:00+00:00,1,88251,39215.1,188.12142857142837,2022-03-16 12:30:00+00:00,40396.1,0.10422815810456783,6.173631886699328,6.277860044803895,True,1.5,38932.91785714286,88263.0,2022-03-16 03:30:00+00:00,12.0,3.0,False,1.2381250711926168,9.712248927364557,7.674381886699324,7.674381886699324
715,715,2022-03-16 12:30:00+00:00,1,88299,40396.1,233.82142857142858,2022-03-17 00:30:00+00:00,40915.8,0.08638237360623185,2.1362539483733194,2.222636321979551,True,1.5,40045.36785714285,88314.0,2022-03-16 16:15:00+00:00,15.0,3.75,True,3.093676493050237,2.8172445394837418,3.6370039483733283,-1.5856323736062319
716,716,2022-03-17 10:45:00+00:00,-1,88388,40719.9,177.5999999999996,2022-03-17 22:45:00+00:00,40965.1,0.11463935810810838,-1.4952699887387257,-1.3806306306306173,True,1.5,40986.3,88393.0,2022-03-17 12:00:00+00:00,5.0,1.25,False,1.4847972972972843,2.569256756756779,0.003980011261285832,0.003980011261285832
717,717,2022-03-18 03:00:00+00:00,-1,88453,40491.5,161.96428571428623,2022-03-18 15:00:00+00:00,40589.4,0.1250013230429985,-0.7294555678059603,-0.6044542447629618,True,1.5,40734.44642857143,88461.0,2022-03-18 05:00:00+00:00,8.0,2.0,False,1.0221609702315357,4.014751929437705,0.7697944321940284,0.7697944321940284
718,718,2022-03-18 15:00:00+00:00,1,88501,40589.4,177.59285714285787,2022-03-19 03:00:00+00:00,41687.9,0.11427655552427256,6.071219965410425,6.185496520934697,False,1.5,40323.010714285716,,,,,,,,,
719,719,2022-03-19 20:30:00+00:00,1,88619,42234.9,127.25714285714172,2022-03-20 08:30:00+00:00,41888.4,0.16594314099685825,-2.888776549169312,-2.7228334081724537,True,1.5,42044.014285714286,88625.0,2022-03-19 22:00:00+00:00,6.0,1.5,True,2.137516838796605,0.6183206106870072,-1.3880265491692856,-1.6651931409968581
720,720,2022-03-20 19:15:00+00:00,-1,88710,41268.8,178.43571428571522,2022-03-21 07:15:00+00:00,40932.0,0.1156405268003677,1.7718739842280202,1.887514511028388,True,1.5,41536.453571428574,88713.0,2022-03-20 20:00:00+00:00,3.0,0.75,False,0.7260117689443799,6.200852648012471,3.27112398422801,3.27112398422801
721,721,2022-03-21 09:15:00+00:00,1,88766,41185.4,153.8357142857141,2022-03-21 21:15:00+00:00,41184.2,0.1338616334679855,-0.1416621627896464,-0.0078005293216609276,True,1.5,40954.64642857143,88779.0,2022-03-21 12:30:00+00:00,13.0,3.25,False,1.4752518920927202,3.833658355388394,1.3590878372103434,1.3590878372103434
722,722,2022-03-21 21:45:00+00:00,1,88816,41278.0,135.24285714285776,2022-03-22 09:45:00+00:00,42448.0,0.15260695045949016,8.4984968839125,8.65110383437199,True,1.5,41075.135714285716,88821.0,2022-03-21 23:00:00+00:00,5.0,1.25,True,1.6498890884123847,0.5372874194570681,9.999246883912482,-1.6518569504594902
723,723,2022-03-22 10:45:00+00:00,1,88868,42802.7,162.89999999999938,2022-03-22 22:45:00+00:00,42523.1,0.13137722529159043,-1.847767648864332,-1.7163904235727416,True,1.5,42558.35,88887.0,2022-03-22 15:30:00+00:00,19.0,4.75,True,2.1998158379373844,0.9333947206875598,-0.3470176488643353,-1.6306272252915903
724,724,2022-03-22 23:30:00+00:00,-1,88919,42284.0,176.8499999999996,2022-03-23 11:30:00+00:00,41888.9,0.119547639242296,2.1145490528696604,2.2340966921119563,False,1.5,42549.275,,,,,,,,,
725,725,2022-03-23 11:30:00+00:00,-1,88967,41888.9,147.46428571428675,2022-03-23 23:30:00+00:00,42725.8,0.14203066117703944,-5.817303124243128,-5.675272463066088,True,1.5,42110.09642857143,88971.0,2022-03-23 12:30:00+00:00,4.0,1.0,True,2.203269556793394,1.158222329861927,-4.318053124243145,-1.6427806611770395
726,726,2022-03-23 23:30:00+00:00,1,89015,42725.8,129.77142857142877,2022-03-24 11:30:00+00:00,42902.7,0.16461944077498877,1.1985465653896494,1.3631660061646382,False,1.5,42531.14285714286,,,,,,,,,
727,727,2022-03-24 15:00:00+00:00,1,89077,43613.8,226.9714285714295,2022-03-25 03:00:00+00:00,43913.7,0.09607773162134907,1.2252339501510268,1.3213116817723758,False,1.5,43273.34285714286,,,,,,,,,
728,728,2022-03-25 14:15:00+00:00,1,89170,44851.7,238.57142857142858,2022-03-26 02:15:00+00:00,44341.8,0.09400056886227545,-2.2313059580838077,-2.1373053892215323,True,1.5,44493.84285714285,89174.0,2022-03-25 15:15:00+00:00,4.0,1.0,True,1.5582035928143563,1.0234131736527154,-0.7305559580837991,-1.5932505688622753
729,729,2022-03-27 20:30:00+00:00,-1,89387,46174.9,223.5071428571438,2022-03-28 08:30:00+00:00,46949.2,0.10329625131827,-3.56761506503464,-3.46431881371637,True,1.5,46510.16071428572,89390.0,2022-03-27 21:15:00+00:00,3.0,0.75,True,2.401888721996716,2.4910197820459525,-2.0683650650346386,-1.60404625131827
730,730,2022-03-28 23:45:00+00:00,1,89496,47121.9,212.17142857142866,2022-03-29 11:45:00+00:00,47873.3,0.11104676137893882,3.4304291341233557,3.5414758955022947,False,1.5,46803.642857142855,,,,,,,,,
731,731,2022-03-29 16:15:00+00:00,-1,89562,47361.0,215.4142857142849,2022-03-30 04:15:00+00:00,47315.5,0.1099300351482198,0.10129086809470161,0.21122090324292142,True,1.5,47684.12142857143,89573.0,2022-03-29 19:00:00+00:00,11.0,2.75,False,0.909310962265397,5.334471781948435,1.6005408680947162,1.6005408680947162
732,732,2022-03-30 07:30:00+00:00,-1,89623,47412.3,138.9357142857147,2022-03-30 19:30:00+00:00,46956.7,0.1706267544085132,3.1085876818672884,3.279214436275802,True,1.5,47620.703571428574,89664.0,2022-03-30 17:45:00+00:00,41.0,10.25,False,0.4886895275306883,5.42267749730089,4.607837681867281,4.607837681867281
733,733,2022-03-30 19:30:00+00:00,-1,89671,46956.7,210.23571428571398,2022-03-31 07:30:00+00:00,47109.8,0.11167631570006471,-0.8399065334828544,-0.7282302177827896,True,1.5,47272.053571428565,89676.0,2022-03-30 20:45:00+00:00,5.0,1.25,False,0.6499677233037915,2.1197805184656344,0.659343466517132,0.659343466517132
734,734,2022-03-31 13:45:00+00:00,-1,89744,46905.4,164.24285714285725,2022-04-01 01:45:00+00:00,44926.1,0.14279281551709133,11.908263981908334,12.051056797425426,False,1.5,47151.764285714286,,,,,,,,,
735,735,2022-04-01 01:45:00+00:00,-1,89792,44926.1,224.1642857142859,2022-04-01 13:45:00+00:00,45408.0,0.10020797884204816,-2.249970589172486,-2.149762610330438,True,1.5,45262.34642857143,89818.0,2022-04-01 08:15:00+00:00,26.0,6.5,False,1.416610903992611,2.593840614345339,-0.7507205891724794,-0.7507205891724794
736,736,2022-04-01 13:45:00+00:00,1,89840,45408.0,215.01428571428602,2022-04-02 01:45:00+00:00,46736.0,0.10559298385489321,6.070740814563807,6.176333798418701,False,1.5,45085.47857142857,,,,,,,,,
737,737,2022-04-02 01:45:00+00:00,-1,89888,46736.0,243.22857142857174,2022-04-02 13:45:00+00:00,46726.1,0.09607423939856678,-0.055371784329842424,0.04070245506872436,False,1.5,47100.84285714286,,,,,,,,,
738,738,2022-04-02 13:45:00+00:00,1,89936,46726.1,176.28571428571377,2022-04-03 01:45:00+00:00,45831.7,0.13252945705024352,-5.206111304700186,-5.073581847649942,True,1.5,46461.671428571426,89941.0,2022-04-02 15:00:00+00:00,5.0,1.25,True,1.7838735818476574,0.8034035656402275,-3.705361304700175,-1.6317794570502435
739,739,2022-04-03 05:45:00+00:00,-1,90000,46337.9,118.80000000000031,2022-04-03 17:45:00+00:00,46380.0,0.19502483164983117,-0.5494019360269223,-0.3543771043770912,True,1.5,46516.1,90001.0,2022-04-03 06:00:00+00:00,1.0,0.25,True,1.674242424242432,3.7676767676767455,0.9498480639730493,-1.6957748316498311
740,740,2022-04-03 21:45:00+00:00,1,90064,46963.6,179.12857142857268,2022-04-04 09:45:00+00:00,45890.2,0.13108908206395953,-6.1234329691362595,-5.9923438870723,True,1.5,46694.90714285714,90065.0,2022-04-03 22:00:00+00:00,1.0,0.25,True,1.6457851503309513,4.204202886992566,-4.622682969136266,-1.6303390820639596
741,741,2022-04-04 12:15:00+00:00,1,90122,46182.1,149.15714285714265,2022-04-05 00:15:00+00:00,46558.3,0.15481021932765082,2.3673619863998026,2.5221722057274536,True,1.5,45958.364285714284,90124.0,2022-04-04 12:45:00+00:00,2.0,0.5,True,2.858490566037729,2.6256584618331726,3.8681119863998057,-1.6540602193276508
742,742,2022-04-05 00:15:00+00:00,1,90170,46558.3,197.40714285714265,2022-04-05 12:15:00+00:00,47123.2,0.11792455765821196,2.7436740239533695,2.8615985816115814,False,1.5,46262.18928571429,,,,,,,,,
743,743,2022-04-05 12:30:00+00:00,1,90219,46874.5,148.5071428571412,2022-04-06 00:30:00+00:00,44922.4,0.15781900822471437,-13.302641287095518,-13.144822278870803,True,1.5,46651.73928571429,90221.0,2022-04-05 13:00:00+00:00,2.0,0.5,True,2.1462892597759264,1.3262709826366752,-11.80189128709554,-1.6570690082247144
744,744,2022-04-06 00:45:00+00:00,-1,90268,44980.0,265.1285714285711,2022-04-06 12:45:00+00:00,44744.3,0.08482676868365764,0.8041758715447931,0.8890026402284508,True,1.5,45377.69285714286,90285.0,2022-04-06 05:00:00+00:00,17.0,4.25,False,0.4077536505199717,2.820114230292587,2.303425871544798,2.303425871544798
745,745,2022-04-06 13:15:00+00:00,-1,90318,44882.4,250.19285714285692,2022-04-07 01:15:00+00:00,43176.1,0.08969560624660984,6.730243298027253,6.819938904273863,False,1.5,45257.68928571429,,,,,,,,,
746,746,2022-04-07 03:30:00+00:00,1,90375,43296.6,239.67142857142866,2022-04-07 15:30:00+00:00,43215.6,0.0903249091017464,-0.42828759611372696,-0.33796268701198057,False,1.5,42937.09285714285,,,,,,,,,
747,747,2022-04-07 15:30:00+00:00,1,90423,43215.6,225.67857142857196,2022-04-08 03:30:00+00:00,43556.1,0.09574590916284201,1.4130371261275485,1.5087830352903906,False,1.5,42877.08214285714,,,,,,,,,
748,748,2022-04-08 03:30:00+00:00,1,90471,43556.1,117.95714285714348,2022-04-08 15:30:00+00:00,43638.1,0.18462680150175512,0.51054093496427,0.6951677364660251,True,1.5,43379.16428571429,90501.0,2022-04-08 11:00:00+00:00,30.0,7.5,True,1.518893060433574,1.4160712123046684,2.011290934964239,-1.6838768015017551
749,749,2022-04-08 15:30:00+00:00,1,90519,43638.1,280.9214285714287,2022-04-09 03:30:00+00:00,42317.1,0.07766958224211139,-4.7800520481069935,-4.702382465864882,True,1.5,43216.71785714285,90525.0,2022-04-08 17:00:00+00:00,6.0,1.5,True,1.5606422741488182,0.8396730148236793,-3.279302048106981,-1.5769195822421114
750,750,2022-04-09 04:00:00+00:00,1,90569,42388.4,141.59285714285735,2022-04-09 16:00:00+00:00,42279.0,0.14968410432326065,-0.9223219492508791,-0.7726378449276184,True,1.5,42176.010714285716,90616.0,2022-04-09 15:45:00+00:00,47.0,11.75,False,0.18370075165213273,1.0790748120869769,0.5784280507491171,0.5784280507491171
751,751,2022-04-09 16:45:00+00:00,1,90620,42434.3,113.0928571428589,2022-04-10 04:45:00+00:00,42722.7,0.18760822333101457,2.362508621234043,2.5501168445650575,False,1.5,42264.66071428572,,,,,,,,,
752,752,2022-04-10 05:45:00+00:00,1,90672,42636.3,69.69999999999916,2022-04-10 17:45:00+00:00,43074.1,0.3058558106169334,5.975349354375905,6.281205164992839,True,1.5,42531.75000000001,90685.0,2022-04-10 09:00:00+00:00,13.0,3.25,True,1.604734576757635,1.6477761836440838,7.476099354375861,-1.8051058106169333
753,753,2022-04-10 18:00:00+00:00,-1,90721,43203.8,155.72857142857123,2022-04-11 06:00:00+00:00,42258.5,0.1387150720117422,5.931461975965535,6.0701770479772765,False,1.5,43437.39285714286,,,,,,,,,
754,754,2022-04-11 07:30:00+00:00,1,90775,42249.4,103.28571428571429,2022-04-11 19:30:00+00:00,39951.0,0.2045268326417704,-22.457362240663915,-22.252835408022143,True,1.5,42094.47142857143,90779.0,2022-04-11 08:30:00+00:00,4.0,1.0,True,1.618533886583655,1.2666666666666908,-20.956612240663905,-1.7037768326417704
755,755,2022-04-11 19:30:00+00:00,-1,90823,39951.0,265.726428571429,2022-04-12 07:30:00+00:00,40082.6,0.07517317756984213,-0.5704193625560059,-0.49524618498616374,False,1.5,40349.58964285714,,,,,,,,,
756,756,2022-04-12 07:30:00+00:00,-1,90871,40082.6,160.5,2022-04-12 19:30:00+00:00,39536.2,0.12486791277258567,3.2794934579439343,3.40436137071652,True,1.5,40323.35,90873.0,2022-04-12 08:00:00+00:00,2.0,0.5,True,2.346728971962626,1.9049844236760125,4.778743457943935,-1.6256179127725856
757,757,2022-04-12 20:45:00+00:00,-1,90924,39495.8,212.6285714285706,2022-04-13 08:45:00+00:00,40143.9,0.09287510077936074,-3.1409132625638323,-3.0480381617844716,True,1.5,39814.74285714286,90931.0,2022-04-12 22:30:00+00:00,7.0,1.75,True,2.7995162590701357,1.3175221714593146,-1.6416632625638226,-1.5936251007793607
758,758,2022-04-13 08:45:00+00:00,1,90972,40143.9,131.53571428571482,2022-04-13 20:45:00+00:00,41217.9,0.15259695900081394,8.0124858539234,8.165082812924213,True,1.5,39946.59642857143,90978.0,2022-04-13 10:15:00+00:00,6.0,1.5,True,1.7888406190605222,0.7944881889763605,9.513235853923401,-1.651846959000814
759,759,2022-04-13 22:00:00+00:00,1,91025,41204.9,166.8999999999999,2022-04-14 10:00:00+00:00,41163.3,0.12344188136608757,-0.37269292989813413,-0.24925104853204658,True,1.5,40954.55,91070.0,2022-04-14 09:15:00+00:00,45.0,11.25,False,0.1069502696225634,1.5071899340922457,1.1280570701018582,1.1280570701018582
760,760,2022-04-14 11:45:00+00:00,1,91080,40913.5,130.8999999999999,2022-04-14 23:45:00+00:00,39915.9,0.15627769289534008,-7.777362490450721,-7.621084797555381,True,1.5,40717.15,91087.0,2022-04-14 13:30:00+00:00,7.0,1.75,True,1.6588999236058184,4.360962566844912,-6.276612490450732,-1.6555276928953402
761,761,2022-04-14 23:45:00+00:00,-1,91128,39915.9,96.37857142857163,2022-04-15 11:45:00+00:00,40207.6,0.2070787074779511,-3.233685095975654,-3.026606388497703,True,1.5,40060.46785714286,91130.0,2022-04-15 00:15:00+00:00,2.0,0.5,True,1.9665382049951547,1.561216927295655,-1.7344350959756485,-1.707828707477951
762,762,2022-04-15 11:45:00+00:00,1,91176,40207.6,122.6857142857147,2022-04-15 23:45:00+00:00,40529.5,0.16386422915696267,2.4599131346064316,2.623777363763394,True,1.5,40023.57142857143,91184.0,2022-04-15 13:45:00+00:00,8.0,2.0,False,1.4212855146716454,7.045877969259417,3.9606631346064227,3.9606631346064227
763,763,2022-04-16 06:45:00+00:00,1,91252,40409.1,63.61428571428509,2022-04-16 18:45:00+00:00,40166.8,0.31761026274422055,-4.126503143947872,-3.8088928812036515,True,1.5,40313.67857142857,91263.0,2022-04-16 09:30:00+00:00,11.0,2.75,True,3.6733662699304364,4.013586346283428,-2.6257531439478967,-1.8168602627442205
764,764,2022-04-16 21:45:00+00:00,-1,91312,40465.1,87.47142857142951,2022-04-17 09:45:00+00:00,40406.5,0.23130467091294868,0.4386283684468184,0.6699330393597671,True,1.5,40596.30714285714,91313.0,2022-04-16 22:00:00+00:00,1.0,0.25,False,1.1545810877021372,5.739098481136593,1.9378783684468093,1.9378783684468093
765,765,2022-04-17 09:45:00+00:00,1,91360,40406.5,63.40714285714265,2022-04-17 21:45:00+00:00,40189.0,0.31862735158274297,-3.7488402613495673,-3.430212909766824,True,1.5,40311.389285714286,91375.0,2022-04-17 13:30:00+00:00,15.0,3.75,True,1.7567308775487238,4.143235327250191,-2.2480902613495592,-1.8178773515827429
766,766,2022-04-17 23:15:00+00:00,-1,91414,39628.0,155.45000000000124,2022-04-18 11:15:00+00:00,39019.2,0.12746220649726497,3.7889096172402588,3.916371823737524,True,1.5,39861.175,91429.0,2022-04-18 03:00:00+00:00,15.0,3.75,False,0.05677066580892261,8.977002251527788,5.288159617240265,5.288159617240265
767,767,2022-04-18 11:15:00+00:00,1,91462,39019.2,107.32857142857081,2022-04-18 23:15:00+00:00,40815.2,0.18177452415812695,16.55188712897654,16.733661653134664,False,1.5,38858.20714285714,,,,,,,,,
768,768,2022-04-18 23:15:00+00:00,1,91510,40815.2,164.5714285714291,2022-04-19 11:15:00+00:00,40767.5,0.12400451388888849,-0.4138482638888699,-0.2898437499999814,True,1.5,40568.34285714285,91542.0,2022-04-19 07:15:00+00:00,32.0,8.0,False,0.14973958333332021,1.6859375000000427,1.086901736111138,1.086901736111138
769,769,2022-04-19 12:15:00+00:00,1,91562,40882.1,135.94285714285692,2022-04-20 00:15:00+00:00,41259.8,0.15036501681378756,2.628008249264433,2.7783732660782205,False,1.5,40678.18571428571,,,,,,,,,
770,770,2022-04-20 07:00:00+00:00,-1,91637,41446.6,80.72857142857174,2022-04-20 19:00:00+00:00,41126.9,0.2567034153247203,3.7034806228985517,3.960184038223272,True,1.5,41567.69285714286,91647.0,2022-04-20 09:30:00+00:00,10.0,2.5,True,1.9807998584320998,1.705627322597774,5.202730622898574,-1.7574534153247203
771,771,2022-04-20 19:15:00+00:00,-1,91686,41185.3,176.85000000000113,2022-04-21 07:15:00+00:00,41598.7,0.11644133446423449,-2.4540155499009977,-2.337574215436763,True,1.5,41450.575000000004,91694.0,2022-04-20 21:15:00+00:00,8.0,2.0,True,1.7948826689284343,1.0889171614362632,-0.9547655499009988,-1.6171913344642346
772,772,2022-04-21 07:15:00+00:00,1,91734,41598.7,115.31428571428582,2022-04-21 19:15:00+00:00,41501.9,0.18037097373637248,-1.0198159687809325,-0.83944499504456,True,1.5,41425.72857142857,91777.0,2022-04-21 18:00:00+00:00,43.0,10.75,False,1.0035926660059167,2.0298562933598143,0.4809340312190698,0.4809340312190698
773,773,2022-04-21 19:15:00+00:00,-1,91782,41501.9,213.93571428571417,2022-04-22 07:15:00+00:00,40404.5,0.09699619378317924,5.032582117458524,5.129578311241704,False,1.5,41822.80357142857,,,,,,,,,
774,774,2022-04-22 08:00:00+00:00,1,91833,40618.9,148.6285714285706,2022-04-22 20:00:00+00:00,39470.1,0.1366456651287974,-7.865980536332242,-7.729334871203445,True,1.5,40395.95714285714,91836.0,2022-04-22 08:45:00+00:00,3.0,0.75,True,1.9172433679354242,0.48135332564398153,-6.365230536332229,-1.6358956651287975
775,775,2022-04-22 20:00:00+00:00,-1,91881,39470.1,180.25714285714275,2022-04-23 08:00:00+00:00,39532.3,0.10948276271992399,-0.4545453716912592,-0.3450626089713352,True,1.5,39740.485714285714,91893.0,2022-04-22 23:00:00+00:00,12.0,3.0,False,0.5798066254556974,2.6711047709621205,1.0447046283087509,1.0447046283087509
776,776,2022-04-23 15:30:00+00:00,1,91959,39738.7,99.13571428571491,2022-04-24 03:30:00+00:00,39757.9,0.20042575113480673,-0.006751855320944494,0.19367389581386224,True,1.5,39589.99642857142,91991.0,2022-04-23 23:30:00+00:00,32.0,8.0,True,3.1723827365083195,1.8459903451257724,1.4939981446790713,-1.6996757511348066
777,777,2022-04-24 09:00:00+00:00,1,92029,39714.6,66.65714285714317,2022-04-24 21:00:00+00:00,39493.6,0.2979020574367753,-3.613375696528059,-3.3154736390912833,True,1.5,39614.614285714284,92038.0,2022-04-24 11:15:00+00:00,9.0,2.25,True,1.642948992713234,1.144449207029617,-2.1126256965280623,-1.7971520574367752
778,778,2022-04-24 21:00:00+00:00,1,92077,39493.6,103.39999999999938,2022-04-25 09:00:00+00:00,38371.0,0.1909748549323029,-11.047841392649955,-10.856866537717652,True,1.5,39338.5,92089.0,2022-04-25 00:00:00+00:00,12.0,3.0,True,1.5618955512572628,1.453578336557097,-9.54709139264996,-1.690224854932303
779,779,2022-04-25 09:00:00+00:00,1,92125,38371.0,193.30000000000084,2022-04-25 21:00:00+00:00,40178.2,0.09925245732022721,9.249945680289649,9.349198137609877,False,1.5,38081.049999999996,,,,,,,,,
780,780,2022-04-25 21:30:00+00:00,1,92175,40176.0,225.75714285714224,2022-04-26 09:30:00+00:00,40426.4,0.08898057330886565,1.0201759159653323,1.1091564892741979,False,1.5,39837.364285714284,,,,,,,,,
781,781,2022-04-26 09:30:00+00:00,1,92223,40426.4,117.50714285714275,2022-04-26 21:30:00+00:00,38343.6,0.17201677709561744,-17.89689672360347,-17.72487994650785,True,1.5,40250.139285714286,92229.0,2022-04-26 11:00:00+00:00,6.0,1.5,True,1.515135858002565,3.2207464591818047,-16.396146723603454,-1.6712667770956173
782,782,2022-04-26 21:30:00+00:00,-1,92271,38343.6,281.1214285714294,2022-04-27 09:30:00+00:00,38976.7,0.06819757603475854,-2.3202493076199793,-2.2520517315852207,True,1.5,38765.28214285714,92309.0,2022-04-27 07:00:00+00:00,38.0,9.5,True,1.6022181568717058,0.6644180196661229,-0.8209993076199866,-1.5689475760347584
783,783,2022-04-27 09:30:00+00:00,1,92319,38976.7,202.12142857142732,2022-04-27 21:30:00+00:00,39299.1,0.09641901968406605,1.4986617309255563,1.5950807506096223,True,1.5,38673.517857142855,92326.0,2022-04-27 11:15:00+00:00,7.0,1.75,False,1.343340283422269,3.940612079019012,2.9994117309255617,2.9994117309255617
784,784,2022-04-27 22:45:00+00:00,1,92372,39050.1,166.04285714285652,2022-04-28 10:45:00+00:00,39700.0,0.11759042415899554,3.79645930482666,3.9140497289856553,False,1.5,38801.03571428571,,,,,,,,,
785,785,2022-04-28 10:45:00+00:00,1,92420,39700.0,150.0214285714293,2022-04-28 22:45:00+00:00,39790.1,0.13231443127172243,0.46826643812787444,0.6005808693995969,True,1.5,39474.96785714286,92429.0,2022-04-28 13:00:00+00:00,9.0,2.25,True,1.7328714945484045,0.5141408370232549,1.969016438127852,-1.6315644312717223
786,786,2022-04-28 22:45:00+00:00,-1,92468,39790.1,173.30000000000032,2022-04-29 10:45:00+00:00,38789.5,0.11480121177149431,5.659001442585093,5.7738026543565875,False,1.5,40050.049999999996,,,,,,,,,
787,787,2022-04-29 10:45:00+00:00,-1,92516,38789.5,164.2785714285705,2022-04-29 22:45:00+00:00,38582.1,0.11806013304926369,1.144429540414816,1.2624896734640796,True,1.5,39035.91785714286,92523.0,2022-04-29 12:30:00+00:00,7.0,1.75,True,1.6075264141919343,1.7404452367494299,2.643679540414821,-1.6188101330492637
788,788,2022-04-29 23:45:00+00:00,-1,92568,38572.2,101.34285714285683,2022-04-30 11:45:00+00:00,38564.9,0.19030546941077023,-0.11827276571755117,0.07203270369321906,True,1.5,38724.21428571428,92570.0,2022-04-30 00:15:00+00:00,2.0,0.5,False,0.576120665351019,2.49266986185508,1.3809772342824513,1.3809772342824513
789,789,2022-04-30 16:00:00+00:00,-1,92633,38478.9,149.28571428571584,2022-05-01 04:00:00+00:00,37982.0,0.12887669856459197,3.1996400478468665,3.3285167464114584,False,1.5,38702.828571428574,,,,,,,,,
790,790,2022-05-01 04:15:00+00:00,1,92682,37965.5,156.0857142857141,2022-05-01 16:15:00+00:00,38543.6,0.12161747208493516,3.582116739886504,3.7037342119714394,False,1.5,37731.37142857143,,,,,,,,,
791,791,2022-05-01 16:15:00+00:00,-1,92730,38543.6,148.97857142857123,2022-05-02 04:15:00+00:00,38618.0,0.1293595435585177,-0.6287602243851091,-0.49940068082659145,True,1.5,38767.06785714286,92762.0,2022-05-02 00:15:00+00:00,32.0,8.0,False,0.2814642566044921,2.8666394975308145,0.8704897756149083,0.8704897756149083
792,792,2022-05-02 04:15:00+00:00,1,92778,38618.0,102.8785714285706,2022-05-02 16:15:00+00:00,38786.1,0.18768728737068818,1.4462778587794185,1.6339651461501068,True,1.5,38463.68214285714,92808.0,2022-05-02 11:45:00+00:00,30.0,7.5,True,2.3880788724571382,7.37099909741033,2.947027858779439,-1.6869372873706883
793,793,2022-05-02 16:30:00+00:00,1,92827,38713.9,283.2571428571438,2022-05-03 04:30:00+00:00,38489.9,0.06833702340125054,-0.8591379110348975,-0.7908008876336469,True,1.5,38289.014285714286,92832.0,2022-05-02 17:45:00+00:00,5.0,1.25,False,0.9066471656243762,2.197952390558794,0.6416120889651036,0.6416120889651036
794,794,2022-05-03 13:30:00+00:00,-1,92911,38294.9,123.16428571428592,2022-05-04 01:30:00+00:00,37884.2,0.155462680508032,3.179107869860263,3.334570550368295,False,1.5,38479.64642857143,,,,,,,,,
795,795,2022-05-04 01:30:00+00:00,-1,92959,37884.2,94.04999999999875,2022-05-04 13:30:00+00:00,38924.4,0.20140457203615367,-11.261479000531828,-11.060074428495675,True,1.5,38025.274999999994,92962.0,2022-05-04 02:15:00+00:00,3.0,0.75,True,3.5590111642744313,1.2054758107389074,-9.762229000531839,-1.7021545720361537
796,796,2022-05-04 13:30:00+00:00,1,93007,38924.4,134.05714285714308,2022-05-05 01:30:00+00:00,39678.7,0.14517838874680286,5.481526641091177,5.62670502983798,True,1.5,38723.31428571429,93008.0,2022-05-04 13:45:00+00:00,1.0,0.25,False,0.9198635976129769,10.058290707587325,6.982276641091166,6.982276641091166
797,797,2022-05-05 02:15:00+00:00,-1,93058,39706.1,73.06428571428478,2022-05-05 14:15:00+00:00,38650.5,0.2717203050151565,14.17583077524701,14.447551080262166,True,1.5,39815.69642857143,93070.0,2022-05-05 05:15:00+00:00,12.0,3.0,False,0.401065597810167,19.37603871346196,15.675080775247034,15.675080775247034
798,798,2022-05-05 14:15:00+00:00,-1,93106,38650.5,154.27142857142826,2022-05-06 02:15:00+00:00,36524.6,0.1252678488748961,13.654989582368774,13.78025743124367,False,1.5,38881.90714285714,,,,,,,,,
799,799,2022-05-06 02:45:00+00:00,1,93156,36415.9,123.39285714285818,2022-05-06 14:45:00+00:00,36125.8,0.1475608104196804,-2.498588306801704,-2.3510274963820237,True,1.5,36230.81071428571,93175.0,2022-05-06 07:30:00+00:00,19.0,4.75,True,3.4913748191026985,1.0858755426917874,-0.9978383068016827,-1.6468108104196804
800,800,2022-05-06 14:45:00+00:00,1,93204,36125.8,362.83571428571406,2022-05-07 02:45:00+00:00,35941.1,0.04978258558576298,-0.5588283953776921,-0.5090458097919291,False,1.5,35581.54642857143,,,,,,,,,
801,801,2022-05-07 03:30:00+00:00,1,93255,35839.9,83.40714285714265,2022-05-07 15:30:00+00:00,35937.9,0.21484910507835972,0.9601102166652417,1.1749593217436014,True,1.5,35714.78928571429,93260.0,2022-05-07 04:45:00+00:00,5.0,1.25,False,0.14254517427421215,5.0740344266506785,2.460860216665248,2.460860216665248
802,802,2022-05-07 19:45:00+00:00,-1,93320,35858.4,55.38571428571491,2022-05-08 07:45:00+00:00,34593.0,0.32371524374516014,22.523331441836245,22.847046685581404,False,1.5,35941.478571428575,,,,,,,,,
803,803,2022-05-08 09:30:00+00:00,1,93375,34610.9,145.54999999999927,2022-05-08 21:30:00+00:00,34432.6,0.11889694263139874,-1.343905530745475,-1.2250085881140762,True,1.5,34392.575000000004,93392.0,2022-05-08 13:45:00+00:00,17.0,4.25,True,4.998797664033034,1.5501545860528605,0.1568444692545125,-1.6181469426313988
804,804,2022-05-08 22:00:00+00:00,-1,93425,34165.7,173.17857142857142,2022-05-09 10:00:00+00:00,33350.4,0.09864297793359457,4.609214312229301,4.707857290162895,False,1.5,34425.46785714285,,,,,,,,,
805,805,2022-05-09 10:00:00+00:00,1,93473,33350.4,203.38571428571439,2022-05-09 22:00:00+00:00,30952.5,0.0819880592821521,-11.871901664676548,-11.789913605394396,True,1.5,33045.32142857143,93475.0,2022-05-09 10:30:00+00:00,2.0,0.5,True,2.091206012502628,1.4822996417784833,-10.371151664676537,-1.581238059282152
806,806,2022-05-09 22:00:00+00:00,-1,93521,30952.5,567.807142857143,2022-05-10 10:00:00+00:00,31367.2,0.02725617349955341,-0.7576097895412185,-0.730353616041665,True,1.5,31804.210714285713,93552.0,2022-05-10 05:45:00+00:00,31.0,7.75,False,1.4895714088032925,0.9174078220723825,0.7416402104587788,0.7416402104587788
807,807,2022-05-10 10:00:00+00:00,1,93569,31367.2,308.92857142857196,2022-05-10 22:00:00+00:00,30628.7,0.05076772254335252,-2.4412879537572216,-2.390520231213869,True,1.5,30903.807142857142,93588.0,2022-05-10 14:45:00+00:00,19.0,4.75,True,1.670635838150281,2.8621271676300557,-0.9405379537572187,-1.5500177225433525
808,808,2022-05-10 22:00:00+00:00,-1,93617,30628.7,295.37142857142834,2022-05-11 10:00:00+00:00,32036.9,0.05184777036177215,-4.819404357709428,-4.767556587347656,True,1.5,31071.757142857143,93621.0,2022-05-10 23:00:00+00:00,4.0,1.0,True,1.5886535113174711,1.5558618688334285,-3.3201543577094292,-1.5525977703617722
809,809,2022-05-11 10:00:00+00:00,1,93665,32036.9,437.22857142857146,2022-05-11 22:00:00+00:00,29114.4,0.036636329477880154,-6.720783228778671,-6.68414689930079,True,1.5,31381.057142857146,93674.0,2022-05-11 12:15:00+00:00,9.0,2.25,True,3.158661700320205,0.833071946677114,-5.220033228778673,-1.5358863294778802
810,810,2022-05-11 22:00:00+00:00,1,93713,29114.4,643.0214285714285,2022-05-12 10:00:00+00:00,27807.9,0.022638747875542924,-2.0544528398298216,-2.0318140919542786,True,1.5,28149.867857142857,93737.0,2022-05-12 04:00:00+00:00,24.0,6.0,True,1.7753185297090759,0.4773280161736433,-0.5537028398298193,-1.521888747875543
811,811,2022-05-12 10:00:00+00:00,1,93761,27807.9,602.0642857142858,2022-05-12 22:00:00+00:00,28553.6,0.02309379634353237,1.2154782593220892,1.2385720556656217,False,1.5,26904.803571428572,,,,,,,,,
812,812,2022-05-13 02:00:00+00:00,1,93825,29591.3,294.07142857142884,2022-05-13 14:00:00+00:00,30710.9,0.05031311634685446,3.7569251639543397,3.807238280301194,False,1.5,29150.192857142854,,,,,,,,,
813,813,2022-05-13 14:00:00+00:00,1,93873,30710.9,247.98571428571398,2022-05-14 02:00:00+00:00,29648.8,0.061920703957601325,-4.344828705570611,-4.28290800161301,True,1.5,30338.92142857143,93879.0,2022-05-13 15:30:00+00:00,6.0,1.5,True,2.514747393283034,1.0326343683391868,-2.8440787055706083,-1.5611707039576013
814,814,2022-05-14 02:00:00+00:00,-1,93921,29648.8,201.5857142857151,2022-05-14 14:00:00+00:00,28765.2,0.07353894125150562,4.309708170930455,4.3832471121819605,False,1.5,29951.178571428572,,,,,,,,,
815,815,2022-05-14 14:00:00+00:00,1,93969,28765.2,212.0,2022-05-15 02:00:00+00:00,29856.1,0.06784245283018868,5.077912264150933,5.145754716981122,False,1.5,28447.2,,,,,,,,,
816,816,2022-05-15 02:30:00+00:00,1,94019,29765.0,169.23571428571475,2022-05-15 14:30:00+00:00,29948.7,0.08793947579453823,0.9975288059764504,1.0854682817709886,True,1.5,29511.14642857143,94027.0,2022-05-15 04:30:00+00:00,8.0,2.0,False,0.3731270839488428,6.16804541425736,2.498278805976448,2.498278805976448
817,817,2022-05-15 14:30:00+00:00,1,94067,29948.7,221.04285714285783,2022-05-16 02:30:00+00:00,30450.1,0.06774410263038821,2.200594293285061,2.268338395915449,False,1.5,29617.135714285712,,,,,,,,,
818,818,2022-05-16 02:45:00+00:00,1,94116,30489.7,166.0928571428576,2022-05-16 14:45:00+00:00,29469.6,0.09178510299746244,-6.233530254160749,-6.141745151163287,True,1.5,30240.560714285715,94118.0,2022-05-16 03:15:00+00:00,2.0,0.5,True,2.4833139809917073,1.3290113103685408,-4.732780254160755,-1.5910351029974625
819,819,2022-05-16 14:45:00+00:00,-1,94164,29469.6,288.3142857142856,2022-05-17 02:45:00+00:00,30049.4,0.05110672876820932,-2.062106629670014,-2.0109999009018047,True,1.5,29902.071428571428,94177.0,2022-05-16 18:00:00+00:00,13.0,3.25,False,1.2310474680408328,1.3075017342186128,-0.5628566296700119,-0.5628566296700119
820,820,2022-05-17 06:30:00+00:00,1,94227,30421.9,136.26428571428576,2022-05-17 18:30:00+00:00,29766.8,0.11162829585364571,-4.919197620170901,-4.807569324317255,True,1.5,30217.503571428573,94259.0,2022-05-17 14:30:00+00:00,32.0,8.0,True,2.124574094459309,0.8769460607013548,-3.4184476201709035,-1.6108782958536456
821,821,2022-05-17 18:30:00+00:00,-1,94275,29766.8,211.38571428571413,2022-05-18 06:30:00+00:00,29948.6,0.07040873149962835,-0.9304479286341798,-0.8600391971345515,True,1.5,30083.87857142857,94277.0,2022-05-17 19:00:00+00:00,2.0,0.5,True,1.9552949922281682,1.4574238021220474,0.5688020713658158,-1.5711587314996283
822,822,2022-05-18 06:30:00+00:00,-1,94323,29948.6,136.8499999999996,2022-05-18 18:30:00+00:00,29147.5,0.10942126415783737,5.744433321154555,5.8538545853123924,False,1.5,30153.874999999996,,,,,,,,,
823,823,2022-05-18 18:30:00+00:00,-1,94371,29147.5,208.99999999999974,2022-05-19 06:30:00+00:00,29139.9,0.06973086124401923,-0.03336722488038978,0.036363636363629444,True,1.5,29461.0,94373.0,2022-05-18 19:00:00+00:00,2.0,0.5,False,0.3511961722488112,3.9779904306220213,1.465882775119612,1.465882775119612
824,824,2022-05-19 10:45:00+00:00,1,94436,29189.9,138.32142857142858,2022-05-19 22:45:00+00:00,30182.0,0.10551474309320939,7.066909734056276,7.172424477149486,False,1.5,28982.41785714286,,,,,,,,,
825,825,2022-05-20 01:30:00+00:00,-1,94495,30650.0,145.9071428571429,2022-05-20 13:30:00+00:00,30391.1,0.10503255495177949,1.6693836588828606,1.77441621383464,False,1.5,30868.860714285714,,,,,,,,,
826,826,2022-05-20 14:45:00+00:00,-1,94548,29485.7,212.50714285714326,2022-05-21 02:45:00+00:00,29210.7,0.0693757856878759,1.2246983630802304,1.2940741487681062,False,1.5,29804.460714285717,,,,,,,,,
827,827,2022-05-21 02:45:00+00:00,1,94596,29210.7,124.95000000000073,2022-05-21 14:45:00+00:00,29388.8,0.11688955582232827,1.3084805922368756,1.4253701480592038,False,1.5,29023.275,,,,,,,,,
828,828,2022-05-21 16:30:00+00:00,1,94651,29513.7,119.87857142857163,2022-05-22 04:30:00+00:00,29308.6,0.12309831376988599,-1.8339962462015285,-1.7108979324316425,True,1.5,29333.882142857143,94667.0,2022-05-21 20:30:00+00:00,16.0,4.0,False,0.919948757671463,1.6985342310671492,-0.33324624620152415,-0.33324624620152415
829,829,2022-05-22 09:15:00+00:00,1,94718,29586.1,54.06428571428556,2022-05-22 21:15:00+00:00,29991.4,0.2736196327123802,7.223011362135098,7.496630994847479,False,1.5,29505.00357142857,,,,,,,,,
830,830,2022-05-23 01:00:00+00:00,1,94781,30223.2,154.72857142857174,2022-05-23 13:00:00+00:00,30451.0,0.09766522020127393,1.3745903425353077,1.4722555627365816,False,1.5,29991.107142857145,,,,,,,,,
831,831,2022-05-23 17:30:00+00:00,-1,94847,30107.0,152.91428571428514,2022-05-24 05:30:00+00:00,29341.2,0.0984440396113606,4.909590340059805,5.008034379671165,False,1.5,30336.371428571427,,,,,,,,,
832,832,2022-05-24 06:30:00+00:00,1,94899,29266.9,76.12142857142862,2022-05-24 18:30:00+00:00,29264.0,0.19223824716149,-0.23033527259080439,-0.03809702542931439,True,1.5,29152.71785714286,94908.0,2022-05-24 08:45:00+00:00,9.0,2.25,True,3.506474617622257,3.5112602045603505,1.2704147274091837,-1.69148824716149
833,833,2022-05-24 18:45:00+00:00,1,94948,29163.1,183.21428571428623,2022-05-25 06:45:00+00:00,29799.7,0.07958740740740718,3.395032475633531,3.474619883040938,False,1.5,28888.27857142857,,,,,,,,,
834,834,2022-05-25 06:45:00+00:00,1,94996,29799.7,114.9571428571427,2022-05-25 18:45:00+00:00,29864.6,0.12961221573257134,0.4349460047222383,0.5645582204548096,True,1.5,29627.264285714286,95001.0,2022-05-25 08:00:00+00:00,5.0,1.25,True,2.5136696905679217,2.8004846526656015,1.9356960047222487,-1.6288622157325714
835,835,2022-05-25 21:15:00+00:00,-1,95054,29823.0,159.73571428571424,2022-05-26 09:15:00+00:00,29096.7,0.093351070965434,4.453534409515715,4.546885480481149,False,1.5,30062.60357142857,,,,,,,,,
836,836,2022-05-26 09:15:00+00:00,-1,95102,29096.7,169.05000000000032,2022-05-26 21:15:00+00:00,29554.0,0.08605944986690313,-2.7911762792073254,-2.7051168293404224,True,1.5,29350.275,95123.0,2022-05-26 14:30:00+00:00,21.0,5.25,True,2.589322685595964,1.7632357290742393,-1.291926279207324,-1.5868094498669032
837,837,2022-05-26 21:15:00+00:00,1,95150,29554.0,138.47857142857174,2022-05-27 09:15:00+00:00,28997.6,0.10670965079692554,-4.12465982359313,-4.017950172796205,True,1.5,29346.28214285714,95158.0,2022-05-26 23:15:00+00:00,8.0,2.0,True,1.5293495641408992,0.8457471501521889,-2.6239098235931175,-1.6059596507969256
838,838,2022-05-27 09:15:00+00:00,-1,95198,28997.6,187.4071428571429,2022-05-27 21:15:00+00:00,28780.3,0.07736524755116818,1.0821423181003884,1.1595075656515565,True,1.5,29278.710714285713,95211.0,2022-05-27 12:30:00+00:00,13.0,3.25,False,0.4860502344018017,5.437950222967565,2.581392318100389,2.581392318100389
839,839,2022-05-27 22:00:00+00:00,1,95249,28844.9,159.82857142857185,2022-05-28 10:00:00+00:00,28775.3,0.09023699499463689,-0.5257035663210705,-0.4354665713264337,True,1.5,28605.157142857144,95255.0,2022-05-27 23:30:00+00:00,6.0,1.5,False,0.5803539506614208,2.0793707543796787,0.9750464336789262,0.9750464336789262
840,840,2022-05-28 10:00:00+00:00,1,95297,28775.3,63.08571428571486,2022-05-28 22:00:00+00:00,28995.4,0.22806510416666462,3.2608388813405846,3.4889039855072492,False,1.5,28680.671428571426,,,,,,,,,
841,841,2022-05-28 22:45:00+00:00,1,95348,28981.4,49.87142857142914,2022-05-29 10:45:00+00:00,29144.1,0.2905611572615263,2.971827843024829,3.262389000286355,True,1.5,28906.59285714286,95359.0,2022-05-29 01:30:00+00:00,11.0,2.75,True,1.6360641649957304,1.5160412489257606,4.472577843024794,-1.7898111572615263
842,842,2022-05-29 12:30:00+00:00,1,95403,29335.2,101.5714285714291,2022-05-30 00:30:00+00:00,29318.0,0.14440675105485157,-0.3137457102672348,-0.16933895921238323,True,1.5,29182.842857142856,95413.0,2022-05-29 15:00:00+00:00,10.0,2.5,False,1.1316455696202197,4.0597749648382555,1.187004289732778,1.187004289732778
843,843,2022-05-30 00:30:00+00:00,1,95451,29318.0,91.22142857142899,2022-05-30 12:30:00+00:00,30424.7,0.16069689139456508,11.971320961553474,12.132017852948039,False,1.5,29181.167857142857,,,,,,,,,
844,844,2022-05-30 12:30:00+00:00,1,95499,30424.7,133.52857142857152,2022-05-31 00:30:00+00:00,31584.5,0.11392580507114575,8.571855729110933,8.685781534182079,False,1.5,30224.407142857144,,,,,,,,,
845,845,2022-05-31 01:15:00+00:00,1,95550,31563.3,149.992857142857,2022-05-31 13:15:00+00:00,31835.3,0.10521601028620421,1.7082036763655428,1.8134196866517471,False,1.5,31338.310714285715,,,,,,,,,
846,846,2022-05-31 16:00:00+00:00,1,95609,31825.7,245.87142857142862,2022-06-01 04:00:00+00:00,31473.2,0.06472020800650745,-1.498396345360525,-1.4336761373540174,True,1.5,31456.89285714286,95657.0,2022-06-01 04:00:00+00:00,48.0,12.0,False,0.4022137005403584,0.8504735343675491,0.0023536546394713753,0.0023536546394713753
847,847,2022-06-01 15:00:00+00:00,-1,95701,31181.0,205.07857142857185,2022-06-02 03:00:00+00:00,29761.3,0.07602208212880066,6.846690467068361,6.922712549197161,False,1.5,31488.617857142857,,,,,,,,,
848,848,2022-06-02 03:00:00+00:00,-1,95749,29761.3,120.9357142857147,2022-06-02 15:00:00+00:00,30186.6,0.1230459512137495,-3.639790384501783,-3.5167444332880335,True,1.5,29942.70357142857,95764.0,2022-06-02 06:45:00+00:00,15.0,3.75,True,2.034935916366425,0.806242986238243,-2.1405403845017914,-1.6237959512137494
849,849,2022-06-02 15:00:00+00:00,1,95797,30186.6,249.01428571428525,2022-06-03 03:00:00+00:00,30503.3,0.060612185187310076,1.2112023980265096,1.2718145832138197,False,1.5,29813.07857142857,,,,,,,,,
850,850,2022-06-03 07:00:00+00:00,1,95861,30405.7,80.07142857142831,2022-06-03 19:00:00+00:00,29532.3,0.18986610169491588,-11.097627029438057,-10.90776092774314,True,1.5,30285.59285714286,95870.0,2022-06-03 09:15:00+00:00,9.0,2.25,True,1.607225691347027,0.9192685102586811,-9.59687702943807,-1.6891161016949159
851,851,2022-06-03 19:00:00+00:00,-1,95909,29532.3,99.00714285714328,2022-06-04 07:00:00+00:00,29637.6,0.14914226967751182,-1.2127018974099868,-1.063559627732475,True,1.5,29680.810714285715,95916.0,2022-06-03 20:45:00+00:00,7.0,1.75,True,1.6987591082894284,0.5657239737392828,0.2865481025900236,-1.6498922696775118
852,852,2022-06-04 11:45:00+00:00,1,95976,29669.7,50.46428571428597,2022-06-04 23:45:00+00:00,29848.4,0.29396730360934037,3.2471508846426023,3.5411181882519425,True,1.5,29594.003571428573,95977.0,2022-06-04 12:00:00+00:00,1.0,0.25,True,1.5100495399858875,1.904246284500988,4.747900884642574,-1.7932173036093404
853,853,2022-06-04 23:45:00+00:00,1,96024,29848.4,71.65000000000042,2022-06-05 11:45:00+00:00,29700.7,0.20829309141660732,-2.269702721563151,-2.0614096301465437,True,1.5,29740.925,96028.0,2022-06-05 00:45:00+00:00,4.0,1.0,True,1.543963712491268,0.9919748778785807,-0.7689527215631294,-1.7075430914166074
854,854,2022-06-05 15:00:00+00:00,1,96085,29789.5,69.88571428571439,2022-06-06 03:00:00+00:00,31095.0,0.2131301103843006,18.467368663123437,18.68049877350774,False,1.5,29684.67142857143,,,,,,,,,
855,855,2022-06-06 03:00:00+00:00,1,96133,31095.0,182.14285714285714,2022-06-06 15:00:00+00:00,31356.4,0.08535882352941178,1.349778431372557,1.4351372549019688,False,1.5,30821.785714285714,,,,,,,,,
856,856,2022-06-06 15:00:00+00:00,1,96181,31356.4,152.35714285714363,2022-06-07 03:00:00+00:00,29426.3,0.10290426629160755,-12.771164932020579,-12.66826066572897,True,1.5,31127.864285714288,96190.0,2022-06-06 17:15:00+00:00,9.0,2.25,True,3.320253164556958,3.072620721987782,-11.27041493202059,-1.6021542662916075
857,857,2022-06-07 03:00:00+00:00,-1,96229,29426.3,287.6357142857144,2022-06-07 15:00:00+00:00,29932.8,0.051152027614293855,-1.8120599220243852,-1.7609078944100913,True,1.5,29857.75357142857,96275.0,2022-06-07 14:30:00+00:00,46.0,11.5,False,0.6683677270356913,0.7386202786262343,-0.31280992202438984,-0.31280992202438984
858,858,2022-06-07 15:00:00+00:00,1,96277,29932.8,137.99285714285725,2022-06-08 03:00:00+00:00,30898.9,0.10845778767016918,6.892629225115182,7.0010870127853515,False,1.5,29725.81071428571,,,,,,,,,
859,859,2022-06-08 03:45:00+00:00,-1,96328,30006.0,247.27142857142877,2022-06-08 15:45:00+00:00,30458.0,0.06067421572592288,-1.8886249927783219,-1.827950777052399,True,1.5,30376.907142857144,96330.0,2022-06-08 04:15:00+00:00,2.0,0.5,True,2.0669304985845445,1.396470044485538,-0.38937499277831766,-1.5614242157259228
860,860,2022-06-08 15:45:00+00:00,-1,96376,30458.0,212.97857142857174,2022-06-09 03:45:00+00:00,30283.0,0.0715048462286614,0.7501740617768377,0.821678908005499,False,1.5,30777.46785714286,,,,,,,,,
861,861,2022-06-09 10:30:00+00:00,1,96451,30535.5,113.70714285714323,2022-06-09 22:30:00+00:00,30040.0,0.13427256737232193,-4.49195835165524,-4.357685784282919,True,1.5,30364.939285714285,96452.0,2022-06-09 10:45:00+00:00,1.0,0.25,True,3.1980337960927074,1.59058357937056,-2.9912083516552372,-1.633522567372322
862,862,2022-06-10 00:45:00+00:00,-1,96508,29737.9,132.742857142858,2022-06-10 12:45:00+00:00,29631.7,0.11201318338355502,0.6880298643994843,0.8000430477830394,True,1.5,29937.01428571429,96510.0,2022-06-10 01:15:00+00:00,2.0,0.5,True,3.292724924666321,1.393779595350856,2.187279864399489,-1.612763183383555
863,863,2022-06-10 12:45:00+00:00,-1,96556,29631.7,137.12857142857112,2022-06-11 00:45:00+00:00,29220.1,0.10804349411397046,2.893519168663425,3.0015626627773955,False,1.5,29837.39285714286,,,,,,,,,
864,864,2022-06-11 05:00:00+00:00,-1,96621,29354.6,57.0357142857148,2022-06-11 17:00:00+00:00,28473.7,0.2573352536004986,15.187373575453801,15.4447088290543,False,1.5,29440.15357142857,,,,,,,,,
865,865,2022-06-11 18:30:00+00:00,-1,96675,28590.1,190.64285714285714,2022-06-12 06:30:00+00:00,27491.7,0.07498340202322967,5.68657523417009,5.761558636193319,False,1.5,28876.064285714285,,,,,,,,,
866,866,2022-06-12 07:00:00+00:00,1,96725,27453.9,136.85714285714337,2022-06-12 19:00:00+00:00,27834.4,0.10030130480166977,2.6799700939457103,2.78027139874738,True,1.5,27248.614285714288,96752.0,2022-06-12 13:45:00+00:00,27.0,6.75,True,2.912630480167018,2.4944676409185567,4.1807200939457,-1.5995513048016698
867,867,2022-06-12 19:00:00+00:00,1,96773,27834.4,141.37857142857163,2022-06-13 07:00:00+00:00,25352.2,0.09843924619815073,-17.655555398373142,-17.55711615217499,True,1.5,27622.332142857143,96774.0,2022-06-12 19:15:00+00:00,1.0,0.25,True,1.5443085939473573,1.5007073207699626,-16.15480539837314,-1.5976892461981507
868,868,2022-06-13 07:15:00+00:00,1,96822,25162.3,366.3285714285718,2022-06-13 19:15:00+00:00,23147.1,0.03434389502008341,-5.535416312443938,-5.501072417423854,True,1.5,24612.807142857142,96824.0,2022-06-13 07:45:00+00:00,2.0,0.5,True,1.672834691728733,1.3539562453691054,-4.03466631244394,-1.5335938950200834
869,869,2022-06-13 20:00:00+00:00,-1,96873,23389.6,275.7642857142858,2022-06-14 08:00:00+00:00,22701.2,0.042408682363301975,2.4539261791902938,2.4963348615535956,False,1.5,23803.246428571427,,,,,,,,,
870,870,2022-06-14 08:00:00+00:00,-1,96921,22701.2,424.27142857142877,2022-06-14 20:00:00+00:00,22169.0,0.026753156671941804,1.2276325128792225,1.2543856695511644,False,1.5,23337.607142857145,,,,,,,,,
871,871,2022-06-14 23:00:00+00:00,-1,96981,21697.2,210.25000000000026,2022-06-15 11:00:00+00:00,20610.7,0.05159857312722943,5.1160589774078415,5.167657550535071,True,1.5,22012.575,96982.0,2022-06-14 23:15:00+00:00,1.0,0.25,True,1.6048751486325747,1.6517241379310394,6.61530897740784,-1.5523485731272295
872,872,2022-06-15 11:45:00+00:00,1,97032,21163.8,269.4071428571427,2022-06-15 23:45:00+00:00,22567.5,0.03927846859506326,5.1710510910199705,5.210329559615034,True,1.5,20759.689285714285,97051.0,2022-06-15 16:30:00+00:00,19.0,4.75,True,2.152093220563664,3.0608346369011348,6.671801091019972,-1.5385284685950633
873,873,2022-06-16 00:30:00+00:00,1,97083,22555.0,252.36428571428561,2022-06-16 12:30:00+00:00,21267.9,0.04468738501599164,-5.1448543771758475,-5.100166992159856,True,1.5,22176.45357142857,97095.0,2022-06-16 03:30:00+00:00,12.0,3.0,True,1.8087090656930136,0.7598001754832944,-3.6441043771758426,-1.5439373850159916
874,874,2022-06-16 12:30:00+00:00,-1,97131,21267.9,247.8357142857141,2022-06-17 00:30:00+00:00,20265.2,0.04290725422947232,4.002918033259365,4.045825287488838,False,1.5,21639.65357142857,,,,,,,,,
875,875,2022-06-17 00:30:00+00:00,-1,97179,20265.2,191.51428571428525,2022-06-17 12:30:00+00:00,20770.0,0.05290780247650319,-2.6887425033567087,-2.6358347008802054,True,1.5,20552.47142857143,97183.0,2022-06-17 01:30:00+00:00,4.0,1.0,True,1.9305534835148503,0.8744591973743143,-1.1894925033567065,-1.553657802476503
876,876,2022-06-17 13:15:00+00:00,-1,97230,20613.9,151.66428571428565,2022-06-18 01:15:00+00:00,20489.8,0.06795897894786421,0.7502956247350969,0.8182546036829611,True,1.5,20841.39642857143,97231.0,2022-06-17 13:30:00+00:00,1.0,0.25,False,0.4681627655065347,3.2400273159704227,2.249545624735086,2.249545624735086
877,877,2022-06-18 01:15:00+00:00,-1,97278,20489.8,115.25714285714301,2022-06-18 13:15:00+00:00,19168.4,0.08888733267228545,11.375911874070367,11.464799206742653,False,1.5,20662.685714285715,,,,,,,,,
878,878,2022-06-18 13:15:00+00:00,1,97326,19168.4,149.27142857142852,2022-06-19 01:15:00+00:00,18843.5,0.0642065269403771,-2.240778447698355,-2.176571920757978,True,1.5,18944.492857142857,97333.0,2022-06-18 15:00:00+00:00,7.0,1.75,True,3.5069863144798568,1.186477174849258,-0.7400284476983453,-1.563456526940377
879,879,2022-06-19 01:15:00+00:00,1,97374,18843.5,273.4857142857148,2022-06-19 13:15:00+00:00,19512.2,0.03445061115754277,2.410649681362305,2.445100292519848,True,1.5,18433.27142857143,97376.0,2022-06-19 01:45:00+00:00,2.0,0.5,True,1.8186376932720336,1.1581174258253228,3.9113996813623033,-1.5337006111575429
880,880,2022-06-19 13:15:00+00:00,1,97422,19512.2,316.7214285714287,2022-06-20 01:15:00+00:00,19833.6,0.030803409936627488,0.9839684716176829,1.0147718815543103,False,1.5,19037.117857142857,,,,,,,,,
881,881,2022-06-20 01:15:00+00:00,1,97470,19833.6,216.13571428571464,2022-06-20 13:15:00+00:00,20607.5,0.045882282957136644,3.534738358835389,3.5806206417925255,False,1.5,19509.39642857143,,,,,,,,,
882,882,2022-06-20 18:15:00+00:00,-1,97538,20018.5,233.8285714285716,2022-06-21 06:15:00+00:00,21075.2,0.04280593230694034,-4.561928610703813,-4.519122678396872,True,1.5,20369.242857142857,97547.0,2022-06-20 20:30:00+00:00,9.0,2.25,True,1.756659335288366,0.7169477028348058,-3.062678610703813,-1.5435559323069403
883,883,2022-06-21 15:45:00+00:00,1,97624,21382.8,195.492857142857,2022-06-22 03:45:00+00:00,20309.0,0.05468946618436922,-5.5474732726807705,-5.492783806496401,True,1.5,21089.560714285715,97636.0,2022-06-21 18:45:00+00:00,12.0,3.0,True,2.051536409806722,1.0692937264788516,-4.0467232726807785,-1.5539394661843693
884,884,2022-06-22 05:00:00+00:00,-1,97677,20448.6,126.96428571428571,2022-06-22 17:00:00+00:00,20253.9,0.08052894514767933,1.452973164556939,1.5335021097046184,True,1.5,20639.046428571426,97702.0,2022-06-22 11:15:00+00:00,25.0,6.25,True,1.8978059071730156,4.245654008438799,2.952223164556931,-1.5812789451476794
885,885,2022-06-22 17:00:00+00:00,-1,97725,20253.9,216.6857142857139,2022-06-23 05:00:00+00:00,20308.7,0.0467356606012659,-0.2996365044831195,-0.25290084388185363,True,1.5,20578.928571428572,97759.0,2022-06-23 01:30:00+00:00,34.0,8.5,False,0.09724419831223166,1.9702663502109787,1.1996134955168811,1.1996134955168811
886,886,2022-06-23 10:00:00+00:00,1,97793,20785.0,129.64285714285714,2022-06-23 22:00:00+00:00,20782.0,0.08016253443526171,-0.10330303030303031,-0.023140495867768597,True,1.5,20590.535714285714,97799.0,2022-06-23 11:30:00+00:00,6.0,1.5,True,1.712672176308536,2.0399449035812713,1.3974469696969738,-1.5794125344352616
887,887,2022-06-23 22:00:00+00:00,1,97841,20782.0,160.62857142857138,2022-06-24 10:00:00+00:00,20823.1,0.06468961223763788,0.19118018498753991,0.2558697972251778,False,1.5,20541.057142857142,,,,,,,,,
888,888,2022-06-24 15:45:00+00:00,-1,97912,20875.4,149.95714285714297,2022-06-25 03:45:00+00:00,21295.0,0.06960455368200434,-2.867737353529568,-2.7981327998475636,True,1.5,21100.335714285717,97917.0,2022-06-24 17:00:00+00:00,5.0,1.25,True,1.5188625321520166,1.376631418500529,-1.368487353529563,-1.5703545536820043
889,889,2022-06-25 23:00:00+00:00,1,98037,21464.3,87.3357142857146,2022-06-26 11:00:00+00:00,21422.0,0.12288386358059987,-0.6072218042038007,-0.48433794062320085,True,1.5,21333.296428571426,98047.0,2022-06-26 01:30:00+00:00,10.0,2.5,False,0.7968839453667714,2.137768872168173,0.8935281957962141,0.8935281957962141
890,890,2022-06-26 13:00:00+00:00,-1,98093,21376.4,136.8500000000001,2022-06-27 01:00:00+00:00,20948.8,0.07810157106320784,3.0464873949579965,3.1245889660212045,False,1.5,21581.675000000003,,,,,,,,,
891,891,2022-06-27 09:30:00+00:00,1,98175,21439.5,82.90714285714292,2022-06-27 21:30:00+00:00,20809.0,0.1292982682863788,-7.734191866976818,-7.60489359869044,True,1.5,21315.139285714286,98183.0,2022-06-27 11:30:00+00:00,8.0,2.0,True,1.5793486689066818,0.8402257258550806,-6.2334418669768175,-1.6285482682863788
892,892,2022-06-28 07:45:00+00:00,1,98264,20868.2,64.4571428571427,2022-06-28 19:45:00+00:00,20246.6,0.16187655141844012,-9.805493572695093,-9.643617021276654,True,1.5,20771.514285714286,98291.0,2022-06-28 14:30:00+00:00,27.0,6.75,True,2.1396276595744927,1.4736258865248295,-8.304743572695074,-1.6611265514184401
893,893,2022-06-28 20:00:00+00:00,-1,98313,20258.0,100.33571428571486,2022-06-29 08:00:00+00:00,20098.2,0.10095109276001936,1.4917021428062773,1.5926532355662968,True,1.5,20408.503571428573,98321.0,2022-06-28 22:00:00+00:00,8.0,2.0,False,0.41357585249517476,5.196590019221189,2.9909521428062864,2.9909521428062864
894,894,2022-06-29 09:30:00+00:00,-1,98367,20103.5,121.17857142857143,2022-06-29 21:30:00+00:00,20323.4,0.08294989684644857,-1.8976271735927028,-1.8146772767462542,True,1.5,20285.26785714286,98409.0,2022-06-29 20:00:00+00:00,42.0,10.5,False,1.1943707633362677,1.3646625405246102,-0.39837717359269,-0.39837717359269
895,895,2022-06-29 21:30:00+00:00,-1,98415,20323.4,99.14999999999989,2022-06-30 09:30:00+00:00,18994.4,0.1024881492687848,13.301445284921849,13.403933434190634,False,1.5,20472.125,,,,,,,,,
896,896,2022-06-30 09:30:00+00:00,1,98463,18994.4,181.46428571428598,2022-06-30 21:30:00+00:00,18851.4,0.05233646919897651,-0.8403703208029903,-0.7880338516040138,True,1.5,18722.203571428574,98479.0,2022-06-30 13:30:00+00:00,16.0,4.0,False,0.8773272977760408,3.1840779374138766,0.6603796791970018,0.6603796791970018
897,897,2022-06-30 21:30:00+00:00,-1,98511,18851.4,138.45000000000022,2022-07-01 09:30:00+00:00,19436.4,0.06808017334777888,-4.293432286023829,-4.22535211267605,True,1.5,19059.075,98519.0,2022-06-30 23:30:00+00:00,8.0,2.0,True,6.547670639219909,0.4505236547490062,-2.7941822860238363,-1.568830173347779
898,898,2022-07-01 09:30:00+00:00,-1,98559,19436.4,135.18571428571445,2022-07-01 21:30:00+00:00,19470.9,0.07188777343337201,-0.32709225404205816,-0.25520448060868617,True,1.5,19639.178571428572,98576.0,2022-07-01 13:45:00+00:00,17.0,4.25,False,0.35226672302651085,3.334513367853739,1.1721577459579369,1.1721577459579369
899,899,2022-07-02 05:15:00+00:00,-1,98638,19242.8,71.30000000000005,2022-07-02 17:15:00+00:00,19318.7,0.13494249649368853,-1.1994586255259663,-1.0645161290322778,True,1.5,19349.75,98667.0,2022-07-02 12:30:00+00:00,29.0,7.25,False,1.4901823281907423,2.6893408134642334,0.29979137447404286,0.29979137447404286
900,900,2022-07-03 06:15:00+00:00,-1,98738,19131.9,114.19285714285694,2022-07-03 18:15:00+00:00,19191.7,0.08377012572715348,-0.6074456120597933,-0.5236754863326398,False,1.5,19303.18928571429,,,,,,,,,
901,901,2022-07-03 20:15:00+00:00,1,98794,19535.0,91.20714285714348,2022-07-04 08:15:00+00:00,19138.6,0.10709139321794899,-4.453242227269153,-4.346150834051204,True,1.5,19398.189285714285,98797.0,2022-07-03 21:00:00+00:00,3.0,0.75,True,1.6708042916438113,0.6568642806797611,-2.9524922272691527,-1.6063413932179489
902,902,2022-07-04 10:00:00+00:00,1,98849,19418.2,67.59285714285761,2022-07-04 22:00:00+00:00,19873.6,0.14364091725668296,6.593757370812561,6.737398288069244,False,1.5,19316.810714285715,,,,,,,,,
903,903,2022-07-05 01:45:00+00:00,1,98912,20291.5,142.38571428571362,2022-07-05 13:45:00+00:00,19394.1,0.07125539279622788,-6.373853968094753,-6.302598575298525,True,1.5,20077.92142857143,98937.0,2022-07-05 08:00:00+00:00,25.0,6.25,True,1.687117487709452,0.9219925754991486,-4.873103968094754,-1.5705053927962278
904,904,2022-07-05 13:45:00+00:00,-1,98960,19394.1,124.86428571428534,2022-07-06 01:45:00+00:00,19870.1,0.07766071735026622,-3.889799611006247,-3.812138893655981,True,1.5,19581.39642857143,98963.0,2022-07-05 14:30:00+00:00,3.0,0.75,True,1.6546250214518694,2.1695269149362204,-2.390549611006233,-1.5784107173502662
905,905,2022-07-06 03:45:00+00:00,-1,99016,19940.4,132.27142857142852,2022-07-06 15:45:00+00:00,20140.1,0.07537682255103147,-1.585151096230673,-1.5097742736796416,True,1.5,20138.807142857146,99017.0,2022-07-06 04:00:00+00:00,1.0,0.25,True,1.7637433848147432,2.1834431364078415,-0.08590109623066229,-1.5761268225510314
906,906,2022-07-06 19:00:00+00:00,1,99077,20431.5,100.51428571428576,2022-07-07 07:00:00+00:00,20341.5,0.10163480670835698,-0.9970299175667989,-0.8953951108584419,True,1.5,20280.72857142857,99080.0,2022-07-06 19:45:00+00:00,3.0,0.75,False,0.35645252984649217,3.8489198408186276,0.5037200824331973,0.5037200824331973
907,907,2022-07-07 20:30:00+00:00,1,99179,21614.9,162.264285714285,2022-07-08 08:30:00+00:00,21656.4,0.0666039970066473,0.1891516045252462,0.25575560153189353,False,1.5,21371.503571428573,,,,,,,,,
908,908,2022-07-09 20:45:00+00:00,-1,99372,21671.1,106.92142857142919,2022-07-10 08:45:00+00:00,21318.0,0.10134123855968943,3.2010837731311055,3.302425011690795,False,1.5,21831.48214285714,,,,,,,,,
909,909,2022-07-10 17:00:00+00:00,-1,99453,20892.1,125.65714285714265,2022-07-11 05:00:00+00:00,20478.4,0.08313136653024115,3.209160584356508,3.292291950886749,True,1.5,21080.585714285713,99469.0,2022-07-10 21:00:00+00:00,16.0,4.0,False,0.7115734424738629,5.402683037744422,4.708410584356511,4.708410584356511
910,910,2022-07-11 09:15:00+00:00,-1,99518,20551.7,76.0714285714291,2022-07-11 21:15:00+00:00,20346.0,0.13508159624413052,2.5689559624413065,2.704037558685437,True,1.5,20665.807142857146,99535.0,2022-07-11 13:30:00+00:00,17.0,4.25,False,1.476150234741718,5.3345539906103285,4.068205962441324,4.068205962441324
911,911,2022-07-12 01:30:00+00:00,-1,99583,19928.2,104.72857142857121,2022-07-12 13:30:00+00:00,19890.4,0.09514213613422472,0.2657908880098149,0.3609330241440396,False,1.5,20085.292857142857,,,,,,,,,
912,912,2022-07-12 15:15:00+00:00,1,99638,19933.0,110.27142857142879,2022-07-13 03:15:00+00:00,19508.0,0.09038152610441749,-3.944507708252357,-3.8541261821479393,True,1.5,19767.592857142856,99649.0,2022-07-12 18:00:00+00:00,11.0,2.75,True,1.8181759295245472,0.9903484907371458,-2.4437577082523476,-1.5896315261044176
913,913,2022-07-13 05:00:00+00:00,1,99693,19466.0,58.08571428571486,2022-07-13 17:00:00+00:00,19875.9,0.16756271519921134,6.889249877028979,7.05681259222819,True,1.5,19378.871428571427,99723.0,2022-07-13 12:30:00+00:00,30.0,7.5,True,8.227004426955126,11.84677816035407,8.389999877028993,-1.6668127151992114
914,914,2022-07-13 17:00:00+00:00,1,99741,19875.9,192.5857142857146,2022-07-14 05:00:00+00:00,20106.7,0.051602737185668636,1.146824679178097,1.1984274163637656,True,1.5,19587.02142857143,99754.0,2022-07-13 20:15:00+00:00,13.0,3.25,False,0.05982493880275772,4.411430902752008,2.647574679178103,2.647574679178103
915,915,2022-07-14 05:00:00+00:00,1,99789,20106.7,83.97142857142846,2022-07-14 17:00:00+00:00,20264.6,0.11972346036066706,1.7606780367471693,1.8804014971078362,True,1.5,19980.742857142857,99794.0,2022-07-14 06:15:00+00:00,5.0,1.25,True,1.8189860496767645,1.6583872065328353,3.2614280367471786,-1.6189734603606671
916,916,2022-07-14 17:00:00+00:00,1,99837,20264.6,160.63571428571439,2022-07-15 05:00:00+00:00,20530.9,0.06307625950464667,1.5947119925296984,1.657788252034345,False,1.5,20023.64642857143,,,,,,,,,
917,917,2022-07-16 17:00:00+00:00,1,100029,21430.0,147.40000000000015,2022-07-17 05:00:00+00:00,21337.0,0.07269335142469463,-0.7036295793758474,-0.6309362279511527,True,1.5,21208.9,100035.0,2022-07-16 18:30:00+00:00,6.0,1.5,True,2.0956580732700214,1.1797829036634846,0.7971204206241412,-1.5719433514246945
918,918,2022-07-18 05:45:00+00:00,1,100176,21851.9,151.22857142857148,2022-07-18 17:45:00+00:00,21875.2,0.0722479217834876,0.08182349329302369,0.1540714150765113,False,1.5,21625.057142857146,,,,,,,,,
919,919,2022-07-18 18:15:00+00:00,-1,100226,21931.4,210.95714285714297,2022-07-19 06:15:00+00:00,22075.6,0.051980700209927524,-0.7355318615832458,-0.6835511613733183,True,1.5,22247.835714285717,100246.0,2022-07-18 23:15:00+00:00,20.0,5.0,True,1.9063790885081477,0.7576691271077511,0.7637181384167578,-1.5527307002099275
920,920,2022-07-19 06:45:00+00:00,-1,100276,21753.7,187.7428571428575,2022-07-19 18:45:00+00:00,23399.9,0.05793482727134368,-8.826311025719056,-8.768376198447712,True,1.5,22035.31428571429,100291.0,2022-07-19 10:30:00+00:00,15.0,3.75,True,1.8450007609191763,1.13354131791205,-7.327061025719048,-1.5586848272713436
921,921,2022-07-20 18:00:00+00:00,-1,100417,23648.2,196.63571428571464,2022-07-21 06:00:00+00:00,22946.6,0.0601320062479566,3.5078871735261044,3.568019179774061,False,1.5,23943.15357142857,,,,,,,,,
922,922,2022-07-21 09:45:00+00:00,-1,100480,23002.3,110.29285714285705,2022-07-21 21:45:00+00:00,23195.7,0.10427828508516296,-1.8577916585713508,-1.7535133734861879,True,1.5,23167.739285714284,100507.0,2022-07-21 16:30:00+00:00,27.0,6.75,False,1.1583770481186613,3.589890551130103,-0.358541658571358,-0.358541658571358
923,923,2022-07-22 16:30:00+00:00,-1,100603,23104.4,172.44285714285692,2022-07-23 04:30:00+00:00,22935.5,0.06699146715268006,0.9124634247369825,0.9794548918896626,False,1.5,23363.06428571429,,,,,,,,,
924,924,2022-07-23 13:45:00+00:00,-1,100688,22329.4,131.5928571428571,2022-07-24 01:45:00+00:00,22418.9,0.08484275090918963,-0.7649708516528255,-0.6801281007436359,True,1.5,22526.789285714287,100725.0,2022-07-23 23:00:00+00:00,37.0,9.25,False,1.0358519242251332,1.22794875970255,0.7342791483471734,0.7342791483471734
925,925,2022-07-24 01:45:00+00:00,1,100736,22418.9,90.50714285714275,2022-07-24 13:45:00+00:00,22558.8,0.12385155078525782,1.4218828032514967,1.5457343540367545,True,1.5,22283.139285714286,100745.0,2022-07-24 04:00:00+00:00,9.0,2.25,False,0.2954384026517064,6.028924315365797,2.9226328032515165,2.9226328032515165
926,926,2022-07-24 15:45:00+00:00,1,100792,22837.0,121.67142857142815,2022-07-25 03:45:00+00:00,21858.0,0.09384701185863599,-8.140107432194462,-8.046260420335827,True,1.5,22654.492857142857,100794.0,2022-07-24 16:15:00+00:00,2.0,0.5,True,2.453269930726791,2.831454737583665,-6.639357432194458,-1.593097011858636
927,927,2022-07-25 03:45:00+00:00,-1,100840,21858.0,119.3785714285719,2022-07-25 15:45:00+00:00,21884.3,0.091549093520014,-0.311856638544838,-0.220307545024824,True,1.5,22037.067857142858,100860.0,2022-07-25 08:45:00+00:00,20.0,5.0,False,0.48528091904504583,3.2423562496260336,1.1873933614551628,1.1873933614551628
928,928,2022-07-25 21:00:00+00:00,1,100909,22149.2,149.96428571428547,2022-07-26 09:00:00+00:00,21074.8,0.07384824958323423,-7.238220719218883,-7.164372469635649,True,1.5,21924.253571428573,100913.0,2022-07-25 22:00:00+00:00,4.0,1.0,True,2.2288878304358337,0.651131221719456,-5.737470719218887,-1.5730982495832342
929,929,2022-07-26 13:45:00+00:00,1,100976,20942.1,106.25714285714301,2022-07-27 01:45:00+00:00,21153.0,0.09854443398763094,1.886263310029589,1.9848077440172198,True,1.5,20782.714285714283,100982.0,2022-07-26 15:15:00+00:00,6.0,1.5,False,0.8763108362462859,4.811777359505266,3.387013310029602,3.387013310029602
930,930,2022-07-27 14:30:00+00:00,1,101075,21397.8,94.67142857142868,2022-07-28 02:30:00+00:00,22933.8,0.11301086464463546,16.1115251244907,16.224535989135337,False,1.5,21255.792857142857,,,,,,,,,
931,931,2022-07-28 04:00:00+00:00,-1,101129,23113.7,119.3142857142853,2022-07-28 16:00:00+00:00,23772.1,0.096860572318008,-5.615059806034483,-5.518199233716476,True,1.5,23292.67142857143,101174.0,2022-07-28 15:15:00+00:00,45.0,11.25,True,1.7376676245210692,0.9191810344827713,-4.115809806034474,-1.597610572318008
932,932,2022-07-28 18:45:00+00:00,1,101188,23799.4,193.47857142857148,2022-07-29 06:45:00+00:00,23936.3,0.06150396869346918,0.6460679292649496,0.7075718979584188,False,1.5,23509.182142857146,,,,,,,,,
933,933,2022-07-29 13:00:00+00:00,1,101261,23489.9,132.93571428571445,2022-07-30 01:00:00+00:00,23835.9,0.08835059910805428,2.5144112084251216,2.602761807533176,False,1.5,23290.49642857143,,,,,,,,,
934,934,2022-07-30 20:30:00+00:00,-1,101387,24031.7,130.5857142857146,2022-07-31 08:30:00+00:00,23655.1,0.09201504211792999,2.7919145060715556,2.8839295481894855,False,1.5,24227.578571428574,,,,,,,,,
935,935,2022-08-01 01:30:00+00:00,-1,101503,23414.1,98.99285714285725,2022-08-01 13:30:00+00:00,23159.8,0.11826156288332478,2.4506106501190463,2.568872213002371,False,1.5,23562.589285714283,,,,,,,,,
936,936,2022-08-01 17:30:00+00:00,-1,101567,22917.2,128.37857142857138,2022-08-02 05:30:00+00:00,22884.5,0.08925632893785126,0.16545907750515235,0.2547154064430036,True,1.5,23109.76785714286,101580.0,2022-08-01 20:45:00+00:00,13.0,3.25,True,2.1368997941356254,1.6339787458966355,1.6647090775051594,-1.5900063289378512
937,937,2022-08-02 05:30:00+00:00,-1,101615,22884.5,86.15000000000016,2022-08-02 17:30:00+00:00,23177.9,0.13281775972141588,-3.538505513639012,-3.4056877539175963,True,1.5,23013.725,101650.0,2022-08-02 14:15:00+00:00,35.0,8.75,True,3.9033662217063356,3.78206616366798,-2.0392555136390316,-1.6335677597214158
938,938,2022-08-02 17:30:00+00:00,1,101663,23177.9,201.22142857142873,2022-08-03 05:30:00+00:00,22926.0,0.05759302119200592,-1.3094477654325432,-1.2518547442405372,True,1.5,22876.067857142858,101669.0,2022-08-02 19:00:00+00:00,6.0,1.5,False,1.0474424053104325,1.317116893259013,0.1913022345674587,0.1913022345674587
939,939,2022-08-03 07:45:00+00:00,1,101720,22979.5,63.899999999999636,2022-08-03 19:45:00+00:00,23449.1,0.1798082942097037,7.169174491392819,7.348982785602523,False,1.5,22883.65,,,,,,,,,
940,940,2022-08-03 22:45:00+00:00,-1,101780,22920.1,100.51428571428576,2022-08-04 10:45:00+00:00,22852.2,0.11401414155770317,0.561511725412144,0.6755258669698472,True,1.5,23070.871428571427,101789.0,2022-08-04 01:00:00+00:00,9.0,2.25,False,1.397100625355325,3.1922967595224367,2.0607617254121404,2.0607617254121404
941,941,2022-08-04 10:45:00+00:00,-1,101828,22852.2,80.14285714285741,2022-08-04 22:45:00+00:00,22607.1,0.14257165775401023,2.915717112299483,3.058288770053493,True,1.5,22972.414285714287,101833.0,2022-08-04 12:00:00+00:00,5.0,1.25,True,2.0037433155079993,3.0434937611408253,4.414967112299484,-1.6433216577540102
942,942,2022-08-05 02:00:00+00:00,1,101889,22876.3,78.35714285714259,2022-08-05 14:00:00+00:00,23265.8,0.14597456700091208,4.8248549680948205,4.970829535095732,False,1.5,22758.764285714286,,,,,,,,,
943,943,2022-08-05 14:00:00+00:00,-1,101937,23265.8,147.11428571428561,2022-08-06 02:00:00+00:00,23232.0,0.07907389784424165,0.15067945232083416,0.2297533501650758,False,1.5,23486.47142857143,,,,,,,,,
944,944,2022-08-06 02:00:00+00:00,1,101985,23232.0,87.03571428571455,2022-08-06 14:00:00+00:00,23208.5,0.13346245383668404,-0.40346655724251007,-0.27000410340582603,True,1.5,23101.446428571428,102011.0,2022-08-06 08:30:00+00:00,26.0,6.5,False,0.2096430036930443,1.447148132950373,1.0972834427574976,1.0972834427574976
945,945,2022-08-06 23:45:00+00:00,-1,102072,22943.3,54.67857142857143,2022-08-07 11:45:00+00:00,23026.1,0.20980156760287394,-1.7241059438275503,-1.5143043762246764,True,1.5,23025.317857142858,102075.0,2022-08-07 00:30:00+00:00,3.0,0.75,False,0.3380143696929826,3.555649902024809,-0.22485594382752186,-0.22485594382752186
946,946,2022-08-07 13:30:00+00:00,1,102127,23127.5,49.307142857143326,2022-08-08 01:30:00+00:00,23188.0,0.23452484427060477,0.9924779081558648,1.2270027524264695,True,1.5,23053.539285714283,102131.0,2022-08-07 14:30:00+00:00,4.0,1.0,False,1.4103288425321705,7.026582645226695,2.493227908155899,2.493227908155899
947,947,2022-08-08 05:45:00+00:00,1,102192,23416.5,52.700000000000465,2022-08-08 17:45:00+00:00,23957.7,0.22216793168880258,10.04728178368114,10.269449715369943,False,1.5,23337.45,,,,,,,,,
948,948,2022-08-08 20:45:00+00:00,-1,102252,24050.1,71.7928571428573,2022-08-09 08:45:00+00:00,23770.6,0.16749646801313264,3.7256484926872866,3.893144960700419,False,1.5,24157.789285714283,,,,,,,,,
949,949,2022-08-09 10:00:00+00:00,-1,102305,23452.1,87.89999999999989,2022-08-09 22:00:00+00:00,23197.0,0.1334021615472129,2.768759385665516,2.902161547212729,False,1.5,23583.949999999997,,,,,,,,,
950,950,2022-08-09 22:00:00+00:00,-1,102353,23197.0,53.621428571429405,2022-08-10 10:00:00+00:00,23040.3,0.21630345011322427,2.706035700013292,2.9223391501265166,False,1.5,23277.432142857146,,,,,,,,,
951,951,2022-08-10 10:00:00+00:00,1,102401,23040.3,56.92142857142816,2022-08-10 22:00:00+00:00,23938.6,0.20238687413728343,15.579016062241283,15.781402936378568,False,1.5,22954.917857142857,,,,,,,,,
952,952,2022-08-10 22:00:00+00:00,-1,102449,23938.6,148.47857142857123,2022-08-11 10:00:00+00:00,24412.8,0.08061297926588744,-3.274339827776985,-3.1937268485110977,True,1.5,24161.317857142854,102461.0,2022-08-11 01:00:00+00:00,12.0,3.0,True,1.9307980949632197,0.8595035358637384,-1.7750898277769924,-1.5813629792658874
953,953,2022-08-11 10:30:00+00:00,1,102499,24465.3,104.34285714285735,2022-08-11 22:30:00+00:00,24112.2,0.11723514512595813,-3.501271289704251,-3.3840361445782925,True,1.5,24308.785714285714,102520.0,2022-08-11 15:45:00+00:00,21.0,5.25,True,2.291347207009841,1.0054764512595937,-2.0005212897042557,-1.616485145125958
954,954,2022-08-11 22:30:00+00:00,-1,102547,24112.2,97.86428571428534,2022-08-12 10:30:00+00:00,23834.9,0.12319202977884873,2.710323771987449,2.8335158017662976,False,1.5,24258.99642857143,,,,,,,,,
955,955,2022-08-12 10:30:00+00:00,-1,102595,23834.9,76.15714285714292,2022-08-12 22:30:00+00:00,24205.1,0.15648499343462755,-5.01748668167319,-4.861001688238562,True,1.5,23949.135714285716,102614.0,2022-08-12 15:15:00+00:00,19.0,4.75,True,1.5817857812792675,1.4921215531795367,-3.518236681673188,-1.6572349934346275
956,956,2022-08-12 22:30:00+00:00,1,102643,24205.1,79.64285714285741,2022-08-13 10:30:00+00:00,24512.3,0.15196026905829543,3.7052594618834047,3.8572197309417002,False,1.5,24085.635714285712,,,,,,,,,
957,957,2022-08-13 10:45:00+00:00,-1,102692,24486.9,98.97857142857174,2022-08-13 22:45:00+00:00,24373.4,0.12369798657718083,1.0230148661326373,1.146712852709818,False,1.5,24635.36785714286,,,,,,,,,
958,958,2022-08-14 07:30:00+00:00,1,102775,24960.2,79.77857142857127,2022-08-14 19:30:00+00:00,24259.3,0.15643423762198974,-8.942001432536522,-8.785567194914531,True,1.5,24840.532142857144,102776.0,2022-08-14 07:45:00+00:00,1.0,0.25,True,1.5020592711970742,2.81363595666576,-7.441251432536526,-1.6556842376219898
959,959,2022-08-14 19:45:00+00:00,-1,102824,24273.8,86.90714285714292,2022-08-15 07:45:00+00:00,24010.8,0.13965365332456636,2.886564806443657,3.0262184597682236,True,1.5,24404.160714285714,102831.0,2022-08-14 21:30:00+00:00,7.0,1.75,True,1.5630393687844217,2.9245089175638945,4.385814806443658,-1.6404036533245663
960,960,2022-08-15 07:45:00+00:00,-1,102872,24010.8,157.28571428571453,2022-08-15 19:45:00+00:00,23972.2,0.07632861035422331,0.1690846503178833,0.24541326067210661,True,1.5,24246.72857142857,102884.0,2022-08-15 10:45:00+00:00,12.0,3.0,False,0.31834695731152785,2.267393278837428,1.6683346503178875,1.6683346503178875
961,961,2022-08-15 20:30:00+00:00,-1,102923,24000.8,88.10714285714312,2022-08-16 08:30:00+00:00,23979.9,0.1362023510336437,0.10100883664367172,0.23721118767731542,True,1.5,24132.960714285713,102926.0,2022-08-15 21:15:00+00:00,3.0,0.75,False,1.1467774625050777,4.210336441021457,1.6002588366436614,1.6002588366436614
962,962,2022-08-16 13:45:00+00:00,-1,102992,23890.0,77.05000000000005,2022-08-17 01:45:00+00:00,23929.9,0.15502920181700183,-0.6728747566515434,-0.5178455548345415,True,1.5,24005.575,103010.0,2022-08-16 18:15:00+00:00,18.0,4.5,False,0.5765736534717617,3.9153147306943423,0.826375243348465,0.826375243348465
963,963,2022-08-17 06:15:00+00:00,1,103058,24371.7,70.17142857142893,2022-08-17 18:15:00+00:00,23507.8,0.17365828583061801,-12.484936787459239,-12.311278501628621,True,1.5,24266.442857142858,103062.0,2022-08-17 07:15:00+00:00,4.0,1.0,True,4.3955618892508035,1.4429967426710009,-10.98418678745925,-1.672908285830618
964,964,2022-08-17 18:15:00+00:00,-1,103106,23507.8,85.36428571428587,2022-08-18 06:15:00+00:00,23402.0,0.13769107187683013,1.1017031210777237,1.2393941929545538,False,1.5,23635.84642857143,,,,,,,,,
965,965,2022-08-18 06:15:00+00:00,1,103154,23402.0,49.8999999999999,2022-08-18 18:15:00+00:00,23279.9,0.2344889779559123,-2.6813827655310387,-2.446893787575126,True,1.5,23327.15,103157.0,2022-08-18 07:00:00+00:00,3.0,0.75,True,1.544088176352767,5.367735470941866,-1.1806327655310644,-1.7337389779559123
966,966,2022-08-18 18:45:00+00:00,-1,103204,23307.2,77.13571428571439,2022-08-19 06:45:00+00:00,21898.9,0.1510791739975922,18.106352069636046,18.257431243633636,True,1.5,23422.90357142857,103206.0,2022-08-18 19:15:00+00:00,2.0,0.5,False,0.2397907213631131,28.55880174090189,19.605602069636028,19.605602069636028
967,967,2022-08-19 06:45:00+00:00,1,103252,21898.9,160.37857142857163,2022-08-19 18:45:00+00:00,21365.1,0.06827252482964406,-3.3966473522469296,-3.3283748274172855,True,1.5,21658.332142857143,103262.0,2022-08-19 09:15:00+00:00,10.0,2.5,True,2.2492539972386862,0.9955685209103409,-1.8958973522469262,-1.567522524829644
968,968,2022-08-19 18:45:00+00:00,-1,103300,21365.1,90.7571428571425,2022-08-20 06:45:00+00:00,21300.1,0.11770478514087879,0.598492287108455,0.7161970722493338,False,1.5,21501.23571428571,,,,,,,,,
969,969,2022-08-20 06:45:00+00:00,-1,103348,21300.1,84.75714285714301,2022-08-20 18:45:00+00:00,21095.1,0.1256537165009268,2.2930214899713426,2.4186752064722694,False,1.5,21427.235714285714,,,,,,,,,
970,970,2022-08-20 18:45:00+00:00,1,103396,21095.1,79.76428571428603,2022-08-21 06:45:00+00:00,21106.5,0.13223399301513333,0.010687113817516192,0.14292110683264952,True,1.5,20975.45357142857,103399.0,2022-08-20 19:30:00+00:00,3.0,0.75,True,2.5168353183486727,2.1130563266768214,1.5114371138175065,-1.6314839930151332
971,971,2022-08-21 06:45:00+00:00,1,103444,21106.5,54.04999999999979,2022-08-21 18:45:00+00:00,21468.2,0.1952497687326557,6.496702127659613,6.691951896392268,False,1.5,21025.425,,,,,,,,,
972,972,2022-08-21 19:00:00+00:00,1,103493,21474.9,64.76428571428576,2022-08-22 07:00:00+00:00,21327.1,0.16579276497187592,-2.447914745781448,-2.2821219808095723,True,1.5,21377.753571428573,103505.0,2022-08-21 22:00:00+00:00,12.0,3.0,True,1.8228190140068528,2.3137200838203964,-0.9471647457814543,-1.665042764971876
973,973,2022-08-22 07:45:00+00:00,1,103544,21089.1,84.90714285714317,2022-08-22 19:45:00+00:00,21047.1,0.12418919828383902,-0.6188472280642696,-0.49465802978043055,True,1.5,20961.739285714284,103545.0,2022-08-22 08:00:00+00:00,1.0,0.25,False,1.2147303777235565,6.9282829982333585,0.8819027719357273,0.8819027719357273
974,974,2022-08-22 19:45:00+00:00,-1,103592,21047.1,80.50714285714328,2022-08-23 07:45:00+00:00,21297.3,0.13071573063614517,-3.2385145062549827,-3.1077987756188374,True,1.5,21167.860714285714,103595.0,2022-08-22 20:30:00+00:00,3.0,0.75,True,1.7258007275308107,1.7124035134415694,-1.7392645062549699,-1.6314657306361453
975,975,2022-08-23 07:45:00+00:00,-1,103640,21297.3,103.09285714285735,2022-08-23 19:45:00+00:00,21512.5,0.10329183122012034,-2.1907303401926166,-2.0874385089724963,True,1.5,21451.939285714285,103642.0,2022-08-23 08:15:00+00:00,2.0,0.5,True,2.088027437123271,1.677509873207221,-0.6914803401926218,-1.6040418312201203
976,976,2022-08-23 19:45:00+00:00,1,103688,21512.5,75.39999999999964,2022-08-24 07:45:00+00:00,21305.6,0.14265583554376726,-2.8866876657825262,-2.744031830238759,True,1.5,21399.4,103707.0,2022-08-24 00:30:00+00:00,19.0,4.75,True,2.511936339522578,1.3129973474801124,-1.3859376657825386,-1.6419058355437672
977,977,2022-08-24 12:15:00+00:00,1,103754,21459.7,61.52142857142878,2022-08-25 00:15:00+00:00,21346.4,0.17440833623592186,-2.0160430744223663,-1.8416347381864444,True,1.5,21367.417857142857,103759.0,2022-08-24 13:30:00+00:00,5.0,1.25,False,1.172239637756877,9.072971090212425,-0.5152930744223492,-0.5152930744223492
978,978,2022-08-25 00:15:00+00:00,-1,103802,21346.4,80.67857142857117,2022-08-25 12:15:00+00:00,21661.7,0.13229287295263434,-4.040393802567512,-3.908100929614877,True,1.5,21467.417857142857,103804.0,2022-08-25 00:45:00+00:00,2.0,0.5,True,1.9271801682160565,0.3534749889331316,-2.5411438025675324,-1.6330428729526343
979,979,2022-08-25 15:30:00+00:00,-1,103863,21562.1,84.61428571428483,2022-08-26 03:30:00+00:00,21558.3,0.12741406381901194,-0.08250438966740771,0.044909674151604226,False,1.5,21689.021428571425,,,,,,,,,
980,980,2022-08-26 12:00:00+00:00,-1,103945,21194.9,78.98571428571424,2022-08-27 00:00:00+00:00,20183.6,0.13416919877012126,12.669411918972733,12.803581117742855,True,1.5,21313.378571428573,103947.0,2022-08-26 12:30:00+00:00,2.0,0.5,True,6.282419967444347,0.9290106710074384,14.168661918972738,-1.6349191987701213
981,981,2022-08-27 00:00:00+00:00,1,103993,20183.6,111.17142857142815,2022-08-27 12:00:00+00:00,20219.0,0.09077692109997464,0.22765021845285383,0.3184271395528285,True,1.5,20016.842857142856,104013.0,2022-08-27 05:00:00+00:00,20.0,5.0,False,1.042020046260593,2.220508866615293,1.7284002184528586,1.7284002184528586
982,982,2022-08-27 12:15:00+00:00,-1,104042,20189.0,46.628571428571114,2022-08-28 00:15:00+00:00,19971.9,0.21648743872549167,4.439456188725489,4.655943627450981,False,1.5,20258.942857142858,,,,,,,,,
983,983,2022-08-28 02:30:00+00:00,-1,104099,20066.8,59.40000000000042,2022-08-28 14:30:00+00:00,19939.9,0.16891245791245674,1.967451178451128,2.1363636363635847,False,1.5,20155.9,,,,,,,,,
984,984,2022-08-28 14:30:00+00:00,-1,104147,19939.9,63.90714285714317,2022-08-29 02:30:00+00:00,19761.9,0.15600681792779628,2.6292843411199156,2.785291159047712,True,1.5,20035.760714285716,104153.0,2022-08-28 16:00:00+00:00,6.0,1.5,True,1.6311053984575494,0.4406504973734679,4.128534341119911,-1.6567568179277963
985,985,2022-08-29 04:15:00+00:00,1,104202,19802.4,71.08571428571433,2022-08-29 16:15:00+00:00,20283.0,0.13928536977491954,6.62156672025721,6.760852090032129,False,1.5,19695.77142857143,,,,,,,,,
986,986,2022-08-29 16:15:00+00:00,1,104250,20283.0,121.52857142857154,2022-08-30 04:15:00+00:00,20430.3,0.08344951216645109,1.128611143763952,1.2120606559304032,True,1.5,20100.707142857143,104262.0,2022-08-29 19:15:00+00:00,12.0,3.0,False,0.25843423063360677,3.234571529328774,2.629361143763946,2.629361143763946
987,987,2022-08-30 04:45:00+00:00,1,104300,20459.1,69.85714285714234,2022-08-30 16:45:00+00:00,19604.9,0.14643527607362072,-12.374247137014367,-12.227811860940745,True,1.5,20354.314285714285,104304.0,2022-08-30 05:45:00+00:00,4.0,1.0,True,1.5648261758691189,3.1447852760736565,-10.873497137014363,-1.6456852760736207
988,988,2022-08-30 16:45:00+00:00,-1,104348,19604.9,145.54999999999978,2022-08-31 04:45:00+00:00,20333.7,0.06734764685675036,-5.0745616626588825,-5.007214015802132,True,1.5,19823.225000000002,104357.0,2022-08-30 19:00:00+00:00,9.0,2.25,True,1.7985228443833612,0.5333218825146255,-3.5753116626588755,-1.5680976468567505
989,989,2022-08-31 04:45:00+00:00,1,104396,20333.7,89.26428571428603,2022-08-31 16:45:00+00:00,20029.5,0.11389605505321236,-3.5217539409458225,-3.4078578858926103,True,1.5,20199.803571428572,104405.0,2022-08-31 07:00:00+00:00,9.0,2.25,True,3.91874049771945,2.4555893414419256,-2.0210039409458314,-1.6131460550532124
990,990,2022-08-31 16:45:00+00:00,-1,104444,20029.5,124.3357142857146,2022-09-01 04:45:00+00:00,20043.8,0.08054604469466285,-0.19555724708449987,-0.11501120238983702,True,1.5,20216.003571428573,104454.0,2022-08-31 19:15:00+00:00,10.0,2.5,False,0.9088010570459994,2.4611076003906556,1.3036927529155105,1.3036927529155105
991,991,2022-09-01 06:15:00+00:00,-1,104498,20022.9,68.47857142857174,2022-09-01 18:15:00+00:00,19862.0,0.14619828935016105,2.2034418483362996,2.349640137686461,False,1.5,20125.61785714286,,,,,,,,,
992,992,2022-09-01 18:15:00+00:00,-1,104546,19862.0,109.14999999999989,2022-09-02 06:15:00+00:00,20083.4,0.09098488318827312,-2.119386165826859,-2.028401282638586,True,1.5,20025.725,104553.0,2022-09-01 20:00:00+00:00,7.0,1.75,True,2.190334402198818,1.789509848831858,-0.620136165826871,-1.5917348831882732
993,993,2022-09-02 08:15:00+00:00,-1,104602,20093.1,46.992857142856984,2022-09-02 20:15:00+00:00,19918.5,0.2137888736890112,3.50166940264476,3.715458276333771,True,1.5,20163.589285714283,104606.0,2022-09-02 09:15:00+00:00,4.0,1.0,True,4.285985712114384,3.949308405532703,5.00091940264473,-1.7145388736890113
994,994,2022-09-02 20:15:00+00:00,-1,104650,19918.5,120.71428571428571,2022-09-03 08:15:00+00:00,19833.8,0.08250266272189351,0.6191541420118403,0.7016568047337338,False,1.5,20099.571428571428,,,,,,,,,
995,995,2022-09-03 08:15:00+00:00,-1,104698,19833.8,46.29285714285704,2022-09-03 20:15:00+00:00,19703.2,0.2142209535565504,2.606948619040246,2.8211695725967965,False,1.5,19903.239285714284,,,,,,,,,
996,996,2022-09-03 20:15:00+00:00,-1,104746,19703.2,53.65714285714239,2022-09-04 08:15:00+00:00,19647.4,0.18360276890309002,0.8563333333333273,1.0399361022364173,True,1.5,19783.685714285715,104753.0,2022-09-03 22:00:00+00:00,7.0,1.75,False,1.1967518636847911,3.9824281150160266,2.3555833333333442,2.3555833333333442
997,997,2022-09-04 08:15:00+00:00,-1,104794,19647.4,45.90714285714265,2022-09-04 20:15:00+00:00,19889.5,0.21399066438462833,-5.487679788392711,-5.273689124008083,True,1.5,19716.260714285716,104795.0,2022-09-04 08:30:00+00:00,1.0,0.25,True,2.434028318033272,1.7831803329702942,-3.9884297883926996,-1.7147406643846284
998,998,2022-09-04 21:15:00+00:00,1,104846,19895.8,48.421428571428415,2022-09-05 09:15:00+00:00,19738.8,0.20544416580616678,-3.4478102965039206,-3.2423661306977536,True,1.5,19823.167857142857,104848.0,2022-09-04 21:45:00+00:00,2.0,0.5,True,1.5131287800560174,4.616388847912714,-1.9470602965039177,-1.7046941658061667
999,999,2022-09-05 09:15:00+00:00,1,104894,19738.8,42.94999999999891,2022-09-05 21:15:00+00:00,19725.3,0.22978812572759608,-0.5441071012805726,-0.31431897555297655,True,1.5,19674.375,104899.0,2022-09-05 10:30:00+00:00,5.0,1.25,False,1.261350407450539,6.277648428405282,0.9566428987194485,0.9566428987194485
1000,1000,2022-09-05 21:15:00+00:00,-1,104942,19725.3,54.20000000000021,2022-09-06 09:15:00+00:00,19894.6,0.18196771217712107,-3.305583948339457,-3.123616236162336,True,1.5,19806.6,104948.0,2022-09-05 22:45:00+00:00,6.0,1.5,True,2.265682656826613,1.178966789667852,-1.8063339483394765,-1.682717712177121
1001,1001,2022-09-06 09:15:00+00:00,1,104990,19894.6,64.9357142857147,2022-09-06 21:15:00+00:00,18974.0,0.15318688813111772,-14.330285117148716,-14.177098229017599,True,1.5,19797.196428571428,105007.0,2022-09-06 13:30:00+00:00,17.0,4.25,True,2.2606423935760116,1.5369596304037023,-12.829535117148732,-1.6524368881311178
1002,1002,2022-09-06 21:30:00+00:00,-1,105039,18963.1,118.30714285714228,2022-09-07 09:30:00+00:00,18778.0,0.08014351264867514,1.484428122924586,1.564571635573261,False,1.5,19140.56071428571,,,,,,,,,
1003,1003,2022-09-07 09:30:00+00:00,1,105087,18778.0,41.05714285714229,2022-09-07 21:30:00+00:00,19305.0,0.22868128044537545,12.60708768267241,12.835768963117784,True,1.5,18716.414285714287,105093.0,2022-09-07 11:00:00+00:00,6.0,1.5,False,1.286360473208156,17.989213639527012,14.107837682672399,14.107837682672399
1004,1004,2022-09-07 21:30:00+00:00,1,105135,19305.0,111.85714285714286,2022-09-08 09:30:00+00:00,19185.4,0.08629310344827586,-1.155514048531277,-1.069220945083001,True,1.5,19137.214285714286,105174.0,2022-09-08 07:15:00+00:00,39.0,9.75,False,0.7984674329501832,0.8643678160919623,0.34523595146871844,0.34523595146871844
1005,1005,2022-09-08 11:30:00+00:00,1,105191,19282.0,58.98571428571476,2022-09-08 23:30:00+00:00,19296.6,0.16344635504964752,0.08407120368125343,0.24751755873090095,True,1.5,19193.52142857143,105195.0,2022-09-08 12:30:00+00:00,4.0,1.0,True,1.7312908694598739,0.9693630418987748,1.5848212036812468,-1.6626963550496474
1006,1006,2022-09-09 02:30:00+00:00,1,105251,19387.6,42.60714285714312,2022-09-09 14:30:00+00:00,21049.3,0.22751584241408074,38.77298709136608,39.00050293378016,False,1.5,19323.689285714285,,,,,,,,,
1007,1007,2022-09-09 15:30:00+00:00,1,105303,21291.1,123.43571428571497,2022-09-10 03:30:00+00:00,21344.5,0.08624367802789143,0.34637017533708525,0.4326138533649767,False,1.5,21105.946428571428,,,,,,,,,
1008,1008,2022-09-12 01:45:00+00:00,-1,105536,22036.5,152.27857142857178,2022-09-12 13:45:00+00:00,22383.6,0.07235587973169456,-2.351731084947684,-2.2793752052159895,True,1.5,22264.917857142857,105561.0,2022-09-12 08:00:00+00:00,25.0,6.25,False,1.2154181715840342,1.9951451756649008,-0.8524810849476918,-0.8524810849476918
1009,1009,2022-09-13 09:00:00+00:00,-1,105661,22266.0,106.9500000000002,2022-09-13 21:00:00+00:00,20204.8,0.10409537166900402,19.168461898083187,19.27255726975219,True,1.5,22426.425,105663.0,2022-09-13 09:30:00+00:00,2.0,0.5,True,1.603319308087909,0.7875175315567872,20.667711898083176,-1.604845371669004
1010,1010,2022-09-13 21:00:00+00:00,-1,105709,20204.8,153.9142857142854,2022-09-14 09:00:00+00:00,20335.3,0.06563653239279761,-0.9135110451085967,-0.8478745127157991,True,1.5,20435.671428571426,105730.0,2022-09-14 02:15:00+00:00,21.0,5.25,False,0.603118618897363,2.0210692407648017,0.585738954891395,0.585738954891395
1011,1011,2022-09-14 11:00:00+00:00,1,105765,20321.5,63.742857142856984,2022-09-14 23:00:00+00:00,20281.5,0.15940217391304387,-0.7869234648139868,-0.6275212909009429,True,1.5,20225.885714285716,105768.0,2022-09-14 11:45:00+00:00,3.0,0.75,True,2.759300761990172,0.7720753025548611,0.7138265351859909,-1.658652173913044
1012,1012,2022-09-14 23:00:00+00:00,-1,105813,20281.5,102.37857142857163,2022-09-15 11:00:00+00:00,20103.5,0.09905148956952468,1.639593595199885,1.7386450847694097,False,1.5,20435.067857142858,,,,,,,,,
1013,1013,2022-09-15 11:30:00+00:00,1,105863,20135.6,85.01428571428525,2022-09-15 23:30:00+00:00,19706.6,0.11842480255419321,-5.164635523441467,-5.046210720887274,True,1.5,20008.07857142857,105870.0,2022-09-15 13:15:00+00:00,7.0,1.75,True,3.061586288018832,1.963451520752839,-3.6638855234414622,-1.6176748025541932
1014,1014,2022-09-15 23:30:00+00:00,-1,105911,19706.6,80.65714285714292,2022-09-16 11:30:00+00:00,19862.8,0.1221627701027275,-2.058755047821474,-1.9365922777187465,True,1.5,19827.585714285713,105929.0,2022-09-16 04:00:00+00:00,18.0,4.5,False,0.6250442791356863,2.784449167552232,-0.5595050478214726,-0.5595050478214726
1015,1015,2022-09-16 11:30:00+00:00,1,105959,19862.8,60.42857142857143,2022-09-16 23:30:00+00:00,19705.0,0.16434940898345154,-2.7756969267139358,-2.611347517730484,True,1.5,19772.15714285714,105963.0,2022-09-16 12:30:00+00:00,4.0,1.0,True,1.6905437352245485,0.4607565011820709,-1.2749469267139102,-1.6635994089834516
1016,1016,2022-09-16 23:30:00+00:00,1,106007,19705.0,52.97857142857174,2022-09-17 11:30:00+00:00,19832.7,0.18597141701496453,2.2244371039503847,2.4104085209653494,False,1.5,19625.53214285714,,,,,,,,,
1017,1017,2022-09-17 12:15:00+00:00,1,106058,19822.9,39.07857142857184,2022-09-18 00:15:00+00:00,19996.8,0.2536287698775334,4.196380369219421,4.450009139096954,False,1.5,19764.282142857144,,,,,,,,,
1018,1018,2022-09-18 10:00:00+00:00,-1,106145,19869.4,56.95714285714322,2022-09-18 22:00:00+00:00,19398.7,0.17442412841735533,8.089684223727074,8.26410835214443,True,1.5,19954.835714285717,106146.0,2022-09-18 10:15:00+00:00,1.0,0.25,False,1.479433157762652,11.04401805869073,9.588934223727081,9.588934223727081
1019,1019,2022-09-18 22:00:00+00:00,-1,106193,19398.7,93.69285714285668,2022-09-19 10:00:00+00:00,18451.2,0.10352283296485529,10.00930784478163,10.112830677746485,False,1.5,19539.239285714284,,,,,,,,,
1020,1020,2022-09-19 10:00:00+00:00,1,106241,18451.2,73.83571428571408,2022-09-19 22:00:00+00:00,19525.6,0.1249476637322244,14.426276095579,14.551223759311224,False,1.5,18340.44642857143,,,,,,,,,
1021,1021,2022-09-19 22:00:00+00:00,1,106289,19525.6,140.60714285714207,2022-09-20 10:00:00+00:00,19223.2,0.06943317246634531,-2.2201062738125446,-2.1506731013461993,True,1.5,19314.689285714285,106310.0,2022-09-20 03:15:00+00:00,21.0,5.25,False,1.184074168148331,1.8975615951232077,-0.7193562738125399,-0.7193562738125399
1022,1022,2022-09-20 13:45:00+00:00,-1,106352,18911.8,107.32142857142857,2022-09-21 01:45:00+00:00,18879.6,0.08810821963394343,0.21192505823627966,0.3000332778702231,True,1.5,19072.78214285714,106356.0,2022-09-20 14:45:00+00:00,4.0,1.0,True,1.7155740432612663,1.0341098169716993,1.7111750582362653,-1.5888582196339434
1023,1023,2022-09-21 01:45:00+00:00,-1,106400,18879.6,77.96428571428649,2022-09-21 13:45:00+00:00,19263.6,0.12107851580393833,-5.0464106275766785,-4.92533211177274,True,1.5,18996.54642857143,106401.0,2022-09-21 02:00:00+00:00,1.0,0.25,True,1.6219422812642843,1.5769583142464674,-3.5471606275766607,-1.6218285158039383
1024,1024,2022-09-21 13:45:00+00:00,1,106448,19263.6,77.57857142857107,2022-09-22 01:45:00+00:00,18501.2,0.12415541846975475,-9.951611453825633,-9.827456035355878,True,1.5,19147.23214285714,106453.0,2022-09-21 15:00:00+00:00,5.0,1.25,True,10.366678943007118,12.978685203940767,-8.450861453825624,-1.6234054184697548
1025,1025,2022-09-22 01:45:00+00:00,-1,106496,18501.2,108.73571428571475,2022-09-22 13:45:00+00:00,18893.2,0.08507416409380507,-3.690145437824329,-3.605071273730524,True,1.5,18664.303571428572,106499.0,2022-09-22 02:30:00+00:00,3.0,0.75,True,1.877914997043929,1.5947250870393377,-2.190895437824332,-1.585824164093805
1026,1026,2022-09-22 13:45:00+00:00,1,106544,18893.2,116.58571428571408,2022-09-23 01:45:00+00:00,19347.1,0.08102708001470423,3.812245803210379,3.8932728832250834,False,1.5,18718.32142857143,,,,,,,,,
1027,1027,2022-09-23 01:45:00+00:00,1,106592,19347.1,84.90714285714292,2022-09-23 13:45:00+00:00,18627.3,0.11393093295196424,-8.591427357617551,-8.477496424665587,True,1.5,19219.739285714284,106616.0,2022-09-23 07:45:00+00:00,24.0,6.0,True,1.6811222343736647,0.5377723563557191,-7.09067735761755,-1.6131809329519642
1028,1028,2022-09-23 13:45:00+00:00,-1,106640,18627.3,113.50000000000026,2022-09-24 01:45:00+00:00,19110.1,0.08205859030836984,-4.335803083700425,-4.2537444933920545,True,1.5,18797.55,106647.0,2022-09-23 15:30:00+00:00,7.0,1.75,True,1.7792951541850244,2.0832599118942747,-2.836553083700428,-1.58280859030837
1029,1029,2022-09-24 01:45:00+00:00,1,106688,19110.1,97.9142857142867,2022-09-24 13:45:00+00:00,19108.7,0.09758586227020619,-0.11188408228769177,-0.014298220017485586,True,1.5,18963.228571428568,106709.0,2022-09-24 07:00:00+00:00,21.0,5.25,False,0.49868689816160355,2.5917712284797276,1.3888659177123122,1.3888659177123122
1030,1030,2022-09-24 15:15:00+00:00,1,106742,19042.3,66.5,2022-09-25 03:15:00+00:00,19008.9,0.14317518796992482,-0.6454308270676363,-0.5022556390977115,True,1.5,18942.55,106766.0,2022-09-24 21:15:00+00:00,24.0,6.0,True,1.7977443609022448,2.2789473684210417,0.8553191729323637,-1.6424251879699248
1031,1031,2022-09-25 06:15:00+00:00,1,106802,19017.1,41.971428571428206,2022-09-25 18:15:00+00:00,18973.9,0.22654816201497813,-1.2558197753573275,-1.0292716133423494,True,1.5,18954.142857142855,106830.0,2022-09-25 13:15:00+00:00,28.0,7.0,True,2.390742001361459,2.9033356024507215,0.2449302246427004,-1.725798162014978
1032,1032,2022-09-25 18:15:00+00:00,1,106850,18973.9,69.12142857142837,2022-09-26 06:15:00+00:00,18744.0,0.1372504908546041,-3.4632812855224038,-3.3260307946678,True,1.5,18870.21785714286,106852.0,2022-09-25 18:45:00+00:00,2.0,0.5,True,2.8966105197892325,1.6027177844372973,-1.9625312855224115,-1.6365004908546041
1033,1033,2022-09-26 06:15:00+00:00,-1,106898,18744.0,64.69285714285745,2022-09-26 18:15:00+00:00,19103.5,0.14486916197416294,-5.70189687534501,-5.557027713370847,True,1.5,18841.039285714287,106902.0,2022-09-26 07:15:00+00:00,4.0,1.0,True,3.183670089433553,1.3732472121011388,-4.202646875344998,-1.645619161974163
1034,1034,2022-09-26 18:15:00+00:00,-1,106946,19103.5,89.14285714285741,2022-09-27 06:15:00+00:00,20283.1,0.10715104166666635,-13.339843349358919,-13.232692307692252,True,1.5,19237.214285714286,106952.0,2022-09-26 19:45:00+00:00,6.0,1.5,True,2.6203525641025425,1.9677884615384698,-11.840593349358917,-1.6079010416666664
1035,1035,2022-09-27 06:15:00+00:00,1,106994,20283.1,131.97142857142768,2022-09-27 18:15:00+00:00,18941.3,0.07684655769647161,-10.244198798441285,-10.167352240744814,True,1.5,20085.14285714286,107006.0,2022-09-27 09:15:00+00:00,12.0,3.0,True,1.702966009958878,2.1963628491015403,-8.743448798441298,-1.5760965576964716
1036,1036,2022-09-27 18:15:00+00:00,-1,107042,18941.3,197.67857142857142,2022-09-28 06:15:00+00:00,18780.3,0.04790934056007227,0.7665441373080398,0.8144534778681121,False,1.5,19237.817857142858,,,,,,,,,
1037,1037,2022-09-28 09:00:00+00:00,1,107101,18633.9,76.01428571428629,2022-09-28 21:00:00+00:00,19523.4,0.12256840819394758,11.579179383574429,11.701747791768376,False,1.5,18519.878571428573,,,,,,,,,
1038,1038,2022-09-28 21:00:00+00:00,1,107149,19523.4,118.04285714285677,2022-09-29 09:00:00+00:00,19415.0,0.08269623623381366,-1.0010067771995799,-0.9183105409657661,True,1.5,19346.335714285717,107169.0,2022-09-29 02:00:00+00:00,20.0,5.0,False,0.7364758562265623,2.3183468473919753,0.499743222800417,0.499743222800417
1039,1039,2022-09-29 09:00:00+00:00,-1,107197,19415.0,81.24285714285672,2022-09-29 21:00:00+00:00,19471.4,0.11948742746615149,-0.8137023034992309,-0.6942148760330794,True,1.5,19536.864285714284,107206.0,2022-09-29 11:15:00+00:00,9.0,2.25,False,1.377791454193794,8.735097590997027,0.6855476965007564,0.6855476965007564
1040,1040,2022-09-29 21:00:00+00:00,1,107245,19471.4,113.0142857142855,2022-09-30 09:00:00+00:00,19569.0,0.08614574642902305,0.7774618885096586,0.8636076349386816,False,1.5,19301.878571428573,,,,,,,,,
1041,1041,2022-09-30 09:00:00+00:00,1,107293,19569.0,70.57857142857132,2022-09-30 21:00:00+00:00,19381.3,0.13863272948082198,-2.798080153830598,-2.6594474243497763,True,1.5,19463.132142857143,107300.0,2022-09-30 10:45:00+00:00,7.0,1.75,True,5.626809027426381,0.7249772290253945,-1.2973301538305948,-1.637882729480822
1042,1042,2022-09-30 21:00:00+00:00,-1,107341,19381.3,116.30714285714306,2022-10-01 09:00:00+00:00,19329.9,0.08331947429834782,0.35861383037521855,0.4419333046735664,False,1.5,19555.760714285712,,,,,,,,,
1043,1043,2022-10-01 09:00:00+00:00,-1,107389,19329.9,31.621428571428105,2022-10-01 21:00:00+00:00,19255.9,0.3056455839168783,2.0345396430991944,2.3401852270160726,True,1.5,19377.332142857143,107406.0,2022-10-01 13:15:00+00:00,17.0,4.25,False,0.6061667043144234,5.911565394172187,3.53378964309919,3.53378964309919
1044,1044,2022-10-02 07:15:00+00:00,-1,107478,19279.7,44.69999999999969,2022-10-02 19:15:00+00:00,19239.5,0.2156565995525742,0.6836722595078509,0.8993288590604251,False,1.5,19346.75,,,,,,,,,
1045,1045,2022-10-02 21:30:00+00:00,-1,107535,19144.1,52.60714285714338,2022-10-03 09:30:00+00:00,19148.3,0.18195342837745915,-0.26179049558724815,-0.079837067209789,True,1.5,19223.010714285712,107538.0,2022-10-02 22:15:00+00:00,3.0,0.75,True,1.6516632722335858,6.216089613034524,1.237459504412727,-1.6827034283774591
1046,1046,2022-10-03 09:30:00+00:00,-1,107583,19148.3,47.37142857142862,2022-10-03 21:30:00+00:00,19568.2,0.2021081121833532,-9.066100874547669,-8.863992762364315,True,1.5,19219.35714285714,107588.0,2022-10-03 10:45:00+00:00,5.0,1.25,True,2.3989746682750606,0.89414957780455,-7.566850874547688,-1.7028581121833533
1047,1047,2022-10-03 21:30:00+00:00,1,107631,19568.2,71.70714285714323,2022-10-04 09:30:00+00:00,19971.8,0.13644526347245672,5.492003785237525,5.628449048709982,False,1.5,19460.639285714286,,,,,,,,,
1048,1048,2022-10-04 09:30:00+00:00,1,107679,19971.8,107.49285714285725,2022-10-04 21:30:00+00:00,20287.0,0.09289826566549263,2.8393895939929603,2.932287859658453,False,1.5,19810.56071428571,,,,,,,,,
1049,1049,2022-10-04 21:45:00+00:00,1,107728,20281.2,102.53571428571429,2022-10-05 09:45:00+00:00,20085.7,0.09889822361546499,-2.005550957854406,-1.906652734238941,True,1.5,20127.39642857143,107754.0,2022-10-05 04:15:00+00:00,26.0,6.5,False,1.215151515151519,1.585823754789275,-0.5048009578543959,-0.5048009578543959
1050,1050,2022-10-05 14:00:00+00:00,-1,107793,19853.6,86.89999999999964,2022-10-06 02:00:00+00:00,20386.4,0.11423245109321106,-6.245417721519047,-6.131185270425836,True,1.5,19983.949999999997,107799.0,2022-10-05 15:30:00+00:00,6.0,1.5,True,1.7071346375144165,0.9326812428077788,-4.746167721519058,-1.6149824510932111
1051,1051,2022-10-06 02:00:00+00:00,1,107841,20386.4,84.06428571428556,2022-10-06 14:00:00+00:00,19937.2,0.1212548219899739,-5.464784433681725,-5.343529611691751,True,1.5,20260.303571428572,107853.0,2022-10-06 05:00:00+00:00,12.0,3.0,True,1.847438185062468,1.2882572860905497,-3.964034433681717,-1.6205048219899738
1052,1052,2022-10-06 14:15:00+00:00,-1,107890,19872.8,113.20714285714295,2022-10-07 02:15:00+00:00,20021.1,0.0877718468042147,-1.3977598586661544,-1.3099880118619396,True,1.5,20042.610714285714,107891.0,2022-10-06 14:30:00+00:00,1.0,0.25,True,1.9564956779607383,1.5450501608934257,0.10149014133385272,-1.5885218468042146
1053,1053,2022-10-07 06:45:00+00:00,-1,107956,19846.4,47.37142857142862,2022-10-07 18:45:00+00:00,19446.4,0.20947647768395639,8.234431845597095,8.443908323281052,True,1.5,19917.457142857143,107958.0,2022-10-07 07:15:00+00:00,2.0,0.5,True,1.9598914354643844,0.7907117008444031,9.733681845597076,-1.7102264776839564
1054,1054,2022-10-07 18:45:00+00:00,-1,108004,19446.4,83.7428571428575,2022-10-08 06:45:00+00:00,19504.9,0.11610781303309402,-0.8146748549982906,-0.6985670419651966,True,1.5,19572.01428571429,108013.0,2022-10-07 21:00:00+00:00,9.0,2.25,False,0.7604912998976103,1.859433640395811,0.6845751450017264,0.6845751450017264
1055,1055,2022-10-08 22:15:00+00:00,-1,108114,19347.1,52.56428571428608,2022-10-09 10:15:00+00:00,19409.7,0.18403274901481048,-1.3749554287267611,-1.1909226797119505,True,1.5,19425.946428571428,108119.0,2022-10-08 23:30:00+00:00,5.0,1.25,False,0.3472618562304973,2.205802418806868,0.12429457127323634,0.12429457127323634
1056,1056,2022-10-09 10:45:00+00:00,-1,108164,19480.0,35.3142857142853,2022-10-09 22:45:00+00:00,19390.3,0.2758090614886764,2.2642394822006944,2.540048543689371,True,1.5,19532.97142857143,108166.0,2022-10-09 11:15:00+00:00,2.0,0.5,False,0.4822006472491849,5.66262135922338,3.763489482200724,3.763489482200724
1057,1057,2022-10-09 23:15:00+00:00,-1,108214,19401.3,37.11428571428587,2022-10-10 11:15:00+00:00,19346.7,0.26137240184757393,1.2097592378752444,1.4711316397228185,True,1.5,19456.97142857143,108219.0,2022-10-10 00:30:00+00:00,5.0,1.25,True,1.509622786759028,1.6697459584295653,2.709009237875269,-1.762122401847574
1058,1058,2022-10-10 11:45:00+00:00,1,108264,19323.2,51.121428571428886,2022-10-10 23:45:00+00:00,19124.0,0.18899315355595803,-4.085597876205103,-3.896604722649145,True,1.5,19246.51785714286,108275.0,2022-10-10 14:30:00+00:00,11.0,2.75,True,2.8660751711611137,2.824297890177429,-2.5848478762051283,-1.688243153555958
1059,1059,2022-10-10 23:45:00+00:00,-1,108312,19124.0,56.59285714285709,2022-10-11 11:45:00+00:00,19149.9,0.16896125205099094,-0.6266161807396451,-0.45765492868865415,False,1.5,19208.889285714286,,,,,,,,,
1060,1060,2022-10-11 11:45:00+00:00,1,108360,19149.9,38.27857142857153,2022-10-11 23:45:00+00:00,19055.0,0.2501386452696392,-2.729332524724793,-2.4791938794551536,True,1.5,19092.482142857145,108366.0,2022-10-11 13:15:00+00:00,6.0,1.5,True,3.6961186788580402,1.5287367046090103,-1.2285825247248132,-1.7493886452696392
1061,1061,2022-10-11 23:45:00+00:00,1,108408,19055.0,36.50714285714275,2022-10-12 11:45:00+00:00,19107.2,0.2609763255722958,1.168880845235789,1.429857170808085,False,1.5,19000.239285714284,,,,,,,,,
1062,1062,2022-10-12 11:45:00+00:00,1,108456,19107.2,31.27857142857179,2022-10-12 23:45:00+00:00,19148.0,0.3054359442795124,0.9989714546699812,1.3044073989494935,True,1.5,19060.282142857144,108459.0,2022-10-12 12:30:00+00:00,3.0,0.75,True,4.347453756565442,3.824274948618365,2.4997214546699436,-1.8046859442795125
1063,1063,2022-10-13 02:30:00+00:00,-1,108515,19066.3,30.785714285714025,2022-10-13 14:30:00+00:00,18409.8,0.3096614849187961,21.01516450116027,21.324825986079066,False,1.5,19112.47857142857,,,,,,,,,
1064,1064,2022-10-13 14:30:00+00:00,1,108563,18409.8,180.94999999999996,2022-10-14 02:30:00+00:00,19801.0,0.05086985355070463,7.63744183476099,7.688311688311694,False,1.5,18138.375,,,,,,,,,
1065,1065,2022-10-14 02:30:00+00:00,1,108611,19801.0,90.92142857142893,2022-10-14 14:30:00+00:00,19379.3,0.10889072197344604,-4.74696126954198,-4.6380705475685335,True,1.5,19664.617857142857,108630.0,2022-10-14 07:15:00+00:00,19.0,4.75,True,1.5905805640663,1.1502474664152744,-3.246211269541987,-1.608140721973446
1066,1066,2022-10-14 14:30:00+00:00,-1,108659,19379.3,103.82857142857158,2022-10-15 02:30:00+00:00,19179.9,0.09332354155200867,1.82714976609794,1.9204733076499487,False,1.5,19535.042857142857,,,,,,,,,
1067,1067,2022-10-15 08:45:00+00:00,1,108732,19061.1,29.70000000000047,2022-10-15 20:45:00+00:00,19088.3,0.32089393939393435,0.5949309764309916,0.9158249158249259,False,1.5,19016.55,,,,,,,,,
1068,1068,2022-10-16 01:00:00+00:00,-1,108797,19115.2,43.65714285714239,2022-10-16 13:00:00+00:00,19122.0,0.21892408376963587,-0.3746832460732858,-0.15575916230364992,True,1.5,19180.685714285715,108826.0,2022-10-16 08:15:00+00:00,29.0,7.25,False,0.16753926701568717,2.306282722513135,1.124566753926735,1.124566753926735
1069,1069,2022-10-16 19:30:00+00:00,-1,108871,19326.8,30.992857142856728,2022-10-17 07:30:00+00:00,19261.4,0.3117944226780406,1.7983692094952293,2.1101636321732697,True,1.5,19373.289285714283,108872.0,2022-10-16 19:45:00+00:00,1.0,0.25,False,1.3748559575940582,9.075939156487713,3.2976192094951955,3.2976192094951955
1070,1070,2022-10-17 08:00:00+00:00,1,108921,19281.0,38.16428571428566,2022-10-17 20:00:00+00:00,19500.4,0.25260527793374543,5.496224967246911,5.748830245180656,False,1.5,19223.753571428573,,,,,,,,,
1071,1071,2022-10-18 12:45:00+00:00,1,109036,19620.6,44.42857142857117,2022-10-19 00:45:00+00:00,19226.1,0.22081061093247717,-9.10023183279748,-8.879421221865003,True,1.5,19553.957142857143,109039.0,2022-10-18 13:30:00+00:00,3.0,0.75,True,2.8102893890675875,2.7019292604501626,-7.599481832797519,-1.7200606109324772
1072,1072,2022-10-19 08:30:00+00:00,-1,109115,19179.2,49.492857142856984,2022-10-19 20:30:00+00:00,19181.4,0.19375725212873493,-0.2382081108385203,-0.04445085870978537,True,1.5,19253.439285714285,109120.0,2022-10-19 09:45:00+00:00,5.0,1.25,False,0.9407562418819674,4.110477702410154,1.2610418891614508,1.2610418891614508
1073,1073,2022-10-20 00:45:00+00:00,-1,109180,18963.4,55.17142857142816,2022-10-20 12:45:00+00:00,19126.6,0.1718588814085979,-3.129911703780395,-2.9580528223717972,True,1.5,19046.157142857144,109185.0,2022-10-20 02:00:00+00:00,5.0,1.25,True,2.085189021232526,0.7441740031072548,-1.6306617037803859,-1.672608881408598
1074,1074,2022-10-20 12:45:00+00:00,1,109228,19126.6,51.38571428571413,2022-10-21 00:45:00+00:00,19039.6,0.18610814567695358,-1.8791857103141563,-1.6930775646372027,True,1.5,19049.52142857143,109249.0,2022-10-20 18:00:00+00:00,21.0,5.25,True,1.845287739783138,0.8188768418126019,-0.3784357103141741,-1.6853581456769535
1075,1075,2022-10-21 00:45:00+00:00,-1,109276,19039.6,41.02857142857101,2022-10-21 12:45:00+00:00,18870.1,0.23202855153203578,3.899238857938758,4.1312674094707935,True,1.5,19101.142857142855,109283.0,2022-10-21 02:30:00+00:00,7.0,1.75,False,0.6253481894150811,12.21448467966581,5.398488857938758,5.398488857938758
1076,1076,2022-10-21 12:45:00+00:00,-1,109324,18870.1,79.45714285714348,2022-10-22 00:45:00+00:00,19156.8,0.11874388709097353,-3.7269783351312276,-3.608234448040254,True,1.5,18989.285714285714,109325.0,2022-10-21 13:00:00+00:00,1.0,0.25,True,1.6425746134483843,1.7529665587917813,-2.2277283351312276,-1.6194938870909734
1077,1077,2022-10-22 13:30:00+00:00,1,109423,19196.4,23.742857142857247,2022-10-23 01:30:00+00:00,19163.9,0.4042563176895289,-1.773089049338139,-1.3688327316486102,True,1.5,19160.785714285717,109439.0,2022-10-22 17:30:00+00:00,16.0,4.0,True,1.6335740072203409,0.9651022864018205,-0.2723390493382158,-1.903506317689529
1078,1078,2022-10-23 15:45:00+00:00,1,109528,19180.6,24.90714285714395,2022-10-24 03:45:00+00:00,19384.0,0.38504215658157187,7.78128993404044,8.166332090622012,False,1.5,19143.239285714284,,,,,,,,,
1079,1079,2022-10-24 04:15:00+00:00,-1,109578,19302.3,56.42142857142868,2022-10-24 16:15:00+00:00,19279.5,0.1710546904671474,0.23304709456891945,0.40410178503606686,True,1.5,19386.932142857142,109600.0,2022-10-24 09:45:00+00:00,22.0,5.5,False,0.937017343967591,4.270224078997319,1.732297094568915,1.732297094568915
1080,1080,2022-10-24 16:15:00+00:00,-1,109626,19279.5,62.007142857143535,2022-10-25 04:15:00+00:00,19323.9,0.1554619283492668,-0.8715084667665154,-0.7160465384172486,True,1.5,19372.510714285716,109637.0,2022-10-24 19:00:00+00:00,11.0,2.75,False,0.6884575509733676,2.1015436009676227,0.627741533233495,0.627741533233495
1081,1081,2022-10-25 10:00:00+00:00,-1,109697,19250.4,30.078571428571585,2022-10-25 22:00:00+00:00,20076.3,0.3200018997862724,-27.77808786511496,-27.458085965328685,True,1.5,19295.51785714286,109702.0,2022-10-25 11:15:00+00:00,5.0,1.25,True,2.775469009736338,1.513298503918353,-26.278837865114962,-1.8207518997862724
1082,1082,2022-10-25 22:00:00+00:00,1,109745,20076.3,111.17142857142815,2022-10-26 10:00:00+00:00,20553.5,0.09029433307633034,4.20217546903112,4.29246980210745,False,1.5,19909.542857142857,,,,,,,,,
1083,1083,2022-10-26 17:00:00+00:00,1,109821,20780.1,146.8785714285719,2022-10-27 05:00:00+00:00,20819.2,0.07073904585906703,0.19546724699704776,0.2662062928561148,False,1.5,20559.78214285714,,,,,,,,,
1084,1084,2022-10-28 13:15:00+00:00,-1,109998,20334.5,85.39999999999989,2022-10-29 01:15:00+00:00,20619.9,0.1190544496487121,-3.4609748243559935,-3.341920374707281,True,1.5,20462.6,109999.0,2022-10-28 13:30:00+00:00,1.0,0.25,True,2.779859484777538,1.6955503512880499,-1.9617248243560084,-1.619804449648712
1085,1085,2022-10-29 09:15:00+00:00,1,110078,20888.1,61.17857142857117,2022-10-29 21:15:00+00:00,20862.2,0.17071418563923013,-0.5940650321073807,-0.4233508464681506,True,1.5,20796.332142857143,110084.0,2022-10-29 10:45:00+00:00,6.0,1.5,True,2.6043782837128058,1.0619381202568416,0.9066849678925918,-1.6699641856392302
1086,1086,2022-10-31 14:00:00+00:00,-1,110289,20338.4,97.80714285714281,2022-11-01 02:00:00+00:00,20501.0,0.10397195647411094,-1.7664272255897033,-1.6624552691155925,True,1.5,20485.110714285714,110298.0,2022-10-31 16:15:00+00:00,9.0,2.25,False,0.6481048711020211,1.7034616227269437,-0.2671772255897154,-0.2671772255897154
1087,1087,2022-11-01 15:00:00+00:00,-1,110389,20445.7,62.10714285714338,2022-11-02 03:00:00+00:00,20500.9,0.16460023001724994,-1.053386889016679,-0.8887866589994292,False,1.5,20538.860714285714,,,,,,,,,
1088,1088,2022-11-02 19:30:00+00:00,-1,110503,20274.4,194.6642857142854,2022-11-03 07:30:00+00:00,20282.1,0.05207529446299499,-0.09163057278096345,-0.039555278317968456,False,1.5,20566.39642857143,,,,,,,,,
1089,1089,2022-11-03 07:45:00+00:00,1,110552,20293.8,37.15714285714265,2022-11-03 19:45:00+00:00,20253.7,0.2730807381776255,-1.3522810457516024,-1.079200307573977,True,1.5,20238.064285714285,110565.0,2022-11-03 11:00:00+00:00,13.0,3.25,True,3.6618608227604716,0.837946943483325,0.1484689542484116,-1.7723307381776254
1090,1090,2022-11-04 06:00:00+00:00,1,110641,20563.0,47.514285714285506,2022-11-04 18:00:00+00:00,20740.1,0.2163875526157556,3.510912507516521,3.7273000601322765,True,1.5,20491.72857142857,110665.0,2022-11-04 12:00:00+00:00,24.0,6.0,True,2.9828622970535372,4.770595309681344,5.011662507516521,-1.7156375526157557
1091,1091,2022-11-04 18:00:00+00:00,-1,110689,20740.1,114.33571428571433,2022-11-05 06:00:00+00:00,21406.2,0.09069825701255696,-5.9165244580496195,-5.825826201037063,True,1.5,20911.60357142857,110690.0,2022-11-04 18:15:00+00:00,1.0,0.25,True,1.6477478603111104,1.5822140313612751,-4.417274458049605,-1.591448257012557
1092,1092,2022-11-07 01:30:00+00:00,-1,110911,20968.2,80.62142857142759,2022-11-07 13:30:00+00:00,20706.8,0.130041109240721,3.1122730574998343,3.2423141667405555,False,1.5,21089.132142857143,,,,,,,,,
1093,1093,2022-11-07 17:30:00+00:00,-1,110975,20689.9,62.47857142857148,2022-11-08 05:30:00+00:00,19680.1,0.16557596890362397,15.996765405281845,16.16234137418547,True,1.5,20783.617857142857,110983.0,2022-11-07 19:30:00+00:00,8.0,2.0,True,1.6322739224876839,0.48045044015093347,17.49601540528182,-1.666325968903624
1094,1094,2022-11-08 05:30:00+00:00,-1,111023,19680.1,213.32857142857134,2022-11-08 17:30:00+00:00,19758.5,0.04612626397910669,-0.4136344672872232,-0.3675082033081165,True,1.5,20000.092857142856,111065.0,2022-11-08 16:00:00+00:00,42.0,10.5,True,3.210573896738774,2.480178128976088,1.0856155327127779,-1.5468762639791067
1095,1095,2022-11-08 17:30:00+00:00,1,111071,19758.5,298.0785714285718,2022-11-09 05:30:00+00:00,18437.5,0.03314310704272599,-4.464860535333439,-4.431717428290713,True,1.5,19311.382142857143,111072.0,2022-11-08 17:45:00+00:00,1.0,0.25,True,1.715595121132968,1.6868634827825844,-2.964110535333441,-1.532393107042726
1096,1096,2022-11-09 05:30:00+00:00,1,111119,18437.5,144.70714285714323,2022-11-09 17:30:00+00:00,17011.6,0.06370625401056304,-9.9174009082383,-9.853694654227736,True,1.5,18220.439285714285,111127.0,2022-11-09 07:30:00+00:00,8.0,2.0,True,2.6131349030060633,0.7902907349819828,-8.416650908238296,-1.562956254010563
1097,1097,2022-11-09 18:30:00+00:00,1,111171,16502.3,326.5,2022-11-10 06:30:00+00:00,16696.5,0.02527151607963246,0.5695217457886699,0.5947932618683024,True,1.5,16012.55,111181.0,2022-11-09 21:00:00+00:00,10.0,2.5,True,1.6843797856048972,0.7073506891271079,2.07027174578867,-1.5245215160796324
1098,1098,2022-11-10 06:45:00+00:00,1,111220,16674.0,186.7642857142859,2022-11-10 18:45:00+00:00,17345.8,0.044639155543656966,3.5524083068803227,3.59704746242398,True,1.5,16393.85357142857,111235.0,2022-11-10 10:30:00+00:00,15.0,3.75,False,0.7691704593261147,8.530252036562501,5.053158306880319,5.053158306880319
1099,1099,2022-11-10 18:45:00+00:00,1,111268,17345.8,236.11428571428613,2022-11-11 06:45:00+00:00,17261.3,0.03673178848015483,-0.3946093296224582,-0.35787754114230336,True,1.5,16991.62857142857,111302.0,2022-11-11 03:15:00+00:00,34.0,8.5,False,0.4727734753146089,1.8320425943852934,1.106140670377544,1.106140670377544
1100,1100,2022-11-11 06:45:00+00:00,-1,111316,17261.3,130.1428571428574,2022-11-11 18:45:00+00:00,16831.1,0.0663167398463226,3.2392815038419314,3.305598243688254,True,1.5,17456.514285714286,111318.0,2022-11-11 07:15:00+00:00,2.0,0.5,False,0.7183315038419321,8.556092206366612,4.738531503841933,4.738531503841933
1101,1101,2022-11-12 09:15:00+00:00,1,111422,16853.2,77.10714285714286,2022-11-12 21:15:00+00:00,16780.0,0.10928429828624363,-1.0586126910606857,-0.949328392774442,False,1.5,16737.539285714287,,,,,,,,,
1102,1102,2022-11-13 07:00:00+00:00,-1,111509,16742.4,52.52142857142878,2022-11-13 19:00:00+00:00,16508.9,0.15938637290901614,4.286418060655498,4.445804433564514,False,1.5,16821.182142857146,,,,,,,,,
1103,1103,2022-11-13 19:00:00+00:00,-1,111557,16508.9,56.185714285714184,2022-11-14 07:00:00+00:00,16497.0,0.1469136791253499,0.06488393084162275,0.21179760996697264,True,1.5,16593.178571428572,111603.0,2022-11-14 06:30:00+00:00,46.0,11.5,True,2.6612001017035336,11.680523773201164,1.5641339308416182,-1.6476636791253498
1104,1104,2022-11-14 07:30:00+00:00,1,111607,16820.0,211.56428571428543,2022-11-14 19:30:00+00:00,16415.3,0.03975151085451911,-1.952645261487565,-1.9128937506330457,True,1.5,16502.65357142857,111632.0,2022-11-14 13:45:00+00:00,25.0,6.25,False,0.7215469799790665,2.7974779702218227,-0.45189526148756076,-0.45189526148756076
1105,1105,2022-11-14 20:00:00+00:00,-1,111657,16244.9,106.26428571428512,2022-11-15 08:00:00+00:00,16816.2,0.0764363110842244,-5.452654634671009,-5.376218323586785,True,1.5,16404.296428571426,111664.0,2022-11-14 21:45:00+00:00,7.0,1.75,True,1.7099213551119508,0.5768300060495866,-3.953404634671021,-1.5771863110842244
1106,1106,2022-11-15 08:00:00+00:00,1,111705,16816.2,67.72857142857174,2022-11-15 20:00:00+00:00,16830.5,0.12414406243408507,0.08699282851717932,0.2111368909512644,True,1.5,16714.607142857145,111718.0,2022-11-15 11:15:00+00:00,13.0,3.25,True,1.6035646488082915,6.091858257751481,1.5877428285171524,-1.623394062434085
1107,1107,2022-11-15 22:15:00+00:00,1,111762,16858.0,82.11428571428534,2022-11-16 10:15:00+00:00,16709.8,0.10264961725817723,-1.907451287404332,-1.8048016701461547,True,1.5,16734.82857142857,111803.0,2022-11-16 08:30:00+00:00,41.0,10.25,False,0.9112734864300528,0.7936673625609082,-0.40670128740431133,-0.40670128740431133
1108,1108,2022-11-16 10:15:00+00:00,-1,111810,16709.8,60.528571428571276,2022-11-16 22:15:00+00:00,16516.4,0.13803233419872588,3.0571529383997826,3.1951852725985086,False,1.5,16800.592857142856,,,,,,,,,
1109,1109,2022-11-17 02:00:00+00:00,1,111873,16654.9,69.68571428571418,2022-11-17 14:00:00+00:00,16496.8,0.11950010250102519,-2.388257790077936,-2.2687576875769104,True,1.5,16550.37142857143,111879.0,2022-11-17 03:30:00+00:00,6.0,1.5,True,2.11049610496109,0.6016810168101316,-0.8875077900779395,-1.6187501025010251
1110,1110,2022-11-17 16:00:00+00:00,-1,111929,16590.5,81.05714285714281,2022-11-18 04:00:00+00:00,16784.7,0.10233829749735641,-2.4981789742686042,-2.3958406767712477,True,1.5,16712.085714285713,111937.0,2022-11-17 18:00:00+00:00,8.0,2.0,True,2.8709904829044848,1.461755375396549,-0.9989289742686185,-1.6030882974973564
1111,1111,2022-11-18 04:00:00+00:00,1,111977,16784.7,56.10000000000063,2022-11-18 16:00:00+00:00,16697.5,0.1495962566844903,-1.703963458110511,-1.5543672014260206,True,1.5,16700.55,111993.0,2022-11-18 08:00:00+00:00,16.0,4.0,True,1.7923351158644947,2.5730837789661423,-0.20321345811050168,-1.6488462566844904
1112,1112,2022-11-18 18:45:00+00:00,-1,112036,16580.3,45.88571428571491,2022-11-19 06:45:00+00:00,16603.9,0.18066952054794275,-0.6949908156911963,-0.5143212951432535,True,1.5,16649.128571428573,112040.0,2022-11-18 19:45:00+00:00,4.0,1.0,True,1.537982565379782,1.462951432129533,0.8042591843088377,-1.6814195205479427
1113,1113,2022-11-20 11:45:00+00:00,1,112200,16517.5,53.792857142858075,2022-11-20 23:45:00+00:00,16272.6,0.15352874784224937,-4.706177798433054,-4.552649050590805,True,1.5,16436.81071428571,112239.0,2022-11-20 21:30:00+00:00,39.0,9.75,True,4.301885539768837,1.085446819811491,-3.2054277984330306,-1.6527787478422493
1114,1114,2022-11-20 23:45:00+00:00,-1,112248,16272.6,81.39285714285701,2022-11-21 11:45:00+00:00,16077.6,0.0999633172444056,2.2958243089074193,2.395787626151825,False,1.5,16394.689285714285,,,,,,,,,
1115,1115,2022-11-21 13:45:00+00:00,1,112304,16167.7,62.014285714285634,2022-11-22 01:45:00+00:00,15807.5,0.13035464178760672,-5.938693734162655,-5.808339092375048,True,1.5,16074.678571428572,112313.0,2022-11-21 16:00:00+00:00,9.0,2.25,True,1.844390693388651,0.9194885970974391,-4.4379437341626575,-1.6296046417876067
1116,1116,2022-11-22 03:15:00+00:00,1,112358,15870.9,67.24285714285686,2022-11-22 15:15:00+00:00,16197.7,0.11801179094964995,4.741983960059522,4.859995751009172,True,1.5,15770.035714285714,112366.0,2022-11-22 05:15:00+00:00,8.0,2.0,True,1.755364350966645,1.5520501380922118,6.242733960059531,-1.6172617909496498
1117,1117,2022-11-22 15:15:00+00:00,1,112406,16197.7,104.28571428571442,2022-11-23 03:15:00+00:00,16559.5,0.07766020547945196,3.391654863013687,3.469315068493139,True,1.5,16041.271428571428,112417.0,2022-11-22 18:00:00+00:00,11.0,2.75,False,0.012191780821914803,5.194657534246572,4.892404863013695,4.892404863013695
1118,1118,2022-11-23 03:15:00+00:00,1,112454,16559.5,75.36428571428574,2022-11-23 15:15:00+00:00,16457.1,0.10986304615676235,-1.468596815467747,-1.3587337693109847,True,1.5,16446.45357142857,112464.0,2022-11-23 05:45:00+00:00,10.0,2.5,False,1.4390579092029034,3.284664960667249,0.032153184532267676,0.032153184532267676
1119,1119,2022-11-23 18:30:00+00:00,-1,112515,16451.8,52.15714285714252,2022-11-24 06:30:00+00:00,16700.1,0.1577137770473853,-4.9183273075869804,-4.760613530539596,True,1.5,16530.035714285714,112516.0,2022-11-23 18:45:00+00:00,1.0,0.25,True,3.3238838674336395,1.6476307860860324,-3.4190773075869667,-1.6584637770473853
1120,1120,2022-11-25 06:15:00+00:00,-1,112658,16416.4,44.485714285714884,2022-11-25 18:15:00+00:00,16502.1,0.18451316634553383,-2.1109743095695914,-1.9264611432240577,True,1.5,16483.128571428573,112665.0,2022-11-25 08:00:00+00:00,7.0,1.75,True,2.26525369299932,1.868657675016071,-0.6117243095696047,-1.6852631663455337
1121,1121,2022-11-28 00:15:00+00:00,-1,112922,16473.1,39.57857142857237,2022-11-28 12:15:00+00:00,16221.3,0.2081062985020705,6.153922216206297,6.362028514708367,False,1.5,16532.467857142856,,,,,,,,,
1122,1122,2022-11-28 12:15:00+00:00,1,112970,16221.3,27.04285714285691,2022-11-29 00:15:00+00:00,16132.0,0.29991838351822764,-3.602084257791869,-3.302165874273641,True,1.5,16180.735714285714,112971.0,2022-11-28 12:30:00+00:00,1.0,0.25,True,1.5063391442155516,1.7588483888008257,-2.1013342577918905,-1.7991683835182277
1123,1123,2022-11-29 04:30:00+00:00,1,113035,16433.5,51.29999999999992,2022-11-29 16:30:00+00:00,16406.9,0.1601705653021445,-0.6786890838206354,-0.518518518518491,True,1.5,16356.55,113076.0,2022-11-29 14:45:00+00:00,41.0,10.25,False,0.8567251461988105,1.8801169590643447,0.822060916179381,0.822060916179381
1124,1124,2022-11-29 16:30:00+00:00,-1,113083,16406.9,55.6071428571426,2022-11-30 04:30:00+00:00,16843.9,0.14752511239563332,-8.006227745664777,-7.858702633269144,True,1.5,16490.310714285715,113097.0,2022-11-29 20:00:00+00:00,14.0,3.5,True,7.358574181117551,1.3399486191394068,-6.50697774566478,-1.6482751123956334
1125,1125,2022-11-30 04:30:00+00:00,1,113131,16843.9,62.52857142857205,2022-11-30 16:30:00+00:00,16830.0,0.13468962759881065,-0.3569880054832274,-0.22229837788441675,False,1.5,16750.107142857145,,,,,,,,,
1126,1126,2022-11-30 18:30:00+00:00,-1,113187,16867.6,64.89285714285663,2022-12-01 06:30:00+00:00,17104.6,0.12996499724821237,-3.7821389102917196,-3.6521739130435074,True,1.5,16964.939285714285,113189.0,2022-11-30 19:00:00+00:00,2.0,0.5,True,2.6776554760594857,0.8312052834342244,-2.2828889102916996,-1.6307149972482125
1127,1127,2022-12-01 13:30:00+00:00,-1,113263,17125.6,47.34285714285683,2022-12-02 01:30:00+00:00,16939.1,0.1808678334339179,3.758480386240218,3.939348219674136,False,1.5,17196.614285714284,,,,,,,,,
1128,1128,2022-12-02 13:30:00+00:00,-1,113359,16877.5,58.37857142857138,2022-12-03 01:30:00+00:00,17033.4,0.14455218402055564,-2.8150526122599078,-2.670500428239352,True,1.5,16965.067857142858,113365.0,2022-12-02 15:00:00+00:00,6.0,1.5,True,1.5507769484888891,1.404074391288429,-1.315802612259892,-1.6453021840205557
1129,1129,2022-12-04 07:30:00+00:00,1,113527,16992.9,27.800000000000313,2022-12-04 19:30:00+00:00,17090.0,0.3056276978417232,3.187178057553868,3.4928057553955916,True,1.5,16951.2,113542.0,2022-12-04 11:15:00+00:00,15.0,3.75,True,2.1294964028777,1.3633093525178916,4.6879280575538775,-1.8048776978417231
1130,1130,2022-12-05 03:30:00+00:00,1,113607,17191.0,53.98571428571423,2022-12-05 15:30:00+00:00,17072.0,0.1592180471024082,-2.3635048954749958,-2.2042868483725875,True,1.5,17110.02142857143,113653.0,2022-12-05 15:00:00+00:00,46.0,11.5,True,1.8527388197935923,1.6333686160360092,-0.8627548954749884,-1.6584680471024082
1131,1131,2022-12-05 15:30:00+00:00,-1,113655,17072.0,51.05714285714281,2022-12-06 03:30:00+00:00,17014.2,0.16718522663682164,0.9648796866256162,1.1320649132624379,False,1.5,17148.585714285713,,,,,,,,,
1132,1132,2022-12-06 04:00:00+00:00,1,113705,16986.3,35.35714285714338,2022-12-06 16:00:00+00:00,16982.6,0.24021030303029947,-0.34485676767678314,-0.10464646464648368,True,1.5,16933.264285714286,113729.0,2022-12-06 10:00:00+00:00,24.0,6.0,False,0.9436363636363027,2.546464646464594,1.1558932323231799,1.1558932323231799
1133,1133,2022-12-07 07:15:00+00:00,-1,113814,16807.2,42.20000000000021,2022-12-07 19:15:00+00:00,16789.0,0.19913744075829287,0.2321421800948028,0.4312796208530957,True,1.5,16870.5,113843.0,2022-12-07 14:30:00+00:00,29.0,7.25,False,0.37914691943127776,2.4170616113743955,1.731392180094778,1.731392180094778
1134,1134,2022-12-08 13:00:00+00:00,1,113933,16811.9,29.985714285713716,2022-12-09 01:00:00+00:00,17230.5,0.28033182467842366,13.679649118628129,13.959980943306553,False,1.5,16766.92142857143,,,,,,,,,
1135,1135,2022-12-12 02:15:00+00:00,-1,114274,16936.9,41.15714285714291,2022-12-12 14:15:00+00:00,16990.7,0.20575893786879532,-1.5129439430753016,-1.3071850052065062,True,1.5,16998.635714285716,114308.0,2022-12-12 10:45:00+00:00,34.0,8.5,False,1.2480041652203677,2.085560569246845,-0.013693943075298337,-0.013693943075298337
1136,1136,2022-12-12 14:15:00+00:00,1,114322,16990.7,27.628571428571636,2022-12-13 02:15:00+00:00,17129.6,0.30748422957600596,4.719920113753764,5.02740434332977,False,1.5,16949.257142857143,,,,,,,,,
1137,1137,2022-12-13 10:15:00+00:00,1,114402,17423.4,59.89285714285688,2022-12-13 22:15:00+00:00,17739.9,0.14545474060822963,5.138981753130612,5.284436493738842,False,1.5,17333.560714285715,,,,,,,,,
1138,1138,2022-12-14 19:00:00+00:00,1,114533,17934.5,148.478571428572,2022-12-15 07:00:00+00:00,17715.4,0.060394236782604284,-1.5360280463751226,-1.4756338095925183,True,1.5,17711.78214285714,114535.0,2022-12-14 19:30:00+00:00,2.0,0.5,False,1.0222494828498387,1.566676288064675,-0.03527804637511297,-0.03527804637511297
1139,1139,2022-12-15 11:45:00+00:00,-1,114600,17712.1,33.01428571428629,2022-12-15 23:45:00+00:00,17351.8,0.26824902639549514,10.64520835136284,10.913457377758334,False,1.5,17761.621428571427,,,,,,,,,
1140,1140,2022-12-16 00:30:00+00:00,-1,114651,17381.9,50.29285714285756,2022-12-16 12:30:00+00:00,17005.5,0.1728068456185187,7.311357335605707,7.484164181224226,True,1.5,17457.339285714286,114677.0,2022-12-16 07:00:00+00:00,26.0,6.5,False,1.4049850873455256,10.883042181508229,8.810607335605676,8.810607335605676
1141,1141,2022-12-16 12:30:00+00:00,-1,114699,17005.5,55.57142857142883,2022-12-17 00:30:00+00:00,16680.2,0.15300578406169596,5.700721722364999,5.8537275064266945,False,1.5,17088.857142857145,,,,,,,,,
1142,1142,2022-12-17 05:00:00+00:00,-1,114765,16707.0,41.9357142857147,2022-12-17 17:00:00+00:00,16674.9,0.1991977516607032,0.5662595809912729,0.7654573326519761,False,1.5,16769.90357142857,,,,,,,,,
1143,1143,2022-12-17 23:00:00+00:00,-1,114837,16736.2,23.88571428571413,2022-12-18 11:00:00+00:00,16702.9,0.35033911483253816,1.0437996411483017,1.3941387559808398,True,1.5,16772.02857142857,114840.0,2022-12-17 23:45:00+00:00,3.0,0.75,False,0.9617224880383012,4.857655502392359,2.5430496411482637,2.5430496411482637
1144,1144,2022-12-18 11:00:00+00:00,1,114885,16702.9,25.27142857142852,2022-12-18 23:00:00+00:00,16799.3,0.3304700395703795,3.484114471452719,3.8145845110230985,True,1.5,16664.992857142857,114901.0,2022-12-18 15:00:00+00:00,16.0,4.0,False,0.06698699830415966,8.191351045788593,4.9848644714527754,4.9848644714527754
1145,1145,2022-12-18 23:00:00+00:00,-1,114933,16799.3,34.52142857142878,2022-12-19 11:00:00+00:00,16745.0,0.2433169873784384,1.3296190771777074,1.5729360645561459,False,1.5,16851.082142857143,,,,,,,,,
1146,1146,2022-12-19 14:45:00+00:00,-1,114996,16727.5,33.27142857142852,2022-12-20 02:45:00+00:00,16712.9,0.25137934735938205,0.18743559467578308,0.43881494203516513,True,1.5,16777.407142857144,115043.0,2022-12-20 02:30:00+00:00,47.0,11.75,True,3.0895234006011023,6.236796908544446,1.6866855946758257,-1.7521293473593822
1147,1147,2022-12-20 02:45:00+00:00,-1,115044,16712.9,70.46428571428623,2022-12-20 14:45:00+00:00,16893.6,0.11859128231120035,-2.6830109477951747,-2.564419665483974,True,1.5,16818.59642857143,115045.0,2022-12-20 03:00:00+00:00,1.0,0.25,True,2.418297009629981,2.178357830714658,-1.1837609477952005,-1.6193412823112003
1148,1148,2022-12-20 14:45:00+00:00,1,115092,16893.6,48.650000000000674,2022-12-21 02:45:00+00:00,16841.4,0.17362384378211476,-1.2465940390543935,-1.0729701952722788,True,1.5,16820.624999999996,115098.0,2022-12-20 16:15:00+00:00,6.0,1.5,False,1.172147995888942,2.015930113052477,0.2541559609456305,0.2541559609456305
1149,1149,2022-12-22 14:45:00+00:00,-1,115284,16667.3,33.4571428571427,2022-12-23 02:45:00+00:00,16844.9,0.24908432963279367,-5.55736784799326,-5.308283518360466,True,1.5,16717.485714285714,115306.0,2022-12-22 20:15:00+00:00,22.0,5.5,True,3.942783945345914,1.8287788215201048,-4.058117847993224,-1.7498343296327936
1150,1150,2022-12-23 07:45:00+00:00,1,115352,16842.0,15.557142857143065,2022-12-23 19:45:00+00:00,16838.5,0.5412947658402131,-0.7662718089990714,-0.22497704315885833,True,1.5,16818.664285714287,115353.0,2022-12-23 08:00:00+00:00,1.0,0.25,True,8.270431588613377,9.084940312212838,0.7344781910008281,-2.040544765840213
1151,1151,2022-12-26 04:45:00+00:00,1,115628,16869.5,23.02142857142878,2022-12-26 16:45:00+00:00,16831.4,0.3663869066087463,-2.0213667390629033,-1.6549798324541571,True,1.5,16834.967857142856,115637.0,2022-12-26 07:00:00+00:00,9.0,2.25,True,2.040179956562132,1.2176543592926323,-0.5206167390628582,-1.8656369066087464
1152,1152,2022-12-27 11:30:00+00:00,-1,115751,16819.8,17.264285714285506,2022-12-27 23:30:00+00:00,16687.3,0.4871270169631834,7.187676458419615,7.674803475382798,False,1.5,16845.696428571428,,,,,,,,,
1153,1153,2022-12-27 23:30:00+00:00,-1,115799,16687.3,20.41428571428566,2022-12-28 11:30:00+00:00,16673.5,0.40871623512946226,0.2672809657102519,0.6759972008397142,True,1.5,16717.921428571426,115806.0,2022-12-28 01:15:00+00:00,7.0,1.75,False,1.3264520643808115,8.666550034989404,1.766530965710169,1.766530965710169
1154,1154,2022-12-28 12:45:00+00:00,1,115852,16646.5,17.371428571428883,2022-12-29 00:45:00+00:00,16575.7,0.4791344572368335,-4.5547923519735605,-4.075657894736727,True,1.5,16620.442857142858,115863.0,2022-12-28 15:30:00+00:00,11.0,2.75,True,2.0518092105263688,2.691611842105209,-3.0540423519736355,-1.9783844572368336
1155,1155,2022-12-29 00:45:00+00:00,-1,115900,16575.7,33.17142857142868,2022-12-29 12:45:00+00:00,16612.5,0.24984905254091222,-1.3592375107665544,-1.1093884582256421,True,1.5,16625.457142857143,115934.0,2022-12-29 09:15:00+00:00,34.0,8.5,False,0.0947459086993341,2.2777777777777453,0.14001248923343784,0.14001248923343784
1156,1156,2022-12-29 13:45:00+00:00,1,115952,16610.2,22.849999999999845,2022-12-30 01:45:00+00:00,16603.4,0.3634617067833723,-0.6610547045951587,-0.2975929978117864,True,1.5,16575.925,115978.0,2022-12-29 20:15:00+00:00,26.0,6.5,False,1.0908096280087283,3.1980306345733576,0.8396952954049153,0.8396952954049153
1157,1157,2022-12-30 07:30:00+00:00,-1,116023,16480.7,32.421428571428415,2022-12-30 19:30:00+00:00,16552.8,0.2541636924432707,-2.478001542189877,-2.223837849746606,True,1.5,16529.332142857143,116054.0,2022-12-30 15:15:00+00:00,31.0,7.75,False,1.2481824190349942,2.650473672615101,-0.9787515421898727,-0.9787515421898727
1158,1158,2022-12-30 21:00:00+00:00,-1,116077,16601.0,27.142857142857142,2022-12-31 09:00:00+00:00,16549.0,0.3058078947368421,1.6099815789473684,1.9157894736842105,False,1.5,16641.714285714286,,,,,,,,,
1159,1159,2022-12-31 14:45:00+00:00,1,116148,16584.8,17.578571428571845,2023-01-01 02:45:00+00:00,16542.4,0.47173344169035863,-2.883761072734468,-2.4120276310441096,True,1.5,16558.432142857142,116174.0,2022-12-31 21:15:00+00:00,26.0,6.5,True,3.551605038602063,0.42482730597330165,-1.383011072734498,-1.9709834416903587
1160,1160,2023-01-01 21:00:00+00:00,1,116269,16586.6,14.11428571428561,2023-01-02 09:00:00+00:00,16714.5,0.5875819838056722,8.474158906882757,9.061740890688428,True,1.5,16565.42857142857,116285.0,2023-01-02 01:00:00+00:00,16.0,4.0,True,1.7165991902831776,0.9827935222673463,9.974908906882849,-2.086831983805672
1161,1161,2023-01-02 09:00:00+00:00,1,116317,16714.5,31.342857142857092,2023-01-02 21:00:00+00:00,16721.4,0.26663969917958114,-0.04649384685501293,0.2201458523245682,True,1.5,16667.485714285714,116339.0,2023-01-02 14:30:00+00:00,22.0,5.5,False,0.07930720145853001,2.4667274384685247,1.454256153144983,1.454256153144983
1162,1162,2023-01-03 06:45:00+00:00,1,116404,16719.8,17.02857142857153,2023-01-03 18:45:00+00:00,16637.7,0.49093372483221176,-5.312242449664312,-4.8213087248321,True,1.5,16694.257142857143,116411.0,2023-01-03 08:30:00+00:00,7.0,1.75,True,3.597315436241583,4.148489932885973,-3.8114924496643576,-1.9901837248322118
1163,1163,2023-01-04 03:30:00+00:00,1,116487,16809.6,35.61428571428639,2023-01-04 15:30:00+00:00,16825.1,0.23599518652225787,0.19922342559165285,0.4352186121139107,False,1.5,16756.17857142857,,,,,,,,,
1164,1164,2023-01-04 15:30:00+00:00,-1,116535,16825.1,29.085714285714857,2023-01-05 03:30:00+00:00,16815.0,0.2892330550098175,0.05801645383099008,0.3472495088408076,True,1.5,16868.72857142857,116537.0,2023-01-04 16:00:00+00:00,2.0,0.5,True,2.6429273084478244,1.5275049115913613,1.5572664538310215,-1.7899830550098175
1165,1165,2023-01-05 14:45:00+00:00,-1,116628,16822.6,27.199999999999687,2023-01-06 02:45:00+00:00,16828.8,0.3092389705882388,-0.5371801470588564,-0.22794117647061762,True,1.5,16863.399999999998,116631.0,2023-01-05 15:30:00+00:00,3.0,0.75,False,0.34558823529417515,2.5514705882352433,0.962069852941134,0.962069852941134
1166,1166,2023-01-06 08:15:00+00:00,-1,116698,16801.0,13.078571428572104,2023-01-06 20:15:00+00:00,16936.9,0.6423102129983285,-11.033353358819857,-10.391043145821529,True,1.5,16820.617857142857,116727.0,2023-01-06 15:30:00+00:00,29.0,7.25,True,1.7113599126159604,4.848989623156447,-9.534103358819928,-2.1430602129983285
1167,1167,2023-01-06 20:15:00+00:00,1,116746,16936.9,34.835714285714076,2023-01-07 08:15:00+00:00,16921.9,0.24309678080787517,-0.6736893582120196,-0.43059257740414447,True,1.5,16884.646428571432,116748.0,2023-01-06 20:45:00+00:00,2.0,0.5,False,0.10467500512619822,2.5764814435103167,0.8270606417879356,0.8270606417879356
1168,1168,2023-01-09 02:00:00+00:00,1,116961,17196.2,62.142857142857146,2023-01-09 14:00:00+00:00,17224.3,0.13836022988505747,0.3138236781608961,0.4521839080459536,False,1.5,17102.985714285714,,,,,,,,,
1169,1169,2023-01-09 18:30:00+00:00,1,117027,17329.2,41.99285714285751,2023-01-10 06:30:00+00:00,17188.0,0.20633509100186925,-3.568811702670508,-3.362476611668639,True,1.5,17266.210714285713,117033.0,2023-01-09 20:00:00+00:00,6.0,1.5,True,1.7767477462153323,0.859414866473895,-2.0680617026704744,-1.7055850910018693
1170,1170,2023-01-10 16:15:00+00:00,1,117114,17308.5,45.992857142857765,2023-01-11 04:15:00+00:00,17398.9,0.18816508774654192,1.7773575089299656,1.9655225966765075,False,1.5,17239.510714285712,,,,,,,,,
1171,1171,2023-01-11 04:15:00+00:00,1,117162,17398.9,28.557142857143067,2023-01-11 16:15:00+00:00,17354.3,0.30463306653326444,-1.866413956978552,-1.5617808904452877,True,1.5,17356.06428571429,117207.0,2023-01-11 15:30:00+00:00,45.0,11.25,True,1.739119559779921,1.2863931965981696,-0.36566395697860676,-1.8038830665332646
1172,1172,2023-01-11 23:30:00+00:00,-1,117239,17897.5,66.41428571428514,2023-01-12 11:30:00+00:00,18198.4,0.1347413422241354,-4.665393095289372,-4.530651753065237,True,1.5,17997.121428571427,117244.0,2023-01-12 00:45:00+00:00,5.0,1.25,True,4.560443106044376,1.1536889653688798,-3.166143095289385,-1.6354913422241353
1173,1173,2023-01-12 12:45:00+00:00,-1,117292,18263.3,40.25000000000026,2023-01-13 00:45:00+00:00,18769.5,0.22687329192546438,-12.803270807453352,-12.576397515527887,True,1.5,18323.675,117294.0,2023-01-12 13:15:00+00:00,2.0,0.5,True,14.81552795031048,10.344720496894343,-11.30402080745336,-1.7276232919254644
1174,1174,2023-01-13 00:45:00+00:00,1,117340,18769.5,70.91428571428618,2023-01-13 12:45:00+00:00,18855.0,0.13233934327155433,1.0733415592264233,1.2056809024979775,False,1.5,18663.12857142857,,,,,,,,,
1175,1175,2023-01-13 21:30:00+00:00,-1,117423,19760.1,113.12857142857138,2023-01-14 09:30:00+00:00,20389.5,0.08733470135118074,-5.6509159616113305,-5.5635812602601495,True,1.5,19929.792857142857,117425.0,2023-01-13 22:00:00+00:00,2.0,0.5,True,3.666687713095082,1.8023108978406188,-4.1516659616113225,-1.5880847013511807
1176,1176,2023-01-14 09:30:00+00:00,1,117471,20389.5,119.70714285714244,2023-01-14 21:30:00+00:00,20900.9,0.08516409093621367,4.186928516021268,4.272092606957482,False,1.5,20209.939285714285,,,,,,,,,
1177,1177,2023-01-15 02:30:00+00:00,1,117539,20723.9,102.96428571428598,2023-01-15 14:30:00+00:00,20780.1,0.10063635102323942,0.44518397502598517,0.5458203260492246,True,1.5,20569.453571428574,117542.0,2023-01-15 03:15:00+00:00,3.0,0.75,False,0.13066250433578525,3.0160596600762775,1.9459339750259712,1.9459339750259712
1178,1178,2023-01-15 14:30:00+00:00,-1,117587,20780.1,52.55714285714306,2023-01-16 02:30:00+00:00,21294.5,0.1976905409078546,-9.985132780646904,-9.787442239739049,True,1.5,20858.93571428571,117589.0,2023-01-15 15:00:00+00:00,2.0,0.5,True,1.7574069040500442,1.2697743952160212,-8.485882780646934,-1.6984405409078547
1179,1179,2023-01-16 02:30:00+00:00,-1,117635,21294.5,140.8928571428574,2023-01-16 14:30:00+00:00,20874.9,0.07556983523447389,2.9025797211660174,2.978149556400491,False,1.5,21505.839285714286,,,,,,,,,
1180,1180,2023-01-16 15:45:00+00:00,1,117688,21000.6,106.33571428571433,2023-01-17 03:45:00+00:00,21129.6,0.098746691744475,1.114392288573923,1.213138980318398,True,1.5,20841.096428571425,117725.0,2023-01-17 01:00:00+00:00,37.0,9.25,False,0.12504198293811042,3.201215825888388,2.615142288573939,2.615142288573939
1181,1181,2023-01-17 14:45:00+00:00,-1,117780,21283.4,122.30000000000005,2023-01-18 02:45:00+00:00,21292.9,0.08701308258381027,-0.16469092395748153,-0.07767784137367127,False,1.5,21466.850000000002,,,,,,,,,
1182,1182,2023-01-18 11:00:00+00:00,-1,117861,21209.9,56.23571428571423,2023-01-18 23:00:00+00:00,20759.4,0.1885803378635846,7.822343071256199,8.010923409119783,True,1.5,21294.253571428573,117868.0,2023-01-18 12:45:00+00:00,7.0,1.75,True,2.248507557474898,1.676044709767593,9.321593071256206,-1.6893303378635847
1183,1183,2023-01-19 21:00:00+00:00,1,117997,21017.6,78.10000000000011,2023-01-20 09:00:00+00:00,20921.5,0.13455569782330326,-1.3650294494237951,-1.2304737516004918,True,1.5,20900.449999999997,118038.0,2023-01-20 07:15:00+00:00,41.0,10.25,False,0.5640204865556412,1.0889884763124558,0.13572055057622148,0.13572055057622148
1184,1184,2023-01-20 15:00:00+00:00,1,118069,21165.1,62.678571428571686,2023-01-21 03:00:00+00:00,22503.9,0.16883840455840385,21.190933675213635,21.35977207977204,False,1.5,21071.08214285714,,,,,,,,,
1185,1185,2023-01-21 03:00:00+00:00,1,118117,22503.9,89.91428571428618,2023-01-21 15:00:00+00:00,23016.4,0.12514084842707277,5.574732046393362,5.699872894820435,False,1.5,22369.02857142857,,,,,,,,,
1186,1186,2023-01-21 18:15:00+00:00,1,118178,23121.5,161.09285714285735,2023-01-22 06:15:00+00:00,22920.6,0.0717645102647097,-1.3188713253225808,-1.247106815057871,True,1.5,22879.860714285714,118196.0,2023-01-21 22:45:00+00:00,18.0,4.5,True,1.7360218152795581,1.2541790449164252,0.18187867467741595,-1.5710145102647097
1187,1187,2023-01-22 06:15:00+00:00,-1,118226,22920.6,57.992857142856984,2023-01-22 18:15:00+00:00,22874.1,0.19761571622121005,0.6042071683704906,0.8018228845917007,True,1.5,23007.589285714283,118260.0,2023-01-22 14:45:00+00:00,34.0,8.5,False,1.2520630619535122,6.491994087941854,2.1034571683704657,2.1034571683704657
1188,1188,2023-01-22 18:15:00+00:00,-1,118274,22874.1,106.85000000000036,2023-01-23 06:15:00+00:00,22731.6,0.10703837154889996,1.2266069255966265,1.3336452971455266,False,1.5,23034.375,,,,,,,,,
1189,1189,2023-01-23 10:15:00+00:00,-1,118338,22894.1,74.96428571428545,2023-01-23 22:15:00+00:00,22979.2,0.15270004764173467,-1.2879072891853598,-1.1352072415436252,True,1.5,23006.546428571426,118356.0,2023-01-23 14:45:00+00:00,18.0,4.5,True,2.047022391615095,6.757170080990939,0.21134271081463143,-1.6534500476417346
1190,1190,2023-01-23 22:45:00+00:00,1,118388,22924.1,97.0499999999998,2023-01-24 10:45:00+00:00,22897.1,0.1181045852653274,-0.39631169500257685,-0.27820710973724944,True,1.5,22778.524999999998,118431.0,2023-01-24 09:30:00+00:00,43.0,10.75,False,0.19088098918081253,1.612313240597656,1.104438304997434,1.104438304997434
1191,1191,2023-01-24 10:45:00+00:00,-1,118436,22897.1,73.43571428571444,2023-01-24 22:45:00+00:00,22750.6,0.1558989397918487,1.8390431864604573,1.994942126252306,True,1.5,23007.25357142857,118443.0,2023-01-24 12:30:00+00:00,7.0,1.75,False,1.060062250753821,4.8634860422137765,3.338293186460448,3.338293186460448
1192,1192,2023-01-24 23:45:00+00:00,-1,118488,22627.4,132.97142857142848,2023-01-25 11:45:00+00:00,22595.9,0.08508369144821666,0.15180930382466706,0.2368929952728837,False,1.5,22826.857142857145,,,,,,,,,
1193,1193,2023-01-25 12:00:00+00:00,-1,118537,22720.0,78.44999999999969,2023-01-26 00:00:00+00:00,23096.2,0.14480560866794193,-4.940216698534127,-4.795411089866185,True,1.5,22837.675,118569.0,2023-01-25 20:00:00+00:00,32.0,8.0,True,2.7065009560229645,1.201720841300168,-3.4409666985341305,-1.645555608667942
1194,1194,2023-01-26 00:00:00+00:00,-1,118585,23096.2,260.08571428571435,2023-01-26 12:00:00+00:00,22966.2,0.04440113149511149,0.45543408766340754,0.49983521915851903,False,1.5,23486.328571428574,,,,,,,,,
1195,1195,2023-01-26 12:30:00+00:00,-1,118635,23082.6,71.12857142857112,2023-01-27 00:30:00+00:00,22959.3,0.16225969070094468,1.5712209278971647,1.7334806185981093,True,1.5,23189.292857142857,118641.0,2023-01-26 14:00:00+00:00,6.0,1.5,False,0.7396063466559875,4.770134565173741,3.070470927897183,3.070470927897183
1196,1196,2023-01-27 04:30:00+00:00,-1,118699,22812.7,88.55714285714306,2023-01-27 16:30:00+00:00,23117.8,0.1288021455073396,-3.574035247620559,-3.4452331021132196,True,1.5,22945.535714285714,118704.0,2023-01-27 05:45:00+00:00,5.0,1.25,True,1.7216486530085517,0.5254879819325626,-2.074785247620577,-1.6295521455073396
1197,1197,2023-01-27 16:30:00+00:00,1,118747,23117.8,114.99999999999974,2023-01-28 04:30:00+00:00,23091.8,0.10051217391304369,-0.32659913043478334,-0.22608695652173963,True,1.5,22945.3,118769.0,2023-01-27 22:00:00+00:00,22.0,5.5,False,0.046086956521732905,2.0843478260869674,1.17415086956522,1.17415086956522
1198,1198,2023-01-28 08:30:00+00:00,-1,118811,22982.0,39.17142857142868,2023-01-28 20:30:00+00:00,22992.8,0.29335156819839453,-0.5690627279357932,-0.2757111597373986,True,1.5,23040.757142857143,118842.0,2023-01-28 16:15:00+00:00,31.0,7.75,False,0.2512764405543047,2.184172137126158,0.9301872720642002,0.9301872720642002
1199,1199,2023-01-29 01:15:00+00:00,1,118878,23393.4,71.40714285714265,2023-01-29 13:15:00+00:00,23595.0,0.16380294088226519,2.6594440332099505,2.8232469740922155,True,1.5,23286.289285714287,118880.0,2023-01-29 01:45:00+00:00,2.0,0.5,True,3.272631789536909,1.3417525257576934,4.160194033209958,-1.6630529408822652
1200,1200,2023-01-30 09:15:00+00:00,-1,119006,23298.0,79.8642857142864,2023-01-30 21:15:00+00:00,22760.9,0.14585994097128935,6.579298810481994,6.725158751453283,False,1.5,23417.79642857143,,,,,,,,,
1201,1201,2023-01-30 23:15:00+00:00,-1,119062,22787.6,91.66428571428592,2023-01-31 11:15:00+00:00,22823.0,0.12429922855139065,-0.5104910776903443,-0.38619184913895366,True,1.5,22925.09642857143,119096.0,2023-01-31 07:45:00+00:00,34.0,8.5,False,0.6731473544767257,1.3319956362502936,0.9887589223096727,0.9887589223096727
1202,1202,2023-01-31 14:15:00+00:00,1,119122,23081.6,69.31428571428582,2023-02-01 02:15:00+00:00,23080.1,0.16649958779884558,-0.18814014839241522,-0.02164056059356963,True,1.5,22977.62857142857,119150.0,2023-01-31 21:15:00+00:00,28.0,7.0,True,1.7691673536685606,1.5360676009892864,1.3126098516075886,-1.6657495877988455
1203,1203,2023-02-01 11:00:00+00:00,-1,119205,23016.5,48.13571428571413,2023-02-01 23:00:00+00:00,23754.0,0.23907924024336033,-15.56034352277791,-15.32126428253455,True,1.5,23088.70357142857,119206.0,2023-02-01 11:15:00+00:00,1.0,0.25,True,3.024706929811563,4.408443389226878,-14.061093522777929,-1.7398292402433604
1204,1204,2023-02-01 23:00:00+00:00,1,119253,23754.0,135.45714285714297,2023-02-02 11:00:00+00:00,23820.0,0.08768086901497568,0.3995581101033534,0.4872389791183291,False,1.5,23550.814285714285,,,,,,,,,
1205,1205,2023-02-02 14:15:00+00:00,-1,119314,23901.9,55.21428571428597,2023-02-03 02:15:00+00:00,23478.6,0.21644670116429396,7.4500474773609495,7.666494178525244,True,1.5,23984.72142857143,119329.0,2023-02-02 18:00:00+00:00,15.0,3.75,True,2.975291073738659,1.6412677878396122,8.949297477360924,-1.717196701164294
1206,1206,2023-02-03 09:00:00+00:00,-1,119389,23445.1,51.32142857142857,2023-02-03 21:00:00+00:00,23363.5,0.22841433542101602,1.3615647877522334,1.5899791231732494,True,1.5,23522.08214285714,119400.0,2023-02-03 11:45:00+00:00,11.0,2.75,True,3.714196242171263,5.847112038970018,2.8608147877522034,-1.729164335421016
1207,1207,2023-02-03 21:00:00+00:00,-1,119437,23363.5,85.55714285714306,2023-02-04 09:00:00+00:00,23310.6,0.13653740190348942,0.4817628151611446,0.618300217064634,False,1.5,23491.835714285713,,,,,,,,,
1208,1208,2023-02-04 09:00:00+00:00,-1,119485,23310.6,34.25,2023-02-04 21:00:00+00:00,23412.3,0.3403007299270073,-3.309643795620459,-2.969343065693452,True,1.5,23361.975,119490.0,2023-02-04 10:15:00+00:00,5.0,1.25,True,1.5481751824817944,0.9802919708028347,-1.8103937956204592,-1.8410507299270074
1209,1209,2023-02-05 02:30:00+00:00,-1,119555,23315.9,55.58571428571434,2023-02-05 14:30:00+00:00,23169.9,0.20972924698021056,2.416844898483678,2.6265741454638887,True,1.5,23399.278571428575,119571.0,2023-02-05 06:30:00+00:00,16.0,4.0,False,0.6606270881520874,7.1831148804934974,3.9160948984837085,3.9160948984837085
1210,1210,2023-02-05 15:15:00+00:00,-1,119606,23152.4,74.55714285714281,2023-02-06 03:15:00+00:00,22911.6,0.15526614293926053,3.0744713546656857,3.229737497604946,False,1.5,23264.235714285714,,,,,,,,,
1211,1211,2023-02-06 05:15:00+00:00,1,119662,22700.5,58.88571428571387,2023-02-06 17:15:00+00:00,22998.6,0.19275048520135996,4.8695978893741,5.0623483745754605,False,1.5,22612.17142857143,,,,,,,,,
1212,1212,2023-02-06 23:30:00+00:00,-1,119735,22750.5,69.4857142857145,2023-02-07 11:30:00+00:00,22976.0,0.16370631167763108,-3.4089776932565687,-3.2452713815789376,True,1.5,22854.72857142857,119742.0,2023-02-07 01:15:00+00:00,7.0,1.75,True,1.771175986842085,0.7732319078947391,-1.9097276932565688,-1.6644563116776312
1213,1213,2023-02-07 12:45:00+00:00,1,119788,23015.1,43.36428571428613,2023-02-08 00:45:00+00:00,23320.0,0.265369296656232,6.765762312633801,7.031131609290033,True,1.5,22950.05357142857,119791.0,2023-02-07 13:30:00+00:00,3.0,0.75,True,1.8068687201448572,1.472327458408908,8.266512312633813,-1.764619296656232
1214,1214,2023-02-08 04:15:00+00:00,1,119850,23268.0,48.199999999999946,2023-02-08 16:15:00+00:00,22799.9,0.24136929460580941,-9.952987551867201,-9.711618257261392,True,1.5,23195.7,119855.0,2023-02-08 05:30:00+00:00,5.0,1.25,True,1.5062240663900885,0.7863070539418643,-8.452237551867213,-1.7406192946058094
1215,1215,2023-02-08 16:15:00+00:00,-1,119898,22799.9,86.62142857142784,2023-02-09 04:15:00+00:00,22535.2,0.13160658035788023,2.9242192628020454,3.0558258431599254,True,1.5,22929.832142857143,119900.0,2023-02-08 16:45:00+00:00,2.0,0.5,False,1.1552321266595393,6.796610868310463,4.4234692628020476,4.4234692628020476
1216,1216,2023-02-09 05:00:00+00:00,-1,119949,22560.6,109.23571428571424,2023-02-09 17:00:00+00:00,22571.6,0.10326567710717324,-0.2039653436212647,-0.10069966651409146,True,1.5,22724.45357142857,119956.0,2023-02-09 06:45:00+00:00,7.0,1.75,False,1.0577715294579328,2.5903027528934714,1.2952846563787388,1.2952846563787388
1217,1217,2023-02-09 17:00:00+00:00,-1,119997,22571.6,87.24285714285725,2023-02-10 05:00:00+00:00,21807.8,0.1293607335844112,8.625510725397067,8.754871458981478,False,1.5,22702.464285714283,,,,,,,,,
1218,1218,2023-02-10 05:30:00+00:00,1,120047,21825.1,68.92857142857221,2023-02-10 17:30:00+00:00,21609.5,0.15831678756476503,-3.2861924352331022,-3.127875647668337,True,1.5,21721.70714285714,120072.0,2023-02-10 11:45:00+00:00,25.0,6.25,True,3.448601036269347,2.54310880829017,-1.7854424352330966,-1.657566787564765
1219,1219,2023-02-10 17:30:00+00:00,1,120095,21609.5,92.60714285714337,2023-02-11 05:30:00+00:00,21686.1,0.11667296567682156,0.7104770536058422,0.8271500192826639,True,1.5,21470.589285714286,120111.0,2023-02-10 21:30:00+00:00,16.0,4.0,False,0.7082529888160448,2.6802545314307467,2.2112270536058283,2.2112270536058283
1220,1220,2023-02-11 12:00:00+00:00,-1,120169,21723.5,20.56428571428608,2023-02-12 00:00:00+00:00,21841.2,0.5281851337269792,-6.251700243139904,-5.723515109412925,True,1.5,21754.34642857143,120170.0,2023-02-11 12:15:00+00:00,1.0,0.25,True,4.6854810698158404,7.505557485237817,-4.7524502431399105,-2.0289351337269794
1221,1221,2023-02-12 00:00:00+00:00,-1,120217,21841.2,47.60714285714312,2023-02-12 12:00:00+00:00,21874.8,0.22938994748687047,-0.9351663915978639,-0.7057764441109934,True,1.5,21912.610714285714,120256.0,2023-02-12 09:45:00+00:00,39.0,9.75,False,0.9744186046511532,1.7205551387846758,0.564083608402117,0.564083608402117
1222,1222,2023-02-12 14:45:00+00:00,1,120276,21913.8,43.79285714285704,2023-02-13 02:45:00+00:00,21750.2,0.25019833632360194,-3.985967378894121,-3.735769042570519,True,1.5,21848.110714285714,120303.0,2023-02-12 21:30:00+00:00,27.0,6.75,True,1.9845865274832746,1.2305496656336632,-2.4852173788941387,-1.749448336323602
1223,1223,2023-02-13 05:45:00+00:00,1,120336,21820.6,43.900000000000155,2023-02-13 17:45:00+00:00,21453.0,0.24852619589977132,-8.622102505694697,-8.373576309794926,True,1.5,21754.75,120347.0,2023-02-13 08:30:00+00:00,11.0,2.75,True,2.9396355353074903,0.9123006833712786,-7.121352505694736,-1.7477761958997713
1224,1224,2023-02-13 18:15:00+00:00,1,120386,21578.0,97.25000000000026,2023-02-14 06:15:00+00:00,21739.1,0.11094087403598943,1.5456143958868704,1.6565552699228598,False,1.5,21432.125,,,,,,,,,
1225,1225,2023-02-14 10:45:00+00:00,1,120452,21799.9,47.20714285714296,2023-02-14 22:45:00+00:00,22176.7,0.23089620214858475,7.750946739294869,7.981842941443453,True,1.5,21729.089285714286,120463.0,2023-02-14 13:30:00+00:00,11.0,2.75,True,5.166364049024042,2.4956120441821903,9.251696739294884,-1.7301462021485847
1226,1226,2023-02-14 22:45:00+00:00,1,120500,22176.7,60.09285714285683,2023-02-15 10:45:00+00:00,22222.6,0.18452026625460693,0.5792976346130655,0.7638179008676724,True,1.5,22086.560714285715,120512.0,2023-02-15 01:45:00+00:00,12.0,3.0,False,0.7997741590396014,2.6199334363485063,2.08004763461307,2.08004763461307
1227,1227,2023-02-15 11:45:00+00:00,1,120552,22433.0,56.52142857142826,2023-02-15 23:45:00+00:00,24332.6,0.19844685959813074,33.41004549475563,33.60849235435376,False,1.5,22348.21785714286,,,,,,,,,
1228,1228,2023-02-15 23:45:00+00:00,1,120600,24332.6,168.42142857142866,2023-02-16 11:45:00+00:00,24580.0,0.0722372450061495,1.396696976122829,1.4689342211289784,False,1.5,24079.967857142856,,,,,,,,,
1229,1229,2023-02-16 15:15:00+00:00,-1,120662,24557.9,122.57142857142857,2023-02-17 03:15:00+00:00,23874.5,0.10017791375291377,5.475346561771574,5.575524475524488,True,1.5,24741.757142857143,120663.0,2023-02-16 15:30:00+00:00,1.0,0.25,True,2.961888111888107,1.637878787878787,6.974596561771561,-1.6009279137529138
1230,1230,2023-02-17 03:15:00+00:00,-1,120710,23874.5,113.3714285714281,2023-02-17 15:15:00+00:00,24024.4,0.10529328377016174,-1.4274959047379219,-1.3222026209677602,True,1.5,24044.557142857142,120755.0,2023-02-17 14:30:00+00:00,45.0,11.25,True,1.8562247983871119,1.5299899193548505,0.07175409526207689,-1.6060432837701617
1231,1231,2023-02-17 15:45:00+00:00,1,120760,24131.4,173.27142857142852,2023-02-18 03:45:00+00:00,24619.9,0.06963467721988625,2.7496414378761656,2.8192761150960517,False,1.5,23871.492857142857,,,,,,,,,
1232,1232,2023-02-18 07:45:00+00:00,1,120824,24522.8,48.29999999999979,2023-02-18 19:45:00+00:00,24610.1,0.2538592132505187,1.5535942028985426,1.8074534161490612,True,1.5,24450.35,120837.0,2023-02-18 11:00:00+00:00,13.0,3.25,False,0.2888198757763385,9.05072463768123,3.0543442028985637,3.0543442028985637
1233,1233,2023-02-19 07:30:00+00:00,-1,120919,24612.4,61.321428571428314,2023-02-19 19:30:00+00:00,24533.3,0.2006835177635419,1.0892407687828007,1.2899242865463427,True,1.5,24704.382142857143,120934.0,2023-02-19 11:15:00+00:00,15.0,3.75,True,1.7321490972626528,0.9292370413511725,2.5884907687827816,-1.701433517763542
1234,1234,2023-02-19 19:30:00+00:00,-1,120967,24533.3,170.03571428571482,2023-02-20 07:30:00+00:00,24515.1,0.07214160890569185,0.034894727998323855,0.1070363369040157,False,1.5,24788.35357142857,,,,,,,,,
1235,1235,2023-02-20 10:00:00+00:00,1,121025,24961.7,114.58571428571408,2023-02-20 22:00:00+00:00,24774.4,0.10892151851390121,-1.743505734945764,-1.634584216431863,True,1.5,24789.82142857143,121027.0,2023-02-20 10:30:00+00:00,2.0,0.5,True,1.7866226156339995,3.0560403939658225,-0.2427557349457778,-1.6081715185139012
1236,1236,2023-02-21 01:15:00+00:00,-1,121086,24830.9,75.39285714285688,2023-02-21 13:15:00+00:00,24634.4,0.1646767408810996,2.4416709616295678,2.6063477025106674,True,1.5,24943.989285714288,121090.0,2023-02-21 02:15:00+00:00,4.0,1.0,True,2.334580767408793,0.8354808147797543,3.9409209616295797,-1.6654267408810997
1237,1237,2023-02-21 13:15:00+00:00,-1,121134,24634.4,91.93571428571418,2023-02-22 01:15:00+00:00,24356.6,0.13397622562349484,2.8877004117784515,3.021676637401946,True,1.5,24772.303571428572,121139.0,2023-02-21 14:30:00+00:00,5.0,1.25,False,0.15550462279540464,6.768899075440933,4.386950411778448,4.386950411778448
1238,1238,2023-02-22 02:30:00+00:00,-1,121187,24135.6,125.87142857142862,2023-02-22 14:30:00+00:00,24030.2,0.09587402110997613,0.7414883668141918,0.837362387924168,False,1.5,24324.40714285714,,,,,,,,,
1239,1239,2023-02-22 14:30:00+00:00,-1,121235,24030.2,99.78571428571429,2023-02-23 02:30:00+00:00,24529.9,0.12040901932712957,-5.128139871152476,-5.007730851825347,True,1.5,24179.878571428573,121269.0,2023-02-22 23:00:00+00:00,34.0,8.5,True,3.65705082319253,1.0801002147459162,-3.628889871152466,-1.6211590193271295
1240,1240,2023-02-23 02:30:00+00:00,1,121283,24529.9,92.19999999999995,2023-02-23 14:30:00+00:00,23930.0,0.1330254880694144,-6.639533080260323,-6.506507592190909,True,1.5,24391.600000000002,121295.0,2023-02-23 05:30:00+00:00,12.0,3.0,True,2.1540130151844066,0.9913232104121245,-5.13878308026033,-1.6322754880694144
1241,1241,2023-02-23 14:45:00+00:00,1,121332,23997.3,185.99285714285725,2023-02-24 02:45:00+00:00,23932.0,0.06451134836207224,-0.4156000998502205,-0.3510887514881483,True,1.5,23718.31071428571,121345.0,2023-02-23 18:00:00+00:00,13.0,3.25,False,0.03661814969851458,2.2597065939552263,1.0851499001497893,1.0851499001497893
1242,1242,2023-02-24 02:45:00+00:00,1,121380,23932.0,83.91428571428644,2023-02-24 14:45:00+00:00,23800.1,0.14259788900238218,-1.7144399046646264,-1.5718420156622441,True,1.5,23806.12857142857,121393.0,2023-02-24 06:00:00+00:00,13.0,3.25,True,1.8498467824309965,2.6595165134490886,-0.21368990466461696,-1.6418478890023822
1243,1243,2023-02-24 14:45:00+00:00,1,121428,23800.1,95.13571428571413,2023-02-25 02:45:00+00:00,23075.5,0.12508499136571835,-7.741572715669342,-7.6164877243036235,True,1.5,23657.39642857143,121430.0,2023-02-24 15:15:00+00:00,2.0,0.5,True,1.5283054283354598,0.5981304902770445,-6.240822715669352,-1.6243349913657184
1244,1244,2023-02-25 02:45:00+00:00,1,121476,23075.5,53.800000000000054,2023-02-25 14:45:00+00:00,22990.5,0.21445631970260204,-1.794381970260221,-1.5799256505576191,True,1.5,22994.8,121504.0,2023-02-25 09:45:00+00:00,28.0,7.0,True,1.5390334572490556,1.0855018587360854,-0.29363197026020926,-1.7137063197026021
1245,1245,2023-02-25 16:30:00+00:00,1,121531,23058.2,51.757142857143535,2023-02-26 04:30:00+00:00,23159.1,0.22275379519734737,1.7267355782500042,1.9494893734473515,True,1.5,22980.564285714285,121539.0,2023-02-25 18:30:00+00:00,8.0,2.0,True,2.460805961909955,0.7870549268561903,3.2274855782500165,-1.7220037951973473
1246,1246,2023-02-26 06:00:00+00:00,1,121585,23082.2,43.68571428571444,2023-02-26 18:00:00+00:00,23246.9,0.2641847612818827,3.5059264224983693,3.770111183780252,False,1.5,23016.67142857143,,,,,,,,,
1247,1247,2023-02-26 18:15:00+00:00,1,121634,23213.4,49.7071428571427,2023-02-27 06:15:00+00:00,23374.2,0.23350165253628472,3.0014458973990465,3.234947549935331,False,1.5,23138.839285714286,,,,,,,,,
1248,1248,2023-02-27 06:30:00+00:00,-1,121683,23385.1,52.664285714285924,2023-02-27 18:30:00+00:00,23219.2,0.2220204801302039,2.9281219313711664,3.15014241150137,True,1.5,23464.09642857143,121710.0,2023-02-27 13:15:00+00:00,27.0,6.75,True,1.6919164519191636,0.7993354129933589,4.427371931371196,-1.722770480130204
1249,1249,2023-02-27 18:30:00+00:00,-1,121731,23219.2,156.1642857142862,2023-02-28 06:30:00+00:00,23391.9,0.07434222201893588,-1.1802288798426575,-1.1058866578237216,True,1.5,23453.44642857143,121748.0,2023-02-27 22:45:00+00:00,17.0,4.25,False,0.8103874125234223,0.7520697068106076,0.3190211201573498,0.3190211201573498
1250,1250,2023-02-28 08:00:00+00:00,-1,121785,23257.2,50.05714285714281,2023-02-28 20:00:00+00:00,23293.0,0.2323065068493153,-0.947489155251128,-0.7151826484018127,True,1.5,23332.285714285714,121795.0,2023-02-28 10:30:00+00:00,10.0,2.5,True,1.7522831050228431,1.1044520547945114,0.5517608447488486,-1.7330565068493153
1251,1251,2023-02-28 20:00:00+00:00,-1,121833,23293.0,78.47142857142873,2023-03-01 08:00:00+00:00,23766.1,0.1484170762789001,-6.177363007464014,-6.028945931185114,True,1.5,23410.707142857143,121861.0,2023-03-01 03:00:00+00:00,28.0,7.0,True,5.631257964682285,1.5089204442017254,-4.678113007464009,-1.6491670762789001
1252,1252,2023-03-01 08:00:00+00:00,1,121881,23766.1,96.15714285714292,2023-03-01 20:00:00+00:00,23419.8,0.12357948298915457,-3.724976006536909,-3.6013965235477543,True,1.5,23621.864285714284,121903.0,2023-03-01 13:30:00+00:00,22.0,5.5,True,3.177759619670171,2.684519387906716,-2.2242260065369077,-1.6228294829891545
1253,1253,2023-03-01 20:00:00+00:00,-1,121929,23419.8,81.7428571428575,2023-03-02 08:00:00+00:00,23385.2,0.14325288360712973,0.2800256903180516,0.4232785739251813,True,1.5,23542.414285714287,121935.0,2023-03-01 21:30:00+00:00,6.0,1.5,True,1.5302341838517781,1.3715484096469948,1.7792756903180693,-1.6440028836071297
1254,1254,2023-03-02 08:00:00+00:00,-1,121977,23385.2,51.38571428571387,2023-03-02 20:00:00+00:00,23459.6,0.22754573255490873,-1.6754189602446194,-1.4478732276897108,True,1.5,23462.27857142857,122021.0,2023-03-02 19:00:00+00:00,44.0,11.0,False,0.675701973867125,1.6011954406449869,-0.1761689602446295,-0.1761689602446295
1255,1255,2023-03-02 21:00:00+00:00,1,122029,23453.9,79.5,2023-03-03 09:00:00+00:00,22396.2,0.14750880503144653,-13.451911320754725,-13.304402515723279,True,1.5,23334.65,122046.0,2023-03-03 01:15:00+00:00,17.0,4.25,True,6.7163522012578705,0.9062893081760914,-11.951161320754725,-1.6467588050314466
1256,1256,2023-03-03 09:00:00+00:00,-1,122077,22396.2,42.471428571428724,2023-03-03 21:00:00+00:00,22231.0,0.26366195761856615,3.626011772620253,3.8896737302388193,True,1.5,22459.907142857144,122097.0,2023-03-03 14:00:00+00:00,20.0,5.0,False,0.8309788092835343,5.813488059199472,5.125261772620263,5.125261772620263
1257,1257,2023-03-03 21:15:00+00:00,-1,122126,22274.2,64.71428571428598,2023-03-04 09:15:00+00:00,22353.0,0.1720964679911693,-1.3897565121412634,-1.2176600441500942,True,1.5,22371.27142857143,122139.0,2023-03-04 00:30:00+00:00,13.0,3.25,False,0.4439293598234026,1.685430463576136,0.10949348785871435,0.10949348785871435
1258,1258,2023-03-04 13:15:00+00:00,1,122190,22362.2,18.714285714285193,2023-03-05 01:15:00+00:00,22546.2,0.5974633587786427,9.234597709923921,9.832061068702563,True,1.5,22334.128571428573,122193.0,2023-03-04 14:00:00+00:00,3.0,0.75,True,2.203053435114582,1.264885496183108,10.735347709923907,-2.0967133587786426
1259,1259,2023-03-05 01:15:00+00:00,-1,122238,22546.2,63.97857142857174,2023-03-05 13:15:00+00:00,22423.0,0.17620118343195182,1.7494435636932035,1.9256447471251554,False,1.5,22642.167857142857,,,,,,,,,
1260,1260,2023-03-05 14:00:00+00:00,1,122289,22439.9,33.45714285714348,2023-03-06 02:00:00+00:00,22322.4,0.3353529035012747,-3.8473084970110296,-3.511955593509755,True,1.5,22389.714285714286,122310.0,2023-03-05 19:15:00+00:00,21.0,5.25,True,2.3825789923142326,4.940222032450789,-2.3465584970110296,-1.8346029035012748
1261,1261,2023-03-06 08:15:00+00:00,1,122362,22385.5,28.61428571428561,2023-03-06 20:15:00+00:00,22359.0,0.3911595107339006,-1.3172703444832798,-0.9261108337493793,False,1.5,22342.57857142857,,,,,,,,,
1262,1262,2023-03-06 20:15:00+00:00,-1,122410,22359.0,46.89285714285792,2023-03-07 08:15:00+00:00,22402.3,0.23840517897943247,-1.161786747905525,-0.9233815689260926,True,1.5,22429.339285714286,122415.0,2023-03-06 21:30:00+00:00,5.0,1.25,True,1.50045696877378,1.3891089108910617,0.33746325209446115,-1.7391551789794324
1263,1263,2023-03-07 09:00:00+00:00,-1,122461,22398.2,22.800000000000573,2023-03-07 21:00:00+00:00,21980.1,0.49118859649121577,17.846530701754034,18.33771929824525,True,1.5,22432.4,122487.0,2023-03-07 15:30:00+00:00,26.0,6.5,True,2.2017543859647293,10.324561403508577,19.345780701754027,-1.9919385964912157
1264,1264,2023-03-07 21:00:00+00:00,-1,122509,21980.1,90.39285714285714,2023-03-08 09:00:00+00:00,21998.3,0.12158095614381668,-0.3229242986961756,-0.20134334255235892,True,1.5,22115.689285714285,122518.0,2023-03-07 23:15:00+00:00,9.0,2.25,True,1.7779138680363757,0.3638482813117322,1.1763257013038302,-1.6223309561438166
1265,1265,2023-03-08 09:00:00+00:00,1,122557,21998.3,54.121428571428886,2023-03-08 21:00:00+00:00,22072.9,0.20323096212221078,1.1751509832387823,1.3783819453609931,True,1.5,21917.117857142857,122581.0,2023-03-08 15:00:00+00:00,24.0,6.0,False,0.6858255246139613,5.633298139105152,2.6759009832387584,2.6759009832387584
1266,1266,2023-03-08 23:00:00+00:00,-1,122613,21717.7,100.17857142857143,2023-03-09 11:00:00+00:00,21646.9,0.1083949376114082,0.598343030303023,0.7067379679144312,False,1.5,21867.96785714286,,,,,,,,,
1267,1267,2023-03-09 12:00:00+00:00,-1,122665,21640.0,54.67857142857117,2023-03-10 00:00:00+00:00,20195.2,0.19788373612018384,26.22563030698901,26.423514043109193,True,1.5,21722.017857142855,122672.0,2023-03-09 13:45:00+00:00,7.0,1.75,True,1.8468321358589626,1.565839320705364,27.72488030698898,-1.6986337361201838
1268,1268,2023-03-10 00:00:00+00:00,-1,122713,20195.2,162.23571428571398,2023-03-10 12:00:00+00:00,19732.0,0.06224030291022774,2.7928647030335148,2.8551050059437424,False,1.5,20438.553571428572,,,,,,,,,
1269,1269,2023-03-10 12:00:00+00:00,1,122761,19732.0,105.19999999999943,2023-03-11 00:00:00+00:00,20163.3,0.09378326996197768,4.0060266159695965,4.099809885931574,False,1.5,19574.2,,,,,,,,,
1270,1270,2023-03-11 00:30:00+00:00,1,122811,20219.2,107.90000000000042,2023-03-11 12:30:00+00:00,20051.4,0.09369416126042596,-1.648837812789607,-1.555143651529181,True,1.5,20057.35,122839.0,2023-03-11 07:30:00+00:00,28.0,7.0,True,1.7734012974976627,1.3683966635773948,-0.14808781278959246,-1.592944161260426
1271,1271,2023-03-11 15:45:00+00:00,1,122872,20052.3,61.13571428571465,2023-03-12 03:45:00+00:00,20367.4,0.1639982474588143,4.9901085407173795,5.154106788176194,False,1.5,19960.59642857143,,,,,,,,,
1272,1272,2023-03-12 03:45:00+00:00,1,122920,20367.4,67.7999999999998,2023-03-12 15:45:00+00:00,20347.9,0.15020206489675564,-0.437812684365783,-0.2876106194690274,True,1.5,20265.7,122936.0,2023-03-12 07:45:00+00:00,16.0,4.0,False,0.0516224188790562,3.2861356932153383,1.062937315634232,1.062937315634232
1273,1273,2023-03-12 18:30:00+00:00,-1,122979,21177.2,149.03571428571402,2023-03-13 06:30:00+00:00,22338.6,0.07104739995207299,-7.863810400191708,-7.792763000239635,True,1.5,21400.753571428573,122994.0,2023-03-12 22:15:00+00:00,15.0,3.75,True,4.020824346992566,1.7053199137311532,-6.364560400191698,-1.571797399952073
1274,1274,2023-03-13 06:30:00+00:00,1,123027,22338.6,102.23571428571424,2023-03-13 18:30:00+00:00,24230.5,0.10925047159924549,18.39602445329423,18.505274924893477,True,1.5,22185.246428571427,123036.0,2023-03-13 08:45:00+00:00,9.0,2.25,True,3.7290924334520907,1.2437294766995362,19.896774453294235,-1.6085004715992455
1275,1275,2023-03-13 18:30:00+00:00,1,123075,24230.5,241.5142857142855,2023-03-14 06:30:00+00:00,24289.1,0.050163699278362756,0.1924720513427127,0.24263575062107545,False,1.5,23868.22857142857,,,,,,,,,
1276,1276,2023-03-14 06:30:00+00:00,-1,123123,24289.1,157.87142857142862,2023-03-14 18:30:00+00:00,25450.1,0.07692683920007236,-7.431012442312911,-7.354085603112838,True,1.5,24525.90714285714,123140.0,2023-03-14 10:45:00+00:00,17.0,4.25,True,2.017419238078025,0.971088589267934,-5.931762442312916,-1.5776768392000724
1277,1277,2023-03-14 18:30:00+00:00,1,123171,25450.1,182.09285714285735,2023-03-15 06:30:00+00:00,24840.7,0.06988220295767457,-3.4165263797905148,-3.3466441768328403,True,1.5,25176.960714285713,123172.0,2023-03-14 18:45:00+00:00,1.0,0.25,True,1.7516377044678844,1.590613109481031,-1.9157763797905176,-1.5691322029576746
1278,1278,2023-03-15 11:15:00+00:00,1,123238,24319.3,144.48571428571475,2023-03-15 23:15:00+00:00,24359.0,0.0841581471227998,0.1906095016808429,0.2747676488036427,True,1.5,24102.571428571428,123259.0,2023-03-15 16:30:00+00:00,21.0,5.25,False,1.4850701997231441,3.7569705358908494,1.6913595016808403,1.6913595016808403
1279,1279,2023-03-16 09:00:00+00:00,1,123325,24431.6,106.1857142857147,2023-03-16 21:00:00+00:00,24762.4,0.11504184044127495,3.0002548096327346,3.1152966500740096,False,1.5,24272.321428571428,,,,,,,,,
1280,1280,2023-03-17 00:00:00+00:00,1,123385,24960.2,135.5642857142853,2023-03-17 12:00:00+00:00,26681.0,0.09206038252805762,12.601548342905351,12.693608725433409,False,1.5,24756.85357142857,,,,,,,,,
1281,1281,2023-03-17 12:30:00+00:00,1,123435,26544.1,230.92142857142866,2023-03-18 00:30:00+00:00,27411.0,0.05747431099013268,3.6966164434408784,3.754090754431011,True,1.5,26197.717857142856,123443.0,2023-03-17 14:30:00+00:00,8.0,2.0,False,0.3365554146431936,6.780150948065214,5.1973664434408775,5.1973664434408775
1282,1282,2023-03-18 00:30:00+00:00,-1,123483,27411.0,282.82142857142935,2023-03-18 12:30:00+00:00,27505.2,0.04845990655385768,-0.38153226417477104,-0.33307235762091336,False,1.5,27835.232142857145,,,,,,,,,
1283,1283,2023-03-18 16:30:00+00:00,1,123547,27278.2,213.65714285714316,2023-03-19 04:30:00+00:00,27144.2,0.06383638673442088,-0.6910094276544521,-0.6271730409200312,True,1.5,26957.714285714286,123551.0,2023-03-18 17:30:00+00:00,4.0,1.0,False,0.7849692431131332,2.319537309441018,0.8097405723455467,0.8097405723455467
1284,1284,2023-03-19 09:15:00+00:00,-1,123614,26930.6,97.11428571428509,2023-03-19 21:15:00+00:00,28099.2,0.13865416298911534,-12.171899235069239,-12.033245072080124,True,1.5,27076.271428571425,123618.0,2023-03-19 10:15:00+00:00,4.0,1.0,True,2.721829949985333,1.608120035304486,-10.672649235069255,-1.6394041629891154
1285,1285,2023-03-19 21:30:00+00:00,1,123663,28039.0,211.8714285714281,2023-03-20 09:30:00+00:00,28080.0,0.06616984694221578,0.12734373946463515,0.19351358640685093,True,1.5,27721.192857142858,123677.0,2023-03-20 01:00:00+00:00,14.0,3.5,True,2.497707504551287,0.6952666711617533,1.6280937394646344,-1.5654198469422158
1286,1286,2023-03-20 09:30:00+00:00,1,123711,28080.0,232.11428571428613,2023-03-20 21:30:00+00:00,27971.9,0.06048744460856711,-0.5262063023141238,-0.46571885770555665,True,1.5,27731.82857142857,123727.0,2023-03-20 13:30:00+00:00,16.0,4.0,False,1.235721319547014,1.9342688330871476,0.9745436976858785,0.9745436976858785
1287,1287,2023-03-20 21:30:00+00:00,1,123759,27971.9,147.36428571428587,2023-03-21 09:30:00+00:00,27950.0,0.09490732393000814,-0.24351863700257856,-0.14861131307257042,True,1.5,27750.85357142857,123766.0,2023-03-20 23:15:00+00:00,7.0,1.75,True,3.140880228781929,1.4239978672870937,1.2572313629974274,-1.5941573239300082
1288,1288,2023-03-21 09:30:00+00:00,1,123807,27950.0,160.91428571428565,2023-03-21 21:30:00+00:00,27991.2,0.08684747869318185,0.16918945312500458,0.25603693181818643,True,1.5,27708.628571428573,123826.0,2023-03-21 14:15:00+00:00,19.0,4.75,False,0.01633522727273826,4.669389204545445,1.6699394531249943,1.6699394531249943
1289,1289,2023-03-22 18:15:00+00:00,-1,123938,28454.6,199.5071428571425,2023-03-23 06:15:00+00:00,27630.3,0.07131223371880718,4.060369410332609,4.131681644051416,False,1.5,28753.86071428571,,,,,,,,,
1290,1290,2023-03-23 08:45:00+00:00,1,123996,27621.4,95.33571428571433,2023-03-23 20:45:00+00:00,28277.3,0.14486386453884761,6.735034239904072,6.87989810444292,True,1.5,27478.39642857143,124005.0,2023-03-23 11:00:00+00:00,9.0,2.25,True,2.184873005169712,1.6741215254364301,8.235784239904088,-1.6441138645388476
1291,1291,2023-03-23 20:45:00+00:00,-1,124044,28277.3,212.45714285714323,2023-03-24 08:45:00+00:00,28022.5,0.06654824502420645,1.1327524542764873,1.1993006993006938,False,1.5,28595.985714285714,,,,,,,,,
1292,1292,2023-03-24 09:00:00+00:00,-1,124093,28013.2,91.47142857142873,2023-03-24 21:00:00+00:00,27386.1,0.15312540996407908,6.702567234109024,6.855692644073103,True,1.5,28150.407142857144,124094.0,2023-03-24 09:15:00+00:00,1.0,0.25,False,1.198110260815226,9.279478369514305,8.201817234109027,8.201817234109027
1293,1293,2023-03-24 21:45:00+00:00,-1,124144,27315.1,180.52142857142903,2023-03-25 09:45:00+00:00,27469.9,0.07565611522177798,-0.9331720413089205,-0.8575159260871426,True,1.5,27585.882142857143,124162.0,2023-03-25 02:15:00+00:00,18.0,4.5,False,0.34631820519923223,1.572567562220547,0.5660779586910832,0.5660779586910832
1294,1294,2023-03-25 20:15:00+00:00,-1,124234,27311.1,119.00714285714353,2023-03-26 08:15:00+00:00,27506.3,0.11474563351539457,-1.7549833143268674,-1.6402376808114727,True,1.5,27489.610714285714,124241.0,2023-03-25 22:00:00+00:00,7.0,1.75,False,1.2636996578836714,0.9697797251065263,-0.2557333143268618,-0.2557333143268618
1295,1295,2023-03-26 14:15:00+00:00,1,124306,27933.1,130.22142857142873,2023-03-27 02:15:00+00:00,27830.9,0.10725231748121318,-0.8920693873073102,-0.784817069826097,True,1.5,27737.767857142855,124307.0,2023-03-26 14:30:00+00:00,1.0,0.25,False,1.13013548351708,3.075777521803528,0.6086806126926927,0.6086806126926927
1296,1296,2023-03-27 13:15:00+00:00,-1,124398,27770.7,80.00000000000053,2023-03-28 01:15:00+00:00,26995.6,0.17356687499999887,9.515183124999965,9.688749999999963,False,1.5,27890.7,,,,,,,,,
1297,1297,2023-03-28 01:15:00+00:00,1,124446,26995.6,88.228571428572,2023-03-28 13:15:00+00:00,26900.9,0.15298672279792647,-1.2263351683937416,-1.073348445595815,True,1.5,26863.25714285714,124480.0,2023-03-28 09:45:00+00:00,34.0,8.5,True,1.8503886010362152,0.8097474093264703,0.2744148316062748,-1.6522367227979264
1298,1298,2023-03-28 14:15:00+00:00,1,124498,26993.3,152.59999999999985,2023-03-29 02:15:00+00:00,27345.1,0.08844462647444308,2.2169288990825664,2.3053735255570094,True,1.5,26764.399999999998,124510.0,2023-03-28 17:15:00+00:00,12.0,3.0,False,0.2889908256880641,4.8204456094364545,3.7176788990825775,3.7176788990825775
1299,1299,2023-03-29 03:30:00+00:00,1,124551,27340.0,63.32142857142883,2023-03-29 15:30:00+00:00,28427.4,0.21588268471517114,16.95681895093058,17.17270163564575,False,1.5,27245.017857142855,,,,,,,,,
1300,1300,2023-03-30 03:30:00+00:00,-1,124647,28473.2,232.30714285714308,2023-03-30 15:30:00+00:00,28325.6,0.061283522430280055,0.5740822187375177,0.6353657411677978,False,1.5,28821.660714285714,,,,,,,,,
1301,1301,2023-03-30 16:30:00+00:00,-1,124699,28264.9,144.21428571428547,2023-03-31 04:30:00+00:00,28155.0,0.0979961862308075,0.6640642397226462,0.7620604259534537,False,1.5,28481.22142857143,,,,,,,,,
1302,1302,2023-03-31 07:45:00+00:00,-1,124760,27733.3,121.97142857142873,2023-03-31 19:45:00+00:00,28459.0,0.11368769032560304,-6.063441731084562,-5.949754040758958,True,1.5,27916.257142857143,124770.0,2023-03-31 10:15:00+00:00,10.0,2.5,True,2.22792223003045,0.7645818692902301,-4.564191731084558,-1.614437690325603
1303,1303,2023-04-01 00:45:00+00:00,1,124828,28430.1,81.14285714285714,2023-04-01 12:45:00+00:00,28413.0,0.17518547535211268,-0.38592491197181306,-0.21073943661970038,True,1.5,28308.385714285712,124873.0,2023-04-01 12:00:00+00:00,45.0,11.25,False,0.10334507042251088,1.3311619718310284,1.1148250880281934,1.1148250880281934
1304,1304,2023-04-02 09:30:00+00:00,-1,124959,28391.6,35.099999999999845,2023-04-02 21:30:00+00:00,28039.6,0.4044387464387482,9.624051282051324,10.028490028490072,False,1.5,28444.25,,,,,,,,,
1305,1305,2023-04-02 22:30:00+00:00,-1,125011,27953.6,102.68571428571444,2023-04-03 10:30:00+00:00,28341.0,0.13611240957150786,-3.908789092932674,-3.772676683361166,True,1.5,28107.62857142857,125012.0,2023-04-02 22:45:00+00:00,1.0,0.25,True,3.0809682804674594,5.407067334446259,-2.40953909293268,-1.6368624095715079
1306,1306,2023-04-03 10:30:00+00:00,1,125059,28341.0,128.0857142857146,2023-04-03 22:30:00+00:00,27846.4,0.11063294668748579,-3.972109636404172,-3.8614766897166866,True,1.5,28148.871428571427,125066.0,2023-04-03 12:15:00+00:00,7.0,1.75,True,1.68536694178004,1.7264108855677098,-2.471359636404163,-1.6098829466874858
1307,1307,2023-04-03 22:30:00+00:00,-1,125107,27846.4,197.78571428571428,2023-04-04 10:30:00+00:00,28191.9,0.07039537739256051,-1.817235391838209,-1.7468400144456484,True,1.5,28143.078571428574,125151.0,2023-04-04 09:30:00+00:00,44.0,11.0,False,1.0128205128205077,0.4367280606717316,-0.3179853918382035,-0.3179853918382035
1308,1308,2023-04-04 10:30:00+00:00,1,125155,28191.9,93.65714285714343,2023-04-04 22:30:00+00:00,28197.0,0.15050587248322056,-0.09605193715681788,0.05445393532640268,True,1.5,28051.414285714287,125173.0,2023-04-04 15:00:00+00:00,18.0,4.5,False,1.2408480780963982,2.6542098840756263,1.404698062843175,1.404698062843175
1309,1309,2023-04-05 00:45:00+00:00,1,125212,28655.7,105.92142857142868,2023-04-05 12:45:00+00:00,28556.3,0.13526866275541158,-1.0737001146402447,-0.9384314518848331,True,1.5,28496.817857142858,125221.0,2023-04-05 03:00:00+00:00,9.0,2.25,True,2.000708072021032,1.4933913278036186,0.42704988535975286,-1.6345186627554116
1310,1310,2023-04-05 14:00:00+00:00,-1,125265,28136.9,135.24285714285725,2023-04-06 02:00:00+00:00,28054.0,0.1040236083236505,0.5089477659237454,0.6129713742473959,False,1.5,28339.764285714286,,,,,,,,,
1311,1311,2023-04-06 03:45:00+00:00,-1,125320,28117.4,94.60714285714312,2023-04-06 15:45:00+00:00,28079.3,0.14860083050207587,0.25411717629296304,0.40271800679503894,False,1.5,28259.310714285715,,,,,,,,,
1312,1312,2023-04-06 16:15:00+00:00,1,125370,28089.0,91.82142857142857,2023-04-07 04:15:00+00:00,28042.9,0.15295449241540257,-0.6550159471022791,-0.5020614546868765,True,1.5,27951.26785714286,125379.0,2023-04-06 18:30:00+00:00,9.0,2.25,False,0.8469467133411294,1.750486192143118,0.8457340528977041,0.8457340528977041
1313,1313,2023-04-07 07:45:00+00:00,-1,125432,27822.0,58.17142857142893,2023-04-07 19:45:00+00:00,27886.4,0.23913801571709084,-1.3462107072691718,-1.107072691552081,True,1.5,27909.257142857143,125434.0,2023-04-07 08:15:00+00:00,2.0,0.5,False,1.2350196463653915,2.3492141453831126,0.15303929273081707,0.15303929273081707
1314,1314,2023-04-08 06:30:00+00:00,1,125523,28099.6,58.09285714285709,2023-04-08 18:30:00+00:00,27920.2,0.24185073158736034,-3.3300100823803906,-3.0881593507930303,True,1.5,28012.460714285713,125532.0,2023-04-08 08:45:00+00:00,9.0,2.25,True,1.5038116316242518,1.1161318086806935,-1.829260082380393,-1.7411007315873603
1315,1315,2023-04-08 20:45:00+00:00,-1,125580,27895.4,41.278571428571276,2023-04-09 08:45:00+00:00,27870.8,0.3378920228413233,0.2580588337083078,0.5959508565496311,True,1.5,27957.317857142858,125589.0,2023-04-08 23:00:00+00:00,9.0,2.25,True,1.840716386918121,1.202024571725219,1.7573088337082985,-1.8386420228413232
1316,1316,2023-04-09 08:45:00+00:00,-1,125628,27870.8,59.13571428571439,2023-04-09 20:45:00+00:00,28105.0,0.23565116559970967,-4.1960328542094505,-3.9603816886097407,True,1.5,27959.50357142857,125643.0,2023-04-09 12:30:00+00:00,15.0,3.75,True,2.00380480734391,3.0861819060272606,-2.6967828542094723,-1.7364011655997096
1317,1317,2023-04-09 20:45:00+00:00,1,125676,28105.0,73.44285714285694,2023-04-10 08:45:00+00:00,28284.3,0.19133923361213825,2.2500145886014358,2.441353822213574,False,1.5,27994.835714285713,,,,,,,,,
1318,1318,2023-04-10 15:30:00+00:00,1,125751,28483.4,77.59999999999984,2023-04-11 03:30:00+00:00,30028.5,0.1835270618556705,19.727555412371157,19.911082474226827,False,1.5,28367.0,,,,,,,,,
1319,1319,2023-04-11 14:00:00+00:00,-1,125841,30212.4,88.07857142857158,2023-04-12 02:00:00+00:00,30036.1,0.17150823128699996,1.830113697185984,2.001621928472984,True,1.5,30344.51785714286,125862.0,2023-04-11 19:15:00+00:00,21.0,5.25,True,2.4918903576352065,1.0424539777795876,3.3293636971859826,-1.672258231287
1320,1320,2023-04-12 04:45:00+00:00,-1,125900,29962.1,93.07857142857132,2023-04-12 16:45:00+00:00,29922.2,0.16095057938761434,0.2677195150026628,0.4286700943902771,True,1.5,30101.717857142856,125931.0,2023-04-12 12:30:00+00:00,31.0,7.75,True,4.064116337963338,1.2217404650448798,1.7669695150026656,-1.6617005793876143
1321,1321,2023-04-13 09:30:00+00:00,1,126015,30167.3,84.60714285714259,2023-04-13 21:30:00+00:00,30300.0,0.17827868298860336,1.3901468130012793,1.5684254959898827,False,1.5,30040.389285714286,,,,,,,,,
1322,1322,2023-04-14 10:00:00+00:00,-1,126113,30792.6,88.59285714285735,2023-04-14 22:00:00+00:00,30410.7,0.17378714827057928,4.1369441264209925,4.310731274691572,False,1.5,30925.489285714284,,,,,,,,,
1323,1323,2023-04-15 01:15:00+00:00,1,126174,30312.2,74.2071428571427,2023-04-15 13:15:00+00:00,30407.7,0.20424044662623972,1.0826976609875854,1.286938107613825,False,1.5,30200.889285714286,,,,,,,,,
1324,1324,2023-04-16 22:45:00+00:00,-1,126356,30314.7,83.64285714285714,2023-04-17 10:45:00+00:00,29880.6,0.18121511528608028,5.008708027327097,5.1899231426131776,False,1.5,30440.164285714287,,,,,,,,,
1325,1325,2023-04-17 10:45:00+00:00,-1,126404,29880.6,57.62857142857164,2023-04-17 22:45:00+00:00,29491.7,0.2592516113039157,6.489137084779314,6.7483886960832296,False,1.5,29967.042857142857,,,,,,,,,
1326,1326,2023-04-18 01:15:00+00:00,1,126462,29272.0,80.78571428571402,2023-04-18 13:15:00+00:00,30327.4,0.18117064544650813,12.883020335985913,13.064190981432422,False,1.5,29150.821428571428,,,,,,,,,
1327,1327,2023-04-18 13:15:00+00:00,1,126510,30327.4,108.01428571428576,2023-04-19 01:15:00+00:00,30299.1,0.14038606004496754,-0.40238844068247615,-0.26200238063750864,True,1.5,30165.378571428573,126514.0,2023-04-18 14:15:00+00:00,4.0,1.0,True,1.5292289379711768,1.2666975267821614,1.0983615593175202,-1.6396360600449675
1328,1328,2023-04-19 02:00:00+00:00,1,126561,30180.6,77.17142857142842,2023-04-19 14:00:00+00:00,29431.8,0.19554257682339912,-9.898615512773057,-9.703072935949658,True,1.5,30064.842857142856,126578.0,2023-04-19 06:15:00+00:00,17.0,4.25,True,11.206775268419108,1.8291373565346378,-8.397865512773055,-1.6947925768233991
1329,1329,2023-04-19 14:00:00+00:00,-1,126609,29431.8,77.90714285714343,2023-04-20 02:00:00+00:00,28880.4,0.18889025396534198,6.888766296873489,7.077656550838831,False,1.5,29548.660714285714,,,,,,,,,
1330,1330,2023-04-20 02:00:00+00:00,-1,126657,28880.4,139.95000000000047,2023-04-20 14:00:00+00:00,28841.9,0.10318113612004252,0.17191711325473324,0.2750982493747758,False,1.5,29090.325,,,,,,,,,
1331,1331,2023-04-20 14:45:00+00:00,-1,126708,28706.6,147.9357142857147,2023-04-21 02:45:00+00:00,28240.6,0.09702390034281272,3.05299299888947,3.150016899232283,False,1.5,28928.50357142857,,,,,,,,,
1332,1332,2023-04-21 04:00:00+00:00,-1,126761,28310.7,64.43571428571418,2023-04-21 16:00:00+00:00,28044.0,0.21968174260059894,3.919327236448305,4.139008979048904,False,1.5,28407.35357142857,,,,,,,,,
1333,1333,2023-04-21 16:00:00+00:00,-1,126809,28044.0,106.2000000000002,2023-04-22 04:00:00+00:00,27307.1,0.1320338983050845,6.806760828625237,6.938794726930321,False,1.5,28203.3,,,,,,,,,
1334,1334,2023-04-22 04:00:00+00:00,-1,126857,27307.1,55.92857142857195,2023-04-22 16:00:00+00:00,27640.0,0.24412477650063627,-6.196359770114911,-5.952234993614274,True,1.5,27390.992857142857,126900.0,2023-04-22 14:45:00+00:00,43.0,10.75,True,1.5556832694763565,1.621583652618135,-4.697109770114897,-1.7448747765006363
1335,1335,2023-04-22 16:00:00+00:00,-1,126905,27640.0,87.03571428571455,2023-04-23 04:00:00+00:00,27549.6,0.15878539187525598,0.8798686910135554,1.0386540828888113,True,1.5,27770.553571428572,126911.0,2023-04-22 17:30:00+00:00,6.0,1.5,False,1.3494050061550928,4.368937217890856,2.379118691013563,2.379118691013563
1336,1336,2023-04-23 07:15:00+00:00,1,126966,27584.0,44.514285714286025,2023-04-23 19:15:00+00:00,27446.9,0.30983311938382324,-3.389743260590444,-3.079910141206621,True,1.5,27517.22857142857,126979.0,2023-04-23 10:30:00+00:00,13.0,3.25,True,1.5057766367137158,4.7573812580230666,-1.8889932605904618,-1.8090831193838233
1337,1337,2023-04-23 19:30:00+00:00,1,127015,27476.8,108.7214285714282,2023-04-24 07:30:00+00:00,27447.3,0.12636331384271773,-0.3976989685303213,-0.27133565468760357,False,1.5,27313.717857142856,,,,,,,,,
1338,1338,2023-04-24 07:30:00+00:00,-1,127063,27447.3,82.05714285714228,2023-04-24 19:30:00+00:00,27389.4,0.1672450383008368,0.5383608112813142,0.705605849582151,True,1.5,27570.385714285712,127081.0,2023-04-24 12:00:00+00:00,18.0,4.5,True,1.5795612813370825,2.3786559888579224,2.0376108112813096,-1.6679950383008368
1339,1339,2023-04-24 19:30:00+00:00,1,127111,27389.4,139.4214285714284,2023-04-25 07:30:00+00:00,27252.7,0.09822521645576118,-1.0787057738613723,-0.9804805574056111,False,1.5,27180.26785714286,,,,,,,,,
1340,1340,2023-04-25 10:30:00+00:00,-1,127171,27334.7,76.92142857142893,2023-04-25 22:30:00+00:00,28252.4,0.17767935741480093,-12.10803500789298,-11.930355650478178,True,1.5,27450.082142857143,127178.0,2023-04-25 12:15:00+00:00,7.0,1.75,True,1.5485653263998456,3.251137524375515,-10.608785007892987,-1.6784293574148008
1341,1341,2023-04-25 22:30:00+00:00,1,127219,28252.4,140.9142857142862,2023-04-26 10:30:00+00:00,28953.4,0.10024675587996722,4.87440855636657,4.9746553122465365,False,1.5,28041.02857142857,,,,,,,,,
1342,1342,2023-04-26 10:30:00+00:00,1,127267,28953.4,134.3357142857141,2023-04-26 22:30:00+00:00,28281.0,0.1077650874674325,-5.113135428297992,-5.00537034083056,True,1.5,28751.896428571432,127303.0,2023-04-26 19:30:00+00:00,36.0,9.0,True,4.4596958579252775,2.8972457063858887,-3.6123854282980044,-1.6070150874674325
1343,1343,2023-04-26 22:30:00+00:00,-1,127315,28281.0,470.53571428571405,2023-04-27 10:30:00+00:00,29006.8,0.030051916508538917,-1.572549070208728,-1.542497153700189,True,1.5,28986.803571428572,127322.0,2023-04-27 00:15:00+00:00,7.0,1.75,False,1.0481593927893722,0.9665654648956383,-0.07329907020872493,-0.07329907020872493
1344,1344,2023-04-27 10:30:00+00:00,1,127363,29006.8,123.47142857142873,2023-04-27 22:30:00+00:00,29532.8,0.11746361217169948,4.14263126229318,4.26009487446488,True,1.5,28821.592857142856,127371.0,2023-04-27 12:30:00+00:00,8.0,2.0,False,1.3897373597130498,8.71786416753442,5.6433812622931825,5.6433812622931825
1345,1345,2023-04-27 22:30:00+00:00,1,127411,29532.8,138.27857142857152,2023-04-28 10:30:00+00:00,29293.7,0.1067873340565111,-1.83590557363499,-1.729118239578479,True,1.5,29325.382142857143,127412.0,2023-04-27 22:45:00+00:00,1.0,0.25,True,1.5547032388036448,1.921612686605702,-0.3351555736349956,-1.606037334056511
1346,1346,2023-04-28 10:30:00+00:00,-1,127459,29293.7,100.05000000000005,2023-04-28 22:30:00+00:00,29390.9,0.1463953023488255,-1.117909545227393,-0.9715142428785675,True,1.5,29443.775,127467.0,2023-04-28 12:30:00+00:00,8.0,2.0,False,0.19515242378808403,5.734882558720651,0.38134045477261347,0.38134045477261347
1347,1347,2023-04-29 00:45:00+00:00,1,127516,29252.0,60.3500000000001,2023-04-29 12:45:00+00:00,29269.2,0.24235294117647016,0.042651201325612675,0.28500414250208284,False,1.5,29161.475,,,,,,,,,
1348,1348,2023-04-30 15:15:00+00:00,1,127670,29810.7,93.27857142857127,2023-05-01 03:15:00+00:00,28573.1,0.15979393521709193,-13.427578604793675,-13.267784669576583,True,1.5,29670.782142857144,127672.0,2023-04-30 15:45:00+00:00,2.0,0.5,True,1.8308829159966482,2.272953518646126,-11.926828604793679,-1.659043935217092
1349,1349,2023-05-01 03:15:00+00:00,-1,127718,28573.1,157.87857142857163,2023-05-01 15:15:00+00:00,28099.1,0.09049074786228102,2.9118166312265266,3.0023073790888075,False,1.5,28809.917857142857,,,,,,,,,
1350,1350,2023-05-01 15:15:00+00:00,1,127766,28099.1,116.99285714285699,2023-05-02 03:15:00+00:00,27933.9,0.12008895536968084,-1.532140973197364,-1.4120520178276832,True,1.5,27923.610714285714,127782.0,2023-05-01 19:15:00+00:00,16.0,4.0,True,1.600189266743993,1.0110812625923558,-0.031390973197376285,-1.6193389553696809
1351,1351,2023-05-02 07:15:00+00:00,-1,127830,28056.8,60.75,2023-05-02 19:15:00+00:00,28789.0,0.23092016460905349,-12.283595061728406,-12.052674897119353,True,1.5,28147.925,127851.0,2023-05-02 12:30:00+00:00,21.0,5.25,True,1.680246913580259,2.054732510288078,-10.784345061728406,-1.7316701646090535
1352,1352,2023-05-02 19:15:00+00:00,1,127878,28789.0,129.38571428571387,2023-05-03 07:15:00+00:00,28644.1,0.1112526222811089,-1.2311598763387588,-1.1199072540576498,True,1.5,28594.92142857143,127897.0,2023-05-03 00:00:00+00:00,19.0,4.75,True,2.090813735232421,0.6737882300982486,0.26959012366123725,-1.610502622281109
1353,1353,2023-05-03 07:15:00+00:00,-1,127926,28644.1,67.07857142857081,2023-05-03 19:15:00+00:00,28340.0,0.2135115536151654,4.319977957619015,4.533489511234181,True,1.5,28744.717857142856,127930.0,2023-05-03 08:15:00+00:00,4.0,1.0,False,0.8241401341710425,9.909541049941504,5.81922795761903,5.81922795761903
1354,1354,2023-05-03 19:30:00+00:00,1,127975,28345.6,213.41428571428565,2023-05-04 07:30:00+00:00,29067.3,0.06640979985273447,3.315275721266488,3.3816855211192225,False,1.5,28025.47857142857,,,,,,,,,
1355,1355,2023-05-04 07:30:00+00:00,1,128023,29067.3,65.82142857142883,2023-05-04 19:30:00+00:00,28840.3,0.22080423223005882,-3.6695291372761663,-3.4487249050461073,True,1.5,28968.567857142854,128026.0,2023-05-04 08:15:00+00:00,3.0,0.75,True,2.5609875203472074,6.250732501356502,-2.16877913727614,-1.720054232230059
1356,1356,2023-05-04 20:45:00+00:00,-1,128076,28856.8,83.68571428571418,2023-05-05 08:45:00+00:00,29046.0,0.17241174462273834,-2.4332516217139073,-2.260839877091169,True,1.5,28982.32857142857,128095.0,2023-05-05 01:30:00+00:00,19.0,4.75,True,4.273984294981241,0.881017412086041,-0.9340016217139103,-1.6731617446227383
1357,1357,2023-05-05 09:30:00+00:00,-1,128127,29100.2,69.52142857142852,2023-05-05 21:30:00+00:00,29480.6,0.20928942772012757,-5.680983663824077,-5.471694236103949,True,1.5,29204.482142857145,128139.0,2023-05-05 12:30:00+00:00,12.0,3.0,True,2.797955409431802,8.431675742319989,-4.1817336638240565,-1.7100394277201276
1358,1358,2023-05-06 05:15:00+00:00,-1,128206,29365.5,57.29285714285704,2023-05-06 17:15:00+00:00,28805.3,0.25627540206956784,9.521557785812274,9.777833187881841,False,1.5,29451.439285714285,,,,,,,,,
1359,1359,2023-05-06 17:15:00+00:00,-1,128254,28805.3,130.19999999999968,2023-05-07 05:15:00+00:00,28821.0,0.11061943164362546,-0.23120314900154226,-0.1205837173579168,True,1.5,29000.6,128286.0,2023-05-07 01:15:00+00:00,32.0,8.0,False,1.0476190476190614,2.076804915514581,1.2680468509984557,1.2680468509984557
1360,1360,2023-05-07 08:45:00+00:00,1,128316,28845.4,54.65000000000042,2023-05-07 20:45:00+00:00,28901.7,0.2639103385178388,0.766281793229624,1.0301921317474627,True,1.5,28763.425,128318.0,2023-05-07 09:15:00+00:00,2.0,0.5,False,1.3215919487648307,5.9446477584629,2.2670317932296524,2.2670317932296524
1361,1361,2023-05-07 23:30:00+00:00,-1,128375,28652.4,85.32857142857132,2023-05-08 11:30:00+00:00,27898.0,0.16789452536413885,8.673223840616133,8.841118365980272,False,1.5,28780.39285714286,,,,,,,,,
1362,1362,2023-05-08 11:30:00+00:00,-1,128423,27898.0,100.271428571428,2023-05-08 23:30:00+00:00,27623.0,0.13911240917509696,2.603443510471592,2.742555919646689,True,1.5,28048.40714285714,128437.0,2023-05-08 15:00:00+00:00,14.0,3.5,False,0.264211426129117,7.962459039749274,4.102693510471577,4.102693510471577
1363,1363,2023-05-08 23:30:00+00:00,-1,128471,27623.0,86.84285714285683,2023-05-09 11:30:00+00:00,27619.9,0.1590401381806224,-0.12334347754566617,0.03569666063495623,False,1.5,27753.264285714286,,,,,,,,,
1364,1364,2023-05-09 12:15:00+00:00,-1,128522,27753.2,71.02857142857205,2023-05-10 00:15:00+00:00,27754.2,0.19536645213193715,-0.20944529364440687,-0.014078841512469707,False,1.5,27859.742857142857,,,,,,,,,
1365,1365,2023-05-10 00:15:00+00:00,-1,128570,27754.2,52.52142857142826,2023-05-10 12:15:00+00:00,27703.6,0.2642178702570395,0.6991984224126664,0.963416292669706,True,1.5,27832.982142857145,128574.0,2023-05-10 01:15:00+00:00,4.0,1.0,False,0.29926560587512907,7.1434108527132745,2.1984484224127008,2.1984484224127008
1366,1366,2023-05-10 13:00:00+00:00,1,128621,28125.6,96.57142857142806,2023-05-11 01:00:00+00:00,27533.4,0.14562071005917238,-6.277869230769234,-6.132248520710061,True,1.5,27980.742857142857,128637.0,2023-05-10 17:00:00+00:00,16.0,4.0,True,1.8198224852071114,2.352218934911269,-4.777119230769242,-1.6448707100591724
1367,1367,2023-05-11 01:00:00+00:00,1,128669,27533.4,93.0428571428573,2023-05-11 13:00:00+00:00,27320.7,0.14796084753569758,-2.4340041455550474,-2.28604329801935,True,1.5,27393.835714285717,128677.0,2023-05-11 03:00:00+00:00,8.0,2.0,True,1.8683402425917621,1.6150007676953344,-0.93325414555506,-1.6472108475356977
1368,1368,2023-05-11 13:00:00+00:00,-1,128717,27320.7,92.94285714285694,2023-05-12 01:00:00+00:00,27013.8,0.1469757915770062,3.155053104826337,3.302028896403343,True,1.5,27460.114285714288,128719.0,2023-05-11 13:30:00+00:00,2.0,0.5,False,0.2623731939747718,8.298801106670814,4.6543031048263535,4.6543031048263535
1369,1369,2023-05-12 01:30:00+00:00,-1,128767,26891.5,87.62142857142915,2023-05-12 13:30:00+00:00,26434.1,0.15345275943588388,5.066731474688171,5.220184234124055,False,1.5,27022.932142857142,,,,,,,,,
1370,1370,2023-05-12 14:45:00+00:00,1,128820,26302.1,97.59285714285787,2023-05-13 02:45:00+00:00,26767.5,0.13475422674375953,4.634037400278103,4.768791627021863,True,1.5,26155.710714285713,128837.0,2023-05-12 19:00:00+00:00,17.0,4.25,True,4.146929664056167,1.484630022689001,6.134787400278091,-1.6340042267437596
1371,1371,2023-05-13 02:45:00+00:00,1,128868,26767.5,76.02857142857154,2023-05-13 14:45:00+00:00,26780.9,0.17603579481397946,0.0002137354378244638,0.17624953025180393,False,1.5,26653.457142857143,,,,,,,,,
1372,1372,2023-05-13 14:45:00+00:00,1,128916,26780.9,64.42857142857143,2023-05-14 02:45:00+00:00,26799.0,0.20783403547671842,0.07309722838135213,0.28093126385807055,True,1.5,26684.257142857143,128955.0,2023-05-14 00:30:00+00:00,39.0,9.75,True,1.975166297117515,1.756097560975634,1.5738472283813763,-1.7070840354767185
1373,1373,2023-05-14 02:45:00+00:00,1,128964,26799.0,82.72142857142846,2023-05-14 14:45:00+00:00,26950.1,0.16198342112080152,1.6646291339262431,1.8266125550470447,False,1.5,26674.917857142857,,,,,,,,,
1374,1374,2023-05-14 15:00:00+00:00,-1,129013,27064.1,71.57142857142857,2023-05-15 03:00:00+00:00,27169.8,0.18907055888223553,-1.6659168662674753,-1.4768463073852398,True,1.5,27171.45714285714,129055.0,2023-05-15 01:30:00+00:00,42.0,10.5,True,1.5025948103792837,2.886027944111714,-0.166666866267497,-1.6898205588822355
1375,1375,2023-05-15 03:00:00+00:00,1,129061,27169.8,110.31428571428556,2023-05-15 15:00:00+00:00,27415.0,0.1231472416472418,2.0995929810929908,2.2227402227402324,False,1.5,27004.32857142857,,,,,,,,,
1376,1376,2023-05-15 17:00:00+00:00,-1,129117,27594.5,114.75,2023-05-16 05:00:00+00:00,27113.9,0.12023747276688453,4.067997821350749,4.188235294117634,False,1.5,27766.625,,,,,,,,,
1377,1377,2023-05-16 06:00:00+00:00,1,129169,27019.9,54.785714285714285,2023-05-16 18:00:00+00:00,27038.5,0.24659621903520212,0.09290834419814814,0.33950456323335026,True,1.5,26937.72142857143,129201.0,2023-05-16 14:00:00+00:00,32.0,8.0,False,1.0517601043025113,3.765189048239888,1.5936583441981673,1.5936583441981673
1378,1378,2023-05-17 01:30:00+00:00,-1,129247,27171.8,63.085714285714076,2023-05-17 13:30:00+00:00,26720.6,0.21535620471014566,6.936817708333368,7.152173913043514,False,1.5,27266.42857142857,,,,,,,,,
1379,1379,2023-05-17 14:00:00+00:00,-1,129297,26629.1,92.75714285714275,2023-05-18 02:00:00+00:00,27308.2,0.14354204527953196,-7.464811104266165,-7.3212690589866325,True,1.5,26768.235714285714,129299.0,2023-05-17 14:30:00+00:00,2.0,0.5,True,1.8517634375481287,2.595333436008014,-5.965561104266145,-1.644292045279532
1380,1380,2023-05-18 02:00:00+00:00,1,129345,27308.2,54.878571428571895,2023-05-18 14:00:00+00:00,27230.5,0.24880567486658647,-1.664658857217232,-1.4158531823506455,True,1.5,27225.882142857143,129360.0,2023-05-18 05:45:00+00:00,15.0,3.75,True,1.5831706364701135,0.8950279838604654,-0.16390885721722953,-1.7480556748665865
1381,1381,2023-05-18 14:00:00+00:00,-1,129393,27230.5,81.228571428572,2023-05-19 02:00:00+00:00,26814.7,0.16761651424551413,4.951271983819865,5.118888498065379,True,1.5,27352.34285714286,129395.0,2023-05-18 14:30:00+00:00,2.0,0.5,False,0.5374604291241327,12.520752725993619,6.450521983819883,6.450521983819883
1382,1382,2023-05-19 02:00:00+00:00,1,129441,26814.7,61.77857142857075,2023-05-19 14:00:00+00:00,26778.1,0.21702266157937575,-0.8094610937681099,-0.5924384321887342,False,1.5,26722.032142857144,,,,,,,,,
1383,1383,2023-05-19 14:00:00+00:00,1,129489,26778.1,64.24999999999974,2023-05-20 02:00:00+00:00,26846.5,0.20838988326848332,0.8562015564202595,1.0645914396887428,True,1.5,26681.725,129495.0,2023-05-19 15:30:00+00:00,6.0,1.5,False,1.0976653696497758,4.668871595330792,2.356951556420266,2.356951556420266
1384,1384,2023-05-20 18:00:00+00:00,1,129601,27126.5,49.24285714285751,2023-05-21 06:00:00+00:00,27086.3,0.27543588627792076,-1.0917979402378946,-0.8163620539599739,True,1.5,27052.635714285712,129603.0,2023-05-20 18:30:00+00:00,2.0,0.5,True,1.881201044386369,0.9110821003771729,0.4089520597621342,-1.7746858862779207
1385,1385,2023-05-21 06:00:00+00:00,1,129649,27086.3,24.042857142857038,2023-05-21 18:00:00+00:00,26863.0,0.5632920380273346,-9.85087373737375,-9.287581699346415,True,1.5,27050.235714285714,129651.0,2023-05-21 06:30:00+00:00,2.0,0.5,True,1.532085561497281,1.4584076054663964,-8.350123737373782,-2.0625420380273347
1386,1386,2023-05-21 21:15:00+00:00,-1,129710,26688.7,50.321428571428314,2023-05-22 09:15:00+00:00,26846.6,0.26518225691980263,-3.4030105039034515,-3.137828246983649,True,1.5,26764.182142857142,129712.0,2023-05-21 21:45:00+00:00,2.0,0.5,True,2.6771469127041048,5.249893541518818,-1.903760503903475,-1.7659322569198026
1387,1387,2023-05-22 09:15:00+00:00,1,129758,26846.6,49.92857142857143,2023-05-22 21:15:00+00:00,26897.5,0.2688500715307582,0.7506062947067529,1.0194563662375111,True,1.5,26771.70714285714,129766.0,2023-05-22 11:15:00+00:00,8.0,2.0,True,1.6364806866952186,1.7683834048641518,2.2513562947067842,-1.7681000715307582
1388,1388,2023-05-23 01:30:00+00:00,1,129823,27019.3,57.150000000000155,2023-05-23 13:30:00+00:00,27220.3,0.2363893263342076,3.280671041119851,3.5170603674540586,False,1.5,26933.575,,,,,,,,,
1389,1389,2023-05-23 18:00:00+00:00,-1,129889,27185.0,52.22857142857226,2023-05-24 06:00:00+00:00,26727.0,0.2602502735229718,8.508896334791986,8.769146608314959,False,1.5,27263.34285714286,,,,,,,,,
1390,1390,2023-05-24 06:00:00+00:00,-1,129937,26727.0,91.86428571428587,2023-05-24 18:00:00+00:00,26268.1,0.14547002565896874,4.849942461705941,4.995412487364909,False,1.5,26864.79642857143,,,,,,,,,
1391,1391,2023-05-24 18:00:00+00:00,-1,129985,26268.1,107.49285714285725,2023-05-25 06:00:00+00:00,26235.0,0.12218532792876592,0.18574210911022615,0.30792743703899206,True,1.5,26429.339285714283,129995.0,2023-05-24 20:30:00+00:00,10.0,2.5,False,0.43408199880393583,5.3895607681573185,1.6849921091102091,1.6849921091102091
1392,1392,2023-05-25 07:15:00+00:00,1,130038,26188.4,50.85000000000063,2023-05-25 19:15:00+00:00,26494.9,0.25750639134709613,5.770025565388326,6.027531956735422,True,1.5,26112.125,130040.0,2023-05-25 07:45:00+00:00,2.0,0.5,False,0.08505408062931513,10.45968534906575,7.270775565388336,7.270775565388336
1393,1393,2023-05-25 22:00:00+00:00,1,130097,26458.2,63.014285714285506,2023-05-26 10:00:00+00:00,26422.1,0.20993810927227458,-0.7828240761732406,-0.572885966900966,True,1.5,26363.678571428572,130108.0,2023-05-26 00:45:00+00:00,11.0,2.75,False,0.7899569258671463,2.913965087281777,0.7179259238267595,0.7179259238267595
1394,1394,2023-05-26 10:00:00+00:00,1,130145,26422.1,43.59285714285683,2023-05-26 22:00:00+00:00,26741.9,0.3030553825987241,7.033008848107606,7.33606423070633,True,1.5,26356.710714285713,130155.0,2023-05-26 12:30:00+00:00,10.0,2.5,False,0.3168114042273694,13.036293626085655,8.533758848107611,8.533758848107611
1395,1395,2023-05-26 22:00:00+00:00,1,130193,26741.9,41.578571428571585,2023-05-27 10:00:00+00:00,26690.7,0.32158271774609054,-1.5529862566569435,-1.2314035389108529,True,1.5,26679.532142857144,130196.0,2023-05-26 22:45:00+00:00,3.0,0.75,False,1.4077478096547258,2.3297543377426497,-0.052236256656946645,-0.052236256656946645
1396,1396,2023-05-27 18:15:00+00:00,1,130274,26736.2,34.66428571428566,2023-05-28 06:15:00+00:00,27182.1,0.38564475582114216,12.477738718318522,12.863383474139663,False,1.5,26684.203571428574,,,,,,,,,
1397,1397,2023-05-28 06:15:00+00:00,1,130322,27182.1,55.24999999999974,2023-05-28 18:15:00+00:00,27590.3,0.24599185520362107,7.1422434389140745,7.388235294117695,True,1.5,27099.225,130347.0,2023-05-28 12:30:00+00:00,25.0,6.25,False,0.3171945701357086,12.321719457013659,8.64299343891408,8.64299343891408
1398,1398,2023-05-28 18:15:00+00:00,-1,130370,27590.3,95.34999999999984,2023-05-29 06:15:00+00:00,28020.4,0.14467907708442604,-4.655428945988494,-4.510749868904068,True,1.5,27733.325,130384.0,2023-05-28 21:45:00+00:00,14.0,3.5,True,2.6908757210278047,0.5015731515469408,-3.1561789459884766,-1.645429077084426
1399,1399,2023-05-29 10:15:00+00:00,-1,130434,27902.6,61.51428571428524,2023-05-29 22:15:00+00:00,27572.1,0.2267977241059005,5.145937993497485,5.372735717603385,False,1.5,27994.871428571427,,,,,,,,,
1400,1400,2023-05-29 23:00:00+00:00,-1,130485,27788.1,64.37857142857138,2023-05-30 11:00:00+00:00,27950.7,0.21581792965716204,-2.7415030511483773,-2.5256851214912155,True,1.5,27884.667857142857,130502.0,2023-05-30 03:15:00+00:00,17.0,4.25,True,2.3910462665039276,3.5006657050926484,-1.2422530511483634,-1.716567929657162
1401,1401,2023-05-30 13:30:00+00:00,1,130543,27890.0,94.47857142857174,2023-05-31 01:30:00+00:00,27776.5,0.14759960686474588,-1.348930218492473,-1.2013306116277271,True,1.5,27748.28214285714,130544.0,2023-05-30 13:45:00+00:00,1.0,0.25,True,1.548310274438619,1.605844106751361,0.1518197815075462,-1.6468496068647458
1402,1402,2023-05-31 04:45:00+00:00,-1,130604,27243.5,85.3714285714281,2023-05-31 16:45:00+00:00,26928.7,0.15955865127175456,3.527857680722903,3.6874163319946573,False,1.5,27371.557142857142,,,,,,,,,
1403,1403,2023-05-31 16:45:00+00:00,-1,130652,26928.7,107.94285714285719,2023-06-01 04:45:00+00:00,26797.2,0.12473590524086814,1.093501257278983,1.2182371625198511,True,1.5,27090.614285714288,130664.0,2023-05-31 19:45:00+00:00,12.0,3.0,True,1.8471413446267675,1.0108523028057352,2.592751257278994,-1.6254859052408681
1404,1404,2023-06-01 04:45:00+00:00,-1,130700,26797.2,89.58571428571408,2023-06-01 16:45:00+00:00,27080.9,0.14956179237761158,-3.3163613458778665,-3.1667995535002547,True,1.5,26931.57857142857,130717.0,2023-06-01 09:00:00+00:00,17.0,4.25,True,2.7730027108914244,1.767899856482203,-1.8171113458778838,-1.6503117923776116
1405,1405,2023-06-01 17:00:00+00:00,1,130749,26980.3,97.21428571428623,2023-06-02 05:00:00+00:00,27049.1,0.1387671565025709,0.5689477590007243,0.7077149155032951,True,1.5,26834.478571428568,130759.0,2023-06-01 19:30:00+00:00,10.0,2.5,True,2.051947097722218,0.6565025716385243,2.069697759000743,-1.638017156502571
1406,1406,2023-06-02 05:15:00+00:00,1,130798,27110.5,70.72142857142846,2023-06-02 17:15:00+00:00,27065.7,0.19167104332895699,-0.8251424098575811,-0.6334713665286241,True,1.5,27004.417857142857,130827.0,2023-06-02 12:30:00+00:00,29.0,7.25,True,2.3177961822038124,3.4626300373699666,0.67560759014243,-1.690921043328957
1407,1407,2023-06-02 17:45:00+00:00,1,130848,27045.1,59.58571428571356,2023-06-03 05:45:00+00:00,27149.0,0.2269428194677563,1.5167637257252888,1.7437065451930451,False,1.5,26955.72142857143,,,,,,,,,
1408,1408,2023-06-03 15:45:00+00:00,1,130936,27292.7,42.41428571428618,2023-06-04 03:45:00+00:00,27048.4,0.32173947457055896,-6.081591276523998,-5.759851801953439,True,1.5,27229.07857142857,130937.0,2023-06-03 16:00:00+00:00,1.0,0.25,True,1.8007746716065376,1.9550353654429156,-4.58084127652397,-1.8209894745705588
1409,1409,2023-06-04 03:45:00+00:00,-1,130984,27048.4,39.65714285714291,2023-06-04 15:45:00+00:00,27166.9,0.3410280979827085,-3.3291404899135406,-2.988112391930832,True,1.5,27107.885714285716,130995.0,2023-06-04 06:30:00+00:00,11.0,2.75,True,2.2042507204610318,1.1066282420749685,-1.829890489913537,-1.8417780979827085
1410,1410,2023-06-04 15:45:00+00:00,1,131032,27166.9,45.35000000000063,2023-06-05 03:45:00+00:00,26835.9,0.2995248070562252,-7.598312017640469,-7.298787210584243,True,1.5,27098.875,131064.0,2023-06-04 23:45:00+00:00,32.0,8.0,True,1.6069459757441895,1.1251378169790685,-6.097562017640457,-1.7987748070562253
1411,1411,2023-06-05 03:45:00+00:00,-1,131080,26835.9,77.27857142857154,2023-06-05 15:45:00+00:00,25991.9,0.17363092707274216,10.747896016267664,10.921526943340405,False,1.5,26951.817857142858,,,,,,,,,
1412,1412,2023-06-05 16:00:00+00:00,-1,131129,25891.6,183.07857142857134,2023-06-06 04:00:00+00:00,25720.3,0.07071171628106593,0.8649521282821548,0.9356638445632207,False,1.5,26166.217857142856,,,,,,,,,
1413,1413,2023-06-06 04:00:00+00:00,1,131177,25720.3,48.378571428571895,2023-06-06 16:00:00+00:00,26140.5,0.26582326886165397,8.419840395688698,8.685663664550352,True,1.5,25647.73214285714,131207.0,2023-06-06 11:30:00+00:00,30.0,7.5,True,6.741252030119525,0.9501697918205017,9.9205903956887,-1.765073268861654
1414,1414,2023-06-06 16:00:00+00:00,-1,131225,26140.5,156.30714285714254,2023-06-07 04:00:00+00:00,26912.6,0.08361901933007375,-5.0232525247909345,-4.93963350546086,True,1.5,26374.960714285713,131228.0,2023-06-06 16:45:00+00:00,3.0,0.75,True,2.3098066992642816,1.554380112416026,-3.5240025247909395,-1.5843690193300737
1415,1415,2023-06-07 04:45:00+00:00,-1,131276,26917.3,79.84285714285735,2023-06-07 16:45:00+00:00,26313.5,0.1685642333154406,7.393790391841088,7.562354625156528,False,1.5,27037.064285714285,,,,,,,,,
1416,1416,2023-06-07 16:45:00+00:00,-1,131324,26313.5,194.48571428571424,2023-06-08 04:45:00+00:00,26389.7,0.06764892757455562,-0.45945148376671463,-0.391802556192159,False,1.5,26605.22857142857,,,,,,,,,
1417,1417,2023-06-08 06:30:00+00:00,-1,131379,26458.4,72.96428571428545,2023-06-08 18:30:00+00:00,26555.7,0.18131062163485137,-1.5148397454723401,-1.3335291238374887,True,1.5,26567.84642857143,131403.0,2023-06-08 12:30:00+00:00,24.0,6.0,True,1.5371023005384237,3.8984336759667153,-0.015589745472348926,-1.6820606216348515
1418,1418,2023-06-08 18:30:00+00:00,-1,131427,26555.7,87.79285714285781,2023-06-09 06:30:00+00:00,26553.5,0.1512406639004138,-0.126181677650304,0.025058986250109796,False,1.5,26687.38928571429,,,,,,,,,
1419,1419,2023-06-09 09:00:00+00:00,1,131485,26610.0,54.192857142857456,2023-06-09 21:00:00+00:00,26449.0,0.24551206010280602,-3.216383287201774,-2.970871227098968,True,1.5,26528.710714285713,131508.0,2023-06-09 14:45:00+00:00,23.0,5.75,True,1.6959931461710627,1.7583366284434028,-1.7156332872017597,-1.744762060102806
1420,1420,2023-06-09 22:15:00+00:00,-1,131538,26453.4,44.12142857142836,2023-06-10 10:15:00+00:00,25628.6,0.2997795046138917,18.39408483082418,18.69386433543807,True,1.5,26519.582142857143,131549.0,2023-06-10 01:00:00+00:00,11.0,2.75,False,0.12279423668446111,24.355107657439017,19.893334830824166,19.893334830824166
1421,1421,2023-06-10 10:15:00+00:00,-1,131586,25628.6,80.16428571428618,2023-06-10 22:15:00+00:00,25810.2,0.15985048560990728,-2.4251984317918693,-2.265347946181962,True,1.5,25748.84642857143,131613.0,2023-06-10 17:00:00+00:00,27.0,6.75,True,1.5724405239240884,4.9129911788291665,-0.9259484317918545,-1.6606004856099073
1422,1422,2023-06-11 00:00:00+00:00,1,131641,25788.1,65.59999999999958,2023-06-11 12:00:00+00:00,25769.6,0.19655564024390368,-0.4785678353658567,-0.282012195121953,True,1.5,25689.7,131656.0,2023-06-11 03:45:00+00:00,15.0,3.75,False,1.0426829268292972,2.275914634146345,1.0221821646341196,1.0221821646341196
1423,1423,2023-06-11 17:45:00+00:00,1,131712,25932.6,85.44285714285641,2023-06-12 05:45:00+00:00,25757.5,0.15175405450593676,-2.2010769102156846,-2.049322855709748,True,1.5,25804.435714285715,131731.0,2023-06-11 22:30:00+00:00,19.0,4.75,True,2.3926600902859367,2.58259488379869,-0.7003269102156999,-1.6510040545059368
1424,1424,2023-06-12 06:00:00+00:00,1,131761,25786.9,53.2928571428573,2023-06-12 18:00:00+00:00,25773.0,0.2419357994906842,-0.5027587454765036,-0.26082294598581934,True,1.5,25706.960714285717,131806.0,2023-06-12 17:15:00+00:00,45.0,11.25,False,1.2564669615333477,4.795000670151395,0.9979912545234745,0.9979912545234745
1425,1425,2023-06-12 18:00:00+00:00,-1,131809,25773.0,87.22857142857148,2023-06-13 06:00:00+00:00,26086.7,0.1477325581395348,-3.7440312807075067,-3.596298722567972,True,1.5,25903.842857142856,131821.0,2023-06-12 21:00:00+00:00,12.0,3.0,True,1.6698329511955599,1.1216835899115463,-2.244781280707523,-1.6484825581395348
1426,1426,2023-06-13 06:00:00+00:00,1,131857,26086.7,58.92142857142816,2023-06-13 18:00:00+00:00,25925.8,0.2213685295187311,-2.9521237725785396,-2.7307552430598085,True,1.5,25998.317857142858,131884.0,2023-06-13 12:45:00+00:00,27.0,6.75,True,1.8722875500060885,2.8187052976118623,-1.451373772578531,-1.720618529518731
1427,1427,2023-06-13 18:00:00+00:00,-1,131905,25925.8,85.38571428571491,2023-06-14 06:00:00+00:00,25868.0,0.15181579387652558,0.5251124309854318,0.6769282248619574,False,1.5,26053.878571428573,,,,,,,,,
1428,1428,2023-06-14 06:00:00+00:00,1,131953,25868.0,37.664285714285924,2023-06-14 18:00:00+00:00,25866.8,0.3434022378152835,-0.3752626588280089,-0.03186042101272538,True,1.5,25811.50357142857,132001.0,2023-06-14 18:00:00+00:00,48.0,12.0,True,1.6329413995827213,7.6410961501991155,1.1254873411720325,-1.8426522378152834
1429,1429,2023-06-14 18:00:00+00:00,-1,132001,25866.8,71.22142857142846,2023-06-15 06:00:00+00:00,25062.7,0.1815942232474178,11.108547186841838,11.290141410089255,True,1.5,25973.632142857143,132003.0,2023-06-14 18:30:00+00:00,2.0,0.5,False,0.3421422124160084,16.523568348209842,12.60779718684185,12.60779718684185
1430,1430,2023-06-15 07:00:00+00:00,1,132053,24950.7,74.8142857142853,2023-06-15 19:00:00+00:00,25483.0,0.16675090700782982,6.948200400992963,7.114951308000793,True,1.5,24838.47857142857,132070.0,2023-06-15 11:15:00+00:00,17.0,4.25,False,0.8217490929921798,9.061390108841005,8.448950400992977,8.448950400992977
1431,1431,2023-06-15 19:00:00+00:00,1,132101,25483.0,81.69285714285797,2023-06-16 07:00:00+00:00,25592.0,0.1559683483430954,1.1782976304974961,1.3342659788405915,True,1.5,25360.460714285713,132106.0,2023-06-15 20:15:00+00:00,5.0,1.25,True,1.7805805718282433,0.6064090233452919,2.679047630497496,-1.6552183483430953
1432,1432,2023-06-16 07:00:00+00:00,1,132149,25592.0,49.678571428572205,2023-06-16 19:00:00+00:00,26283.7,0.2575758447160276,13.66593242271727,13.923508267433299,True,1.5,25517.48214285714,132166.0,2023-06-16 11:15:00+00:00,17.0,4.25,True,7.556218547807212,4.076563623292563,15.166682422717278,-1.7568258447160277
1433,1433,2023-06-16 19:00:00+00:00,1,132197,26283.7,159.48571428571424,2023-06-17 07:00:00+00:00,26636.3,0.08240142422070945,2.1284548996775263,2.210856323898236,False,1.5,26044.47142857143,,,,,,,,,
1434,1434,2023-06-17 07:00:00+00:00,-1,132245,26636.3,98.16428571428567,2023-06-17 19:00:00+00:00,26487.9,0.13567205122607878,1.3760793858691482,1.511751437095227,False,1.5,26783.546428571426,,,,,,,,,
1435,1435,2023-06-17 19:00:00+00:00,-1,132293,26487.9,49.20714285714296,2023-06-18 07:00:00+00:00,26613.4,0.2691469008564373,-2.819589635651032,-2.550442734794595,True,1.5,26561.710714285717,132305.0,2023-06-17 22:00:00+00:00,12.0,3.0,True,1.635723617360973,3.940702569313453,-1.320339635651016,-1.7698969008564371
1436,1436,2023-06-18 08:30:00+00:00,1,132347,26518.4,66.23571428571397,2023-06-18 20:30:00+00:00,26474.9,0.20018203386175015,-0.8569274237032286,-0.6567453898414785,True,1.5,26419.04642857143,132394.0,2023-06-18 20:15:00+00:00,47.0,11.75,False,1.151137711635966,1.702307775261492,0.6438225762967834,0.6438225762967834
1437,1437,2023-06-19 02:00:00+00:00,-1,132417,26447.3,68.87857142857112,2023-06-19 14:00:00+00:00,26462.0,0.19198496318573144,-0.40540402364410655,-0.2134190604583751,True,1.5,26550.617857142857,132459.0,2023-06-19 12:30:00+00:00,42.0,10.5,False,0.2770403401431193,1.4608005807321454,1.0938459763559123,1.0938459763559123
1438,1438,2023-06-19 15:15:00+00:00,1,132470,26394.1,62.92857142857143,2023-06-20 03:15:00+00:00,26928.3,0.20971475595913733,8.279275028376857,8.488989784335994,True,1.5,26299.70714285714,132475.0,2023-06-19 16:30:00+00:00,5.0,1.25,False,0.1494892167990556,13.945856980703782,9.780025028376881,9.780025028376881
1439,1439,2023-06-20 03:15:00+00:00,1,132518,26928.3,96.99285714285699,2023-06-20 15:15:00+00:00,26779.8,0.13881589218646462,-1.6698564695485703,-1.5310405773621056,True,1.5,26782.810714285715,132528.0,2023-06-20 05:45:00+00:00,10.0,2.5,True,1.5352750570734193,1.9288975624125573,-0.16910646954858505,-1.6380658921864646
1440,1440,2023-06-20 16:00:00+00:00,1,132569,27090.9,98.4500000000002,2023-06-21 04:00:00+00:00,28681.2,0.13758710005078692,16.015790248857247,16.153377348908034,False,1.5,26943.225000000002,,,,,,,,,
1441,1441,2023-06-21 04:15:00+00:00,1,132618,28759.5,141.22142857142873,2023-06-21 16:15:00+00:00,30635.2,0.10182413636133719,13.18015451924535,13.281978655606688,False,1.5,28547.667857142857,,,,,,,,,
1442,1442,2023-06-21 16:15:00+00:00,-1,132666,30635.2,281.6357142857136,2023-06-22 04:15:00+00:00,30197.8,0.05438798853635662,1.4986820867889206,1.553070075325277,False,1.5,31057.65357142857,,,,,,,,,
1443,1443,2023-06-22 19:00:00+00:00,1,132773,30047.5,132.57142857142858,2023-06-23 07:00:00+00:00,29963.1,0.11332570043103447,-0.7499636314655282,-0.6366379310344937,True,1.5,29848.64285714286,132801.0,2023-06-23 02:00:00+00:00,28.0,7.0,False,0.4272629310344945,1.7443965517241369,0.7507863685344599,0.7507863685344599
1444,1444,2023-06-23 10:30:00+00:00,-1,132835,30048.9,82.30714285714281,2023-06-23 22:30:00+00:00,30606.7,0.1825412652954961,-6.959595851774707,-6.777054586479211,True,1.5,30172.360714285714,132841.0,2023-06-23 12:00:00+00:00,6.0,1.5,True,2.1570337585698334,3.295712921982145,-5.460345851774721,-1.683291265295496
1445,1445,2023-06-24 02:30:00+00:00,-1,132899,30770.1,108.44999999999969,2023-06-24 14:30:00+00:00,30675.3,0.1418630705394195,0.7322724757952928,0.8741355463347122,False,1.5,30932.774999999998,,,,,,,,,
1446,1446,2023-06-25 04:15:00+00:00,-1,133002,30899.4,73.69285714285641,2023-06-25 16:15:00+00:00,30529.0,0.20964989822623065,4.816617427546835,5.026267325773066,True,1.5,31009.939285714285,133003.0,2023-06-25 04:30:00+00:00,1.0,0.25,False,0.5870408064360079,7.9375302898129965,6.315867427546817,6.315867427546817
1447,1447,2023-06-25 23:45:00+00:00,-1,133080,30458.0,66.3642857142864,2023-06-26 11:45:00+00:00,30315.1,0.22947583683133982,1.9237907652567021,2.153266602088042,True,1.5,30557.54642857143,133109.0,2023-06-26 07:00:00+00:00,29.0,7.25,False,0.33833817673014827,6.666935744268618,3.423040765256704,3.423040765256704
1448,1448,2023-06-26 17:15:00+00:00,-1,133150,30118.1,147.4071428571429,2023-06-27 05:15:00+00:00,30299.5,0.10215956776663271,-1.3327647913941074,-1.2306052236274747,True,1.5,30339.210714285713,133179.0,2023-06-27 00:30:00+00:00,29.0,7.25,False,1.0093763628434447,0.8562048747395368,0.16648520860589353,0.16648520860589353
1449,1449,2023-06-27 05:15:00+00:00,1,133198,30299.5,52.08571428571434,2023-06-27 17:15:00+00:00,30689.2,0.29086190345584173,7.191036066922662,7.481897970378503,False,1.5,30221.371428571427,,,,,,,,,
1450,1450,2023-06-28 08:15:00+00:00,-1,133306,30249.2,87.66428571428618,2023-06-28 20:15:00+00:00,30026.3,0.17252864010429309,2.370125967571095,2.542654607675388,True,1.5,30380.69642857143,133331.0,2023-06-28 14:30:00+00:00,25.0,6.25,False,1.1898068931801156,6.571620630652664,3.8693759675711084,3.8693759675711084
1451,1451,2023-06-29 08:45:00+00:00,1,133404,30376.4,61.84285714285709,2023-06-29 20:45:00+00:00,30386.4,0.24559343959343982,-0.083893277893278,0.16170016170016183,True,1.5,30283.635714285716,133450.0,2023-06-29 20:15:00+00:00,46.0,11.5,False,0.9966504966505244,3.6570801570801215,1.4168567221067199,1.4168567221067199
1452,1452,2023-06-30 05:30:00+00:00,1,133487,30778.5,170.79999999999978,2023-06-30 17:30:00+00:00,30598.2,0.09010099531615937,-1.1457216042154539,-1.0556206088992945,True,1.5,30522.3,133519.0,2023-06-30 13:30:00+00:00,32.0,8.0,True,3.2570257611241216,3.3056206088993143,0.3550283957845523,-1.5893509953161593
1453,1453,2023-06-30 18:15:00+00:00,1,133538,30411.6,175.83571428571435,2023-07-01 06:15:00+00:00,30413.6,0.086477312426372,-0.07510305886176218,0.011374253564609818,False,1.5,30147.846428571425,,,,,,,,,
1454,1454,2023-07-03 15:00:00+00:00,1,133813,30899.5,66.5642857142853,2023-07-04 03:00:00+00:00,31217.6,0.23210269342204243,4.546736237793761,4.7788389312158035,False,1.5,30799.65357142857,,,,,,,,,
1455,1455,2023-07-04 06:30:00+00:00,-1,133875,31016.0,75.19285714285719,2023-07-04 18:30:00+00:00,30902.1,0.20624299420537653,1.3085285456445517,1.5147715398499282,True,1.5,31128.789285714287,133914.0,2023-07-04 16:15:00+00:00,39.0,9.75,False,0.21558848674834463,4.703761755485926,2.8077785456445667,2.8077785456445667
1456,1456,2023-07-04 19:45:00+00:00,-1,133928,30685.3,101.86428571428561,2023-07-05 07:45:00+00:00,30765.9,0.15061854007432873,-0.9418674006030656,-0.7912488605287369,True,1.5,30838.09642857143,133941.0,2023-07-04 23:00:00+00:00,13.0,3.25,False,0.3642451440992952,0.9846083724844102,0.557382599396947,0.557382599396947
1457,1457,2023-07-05 11:15:00+00:00,-1,133990,30418.2,94.37142857142837,2023-07-05 23:15:00+00:00,30490.0,0.16116212534059982,-0.9219856191341148,-0.760823493793515,True,1.5,30559.757142857143,134014.0,2023-07-05 17:15:00+00:00,24.0,6.0,False,0.21026339691188442,2.014986376021817,0.5772643808658796,0.5772643808658796
1458,1458,2023-07-06 07:45:00+00:00,1,134072,30792.3,66.6857142857147,2023-07-06 19:45:00+00:00,30294.6,0.2308762853470423,-7.694243894601506,-7.463367609254464,True,1.5,30692.27142857143,134088.0,2023-07-06 11:45:00+00:00,16.0,4.0,True,3.0811910882604843,6.114181662382143,-6.193493894601522,-1.7301262853470423
1459,1459,2023-07-06 19:45:00+00:00,-1,134120,30294.6,96.37142857142862,2023-07-07 07:45:00+00:00,29992.9,0.15717625259412976,2.9734196560924673,3.130595908686597,False,1.5,30439.15714285714,,,,,,,,,
1460,1460,2023-07-07 10:45:00+00:00,-1,134180,30152.9,74.57857142857185,2023-07-07 22:45:00+00:00,30292.6,0.20215525332822415,-2.0753474762953235,-1.8731922229670992,True,1.5,30264.76785714286,134187.0,2023-07-07 12:30:00+00:00,7.0,1.75,True,1.5182932669284257,3.3879417680299033,-0.5760974762953304,-1.702905253328224
1461,1461,2023-07-08 08:00:00+00:00,-1,134265,30208.5,35.664285714285924,2023-07-08 20:00:00+00:00,30103.6,0.4235119166833542,2.5178059282996457,2.9413178449829998,True,1.5,30261.99642857143,134266.0,2023-07-08 08:15:00+00:00,1.0,0.25,False,1.4861806529140185,6.59473262567598,4.017055928299689,4.017055928299689
1462,1462,2023-07-08 22:15:00+00:00,-1,134322,30156.1,45.878571428571114,2023-07-09 10:15:00+00:00,30254.9,0.3286512533084251,-2.4821620737973715,-2.1535108204889464,True,1.5,30224.917857142857,134325.0,2023-07-08 23:00:00+00:00,3.0,0.75,True,1.592947220924826,0.545305931807525,-0.9829120737973431,-1.8294012533084252
1463,1463,2023-07-09 18:30:00+00:00,-1,134403,30261.2,36.74285714285725,2023-07-10 06:30:00+00:00,30034.2,0.4117970451010875,5.7662744945567495,6.178071539657837,False,1.5,30316.31428571429,,,,,,,,,
1464,1464,2023-07-10 09:00:00+00:00,-1,134461,30040.0,51.59999999999958,2023-07-10 21:00:00+00:00,30651.9,0.2910852713178318,-12.149612403100901,-11.85852713178307,True,1.5,30117.399999999998,134462.0,2023-07-10 09:15:00+00:00,1.0,0.25,True,1.5445736434108792,1.8856589147286833,-10.650362403100932,-1.7918352713178318
1465,1465,2023-07-10 21:00:00+00:00,1,134509,30651.9,119.61428571428534,2023-07-11 09:00:00+00:00,30466.8,0.12812809029021896,-1.6756021139376802,-1.5474740236474613,True,1.5,30472.47857142857,134512.0,2023-07-10 21:45:00+00:00,3.0,0.75,True,3.1139973725068795,1.9949241609936614,-0.17485211393766598,-1.627378090290219
1466,1466,2023-07-11 10:15:00+00:00,-1,134562,30389.8,59.45714285714296,2023-07-11 22:15:00+00:00,30535.8,0.25556054781355075,-2.7111107640557375,-2.455550216242187,True,1.5,30478.985714285714,134575.0,2023-07-11 13:30:00+00:00,13.0,3.25,True,1.8166746756367065,3.6595386833252967,-1.2118607640557246,-1.7563105478135508
1467,1467,2023-07-12 08:00:00+00:00,1,134649,30720.1,69.31428571428582,2023-07-12 20:00:00+00:00,30289.1,0.22160006183017278,-6.439654472382513,-6.21805441055234,True,1.5,30616.12857142857,134668.0,2023-07-12 12:45:00+00:00,19.0,4.75,True,2.39674361088208,3.332234130255566,-4.938904472382509,-1.7208500618301728
1468,1468,2023-07-12 20:00:00+00:00,-1,134697,30289.1,80.7857142857148,2023-07-13 08:00:00+00:00,30352.1,0.1874656940760377,-0.9673065428823988,-0.7798408488063611,True,1.5,30410.27857142857,134714.0,2023-07-13 00:15:00+00:00,17.0,4.25,False,0.15747126436782022,2.1944297082227924,0.5319434571176045,0.5319434571176045
1469,1469,2023-07-13 09:45:00+00:00,1,134752,30560.2,55.48571428571423,2023-07-13 21:45:00+00:00,31243.9,0.2753880020597325,12.046702626158623,12.322090628218357,True,1.5,30476.97142857143,134763.0,2023-07-13 12:30:00+00:00,11.0,2.75,False,0.5509783728115163,24.74562306900105,13.54745262615863,13.54745262615863
1470,1470,2023-07-14 00:00:00+00:00,-1,134809,31466.6,128.9285714285717,2023-07-14 12:00:00+00:00,31211.4,0.12203113573407176,1.8573594459833531,1.9793905817174249,False,1.5,31659.992857142857,,,,,,,,,
1471,1471,2023-07-14 12:00:00+00:00,-1,134857,31211.4,53.164285714285406,2023-07-15 00:00:00+00:00,30249.4,0.2935372833534882,17.801316942093347,18.094854225446834,True,1.5,31291.14642857143,134868.0,2023-07-14 14:45:00+00:00,11.0,2.75,False,1.3872766357651898,26.607080478301935,19.300566942093322,19.300566942093322
1472,1472,2023-07-15 00:00:00+00:00,-1,134905,30249.4,60.60714285714338,2023-07-15 12:00:00+00:00,30319.5,0.24955309369475331,-1.4061824395992568,-1.1566293459045034,True,1.5,30340.310714285715,134911.0,2023-07-15 01:30:00+00:00,6.0,1.5,False,0.654861520329973,1.6385975250441969,0.09306756040072173,0.09306756040072173
1473,1473,2023-07-15 15:00:00+00:00,1,134965,30293.7,32.42142857142816,2023-07-16 03:00:00+00:00,30206.4,0.467186384666232,-3.1598499669530913,-2.692663582286859,True,1.5,30245.067857142858,134970.0,2023-07-15 16:15:00+00:00,5.0,1.25,True,6.016633619740133,2.97433355364619,-1.6590999669530753,-1.966436384666232
1474,1474,2023-07-16 06:00:00+00:00,-1,135025,30223.2,43.87142857142862,2023-07-16 18:00:00+00:00,30364.5,0.3444519700423311,-3.56522696190164,-3.220774991859309,True,1.5,30289.007142857143,135028.0,2023-07-16 06:45:00+00:00,3.0,0.75,True,3.4781830022793527,1.265223054379677,-2.0659769619016606,-1.8452019700423312
1475,1475,2023-07-17 10:30:00+00:00,-1,135139,30069.2,61.06428571428608,2023-07-17 22:30:00+00:00,30144.5,0.24620938121417565,-1.4793360626973708,-1.2331266814831952,True,1.5,30160.79642857143,135140.0,2023-07-17 10:45:00+00:00,1.0,0.25,True,1.7588606854602704,2.372850625804168,0.01991393730262711,-1.7469593812141757
1476,1476,2023-07-18 02:00:00+00:00,-1,135201,30164.7,49.96428571428597,2023-07-18 14:00:00+00:00,29909.0,0.30186261615439447,4.815792852037159,5.117655468191554,False,1.5,30239.64642857143,,,,,,,,,
1477,1477,2023-07-18 14:00:00+00:00,-1,135249,29909.0,97.42142857142919,2023-07-19 02:00:00+00:00,29988.7,0.1535031893833849,-0.9715983576508554,-0.8180951682674705,True,1.5,30055.132142857143,135292.0,2023-07-19 00:45:00+00:00,43.0,10.75,False,0.07973458464698376,1.2023242173179765,0.527651642349134,0.527651642349134
1478,1478,2023-07-19 03:30:00+00:00,1,135303,30033.6,62.34285714285787,2023-07-19 15:30:00+00:00,29876.2,0.24087442713106957,-2.7656223648028657,-2.5247479376717963,True,1.5,29940.085714285713,135324.0,2023-07-19 08:45:00+00:00,21.0,5.25,True,2.247021081576489,1.5769935838680358,-1.2648723648028866,-1.7401244271310696
1479,1479,2023-07-19 15:30:00+00:00,-1,135351,29876.2,105.83571428571433,2023-07-20 03:30:00+00:00,29928.0,0.1411442262266315,-0.6305820341499557,-0.4894378079233242,True,1.5,30034.953571428574,135360.0,2023-07-19 17:45:00+00:00,9.0,2.25,False,0.502159681446949,2.116049132752942,0.8686679658500603,0.8686679658500603
1480,1480,2023-07-20 05:45:00+00:00,1,135408,30112.2,53.10714285714312,2023-07-20 17:45:00+00:00,29745.0,0.2835042367182232,-7.1978283792871345,-6.914324142568911,True,1.5,30032.539285714287,135443.0,2023-07-20 14:30:00+00:00,35.0,8.75,True,5.254270342972426,1.3832548755884029,-5.697078379287151,-1.7827542367182232
1481,1481,2023-07-20 17:45:00+00:00,-1,135456,29745.0,118.39285714285714,2023-07-21 05:45:00+00:00,29806.3,0.12561990950226246,-0.6433876319758611,-0.5177677224735987,True,1.5,29922.589285714286,135490.0,2023-07-21 02:15:00+00:00,34.0,8.5,False,0.2273001508295582,1.259276018099552,0.8558623680241433,0.8558623680241433
1482,1482,2023-07-21 05:45:00+00:00,1,135504,29806.3,37.07142857142805,2023-07-21 17:45:00+00:00,29912.2,0.4020117533718746,2.4546356454721354,2.85664739884401,True,1.5,29750.692857142858,135511.0,2023-07-21 07:30:00+00:00,7.0,1.75,False,1.0895953757226007,4.809826589595421,3.955385645472114,3.955385645472114
1483,1483,2023-07-21 18:45:00+00:00,1,135556,29970.0,54.799999999999535,2023-07-22 06:45:00+00:00,29874.0,0.2734489051094914,-2.0252737226277544,-1.7518248175182631,True,1.5,29887.8,135557.0,2023-07-21 19:00:00+00:00,1.0,0.25,True,2.2773722627737287,1.500000000000026,-0.5245237226277284,-1.7726989051094915
1484,1484,2023-07-22 08:00:00+00:00,1,135609,29946.0,34.55714285714306,2023-07-22 20:00:00+00:00,29811.9,0.4332823480777155,-4.313811492352144,-3.8805291442744285,True,1.5,29894.164285714287,135617.0,2023-07-22 10:00:00+00:00,8.0,2.0,True,1.552914427449386,0.7794543199668457,-2.813061492352189,-1.9325323480777155
1485,1485,2023-07-22 23:45:00+00:00,-1,135672,29783.5,43.721428571428724,2023-07-23 11:45:00+00:00,29881.5,0.3406052932527353,-2.5820691063551617,-2.2414638131024263,True,1.5,29849.082142857143,135678.0,2023-07-23 01:15:00+00:00,6.0,1.5,True,1.7592713608887232,1.262130370854412,-1.0828191063551527,-1.8413552932527353
1486,1486,2023-07-23 18:00:00+00:00,1,135745,30093.2,46.74285714285751,2023-07-24 06:00:00+00:00,29765.4,0.3219015892420513,-7.334737775061051,-7.012836185819,True,1.5,30023.085714285713,135752.0,2023-07-23 19:45:00+00:00,7.0,1.75,True,2.440709046454722,2.394254278728614,-5.833987775061021,-1.8211515892420513
1487,1487,2023-07-24 06:00:00+00:00,-1,135793,29765.4,54.09285714285683,2023-07-24 18:00:00+00:00,29030.2,0.27513244420969396,13.316310841146267,13.591443285355961,True,1.5,29846.539285714287,135799.0,2023-07-24 07:30:00+00:00,6.0,1.5,False,0.3024560940182282,18.79248646507342,14.815560841146272,14.815560841146272
1488,1488,2023-07-24 18:00:00+00:00,-1,135841,29030.2,92.85714285714312,2023-07-25 06:00:00+00:00,29130.6,0.1563164615384611,-1.237547230769204,-1.0812307692307428,True,1.5,29169.485714285714,135855.0,2023-07-24 21:30:00+00:00,14.0,3.5,False,0.3286153846153815,1.469846153846152,0.2617027692307864,0.2617027692307864
1489,1489,2023-07-25 09:30:00+00:00,-1,135903,29197.7,38.221428571428724,2023-07-25 21:30:00+00:00,29216.3,0.38195458792748865,-0.868592599514068,-0.4866380115865793,True,1.5,29255.032142857144,135919.0,2023-07-25 13:30:00+00:00,16.0,4.0,True,1.9614090824144588,3.1430573724537316,0.6306574004859424,-1.8827045879274886
1490,1490,2023-07-26 10:00:00+00:00,1,136001,29170.0,31.828571428571326,2023-07-26 22:00:00+00:00,29480.0,0.458236086175944,9.281440754039528,9.739676840215472,False,1.5,29122.257142857143,,,,,,,,,
1491,1491,2023-07-26 22:00:00+00:00,1,136049,29480.0,117.9857142857145,2023-07-27 10:00:00+00:00,29541.9,0.1249303789805059,0.3997094079186458,0.5246397868991517,True,1.5,29303.02142857143,136055.0,2023-07-26 23:30:00+00:00,6.0,1.5,False,0.3646325220971029,2.1644872260564343,1.9004594079186459,1.9004594079186459
1492,1492,2023-07-27 10:30:00+00:00,1,136099,29463.7,42.928571428571686,2023-07-27 22:30:00+00:00,29202.6,0.34317121464226086,-6.425367554076551,-6.08219633943429,True,1.5,29399.307142857142,136113.0,2023-07-27 14:00:00+00:00,14.0,3.5,True,1.5282861896838147,0.766222961730481,-4.924617554076525,-1.8424212146422607
1493,1493,2023-07-27 22:30:00+00:00,-1,136147,29202.6,36.99999999999922,2023-07-28 10:30:00+00:00,29191.4,0.3946297297297381,-0.09192702702710764,0.30270270270263044,True,1.5,29258.1,136156.0,2023-07-28 00:45:00+00:00,9.0,2.25,False,1.1297297297298323,3.92702702702709,1.407322972972924,1.407322972972924
1494,1494,2023-07-28 10:45:00+00:00,-1,136196,29208.9,32.48571428571501,2023-07-28 22:45:00+00:00,29282.8,0.4495653034300692,-2.7244113896216837,-2.2748460861916144,True,1.5,29257.628571428573,136201.0,2023-07-28 12:00:00+00:00,5.0,1.25,True,1.91996481970087,2.004837291116984,-1.2251613896217077,-1.950315303430069
1495,1495,2023-07-29 12:45:00+00:00,-1,136300,29281.4,26.578571428571063,2023-07-30 00:45:00+00:00,29337.0,0.5508460091373363,-2.6427567858102474,-2.0919107766729113,True,1.5,29321.26785714286,136301.0,2023-07-29 13:00:00+00:00,1.0,0.25,True,1.7883633431872539,2.184762160709548,-1.143506785810223,-2.051596009137336
1496,1496,2023-07-30 15:15:00+00:00,1,136406,29409.6,30.56428571428582,2023-07-31 03:15:00+00:00,29423.5,0.48111053984575664,-0.026331385837764787,0.45477915400799185,True,1.5,29363.75357142857,136408.0,2023-07-30 15:45:00+00:00,2.0,0.5,True,2.288735685907877,1.5425333021735086,1.4744186141622435,-1.9803605398457567
1497,1497,2023-07-31 03:15:00+00:00,1,136454,29423.5,64.62142857142837,2023-07-31 15:15:00+00:00,29285.3,0.22766055045871633,-2.3662700342655207,-2.1386094838068046,True,1.5,29326.567857142858,136480.0,2023-07-31 09:45:00+00:00,26.0,6.5,False,1.1833204377141986,2.0864927600309655,-0.8655200342655293,-0.8655200342655293
1498,1498,2023-07-31 15:45:00+00:00,-1,136504,29231.3,59.80714285714281,2023-08-01 03:45:00+00:00,28820.1,0.2443796727576737,6.6310532664517075,6.875432939209381,True,1.5,29321.010714285712,136541.0,2023-08-01 01:00:00+00:00,37.0,9.25,False,0.27236354950438035,10.63937656753848,8.130303266451687,8.130303266451687
1499,1499,2023-08-01 03:45:00+00:00,-1,136552,28820.1,96.69285714285719,2023-08-01 15:45:00+00:00,28942.9,0.14902910541478903,-1.41902984413093,-1.270000738716141,True,1.5,28965.139285714286,136572.0,2023-08-01 08:45:00+00:00,20.0,5.0,False,0.22091305311369044,4.293381103641866,0.08022015586908224,0.08022015586908224
1500,1500,2023-08-01 17:45:00+00:00,1,136608,28941.4,90.75000000000026,2023-08-02 05:45:00+00:00,29645.1,0.15945674931129433,7.594813223140442,7.754269972451737,False,1.5,28805.275,,,,,,,,,
1501,1501,2023-08-02 05:45:00+00:00,1,136656,29645.1,58.900000000000155,2023-08-02 17:45:00+00:00,29137.4,0.2516561969439722,-8.871350594227431,-8.619694397283459,True,1.5,29556.75,136660.0,2023-08-02 06:45:00+00:00,4.0,1.0,True,3.340407470288616,1.4762308998302291,-7.37060059422746,-1.7509061969439723
1502,1502,2023-08-02 17:45:00+00:00,-1,136704,29137.4,118.5499999999998,2023-08-03 05:45:00+00:00,29140.1,0.12289076339097449,-0.14566596372836035,-0.022775200337385865,False,1.5,29315.225000000002,,,,,,,,,
1503,1503,2023-08-03 09:00:00+00:00,-1,136765,29112.0,55.07857142857184,2023-08-03 21:00:00+00:00,29305.6,0.2642770068732959,-3.77925560887039,-3.514978601997094,True,1.5,29194.617857142857,136783.0,2023-08-03 13:30:00+00:00,18.0,4.5,True,2.274607703281035,1.5798858773181335,-2.2800056088703995,-1.7650270068732958
1504,1504,2023-08-03 21:30:00+00:00,1,136815,29301.7,48.30714285714358,2023-08-04 09:30:00+00:00,29188.2,0.3032853763122829,-2.652834393020809,-2.3495490167085262,True,1.5,29229.239285714284,136816.0,2023-08-03 21:45:00+00:00,1.0,0.25,True,1.6403223421557889,1.5020700872393877,-1.152084393020782,-1.8025353763122829
1505,1505,2023-08-04 15:30:00+00:00,1,136887,29273.3,60.74285714285673,2023-08-05 03:30:00+00:00,29079.9,0.24096084195672787,-3.424874294449658,-3.1839134524929302,True,1.5,29182.185714285715,136896.0,2023-08-04 17:45:00+00:00,9.0,2.25,True,1.8962841015992757,0.39369708372526907,-1.9241242944496755,-1.740210841956728
1506,1506,2023-08-06 19:30:00+00:00,1,137095,29066.8,23.15714285714369,2023-08-07 07:30:00+00:00,29070.1,0.6275990129549435,-0.48509438618138345,0.14250462677356,True,1.5,29032.064285714285,137104.0,2023-08-06 21:45:00+00:00,9.0,2.25,False,1.1471314003700603,8.145897594077509,1.0156556138185715,1.0156556138185715
1507,1507,2023-08-07 07:30:00+00:00,-1,137143,29070.1,28.557142857143067,2023-08-07 19:30:00+00:00,29084.0,0.5089812406203065,-0.9957246123061968,-0.4867433716858903,True,1.5,29112.93571428571,137155.0,2023-08-07 10:30:00+00:00,12.0,3.0,True,1.9142071035518056,15.079789894947295,0.5035253876937485,-2.0097312406203063
1508,1508,2023-08-07 19:30:00+00:00,1,137191,29084.0,92.10714285714312,2023-08-08 07:30:00+00:00,29181.0,0.1578813493602167,0.895240015509885,1.0531213648701017,False,1.5,28945.839285714286,,,,,,,,,
1509,1509,2023-08-08 07:30:00+00:00,1,137239,29181.0,35.27142857142878,2023-08-08 19:30:00+00:00,29866.9,0.41366342648845444,19.032671121911633,19.44633454840009,False,1.5,29128.092857142856,,,,,,,,,
1510,1510,2023-08-08 19:30:00+00:00,1,137287,29866.9,109.08571428571433,2023-08-09 07:30:00+00:00,29790.6,0.13689647721320058,-0.8363464510215035,-0.699449973808303,True,1.5,29703.27142857143,137299.0,2023-08-08 22:30:00+00:00,12.0,3.0,False,0.6900209533787292,1.5696699842849682,0.664403548978512,0.664403548978512
1511,1511,2023-08-09 08:45:00+00:00,-1,137340,29823.5,38.264285714285506,2023-08-09 20:45:00+00:00,29493.5,0.38970412544334726,8.23452585402282,8.624229979466167,True,1.5,29880.89642857143,137349.0,2023-08-09 11:00:00+00:00,9.0,2.25,True,2.250233339555742,2.678644763860338,9.73377585402282,-1.8904541254433473
1512,1512,2023-08-09 20:45:00+00:00,-1,137388,29493.5,65.9357142857147,2023-08-10 08:45:00+00:00,29506.7,0.223653450330407,-0.4238484454555387,-0.20019499512513167,True,1.5,29592.40357142857,137396.0,2023-08-09 22:45:00+00:00,8.0,2.0,False,0.8735239952334534,1.7472104864044784,1.0754015545444455,1.0754015545444455
1513,1513,2023-08-10 11:45:00+00:00,-1,137448,29490.0,29.378571428571377,2023-08-10 23:45:00+00:00,29443.7,0.5018964259664488,1.0740821784585233,1.575978604424972,True,1.5,29534.067857142858,137450.0,2023-08-10 12:15:00+00:00,2.0,0.5,True,2.9249939217116228,2.133114514952572,2.5733321784585543,-2.0026464259664487
1514,1514,2023-08-11 05:15:00+00:00,-1,137518,29398.3,30.25000000000026,2023-08-11 17:15:00+00:00,29382.7,0.4859223140495826,0.02978016528920785,0.5157024793387904,True,1.5,29443.675,137520.0,2023-08-11 05:45:00+00:00,2.0,0.5,True,4.014049586776801,3.6289256198346074,1.529030165289195,-1.9866723140495826
1515,1515,2023-08-11 17:15:00+00:00,-1,137566,29382.7,76.9714285714282,2023-08-12 05:15:00+00:00,29400.1,0.1908675760950269,-0.4169254825537969,-0.22605790645877005,False,1.5,29498.157142857144,,,,,,,,,
1516,1516,2023-08-13 05:30:00+00:00,-1,137711,29373.5,14.900000000000157,2023-08-13 17:30:00+00:00,29393.7,0.9856879194630769,-2.3413926174496886,-1.3557046979866119,True,1.5,29395.85,137724.0,2023-08-13 08:45:00+00:00,13.0,3.25,False,1.0838926174497507,5.345637583892414,-0.8421426174498021,-0.8421426174498021
1517,1517,2023-08-14 02:00:00+00:00,-1,137793,29152.0,51.74285714285725,2023-08-14 14:00:00+00:00,29421.1,0.2817007178354495,-5.482418553285439,-5.200717835449989,True,1.5,29229.614285714284,137795.0,2023-08-14 02:30:00+00:00,2.0,0.5,True,2.2048591938156132,0.8409718387631085,-3.983168553285474,-1.7824507178354494
1518,1518,2023-08-14 15:00:00+00:00,1,137845,29505.6,50.51428571428577,2023-08-15 03:00:00+00:00,29380.6,0.2920520361990947,-2.7665995475113094,-2.4745475113122146,True,1.5,29429.82857142857,137857.0,2023-08-14 18:00:00+00:00,12.0,3.0,True,3.8964932126696565,1.167420814479645,-1.265849547511317,-1.7913020361990948
1519,1519,2023-08-15 12:45:00+00:00,-1,137932,29352.9,24.92857142857195,2023-08-16 00:45:00+00:00,29214.9,0.5887401146131682,4.947076504297891,5.535816618911059,True,1.5,29390.29285714286,137934.0,2023-08-15 13:15:00+00:00,2.0,0.5,True,1.512607449856581,2.6873925501433606,6.446326504297922,-2.0894901146131684
1520,1520,2023-08-16 07:45:00+00:00,-1,138008,29187.0,27.7714285714293,2023-08-16 19:45:00+00:00,29105.5,0.5254861111110973,2.40918467078183,2.934670781892927,True,1.5,29228.657142857144,138050.0,2023-08-16 18:15:00+00:00,42.0,10.5,False,0.03395061728384867,4.8307613168723496,3.9084346707818396,3.9084346707818396
1521,1521,2023-08-16 19:45:00+00:00,1,138056,29105.5,62.07857142857132,2023-08-17 07:45:00+00:00,28613.0,0.23442469221033294,-8.167919111724787,-7.933494419514454,True,1.5,29012.382142857143,138058.0,2023-08-16 20:15:00+00:00,2.0,0.5,True,2.003624439074907,1.880163387412247,-6.667169111724783,-1.733674692210333
1522,1522,2023-08-17 08:15:00+00:00,1,138106,28572.8,32.10714285714312,2023-08-17 20:15:00+00:00,27807.9,0.4449601779755248,-24.26831946607315,-23.823359288097627,True,1.5,28524.639285714286,138109.0,2023-08-17 09:00:00+00:00,3.0,0.75,True,1.7266963292546844,2.6959955506117983,-22.767569466073176,-1.9442101779755248
1523,1523,2023-08-17 20:15:00+00:00,1,138154,27807.9,66.48571428571475,2023-08-18 08:15:00+00:00,26437.5,0.20912688010313565,-20.821073592608386,-20.61194671250525,True,1.5,27708.17142857143,138155.0,2023-08-17 20:30:00+00:00,1.0,0.25,True,2.980661796304251,2.0580146110872053,-19.32032359260839,-1.7083768801031356
1524,1524,2023-08-18 08:15:00+00:00,-1,138202,26437.5,87.64285714285766,2023-08-18 20:15:00+00:00,26231.3,0.15082518337408224,2.2019050529747304,2.3527302363488127,True,1.5,26568.964285714286,138204.0,2023-08-18 08:45:00+00:00,2.0,0.5,False,0.2993480032599843,11.055827220863836,3.7011550529747272,3.7011550529747272
1525,1525,2023-08-18 20:15:00+00:00,-1,138250,26231.3,160.17142857142866,2023-08-19 08:15:00+00:00,25966.2,0.08188507848733495,1.573216598287539,1.655101676774874,False,1.5,26471.557142857142,,,,,,,,,
1526,1526,2023-08-19 09:45:00+00:00,-1,138304,25932.1,58.121428571428105,2023-08-19 21:45:00+00:00,26071.0,0.22308553520953847,-2.6129097947647013,-2.3898242595551626,True,1.5,26019.28214285714,138322.0,2023-08-19 14:15:00+00:00,18.0,4.5,True,3.3914833476712234,1.3864446356150508,-1.1136597947647036,-1.7238355352095385
1527,1527,2023-08-20 00:45:00+00:00,-1,138364,26168.9,31.971428571427946,2023-08-20 12:45:00+00:00,26174.0,0.40925446827525375,-0.5687718945486698,-0.15951742627341606,False,1.5,26216.857142857145,,,,,,,,,
1528,1528,2023-08-20 12:45:00+00:00,1,138412,26174.0,37.23571428571423,2023-08-21 00:45:00+00:00,26126.8,0.351463648570881,-1.619063878764649,-1.2676002301937679,True,1.5,26118.14642857143,138416.0,2023-08-20 13:45:00+00:00,4.0,1.0,True,1.9509879148283082,1.3388643775177544,-0.11831387876463823,-1.850713648570881
1529,1529,2023-08-21 04:15:00+00:00,-1,138474,26047.3,40.7071428571427,2023-08-21 16:15:00+00:00,25988.9,0.3199352517985624,1.114702403930465,1.4346376557290272,True,1.5,26108.360714285714,138478.0,2023-08-21 05:15:00+00:00,4.0,1.0,True,1.6223021582734183,1.6547639936831138,2.6139524039304933,-1.8206852517985626
1530,1530,2023-08-21 16:15:00+00:00,-1,138522,25988.9,91.05714285714332,2023-08-22 04:15:00+00:00,26016.7,0.14270654220269774,-0.4480093347976051,-0.30530279259490734,True,1.5,26125.485714285718,138535.0,2023-08-21 19:30:00+00:00,13.0,3.25,True,1.696893630373341,0.9937245058048694,1.0512406652024135,-1.6434565422026979
1531,1531,2023-08-22 05:30:00+00:00,-1,138575,26018.1,26.971428571429247,2023-08-22 17:30:00+00:00,25759.3,0.482327065677954,9.113011917372626,9.59533898305058,True,1.5,26058.557142857142,138578.0,2023-08-22 06:15:00+00:00,3.0,0.75,True,1.8591101694915366,1.60381355932199,10.612261917372612,-1.983077065677954
1532,1532,2023-08-22 17:30:00+00:00,-1,138623,25759.3,97.9857142857145,2023-08-23 05:30:00+00:00,26006.5,0.13144416095640735,-2.6542608980901026,-2.522816737133695,True,1.5,25906.27857142857,138627.0,2023-08-22 18:30:00+00:00,4.0,1.0,True,1.5688146960198288,6.3915293774602535,-1.1550108980901026,-1.6321941609564075
1533,1533,2023-08-23 05:30:00+00:00,1,138671,26006.5,33.392857142857146,2023-08-23 17:30:00+00:00,26542.8,0.3894021390374331,15.670918716577518,16.06032085561495,True,1.5,25956.410714285714,138692.0,2023-08-23 10:45:00+00:00,21.0,5.25,True,2.0666310160427215,1.544919786096272,17.171668716577532,-1.8886521390374331
1534,1534,2023-08-23 17:30:00+00:00,1,138719,26542.8,121.75714285714328,2023-08-24 05:30:00+00:00,26411.3,0.10899894403379054,-1.1890177167663927,-1.080018772732602,True,1.5,26360.164285714283,138736.0,2023-08-23 21:45:00+00:00,17.0,4.25,False,1.3072275020532436,1.4433298134459964,0.3117322832336158,0.3117322832336158
1535,1535,2023-08-24 09:00:00+00:00,-1,138781,26533.2,46.835714285714594,2023-08-24 21:00:00+00:00,26042.0,0.28325819734634555,10.204464846728635,10.487723044074981,False,1.5,26603.453571428574,,,,,,,,,
1536,1536,2023-08-24 21:30:00+00:00,-1,138831,26069.3,63.40000000000042,2023-08-25 09:30:00+00:00,26081.9,0.20559384858044027,-0.40433201892747656,-0.19873817034703628,True,1.5,26164.4,138840.0,2023-08-24 23:45:00+00:00,9.0,2.25,False,0.5615141955835695,3.223974763406942,1.094917981072548,1.094917981072548
1537,1537,2023-08-25 10:45:00+00:00,1,138884,26072.8,35.63571428571387,2023-08-25 22:45:00+00:00,26043.6,0.3658240128282264,-1.1852266987372562,-0.8194026859090299,True,1.5,26019.34642857143,138897.0,2023-08-25 14:00:00+00:00,13.0,3.25,True,3.7671878131891128,7.87562637803175,0.3155233012627293,-1.8650740128282264
1538,1538,2023-08-26 01:00:00+00:00,1,138941,26052.5,29.307142857143326,2023-08-26 13:00:00+00:00,26014.9,0.44447355593467486,-1.7274372410430618,-1.282963685108387,True,1.5,26008.539285714283,138971.0,2023-08-26 08:30:00+00:00,30.0,7.5,False,1.3491347794295825,1.3703387765050807,-0.2266872410430043,-0.2266872410430043
1539,1539,2023-08-27 16:15:00+00:00,1,139098,26143.9,31.599999999999845,2023-08-28 04:15:00+00:00,26020.5,0.4136693037974704,-4.318732594936776,-3.9050632911393057,True,1.5,26096.5,139104.0,2023-08-27 17:45:00+00:00,6.0,1.5,True,2.0696202531646133,0.572784810126539,-2.8179825949367228,-1.9129193037974703
1540,1540,2023-08-28 05:30:00+00:00,-1,139151,25933.0,32.30714285714306,2023-08-28 17:30:00+00:00,26152.0,0.40135087331416947,-7.18003758567318,-6.77868671235901,True,1.5,25981.460714285713,139176.0,2023-08-28 11:45:00+00:00,25.0,6.25,True,3.6660402387796314,0.9149900508511155,-5.680787585673228,-1.9021008733141693
1541,1541,2023-08-28 17:30:00+00:00,1,139199,26152.0,43.992857142856984,2023-08-29 05:30:00+00:00,26068.1,0.2972300698165297,-2.2043578503004144,-1.9071277804838846,True,1.5,26086.010714285716,139201.0,2023-08-28 18:00:00+00:00,2.0,0.5,True,4.178194512096156,1.336337067705747,-0.7036078503004468,-1.7964800698165297
1542,1542,2023-08-29 06:45:00+00:00,-1,139252,25999.3,28.00000000000026,2023-08-29 18:45:00+00:00,27960.1,0.46427321428570995,-70.49284464285647,-70.02857142857076,True,1.5,26041.3,139277.0,2023-08-29 13:00:00+00:00,25.0,6.25,True,1.9178571428571511,1.6678571428571534,-68.99359464285648,-1.96502321428571
1543,1543,2023-08-29 18:45:00+00:00,1,139300,27960.1,206.37142857142862,2023-08-30 06:45:00+00:00,27371.9,0.0677421777654714,-2.917942925377252,-2.850200747611781,True,1.5,27650.542857142857,139308.0,2023-08-29 20:45:00+00:00,8.0,2.0,True,1.529004568738748,0.5749688495085209,-1.4171929253772566,-1.5669921777654714
1544,1544,2023-08-30 06:45:00+00:00,-1,139348,27371.9,39.44999999999969,2023-08-30 18:45:00+00:00,27265.0,0.34691888466413456,2.362840304182565,2.7097591888466996,True,1.5,27431.075,139350.0,2023-08-30 07:15:00+00:00,2.0,0.5,True,1.584917617236966,0.8992395437262981,3.8620903041825585,-1.8476688846641345
1545,1545,2023-08-30 21:15:00+00:00,-1,139406,27257.2,64.07857142857107,2023-08-31 09:15:00+00:00,27188.4,0.2126857652435638,0.8609960985397327,1.0736818637832966,False,1.5,27353.317857142858,,,,,,,,,
1546,1546,2023-08-31 11:30:00+00:00,-1,139463,27456.8,61.85714285714312,2023-08-31 23:30:00+00:00,25962.6,0.22193718244803604,23.933721016166192,24.15565819861423,False,1.5,27549.585714285713,,,,,,,,,
1547,1547,2023-08-31 23:30:00+00:00,-1,139511,25962.6,102.45714285714244,2023-09-01 11:30:00+00:00,26030.0,0.12669980479643106,-0.7845358337981211,-0.65783602900169,False,1.5,26116.285714285714,,,,,,,,,
1548,1548,2023-09-01 12:00:00+00:00,-1,139561,26072.7,40.007142857143016,2023-09-02 00:00:00+00:00,25796.8,0.3258505623995702,6.570417961078389,6.89626852347796,True,1.5,26132.710714285717,139562.0,2023-09-01 12:15:00+00:00,1.0,0.25,False,0.4721478307444119,20.514104624174234,8.069667961078425,8.069667961078425
1549,1549,2023-09-02 02:30:00+00:00,1,139619,25773.8,32.771428571429816,2023-09-02 14:30:00+00:00,25859.2,0.39323583260678546,2.2126926765474755,2.605928509154261,False,1.5,25724.642857142855,,,,,,,,,
1550,1550,2023-09-02 15:00:00+00:00,-1,139669,25906.6,36.014285714286025,2023-09-03 03:00:00+00:00,25857.7,0.3596711622372043,0.9981233637444767,1.357794525981681,True,1.5,25960.621428571427,139671.0,2023-09-02 15:30:00+00:00,2.0,0.5,False,0.39924633082114835,5.823284410947897,2.497373363744455,2.497373363744455
1551,1551,2023-09-03 09:30:00+00:00,1,139743,25904.2,31.592857142857092,2023-09-03 21:30:00+00:00,25971.4,0.40996925163915965,1.7170938277187688,2.1270630793579284,True,1.5,25856.810714285715,139757.0,2023-09-03 13:00:00+00:00,14.0,3.5,True,1.7095862536740323,1.240447659959276,3.217843827718765,-1.9092192516391595
1552,1552,2023-09-04 02:30:00+00:00,-1,139811,25947.6,32.564285714285816,2023-09-04 14:30:00+00:00,25872.2,0.39840579074358284,1.9170142575125393,2.3154200482561222,True,1.5,25996.446428571428,139812.0,2023-09-04 02:45:00+00:00,1.0,0.25,True,2.0314762009212357,1.7272428164070472,3.4162642575125473,-1.899155790743583
1553,1553,2023-09-04 14:30:00+00:00,-1,139859,25872.2,41.599999999999845,2023-09-05 02:30:00+00:00,25698.2,0.3109639423076935,3.87172836538463,4.1826923076923235,True,1.5,25934.600000000002,139863.0,2023-09-04 15:30:00+00:00,4.0,1.0,False,0.6466346153845653,7.802884615384697,5.37097836538467,5.37097836538467
1554,1554,2023-09-05 03:30:00+00:00,-1,139911,25641.8,47.08571428571434,2023-09-05 15:30:00+00:00,25760.1,0.2722885315533978,-2.784727851941729,-2.512439320388331,True,1.5,25712.428571428572,139914.0,2023-09-05 04:15:00+00:00,3.0,0.75,True,1.8598300970873545,1.0964805825243082,-1.2854778519416932,-1.7730385315533979
1555,1555,2023-09-05 15:30:00+00:00,-1,139959,25760.1,83.97142857142846,2023-09-06 03:30:00+00:00,25773.1,0.15338610071452893,-0.30820066349098374,-0.15481456277645478,False,1.5,25886.057142857142,,,,,,,,,
1556,1556,2023-09-06 03:30:00+00:00,1,140007,25773.1,30.585714285714598,2023-09-06 15:30:00+00:00,25642.7,0.4213257823446944,-4.684754086875173,-4.263428304530478,True,1.5,25727.221428571425,140016.0,2023-09-06 05:45:00+00:00,9.0,2.25,True,1.6092947220923584,1.7125175151798628,-3.18400408687513,-1.9205757823446943
1557,1557,2023-09-06 15:45:00+00:00,-1,140056,25576.3,72.04285714285705,2023-09-07 03:45:00+00:00,25824.7,0.17750753519730345,-3.6254551854055377,-3.4479476502082345,True,1.5,25684.364285714284,140063.0,2023-09-06 17:30:00+00:00,7.0,1.75,True,5.103014078921307,1.3625817965496414,-2.1262051854055484,-1.6782575351973035
1558,1558,2023-09-07 04:15:00+00:00,1,140106,25787.6,36.571428571428314,2023-09-07 16:15:00+00:00,25823.7,0.35256484375000247,0.6345445312500642,0.9871093750000667,True,1.5,25732.742857142857,140121.0,2023-09-07 08:00:00+00:00,15.0,3.75,True,2.262500000000019,0.49921875000000066,2.135294531250032,-1.8518148437500024
1559,1559,2023-09-07 16:15:00+00:00,1,140154,25823.7,75.50000000000053,2023-09-08 04:15:00+00:00,26267.1,0.17101788079470082,5.701829801324434,5.8728476821191355,False,1.5,25710.45,,,,,,,,,
1560,1560,2023-09-08 04:15:00+00:00,1,140202,26267.1,47.928571428572205,2023-09-08 16:15:00+00:00,25821.8,0.2740233979135574,-9.564932488822484,-9.290909090908926,True,1.5,26195.20714285714,140211.0,2023-09-08 06:30:00+00:00,9.0,2.25,True,1.7506706408344992,1.7482861400894534,-8.064182488822475,-1.7732733979135573
1561,1561,2023-09-08 17:45:00+00:00,-1,140256,25815.0,58.8500000000001,2023-09-09 05:45:00+00:00,25828.9,0.21932880203908206,-0.45552251486833323,-0.23619371282925117,True,1.5,25903.275,140269.0,2023-09-08 21:00:00+00:00,13.0,3.25,False,0.3368734069668149,1.4150382327952644,1.043727485131689,1.043727485131689
1562,1562,2023-09-10 13:45:00+00:00,-1,140432,25799.6,24.757142857143272,2023-09-11 01:45:00+00:00,25675.9,0.521053664166177,4.47548413156357,4.996537795729747,True,1.5,25836.735714285714,140456.0,2023-09-10 19:45:00+00:00,24.0,6.0,True,2.5553952683207797,6.282458165031611,5.974734131563611,-2.021803664166177
1563,1563,2023-09-11 01:45:00+00:00,-1,140480,25675.9,62.199999999999946,2023-09-11 13:45:00+00:00,25605.8,0.20639790996784585,0.920611736334441,1.127009646302287,True,1.5,25769.2,140486.0,2023-09-11 03:15:00+00:00,6.0,1.5,True,1.620578778135038,0.9855305466237834,2.4198617363344304,-1.707147909967846
1564,1564,2023-09-11 14:00:00+00:00,-1,140529,25364.4,88.79285714285652,2023-09-12 02:00:00+00:00,25152.6,0.14282905639128088,2.242497948676744,2.385327005068025,False,1.5,25497.589285714286,,,,,,,,,
1565,1565,2023-09-12 03:00:00+00:00,-1,140581,25380.6,54.307142857142544,2023-09-12 15:00:00+00:00,26119.0,0.23367644350914246,-13.830414573194899,-13.596738129685756,True,1.5,25462.06071428571,140582.0,2023-09-12 03:15:00+00:00,1.0,0.25,True,8.966394844140572,1.5828620281467702,-12.331164573194913,-1.7344264435091425
1566,1566,2023-09-12 15:00:00+00:00,1,140629,26119.0,110.05714285714306,2023-09-13 03:00:00+00:00,25902.0,0.1186610851505709,-2.0903640965732047,-1.971703011422634,True,1.5,25953.914285714287,140638.0,2023-09-12 17:15:00+00:00,9.0,2.25,True,1.7437694704049924,2.7811526479750612,-0.589614096573219,-1.617911085150571
1567,1567,2023-09-13 05:30:00+00:00,-1,140687,25871.0,45.34999999999958,2023-09-13 17:30:00+00:00,26142.2,0.2852370452039718,-6.26539140022058,-5.980154355016609,True,1.5,25939.024999999998,140691.0,2023-09-13 06:30:00+00:00,4.0,1.0,True,3.53858875413459,1.125137816979014,-4.766141400220615,-1.7859870452039717
1568,1568,2023-09-13 17:30:00+00:00,1,140735,26142.2,116.70714285714295,2023-09-14 05:30:00+00:00,26170.1,0.11199914315441573,0.1270607748332023,0.23905991798761803,False,1.5,25967.139285714286,,,,,,,,,
1569,1569,2023-09-14 05:30:00+00:00,1,140783,26170.1,38.564285714286335,2023-09-14 17:30:00+00:00,26607.7,0.3393048712724524,11.007981663270856,11.347286534543308,False,1.5,26112.25357142857,,,,,,,,,
1570,1570,2023-09-14 17:30:00+00:00,1,140831,26607.7,97.43571428571444,2023-09-15 05:30:00+00:00,26578.8,0.13653976981159718,-0.4331455904992445,-0.29660582068764735,True,1.5,26461.54642857143,140848.0,2023-09-14 21:45:00+00:00,17.0,4.25,False,0.3381350340884361,1.9033428634264202,1.0676044095007486,1.0676044095007486
1571,1571,2023-09-15 15:00:00+00:00,-1,140917,26259.0,84.57142857142857,2023-09-16 03:00:00+00:00,26640.0,0.1552474662162162,-4.6603150337837835,-4.5050675675675675,True,1.5,26385.85714285714,140931.0,2023-09-15 18:30:00+00:00,14.0,3.5,True,4.655743243243244,0.8177364864864595,-3.161065033783802,-1.6559974662162162
1572,1572,2023-09-16 08:00:00+00:00,-1,140985,26462.7,36.30714285714281,2023-09-16 20:00:00+00:00,26528.6,0.36442829037969754,-2.179498131024928,-1.8150698406452306,True,1.5,26517.160714285714,140987.0,2023-09-16 08:30:00+00:00,2.0,0.5,True,1.5737753295298016,1.045543970096367,-0.6802481310249604,-1.8651782903796976
1573,1573,2023-09-18 09:45:00+00:00,1,141184,26858.6,68.20714285714295,2023-09-18 21:45:00+00:00,26825.0,0.19688993611896505,-0.689506964079986,-0.492617027961021,True,1.5,26756.289285714283,141215.0,2023-09-18 17:30:00+00:00,31.0,7.75,True,1.7987747408105397,2.684626662477799,0.8112430359200256,-1.696139936118965
1574,1574,2023-09-18 21:45:00+00:00,-1,141232,26825.0,75.09285714285683,2023-09-19 09:45:00+00:00,27278.6,0.17861219442594956,-6.219133453819087,-6.040521259393138,True,1.5,26937.639285714286,141275.0,2023-09-19 08:30:00+00:00,43.0,10.75,True,1.6853895177399605,0.46661276514793065,-4.719883453819084,-1.6793621944259496
1575,1575,2023-09-19 09:45:00+00:00,1,141280,27278.6,86.89285714285741,2023-09-19 21:45:00+00:00,27145.8,0.15696687217426997,-1.6852858199753253,-1.5283189478010555,True,1.5,27148.260714285712,141282.0,2023-09-19 10:15:00+00:00,2.0,0.5,True,2.8455815865186698,1.4585696670777002,-0.18453581997532417,-1.65621687217427
1576,1576,2023-09-20 01:45:00+00:00,-1,141344,27329.9,60.121428571428105,2023-09-20 13:45:00+00:00,27146.6,0.22728917666627244,2.821540572650658,3.0488297493169307,False,1.5,27420.082142857143,,,,,,,,,
1577,1577,2023-09-20 14:00:00+00:00,1,141393,27098.1,66.80714285714306,2023-09-21 02:00:00+00:00,27033.2,0.2028084037207307,-1.1742614134501936,-0.9714530097294629,True,1.5,26997.889285714286,141414.0,2023-09-20 19:15:00+00:00,21.0,5.25,True,3.8602052817277728,1.7110552763819182,0.3264885865497831,-1.7020584037207307
1578,1578,2023-09-21 06:30:00+00:00,1,141459,27020.8,41.142857142857146,2023-09-21 18:30:00+00:00,26624.0,0.32837777777777777,-9.972822222222204,-9.644444444444426,True,1.5,26959.085714285713,141465.0,2023-09-21 08:00:00+00:00,6.0,1.5,True,1.6062499999999695,1.188888888888919,-8.472072222222192,-1.8276277777777779
1579,1579,2023-09-21 18:45:00+00:00,1,141508,26593.6,50.76428571428577,2023-09-22 06:45:00+00:00,26607.1,0.261932179541297,0.004002814126917165,0.26593499366821416,True,1.5,26517.45357142857,141514.0,2023-09-21 20:15:00+00:00,6.0,1.5,False,1.271633600675338,3.1212185169551625,1.5047528141269093,1.5047528141269093
1580,1580,2023-09-22 09:00:00+00:00,1,141565,26630.3,47.014285714285506,2023-09-22 21:00:00+00:00,26497.1,0.28321498024916564,-3.116396384077817,-2.8331814038286516,True,1.5,26559.77857142857,141583.0,2023-09-22 13:30:00+00:00,18.0,4.5,True,1.941507140686721,2.7315405651777938,-1.6156463840778172,-1.7824649802491657
1581,1581,2023-09-24 10:45:00+00:00,1,141764,26567.9,9.992857142857247,2023-09-24 22:45:00+00:00,26478.3,1.329344531808421,-10.295749106504758,-8.966404574696337,True,1.5,26552.910714285717,141782.0,2023-09-24 15:15:00+00:00,18.0,4.5,True,16.052537526805004,18.71229449606826,-8.794999106504939,-2.828594531808421
1582,1582,2023-09-25 00:45:00+00:00,-1,141820,26239.5,93.69285714285772,2023-09-25 12:45:00+00:00,26092.1,0.1400293512236021,1.4331962338949522,1.5732255851185544,False,1.5,26380.039285714287,,,,,,,,,
1583,1583,2023-09-25 16:15:00+00:00,1,141882,26362.7,69.3642857142864,2023-09-26 04:15:00+00:00,26321.0,0.1900307898259687,-0.7912047163011046,-0.6011739264751359,True,1.5,26258.65357142857,141886.0,2023-09-25 17:15:00+00:00,4.0,1.0,False,0.7706209453197165,2.614406343321986,0.7095452836988971,0.7095452836988971
1584,1584,2023-09-26 05:45:00+00:00,1,141936,26308.1,26.942857142857456,2023-09-26 17:45:00+00:00,26162.9,0.48822030752915657,-5.877403764580948,-5.389183457051791,True,1.5,26267.68571428571,141939.0,2023-09-26 06:30:00+00:00,3.0,0.75,True,1.9925768822904386,0.6834570519618623,-4.376653764580919,-1.9874703075291564
1585,1585,2023-09-26 23:00:00+00:00,-1,142005,26195.1,47.53571428571403,2023-09-27 11:00:00+00:00,26459.3,0.2755307287753584,-5.833457099924915,-5.557926371149557,True,1.5,26266.40357142857,142018.0,2023-09-27 02:15:00+00:00,13.0,3.25,True,1.748084147257719,1.2075882794891037,-4.334207099924885,-1.7762807287753584
1586,1586,2023-09-27 11:00:00+00:00,1,142053,26459.3,49.02857142857153,2023-09-27 23:00:00+00:00,26300.1,0.2698355186480181,-3.516921765734273,-3.247086247086255,True,1.5,26385.757142857143,142066.0,2023-09-27 14:15:00+00:00,13.0,3.25,True,6.848193473193457,3.521270396270421,-2.0161717657342892,-1.769085518648018
1587,1587,2023-09-27 23:00:00+00:00,-1,142101,26300.1,39.32142857142909,2023-09-28 11:00:00+00:00,26468.0,0.33442452316075855,-4.604360944595799,-4.26993642143504,True,1.5,26359.082142857143,142103.0,2023-09-27 23:30:00+00:00,2.0,0.5,True,4.534877384196147,1.688192552225225,-3.1051109445957654,-1.8351745231607586
1588,1588,2023-09-28 11:00:00+00:00,1,142149,26468.0,57.02142857142826,2023-09-28 23:00:00+00:00,27040.0,0.23208818739822248,9.799228360265618,10.03131654766384,False,1.5,26382.46785714286,,,,,,,,,
1589,1589,2023-09-29 07:00:00+00:00,-1,142229,27026.4,35.81428571428608,2023-09-29 19:00:00+00:00,26914.0,0.37731312325488253,2.761099321898696,3.1384124451535786,True,1.5,27080.12142857143,142231.0,2023-09-29 07:30:00+00:00,2.0,0.5,True,4.226765057837958,1.3185081771041067,4.260349321898692,-1.8780631232548826
1590,1590,2023-10-01 10:30:00+00:00,1,142435,27159.8,45.87857142857138,2023-10-01 22:30:00+00:00,27933.0,0.2959965748092795,16.55718729565627,16.85318387046555,True,1.5,27090.98214285714,142451.0,2023-10-01 14:30:00+00:00,16.0,4.0,True,1.516658882142237,2.463412735481899,18.057937295656288,-1.7952465748092794
1591,1591,2023-10-01 23:15:00+00:00,1,142486,27882.5,164.72857142857123,2023-10-02 11:15:00+00:00,28346.5,0.08463164513051784,2.732123189662652,2.8167548347931697,False,1.5,27635.407142857144,,,,,,,,,
1592,1592,2023-10-02 11:15:00+00:00,1,142534,28346.5,83.32857142857185,2023-10-02 23:15:00+00:00,27518.0,0.17008871935539088,-10.112656866106583,-9.942568146751192,True,1.5,28221.507142857143,142535.0,2023-10-02 11:30:00+00:00,1.0,0.25,True,3.0062575004285796,4.698182753300166,-8.61190686610659,-1.6693387193553908
1593,1593,2023-10-02 23:15:00+00:00,-1,142582,27518.0,122.7428571428575,2023-10-03 11:15:00+00:00,27471.5,0.11209613594040936,0.26674464618249455,0.3788407821229039,False,1.5,27702.114285714288,,,,,,,,,
1594,1594,2023-10-03 13:45:00+00:00,-1,142640,27533.4,78.41428571428592,2023-10-04 01:45:00+00:00,27323.0,0.1755636728001453,2.507620878119888,2.6831845509200334,False,1.5,27651.021428571432,,,,,,,,,
1595,1595,2023-10-04 08:45:00+00:00,-1,142716,27504.8,42.849999999999845,2023-10-04 20:45:00+00:00,27633.5,0.3209428238039685,-3.3244434072345683,-3.0035005834305997,True,1.5,27569.075,142719.0,2023-10-04 09:30:00+00:00,3.0,0.75,True,6.089264877479585,5.880396732788871,-1.8251934072345286,-1.8216928238039685
1596,1596,2023-10-04 20:45:00+00:00,1,142764,27633.5,100.49999999999947,2023-10-05 08:45:00+00:00,27634.1,0.1374800995024883,-0.1315099502487714,0.005970149253716895,False,1.5,27482.75,,,,,,,,,
1597,1597,2023-10-05 09:15:00+00:00,-1,142814,27670.6,40.10000000000063,2023-10-05 21:15:00+00:00,27473.3,0.3450199501246829,4.575179551122105,4.920199501246787,True,1.5,27730.75,142820.0,2023-10-05 10:45:00+00:00,6.0,1.5,True,3.472568578553562,1.6870324189526285,6.074429551122118,-1.845769950124683
1598,1598,2023-10-06 00:45:00+00:00,-1,142876,27443.1,40.60714285714312,2023-10-06 12:45:00+00:00,27238.6,0.33790976253297933,4.698150043975343,5.036059806508323,True,1.5,27504.010714285712,142879.0,2023-10-06 01:30:00+00:00,3.0,0.75,True,1.7531222515391933,0.6676341248899729,6.197400043975321,-1.8386597625329792
1599,1599,2023-10-06 12:45:00+00:00,1,142924,27238.6,97.42857142857169,2023-10-07 00:45:00+00:00,27901.6,0.13978753665689111,6.665197800586492,6.804985337243384,False,1.5,27092.45714285714,,,,,,,,,
1600,1600,2023-10-08 09:45:00+00:00,-1,143104,27868.4,37.09285714285787,2023-10-08 21:45:00+00:00,27904.0,0.3756572308877261,-1.3354107452339032,-0.9597535143461772,True,1.5,27924.039285714287,143120.0,2023-10-08 13:45:00+00:00,16.0,4.0,True,1.7728673213940964,1.664452147121145,0.16383925476606154,-1.8764072308877262
1601,1601,2023-10-09 07:30:00+00:00,-1,143191,27822.4,30.935714285714702,2023-10-09 19:30:00+00:00,27559.3,0.4496809051027416,8.055052412837643,8.504733317940385,False,1.5,27868.803571428572,,,,,,,,,
1602,1602,2023-10-09 19:30:00+00:00,1,143239,27559.3,102.57857142857107,2023-10-10 07:30:00+00:00,27647.8,0.1343326370029947,0.7284206531578606,0.8627532901608553,False,1.5,27405.432142857142,,,,,,,,,
1603,1603,2023-10-10 13:00:00+00:00,-1,143309,27398.3,50.7071428571427,2023-10-11 01:00:00+00:00,27447.6,0.27016213551204477,-1.2424117481335295,-0.9722496126214847,True,1.5,27474.360714285714,143313.0,2023-10-10 14:00:00+00:00,4.0,1.0,True,2.929356247358817,1.8707564445696676,0.2568382518664936,-1.7709121355120447
1604,1604,2023-10-11 02:30:00+00:00,-1,143363,27136.5,55.807142857142544,2023-10-11 14:30:00+00:00,27064.0,0.24312747984129154,1.0559893766798985,1.29911685652119,True,1.5,27220.210714285713,143392.0,2023-10-11 09:45:00+00:00,29.0,7.25,True,1.5694995520286883,0.9068859592986137,2.5552393766798844,-1.7438774798412915
1605,1605,2023-10-11 14:30:00+00:00,-1,143411,27064.0,74.05714285714255,2023-10-12 02:30:00+00:00,26856.7,0.18272376543209953,2.616466049382717,2.7991898148148167,False,1.5,27175.085714285713,,,,,,,,,
1606,1606,2023-10-12 02:30:00+00:00,1,143459,26856.7,46.3928571428574,2023-10-12 14:30:00+00:00,26660.0,0.2894486528098521,-4.5293254811393275,-4.239876828329476,True,1.5,26787.110714285714,143469.0,2023-10-12 05:00:00+00:00,10.0,2.5,True,1.6599692070823977,2.6467282525019367,-3.0285754811393253,-1.788698652809852
1607,1607,2023-10-12 14:30:00+00:00,1,143507,26660.0,72.03571428571429,2023-10-13 02:30:00+00:00,26785.6,0.1850470996529499,1.558532473971224,1.743579573624174,True,1.5,26551.946428571428,143514.0,2023-10-12 16:15:00+00:00,7.0,1.75,False,0.23802677243430403,4.411056023797744,3.0592824739712383,3.0592824739712383
1608,1608,2023-10-13 03:15:00+00:00,1,143558,26786.4,36.38571428571491,2023-10-13 15:15:00+00:00,26721.9,0.36808951707891,-2.1407632508833556,-1.7726737338044454,True,1.5,26731.821428571428,143584.0,2023-10-13 09:45:00+00:00,26.0,6.5,False,1.4764428739693618,6.622889674126318,-0.6400132508833127,-0.6400132508833127
1609,1609,2023-10-13 16:15:00+00:00,-1,143610,26766.1,57.76428571428577,2023-10-14 04:15:00+00:00,26908.0,0.23168381352788403,-2.6882189934462946,-2.4565351799184105,True,1.5,26852.746428571427,143628.0,2023-10-13 20:45:00+00:00,18.0,4.5,True,4.245764807716114,1.8583529120810602,-1.1889689934463012,-1.732433813527884
1610,1610,2023-10-14 05:00:00+00:00,1,143661,26918.6,29.157142857143167,2023-10-14 17:00:00+00:00,26876.4,0.46161244487995584,-1.9089421852032116,-1.4473297403232557,True,1.5,26874.864285714284,143664.0,2023-10-14 05:45:00+00:00,3.0,0.75,True,1.5935815776578868,0.5122488975992427,-0.40819218520322037,-1.9608624448799559
1611,1611,2023-10-15 13:00:00+00:00,-1,143789,26867.9,20.035714285714285,2023-10-16 01:00:00+00:00,27184.4,0.6705001782531195,-16.46729162210339,-15.796791443850267,True,1.5,26897.953571428574,143790.0,2023-10-15 13:15:00+00:00,1.0,0.25,True,2.9969696969695727,1.939215686274707,-14.968041622103335,-2.1712501782531195
1612,1612,2023-10-16 02:30:00+00:00,1,143843,27181.5,60.057142857142544,2023-10-16 14:30:00+00:00,28233.2,0.2262969790675559,17.285358587060045,17.5116555661276,False,1.5,27091.414285714287,,,,,,,,,
1613,1613,2023-10-16 14:30:00+00:00,-1,143891,28233.2,465.39285714285717,2023-10-17 02:30:00+00:00,28366.7,0.030332652904612078,-0.3171870769703016,-0.2868544240656895,False,1.5,28931.289285714287,,,,,,,,,
1614,1614,2023-10-17 07:00:00+00:00,-1,143957,28227.5,81.77142857142826,2023-10-17 19:00:00+00:00,28377.6,0.17260001747030115,-2.008204489867216,-1.8356044723969145,True,1.5,28350.15714285714,143960.0,2023-10-17 07:45:00+00:00,3.0,0.75,True,1.9474143955276562,0.4715234102026471,-0.5089544898672378,-1.673350017470301
1615,1615,2023-10-18 07:30:00+00:00,-1,144055,28549.1,130.2714285714293,2023-10-18 19:30:00+00:00,28284.0,0.10957544686917363,1.9254064590415396,2.0349819059107133,False,1.5,28744.507142857143,,,,,,,,,
1616,1616,2023-10-18 21:45:00+00:00,-1,144112,28252.9,56.18571428571392,2023-10-19 09:45:00+00:00,28384.6,0.25142423086702426,-2.5954364352910915,-2.344012204424067,True,1.5,28337.178571428572,144117.0,2023-10-18 23:00:00+00:00,5.0,1.25,False,1.1999745741164138,4.648487159928856,-1.096186435291089,-1.096186435291089
1617,1617,2023-10-19 11:00:00+00:00,1,144165,28421.2,63.2928571428573,2023-10-19 23:00:00+00:00,28642.3,0.22452138584809786,3.2687637964112093,3.493285182259307,False,1.5,28326.260714285716,,,,,,,,,
1618,1618,2023-10-20 02:45:00+00:00,1,144228,28967.5,85.65000000000016,2023-10-20 14:45:00+00:00,29569.2,0.16910391126678312,6.855998248686511,7.025102159953294,False,1.5,28839.025,,,,,,,,,
1619,1619,2023-10-20 14:45:00+00:00,-1,144276,29569.2,160.00714285714275,2023-10-21 02:45:00+00:00,29472.0,0.09239962501674039,0.5150732556582345,0.6074728806749748,False,1.5,29809.210714285713,,,,,,,,,
1620,1620,2023-10-21 18:30:00+00:00,1,144387,30107.5,125.5857142857146,2023-10-22 06:30:00+00:00,30113.2,0.11986833124786685,-0.07448100329882237,0.045387327949044466,True,1.5,29919.121428571427,144394.0,2023-10-21 20:15:00+00:00,7.0,1.75,False,0.7215902627687248,2.4730406097144946,1.4262689967011881,1.4262689967011881
1621,1621,2023-10-23 05:45:00+00:00,1,144528,30771.5,151.97857142857148,2023-10-23 17:45:00+00:00,30964.0,0.10123631151008126,1.1653896225971703,1.2666259341072514,True,1.5,30543.532142857144,144536.0,2023-10-23 07:45:00+00:00,8.0,2.0,False,1.3852751797715928,4.977463928185354,2.6661396225971608,2.6661396225971608
1622,1622,2023-10-23 20:45:00+00:00,1,144588,31511.5,253.94285714285667,2023-10-24 08:45:00+00:00,34125.9,0.06204447007200732,10.233185052880312,10.29522952295232,False,1.5,31130.585714285717,,,,,,,,,
1623,1623,2023-10-24 09:30:00+00:00,-1,144639,34331.0,206.17857142857142,2023-10-24 21:30:00+00:00,33637.7,0.08325549974016977,3.279363589121788,3.362619088861958,True,1.5,34640.267857142855,144645.0,2023-10-24 11:00:00+00:00,6.0,1.5,False,1.2015416594491701,6.772128875801133,4.778613589121778,4.778613589121778
1624,1624,2023-10-24 22:00:00+00:00,-1,144689,34112.8,214.22857142857018,2023-10-25 10:00:00+00:00,34097.0,0.07961776473726376,-0.005864763937036346,0.07375300080022741,False,1.5,34434.142857142855,,,,,,,,,
1625,1625,2023-10-25 10:00:00+00:00,1,144737,34097.0,170.24285714285674,2023-10-25 22:00:00+00:00,34605.5,0.10014223378367063,2.88676722329446,2.9869094570781307,False,1.5,33841.635714285716,,,,,,,,,
1626,1626,2023-10-26 08:15:00+00:00,-1,144826,34501.5,110.11428571428716,2023-10-26 20:15:00+00:00,34190.3,0.15666223404255114,2.669492410482554,2.826154644525105,False,1.5,34666.67142857143,,,,,,,,,
1627,1627,2023-10-27 14:15:00+00:00,-1,144946,33931.6,107.75714285714379,2023-10-28 02:15:00+00:00,33932.9,0.15744478324274022,-0.16950894869417904,-0.01206416545143881,True,1.5,34093.235714285714,144951.0,2023-10-27 15:30:00+00:00,5.0,1.25,False,0.39593000132574063,6.897322020416222,1.3297410513058234,1.3297410513058234
1628,1628,2023-10-28 12:00:00+00:00,-1,145033,34147.5,84.27857142857205,2023-10-29 00:00:00+00:00,34080.3,0.20258708365115538,0.594768624459661,0.7973557081108165,False,1.5,34273.91785714286,,,,,,,,,
1629,1629,2023-10-29 09:15:00+00:00,1,145118,34244.0,57.378571428570595,2023-10-29 21:15:00+00:00,34629.2,0.2984040831569818,6.4149035229678,6.713307606124782,False,1.5,34157.93214285714,,,,,,,,,
1630,1630,2023-10-30 03:45:00+00:00,-1,145192,34276.5,75.52142857142982,2023-10-30 15:45:00+00:00,34664.5,0.22693228033670293,-5.3645469592357005,-5.137614678898998,True,1.5,34389.78214285715,145211.0,2023-10-30 08:30:00+00:00,19.0,4.75,True,1.6381821621109443,2.6440461553012806,-3.865296959235659,-1.727682280336703
1631,1631,2023-10-30 16:15:00+00:00,1,145242,34506.3,123.25000000000053,2023-10-31 04:15:00+00:00,34273.0,0.13998498985801158,-2.032885598377297,-1.8929006085192852,True,1.5,34321.425,145245.0,2023-10-30 17:00:00+00:00,3.0,0.75,True,1.5612576064908892,1.2687626774847816,-0.5321355983773033,-1.6392349898580116
1632,1632,2023-10-31 04:15:00+00:00,-1,145290,34273.0,69.81428571428634,2023-10-31 16:15:00+00:00,34363.7,0.2454583589113954,-1.5446193984038732,-1.2991610394924777,True,1.5,34377.72142857143,145307.0,2023-10-31 08:30:00+00:00,17.0,4.25,True,1.591057908737488,1.2851442602823762,-0.04536939840388074,-1.7462083589113955
1633,1633,2023-10-31 17:00:00+00:00,1,145341,34386.9,134.79285714285703,2023-11-01 05:00:00+00:00,34411.0,0.12755460759896148,0.05123824916537528,0.17879285676433676,False,1.5,34184.71071428571,,,,,,,,,
1634,1634,2023-11-01 12:00:00+00:00,-1,145417,34433.4,52.76428571428499,2023-11-02 00:00:00+00:00,35565.2,0.3262945715446099,-21.776409638554437,-21.450115067009826,True,1.5,34512.546428571426,145420.0,2023-11-01 12:45:00+00:00,3.0,0.75,True,8.283132530120616,0.9807093542709278,-20.27715963855449,-1.8270445715446098
1635,1635,2023-11-02 00:00:00+00:00,1,145465,35565.2,234.22857142857123,2023-11-02 12:00:00+00:00,35360.0,0.07591985850207374,-0.9519871919980367,-0.876067333495963,True,1.5,35213.85714285714,145486.0,2023-11-02 05:15:00+00:00,21.0,5.25,False,0.6995608685044917,1.1661380824591596,0.5487628080019744,0.5487628080019744
1636,1636,2023-11-02 13:45:00+00:00,-1,145520,34931.4,162.75714285714326,2023-11-03 01:45:00+00:00,34590.7,0.1073114192925478,1.9859914860001975,2.093302905292745,False,1.5,35175.53571428572,,,,,,,,,
1637,1637,2023-11-03 02:00:00+00:00,-1,145569,34641.3,129.27857142857152,2023-11-03 14:00:00+00:00,34509.9,0.13397928062323874,0.8824304657716002,1.016409746394839,False,1.5,34835.21785714286,,,,,,,,,
1638,1638,2023-11-03 14:30:00+00:00,1,145619,34743.9,124.03571428571429,2023-11-04 02:30:00+00:00,34685.2,0.14005603224877627,-0.6133068240714432,-0.4732507918226669,True,1.5,34557.84642857143,145630.0,2023-11-03 17:15:00+00:00,11.0,2.75,True,1.8893463864094475,0.5526921969478921,0.8874431759285653,-1.6393060322487762
1639,1639,2023-11-04 02:30:00+00:00,1,145667,34685.2,65.7714285714293,2023-11-04 14:30:00+00:00,34764.2,0.2636798436142455,0.9374496090356108,1.2011294526498564,True,1.5,34586.54285714286,145677.0,2023-11-04 05:00:00+00:00,10.0,2.5,False,0.2271937445699493,7.973935708079852,2.4381996090355593,2.4381996090355593
1640,1640,2023-11-04 22:45:00+00:00,1,145748,35171.9,73.34999999999854,2023-11-05 10:45:00+00:00,35143.3,0.2397539195637403,-0.6296653033401426,-0.38991138377640233,True,1.5,35061.875,145750.0,2023-11-04 23:15:00+00:00,2.0,0.5,True,1.7528970688479841,1.1973415132924177,0.871084696659907,-1.7390039195637403
1641,1641,2023-11-05 21:45:00+00:00,-1,145840,34652.8,109.36428571428561,2023-11-06 09:45:00+00:00,35139.9,0.15842831950885003,-4.612350336359471,-4.453922016850621,True,1.5,34816.84642857143,145844.0,2023-11-05 22:45:00+00:00,4.0,1.0,True,2.031317353536671,0.12477957024364623,-3.1131003363594925,-1.65917831950885
1642,1642,2023-11-06 09:45:00+00:00,1,145888,35139.9,71.6285714285706,2023-11-06 21:45:00+00:00,35039.8,0.24529248105305435,-1.6427795173514148,-1.3974870362983605,True,1.5,35032.45714285714,145902.0,2023-11-06 13:15:00+00:00,14.0,3.5,True,1.6956521739130719,1.346429996011196,-0.1420295173513858,-1.7445424810530543
1643,1643,2023-11-07 01:45:00+00:00,-1,145952,34954.4,85.0714285714291,2023-11-07 13:45:00+00:00,34780.0,0.20544147774978883,1.8446005037783435,2.0500419815281323,False,1.5,35082.00714285715,,,,,,,,,
1644,1644,2023-11-07 16:15:00+00:00,1,146010,34748.0,78.94285714285797,2023-11-08 04:15:00+00:00,35297.3,0.22008324285197017,6.738114368440067,6.958197611292038,True,1.5,34629.58571428571,146013.0,2023-11-07 17:00:00+00:00,3.0,0.75,False,0.8814694173000112,16.36771625045221,8.238864368440067,8.238864368440067
1645,1645,2023-11-08 08:45:00+00:00,-1,146076,35312.6,69.4285714285709,2023-11-08 20:45:00+00:00,35618.9,0.25430884773662743,-4.666037242798431,-4.411728395061804,True,1.5,35416.74285714285,146083.0,2023-11-08 10:30:00+00:00,7.0,1.75,True,3.3596707818930804,4.951028806584349,-3.1667872427984496,-1.7550588477366276
1646,1646,2023-11-08 20:45:00+00:00,1,146124,35618.9,144.5,2023-11-09 08:45:00+00:00,36681.2,0.12324878892733565,7.22830830449824,7.351557093425575,True,1.5,35402.15,146127.0,2023-11-08 21:30:00+00:00,3.0,0.75,False,0.08408304498270903,10.282698961937706,8.729058304498238,8.729058304498238
1647,1647,2023-11-09 14:15:00+00:00,-1,146194,37573.5,224.957142857144,2023-11-10 02:15:00+00:00,36745.2,0.08351257382358503,3.598522099447509,3.682034673271094,True,1.5,37910.93571428572,146196.0,2023-11-09 14:45:00+00:00,2.0,0.5,False,0.840445799199823,11.588588302533777,5.097772099447521,5.097772099447521
1648,1648,2023-11-10 10:15:00+00:00,-1,146274,36592.9,86.76428571428394,2023-11-10 22:15:00+00:00,37336.9,0.21087536017124,-8.785832139623132,-8.574956779451892,True,1.5,36723.046428571426,146276.0,2023-11-10 10:45:00+00:00,2.0,0.5,True,3.518193792706152,2.321766691364158,-7.286582139623147,-1.7116253601712401
1649,1649,2023-11-12 00:00:00+00:00,1,146425,37152.1,130.70714285714297,2023-11-12 12:00:00+00:00,37116.0,0.14211962402317052,-0.41830957975844524,-0.2761899557352747,True,1.5,36956.03928571429,146427.0,2023-11-12 00:30:00+00:00,2.0,0.5,True,1.548800480900615,0.883354281654725,1.0824404202415328,-1.6413696240231705
1650,1650,2023-11-13 03:30:00+00:00,-1,146535,37010.0,128.67142857142866,2023-11-13 15:30:00+00:00,36755.1,0.14381592095037182,1.8371988453425214,1.9810147662928932,False,1.5,37203.00714285715,,,,,,,,,
1651,1651,2023-11-13 23:30:00+00:00,-1,146615,36516.8,145.74285714285674,2023-11-14 11:30:00+00:00,36299.7,0.12527818074887312,1.3643316996667756,1.4896098804156488,True,1.5,36735.41428571429,146647.0,2023-11-14 07:30:00+00:00,32.0,8.0,False,0.30523426779063156,3.274357969025719,2.8635816996667685,2.8635816996667685
1652,1652,2023-11-14 11:30:00+00:00,-1,146663,36299.7,108.7857142857148,2023-11-14 23:30:00+00:00,35580.0,0.1668403808273137,6.448917990807559,6.615758371634873,True,1.5,36462.87857142857,146669.0,2023-11-14 13:00:00+00:00,6.0,1.5,True,2.1787918581746757,0.8390676296782588,7.948167990807562,-1.6675903808273138
1653,1653,2023-11-15 09:45:00+00:00,1,146752,35800.0,87.42142857142815,2023-11-15 21:45:00+00:00,37644.5,0.20475529046490828,20.894190701854825,21.098945992319734,False,1.5,35668.86785714286,,,,,,,,,
1654,1654,2023-11-15 21:45:00+00:00,1,146800,37644.5,270.5642857142869,2023-11-16 09:45:00+00:00,37380.2,0.0695666464267797,-1.0464139760817401,-0.9768473296549605,True,1.5,37238.65357142857,146842.0,2023-11-16 08:15:00+00:00,42.0,10.5,False,0.10220702764064324,0.8831410544100876,0.45433602391825484,0.45433602391825484
1655,1655,2023-11-16 12:00:00+00:00,-1,146857,37276.6,130.4857142857145,2023-11-17 00:00:00+00:00,36120.0,0.14283785855047054,8.720967703087341,8.863805561637811,False,1.5,37472.328571428574,,,,,,,,,
1656,1656,2023-11-17 00:00:00+00:00,-1,146905,36120.0,143.79285714285703,2023-11-17 12:00:00+00:00,36340.5,0.12559733743976959,-1.65905320152998,-1.5334558640902103,True,1.5,36335.68928571429,146907.0,2023-11-17 00:30:00+00:00,2.0,0.5,True,1.7546818339873653,1.0493517460632849,-0.15980320152995997,-1.6263473374397697
1657,1657,2023-11-17 12:00:00+00:00,1,146953,36340.5,107.99999999999793,2023-11-18 00:00:00+00:00,36526.2,0.16824305555555877,1.5512013888888918,1.7194444444444505,True,1.5,36178.5,146963.0,2023-11-17 14:30:00+00:00,10.0,2.5,True,2.8722222222222507,1.8796296296296657,3.0519513888889205,-1.6674930555555587
1658,1658,2023-11-18 02:15:00+00:00,-1,147010,36433.9,85.39285714285714,2023-11-18 14:15:00+00:00,36496.0,0.21333107486407363,-0.9405581764951734,-0.7272271016310997,False,1.5,36561.989285714284,,,,,,,,,
1659,1659,2023-11-18 15:30:00+00:00,1,147063,36627.6,76.29285714285808,2023-11-19 03:30:00+00:00,36493.5,0.2400460631027028,-1.9977466529350747,-1.7577005898323719,True,1.5,36513.16071428571,147089.0,2023-11-18 22:00:00+00:00,26.0,6.5,False,1.4832412695439774,0.9285179290329052,-0.4969966529350578,-0.4969966529350578
1660,1660,2023-11-19 13:00:00+00:00,-1,147149,36481.3,61.62857142857164,2023-11-20 01:00:00+00:00,37259.9,0.29597716736207597,-12.929727746870586,-12.63375057950851,True,1.5,36573.74285714286,147159.0,2023-11-19 15:30:00+00:00,10.0,2.5,True,3.4181733889661077,0.945062586926344,-11.430477746870578,-1.796727167362076
1661,1661,2023-11-20 01:00:00+00:00,1,147197,37259.9,133.45000000000073,2023-11-20 13:00:00+00:00,37217.1,0.1396024728362675,-0.4603218433870556,-0.32071937055078814,True,1.5,37059.725,147207.0,2023-11-20 03:30:00+00:00,10.0,2.5,False,0.07287373548144242,2.890783064818279,1.040428156612958,1.040428156612958
1662,1662,2023-11-20 15:15:00+00:00,1,147254,37328.0,171.23571428571555,2023-11-21 03:15:00+00:00,37568.9,0.10899595378133654,1.2978367329912808,1.4068326867726173,True,1.5,37071.146428571425,147262.0,2023-11-20 17:15:00+00:00,8.0,2.0,True,1.7002669670045112,1.1367580194385667,2.798586732991293,-1.6082459537813365
1663,1663,2023-11-21 04:00:00+00:00,1,147305,37466.4,92.87142857142733,2023-11-21 16:00:00+00:00,36993.7,0.2017111213659464,-5.291543454853217,-5.089832333487271,True,1.5,37327.09285714286,147317.0,2023-11-21 07:00:00+00:00,12.0,3.0,True,1.6290570681433776,1.210352253499453,-3.7907934548532065,-1.7009611213659463
1664,1664,2023-11-21 16:00:00+00:00,-1,147353,36993.7,229.55000000000084,2023-11-22 04:00:00+00:00,36397.1,0.08057874101502911,2.5184192986277347,2.5989980396427637,True,1.5,37338.025,147357.0,2023-11-21 17:00:00+00:00,4.0,1.0,False,0.8406665214550113,7.524831191461547,4.017669298627748,4.017669298627748
1665,1665,2023-11-22 04:00:00+00:00,-1,147401,36397.1,94.12857142857163,2023-11-22 16:00:00+00:00,36508.2,0.19333715283047462,-1.373637653665181,-1.1803005008347065,True,1.5,36538.29285714286,147411.0,2023-11-22 06:30:00+00:00,10.0,2.5,True,1.5830171497951473,1.6242980725451255,0.12561234633482443,-1.6940871528304746
1666,1666,2023-11-22 18:15:00+00:00,1,147458,37108.9,154.03571428571482,2023-11-23 06:15:00+00:00,37322.8,0.12045550660792911,1.2681834917690753,1.3886389983770044,False,1.5,36877.84642857143,,,,,,,,,
1667,1667,2023-11-23 15:30:00+00:00,-1,147543,37050.4,133.94285714285797,2023-11-24 03:30:00+00:00,37348.0,0.13830674061433362,-2.3601497440272783,-2.221843003412945,True,1.5,37251.31428571429,147553.0,2023-11-23 18:00:00+00:00,10.0,2.5,True,1.6871800341296839,0.6302261092150224,-0.8608997440272782,-1.6390567406143337
1668,1668,2023-11-24 08:15:00+00:00,1,147610,37502.5,61.94285714285642,2023-11-24 20:15:00+00:00,37802.4,0.3027185193726972,4.5388405212177885,4.841559040590486,False,1.5,37409.58571428571,,,,,,,,,
1669,1669,2023-11-25 12:30:00+00:00,-1,147723,37684.7,51.02142857142826,2023-11-26 00:30:00+00:00,37753.6,0.36930267394652333,-1.7197156656867252,-1.350412991740202,True,1.5,37761.23214285714,147738.0,2023-11-25 16:15:00+00:00,15.0,3.75,True,2.4552008959821974,0.8571328573427566,-0.22046566568676093,-1.8700526739465233
1670,1670,2023-11-26 12:30:00+00:00,-1,147819,37511.6,63.600000000001145,2023-11-27 00:30:00+00:00,37521.4,0.29490251572326515,-0.44899056603777354,-0.1540880503145084,True,1.5,37607.0,147820.0,2023-11-26 12:45:00+00:00,1.0,0.25,True,2.1682389937106756,7.56289308176087,1.0502594339622222,-1.795652515723265
1671,1671,2023-11-27 04:45:00+00:00,-1,147884,37360.4,80.79285714285756,2023-11-27 16:45:00+00:00,37075.1,0.23121103350720423,3.3000417292900908,3.531252762797295,False,1.5,37481.58928571429,,,,,,,,,
1672,1672,2023-11-27 16:45:00+00:00,-1,147932,37075.1,148.52142857142877,2023-11-28 04:45:00+00:00,36973.9,0.12481397585725948,0.5565691819362082,0.6813831577934677,True,1.5,37297.88214285714,147963.0,2023-11-28 00:30:00+00:00,31.0,7.75,False,0.27011494252876045,2.2487135093540713,2.0558191819361906,2.0558191819361906
1673,1673,2023-11-28 12:15:00+00:00,1,148010,37212.6,73.2642857142855,2023-11-29 00:15:00+00:00,37760.0,0.25396139221994807,7.217618991908005,7.471580384127954,False,1.5,37102.703571428574,,,,,,,,,
1674,1674,2023-11-29 09:45:00+00:00,1,148096,38275.0,137.98571428571398,2023-11-29 21:45:00+00:00,37727.2,0.1386918935707633,-4.108668081581975,-3.969976188011211,True,1.5,38068.02142857143,148099.0,2023-11-29 10:30:00+00:00,3.0,0.75,True,2.17429340511443,1.5724712703178176,-2.607918081581995,-1.6379418935707633
1675,1675,2023-11-30 05:15:00+00:00,1,148174,37928.0,81.02142857142982,2023-11-30 17:15:00+00:00,37685.5,0.23406153574891642,-3.2270968879484645,-2.993035352199548,True,1.5,37806.46785714285,148179.0,2023-11-30 06:30:00+00:00,5.0,1.25,True,1.9311910429338768,1.5987393105880647,-1.7263468879484263,-1.7333115357489164
1676,1676,2023-11-30 17:15:00+00:00,-1,148222,37685.5,118.67142857142815,2023-12-01 05:15:00+00:00,38162.6,0.15878084747803112,-4.179125135427955,-4.020344287949924,True,1.5,37863.50714285714,148254.0,2023-12-01 01:15:00+00:00,32.0,8.0,True,1.7400385217287002,1.7704947634524724,-2.679875135427981,-1.659530847478031
1677,1677,2023-12-01 05:15:00+00:00,1,148270,38162.6,90.49285714285777,2023-12-01 17:15:00+00:00,38755.5,0.21085973636435246,6.341038598152943,6.551898334517296,False,1.5,38026.860714285714,,,,,,,,,
1678,1678,2023-12-01 17:45:00+00:00,1,148320,38787.1,145.98571428571555,2023-12-02 05:45:00+00:00,38727.3,0.13284553283099995,-0.5424746550542761,-0.4096291222232761,False,1.5,38568.12142857142,,,,,,,,,
1679,1679,2023-12-02 19:15:00+00:00,-1,148422,39342.0,163.71428571428416,2023-12-03 07:15:00+00:00,39440.0,0.12015445026178125,-0.7187582897033228,-0.5986038394415415,True,1.5,39587.57142857143,148428.0,2023-12-02 20:45:00+00:00,6.0,1.5,False,0.8394415357766286,2.0301919720768193,0.7804917102966851,0.7804917102966851
1680,1680,2023-12-03 18:45:00+00:00,-1,148516,39530.0,102.92142857142868,2023-12-04 06:45:00+00:00,41410.5,0.19203969741133994,-18.463259074189722,-18.271219376778383,True,1.5,39684.38214285715,148527.0,2023-12-03 21:30:00+00:00,11.0,2.75,True,1.6907835380664642,0.7207647997779785,-16.96400907418969,-1.6927896974113399
1681,1681,2023-12-04 06:45:00+00:00,-1,148564,41410.5,224.71428571428675,2023-12-04 18:45:00+00:00,41733.3,0.09214033693579106,-1.528631118881125,-1.4364907819453339,True,1.5,41747.57142857143,148572.0,2023-12-04 08:45:00+00:00,8.0,2.0,True,1.724094087730448,0.9317228226319176,-0.029381118881136314,-1.592890336935791
1682,1682,2023-12-04 22:45:00+00:00,-1,148628,41953.6,200.96428571428518,2023-12-05 10:45:00+00:00,41618.1,0.10438073573840441,1.5650701261773634,1.6694508619157677,False,1.5,42255.046428571426,,,,,,,,,
1683,1683,2023-12-05 15:00:00+00:00,1,148693,42143.5,164.7571428571438,2023-12-06 03:00:00+00:00,43869.9,0.12789582068845848,10.350557313795147,10.478453134483605,False,1.5,41896.364285714284,,,,,,,,,
1684,1684,2023-12-06 07:00:00+00:00,-1,148757,43578.0,154.3999999999999,2023-12-06 19:00:00+00:00,43993.7,0.14112046632124364,-2.8334779792745945,-2.692357512953351,True,1.5,43809.6,148761.0,2023-12-06 08:00:00+00:00,4.0,1.0,True,1.731217616580331,1.0012953367875561,-1.3342279792746028,-1.6418704663212436
1685,1685,2023-12-07 12:15:00+00:00,-1,148874,43196.2,240.0,2023-12-08 00:15:00+00:00,43400.3,0.08999208333333333,-0.9404087500000242,-0.8504166666666909,True,1.5,43556.2,148885.0,2023-12-07 15:00:00+00:00,11.0,2.75,True,1.678750000000006,0.42166666666665453,0.5588412499999758,-1.5907420833333332
1686,1686,2023-12-08 00:15:00+00:00,-1,148922,43400.3,114.85714285714234,2023-12-08 12:15:00+00:00,43686.5,0.18893165422885658,-2.680722699004962,-2.4917910447761056,True,1.5,43572.58571428571,148938.0,2023-12-08 04:15:00+00:00,16.0,4.0,True,1.8058457711442977,4.114552238805978,-1.1814726990049913,-1.6896816542288566
1687,1687,2023-12-08 12:15:00+00:00,1,148970,43686.5,125.57857142857236,2023-12-09 00:15:00+00:00,44304.5,0.17394090211023136,4.747280871395222,4.921221773505453,False,1.5,43498.13214285714,,,,,,,,,
1688,1688,2023-12-09 00:15:00+00:00,1,149018,44304.5,160.96428571428623,2023-12-09 12:15:00+00:00,43785.1,0.13762214333259332,-3.3644248946083852,-3.226802751275792,True,1.5,44063.05357142857,149051.0,2023-12-09 08:30:00+00:00,33.0,8.25,True,1.9504548480142094,0.6196804970046691,-1.8636748946083963,-1.6368721433325932
1689,1689,2023-12-09 12:15:00+00:00,-1,149066,43785.1,89.61428571428509,2023-12-10 00:15:00+00:00,43778.0,0.2442975450342756,-0.1650691056910743,0.07922843934320127,True,1.5,43919.521428571425,149068.0,2023-12-09 12:45:00+00:00,2.0,0.5,True,1.8354057069983034,1.1194803124501795,1.3341808943089084,-1.7450475450342755
1690,1690,2023-12-10 02:30:00+00:00,-1,149123,43802.5,91.42142857142815,2023-12-10 14:30:00+00:00,43864.9,0.239563637784203,-0.9221169622626969,-0.6825533244784939,True,1.5,43939.63214285714,149131.0,2023-12-10 04:30:00+00:00,8.0,2.0,False,1.4861707945933753,3.4524962887725352,0.577133037737269,0.577133037737269
1691,1691,2023-12-10 14:30:00+00:00,1,149171,43864.9,75.72142857142846,2023-12-11 02:30:00+00:00,42015.2,0.28964654277898355,-24.717342043203562,-24.42769550042458,True,1.5,43751.31785714286,149205.0,2023-12-10 23:00:00+00:00,34.0,8.5,True,2.6256485237241916,1.604329780209444,-23.21659204320355,-1.7888965427789836
1692,1692,2023-12-11 02:30:00+00:00,1,149219,42015.2,410.0428571428565,2023-12-11 14:30:00+00:00,41959.0,0.05123269344667813,-0.18829153746994406,-0.13705884402326593,False,1.5,41400.135714285716,,,,,,,,,
1693,1693,2023-12-11 14:45:00+00:00,-1,149268,41868.3,155.1500000000004,2023-12-12 02:45:00+00:00,41879.9,0.13492845633258105,-0.2096948114727584,-0.07476635514017735,False,1.5,42101.025,,,,,,,,,
1694,1694,2023-12-12 02:45:00+00:00,-1,149316,41879.9,174.7285714285707,2023-12-12 14:45:00+00:00,41495.1,0.1198427356716545,2.0824301774180616,2.202272913089716,False,1.5,42141.99285714286,,,,,,,,,
1695,1695,2023-12-12 15:15:00+00:00,1,149366,41278.4,191.74285714285776,2023-12-13 03:15:00+00:00,40898.7,0.10763999403963609,-2.087896289673686,-1.9802562956340501,True,1.5,40990.78571428572,149374.0,2023-12-12 17:15:00+00:00,8.0,2.0,True,2.267545820295047,3.057293994933665,-0.5871462896736996,-1.6068899940396362
1696,1696,2023-12-13 03:15:00+00:00,1,149414,40898.7,203.02857142857152,2023-12-13 15:15:00+00:00,41780.4,0.10072153813678576,4.2420169926822595,4.342738530819045,False,1.5,40594.15714285714,,,,,,,,,
1697,1697,2023-12-13 16:00:00+00:00,1,149465,42180.6,167.9142857142854,2023-12-14 04:00:00+00:00,42749.6,0.12560158244002065,3.2630320741875165,3.3886336566275372,True,1.5,41928.72857142857,149467.0,2023-12-13 16:30:00+00:00,2.0,0.5,False,1.150161647098851,9.462395780159975,4.763782074187531,4.763782074187531
1698,1698,2023-12-14 06:00:00+00:00,-1,149521,42877.0,74.02142857142879,2023-12-14 18:00:00+00:00,43062.2,0.28962559104506336,-2.7916037826883633,-2.5019781916433,True,1.5,42988.03214285714,149522.0,2023-12-14 06:15:00+00:00,1.0,0.25,True,1.8665926855157635,1.639148895107598,-1.2923537826883986,-1.7903755910450634
1699,1699,2023-12-14 18:00:00+00:00,1,149569,43062.2,223.26428571428707,2023-12-15 06:00:00+00:00,42614.0,0.09643772594938675,-2.103924049012995,-2.0074863230636084,True,1.5,42727.303571428565,149606.0,2023-12-15 03:15:00+00:00,37.0,9.25,False,1.4189621524778084,0.796349617685655,-0.6031740490129895,-0.6031740490129895
1700,1700,2023-12-15 06:30:00+00:00,-1,149619,42599.9,129.1857142857147,2023-12-15 18:30:00+00:00,42050.1,0.16487852482583162,4.091010007740803,4.255888532566635,True,1.5,42793.67857142857,149628.0,2023-12-15 08:45:00+00:00,9.0,2.25,True,2.015094548269365,0.102012606435925,5.590260007740795,-1.6656285248258316
1701,1701,2023-12-15 18:30:00+00:00,-1,149667,42050.1,181.1785714285704,2023-12-16 06:30:00+00:00,42205.5,0.11604600827912544,-0.9737633353045672,-0.8577173270254417,True,1.5,42321.86785714285,149704.0,2023-12-16 03:45:00+00:00,37.0,9.25,False,0.6983835994480899,0.8818253498915765,0.52548666469543,0.52548666469543
1702,1702,2023-12-16 06:30:00+00:00,1,149715,42205.5,76.97857142857174,2023-12-16 18:30:00+00:00,42468.0,0.2741379790294134,3.1359019207571555,3.4100398997865686,False,1.5,42090.03214285714,,,,,,,,,
1703,1703,2023-12-16 19:30:00+00:00,1,149767,42367.9,110.31428571428582,2023-12-17 07:30:00+00:00,41976.3,0.19203269878269863,-3.741890248640232,-3.5498575498575335,True,1.5,42202.42857142857,149777.0,2023-12-16 22:00:00+00:00,10.0,2.5,True,2.850297850297857,1.439264439264402,-2.2411402486402294,-1.6912826987826985
1704,1704,2023-12-17 07:30:00+00:00,-1,149815,41976.3,105.48571428571397,2023-12-17 19:30:00+00:00,42164.9,0.19896675243770376,-1.9868865790899164,-1.7879198266522127,True,1.5,42134.52857142857,149852.0,2023-12-17 16:45:00+00:00,37.0,9.25,True,3.2371343445287244,1.514219934994556,-0.4876365790899434,-1.6997167524377037
1705,1705,2023-12-17 19:30:00+00:00,1,149863,42164.9,208.79285714285652,2023-12-18 07:30:00+00:00,41200.0,0.10097304231808728,-4.722299716054895,-4.6213266737368075,True,1.5,41851.71071428571,149874.0,2023-12-17 22:15:00+00:00,11.0,2.75,True,2.8899969210769276,0.3471827853990557,-3.221549716054877,-1.6002230423180872
1706,1706,2023-12-18 08:45:00+00:00,-1,149916,41218.6,114.95714285714295,2023-12-18 20:45:00+00:00,41994.4,0.17927811606809976,-6.927880079532764,-6.748601963464664,True,1.5,41391.03571428571,149936.0,2023-12-18 13:45:00+00:00,20.0,5.0,True,3.09475580961855,1.2833975394556605,-5.428630079532789,-1.6800281160680997
1707,1707,2023-12-18 20:45:00+00:00,1,149964,41994.4,141.6500000000004,2023-12-19 08:45:00+00:00,43112.9,0.14823296858453894,7.74799011648427,7.896223085068809,False,1.5,41781.925,,,,,,,,,
1708,1708,2023-12-19 10:15:00+00:00,1,150018,43067.5,126.11428571428509,2023-12-19 22:15:00+00:00,42338.7,0.17074790439510734,-5.949633269143686,-5.778885364748579,True,1.5,42878.328571428574,150033.0,2023-12-19 14:00:00+00:00,15.0,3.75,True,2.4376982328953534,0.4961486180335239,-4.448883269143699,-1.6699979043951074
1709,1709,2023-12-19 22:15:00+00:00,-1,150066,42338.7,140.8357142857146,2023-12-20 10:15:00+00:00,42769.8,0.1503123700360092,-3.21132570877926,-3.0610133387432508,True,1.5,42549.95357142857,150090.0,2023-12-20 04:15:00+00:00,24.0,6.0,True,1.5311913577116396,0.8006035400922911,-1.7120757087792768,-1.6510623700360092
1710,1710,2023-12-20 10:15:00+00:00,1,150114,42769.8,123.90000000000093,2023-12-20 22:15:00+00:00,43706.0,0.17259806295399388,7.38349556093616,7.5560936238901535,False,1.5,42583.950000000004,,,,,,,,,
1711,1711,2023-12-20 22:15:00+00:00,-1,150162,43706.0,238.49285714285725,2023-12-21 10:15:00+00:00,43853.6,0.09162957860373173,-0.7105160382161726,-0.6188864596124408,False,1.5,44063.739285714284,,,,,,,,,
1712,1712,2023-12-21 12:00:00+00:00,1,150217,44102.8,146.49285714285674,2023-12-22 00:00:00+00:00,43827.5,0.15052884099663605,-2.029801355502488,-1.8792725145058518,True,1.5,43883.06071428572,150225.0,2023-12-21 14:00:00+00:00,8.0,2.0,True,1.5834267882393551,2.4597737578623873,-0.529051355502495,-1.649778840996636
1713,1713,2023-12-22 00:00:00+00:00,1,150265,43827.5,112.80714285714359,2023-12-22 12:00:00+00:00,43598.0,0.1942585322611271,-2.2287041727347416,-2.0344456404736144,True,1.5,43658.28928571429,150296.0,2023-12-22 07:45:00+00:00,31.0,7.75,True,1.5760463496485793,1.5966250870638805,-0.7279541727347623,-1.6935085322611272
1714,1714,2023-12-22 12:00:00+00:00,-1,150313,43598.0,122.36428571428509,2023-12-23 00:00:00+00:00,43999.3,0.1781483859669614,-3.4577000758858625,-3.2795516899189012,True,1.5,43781.546428571426,150319.0,2023-12-22 13:30:00+00:00,6.0,1.5,True,1.6218259296013362,2.8696806958145875,-1.9584500758858752,-1.6788983859669613
1715,1715,2023-12-23 00:00:00+00:00,1,150361,43999.3,89.40714285714265,2023-12-23 12:00:00+00:00,43647.9,0.24606143644643347,-4.176396181193603,-3.9303347447471695,True,1.5,43865.18928571429,150363.0,2023-12-23 00:30:00+00:00,2.0,0.5,True,2.3844771111289007,1.321043381001843,-2.675646181193597,-1.7453114364464335
1716,1716,2023-12-23 15:30:00+00:00,1,150423,43791.0,74.2928571428586,2023-12-24 03:30:00+00:00,43838.0,0.29471877704066346,0.3379127007018489,0.6326314777425124,True,1.5,43679.56071428571,150442.0,2023-12-23 20:15:00+00:00,19.0,4.75,False,0.7330545139890084,3.67113739063552,1.838662700701856,1.838662700701856
1717,1717,2023-12-24 05:45:00+00:00,-1,150480,43528.1,90.00000000000053,2023-12-24 17:45:00+00:00,43658.4,0.2418227777777764,-1.689600555555578,-1.4477777777778016,True,1.5,43663.1,150486.0,2023-12-24 07:15:00+00:00,6.0,1.5,True,1.689999999999974,2.689999999999968,-0.19035055555558678,-1.7425727777777764
1718,1718,2023-12-24 17:45:00+00:00,-1,150528,43658.4,79.47857142857174,2023-12-25 05:45:00+00:00,43267.4,0.274655163116742,4.644909858901752,4.919565022018494,False,1.5,43777.61785714286,,,,,,,,,
1719,1719,2023-12-25 06:15:00+00:00,-1,150578,43360.3,58.45714285714296,2023-12-25 18:15:00+00:00,43677.6,0.370872556207233,-5.798780669599132,-5.4279081133919,True,1.5,43447.985714285714,150604.0,2023-12-25 12:45:00+00:00,26.0,6.5,True,5.5136852394917275,4.671554252199384,-4.299530669599181,-1.871622556207233
1720,1720,2023-12-25 18:15:00+00:00,-1,150626,43677.6,119.38571428571439,2023-12-26 06:15:00+00:00,42715.0,0.18292640899844426,7.8800148378604575,8.062941246858902,False,1.5,43856.67857142857,,,,,,,,,
1721,1721,2023-12-26 06:15:00+00:00,-1,150674,42715.0,161.36428571428664,2023-12-26 18:15:00+00:00,41922.0,0.13235580540923303,4.781990615731901,4.9143464211411345,False,1.5,42957.04642857143,,,,,,,,,
1722,1722,2023-12-26 18:15:00+00:00,-1,150722,41922.0,237.52857142857152,2023-12-27 06:15:00+00:00,42517.0,0.08824622601792263,-2.593208035123593,-2.5049618091056707,True,1.5,42278.29285714286,150725.0,2023-12-26 19:00:00+00:00,3.0,0.75,False,1.48237805978229,0.8057677271907048,-1.0939580351235965,-1.0939580351235965
1723,1723,2023-12-27 06:45:00+00:00,-1,150772,42458.6,91.55714285714359,2023-12-27 18:45:00+00:00,43217.6,0.2318694024028691,-8.521774223747787,-8.289904821344917,True,1.5,42595.93571428571,150778.0,2023-12-27 08:15:00+00:00,6.0,1.5,True,2.0540645966609588,1.4290060851926727,-7.022524223747812,-1.7326194024028692
1724,1724,2023-12-27 18:45:00+00:00,1,150820,43217.6,149.014285714285,2023-12-28 06:45:00+00:00,43071.3,0.14501160003834793,-1.1267966637906002,-0.9817850637522523,False,1.5,42994.078571428574,,,,,,,,,
1725,1725,2023-12-28 08:15:00+00:00,-1,150874,43030.4,142.9214285714292,2023-12-28 20:15:00+00:00,42508.9,0.1505386576040775,3.498319356289654,3.6488580138937317,False,1.5,43244.78214285715,,,,,,,,,
1726,1726,2023-12-28 20:45:00+00:00,-1,150924,42554.3,137.6857142857147,2023-12-29 08:45:00+00:00,42518.2,0.15453418759078602,0.10765713841050051,0.26219132600128653,True,1.5,42760.828571428574,150934.0,2023-12-28 23:15:00+00:00,10.0,2.5,False,0.568478937538878,4.631770076779429,1.606907138410493,1.606907138410493
1727,1727,2023-12-29 08:45:00+00:00,-1,150972,42518.2,133.17142857142815,2023-12-29 20:45:00+00:00,42073.2,0.1596370950439825,3.1819205106200488,3.3415576056640313,True,1.5,42717.957142857136,150975.0,2023-12-29 09:30:00+00:00,3.0,0.75,True,2.0901094185797824,0.6604805835657106,4.681170510620025,-1.6603870950439825
1728,1728,2023-12-29 20:45:00+00:00,-1,151020,42073.2,139.4857142857145,2023-12-30 08:45:00+00:00,41613.4,0.1508154444899629,3.145579475624708,3.296394920114671,True,1.5,42282.428571428565,151021.0,2023-12-29 21:00:00+00:00,1.0,0.25,False,0.0420934043425481,7.163662433428888,4.644829475624682,4.644829475624682
1729,1729,2023-12-30 09:15:00+00:00,-1,151070,41611.3,107.3785714285706,2023-12-30 21:15:00+00:00,42338.2,0.1937597951174099,-6.963266879531697,-6.769507084414287,True,1.5,41772.36785714286,151073.0,2023-12-30 10:00:00+00:00,3.0,0.75,True,2.1906805028936027,0.5975853123129782,-5.464016879531678,-1.69450979511741
1730,1730,2023-12-31 03:15:00+00:00,1,151142,42080.4,110.90714285714368,2023-12-31 15:15:00+00:00,42486.2,0.18971005345527006,3.4692066722482764,3.6589167257035466,False,1.5,41914.03928571429,,,,,,,,,
1731,1731,2023-12-31 15:30:00+00:00,-1,151191,42531.9,109.39999999999938,2024-01-01 03:30:00+00:00,42331.9,0.19438711151736857,1.6337664533820935,1.828153564899462,True,1.5,42696.0,151195.0,2023-12-31 16:30:00+00:00,4.0,1.0,False,1.243144424131634,5.602376599634415,3.1330164533820883,3.1330164533820883
1732,1732,2024-01-01 04:45:00+00:00,-1,151244,42436.6,118.92857142857143,2024-01-01 16:45:00+00:00,42759.7,0.1784121321321321,-2.8951688888888767,-2.7167567567567446,True,1.5,42614.99285714285,151261.0,2024-01-01 09:00:00+00:00,17.0,4.25,True,1.5135735735736033,0.3783183183182886,-1.395918888888894,-1.6791621321321322
1733,1733,2024-01-01 18:45:00+00:00,1,151300,43148.0,133.89285714285714,2024-01-02 06:45:00+00:00,45202.9,0.16112883435582823,15.186217124566562,15.347345958922391,False,1.5,42947.16071428572,,,,,,,,,
1734,1734,2024-01-02 06:45:00+00:00,1,151348,45202.9,143.59285714285735,2024-01-02 18:45:00+00:00,45189.0,0.15739954235686193,-0.2542010147739241,-0.09680147241706218,True,1.5,44987.510714285716,151382.0,2024-01-02 15:15:00+00:00,34.0,8.5,False,0.8315922996567882,3.215266378152478,1.2465489852260723,1.2465489852260723
1735,1735,2024-01-02 18:45:00+00:00,-1,151396,45189.0,220.4142857142859,2024-01-03 06:45:00+00:00,45362.7,0.10250923585455951,-0.8905706785922474,-0.7880614427376879,False,1.5,45519.62142857143,,,,,,,,,
1736,1736,2024-01-03 08:00:00+00:00,-1,151449,45089.5,113.50714285714432,2024-01-03 20:00:00+00:00,42610.3,0.1986196589264338,21.643177584796124,21.841797243722556,True,1.5,45259.760714285716,151453.0,2024-01-03 09:00:00+00:00,4.0,1.0,True,2.8415769932666035,0.4604178465798338,23.142427584796117,-1.6993696589264338
1737,1737,2024-01-03 20:00:00+00:00,-1,151497,42610.3,310.27857142857255,2024-01-04 08:00:00+00:00,42870.4,0.06866458712217108,-0.9069435530283766,-0.8382789659062055,True,1.5,43075.71785714286,151524.0,2024-01-04 02:45:00+00:00,27.0,6.75,False,0.6906121227468305,1.0014157784479423,0.5923064469716159,0.5923064469716159
1738,1738,2024-01-04 08:00:00+00:00,1,151545,42870.4,161.95714285714297,2024-01-04 20:00:00+00:00,43980.5,0.1323510628914174,6.721931375143322,6.85428243803474,False,1.5,42627.46428571429,,,,,,,,,
1739,1739,2024-01-05 03:30:00+00:00,-1,151623,43472.9,340.5642857142858,2024-01-05 15:30:00+00:00,43528.8,0.0638248075672728,-0.22796415612743978,-0.164139348560167,True,1.5,43983.74642857143,151645.0,2024-01-05 09:00:00+00:00,22.0,5.5,False,1.0237525954822864,2.888577780574262,1.2712858438725612,1.2712858438725612
1740,1740,2024-01-05 15:30:00+00:00,-1,151671,43528.8,285.514285714286,2024-01-06 03:30:00+00:00,43977.6,0.07622876013209239,-1.6481290903632373,-1.571900330231145,True,1.5,43957.071428571435,151692.0,2024-01-05 20:45:00+00:00,21.0,5.25,True,1.9015811067747184,0.8884719303512617,-0.1488790903632272,-1.5769787601320924
1741,1741,2024-01-06 07:15:00+00:00,-1,151734,43606.9,128.31428571428583,2024-01-06 19:15:00+00:00,43881.5,0.16992223335559994,-2.309980126920494,-2.140057893564894,True,1.5,43799.37142857143,151761.0,2024-01-06 14:00:00+00:00,27.0,6.75,True,1.5160320641282519,0.7736584279670704,-0.8107301269204923,-1.6706722333556
1742,1742,2024-01-06 19:15:00+00:00,1,151782,43881.5,109.88571428571387,2024-01-07 07:15:00+00:00,44041.3,0.19966881175247086,1.2545693577743422,1.454238169526813,True,1.5,43716.671428571426,151785.0,2024-01-06 20:00:00+00:00,3.0,0.75,False,0.6522360894435575,5.016380655226264,2.75531935777437,2.75531935777437
1743,1743,2024-01-07 13:30:00+00:00,1,151855,44358.5,103.77857142857101,2024-01-08 01:30:00+00:00,43667.0,0.21371704866129895,-6.876942322252075,-6.663225273590776,True,1.5,44202.83214285714,151862.0,2024-01-07 15:15:00+00:00,7.0,1.75,True,2.6993254869571652,1.8199119003372297,-5.376192322252075,-1.712967048661299
1744,1744,2024-01-08 01:30:00+00:00,-1,151903,43667.0,200.23571428571344,2024-01-08 13:30:00+00:00,44997.6,0.1090389897620666,-6.7542071843898475,-6.6451681946277805,True,1.5,43967.35357142857,151922.0,2024-01-08 06:15:00+00:00,19.0,4.75,True,2.316002568401546,1.8111333071736937,-5.254957184389858,-1.6097889897620665
1745,1745,2024-01-08 13:30:00+00:00,1,151951,44997.6,310.8000000000003,2024-01-09 01:30:00+00:00,46362.8,0.07238996138996132,4.32014543114544,4.392535392535402,False,1.5,44531.4,,,,,,,,,
1746,1746,2024-01-09 01:30:00+00:00,1,151999,46362.8,233.00000000000105,2024-01-09 13:30:00+00:00,46608.1,0.09949098712446308,0.9532987124463288,1.052789699570792,True,1.5,46013.3,152044.0,2024-01-09 12:45:00+00:00,45.0,11.25,True,2.6321888412017174,4.578111587982799,2.454048712446322,-1.598740987124463
1747,1747,2024-01-09 14:00:00+00:00,-1,152049,46837.6,358.5785714285718,2024-01-10 02:00:00+00:00,45977.0,0.06531009342443371,2.334721778450622,2.4000318718750555,True,1.5,47375.46785714286,152077.0,2024-01-09 21:00:00+00:00,28.0,7.0,True,1.7829624907870358,2.1068405011852396,3.8339717784506306,-1.5660600934244338
1748,1748,2024-01-10 02:00:00+00:00,-1,152097,45977.0,230.97857142857123,2024-01-10 14:00:00+00:00,44961.1,0.09952654853573316,4.298716949624279,4.398243498160013,False,1.5,46323.46785714286,,,,,,,,,
1749,1749,2024-01-10 14:00:00+00:00,-1,152145,44961.1,407.4357142857147,2024-01-11 02:00:00+00:00,46606.0,0.055175698182009375,-4.092377009519468,-4.0372013113374585,True,1.5,45572.25357142857,152152.0,2024-01-10 15:45:00+00:00,7.0,1.75,True,1.8539033326905199,0.9575831419505249,-2.5931270095194705,-1.5559256981820093
1750,1750,2024-01-11 02:30:00+00:00,-1,152195,46547.1,305.5857142857146,2024-01-11 14:30:00+00:00,48569.8,0.076160464681408,-6.695252606236275,-6.619092141554868,True,1.5,47005.47857142857,152230.0,2024-01-11 11:15:00+00:00,35.0,8.75,True,1.5161750268804828,0.5578748071618791,-5.1960026062362825,-1.576910464681408
1751,1751,2024-01-11 14:30:00+00:00,1,152243,48569.8,374.5428571428565,2024-01-12 02:30:00+00:00,46248.3,0.06483877488748199,-6.263061370051121,-6.198222595163639,True,1.5,48007.98571428572,152245.0,2024-01-11 15:00:00+00:00,2.0,0.5,True,2.990273857655071,1.7701960485162695,-4.762311370051131,-1.564088774887482
1752,1752,2024-01-12 03:15:00+00:00,-1,152294,46024.1,216.69999999999916,2024-01-12 15:15:00+00:00,44958.5,0.1061931241347489,4.811204199353957,4.917397323488706,True,1.5,46349.149999999994,152306.0,2024-01-12 06:15:00+00:00,12.0,3.0,False,0.1423627134287307,7.751038301799726,6.310454199353943,6.310454199353943
1753,1753,2024-01-12 15:15:00+00:00,-1,152342,44958.5,278.86428571428615,2024-01-13 03:15:00+00:00,42468.2,0.08060999974385889,8.849540355011396,8.930150354755254,False,1.5,45376.796428571426,,,,,,,,,
1754,1754,2024-01-13 03:15:00+00:00,1,152390,42468.2,209.17142857142866,2024-01-13 15:15:00+00:00,43096.6,0.10151529845649496,2.902719095751952,3.004234394208447,False,1.5,42154.44285714285,,,,,,,,,
1755,1755,2024-01-13 15:15:00+00:00,-1,152438,43096.6,146.47857142857123,2024-01-14 03:15:00+00:00,42735.8,0.14710888964743768,2.316050031696467,2.4631589213439047,False,1.5,43316.31785714286,,,,,,,,,
1756,1756,2024-01-14 05:30:00+00:00,-1,152495,42773.8,87.0142857142855,2024-01-14 17:30:00+00:00,42997.1,0.24578607781973463,-2.8120313577408855,-2.566245279921151,True,1.5,42904.321428571435,152500.0,2024-01-14 06:45:00+00:00,5.0,1.25,True,1.8396814972910347,0.5334920374323333,-1.312781357740844,-1.7465360778197347
1757,1757,2024-01-14 17:30:00+00:00,1,152543,42997.1,96.36428571428665,2024-01-15 05:30:00+00:00,42642.0,0.22309665703061082,-3.908071825661499,-3.684975168630888,True,1.5,42852.553571428565,152548.0,2024-01-14 18:45:00+00:00,5.0,1.25,True,1.985731228226171,0.8628344822474503,-2.4073218256614637,-1.7223466570306107
1758,1758,2024-01-15 05:30:00+00:00,-1,152591,42642.0,120.17142857142815,2024-01-15 17:30:00+00:00,42630.3,0.17742154065620605,-0.08006062767477487,0.09736091298143118,True,1.5,42822.25714285714,152624.0,2024-01-15 13:45:00+00:00,33.0,8.25,False,1.221112696148395,5.5442225392296605,1.4191893723251991,1.4191893723251991
1759,1759,2024-01-15 18:00:00+00:00,1,152641,42722.9,152.62142857142786,2024-01-16 06:00:00+00:00,42740.4,0.13996363551270719,-0.025300837740441007,0.11466279777226618,True,1.5,42493.96785714286,152657.0,2024-01-15 22:00:00+00:00,16.0,4.0,False,1.0003042074226618,2.9552347077268672,1.4754491622595607,1.4754491622595607
1760,1760,2024-01-16 06:00:00+00:00,1,152689,42740.4,103.5714285714291,2024-01-16 18:00:00+00:00,43138.0,0.20633296551724034,3.6325635862068637,3.8388965517241043,True,1.5,42585.04285714286,152723.0,2024-01-16 14:30:00+00:00,34.0,8.5,True,5.1659310344827265,3.571034482758623,5.133313586206877,-1.7055829655172403
1761,1761,2024-01-16 18:00:00+00:00,1,152737,43138.0,284.1285714285727,2024-01-17 06:00:00+00:00,42796.1,0.07591281612951849,-1.2792412891548086,-1.2033284730252902,False,1.5,42711.80714285714,,,,,,,,,
1762,1762,2024-01-17 06:00:00+00:00,-1,152785,42796.1,92.17142857142919,2024-01-17 18:00:00+00:00,42391.3,0.23215491320520615,4.159661577805257,4.391816491010463,True,1.5,42934.357142857145,152820.0,2024-01-17 14:45:00+00:00,35.0,8.75,False,0.005889646621195922,7.967296962182238,5.658911577805284,5.658911577805284
1763,1763,2024-01-17 18:00:00+00:00,-1,152833,42391.3,181.28571428571482,2024-01-18 06:00:00+00:00,42858.7,0.11691847911741494,-2.695169070133924,-2.5782505910165088,True,1.5,42663.228571428575,152838.0,2024-01-17 19:15:00+00:00,5.0,1.25,False,1.1681639085894153,1.2092986603625084,-1.1959190701339224,-1.1959190701339224
1764,1764,2024-01-18 06:15:00+00:00,1,152882,42808.6,70.69285714285694,2024-01-18 18:15:00+00:00,41476.0,0.30277882186521254,-19.153339597857972,-18.850560775992758,True,1.5,42702.56071428571,152898.0,2024-01-18 10:15:00+00:00,16.0,4.0,True,2.029352328988571,1.2312316863696282,-17.65258959785795,-1.8020288218652125
1765,1765,2024-01-18 18:15:00+00:00,-1,152930,41476.0,295.3000000000003,2024-01-19 06:15:00+00:00,41264.4,0.07022688791059932,0.6463325431764252,0.7165594310870245,False,1.5,41918.95,,,,,,,,,
1766,1766,2024-01-19 06:15:00+00:00,-1,152978,41264.4,120.37857142856956,2024-01-19 18:15:00+00:00,41349.9,0.17139429181748325,-0.8816535928321504,-0.7102593010146672,True,1.5,41444.96785714285,152980.0,2024-01-19 06:45:00+00:00,2.0,0.5,False,1.1076069542515514,9.511392630392322,0.6175964071678194,0.6175964071678194
1767,1767,2024-01-19 18:15:00+00:00,1,153026,41349.9,296.249999999999,2024-01-20 06:15:00+00:00,41663.9,0.06978886075949392,0.9901267510548557,1.0599156118143496,False,1.5,40905.525,,,,,,,,,
1768,1768,2024-01-20 07:15:00+00:00,-1,153078,41690.6,56.7142857142852,2024-01-20 19:15:00+00:00,41669.5,0.3675493702770814,0.004490931989898861,0.37204030226698026,True,1.5,41775.671428571426,153079.0,2024-01-20 07:30:00+00:00,1.0,0.25,False,0.10100755667513354,5.678841309823711,1.5037409319898942,1.5037409319898942
1769,1769,2024-01-21 00:30:00+00:00,1,153147,41643.1,73.70714285714244,2024-01-21 12:30:00+00:00,41743.8,0.2824902606841764,1.0837273960655756,1.366217656749752,False,1.5,41532.53928571429,,,,,,,,,
1770,1770,2024-01-21 12:30:00+00:00,1,153195,41743.8,58.15714285714109,2024-01-22 00:30:00+00:00,41549.1,0.3588879882092961,-3.706714075165995,-3.3478260869566987,True,1.5,41656.56428571429,153207.0,2024-01-21 15:30:00+00:00,12.0,3.0,True,1.660402849422843,1.5704986489806207,-2.2059640751659453,-1.858137988209296
1771,1771,2024-01-22 01:45:00+00:00,1,153248,41363.9,128.6571428571442,2024-01-22 13:45:00+00:00,40941.9,0.16075244281589882,-3.440787974683508,-3.2800355318676093,True,1.5,41170.91428571429,153254.0,2024-01-22 03:15:00+00:00,6.0,1.5,True,1.5616255829446968,0.845547412835846,-1.9400379746835223,-1.6600024428158988
1772,1772,2024-01-22 13:45:00+00:00,1,153296,40941.9,181.67142857142815,2024-01-23 01:45:00+00:00,39828.0,0.1126811748053789,-6.2440800896438065,-6.131398914838427,True,1.5,40669.39285714286,153298.0,2024-01-22 14:15:00+00:00,2.0,0.5,True,1.8516552646064652,0.9390972713690071,-4.743330089643824,-1.6119311748053788
1773,1773,2024-01-23 01:45:00+00:00,-1,153344,39828.0,190.75714285714275,2024-01-23 13:45:00+00:00,38857.8,0.10439451808582348,4.9816535609975165,5.08604807908334,True,1.5,40114.135714285716,153349.0,2024-01-23 03:00:00+00:00,5.0,1.25,False,0.30700966075036934,7.66333408222871,6.480903560997526,6.480903560997526
1774,1774,2024-01-23 13:45:00+00:00,1,153392,38857.8,192.23571428571398,2024-01-24 01:45:00+00:00,39763.2,0.10106810834912514,4.608774718537487,4.709842826886612,True,1.5,38569.446428571435,153394.0,2024-01-23 14:15:00+00:00,2.0,0.5,False,0.127169026121238,8.726544792479451,6.109524718537472,6.109524718537472
1775,1775,2024-01-24 02:30:00+00:00,1,153443,39814.0,173.67857142857196,2024-01-24 14:30:00+00:00,40066.2,0.11461978202755466,1.337487970388628,1.4521077524161827,True,1.5,39553.482142857145,153449.0,2024-01-24 04:00:00+00:00,6.0,1.5,False,0.020049352251708393,5.798745630269343,2.8382379703886116,2.8382379703886116
1776,1776,2024-01-24 14:30:00+00:00,1,153491,40066.2,159.67857142857196,2024-01-25 02:30:00+00:00,40000.0,0.12545891299485532,-0.540041780362315,-0.4145828673674597,True,1.5,39826.68214285714,153492.0,2024-01-24 14:45:00+00:00,1.0,0.25,True,1.9832475956161815,2.3905390292999393,0.9607082196376671,-1.6247089129948553
1777,1777,2024-01-25 02:30:00+00:00,1,153539,40000.0,99.22142857142951,2024-01-25 14:30:00+00:00,39925.0,0.20156936145705662,-0.9574544669210189,-0.7558851054639623,True,1.5,39851.16785714286,153549.0,2024-01-25 05:00:00+00:00,10.0,2.5,False,1.3169318263623742,4.5235404218558415,0.5432955330789732,0.5432955330789732
1778,1778,2024-01-25 14:30:00+00:00,-1,153587,39925.0,137.6214285714294,2024-01-26 02:30:00+00:00,40139.9,0.14505371879379164,-1.7065837961280952,-1.5615300773343035,True,1.5,40131.43214285714,153634.0,2024-01-26 02:15:00+00:00,47.0,11.75,False,0.8615508382207929,0.664374318783402,-0.20733379612811004,-0.20733379612811004
1779,1779,2024-01-26 02:30:00+00:00,1,153635,40139.9,82.73571428571397,2024-01-26 14:30:00+00:00,41359.0,0.24257903824570587,14.492291029957734,14.73487006820344,True,1.5,40015.79642857143,153652.0,2024-01-26 06:45:00+00:00,17.0,4.25,True,1.6304497971165102,0.6914011914011363,15.9930410299577,-1.7418290382457058
1780,1780,2024-01-26 14:30:00+00:00,1,153683,41359.0,218.73571428571606,2024-01-27 02:30:00+00:00,41840.9,0.09454103125101972,2.1085742742383076,2.203115305489327,False,1.5,41030.896428571425,,,,,,,,,
1781,1781,2024-01-27 09:30:00+00:00,-1,153759,41661.8,114.7357142857145,2024-01-27 21:30:00+00:00,42135.8,0.18155550021789174,-4.312788769221184,-4.1312332690032925,True,1.5,41833.90357142857,153782.0,2024-01-27 15:15:00+00:00,23.0,5.75,True,2.0577413932640227,0.9317375334619881,-2.813538769221215,-1.6823055002178917
1782,1782,2024-01-27 22:30:00+00:00,1,153811,42121.5,83.75714285714223,2024-01-28 10:30:00+00:00,42619.4,0.25145019614532,5.693117431349199,5.944567627494519,True,1.5,41995.864285714284,153818.0,2024-01-28 00:15:00+00:00,7.0,1.75,False,1.0466484734777646,10.030615725737773,7.19386743134923,7.19386743134923
1783,1783,2024-01-28 12:15:00+00:00,1,153866,42391.7,119.50714285714379,2024-01-29 00:15:00+00:00,41959.9,0.177360528360527,-3.7905336799951526,-3.6131731516346255,True,1.5,42212.43928571428,153879.0,2024-01-28 15:30:00+00:00,13.0,3.25,True,2.5072918534456172,1.180353834200017,-2.2897836799951503,-1.676610528360527
1784,1784,2024-01-29 00:15:00+00:00,-1,153914,41959.9,134.15714285714316,2024-01-29 12:15:00+00:00,42225.1,0.1563833989990413,-2.1331696837397245,-1.9767862847406832,True,1.5,42161.135714285716,153918.0,2024-01-29 01:15:00+00:00,4.0,1.0,True,1.5725162389521614,1.1109040570759445,-0.6339196837397262,-1.6571333989990413
1785,1785,2024-01-29 12:30:00+00:00,1,153963,42022.6,116.57857142857081,2024-01-30 00:30:00+00:00,43162.1,0.18023295141229184,9.594290668463994,9.774523619876286,True,1.5,41847.732142857145,153971.0,2024-01-29 14:30:00+00:00,8.0,2.0,False,0.6813614361865047,12.807395380185113,11.095040668463971,11.095040668463971
1786,1786,2024-01-30 00:30:00+00:00,1,154011,43162.1,103.62142857142888,2024-01-30 12:30:00+00:00,43336.0,0.20826821534431594,1.4699560901633792,1.678224305507695,False,1.5,43006.66785714286,,,,,,,,,
1787,1787,2024-01-30 12:45:00+00:00,1,154060,43383.2,142.88571428571387,2024-01-31 00:45:00+00:00,42913.0,0.15181083783243393,-3.4425526894620972,-3.2907418516296634,True,1.5,43168.87142857142,154062.0,2024-01-30 13:15:00+00:00,2.0,0.5,True,2.1658668266346313,4.067086582683513,-1.9418026894620752,-1.6510608378324338
1788,1788,2024-01-31 02:30:00+00:00,-1,154115,42755.9,184.471428571429,2024-01-31 14:30:00+00:00,42835.8,0.1158875938976223,-0.5490169983737385,-0.43312940447611625,True,1.5,43032.607142857145,154128.0,2024-01-31 05:45:00+00:00,13.0,3.25,False,0.2406489584139896,3.7491287849454067,0.9502330016262615,0.9502330016262615
1789,1789,2024-01-31 15:45:00+00:00,1,154168,43341.8,208.59285714285684,2024-02-01 03:45:00+00:00,41998.0,0.10389090161969677,-6.546105742560719,-6.4422148409410225,True,1.5,43028.91071428572,154183.0,2024-01-31 19:30:00+00:00,15.0,3.75,True,1.567219121323169,2.2210218128274235,-5.0453557425607185,-1.6031409016196967
1790,1790,2024-02-01 03:45:00+00:00,-1,154216,41998.0,172.43571428571417,2024-02-01 15:45:00+00:00,42500.1,0.12177871670601888,-3.0335885008905947,-2.911809784184576,True,1.5,42256.65357142857,154231.0,2024-02-01 07:30:00+00:00,15.0,3.75,True,1.6953937285116643,1.9158071330930602,-1.534338500890596,-1.622528716706019
1791,1791,2024-02-01 15:45:00+00:00,1,154264,42500.1,184.65714285714316,2024-02-02 03:45:00+00:00,43018.1,0.11507840786012669,2.690120416215376,2.8051988240755024,False,1.5,42223.114285714284,,,,,,,,,
1792,1792,2024-02-02 14:00:00+00:00,-1,154353,42738.5,126.59999999999958,2024-02-03 02:00:00+00:00,43151.9,0.16879344391785206,-3.4341962875197702,-3.265402843601918,True,1.5,42928.4,154357.0,2024-02-02 15:00:00+00:00,4.0,1.0,True,2.1453396524486528,1.5331753554502305,-1.9349462875197536,-1.669543443917852
1793,1793,2024-02-03 02:00:00+00:00,1,154401,43151.9,82.55714285714463,2024-02-03 14:00:00+00:00,43045.7,0.2613456480359868,-1.5477273749783897,-1.286381726942403,True,1.5,43028.06428571428,154424.0,2024-02-03 07:45:00+00:00,23.0,5.75,False,0.9383111264924149,0.9961065928362002,-0.04697737497834878,-0.04697737497834878
1794,1794,2024-02-03 15:00:00+00:00,-1,154453,42949.4,52.97857142857226,2024-02-04 03:00:00+00:00,43024.6,0.4053469057570383,-1.824788728596384,-1.4194418228393457,True,1.5,43028.86785714286,154454.0,2024-02-03 15:15:00+00:00,1.0,0.25,True,2.8772414722933193,2.0794795739518253,-0.32553872859636446,-1.9060969057570383
1795,1795,2024-02-04 07:00:00+00:00,-1,154517,42784.1,68.97857142856967,2024-02-04 19:00:00+00:00,42637.5,0.3101260225743064,1.8151716889303349,2.125297711504641,True,1.5,42887.56785714285,154526.0,2024-02-04 09:15:00+00:00,9.0,2.25,True,1.5052811432123308,2.4031790411100014,3.314421688930301,-1.8108760225743064
1796,1796,2024-02-04 19:00:00+00:00,-1,154565,42637.5,83.45714285714244,2024-02-05 07:00:00+00:00,42788.4,0.2554454809996589,-2.063559140705266,-1.8081136597056067,True,1.5,42762.68571428571,154572.0,2024-02-04 20:45:00+00:00,7.0,1.75,True,2.076686066415654,1.4508729887024914,-0.5643091407052905,-1.756195480999659
1797,1797,2024-02-05 07:00:00+00:00,1,154613,42788.4,86.24999999999947,2024-02-05 19:00:00+00:00,42768.4,0.24804869565217544,-0.4799327536231913,-0.2318840579710159,True,1.5,42659.025,154648.0,2024-02-05 15:45:00+00:00,35.0,8.75,True,1.5527536231884491,1.9776811594202681,1.0208172463768177,-1.7472986956521754
1798,1798,2024-02-05 19:00:00+00:00,-1,154661,42768.4,150.50714285714275,2024-02-06 07:00:00+00:00,42790.1,0.1420809643585972,-0.2862601680033979,-0.14417920364480066,False,1.5,42994.16071428572,,,,,,,,,
1799,1799,2024-02-06 07:00:00+00:00,1,154709,42790.1,72.40000000000042,2024-02-06 19:00:00+00:00,43106.0,0.29551174033149,4.067747928176792,4.363259668508282,True,1.5,42681.5,154724.0,2024-02-06 10:45:00+00:00,15.0,3.75,False,0.6975138121546921,9.631215469613243,5.568497928176764,5.568497928176764
1800,1800,2024-02-06 19:00:00+00:00,1,154757,43106.0,125.22857142857174,2024-02-07 07:00:00+00:00,42974.0,0.1721092858772526,-1.226181838923109,-1.0540725530458563,True,1.5,42918.15714285714,154790.0,2024-02-07 03:15:00+00:00,33.0,8.25,False,1.2357973990417193,0.9386265115217814,0.27456816107690557,0.27456816107690557
1801,1801,2024-02-07 07:00:00+00:00,-1,154805,42974.0,67.10000000000062,2024-02-07 19:00:00+00:00,43590.8,0.3202235469448555,-9.512473919523057,-9.1922503725782,True,1.5,43074.65,154815.0,2024-02-07 09:30:00+00:00,10.0,2.5,True,1.6818181818181446,1.8845007451565305,-8.013223919523048,-1.8209735469448556
1802,1802,2024-02-07 19:00:00+00:00,1,154853,43590.8,159.72142857142848,2024-02-08 07:00:00+00:00,44470.2,0.1364588345780601,5.369377219265653,5.505836053843713,False,1.5,43351.21785714286,,,,,,,,,
1803,1803,2024-02-08 07:00:00+00:00,1,154901,44470.2,78.06428571428582,2024-02-08 19:00:00+00:00,45221.3,0.2848306340927803,9.336726690456647,9.621557324549427,False,1.5,44353.10357142857,,,,,,,,,
1804,1804,2024-02-08 21:45:00+00:00,1,154960,45298.3,160.80714285714254,2024-02-09 09:45:00+00:00,46497.7,0.14084666637054177,7.317777239816973,7.458623906187515,False,1.5,45057.08928571429,,,,,,,,,
1805,1805,2024-02-09 14:15:00+00:00,1,155026,46920.0,325.8142857142858,2024-02-10 02:15:00+00:00,47315.0,0.07200420923400709,1.1403428771868283,1.2123470864208354,False,1.5,46431.27857142857,,,,,,,,,
1806,1806,2024-02-10 03:15:00+00:00,-1,155078,47453.5,103.85714285714337,2024-02-10 15:15:00+00:00,47274.8,0.22845563961485443,1.4921770976615876,1.720632737276442,False,1.5,47609.28571428572,,,,,,,,,
1807,1807,2024-02-10 21:30:00+00:00,1,155151,47906.7,185.59285714285735,2024-02-11 09:30:00+00:00,48152.7,0.12906396490012687,1.1964180810529947,1.3254820459531216,True,1.5,47628.31071428571,155154.0,2024-02-10 22:15:00+00:00,3.0,0.75,False,0.47906323365275,5.235596351460579,2.697168081052992,2.697168081052992
1808,1808,2024-02-12 05:30:00+00:00,-1,155279,48100.0,102.24999999999947,2024-02-12 17:30:00+00:00,49903.8,0.2352078239608814,-17.876283618582026,-17.641075794621145,True,1.5,48253.375,155285.0,2024-02-12 07:00:00+00:00,6.0,1.5,True,2.9547677261613843,5.3044009779951375,-16.37703361858202,-1.7359578239608815
1809,1809,2024-02-12 17:30:00+00:00,1,155327,49903.8,399.44285714285695,2024-02-13 05:30:00+00:00,49938.1,0.06246675726905336,0.02340284682234879,0.08586960409140215,False,1.5,49304.635714285716,,,,,,,,,
1810,1810,2024-02-13 11:30:00+00:00,-1,155399,49995.7,154.87142857142837,2024-02-13 23:30:00+00:00,49609.1,0.1614103403745044,2.3348538418964973,2.496264182271002,False,1.5,50228.00714285714,,,,,,,,,
1811,1811,2024-02-14 00:15:00+00:00,1,155450,49536.4,178.7428571428588,2024-02-14 12:15:00+00:00,51689.5,0.13856889386189128,11.907227141943615,12.045796035805505,True,1.5,49268.28571428571,155467.0,2024-02-14 04:30:00+00:00,17.0,4.25,False,0.29419757033247107,14.656329923273544,13.407977141943633,13.407977141943633
1812,1812,2024-02-14 12:15:00+00:00,1,155498,51689.5,388.1642857142854,2024-02-15 00:15:00+00:00,52299.7,0.06658198848057713,1.5054328064332048,1.572014794913782,False,1.5,51107.25357142857,,,,,,,,,
1813,1813,2024-02-15 15:15:00+00:00,-1,155606,52240.8,257.9714285714285,2024-02-16 03:15:00+00:00,52157.6,0.10125307343005875,0.22126326281981984,0.3225163362498786,False,1.5,52627.75714285715,,,,,,,,,
1814,1814,2024-02-16 11:45:00+00:00,1,155688,52241.1,184.59285714285838,2024-02-16 23:45:00+00:00,52148.6,0.1415035793058072,-0.6426063924466932,-0.5011028131408859,True,1.5,51964.21071428571,155698.0,2024-02-16 14:15:00+00:00,10.0,2.5,True,1.8473667917811367,2.573714352048916,0.8581436075532958,-1.6407535793058072
1815,1815,2024-02-17 09:15:00+00:00,-1,155774,51756.6,75.56428571428582,2024-02-17 21:15:00+00:00,51886.3,0.34246734095850223,-2.0588866622554667,-1.7164193212969645,True,1.5,51869.94642857143,155822.0,2024-02-17 21:15:00+00:00,48.0,12.0,False,1.2764438982890944,5.012241232630702,-0.5596366622554632,-0.5596366622554632
1816,1816,2024-02-17 22:15:00+00:00,1,155826,51828.3,153.2714285714293,2024-02-18 10:15:00+00:00,51888.1,0.16907358560909605,0.22108393140084656,0.3901575170099426,True,1.5,51598.39285714286,155835.0,2024-02-18 00:30:00+00:00,9.0,2.25,True,1.7576195358374753,1.5854692888432897,1.7218339314008244,-1.668323585609096
1817,1817,2024-02-18 14:15:00+00:00,-1,155890,51717.5,103.77142857142773,2024-02-19 02:15:00+00:00,52177.9,0.24918949614537647,-4.685863504955999,-4.4366740088106225,True,1.5,51873.15714285714,155891.0,2024-02-18 14:30:00+00:00,1.0,0.25,True,4.903496696035304,2.4732929515418483,-3.1866135049560085,-1.7499394961453765
1818,1818,2024-02-19 15:45:00+00:00,-1,155992,52157.5,152.97857142857123,2024-02-20 03:45:00+00:00,51608.9,0.17047322220665848,3.415649950973521,3.5861231731801793,False,1.5,52386.96785714286,,,,,,,,,
1819,1819,2024-02-20 11:00:00+00:00,1,156069,52336.8,156.97857142857123,2024-02-20 23:00:00+00:00,52426.5,0.16670045957137028,0.40471511125265525,0.5714155708240255,True,1.5,52101.33214285714,156081.0,2024-02-20 14:00:00+00:00,12.0,3.0,True,2.0660918232697885,5.170564681257681,1.9054651112526715,-1.6659504595713703
1820,1820,2024-02-20 23:00:00+00:00,1,156117,52426.5,177.37142857142786,2024-02-21 11:00:00+00:00,51237.1,0.14778733086340268,-6.853489650451067,-6.705702319587664,True,1.5,52160.44285714286,156125.0,2024-02-21 01:00:00+00:00,8.0,2.0,True,1.8004188144330098,0.9514336340206013,-5.352739650451065,-1.6470373308634028
1821,1821,2024-02-21 11:00:00+00:00,-1,156165,51237.1,199.04999999999927,2024-02-21 23:00:00+00:00,51650.0,0.12870409444863146,-2.2030572720422157,-2.074353177593584,True,1.5,51535.674999999996,156212.0,2024-02-21 22:45:00+00:00,47.0,11.75,False,0.8597086159256865,0.8790504898266727,-0.7038072720422249,-0.7038072720422249
1822,1822,2024-02-21 23:00:00+00:00,1,156213,51650.0,163.85714285714286,2024-02-22 11:00:00+00:00,51691.4,0.15760680034873584,0.09505231037489989,0.2526591107236357,True,1.5,51404.21428571428,156223.0,2024-02-22 01:30:00+00:00,10.0,2.5,False,1.387881429816877,4.112031386224953,1.5958023103749188,1.5958023103749188
1823,1823,2024-02-22 13:15:00+00:00,-1,156270,51294.8,150.87857142857163,2024-02-23 01:15:00+00:00,51460.5,0.16998702835771412,-1.2682211807034776,-1.0982341523457635,True,1.5,51521.11785714286,156277.0,2024-02-22 15:00:00+00:00,7.0,1.75,True,1.7542725938550316,1.3462339629787665,0.23102881929652594,-1.670737028357714
1824,1824,2024-02-23 01:15:00+00:00,-1,156318,51460.5,150.55000000000032,2024-02-23 13:15:00+00:00,51034.2,0.1709083361009628,2.660709066755244,2.831617402856207,False,1.5,51686.325,,,,,,,,,
1825,1825,2024-02-23 14:45:00+00:00,-1,156372,51157.1,197.84285714285735,2024-02-24 02:45:00+00:00,50833.9,0.12928720485233577,1.5043325510867047,1.6336197559390404,False,1.5,51453.864285714284,,,,,,,,,
1826,1826,2024-02-24 17:45:00+00:00,1,156480,51570.8,91.43571428571418,2024-02-25 05:45:00+00:00,51699.1,0.28200578079837546,1.1211658464182022,1.4031716272165775,False,1.5,51433.64642857143,,,,,,,,,
1827,1827,2024-02-25 17:45:00+00:00,-1,156576,51599.1,126.19285714285694,2024-02-26 05:45:00+00:00,51604.6,0.20444540669044015,-0.24802949000962288,-0.04358408331918273,True,1.5,51788.389285714286,156585.0,2024-02-25 20:00:00+00:00,9.0,2.25,True,2.073102394294452,0.6378275881587019,1.2512205099903895,-1.7051954066904402
1828,1828,2024-02-26 09:15:00+00:00,-1,156638,51084.4,93.95714285714244,2024-02-26 21:15:00+00:00,54626.9,0.27184947544473287,-37.975209670062505,-37.70336019461777,True,1.5,51225.33571428571,156642.0,2024-02-26 10:15:00+00:00,4.0,1.0,True,2.2655466017941235,2.5047133951649667,-36.47595967006253,-1.772599475444733
1829,1829,2024-02-26 22:15:00+00:00,1,156690,54587.6,312.8000000000008,2024-02-27 10:15:00+00:00,56696.6,0.08725639386189236,6.655070971866991,6.742327365728883,False,1.5,54118.399999999994,,,,,,,,,
1830,1830,2024-02-27 15:30:00+00:00,1,156759,56971.8,442.442857142858,2024-02-28 03:30:00+00:00,56966.9,0.06438322947273244,-0.07545810597010422,-0.011074876497371775,True,1.5,56308.135714285716,156761.0,2024-02-27 16:00:00+00:00,2.0,0.5,False,0.17434051209196041,3.099528591262785,1.4252918940298958,1.4252918940298958
1831,1831,2024-02-28 11:45:00+00:00,1,156840,58997.4,346.485714285715,2024-02-28 23:45:00+00:00,62487.9,0.08513684340727286,9.988871567576462,10.074008410983735,False,1.5,58477.671428571426,,,,,,,,,
1832,1832,2024-02-28 23:45:00+00:00,-1,156888,62487.9,486.80714285714305,2024-02-29 11:45:00+00:00,63019.8,0.06418137132628056,-1.1568111895294437,-1.092629818203163,True,1.5,63218.110714285714,156913.0,2024-02-29 06:00:00+00:00,25.0,6.25,False,1.1189015890716527,2.1918550907516936,0.34243881047055325,0.34243881047055325
1833,1833,2024-02-29 14:00:00+00:00,1,156945,63180.0,440.1714285714282,2024-03-01 02:00:00+00:00,61051.2,0.07176749318447365,-4.908065039594974,-4.8362975464105,True,1.5,62519.74285714286,156954.0,2024-02-29 16:15:00+00:00,9.0,2.25,True,2.2031026872647126,0.4251914838374611,-3.407315039594981,-1.5710174931844736
1834,1834,2024-03-01 02:00:00+00:00,-1,156993,61051.2,301.8642857142851,2024-03-01 14:00:00+00:00,62412.6,0.10112358912472515,-4.6110973237737065,-4.509973734648981,True,1.5,61503.99642857142,157002.0,2024-03-01 04:15:00+00:00,9.0,2.25,True,2.742966328293249,0.8586521852298552,-3.111847323773712,-1.601873589124725
1835,1835,2024-03-01 14:00:00+00:00,1,157041,62412.6,240.89285714285663,2024-03-02 02:00:00+00:00,62079.9,0.12954431430689428,-1.5106562490733788,-1.3811119347664846,True,1.5,62051.260714285716,157043.0,2024-03-01 14:30:00+00:00,2.0,0.5,True,1.935137138621218,1.8462120088954752,-0.009906249073388593,-1.6287943143068944
1836,1836,2024-03-02 03:15:00+00:00,-1,157094,62207.4,213.62142857142888,2024-03-02 15:15:00+00:00,61991.8,0.14560196609489395,0.8636600795800233,1.0092620456749173,False,1.5,62527.83214285714,,,,,,,,,
1837,1837,2024-03-02 15:45:00+00:00,-1,157144,61834.5,189.29999999999927,2024-03-03 03:45:00+00:00,61997.1,0.16332408874801965,-1.0222781299524526,-0.858954041204433,True,1.5,62118.45,157157.0,2024-03-02 19:00:00+00:00,13.0,3.25,False,0.8354463814051879,2.210512414157415,0.4769718700475377,0.4769718700475377
1838,1838,2024-03-03 04:30:00+00:00,1,157195,62111.7,98.87142857142837,2024-03-03 16:30:00+00:00,62709.6,0.31410338101430496,5.733144126571331,6.047247507585636,True,1.5,61963.392857142855,157198.0,2024-03-03 05:15:00+00:00,3.0,0.75,True,1.5382892645570976,0.7333477821124488,7.233894126571326,-1.813353381014305
1839,1839,2024-03-03 17:00:00+00:00,1,157245,62762.2,211.49285714285674,2024-03-04 05:00:00+00:00,63576.7,0.1483790063831946,3.702814887365335,3.8511938937485297,True,1.5,62444.96071428571,157276.0,2024-03-04 00:45:00+00:00,31.0,7.75,False,0.6901448883785289,8.784879597419733,5.203564887365331,5.203564887365331
1840,1840,2024-03-04 06:15:00+00:00,-1,157298,63624.3,194.53571428571377,2024-03-04 18:15:00+00:00,66209.2,0.16352858454195016,-13.451063007159911,-13.287534422617961,True,1.5,63916.103571428575,157303.0,2024-03-04 07:30:00+00:00,5.0,1.25,True,2.4370662750137404,0.8435652652836649,-11.9518130071599,-1.66427858454195
1841,1841,2024-03-04 18:30:00+00:00,-1,157347,66514.3,565.3714285714294,2024-03-05 06:30:00+00:00,67370.1,0.05882354204568417,-1.5725187108348522,-1.513695168789168,True,1.5,67362.35714285714,157352.0,2024-03-04 19:45:00+00:00,5.0,1.25,True,2.189079239943393,0.971497877501508,-0.07326871083485592,-1.5595735420456842
1842,1842,2024-03-05 06:30:00+00:00,-1,157395,67370.1,598.1785714285719,2024-03-05 18:30:00+00:00,64589.2,0.056312699265627764,4.59263350647801,4.648946205743638,True,1.5,68267.36785714286,157427.0,2024-03-05 14:30:00+00:00,32.0,8.0,True,1.8098811869365259,2.0100483610961897,6.091883506478005,-1.5570626992656278
1843,1843,2024-03-05 18:30:00+00:00,-1,157443,64589.2,1025.2642857142866,2024-03-06 06:30:00+00:00,66074.2,0.031498805186119236,-1.4799058361258755,-1.4484070309397563,True,1.5,66127.09642857143,157487.0,2024-03-06 05:30:00+00:00,44.0,11.0,False,0.46125040930213035,0.4954785177340977,0.019344163874126276,0.019344163874126276
1844,1844,2024-03-06 06:30:00+00:00,1,157491,66074.2,544.9357142857152,2024-03-06 18:30:00+00:00,66991.1,0.06062568323917621,1.6219581077715721,1.6825837910107484,True,1.5,65256.796428571426,157516.0,2024-03-06 12:45:00+00:00,25.0,6.25,False,1.1768295080677864,4.2449109331375885,3.122708107771569,3.122708107771569
1845,1845,2024-03-06 18:30:00+00:00,1,157539,66991.1,488.7928571428544,2024-03-07 06:30:00+00:00,66079.0,0.06852708567754419,-1.934552717335733,-1.866025631658189,True,1.5,66257.91071428572,157553.0,2024-03-06 22:00:00+00:00,14.0,3.5,False,1.3269643874852268,0.5922535108357024,-0.4338027173357341,-0.4338027173357341
1846,1846,2024-03-07 08:30:00+00:00,1,157595,66879.2,291.32142857142856,2024-03-07 20:30:00+00:00,67854.3,0.11478592619835724,3.2323760205958276,3.3471619467941847,False,1.5,66442.21785714285,,,,,,,,,
1847,1847,2024-03-07 21:00:00+00:00,-1,157645,67234.1,319.79285714285754,2024-03-08 09:00:00+00:00,67433.5,0.10512132853856279,-0.7286499519778238,-0.623528623439261,True,1.5,67713.78928571429,157685.0,2024-03-08 07:00:00+00:00,40.0,10.0,False,0.017232136874321142,1.9412231131759412,0.7706000480221602,0.7706000480221602
1848,1848,2024-03-08 09:15:00+00:00,1,157694,67291.3,247.0428571428586,2024-03-08 21:15:00+00:00,68763.9,0.13619357543514637,5.8247154629039954,5.960909038339142,True,1.5,66920.73571428572,157721.0,2024-03-08 16:00:00+00:00,27.0,6.75,True,3.2412825998959227,4.0226392181807125,7.325465462903969,-1.6354435754351464
1849,1849,2024-03-08 21:15:00+00:00,1,157742,68763.9,422.81428571428324,2024-03-09 09:15:00+00:00,68424.6,0.08131690711896522,-0.8837968881981058,-0.8024799810791405,True,1.5,68129.67857142857,157744.0,2024-03-08 21:45:00+00:00,2.0,0.5,False,0.7324222049531942,1.4545899922289585,0.6169531118019039,0.6169531118019039
1850,1850,2024-03-09 10:30:00+00:00,-1,157795,68165.1,157.6928571428559,2024-03-09 22:30:00+00:00,68430.0,0.21613249082755984,-1.8959802962358798,-1.67984780540832,True,1.5,68401.6392857143,157798.0,2024-03-09 11:15:00+00:00,3.0,0.75,False,1.1310640032612769,2.2298998958192406,-0.39673029623586,-0.39673029623586
1851,1851,2024-03-10 01:00:00+00:00,1,157853,69047.1,148.49285714285674,2024-03-10 13:00:00+00:00,69819.1,0.23249300110635496,4.966410265044027,5.198903266150382,True,1.5,68824.36071428572,157855.0,2024-03-10 01:30:00+00:00,2.0,0.5,False,1.1654480735004429,7.915796815623638,6.46716026504402,6.46716026504402
1852,1852,2024-03-10 16:00:00+00:00,-1,157913,69492.4,295.6571428571427,2024-03-11 04:00:00+00:00,68648.6,0.11752193660610752,2.7364595090838435,2.853981445689951,False,1.5,69935.8857142857,,,,,,,,,
1853,1853,2024-03-11 04:00:00+00:00,-1,157961,68648.6,402.1857142857126,2024-03-11 16:00:00+00:00,72394.1,0.085344403793557,-9.398206265762125,-9.312861861968567,True,1.5,69251.87857142858,157972.0,2024-03-11 06:45:00+00:00,11.0,2.75,True,3.9984548715945047,1.2376833729975532,-7.89895626576212,-1.586094403793557
1854,1854,2024-03-11 16:30:00+00:00,1,158011,72642.1,495.2428571428588,2024-03-12 04:30:00+00:00,71920.9,0.07333987653964842,-1.5295951048547796,-1.456255228315131,True,1.5,71899.23571428572,158024.0,2024-03-11 19:45:00+00:00,13.0,3.25,False,1.2099835578504163,1.9197940404418974,-0.028845104854787786,-0.028845104854787786
1855,1855,2024-03-12 04:30:00+00:00,-1,158059,71920.9,292.1285714285727,2024-03-12 16:30:00+00:00,70566.4,0.12309802435326857,4.513559024891173,4.636657049244442,True,1.5,72359.09285714285,158069.0,2024-03-12 07:00:00+00:00,10.0,2.5,True,3.4604870653821727,3.1513276932857046,6.01280902489117,-1.6238480243532685
1856,1856,2024-03-12 16:30:00+00:00,-1,158107,70566.4,688.5928571428584,2024-03-13 04:30:00+00:00,72265.4,0.05123956723338476,-2.518590168355752,-2.467350601122367,True,1.5,71599.28928571429,158117.0,2024-03-12 19:00:00+00:00,10.0,2.5,False,1.017598000062235,1.4166415982905045,-1.0193401683557444,-1.0193401683557444
1857,1857,2024-03-13 04:30:00+00:00,1,158155,72265.4,223.1285714285706,2024-03-13 16:30:00+00:00,72818.8,0.16193667968499964,2.318247711121118,2.4801843908061176,True,1.5,71930.70714285714,158192.0,2024-03-13 13:45:00+00:00,37.0,9.25,False,1.1634867789230547,5.650073628273281,3.8189977111211273,3.8189977111211273
1858,1858,2024-03-13 16:30:00+00:00,-1,158203,72818.8,472.25714285714224,2024-03-14 04:30:00+00:00,72990.6,0.07709655756549107,-0.44088142053361434,-0.3637848629681233,True,1.5,73527.18571428572,158249.0,2024-03-14 04:00:00+00:00,46.0,11.5,False,0.5133099401052729,1.4085244116401592,1.0583685794663913,1.0583685794663913
1859,1859,2024-03-14 04:30:00+00:00,1,158251,72990.6,250.3071428571441,2024-03-14 16:30:00+00:00,70827.3,0.14580207174043247,-8.788384042462086,-8.642581970721654,True,1.5,72615.1392857143,158282.0,2024-03-14 12:15:00+00:00,31.0,7.75,True,3.17665439602775,1.5351568073509096,-7.2876340424620984,-1.6450520717404324
1860,1860,2024-03-14 16:30:00+00:00,-1,158299,70827.3,718.9642857142857,2024-03-15 04:30:00+00:00,67038.0,0.0492564800556356,5.221241756494962,5.270498236550598,True,1.5,71905.74642857144,158330.0,2024-03-15 00:15:00+00:00,31.0,7.75,False,0.8265411554319082,7.296115443842835,6.720491756494971,6.720491756494971
1861,1861,2024-03-15 04:30:00+00:00,-1,158347,67038.0,993.6857142857136,2024-03-15 16:30:00+00:00,68403.1,0.03373199344431987,-1.4075063975387514,-1.3737744040944315,True,1.5,68528.52857142857,158354.0,2024-03-15 06:15:00+00:00,7.0,1.75,False,0.38439863135800406,2.9672647287156058,0.09174360246124913,0.09174360246124913
1862,1862,2024-03-15 16:45:00+00:00,1,158396,67954.3,534.4000000000015,2024-03-16 04:45:00+00:00,69058.6,0.06357999625748487,2.0028496444610777,2.0664296407185625,False,1.5,67152.7,,,,,,,,,
1863,1863,2024-03-16 09:30:00+00:00,-1,158463,69067.7,191.65714285714265,2024-03-16 21:30:00+00:00,66424.0,0.1801855620155041,13.61371724060823,13.793902802623734,False,1.5,69355.1857142857,,,,,,,,,
1864,1864,2024-03-16 21:30:00+00:00,-1,158511,66424.0,532.8285714285697,2024-03-17 09:30:00+00:00,66384.1,0.062331492305217645,0.01255187945733266,0.0748833717625503,False,1.5,67223.24285714286,,,,,,,,,
1865,1865,2024-03-17 09:30:00+00:00,1,158559,66384.1,525.8928571428567,2024-03-17 21:30:00+00:00,68221.5,0.06311561290322587,3.430751959252963,3.493867572156189,False,1.5,65595.26071428572,,,,,,,,,
1866,1866,2024-03-17 21:30:00+00:00,1,158607,68221.5,198.98571428571137,2024-03-18 09:30:00+00:00,68085.4,0.17142311005815458,-0.8553918084572175,-0.6839686983990629,True,1.5,67923.02142857143,158617.0,2024-03-18 00:00:00+00:00,10.0,2.5,True,2.955093689425001,2.8322564433915396,0.6453581915427878,-1.6706731100581544
1867,1867,2024-03-18 09:30:00+00:00,-1,158655,68085.4,339.94285714285587,2024-03-18 21:30:00+00:00,67592.6,0.10014241889393212,1.3495129853756642,1.4496554042695964,True,1.5,68595.31428571428,158668.0,2024-03-18 12:45:00+00:00,13.0,3.25,False,0.2647083543452911,5.864851235501757,2.8487629853756737,2.8487629853756737
1868,1868,2024-03-18 23:00:00+00:00,1,158709,67857.3,267.9642857142847,2024-03-19 11:00:00+00:00,62741.3,0.12661631347461066,-19.21871280821012,-19.09209649473551,True,1.5,67455.35357142858,158715.0,2024-03-19 00:30:00+00:00,6.0,1.5,True,2.0239770758363815,1.8892309742769429,-17.717962808210146,-1.6258663134746107
1869,1869,2024-03-19 12:00:00+00:00,-1,158761,63362.1,605.471428571429,2024-03-20 00:00:00+00:00,62174.5,0.05232459948564279,1.9091222070169607,1.9614468065026034,True,1.5,64270.30714285714,158777.0,2024-03-19 16:00:00+00:00,16.0,4.0,True,2.1089233890946795,0.4414859731496102,3.4083722070169604,-1.5530745994856427
1870,1870,2024-03-20 00:00:00+00:00,-1,158809,62174.5,503.90000000000043,2024-03-20 12:00:00+00:00,63835.4,0.06169329231990469,-3.3577837864655686,-3.296090494145664,True,1.5,62930.35,158810.0,2024-03-20 00:15:00+00:00,1.0,0.25,True,2.1425878150426683,4.22772375471323,-1.8585337864655729,-1.5624432923199048
1871,1871,2024-03-20 12:15:00+00:00,-1,158858,64055.9,433.971428571429,2024-03-21 00:15:00+00:00,67733.5,0.07380197840542492,-8.548092583448538,-8.474290605043112,True,1.5,64706.857142857145,158878.0,2024-03-20 17:15:00+00:00,20.0,5.0,True,1.9322536045822434,2.342451774310352,-7.048842583448536,-1.574551978405425
1872,1872,2024-03-21 00:15:00+00:00,1,158906,67733.5,428.8928571428561,2024-03-21 12:15:00+00:00,67356.5,0.07896319427096364,-0.9579706053793012,-0.8790074111083376,True,1.5,67090.16071428571,158919.0,2024-03-21 03:30:00+00:00,13.0,3.25,True,1.6082354900491376,0.8534515779831843,0.5427793946207122,-1.5782131942709636
1873,1873,2024-03-21 15:00:00+00:00,-1,158965,66368.8,417.1999999999971,2024-03-22 03:00:00+00:00,65679.9,0.07954074784276183,1.57170565675938,1.6512464046021418,True,1.5,66994.6,158973.0,2024-03-21 17:00:00+00:00,8.0,2.0,False,0.1725790987535966,5.859300095877336,3.0709556567593976,3.0709556567593976
1874,1874,2024-03-22 03:00:00+00:00,1,159013,65679.9,314.94285714285536,2024-03-22 15:00:00+00:00,63344.7,0.10427272521092319,-7.518951124920654,-7.4146783997097305,True,1.5,65207.485714285714,159041.0,2024-03-22 10:00:00+00:00,28.0,7.0,True,1.631996734101434,1.4050621427923506,-6.018201124920664,-1.6035227252109232
1875,1875,2024-03-22 15:00:00+00:00,-1,159061,63344.7,566.0071428571417,2024-03-23 03:00:00+00:00,63800.1,0.0559575093701494,-0.8605409951918873,-0.8045834858217379,True,1.5,64193.71071428571,159063.0,2024-03-22 15:30:00+00:00,2.0,0.5,False,0.39626582198609606,3.3563369972615233,0.6387090048081187,0.6387090048081187
1876,1876,2024-03-23 03:00:00+00:00,1,159109,63800.1,270.5214285714298,2024-03-23 15:00:00+00:00,65111.1,0.11792060306814828,4.72827589575685,4.846196498824998,True,1.5,63394.31785714285,159111.0,2024-03-23 03:30:00+00:00,2.0,0.5,False,1.3829509148997774,7.686940564518258,6.2290258957568625,6.2290258957568625
1877,1877,2024-03-23 15:00:00+00:00,1,159157,65111.1,285.4071428571437,2024-03-24 03:00:00+00:00,64019.8,0.11406704707560593,-3.9377274820431696,-3.8236604349675636,True,1.5,64682.989285714284,159189.0,2024-03-23 23:00:00+00:00,32.0,8.0,True,2.8769051730610213,0.5928748404534814,-2.436977482043173,-1.613317047075606
1878,1878,2024-03-24 03:00:00+00:00,-1,159205,64019.8,260.6214285714289,2024-03-24 15:00:00+00:00,65545.2,0.12282144325376146,-5.975755364924464,-5.852933921670703,True,1.5,64410.732142857145,159215.0,2024-03-24 05:30:00+00:00,10.0,2.5,True,2.409885712719599,1.3422999972592984,-4.476505364924469,-1.6235714432537613
1879,1879,2024-03-24 15:00:00+00:00,1,159253,65545.2,303.999999999999,2024-03-25 03:00:00+00:00,66835.1,0.10780460526315824,4.135287500000042,4.243092105263201,True,1.5,65089.2,159261.0,2024-03-24 17:00:00+00:00,8.0,2.0,False,1.4940789473684164,8.58815789473688,5.6360375000000476,5.6360375000000476
1880,1880,2024-03-25 03:15:00+00:00,-1,159302,66814.1,267.39285714285717,2024-03-25 15:15:00+00:00,69535.0,0.12493620942967812,-10.300600694537176,-10.175664485107497,True,1.5,67215.1892857143,159303.0,2024-03-25 03:30:00+00:00,1.0,0.25,True,1.7353145452116518,1.4996260184319967,-8.801350694537161,-1.625686209429678
1881,1881,2024-03-25 15:15:00+00:00,1,159350,69535.0,494.3785714285727,2024-03-26 03:15:00+00:00,70534.5,0.07032566136419441,1.951404360452511,2.0217300218167056,False,1.5,68793.43214285714,,,,,,,,,
1882,1882,2024-03-26 03:15:00+00:00,-1,159398,70534.5,239.2285714285733,2024-03-26 15:15:00+00:00,70204.0,0.1474207273378706,1.2341032186790777,1.3815239460169484,True,1.5,70893.34285714287,159413.0,2024-03-26 07:00:00+00:00,15.0,3.75,True,3.158724471515521,1.0004777260241573,2.733353218679106,-1.6481707273378705
1883,1883,2024-03-26 15:15:00+00:00,1,159446,70204.0,490.13571428571385,2024-03-27 03:15:00+00:00,70547.0,0.07161689910957614,0.6281892770223996,0.6998061761319757,True,1.5,69468.79642857143,159451.0,2024-03-26 16:30:00+00:00,5.0,1.25,False,0.0995569740159381,2.7145615645812518,2.128939277022406,2.128939277022406
1884,1884,2024-03-27 08:00:00+00:00,-1,159513,69990.1,217.2571428571464,2024-03-27 20:00:00+00:00,69014.8,0.16107663729615732,4.32807380983687,4.489150447133028,True,1.5,70315.98571428572,159525.0,2024-03-27 11:00:00+00:00,12.0,3.0,True,4.846856917411775,1.1989742240925978,5.827323809836853,-1.6618266372961572
1885,1885,2024-03-27 20:00:00+00:00,-1,159561,69014.8,369.1142857142851,2024-03-28 08:00:00+00:00,70389.5,0.09348703460020143,-3.8178078024614894,-3.724320767861288,True,1.5,69568.47142857143,159576.0,2024-03-27 23:45:00+00:00,15.0,3.75,True,1.6602678225868972,1.6999380757024578,-2.318557802461494,-1.5942370346002015
1886,1886,2024-03-28 08:00:00+00:00,1,159609,70389.5,243.5142857142855,2024-03-28 20:00:00+00:00,70720.0,0.14452848175525063,1.2126814208612002,1.3572099026164508,False,1.5,70024.22857142857,,,,,,,,,
1887,1887,2024-03-29 04:45:00+00:00,-1,159692,70427.0,153.14285714285714,2024-03-29 16:45:00+00:00,69239.2,0.22993889925373137,7.526217817164198,7.756156716417929,True,1.5,70656.71428571429,159727.0,2024-03-29 13:30:00+00:00,35.0,8.75,False,0.3139925373134247,10.818097014925401,9.025467817164225,9.025467817164225
1888,1888,2024-03-29 16:45:00+00:00,-1,159740,69239.2,337.2142857142857,2024-03-30 04:45:00+00:00,70136.0,0.10266350349502223,-2.7621000635458675,-2.659436560050845,True,1.5,69745.02142857143,159753.0,2024-03-29 20:00:00+00:00,13.0,3.25,False,1.4826731624655693,1.2396314340182264,-1.262850063545849,-1.262850063545849
1889,1889,2024-03-30 06:00:00+00:00,1,159793,70020.2,158.2714285714267,2024-03-30 18:00:00+00:00,69986.6,0.22120290639949716,-0.43349643469622223,-0.21229352829672504,False,1.5,69782.79285714286,,,,,,,,,
1890,1890,2024-03-31 01:00:00+00:00,-1,159869,70028.4,149.9071428571437,2024-03-31 13:00:00+00:00,70750.7,0.23357259255729604,-5.0518886930004205,-4.818316100443124,True,1.5,70253.26071428572,159885.0,2024-03-31 05:00:00+00:00,16.0,4.0,True,2.0168437604231357,0.8762805546291011,-3.552638693000379,-1.734322592557296
1891,1891,2024-03-31 13:15:00+00:00,1,159918,70720.1,136.90714285714265,2024-04-01 01:15:00+00:00,71021.3,0.25827761256326015,1.9417536912401339,2.200031303803394,True,1.5,70514.7392857143,159921.0,2024-03-31 14:00:00+00:00,3.0,0.75,False,1.3522982209005598,7.163692805342433,3.4425036912400846,3.4425036912400846
1892,1892,2024-04-01 05:45:00+00:00,-1,159984,69212.2,229.59999999999854,2024-04-01 17:45:00+00:00,68784.8,0.15072343205575006,1.7107748257839577,1.8614982578397077,True,1.5,69556.59999999999,159987.0,2024-04-01 06:30:00+00:00,3.0,0.75,True,1.8083623693380413,1.457317073170703,3.210024825783942,-1.65147343205575
1893,1893,2024-04-01 17:45:00+00:00,-1,160032,68784.8,435.9285714285735,2024-04-02 05:45:00+00:00,66794.0,0.0788945764378171,4.487908635097478,4.566803211535295,True,1.5,69438.69285714286,160038.0,2024-04-01 19:15:00+00:00,6.0,1.5,False,1.1706210060625848,8.805784040635713,5.987158635097467,5.987158635097467
1894,1894,2024-04-02 05:45:00+00:00,-1,160080,66794.0,586.249999999999,2024-04-02 17:45:00+00:00,65650.3,0.05696716417910457,1.8939070362473331,1.9508742004264377,False,1.5,67673.375,,,,,,,,,
1895,1895,2024-04-02 17:45:00+00:00,-1,160128,65650.3,512.3714285714284,2024-04-03 05:45:00+00:00,66112.7,0.06406514526292313,-0.9665354514024315,-0.9024703061395083,True,1.5,66418.85714285714,160171.0,2024-04-03 04:30:00+00:00,43.0,10.75,False,0.25595271287570004,0.905314225171476,0.5327145485975675,0.5327145485975675
1896,1896,2024-04-03 05:45:00+00:00,1,160176,66112.7,213.15714285714057,2024-04-03 17:45:00+00:00,65980.7,0.15507971985792005,-0.7743411634609023,-0.6192614436029823,True,1.5,65792.96428571429,160197.0,2024-04-03 11:00:00+00:00,21.0,5.25,False,1.1163795992226038,5.38117418403596,0.7264088365390806,0.7264088365390806
1897,1897,2024-04-03 17:45:00+00:00,-1,160224,65980.7,308.6714285714292,2024-04-04 05:45:00+00:00,65606.1,0.10687853473411373,1.1067096542786754,1.213588189012789,False,1.5,66443.70714285714,,,,,,,,,
1898,1898,2024-04-04 06:00:00+00:00,-1,160273,65720.2,220.61428571428561,2024-04-04 18:00:00+00:00,68897.3,0.14894819659392614,-14.550100822379104,-14.401152625785178,True,1.5,66051.12142857142,160277.0,2024-04-04 07:00:00+00:00,4.0,1.0,True,1.52972220423498,1.6445962572038741,-13.050850822379115,-1.6496981965939261
1899,1899,2024-04-04 18:00:00+00:00,1,160321,68897.3,332.4214285714261,2024-04-05 06:00:00+00:00,66916.5,0.10362945056834132,-6.062330754850825,-5.958701304282483,True,1.5,68398.66785714286,160325.0,2024-04-04 19:00:00+00:00,4.0,1.0,True,2.4958314531898367,2.0508068501686534,-4.561580754850825,-1.6028794505683412
1900,1900,2024-04-05 06:00:00+00:00,-1,160369,66916.5,307.2428571428588,2024-04-05 18:00:00+00:00,67660.0,0.10889838192216429,-2.5288081787324925,-2.419909796810328,True,1.5,67377.36428571428,160378.0,2024-04-05 08:15:00+00:00,9.0,2.25,True,1.8214767285069935,4.593643929883264,-1.0295581787325057,-1.6096483819221643
1901,1901,2024-04-05 18:00:00+00:00,1,160417,67660.0,339.29999999999666,2024-04-06 06:00:00+00:00,67985.2,0.09970527556734551,0.8587385794282345,0.95844385499558,False,1.5,67151.05,,,,,,,,,
1902,1902,2024-04-06 06:00:00+00:00,1,160465,67985.2,172.028571428571,2024-04-06 18:00:00+00:00,68265.4,0.1975985716658367,1.4312006311243846,1.6287992027902212,True,1.5,67727.15714285715,160483.0,2024-04-06 10:30:00+00:00,18.0,4.5,False,1.175137020428532,4.434977578475352,2.931950631124342,2.931950631124342
1903,1903,2024-04-06 18:00:00+00:00,1,160513,68265.4,183.13571428571595,2024-04-07 06:00:00+00:00,69342.0,0.1863792659620093,5.692321151370939,5.878700417332948,False,1.5,67990.69642857142,,,,,,,,,
1904,1904,2024-04-07 16:15:00+00:00,1,160602,69985.4,261.557142857142,2024-04-08 04:15:00+00:00,69377.0,0.13378606149980926,-2.459855207821276,-2.3260691463214664,True,1.5,69593.06428571428,160609.0,2024-04-07 18:00:00+00:00,7.0,1.75,True,2.7212573051504525,1.0473264514719745,-0.9591052078212756,-1.6330360614998092
1905,1905,2024-04-08 06:15:00+00:00,1,160658,69810.4,146.1071428571408,2024-04-08 18:15:00+00:00,71954.9,0.23890139330237445,14.438683549254666,14.67758494255704,False,1.5,69591.23928571428,,,,,,,,,
1906,1906,2024-04-09 05:30:00+00:00,-1,160751,71038.4,219.80714285713995,2024-04-09 17:30:00+00:00,68903.3,0.16159256491080057,9.551922529490223,9.713515094401025,False,1.5,71368.1107142857,,,,,,,,,
1907,1907,2024-04-09 17:30:00+00:00,-1,160799,68903.3,543.9642857142868,2024-04-10 05:30:00+00:00,69419.0,0.06333439695358138,-1.0113745781629497,-0.9480401812093684,False,1.5,69719.24642857144,,,,,,,,,
1908,1908,2024-04-10 12:45:00+00:00,-1,160876,68013.6,342.1714285714292,2024-04-11 00:45:00+00:00,70572.0,0.099385270541082,-7.576339178356682,-7.4769539078156,True,1.5,68526.85714285714,160882.0,2024-04-10 14:15:00+00:00,6.0,1.5,True,2.2887441549766097,1.0005427521710129,-6.077089178356696,-1.600135270541082
1909,1909,2024-04-11 00:45:00+00:00,1,160924,70572.0,327.88571428571385,2024-04-11 12:45:00+00:00,70906.6,0.10761676542349266,0.9128607528755853,1.020477518299078,True,1.5,70080.17142857143,160968.0,2024-04-11 11:45:00+00:00,44.0,11.0,False,0.48514290693619,3.293307772743128,2.413610752875595,2.413610752875595
1910,1910,2024-04-11 13:45:00+00:00,-1,160976,70322.8,472.1428571428582,2024-04-12 01:45:00+00:00,70330.1,0.0744719515885021,-0.08993337367625408,-0.01546142208775197,False,1.5,71031.0142857143,,,,,,,,,
1911,1911,2024-04-12 02:45:00+00:00,1,161028,70681.0,178.74285714285983,2024-04-12 14:45:00+00:00,69289.7,0.19771699168797655,-7.981524536444909,-7.783807544756932,True,1.5,70412.88571428572,161067.0,2024-04-12 12:30:00+00:00,39.0,9.75,True,1.957480818414302,2.7095588235293455,-6.480774536444941,-1.6969669916879766
1912,1912,2024-04-12 14:45:00+00:00,-1,161076,69289.7,340.3499999999975,2024-04-13 02:45:00+00:00,66567.0,0.10179183193771192,7.8979143528720925,7.9997061848098046,False,1.5,69800.22499999999,,,,,,,,,
1913,1913,2024-04-13 02:45:00+00:00,-1,161124,66567.0,311.08571428571514,2024-04-13 14:45:00+00:00,67580.0,0.10699141256429068,-3.363328664584855,-3.2563372520205642,True,1.5,67033.62857142858,161127.0,2024-04-13 03:30:00+00:00,3.0,0.75,True,2.389603232916949,0.8763776634827483,-1.8640786645848415,-1.6077414125642906
1914,1914,2024-04-13 14:45:00+00:00,1,161172,67580.0,222.09285714285838,2024-04-14 02:45:00+00:00,63085.1,0.15214356929212278,-20.39097546071452,-20.2388318914224,True,1.5,67246.8607142857,161181.0,2024-04-13 17:00:00+00:00,9.0,2.25,True,2.5762229440709796,0.9443765477760795,-18.8902254607145,-1.6513935692921227
1915,1915,2024-04-14 06:30:00+00:00,1,161235,64819.9,433.38571428571385,2024-04-14 18:30:00+00:00,64475.8,0.07478315258595122,-0.8687640999439604,-0.7939809473580092,True,1.5,64169.82142857143,161246.0,2024-04-14 09:15:00+00:00,11.0,2.75,True,1.7103042489369444,1.5604542308072658,0.6319859000560469,-1.5740331525859512
1916,1916,2024-04-14 18:30:00+00:00,1,161283,64475.8,562.1071428571433,2024-04-15 06:30:00+00:00,66282.5,0.05735187750174721,3.156804040917458,3.2141559184192054,True,1.5,63632.639285714286,161293.0,2024-04-14 21:00:00+00:00,10.0,2.5,False,0.5917720312599267,5.060175360569282,4.6575540409174625,4.6575540409174625
1917,1917,2024-04-15 07:15:00+00:00,1,161334,66421.9,343.66428571428696,2024-04-15 19:15:00+00:00,63097.7,0.0966377694178285,-9.769449691351566,-9.672811921933738,True,1.5,65906.40357142856,161351.0,2024-04-15 11:30:00+00:00,17.0,4.25,True,2.279560617712417,1.3481075800719442,-8.268699691351545,-1.5958877694178284
1918,1918,2024-04-15 19:15:00+00:00,-1,161382,63097.7,603.0500000000009,2024-04-16 07:15:00+00:00,63258.3,0.05231547964513714,-0.3186283890224783,-0.26631290937734114,False,1.5,64002.275,,,,,,,,,
1919,1919,2024-04-16 08:15:00+00:00,1,161434,63222.0,290.62857142857166,2024-04-16 20:15:00+00:00,62905.7,0.1087676956350766,-1.1970984073928523,-1.0883307117577756,True,1.5,62786.05714285714,161442.0,2024-04-16 10:15:00+00:00,8.0,2.0,True,3.7586020448289466,1.194799449469143,0.30365159260714947,-1.6080176956350767
1920,1920,2024-04-16 20:15:00+00:00,1,161482,62905.7,373.5499999999998,2024-04-17 08:15:00+00:00,63555.5,0.08419983937893191,1.6553263284700932,1.739526167849025,False,1.5,62345.375,,,,,,,,,
1921,1921,2024-04-17 09:30:00+00:00,1,161535,63323.1,269.1285714285706,2024-04-17 21:30:00+00:00,61099.1,0.11764469982483183,-8.38135296459475,-8.26370826476992,True,1.5,62919.40714285714,161537.0,2024-04-17 10:00:00+00:00,2.0,0.5,True,1.595546472742711,1.5026009873135757,-6.880602964594742,-1.616894699824832
1922,1922,2024-04-17 21:45:00+00:00,-1,161584,61282.7,428.34999999999957,2024-04-18 09:45:00+00:00,61608.4,0.07153344227851063,-0.8318929613633821,-0.7603595190848714,True,1.5,61925.225,161605.0,2024-04-18 03:00:00+00:00,21.0,5.25,False,0.6293334889693116,2.711392552818949,0.6673570386366228,0.6673570386366228
1923,1923,2024-04-18 09:45:00+00:00,1,161632,61608.4,288.9999999999995,2024-04-18 21:45:00+00:00,63429.1,0.10658892733564033,6.19341107266436,6.300000000000001,False,1.5,61174.9,,,,,,,,,
1924,1924,2024-04-18 22:00:00+00:00,1,161681,63360.2,288.9857142857145,2024-04-19 10:00:00+00:00,64745.9,0.10962514212269506,4.685421572989284,4.7950467151119796,True,1.5,62926.72142857143,161689.0,2024-04-19 00:00:00+00:00,8.0,2.0,True,2.8981412823174746,1.8103959661871594,6.186171572989272,-1.608875142122695
1925,1925,2024-04-19 10:00:00+00:00,1,161729,64745.9,513.5285714285716,2024-04-19 22:00:00+00:00,64439.1,0.06304021197874647,-0.6604753247837147,-0.5974351128049683,True,1.5,63975.607142857145,161746.0,2024-04-19 14:15:00+00:00,17.0,4.25,False,0.9699696775808867,1.651306089520676,0.8402746752162835,0.8402746752162835
1926,1926,2024-04-19 23:30:00+00:00,-1,161783,63793.9,328.65000000000043,2024-04-20 11:30:00+00:00,63671.0,0.09705446523657374,0.27689958922866675,0.3739540544652405,False,1.5,64286.875,,,,,,,,,
1927,1927,2024-04-20 11:30:00+00:00,-1,161831,63671.0,228.8357142857151,2024-04-20 23:30:00+00:00,64864.4,0.13911945562942796,-5.354214501982071,-5.215095046352642,True,1.5,64014.25357142857,161837.0,2024-04-20 13:00:00+00:00,6.0,1.5,True,2.7781783562755544,1.3592876985984952,-3.8549645019820837,-1.639869455629428
1928,1928,2024-04-21 05:00:00+00:00,-1,161901,65175.3,249.528571428571,2024-04-21 17:00:00+00:00,64566.2,0.13059686838037465,2.310406165912892,2.4410030342932663,False,1.5,65549.59285714285,,,,,,,,,
1929,1929,2024-04-21 18:45:00+00:00,1,161956,64754.5,226.03571428571482,2024-04-22 06:45:00+00:00,66268.8,0.1432395323115813,6.556144256596617,6.6993837889081975,True,1.5,64415.44642857143,161961.0,2024-04-21 20:00:00+00:00,5.0,1.25,False,0.4103175857165502,8.735582240480312,8.056894256596618,8.056894256596618
1930,1930,2024-04-22 07:00:00+00:00,1,162005,66082.0,277.67857142856985,2024-04-22 19:00:00+00:00,66334.8,0.11899009646302319,0.7914150482315262,0.9104051446945494,True,1.5,65665.48214285714,162023.0,2024-04-22 11:30:00+00:00,18.0,4.5,False,0.2332990353697942,4.156308681672063,2.2921650482315274,2.2921650482315274
1931,1931,2024-04-22 19:00:00+00:00,1,162053,66334.8,252.19285714285903,2024-04-23 07:00:00+00:00,66262.0,0.13151601665392035,-0.4201839861783866,-0.2886679695244663,False,1.5,65956.51071428572,,,,,,,,,
1932,1932,2024-04-23 08:15:00+00:00,-1,162106,66118.0,194.00000000000207,2024-04-23 20:15:00+00:00,66147.6,0.17040721649484353,-0.3229845360825008,-0.15257731958765725,True,1.5,66409.0,162127.0,2024-04-23 13:30:00+00:00,21.0,5.25,True,2.6520618556700746,1.930412371134,1.1762654639174832,-1.6711572164948436
1933,1933,2024-04-23 20:30:00+00:00,-1,162155,66260.0,181.8714285714294,2024-04-24 08:30:00+00:00,66559.0,0.1821616526588634,-1.8261801900871806,-1.6440185374283172,True,1.5,66532.80714285714,162169.0,2024-04-24 00:00:00+00:00,14.0,3.5,True,1.5741497132982778,1.0205404131647229,-0.3269301900871918,-1.6829116526588634
1934,1934,2024-04-24 09:15:00+00:00,-1,162206,66409.0,162.6357142857118,2024-04-24 21:15:00+00:00,64258.4,0.20416487329263786,13.01925293161774,13.223417804910378,True,1.5,66652.95357142857,162217.0,2024-04-24 12:00:00+00:00,11.0,2.75,False,0.3624445518028443,18.92544687952949,14.518502931617778,14.518502931617778
1935,1935,2024-04-24 21:15:00+00:00,-1,162254,64258.4,326.74285714285725,2024-04-25 09:15:00+00:00,63999.1,0.09833175935641832,0.6952586568730411,0.7935904162294595,False,1.5,64748.514285714286,,,,,,,,,
1936,1936,2024-04-25 09:15:00+00:00,1,162302,63999.1,206.44285714285746,2024-04-25 21:15:00+00:00,64894.6,0.15500439415957348,4.182757698429168,4.337762092588742,True,1.5,63689.43571428571,162305.0,2024-04-25 10:00:00+00:00,3.0,0.75,True,1.806483980347365,1.2573178326759504,5.683507698429172,-1.6542543941595735
1937,1937,2024-04-25 21:15:00+00:00,1,162350,64894.6,252.94999999999968,2024-04-26 09:15:00+00:00,64479.4,0.1282755485273771,-1.7697066613955235,-1.6414311128681465,True,1.5,64515.174999999996,162357.0,2024-04-25 23:00:00+00:00,7.0,1.75,True,1.6828424589839739,0.8053963233840921,-0.26895666139551,-1.6275255485273772
1938,1938,2024-04-26 14:30:00+00:00,-1,162419,64027.5,339.3285714285718,2024-04-27 02:30:00+00:00,62992.5,0.0943443986022817,2.9557966362143695,3.0501410348166513,False,1.5,64536.49285714286,,,,,,,,,
1939,1939,2024-04-27 02:30:00+00:00,-1,162467,62992.5,316.14999999999935,2024-04-27 14:30:00+00:00,63060.1,0.09962438715799482,-0.31344693974378857,-0.21382255258579372,False,1.5,63466.725,,,,,,,,,
1940,1940,2024-04-27 17:15:00+00:00,-1,162526,62906.0,185.15000000000094,2024-04-28 05:15:00+00:00,63844.8,0.16987847691061214,-5.240361868755053,-5.070483391844441,True,1.5,63183.725,162527.0,2024-04-27 17:30:00+00:00,1.0,0.25,True,2.380097218471513,1.8354037267080494,-3.741111868755068,-1.6706284769106121
1941,1941,2024-04-28 05:15:00+00:00,1,162574,63844.8,179.4357142857147,2024-04-28 17:15:00+00:00,63578.7,0.17790438278730902,-1.6608867481390357,-1.4829823653517267,True,1.5,63575.64642857143,162593.0,2024-04-28 10:00:00+00:00,19.0,4.75,True,1.9223956052705211,1.0770072847418364,-0.1601367481390416,-1.677154382787309
1942,1942,2024-04-28 23:15:00+00:00,-1,162646,62927.6,194.3428571428563,2024-04-29 11:15:00+00:00,62310.9,0.16189841223169726,3.011359453102027,3.1732578653337242,True,1.5,63219.114285714284,162649.0,2024-04-29 00:00:00+00:00,3.0,0.75,False,0.6107027344898821,6.849309026756857,4.510609453102032,4.510609453102032
1943,1943,2024-04-29 12:15:00+00:00,-1,162698,62309.6,140.61428571428613,2024-04-30 00:15:00+00:00,63970.1,0.2215621253682814,-12.030461851061633,-11.808899725693351,True,1.5,62520.521428571425,162699.0,2024-04-29 12:30:00+00:00,1.0,0.25,True,2.1582342781672472,5.648938331809384,-10.531211851061656,-1.7223121253682814
1944,1944,2024-04-30 00:15:00+00:00,1,162746,63970.1,228.87142857142888,2024-04-30 12:15:00+00:00,61268.6,0.13975117033892998,-11.943321484301837,-11.803570313962908,True,1.5,63626.79285714286,162752.0,2024-04-30 01:45:00+00:00,6.0,1.5,True,2.4069970663504026,2.4677922726421504,-10.442571484301842,-1.63900117033893
1945,1945,2024-04-30 12:15:00+00:00,-1,162794,61268.6,326.9857142857145,2024-05-01 00:15:00+00:00,60390.8,0.09368696753899247,2.590833981388425,2.6845209489274175,False,1.5,61759.078571428574,,,,,,,,,
1946,1946,2024-05-01 00:15:00+00:00,-1,162842,60390.8,276.52142857142775,2024-05-01 12:15:00+00:00,58028.0,0.1091973238963659,8.43552925373909,8.544726577635455,False,1.5,60805.58214285714,,,,,,,,,
1947,1947,2024-05-01 12:15:00+00:00,-1,162890,58028.0,350.53571428571377,2024-05-02 00:15:00+00:00,58112.4,0.08277045338767205,-0.3235447784004122,-0.24077432501274013,True,1.5,58553.80357142857,162915.0,2024-05-01 18:30:00+00:00,25.0,6.25,True,2.5229852266938284,2.5723586347427516,1.175705221599593,-1.5835204533876721
1948,1948,2024-05-02 00:15:00+00:00,1,162938,58112.4,330.4071428571432,2024-05-02 12:15:00+00:00,58681.0,0.08794059277514746,1.632966513176378,1.7209071059515255,True,1.5,57616.78928571429,162940.0,2024-05-02 00:45:00+00:00,2.0,0.5,True,2.0132412391638086,0.7763473636422639,3.1337165131763776,-1.5871905927751475
1949,1949,2024-05-02 12:15:00+00:00,1,162986,58681.0,289.0285714285715,2024-05-03 00:15:00+00:00,58851.8,0.10151418544879397,0.48943085211547055,0.5909450375642645,True,1.5,58247.45714285714,162992.0,2024-05-02 13:45:00+00:00,6.0,1.5,False,0.21021154606565076,4.80866943455912,1.990180852115468,1.990180852115468
1950,1950,2024-05-03 00:15:00+00:00,1,163034,58851.8,226.07142857142858,2024-05-03 12:15:00+00:00,59136.0,0.1301619589257504,1.1269628436018828,1.2571248025276331,False,1.5,58512.69285714286,,,,,,,,,
1951,1951,2024-05-03 12:15:00+00:00,1,163082,59136.0,218.04285714285757,2024-05-04 00:15:00+00:00,62773.8,0.1356063683417412,16.548269671755207,16.683876040096948,False,1.5,58808.93571428571,,,,,,,,,
1952,1952,2024-05-04 01:00:00+00:00,1,163133,62810.7,242.29999999999978,2024-05-04 13:00:00+00:00,63892.6,0.12961349566652922,4.33551238134545,4.465125877011979,False,1.5,62447.25,,,,,,,,,
1953,1953,2024-05-04 14:30:00+00:00,-1,163187,63707.5,244.0571428571436,2024-05-05 02:30:00+00:00,63284.2,0.1305175895574803,1.603912286349808,1.7344298759072885,True,1.5,64073.58571428571,163209.0,2024-05-04 20:00:00+00:00,22.0,5.5,False,0.5134628892531119,5.083177241863712,3.1031622863497983,3.1031622863497983
1954,1954,2024-05-05 23:15:00+00:00,-1,163318,64156.4,154.31428571428685,2024-05-06 11:15:00+00:00,64182.8,0.20787576374745265,-0.378955193482695,-0.17107942973524237,True,1.5,64387.87142857143,163326.0,2024-05-06 01:15:00+00:00,8.0,2.0,True,7.206906128494658,4.67793001296054,1.1202948065172966,-1.7086257637474527
1955,1955,2024-05-06 11:15:00+00:00,-1,163366,64182.8,362.7857142857143,2024-05-06 23:15:00+00:00,63325.2,0.0884582791888167,2.2754716282732983,2.363929907462115,False,1.5,64726.978571428575,,,,,,,,,
1956,1956,2024-05-07 07:30:00+00:00,1,163447,63742.9,204.47857142857018,2024-05-07 19:30:00+00:00,63092.6,0.155866943794321,-3.3361512907395463,-3.1802843469452253,True,1.5,63436.18214285715,163464.0,2024-05-07 11:45:00+00:00,17.0,4.25,True,1.82504279177005,1.5185838544031494,-1.8354012907395614,-1.655116943794321
1957,1957,2024-05-07 19:30:00+00:00,-1,163495,63092.6,194.16428571428645,2024-05-08 07:30:00+00:00,62294.9,0.162472206894014,3.945904351984666,4.10837655887868,False,1.5,63383.84642857143,,,,,,,,,
1958,1958,2024-05-08 12:30:00+00:00,-1,163563,62140.0,205.90714285714316,2024-05-09 00:30:00+00:00,61418.7,0.15089325979116777,3.3521420890137814,3.503035348804949,True,1.5,62448.860714285714,163570.0,2024-05-08 14:15:00+00:00,7.0,1.75,True,1.7053283380164395,1.537395497276843,4.851392089013779,-1.6516432597911677
1959,1959,2024-05-09 00:30:00+00:00,-1,163611,61418.7,259.37142857142834,2024-05-09 12:30:00+00:00,61448.4,0.11839912425644426,-0.23290672504958743,-0.11450760079314318,False,1.5,61807.75714285714,,,,,,,,,
1960,1960,2024-05-09 12:30:00+00:00,-1,163659,61448.4,253.04285714285652,2024-05-10 00:30:00+00:00,62834.9,0.12141895782758456,-5.600727939931138,-5.479308982103554,True,1.5,61827.96428571429,163669.0,2024-05-09 15:00:00+00:00,10.0,2.5,True,1.7156608140913274,1.5466324168689922,-4.101477939931123,-1.6221689578275846
1961,1961,2024-05-10 00:30:00+00:00,1,163707,62834.9,239.12857142857163,2024-05-10 12:30:00+00:00,63132.3,0.13138308740068094,1.1122993309038822,1.2436824183045632,False,1.5,62476.20714285714,,,,,,,,,
1962,1962,2024-05-10 12:30:00+00:00,1,163755,63132.3,187.54999999999978,2024-05-11 00:30:00+00:00,60686.0,0.16830791788856325,-13.211762996534288,-13.043455078645724,True,1.5,62850.975000000006,163758.0,2024-05-10 13:15:00+00:00,3.0,0.75,True,2.2126099706745204,1.2563316448946573,-11.711012996534302,-1.6675579178885633
1963,1963,2024-05-11 04:00:00+00:00,1,163817,60756.1,139.9857142857145,2024-05-11 16:00:00+00:00,61219.9,0.2170082151239919,3.096187008878473,3.313195224002465,True,1.5,60546.12142857142,163845.0,2024-05-11 11:00:00+00:00,28.0,7.0,False,0.8109500969486388,6.752678844780118,4.596937008878498,4.596937008878498
1964,1964,2024-05-11 18:00:00+00:00,1,163873,61047.9,201.37142857142837,2024-05-12 06:00:00+00:00,61016.0,0.15158034194097633,-0.3099940763337192,-0.15841373439274292,True,1.5,60745.84285714286,163883.0,2024-05-11 20:30:00+00:00,10.0,2.5,False,0.126844494892165,1.7438280363223513,1.1907559236662784,1.1907559236662784
1965,1965,2024-05-12 07:45:00+00:00,1,163928,60803.8,96.9785714285707,2024-05-12 19:45:00+00:00,61393.5,0.3134909037342588,5.767233851366294,6.080724755100553,False,1.5,60658.33214285714,,,,,,,,,
1966,1966,2024-05-13 00:30:00+00:00,1,163995,61533.2,170.06428571428634,2024-05-13 12:30:00+00:00,62730.2,0.18091158805493654,6.857603259271679,7.038514847326615,True,1.5,61278.10357142857,163998.0,2024-05-13 01:15:00+00:00,3.0,0.75,True,2.0974631441891365,1.2253979587551076,8.358353259271675,-1.6801615880549365
1967,1967,2024-05-13 13:15:00+00:00,-1,164046,62799.0,222.5857142857141,2024-05-14 01:15:00+00:00,62998.7,0.14106700468519362,-1.0382494705089411,-0.8971824658237474,True,1.5,63132.87857142857,164056.0,2024-05-13 15:45:00+00:00,10.0,2.5,False,1.3797894871959533,2.6626981580129714,0.46100052949105186,0.46100052949105186
1968,1968,2024-05-14 02:00:00+00:00,-1,164097,62530.0,176.33571428571355,2024-05-14 14:00:00+00:00,61473.3,0.17730384412848943,5.815242840361332,5.992546684489821,False,1.5,62794.50357142857,,,,,,,,,
1969,1969,2024-05-14 14:00:00+00:00,-1,164145,61473.3,286.692857142858,2024-05-15 02:00:00+00:00,61811.3,0.10721107706106554,-1.286173132022818,-1.1789620549617525,True,1.5,61903.33928571429,164146.0,2024-05-14 14:15:00+00:00,1.0,0.25,False,1.3692727408625325,2.82022821835214,0.2130768679771819,0.2130768679771819
1970,1970,2024-05-15 03:15:00+00:00,1,164198,61921.9,143.45714285714297,2024-05-15 15:15:00+00:00,64840.1,0.21582020513841849,20.126143547102135,20.341963752240552,False,1.5,61706.71428571429,,,,,,,,,
1971,1971,2024-05-15 15:15:00+00:00,1,164246,64840.1,473.2071428571435,2024-05-16 03:15:00+00:00,65983.9,0.06851132847288252,2.348611948859593,2.417123277332476,False,1.5,64130.28928571429,,,,,,,,,
1972,1972,2024-05-16 03:15:00+00:00,1,164294,65983.9,201.82857142857392,2024-05-16 15:15:00+00:00,65769.5,0.16346521092865027,-1.2257528666477475,-1.0622876557190972,True,1.5,65681.15714285713,164305.0,2024-05-16 06:00:00+00:00,11.0,2.75,True,1.695285956964824,5.543530577576423,0.2749971333522524,-1.6627152109286503
1973,1973,2024-05-16 17:30:00+00:00,-1,164351,64713.2,337.1571428571432,2024-05-17 05:30:00+00:00,65615.0,0.09596889962289724,-2.770686072624047,-2.67471717300115,True,1.5,65218.93571428571,164357.0,2024-05-16 19:00:00+00:00,6.0,1.5,True,1.8717215372230052,0.5938943265115886,-1.2714360726240481,-1.5967188996228971
1974,1974,2024-05-17 09:45:00+00:00,1,164416,66324.1,225.68571428571263,2024-05-17 21:45:00+00:00,66779.1,0.1469390745664019,1.8691389099886198,2.0160779845550216,True,1.5,65985.57142857143,164431.0,2024-05-17 13:30:00+00:00,15.0,3.75,False,0.9383466261552311,6.269907583238429,3.369888909988629,3.369888909988629
1975,1975,2024-05-19 22:00:00+00:00,-1,164657,66316.5,212.8000000000029,2024-05-20 10:00:00+00:00,67019.7,0.1558188439849603,-3.46033012218039,-3.30451127819543,True,1.5,66635.70000000001,164673.0,2024-05-20 02:00:00+00:00,16.0,4.0,True,2.087875939849541,0.7951127819549311,-1.961080122180356,-1.6565688439849602
1976,1976,2024-05-20 17:30:00+00:00,1,164735,68239.9,329.0499999999998,2024-05-21 05:30:00+00:00,71116.7,0.10369229600364692,8.639051967786065,8.742744263789712,False,1.5,67746.325,,,,,,,,,
1977,1977,2024-05-21 16:00:00+00:00,-1,164825,70015.7,369.0642857142863,2024-05-22 04:00:00+00:00,69855.0,0.0948556968394974,0.34056980007353665,0.43542549691303406,False,1.5,70569.29642857143,,,,,,,,,
1978,1978,2024-05-22 18:45:00+00:00,-1,164932,69617.2,324.33571428571514,2024-05-23 06:45:00+00:00,69591.8,0.10732274759398301,-0.02900883123749226,0.07831391635649075,False,1.5,70103.70357142857,,,,,,,,,
1979,1979,2024-05-23 13:45:00+00:00,-1,165008,68062.8,368.74285714285776,2024-05-24 01:45:00+00:00,67761.3,0.09229033007903287,0.7253526266852615,0.8176429567642943,False,1.5,68615.91428571429,,,,,,,,,
1980,1980,2024-05-24 06:00:00+00:00,-1,165073,67607.1,193.71428571428467,2024-05-24 18:00:00+00:00,69157.1,0.17450210176991246,-8.175977028023642,-8.00147492625373,True,1.5,67897.67142857143,165106.0,2024-05-24 14:15:00+00:00,33.0,8.25,True,2.5311946902655134,3.5447640117994164,-6.676727028023677,-1.6752521017699125
1981,1981,2024-05-24 18:00:00+00:00,1,165121,69157.1,280.2071428571414,2024-05-25 06:00:00+00:00,68738.1,0.12340352800224391,-1.6187258660684782,-1.4953223380662344,True,1.5,68736.78928571429,165125.0,2024-05-24 19:00:00+00:00,4.0,1.0,False,0.760470570241422,1.9154069693339169,-0.11797586606845406,-0.11797586606845406
1982,1982,2024-05-25 13:45:00+00:00,1,165200,69038.3,186.51428571428445,2024-05-26 01:45:00+00:00,69180.6,0.1850750995710797,0.5778691406250195,0.7629442401960992,False,1.5,68758.52857142857,,,,,,,,,
1983,1983,2024-05-27 00:00:00+00:00,-1,165337,68614.0,150.57142857142753,2024-05-27 12:00:00+00:00,68451.5,0.22784535104364484,0.8513766603415618,1.0792220113852067,True,1.5,68839.85714285714,165340.0,2024-05-27 00:45:00+00:00,3.0,0.75,True,2.949715370018982,0.6625237191650651,2.350626660341586,-1.728595351043645
1984,1984,2024-05-27 14:00:00+00:00,1,165393,69004.3,176.75714285714432,2024-05-28 02:00:00+00:00,68739.7,0.19519522347045826,-1.692164430615068,-1.4969692071446097,True,1.5,68739.16428571429,165440.0,2024-05-28 01:45:00+00:00,47.0,11.75,True,1.7541824941404267,3.408268002909559,-0.19141443061507085,-1.6944452234704583
1985,1985,2024-05-28 02:00:00+00:00,-1,165441,68739.7,199.82857142857287,2024-05-28 14:00:00+00:00,68062.6,0.17199667572204622,3.216407670860671,3.388404346582717,False,1.5,69039.44285714286,,,,,,,,,
1986,1986,2024-05-28 14:00:00+00:00,-1,165489,68062.6,293.278571428571,2024-05-29 02:00:00+00:00,68546.7,0.11603745829172671,-1.7666865242699257,-1.650649065978199,True,1.5,68502.51785714287,165512.0,2024-05-28 19:45:00+00:00,23.0,5.75,False,0.8966974353978009,1.1603911444507227,-0.26743652426990094,-0.26743652426990094
1987,1987,2024-05-29 08:00:00+00:00,-1,165561,67810.4,196.44999999999814,2024-05-29 20:00:00+00:00,67333.7,0.17258946296767788,2.253982183761778,2.426571646729456,True,1.5,68105.075,165581.0,2024-05-29 13:00:00+00:00,20.0,5.0,False,1.148002036141567,4.9685670654110785,3.753232183761807,3.753232183761807
1988,1988,2024-05-30 02:45:00+00:00,1,165636,67980.0,160.278571428571,2024-05-30 14:45:00+00:00,68394.7,0.2120682739872549,2.3753019296759983,2.5873702036632533,True,1.5,67739.58214285714,165656.0,2024-05-30 07:45:00+00:00,20.0,5.0,True,3.191831186772996,2.202526850572747,3.8760519296760436,-1.7113182739872548
1989,1989,2024-05-30 14:45:00+00:00,1,165684,68394.7,272.8714285714263,2024-05-31 02:45:00+00:00,68580.9,0.12532404062614627,0.5570486100204117,0.682372650646558,False,1.5,67985.39285714286,,,,,,,,,
1990,1990,2024-05-31 09:15:00+00:00,-1,165758,67978.3,147.18571428571678,2024-05-31 21:15:00+00:00,67678.2,0.23092696302047558,1.8079937396874786,2.038920702707954,True,1.5,68199.07857142857,165761.0,2024-05-31 10:00:00+00:00,3.0,0.75,True,1.889595263515412,1.5767737552169172,3.30724373968745,-1.7316769630204756
1991,1991,2024-05-31 21:15:00+00:00,1,165806,67678.2,186.9071428571437,2024-06-01 09:15:00+00:00,67709.1,0.18104765544387888,-0.015724920701600337,0.16532273474227854,True,1.5,67397.83928571428,165813.0,2024-05-31 23:00:00+00:00,7.0,1.75,False,0.739079756945728,2.459299881530216,1.485025079298433,1.485025079298433
1992,1992,2024-06-02 11:45:00+00:00,1,165960,68284.1,147.43571428571158,2024-06-02 23:45:00+00:00,67805.9,0.23157245288503892,-3.475019960273385,-3.243447507388346,True,1.5,68062.94642857143,165962.0,2024-06-02 12:15:00+00:00,2.0,0.5,True,1.6200038757812447,0.929581900101714,-1.9742699602733607,-1.7308224528850389
1993,1993,2024-06-03 00:45:00+00:00,1,166012,67863.6,124.35714285714286,2024-06-03 12:45:00+00:00,69792.7,0.2728576680068926,15.239721309592118,15.512578977599011,False,1.5,67677.0642857143,,,,,,,,,
1994,1994,2024-06-03 12:45:00+00:00,1,166060,69792.7,206.8285714285708,2024-06-04 00:45:00+00:00,69041.1,0.16872112860892438,-3.802648466639008,-3.6339273380300834,True,1.5,69482.45714285714,166067.0,2024-06-03 14:30:00+00:00,7.0,1.75,True,2.0241746097526883,1.9100013814063095,-2.3018984666389852,-1.6679711286089245
1995,1995,2024-06-04 01:30:00+00:00,-1,166111,69116.8,156.54285714285757,2024-06-04 13:30:00+00:00,69594.9,0.22075999269939708,-3.274875707245783,-3.054115714546386,True,1.5,69351.61428571428,166117.0,2024-06-04 03:00:00+00:00,6.0,1.5,True,1.6767658331812807,4.830078481474698,-1.7756257072458164,-1.721509992699397
1996,1996,2024-06-04 13:30:00+00:00,1,166159,69594.9,184.0,2024-06-05 01:30:00+00:00,71054.8,0.1891165760869565,7.745122554347874,7.93423913043483,False,1.5,69318.9,,,,,,,,,
1997,1997,2024-06-05 16:45:00+00:00,1,166268,71355.8,334.3142857142853,2024-06-06 04:45:00+00:00,71093.7,0.1067196393470645,-0.8907124604734824,-0.7839928211264179,True,1.5,70854.32857142857,166294.0,2024-06-05 23:15:00+00:00,26.0,6.5,False,0.4278266814802147,1.3896248183915674,0.6100375395265208,0.6100375395265208
1998,1998,2024-06-06 18:00:00+00:00,-1,166369,70948.4,232.59285714285838,2024-06-07 06:00:00+00:00,71244.2,0.1525162914964829,-1.4242664373675693,-1.2717501458710865,True,1.5,71297.28928571429,166412.0,2024-06-07 04:45:00+00:00,43.0,10.75,False,0.7683413690384698,0.649586954518947,0.07498356263245307,0.07498356263245307
1999,1999,2024-06-07 06:00:00+00:00,1,166417,71244.2,145.99285714285776,2024-06-07 18:00:00+00:00,68543.0,0.24399892362639947,-18.746273986007044,-18.502275062380644,True,1.5,71025.21071428571,166443.0,2024-06-07 12:30:00+00:00,26.0,6.5,True,2.4467684328978723,7.663315230686409,-17.24552398600706,-1.7432489236263995
2000,2000,2024-06-07 18:00:00+00:00,-1,166465,68543.0,357.05714285714413,2024-06-08 06:00:00+00:00,69372.0,0.09598323597663407,-2.417740457709842,-2.3217572217332076,True,1.5,69078.58571428571,166466.0,2024-06-07 18:15:00+00:00,1.0,0.25,True,1.6378730895414713,1.5742178122749368,-0.9184904577098506,-1.596733235976634
2001,2001,2024-06-10 15:30:00+00:00,1,166743,70035.9,185.04285714285757,2024-06-11 03:30:00+00:00,68357.7,0.189242376283486,-9.258492742993864,-9.069250366710378,True,1.5,69758.33571428571,166746.0,2024-06-10 16:15:00+00:00,3.0,0.75,True,1.828418127074798,2.2036207828302654,-7.7577427429938925,-1.688492376283486
2002,2002,2024-06-11 03:30:00+00:00,-1,166791,68357.7,281.4142857142828,2024-06-11 15:30:00+00:00,66113.2,0.12145385552566244,7.854331717346139,7.975785572871802,False,1.5,68779.82142857142,,,,,,,,,
2003,2003,2024-06-11 15:45:00+00:00,-1,166840,66266.0,348.6999999999971,2024-06-12 03:45:00+00:00,67413.0,0.09501864066532917,-3.3843791224548605,-3.289360481789531,True,1.5,66789.04999999999,166848.0,2024-06-11 17:45:00+00:00,8.0,2.0,True,2.3006882707198772,0.8312302839116539,-1.8851291224548812,-1.595768640665329
2004,2004,2024-06-12 11:00:00+00:00,1,166917,67893.7,157.17857142857142,2024-06-12 23:00:00+00:00,68214.9,0.21597632356282664,1.827559236537132,2.0435355600999587,True,1.5,67657.93214285714,166952.0,2024-06-12 19:45:00+00:00,35.0,8.75,True,2.816746194046821,3.140172688025454,3.328309236537119,-1.7152263235628267
2005,2005,2024-06-13 00:45:00+00:00,-1,166972,68331.0,162.71428571428572,2024-06-13 12:45:00+00:00,67738.5,0.20997234416154523,3.4313797190517996,3.6413520632133447,True,1.5,68575.07142857143,167019.0,2024-06-13 12:30:00+00:00,47.0,11.75,False,0.200526777875273,6.991834942932471,4.930629719051838,4.930629719051838
2006,2006,2024-06-13 14:30:00+00:00,-1,167027,67530.4,357.692857142858,2024-06-14 02:30:00+00:00,66839.5,0.09439718832997163,1.8371482317231258,1.9315454200530975,False,1.5,68066.93928571428,,,,,,,,,
2007,2007,2024-06-14 04:15:00+00:00,-1,167082,66830.8,151.57857142857185,2024-06-14 16:15:00+00:00,65313.6,0.220449366193864,9.788881014089819,10.009330380283682,True,1.5,67058.16785714286,167087.0,2024-06-14 05:30:00+00:00,5.0,1.25,True,1.5155977569387948,1.994792893831601,11.28813101408984,-1.721199366193864
2008,2008,2024-06-14 16:15:00+00:00,1,167130,65313.6,358.942857142858,2024-06-15 04:15:00+00:00,66213.1,0.0909804982886251,2.414989413356697,2.5059699116453222,False,1.5,64775.18571428571,,,,,,,,,
2009,2009,2024-06-15 06:45:00+00:00,1,167188,66171.6,106.65000000000146,2024-06-15 18:45:00+00:00,66139.9,0.31022784810126164,-0.6074617909049298,-0.29723394280366816,False,1.5,66011.625,,,,,,,,,
2010,2010,2024-06-16 15:15:00+00:00,1,167318,66577.4,123.0357142857174,2024-06-17 03:15:00+00:00,66321.3,0.27056127721334583,-2.3520707111754864,-2.0815094339621405,True,1.5,66392.84642857141,167358.0,2024-06-17 01:15:00+00:00,40.0,10.0,True,2.1135849056601854,1.6796226415095064,-0.8513207111754566,-1.7698112772133459
2011,2011,2024-06-17 03:15:00+00:00,1,167366,66321.3,170.4142857142859,2024-06-17 15:15:00+00:00,65383.2,0.19458843993628952,-5.699408626037416,-5.504820186101126,True,1.5,66065.67857142858,167380.0,2024-06-17 06:45:00+00:00,14.0,3.5,True,2.8405985413697827,1.6601978372034372,-4.198658626037449,-1.6938384399362896
2012,2012,2024-06-17 15:15:00+00:00,-1,167414,65383.2,252.23571428571555,2024-06-18 03:15:00+00:00,65433.3,0.12960734007306027,-0.32823107637416127,-0.198623736301101,True,1.5,65761.55357142857,167418.0,2024-06-17 16:15:00+00:00,4.0,1.0,True,3.0623991164726965,2.503822954719188,1.1710189236258182,-1.6303573400730602
2013,2013,2024-06-18 03:15:00+00:00,-1,167462,65433.3,441.9714285714295,2024-06-18 15:15:00+00:00,64427.9,0.07402435516193663,2.2007833247139423,2.274807679875879,False,1.5,66096.25714285715,,,,,,,,,
2014,2014,2024-06-18 15:15:00+00:00,-1,167510,64427.9,401.39285714285717,2024-06-19 03:15:00+00:00,65446.1,0.08025541418275647,-2.6169223774357073,-2.536666963252951,True,1.5,65029.989285714284,167532.0,2024-06-18 20:45:00+00:00,22.0,5.5,False,1.3079722395230933,1.113844648100357,-1.1176723774357153,-1.1176723774357153
2015,2015,2024-06-19 03:15:00+00:00,-1,167558,65446.1,251.1785714285709,2024-06-19 15:15:00+00:00,64914.3,0.13027803213422465,1.9869407934025176,2.1172188255367423,False,1.5,65822.86785714286,,,,,,,,,
2016,2016,2024-06-19 16:45:00+00:00,-1,167612,64900.0,169.21428571428623,2024-06-20 04:45:00+00:00,65278.5,0.19176867876741183,-2.428577458843386,-2.2368087800759744,True,1.5,65153.82142857143,167614.0,2024-06-19 17:15:00+00:00,2.0,0.5,False,1.3248205994090354,3.27289995778808,-0.9293274588433971,-0.9293274588433971
2017,2017,2024-06-20 04:45:00+00:00,1,167660,65278.5,151.8357142857151,2024-06-20 16:45:00+00:00,64863.9,0.21496424707155176,-2.9455471138918687,-2.730582866820317,True,1.5,65050.74642857143,167697.0,2024-06-20 14:00:00+00:00,37.0,9.25,True,2.00576280754577,0.7801430117137527,-1.4447971138918894,-1.7142142470715518
2018,2018,2024-06-20 16:45:00+00:00,-1,167708,64863.9,295.27142857142826,2024-06-21 04:45:00+00:00,64648.1,0.10983775218926907,0.6210152160240078,0.7308529682132768,False,1.5,65306.80714285714,,,,,,,,,
2019,2019,2024-06-21 04:45:00+00:00,-1,167756,64648.1,151.42142857142866,2024-06-21 16:45:00+00:00,63642.5,0.21347077692343966,6.427597197981024,6.641067974904463,False,1.5,64875.232142857145,,,,,,,,,
2020,2020,2024-06-21 17:15:00+00:00,-1,167806,63577.1,286.67857142857196,2024-06-22 05:15:00+00:00,64328.5,0.11088568581038974,-2.731939628752959,-2.621053942942569,True,1.5,64007.11785714285,167811.0,2024-06-21 18:30:00+00:00,5.0,1.25,True,1.541036501806418,0.4336489348448752,-1.2326896287529687,-1.6116356858103897
2021,2021,2024-06-22 05:15:00+00:00,1,167854,64328.5,79.86428571428353,2024-06-22 17:15:00+00:00,64274.9,0.4027363384312784,-1.0738748770235333,-0.6711385385922549,True,1.5,64208.703571428574,167870.0,2024-06-22 09:15:00+00:00,16.0,4.0,False,0.2993023879796113,2.273812718003824,0.4268751229764766,0.4268751229764766
2022,2022,2024-06-22 17:15:00+00:00,1,167902,64274.9,54.0214285714293,2024-06-23 05:15:00+00:00,64334.6,0.5949018907840724,0.5102151262725825,1.1051170170566549,False,1.5,64193.86785714286,,,,,,,,,
2023,2023,2024-06-23 05:15:00+00:00,-1,167950,64334.6,47.514285714285506,2024-06-23 17:15:00+00:00,64041.0,0.6770027059530997,5.502191521346957,6.179194227300057,True,1.5,64405.87142857142,167958.0,2024-06-23 07:15:00+00:00,8.0,2.0,False,0.17107636800973566,10.899278412507451,7.00144152134688,7.00144152134688
2024,2024,2024-06-23 17:15:00+00:00,1,167998,64041.0,100.5642857142853,2024-06-24 05:15:00+00:00,62610.0,0.3184082676326456,-14.548112081824051,-14.229703814191407,True,1.5,63890.15357142857,168011.0,2024-06-23 20:30:00+00:00,13.0,3.25,True,2.8852546345621213,1.0336316499751341,-13.047362081824042,-1.8176582676326456
2025,2025,2024-06-24 05:15:00+00:00,1,168046,62610.0,190.17142857142713,2024-06-24 17:15:00+00:00,59951.7,0.16461463341346277,-14.143055138221277,-13.978440504807814,True,1.5,62324.74285714286,168047.0,2024-06-24 05:30:00+00:00,1.0,0.25,True,1.6545222355769629,3.3157301682692517,-12.642305138221284,-1.6638646334134628
2026,2026,2024-06-24 17:15:00+00:00,-1,168094,59951.7,383.85000000000065,2024-06-25 05:15:00+00:00,61259.2,0.07809261430246175,-3.4843711085059206,-3.406278494203459,True,1.5,60527.475,168124.0,2024-06-25 00:45:00+00:00,30.0,7.5,True,1.9299856714862658,0.7246971473231605,-1.9851211085059197,-1.5788426143024619
2027,2027,2024-06-25 05:15:00+00:00,1,168142,61259.2,231.6428571428582,2024-06-25 17:15:00+00:00,61714.3,0.13222769041011348,1.8324346592661285,1.9646623496762419,True,1.5,60911.73571428571,168150.0,2024-06-25 07:15:00+00:00,8.0,2.0,False,1.3436016034535558,5.326148627813759,3.3331846592661396,3.3331846592661396
2028,2028,2024-06-25 17:15:00+00:00,1,168190,61714.3,321.13571428571385,2024-06-26 05:15:00+00:00,61575.5,0.0960875686736806,-0.5283035877132596,-0.432216019039579,True,1.5,61232.59642857143,168193.0,2024-06-25 18:00:00+00:00,3.0,0.75,False,0.4128984185591335,3.8379523565915608,0.9724464122867502,0.9724464122867502
2029,2029,2024-06-26 05:15:00+00:00,1,168238,61575.5,163.91428571428438,2024-06-26 17:15:00+00:00,61134.7,0.18782835105455967,-2.8770387397594974,-2.6892103887049377,True,1.5,61329.62857142858,168254.0,2024-06-26 09:15:00+00:00,16.0,4.0,True,3.048108767648655,3.8420777409796134,-1.3762887397595183,-1.6870783510545597
2030,2030,2024-06-26 19:30:00+00:00,-1,168295,60892.2,257.80714285714254,2024-06-27 07:30:00+00:00,60825.2,0.11809641758789807,0.14178777048181107,0.25988418806970914,True,1.5,61278.91071428571,168326.0,2024-06-27 03:15:00+00:00,31.0,7.75,False,0.19002299614885973,2.614011027068948,1.6410377704818082,1.6410377704818082
2031,2031,2024-06-27 07:30:00+00:00,1,168343,60825.2,130.38571428571336,2024-06-27 19:30:00+00:00,61510.6,0.23325101347649993,5.023459844417709,5.256710857894209,False,1.5,60629.62142857143,,,,,,,,,
2032,2032,2024-06-27 21:30:00+00:00,-1,168399,61578.5,135.764285714285,2024-06-28 09:30:00+00:00,61400.0,0.22678460567159586,1.0879941600463046,1.3147787657179004,True,1.5,61782.146428571425,168414.0,2024-06-28 01:15:00+00:00,15.0,3.75,True,2.6918240648182574,1.27902877887092,2.5872441600462834,-1.727534605671596
2033,2033,2024-06-28 09:45:00+00:00,-1,168448,61530.2,127.5642857142853,2024-06-28 21:45:00+00:00,60365.4,0.2411733019765952,8.889909065457188,9.131082367433782,True,1.5,61721.546428571426,168454.0,2024-06-28 11:15:00+00:00,6.0,1.5,False,1.1488605185060872,13.197631446329604,10.389159065457195,10.389159065457195
2034,2034,2024-06-28 21:45:00+00:00,-1,168496,60365.4,198.04285714285703,2024-06-29 09:45:00+00:00,60970.8,0.15240489071629526,-3.209318978576075,-3.05691408785978,True,1.5,60662.46428571429,168506.0,2024-06-29 00:15:00+00:00,10.0,2.5,True,1.692238332251289,1.051107263939991,-1.7100689785760603,-1.6531548907162952
2035,2035,2024-06-29 09:45:00+00:00,1,168544,60970.8,90.87857142857163,2024-06-29 21:45:00+00:00,61048.1,0.3354520160339535,0.5151335376876032,0.8505855537215566,False,1.5,60834.482142857145,,,,,,,,,
2036,2036,2024-06-30 07:00:00+00:00,-1,168629,61723.7,119.51428571428394,2024-06-30 19:00:00+00:00,61916.9,0.2582272890270179,-1.8747704398757516,-1.6165431508487338,True,1.5,61902.97142857142,168676.0,2024-06-30 18:45:00+00:00,47.0,11.75,True,1.6443939756156687,0.6959120248624674,-0.37552043987576245,-1.7589772890270179
2037,2037,2024-06-30 21:00:00+00:00,1,168685,61897.9,158.1785714285704,2024-07-01 09:00:00+00:00,62873.9,0.19565829758410605,5.974583291939529,6.170241589523635,False,1.5,61660.63214285715,,,,,,,,,
2038,2038,2024-07-01 09:00:00+00:00,1,168733,62873.9,125.39285714285663,2024-07-01 21:00:00+00:00,63209.2,0.2507076616348629,2.423288350897155,2.6739960125320184,True,1.5,62685.81071428572,168742.0,2024-07-01 11:15:00+00:00,9.0,2.25,False,1.4642836798633525,9.276360011392768,3.924038350897136,3.924038350897136
2039,2039,2024-07-01 21:00:00+00:00,1,168781,63209.2,186.2642857142855,2024-07-02 09:00:00+00:00,62742.0,0.1696761130498142,-2.6779401004716674,-2.508263987421853,True,1.5,62929.803571428565,168786.0,2024-07-01 22:15:00+00:00,5.0,1.25,True,1.835046209303186,1.9015799363424062,-1.1771901004716478,-1.668926113049814
2040,2040,2024-07-02 09:00:00+00:00,-1,168829,62742.0,145.6785714285704,2024-07-02 21:00:00+00:00,61928.0,0.2153439568521712,5.372300073547476,5.587644030399647,True,1.5,62960.517857142855,168844.0,2024-07-02 12:45:00+00:00,15.0,3.75,False,1.42012748222607,7.966290757538655,6.871550073547472,6.871550073547472
2041,2041,2024-07-02 22:00:00+00:00,-1,168881,62042.0,132.99285714285568,2024-07-03 10:00:00+00:00,60260.0,0.23325312852462796,13.165962726247525,13.399215854772153,True,1.5,62241.489285714284,168890.0,2024-07-03 00:15:00+00:00,9.0,2.25,False,0.2760352328266761,15.69850690155236,14.66521272624753,14.66521272624753
2042,2042,2024-07-03 10:00:00+00:00,-1,168929,60260.0,193.10000000000167,2024-07-03 22:00:00+00:00,60228.9,0.1560331434489888,0.005023303987563621,0.16105644743655242,True,1.5,60549.65,168944.0,2024-07-03 13:45:00+00:00,15.0,3.75,False,0.7786121180735227,6.475142413257316,1.5042733039875582,1.5042733039875582
2043,2043,2024-07-03 22:00:00+00:00,-1,168977,60228.9,248.30714285714203,2024-07-04 10:00:00+00:00,57560.2,0.12127903230446205,10.626297413917149,10.747576446221611,False,1.5,60601.360714285714,,,,,,,,,
2044,2044,2024-07-04 10:30:00+00:00,-1,169027,57646.3,430.8571428571423,2024-07-04 22:30:00+00:00,58243.9,0.06689723143236083,-1.453899883952253,-1.3870026525198922,True,1.5,58292.58571428571,169048.0,2024-07-04 15:45:00+00:00,21.0,5.25,False,1.1776856763925774,1.3140915119363348,0.04535011604773914,0.04535011604773914
2045,2045,2024-07-04 22:45:00+00:00,1,169076,58031.8,203.7428571428562,2024-07-05 10:45:00+00:00,54963.5,0.14241431776749472,-15.202083368391614,-15.05966905062412,True,1.5,57726.18571428572,169079.0,2024-07-04 23:30:00+00:00,3.0,0.75,True,5.723811527135093,0.8398541579021133,-13.701333368391616,-1.6416643177674948
2046,2046,2024-07-05 10:45:00+00:00,-1,169124,54963.5,360.32142857142856,2024-07-05 22:45:00+00:00,56600.1,0.0762700961443156,-4.6183258003766445,-4.542055704232329,True,1.5,55503.982142857145,169128.0,2024-07-05 11:45:00+00:00,4.0,1.0,True,2.7642481910992114,1.890207156308853,-3.1190758003766383,-1.5770200961443157
2047,2047,2024-07-06 02:00:00+00:00,1,169185,56176.0,228.02142857142826,2024-07-06 14:00:00+00:00,56710.8,0.12318140525639838,2.222212198101698,2.3453936033580964,False,1.5,55833.96785714286,,,,,,,,,
2048,2048,2024-07-06 14:00:00+00:00,-1,169233,56710.8,182.62857142857112,2024-07-07 02:00:00+00:00,58255.4,0.1552626720901129,-8.612865926157703,-8.45760325406759,True,1.5,56984.74285714286,169235.0,2024-07-06 14:30:00+00:00,2.0,0.5,True,1.5071964956195065,1.17255944931167,-7.113615926157697,-1.656012672090113
2049,2049,2024-07-07 02:00:00+00:00,1,169281,58255.4,199.12142857142888,2024-07-07 14:00:00+00:00,56717.6,0.14628109193959155,-7.869206801305738,-7.722925709366147,True,1.5,57956.71785714286,169285.0,2024-07-07 03:00:00+00:00,4.0,1.0,True,2.0174516626609833,1.9329016752161061,-6.368456801305745,-1.6455310919395916
2050,2050,2024-07-07 15:30:00+00:00,-1,169335,56840.5,230.7500000000005,2024-07-08 03:30:00+00:00,55190.6,0.12316468039003223,7.026997833152754,7.150162513542786,True,1.5,57186.625,169341.0,2024-07-07 17:00:00+00:00,6.0,1.5,False,0.8042253521126617,12.756338028168992,8.52624783315275,8.52624783315275
2051,2051,2024-07-08 03:30:00+00:00,-1,169383,55190.6,445.69285714285746,2024-07-08 15:30:00+00:00,56010.2,0.06191550875843385,-1.9008500729201678,-1.838934564161734,True,1.5,55859.139285714286,169396.0,2024-07-08 06:45:00+00:00,13.0,3.25,True,2.103827107072461,0.8055755885699655,-0.4016000729201661,-1.5626655087584338
2052,2052,2024-07-08 16:30:00+00:00,-1,169435,55854.0,603.7142857142862,2024-07-09 04:30:00+00:00,57173.7,0.04625863700899192,-2.232226455276851,-2.185967818267859,True,1.5,56759.57142857143,169454.0,2024-07-08 21:15:00+00:00,19.0,4.75,False,0.9779933743492674,0.8337908187411287,-0.7329764552768538,-0.7329764552768538
2053,2053,2024-07-09 04:30:00+00:00,1,169483,57173.7,282.91428571428696,2024-07-09 16:30:00+00:00,57554.0,0.10104420824075899,1.2431791809735455,1.3442233892143045,False,1.5,56749.32857142857,,,,,,,,,
2054,2054,2024-07-09 16:30:00+00:00,1,169531,57554.0,408.24285714285674,2024-07-10 04:30:00+00:00,59110.6,0.07048990446862868,3.742436574867901,3.8129264793365296,False,1.5,56941.635714285716,,,,,,,,,
2055,2055,2024-07-10 05:00:00+00:00,1,169581,59151.6,332.77857142857,2024-07-10 17:00:00+00:00,57688.0,0.08887531391530228,-4.4869950417480675,-4.398119727832765,True,1.5,58652.43214285714,169593.0,2024-07-10 08:00:00+00:00,12.0,3.0,True,2.489439567279838,1.0862113374401798,-2.9862450417480626,-1.5881253139153022
2056,2056,2024-07-10 17:00:00+00:00,-1,169629,57688.0,252.5857142857141,2024-07-11 05:00:00+00:00,57841.0,0.11419489847859293,-0.7199298682201238,-0.605734969741531,True,1.5,58066.87857142857,169663.0,2024-07-11 01:30:00+00:00,34.0,8.5,False,1.2396640461512443,4.105056275097558,0.7793201317798699,0.7793201317798699
2057,2057,2024-07-11 05:15:00+00:00,1,169678,57735.1,249.99285714285776,2024-07-11 17:15:00+00:00,57850.0,0.11547349924283523,0.34413963256093527,0.4596131318037705,True,1.5,57360.110714285714,169719.0,2024-07-11 15:30:00+00:00,41.0,10.25,False,0.8324666419040532,2.071616331895191,1.844889632560925,1.844889632560925
2058,2058,2024-07-11 17:15:00+00:00,-1,169726,57850.0,313.72857142857225,2024-07-12 05:15:00+00:00,57059.4,0.09219753198852487,2.4278152178862418,2.5200127498747666,False,1.5,58320.59285714286,,,,,,,,,
2059,2059,2024-07-12 06:15:00+00:00,-1,169778,57299.0,184.85000000000062,2024-07-12 18:15:00+00:00,58116.4,0.15498782796862268,-4.576951582364072,-4.421963754395449,True,1.5,57576.275,169806.0,2024-07-12 13:15:00+00:00,28.0,7.0,True,2.177035434135755,0.8703002434406246,-3.0777015823640688,-1.6557378279686228
2060,2060,2024-07-12 18:15:00+00:00,1,169826,58116.4,249.57857142857185,2024-07-13 06:15:00+00:00,58128.1,0.1164290661400645,-0.06955004149853765,0.04687902464152685,True,1.5,57742.03214285714,169831.0,2024-07-12 19:30:00+00:00,5.0,1.25,True,2.541613004779484,0.543587762227752,1.431199958501475,-1.6156790661400644
2061,2061,2024-07-13 08:45:00+00:00,1,169884,57929.9,113.27142857142722,2024-07-13 20:45:00+00:00,58570.9,0.25571276327406034,5.403260625551836,5.658973388825896,False,1.5,57759.99285714286,,,,,,,,,
2062,2062,2024-07-13 23:15:00+00:00,1,169942,59365.8,263.7857142857143,2024-07-14 11:15:00+00:00,59965.1,0.11252656376929328,2.1593932845924555,2.271919848361749,False,1.5,58970.12142857143,,,,,,,,,
2063,2063,2024-07-14 11:15:00+00:00,1,169990,59965.1,155.02142857142775,2024-07-14 23:15:00+00:00,61078.1,0.1934090678708023,6.9862435147215045,7.179652582592307,True,1.5,59732.56785714286,169994.0,2024-07-14 12:15:00+00:00,4.0,1.0,True,1.7743860295811786,1.1735935124176389,8.486993514721497,-1.6926590678708022
2064,2064,2024-07-14 23:15:00+00:00,-1,170038,61078.1,317.3857142857149,2024-07-15 11:15:00+00:00,62405.8,0.096220619345546,-4.279458680289873,-4.183238060944327,True,1.5,61554.17857142857,170046.0,2024-07-15 01:15:00+00:00,8.0,2.0,True,2.639442769050723,1.2381734707656398,-2.7802086802898685,-1.596970619345546
2065,2065,2024-07-15 11:15:00+00:00,1,170086,62405.8,212.79285714285808,2024-07-15 23:15:00+00:00,64483.0,0.1466350911349059,9.614970762982052,9.761605854116958,False,1.5,62086.610714285714,,,,,,,,,
2066,2066,2024-07-15 23:30:00+00:00,-1,170135,64686.0,347.7142857142852,2024-07-16 11:30:00+00:00,63731.4,0.09301602300739538,2.652341413311421,2.7453574363188165,False,1.5,65207.57142857143,,,,,,,,,
2067,2067,2024-07-16 11:30:00+00:00,-1,170183,63731.4,291.69285714285746,2024-07-16 23:30:00+00:00,65158.0,0.10924401890442478,-5.000004848544202,-4.890760829639777,True,1.5,64168.93928571429,170187.0,2024-07-16 12:30:00+00:00,4.0,1.0,True,1.5394984940127716,3.899441682787673,-3.500754848544199,-1.6099940189044248
2068,2068,2024-07-17 07:15:00+00:00,1,170262,65396.4,196.3714285714268,2024-07-17 19:15:00+00:00,64674.0,0.1665120034919264,-3.8452549105194658,-3.6787429070275395,True,1.5,65101.84285714286,170265.0,2024-07-17 08:00:00+00:00,3.0,0.75,True,1.691910373926995,1.128255492506917,-2.3445049105194564,-1.6657620034919265
2069,2069,2024-07-17 19:15:00+00:00,-1,170310,64674.0,267.7071428571435,2024-07-18 07:15:00+00:00,64740.8,0.1207924437685101,-0.3703188452199999,-0.2495264014514898,True,1.5,65075.56071428572,170337.0,2024-07-18 02:00:00+00:00,27.0,6.75,False,0.3669655006803739,3.2332372795432205,1.1289311547800138,1.1289311547800138
2070,2070,2024-07-18 14:45:00+00:00,-1,170388,63957.2,253.4357142857147,2024-07-19 02:45:00+00:00,63806.0,0.12618032186240502,0.4704206758546705,0.5966009977170755,False,1.5,64337.35357142857,,,,,,,,,
2071,2071,2024-07-19 06:45:00+00:00,1,170452,64184.9,161.41428571428645,2024-07-19 18:45:00+00:00,66746.4,0.19882038233471896,15.670283078148394,15.869103460483112,True,1.5,63942.77857142857,170453.0,2024-07-19 07:00:00+00:00,1.0,0.25,True,1.891273564032204,1.4993804761483456,17.171033078148398,-1.698070382334719
2072,2072,2024-07-19 18:45:00+00:00,1,170500,66746.4,305.2642857142834,2024-07-20 06:45:00+00:00,66597.1,0.1093255960877,-0.5984099960221486,-0.4890843999344486,True,1.5,66288.50357142856,170523.0,2024-07-20 00:30:00+00:00,23.0,5.75,False,0.4239066850737778,1.418431335844859,0.9023400039778737,0.9023400039778737
2073,2073,2024-07-22 07:45:00+00:00,-1,170744,67210.3,198.64285714285714,2024-07-22 19:45:00+00:00,68193.5,0.16917371449119023,-5.118760194174743,-4.9495864796835525,True,1.5,67508.2642857143,170760.0,2024-07-22 11:45:00+00:00,16.0,4.0,True,1.5980222941387487,0.9099964041711971,-3.6195101941747216,-1.6699237144911903
2074,2074,2024-07-22 19:45:00+00:00,1,170792,68193.5,235.46428571428675,2024-07-23 07:45:00+00:00,66550.0,0.14480646139845227,-7.124633550735597,-6.979827089337145,True,1.5,67840.30357142857,170796.0,2024-07-22 20:45:00+00:00,4.0,1.0,True,1.6193690277566781,1.2897770362505896,-5.623883550735577,-1.6440564613984523
2075,2075,2024-07-23 07:45:00+00:00,-1,170840,66550.0,268.442857142858,2024-07-23 19:45:00+00:00,65516.1,0.12395561705071538,3.7275158320472506,3.851471449097966,True,1.5,66952.66428571429,170843.0,2024-07-23 08:30:00+00:00,3.0,0.75,False,1.4354478207652508,5.722500133042401,5.226765832047251,5.226765832047251
2076,2076,2024-07-23 19:45:00+00:00,-1,170888,65516.1,277.20714285714246,2024-07-24 07:45:00+00:00,66049.0,0.11817173851426231,-2.0405608750547635,-1.9223891365405013,True,1.5,65931.91071428571,170892.0,2024-07-23 20:45:00+00:00,4.0,1.0,False,0.7344301579530682,1.7355639155865676,-0.5413108750547712,-0.5413108750547712
2077,2077,2024-07-24 10:30:00+00:00,1,170947,66455.5,163.9071428571437,2024-07-24 22:30:00+00:00,65314.0,0.2027230139015983,-7.167032073909407,-6.964309060007809,True,1.5,66209.63928571428,170956.0,2024-07-24 12:45:00+00:00,9.0,2.25,True,1.5840632762452072,5.354621519152866,-5.666282073909368,-1.7019730139015983
2078,2078,2024-07-24 23:00:00+00:00,-1,170997,65371.9,302.69285714285695,2024-07-25 11:00:00+00:00,64228.4,0.10798388276659515,3.669772919272249,3.7777568020388443,False,1.5,65825.93928571428,,,,,,,,,
2079,2079,2024-07-25 14:30:00+00:00,1,171059,64719.9,329.5357142857148,2024-07-26 02:30:00+00:00,66895.1,0.09819861276687968,6.502603381380734,6.600801994147614,False,1.5,64225.59642857143,,,,,,,,,
2080,2080,2024-07-26 02:30:00+00:00,1,171107,66895.1,247.62142857142732,2024-07-26 14:30:00+00:00,67132.1,0.13507534542937158,0.8220308362419634,0.957106181671335,False,1.5,66523.66785714286,,,,,,,,,
2081,2081,2024-07-26 17:45:00+00:00,1,171168,67340.3,233.57857142857287,2024-07-27 05:45:00+00:00,67860.9,0.14414913917005506,2.084651203327065,2.22880034249712,False,1.5,66989.93214285714,,,,,,,,,
2082,2082,2024-07-27 20:15:00+00:00,-1,171274,67306.8,484.02857142857204,2024-07-28 08:15:00+00:00,67360.9,0.06952771383035232,-0.1812979753261136,-0.11177026149576129,True,1.5,68032.84285714287,171276.0,2024-07-27 20:45:00+00:00,2.0,0.5,True,2.4113393542293617,2.5805147275839784,1.3179520246738983,-1.5702777138303523
2083,2083,2024-07-28 10:15:00+00:00,-1,171330,67584.9,136.75714285714534,2024-07-28 22:15:00+00:00,68208.5,0.24709824506423866,-4.807006319857889,-4.5599080747936505,True,1.5,67790.03571428571,171335.0,2024-07-28 11:30:00+00:00,5.0,1.25,True,2.218270134753943,0.997649639611316,-3.307756319857904,-1.7478482450642387
2084,2084,2024-07-29 01:00:00+00:00,1,171389,68546.5,245.96428571428572,2024-07-29 13:00:00+00:00,69926.5,0.13934238420211992,5.471228256134746,5.610570640336866,False,1.5,68177.55357142857,,,,,,,,,
2085,2085,2024-07-29 14:30:00+00:00,-1,171443,68836.9,315.93571428571573,2024-07-30 02:30:00+00:00,66170.2,0.1089413081323049,8.33169987113106,8.440641179263364,False,1.5,69310.80357142857,,,,,,,,,
2086,2086,2024-07-30 02:30:00+00:00,-1,171491,66170.2,345.61428571428405,2024-07-30 14:30:00+00:00,66026.1,0.09572839251023069,0.3212103914355155,0.4169387839457462,True,1.5,66688.62142857142,171498.0,2024-07-30 04:15:00+00:00,7.0,1.75,False,0.8043028975323804,1.9924564956805626,1.8204603914355155,1.8204603914355155
2087,2087,2024-07-30 15:00:00+00:00,-1,171541,65863.8,317.42857142857036,2024-07-31 03:00:00+00:00,66182.0,0.10374585958595894,-1.1061761026102555,-1.0024302430242966,True,1.5,66339.94285714286,171547.0,2024-07-30 16:30:00+00:00,6.0,1.5,False,0.5864536453645541,3.4194869486948836,0.39307389738974297,0.39307389738974297
2088,2088,2024-07-31 03:00:00+00:00,-1,171589,66182.0,192.69999999999814,2024-07-31 15:00:00+00:00,66490.3,0.17172288531396118,-1.7716190970420664,-1.5998962117281053,True,1.5,66471.05,171601.0,2024-07-31 06:00:00+00:00,12.0,3.0,True,1.8435391800726695,2.928645563051434,-0.27236909704203693,-1.6724728853139612
2089,2089,2024-07-31 15:30:00+00:00,1,171639,66458.2,291.057142857142,2024-08-01 03:30:00+00:00,63973.9,0.11416692843820589,-8.649604250515372,-8.535437322077167,True,1.5,66021.61428571428,171654.0,2024-07-31 19:15:00+00:00,15.0,3.75,True,1.5602238146657492,0.8104446844016965,-7.148854250515373,-1.6134169284382058
2090,2090,2024-08-01 03:30:00+00:00,-1,171687,63973.9,306.485714285714,2024-08-01 15:30:00+00:00,62922.8,0.10436685466579669,3.325156777290947,3.4295236319567435,True,1.5,64433.62857142857,171702.0,2024-08-01 07:15:00+00:00,15.0,3.75,True,1.6104222988720034,0.6223081942761154,4.824406777290937,-1.6051168546657968
2091,2091,2024-08-01 15:45:00+00:00,-1,171736,62892.6,346.07142857142753,2024-08-02 03:45:00+00:00,64600.1,0.0908665015479879,-5.024819029927776,-4.933952528379788,True,1.5,63411.707142857136,171746.0,2024-08-01 18:15:00+00:00,10.0,2.5,True,2.5667905056759817,1.767574819401431,-3.525569029927786,-1.591616501547988
2092,2092,2024-08-02 03:45:00+00:00,-1,171784,64600.1,309.7642857142855,2024-08-02 15:45:00+00:00,63393.5,0.10427299559572954,3.790946872045563,3.895219867641292,True,1.5,65064.74642857142,171823.0,2024-08-02 13:30:00+00:00,39.0,9.75,True,1.5158415384970416,0.7707358129453101,5.290196872045551,-1.6050229955957296
2093,2093,2024-08-02 15:45:00+00:00,-1,171832,63393.5,650.0999999999991,2024-08-03 03:45:00+00:00,61862.2,0.048756729733887165,2.3067270419935473,2.3554837717274344,False,1.5,64368.65,,,,,,,,,
2094,2094,2024-08-03 03:45:00+00:00,-1,171880,61862.2,367.66428571428594,2024-08-03 15:45:00+00:00,60857.7,0.08412864997182984,2.6479833310667713,2.732111981038601,False,1.5,62413.69642857143,,,,,,,,,
2095,2095,2024-08-03 15:45:00+00:00,1,171928,60857.7,228.2357142857145,2024-08-04 03:45:00+00:00,60705.3,0.13332203548962526,-0.8010527649985655,-0.6677307295089402,True,1.5,60515.34642857143,171930.0,2024-08-03 16:15:00+00:00,2.0,0.5,True,1.8636278283729228,3.2736049823177744,0.6996972350014187,-1.6325720354896254
2096,2096,2024-08-04 05:45:00+00:00,1,171984,60762.0,153.39285714285714,2024-08-04 17:45:00+00:00,57844.4,0.19806006984866123,-19.218502444703134,-19.020442374854472,True,1.5,60531.91071428572,171991.0,2024-08-04 07:30:00+00:00,7.0,1.75,True,1.9812572759022322,0.3402328288707502,-17.717752444703155,-1.6973100698486612
2097,2097,2024-08-04 17:45:00+00:00,-1,172032,57844.4,519.1642857142864,2024-08-05 05:45:00+00:00,52696.4,0.055709147943810725,9.860227178294775,9.915936326238585,True,1.5,58623.14642857143,172036.0,2024-08-04 18:45:00+00:00,4.0,1.0,True,1.6013304349022381,0.510332539933696,11.359477178294776,-1.5564591479438108
2098,2098,2024-08-05 06:15:00+00:00,1,172082,50010.0,944.3428571428568,2024-08-05 18:15:00+00:00,53891.6,0.026478730485295907,4.083892805276533,4.110371535761829,False,1.5,48593.485714285714,,,,,,,,,
2099,2099,2024-08-05 18:15:00+00:00,1,172130,53891.6,717.3714285714284,2024-08-06 06:15:00+00:00,55803.8,0.03756185279592163,2.6280029074398668,2.6655647602357884,True,1.5,52815.54285714286,172133.0,2024-08-05 19:00:00+00:00,3.0,0.75,False,0.4114226541341377,4.794248844989651,4.128752907439865,4.128752907439865
2100,2100,2024-08-06 08:00:00+00:00,1,172185,55705.0,340.08571428571355,2024-08-06 20:00:00+00:00,56441.1,0.08189847097370428,2.082555868268504,2.164454339242208,True,1.5,55194.87142857143,172187.0,2024-08-06 08:30:00+00:00,2.0,0.5,True,1.8368058472654134,0.8307569520289009,3.5833058682685017,-1.5811484709737043
2101,2101,2024-08-06 20:00:00+00:00,1,172233,56441.1,339.85000000000065,2024-08-07 08:00:00+00:00,57019.9,0.08303825217007488,1.6200660585552504,1.7031043107253254,True,1.5,55931.325,172242.0,2024-08-06 22:15:00+00:00,9.0,2.25,False,1.2212005296454123,3.8772252464322507,3.120816058555252,3.120816058555252
2102,2102,2024-08-07 08:30:00+00:00,1,172283,57002.1,237.12857142857112,2024-08-07 20:30:00+00:00,54994.2,0.12019239110789821,-8.58775067775169,-8.467558286643792,True,1.5,56646.40714285714,172305.0,2024-08-07 14:00:00+00:00,22.0,5.5,True,2.0934092415205665,1.3882462798963846,-7.087000677751684,-1.6194423911078983
2103,2103,2024-08-07 20:30:00+00:00,-1,172331,54994.2,375.4357142857137,2024-08-08 08:30:00+00:00,57329.2,0.07324050151252842,-6.2926807709138055,-6.219440269401277,True,1.5,55557.35357142857,172349.0,2024-08-08 01:00:00+00:00,18.0,4.5,True,5.677260706607586,0.8559483267061054,-4.793430770913805,-1.5739905015125284
2104,2104,2024-08-08 08:30:00+00:00,1,172379,57329.2,195.93571428571417,2024-08-08 20:30:00+00:00,59568.5,0.14629594254675377,11.282452553680164,11.428748496226918,True,1.5,57035.296428571426,172381.0,2024-08-08 09:00:00+00:00,2.0,0.5,True,1.991961649228963,7.475429258867722,12.783202553680162,-1.6455459425467538
2105,2105,2024-08-08 21:30:00+00:00,-1,172431,60491.1,316.7999999999993,2024-08-09 09:30:00+00:00,60781.0,0.09547206439393961,-1.01056044823233,-0.9150883838383905,True,1.5,60966.299999999996,172432.0,2024-08-08 21:45:00+00:00,1.0,0.25,True,4.841224747474772,2.010732323232305,0.4886895517676641,-1.5962220643939395
2106,2106,2024-08-09 14:00:00+00:00,-1,172497,60777.9,356.514285714285,2024-08-10 02:00:00+00:00,60522.0,0.0852390807821768,0.6325442178233746,0.7177832986055513,True,1.5,61312.671428571426,172538.0,2024-08-10 00:15:00+00:00,41.0,10.25,False,0.3851979483891727,2.9047122936368037,2.1317942178233666,2.1317942178233666
2107,2107,2024-08-10 09:30:00+00:00,1,172575,60929.4,146.74285714285725,2024-08-10 21:30:00+00:00,60959.6,0.20760601635514003,-0.0018038356698017455,0.2058021806853383,True,1.5,60709.28571428572,172578.0,2024-08-10 10:15:00+00:00,3.0,0.75,True,1.7362733644860013,1.9027453271027812,1.4989461643301858,-1.70685601635514
2108,2108,2024-08-11 21:30:00+00:00,-1,172719,58947.1,375.5642857142863,2024-08-12 09:30:00+00:00,58342.0,0.07847804256452183,1.5326975218242962,1.611175564388818,False,1.5,59510.44642857143,,,,,,,,,
2109,2109,2024-08-12 09:30:00+00:00,-1,172767,58342.0,361.2428571428562,2024-08-12 21:30:00+00:00,59000.0,0.08075176968402757,-1.9022410724878445,-1.8214893028038168,True,1.5,58883.864285714284,172772.0,2024-08-12 10:45:00+00:00,5.0,1.25,True,1.927057381263109,0.5956222564954374,-0.4029910724878452,-1.5815017696840277
2110,2110,2024-08-12 21:30:00+00:00,-1,172815,59000.0,354.8785714285727,2024-08-13 09:30:00+00:00,58767.8,0.0831270253406595,0.571181289374625,0.6543083147152845,True,1.5,59532.31785714286,172822.0,2024-08-12 23:15:00+00:00,7.0,1.75,False,1.0219894128776383,2.4349676951874906,2.0704312893746217,2.0704312893746217
2111,2111,2024-08-13 11:30:00+00:00,-1,172871,58830.0,241.8357142857146,2024-08-13 23:30:00+00:00,60403.0,0.12163215878547995,-6.626047789231169,-6.504415630445689,True,1.5,59192.75357142857,172877.0,2024-08-13 13:00:00+00:00,6.0,1.5,True,1.8865965679180134,1.602135452048299,-5.126797789231179,-1.6223821587854799
2112,2112,2024-08-14 00:00:00+00:00,-1,172921,60593.5,222.87857142857214,2024-08-14 12:00:00+00:00,61194.6,0.1359338845623814,-2.832918148895924,-2.6969842643335427,True,1.5,60927.81785714286,172933.0,2024-08-14 03:00:00+00:00,12.0,3.0,True,1.5666923052270527,0.6816171521968991,-1.333668148895925,-1.6366838845623815
2113,2113,2024-08-14 13:45:00+00:00,-1,172976,59583.0,461.3142857142863,2024-08-15 01:45:00+00:00,58172.7,0.06457961724266063,2.9925552768487576,3.0571348940914183,False,1.5,60274.97142857143,,,,,,,,,
2114,2114,2024-08-15 01:45:00+00:00,-1,173024,58172.7,221.74285714285776,2024-08-15 13:45:00+00:00,59420.2,0.13117153073057558,-5.7570573701842385,-5.625885839453663,True,1.5,58505.31428571428,173026.0,2024-08-15 02:15:00+00:00,2.0,0.5,True,3.808400979255274,3.7237469398273175,-4.25780737018425,-1.6319215307305757
2115,2115,2024-08-15 14:00:00+00:00,1,173073,59349.0,356.0071428571438,2024-08-16 02:00:00+00:00,57381.3,0.08335366465359824,-5.61048995806663,-5.527136293413031,True,1.5,58814.989285714284,173088.0,2024-08-15 17:45:00+00:00,15.0,3.75,True,2.758341526052836,1.643255552657451,-4.109739958066629,-1.5826036646535981
2116,2116,2024-08-16 02:00:00+00:00,1,173121,57381.3,223.27142857142775,2024-08-16 14:00:00+00:00,58081.7,0.12850121568878414,3.008487715144908,3.136988930833692,False,1.5,57046.39285714286,,,,,,,,,
2117,2117,2024-08-16 15:00:00+00:00,-1,173173,58134.0,442.985714285715,2024-08-17 03:00:00+00:00,59031.9,0.06561611145151397,-2.092543777612951,-2.026927666161437,True,1.5,58798.478571428575,173183.0,2024-08-16 17:30:00+00:00,10.0,2.5,True,1.6768518817117561,0.5182527653262005,-0.5932937776129444,-1.566366111451514
2118,2118,2024-08-17 03:00:00+00:00,-1,173221,59031.9,162.50714285714224,2024-08-17 15:00:00+00:00,59480.4,0.18162863170849702,-2.9415073183596436,-2.7598786866511467,True,1.5,59275.66071428572,173245.0,2024-08-17 09:00:00+00:00,24.0,6.0,True,1.7367808008439154,1.5363060964353465,-1.4422573183596277,-1.682378631708497
2119,2119,2024-08-17 15:30:00+00:00,1,173271,59415.0,147.15000000000094,2024-08-18 03:30:00+00:00,59504.6,0.20188583078491207,0.40701664967718765,0.6089024804620997,True,1.5,59194.275,173294.0,2024-08-17 21:15:00+00:00,23.0,5.75,False,0.49048589874279613,7.173122663948316,1.9077666496771684,1.9077666496771684
2120,2120,2024-08-18 04:00:00+00:00,-1,173321,59416.9,222.95000000000073,2024-08-18 16:00:00+00:00,59785.8,0.1332516259250949,-1.7878827091276077,-1.6546310832025128,True,1.5,59751.325000000004,173341.0,2024-08-18 09:00:00+00:00,20.0,5.0,True,1.5625700829782085,0.5957613814756848,-0.28863270912759964,-1.634001625925095
2121,2121,2024-08-19 00:00:00+00:00,-1,173401,58612.8,236.8214285714296,2024-08-19 12:00:00+00:00,58348.9,0.12374893681194338,0.9905927914341748,1.114341728246118,False,1.5,58968.03214285715,,,,,,,,,
2122,2122,2024-08-19 12:00:00+00:00,-1,173449,58348.9,211.29999999999978,2024-08-20 00:00:00+00:00,59361.4,0.13807122574538586,-4.929836488405116,-4.79176526265973,True,1.5,58665.85,173454.0,2024-08-19 13:15:00+00:00,5.0,1.25,True,2.8256034074775367,3.059394226218636,-3.4305864884051287,-1.6388212257453858
2123,2123,2024-08-20 00:15:00+00:00,1,173498,60286.5,253.10714285714286,2024-08-20 12:15:00+00:00,60683.9,0.11909284605615918,1.4509932270354227,1.5700860730915818,False,1.5,59906.83928571428,,,,,,,,,
2124,2124,2024-08-20 13:45:00+00:00,-1,173552,60850.0,203.02857142857152,2024-08-21 01:45:00+00:00,59251.5,0.14985575569940887,7.7234203490008415,7.87327610470025,False,1.5,61154.54285714286,,,,,,,,,
2125,2125,2024-08-21 03:30:00+00:00,1,173607,59229.1,176.7285714285707,2024-08-21 15:30:00+00:00,59700.1,0.16757081076711736,2.4975330611915068,2.665103871958624,True,1.5,58964.00714285714,173647.0,2024-08-21 13:30:00+00:00,40.0,10.0,False,0.9217929027564374,6.950165710128593,3.998283061191526,3.998283061191526
2126,2126,2024-08-21 16:45:00+00:00,1,173660,59853.9,445.3714285714294,2024-08-22 04:45:00+00:00,60795.2,0.06719548691300989,2.046321320887849,2.113516807800859,False,1.5,59185.84285714286,,,,,,,,,
2127,2127,2024-08-22 04:45:00+00:00,-1,173708,60795.2,243.24285714285674,2024-08-22 16:45:00+00:00,60301.4,0.12496810947318986,1.9051017795266196,2.0300698889998094,True,1.5,61160.06428571428,173731.0,2024-08-22 10:30:00+00:00,23.0,5.75,False,0.9535150055793943,4.521260351206884,3.404351779526615,3.404351779526615
2128,2128,2024-08-22 16:45:00+00:00,-1,173756,60301.4,301.0357142857143,2024-08-23 04:45:00+00:00,60683.2,0.10015655475145332,-1.3684446079012786,-1.2682880531498253,True,1.5,60752.953571428574,173787.0,2024-08-23 00:30:00+00:00,31.0,7.75,False,0.7874362320559889,0.73032388183653,0.1308053920987248,0.1308053920987248
2129,2129,2024-08-23 06:00:00+00:00,1,173809,60917.4,134.04999999999927,2024-08-23 18:00:00+00:00,62954.0,0.22721894815367524,14.965619544945985,15.19283849309966,True,1.5,60716.325000000004,173829.0,2024-08-23 11:00:00+00:00,20.0,5.0,False,0.4828422230511464,19.020328235733007,16.46636954494597,16.46636954494597
2130,2130,2024-08-23 18:00:00+00:00,1,173857,62954.0,416.02142857142877,2024-08-24 06:00:00+00:00,63903.8,0.07566196796181512,2.2073935065158103,2.2830554744776257,False,1.5,62329.96785714286,,,,,,,,,
2131,2131,2024-08-26 15:30:00+00:00,-1,174135,63453.9,298.6000000000001,2024-08-27 03:30:00+00:00,62887.0,0.10625234427327526,1.7922741125251216,1.8985264567983968,False,1.5,63901.8,,,,,,,,,
2132,2132,2024-08-27 04:00:00+00:00,-1,174185,62903.0,195.54285714285757,2024-08-27 16:00:00+00:00,61820.8,0.16084197837521882,5.3734946668614585,5.534336645236677,False,1.5,63196.31428571429,,,,,,,,,
2133,2133,2024-08-27 16:00:00+00:00,-1,174233,61820.8,287.52142857142877,2024-08-28 04:00:00+00:00,59485.2,0.10750642188159883,8.015714207636712,8.123220629518311,False,1.5,62252.08214285714,,,,,,,,,
2134,2134,2024-08-28 04:00:00+00:00,-1,174281,59485.2,197.52857142857206,2024-08-28 16:00:00+00:00,58564.0,0.15057366022998434,4.513055471179547,4.6636291314095315,True,1.5,59781.49285714285,174304.0,2024-08-28 09:45:00+00:00,23.0,5.75,True,2.107579373689185,1.9530990091849185,6.012305471179539,-1.6513236602299843
2135,2135,2024-08-28 16:00:00+00:00,-1,174329,58564.0,400.07142857142856,2024-08-29 04:00:00+00:00,59084.8,0.07319193001249777,-1.3749594715229496,-1.301767541510452,True,1.5,59164.107142857145,174332.0,2024-08-28 16:45:00+00:00,3.0,0.75,True,1.5762006784502642,1.5074986609534065,0.12429052847705559,-1.5739419300124977
2136,2136,2024-08-29 05:45:00+00:00,-1,174384,59406.4,116.89999999999885,2024-08-29 17:45:00+00:00,60502.0,0.2540906757912771,-9.626203592814452,-9.372112917023175,True,1.5,59581.75,174387.0,2024-08-29 06:30:00+00:00,3.0,0.75,True,1.7643284858853894,2.0680068434559655,-8.12695359281445,-1.7548406757912771
2137,2137,2024-08-29 17:45:00+00:00,1,174432,60502.0,257.5785714285718,2024-08-30 05:45:00+00:00,58760.8,0.11744377582429755,-6.877322869582075,-6.759879093757777,True,1.5,60115.63214285714,174433.0,2024-08-29 18:00:00+00:00,1.0,0.25,True,2.390075150439515,1.569881589528866,-5.376572869582064,-1.6166937758242976
2138,2138,2024-08-30 06:30:00+00:00,-1,174483,59248.1,167.278571428571,2024-08-30 18:30:00+00:00,59199.1,0.17709411161877153,0.11583043682480065,0.2929245484435722,True,1.5,59499.017857142855,174486.0,2024-08-30 07:15:00+00:00,3.0,0.75,True,2.48616507963622,1.7875443016354162,1.6150804368248008,-1.6778441116187714
2139,2139,2024-08-30 18:30:00+00:00,-1,174531,59199.1,378.9714285714285,2024-08-31 06:30:00+00:00,59186.8,0.07810496456574188,-0.04564869194814181,0.03245627261760007,False,1.5,59767.55714285714,,,,,,,,,
2140,2140,2024-08-31 06:45:00+00:00,1,174580,59127.9,58.19285714285694,2024-08-31 18:45:00+00:00,58889.3,0.508034000245491,-4.608193568184599,-4.100159567939108,True,1.5,59040.610714285714,174588.0,2024-08-31 08:45:00+00:00,8.0,2.0,True,1.6533079661224834,0.18540567079908923,-3.1074435681845727,-2.007284000245491
2141,2141,2024-09-01 03:15:00+00:00,-1,174662,58616.0,170.22857142857174,2024-09-01 15:15:00+00:00,57822.7,0.17216851292379962,4.488036253776444,4.660204766700244,False,1.5,58871.34285714286,,,,,,,,,
2142,2142,2024-09-01 15:15:00+00:00,1,174710,57822.7,315.65000000000043,2024-09-02 03:15:00+00:00,57599.7,0.09159306193568813,-0.7980717566925382,-0.70647869475685,True,1.5,57349.225,174738.0,2024-09-01 22:15:00+00:00,28.0,7.0,False,0.8117376841438245,2.2289719626168334,0.7026782433074552,0.7026782433074552
2143,2143,2024-09-02 03:15:00+00:00,1,174758,57599.7,247.42142857142971,2024-09-02 15:15:00+00:00,58521.9,0.11639998267848325,3.610843875400561,3.7272438580790443,False,1.5,57228.56785714285,,,,,,,,,
2144,2144,2024-09-02 20:45:00+00:00,-1,174828,58962.1,179.04285714285703,2024-09-03 08:45:00+00:00,58756.0,0.16465917976541938,0.9864618606877769,1.1511210404531962,True,1.5,59230.66428571429,174829.0,2024-09-02 21:00:00+00:00,1.0,0.25,True,3.1240325540572838,2.087010292826945,2.485711860687793,-1.6654091797654194
2145,2145,2024-09-03 12:15:00+00:00,-1,174890,59185.2,134.31428571428634,2024-09-04 00:15:00+00:00,57774.6,0.220323548181237,10.281910019144803,10.50223356732604,False,1.5,59386.671428571426,,,,,,,,,
2146,2146,2024-09-04 01:00:00+00:00,-1,174941,56169.1,335.0500000000008,2024-09-04 13:00:00+00:00,56488.0,0.08382196687061612,-1.035620205939414,-0.9517982390687978,True,1.5,56671.675,174943.0,2024-09-04 01:30:00+00:00,2.0,0.5,False,0.6725115654379841,1.682659304581406,0.4636297940605955,0.4636297940605955
2147,2147,2024-09-04 14:30:00+00:00,-1,174995,57054.5,257.59999999999957,2024-09-05 02:30:00+00:00,57705.0,0.1107424301242238,-2.6359753493788864,-2.5252329192546625,True,1.5,57440.9,174996.0,2024-09-04 14:45:00+00:00,1.0,0.25,True,2.7049689440993663,1.7309782608695738,-1.1367253493788783,-1.6114924301242237
2148,2148,2024-09-05 03:30:00+00:00,-1,175047,57122.0,229.2214285714295,2024-09-05 15:30:00+00:00,55936.6,0.12460004362593823,5.0468187342245345,5.171418777850473,False,1.5,57465.83214285714,,,,,,,,,
2149,2149,2024-09-05 15:30:00+00:00,-1,175095,55936.6,433.0642857142869,2024-09-06 03:30:00+00:00,56685.9,0.06458232858862903,-1.794810437249503,-1.730228108660874,True,1.5,56586.19642857143,175104.0,2024-09-05 17:45:00+00:00,9.0,2.25,False,0.5784443088291022,2.2772518101898345,-0.29556043724950604,-0.29556043724950604
2150,2150,2024-09-06 03:30:00+00:00,1,175143,56685.9,209.5,2024-09-06 15:30:00+00:00,54369.0,0.13528854415274463,-11.194477088305497,-11.059188544152752,True,1.5,56371.65,175150.0,2024-09-06 05:15:00+00:00,7.0,1.75,True,5.31575178997614,0.7243436754176611,-9.693727088305497,-1.6345385441527447
2151,2151,2024-09-06 15:30:00+00:00,-1,175191,54369.0,564.1000000000006,2024-09-07 03:30:00+00:00,53824.0,0.0481909235951072,0.9179498315901425,0.9661407551852498,False,1.5,55215.15,,,,,,,,,
2152,2152,2024-09-07 03:30:00+00:00,1,175239,53824.0,112.5571428571441,2024-09-07 15:30:00+00:00,54706.9,0.23909633202182753,7.60491940601592,7.844015738037748,False,1.5,53655.16428571429,,,,,,,,,
2153,2153,2024-09-07 15:30:00+00:00,1,175287,54706.9,159.24285714285776,2024-09-08 03:30:00+00:00,54267.6,0.17177191172512718,-2.9304513770521283,-2.7586794653270013,True,1.5,54468.03571428572,175291.0,2024-09-07 16:30:00+00:00,4.0,1.0,True,3.133802816901416,1.2029694088095118,-1.429701377052145,-1.6710219117251273
2154,2154,2024-09-08 03:30:00+00:00,-1,175335,54267.6,120.54285714285705,2024-09-08 15:30:00+00:00,53877.2,0.2250967053804221,3.013585446788353,3.238682152168775,True,1.5,54448.41428571429,175339.0,2024-09-08 04:30:00+00:00,4.0,1.0,True,2.0871059492770714,1.7945010666034844,4.512835446788376,-1.725846705380422
2155,2155,2024-09-08 15:30:00+00:00,1,175383,53877.2,183.028571428571,2024-09-09 03:30:00+00:00,55158.0,0.1471824851701533,6.8506320636903215,6.997814548860475,True,1.5,53602.65714285714,175385.0,2024-09-08 16:00:00+00:00,2.0,0.5,False,0.03364033718387768,9.554480174836133,8.351382063690322,8.351382063690322
2156,2156,2024-09-09 03:30:00+00:00,1,175431,55158.0,251.48571428571555,2024-09-09 15:30:00+00:00,55267.2,0.10966428084526189,0.32455521472391313,0.43421949556917505,True,1.5,54780.771428571425,175437.0,2024-09-09 05:00:00+00:00,6.0,1.5,False,0.8897977732333359,3.953022040445355,1.8253052147239213,1.8253052147239213
2157,2157,2024-09-09 16:15:00+00:00,1,175482,56061.2,342.1357142857149,2024-09-10 04:15:00+00:00,56645.0,0.08192830748032302,1.624412117163203,1.706340424643526,False,1.5,55547.99642857142,,,,,,,,,
2158,2158,2024-09-10 05:15:00+00:00,-1,175534,56857.5,158.4142857142849,2024-09-10 17:15:00+00:00,57071.9,0.17945824691135454,-1.5328715393633503,-1.3534132924519957,True,1.5,57095.12142857143,175542.0,2024-09-10 07:15:00+00:00,8.0,2.0,True,1.7099377761745846,1.6742267111552103,-0.033621539363330594,-1.6802082469113546
2159,2159,2024-09-10 19:45:00+00:00,1,175592,57923.6,304.57142857143015,2024-09-11 07:45:00+00:00,56675.1,0.09509033771106892,-4.194292964352699,-4.09920262664163,True,1.5,57466.74285714285,175597.0,2024-09-10 21:00:00+00:00,5.0,1.25,True,2.70459662288928,1.2310975609756054,-2.6935429643526994,-1.594340337711069
2160,2160,2024-09-11 07:45:00+00:00,-1,175640,56675.1,194.28571428571428,2024-09-11 19:45:00+00:00,57560.9,0.1458550367647059,-4.705119742647074,-4.559264705882368,True,1.5,56966.52857142857,175661.0,2024-09-11 13:00:00+00:00,21.0,5.25,True,2.8991911764706053,7.470073529411778,-3.2058697426470686,-1.6466050367647058
2161,2161,2024-09-11 19:45:00+00:00,1,175688,57560.9,294.4071428571432,2024-09-12 07:45:00+00:00,58101.8,0.09775730887740486,1.739494310599998,1.837251619477403,False,1.5,57119.28928571429,,,,,,,,,
2162,2162,2024-09-12 10:30:00+00:00,1,175747,57931.8,142.2428571428562,2024-09-12 22:30:00+00:00,58193.9,0.20363693883700046,1.6389863412674506,1.842623280104451,True,1.5,57718.43571428572,175755.0,2024-09-12 12:30:00+00:00,8.0,2.0,True,2.8713970071307133,2.858240433865609,3.139736341267449,-1.7028869388370005
2163,2163,2024-09-13 12:15:00+00:00,-1,175850,57665.9,141.9142857142854,2024-09-14 00:15:00+00:00,60440.5,0.20317158244413172,-19.754409754378933,-19.551238171934802,True,1.5,57878.77142857143,175852.0,2024-09-13 12:45:00+00:00,2.0,0.5,True,1.770283873565513,1.6014697000201599,-18.25515975437892,-1.7039215824441318
2164,2164,2024-09-14 00:15:00+00:00,1,175898,60440.5,217.92142857142815,2024-09-14 12:15:00+00:00,59787.6,0.13867498115310264,-3.1347089383460744,-2.9960339571929717,True,1.5,60113.61785714286,175918.0,2024-09-14 05:15:00+00:00,20.0,5.0,True,1.6465469205808192,0.3729882985348488,-1.6339589383460889,-1.6379249811531027
2165,2165,2024-09-14 12:45:00+00:00,-1,175948,59763.4,117.78571428571429,2024-09-15 00:45:00+00:00,59993.0,0.253695451788963,-2.202998059429945,-1.949302607640982,True,1.5,59940.078571428574,175954.0,2024-09-14 14:15:00+00:00,6.0,1.5,True,1.6616737416616165,4.9240145542753515,-0.7037480594299363,-1.754445451788963
2166,2166,2024-09-15 23:15:00+00:00,-1,176086,59222.4,237.2500000000005,2024-09-16 11:15:00+00:00,58704.6,0.12481011591148551,2.0576977871443702,2.1825079030558556,False,1.5,59578.275,,,,,,,,,
2167,2167,2024-09-16 14:30:00+00:00,-1,176147,57745.4,276.8928571428577,2024-09-17 02:30:00+00:00,58086.0,0.10427390687475796,-1.334352586095697,-1.230078679220939,True,1.5,58160.73928571429,176160.0,2024-09-16 17:45:00+00:00,13.0,3.25,False,0.8565071585192662,2.1114278343867103,0.16489741390431503,0.16489741390431503
2168,2168,2024-09-17 06:00:00+00:00,1,176209,58474.1,133.85714285714286,2024-09-17 18:00:00+00:00,60889.7,0.21841979722518676,17.827684791888995,18.046104589114183,False,1.5,58273.31428571428,,,,,,,,,
2169,2169,2024-09-17 18:00:00+00:00,1,176257,60889.7,326.2214285714285,2024-09-18 06:00:00+00:00,60291.0,0.0933257209169933,-1.9285822294234771,-1.8352565085064838,True,1.5,60400.36785714285,176260.0,2024-09-17 18:45:00+00:00,3.0,0.75,True,2.4534496726587887,1.477929101618106,-0.42783222942347465,-1.5925757209169933
2170,2170,2024-09-18 10:30:00+00:00,-1,176323,59809.2,193.30714285714203,2024-09-18 22:30:00+00:00,60473.6,0.1546999224032819,-3.591717252337162,-3.43701732993388,True,1.5,60099.16071428571,176333.0,2024-09-18 13:00:00+00:00,10.0,2.5,True,4.556682555518646,4.972194509108377,-2.0924672523371624,-1.655449922403282
2171,2171,2024-09-18 23:15:00+00:00,1,176374,61170.0,264.07142857142804,2024-09-19 11:15:00+00:00,62466.8,0.11582093589396832,4.7949715985934755,4.9107925344874435,False,1.5,60773.892857142855,,,,,,,,,
2172,2172,2024-09-23 03:30:00+00:00,1,176775,64472.2,347.15000000000197,2024-09-23 15:30:00+00:00,63589.9,0.09285928273080749,-2.634411925680514,-2.5415526429497066,True,1.5,63951.47499999999,176778.0,2024-09-23 04:15:00+00:00,3.0,0.75,True,1.5252052426904459,1.030174276249475,-1.1336619256805058,-1.5921092827308074
2173,2173,2024-09-24 08:45:00+00:00,1,176892,63820.5,136.44285714285746,2024-09-24 20:45:00+00:00,64185.0,0.2338726311381002,2.437575384776457,2.6714480159145575,True,1.5,63615.83571428571,176893.0,2024-09-24 09:00:00+00:00,1.0,0.25,True,1.9483300177991696,1.8114857083028004,3.9383253847764634,-1.7331226311381003
2174,2174,2024-09-24 20:45:00+00:00,1,176940,64185.0,257.5357142857148,2024-09-25 08:45:00+00:00,63795.2,0.12461378449590879,-1.6381902648731186,-1.5135764803772098,True,1.5,63798.69642857143,176980.0,2024-09-25 06:45:00+00:00,40.0,10.0,False,0.7237692414366772,0.5766329219248286,-0.13744026487311753,-0.13744026487311753
2175,2175,2024-09-25 08:45:00+00:00,-1,176988,63795.2,121.50714285714172,2024-09-25 20:45:00+00:00,63472.4,0.26251625418846875,2.3941176885544513,2.65663394274292,False,1.5,63977.46071428571,,,,,,,,,
2176,2176,2024-09-26 04:45:00+00:00,1,177068,63403.9,128.9999999999995,2024-09-26 16:45:00+00:00,65313.5,0.24575155038759788,14.557349224806249,14.803100775193846,False,1.5,63210.4,,,,,,,,,
2177,2177,2024-09-26 16:45:00+00:00,1,177116,65313.5,401.2357142857155,2024-09-27 04:45:00+00:00,65274.1,0.08139043668666417,-0.17958707920175482,-0.09819664251509065,True,1.5,64711.646428571425,177128.0,2024-09-26 19:45:00+00:00,12.0,3.0,False,0.27426877681447676,1.7998237587453163,1.3211629207982505,1.3211629207982505
2178,2178,2024-09-27 18:00:00+00:00,-1,177217,65738.7,228.45000000000124,2024-09-28 06:00:00+00:00,65800.1,0.14387984241628285,-0.4126476253009771,-0.2687677828846942,True,1.5,66081.375,177251.0,2024-09-28 02:30:00+00:00,34.0,8.5,False,0.6812212738017035,1.2316699496607506,1.0866023746990274,1.0866023746990274
2179,2179,2024-09-30 02:45:00+00:00,-1,177444,64350.7,229.1499999999999,2024-09-30 14:45:00+00:00,63723.9,0.1404117390355663,2.594914466506637,2.7353262055422034,False,1.5,64694.424999999996,,,,,,,,,
2180,2180,2024-09-30 18:00:00+00:00,-1,177505,63362.9,224.67142857142815,2024-10-01 06:00:00+00:00,63858.3,0.14101236726648467,-2.3460101417943773,-2.2049977745278926,True,1.5,63699.90714285714,177514.0,2024-09-30 20:15:00+00:00,9.0,2.25,False,0.8861512049342014,3.894162904559036,-0.8467601417943911,-0.8467601417943911
2181,2181,2024-10-01 09:15:00+00:00,1,177566,64022.7,138.31428571428634,2024-10-01 21:15:00+00:00,60843.1,0.2314392171039031,-23.219664790332462,-22.988225573228558,True,1.5,63815.22857142857,177569.0,2024-10-01 10:00:00+00:00,3.0,0.75,True,1.7809336913860345,1.0322247469531283,-21.718914790332466,-1.7306892171039032
2182,2182,2024-10-01 21:15:00+00:00,-1,177614,60843.1,402.9071428571432,2024-10-02 09:15:00+00:00,61509.7,0.07550511461343444,-1.7299806229723211,-1.6544755083588867,True,1.5,61447.46071428571,177632.0,2024-10-02 01:45:00+00:00,18.0,4.5,False,1.1894534366302003,0.30394277306007783,-0.23073062297232183,-0.23073062297232183
2183,2183,2024-10-02 09:30:00+00:00,1,177663,61379.9,166.37857142857112,2024-10-02 21:30:00+00:00,60747.7,0.18445854977890389,-3.9842267204739956,-3.7997681706950917,True,1.5,61130.33214285714,177664.0,2024-10-02 09:45:00+00:00,1.0,0.25,True,1.644034688533025,2.416584381573873,-2.483476720473988,-1.683708549778904
2184,2184,2024-10-02 21:30:00+00:00,-1,177711,60747.7,371.321428571427,2024-10-03 09:30:00+00:00,60611.1,0.08179934596518261,0.2860760026930818,0.36787534865826443,True,1.5,61304.682142857135,177734.0,2024-10-03 03:15:00+00:00,23.0,5.75,False,0.39835529479659554,3.2402712320861706,1.785326002693074,1.785326002693074
2185,2185,2024-10-03 09:30:00+00:00,-1,177759,60611.1,249.21428571428675,2024-10-03 21:30:00+00:00,60702.0,0.12160438521066158,-0.4863507308684475,-0.3647463456577859,True,1.5,60984.921428571426,177764.0,2024-10-03 10:45:00+00:00,5.0,1.25,False,0.3562338779019745,4.694439667526482,1.012899269131542,1.012899269131542
2186,2186,2024-10-04 15:15:00+00:00,1,177878,61530.9,386.3500000000001,2024-10-05 03:15:00+00:00,61917.5,0.0796310340364954,0.9210160476252063,1.0006470816617017,False,1.5,60951.375,,,,,,,,,
2187,2187,2024-10-05 05:00:00+00:00,-1,177933,62057.4,116.0714285714291,2024-10-05 17:00:00+00:00,61924.0,0.26732418461538343,0.8819681230769315,1.149292307692315,True,1.5,62231.50714285715,177941.0,2024-10-05 07:00:00+00:00,8.0,2.0,False,0.9691692307691959,3.1489846153846317,2.381218123076943,2.381218123076943
2188,2188,2024-10-05 23:45:00+00:00,-1,178008,62023.1,96.67857142856987,2024-10-06 11:45:00+00:00,62067.1,0.32076963428149763,-0.7758859992611873,-0.45511636497968966,False,1.5,62168.11785714285,,,,,,,,,
2189,2189,2024-10-06 17:30:00+00:00,1,178079,62619.9,183.57857142857134,2024-10-07 05:30:00+00:00,63368.0,0.17055340259133894,3.904540951713935,4.075094354305274,True,1.5,62344.53214285715,178096.0,2024-10-06 21:45:00+00:00,17.0,4.25,False,0.43323216995450387,8.745399011711584,5.4052909517139165,5.4052909517139165
2190,2190,2024-10-07 06:15:00+00:00,-1,178130,63519.0,143.9071428571437,2024-10-07 18:15:00+00:00,63470.0,0.22069439618801678,0.11980294832977545,0.34049734451779223,True,1.5,63734.860714285714,178161.0,2024-10-07 14:00:00+00:00,31.0,7.75,True,4.956941480121059,2.1184543604506767,1.6190529483297682,-1.7214443961880168
2191,2191,2024-10-07 18:15:00+00:00,-1,178178,63470.0,248.8571428571413,2024-10-08 06:15:00+00:00,62238.0,0.12752296211251515,4.823108495981661,4.9506314580941755,False,1.5,63843.28571428571,,,,,,,,,
2192,2192,2024-10-08 13:00:00+00:00,1,178253,62374.6,127.55000000000135,2024-10-09 01:00:00+00:00,62171.5,0.24451038808310208,-1.8368271266169822,-1.5923167385338801,True,1.5,62183.274999999994,178259.0,2024-10-08 14:30:00+00:00,6.0,1.5,True,2.7226577812621757,4.900235201881632,-0.33607712661696376,-1.743760388083102
2193,2193,2024-10-09 09:15:00+00:00,-1,178334,62118.7,114.13571428571387,2024-10-09 21:15:00+00:00,60770.0,0.27212647850303623,11.544507854058468,11.816634332561504,True,1.5,62289.90357142857,178358.0,2024-10-09 15:15:00+00:00,24.0,6.0,False,0.8419488078102576,17.855967206959182,13.043757854058494,13.043757854058494
2194,2194,2024-10-09 21:15:00+00:00,-1,178382,60770.0,270.41428571428645,2024-10-10 09:15:00+00:00,60638.1,0.11236462570658748,0.37540546251783413,0.48777008822442164,False,1.5,61175.62142857143,,,,,,,,,
2195,2195,2024-10-10 09:15:00+00:00,1,178430,60638.1,121.15714285714213,2024-10-10 21:15:00+00:00,59888.9,0.25024566678457877,-6.433950418582729,-6.18370475179815,True,1.5,60456.364285714284,178453.0,2024-10-10 15:00:00+00:00,23.0,5.75,True,1.884860275910857,4.652104704633929,-4.933200418582718,-1.7494956667845787
2196,2196,2024-10-10 22:30:00+00:00,1,178483,60211.2,205.7500000000005,2024-10-11 10:30:00+00:00,61000.0,0.14632126366950146,3.6874575941676846,3.833778857837186,False,1.5,59902.575,,,,,,,,,
2197,2197,2024-10-11 10:30:00+00:00,1,178531,61000.0,132.86428571428561,2024-10-11 22:30:00+00:00,62391.5,0.22955755066931902,10.243535293801415,10.473092844470735,False,1.5,60800.703571428574,,,,,,,,,
2198,2198,2024-10-11 22:30:00+00:00,1,178579,62391.5,174.87857142857112,2024-10-12 10:30:00+00:00,62955.4,0.178385206061349,3.0461379324429334,3.2245231385042823,False,1.5,62129.18214285714,,,,,,,,,
2199,2199,2024-10-12 18:15:00+00:00,1,178658,63000.0,170.56428571428634,2024-10-13 06:15:00+00:00,62834.3,0.18468110054859851,-1.1561623183550187,-0.9714812178064202,True,1.5,62744.15357142857,178689.0,2024-10-13 02:00:00+00:00,31.0,7.75,False,0.7548682943171687,1.2654843167636813,0.3445876816449782,0.3445876816449782
2200,2200,2024-10-13 15:45:00+00:00,-1,178744,62195.3,152.57142857143012,2024-10-14 03:45:00+00:00,64281.6,0.20382354868913652,-13.878074485018557,-13.67425093632942,True,1.5,62424.15714285715,178746.0,2024-10-13 16:15:00+00:00,2.0,0.5,True,1.7922284644194153,1.1132958801498152,-12.378824485018558,-1.7045735486891365
2201,2201,2024-10-14 03:45:00+00:00,1,178792,64281.6,262.1285714285706,2024-10-14 15:45:00+00:00,65850.9,0.1226146383999132,5.864142133086275,5.986756771486188,True,1.5,63888.40714285714,178798.0,2024-10-14 05:15:00+00:00,6.0,1.5,False,0.517330644721765,9.154259087688741,7.364892133086283,7.364892133086283
2202,2202,2024-10-14 15:45:00+00:00,1,178840,65850.9,317.8857142857149,2024-10-15 03:45:00+00:00,65382.1,0.10357637515728901,-1.5783202184073173,-1.4747438432500282,True,1.5,65374.07142857142,178887.0,2024-10-15 03:30:00+00:00,47.0,11.75,False,0.23301276289769043,0.8277458206004108,-0.07757021840731243,-0.07757021840731243
2203,2203,2024-10-15 14:45:00+00:00,-1,178932,65342.7,540.6714285714281,2024-10-16 02:45:00+00:00,67248.8,0.06042736544508156,-3.5858587074272865,-3.525431341982205,True,1.5,66153.70714285714,178935.0,2024-10-15 15:30:00+00:00,3.0,0.75,True,1.9483050175707701,0.6575289983353967,-2.0866087074272923,-1.5611773654450816
2204,2204,2024-10-16 11:45:00+00:00,1,179016,67872.3,261.14285714285506,2024-10-16 23:45:00+00:00,67592.0,0.12995243435448683,-1.2033112964989268,-1.0733588621444399,True,1.5,67480.58571428573,179023.0,2024-10-16 13:30:00+00:00,7.0,1.75,True,1.5492888402626452,1.5222100656454978,0.2974387035010455,-1.6292024343544869
2205,2205,2024-10-18 15:15:00+00:00,1,179222,68643.3,267.22142857142796,2024-10-19 03:15:00+00:00,68509.7,0.1284389885327848,-0.62839889337363,-0.4999599048408451,True,1.5,68242.46785714287,179248.0,2024-10-18 21:45:00+00:00,26.0,6.5,False,0.2584667611130998,1.6556761380342142,0.8723511066263485,0.8723511066263485
2206,2206,2024-10-21 15:15:00+00:00,-1,179510,66970.0,307.499999999999,2024-10-22 03:15:00+00:00,67388.1,0.1088943089430898,-1.4685691056910808,-1.359674796747991,True,1.5,67431.25,179517.0,2024-10-21 17:00:00+00:00,7.0,1.75,True,1.6837398373983796,1.3243902439024435,0.030680894308924248,-1.6096443089430899
2207,2207,2024-10-22 09:45:00+00:00,-1,179584,66941.0,210.97142857142794,2024-10-22 21:45:00+00:00,67514.1,0.15864944474539594,-2.875131026543915,-2.716481581798519,True,1.5,67257.45714285714,179589.0,2024-10-22 11:00:00+00:00,5.0,1.25,True,1.6378656554713258,3.0547128927410396,-1.3758810265439418,-1.659399444745396
2208,2208,2024-10-23 08:30:00+00:00,-1,179675,66690.0,164.57142857142858,2024-10-23 20:30:00+00:00,66620.6,0.2026171875,0.2190842013888535,0.4217013888888535,False,1.5,66936.85714285714,,,,,,,,,
2209,2209,2024-10-23 21:30:00+00:00,1,179727,66420.0,264.06428571428324,2024-10-24 09:30:00+00:00,66832.1,0.12576482999269775,1.4348400010820233,1.560604831074721,False,1.5,66023.90357142857,,,,,,,,,
2210,2210,2024-10-24 13:45:00+00:00,1,179792,67882.7,205.20714285714243,2024-10-25 01:45:00+00:00,67947.2,0.16540043161961815,0.14891611263879734,0.3143165442584155,True,1.5,67574.88928571428,179793.0,2024-10-24 14:00:00+00:00,1.0,0.25,False,1.197274530961726,6.177225103553949,1.649666112638823,1.649666112638823
2211,2211,2024-10-25 07:30:00+00:00,-1,179863,67436.5,167.9142857142849,2024-10-25 19:30:00+00:00,66984.1,0.2008063212523406,2.4934254296409506,2.6942317508932914,True,1.5,67688.37142857142,179867.0,2024-10-25 08:30:00+00:00,4.0,1.0,True,2.0476433554534874,1.1218308660881136,3.992675429640926,-1.7015563212523406
2212,2212,2024-10-25 19:30:00+00:00,-1,179911,66984.1,420.3857142857128,2024-10-26 07:30:00+00:00,66990.1,0.0796698100384004,-0.0939424168280834,-0.014272606789682995,False,1.5,67614.67857142858,,,,,,,,,
2213,2213,2024-10-27 16:00:00+00:00,1,180089,67806.3,129.6642857142859,2024-10-28 04:00:00+00:00,67770.1,0.26146868286233643,-0.5406511871315803,-0.2791825042692439,True,1.5,67611.80357142858,180098.0,2024-10-27 18:15:00+00:00,9.0,2.25,False,0.7619952624911113,5.354569492645816,0.9600988128683756,0.9600988128683756
2214,2214,2024-10-28 07:30:00+00:00,1,180151,68457.8,162.94285714285485,2024-10-28 19:30:00+00:00,69739.9,0.21006689461687128,7.658335700508558,7.8684025951254295,True,1.5,68213.38571428572,180159.0,2024-10-28 09:30:00+00:00,8.0,2.0,False,0.03673505172720759,10.365684727336589,9.159085700508587,9.159085700508587
2215,2215,2024-10-28 19:30:00+00:00,1,180199,69739.9,312.43571428571573,2024-10-29 07:30:00+00:00,70915.9,0.11160679911295986,3.65236750417227,3.76397430328523,False,1.5,69271.24642857142,,,,,,,,,
2216,2216,2024-10-31 13:45:00+00:00,-1,180464,71322.2,237.82857142857185,2024-11-01 01:45:00+00:00,69424.9,0.14994455790485317,7.827650348390195,7.977594906295049,False,1.5,71678.94285714286,,,,,,,,,
2217,2217,2024-11-01 03:00:00+00:00,-1,180517,69579.1,339.55714285714413,2024-11-01 15:00:00+00:00,71090.9,0.10245565652740929,-4.5547254196642175,-4.452269763136808,True,1.5,70088.43571428572,180547.0,2024-11-01 10:30:00+00:00,30.0,7.5,True,2.5046278766460115,0.8921494383440717,-3.0554754196642264,-1.6032056565274093
2218,2218,2024-11-01 15:00:00+00:00,1,180565,71090.9,400.1571428571447,2024-11-02 03:00:00+00:00,69761.9,0.08882872799971397,-3.410023972724985,-3.321195244725271,True,1.5,70490.66428571427,180567.0,2024-11-01 15:30:00+00:00,2.0,0.5,True,1.919156759844312,0.9729570525865125,-1.9092739727249732,-1.588078727999714
2219,2219,2024-11-02 05:00:00+00:00,1,180621,69580.0,112.05714285714203,2024-11-02 17:00:00+00:00,69541.7,0.31046659867414816,-0.6522565017848345,-0.34178990311068635,True,1.5,69411.91428571429,180652.0,2024-11-02 12:45:00+00:00,31.0,7.75,True,1.6073431922488497,2.5708822029576828,0.8484934982151655,-1.8097165986741481
2220,2220,2024-11-03 01:15:00+00:00,-1,180702,69112.1,137.6142857142851,2024-11-03 13:15:00+00:00,68363.2,0.2511080141181367,5.190914201183519,5.442022215301655,False,1.5,69318.52142857143,,,,,,,,,
2221,2221,2024-11-03 15:30:00+00:00,-1,180759,67684.1,248.0642857142853,2024-11-04 03:30:00+00:00,69145.4,0.1364245155345679,-6.027236229088046,-5.890811713553478,True,1.5,68056.19642857143,180760.0,2024-11-03 15:45:00+00:00,1.0,0.25,True,2.0309395605977496,2.015592156411109,-4.527986229088041,-1.6371745155345678
2222,2222,2024-11-04 05:30:00+00:00,1,180815,68850.0,198.2285714285733,2024-11-04 17:30:00+00:00,67790.1,0.17366315941193267,-5.520521043528313,-5.34685788411638,True,1.5,68552.65714285713,180826.0,2024-11-04 08:15:00+00:00,11.0,2.75,True,1.50158547131732,3.486595560680341,-4.019771043528278,-1.6729131594119326
2223,2223,2024-11-04 17:30:00+00:00,-1,180863,67790.1,357.72142857142796,2024-11-05 05:30:00+00:00,68470.2,0.09475264072203049,-1.995952696631436,-1.9012000559094056,True,1.5,68326.68214285714,180905.0,2024-11-05 04:00:00+00:00,42.0,10.5,False,0.6242786685569411,0.3541362991953019,-0.49670269663145206,-0.49670269663145206
2224,2224,2024-11-05 06:15:00+00:00,1,180914,68590.2,171.32142857142858,2024-11-05 18:15:00+00:00,69971.9,0.20017986241400873,7.864777402543238,8.064957264957247,False,1.5,68333.21785714285,,,,,,,,,
2225,2225,2024-11-05 18:30:00+00:00,1,180963,70123.2,381.39999999999833,2024-11-06 06:30:00+00:00,74741.4,0.09192868379653947,12.01661877294184,12.108547456738378,True,1.5,69551.1,180968.0,2024-11-05 19:45:00+00:00,5.0,1.25,True,2.362611431567933,1.251966439433671,13.517368772941824,-1.5911786837965394
2226,2226,2024-11-06 06:30:00+00:00,1,181011,74741.4,615.692857142857,2024-11-06 18:30:00+00:00,75009.2,0.06069698481385665,0.3742601482650257,0.43495713307888234,True,1.5,73817.8607142857,181015.0,2024-11-06 07:30:00+00:00,4.0,1.0,True,1.7806942236968695,0.8613698852628352,1.875010148265028,-1.5599469848138567
2227,2227,2024-11-06 18:30:00+00:00,1,181059,75009.2,336.0999999999975,2024-11-07 06:30:00+00:00,74571.3,0.11158762273133077,-1.4144736685510195,-1.3028860458196887,True,1.5,74505.05,181105.0,2024-11-07 06:00:00+00:00,46.0,11.5,False,0.16379053853020922,1.1777744718833507,0.08627633144897415,0.08627633144897415
2228,2228,2024-11-07 07:30:00+00:00,-1,181111,74945.0,224.20714285714243,2024-11-07 19:30:00+00:00,76128.4,0.1671333906782634,-5.445288158271991,-5.278154767593727,True,1.5,75281.31071428572,181141.0,2024-11-07 15:00:00+00:00,30.0,7.5,True,2.313437828538644,2.5713307209532124,-3.9460381582719672,-1.6678833906782635
2229,2229,2024-11-07 19:45:00+00:00,1,181160,76533.3,407.94285714285695,2024-11-08 07:45:00+00:00,76171.0,0.0938039466311809,-0.9819185285054005,-0.8881145818742197,True,1.5,75921.38571428572,181168.0,2024-11-07 21:45:00+00:00,8.0,2.0,False,1.1037960498669184,1.0511626278190116,0.5188314714946032,0.5188314714946032
2230,2230,2024-11-08 15:30:00+00:00,1,181239,76306.1,293.42857142857247,2024-11-09 03:30:00+00:00,76322.0,0.13002499999999953,-0.07583804771180144,0.05418695228819808,True,1.5,75865.95714285715,181243.0,2024-11-08 16:30:00+00:00,4.0,1.0,False,0.1566212268744178,4.488120740019411,1.4249119522881861,1.4249119522881861
2231,2231,2024-11-11 18:45:00+00:00,-1,181540,85932.6,588.1714285714271,2024-11-12 06:45:00+00:00,89629.2,0.07305064121247469,-6.357953002040222,-6.284902360827748,True,1.5,86814.85714285714,181541.0,2024-11-11 19:00:00+00:00,1.0,0.25,True,2.8648839016807477,2.2803847274846976,-4.858703002040225,-1.5738006412124748
2232,2232,2024-11-12 08:45:00+00:00,-1,181596,89471.1,474.7357142857155,2024-11-12 20:45:00+00:00,89503.3,0.09423253539563342,-0.16205974752869362,-0.06782721213306021,False,1.5,90183.20357142857,,,,,,,,,
2233,2233,2024-11-12 20:45:00+00:00,1,181644,89503.3,638.221428571428,2024-11-13 08:45:00+00:00,87287.6,0.07011931595617292,-3.5417984241922293,-3.4716791082360565,True,1.5,88545.96785714287,181647.0,2024-11-12 21:30:00+00:00,3.0,0.75,True,1.8196942395720326,0.6280455730769563,-2.0410484241922386,-1.569369315956173
2234,2234,2024-11-13 13:00:00+00:00,-1,181709,87688.6,330.66428571428594,2024-11-14 01:00:00+00:00,90259.3,0.13259460393580016,-7.906944937679548,-7.774350333743748,True,1.5,88184.59642857143,181710.0,2024-11-13 13:15:00+00:00,1.0,0.25,True,3.1358196703605263,1.4996975784675959,-6.407694937679566,-1.6333446039358002
2235,2235,2024-11-14 01:00:00+00:00,-1,181757,90259.3,566.7785714285731,2024-11-14 13:00:00+00:00,91237.6,0.07962483459148802,-1.8056957365562263,-1.7260709019647382,True,1.5,91109.46785714287,181785.0,2024-11-14 08:00:00+00:00,28.0,7.0,False,1.0879595205988637,1.304685629308511,-0.3064457365562188,-0.3064457365562188
2236,2236,2024-11-14 14:45:00+00:00,-1,181812,88769.2,637.1285714285726,2024-11-15 02:45:00+00:00,88405.2,0.06966349021278491,0.5016497679320154,0.5713132581448004,True,1.5,89724.89285714286,181825.0,2024-11-14 18:00:00+00:00,13.0,3.25,False,0.0612233458149226,4.725722549832944,2.000899767932014,2.000899767932014
2237,2237,2024-11-15 09:30:00+00:00,1,181887,89119.9,413.44285714285485,2024-11-15 21:30:00+00:00,91455.5,0.10777777201893568,5.54137049514534,5.649148267164276,True,1.5,88499.7357142857,181909.0,2024-11-15 15:00:00+00:00,22.0,5.5,True,1.6561798141045496,1.663746933416301,7.042120495145352,-1.6070277720189357
2238,2238,2024-11-15 21:30:00+00:00,1,181935,91455.5,502.60000000000065,2024-11-16 09:30:00+00:00,91440.3,0.09098239156386777,-0.12122512932749106,-0.0302427377636233,False,1.5,90701.6,,,,,,,,,
2239,2239,2024-11-17 04:00:00+00:00,-1,182057,90340.7,361.3499999999975,2024-11-17 16:00:00+00:00,90207.3,0.12500442784004515,0.2441667358516529,0.36917116369169806,True,1.5,90882.72499999999,182061.0,2024-11-17 05:00:00+00:00,4.0,1.0,True,1.8178358931784118,1.294105437941023,1.7434167358516472,-1.625754427840045
2240,2240,2024-11-17 16:00:00+00:00,-1,182105,90207.3,331.57142857142543,2024-11-18 04:00:00+00:00,90614.0,0.13602996553209953,-1.3626133347695,-1.2265833692374004,True,1.5,90704.65714285715,182143.0,2024-11-18 01:30:00+00:00,38.0,9.5,False,0.8907367514002519,1.0693235674278405,0.13663666523052043,0.13663666523052043
2241,2241,2024-11-18 04:15:00+00:00,1,182154,90624.2,265.44285714285587,2024-11-18 16:15:00+00:00,92037.1,0.17070378343469217,5.152099079705133,5.322802863139825,True,1.5,90226.03571428571,182184.0,2024-11-18 11:45:00+00:00,30.0,7.5,True,2.326058877347802,2.236128303105371,6.6528490797051445,-1.6699537834346923
2242,2242,2024-11-18 16:15:00+00:00,1,182202,92037.1,761.057142857142,2024-11-19 04:15:00+00:00,91700.0,0.0604666159852837,-0.5034031328603153,-0.4429365168750316,True,1.5,90895.5142857143,182211.0,2024-11-18 18:30:00+00:00,9.0,2.25,True,1.5627135187896684,0.3546195142095416,0.9973468671396847,-1.5597166159852838
2243,2243,2024-11-19 04:30:00+00:00,1,182251,91667.8,287.87142857142834,2024-11-19 16:30:00+00:00,92365.1,0.15921656493474282,2.2630453575505056,2.4222619224852484,True,1.5,91235.99285714286,182288.0,2024-11-19 13:45:00+00:00,37.0,9.25,False,0.7655947595652756,5.08528112748744,3.763795357550504,3.763795357550504
2244,2244,2024-11-19 16:45:00+00:00,1,182300,92612.3,603.114285714284,2024-11-20 04:45:00+00:00,92139.0,0.07677840020844211,-0.8615384551613128,-0.7847600549528707,True,1.5,91707.62857142858,182323.0,2024-11-19 22:30:00+00:00,23.0,5.75,False,0.6188355677673234,1.2461509308825516,0.6392115448386871,0.6392115448386871
2245,2245,2024-11-20 08:00:00+00:00,1,182361,92973.7,243.05000000000084,2024-11-20 20:00:00+00:00,93917.6,0.19126455461839062,3.6922984982514118,3.8835630528698024,False,1.5,92609.125,,,,,,,,,
2246,2246,2024-11-21 04:00:00+00:00,-1,182441,96944.7,473.20714285714246,2024-11-21 16:00:00+00:00,96769.9,0.10243368201784186,0.26696057298978737,0.36939425500762924,True,1.5,97654.51071428572,182444.0,2024-11-21 04:45:00+00:00,3.0,0.75,True,1.6576023789038181,2.3520581442738813,1.7662105729897983,-1.6031836820178418
2247,2247,2024-11-21 16:00:00+00:00,-1,182489,96769.9,631.8285714285719,2024-11-22 04:00:00+00:00,98816.9,0.07657923713484664,-3.3163820769648162,-3.2398028398299696,True,1.5,97717.64285714286,182496.0,2024-11-21 17:45:00+00:00,7.0,1.75,True,1.943972144342943,0.29366012480780135,-1.8171320769648114,-1.5773292371348466
2248,2248,2024-11-22 10:30:00+00:00,-1,182563,98486.1,303.97142857143,2024-11-22 22:30:00+00:00,98621.3,0.16199894256978964,-0.6067775871792338,-0.4447786446094441,True,1.5,98942.05714285716,182567.0,2024-11-22 11:30:00+00:00,4.0,1.0,True,1.6525989284706488,5.731318732963661,0.892472412820785,-1.6627489425697897
2249,2249,2024-11-23 17:00:00+00:00,-1,182685,97550.8,274.97857142857123,2024-11-24 05:00:00+00:00,98288.8,0.1773789126425437,-2.861224407096659,-2.6838454944541152,True,1.5,97963.26785714286,182686.0,2024-11-23 17:15:00+00:00,1.0,0.25,True,1.951541678572344,2.872106917422131,-1.361974407096676,-1.6781289126425436
2250,2250,2024-11-24 12:00:00+00:00,-1,182761,97422.4,260.6714285714271,2024-11-25 00:00:00+00:00,97751.8,0.18686819751192082,-1.4505279772017734,-1.2636597796898525,True,1.5,97813.40714285713,182802.0,2024-11-24 22:15:00+00:00,41.0,10.25,True,2.364251657806802,1.5824793116676659,0.04872202279822066,-1.6876181975119209
2251,2251,2024-11-25 00:00:00+00:00,1,182809,97751.8,358.6071428571439,2024-11-25 12:00:00+00:00,98126.4,0.13629371576536162,0.9083034359127307,1.0445971516780923,True,1.5,97213.8892857143,182814.0,2024-11-25 01:15:00+00:00,5.0,1.25,False,0.7919231152276006,4.977900607509178,2.409053435912715,2.409053435912715
2252,2252,2024-11-25 13:15:00+00:00,-1,182862,97719.2,300.89999999999935,2024-11-26 01:15:00+00:00,94395.9,0.1623781987371223,10.882154868727184,11.044533067464307,False,1.5,98170.55,,,,,,,,,
2253,2253,2024-11-26 01:15:00+00:00,-1,182910,94395.9,701.8071428571441,2024-11-26 13:15:00+00:00,92581.0,0.06725202283899716,2.5187860625120733,2.5860380853510705,False,1.5,95448.6107142857,,,,,,,,,
2254,2254,2024-11-26 13:15:00+00:00,-1,182958,92581.0,580.7928571428555,2024-11-27 01:15:00+00:00,92447.6,0.0797022543075355,0.14998376603410632,0.22968602034164182,True,1.5,93452.18928571428,182964.0,2024-11-26 14:45:00+00:00,6.0,1.5,True,1.648626877052313,1.8815473921117758,1.6492337660341028,-1.5804522543075354
2255,2255,2024-11-27 02:45:00+00:00,1,183012,93002.1,379.3571428571418,2024-11-27 14:45:00+00:00,94894.8,0.12257855394464355,4.866651346262479,4.989229900207123,True,1.5,92433.0642857143,183021.0,2024-11-27 05:00:00+00:00,9.0,2.25,False,0.052363020146899114,6.610487667106006,6.367401346262473,6.367401346262473
2256,2256,2024-11-27 14:45:00+00:00,1,183060,94894.8,394.90000000000146,2024-11-28 02:45:00+00:00,95764.0,0.12015041782729761,2.0809131425677236,2.201063560395021,False,1.5,94302.45,,,,,,,,,
2257,2257,2024-11-28 08:45:00+00:00,-1,183132,95522.9,289.5142857142845,2024-11-28 20:45:00+00:00,94889.2,0.16497096121583016,2.0238674874173475,2.188838448633178,True,1.5,95957.17142857143,183153.0,2024-11-28 14:00:00+00:00,21.0,5.25,False,1.1288858186124677,4.107470640481604,3.5231174874173656,3.5231174874173656
2258,2258,2024-11-29 01:30:00+00:00,1,183199,95794.2,291.6357142857149,2024-11-29 13:30:00+00:00,97084.0,0.16423605770408253,4.25840471233682,4.4226407700409025,False,1.5,95356.74642857142,,,,,,,,,
2259,2259,2024-11-29 13:30:00+00:00,1,183247,97084.0,261.77142857142877,2024-11-30 01:30:00+00:00,96723.0,0.18543658589827536,-1.5645022920759648,-1.3790657061776894,True,1.5,96691.34285714285,183294.0,2024-11-30 01:15:00+00:00,47.0,11.75,False,0.1235538092119433,0.8456123117223386,-0.06375229207594685,-0.06375229207594685
2260,2260,2024-11-30 02:30:00+00:00,-1,183299,96610.7,221.3928571428582,2024-11-30 14:30:00+00:00,96684.2,0.2181883852234221,-0.550177415712209,-0.3319890304887869,True,1.5,96942.78928571429,183310.0,2024-11-30 05:15:00+00:00,11.0,2.75,True,1.613469914502326,0.8708017422164881,0.9490725842878025,-1.7189383852234221
2261,2261,2024-12-02 04:00:00+00:00,-1,183497,96249.3,398.499999999999,2024-12-02 16:00:00+00:00,97318.8,0.12076449184441689,-2.804578795483069,-2.683814303638652,True,1.5,96847.05,183499.0,2024-12-02 04:30:00+00:00,2.0,0.5,False,1.4754077791718911,5.071643663739041,-1.3053287954830648,-1.3053287954830648
2262,2262,2024-12-02 16:00:00+00:00,1,183545,97318.8,518.2214285714259,2024-12-03 04:00:00+00:00,96172.0,0.09389692767846115,-2.306850574078941,-2.21295364640048,True,1.5,96541.46785714287,183547.0,2024-12-02 16:30:00+00:00,2.0,0.5,True,2.212505685655649,0.8292442557648904,-0.8061005740789463,-1.5931469276784611
2263,2263,2024-12-03 09:45:00+00:00,-1,183616,95313.7,263.3857142857149,2024-12-03 21:45:00+00:00,96069.5,0.18093938818679783,-3.050495172750451,-2.8695557845636532,True,1.5,95708.77857142857,183637.0,2024-12-03 15:00:00+00:00,21.0,5.25,True,2.3035472148397202,2.0509030753376076,-1.5512451727504453,-1.6816893881867978
2264,2264,2024-12-04 02:15:00+00:00,-1,183682,95683.0,377.79285714285754,2024-12-04 14:15:00+00:00,95851.0,0.1266342099790133,-0.5713223421754168,-0.44468813219640346,True,1.5,96249.68928571428,183693.0,2024-12-04 05:00:00+00:00,11.0,2.75,True,1.667873551265829,0.4803936397496689,0.9279276578245695,-1.6273842099790132
2265,2265,2024-12-04 14:15:00+00:00,-1,183730,95851.0,249.69285714285797,2024-12-05 02:15:00+00:00,99353.2,0.19193780930857848,-14.217969791458017,-14.026031982149439,True,1.5,96225.53928571429,183731.0,2024-12-04 14:30:00+00:00,1.0,0.25,True,1.6382555711302587,1.9032954773006707,-12.718719791458017,-1.6926878093085784
2266,2266,2024-12-05 02:15:00+00:00,1,183778,99353.2,450.6214285714263,2024-12-05 14:15:00+00:00,102734.3,0.1102402079667766,7.392953793967112,7.503194001933888,False,1.5,98677.26785714286,,,,,,,,,
2267,2267,2024-12-05 15:30:00+00:00,-1,183831,101420.1,612.2214285714269,2024-12-06 03:30:00+00:00,97683.4,0.0828295901342887,6.020681044440073,6.103510634574361,False,1.5,102338.43214285714,,,,,,,,,
2268,2268,2024-12-06 07:15:00+00:00,1,183894,97980.5,300.9500000000002,2024-12-06 19:15:00+00:00,101428.5,0.1627853464030569,11.29426732015284,11.457052666555898,False,1.5,97529.075,,,,,,,,,
2269,2269,2024-12-06 19:15:00+00:00,1,183942,101428.5,602.028571428571,2024-12-07 07:15:00+00:00,99510.5,0.08423894214797595,-3.270134248493192,-3.185895306345216,True,1.5,100525.45714285714,183952.0,2024-12-06 21:45:00+00:00,10.0,2.5,True,2.3494850742726876,0.43759195102273435,-1.7693842484931799,-1.5834889421479759
2270,2270,2024-12-07 07:15:00+00:00,-1,183990,99510.5,298.5499999999998,2024-12-07 19:15:00+00:00,100232.9,0.16665633897169665,-2.5863515324066144,-2.419695193434918,True,1.5,99958.325,184035.0,2024-12-07 18:30:00+00:00,45.0,11.25,False,1.2677106012393438,0.7188913079886121,-1.087101532406623,-1.087101532406623
2271,2271,2024-12-07 21:45:00+00:00,1,184048,99930.0,229.62142857143044,2024-12-08 09:45:00+00:00,98942.0,0.2175972874607255,-4.520331601704632,-4.3027343142439065,True,1.5,99585.56785714286,184078.0,2024-12-08 05:15:00+00:00,30.0,7.5,True,1.5833359255918034,1.4851930195663767,-3.019581601704648,-1.7168472874607255
2272,2272,2024-12-08 10:00:00+00:00,-1,184097,99478.0,269.0214285714319,2024-12-08 22:00:00+00:00,100031.9,0.18488861747603522,-2.2438324084644914,-2.0589437909884563,True,1.5,99881.53214285715,184104.0,2024-12-08 11:45:00+00:00,7.0,1.75,True,1.6343228101850127,1.3821655205374097,-0.7445824084644914,-1.6856386174760352
2273,2273,2024-12-09 00:00:00+00:00,1,184153,100797.8,280.25714285714224,2024-12-09 12:00:00+00:00,98350.1,0.17983092058313835,-8.913595830359881,-8.733764909776744,True,1.5,100377.41428571429,184154.0,2024-12-09 00:15:00+00:00,1.0,0.25,True,3.439035579569774,1.6648486084208372,-7.412845830359874,-1.6790809205831383
2274,2274,2024-12-09 12:00:00+00:00,-1,184201,98350.1,400.10000000000065,2024-12-10 00:00:00+00:00,97357.7,0.12290689827543096,2.357473006748331,2.480379905023762,True,1.5,98950.25,184206.0,2024-12-09 13:15:00+00:00,5.0,1.25,True,2.0163709072731786,1.3585353661584654,3.856723006748314,-1.623656898275431
2275,2275,2024-12-10 00:00:00+00:00,-1,184249,97357.7,884.5,2024-12-10 12:00:00+00:00,97535.2,0.055035443753533066,-0.2557137931034483,-0.2006783493499152,False,1.5,98684.45,,,,,,,,,
2276,2276,2024-12-10 12:00:00+00:00,1,184297,97535.2,288.40714285714057,2024-12-11 00:00:00+00:00,96757.0,0.16909289942294015,-2.8673617158283307,-2.6982688164053905,True,1.5,97102.58928571429,184299.0,2024-12-10 12:30:00+00:00,2.0,0.5,True,3.0442702528667493,4.223233524036,-1.3666117158283433,-1.6683428994229401
2277,2277,2024-12-11 00:00:00+00:00,1,184345,96757.0,392.8285714285698,2024-12-11 12:00:00+00:00,98258.9,0.12315422939850224,3.7001420103280243,3.8232962397265267,True,1.5,96167.75714285714,184347.0,2024-12-11 00:30:00+00:00,2.0,0.5,False,1.3180231289548292,5.936795403302078,5.20089201032804,5.20089201032804
2278,2278,2024-12-11 12:00:00+00:00,1,184393,98258.9,246.13571428571387,2024-12-12 00:00:00+00:00,101048.1,0.19960309353144348,11.132356626715874,11.331959720247317,False,1.5,97889.69642857142,,,,,,,,,
2279,2279,2024-12-12 00:00:00+00:00,1,184441,101048.1,292.95714285714035,2024-12-12 12:00:00+00:00,100529.1,0.17246225679036575,-1.944052445506429,-1.7715901887160632,True,1.5,100608.6642857143,184444.0,2024-12-12 00:45:00+00:00,3.0,0.75,True,1.5656361242503234,4.10857268249865,-0.44330244550645026,-1.6717122567903657
2280,2280,2024-12-12 15:15:00+00:00,1,184502,101478.0,548.3285714285719,2024-12-13 03:15:00+00:00,99544.3,0.09253393429382793,-3.6190691191412783,-3.52653518484745,True,1.5,100655.50714285714,184518.0,2024-12-12 19:15:00+00:00,16.0,4.0,True,1.5215459969257195,0.23889482322904032,-2.118319119141273,-1.591783934293828
2281,2281,2024-12-13 03:15:00+00:00,-1,184550,99544.3,295.9357142857147,2024-12-13 15:15:00+00:00,101113.0,0.16818568221862834,-5.46899908281237,-5.300813400593741,True,1.5,99988.20357142857,184556.0,2024-12-13 04:45:00+00:00,6.0,1.5,True,1.8591754966087888,1.8308150901499132,-3.969749082812373,-1.6689356822186283
2282,2282,2024-12-13 15:15:00+00:00,1,184598,101113.0,299.692857142858,2024-12-14 03:15:00+00:00,102155.5,0.1686943775770427,3.3098670066973237,3.4785613842743666,True,1.5,100663.46071428571,184599.0,2024-12-13 15:30:00+00:00,1.0,0.25,True,3.3696522630311656,2.2541053936172726,4.810617006697323,-1.6679443775770426
2283,2283,2024-12-14 18:30:00+00:00,-1,184707,100893.6,219.07857142857185,2024-12-15 06:30:00+00:00,101862.3,0.23026807081607992,-4.651969352156738,-4.421701281340658,True,1.5,101222.21785714287,184711.0,2024-12-14 19:30:00+00:00,4.0,1.0,True,1.9206905545954989,3.023654266245012,-3.152719352156724,-1.7310180708160798
2284,2284,2024-12-15 11:15:00+00:00,1,184774,102407.9,174.56428571428634,2024-12-15 23:15:00+00:00,104788.3,0.29332431768893874,13.342912844224397,13.636237161913336,False,1.5,102146.05357142857,,,,,,,,,
2285,2285,2024-12-16 00:30:00+00:00,-1,184827,105900.6,646.2357142857145,2024-12-16 12:30:00+00:00,103567.5,0.08193651144540358,3.5283560620295638,3.6102925734749673,False,1.5,106869.95357142857,,,,,,,,,
2286,2286,2024-12-16 13:00:00+00:00,-1,184877,103980.6,352.85714285713976,2024-12-17 01:00:00+00:00,105945.1,0.14734093117409036,-5.71474983805673,-5.56740890688264,True,1.5,104509.88571428572,184883.0,2024-12-16 14:30:00+00:00,6.0,1.5,True,2.3488663967611414,0.6384615384615323,-4.215499838056729,-1.6480909311740903
2287,2287,2024-12-17 01:45:00+00:00,-1,184928,106323.1,332.9500000000002,2024-12-17 13:45:00+00:00,107260.2,0.15966826850878502,-2.9742049857335653,-2.8145367172247804,True,1.5,106822.52500000001,184935.0,2024-12-17 03:30:00+00:00,7.0,1.75,True,1.5211743505030513,1.4744706412374309,-1.4749549857335575,-1.660418268508785
2288,2288,2024-12-17 15:30:00+00:00,-1,184983,106452.3,537.8071428571462,2024-12-18 03:30:00+00:00,104606.8,0.09896884172499375,3.3325586575113015,3.4315274992362954,True,1.5,107259.01071428572,184990.0,2024-12-17 17:15:00+00:00,7.0,1.75,False,0.6265987542002507,5.015758437039271,4.8318086575112895,4.8318086575112895
2289,2289,2024-12-18 03:30:00+00:00,-1,185031,104606.8,467.34285714285943,2024-12-18 15:30:00+00:00,104350.0,0.11191654948951466,0.4375729657027613,0.549489515192276,True,1.5,105307.8142857143,185066.0,2024-12-18 12:15:00+00:00,35.0,8.75,False,0.07700067249494079,3.6292718713700656,1.9368229657027691,1.9368229657027691
2290,2290,2024-12-18 16:30:00+00:00,-1,185083,104120.9,476.85000000000065,2024-12-19 04:30:00+00:00,100877.8,0.10917573660480219,6.691914753066975,6.801090489671777,True,1.5,104836.17499999999,185089.0,2024-12-18 18:00:00+00:00,6.0,1.5,False,0.2584145957848499,12.775872916011282,8.19116475306696,8.19116475306696
2291,2291,2024-12-19 04:30:00+00:00,-1,185131,100877.8,619.6214285714284,2024-12-19 16:30:00+00:00,101050.1,0.08140276897183767,-0.35947578590614565,-0.27807301693430797,True,1.5,101807.23214285714,185148.0,2024-12-19 08:45:00+00:00,17.0,4.25,True,1.5323354121756296,0.4814748636840596,1.1397742140938534,-1.5821527689718378
2292,2292,2024-12-19 16:30:00+00:00,-1,185179,101050.1,719.221428571428,2024-12-20 04:30:00+00:00,97692.1,0.07024964495337227,4.598687995948003,4.668937640901375,False,1.5,102128.93214285714,,,,,,,,,
2293,2293,2024-12-20 04:30:00+00:00,-1,185227,97692.1,590.8928571428551,2024-12-20 16:30:00+00:00,97418.1,0.08266481716530703,0.3810402296766408,0.46370504684194785,False,1.5,98578.4392857143,,,,,,,,,
2294,2294,2024-12-20 16:30:00+00:00,1,185275,97418.1,780.6999999999991,2024-12-21 04:30:00+00:00,97501.7,0.06239150762136551,0.044691879082863206,0.10708338670422872,True,1.5,96247.05,185293.0,2024-12-20 21:00:00+00:00,18.0,4.5,False,1.0929294223133097,1.959715639810425,1.5454418790828686,1.5454418790828686
2295,2295,2024-12-21 05:30:00+00:00,-1,185327,97871.9,210.8714285714294,2024-12-21 17:30:00+00:00,97408.9,0.23206534110155047,1.9635853600704483,2.195650701171999,True,1.5,98188.20714285714,185328.0,2024-12-21 05:45:00+00:00,1.0,0.25,True,2.1780705914233685,1.4999999999999902,3.4628353600704385,-1.7328153411015506
2296,2296,2024-12-21 18:15:00+00:00,1,185378,97509.7,358.1571428571437,2024-12-22 06:15:00+00:00,96530.1,0.13612697937856455,-2.871239260500148,-2.7351122811215838,True,1.5,96972.46428571428,185381.0,2024-12-21 19:00:00+00:00,3.0,0.75,True,1.8175381915360043,3.105998962945241,-1.370489260500131,-1.6353769793785646
2297,2297,2024-12-22 06:15:00+00:00,-1,185426,96530.1,331.307142857142,2024-12-22 18:15:00+00:00,96140.4,0.1456806804217066,1.0305692387297447,1.1762499191514513,True,1.5,97027.06071428572,185439.0,2024-12-22 09:30:00+00:00,13.0,3.25,False,0.8905310135178897,5.861813595498379,2.5298192387297447,2.5298192387297447
2298,2298,2024-12-22 18:15:00+00:00,-1,185474,96140.4,386.14999999999935,2024-12-23 06:15:00+00:00,95343.4,0.12448582157192821,1.9394789589537775,2.0639647805257058,False,1.5,96719.625,,,,,,,,,
2299,2299,2024-12-23 06:15:00+00:00,1,185522,95343.4,476.7285714285764,2024-12-23 18:15:00+00:00,93232.1,0.09999757274279959,-4.528723112882371,-4.428725540139571,True,1.5,94628.30714285713,185555.0,2024-12-23 14:30:00+00:00,33.0,8.25,True,2.011012555811867,1.996299181924437,-3.027973112882367,-1.5992475727427995
2300,2300,2024-12-23 18:15:00+00:00,-1,185570,93232.1,594.8571428571429,2024-12-24 06:15:00+00:00,94387.8,0.0783651176753122,-2.0211845220941353,-1.942819404418823,True,1.5,94124.38571428572,185582.0,2024-12-23 21:15:00+00:00,12.0,3.0,True,1.7448126801152757,0.6199567723342869,-0.5219345220941423,-1.5791151176753122
2301,2301,2024-12-24 06:15:00+00:00,1,185618,94387.8,236.81428571428634,2024-12-24 18:15:00+00:00,98417.9,0.19928654159377399,16.818690173131365,17.01797671472514,True,1.5,94032.57857142857,185620.0,2024-12-24 06:45:00+00:00,2.0,0.5,False,1.0902153586294585,22.87624419376237,18.319440173131362,18.319440173131362
2302,2302,2024-12-24 18:15:00+00:00,1,185666,98417.9,557.6500000000004,2024-12-25 06:15:00+00:00,97949.7,0.08824343226037831,-0.9278381601362803,-0.839594727875902,True,1.5,97581.42499999999,185672.0,2024-12-24 19:45:00+00:00,6.0,1.5,False,0.6370034968169838,2.6779790190980246,0.572911839863729,0.572911839863729
2303,2303,2024-12-25 06:15:00+00:00,-1,185714,97949.7,218.3928571428592,2024-12-25 18:15:00+00:00,98919.9,0.22425115290269615,-4.666704137367073,-4.442452984464376,True,1.5,98277.28928571429,185718.0,2024-12-25 07:15:00+00:00,4.0,1.0,True,1.5834341782502104,1.7605396565821507,-3.1674541373670677,-1.725001152902696
2304,2304,2024-12-25 20:45:00+00:00,1,185772,99102.9,291.8714285714273,2024-12-26 08:45:00+00:00,95845.6,0.16977149919240442,-11.32982240223191,-11.160050903039506,True,1.5,98665.09285714285,185774.0,2024-12-25 21:15:00+00:00,2.0,0.5,True,1.6260339679898093,4.402305320346568,-9.829072402231906,-1.6690214991924044
2305,2305,2024-12-26 08:45:00+00:00,-1,185820,95845.6,399.4071428571416,2024-12-26 20:45:00+00:00,95564.3,0.11998483466566556,0.584309029454379,0.7042938641200446,True,1.5,96444.71071428571,185849.0,2024-12-26 16:00:00+00:00,29.0,7.25,False,0.33872525350072846,2.7125471681241824,2.083559029454366,2.083559029454366
2306,2306,2024-12-27 03:15:00+00:00,1,185894,96203.0,346.0428571428555,2024-12-27 15:15:00+00:00,94621.2,0.13900445857243182,-4.7101145605416646,-4.571110101969233,True,1.5,95683.93571428572,185910.0,2024-12-27 07:15:00+00:00,16.0,4.0,True,3.0745778805268,1.1358832514552206,-3.209364560541671,-1.638254458572432
2307,2307,2024-12-27 15:15:00+00:00,-1,185942,94621.2,404.3071428571399,2024-12-28 03:15:00+00:00,94570.8,0.1170164832252716,0.007641220429998194,0.12465770365526979,False,1.5,95227.66071428571,,,,,,,,,
2308,2308,2024-12-28 10:00:00+00:00,1,186017,94516.0,135.02857142856894,2024-12-28 22:00:00+00:00,95136.6,0.34998518831993874,4.246079136690769,4.596064325010707,False,1.5,94313.45714285715,,,,,,,,,
2309,2309,2024-12-28 22:45:00+00:00,-1,186068,95286.8,211.22857142857018,2024-12-29 10:45:00+00:00,95130.5,0.22555376707696603,0.5144029487353069,0.739956715812273,False,1.5,95603.64285714286,,,,,,,,,
2310,2310,2024-12-29 12:30:00+00:00,1,186123,94915.8,120.45714285714348,2024-12-30 00:30:00+00:00,93529.4,0.3939816176470568,-11.903469283681225,-11.509487666034168,True,1.5,94735.11428571428,186127.0,2024-12-29 13:30:00+00:00,4.0,1.0,True,2.1652039848196853,3.817836812144207,-10.402719283681195,-1.8932316176470567
2311,2311,2024-12-30 00:45:00+00:00,-1,186172,93542.6,340.52857142857,2024-12-30 12:45:00+00:00,93721.0,0.13734912111423475,-0.6612405504048184,-0.5238914292905837,True,1.5,94053.39285714286,186175.0,2024-12-30 01:30:00+00:00,3.0,0.75,False,0.5770650669127741,2.5595293031841218,0.8380094495951647,0.8380094495951647
2312,2312,2024-12-30 14:00:00+00:00,-1,186225,92850.0,312.3499999999975,2024-12-31 02:00:00+00:00,92460.1,0.14863134304466263,1.0996478309588504,1.248279174003513,True,1.5,93318.525,186239.0,2024-12-30 17:30:00+00:00,14.0,3.5,True,2.18176724827921,2.804626220585885,2.598897830958844,-1.6493813430446627
2313,2313,2024-12-31 02:00:00+00:00,-1,186273,92460.1,320.6571428571427,2024-12-31 14:00:00+00:00,95884.4,0.14417283703109696,-10.823180232558109,-10.679007395527012,True,1.5,92941.08571428571,186289.0,2024-12-31 06:00:00+00:00,16.0,4.0,True,3.821571772253414,1.270783213044619,-9.32393023255813,-1.6449228370310969
2314,2314,2024-12-31 14:00:00+00:00,1,186321,95884.4,369.3285714285739,2025-01-01 02:00:00+00:00,93768.0,0.12980907438208245,-5.860207867558835,-5.730398793176753,True,1.5,95330.40714285713,186325.0,2024-12-31 15:00:00+00:00,4.0,1.0,True,2.1520326461145145,1.7141724364677358,-4.359457867558835,-1.6290590743820825
2315,2315,2025-01-01 02:00:00+00:00,-1,186369,93768.0,315.94285714285587,2025-01-01 14:00:00+00:00,94220.2,0.14839392295170978,-1.5796654006149364,-1.4312714776632267,True,1.5,94241.91428571429,186417.0,2025-01-01 14:00:00+00:00,48.0,12.0,False,0.5953156086091502,0.7808826189184463,-0.08041540061492658,-0.08041540061492658
2316,2316,2025-01-01 14:15:00+00:00,1,186418,93884.6,262.23571428571347,2025-01-02 02:15:00+00:00,95012.0,0.1790080353008477,4.12017753929125,4.299185574592098,False,1.5,93491.24642857144,,,,,,,,,
2317,2317,2025-01-02 02:15:00+00:00,1,186466,95012.0,347.5642857142853,2025-01-02 14:15:00+00:00,96447.6,0.13668262808524648,3.9937762798249254,4.130458907910172,False,1.5,94490.65357142857,,,,,,,,,
2318,2318,2025-01-02 14:15:00+00:00,1,186514,96447.6,261.6714285714282,2025-01-03 02:15:00+00:00,97222.6,0.18429142326800269,2.77743811759568,2.961729540863683,True,1.5,96055.09285714287,186521.0,2025-01-02 16:00:00+00:00,7.0,1.75,False,0.13907845171157268,6.7539171261669,4.278188117595668,4.278188117595668
2319,2319,2025-01-03 08:15:00+00:00,-1,186586,96300.0,190.60714285713973,2025-01-03 20:15:00+00:00,98560.1,0.25261382799325877,-12.109986884017466,-11.857373056024208,True,1.5,96585.91071428571,186591.0,2025-01-03 09:30:00+00:00,5.0,1.25,True,1.57491099868848,1.1731497095746495,-10.610736884017463,-1.7533638279932588
2320,2320,2025-01-03 20:15:00+00:00,1,186634,98560.1,287.50714285714224,2025-01-04 08:15:00+00:00,98149.8,0.17140461106556396,-1.59849959007231,-1.427094979006746,True,1.5,98128.83928571429,186646.0,2025-01-03 23:15:00+00:00,12.0,3.0,False,1.2755832153238398,0.5953268241782681,-0.09774959007230088,-0.09774959007230088
2321,2321,2025-01-04 10:45:00+00:00,-1,186692,97740.0,164.62857142857268,2025-01-04 22:45:00+00:00,98372.5,0.2968500520652529,-4.138832002776782,-3.841981950711529,True,1.5,97986.94285714286,186704.0,2025-01-04 13:45:00+00:00,12.0,3.0,True,2.111766747657078,3.127906976744167,-2.6395820027767884,-1.7976000520652529
2322,2322,2025-01-04 22:45:00+00:00,1,186740,98372.5,172.85714285714388,2025-01-05 10:45:00+00:00,97693.8,0.28454855371900656,-4.2109121900826025,-3.9263636363635963,True,1.5,98113.21428571429,186741.0,2025-01-04 23:00:00+00:00,1.0,0.25,True,1.510000000000032,2.216198347107418,-2.710162190082636,-1.7837985537190066
2323,2323,2025-01-05 10:45:00+00:00,-1,186788,97693.8,153.04999999999978,2025-01-05 22:45:00+00:00,98661.1,0.3191564848088865,-6.6393132963084245,-6.320156811499538,True,1.5,97923.375,186798.0,2025-01-05 13:15:00+00:00,10.0,2.5,True,2.1243057824240474,4.549983665468807,-5.140063296308441,-1.8199064848088864
2324,2324,2025-01-05 22:45:00+00:00,1,186836,98661.1,200.98571428571137,2025-01-06 10:45:00+00:00,98741.5,0.2454430663160175,0.15458536498682382,0.4000284313028413,True,1.5,98359.62142857144,186838.0,2025-01-05 23:15:00+00:00,2.0,0.5,True,1.8191413746535654,1.989587035325877,1.655335364986829,-1.7446930663160176
2325,2325,2025-01-06 10:45:00+00:00,-1,186884,98741.5,227.05714285714203,2025-01-06 22:45:00+00:00,101966.0,0.21743755505222176,-14.41870847489624,-14.201270919844019,True,1.5,99082.08571428571,186886.0,2025-01-06 11:15:00+00:00,2.0,0.5,True,1.7987290801560458,0.7024034226751948,-12.91945847489624,-1.7181875550522219
2326,2326,2025-01-07 08:15:00+00:00,-1,186970,101757.6,142.49285714285983,2025-01-07 20:15:00+00:00,96254.1,0.357062108376353,38.26592651260643,38.62298862098278,True,1.5,101971.33928571429,186972.0,2025-01-07 08:45:00+00:00,2.0,0.5,False,0.012356509098211848,40.74828312196026,39.76517651260639,39.76517651260639
2327,2327,2025-01-07 20:15:00+00:00,-1,187018,96254.1,496.2428571428557,2025-01-08 08:15:00+00:00,95808.1,0.09698285689610531,0.8017706336183343,0.8987534905144396,True,1.5,96998.46428571429,187022.0,2025-01-07 21:15:00+00:00,4.0,1.0,False,0.49116216138410207,3.5798284250223293,2.3010206336183354,2.3010206336183354
2328,2328,2025-01-08 09:30:00+00:00,-1,187071,95770.0,330.17857142856934,2025-01-08 21:30:00+00:00,94447.9,0.14502758247701553,3.859169280692308,4.004196863169324,False,1.5,96265.26785714286,,,,,,,,,
2329,2329,2025-01-08 21:30:00+00:00,-1,187119,94447.9,555.5071428571422,2025-01-09 09:30:00+00:00,93552.6,0.08501051805943098,1.526669928379454,1.611680446438885,True,1.5,95281.16071428571,187134.0,2025-01-09 01:15:00+00:00,15.0,3.75,False,0.1395828779365083,4.64649419449409,3.0259199283794587,3.0259199283794587
2330,2330,2025-01-09 09:30:00+00:00,-1,187167,93552.6,411.64999999999833,2025-01-09 21:30:00+00:00,92204.0,0.11363124013117988,3.1624528118547577,3.2760840519859378,True,1.5,94170.075,187192.0,2025-01-09 15:45:00+00:00,25.0,6.25,False,1.1532248269160883,7.565346775173101,4.6617028118547434,4.6617028118547434
2331,2331,2025-01-09 21:30:00+00:00,-1,187215,92204.0,559.7071428571404,2025-01-10 09:30:00+00:00,94806.0,0.08236807514133704,-4.731227810462125,-4.648859735320787,True,1.5,93043.5607142857,187231.0,2025-01-10 01:30:00+00:00,16.0,4.0,True,2.0806225194298413,0.5997077553312271,-3.2319778104621357,-1.583118075141337
2332,2332,2025-01-10 09:30:00+00:00,1,187263,94806.0,306.807142857142,2025-01-10 21:30:00+00:00,94681.7,0.15450422554885615,-0.5596447279584772,-0.4051405024096211,True,1.5,94345.78928571429,187279.0,2025-01-10 13:30:00+00:00,16.0,4.0,True,5.357728214560119,1.3947221381509924,0.9411052720415227,-1.6537542255488562
2333,2333,2025-01-10 21:30:00+00:00,-1,187311,94681.7,385.25714285714224,2025-01-11 09:30:00+00:00,94297.5,0.1228811739839812,0.8743748331355619,0.9972560071195431,False,1.5,95259.58571428571,,,,,,,,,
2334,2334,2025-01-11 10:45:00+00:00,-1,187364,94443.6,133.33571428571304,2025-01-11 22:45:00+00:00,94547.0,0.35415717576472183,-1.1296433277976847,-0.775486152032963,True,1.5,94643.60357142857,187367.0,2025-01-11 11:30:00+00:00,3.0,0.75,True,2.582927090587717,5.254432956554371,0.36960667220226057,-1.8549071757647217
2335,2335,2025-01-12 01:45:00+00:00,-1,187424,94540.1,137.61428571428405,2025-01-12 13:45:00+00:00,94621.3,0.3434966780857511,-0.9335516972905538,-0.5900550192048027,False,1.5,94746.52142857143,,,,,,,,,
2336,2336,2025-01-12 13:45:00+00:00,1,187472,94621.3,180.07857142857287,2025-01-13 01:45:00+00:00,94176.7,0.26272226409106925,-2.7316445599143333,-2.468922295823264,True,1.5,94351.18214285714,187502.0,2025-01-12 21:15:00+00:00,30.0,7.5,True,2.733152195470205,1.5000000000000087,-1.2308945599143248,-1.7619722640910693
2337,2337,2025-01-13 01:45:00+00:00,1,187520,94176.7,452.7928571428555,2025-01-13 13:45:00+00:00,91090.1,0.10399534634254111,-6.920798993547986,-6.816803647205445,True,1.5,93497.51071428572,187540.0,2025-01-13 06:45:00+00:00,20.0,5.0,True,1.7158192803394774,0.9593554290041043,-5.42004899354799,-1.6032453463425411
2338,2338,2025-01-13 13:45:00+00:00,-1,187568,91090.1,526.9857142857145,2025-01-14 01:45:00+00:00,94798.5,0.08642558757353137,-7.123428488167191,-7.037002900593659,True,1.5,91880.57857142857,187572.0,2025-01-13 14:45:00+00:00,4.0,1.0,True,2.228564070590143,1.8588332565263397,-5.624178488167197,-1.5871755875735314
2339,2339,2025-01-14 01:45:00+00:00,1,187616,94798.5,321.3285714285718,2025-01-14 13:45:00+00:00,96295.4,0.14751022540345868,4.510961299070798,4.658471524474257,False,1.5,94316.50714285714,,,,,,,,,
2340,2340,2025-01-14 13:45:00+00:00,-1,187664,96295.4,360.52142857142564,2025-01-15 01:45:00+00:00,97306.2,0.13355017534127267,-2.9372670140471464,-2.8037168387058737,True,1.5,96836.18214285713,187667.0,2025-01-14 14:30:00+00:00,3.0,0.75,True,1.589691518237537,4.233540704931357,-1.4380170140471606,-1.6343001753412727
2341,2341,2025-01-15 08:15:00+00:00,1,187738,97470.0,243.37857142856956,2025-01-15 20:15:00+00:00,100145.6,0.20024359463504982,10.79332902884993,10.99357262348498,True,1.5,97104.93214285714,187742.0,2025-01-15 09:15:00+00:00,4.0,1.0,True,1.5816188771167874,0.8746368092037905,12.294079028849945,-1.6994935946350498
2342,2342,2025-01-16 09:00:00+00:00,-1,187837,98806.5,261.5642857142863,2025-01-16 21:00:00+00:00,100170.4,0.1888761298779318,-5.4032730276632,-5.214396897785268,True,1.5,99198.84642857143,187840.0,2025-01-16 09:45:00+00:00,3.0,0.75,True,2.329268958737283,7.284046533220422,-3.904023027663202,-1.6896261298779318
2343,2343,2025-01-16 21:00:00+00:00,1,187885,100170.4,339.41428571428696,2025-01-17 09:00:00+00:00,102121.0,0.14756361799738993,5.599395429100547,5.7469590470979375,True,1.5,99661.27857142856,187886.0,2025-01-16 21:15:00+00:00,1.0,0.25,False,0.9869312681509601,7.626730923018645,7.10014542910057,7.10014542910057
2344,2344,2025-01-17 09:15:00+00:00,1,187934,101968.8,263.84285714285426,2025-01-17 21:15:00+00:00,104943.2,0.1932377497428144,11.08013926038236,11.273377010125175,False,1.5,101573.03571428572,,,,,,,,,
2345,2345,2025-01-18 08:30:00+00:00,-1,188027,103161.9,446.6999999999981,2025-01-18 20:30:00+00:00,103939.6,0.11547112155809316,-1.8564605999552612,-1.740989478397168,True,1.5,103831.95,188040.0,2025-01-18 11:45:00+00:00,13.0,3.25,True,1.5897694201925492,1.6687933736288343,-0.3572105999552483,-1.6162211215580933
2346,2346,2025-01-19 16:15:00+00:00,-1,188154,105136.9,450.62142857142834,2025-01-20 04:15:00+00:00,101750.0,0.11665767907809856,7.399407437348414,7.516065116426513,True,1.5,105812.83214285714,188168.0,2025-01-19 19:45:00+00:00,14.0,3.5,False,1.4139759379904098,14.006950718848566,8.898657437348414,8.898657437348414
2347,2347,2025-01-20 06:45:00+00:00,1,188212,107554.0,941.9499999999981,2025-01-20 18:45:00+00:00,103907.0,0.057091140718721914,-3.9288465417485083,-3.8717554010297865,True,1.5,106141.075,188234.0,2025-01-20 12:15:00+00:00,22.0,5.5,True,1.7422103084027818,2.1743457720685857,-2.428096541748502,-1.556341140718722
2348,2348,2025-01-20 18:45:00+00:00,-1,188260,103907.0,2061.5999999999976,2025-01-21 06:45:00+00:00,102169.7,0.02520057237097403,0.8174944218083066,0.8426949941792806,False,1.5,106999.4,,,,,,,,,
2349,2349,2025-01-21 07:00:00+00:00,-1,188309,102359.1,531.778571428571,2025-01-21 19:00:00+00:00,106340.0,0.09624221950597062,-7.582252777068861,-7.48601055756289,True,1.5,103156.76785714287,188322.0,2025-01-21 10:15:00+00:00,13.0,3.25,True,1.5033177074238464,0.9273932490698463,-6.083002777068848,-1.5969922195059707
2350,2350,2025-01-21 19:00:00+00:00,1,188357,106340.0,818.5642857142853,2025-01-22 07:00:00+00:00,105546.3,0.0649551915810784,-1.0345797083744155,-0.9696245167933372,False,1.5,105112.15357142857,,,,,,,,,
2351,2351,2025-01-22 08:30:00+00:00,-1,188411,105061.4,312.8000000000029,2025-01-22 20:30:00+00:00,104155.9,0.16793702046035647,2.7268839514066245,2.894820971866981,True,1.5,105530.6,188426.0,2025-01-22 12:15:00+00:00,15.0,3.75,False,0.08503836317132679,7.413682864450059,4.226133951406648,4.226133951406648
2352,2352,2025-01-23 01:45:00+00:00,-1,188480,102908.5,428.7642857142834,2025-01-23 13:45:00+00:00,102472.9,0.12000591400536491,0.8959369117230764,1.0159428257284413,False,1.5,103551.64642857143,,,,,,,,,
2353,2353,2025-01-23 13:45:00+00:00,-1,188528,102472.9,413.07142857142753,2025-01-24 01:45:00+00:00,103184.8,0.12403774857340512,-1.8474684938613435,-1.7234307452879383,True,1.5,103092.50714285714,188531.0,2025-01-23 14:30:00+00:00,3.0,0.75,True,4.689486425730625,1.8880684765692364,-0.34821849386133463,-1.624787748573405
2354,2354,2025-01-24 03:15:00+00:00,-1,188582,103427.1,395.6285714285737,2025-01-24 15:15:00+00:00,105627.0,0.13071237452155626,-5.691230898389495,-5.560518523867939,True,1.5,104020.54285714286,188583.0,2025-01-24 03:30:00+00:00,1.0,0.25,True,2.223189138441525,1.5687513540839395,-4.1919808983895015,-1.6314623745215562
2355,2355,2025-01-24 15:15:00+00:00,1,188630,105627.0,493.46428571428675,2025-01-25 03:15:00+00:00,104668.4,0.10702598248534391,-2.049618441050887,-1.942592458565543,True,1.5,104886.80357142857,188651.0,2025-01-24 20:30:00+00:00,21.0,5.25,False,1.1688861547369032,1.1068611131215274,-0.5488684410508773,-0.5488684410508773
2356,2356,2025-01-25 03:15:00+00:00,-1,188678,104668.4,233.77857142856996,2025-01-25 15:15:00+00:00,104872.4,0.22386226282501895,-1.096482874514963,-0.8726206116899441,True,1.5,105019.06785714284,188680.0,2025-01-25 03:45:00+00:00,2.0,0.5,False,0.921522197439644,4.185447156955548,0.40276712548501264,0.40276712548501264
2357,2357,2025-01-26 01:30:00+00:00,-1,188767,104586.7,156.62142857142837,2025-01-26 13:30:00+00:00,104888.1,0.3338837506270812,-2.2582692114744964,-1.9243854608474154,True,1.5,104821.63214285714,188775.0,2025-01-26 03:30:00+00:00,8.0,2.0,True,1.7422127970082808,0.5965476353354267,-0.7590192114744999,-1.8346337506270811
2358,2358,2025-01-26 19:30:00+00:00,1,188839,105050.1,122.56428571428738,2025-01-27 07:30:00+00:00,99114.9,0.4285510227868699,-48.85375062649282,-48.42519960370595,True,1.5,104866.25357142858,188845.0,2025-01-26 21:00:00+00:00,6.0,1.5,True,1.6191794393612664,0.43525263710006157,-47.353000626492836,-1.9278010227868698
2359,2359,2025-01-27 07:30:00+00:00,-1,188887,99114.9,652.0142857142865,2025-01-27 19:30:00+00:00,99696.5,0.07600669354308616,-0.9680116890515185,-0.8920049955084323,True,1.5,100092.92142857143,188908.0,2025-01-27 12:45:00+00:00,21.0,5.25,True,2.3259897898819055,0.7832979119651188,0.5312383109484848,-1.5767566935430861
2360,2360,2025-01-27 19:30:00+00:00,-1,188935,99696.5,640.5500000000009,2025-01-28 07:30:00+00:00,102812.0,0.0778210131917882,-4.941609944578871,-4.863788931387083,True,1.5,100657.325,188939.0,2025-01-27 20:30:00+00:00,4.0,1.0,True,1.6526032315978387,0.5456638826008801,-3.4423599445788775,-1.5785710131917883
2361,2361,2025-01-28 07:30:00+00:00,1,188983,102812.0,334.7500000000021,2025-01-28 19:30:00+00:00,102358.0,0.15356534727408416,-1.5098013442867717,-1.3562359970126876,True,1.5,102309.875,189009.0,2025-01-28 14:00:00+00:00,26.0,6.5,True,1.6112770724421108,0.735548917102328,-0.009051344286781143,-1.652815347274084
2362,2362,2025-01-28 21:00:00+00:00,-1,189037,101260.0,425.05714285714515,2025-01-29 09:00:00+00:00,102611.9,0.11911339651811458,-3.2996269409154753,-3.180513544397361,True,1.5,101897.58571428571,189053.0,2025-01-29 01:00:00+00:00,16.0,4.0,True,1.5466491900248651,1.1184042481683114,-1.8003769409154868,-1.6198633965181146
2363,2363,2025-01-29 09:00:00+00:00,1,189085,102611.9,230.95714285714453,2025-01-29 21:00:00+00:00,104163.8,0.22214489391971137,6.497283571472743,6.719428465392455,True,1.5,102265.46428571428,189088.0,2025-01-29 09:45:00+00:00,3.0,0.75,True,1.798880435454881,2.2438609513206074,7.998033571472753,-1.7213948939197115
2364,2364,2025-01-29 21:00:00+00:00,1,189133,104163.8,841.9357142857168,2025-01-30 09:00:00+00:00,105146.3,0.06185971104003511,1.1050939925851109,1.166953703625146,False,1.5,102900.89642857143,,,,,,,,,
2365,2365,2025-01-30 09:00:00+00:00,1,189181,105146.3,259.27142857142877,2025-01-30 21:00:00+00:00,104919.9,0.20277263210094207,-1.075988787261039,-0.8732161551600969,True,1.5,104757.39285714286,189201.0,2025-01-30 14:00:00+00:00,20.0,5.0,False,0.5792881150476638,6.5283211196209185,0.42476121273897915,0.42476121273897915
2366,2366,2025-01-31 00:30:00+00:00,-1,189243,104818.0,238.59999999999854,2025-01-31 12:30:00+00:00,104584.8,0.219652137468568,0.7577158424140746,0.9773679798826426,False,1.5,105175.9,,,,,,,,,
2367,2367,2025-01-31 15:30:00+00:00,1,189303,105604.9,386.6714285714302,2025-02-01 03:30:00+00:00,102219.4,0.13655637861602632,-8.892052000591088,-8.755495621975061,True,1.5,105024.89285714286,189306.0,2025-01-31 16:15:00+00:00,3.0,0.75,True,2.9091698378098614,0.695958177854955,-7.391302000591104,-1.6358063786160264
2368,2368,2025-02-01 04:00:00+00:00,1,189353,102167.9,188.49285714285568,2025-02-01 16:00:00+00:00,102020.1,0.27101265678881564,-1.0551272499904727,-0.7841145932016571,True,1.5,101885.16071428571,189372.0,2025-02-01 08:45:00+00:00,19.0,4.75,True,1.664576149153078,0.7068664974042181,0.44562275000953006,-1.7702626567888156
2369,2369,2025-02-01 16:00:00+00:00,1,189401,102020.1,205.6428571428582,2025-02-02 04:00:00+00:00,99238.6,0.2480516498784288,-13.77392869051747,-13.525877040639042,True,1.5,101711.63571428572,189415.0,2025-02-01 19:30:00+00:00,14.0,3.5,True,1.549947898575923,0.570232719694299,-12.273178690517458,-1.7473016498784288
2370,2370,2025-02-02 04:00:00+00:00,-1,189449,99238.6,390.80714285714413,2025-02-02 16:00:00+00:00,98949.1,0.12696620547219084,0.6138083819201998,0.7407745873923907,True,1.5,99824.81071428572,189452.0,2025-02-02 04:45:00+00:00,3.0,0.75,True,1.6511706541406956,0.9820974905415617,2.1130583819201916,-1.6277162054721908
2371,2371,2025-02-02 16:00:00+00:00,-1,189497,98949.1,379.92857142857036,2025-02-03 04:00:00+00:00,93879.9,0.13022066177853017,13.212287328445264,13.342507990223794,False,1.5,99518.99285714286,,,,,,,,,
2372,2372,2025-02-03 04:00:00+00:00,1,189545,93879.9,1227.4999999999968,2025-02-03 16:00:00+00:00,98440.0,0.038240285132382985,3.676708798370686,3.714949083503069,False,1.5,92038.65,,,,,,,,,
2373,2373,2025-02-03 16:00:00+00:00,1,189593,98440.0,985.721428571428,2025-02-04 04:00:00+00:00,100240.8,0.04993297150020655,1.7769523409250698,1.8268853124252764,False,1.5,96961.41785714286,,,,,,,,,
2374,2374,2025-02-04 04:00:00+00:00,1,189641,100240.8,370.6214285714273,2025-02-04 16:00:00+00:00,99824.0,0.1352334110663562,-1.259831094493816,-1.1245976834274598,True,1.5,99684.86785714286,189645.0,2025-02-04 05:00:00+00:00,4.0,1.0,True,1.6913966889587146,0.9989496405650831,0.2409189055061869,-1.6344834110663562
2375,2375,2025-02-04 16:00:00+00:00,1,189689,99824.0,681.0214285714288,2025-02-05 04:00:00+00:00,98048.1,0.07328991116285409,-2.680990528932371,-2.6077006177695172,True,1.5,98802.46785714285,189694.0,2025-02-04 17:15:00+00:00,5.0,1.25,True,1.9125211079995306,2.850324617433911,-1.1802405289323648,-1.5725399111628542
2376,2376,2025-02-05 05:30:00+00:00,1,189743,97757.2,346.1428571428561,2025-02-05 17:30:00+00:00,97350.6,0.14120932728023156,-1.3158688402806227,-1.1746595130003912,True,1.5,97237.9857142857,189759.0,2025-02-05 09:30:00+00:00,16.0,4.0,False,0.0924061081303967,5.4492364836979235,0.18488115971939398,0.18488115971939398
2377,2377,2025-02-05 19:00:00+00:00,-1,189797,96771.8,490.9857142857145,2025-02-06 07:00:00+00:00,98037.5,0.09854848846344084,-2.6764238994442597,-2.577875410980819,True,1.5,97508.27857142857,189801.0,2025-02-05 20:00:00+00:00,4.0,1.0,True,1.7968372661409993,2.8558439291221602,-1.177173899444267,-1.599298488463441
2378,2378,2025-02-06 07:00:00+00:00,1,189845,98037.5,251.57142857142546,2025-02-06 19:00:00+00:00,96447.8,0.1948502271436708,-6.513930295286838,-6.319080068143167,True,1.5,97660.14285714286,189877.0,2025-02-06 15:00:00+00:00,32.0,8.0,True,2.7699602498580496,1.4519023282226038,-5.013180295286811,-1.6941002271436707
2379,2379,2025-02-06 19:00:00+00:00,-1,189893,96447.8,471.35000000000065,2025-02-07 07:00:00+00:00,96874.1,0.10231017290760568,-1.006733637424424,-0.9044234645168183,True,1.5,97154.825,189920.0,2025-02-07 01:45:00+00:00,27.0,6.75,False,1.4430359605388818,1.311817121035316,0.4925163625755616,0.4925163625755616
2380,2380,2025-02-07 07:00:00+00:00,1,189941,96874.1,290.27857142857,2025-02-07 19:00:00+00:00,97359.2,0.1668640222446427,1.5042893033785054,1.6711533256231481,False,1.5,96438.68214285716,,,,,,,,,
2381,2381,2025-02-07 19:00:00+00:00,-1,189989,97359.2,587.3928571428571,2025-02-08 07:00:00+00:00,95895.2,0.08287400741776617,2.409495421657445,2.4923694290752114,False,1.5,98240.28928571429,,,,,,,,,
2382,2382,2025-02-08 07:30:00+00:00,-1,190039,96105.2,203.70714285714453,2025-02-08 19:30:00+00:00,96520.0,0.2358905992496211,-2.2721471299835154,-2.0362565307338945,True,1.5,96410.76071428572,190063.0,2025-02-08 13:30:00+00:00,24.0,6.0,True,1.5435849784353939,3.9800308566218767,-0.7728971299835052,-1.736640599249621
2383,2383,2025-02-08 19:45:00+00:00,1,190088,96550.0,173.7071428571414,2025-02-09 07:45:00+00:00,97020.0,0.2779102759159528,2.4277930835972077,2.7057033595131603,False,1.5,96289.43928571428,,,,,,,,,
2384,2384,2025-02-09 07:45:00+00:00,1,190136,97020.0,147.6071428571418,2025-02-09 19:45:00+00:00,96011.4,0.32864263247036285,-7.16164529397541,-6.833002661505048,True,1.5,96798.58928571429,190145.0,2025-02-09 10:00:00+00:00,9.0,2.25,True,1.7654246310186712,1.3536656181949578,-5.660895293975428,-1.8278926324703628
2385,2385,2025-02-09 22:45:00+00:00,-1,190196,95779.9,506.7357142857155,2025-02-10 10:45:00+00:00,97699.9,0.09450675894732367,-3.8834640908898597,-3.788957331942536,True,1.5,96540.00357142856,190200.0,2025-02-09 23:45:00+00:00,4.0,1.0,True,2.1589092651847386,2.6441861776355307,-2.38421409088987,-1.5952567589473237
2386,2386,2025-02-10 10:45:00+00:00,1,190244,97699.9,270.34999999999854,2025-02-10 22:45:00+00:00,97343.2,0.1806915110042547,-1.5000922877751035,-1.3194007767708489,True,1.5,97294.375,190251.0,2025-02-10 12:30:00+00:00,7.0,1.75,True,1.8042352506010608,3.8232846310338657,0.0006577122248828948,-1.6799415110042548
2387,2387,2025-02-11 03:00:00+00:00,1,190309,97582.0,268.16428571428696,2025-02-11 15:00:00+00:00,96809.9,0.1819444370455203,-3.061149615108017,-2.8792051780624965,True,1.5,97179.75357142856,190351.0,2025-02-11 13:30:00+00:00,42.0,10.5,True,2.1600697866446033,1.425791758783311,-1.5603996151079897,-1.6811944370455203
2388,2388,2025-02-11 15:00:00+00:00,-1,190357,96809.9,347.88571428571595,2025-02-12 03:00:00+00:00,95342.6,0.13914037861366557,4.078624076051195,4.217764454664861,False,1.5,97331.72857142857,,,,,,,,,
2389,2389,2025-02-12 04:30:00+00:00,1,190411,95379.9,291.585714285712,2025-02-12 16:30:00+00:00,95924.4,0.16355379452256263,1.7038216402920126,1.8673754348145752,True,1.5,94942.52142857143,190447.0,2025-02-12 13:30:00+00:00,36.0,9.0,True,3.21902405565632,5.58181862721087,3.204571640291993,-1.6628037945225627
2390,2390,2025-02-12 16:30:00+00:00,1,190459,95924.4,799.9928571428557,2025-02-13 04:30:00+00:00,97119.5,0.05995328529719026,1.4339350529915544,1.4938883382887447,False,1.5,94724.41071428571,,,,,,,,,
2391,2391,2025-02-13 04:45:00+00:00,-1,190508,96905.0,212.28571428571325,2025-02-13 16:45:00+00:00,95321.0,0.22824192462988,7.233400067294786,7.461641991924666,False,1.5,97223.42857142857,,,,,,,,,
2392,2392,2025-02-13 16:45:00+00:00,-1,190556,95321.0,455.0071428571412,2025-02-14 04:45:00+00:00,96715.4,0.10474670727304161,-3.169313982512047,-3.0645672752390056,True,1.5,96003.51071428572,190565.0,2025-02-13 19:00:00+00:00,9.0,2.25,True,1.6555548578515338,1.1065995824241455,-1.6700639825120382,-1.6054967072730417
2393,2393,2025-02-14 04:45:00+00:00,1,190604,96715.4,225.06428571428842,2025-02-14 16:45:00+00:00,97626.8,0.21486172204766635,3.8346479418578743,4.049509663905541,True,1.5,96377.80357142857,190646.0,2025-02-14 15:15:00+00:00,42.0,10.5,False,0.6758227807927665,5.937398838427098,5.335397941857859,5.335397941857859
2394,2394,2025-02-14 17:00:00+00:00,1,190653,97208.5,468.77142857142877,2025-02-15 05:00:00+00:00,97466.7,0.10368432681172667,0.44711716035837723,0.5508014871701039,False,1.5,96505.34285714285,,,,,,,,,
2395,2395,2025-02-16 09:30:00+00:00,-1,190815,97261.9,119.49285714285672,2025-02-16 21:30:00+00:00,97126.5,0.4069778827186337,0.7261442405403329,1.1331221232589666,False,1.5,97441.13928571428,,,,,,,,,
2396,2396,2025-02-16 23:00:00+00:00,-1,190869,96304.8,214.5642857142853,2025-02-17 11:00:00+00:00,96195.0,0.2244194547088789,0.2873152901228544,0.5117347448317333,False,1.5,96626.64642857143,,,,,,,,,
2397,2397,2025-02-17 11:00:00+00:00,-1,190917,96195.0,192.721428571429,2025-02-17 23:00:00+00:00,95841.5,0.2495700678255063,1.5846836662836776,1.834253734109184,True,1.5,96484.08214285714,190929.0,2025-02-17 14:00:00+00:00,12.0,3.0,True,2.4487046440087763,0.695730328749825,3.08393366628364,-1.7503200678255062
2398,2398,2025-02-17 23:00:00+00:00,1,190965,95841.5,228.364285714283,2025-02-18 11:00:00+00:00,95606.3,0.20984345187826717,-1.2397768290012845,-1.0299333771230172,True,1.5,95498.95357142857,190993.0,2025-02-18 06:00:00+00:00,28.0,7.0,True,2.1849019423853235,0.7709017547152089,0.2609731709987225,-1.7090934518782672
2399,2399,2025-02-18 11:00:00+00:00,1,191013,95606.3,217.9142857142849,2025-02-18 23:00:00+00:00,95395.3,0.2193667562606538,-1.187637373803597,-0.9682706175429432,True,1.5,95279.42857142858,191032.0,2025-02-18 15:45:00+00:00,19.0,4.75,True,3.094925921069933,1.448144748918284,0.3131126261963839,-1.7186167562606538
2400,2400,2025-02-18 23:00:00+00:00,1,191061,95395.3,441.3999999999973,2025-02-19 11:00:00+00:00,96339.2,0.10805992297236133,2.0303632759401893,2.138423198912551,False,1.5,94733.20000000001,,,,,,,,,
2401,2401,2025-02-19 11:00:00+00:00,1,191109,96339.2,186.5428571428586,2025-02-19 23:00:00+00:00,96559.9,0.25822269872874665,0.9248834430999926,1.1831061418287392,True,1.5,96059.38571428572,191121.0,2025-02-19 14:00:00+00:00,12.0,3.0,True,2.244983917904693,3.3054832286720437,2.425633443099956,-1.7574726987287468
2402,2402,2025-02-20 04:00:00+00:00,1,191177,97085.4,199.14999999999938,2025-02-20 16:00:00+00:00,97366.3,0.2437494350991722,1.1667451669596256,1.4104946020587978,True,1.5,96786.67499999999,191185.0,2025-02-20 06:00:00+00:00,8.0,2.0,False,0.21528998242523514,6.092518202360107,2.667495166959659,2.667495166959659
2403,2403,2025-02-20 16:30:00+00:00,1,191227,97912.1,380.78571428571223,2025-02-21 04:30:00+00:00,98219.1,0.12856587882198534,0.6776618458075444,0.8062277246295297,False,1.5,97340.92142857144,,,,,,,,,
2404,2404,2025-02-21 13:00:00+00:00,1,191309,99273.0,213.3428571428563,2025-02-22 01:00:00+00:00,96220.9,0.23266070711129058,-14.538740792821834,-14.306080085710542,True,1.5,98952.98571428572,191314.0,2025-02-21 14:15:00+00:00,5.0,1.25,True,3.1080755323423808,0.923463238248261,-13.037990792821864,-1.7319107071112905
2405,2405,2025-02-22 01:00:00+00:00,-1,191357,96220.9,280.1285714285706,2025-02-22 13:00:00+00:00,96786.3,0.1717441735937585,-2.1901030904177032,-2.018358916823945,True,1.5,96641.09285714285,191402.0,2025-02-22 12:15:00+00:00,45.0,11.25,False,1.2383854352593413,0.4672599316640258,-0.6908530904176957,-0.6908530904176957
2406,2406,2025-02-22 13:00:00+00:00,1,191405,96786.3,124.68571428571366,2025-02-23 01:00:00+00:00,96500.0,0.38812104720440166,-2.6842942827681395,-2.296173235563738,True,1.5,96599.27142857143,191407.0,2025-02-22 13:30:00+00:00,2.0,0.5,True,1.5412465627864222,1.3772914757103378,-1.1835442827681353,-1.8873710472044016
2407,2407,2025-02-23 07:00:00+00:00,-1,191477,96273.5,85.5214285714267,2025-02-23 19:00:00+00:00,95713.5,0.5628618558423242,5.985204627077723,6.548066482920047,True,1.5,96401.78214285713,191478.0,2025-02-23 07:15:00+00:00,1.0,0.25,False,1.1964002338597233,14.28393051031511,7.4844546270776435,7.4844546270776435
2408,2408,2025-02-23 19:00:00+00:00,-1,191525,95713.5,171.50714285714326,2025-02-24 07:00:00+00:00,95737.5,0.27903648327849667,-0.41897234600807864,-0.13993586272958194,True,1.5,95970.76071428572,191541.0,2025-02-23 23:00:00+00:00,16.0,4.0,True,1.8613760359834934,1.4860064137270819,1.0802776539919274,-1.7797864832784966
2409,2409,2025-02-24 07:00:00+00:00,-1,191573,95737.5,202.80714285714203,2025-02-24 19:00:00+00:00,94278.3,0.23603088789490465,6.958981967386341,7.195012855281246,True,1.5,96041.71071428571,191582.0,2025-02-24 09:15:00+00:00,9.0,2.25,False,0.5216250484274376,11.053411052019904,8.458231967386343,8.458231967386343
2410,2410,2025-02-24 21:00:00+00:00,-1,191629,93835.6,428.2714285714298,2025-02-25 09:00:00+00:00,89292.5,0.10955155275359389,10.49844070849593,10.607992261249525,False,1.5,94478.00714285715,,,,,,,,,
2411,2411,2025-02-25 10:15:00+00:00,-1,191682,87729.9,911.6857142857126,2025-02-25 22:15:00+00:00,88798.4,0.04811411357297323,-1.2201188771193103,-1.172004763546337,True,1.5,89097.42857142857,191688.0,2025-02-25 11:45:00+00:00,6.0,1.5,False,0.44145852267385505,3.3750979347519565,0.27913112288069203,0.27913112288069203
2412,2412,2025-02-25 22:30:00+00:00,-1,191731,88603.7,616.1285714285716,2025-02-26 10:30:00+00:00,89132.5,0.071903579957801,-0.9301660019940223,-0.8582624220362214,False,1.5,89527.89285714286,,,,,,,,,
2413,2413,2025-02-26 10:30:00+00:00,1,191779,89132.5,296.1499999999973,2025-02-26 22:30:00+00:00,84256.9,0.15048539591423404,-16.613764139794196,-16.46327874387996,True,1.5,88688.27500000001,191783.0,2025-02-26 11:30:00+00:00,4.0,1.0,True,1.9452135742023193,0.816900219483338,-15.11301413979421,-1.649735395914234
2414,2414,2025-02-26 22:30:00+00:00,1,191827,84256.9,874.9857142857135,2025-02-27 10:30:00+00:00,86434.1,0.04814758608303814,2.4401216101487524,2.4882691962317907,False,1.5,82944.42142857143,,,,,,,,,
2415,2415,2025-02-27 10:30:00+00:00,1,191875,86434.1,297.1071428571439,2025-02-27 22:30:00+00:00,84200.1,0.1454594783026801,-7.66463245582399,-7.51917297752131,True,1.5,85988.4392857143,191887.0,2025-02-27 13:30:00+00:00,12.0,3.0,True,1.5194494530592901,2.5077172737107403,-6.163882455824009,-1.64470947830268
2416,2416,2025-02-27 22:30:00+00:00,-1,191923,84200.1,540.5142857142865,2025-02-28 10:30:00+00:00,79829.3,0.07788887567396119,8.00848389100327,8.086372766677231,False,1.5,85010.87142857144,,,,,,,,,
2417,2417,2025-02-28 10:30:00+00:00,1,191971,79829.3,718.1285714285706,2025-02-28 22:30:00+00:00,84107.0,0.05558148162883693,5.9011512960273755,5.956732777656213,False,1.5,78752.10714285714,,,,,,,,,
2418,2418,2025-03-01 00:30:00+00:00,1,192027,84127.4,307.23571428571347,2025-03-01 12:30:00+00:00,84646.0,0.13691018994257587,1.5510446144189198,1.6879548043614956,False,1.5,83666.54642857143,,,,,,,,,
2419,2419,2025-03-01 12:30:00+00:00,1,192075,84646.0,285.6071428571418,2025-03-02 00:30:00+00:00,86160.0,0.1481860697761666,5.152801800675272,5.300987870451439,False,1.5,84217.58928571429,,,,,,,,,
2420,2420,2025-03-02 00:30:00+00:00,1,192123,86160.0,322.25714285714224,2025-03-02 12:30:00+00:00,85806.8,0.13368206401276733,-1.229701214646682,-1.0960191506339145,True,1.5,85676.61428571428,192131.0,2025-03-02 02:30:00+00:00,8.0,2.0,False,0.5790850252681935,2.6016047521943535,0.2710487853533262,0.2710487853533262
2421,2421,2025-03-02 14:15:00+00:00,1,192178,85380.0,224.77857142857206,2025-03-03 02:15:00+00:00,92397.4,0.18992023896533042,31.02924783119884,31.219168070164173,True,1.5,85042.83214285714,192180.0,2025-03-02 14:45:00+00:00,2.0,0.5,False,0.1238202675648752,44.168658044424575,32.52999783119887,32.52999783119887
2422,2422,2025-03-03 02:15:00+00:00,1,192226,92397.4,561.9785714285691,2025-03-03 14:15:00+00:00,93129.9,0.0822072270167905,1.2212232545724977,1.303430481589288,True,1.5,91554.43214285714,192244.0,2025-03-03 06:45:00+00:00,18.0,4.5,False,0.808628951281825,3.757381445657579,2.721973254572495,2.721973254572495
2423,2423,2025-03-03 14:45:00+00:00,-1,192276,89238.6,739.942857142858,2025-03-04 02:45:00+00:00,83878.9,0.06030100779983004,7.183096165727091,7.243397173526921,True,1.5,90348.5142857143,192277.0,2025-03-03 15:00:00+00:00,1.0,0.25,False,1.2565642134527693,10.715035910108886,8.682346165727092,8.682346165727092
2424,2424,2025-03-04 02:45:00+00:00,1,192324,83878.9,890.0928571428594,2025-03-04 14:45:00+00:00,83157.1,0.047118061518461034,-0.8580446903613435,-0.8109266288428825,True,1.5,82543.7607142857,192366.0,2025-03-04 13:15:00+00:00,42.0,10.5,False,0.5840522256907291,2.6863930729538663,0.6427053096386606,0.6427053096386606
2425,2425,2025-03-04 14:45:00+00:00,-1,192372,83157.1,863.8071428571441,2025-03-05 02:45:00+00:00,87420.0,0.04813406597041331,-4.983147668543725,-4.935013602573312,True,1.5,84452.81071428572,192382.0,2025-03-04 17:15:00+00:00,10.0,2.5,True,1.7415800484565722,0.8104942406125781,-3.483897668543729,-1.5488840659704133
2426,2426,2025-03-05 09:30:00+00:00,1,192447,88505.0,315.5928571428573,2025-03-05 21:30:00+00:00,90119.3,0.1402202204467781,4.974914559898609,5.115134780345388,True,1.5,88031.6107142857,192470.0,2025-03-05 15:15:00+00:00,23.0,5.75,True,1.5007016273227027,2.361869949980783,6.4756645598986315,-1.6394702204467781
2427,2427,2025-03-05 21:30:00+00:00,1,192495,90119.3,475.3714285714273,2025-03-06 09:30:00+00:00,90861.3,0.09478830087750957,1.4660964208438552,1.5608847217213648,False,1.5,89406.24285714286,,,,,,,,,
2428,2428,2025-03-06 10:15:00+00:00,-1,192546,91616.4,356.1428571428582,2025-03-06 22:15:00+00:00,89785.5,0.12862310469314042,5.0122914560769845,5.140914560770125,False,1.5,92150.61428571428,,,,,,,,,
2429,2429,2025-03-06 23:00:00+00:00,1,192597,90230.4,691.1071428571419,2025-03-07 11:00:00+00:00,89100.4,0.06527960312128582,-1.7003372228825409,-1.635057619761255,True,1.5,89193.73928571428,192602.0,2025-03-07 00:15:00+00:00,5.0,1.25,True,3.8778926153687223,1.7118340137460688,-0.19958722288254466,-1.5645296031212859
2430,2430,2025-03-07 12:15:00+00:00,1,192650,89135.5,363.31428571428324,2025-03-08 00:15:00+00:00,86644.5,0.12266996303869225,-6.978992706039683,-6.85632274300099,True,1.5,88590.52857142857,192651.0,2025-03-07 12:30:00+00:00,1.0,0.25,True,1.6831944007549646,6.928908461780466,-5.478242706039671,-1.6219199630386922
2431,2431,2025-03-08 00:15:00+00:00,-1,192698,86644.5,716.6214285714274,2025-03-08 12:15:00+00:00,86164.2,0.06045346716237913,0.609774886122385,0.670228353284764,False,1.5,87719.43214285714,,,,,,,,,
2432,2432,2025-03-08 16:15:00+00:00,1,192762,85886.6,256.6214285714294,2025-03-09 04:15:00+00:00,86024.8,0.16734105269017677,0.3711954240543198,0.5385364767444966,False,1.5,85501.66785714286,,,,,,,,,
2433,2433,2025-03-09 04:15:00+00:00,-1,192810,86024.8,160.97142857142794,2025-03-09 16:15:00+00:00,83215.0,0.2672051828186024,17.18806638267669,17.455271565495295,False,1.5,86266.25714285714,,,,,,,,,
2434,2434,2025-03-09 16:15:00+00:00,-1,192858,83215.0,515.6071428571397,2025-03-10 04:15:00+00:00,82444.6,0.08069612800443356,1.413464708734499,1.4941608367389325,False,1.5,83988.41071428571,,,,,,,,,
2435,2435,2025-03-10 05:30:00+00:00,1,192911,82208.4,401.77142857142877,2025-03-10 17:30:00+00:00,78594.8,0.10230742426397378,-9.096476105817068,-8.994168681553095,True,1.5,81605.74285714285,192923.0,2025-03-10 08:30:00+00:00,12.0,3.0,True,3.669854928175188,6.037654672166146,-7.595726105817058,-1.6015574242639739
2436,2436,2025-03-10 17:30:00+00:00,-1,192959,78594.8,770.0,2025-03-11 05:30:00+00:00,80138.0,0.05103558441558442,-2.055191428571425,-2.0041558441558402,True,1.5,79749.8,192975.0,2025-03-10 21:30:00+00:00,16.0,4.0,False,0.6989610389610352,4.142597402597406,-0.5559414285714248,-0.5559414285714248
2437,2437,2025-03-11 07:15:00+00:00,1,193014,80409.5,363.7071428571435,2025-03-11 19:15:00+00:00,83139.9,0.1105415463775799,7.396597242679521,7.507138789057101,True,1.5,79863.93928571428,193042.0,2025-03-11 14:15:00+00:00,28.0,7.0,True,2.303334708065743,2.71526345764843,8.897347242679531,-1.6097915463775798
2438,2438,2025-03-11 19:15:00+00:00,1,193062,83139.9,710.9500000000002,2025-03-12 07:15:00+00:00,81658.9,0.05847098952106335,-2.1415991982558547,-2.083128208734791,True,1.5,82073.47499999999,193096.0,2025-03-12 03:45:00+00:00,34.0,8.5,False,1.1582741402348844,0.3522399606160811,-0.6408491982558505,-0.6408491982558505
2439,2439,2025-03-12 07:15:00+00:00,-1,193110,81658.9,309.9214285714282,2025-03-12 19:15:00+00:00,82721.0,0.13174129387632827,-3.5587389200027886,-3.4269976261264605,True,1.5,82123.78214285713,193112.0,2025-03-12 07:45:00+00:00,2.0,0.5,True,2.1786743183756587,1.157332503629904,-2.0594889200027993,-1.6324912938763283
2440,2440,2025-03-12 19:15:00+00:00,1,193158,82721.0,512.5642857142842,2025-03-13 07:15:00+00:00,83387.1,0.08069329282738077,1.2188510152036829,1.2995443080310636,False,1.5,81952.15357142857,,,,,,,,,
2441,2441,2025-03-13 07:15:00+00:00,-1,193206,83387.1,249.0999999999996,2025-03-13 19:15:00+00:00,80539.9,0.16737675632276222,11.262571055800949,11.42994781212371,True,1.5,83760.75,193227.0,2025-03-13 12:30:00+00:00,21.0,5.25,False,1.080891208350062,15.485146527499046,12.761821055800928,12.761821055800928
2442,2442,2025-03-13 19:15:00+00:00,-1,193254,80539.9,414.57142857142964,2025-03-14 07:15:00+00:00,82032.9,0.09713633700895909,-3.6984457787732508,-3.6013094417642915,True,1.5,81161.75714285714,193268.0,2025-03-13 22:45:00+00:00,14.0,3.5,True,1.549172984148868,0.9401447277739375,-2.199195778773249,-1.597886337008959
2443,2443,2025-03-14 07:15:00+00:00,1,193302,82032.9,180.79285714285652,2025-03-14 19:15:00+00:00,84587.4,0.22686985895460549,13.9025600331872,14.129429892141806,False,1.5,81761.71071428571,,,,,,,,,
2444,2444,2025-03-15 10:15:00+00:00,-1,193410,83674.4,191.21428571428675,2025-03-15 22:15:00+00:00,84369.9,0.21879745984310675,-3.856077997758664,-3.6372805379155575,True,1.5,83961.22142857143,193413.0,2025-03-15 11:00:00+00:00,3.0,0.75,True,1.5886813597310314,0.8797534553604756,-2.3568279977586397,-1.7195474598431069
2445,2445,2025-03-16 10:00:00+00:00,-1,193505,84000.5,171.68571428571158,2025-03-16 22:00:00+00:00,82529.9,0.244634506573477,8.321017016142617,8.565651522716095,True,1.5,84258.02857142857,193529.0,2025-03-16 16:00:00+00:00,24.0,6.0,True,5.113829256115909,5.889998335829662,9.82026701614264,-1.745384506573477
2446,2446,2025-03-16 23:15:00+00:00,-1,193558,82396.6,329.585714285712,2025-03-17 11:15:00+00:00,83505.4,0.12500026006675133,-3.489223744094306,-3.364223484027555,True,1.5,82890.97857142857,193563.0,2025-03-17 00:30:00+00:00,5.0,1.25,True,2.1318321702570753,0.37798534957306723,-1.9899737440943237,-1.6257502600667513
2447,2447,2025-03-17 13:45:00+00:00,-1,193616,82971.4,427.19285714285587,2025-03-18 01:45:00+00:00,83127.2,0.09711234470881364,-0.46181881719531975,-0.3647064724865061,True,1.5,83612.18928571428,193624.0,2025-03-17 15:45:00+00:00,8.0,2.0,True,1.8532864046014708,1.3045379303426088,1.0374311828046876,-1.5978623447088136
2448,2448,2025-03-18 01:45:00+00:00,-1,193664,83127.2,207.77142857142982,2025-03-18 13:45:00+00:00,81330.4,0.2000448294829471,8.447919966996663,8.64796479647961,True,1.5,83438.85714285714,193666.0,2025-03-18 02:15:00+00:00,2.0,0.5,False,0.2942794279427825,11.061949944994442,9.947169966996679,9.947169966996679
2449,2449,2025-03-18 13:45:00+00:00,-1,193712,81330.4,269.08571428571406,2025-03-19 01:45:00+00:00,82562.3,0.15112359311955842,-4.72921873009135,-4.578095136971792,True,1.5,81734.02857142857,193715.0,2025-03-18 14:30:00+00:00,3.0,0.75,True,1.5904650668931861,0.9956997239328721,-3.2299687300913296,-1.6518735931195585
2450,2450,2025-03-19 01:45:00+00:00,1,193760,82562.3,246.82142857142753,2025-03-19 13:45:00+00:00,84050.1,0.1672510779916083,5.860588597887462,6.02783967587907,False,1.5,82192.06785714286,,,,,,,,,
2451,2451,2025-03-19 13:45:00+00:00,1,193808,84050.1,326.3571428571418,2025-03-20 01:45:00+00:00,85840.4,0.12877012475377586,5.3569379076384145,5.48570803239219,True,1.5,83560.5642857143,193825.0,2025-03-19 18:00:00+00:00,17.0,4.25,False,0.1855767126286151,12.070934558984469,6.8576879076384065,6.8576879076384065
2452,2452,2025-03-20 01:45:00+00:00,1,193856,85840.4,456.70714285714246,2025-03-20 13:45:00+00:00,85470.1,0.0939775098140416,-0.9047815574218931,-0.8108040476078515,True,1.5,85155.33928571428,193890.0,2025-03-20 10:15:00+00:00,34.0,8.5,False,1.0287539686263252,1.491679569589802,0.5959684425781182,0.5959684425781182
2453,2453,2025-03-20 15:30:00+00:00,-1,193911,85007.9,473.499999999999,2025-03-21 03:30:00+00:00,84411.3,0.08976546990496323,1.1702134107708393,1.2599788806758025,False,1.5,85718.15,,,,,,,,,
2454,2454,2025-03-21 03:45:00+00:00,1,193960,84409.9,186.30714285714308,2025-03-21 15:45:00+00:00,83525.9,0.22653425602883076,-4.971387225395846,-4.744852969367015,True,1.5,84130.43928571428,193970.0,2025-03-21 06:15:00+00:00,10.0,2.5,True,2.5771383659854648,0.6417398305409892,-3.470637225395854,-1.7257842560288308
2455,2455,2025-03-23 11:45:00+00:00,1,194184,84651.5,129.2428571428536,2025-03-23 23:45:00+00:00,86044.2,0.3274900519509319,10.448347242179992,10.775837294130923,False,1.5,84457.63571428572,,,,,,,,,
2456,2456,2025-03-24 01:00:00+00:00,1,194237,85767.9,300.57142857142543,2025-03-24 13:00:00+00:00,87162.7,0.14267473859315738,4.4978195579848474,4.640494296578005,False,1.5,85317.04285714285,,,,,,,,,
2457,2457,2025-03-25 04:15:00+00:00,-1,194346,86411.1,266.7071428571435,2025-03-25 16:15:00+00:00,87775.2,0.16199622378746045,-5.2765949007739446,-5.114598676986484,True,1.5,86811.16071428572,194355.0,2025-03-25 06:30:00+00:00,9.0,2.25,True,1.7650044189720553,1.9889257880500733,-3.777344900773931,-1.6627462237874604
2458,2458,2025-03-25 16:15:00+00:00,1,194394,87775.2,413.0,2025-03-26 04:15:00+00:00,87207.2,0.10626537530266343,-1.48156803874092,-1.3753026634382566,True,1.5,87155.7,194419.0,2025-03-25 22:30:00+00:00,25.0,6.25,False,0.4254237288135523,1.7159806295399445,0.019181961259079908,0.019181961259079908
2459,2459,2025-03-26 14:15:00+00:00,-1,194482,86646.1,351.78571428571115,2025-03-27 02:15:00+00:00,87548.8,0.12315181725888436,-2.689202578680219,-2.5660507614213346,True,1.5,87173.77857142857,194506.0,2025-03-26 20:15:00+00:00,24.0,6.0,False,1.353441624365479,1.8817664974619361,-1.1899525786802232,-1.1899525786802232
2460,2460,2025-03-27 13:30:00+00:00,-1,194575,85967.1,283.51428571428653,2025-03-28 01:30:00+00:00,87465.3,0.15160982061876405,-5.435999622090067,-5.2843898014713035,True,1.5,86392.37142857144,194576.0,2025-03-27 13:45:00+00:00,1.0,0.25,True,2.7234203365917162,1.893278242467002,-3.9367496220900606,-1.6523598206187642
2461,2461,2025-03-28 04:45:00+00:00,-1,194636,86248.5,236.25714285714432,2025-03-28 16:45:00+00:00,83756.7,0.18253098923690783,10.364451717257175,10.546982706494083,False,1.5,86602.88571428572,,,,,,,,,
2462,2462,2025-03-28 16:45:00+00:00,-1,194684,83756.7,369.5642857142863,2025-03-29 04:45:00+00:00,84041.2,0.1133181739113626,-0.8831436440596054,-0.7698254701482429,True,1.5,84311.04642857143,194708.0,2025-03-28 22:45:00+00:00,24.0,6.0,False,0.7540056823672642,1.7397417808616071,0.6161063559403933,0.6161063559403933
2463,2463,2025-03-29 05:30:00+00:00,1,194735,83900.1,183.95714285714243,2025-03-29 17:30:00+00:00,82102.2,0.22804251766715905,-10.001514599673907,-9.773472082006748,True,1.5,83624.16428571429,194741.0,2025-03-29 07:00:00+00:00,6.0,1.5,True,3.3929874970878457,1.5945872485827413,-8.500764599673879,-1.727292517667159
2464,2464,2025-03-29 18:45:00+00:00,-1,194788,82307.4,280.8285714285718,2025-03-30 06:45:00+00:00,83148.0,0.1465438498321292,-3.1398290263506112,-2.9932851765184822,True,1.5,82728.64285714286,194792.0,2025-03-29 19:45:00+00:00,4.0,1.0,True,1.7596398412860057,1.832587241835375,-1.6405790263506004,-1.6472938498321292
2465,2465,2025-03-30 06:45:00+00:00,1,194836,83148.0,169.12857142856956,2025-03-30 18:45:00+00:00,82698.0,0.2458129909620772,-2.906510685024105,-2.6606976940620277,True,1.5,82894.30714285714,194862.0,2025-03-30 13:15:00+00:00,26.0,6.5,True,2.1457471070192273,1.3190725568037691,-1.4057606850240836,-1.7450629909620772
2466,2466,2025-03-30 18:45:00+00:00,-1,194884,82698.0,231.22857142856915,2025-03-31 06:45:00+00:00,82016.2,0.17882305696280915,2.769774496478478,2.948597553441287,False,1.5,83044.84285714285,,,,,,,,,
2467,2467,2025-03-31 06:45:00+00:00,1,194932,82016.2,237.71428571428365,2025-03-31 18:45:00+00:00,83244.2,0.1725100360576938,4.993355348557736,5.165865384615429,True,1.5,81659.62857142858,194941.0,2025-03-31 09:00:00+00:00,9.0,2.25,True,1.5519831730769715,1.123497596153821,6.494105348557714,-1.6717600360576939
2468,2468,2025-03-31 19:45:00+00:00,-1,194984,82426.7,342.58571428571514,2025-04-01 07:45:00+00:00,83415.2,0.12030084233351372,-3.005710124682033,-2.885409282348519,True,1.5,82940.57857142857,195010.0,2025-04-01 02:15:00+00:00,26.0,6.5,True,1.5161794754180282,0.5536674867603748,-1.5064601246820204,-1.6210508423335137
2469,2469,2025-04-01 07:45:00+00:00,1,195032,83415.2,183.77142857142877,2025-04-01 19:45:00+00:00,84911.7,0.2269536691542286,7.916314365671633,8.143268034825862,True,1.5,83139.54285714285,195057.0,2025-04-01 14:00:00+00:00,25.0,6.25,True,2.9533582089551618,2.9615982587065233,9.417064365671658,-1.7262036691542286
2470,2470,2025-04-02 00:45:00+00:00,1,195100,84918.5,227.8499999999975,2025-04-02 12:45:00+00:00,85009.3,0.18634737766074377,0.21216041255213275,0.3985077902128765,True,1.5,84576.725,195111.0,2025-04-02 03:30:00+00:00,11.0,2.75,True,1.8728330041694559,0.8131446126837666,1.7129104125521237,-1.6855973776607438
2471,2471,2025-04-02 13:45:00+00:00,1,195152,85184.0,367.37857142856956,2025-04-03 01:45:00+00:00,83712.0,0.11593490560535123,-4.122700989637024,-4.006766084031673,True,1.5,84632.93214285714,195181.0,2025-04-02 21:00:00+00:00,29.0,7.25,True,2.9714094064122305,2.9529971030272644,-2.6219509896370146,-1.6151849056053513
2472,2472,2025-04-03 01:45:00+00:00,-1,195200,83712.0,421.45714285714246,2025-04-03 13:45:00+00:00,82335.1,0.09931258897701861,3.167686258558731,3.2669988475357497,False,1.5,84344.18571428572,,,,,,,,,
2473,2473,2025-04-03 13:45:00+00:00,-1,195248,82335.1,362.12857142857166,2025-04-04 01:45:00+00:00,82665.4,0.11368213736242055,-1.025789123831282,-0.9121069864688615,True,1.5,82878.29285714286,195287.0,2025-04-03 23:30:00+00:00,39.0,9.75,False,1.374393467197898,0.8960708509211507,0.47346087616871935,0.47346087616871935
2474,2474,2025-04-04 01:45:00+00:00,1,195296,82665.4,284.41428571428696,2025-04-04 13:45:00+00:00,83304.2,0.1453256818524279,2.100693706363957,2.246019388216385,True,1.5,82238.77857142856,195333.0,2025-04-04 11:00:00+00:00,37.0,9.25,True,2.1306193178963566,1.7433070470642074,3.6014437063639826,-1.644575681852428
2475,2475,2025-04-04 13:45:00+00:00,-1,195344,83304.2,656.0428571428565,2025-04-05 01:45:00+00:00,83949.1,0.06348990701826977,-1.0465049539446607,-0.983015046926391,True,1.5,84288.26428571428,195359.0,2025-04-04 17:30:00+00:00,15.0,3.75,False,0.4446900246064182,1.5980118894671504,0.4527450460553337,0.4527450460553337
2476,2476,2025-04-05 09:00:00+00:00,-1,195421,83711.5,142.64999999999938,2025-04-05 21:00:00+00:00,83058.1,0.29341570276901635,4.287025937609512,4.580441640378528,False,1.5,83925.475,,,,,,,,,
2477,2477,2025-04-06 00:45:00+00:00,1,195484,83489.9,178.56428571428842,2025-04-06 12:45:00+00:00,82663.0,0.23378107124284614,-4.864606304252064,-4.630825233009218,True,1.5,83222.05357142857,195493.0,2025-04-06 03:00:00+00:00,9.0,2.25,True,2.153026121044742,1.5392015680627016,-3.363856304252084,-1.7330310712428463
2478,2478,2025-04-06 13:00:00+00:00,-1,195533,82771.1,167.6928571428559,2025-04-07 01:00:00+00:00,78828.3,0.24679375559057987,23.265239298036565,23.512033053627146,False,1.5,83022.6392857143,,,,,,,,,
2479,2479,2025-04-07 01:00:00+00:00,-1,195581,78828.3,762.5928571428564,2025-04-07 13:00:00+00:00,77189.5,0.05168439440630186,2.0972998042393027,2.1489841986456044,False,1.5,79972.18928571428,,,,,,,,,
2480,2480,2025-04-07 13:00:00+00:00,1,195629,77189.5,604.3571428571439,2025-04-08 01:00:00+00:00,79179.9,0.06386083205294871,3.229556021746823,3.293416853799772,True,1.5,76282.96428571429,195631.0,2025-04-07 13:30:00+00:00,2.0,0.5,False,0.8628412717172965,8.135976834889473,4.730306021746814,4.730306021746814
2481,2481,2025-04-08 01:00:00+00:00,1,195677,79179.9,405.02142857142877,2025-04-08 13:00:00+00:00,80017.3,0.09774779112216278,1.9697971359540267,2.0675449270761894,False,1.5,78572.36785714285,,,,,,,,,
2482,2482,2025-04-08 14:00:00+00:00,1,195729,79934.0,438.0928571428553,2025-04-09 02:00:00+00:00,76178.6,0.09122951755172622,-8.663384801004376,-8.57215528345265,True,1.5,79276.86071428572,195731.0,2025-04-08 14:30:00+00:00,2.0,0.5,True,1.9488122218055655,0.6408214175077028,-7.162634801004388,-1.5904795175517261
2483,2483,2025-04-09 02:00:00+00:00,-1,195777,76178.6,588.442857142857,2025-04-09 14:00:00+00:00,77333.3,0.06472896992061375,-2.027026559199821,-1.9622975892792072,True,1.5,77061.2642857143,195793.0,2025-04-09 06:00:00+00:00,16.0,4.0,True,2.086074627952702,2.252324536913426,-0.5277765591998183,-1.5654789699206137
2484,2484,2025-04-09 14:00:00+00:00,1,195825,77333.3,692.27857142857,2025-04-10 02:00:00+00:00,82469.9,0.05585417719951725,7.36399126074351,7.419845437943027,False,1.5,76294.88214285715,,,,,,,,,
2485,2485,2025-04-10 11:30:00+00:00,-1,195911,81818.9,274.68571428571573,2025-04-10 23:30:00+00:00,79579.7,0.14893184418556193,8.002930023923392,8.151861868108954,True,1.5,82230.92857142857,195915.0,2025-04-10 12:30:00+00:00,4.0,1.0,False,0.9358747659663169,13.888339920948521,9.502180023923383,9.502180023923383
2486,2486,2025-04-11 00:45:00+00:00,1,195964,79010.2,247.6071428571418,2025-04-11 12:45:00+00:00,82075.9,0.15954749747584085,12.221759296120045,12.381306793595886,False,1.5,78638.78928571429,,,,,,,,,
2487,2487,2025-04-11 12:45:00+00:00,1,196012,82075.9,325.41428571428384,2025-04-12 00:45:00+00:00,83322.6,0.12610985995873464,3.7050065191624437,3.831116379121178,True,1.5,81587.77857142857,196018.0,2025-04-11 14:15:00+00:00,6.0,1.5,False,0.8689802010623857,8.334672285877392,5.205756519162436,5.205756519162436
2488,2488,2025-04-12 16:30:00+00:00,1,196123,84708.1,472.4571428571435,2025-04-13 04:30:00+00:00,84751.5,0.0896463322447991,0.0022138515965043626,0.09186018384130347,False,1.5,83999.41428571429,,,,,,,,,
2489,2489,2025-04-13 14:30:00+00:00,-1,196211,83990.7,335.278571428571,2025-04-14 02:30:00+00:00,85262.4,0.1252550970408404,-3.918220435032698,-3.7929653379918578,True,1.5,84493.61785714285,196221.0,2025-04-13 17:00:00+00:00,10.0,2.5,True,1.5100342998359741,1.0362065659685753,-2.41897043503272,-1.6260050970408404
2490,2490,2025-04-14 14:45:00+00:00,1,196308,85380.0,401.8714285714294,2025-04-15 02:45:00+00:00,85198.2,0.10622800469233207,-0.5586114962141471,-0.45238349152181495,True,1.5,84777.19285714286,196309.0,2025-04-14 15:00:00+00:00,1.0,0.25,True,2.4584799687177887,1.6224272155273414,0.9421385037858478,-1.605478004692332
2491,2491,2025-04-15 05:00:00+00:00,1,196365,85617.3,248.27857142856894,2025-04-15 17:00:00+00:00,84960.0,0.172421847579046,-2.8198512903133404,-2.6474294427342944,True,1.5,85244.88214285715,196402.0,2025-04-15 14:15:00+00:00,37.0,9.25,True,1.8760464915561827,2.3889208550303325,-1.319101290313357,-1.671671847579046
2492,2492,2025-04-15 17:00:00+00:00,-1,196413,84960.0,417.13571428571385,2025-04-16 05:00:00+00:00,83723.4,0.10183736022877116,2.8626654566003014,2.9645028168290724,False,1.5,85585.70357142857,,,,,,,,,
2493,2493,2025-04-16 14:00:00+00:00,1,196497,83954.1,275.478571428566,2025-04-17 02:00:00+00:00,84103.2,0.15237863976975435,0.3888612803692036,0.5412399201389579,True,1.5,83540.88214285715,196512.0,2025-04-16 17:45:00+00:00,15.0,3.75,False,1.2439520833874262,4.000012964451524,1.889611280369215,1.889611280369215
2494,2494,2025-04-17 07:30:00+00:00,1,196567,84680.4,203.94999999999916,2025-04-17 19:30:00+00:00,84696.5,0.207600882569258,-0.12865996567783416,0.07894091689142381,True,1.5,84374.47499999999,196572.0,2025-04-17 08:45:00+00:00,5.0,1.25,True,1.7047070360381946,2.2305712184359145,1.3720900343221865,-1.7068508825692579
2495,2495,2025-04-19 05:00:00+00:00,1,196749,85010.6,159.3214285714296,2025-04-19 17:00:00+00:00,84906.7,0.2667895987446744,-0.9189303743555746,-0.6521407756109001,True,1.5,84771.61785714286,196796.0,2025-04-19 16:45:00+00:00,47.0,11.75,False,0.9924456399910504,1.2388926249719479,0.5818196256444288,0.5818196256444288
2496,2496,2025-04-20 09:30:00+00:00,-1,196863,84453.0,111.75714285714328,2025-04-20 21:30:00+00:00,85037.5,0.37784162086156065,-5.607932378882761,-5.2300907580212,True,1.5,84620.63571428572,196881.0,2025-04-20 14:00:00+00:00,18.0,4.5,True,2.960565000639115,3.6457241467467996,-4.108682378882751,-1.8785916208615605
2497,2497,2025-04-21 00:15:00+00:00,1,196922,86182.6,260.58571428571406,2025-04-21 12:15:00+00:00,87282.3,0.16536324762896787,4.0547452990515795,4.220108546680548,False,1.5,85791.72142857143,,,,,,,,,
2498,2498,2025-04-21 17:30:00+00:00,-1,196991,86909.8,467.3928571428582,2025-04-22 05:30:00+00:00,88236.1,0.09297296553832027,-2.9306286543898525,-2.837655688851532,True,1.5,87610.8892857143,197017.0,2025-04-22 00:00:00+00:00,26.0,6.5,True,2.651111790326257,1.269572858561944,-1.4313786543898466,-1.5937229655383203
2499,2499,2025-04-28 15:45:00+00:00,-1,197656,93772.8,452.67857142857247,2025-04-29 03:45:00+00:00,94599.9,0.1035754792899406,-1.9306997396449468,-1.8271242603550062,True,1.5,94451.81785714286,197669.0,2025-04-28 19:00:00+00:00,13.0,3.25,True,1.5341617357001982,0.7771913214990138,-0.4314497396449547,-1.6043254792899406
2500,2500,2025-04-29 23:15:00+00:00,-1,197782,93851.6,291.5642857142884,2025-04-30 11:15:00+00:00,95059.9,0.16094495210563559,-4.3051425071657015,-4.144197555060066,True,1.5,94288.94642857143,197785.0,2025-04-30 00:00:00+00:00,3.0,0.75,True,1.5641612974349821,0.7118376246356212,-2.805892507165713,-1.6616949521056357
2501,2501,2025-04-30 13:45:00+00:00,-1,197840,92978.1,358.91428571428486,2025-05-01 01:45:00+00:00,94598.7,0.12952688664225476,-4.64481107705778,-4.515284190415525,True,1.5,93516.47142857143,197841.0,2025-04-30 14:00:00+00:00,1.0,0.25,True,1.7344769941092213,1.8622034707848962,-3.1455610770577915,-1.6302768866422548
2502,2502,2025-05-03 13:30:00+00:00,-1,198127,96207.2,141.6357142857149,2025-05-04 01:30:00+00:00,95632.2,0.33962902819103186,3.720081496797604,4.059710524988636,True,1.5,96419.65357142857,198133.0,2025-05-03 15:00:00+00:00,6.0,1.5,False,0.25661909324726595,6.431665742094902,5.219331496797614,5.219331496797614
2503,2503,2025-05-05 04:30:00+00:00,-1,198283,94385.1,249.6642857142849,2025-05-05 16:30:00+00:00,94190.0,0.18902403227190864,0.5924253426029491,0.7814493748748578,True,1.5,94759.59642857143,198293.0,2025-05-05 07:00:00+00:00,10.0,2.5,False,0.07571596143392414,4.806440076674385,2.0916753426029326,2.0916753426029326
2504,2504,2025-05-06 15:45:00+00:00,1,198424,94513.2,323.83571428571304,2025-05-07 03:45:00+00:00,96453.8,0.14592769702450592,5.846617023623129,5.992544720647635,False,1.5,94027.44642857142,,,,,,,,,
2505,2505,2025-05-08 04:45:00+00:00,1,198572,98905.3,304.54999999999774,2025-05-08 16:45:00+00:00,101235.9,0.16237941224757962,7.490222787719613,7.652602199967193,False,1.5,98448.475,,,,,,,,,
2506,2506,2025-05-08 21:15:00+00:00,-1,198638,103307.5,508.90000000000043,2025-05-09 09:15:00+00:00,102535.4,0.10150078600903903,1.41569316172137,1.517193947730409,True,1.5,104070.85,198680.0,2025-05-09 07:45:00+00:00,42.0,10.5,False,0.593731577913134,3.3029082334446933,2.9149431617213803,2.9149431617213803
2507,2507,2025-05-12 10:00:00+00:00,-1,198977,104230.0,448.68571428571676,2025-05-12 22:00:00+00:00,102502.8,0.11615034386143594,3.7333147605705284,3.8494651044319643,False,1.5,104903.02857142857,,,,,,,,,
2508,2508,2025-05-14 05:00:00+00:00,-1,199149,103703.1,202.9428571428559,2025-05-14 17:00:00+00:00,103093.7,0.255498275376603,2.7473174362945834,3.0028157116711864,True,1.5,104007.5142857143,199175.0,2025-05-14 11:30:00+00:00,26.0,6.5,True,1.5348444319301449,1.8528086723919932,4.246567436294599,-1.756248275376603
2509,2509,2025-05-15 08:00:00+00:00,-1,199257,101925.5,250.72142857142794,2025-05-15 20:00:00+00:00,102899.9,0.20326443691062984,-4.089649440186877,-3.8863850032762466,True,1.5,102301.58214285714,199270.0,2025-05-15 11:15:00+00:00,13.0,3.25,True,1.987535967636258,1.212828694339169,-2.590399440186899,-1.7040144369106298
2510,2510,2025-05-17 10:15:00+00:00,-1,199458,102938.3,192.84285714285528,2025-05-17 22:15:00+00:00,102885.1,0.2668968442106848,0.008975442625364705,0.27587228683604953,True,1.5,103227.56428571428,199487.0,2025-05-17 17:30:00+00:00,29.0,7.25,False,1.198051707533957,1.860915623379519,1.5082254426253403,1.5082254426253403
2511,2511,2025-05-18 16:00:00+00:00,1,199577,105385.0,323.29285714285754,2025-05-19 04:00:00+00:00,103625.1,0.16298689821258902,-5.606658049976776,-5.443671151764187,True,1.5,104900.06071428572,199584.0,2025-05-18 17:45:00+00:00,7.0,1.75,True,3.1406840326108765,1.813647511102239,-4.105908049976792,-1.662236898212589
2512,2512,2025-05-19 04:00:00+00:00,-1,199625,103625.1,435.86428571428405,2025-05-19 16:00:00+00:00,104537.8,0.11887312564527013,-2.2128735517280953,-2.0940004260828253,True,1.5,104278.89642857143,199668.0,2025-05-19 14:45:00+00:00,43.0,10.75,False,1.4713377361891722,1.365325052031274,-0.7136235517280953,-0.7136235517280953
2513,2513,2025-05-19 16:00:00+00:00,1,199673,104537.8,407.59999999999854,2025-05-20 04:00:00+00:00,105564.6,0.12823577036310155,2.3909006378802906,2.519136408243392,False,1.5,103926.40000000001,,,,,,,,,
2514,2514,2025-05-20 09:00:00+00:00,-1,199741,105211.4,286.16428571428486,2025-05-20 21:00:00+00:00,106444.2,0.18383041709307896,-4.491845293662505,-4.308014876569426,True,1.5,105640.64642857142,199773.0,2025-05-20 17:00:00+00:00,32.0,8.0,True,1.7593165763922471,1.6813643511469094,-2.9925952936625198,-1.684580417093079
2515,2515,2025-05-20 21:00:00+00:00,1,199789,106444.2,505.67857142857144,2025-05-21 09:00:00+00:00,106271.8,0.1052488735080161,-0.44617690514865715,-0.34092803164064106,False,1.5,105685.68214285714,,,,,,,,,
2516,2516,2025-05-21 09:45:00+00:00,-1,199840,106154.4,314.3928571428561,2025-05-21 21:45:00+00:00,108363.9,0.16882444621151935,-7.1966558673179835,-7.027831421106464,True,1.5,106625.98928571428,199846.0,2025-05-21 11:15:00+00:00,6.0,1.5,True,1.6667386118368848,1.1074974440531529,-5.697405867317966,-1.6695744462115194
2517,2517,2025-05-21 21:45:00+00:00,1,199888,108363.9,546.1571428571416,2025-05-22 09:45:00+00:00,110772.7,0.09920578849624673,4.311246462295012,4.410452250791258,False,1.5,107544.66428571429,,,,,,,,,
2518,2518,2025-05-22 09:45:00+00:00,-1,199936,110772.7,349.35000000000065,2025-05-22 21:45:00+00:00,110794.7,0.15854114784599943,-0.22151524259338734,-0.0629740947473879,True,1.5,111296.72499999999,199944.0,2025-05-22 11:45:00+00:00,8.0,2.0,True,1.881708887934774,2.301202232717867,1.2777347574065931,-1.6592911478459995
2519,2519,2025-05-23 05:00:00+00:00,-1,200013,110832.5,234.1928571428559,2025-05-23 17:00:00+00:00,109448.3,0.23662655930704368,5.6738867538963795,5.910513313203423,True,1.5,111183.78928571429,200030.0,2025-05-23 09:15:00+00:00,17.0,4.25,False,0.7011772958794629,16.797221459724984,7.173136753896393,7.173136753896393
2520,2520,2025-05-23 23:45:00+00:00,-1,200088,107271.5,409.7357142857145,2025-05-24 11:45:00+00:00,109152.2,0.1309032826037689,-4.72093518470093,-4.590031902097161,True,1.5,107886.10357142857,200101.0,2025-05-24 03:00:00+00:00,13.0,3.25,True,1.547086100796688,0.45835294527829984,-3.221685184700939,-1.6316532826037689
2521,2521,2025-05-24 11:45:00+00:00,1,200136,109152.2,278.12857142856853,2025-05-24 23:45:00+00:00,107698.9,0.1962261543993035,-5.421507370691936,-5.2252812162926325,True,1.5,108735.00714285714,200138.0,2025-05-24 12:15:00+00:00,2.0,0.5,True,1.653577482151095,1.5625609944014067,-3.920757370691917,-1.6954761543993035
2522,2522,2025-05-25 00:15:00+00:00,-1,200186,107964.2,340.82142857142856,2025-05-25 12:15:00+00:00,107417.3,0.1583882217332076,1.4462644032274796,1.6046526249606872,False,1.5,108475.43214285714,,,,,,,,,
2523,2523,2025-05-25 12:15:00+00:00,-1,200234,107417.3,285.58571428571514,2025-05-26 00:15:00+00:00,108757.9,0.18806490420689256,-4.882277299784858,-4.694212395577965,True,1.5,107845.67857142858,200264.0,2025-05-25 19:45:00+00:00,30.0,7.5,True,2.784878195187797,2.545220349157132,-3.383027299784844,-1.6888149042068925
2524,2524,2025-05-26 00:15:00+00:00,1,200282,108757.9,466.2714285714298,2025-05-26 12:15:00+00:00,109696.4,0.1166250957443546,1.8961510309752088,2.0127761267195634,False,1.5,108058.49285714285,,,,,,,,,
2525,2525,2025-05-27 01:15:00+00:00,-1,200382,108319.7,352.4714285714269,2025-05-27 13:15:00+00:00,110396.0,0.15365741904105776,-6.04434764722575,-5.890690228184692,True,1.5,108848.40714285713,200389.0,2025-05-27 03:00:00+00:00,7.0,1.75,True,1.7294816195841962,1.7828598062659402,-4.545097647225761,-1.6544074190410578
2526,2526,2025-05-27 18:00:00+00:00,1,200449,110089.9,353.1142857142872,2025-05-28 06:00:00+00:00,108597.8,0.15588423416133926,-4.38142837203653,-4.225544137875191,True,1.5,109560.22857142857,200454.0,2025-05-27 19:15:00+00:00,5.0,1.25,True,1.5837041831863259,1.2910025082935719,-2.880678372036543,-1.6551342341613393
2527,2527,2025-05-28 11:30:00+00:00,-1,200519,108762.7,262.6071428571418,2025-05-28 23:30:00+00:00,107868.2,0.2070825241398077,3.1991462260302046,3.4062287501700124,False,1.5,109156.6107142857,,,,,,,,,
2528,2528,2025-05-29 03:30:00+00:00,1,200583,107994.7,306.942857142858,2025-05-29 15:30:00+00:00,107238.3,0.1759198780601317,-2.640222214465207,-2.4643023364050753,True,1.5,107534.28571428571,200587.0,2025-05-29 04:30:00+00:00,4.0,1.0,True,2.140091222191194,1.0145676254305143,-1.139472214465207,-1.6751698780601316
2529,2529,2025-05-29 15:30:00+00:00,-1,200631,107238.3,434.499999999999,2025-05-30 03:30:00+00:00,106044.0,0.12340425776754921,2.625272382048344,2.7486766398158933,False,1.5,107890.05,,,,,,,,,
2530,2530,2025-05-30 03:45:00+00:00,-1,200680,105978.8,351.1714285714261,2025-05-30 15:45:00+00:00,105504.0,0.15089325522740324,1.2011529574485564,1.3520462126759596,False,1.5,106505.55714285714,,,,,,,,,
2531,2531,2025-05-30 16:30:00+00:00,-1,200731,104357.9,444.81428571428427,2025-05-31 04:30:00+00:00,103699.9,0.11730502296303472,1.3619640138741733,1.4792690368372081,False,1.5,105025.12142857142,,,,,,,,,
2532,2532,2025-05-31 12:45:00+00:00,-1,200812,103984.2,167.02142857142775,2025-06-01 00:45:00+00:00,104408.7,0.31128999700637366,-2.852880041055482,-2.541590044049108,True,1.5,104234.73214285714,200817.0,2025-05-31 14:00:00+00:00,5.0,1.25,True,1.815143480306167,1.0880768079374081,-1.3536300410554445,-1.8120399970063736
2533,2533,2025-06-01 15:45:00+00:00,1,200920,104664.0,217.95000000000022,2025-06-02 03:45:00+00:00,104781.8,0.24011011699931153,0.30038082128929966,0.5404909382886112,True,1.5,104337.075,200931.0,2025-06-01 18:30:00+00:00,11.0,2.75,False,0.26141316815779403,6.820486350080327,1.8011308212893113,1.8011308212893113
2534,2534,2025-06-02 05:15:00+00:00,-1,200974,104764.6,209.30714285714097,2025-06-02 17:15:00+00:00,104360.0,0.2502652288161644,1.682779169368367,1.9330443981845313,True,1.5,105078.56071428572,200979.0,2025-06-02 06:30:00+00:00,5.0,1.25,True,1.5285636282974358,1.0680988294714167,3.1820291693683744,-1.7510152288161644
2535,2535,2025-06-02 22:15:00+00:00,1,201042,105719.1,315.9071428571447,2025-06-03 10:15:00+00:00,105234.3,0.1673262260610025,-1.7019543943744764,-1.534628168313474,True,1.5,105245.23928571428,201067.0,2025-06-03 04:30:00+00:00,25.0,6.25,False,1.3384923236936765,0.5532027946729393,-0.20120439437446147,-0.20120439437446147
2536,2536,2025-06-03 10:15:00+00:00,-1,201090,105234.3,129.86428571428718,2025-06-03 22:15:00+00:00,105755.0,0.4051702876629403,-4.414740718332253,-4.009570430669313,True,1.5,105429.09642857143,201103.0,2025-06-03 13:30:00+00:00,13.0,3.25,True,1.6710026951213033,3.539821791980647,-2.915490718332289,-1.9059202876629402
2537,2537,2025-06-04 00:15:00+00:00,-1,201146,105236.3,224.53571428571428,2025-06-04 12:15:00+00:00,104910.0,0.23434200731668522,1.2188789247654017,1.453220932082087,True,1.5,105573.10357142857,201149.0,2025-06-04 01:00:00+00:00,3.0,0.75,True,1.7551614442500416,1.6616669317639425,2.718128924765374,-1.7350920073166853
2538,2538,2025-06-04 13:15:00+00:00,-1,201198,104913.3,209.00714285714326,2025-06-05 01:15:00+00:00,104942.0,0.25098017839444947,-0.3882960596015027,-0.13731588120705324,True,1.5,105226.81071428572,201199.0,2025-06-04 13:30:00+00:00,1.0,0.25,False,1.3558832575783082,5.335275622842717,1.1109539403985023,1.1109539403985023
2539,2539,2025-06-05 01:45:00+00:00,-1,201248,104732.9,167.87857142857268,2025-06-05 13:45:00+00:00,104475.3,0.31193051950814554,1.22251189209882,1.5344424116069655,True,1.5,104984.71785714285,201251.0,2025-06-05 02:30:00+00:00,3.0,0.75,True,2.839446028166591,3.9523677828361916,2.7217618920988134,-1.8126805195081457
2540,2540,2025-06-05 13:45:00+00:00,1,201296,104475.3,310.4214285714271,2025-06-06 01:45:00+00:00,101796.8,0.16827978094295853,-8.796872247405641,-8.628592466462683,True,1.5,104009.66785714286,201298.0,2025-06-05 14:15:00+00:00,2.0,0.5,True,2.6730366552383233,2.9261257737177493,-7.2961222474056475,-1.6675297809429586
2541,2541,2025-06-06 01:45:00+00:00,-1,201344,101796.8,249.11428571428718,2025-06-06 13:45:00+00:00,104033.1,0.20431746759949415,-9.181321711205372,-8.977004243605878,True,1.5,102170.47142857143,201348.0,2025-06-06 02:45:00+00:00,4.0,1.0,True,1.5484000458767984,1.5028099552700693,-7.68207171120539,-1.7050674675994941
2542,2542,2025-06-06 13:45:00+00:00,1,201392,104033.1,277.10000000000167,2025-06-07 01:45:00+00:00,104386.5,0.18771761097076756,1.0876342475640288,1.2753518585347963,False,1.5,103617.45,,,,,,,,,
2543,2543,2025-06-07 03:00:00+00:00,-1,201445,104686.4,192.75714285714432,2025-06-07 15:00:00+00:00,105336.6,0.2715499888831225,-3.644706440376524,-3.3731564514934016,True,1.5,104975.53571428571,201460.0,2025-06-07 06:45:00+00:00,15.0,3.75,True,1.6469650930112,0.7270065960127505,-2.145456440376527,-1.7722999888831226
2544,2544,2025-06-09 09:45:00+00:00,1,201664,106562.0,188.4642857142878,2025-06-09 21:45:00+00:00,109935.8,0.28271138904680376,17.6188235740002,17.901534963047002,False,1.5,106279.30357142857,,,,,,,,,
2545,2545,2025-06-09 23:15:00+00:00,1,201718,109999.9,446.4285714285735,2025-06-10 11:15:00+00:00,109696.0,0.12319988799999942,-0.8039358879999832,-0.6807359999999838,True,1.5,109330.25714285714,201738.0,2025-06-10 04:15:00+00:00,20.0,5.0,False,0.7169279999999948,0.8909440000000043,0.6968141120000051,0.6968141120000051
2546,2546,2025-06-10 11:15:00+00:00,-1,201766,109696.0,196.85714285714494,2025-06-10 23:15:00+00:00,109749.9,0.2786182873730014,-0.5524208998548268,-0.2738026124818253,True,1.5,109991.28571428571,201798.0,2025-06-10 19:15:00+00:00,32.0,8.0,True,1.909579100145124,3.0737300435413255,0.9468291001451363,-1.7793682873730015
2547,2547,2025-06-11 18:30:00+00:00,-1,201891,108765.8,313.40714285714574,2025-06-12 06:30:00+00:00,107920.4,0.17352157166624724,2.5239281172368258,2.697449688903073,False,1.5,109235.91071428572,,,,,,,,,
2548,2548,2025-06-12 06:30:00+00:00,-1,201939,107920.4,232.95714285713933,2025-06-12 18:30:00+00:00,107537.9,0.23163144661802032,1.4103014656282793,1.6419329122462996,True,1.5,108269.8357142857,201983.0,2025-06-12 17:30:00+00:00,44.0,11.0,False,0.5518795609248074,3.2402342552277976,2.909551465628259,2.909551465628259
2549,2549,2025-06-12 18:30:00+00:00,1,201987,107537.9,385.3428571428553,2025-06-13 06:30:00+00:00,103933.4,0.1395353488544531,-9.493542911692787,-9.354007562838333,True,1.5,106959.88571428572,201992.0,2025-06-12 19:45:00+00:00,5.0,1.25,True,1.617223993475218,1.3367687402684088,-7.992792911692799,-1.638785348854453
2550,2550,2025-06-13 08:45:00+00:00,1,202044,104679.3,370.2714285714309,2025-06-13 20:45:00+00:00,105380.8,0.14135481692966465,1.7532013002044724,1.894556117134137,True,1.5,104123.89285714286,202066.0,2025-06-13 14:15:00+00:00,22.0,5.5,False,0.14689995756008453,4.82917936648788,3.2539513002044766,3.2539513002044766
2551,2551,2025-06-15 06:00:00+00:00,1,202225,105757.0,111.8071428571441,2025-06-15 18:00:00+00:00,105515.3,0.47294384463041705,-2.6347019740624247,-2.1617581294320076,True,1.5,105589.28928571429,202226.0,2025-06-15 06:15:00+00:00,1.0,0.25,True,2.0892161247045435,2.2986967354500627,-1.1339519740624526,-1.972193844630417
2552,2552,2025-06-15 21:45:00+00:00,-1,202288,104744.8,230.17857142857247,2025-06-16 09:45:00+00:00,106914.2,0.22752943366951026,-9.652385911559278,-9.424856477889769,True,1.5,105090.06785714286,202289.0,2025-06-15 22:00:00+00:00,1.0,0.25,True,2.091124903025563,1.8032428238944873,-8.153135911559295,-1.7282794336695102
2553,2553,2025-06-16 09:45:00+00:00,1,202336,106914.2,188.32857142857185,2025-06-16 21:45:00+00:00,108470.9,0.28385018584540633,7.982022529014607,8.265872714860013,True,1.5,106631.70714285714,202342.0,2025-06-16 11:15:00+00:00,6.0,1.5,False,0.9828946370324735,11.948759766365782,9.482772529014623,9.482772529014623
2554,2554,2025-06-16 21:45:00+00:00,1,202384,108470.9,273.8499999999975,2025-06-17 09:45:00+00:00,106112.2,0.19804801898849914,-8.81115738543005,-8.61310936644155,True,1.5,108060.125,202387.0,2025-06-16 22:30:00+00:00,3.0,0.75,True,2.4689611100967905,2.033503742924977,-7.310407385430056,-1.6972980189884992
2555,2555,2025-06-17 09:45:00+00:00,-1,202432,106112.2,223.62857142857268,2025-06-17 21:45:00+00:00,104490.0,0.2372509901622575,7.016741599591106,7.253992589753364,False,1.5,106447.64285714286,,,,,,,,,
2556,2556,2025-06-17 21:45:00+00:00,1,202480,104490.0,375.4642857142857,2025-06-18 09:45:00+00:00,104650.6,0.13914772186816324,0.288589365547433,0.4277370874155962,False,1.5,103926.80357142857,,,,,,,,,
2557,2557,2025-06-18 09:45:00+00:00,1,202528,104650.6,216.1285714285706,2025-06-18 21:45:00+00:00,105039.6,0.24210265053870145,1.557751933372998,1.7998545839116995,True,1.5,104326.40714285715,202532.0,2025-06-18 10:45:00+00:00,4.0,1.0,True,1.553275166898053,2.4924648026968206,3.0585019333730075,-1.7413526505387014
2558,2558,2025-06-20 07:45:00+00:00,1,202712,105763.5,194.22857142856915,2025-06-20 19:45:00+00:00,103263.9,0.2722655560458991,-13.14163890114758,-12.869373345101682,True,1.5,105472.15714285715,202736.0,2025-06-20 13:45:00+00:00,24.0,6.0,True,2.379449838187756,2.0138275963518812,-11.640888901147587,-1.771515556045899
2559,2559,2025-06-20 19:45:00+00:00,-1,202760,103263.9,383.3285714285708,2025-06-21 07:45:00+00:00,103402.2,0.13469371669213304,-0.49548080721500487,-0.36078709052287183,False,1.5,103838.89285714286,,,,,,,,,
2560,2560,2025-06-21 10:45:00+00:00,1,202820,103787.1,116.39999999999938,2025-06-21 22:45:00+00:00,101732.4,0.4458208762886622,-18.097882731958958,-17.652061855670297,True,1.5,103612.5,202832.0,2025-06-21 13:45:00+00:00,12.0,3.0,True,1.54123711340202,0.6091065292095752,-16.5971327319589,-1.9450708762886622
2561,2561,2025-06-22 00:00:00+00:00,-1,202873,101936.2,559.1785714285725,2025-06-22 12:00:00+00:00,102650.8,0.09114816376061809,-1.3690941304209059,-1.2779459666602877,True,1.5,102774.96785714285,202875.0,2025-06-22 00:30:00+00:00,2.0,0.5,False,1.05088458836305,1.708877818228267,0.13015586957908765,0.13015586957908765
2562,2562,2025-06-22 12:30:00+00:00,1,202923,102610.1,202.0642857142853,2025-06-23 00:30:00+00:00,101136.5,0.2539045918908415,-7.546633214323633,-7.292728622432792,True,1.5,102307.00357142858,202925.0,2025-06-22 13:00:00+00:00,2.0,0.5,True,6.775089257308536,2.26757750362328,-6.045883214323628,-1.7531545918908416
2563,2563,2025-06-23 01:15:00+00:00,1,202974,100556.0,510.89999999999935,2025-06-23 13:15:00+00:00,101103.7,0.09841064787629686,0.9736191035427632,1.07202975141906,False,1.5,99789.65,,,,,,,,,
2564,2564,2025-06-23 15:30:00+00:00,1,203031,101525.8,503.000000000001,2025-06-24 03:30:00+00:00,104856.1,0.10092027833001968,6.519954473161026,6.620874751491046,True,1.5,100771.3,203034.0,2025-06-23 16:15:00+00:00,3.0,0.75,True,2.4328031809145023,0.5001988071570392,8.020704473161024,-1.6001702783300198
2565,2565,2025-06-24 03:30:00+00:00,1,203079,104856.1,292.3428571428584,2025-06-24 15:30:00+00:00,105205.5,0.17933754397967086,1.015834465402634,1.1951720093823048,False,1.5,104417.58571428571,,,,,,,,,
2566,2566,2025-06-24 19:45:00+00:00,1,203144,105582.1,334.1785714285735,2025-06-25 07:45:00+00:00,106547.5,0.15797257668055906,2.730902062626876,2.888874639307435,False,1.5,105080.83214285715,,,,,,,,,
2567,2567,2025-06-25 09:30:00+00:00,1,203199,106462.1,216.8571428571418,2025-06-25 21:30:00+00:00,107421.2,0.24546597496706313,4.177261297760191,4.422727272727254,False,1.5,106136.8142857143,,,,,,,,,
2568,2568,2025-06-27 09:45:00+00:00,-1,203392,107042.6,217.2999999999977,2025-06-27 21:45:00+00:00,106998.4,0.24630142659917426,-0.04289599631840063,0.20340543028077362,True,1.5,107368.55,203416.0,2025-06-27 15:45:00+00:00,24.0,6.0,False,1.340773124712353,4.580073630925037,1.4563540036816016,1.4563540036816016
2569,2569,2025-06-29 10:30:00+00:00,1,203587,107947.9,134.80000000000084,2025-06-29 22:30:00+00:00,108081.0,0.40040022255192625,0.5869885014837191,0.9873887240356454,True,1.5,107745.7,203603.0,2025-06-29 14:30:00+00:00,16.0,4.0,True,2.5645400593471437,2.224035608308613,2.0877385014836882,-1.8996502225519263
2570,2570,2025-06-30 00:30:00+00:00,1,203643,108719.3,249.74285714285776,2025-06-30 12:30:00+00:00,107576.5,0.2176624814094492,-4.793569128246196,-4.575906646836747,True,1.5,108344.68571428572,203659.0,2025-06-30 04:30:00+00:00,16.0,4.0,True,2.5637798878847167,0.2242878389200015,-3.2928191282462063,-1.7169124814094492
2571,2571,2025-07-01 07:00:00+00:00,-1,203765,106874.5,126.42857142857247,2025-07-01 19:00:00+00:00,105605.6,0.4226675141242903,9.613829661016824,10.036497175141115,True,1.5,107064.14285714286,203768.0,2025-07-01 07:45:00+00:00,3.0,0.75,False,0.6498305084746104,13.172994350282384,11.113079661016796,11.113079661016796
2572,2572,2025-07-02 01:15:00+00:00,-1,203838,105576.4,202.7714285714267,2025-07-02 13:15:00+00:00,107502.2,0.26033352120614583,-9.757726785966005,-9.49739326475986,True,1.5,105880.55714285713,203845.0,2025-07-02 03:00:00+00:00,7.0,1.75,True,1.674017190362216,0.33366211075097746,-8.258476785966039,-1.7610835212061458
2573,2573,2025-07-02 13:15:00+00:00,1,203886,107502.2,165.24285714285568,2025-07-03 01:15:00+00:00,109018.7,0.32528546727760294,8.852115760352806,9.177401227630408,False,1.5,107254.33571428571,,,,,,,,,
2574,2574,2025-07-03 05:15:00+00:00,-1,203950,109061.6,191.30714285713995,2025-07-03 17:15:00+00:00,109402.8,0.2850431990441742,-2.0685625956763785,-1.783519396632204,True,1.5,109348.56071428572,203953.0,2025-07-03 06:00:00+00:00,3.0,0.75,True,3.2232946271888983,1.339002352238435,-0.5693125956763618,-1.7857931990441742
2575,2575,2025-07-04 09:00:00+00:00,-1,204061,108848.0,184.8857142857149,2025-07-04 21:00:00+00:00,107667.3,0.29436563127800863,6.091741616442555,6.386107247720563,False,1.5,109125.32857142857,,,,,,,,,
2576,2576,2025-07-04 22:15:00+00:00,-1,204114,108074.2,167.2357142857145,2025-07-05 10:15:00+00:00,108087.1,0.32311937812326447,-0.4002560116175292,-0.07713663349426474,True,1.5,108325.05357142857,204138.0,2025-07-05 04:15:00+00:00,24.0,6.0,False,0.2573997351899236,2.9715756203817634,1.098993988382449,1.098993988382449
2577,2577,2025-07-06 15:45:00+00:00,1,204280,108856.8,216.87857142857163,2025-07-07 03:45:00+00:00,109348.9,0.25096255310740023,2.0180490728847187,2.269011625992119,True,1.5,108531.48214285714,204290.0,2025-07-06 18:15:00+00:00,10.0,2.5,False,1.4841583506240963,5.317343477258477,3.5187990728847214,3.5187990728847214
2578,2578,2025-07-07 04:00:00+00:00,1,204329,109286.0,187.1428571428582,2025-07-07 16:00:00+00:00,108231.3,0.29198549618320446,-5.927787022900715,-5.63580152671751,True,1.5,109005.28571428571,204335.0,2025-07-07 05:30:00+00:00,6.0,1.5,True,1.5564885496182896,0.826717557251926,-4.4270370229007,-1.7912354961832044
2579,2579,2025-07-07 16:00:00+00:00,-1,204377,108231.3,323.84285714285426,2025-07-08 04:00:00+00:00,107775.0,0.1671046583439955,1.2419120605232015,1.409016718867197,False,1.5,108717.06428571428,,,,,,,,,
2580,2580,2025-07-08 04:00:00+00:00,-1,204425,107775.0,219.9500000000023,2025-07-08 16:00:00+00:00,108103.2,0.24499886337803792,-1.737156171857209,-1.492157308479171,True,1.5,108104.925,204432.0,2025-07-08 05:45:00+00:00,7.0,1.75,True,1.549784041827672,0.11741304842008102,-0.23790617185721136,-1.7457488633780378
2581,2581,2025-07-08 16:45:00+00:00,-1,204476,108391.6,329.60000000000167,2025-07-09 04:45:00+00:00,108500.0,0.16442900485436812,-0.49331249999997984,-0.3288834951456117,True,1.5,108886.00000000001,204478.0,2025-07-08 17:15:00+00:00,2.0,0.5,False,0.6959951456310026,1.8583131067961511,1.005937500000039,1.005937500000039
2582,2582,2025-07-09 04:45:00+00:00,-1,204524,108500.0,107.10000000000166,2025-07-09 16:45:00+00:00,109350.0,0.5065359477124105,-8.443043884220224,-7.936507936507813,True,1.5,108660.65000000001,204527.0,2025-07-09 05:30:00+00:00,3.0,0.75,True,2.2348272642389126,2.066760037348295,-6.943793884220166,-2.0072859477124103
2583,2583,2025-07-09 16:45:00+00:00,-1,204572,109350.0,312.10714285714283,2025-07-10 04:45:00+00:00,111106.9,0.17518022657054586,-5.804336880649942,-5.629156654079396,True,1.5,109818.16071428571,204582.0,2025-07-09 19:15:00+00:00,10.0,2.5,True,1.6079070831903097,0.6236983636571557,-4.305086880649955,-1.6759302265705458
2584,2584,2025-07-10 16:30:00+00:00,1,204667,112585.9,414.3142857142863,2025-07-11 04:30:00+00:00,116600.0,0.13587016412661176,9.552668557340873,9.688538721467484,False,1.5,111964.42857142857,,,,,,,,,
2585,2585,2025-07-11 06:00:00+00:00,-1,204721,117993.7,370.35714285714283,2025-07-11 18:00:00+00:00,117560.6,0.1592971841851495,1.0101145805207095,1.1694117647058588,True,1.5,118549.2357142857,204735.0,2025-07-11 09:30:00+00:00,14.0,3.5,False,0.900655737704945,5.233153326904498,2.5093645805206983,2.5093645805206983
2586,2586,2025-07-13 14:15:00+00:00,-1,204946,119120.1,309.77857142857204,2025-07-14 02:15:00+00:00,119795.1,0.1922665267818023,-2.3712422928820076,-2.1789757661002054,True,1.5,119584.76785714287,204994.0,2025-07-14 02:15:00+00:00,48.0,12.0,False,1.0043694805044467,1.6804514745556045,-0.8719922928819894,-0.8719922928819894
2587,2587,2025-07-14 13:00:00+00:00,-1,205037,121865.0,269.07142857143066,2025-07-15 01:00:00+00:00,119174.7,0.22645473851871342,9.772005574727835,9.998460313246548,False,1.5,122268.60714285714,,,,,,,,,
2588,2588,2025-07-15 01:15:00+00:00,1,205086,119015.6,316.08571428571514,2025-07-15 13:15:00+00:00,117679.6,0.1882647563951907,-4.4149663744011445,-4.226701618005954,True,1.5,118541.47142857143,205088.0,2025-07-15 01:45:00+00:00,2.0,0.5,True,2.2413902196510844,2.7464973334538647,-2.914216374401132,-1.6875147563951907
2589,2589,2025-07-15 14:30:00+00:00,1,205139,116960.1,647.4857142857145,2025-07-16 02:30:00+00:00,117124.2,0.09031867222663488,0.1631232128673415,0.25344188509397636,True,1.5,115988.87142857144,205140.0,2025-07-15 14:45:00+00:00,1.0,0.25,False,0.47996646368370455,3.4282278704439086,1.663873212867336,1.663873212867336
2590,2590,2025-07-16 09:30:00+00:00,1,205215,118831.1,257.21428571428675,2025-07-16 21:30:00+00:00,119350.0,0.23099630658150422,1.786387753401803,2.017384059983307,True,1.5,118445.27857142857,205229.0,2025-07-16 13:00:00+00:00,14.0,3.5,False,1.1246598167175723,6.433240766453738,3.287137753401821,3.287137753401821
2591,2591,2025-07-16 21:30:00+00:00,1,205263,119350.0,401.73571428571137,2025-07-17 09:30:00+00:00,118978.7,0.14854292978681902,-1.072782390697524,-0.9242394609107051,True,1.5,118747.39642857143,205268.0,2025-07-16 22:45:00+00:00,5.0,1.25,True,1.8599203456430424,1.0053962270860437,0.42796760930247857,-1.647792929786819
2592,2592,2025-07-17 11:45:00+00:00,-1,205320,117968.9,279.585714285712,2025-07-17 23:45:00+00:00,119176.6,0.21097090082264744,-4.530576439630143,-4.319605538807496,True,1.5,118388.27857142856,205328.0,2025-07-17 13:45:00+00:00,8.0,2.0,True,1.608170251903372,3.12418885085071,-3.031326439630164,-1.7117209008226475
2593,2593,2025-07-17 23:45:00+00:00,1,205368,119176.6,528.2428571428599,2025-07-18 11:45:00+00:00,119175.5,0.11280474348919542,-0.11488711901994175,-0.00208237553074633,False,1.5,118384.23571428572,,,,,,,,,
2594,2594,2025-07-18 11:45:00+00:00,-1,205416,119175.5,327.66428571428486,2025-07-18 23:45:00+00:00,117896.4,0.18185610271837513,3.721834521396056,3.903690624114431,False,1.5,119666.99642857142,,,,,,,,,
2595,2595,2025-07-20 03:30:00+00:00,-1,205575,117967.2,179.45714285714243,2025-07-20 15:30:00+00:00,118574.5,0.3286779175290567,-3.712772806877911,-3.3840948893488543,True,1.5,118236.38571428572,205597.0,2025-07-20 09:00:00+00:00,22.0,5.5,True,2.862044260468076,2.9828052857825025,-2.2135228068778816,-1.8294279175290566
2596,2596,2025-07-21 00:45:00+00:00,-1,205660,117323.6,453.5571428571399,2025-07-21 12:45:00+00:00,118140.3,0.12933717597404729,-1.92999231471858,-1.8006551387445326,True,1.5,118003.93571428572,205666.0,2025-07-21 02:15:00+00:00,6.0,1.5,True,2.011575167721827,0.7583073482629524,-0.43074231471857294,-1.6300871759740472
2597,2597,2025-07-21 12:45:00+00:00,-1,205708,118140.3,285.5642857142853,2025-07-22 00:45:00+00:00,117073.1,0.2068541234147931,3.5303078866404816,3.7371620100552745,True,1.5,118568.64642857143,205711.0,2025-07-21 13:30:00+00:00,3.0,0.75,True,1.773168413417035,1.2471672628129904,5.029557886640485,-1.7076041234147932
2598,2598,2025-07-22 06:30:00+00:00,1,205779,117508.4,382.8571428571439,2025-07-22 18:30:00+00:00,119173.5,0.15346246268656674,4.195679328358213,4.349141791044779,False,1.5,116934.11428571428,,,,,,,,,
2599,2599,2025-07-22 18:30:00+00:00,1,205827,119173.5,377.0214285714298,2025-07-23 06:30:00+00:00,118407.9,0.15804605649546205,-2.1886998654870022,-2.03065380899154,True,1.5,118607.96785714285,205864.0,2025-07-23 03:45:00+00:00,37.0,9.25,False,0.5513422882367124,1.0337135062425424,-0.6879498654869939,-0.6879498654869939
2600,2600,2025-07-23 06:30:00+00:00,-1,205875,118407.9,205.56428571428634,2025-07-23 18:30:00+00:00,118138.3,0.2880069842593549,1.0235048820319916,1.3115118662913465,False,1.5,118716.24642857142,,,,,,,,,
2601,2601,2025-07-23 19:30:00+00:00,1,205927,118220.0,329.9214285714292,2025-07-24 07:30:00+00:00,118228.1,0.17916387018554167,-0.15461257009242832,0.024551300093113355,True,1.5,117725.11785714286,205931.0,2025-07-23 20:30:00+00:00,4.0,1.0,True,2.0456926973955,4.6686332243607405,1.3461374299075577,-1.6784138701855418
2602,2602,2025-07-24 07:30:00+00:00,-1,205975,118228.1,378.2928571428565,2025-07-24 19:30:00+00:00,118946.0,0.1562653084345087,-2.054001378372753,-1.8977360699382442,True,1.5,118795.53928571429,206004.0,2025-07-24 14:45:00+00:00,29.0,7.25,True,1.7826419440720374,0.604397575574499,-0.5547513783727624,-1.6570153084345087
2603,2603,2025-07-24 19:30:00+00:00,1,206023,118946.0,313.82857142856875,2025-07-25 07:30:00+00:00,115140.1,0.1895079206118006,-12.316829479242621,-12.12732155863082,True,1.5,118475.25714285715,206031.0,2025-07-24 21:30:00+00:00,8.0,2.0,True,1.6036052439913082,0.36753459577566094,-10.816079479242642,-1.6887579206118006
2604,2604,2025-07-25 07:30:00+00:00,-1,206071,115140.1,397.9857142857155,2025-07-25 19:30:00+00:00,116953.2,0.14465355899350255,-4.700344718044402,-4.555691159050899,True,1.5,115737.07857142857,206074.0,2025-07-25 08:15:00+00:00,3.0,0.75,True,1.6355396819699086,1.8520226856671098,-3.2010947180444145,-1.6454035589935025
2605,2605,2025-07-25 19:30:00+00:00,1,206119,116953.2,297.47142857143,2025-07-26 07:30:00+00:00,117333.3,0.19657887912404456,1.0811908946837774,1.277769773807822,False,1.5,116506.99285714285,,,,,,,,,
2606,2606,2025-07-26 07:30:00+00:00,1,206167,117333.3,72.40000000000146,2025-07-26 19:30:00+00:00,118150.4,0.8103128453038512,10.475598756905745,11.285911602209596,False,1.5,117224.7,,,,,,,,,
2607,2607,2025-07-27 16:15:00+00:00,1,206298,119365.9,233.3857142857118,2025-07-28 04:15:00+00:00,119139.0,0.2557266634020961,-1.2279369835342968,-0.9722103201322007,True,1.5,119015.82142857142,206300.0,2025-07-27 16:45:00+00:00,2.0,0.5,False,1.3137969027361114,3.4114280467650837,0.27281301646572986,0.27281301646572986
2608,2608,2025-07-28 09:15:00+00:00,-1,206366,118821.8,214.5857142857151,2025-07-28 21:15:00+00:00,118071.4,0.2768632581053182,3.220107649291021,3.496970907396339,False,1.5,119143.67857142858,,,,,,,,,
2609,2609,2025-07-28 21:45:00+00:00,-1,206416,118081.5,356.00714285714326,2025-07-29 09:45:00+00:00,118750.0,0.16584147589334064,-2.0436127886679616,-1.8777713127746212,True,1.5,118615.51071428572,206440.0,2025-07-29 03:45:00+00:00,24.0,6.0,True,1.8066752272225528,0.6696795810677831,-0.5443627886679588,-1.6665914758933407
2610,2610,2025-07-29 09:45:00+00:00,1,206464,118750.0,213.01428571428758,2025-07-29 21:45:00+00:00,117555.1,0.27873717389846175,-5.888220105961962,-5.609482932063501,True,1.5,118430.47857142857,206468.0,2025-07-29 10:45:00+00:00,4.0,1.0,True,2.485178727114146,2.908356247065915,-4.38747010596196,-1.7779871738984618
2611,2611,2025-07-30 05:00:00+00:00,1,206541,117665.9,190.54999999999978,2025-07-30 17:00:00+00:00,117715.0,0.30875334557858863,-0.051078194699523405,0.25767515087906523,True,1.5,117380.075,206568.0,2025-07-30 11:45:00+00:00,27.0,6.75,False,0.464313828391453,7.26016793492524,1.449671805300463,1.449671805300463
2612,2612,2025-07-30 17:45:00+00:00,-1,206592,117748.1,306.4214285714282,2025-07-31 05:45:00+00:00,118320.0,0.19213424555350966,-2.058518077344444,-1.8663838317909343,True,1.5,118207.73214285714,206619.0,2025-07-31 00:30:00+00:00,27.0,6.75,False,1.247523252290258,0.9024569337280763,-0.5592680773444542,-0.5592680773444542
2613,2613,2025-07-31 05:45:00+00:00,1,206640,118320.0,127.78571428571324,2025-07-31 17:45:00+00:00,117712.1,0.46296254891000943,-5.220145332588035,-4.757182783678026,True,1.5,118128.32142857143,206670.0,2025-07-31 13:15:00+00:00,30.0,7.5,True,2.700000000000048,3.3374510899944116,-3.7193953325880718,-1.9622125489100095
2614,2614,2025-07-31 17:45:00+00:00,-1,206688,117712.1,338.385714285717,2025-08-01 05:45:00+00:00,115511.4,0.17393184024992475,6.329593300122415,6.503525140372339,False,1.5,118219.67857142858,,,,,,,,,
2615,2615,2025-08-01 05:45:00+00:00,-1,206736,115511.4,271.47857142857123,2025-08-01 17:45:00+00:00,114387.3,0.21274496803220475,3.9279133317546475,4.140658299786852,True,1.5,115918.61785714285,206765.0,2025-08-01 13:00:00+00:00,29.0,7.25,False,0.13769831873080005,7.5420975083536685,5.42716333175463,5.42716333175463
2616,2616,2025-08-01 18:00:00+00:00,-1,206785,114093.0,476.750000000001,2025-08-02 06:00:00+00:00,113779.3,0.11965705296276849,0.5383398007341301,0.6579968536968986,False,1.5,114808.125,,,,,,,,,
2617,2617,2025-08-02 06:15:00+00:00,1,206834,113509.1,138.45000000000022,2025-08-02 18:15:00+00:00,112341.3,0.40992813289996327,-8.844742145178772,-8.434814012278808,True,1.5,113301.425,206862.0,2025-08-02 13:15:00+00:00,28.0,7.0,True,1.6621524015890188,1.3728782954134835,-7.343992145178753,-1.9091781328999633
2618,2618,2025-08-02 18:15:00+00:00,1,206882,112341.3,292.0500000000029,2025-08-03 06:15:00+00:00,113489.4,0.19233230611196522,3.7388438623522697,3.931176168464235,True,1.5,111903.225,206907.0,2025-08-03 00:30:00+00:00,25.0,6.25,False,0.1822461907207851,6.131741140215635,5.239593862352245,5.239593862352245
2619,2619,2025-08-03 06:15:00+00:00,1,206930,113489.4,141.9214285714292,2025-08-03 18:15:00+00:00,114239.8,0.3998317982787239,4.887600885802043,5.287432684080767,False,1.5,113276.51785714286,,,,,,,,,
2620,2620,2025-08-03 19:00:00+00:00,-1,206981,114338.0,164.54285714285444,2025-08-04 07:00:00+00:00,114487.9,0.34744139607571334,-1.2584502517798082,-0.9110088557040948,True,1.5,114584.81428571428,206982.0,2025-08-03 19:15:00+00:00,1.0,0.25,True,1.854749088383458,3.485500955026926,0.24079974822018863,-1.8481913960757133
2621,2621,2025-08-04 07:30:00+00:00,-1,207031,114647.8,167.20714285714453,2025-08-04 19:30:00+00:00,114749.4,0.3428316459481362,-0.9504611901404825,-0.6076295441923463,True,1.5,114898.61071428572,207057.0,2025-08-04 14:00:00+00:00,26.0,6.5,True,3.187598786791363,0.1818744927165369,0.5487888098595299,-1.8435816459481362
2622,2622,2025-08-04 19:30:00+00:00,1,207079,114749.4,263.96428571428675,2025-08-05 07:30:00+00:00,114014.9,0.21735781355702796,-2.9999312136381966,-2.782573400081169,True,1.5,114353.45357142856,207109.0,2025-08-05 03:00:00+00:00,30.0,7.5,True,2.6649573805979685,1.3128534704370585,-1.4991812136381792,-1.716607813557028
2623,2623,2025-08-05 07:30:00+00:00,1,207127,114014.9,196.41428571428696,2025-08-05 19:30:00+00:00,113542.7,0.29024085388028037,-2.6943429703978152,-2.4041021165175347,True,1.5,113720.27857142856,207147.0,2025-08-05 12:30:00+00:00,20.0,5.0,True,1.5944795985161397,3.8175503672995217,-1.1935929703977781,-1.7894908538802803
2624,2624,2025-08-05 19:30:00+00:00,1,207175,113542.7,262.22857142857123,2025-08-06 07:30:00+00:00,114125.9,0.21649566899106576,2.0075182774024745,2.22401394639354,False,1.5,113149.35714285714,,,,,,,,,
2625,2625,2025-08-06 07:30:00+00:00,-1,207223,114125.9,248.10000000000062,2025-08-06 19:30:00+00:00,115209.6,0.22999979846835897,-4.597996573962148,-4.367996775493789,True,1.5,114498.04999999999,207252.0,2025-08-06 14:45:00+00:00,29.0,7.25,True,2.7454655380895083,1.624546553808897,-3.0987465739621745,-1.7307497984683589
2626,2626,2025-08-06 19:30:00+00:00,1,207271,115209.6,211.97857142857123,2025-08-07 07:30:00+00:00,114696.1,0.27174822252923164,-2.6941628870842766,-2.422414664555045,True,1.5,114891.63214285715,207279.0,2025-08-06 21:30:00+00:00,8.0,2.0,True,1.7531590120295704,1.2971493075445408,-1.1934128870842988,-1.7709982225292316
2627,2627,2025-08-07 07:30:00+00:00,-1,207319,114696.1,136.8714285714263,2025-08-07 19:30:00+00:00,117099.0,0.418992119820485,-17.97488398914544,-17.555891869324956,True,1.5,114901.40714285715,207321.0,2025-08-07 08:00:00+00:00,2.0,0.5,True,1.8140590752530776,1.1061997703789297,-16.475633989145418,-1.919742119820485
2628,2628,2025-08-07 19:45:00+00:00,1,207368,117407.6,345.5000000000031,2025-08-08 07:45:00+00:00,116772.0,0.16990969609261786,-2.0095623733719234,-1.8396526772793056,True,1.5,116889.35,207386.0,2025-08-08 00:15:00+00:00,18.0,4.5,True,1.584225759768454,2.033140376266254,-0.508812373371937,-1.6691596960926178
2629,2629,2025-08-08 07:45:00+00:00,-1,207416,116772.0,137.28571428571428,2025-08-08 19:45:00+00:00,116384.4,0.42528824141519256,2.398020811654569,2.8233090530697615,True,1.5,116977.92857142857,207441.0,2025-08-08 14:00:00+00:00,25.0,6.25,True,1.8353798126951124,2.817689906347467,3.8972708116545243,-1.9260382414151924
2630,2630,2025-08-08 23:30:00+00:00,1,207479,116668.3,123.72142857142899,2025-08-09 11:30:00+00:00,117187.0,0.4714959297961996,3.7209871831880013,4.192483112984201,True,1.5,116482.71785714285,207486.0,2025-08-09 01:15:00+00:00,7.0,1.75,False,1.444518214883622,11.509583742278137,5.221737183188061,5.221737183188061
2631,2631,2025-08-09 11:45:00+00:00,1,207528,117064.9,267.37142857143147,2025-08-09 23:45:00+00:00,116422.1,0.21891811818764456,-2.6230643032698575,-2.404146185082213,True,1.5,116663.84285714285,207542.0,2025-08-09 15:15:00+00:00,14.0,3.5,False,1.1738085060910137,1.6088373584099178,-1.1223143032698768,-1.1223143032698768
2632,2632,2025-08-10 03:00:00+00:00,1,207589,117875.2,180.32142857142858,2025-08-10 15:00:00+00:00,118853.2,0.3268474549415726,5.0968007922360865,5.423648247177659,True,1.5,117604.71785714285,207590.0,2025-08-10 03:15:00+00:00,1.0,0.25,False,1.4569419687066467,8.259041394335538,6.597550792236098,6.597550792236098
2633,2633,2025-08-10 15:00:00+00:00,1,207637,118853.2,263.0071428571412,2025-08-11 03:00:00+00:00,121968.9,0.22595051736780783,11.620495804024937,11.846446321392746,True,1.5,118458.68928571428,207646.0,2025-08-10 17:15:00+00:00,9.0,2.25,True,1.7059965780396988,0.888229542923909,13.121245804024953,-1.7252005173678078
2634,2634,2025-08-11 03:00:00+00:00,1,207685,121968.9,441.55714285714305,2025-08-11 15:00:00+00:00,119973.5,0.1381122488595554,-4.657119657704861,-4.519007408845305,True,1.5,121306.56428571428,207705.0,2025-08-11 08:00:00+00:00,20.0,5.0,True,1.826636254812503,1.1643696010870652,-3.156369657704864,-1.6373622488595554
2635,2635,2025-08-11 15:00:00+00:00,-1,207733,119973.5,463.92857142857144,2025-08-12 03:00:00+00:00,118937.8,0.1293016936104696,2.103154041570433,2.2324557351809022,True,1.5,120669.39285714286,207737.0,2025-08-11 16:00:00+00:00,4.0,1.0,False,0.2793687451886111,5.646112394149341,3.602404041570428,3.602404041570428
2636,2636,2025-08-12 03:00:00+00:00,-1,207781,118937.8,222.0357142857122,2025-08-12 15:00:00+00:00,119397.4,0.2678348399549647,-2.337772108734099,-2.069937268779134,True,1.5,119270.85357142857,207821.0,2025-08-12 13:00:00+00:00,40.0,10.0,True,1.8517130448769827,2.9524690365127872,-0.8385221087341128,-1.7685848399549648
2637,2637,2025-08-12 16:00:00+00:00,1,207833,119777.2,427.77857142857204,2025-08-13 04:00:00+00:00,119680.7,0.13999906493679953,-0.36558306199802915,-0.2255839970612296,True,1.5,119135.53214285713,207840.0,2025-08-12 17:45:00+00:00,7.0,1.75,False,0.25137337407535004,2.6519978627127037,1.1351669380019844,1.1351669380019844
2638,2638,2025-08-13 04:00:00+00:00,-1,207881,119680.7,278.6999999999992,2025-08-13 16:00:00+00:00,121507.4,0.21471241478292133,-6.7690719411553735,-6.554359526372452,True,1.5,120098.75,207901.0,2025-08-13 09:00:00+00:00,20.0,5.0,True,2.096340150699683,1.2298170075349875,-5.269821941155358,-1.7154624147829214
2639,2639,2025-08-13 16:00:00+00:00,1,207929,121507.4,664.807142857143,2025-08-14 04:00:00+00:00,123161.2,0.09138545013054265,2.3962532850558205,2.487638735186363,False,1.5,120510.18928571428,,,,,,,,,
2640,2640,2025-08-14 05:00:00+00:00,1,207981,122921.2,252.94999999999916,2025-08-14 17:00:00+00:00,117666.1,0.24297529155959754,-21.018227317651746,-20.775252026092147,True,1.5,122541.775,207984.0,2025-08-14 05:45:00+00:00,3.0,0.75,True,1.7757461949001379,0.6219608618304493,-19.51747731765173,-1.7422252915595975
2641,2641,2025-08-14 17:00:00+00:00,-1,208029,117666.1,547.2857142857143,2025-08-15 05:00:00+00:00,118642.3,0.10749969981728008,-1.891211524406155,-1.7837118245888748,True,1.5,118487.02857142857,208040.0,2025-08-14 19:45:00+00:00,11.0,2.75,False,1.2113808405116164,2.2511615766118496,-0.3919615244061663,-0.3919615244061663
2642,2642,2025-08-15 05:00:00+00:00,1,208077,118642.3,211.03571428571325,2025-08-15 17:00:00+00:00,117111.6,0.28109531223557427,-7.534369977999685,-7.253274665764111,True,1.5,118325.74642857144,208109.0,2025-08-15 13:00:00+00:00,32.0,8.0,True,1.992773734980605,1.708495515315599,-6.033619977999707,-1.7803453122355744
2643,2643,2025-08-15 17:00:00+00:00,-1,208125,117111.6,459.0642857142863,2025-08-16 05:00:00+00:00,117688.9,0.1275546842178965,-1.3851127604287954,-1.2575580762108989,True,1.5,117800.19642857143,208127.0,2025-08-15 17:30:00+00:00,2.0,0.5,False,0.12896575331805848,2.152631906517928,0.11413723957120347,0.11413723957120347
2644,2644,2025-08-16 06:30:00+00:00,1,208179,117315.7,167.5214285714267,2025-08-16 18:30:00+00:00,117623.5,0.35015132392444853,1.4872255574980087,1.8373768814224571,False,1.5,117064.41785714286,,,,,,,,,
2645,2645,2025-08-17 04:00:00+00:00,-1,208265,117663.3,124.14999999999938,2025-08-17 16:00:00+00:00,118049.1,0.4738755537656085,-3.5814067660089015,-3.107531212243293,True,1.5,117849.52500000001,208268.0,2025-08-17 04:45:00+00:00,3.0,0.75,True,2.391260571888739,0.9168344744261958,-2.0821567660088474,-1.9746255537656086
2646,2646,2025-08-17 16:00:00+00:00,-1,208313,118049.1,152.88571428571595,2025-08-18 04:00:00+00:00,115282.0,0.38606975331713284,17.713070594281287,18.09914034759842,False,1.5,118278.42857142858,,,,,,,,,
2647,2647,2025-08-18 04:00:00+00:00,-1,208361,115282.0,376.31428571428427,2025-08-18 16:00:00+00:00,116023.3,0.15317250018981154,-2.1230684837901608,-1.9698959836003493,True,1.5,115846.47142857143,208407.0,2025-08-18 15:30:00+00:00,46.0,11.5,False,1.2166122541948332,0.9549768430642973,-0.623818483790154,-0.623818483790154
2648,2648,2025-08-18 16:00:00+00:00,1,208409,116023.3,376.0142857142876,2025-08-19 04:00:00+00:00,114702.2,0.15428044147258765,-3.6677107822651087,-3.513430340792521,True,1.5,115459.27857142857,208453.0,2025-08-19 03:00:00+00:00,44.0,11.0,True,1.7198244747539735,0.7127958664184544,-2.1669607822651074,-1.6535304414725878
2649,2649,2025-08-19 04:15:00+00:00,-1,208458,114843.3,344.7142857142847,2025-08-19 16:15:00+00:00,113599.9,0.16657751761293046,3.440467654372186,3.6070451719851166,True,1.5,115360.37142857142,208461.0,2025-08-19 05:00:00+00:00,3.0,0.75,False,1.4128470783257385,5.379444674678823,4.939717654372166,4.939717654372166
2650,2650,2025-08-19 16:15:00+00:00,-1,208506,113599.9,447.6071428571418,2025-08-20 04:15:00+00:00,113571.6,0.1268968802361768,-0.06367179446264484,0.06322508577353195,False,1.5,114271.3107142857,,,,,,,,,
2651,2651,2025-08-20 04:15:00+00:00,-1,208554,113571.6,238.1071428571418,2025-08-20 16:15:00+00:00,114216.5,0.23848843557822214,-2.9469330133493212,-2.708444577771099,True,1.5,113928.76071428572,208572.0,2025-08-20 08:45:00+00:00,18.0,4.5,False,1.4990700464976625,6.832893355332258,-1.447683013349332,-1.447683013349332
2652,2652,2025-08-20 16:45:00+00:00,1,208604,113797.2,562.5214285714267,2025-08-21 04:45:00+00:00,113757.3,0.1011492133633008,-0.17207984457733966,-0.07093063121403888,False,1.5,112953.41785714286,,,,,,,,,
2653,2653,2025-08-21 10:15:00+00:00,-1,208674,113403.3,206.30000000000186,2025-08-21 22:15:00+00:00,112576.5,0.27485046049442313,3.732905235094503,4.007755695588926,True,1.5,113712.75,208689.0,2025-08-21 14:00:00+00:00,15.0,3.75,False,1.0821619001454095,8.57367910809493,5.232155235094476,5.232155235094476
2654,2654,2025-08-21 22:15:00+00:00,-1,208722,112576.5,292.60000000000065,2025-08-22 10:15:00+00:00,112682.4,0.19237269309637686,-0.5543002392344286,-0.3619275461380518,True,1.5,113015.4,208737.0,2025-08-22 02:00:00+00:00,15.0,3.75,True,1.6079972658919992,0.9603554340396424,0.9449497607655483,-1.693122693096377
2655,2655,2025-08-22 14:00:00+00:00,1,208785,115127.9,515.442857142858,2025-08-23 02:00:00+00:00,116180.3,0.11167862586957106,1.9300607937695877,2.0417394196391587,False,1.5,114354.7357142857,,,,,,,,,
2656,2656,2025-08-23 02:00:00+00:00,1,208833,116180.3,198.96428571428365,2025-08-23 14:00:00+00:00,114880.0,0.29196269969485134,-6.827306444085528,-6.535343744390676,True,1.5,115881.85357142858,208834.0,2025-08-23 02:15:00+00:00,1.0,0.25,True,2.246903607969909,1.7955304254173312,-5.326556444085554,-1.7912126996948514
2657,2657,2025-08-23 14:00:00+00:00,-1,208881,114880.0,176.73571428571137,2025-08-24 02:00:00+00:00,115579.2,0.3250050519338856,-4.281194681324065,-3.9561896293901793,True,1.5,115145.10357142857,208897.0,2025-08-23 18:00:00+00:00,16.0,4.0,True,2.122357838580646,1.0603605060017125,-2.781944681324059,-1.8257550519338857
2658,2658,2025-08-24 02:45:00+00:00,1,208932,114969.9,181.11428571428718,2025-08-24 14:45:00+00:00,114489.8,0.31739600094651893,-2.9682084319292543,-2.6508124309827354,True,1.5,114698.22857142857,208957.0,2025-08-24 09:00:00+00:00,25.0,6.25,True,2.061287269285373,1.8506073513172137,-1.46745843192928,-1.8166460009465188
2659,2659,2025-08-24 14:45:00+00:00,-1,208980,114489.8,158.85000000000167,2025-08-25 02:45:00+00:00,113366.4,0.3603707900535058,6.711709789109207,7.072080579162713,True,1.5,114728.07500000001,208981.0,2025-08-24 15:00:00+00:00,1.0,0.25,False,1.1754800125904268,26.717500786905678,8.210959789109246,8.210959789109246
2660,2660,2025-08-25 06:15:00+00:00,-1,209042,112226.4,263.89285714285717,2025-08-25 18:15:00+00:00,112533.4,0.21263629719853835,-1.3759872242522666,-1.1633509270537283,True,1.5,112622.23928571428,209082.0,2025-08-25 16:15:00+00:00,40.0,10.0,False,1.0438354310461448,1.9789822709432876,0.12326277574774885,0.12326277574774885
2661,2661,2025-08-25 18:15:00+00:00,1,209090,112533.4,386.0428571428565,2025-08-26 06:15:00+00:00,109961.8,0.14575247011804782,-6.807189024164589,-6.661436554046541,True,1.5,111954.33571428571,209094.0,2025-08-25 19:15:00+00:00,4.0,1.0,True,2.434796284646428,0.47679754283387116,-5.306439024164598,-1.645002470118048
2662,2662,2025-08-26 06:15:00+00:00,-1,209138,109961.8,238.97857142857018,2025-08-26 18:15:00+00:00,110444.4,0.23006623427085635,-2.249494156678697,-2.0194279224078406,True,1.5,110320.26785714286,209143.0,2025-08-26 07:30:00+00:00,5.0,1.25,True,2.0806557671040635,3.3089487999521863,-0.7502441566787101,-1.7308162342708564
2663,2663,2025-08-26 18:15:00+00:00,-1,209186,110444.4,339.0357142857153,2025-08-27 06:15:00+00:00,111217.9,0.16288018539976776,-2.4443507426524738,-2.281470557252706,True,1.5,110952.95357142857,209190.0,2025-08-26 19:15:00+00:00,4.0,1.0,True,1.723849152006712,1.1714210470873228,-0.9451007426524535,-1.6636301853997677
2664,2664,2025-08-27 07:00:00+00:00,1,209237,110958.9,222.44999999999916,2025-08-27 19:00:00+00:00,111623.6,0.2494018880647346,2.738685322544455,2.9880872106091894,True,1.5,110625.22499999999,209240.0,2025-08-27 07:45:00+00:00,3.0,0.75,False,1.4309957293773805,8.735783322094925,4.239435322544473,4.239435322544473
2665,2665,2025-08-27 19:00:00+00:00,1,209285,111623.6,330.58571428571514,2025-08-28 07:00:00+00:00,113281.6,0.16882701698284389,4.846513720236796,5.01534073721964,True,1.5,111127.72142857143,209290.0,2025-08-27 20:15:00+00:00,5.0,1.25,False,0.9580614493755659,6.534700315457395,6.347263720236809,6.347263720236809
2666,2666,2025-08-28 07:00:00+00:00,1,209333,113281.6,246.8499999999996,2025-08-28 19:00:00+00:00,112372.5,0.2294543244885562,-3.9122576463439636,-3.6828033218554075,True,1.5,112911.32500000001,209342.0,2025-08-28 09:15:00+00:00,9.0,2.25,True,1.5650192424549818,2.0971237593679937,-2.4115076463439844,-1.7287043244885563
2667,2667,2025-08-28 19:00:00+00:00,-1,209381,112372.5,295.55714285714305,2025-08-29 07:00:00+00:00,110479.9,0.1901028324230266,6.213396611726053,6.40349944414908,False,1.5,112815.83571428571,,,,,,,,,
2668,2668,2025-08-29 08:00:00+00:00,-1,209433,110002.2,301.5642857142853,2025-08-29 20:00:00+00:00,107853.8,0.18238598735166658,6.941799805774642,7.124185793126308,True,1.5,110454.54642857143,209451.0,2025-08-29 12:30:00+00:00,18.0,4.5,True,3.431950069873767,0.5386792676282922,8.441049805774645,-1.6831359873516667
2669,2669,2025-08-29 21:30:00+00:00,-1,209487,108363.0,358.7785714285679,2025-08-30 09:30:00+00:00,108434.0,0.15101654422743982,-0.34891019132374074,-0.19789364709630092,False,1.5,108901.16785714285,,,,,,,,,
2670,2670,2025-08-30 09:30:00+00:00,1,209535,108434.0,134.2071428571414,2025-08-30 21:30:00+00:00,108525.2,0.4039799882910257,0.27556655489912435,0.6795465431901501,True,1.5,108232.68928571428,209549.0,2025-08-30 13:00:00+00:00,14.0,3.5,False,0.5788759380488305,4.820240566288915,1.7763165548991748,1.7763165548991748
2671,2671,2025-08-31 00:30:00+00:00,-1,209595,109152.2,102.23571428571553,2025-08-31 12:30:00+00:00,108347.0,0.5338261720114515,7.342090826521226,7.875916998532678,True,1.5,109305.55357142857,209596.0,2025-08-31 00:45:00+00:00,1.0,0.25,False,1.314085097463832,10.311989100817224,8.841340826521176,8.841340826521176
2672,2672,2025-08-31 12:30:00+00:00,1,209643,108347.0,182.61428571428718,2025-09-01 00:30:00+00:00,108129.6,0.2966553234764899,-1.487142689509461,-1.1904873660329711,True,1.5,108073.07857142857,209687.0,2025-08-31 23:30:00+00:00,44.0,11.0,True,2.656301337714144,1.7267073456934399,0.01360731049051328,-1.79590532347649
2673,2673,2025-09-01 01:45:00+00:00,-1,209696,108110.0,352.221428571429,2025-09-01 13:45:00+00:00,108974.8,0.15346880006489405,-2.608742471253884,-2.4552736711889898,True,1.5,108638.33214285714,209719.0,2025-09-01 07:30:00+00:00,23.0,5.75,True,2.1349293261138733,0.7237837399363193,-1.1094924712539043,-1.654218800064894
2674,2674,2025-09-01 13:45:00+00:00,1,209744,108974.8,320.1071428571418,2025-09-02 01:45:00+00:00,109262.3,0.17021613299118654,0.7279206515675579,0.8981367845587445,True,1.5,108494.6392857143,209757.0,2025-09-01 17:00:00+00:00,13.0,3.25,True,3.419602811558663,2.5115363159656408,2.22867065156755,-1.6694661329911866
2675,2675,2025-09-02 01:45:00+00:00,1,209792,109262.3,320.1071428571408,2025-09-02 13:45:00+00:00,111113.4,0.17066520138346647,5.612086109561539,5.782751310945006,True,1.5,108782.1392857143,209835.0,2025-09-02 12:30:00+00:00,43.0,10.75,False,1.4030904830972084,7.690427312283843,7.1128361095615364,7.1128361095615364
2676,2676,2025-09-02 13:45:00+00:00,-1,209840,111113.4,476.6357142857128,2025-09-03 01:45:00+00:00,111120.0,0.11656008631929182,-0.130407139324744,-0.013847053005452168,False,1.5,111828.35357142857,,,,,,,,,
2677,2677,2025-09-03 03:00:00+00:00,1,209893,111031.7,265.5357142857153,2025-09-03 15:00:00+00:00,112056.0,0.20907112306657621,3.6484137457969035,3.8574848688634797,True,1.5,110633.39642857142,209904.0,2025-09-03 05:45:00+00:00,11.0,2.75,False,0.5517014122393857,6.918480161398805,5.149163745796929,5.149163745796929
2678,2678,2025-09-03 15:00:00+00:00,1,209941,112056.0,437.08571428571094,2025-09-04 03:00:00+00:00,111422.0,0.1281853837102899,-1.578701791083814,-1.450516407373524,True,1.5,111400.37142857144,209986.0,2025-09-04 02:15:00+00:00,45.0,11.25,False,0.2708197149954472,0.8603085370636409,-0.07795179108382336,-0.07795179108382336
2679,2679,2025-09-04 04:00:00+00:00,-1,209993,111206.7,245.8499999999996,2025-09-04 16:00:00+00:00,109597.3,0.2261677852348997,6.3201002643888415,6.546268049623741,False,1.5,111575.47499999999,,,,,,,,,
2680,2680,2025-09-04 16:00:00+00:00,-1,210041,109597.3,352.971428571429,2025-09-05 04:00:00+00:00,111123.3,0.15524953456370388,-4.478545632993357,-4.323296098429653,True,1.5,110126.75714285715,210049.0,2025-09-04 18:00:00+00:00,8.0,2.0,True,2.077343370568204,1.4002752145054522,-2.979295632993337,-1.655999534563704
2681,2681,2025-09-05 04:00:00+00:00,1,210089,111123.3,240.2785714285731,2025-09-05 16:00:00+00:00,110744.8,0.23123847320074753,-1.8064933856535443,-1.5752549124527968,True,1.5,110762.88214285714,210131.0,2025-09-05 14:30:00+00:00,42.0,10.5,True,2.1761497071850817,1.4321620737834118,-0.3057433856535271,-1.7304884732007475
2682,2682,2025-09-05 16:00:00+00:00,-1,210137,110744.8,541.721428571431,2025-09-06 04:00:00+00:00,110850.0,0.10221563534236054,-0.29641138698065017,-0.19419575163828964,True,1.5,111557.38214285715,210152.0,2025-09-05 19:45:00+00:00,15.0,3.75,False,0.1811223480702842,2.3070568689758826,1.2028386130193576,1.2028386130193576
2683,2683,2025-09-06 04:15:00+00:00,1,210186,110777.0,147.62142857142837,2025-09-06 16:15:00+00:00,110153.1,0.37520636763923215,-4.601557555523265,-4.226351187884033,True,1.5,110555.56785714286,210231.0,2025-09-06 15:30:00+00:00,45.0,11.25,True,1.8314946533120713,1.2317462621570185,-3.100807555523269,-1.8744563676392323
2684,2684,2025-09-06 16:30:00+00:00,-1,210235,110165.7,158.18571428571366,2025-09-07 04:30:00+00:00,110446.6,0.348216337036035,-2.1239771967850363,-1.775760859749001,True,1.5,110402.97857142857,210269.0,2025-09-07 01:00:00+00:00,34.0,8.5,True,1.5344080195069174,0.8014539871760142,-0.6247271967850327,-1.848966337036035
2685,2685,2025-09-07 04:30:00+00:00,1,210283,110446.6,103.2642857142855,2025-09-07 16:30:00+00:00,111204.8,0.5347763713080179,6.807549145742533,7.342325517050551,False,1.5,110291.70357142857,,,,,,,,,
2686,2686,2025-09-07 16:30:00+00:00,1,210331,111204.8,129.69285714285797,2025-09-08 04:30:00+00:00,110950.0,0.42872368783389053,-2.393365423803499,-1.9646417359696084,True,1.5,111010.26071428572,210334.0,2025-09-07 17:15:00+00:00,3.0,0.75,True,2.517183455416618,4.234923170127184,-0.8926154238034989,-1.9279736878338904
2687,2687,2025-09-08 08:45:00+00:00,1,210396,111640.0,218.53571428571325,2025-09-08 20:45:00+00:00,111919.4,0.2554273574113429,1.0230822029743205,1.2785095603856633,False,1.5,111312.19642857143,,,,,,,,,
2688,2688,2025-09-08 21:45:00+00:00,-1,210448,112271.8,157.6857142857147,2025-09-09 09:45:00+00:00,112928.7,0.35599864105816176,-4.521880141329902,-4.16588150027174,True,1.5,112508.32857142857,210481.0,2025-09-09 06:00:00+00:00,33.0,8.25,True,1.523736184091338,2.489309657546648,-3.0226301413299086,-1.8567486410581617
2689,2689,2025-09-09 09:45:00+00:00,1,210496,112928.7,204.3357142857151,2025-09-09 21:45:00+00:00,111241.9,0.27633128255322015,-8.531373754675409,-8.255042472122188,True,1.5,112622.19642857142,210498.0,2025-09-09 10:15:00+00:00,2.0,0.5,True,3.315115181598841,1.6805851714615927,-7.030623754675388,-1.7755812825532202
2690,2690,2025-09-10 03:15:00+00:00,-1,210566,111372.7,233.028571428571,2025-09-10 15:15:00+00:00,113820.0,0.23896790706228585,-10.741113566699394,-10.502145659637108,True,1.5,111722.24285714285,210578.0,2025-09-10 06:15:00+00:00,12.0,3.0,True,2.264774399215352,1.2408043158410293,-9.241863566699426,-1.739717907062286
2691,2691,2025-09-10 15:15:00+00:00,1,210614,113820.0,418.66428571428696,2025-09-11 03:15:00+00:00,114076.3,0.13593230170781187,0.47625270844352485,0.6121850101513368,True,1.5,113192.00357142856,210630.0,2025-09-10 19:15:00+00:00,16.0,4.0,False,0.19348096838583054,2.2700680736355427,1.9770027084435422,1.9770027084435422
2692,2692,2025-09-11 12:00:00+00:00,-1,210697,114217.7,152.27142857143085,2025-09-12 00:00:00+00:00,115450.0,0.3750463927197617,-8.467831832254326,-8.092785439534564,True,1.5,114446.10714285714,210699.0,2025-09-11 12:30:00+00:00,2.0,0.5,True,1.6128623698282571,7.259452106201256,-6.968581832254316,-1.8757963927197618
2693,2693,2025-09-12 00:00:00+00:00,1,210745,115450.0,180.0999999999996,2025-09-12 12:00:00+00:00,114803.2,0.3205163797890068,-3.9118545252637675,-3.5913381454747606,True,1.5,115179.85,210758.0,2025-09-12 03:15:00+00:00,13.0,3.25,True,1.5044419766796904,2.4050527484730435,-2.4111045252637964,-1.819766379789007
2694,2694,2025-09-12 12:00:00+00:00,-1,210793,114803.2,146.80714285714203,2025-09-13 00:00:00+00:00,115967.0,0.39100004865469984,-8.318407239819072,-7.927407191164372,True,1.5,115023.41071428571,210794.0,2025-09-12 12:15:00+00:00,1.0,0.25,True,2.877852381647453,1.7302340290955303,-6.819157239819072,-1.8917500486546999
2695,2695,2025-09-13 08:30:00+00:00,-1,210875,115929.7,93.26428571428758,2025-09-13 20:30:00+00:00,115799.6,0.6215117561461161,0.7734488014090968,1.3949605575552129,True,1.5,116069.59642857143,210881.0,2025-09-13 10:00:00+00:00,6.0,1.5,False,0.6047713869954647,11.125335069311262,2.272698801409102,2.272698801409102
2696,2696,2025-09-14 11:15:00+00:00,1,210982,115805.3,103.65714285714265,2025-09-14 23:15:00+00:00,115324.6,0.5585977811466384,-5.196001309261284,-4.637403528114645,True,1.5,115649.8142857143,210988.0,2025-09-14 12:45:00+00:00,6.0,1.5,True,2.8209757442118453,0.9645810363836163,-3.695251309261349,-2.0578477811466387
2697,2697,2025-09-15 00:30:00+00:00,-1,211035,114968.0,228.5642857142853,2025-09-15 12:30:00+00:00,114832.4,0.2515003593862313,0.34176818025565914,0.5932685396418904,True,1.5,115310.84642857143,211041.0,2025-09-15 02:00:00+00:00,6.0,1.5,True,3.671849120285039,0.6717866183318132,1.8410181802556635,-1.7522503593862313
2698,2698,2025-09-15 12:30:00+00:00,-1,211083,114832.4,214.17857142856934,2025-09-16 00:30:00+00:00,115084.9,0.2680763048190788,-1.446999099549789,-1.1789227947307102,True,1.5,115153.66785714285,211105.0,2025-09-15 18:00:00+00:00,22.0,5.5,True,1.5045022511255872,1.4505085876271242,0.05225090045021591,-1.7688263048190789
2699,2699,2025-09-16 05:15:00+00:00,1,211150,115681.8,227.45714285714453,2025-09-16 17:15:00+00:00,116704.0,0.2542936188920971,4.239739793995685,4.494033412887783,True,1.5,115340.61428571428,211169.0,2025-09-16 10:00:00+00:00,19.0,4.75,True,3.2560607963823327,0.9319809069212671,5.740489793995694,-1.7535436188920972
2700,2700,2025-09-16 17:15:00+00:00,1,211198,116704.0,316.58571428571514,2025-09-17 05:15:00+00:00,116504.3,0.1843165922115423,-0.8151094264699132,-0.630792834258371,True,1.5,116229.12142857142,211203.0,2025-09-16 18:30:00+00:00,5.0,1.25,False,0.38511348765849024,2.693673570687235,0.6856405735300997,0.6856405735300997
2701,2701,2025-09-17 08:00:00+00:00,1,211257,116950.1,216.25,2025-09-17 20:00:00+00:00,115986.3,0.2704048554913295,-4.727283468208106,-4.4568786127167765,True,1.5,116625.725,211262.0,2025-09-17 09:15:00+00:00,5.0,1.25,True,1.9127167630057804,0.5719075144508132,-3.226533468208106,-1.7696548554913294
2702,2702,2025-09-17 20:00:00+00:00,-1,211305,115986.3,598.9142857142849,2025-09-18 08:00:00+00:00,117181.3,0.09683046703558834,-2.0921076352447314,-1.995277168209143,True,1.5,116884.67142857143,211317.0,2025-09-17 23:00:00+00:00,12.0,3.0,True,1.638345577712047,1.421190726075754,-0.5928576352447383,-1.5975804670355884
2703,2703,2025-09-18 08:00:00+00:00,-1,211353,117181.3,194.72857142857225,2025-09-18 20:00:00+00:00,117392.3,0.30088368424913675,-1.3844432176656092,-1.0835595334164725,True,1.5,117473.39285714286,211375.0,2025-09-18 13:30:00+00:00,22.0,5.5,True,1.6253759812192534,2.873193456092737,0.11480678233435876,-1.8016336842491367
2704,2704,2025-09-18 23:15:00+00:00,-1,211414,116766.0,177.70714285714243,2025-09-19 11:15:00+00:00,116313.0,0.3285349089593641,2.220602918123724,2.5491378270830882,True,1.5,117032.56071428572,211416.0,2025-09-18 23:45:00+00:00,2.0,0.5,True,1.6906427107198625,0.6649182041079422,3.7198529181237534,-1.8292849089593641
2705,2705,2025-09-19 11:15:00+00:00,-1,211462,116313.0,141.75714285714432,2025-09-19 23:15:00+00:00,115406.3,0.41025445933688987,5.985895898417735,6.396150357754625,False,1.5,116525.63571428572,,,,,,,,,
2706,2706,2025-09-20 07:15:00+00:00,-1,211542,115685.4,59.849999999998545,2025-09-20 19:15:00+00:00,115713.3,0.966461152882229,-1.4326265664162208,-0.4661654135339918,True,1.5,115775.17499999999,211543.0,2025-09-20 07:30:00+00:00,1.0,0.25,True,1.6712614870511473,1.7088554720133111,0.06662343358371858,-2.467211152882229
2707,2707,2025-09-22 03:15:00+00:00,-1,211718,114403.8,317.7642857142855,2025-09-22 15:15:00+00:00,112622.3,0.18001362195697632,5.426343291298585,5.606356913255562,False,1.5,114880.44642857143,,,,,,,,,
2708,2708,2025-09-22 15:15:00+00:00,1,211766,112622.3,317.72142857142796,2025-09-23 03:15:00+00:00,112263.6,0.17723434724938775,-1.3062107641464829,-1.128976416897095,True,1.5,112145.71785714287,211783.0,2025-09-22 19:30:00+00:00,17.0,4.25,True,1.7440367797486718,2.507486342483264,0.19453923585349905,-1.6764843472493878
2709,2709,2025-09-23 03:45:00+00:00,-1,211816,112294.0,287.0928571428563,2025-09-23 15:45:00+00:00,112828.6,0.19557087054959876,-2.057686164257484,-1.8621152937078853,True,1.5,112724.63928571428,211822.0,2025-09-23 05:15:00+00:00,6.0,1.5,True,1.781168362650244,0.7326524519194544,-0.5584361642575058,-1.6963208705495987
2710,2710,2025-09-23 17:45:00+00:00,-1,211872,111919.2,324.85714285714283,2025-09-24 05:45:00+00:00,112595.9,0.1722591029023747,-2.255328583992955,-2.0830694810905803,True,1.5,112406.4857142857,211903.0,2025-09-24 01:30:00+00:00,31.0,7.75,False,0.6880386983289576,4.529639401934895,-0.7560785839929679,-0.7560785839929679
2711,2711,2025-09-24 05:45:00+00:00,1,211920,112595.9,314.9571428571445,2025-09-24 17:45:00+00:00,113700.1,0.1787479702453839,3.327125844786158,3.505873815031542,False,1.5,112123.46428571428,,,,,,,,,
2712,2712,2025-09-24 17:45:00+00:00,1,211968,113700.1,287.27857142857,2025-09-25 05:45:00+00:00,111690.4,0.19789171784480072,-7.193540540540617,-6.9956488226958164,True,1.5,113269.18214285716,211975.0,2025-09-24 19:30:00+00:00,7.0,1.75,True,2.376028742634118,1.1167483030408092,-5.692790540540637,-1.6971417178448007
2713,2713,2025-09-25 05:45:00+00:00,-1,212016,111690.4,318.7714285714298,2025-09-25 17:45:00+00:00,108793.9,0.17518885004929574,8.911259119835048,9.086447969884343,True,1.5,112168.55714285714,212030.0,2025-09-25 09:15:00+00:00,14.0,3.5,False,0.16231961996953698,11.26310836246299,10.410509119835057,10.410509119835057
2714,2714,2025-09-25 18:00:00+00:00,-1,212065,109177.4,483.32142857142856,2025-09-26 06:00:00+00:00,109219.9,0.11294491982561146,-0.20087812015074263,-0.08793320032513116,True,1.5,109902.38214285714,212070.0,2025-09-25 19:15:00+00:00,5.0,1.25,False,0.050314047144020047,2.4985073523978287,1.2983718798492618,1.2983718798492618
2715,2715,2025-09-26 09:15:00+00:00,1,212126,109605.6,243.16428571428696,2025-09-26 21:15:00+00:00,109410.4,0.2253735569720636,-1.0281230208853935,-0.8027494639133299,True,1.5,109240.85357142857,212129.0,2025-09-26 10:00:00+00:00,3.0,0.75,True,2.224231119466532,1.1973239726228668,0.47262697911463647,-1.7246235569720636
2716,2716,2025-09-26 21:15:00+00:00,-1,212174,109410.4,255.54285714285757,2025-09-27 09:15:00+00:00,109038.8,0.21407446332736993,1.2400847495527365,1.4541592128801064,False,1.5,109793.71428571428,,,,,,,,,
2717,2717,2025-09-27 09:15:00+00:00,-1,212222,109038.8,83.97142857142899,2025-09-27 21:15:00+00:00,109383.3,0.6492613133718921,-4.751847226947918,-4.102585913576026,True,1.5,109164.75714285715,212223.0,2025-09-27 09:30:00+00:00,1.0,0.25,True,1.7260973120107161,1.5011908812522825,-3.2525972269478314,-2.150011313371892
2718,2718,2025-09-27 22:15:00+00:00,1,212274,109653.2,48.44285714285901,2025-09-28 10:15:00+00:00,109392.2,1.1317788263048811,-6.519570038336522,-5.387791212031641,True,1.5,109580.53571428571,212275.0,2025-09-27 22:30:00+00:00,1.0,0.25,True,2.65334709525195,1.4999999999999678,-5.018820038336554,-2.631028826304881
2719,2719,2025-09-28 13:45:00+00:00,1,212336,109580.9,117.86428571428405,2025-09-29 01:45:00+00:00,111800.7,0.4648604933034427,18.36866474759134,18.833525240894783,False,1.5,109404.10357142857,,,,,,,,,
2720,2720,2025-09-29 01:45:00+00:00,1,212384,111800.7,262.52142857142877,2025-09-29 13:45:00+00:00,113168.2,0.21293633172802207,4.996162245258887,5.209098576986909,False,1.5,111406.91785714285,,,,,,,,,
2721,2721,2025-09-29 13:45:00+00:00,1,212432,113168.2,305.64285714285404,2025-09-30 01:45:00+00:00,114455.0,0.18513143257770695,4.025011124094465,4.210142556672172,False,1.5,112709.73571428572,,,,,,,,,
2722,2722,2025-09-30 04:15:00+00:00,1,212490,114140.1,203.93571428571263,2025-09-30 16:15:00+00:00,113015.1,0.27984333298308517,-5.796287590627346,-5.5164442576442605,True,1.5,113834.19642857143,212496.0,2025-09-30 05:45:00+00:00,6.0,1.5,True,1.7691674547302054,1.0135722041258992,-4.295537590627335,-1.7790933329830851
2723,2723,2025-09-30 16:30:00+00:00,1,212539,112878.5,367.7571428571443,2025-10-01 04:30:00+00:00,114503.3,0.15346880705434426,4.264664277667706,4.418133084722051,False,1.5,112326.86428571428,,,,,,,,,
2724,2724,2025-10-01 04:30:00+00:00,1,212587,114503.3,205.778571428571,2025-10-01 16:30:00+00:00,117830.2,0.27821968829185384,15.889158561560626,16.16737824985248,True,1.5,114194.63214285715,212588.0,2025-10-01 04:45:00+00:00,1.0,0.25,False,0.1197021764032601,19.41585962719982,17.389908561560592,17.389908561560592
2725,2725,2025-10-01 16:30:00+00:00,1,212635,117830.2,352.36428571428615,2025-10-02 04:30:00+00:00,118552.0,0.1671994080801117,1.8812488293365286,2.04844823741664,True,1.5,117301.65357142857,212637.0,2025-10-01 17:00:00+00:00,2.0,0.5,True,1.7429506800997312,0.9863270560093975,3.3819988293365197,-1.6664494080801118
2726,2726,2025-10-02 15:00:00+00:00,1,212725,119128.2,390.9857142857166,2025-10-03 03:00:00+00:00,120250.0,0.15234341773539314,2.716815119295545,2.869158537030938,False,1.5,118541.72142857143,,,,,,,,,
2727,2727,2025-10-03 16:45:00+00:00,1,212828,122527.1,620.5428571428565,2025-10-04 04:45:00+00:00,122448.8,0.09872573553110191,-0.22490557806529338,-0.12617984253419148,True,1.5,121596.28571428572,212832.0,2025-10-03 17:45:00+00:00,4.0,1.0,False,0.2752198535844362,2.1497536719001697,1.2758444219347007,1.2758444219347007
2728,2728,2025-10-05 05:15:00+00:00,1,212974,125367.4,596.192857142858,2025-10-05 17:15:00+00:00,123138.7,0.10513997148573674,-3.843359866773685,-3.738219895287948,True,1.5,124473.1107142857,212989.0,2025-10-05 09:00:00+00:00,15.0,3.75,True,2.759192255621957,0.2881438173170252,-2.3426098667736848,-1.6043899714857368
2729,2729,2025-10-06 15:15:00+00:00,1,213110,125115.8,453.20714285714035,2025-10-07 03:15:00+00:00,124112.0,0.13803379091869136,-2.3529150341219127,-2.214881243203221,True,1.5,124435.9892857143,213150.0,2025-10-07 01:15:00+00:00,40.0,10.0,False,0.797845513719726,0.9137338649939216,-0.8521650341219263,-0.8521650341219263
2730,2730,2025-10-07 09:15:00+00:00,-1,213182,124044.6,272.6071428571408,2025-10-07 21:15:00+00:00,122184.0,0.22751531507926284,6.597691025809059,6.825206340888322,True,1.5,124453.51071428572,213192.0,2025-10-07 11:45:00+00:00,10.0,2.5,True,2.3641687409930685,0.6665662255993716,8.096941025809056,-1.7282653150792628
2731,2731,2025-10-08 11:30:00+00:00,1,213287,122743.4,351.499999999999,2025-10-08 23:30:00+00:00,123290.8,0.1745994310099578,1.3827263157895024,1.5573257467994603,True,1.5,122216.15,213295.0,2025-10-08 13:30:00+00:00,8.0,2.0,True,1.677809388335709,1.198719772404003,2.883476315789507,-1.6738494310099579
2732,2732,2025-10-09 04:15:00+00:00,-1,213354,122193.1,310.4357142857137,2025-10-09 16:15:00+00:00,121189.9,0.1968090241826009,3.034777915832629,3.2315869400152297,True,1.5,122658.75357142858,213382.0,2025-10-09 11:15:00+00:00,28.0,7.0,True,3.4833183773958343,1.5644255769540525,4.53402791583263,-1.6975590241826009
2733,2733,2025-10-09 16:15:00+00:00,-1,213402,121189.9,580.7000000000013,2025-10-10 04:15:00+00:00,121240.5,0.10434811434475609,-0.1914843292578019,-0.08713621491304582,False,1.5,122060.95,,,,,,,,,
2734,2734,2025-10-10 15:15:00+00:00,-1,213494,119188.0,536.6714285714271,2025-10-11 03:15:00+00:00,111826.1,0.11104373519312193,13.606660633002397,13.717704368195518,False,1.5,119993.00714285714,,,,,,,,,
2735,2735,2025-10-11 03:15:00+00:00,-1,213542,111826.1,751.5428571428565,2025-10-11 15:15:00+00:00,112150.0,0.07439768666362537,-0.5053777657390438,-0.4309800790754184,False,1.5,112953.41428571429,,,,,,,,,
2736,2736,2025-10-11 15:15:00+00:00,1,213590,112150.0,302.7071428571435,2025-10-12 03:15:00+00:00,110924.7,0.18524505061469088,-4.233051747327687,-4.047806696712996,True,1.5,111695.93928571428,213595.0,2025-10-11 16:30:00+00:00,5.0,1.25,True,1.6188560371882308,1.4735718162297484,-2.7323017473276745,-1.684495050614691
2737,2737,2025-10-12 03:15:00+00:00,-1,213638,110924.7,587.8000000000009,2025-10-12 15:15:00+00:00,113100.0,0.09435581830554597,-3.795104372235454,-3.7007485539299076,True,1.5,111806.4,213644.0,2025-10-12 04:45:00+00:00,6.0,1.5,True,1.9098332766247095,1.25212657366451,-2.2958543722354605,-1.595105818305546
2738,2738,2025-10-12 15:15:00+00:00,-1,213686,113100.0,549.0785714285729,2025-10-13 03:15:00+00:00,115101.8,0.1029907247206356,-3.74873489352291,-3.6457441688022745,True,1.5,113923.61785714286,213689.0,2025-10-12 16:00:00+00:00,3.0,0.75,True,1.5285283136683319,1.465396573480249,-2.2494848935229075,-1.6037407247206357
2739,2739,2025-10-13 03:15:00+00:00,1,213734,115101.8,398.85714285714283,2025-10-13 15:15:00+00:00,114192.3,0.14428950573065905,-2.424554548710602,-2.2802650429799427,True,1.5,114503.5142857143,213740.0,2025-10-13 04:45:00+00:00,6.0,1.5,True,2.2640042979942874,2.4983524355300686,-0.9238045487106121,-1.643539505730659
2740,2740,2025-10-13 20:15:00+00:00,1,213802,115426.2,388.3714285714263,2025-10-14 08:15:00+00:00,111917.0,0.14860284705363141,-9.184282976532085,-9.035680129478454,True,1.5,114843.64285714286,213820.0,2025-10-14 00:45:00+00:00,18.0,4.5,True,1.9832634444199433,0.6801662620466585,-7.683532976532078,-1.6478528470536313
2741,2741,2025-10-14 08:15:00+00:00,-1,213850,111917.0,495.0642857142863,2025-10-14 20:15:00+00:00,112741.4,0.11303279516368712,-1.778271075906434,-1.6652382807427468,True,1.5,112659.59642857143,213880.0,2025-10-14 15:45:00+00:00,30.0,7.5,True,1.6571657360515921,2.109819792523324,-0.279021075906435,-1.6137827951636872
2742,2742,2025-10-14 20:15:00+00:00,1,213898,112741.4,597.085714285712,2025-10-15 08:15:00+00:00,113068.1,0.09440972820365622,0.45274789453538344,0.5471576227390397,True,1.5,111845.77142857143,213927.0,2025-10-15 03:30:00+00:00,29.0,7.25,False,0.25619676524069457,2.122356206335537,1.9534978945353738,1.9534978945353738
2743,2743,2025-10-15 11:45:00+00:00,-1,213960,111841.0,357.9928571428588,2025-10-15 23:45:00+00:00,110699.0,0.15620563059917325,3.0338021508808897,3.190007781480063,False,1.5,112377.98928571428,,,,,,,,,
2744,2744,2025-10-15 23:45:00+00:00,-1,214008,110699.0,430.10000000000065,2025-10-16 11:45:00+00:00,111363.9,0.12868983957219232,-1.6746093931643642,-1.545919553592172,True,1.5,111344.15,214017.0,2025-10-16 02:00:00+00:00,9.0,2.25,False,1.1238084166473032,4.512090211578682,-0.17535939316438012,-0.17535939316438012
2745,2745,2025-10-16 11:45:00+00:00,1,214056,111363.9,474.60000000000167,2025-10-16 23:45:00+00:00,108129.4,0.11732395701643449,-6.932536767804443,-6.815212810788008,True,1.5,110651.99999999999,214064.0,2025-10-16 13:45:00+00:00,8.0,2.0,True,2.1369574378423493,1.5760640539401853,-5.43178676780443,-1.6165739570164344
2746,2746,2025-10-16 23:45:00+00:00,-1,214104,108129.4,346.4642857142857,2025-10-17 11:45:00+00:00,105610.5,0.1560469642304917,7.114255066487974,7.270302030718466,True,1.5,108649.09642857143,214107.0,2025-10-17 00:30:00+00:00,3.0,0.75,True,1.5894959282548262,1.1389238222863634,8.613505066487992,-1.6567969642304916
2747,2747,2025-10-17 11:45:00+00:00,-1,214152,105610.5,704.5214285714299,2025-10-17 23:45:00+00:00,106378.6,0.07495194306165266,-1.1651955734896091,-1.0902436304279564,True,1.5,106667.28214285715,214168.0,2025-10-17 15:45:00+00:00,16.0,4.0,False,1.1890594425800602,0.9235803432928099,0.3340544265103953,0.3340544265103953
2748,2748,2025-10-17 23:45:00+00:00,1,214200,106378.6,243.92857142857247,2025-10-18 11:45:00+00:00,107151.0,0.218052767203513,2.9484479648608715,3.1665007320643843,False,1.5,106012.70714285715,,,,,,,,,
2749,2749,2025-10-18 13:00:00+00:00,1,214253,106983.5,175.99285714285674,2025-10-19 01:00:00+00:00,106756.8,0.30394273306546604,-1.5920631924996829,-1.2881204594342168,True,1.5,106719.51071428572,214257.0,2025-10-18 14:00:00+00:00,4.0,1.0,True,1.7541093388530349,2.161390478509642,-0.09131319249968872,-1.803192733065466
2750,2750,2025-10-19 06:15:00+00:00,-1,214322,106750.1,153.07857142857287,2025-10-19 18:15:00+00:00,109150.0,0.3486774765526541,-16.02624735196659,-15.677569875413933,True,1.5,106979.71785714287,214330.0,2025-10-19 08:15:00+00:00,8.0,2.0,True,8.068288927254791,6.035579301012539,-14.526997351966576,-1.8494274765526542
2751,2751,2025-10-19 19:30:00+00:00,1,214375,108865.6,323.085714285712,2025-10-20 07:30:00+00:00,111184.4,0.16847789175804861,7.008564909798386,7.177042801556435,True,1.5,108380.97142857144,214391.0,2025-10-19 23:30:00+00:00,16.0,4.0,True,2.941855323664729,1.1941987973116088,8.509314909798368,-1.6677278917580485
2752,2752,2025-10-20 07:30:00+00:00,1,214423,111184.4,292.3571428571418,2025-10-20 19:30:00+00:00,110795.0,0.19015167358905516,-1.5220842413877207,-1.3319325677986655,True,1.5,110745.86428571428,214430.0,2025-10-20 09:15:00+00:00,7.0,1.75,True,2.380185682873201,3.0891522110921255,-0.021334241387729547,-1.6894016735890551
2753,2753,2025-10-20 19:30:00+00:00,-1,214471,110795.0,424.4285714285735,2025-10-21 07:30:00+00:00,107987.8,0.13052255132951804,6.483546785594037,6.6140693369235555,False,1.5,111431.64285714286,,,,,,,,,
2754,2754,2025-10-21 07:30:00+00:00,-1,214519,107987.8,366.80714285714305,2025-10-21 19:30:00+00:00,111761.8,0.14719969622027917,-10.435985161529018,-10.28878546530874,True,1.5,108538.01071428572,214532.0,2025-10-21 10:45:00+00:00,13.0,3.25,True,2.458483438163303,1.5932370066013548,-8.936735161529022,-1.647949696220279
2755,2755,2025-10-21 19:30:00+00:00,-1,214567,111761.8,553.1714285714291,2025-10-22 07:30:00+00:00,108121.1,0.10101913640824328,6.480484918134382,6.581504054542625,False,1.5,112591.55714285714,,,,,,,,,
2756,2756,2025-10-22 07:30:00+00:00,-1,214615,108121.1,277.54285714285754,2025-10-22 19:30:00+00:00,107967.4,0.1947827105208974,0.3590056361952236,0.553788346716121,True,1.5,108537.41428571429,214640.0,2025-10-22 13:45:00+00:00,25.0,6.25,True,1.6667181387687804,2.923563928350834,1.858255636195205,-1.6955327105208975
2757,2757,2025-10-22 21:00:00+00:00,1,214669,107088.2,418.4357142857137,2025-10-23 09:00:00+00:00,109093.4,0.12796254758368772,4.6641714207678255,4.792133968351513,False,1.5,106460.54642857143,,,,,,,,,
2758,2758,2025-10-23 09:00:00+00:00,1,214717,109093.4,431.95714285714035,2025-10-23 21:00:00+00:00,109668.4,0.12627803684228006,1.204872540265245,1.331150577107525,False,1.5,108445.46428571429,,,,,,,,,
2759,2759,2025-10-23 21:00:00+00:00,1,214765,109668.4,383.2357142857145,2025-10-24 09:00:00+00:00,111294.0,0.14308217620636302,4.09869367975697,4.241775855963333,False,1.5,109093.54642857143,,,,,,,,,
2760,2760,2025-10-24 09:00:00+00:00,1,214813,111294.0,282.58571428571406,2025-10-24 21:00:00+00:00,110590.9,0.19692078256913215,-2.68501541883628,-2.4880946362671477,True,1.5,110870.12142857142,214823.0,2025-10-24 11:30:00+00:00,10.0,2.5,True,1.9608968201809642,4.302689449471738,-1.1842654188362594,-1.6961707825691321
2761,2761,2025-10-25 00:00:00+00:00,1,214873,110815.5,204.79999999999876,2025-10-25 12:00:00+00:00,111618.5,0.27054565429687666,3.650352783203147,3.9208984375000235,False,1.5,110508.3,,,,,,,,,
2762,2762,2025-10-25 12:00:00+00:00,1,214921,111618.5,169.278571428571,2025-10-26 00:00:00+00:00,111526.4,0.32968880543482926,-0.8737623950378018,-0.5440735896029726,True,1.5,111364.58214285714,214933.0,2025-10-25 15:00:00+00:00,12.0,3.0,True,1.5960800033756688,1.0752563399300312,0.6269876049622412,-1.8289388054348292
2763,2763,2025-10-26 09:00:00+00:00,1,215005,111650.5,79.22142857142588,2025-10-26 21:00:00+00:00,113362.2,0.7046736092327353,20.90185420611374,21.606527815346475,False,1.5,111531.66785714286,,,,,,,,,
2764,2764,2025-10-26 22:30:00+00:00,-1,215059,114492.7,377.5142857142855,2025-10-27 10:30:00+00:00,115354.2,0.15164022175130562,-2.43367306819042,-2.2820328464391144,True,1.5,115058.97142857143,215067.0,2025-10-27 00:30:00+00:00,8.0,2.0,True,1.511011882237175,1.2157723454173937,-0.9344230681904102,-1.6523902217513056
2765,2765,2025-10-27 13:30:00+00:00,1,215119,114838.4,239.45000000000022,2025-10-28 01:30:00+00:00,114421.7,0.23979619962413842,-1.9800342451451103,-1.7402380455209718,True,1.5,114479.22499999999,215122.0,2025-10-27 14:15:00+00:00,3.0,0.75,True,1.7194612653998367,5.285341407391984,-0.4792842451450995,-1.7390461996241384
2766,2766,2025-10-28 01:30:00+00:00,-1,215167,114421.7,245.92857142857247,2025-10-28 13:30:00+00:00,115080.0,0.23263197792622614,-2.909425471972117,-2.676793494045891,True,1.5,114790.59285714285,215213.0,2025-10-28 13:00:00+00:00,46.0,11.5,True,1.5480395004356922,1.5796979378448521,-1.4101754719721316,-1.733381977926226
2767,2767,2025-10-28 14:15:00+00:00,1,215218,115873.0,285.35000000000065,2025-10-29 02:15:00+00:00,112637.9,0.20303662169265768,-11.540341685649196,-11.337305063956538,True,1.5,115444.975,215219.0,2025-10-28 14:30:00+00:00,1.0,0.25,True,3.342123707727355,1.6615559838794425,-10.03959168564922,-1.7022866216926578
2768,2768,2025-10-29 02:15:00+00:00,-1,215266,112637.9,298.9071428571416,2025-10-29 14:15:00+00:00,112263.0,0.18841620665758677,1.0658194613711707,1.2542356680287574,True,1.5,113086.2607142857,215279.0,2025-10-29 05:30:00+00:00,13.0,3.25,True,1.6575023299161633,0.7231701197217844,2.565069461371153,-1.6891662066575868
2769,2769,2025-10-29 15:00:00+00:00,-1,215317,112206.7,344.40714285714574,2025-10-30 03:00:00+00:00,110721.6,0.16289833461227232,4.149149283447686,4.3120476180599585,False,1.5,112723.31071428572,,,,,,,,,
2770,2770,2025-10-30 03:00:00+00:00,-1,215365,110721.6,291.08571428571406,2025-10-30 15:00:00+00:00,107913.7,0.19018727915194364,9.45611228896745,9.646299568119394,True,1.5,111158.22857142858,215381.0,2025-10-30 07:00:00+00:00,16.0,4.0,False,1.3977718884962527,13.082842559874411,10.95536228896747,10.95536228896747
2771,2771,2025-10-30 15:00:00+00:00,-1,215413,107913.7,564.3928571428571,2025-10-31 03:00:00+00:00,109000.8,0.09560158197810543,-2.021742188192126,-1.9261406062140205,True,1.5,108760.28928571429,215452.0,2025-10-31 00:45:00+00:00,39.0,9.75,True,2.2220527747895846,0.17663101942668305,-0.5224921881921184,-1.5963515819781053
2772,2772,2025-10-31 03:00:00+00:00,1,215461,109000.8,499.41428571428594,2025-10-31 15:00:00+00:00,110741.6,0.10912863640264304,3.3765545925226736,3.485683228925317,False,1.5,108251.67857142858,,,,,,,,,
2773,2773,2025-10-31 15:00:00+00:00,1,215509,110741.6,607.2571428571433,2025-11-01 03:00:00+00:00,109858.4,0.09118180107273918,-1.5455903829867499,-1.4544085819140107,True,1.5,109830.71428571429,215514.0,2025-10-31 16:15:00+00:00,5.0,1.25,True,1.9818857626799762,0.48461466076973025,-0.044840382986748306,-1.5904318010727392
2774,2774,2025-11-01 04:15:00+00:00,1,215562,110256.2,242.09285714285838,2025-11-01 16:15:00+00:00,110144.0,0.22771469034903843,-0.6911732216091663,-0.4634585312601278,True,1.5,109893.0607142857,215572.0,2025-11-01 06:45:00+00:00,10.0,2.5,False,0.985409966659736,2.093986958959108,0.8095767783908553,0.8095767783908553
2775,2775,2025-11-02 11:45:00+00:00,1,215688,111145.4,217.25,2025-11-02 23:45:00+00:00,110494.9,0.2558006904487917,-3.2500469505178367,-2.994246260069045,True,1.5,110819.525,215691.0,2025-11-02 12:30:00+00:00,3.0,0.75,True,3.2696202531645437,0.7474108170310702,-1.7492969505178366,-1.7550506904487917
2776,2776,2025-11-02 23:45:00+00:00,-1,215736,110494.9,253.02142857142877,2025-11-03 11:45:00+00:00,107737.4,0.21835087372610998,10.679935550348636,10.898286424074746,False,1.5,110874.43214285714,,,,,,,,,
2777,2777,2025-11-03 11:45:00+00:00,-1,215784,107737.4,382.0428571428586,2025-11-03 23:45:00+00:00,106544.0,0.1410017200762811,2.9827315933141114,3.1237333133903924,False,1.5,108310.46428571428,,,,,,,,,
2778,2778,2025-11-03 23:45:00+00:00,-1,215832,106544.0,441.30714285714413,2025-11-04 11:45:00+00:00,104530.7,0.12071411229626237,4.441414628619516,4.562128740915779,True,1.5,107205.96071428571,215839.0,2025-11-04 01:30:00+00:00,7.0,1.75,False,0.1494181247268558,8.28439052813878,5.940664628619509,5.940664628619509
2779,2779,2025-11-04 11:45:00+00:00,-1,215880,104530.7,373.95714285714246,2025-11-04 23:45:00+00:00,101450.3,0.13976294074951306,8.0975446193223,8.237307560071812,False,1.5,105091.63571428572,,,,,,,,,
2780,2780,2025-11-04 23:45:00+00:00,-1,215928,101450.3,697.000000000001,2025-11-05 11:45:00+00:00,102019.4,0.07277639885222371,-0.8892756814920952,-0.8164992826398715,False,1.5,102495.8,,,,,,,,,
2781,2781,2025-11-05 12:15:00+00:00,-1,215978,102466.7,373.4357142857126,2025-11-06 00:15:00+00:00,103386.5,0.13719456399074295,-2.600269103498422,-2.463074539507679,True,1.5,103026.85357142857,215984.0,2025-11-05 13:45:00+00:00,6.0,1.5,True,1.9364683154492248,2.428406113119491,-1.1010191034984167,-1.637944563990743
2782,2782,2025-11-06 00:15:00+00:00,1,216026,103386.5,285.4642857142857,2025-11-06 12:15:00+00:00,102756.7,0.18108482422119354,-2.387315275866393,-2.2062304516451996,True,1.5,102958.30357142857,216030.0,2025-11-06 01:15:00+00:00,4.0,1.0,False,1.2148755160765452,4.385474790441648,-0.8865652758663713,-0.8865652758663713
2783,2783,2025-11-06 16:15:00+00:00,1,216090,101764.3,603.9285714285683,2025-11-07 04:15:00+00:00,101943.1,0.08425193376700223,0.2118095683027853,0.29606150206978754,True,1.5,100858.40714285715,216091.0,2025-11-06 16:30:00+00:00,1.0,0.25,False,1.0266232998226135,2.405239503252518,1.7125595683027899,1.7125595683027899
2784,2784,2025-11-07 07:00:00+00:00,-1,216149,101807.0,285.4357142857126,2025-11-07 19:00:00+00:00,102766.2,0.17833612772453247,-3.5388125922774814,-3.360476464552949,True,1.5,102235.15357142857,216190.0,2025-11-07 17:15:00+00:00,41.0,10.25,True,1.5865093466129585,2.394422061509995,-2.039562592277474,-1.6790861277245326
2785,2785,2025-11-07 19:00:00+00:00,1,216197,102766.2,582.028571428571,2025-11-08 07:00:00+00:00,102239.9,0.08828277944136279,-0.9925339207697274,-0.9042511413283646,False,1.5,101893.15714285715,,,,,,,,,
2786,2786,2025-11-08 08:30:00+00:00,-1,216251,102558.8,274.02142857142775,2025-11-08 20:30:00+00:00,102078.9,0.18713645960952016,1.5641864296327554,1.7513228892422756,False,1.5,102969.83214285715,,,,,,,,,
2787,2787,2025-11-08 23:00:00+00:00,-1,216309,102326.1,145.32857142856977,2025-11-09 11:00:00+00:00,102156.1,0.35205086994987134,0.8177122284478614,1.1697630983977327,False,1.5,102544.09285714287,,,,,,,,,
2788,2788,2025-11-09 12:45:00+00:00,1,216364,102038.3,205.56428571428634,2025-11-10 00:45:00+00:00,106268.0,0.24819072935126232,20.327854303485104,20.576045032836365,False,1.5,101729.95357142857,,,,,,,,,
2789,2789,2025-11-10 00:45:00+00:00,1,216412,106268.0,507.82142857142856,2025-11-10 12:45:00+00:00,105900.1,0.10463126802166116,-0.8290985301357224,-0.7244672621140613,False,1.5,105506.26785714286,,,,,,,,,
2790,2790,2025-11-10 14:15:00+00:00,1,216466,106139.0,260.7142857142826,2025-11-11 02:15:00+00:00,106320.5,0.2035542465753449,0.4926101369863072,0.6961643835616521,True,1.5,105747.92857142858,216467.0,2025-11-10 14:30:00+00:00,1.0,0.25,True,4.34279452054804,1.680273972602728,1.993360136986293,-1.702804246575345
2791,2791,2025-11-11 02:15:00+00:00,-1,216514,106320.5,475.5428571428565,2025-11-11 14:15:00+00:00,104434.6,0.11178855743811598,3.853994908074975,3.965783465513091,True,1.5,107033.81428571428,216515.0,2025-11-11 02:30:00+00:00,1.0,0.25,False,0.13896899783705596,6.04322879115597,5.353244908074967,5.353244908074967
2792,2792,2025-11-11 14:45:00+00:00,-1,216564,104517.8,353.3214285714265,2025-11-12 02:45:00+00:00,103099.3,0.14790753057717665,3.8668503790559203,4.014757909633097,False,1.5,105047.78214285715,,,,,,,,,
2793,2793,2025-11-12 02:45:00+00:00,-1,216612,103099.3,299.4071428571416,2025-11-12 14:45:00+00:00,103948.5,0.17217241214781664,-3.0084440918958926,-2.836271679748076,True,1.5,103548.41071428571,216625.0,2025-11-12 06:00:00+00:00,13.0,3.25,True,2.136185795739222,1.8283154805925934,-1.5091940918959097,-1.6729224121478166
2794,2794,2025-11-12 14:45:00+00:00,1,216660,103948.5,363.6714285714292,2025-11-13 02:45:00+00:00,102015.0,0.1429154063715282,-5.4595277330400185,-5.316612326668491,True,1.5,103402.99285714286,216662.0,2025-11-12 15:15:00+00:00,2.0,0.5,True,2.1851946419452393,1.3061436932867063,-3.9587777330400318,-1.6421654063715283
2795,2795,2025-11-13 02:45:00+00:00,-1,216708,102015.0,393.17857142857036,2025-11-13 14:45:00+00:00,102823.4,0.12973112907621073,-2.1857943500772006,-2.05606322100099,True,1.5,102604.76785714286,216720.0,2025-11-13 05:45:00+00:00,12.0,3.0,True,1.9544100281587824,0.3481060950131815,-0.6865443500772019,-1.6304811290762107
2796,2796,2025-11-13 15:15:00+00:00,-1,216758,102148.8,595.7071428571414,2025-11-14 03:15:00+00:00,99262.6,0.0857374309044475,4.759260710560086,4.844998141464533,False,1.5,103042.36071428572,,,,,,,,,
2797,2797,2025-11-14 03:15:00+00:00,-1,216806,99262.6,489.10000000000065,2025-11-14 15:15:00+00:00,96499.9,0.10147474953997125,5.547063381721546,5.648538131261517,False,1.5,99996.25,,,,,,,,,
2798,2798,2025-11-14 15:15:00+00:00,-1,216854,96499.9,808.5071428571464,2025-11-15 03:15:00+00:00,96619.1,0.059677827742488095,-0.20711004408479053,-0.14743221634230244,False,1.5,97712.66071428571,,,,,,,,,
2799,2799,2025-11-15 03:15:00+00:00,-1,216902,96619.1,449.9857142857166,2025-11-15 15:15:00+00:00,96327.0,0.10735796374488024,0.5417737547223822,0.6491317184672625,False,1.5,97294.07857142857,,,,,,,,,
2800,2800,2025-11-15 15:15:00+00:00,-1,216950,96327.0,270.47857142857225,2025-11-16 03:15:00+00:00,95769.4,0.17806771067156044,1.883463437821866,2.0615311484934264,False,1.5,96732.71785714285,,,,,,,,,
2801,2801,2025-11-16 03:15:00+00:00,-1,216998,95769.4,331.62857142856956,2025-11-16 15:15:00+00:00,95393.6,0.14439256483156795,0.9888029206513017,1.1331954854828696,True,1.5,96266.84285714285,217024.0,2025-11-16 09:45:00+00:00,26.0,6.5,False,1.0046092874989438,3.59993969156544,2.4880529206513122,2.4880529206513122
2802,2802,2025-11-16 16:00:00+00:00,-1,217049,94372.4,342.05714285714305,2025-11-17 04:00:00+00:00,95131.2,0.13794829602405606,-2.3562910958904184,-2.2183427998663623,True,1.5,94885.4857142857,217057.0,2025-11-16 18:00:00+00:00,8.0,2.0,True,1.9274974941530518,1.9940694954894707,-0.8570410958904227,-1.6386982960240561
2803,2803,2025-11-17 04:00:00+00:00,1,217097,95131.2,394.14999999999833,2025-11-17 16:00:00+00:00,93136.6,0.12067892934162171,-5.181188887479386,-5.060509958137764,True,1.5,94539.975,217134.0,2025-11-17 13:15:00+00:00,37.0,9.25,True,1.874349866802009,1.233857668400353,-3.6804388874794016,-1.6199289293416217
2804,2804,2025-11-17 16:00:00+00:00,-1,217145,93136.6,770.2999999999987,2025-11-18 04:00:00+00:00,90276.2,0.06045475788653781,3.652903673893306,3.713358431779844,True,1.5,94292.05,217148.0,2025-11-17 16:45:00+00:00,3.0,0.75,False,0.12456185901596424,6.005387511359217,5.152153673893305,5.152153673893305
2805,2805,2025-11-18 04:00:00+00:00,1,217193,90276.2,653.4785714285723,2025-11-18 16:00:00+00:00,93100.8,0.06907357329456636,4.253332888825739,4.322406462120305,True,1.5,89295.98214285714,217196.0,2025-11-18 04:45:00+00:00,3.0,0.75,False,0.4345699388984253,5.974209450523014,5.754082888825729,5.754082888825729
2806,2806,2025-11-18 16:00:00+00:00,1,217241,93100.8,616.9928571428557,2025-11-19 04:00:00+00:00,91703.6,0.0754472267565035,-2.3399791152942275,-2.264531888537724,True,1.5,92175.31071428572,217274.0,2025-11-19 00:15:00+00:00,33.0,8.25,False,0.9324430706537565,1.0706595353037054,-0.8392291152942266,-0.8392291152942266
2807,2807,2025-11-19 04:00:00+00:00,-1,217289,91703.6,381.64285714285506,2025-11-19 16:00:00+00:00,90088.6,0.1201432154220482,4.111561819202718,4.231705034624766,True,1.5,92276.0642857143,217333.0,2025-11-19 15:00:00+00:00,44.0,11.0,False,0.18901366273625772,6.430263896687316,5.610811819202737,5.610811819202737
2808,2808,2025-11-19 16:00:00+00:00,-1,217337,90088.6,540.9928571428567,2025-11-20 04:00:00+00:00,92431.4,0.0832622823116229,-4.413818534704691,-4.330556252393069,True,1.5,90900.08928571429,217365.0,2025-11-19 23:00:00+00:00,28.0,7.0,True,1.7928346030446605,0.8608048693539848,-2.914568534704694,-1.584012282311623
2809,2809,2025-11-20 04:00:00+00:00,1,217385,92431.4,331.67857142856934,2025-11-20 16:00:00+00:00,88681.2,0.1393388177021652,-11.446068655109357,-11.306729837407191,True,1.5,91933.88214285714,217395.0,2025-11-20 06:30:00+00:00,10.0,2.5,True,1.6443092494885314,1.6215031764832688,-9.945318655109354,-1.6385888177021652
2810,2810,2025-11-20 16:00:00+00:00,-1,217433,88681.2,720.7857142857164,2025-11-21 04:00:00+00:00,85670.1,0.061517034981666656,4.116007491824374,4.177524526806041,False,1.5,89762.37857142858,,,,,,,,,
2811,2811,2025-11-21 04:00:00+00:00,1,217481,85670.1,529.192857142857,2025-11-21 16:00:00+00:00,82901.2,0.08094411975110347,-5.313252082011708,-5.232307962260604,True,1.5,84876.31071428572,217495.0,2025-11-21 07:30:00+00:00,14.0,3.5,True,7.115195648359372,0.759438228029195,-3.8125020820117044,-1.5801941197511034
2812,2812,2025-11-21 16:00:00+00:00,1,217529,82901.2,838.7285714285723,2025-11-22 04:00:00+00:00,84086.6,0.04942075590604822,1.3639089438095167,1.4133296997155649,False,1.5,81643.10714285714,,,,,,,,,
2813,2813,2025-11-22 04:00:00+00:00,1,217577,84086.6,356.27142857142877,2025-11-22 16:00:00+00:00,84550.0,0.1180091824050683,1.1826845102048829,1.3006936926099513,True,1.5,83552.19285714286,217603.0,2025-11-22 10:30:00+00:00,26.0,6.5,False,0.26999879706484037,3.2573679778659805,2.683434510204896,2.683434510204896
2814,2814,2025-11-23 01:30:00+00:00,-1,217663,85837.4,329.10000000000065,2025-11-23 13:30:00+00:00,86668.4,0.13041233667578217,-2.6554807049528963,-2.5250683682771142,True,1.5,86331.04999999999,217673.0,2025-11-23 04:00:00+00:00,10.0,2.5,True,1.5063810391978534,0.6874810088118657,-1.1562307049529172,-1.6311623366757821
2815,2815,2025-11-23 14:00:00+00:00,-1,217713,86770.1,311.4214285714292,2025-11-24 02:00:00+00:00,87871.0,0.13931298883001877,-3.6743940686712735,-3.535081079841255,True,1.5,87237.23214285714,217721.0,2025-11-23 16:00:00+00:00,8.0,2.0,True,1.7325970779146302,2.5021789490584663,-2.1751440686712886,-1.6400629888300187
2816,2816,2025-11-24 02:00:00+00:00,1,217761,87871.0,532.2571428571433,2025-11-24 14:00:00+00:00,86023.0,0.08254562778463678,-3.5545516399162564,-3.4720060121316196,True,1.5,87072.61428571428,217770.0,2025-11-24 04:15:00+00:00,9.0,2.25,True,2.373691556175855,1.3589027859788412,-2.0538016399162546,-1.5817956277846368
2817,2817,2025-11-24 16:00:00+00:00,-1,217817,86837.3,538.8642857142851,2025-11-25 04:00:00+00:00,88086.3,0.08057436937474327,-2.3984121498919713,-2.317837780517228,True,1.5,87645.59642857143,217820.0,2025-11-24 16:45:00+00:00,3.0,0.75,True,1.6933829084980436,1.4059132302063888,-0.8991621498919743,-1.5813243693747432
2818,2818,2025-11-25 04:00:00+00:00,-1,217865,88086.3,287.9071428571416,2025-11-25 16:00:00+00:00,86796.1,0.15297692708462618,4.328329049544752,4.481305976629379,False,1.5,88518.16071428571,,,,,,,,,
2819,2819,2025-11-25 16:00:00+00:00,-1,217913,86796.1,457.9214285714261,2025-11-26 04:00:00+00:00,86872.6,0.09477182610865922,-0.2618310533622439,-0.16705922725358466,True,1.5,87482.98214285714,217917.0,2025-11-25 17:00:00+00:00,4.0,1.0,True,1.5658097926968173,2.948720148497118,1.237418946637756,-1.5955218261086592
2820,2820,2025-11-26 04:00:00+00:00,1,217961,86872.6,313.85714285714283,2025-11-26 16:00:00+00:00,87514.0,0.1383951297223487,1.9052097860718977,2.0436049157942464,True,1.5,86401.8142857143,217994.0,2025-11-26 12:15:00+00:00,33.0,8.25,False,0.44897587619486146,3.9667273554847298,3.4059597860718847,3.4059597860718847
2821,2821,2025-11-26 16:00:00+00:00,1,218009,87514.0,396.66428571428486,2025-11-27 04:00:00+00:00,91248.0,0.11031242684529942,9.303189454918718,9.413501881764017,False,1.5,86919.00357142858,,,,,,,,,
2822,2822,2025-11-27 04:00:00+00:00,1,218057,91248.0,363.971428571429,2025-11-27 16:00:00+00:00,91182.5,0.12535049846926746,-0.3053096789386919,-0.17995918046942438,True,1.5,90702.04285714286,218094.0,2025-11-27 13:15:00+00:00,37.0,9.25,False,0.8007300416045229,1.453293037130053,1.195440321061288,1.195440321061288
2823,2823,2025-11-27 16:00:00+00:00,-1,218105,91182.5,305.77142857142877,2025-11-28 04:00:00+00:00,91315.8,0.1491023874042234,-0.5850489394505791,-0.4359465520463557,True,1.5,91641.15714285715,218115.0,2025-11-27 18:30:00+00:00,10.0,2.5,False,0.5194823397495628,3.365118669407611,0.9142010605494362,0.9142010605494362
2824,2824,2025-11-28 06:30:00+00:00,1,218163,91369.5,182.6571428571437,2025-11-28 18:30:00+00:00,90773.2,0.2501120366025329,-3.5146983028312215,-3.2645862662286884,True,1.5,91095.51428571428,218167.0,2025-11-28 07:30:00+00:00,4.0,1.0,True,1.5346472704520249,10.86453933990301,-2.0139483028311873,-1.7493620366025329
2825,2825,2025-11-28 18:30:00+00:00,-1,218211,90773.2,479.3428571428584,2025-11-29 06:30:00+00:00,90503.0,0.09468504500208594,0.46900333790307425,0.5636883829051602,False,1.5,91492.21428571429,,,,,,,,,
2826,2826,2025-11-30 08:15:00+00:00,-1,218362,91104.9,137.58571428571304,2025-11-30 20:15:00+00:00,91277.2,0.33108415533174423,-1.58339440348877,-1.2523102481570256,True,1.5,91311.27857142856,218365.0,2025-11-30 09:00:00+00:00,3.0,0.75,True,1.7350742394352818,1.7834596615096578,-0.08414440348882263,-1.831834155331744
2827,2827,2025-12-01 00:30:00+00:00,-1,218427,87712.4,420.0928571428573,2025-12-01 12:30:00+00:00,85457.9,0.10439644296329038,5.262274191080201,5.3666706340434915,False,1.5,88342.53928571429,,,,,,,,,
2828,2828,2025-12-01 12:30:00+00:00,1,218475,85457.9,235.29999999999978,2025-12-02 00:30:00+00:00,86307.5,0.18159349766255858,3.429116234594163,3.6107097322567214,True,1.5,85104.95,218476.0,2025-12-01 12:45:00+00:00,1.0,0.25,True,1.7205694857628204,1.695920101997464,4.929866234594152,-1.6808434976625586
2829,2829,2025-12-02 00:30:00+00:00,1,218523,86307.5,339.77857142857204,2025-12-02 12:30:00+00:00,87286.0,0.1270055077886857,2.7528111795497017,2.8798166873383875,False,1.5,85797.83214285714,,,,,,,,,
2830,2830,2025-12-02 14:15:00+00:00,1,218578,88629.6,357.0928571428553,2025-12-03 02:15:00+00:00,92761.0,0.12409881383393741,11.445440921729086,11.569539735563023,False,1.5,88093.96071428573,,,,,,,,,
2831,2831,2025-12-03 06:15:00+00:00,-1,218642,93890.0,375.15000000000043,2025-12-03 18:15:00+00:00,93064.5,0.12513661202185777,2.075316540050644,2.2004531520725017,False,1.5,94452.725,,,,,,,,,
2832,2832,2025-12-04 04:00:00+00:00,1,218729,93422.1,361.7071428571435,2025-12-04 16:00:00+00:00,92768.5,0.12914052410197654,-1.9361272339501303,-1.8069867098481538,True,1.5,92879.53928571429,218736.0,2025-12-04 05:45:00+00:00,7.0,1.75,True,3.0896245976421315,1.9918343569185737,-0.4353772339501202,-1.6283905241019765
2833,2833,2025-12-04 16:00:00+00:00,-1,218777,92768.5,478.8428571428563,2025-12-05 04:00:00+00:00,92265.3,0.09686737372833336,0.9539992989050942,1.0508666726334275,False,1.5,93486.76428571428,,,,,,,,,
2834,2834,2025-12-05 09:45:00+00:00,-1,218848,91086.4,241.00714285714432,2025-12-05 21:45:00+00:00,89145.1,0.18897033282949413,7.865977653300043,8.054947986129537,True,1.5,91447.91071428571,218851.0,2025-12-05 10:30:00+00:00,3.0,0.75,False,0.32940636021460307,14.404596781363802,9.36522765330004,9.36522765330004
2835,2835,2025-12-06 00:45:00+00:00,-1,218908,89382.2,226.528571428571,2025-12-06 12:45:00+00:00,89528.4,0.19728681339471563,-0.8426800151352603,-0.6453932017405446,True,1.5,89721.99285714285,218917.0,2025-12-06 03:00:00+00:00,9.0,2.25,False,0.15895188244943945,2.454846440058001,0.6565699848647077,0.6565699848647077
2836,2836,2025-12-06 14:15:00+00:00,-1,218962,89877.6,135.971428571429,2025-12-07 02:15:00+00:00,89400.1,0.3305017860895136,3.181265391889043,3.511767177978556,True,1.5,90081.55714285714,218964.0,2025-12-06 14:45:00+00:00,2.0,0.5,False,0.4908594242488178,8.909644883378785,4.6805153918889895,4.6805153918889895
2837,2837,2025-12-07 14:15:00+00:00,1,219058,87881.3,277.2642857142834,2025-12-08 02:15:00+00:00,90979.5,0.15847930030656804,11.015696962671075,11.174176262977644,False,1.5,87465.40357142857,,,,,,,,,
2838,2838,2025-12-08 03:30:00+00:00,1,219111,90983.2,376.58571428571304,2025-12-08 15:30:00+00:00,89644.5,0.12080012139144988,-3.6756349152156638,-3.554834793824214,True,1.5,90418.32142857142,219157.0,2025-12-08 15:00:00+00:00,46.0,11.5,True,2.150430560297394,1.4665414817344227,-2.1748849152156446,-1.6200501213914498
2839,2839,2025-12-08 15:30:00+00:00,-1,219159,89644.5,505.8785714285727,2025-12-09 03:30:00+00:00,90316.1,0.08860278440619551,-1.416194103610417,-1.3275913192042215,True,1.5,90403.31785714286,219163.0,2025-12-08 16:30:00+00:00,4.0,1.0,True,1.6298024653008205,1.5051395733024677,0.08305589638958089,-1.5893527844061954
2840,2840,2025-12-09 04:30:00+00:00,-1,219211,89883.0,277.692857142858,2025-12-09 16:30:00+00:00,94203.6,0.1618388764565162,-15.720755459526172,-15.558916583069657,True,1.5,90299.53928571429,219222.0,2025-12-09 07:15:00+00:00,11.0,2.75,True,1.8771124315147778,1.554016513619878,-14.221505459526172,-1.6625888764565162
2841,2841,2025-12-09 16:30:00+00:00,1,219259,94203.6,640.6499999999984,2025-12-10 04:30:00+00:00,92515.4,0.07352189182861175,-2.7086580816358636,-2.635136189807252,True,1.5,93242.62500000001,219274.0,2025-12-09 20:15:00+00:00,15.0,3.75,True,1.6290095996254073,0.6636619058768274,-1.2079080816358734,-1.5727718918286118
2842,2842,2025-12-10 04:30:00+00:00,-1,219307,92515.4,221.90714285714162,2025-12-10 16:30:00+00:00,92320.7,0.2084552097080515,0.6689388096694148,0.8773940193774663,True,1.5,92848.2607142857,219328.0,2025-12-10 09:45:00+00:00,21.0,5.25,True,1.9406283194386753,1.3283065632342494,2.168188809669391,-1.7092052097080515
2843,2843,2025-12-10 16:30:00+00:00,-1,219355,92320.7,301.6357142857118,2025-12-11 04:30:00+00:00,90061.3,0.1530334367377881,7.33745887896947,7.490492315707258,True,1.5,92773.15357142857,219363.0,2025-12-10 18:30:00+00:00,8.0,2.0,True,4.858663477704926,3.872729640768223,8.83670887896949,-1.6537834367377882
2844,2844,2025-12-11 04:30:00+00:00,-1,219403,90061.3,378.0500000000019,2025-12-11 16:30:00+00:00,89919.0,0.11911294802274772,0.25729228937971804,0.3764052374024658,False,1.5,90628.375,,,,,,,,,
2845,2845,2025-12-11 16:30:00+00:00,-1,219451,89919.0,490.02857142857204,2025-12-12 04:30:00+00:00,92213.8,0.09174873185237001,-4.774740977202495,-4.682992245350126,True,1.5,90654.04285714286,219459.0,2025-12-11 18:30:00+00:00,8.0,2.0,True,1.7243017899830757,0.7796338405923979,-3.275490977202484,-1.59249873185237
2846,2846,2025-12-12 04:30:00+00:00,1,219499,92213.8,247.30714285714308,2025-12-12 16:30:00+00:00,89602.7,0.18643577968402492,-10.744561880830677,-10.558126101146652,True,1.5,91842.83928571429,219542.0,2025-12-12 15:15:00+00:00,43.0,10.75,True,4.265300522773892,0.4090488981312828,-9.243811880830682,-1.685685779684025
2847,2847,2025-12-12 16:30:00+00:00,-1,219547,89602.7,542.1785714285725,2025-12-13 04:30:00+00:00,90342.3,0.08263209274751318,-1.4467583031420936,-1.3641262103945804,True,1.5,90415.96785714285,219550.0,2025-12-12 17:15:00+00:00,3.0,0.75,False,0.37207693827811394,1.1785192016336095,0.05249169685789984,0.05249169685789984
2848,2848,2025-12-13 12:45:00+00:00,1,219628,90309.8,108.22142857142588,2025-12-14 00:45:00+00:00,90303.5,0.4172454623457302,-0.47545944162105386,-0.0582139792753237,True,1.5,90147.46785714287,219634.0,2025-12-13 14:15:00+00:00,6.0,1.5,True,2.0843178668076656,1.0333641343805333,1.025290558378922,-1.9164954623457302
2849,2849,2025-12-14 00:45:00+00:00,-1,219676,90303.5,150.7142857142878,2025-12-14 12:45:00+00:00,89382.9,0.29958507109004323,5.808661374407541,6.108246445497585,False,1.5,90529.57142857143,,,,,,,,,
2850,2850,2025-12-14 12:45:00+00:00,-1,219724,89382.9,340.4357142857137,2025-12-15 00:45:00+00:00,88414.9,0.1312772077799461,2.712137743647851,2.843414951427797,False,1.5,89893.55357142857,,,,,,,,,
2851,2851,2025-12-15 00:45:00+00:00,-1,219772,88414.9,371.8285714285718,2025-12-15 12:45:00+00:00,89657.8,0.11889202013216524,-3.4615614530505807,-3.3426694329184157,True,1.5,88972.64285714286,219775.0,2025-12-15 01:30:00+00:00,3.0,0.75,True,1.703357922237594,0.9674965421853479,-1.9623114530505723,-1.6196420201321653
2852,2852,2025-12-15 12:45:00+00:00,1,219820,89657.8,159.6357142857118,2025-12-16 00:45:00+00:00,85821.1,0.28081999194595275,-24.31491547720292,-24.034095485256966,True,1.5,89418.34642857143,219822.0,2025-12-15 13:15:00+00:00,2.0,0.5,True,2.5435813682939075,2.672669918117181,-22.81416547720288,-1.7800699919459526
2853,2853,2025-12-16 00:45:00+00:00,-1,219868,85821.1,256.557142857142,2025-12-16 12:45:00+00:00,87161.9,0.16725533158861908,-5.393381507879029,-5.2261261762904105,True,1.5,86205.93571428572,219889.0,2025-12-16 06:00:00+00:00,21.0,5.25,True,4.2172448354585175,1.55261985633944,-3.89413150787903,-1.6680053315886192
2854,2854,2025-12-16 12:45:00+00:00,1,219916,87161.9,293.97857142857123,2025-12-17 00:45:00+00:00,87499.3,0.14824532886264802,0.9994573705566794,1.1477026994193273,True,1.5,86720.93214285714,219920.0,2025-12-16 13:45:00+00:00,4.0,1.0,True,2.262178973200203,1.2452195252326494,2.5002073705566636,-1.647495328862648
2855,2855,2025-12-17 00:45:00+00:00,1,219964,87499.3,190.17142857142815,2025-12-17 12:45:00+00:00,86984.0,0.2300537484975967,-2.939714205228387,-2.7096604567307905,True,1.5,87214.04285714286,219969.0,2025-12-17 02:00:00+00:00,5.0,1.25,True,2.161959134615455,1.9101562499999845,-1.4389642052284035,-1.7293037484975966
2856,2856,2025-12-17 12:45:00+00:00,1,220012,86984.0,251.6357142857149,2025-12-18 00:45:00+00:00,86191.9,0.1728371512106499,-3.3206415169320884,-3.1478043657214383,True,1.5,86606.54642857143,220026.0,2025-12-17 16:15:00+00:00,14.0,3.5,True,1.8997558829373382,1.5623917794998385,-1.8198915169320817,-1.6720871512106499
2857,2857,2025-12-18 00:45:00+00:00,-1,220060,86191.9,228.5642857142853,2025-12-18 12:45:00+00:00,87215.2,0.1885506734585459,-4.665628082127588,-4.477077408669042,True,1.5,86534.74642857142,220066.0,2025-12-18 02:15:00+00:00,6.0,1.5,True,1.7743523235101493,1.4645613925434962,-3.1663780821275833,-1.6893006734585458
2858,2858,2025-12-18 12:45:00+00:00,1,220108,87215.2,198.7785714285731,2025-12-19 00:45:00+00:00,85572.9,0.2193777713895558,-8.481334722771154,-8.261956951381597,True,1.5,86917.03214285713,220125.0,2025-12-18 17:00:00+00:00,17.0,4.25,True,3.415519781522766,5.447608609723643,-6.980584722771132,-1.718627771389556
2859,2859,2025-12-19 02:45:00+00:00,-1,220164,85600.8,258.32142857142856,2025-12-19 14:45:00+00:00,88140.8,0.1656866030692659,-9.998397787916495,-9.832711184847229,True,1.5,85988.28214285715,220165.0,2025-12-19 03:00:00+00:00,1.0,0.25,True,1.7641504216783992,1.6343287709110987,-8.499147787916487,-1.6664366030692659
2860,2860,2025-12-19 14:45:00+00:00,1,220212,88140.8,355.40714285714057,2025-12-20 02:45:00+00:00,88168.0,0.12399975882790441,-0.04746781357397799,0.07653194525392643,True,1.5,87607.6892857143,220222.0,2025-12-19 17:15:00+00:00,10.0,2.5,True,2.28523624816613,2.004210462849433,1.4532821864260117,-1.6232497588279045
2861,2861,2025-12-21 14:00:00+00:00,-1,220401,87844.2,253.70714285714243,2025-12-22 02:00:00+00:00,88139.9,0.17312125904445538,-1.338638306258613,-1.1655170472141576,True,1.5,88224.76071428572,220408.0,2025-12-21 15:45:00+00:00,7.0,1.75,True,2.2157014555589707,1.2721782707846592,0.1606116937414076,-1.6738712590444553
2862,2862,2025-12-22 08:30:00+00:00,1,220475,89706.9,227.085714285712,2025-12-22 20:30:00+00:00,88299.9,0.19751770885757622,-6.393416048062471,-6.195898339204894,True,1.5,89366.27142857143,220476.0,2025-12-22 08:45:00+00:00,1.0,0.25,True,3.3136009058883094,5.4284725717161955,-4.8926660480624955,-1.6967677088575763
2863,2863,2025-12-22 20:30:00+00:00,-1,220523,88299.9,312.94285714285587,2025-12-23 08:30:00+00:00,87565.7,0.141079909613805,2.2050353099607407,2.346115219574546,True,1.5,88769.31428571428,220532.0,2025-12-22 22:45:00+00:00,9.0,2.25,False,0.43326029398338134,5.7285675157491,3.704285309960751,3.704285309960751
2864,2864,2025-12-23 08:30:00+00:00,-1,220571,87565.7,245.52142857142775,2025-12-23 20:30:00+00:00,88174.6,0.17832598260262472,-2.65835391150035,-2.480027928897725,True,1.5,87933.98214285714,220601.0,2025-12-23 16:00:00+00:00,30.0,7.5,False,1.3808076106246143,3.3096180141390477,-1.1591039115003245,-1.1591039115003245
2865,2865,2025-12-23 22:00:00+00:00,-1,220625,87451.5,310.32142857142856,2025-12-24 10:00:00+00:00,87027.8,0.14090470710093222,1.2244537921509862,1.3653584992519183,False,1.5,87916.98214285714,,,,,,,,,
2866,2866,2025-12-24 10:15:00+00:00,-1,220674,86999.8,164.30714285714097,2025-12-24 22:15:00+00:00,87747.8,0.26474746772160457,-4.817197148198116,-4.552449680476512,True,1.5,87246.26071428572,220677.0,2025-12-24 11:00:00+00:00,3.0,0.75,True,2.5180845976611934,5.424357692474967,-3.3179471481981064,-1.7654974677216044
2867,2867,2025-12-25 00:15:00+00:00,1,220730,87572.4,158.00714285714326,2025-12-25 12:15:00+00:00,87530.4,0.2771153202838924,-0.5429260883323525,-0.26581076804846004,True,1.5,87335.38928571428,220762.0,2025-12-25 08:15:00+00:00,32.0,8.0,False,0.7366077482934276,2.635391709235627,0.9578239116676541,0.9578239116676541
2868,2868,2025-12-25 15:45:00+00:00,1,220792,88338.9,203.62857142857163,2025-12-26 03:45:00+00:00,88796.2,0.2169118493054579,2.0288437280763416,2.2457555773817997,True,1.5,88033.45714285714,220796.0,2025-12-25 16:45:00+00:00,4.0,1.0,True,2.1311210888171392,1.2765539497684888,3.5295937280763443,-1.716161849305458
2869,2869,2025-12-26 03:45:00+00:00,1,220840,88796.2,340.1571428571437,2025-12-26 15:45:00+00:00,87100.0,0.13052232161605948,-5.117041157448217,-4.9865188358321575,True,1.5,88285.96428571428,220883.0,2025-12-26 14:30:00+00:00,43.0,10.75,True,2.891205745243757,2.142644156062358,-3.616291157448199,-1.6297723216160596
2870,2870,2025-12-26 15:45:00+00:00,-1,220888,87100.0,339.0428571428565,2025-12-27 03:45:00+00:00,87473.4,0.12844983777862073,-1.229785530695641,-1.1013356929170202,True,1.5,87608.56428571428,220907.0,2025-12-26 20:30:00+00:00,19.0,4.75,False,0.41716175788987225,1.1962035983651342,0.26946446930434836,0.26946446930434836
2871,2871,2025-12-27 10:30:00+00:00,1,220963,87402.8,87.97857142857121,2025-12-27 22:30:00+00:00,87536.6,0.4967277746204445,1.0240971015669755,1.5208248761874201,True,1.5,87270.83214285715,220975.0,2025-12-27 13:30:00+00:00,12.0,3.0,False,0.06856377364623695,7.571933100592606,2.5248471015669223,2.5248471015669223
2872,2872,2025-12-28 01:00:00+00:00,1,221021,87817.8,156.26428571428758,2025-12-28 13:00:00+00:00,87816.7,0.2809912693696543,-0.2880306257713919,-0.007039356401737582,True,1.5,87583.40357142857,221038.0,2025-12-28 05:15:00+00:00,17.0,4.25,False,0.11137267449832759,2.5437445719247878,1.2127193742286115,1.2127193742286115
2873,2873,2025-12-28 18:15:00+00:00,1,221090,87690.9,104.77142857142879,2025-12-29 06:15:00+00:00,89929.0,0.4184867057540215,20.943253136078553,21.361739841832573,True,1.5,87533.74285714285,221092.0,2025-12-28 18:45:00+00:00,2.0,0.5,False,1.2517043905097924,27.103354240523583,22.444003136078596,22.444003136078596
2874,2874,2025-12-29 06:15:00+00:00,1,221138,89929.0,258.04285714285965,2025-12-29 18:15:00+00:00,87677.7,0.1742520622266495,-8.898771798704459,-8.72451973647781,True,1.5,89541.9357142857,221141.0,2025-12-29 07:00:00+00:00,3.0,0.75,True,5.464734540220237,1.0752643525438799,-7.398021798704435,-1.6735020622266494
2875,2875,2025-12-29 23:45:00+00:00,-1,221208,87203.3,143.93571428571366,2025-12-30 11:45:00+00:00,87875.2,0.3029244702496167,-4.970980646121762,-4.668056175872145,True,1.5,87419.20357142857,221226.0,2025-12-30 04:15:00+00:00,18.0,4.5,True,3.948960349362355,2.178775246885997,-3.471730646121758,-1.8036744702496168
2876,2876,2025-12-30 11:45:00+00:00,1,221256,87875.2,178.92142857142713,2025-12-30 23:45:00+00:00,88455.3,0.2455692442812108,2.9966360333746422,3.242205277655853,False,1.5,87606.81785714286,,,,,,,,,
2877,2877,2025-12-30 23:45:00+00:00,-1,221304,88455.3,141.41428571428384,2025-12-31 11:45:00+00:00,88967.6,0.31275234872209734,-3.9354415092434305,-3.6226891605213334,True,1.5,88667.42142857143,221311.0,2025-12-31 01:30:00+00:00,7.0,1.75,True,1.7613395292454193,2.7389130215173028,-2.4361915092434487,-1.8135023487220974
2878,2878,2025-12-31 11:45:00+00:00,1,221352,88967.6,140.13571428571282,2025-12-31 23:45:00+00:00,87608.2,0.3174337122177514,-10.018030072888692,-9.700596360670941,True,1.5,88757.39642857143,221356.0,2025-12-31 12:45:00+00:00,4.0,1.0,True,1.6833426780162501,3.1070136092563625,-8.51728007288866,-1.8166837122177515
2879,2879,2025-12-31 23:45:00+00:00,-1,221400,87608.2,126.99285714285672,2026-01-01 11:45:00+00:00,87980.1,0.3449335733168356,-3.27344473817433,-2.9285111648574946,True,1.5,87798.68928571428,221404.0,2026-01-01 00:45:00+00:00,4.0,1.0,True,1.7537263063164368,0.6597952640756068,-1.7741947381743381,-1.8456835733168355
2880,2880,2026-01-01 12:00:00+00:00,1,221449,87959.8,76.34999999999854,2026-01-02 00:00:00+00:00,88599.9,0.576030124426992,7.807728880157206,8.383759004584197,True,1.5,87845.27500000001,221453.0,2026-01-01 13:00:00+00:00,4.0,1.0,False,1.1378519973806969,13.570726915520696,9.308478880157157,9.308478880157157
2881,2881,2026-01-02 00:00:00+00:00,1,221497,88599.9,167.1357142857118,2026-01-02 12:00:00+00:00,89435.3,0.2650537629813279,4.733279499124017,4.998333262105345,True,1.5,88349.19642857142,221506.0,2026-01-02 02:15:00+00:00,9.0,2.25,False,0.1483610410701185,9.278708491816078,6.234029499124055,6.234029499124055
2882,2882,2026-01-02 12:00:00+00:00,1,221545,89435.3,199.22142857143106,2026-01-03 00:00:00+00:00,89997.9,0.22446204868953862,2.599531354200203,2.8239934028897418,True,1.5,89136.46785714285,221553.0,2026-01-02 14:00:00+00:00,8.0,2.0,True,2.2912588290128895,1.0969309096124311,4.1002813542002245,-1.7237120486895385
2883,2883,2026-01-03 08:15:00+00:00,-1,221626,89694.4,186.50714285714326,2026-01-03 20:15:00+00:00,90089.4,0.240458350886599,-2.358339703573202,-2.1178813526866027,True,1.5,89974.16071428571,221644.0,2026-01-03 12:45:00+00:00,18.0,4.5,False,1.2108881314388769,1.2152924054995728,-0.8590897035731959,-0.8590897035731959
2884,2884,2026-01-03 23:15:00+00:00,1,221686,90598.7,145.29285714285757,2026-01-04 11:15:00+00:00,91331.3,0.3117796076889032,4.7304503711715515,5.042229978860455,False,1.5,90380.76071428572,,,,,,,,,
2885,2885,2026-01-05 02:15:00+00:00,1,221794,92700.0,387.7928571428565,2026-01-05 14:15:00+00:00,92735.3,0.1195225728021221,-0.028494593947423985,0.09102797885469811,True,1.5,92118.31071428572,221811.0,2026-01-05 06:30:00+00:00,17.0,4.25,False,0.042060378331595365,2.7532463944300085,1.4722554060525668,1.4722554060525668
2886,2886,2026-01-05 15:00:00+00:00,1,221845,93390.5,301.52142857142877,2026-01-06 03:00:00+00:00,93727.4,0.15486544429441157,0.9624680785539801,1.1173335228483916,False,1.5,92938.21785714285,,,,,,,,,
2887,2887,2026-01-06 09:15:00+00:00,-1,221918,93431.2,204.45000000000124,2026-01-06 21:15:00+00:00,93488.6,0.22849400831499006,-0.509247248716107,-0.28075324040111704,True,1.5,93737.875,221925.0,2026-01-06 11:00:00+00:00,7.0,1.75,True,2.0157740278796648,1.0143066764490034,0.990002751283898,-1.72924400831499
2888,2888,2026-01-06 22:00:00+00:00,1,221969,93057.0,369.2857142857153,2026-01-07 10:00:00+00:00,91790.0,0.1259959381044484,-3.5569437137330655,-3.430947775628617,True,1.5,92503.07142857142,221982.0,2026-01-07 01:15:00+00:00,13.0,3.25,True,1.768471953578309,1.5622823984526295,-2.0561937137330473,-1.6252459381044484
2889,2889,2026-01-07 10:00:00+00:00,-1,222017,91790.0,209.2285714285733,2026-01-07 22:00:00+00:00,90945.9,0.21935340707360176,3.814990441076055,4.034343848149657,True,1.5,92103.84285714287,222022.0,2026-01-07 11:15:00+00:00,5.0,1.25,False,0.6952068824251976,7.024580090126952,5.3142404410760875,5.3142404410760875
2890,2890,2026-01-07 22:00:00+00:00,-1,222065,90945.9,244.1928571428559,2026-01-08 10:00:00+00:00,89900.1,0.18621736332524153,4.096463187761403,4.282680551086645,True,1.5,91312.18928571428,222067.0,2026-01-07 22:30:00+00:00,2.0,0.5,False,1.4488987041858277,7.060359200865819,5.595713187761416,5.595713187761416
2891,2891,2026-01-08 11:30:00+00:00,-1,222119,90042.4,260.5142857142845,2026-01-08 23:30:00+00:00,91075.5,0.17281662645317036,-4.138434086422503,-3.965617459969333,True,1.5,90433.17142857143,222134.0,2026-01-08 15:15:00+00:00,15.0,3.75,True,1.6691160342180478,0.8175038385610934,-2.639184086422483,-1.6735666264531703
2892,2892,2026-01-08 23:30:00+00:00,1,222167,91075.5,192.57857142857185,2026-01-09 11:30:00+00:00,90477.8,0.2364632246578386,-3.340131486220815,-3.1036682615629765,True,1.5,90786.63214285714,222200.0,2026-01-09 07:45:00+00:00,33.0,8.25,True,1.921979896888074,0.8130076777567623,-1.839381486220799,-1.7357132246578386
2893,2893,2026-01-09 11:30:00+00:00,-1,222215,90477.8,237.2071428571414,2026-01-09 23:30:00+00:00,90644.1,0.19071474600259083,-0.8917897557891111,-0.7010750097865203,True,1.5,90833.61071428572,222223.0,2026-01-09 13:30:00+00:00,8.0,2.0,True,3.652458670842232,4.357418169773313,0.6074602442109174,-1.691464746002591
2894,2894,2026-01-09 23:30:00+00:00,-1,222263,90644.1,197.69999999999814,2026-01-10 11:30:00+00:00,90738.0,0.22924658573596576,-0.7042086494688695,-0.4749620637329037,False,1.5,90940.65000000001,,,,,,,,,
2895,2895,2026-01-12 01:00:00+00:00,1,222461,91491.2,313.33571428571616,2026-01-12 13:00:00+00:00,90517.0,0.14599548635648577,-3.255120796954402,-3.109125310597916,True,1.5,91021.19642857142,222491.0,2026-01-12 08:30:00+00:00,30.0,7.5,True,1.8197620078874406,1.2475551097636413,-1.7543707969543934,-1.6452454863564858
2896,2896,2026-01-12 13:00:00+00:00,-1,222509,90517.0,179.6214285714294,2026-01-13 01:00:00+00:00,91437.3,0.2519660396866414,-5.37551954507495,-5.123553505388309,True,1.5,90786.43214285714,222515.0,2026-01-12 14:30:00+00:00,6.0,1.5,True,1.7457151946554228,3.505885393883958,-3.8762695450749627,-1.7527160396866415
2897,2897,2026-01-13 02:00:00+00:00,-1,222561,91252.3,186.6642857142859,2026-01-13 14:00:00+00:00,91928.7,0.24442892128726107,-3.8680465694715145,-3.6236176481842532,True,1.5,91532.29642857143,222570.0,2026-01-13 04:15:00+00:00,9.0,2.25,True,3.694887689894013,1.1571384839092034,-2.3687965694715447,-1.745178921287261
2898,2898,2026-01-13 15:30:00+00:00,1,222615,92888.3,363.3142857142863,2026-01-14 03:30:00+00:00,95499.9,0.1278346374646113,7.060432113085841,7.188266750550452,False,1.5,92343.32857142857,,,,,,,,,
2899,2899,2026-01-14 15:00:00+00:00,1,222709,96900.0,377.4857142857155,2026-01-15 03:00:00+00:00,96234.9,0.12834922797456816,-1.8902702089010084,-1.7619209809264402,True,1.5,96333.77142857143,222711.0,2026-01-14 15:30:00+00:00,2.0,0.5,False,0.7692249470178842,4.234143203148646,-0.389520208901022,-0.389520208901022
2900,2900,2026-01-15 04:00:00+00:00,-1,222761,96032.7,277.9357142857116,2026-01-15 16:00:00+00:00,96330.1,0.17276063323995955,-1.2427922438385468,-1.0700316105985872,True,1.5,96449.60357142857,222765.0,2026-01-15 05:00:00+00:00,4.0,1.0,True,2.2141682300635117,1.1736655444476058,0.2564577561614664,-1.6735106332399594
2901,2901,2026-01-15 19:45:00+00:00,-1,222824,95469.2,397.4071428571427,2026-01-16 07:45:00+00:00,95608.4,0.12011510325862292,-0.47038560670056984,-0.35027050344194693,False,1.5,96065.3107142857,,,,,,,,,
2902,2902,2026-01-16 15:30:00+00:00,-1,222903,94489.4,319.44285714285695,2026-01-17 03:30:00+00:00,95297.0,0.1478971870667681,-2.6760488797460065,-2.5281516926792382,True,1.5,94968.56428571428,222912.0,2026-01-16 17:45:00+00:00,9.0,2.25,True,1.7494074504718007,1.0598586825276013,-1.1767988797460012,-1.648647187066768
2903,2903,2026-01-19 00:00:00+00:00,-1,223129,92399.1,354.95000000000226,2026-01-19 12:00:00+00:00,92997.3,0.13015790956472661,-1.8154656993942613,-1.6853077898295346,True,1.5,92931.52500000001,223131.0,2026-01-19 00:30:00+00:00,2.0,0.5,False,1.0741653754049634,2.1350190167629437,-0.31621569939426253,-0.31621569939426253
2904,2904,2026-01-19 13:45:00+00:00,1,223184,92993.0,154.20714285714453,2026-01-20 01:45:00+00:00,92688.7,0.30151975543100323,-2.2748395015980303,-1.9733197461670269,True,1.5,92761.68928571428,223185.0,2026-01-19 14:00:00+00:00,1.0,0.25,True,1.6042660614201016,4.003126592246037,-0.7740895015980168,-1.8007697554310034
2905,2905,2026-01-20 01:45:00+00:00,-1,223232,92688.7,270.2571428571391,2026-01-20 13:45:00+00:00,90918.9,0.17148242414631804,6.377095649645939,6.548578073792257,False,1.5,93094.0857142857,,,,,,,,,
2906,2906,2026-01-20 16:45:00+00:00,-1,223292,90131.9,444.37857142856853,2026-01-21 04:45:00+00:00,89400.4,0.10141341841737324,1.5447055599312143,1.6461189783485874,False,1.5,90798.46785714285,,,,,,,,,
2907,2907,2026-01-21 06:45:00+00:00,1,223348,89618.4,201.67142857142815,2026-01-21 18:45:00+00:00,88441.1,0.22218913366862691,-6.059902528865861,-5.837713395197234,True,1.5,89315.89285714286,223351.0,2026-01-21 07:30:00+00:00,3.0,0.75,True,1.9486788977828378,1.3378550683572983,-4.5591525288658765,-1.721439133668627
2908,2908,2026-01-21 18:45:00+00:00,-1,223396,88441.1,610.3285714285697,2026-01-22 06:45:00+00:00,90122.9,0.07245367834655826,-2.828018596540494,-2.7555649181939357,True,1.5,89356.59285714287,223398.0,2026-01-21 19:15:00+00:00,2.0,0.5,True,1.7548042038246365,1.6908807902066911,-1.3287685965404838,-1.5732036783465584
2909,2909,2026-01-22 15:30:00+00:00,-1,223479,89113.1,365.4642857142847,2026-01-23 03:30:00+00:00,89850.0,0.12191765855565362,-2.138256952995202,-2.016339294439548,True,1.5,89661.29642857143,223490.0,2026-01-22 18:15:00+00:00,11.0,2.75,False,0.7869539724420922,1.6316134076028512,-0.6390069529952201,-0.6390069529952201
2910,2910,2026-01-23 03:45:00+00:00,1,223528,89886.1,147.19999999999916,2026-01-23 15:45:00+00:00,89711.2,0.3053196331521757,-1.4934989809783288,-1.188179347826153,True,1.5,89665.3,223534.0,2026-01-23 05:15:00+00:00,6.0,1.5,True,1.5686141304348509,1.2180706521739397,0.007251019021699612,-1.8045696331521757
2911,2911,2026-01-23 16:00:00+00:00,1,223577,89709.7,380.5928571428563,2026-01-24 04:00:00+00:00,89770.1,0.11785520710170248,0.040844565809005265,0.15869977291070775,False,1.5,89138.81071428572,,,,,,,,,
2912,2912,2026-01-24 15:00:00+00:00,-1,223669,89420.3,77.27857142857205,2026-01-25 03:00:00+00:00,89110.0,0.578558184675104,3.4367851927165276,4.015343377391631,False,1.5,89536.21785714287,,,,,,,,,
2913,2913,2026-01-25 09:15:00+00:00,-1,223742,88416.3,166.39285714285714,2026-01-25 21:15:00+00:00,86928.0,0.26568538312942697,8.678809143593064,8.94449452672249,True,1.5,88665.8892857143,223751.0,2026-01-25 11:30:00+00:00,9.0,2.25,True,1.6900407812835299,1.5979609358231806,10.178059143593089,-1.7664353831294268
2914,2914,2026-01-25 21:15:00+00:00,-1,223790,86928.0,464.52857142857204,2026-01-26 09:15:00+00:00,87760.1,0.09356582710582144,-1.8848442353230719,-1.7912784082172504,True,1.5,87624.79285714286,223806.0,2026-01-26 01:15:00+00:00,16.0,4.0,True,1.5988406064519933,1.2836516283790145,-0.3855942353230595,-1.5943158271058215
2915,2915,2026-01-26 09:15:00+00:00,1,223838,87760.1,242.37857142856956,2026-01-26 21:15:00+00:00,87896.8,0.18103931276338808,0.38295443963102854,0.5639937523944166,True,1.5,87396.53214285715,223863.0,2026-01-26 15:30:00+00:00,25.0,6.25,True,1.8010343913005384,4.4024843073115045,1.8837044396310436,-1.680289312763388
2916,2916,2026-01-27 00:45:00+00:00,1,223900,88319.4,207.6428571428613,2026-01-27 12:45:00+00:00,87952.2,0.21267141382868512,-1.9810924664602148,-1.7684210526315296,True,1.5,88007.9357142857,223933.0,2026-01-27 09:00:00+00:00,33.0,8.25,False,1.448813209494219,0.624458204334429,-0.48034246646022466,-0.48034246646022466
2917,2917,2026-01-27 12:45:00+00:00,-1,223948,87952.2,132.73571428571555,2026-01-28 00:45:00+00:00,89429.2,0.33130570951945015,-11.458680191572833,-11.127374482053384,True,1.5,88151.30357142857,223953.0,2026-01-27 14:00:00+00:00,5.0,1.25,True,2.01525587902927,1.8005973201312169,-9.959430191572872,-1.83205570951945
2918,2918,2026-01-28 00:45:00+00:00,1,223996,89429.2,215.54285714285547,2026-01-28 12:45:00+00:00,89955.0,0.20745108695652334,2.23197097030756,2.4394220572640832,True,1.5,89105.88571428572,224003.0,2026-01-28 02:30:00+00:00,7.0,1.75,False,1.4840933191940808,4.792616648992579,3.7327209703075503,3.7327209703075503
2919,2919,2026-01-28 13:00:00+00:00,1,224045,90130.1,263.8571428571439,2026-01-29 01:00:00+00:00,89069.0,0.17079336762317204,-4.192287682728754,-4.021494315105582,True,1.5,89734.3142857143,224051.0,2026-01-28 14:30:00+00:00,6.0,1.5,True,2.5935029778018683,1.3965349214942828,-2.6915376827287765,-1.670043367623172
2920,2920,2026-01-29 02:45:00+00:00,-1,224100,87857.9,279.6571428571437,2026-01-29 14:45:00+00:00,86978.7,0.15708145177768648,2.986768159991807,3.1438496117694936,True,1.5,88277.38571428572,224108.0,2026-01-29 04:45:00+00:00,8.0,2.0,False,0.6572844299141622,4.760420923579865,4.48601815999183,4.48601815999183
2921,2921,2026-01-29 15:00:00+00:00,-1,224149,85301.1,342.0928571428553,2026-01-30 03:00:00+00:00,82352.6,0.12467535965590029,8.494329505355736,8.619004865011636,False,1.5,85814.23928571428,,,,,,,,,
2922,2922,2026-01-30 03:00:00+00:00,1,224197,82352.6,650.2571428571401,2026-01-30 15:00:00+00:00,83273.0,0.06332310294828447,1.3521169427479207,1.415440045696205,False,1.5,81377.21428571429,,,,,,,,,
2923,2923,2026-01-30 15:00:00+00:00,1,224245,83273.0,455.85714285714283,2026-01-31 03:00:00+00:00,84138.4,0.09133672829833908,1.807065026637405,1.8984017549357441,True,1.5,82589.21428571429,224246.0,2026-01-30 15:15:00+00:00,1.0,0.25,True,1.6610780319649106,2.0703541209652054,3.307815026637396,-1.590586728298339
2924,2924,2026-01-31 03:00:00+00:00,1,224293,84138.4,165.1357142857149,2026-01-31 15:00:00+00:00,81230.1,0.2547553094857034,-17.866330204593485,-17.611574895107783,True,1.5,83890.69642857142,224301.0,2026-01-31 05:00:00+00:00,8.0,2.0,True,1.7603486309960934,1.0064665426705421,-16.365580204593478,-1.7540053094857035
2925,2925,2026-01-31 15:00:00+00:00,-1,224341,81230.1,442.72857142857225,2026-02-01 03:00:00+00:00,78831.8,0.09173803684940773,5.3253507953922075,5.417088832241615,True,1.5,81894.19285714286,224346.0,2026-01-31 16:15:00+00:00,5.0,1.25,False,0.6907327933916266,14.442693039914788,6.824600795392193,6.824600795392193
2926,2926,2026-02-01 03:45:00+00:00,1,224392,78826.3,356.7857142857143,2026-02-01 15:45:00+00:00,77563.8,0.11046728728728729,-3.6490058258258258,-3.5385385385385386,True,1.5,78291.12142857144,224404.0,2026-02-01 06:45:00+00:00,12.0,3.0,True,3.040540540540558,2.530590590590565,-2.148255825825843,-1.6097172872872874
2927,2927,2026-02-01 15:45:00+00:00,1,224440,77563.8,487.87857142857166,2026-02-02 03:45:00+00:00,76256.2,0.07949088619826358,-2.7596659883167756,-2.680175102118512,True,1.5,76831.98214285714,224458.0,2026-02-01 20:15:00+00:00,18.0,4.5,True,2.434995534603168,1.889031228496559,-1.2589159883167746,-1.5787408861982635
2928,2928,2026-02-02 03:45:00+00:00,-1,224488,76256.2,747.2642857142865,2026-02-02 15:45:00+00:00,78800.6,0.0510235812535247,-3.455976887121604,-3.404953305868079,True,1.5,77377.09642857143,224511.0,2026-02-02 09:30:00+00:00,23.0,5.75,True,1.9516569964728459,0.2749983272317043,-1.956726887121601,-1.5517735812535247
2929,2929,2026-02-02 15:45:00+00:00,1,224536,78800.6,589.7928571428575,2026-02-03 03:45:00+00:00,78710.7,0.06680362354821906,-0.21923002022503313,-0.15242639667681407,True,1.5,77915.91071428572,224556.0,2026-02-02 20:45:00+00:00,20.0,5.0,False,0.5924295454820871,2.1144530161921065,1.2815199797749581,1.2815199797749581
2930,2930,2026-02-03 05:00:00+00:00,1,224589,78468.0,388.8142857142853,2026-02-03 17:00:00+00:00,75670.2,0.10090678619980172,-7.296630047396863,-7.195723261197061,True,1.5,77884.77857142857,224627.0,2026-02-03 14:30:00+00:00,38.0,9.5,True,1.9381452768490368,1.2873020538634041,-5.79588004739686,-1.6001567861998016
2931,2931,2026-02-03 17:00:00+00:00,-1,224637,75670.2,645.3285714285729,2026-02-04 05:00:00+00:00,76446.7,0.05862920328514807,-1.261892214375841,-1.203263011090693,True,1.5,76638.19285714286,224652.0,2026-02-03 20:45:00+00:00,15.0,3.75,False,0.4870497863768156,1.9538773160958902,0.23735778562416127,0.23735778562416127
2932,2932,2026-02-04 05:00:00+00:00,1,224685,76446.7,333.75714285714224,2026-02-04 17:00:00+00:00,73570.0,0.11452444035440675,-8.733665817746015,-8.619141377391609,True,1.5,75946.06428571428,224703.0,2026-02-04 09:30:00+00:00,18.0,4.5,True,2.1784231477121847,1.0871249411462551,-7.232915817746008,-1.6137744403544068
2933,2933,2026-02-04 17:00:00+00:00,-1,224733,73570.0,880.7071428571414,2026-02-05 05:00:00+00:00,70814.7,0.0417675731352242,3.0867411738943624,3.1285087470295867,False,1.5,74891.06071428572,,,,,,,,,
2934,2934,2026-02-05 05:45:00+00:00,1,224784,70694.9,636.6071428571407,2026-02-05 17:45:00+00:00,66153.9,0.055524746143057684,-7.188652375876602,-7.133127629733544,True,1.5,69739.98928571428,224810.0,2026-02-05 12:15:00+00:00,26.0,6.5,True,2.829357643758768,1.7414361851332574,-5.687902375876603,-1.5547747461430577
2935,2935,2026-02-05 18:00:00+00:00,-1,224833,66416.8,1171.9928571428577,2026-02-06 06:00:00+00:00,66139.3,0.028334984976748995,0.2084412021038645,0.2367761870806135,False,1.5,68174.78928571429,,,,,,,,,
2936,2936,2026-02-06 06:45:00+00:00,-1,224884,64947.6,617.6571428571411,2026-02-06 18:45:00+00:00,69728.7,0.05257577019150722,-7.79327796280879,-7.740702192617283,True,1.5,65874.08571428571,224895.0,2026-02-06 09:30:00+00:00,11.0,2.75,True,1.904639652141741,0.6056526968267182,-6.294027962808785,-1.5533257701915073
2937,2937,2026-02-06 18:45:00+00:00,1,224932,69728.7,776.0857142857151,2026-02-07 06:45:00+00:00,68733.6,0.04492332400692114,-1.3271270570260891,-1.282203733019168,False,1.5,68564.57142857142,,,,,,,,,
2938,2938,2026-02-07 06:45:00+00:00,1,224980,68733.6,501.05714285714305,2026-02-07 18:45:00+00:00,69475.0,0.06858858413639732,1.411082967440257,1.4796715515766543,True,1.5,67982.0142857143,224981.0,2026-02-07 07:00:00+00:00,1.0,0.25,False,1.46093972743344,4.027456235388021,2.9118329674402537,2.9118329674402537
2939,2939,2026-02-08 08:15:00+00:00,-1,225082,70168.0,244.46428571428675,2026-02-08 20:15:00+00:00,70988.7,0.1435138056975889,-3.500650401753078,-3.357136596055489,True,1.5,70534.69642857143,225083.0,2026-02-08 08:30:00+00:00,1.0,0.25,True,1.547888970051124,2.8453907962015967,-2.0014004017530587,-1.644263805697589
2940,2940,2026-02-08 23:00:00+00:00,-1,225141,71320.9,373.1285714285706,2026-02-09 11:00:00+00:00,68578.8,0.09557148053141412,7.253369903135641,7.348941383667055,False,1.5,71880.59285714285,,,,,,,,,
2941,2941,2026-02-09 12:15:00+00:00,-1,225194,69008.0,377.1857142857137,2026-02-10 00:15:00+00:00,69955.8,0.09147748361928583,-2.60429799643981,-2.5128205128205243,True,1.5,69573.77857142857,225203.0,2026-02-09 14:30:00+00:00,9.0,2.25,True,2.162651971366895,2.961083967730959,-1.105047996439809,-1.5922274836192858
2942,2942,2026-02-10 07:15:00+00:00,-1,225270,69045.1,301.83571428571406,2026-02-10 19:15:00+00:00,68898.2,0.11437529876706827,0.372313297205226,0.48668859597229425,True,1.5,69497.85357142858,225298.0,2026-02-10 14:15:00+00:00,28.0,7.0,True,1.5241616773551758,5.350107674468177,1.871563297205245,-1.6151252987670683
2943,2943,2026-02-11 04:45:00+00:00,-1,225356,67548.8,317.19285714285587,2026-02-11 16:45:00+00:00,66008.0,0.10647906861530883,4.751133469948459,4.857612538563768,True,1.5,68024.58928571429,225393.0,2026-02-11 14:00:00+00:00,37.0,9.25,True,2.5111243722836645,1.9438939806787428,6.25038346994847,-1.6072290686153088
2944,2944,2026-02-11 17:15:00+00:00,-1,225406,66625.9,788.1571428571426,2026-02-12 05:15:00+00:00,66850.0,0.0422668884015153,-0.32660104946440005,-0.2843341610628847,True,1.5,67808.1357142857,225415.0,2026-02-11 19:30:00+00:00,9.0,2.25,False,0.6431005419514041,1.4821101665730025,1.1726489505355917,1.1726489505355917
2945,2945,2026-02-12 12:00:00+00:00,1,225481,67988.7,267.0357142857143,2026-02-13 00:00:00+00:00,66343.6,0.1273026347465561,-6.287901805536947,-6.160599170790391,True,1.5,67588.14642857143,225491.0,2026-02-12 14:30:00+00:00,10.0,2.5,True,2.359783335562404,2.4785207971111283,-4.787151805536971,-1.6265526347465562
2946,2946,2026-02-13 03:00:00+00:00,1,225541,66481.5,260.0428571428586,2026-02-13 15:00:00+00:00,68341.8,0.12782796791737552,7.0259928308520285,7.153820798769404,True,1.5,66091.43571428572,225554.0,2026-02-13 06:15:00+00:00,13.0,3.25,False,0.48928748008572615,9.572900071416738,8.526742830852001,8.526742830852001
2947,2947,2026-02-13 15:00:00+00:00,1,225589,68341.8,376.9928571428557,2026-02-14 03:00:00+00:00,68877.8,0.09064070937304645,1.3311368915667268,1.4217776009397731,False,1.5,67776.31071428572,,,,,,,,,
2948,2948,2026-02-14 08:00:00+00:00,-1,225657,69524.8,142.6142857142851,2026-02-14 20:00:00+00:00,69795.4,0.24375117700090257,-2.1411768005609018,-1.897425623559999,True,1.5,69738.72142857143,225660.0,2026-02-14 08:45:00+00:00,3.0,0.75,True,3.0682660522889216,1.447410598016617,-0.6419268005609127,-1.7445011770009025
2949,2949,2026-02-15 06:00:00+00:00,1,225745,70201.5,257.221428571429,2026-02-15 18:00:00+00:00,68656.9,0.13646122018272172,-6.141404154286203,-6.0049429341034815,True,1.5,69815.66785714286,225772.0,2026-02-15 12:45:00+00:00,27.0,6.75,True,2.136555496931493,1.5971925245063723,-4.640654154286231,-1.6357112201827217
2950,2950,2026-02-15 20:45:00+00:00,-1,225804,68420.1,313.7999999999998,2026-02-16 08:45:00+00:00,68724.5,0.10901864244741882,-1.07906325685148,-0.9700446144040612,True,1.5,68890.8,225807.0,2026-02-15 21:30:00+00:00,3.0,0.75,False,0.5047801147227351,2.481198215423857,0.4201867431485118,0.4201867431485118
2951,2951,2026-02-16 13:30:00+00:00,-1,225871,68393.1,429.00714285714224,2026-02-17 01:30:00+00:00,68820.5,0.07971091057424963,-1.0759647192021324,-0.9962538086278828,False,1.5,69036.61071428572,,,,,,,,,
2952,2952,2026-02-17 01:45:00+00:00,1,225920,68582.6,204.2714285714267,2026-02-17 13:45:00+00:00,68105.3,0.16787124973774548,-2.504468214560496,-2.3365969648227507,True,1.5,68276.19285714287,225931.0,2026-02-17 04:30:00+00:00,11.0,2.75,True,1.8768795020631597,1.428526470382482,-1.003718214560529,-1.6671212497377454
2953,2953,2026-02-17 13:45:00+00:00,-1,225968,68105.3,253.3000000000029,2026-02-18 01:45:00+00:00,67137.2,0.1344360442163427,3.6875142123963487,3.8219502566126913,False,1.5,68485.25,,,,,,,,,
2954,2954,2026-02-18 01:45:00+00:00,-1,226016,67137.2,183.23571428571555,2026-02-18 13:45:00+00:00,67202.2,0.18319900206603387,-0.5379333411296887,-0.3547343390636548,True,1.5,67412.05357142857,226021.0,2026-02-18 03:00:00+00:00,5.0,1.25,True,1.5032354890266482,0.6404514091918848,0.9613166588702828,-1.683949002066034
2955,2955,2026-02-18 13:45:00+00:00,-1,226064,67202.2,263.92857142857144,2026-02-19 01:45:00+00:00,66830.3,0.1273113396481732,1.2817820297699374,1.4090933694181105,True,1.5,67598.09285714285,226071.0,2026-02-18 15:30:00+00:00,7.0,1.75,True,2.7958592692828335,1.2855480378890092,2.7810320297699294,-1.6280613396481731
2956,2956,2026-02-19 01:45:00+00:00,-1,226112,66830.3,175.1428571428582,2026-02-19 13:45:00+00:00,65871.2,0.19078796900489284,5.285313172920067,5.47610114192496,True,1.5,67093.0142857143,226130.0,2026-02-19 06:15:00+00:00,18.0,4.5,False,1.1783849918433125,7.858238172920076,6.784563172920082,6.784563172920082
2957,2957,2026-02-19 13:45:00+00:00,-1,226160,65871.2,223.6499999999973,2026-02-20 01:45:00+00:00,67249.2,0.14726402861614307,-6.3086769505925195,-6.1614129219763765,True,1.5,66206.67499999999,226163.0,2026-02-19 14:30:00+00:00,3.0,0.75,True,1.917393248379239,2.7318354571875636,-4.809426950592541,-1.648014028616143
2958,2958,2026-02-20 03:15:00+00:00,1,226214,67383.3,164.89285714285714,2026-02-20 15:15:00+00:00,67421.1,0.20432449642625083,0.024915269655638173,0.229239766081889,True,1.5,67135.96071428571,226218.0,2026-02-20 04:15:00+00:00,4.0,1.0,True,4.414143383149188,6.960515486246471,1.5256652696556634,-1.703574496426251
2959,2959,2026-02-20 15:15:00+00:00,-1,226262,67421.1,472.00714285714224,2026-02-21 03:15:00+00:00,67767.2,0.07141957597493995,-0.8046711914165774,-0.7332516154416374,True,1.5,68129.11071428572,226293.0,2026-02-20 23:00:00+00:00,31.0,7.75,False,0.19255913197437946,1.0497949486236637,0.6945788085834281,0.6945788085834281
2960,2960,2026-02-21 09:00:00+00:00,1,226333,67960.0,77.91428571428592,2026-02-21 21:00:00+00:00,68258.4,0.436120278694535,3.39372937293721,3.829849651631745,False,1.5,67843.12857142858,,,,,,,,,
2961,2961,2026-02-22 14:15:00+00:00,-1,226450,67595.6,146.67857142857142,2026-02-23 02:15:00+00:00,64715.4,0.23042084246408573,19.40571258826397,19.636133430728055,False,1.5,67815.61785714286,,,,,,,,,
2962,2962,2026-02-23 02:15:00+00:00,-1,226498,64715.4,432.44285714285587,2026-02-23 14:15:00+00:00,66052.0,0.07482537742393733,-3.1656383667536643,-3.090812989329727,True,1.5,65364.06428571429,226514.0,2026-02-23 06:15:00+00:00,16.0,4.0,True,2.164299164216577,0.29683525486440554,-1.6663883667536574,-1.5755753774239374
2963,2963,2026-02-23 14:15:00+00:00,1,226546,66052.0,226.95000000000022,2026-02-24 02:15:00+00:00,64289.9,0.14552103987662468,-7.909786296541075,-7.76426525666445,True,1.5,65711.575,226547.0,2026-02-23 14:30:00+00:00,1.0,0.25,True,2.4524124256444,2.3301387970918555,-6.409036296541062,-1.6447710398766247
2964,2964,2026-02-24 04:30:00+00:00,-1,226603,63304.9,442.7500000000005,2026-02-24 16:30:00+00:00,64009.5,0.07149057029926588,-1.6629078486730609,-1.591417278373795,True,1.5,63969.025,226648.0,2026-02-24 15:45:00+00:00,45.0,11.25,False,0.9463015245623897,0.6871259175606961,-0.1636578486730626,-0.1636578486730626
2965,2965,2026-02-24 17:30:00+00:00,1,226655,64068.8,396.1428571428566,2026-02-25 05:30:00+00:00,64809.9,0.0808657771366752,1.789923981247745,1.8707897583844202,False,1.5,63474.58571428572,,,,,,,,,
2966,2966,2026-02-25 05:45:00+00:00,-1,226704,64847.9,268.2785714285705,2026-02-25 17:45:00+00:00,68625.6,0.12085926142868597,-14.202118080886137,-14.081258819457451,True,1.5,65250.31785714286,226715.0,2026-02-25 08:30:00+00:00,11.0,2.75,True,1.579634708059344,0.3538033493969477,-12.702868080886136,-1.6216092614286859
2967,2967,2026-02-25 17:45:00+00:00,1,226752,68625.6,460.3714285714294,2026-02-26 05:45:00+00:00,68408.2,0.07453286166449438,-0.546760255694178,-0.47222739402968356,True,1.5,67935.04285714286,226775.0,2026-02-25 23:30:00+00:00,23.0,5.75,False,0.8211692422267863,1.9874325079128472,0.9539897443058174,0.9539897443058174
2968,2968,2026-02-26 06:00:00+00:00,-1,226801,68424.8,256.192857142859,2026-02-26 18:00:00+00:00,66742.9,0.1335415841860196,6.431434577745548,6.564976161931567,False,1.5,68809.08928571429,,,,,,,,,
2969,2969,2026-02-26 18:00:00+00:00,-1,226849,66742.9,455.49285714285986,2026-02-27 06:00:00+00:00,67620.2,0.07326448587871805,-1.9993100566105733,-1.9260455707318551,True,1.5,67426.13928571428,226853.0,2026-02-26 19:00:00+00:00,4.0,1.0,True,1.6743637190484533,1.2833116404522205,-0.500060056610586,-1.5740144858787182
2970,2970,2026-02-27 11:00:00+00:00,-1,226917,66671.9,305.83571428571616,2026-02-27 23:00:00+00:00,65702.9,0.10899953289581173,3.0593681715206387,3.1683677044164504,False,1.5,67130.65357142857,,,,,,,,,
2971,2971,2026-02-27 23:15:00+00:00,-1,226966,65855.0,223.94999999999916,2026-02-28 11:15:00+00:00,64211.7,0.14703058718464,7.190768028577848,7.3377986157624875,False,1.5,66190.925,,,,,,,,,
2972,2972,2026-02-28 11:15:00+00:00,1,227014,64211.7,295.8785714285706,2026-02-28 23:15:00+00:00,66871.6,0.10851022378871672,8.881326340438942,8.989836564227659,True,1.5,63767.88214285714,227016.0,2026-02-28 11:45:00+00:00,2.0,0.5,False,0.1077541462472416,13.407925548608311,10.38207634043895,10.38207634043895
2973,2973,2026-02-28 23:15:00+00:00,1,227062,66871.6,439.84999999999957,2026-03-01 11:15:00+00:00,66523.1,0.07601636921677853,-0.8683319313402306,-0.792315562123452,True,1.5,66211.82500000001,227069.0,2026-03-01 01:00:00+00:00,7.0,1.75,False,0.9090030692281733,4.495111969989747,0.6324180686597577,0.6324180686597577
2974,2974,2026-03-01 13:45:00+00:00,-1,227120,66907.1,253.4357142857147,2026-03-02 01:45:00+00:00,66500.0,0.13200014092049248,1.4743243707900207,1.6063245117105132,False,1.5,67287.25357142858,,,,,,,,,
2975,2975,2026-03-02 03:30:00+00:00,1,227175,66850.2,408.8714285714294,2026-03-02 15:30:00+00:00,69472.5,0.08174965934104313,6.331757905034759,6.413507564375802,True,1.5,66236.89285714286,227186.0,2026-03-02 06:15:00+00:00,11.0,2.75,True,1.6630970266587528,0.9017679326368925,7.8325079050347535,-1.5809996593410431
2976,2976,2026-03-02 15:30:00+00:00,1,227223,69472.5,545.8857142857117,2026-03-03 03:30:00+00:00,68384.2,0.06363282476708916,-2.057273565895545,-1.993640741128456,True,1.5,68653.67142857143,227237.0,2026-03-02 19:00:00+00:00,14.0,3.5,False,0.9371401653930593,1.5503768449701782,-0.5565235658955335,-0.5565235658955335
2977,2977,2026-03-03 05:30:00+00:00,-1,227279,68050.1,238.0785714285708,2026-03-03 17:30:00+00:00,68108.2,0.14291521406498492,-0.3869522966607306,-0.2440370825957457,True,1.5,68407.21785714287,227321.0,2026-03-03 16:00:00+00:00,42.0,10.5,True,2.376031322192495,3.3065464582521265,1.1122977033392891,-1.643665214064985
2978,2978,2026-03-03 17:30:00+00:00,1,227327,68108.2,713.6785714285683,2026-03-04 05:30:00+00:00,68172.9,0.04771629885402613,0.042940759645694965,0.0906570584997211,False,1.5,67037.68214285714,,,,,,,,,
2979,2979,2026-03-04 07:45:00+00:00,1,227384,69464.5,353.4285714285735,2026-03-04 19:45:00+00:00,73580.2,0.09827233225545617,11.546796382376641,11.645068714632098,False,1.5,68934.35714285714,,,,,,,,,
2980,2980,2026-03-05 10:15:00+00:00,-1,227490,73122.3,358.67857142857036,2026-03-05 22:15:00+00:00,71116.9,0.10193290849347836,5.489145454545495,5.5910783630389735,False,1.5,73660.31785714286,,,,,,,,,
2981,2981,2026-03-06 06:15:00+00:00,-1,227570,70389.1,270.8642857142882,2026-03-06 18:15:00+00:00,68254.2,0.12993425806281364,7.751872656311767,7.881806914374581,True,1.5,70795.39642857143,227572.0,2026-03-06 06:45:00+00:00,2.0,0.5,False,1.3756098204161034,11.382439809076661,9.251122656311743,9.251122656311743
2982,2982,2026-03-06 18:15:00+00:00,-1,227618,68254.2,379.94285714285485,2026-03-07 06:15:00+00:00,67841.0,0.08982166491201739,0.9977102947811685,1.0875319596931858,False,1.5,68824.11428571428,,,,,,,,,
2983,2983,2026-03-07 07:00:00+00:00,1,227669,67602.6,180.64999999999833,2026-03-07 19:00:00+00:00,67472.9,0.18710932742873135,-0.9050722391365246,-0.7179629117077932,False,1.5,67331.62500000001,,,,,,,,,
2984,2984,2026-03-07 19:45:00+00:00,1,227720,67042.6,172.1214285714294,2026-03-08 07:45:00+00:00,67277.2,0.19475378677843624,1.1682374569447918,1.3629912437232279,True,1.5,66784.41785714286,227748.0,2026-03-08 02:45:00+00:00,28.0,7.0,True,1.6059467983566729,3.391106776777171,2.66898745694478,-1.6940037867784363
2985,2985,2026-03-08 08:30:00+00:00,-1,227771,67456.1,162.70714285714243,2026-03-08 20:30:00+00:00,67309.8,0.20729298915667996,0.6918685192502063,0.8991615084068862,True,1.5,67700.16071428572,227773.0,2026-03-08 09:00:00+00:00,2.0,0.5,True,2.897471355195554,1.6438166732517652,2.1911185192502383,-1.70804298915668
2986,2986,2026-03-08 20:45:00+00:00,-1,227820,67195.7,233.94285714285692,2026-03-09 08:45:00+00:00,67772.4,0.14361562652662446,-2.6087475268685782,-2.465131900341954,True,1.5,67546.61428571428,227846.0,2026-03-09 03:15:00+00:00,26.0,6.5,True,1.7559233023937308,2.286089399120647,-1.1094975268685714,-1.6443656265266244
2987,2987,2026-03-09 09:45:00+00:00,1,227872,67946.5,306.41428571428594,2026-03-09 21:45:00+00:00,68882.7,0.11087358385006287,2.944466991468122,3.055340575318185,True,1.5,67486.87857142858,227878.0,2026-03-09 11:15:00+00:00,6.0,1.5,False,0.6066250174833497,6.563406219404145,4.4452169914681035,4.4452169914681035
2988,2988,2026-03-10 02:45:00+00:00,1,227940,70242.0,351.14999999999935,2026-03-10 14:45:00+00:00,71435.7,0.10001708671507922,3.2993848782571527,3.399401964972232,True,1.5,69715.275,227944.0,2026-03-10 03:45:00+00:00,4.0,1.0,True,1.5106791969243691,4.434358536238083,4.800134878257173,-1.5992670867150791
2989,2989,2026-03-10 16:00:00+00:00,1,227993,71099.9,603.3428571428574,2026-03-11 04:00:00+00:00,69612.4,0.05892163896386794,-2.524352334611923,-2.465430695648055,True,1.5,70194.8857142857,228002.0,2026-03-10 18:15:00+00:00,9.0,2.25,False,1.337358526305798,0.585263058199576,-1.0236023346119119,-1.0236023346119119
2990,2990,2026-03-11 16:00:00+00:00,1,228089,70408.8,587.8785714285706,2026-03-12 04:00:00+00:00,69545.9,0.05988379524440187,-1.5277039233077943,-1.4678201280633925,True,1.5,69526.98214285714,228130.0,2026-03-12 02:15:00+00:00,41.0,10.25,False,0.5902275737214969,0.4438295080373613,-0.026953923307790846,-0.026953923307790846
2991,2991,2026-03-12 04:00:00+00:00,-1,228137,69545.9,229.43571428571158,2026-03-12 16:00:00+00:00,70080.5,0.15155857538682035,-2.4816230192086723,-2.330064443821852,True,1.5,69890.05357142857,228154.0,2026-03-12 08:15:00+00:00,17.0,4.25,True,1.8181407801749994,1.5217925967435795,-0.9823730192086562,-1.6523085753868203
2992,2992,2026-03-12 17:30:00+00:00,1,228191,70328.4,437.01428571428863,2026-03-13 05:30:00+00:00,71563.8,0.08046464646464593,2.74644522898892,2.8269098754535658,False,1.5,69672.87857142856,,,,,,,,,
2993,2993,2026-03-13 14:00:00+00:00,1,228273,73468.4,317.92857142857144,2026-03-14 02:00:00+00:00,70816.0,0.11554230509997754,-8.45829674230508,-8.342754437205103,True,1.5,72991.50714285714,228275.0,2026-03-13 14:30:00+00:00,2.0,0.5,True,2.0857110761626667,2.763176814199068,-6.957546742305088,-1.6147923050999775
2994,2994,2026-03-14 03:15:00+00:00,-1,228326,71000.4,178.00000000000207,2026-03-14 15:15:00+00:00,70630.1,0.1994393258426943,1.8808977528089013,2.0803370786515956,True,1.5,71267.4,228331.0,2026-03-14 04:30:00+00:00,5.0,1.25,False,0.02752808988768918,5.682022471910013,3.380147752808884,3.380147752808884
2995,2995,2026-03-15 13:00:00+00:00,1,228461,71414.9,144.79285714285757,2026-03-16 01:00:00+00:00,72288.3,0.24661057668590522,5.7854549356223615,6.032065512308266,False,1.5,71197.71071428571,,,,,,,,,
2996,2996,2026-03-16 01:00:00+00:00,1,228509,72288.3,401.7999999999998,2026-03-16 13:00:00+00:00,73930.5,0.08995557491289204,3.9971524390243847,4.087108013937277,False,1.5,71685.6,,,,,,,,,
2997,2997,2026-03-17 05:15:00+00:00,-1,228622,74364.8,343.59285714285426,2026-03-17 17:15:00+00:00,74244.1,0.10821645219632962,0.24307140926760679,0.3512878614639364,False,1.5,74880.18928571428,,,,,,,,,
2998,2998,2026-03-18 07:45:00+00:00,-1,228728,73840.0,178.44285714285797,2026-03-18 19:45:00+00:00,71030.3,0.20690096869746122,15.538755904250973,15.745656872948434,True,1.5,74107.66428571429,228733.0,2026-03-18 09:00:00+00:00,5.0,1.25,False,0.7763589784644676,18.417460571611496,17.038005904250973,17.038005904250973
2999,2999,2026-03-18 23:00:00+00:00,-1,228789,71121.4,251.82142857142858,2026-03-19 11:00:00+00:00,70101.8,0.14121395546730958,3.9076869096581697,4.048900865125479,True,1.5,71499.13214285714,228806.0,2026-03-19 03:15:00+00:00,17.0,4.25,False,0.3938022975464737,8.25200680754499,5.406936909658178,5.406936909658178
3000,3000,2026-03-19 13:30:00+00:00,-1,228847,69673.4,293.25,2026-03-20 01:30:00+00:00,70540.4,0.11879522591645354,-3.075316965046888,-2.9565217391304346,True,1.5,70113.275,228849.0,2026-03-19 14:00:00+00:00,2.0,0.5,True,1.5352941176470787,4.648849104859315,-1.5760669650468884,-1.6195452259164536
3001,3001,2026-03-20 06:30:00+00:00,1,228915,70427.1,215.14285714285506,2026-03-20 18:30:00+00:00,69659.9,0.16367519920318885,-3.7296778552457743,-3.5660026560425853,True,1.5,70104.38571428572,228943.0,2026-03-20 13:30:00+00:00,28.0,7.0,True,1.6239707835325599,1.7458831341301553,-2.2289278552457406,-1.6629251992031888
3002,3002,2026-03-21 23:45:00+00:00,-1,229080,68881.5,203.20000000000124,2026-03-22 11:45:00+00:00,68177.0,0.1694918799212588,3.2975356791338384,3.467027559055097,True,1.5,69186.3,229090.0,2026-03-22 02:15:00+00:00,10.0,2.5,True,1.6899606299212209,1.2613188976378018,4.796785679133844,-1.6702418799212588
3003,3003,2026-03-22 12:15:00+00:00,-1,229130,68614.7,209.64999999999833,2026-03-23 00:15:00+00:00,67965.5,0.16364106844741366,2.9329484855711994,3.096589554018613,True,1.5,68929.17499999999,229133.0,2026-03-22 13:00:00+00:00,3.0,0.75,False,0.33782494633919485,7.770927736704037,4.4321984855711705,4.4321984855711705
3004,3004,2026-03-23 00:45:00+00:00,-1,229180,67642.5,333.24285714285463,2026-03-23 12:45:00+00:00,70710.0,0.10149129763793106,-9.306489797230748,-9.204998499592817,True,1.5,68142.36428571428,229186.0,2026-03-23 02:15:00+00:00,6.0,1.5,True,1.904424057958608,1.134800874523097,-7.807239797230741,-1.602241297637931
3005,3005,2026-03-23 12:45:00+00:00,1,229228,70710.0,650.1785714285714,2026-03-24 00:45:00+00:00,70650.0,0.05437736885471025,-0.14665970887118923,-0.09228234001647899,False,1.5,69734.73214285714,,,,,,,,,
3006,3006,2026-03-24 06:45:00+00:00,-1,229300,70507.8,176.33571428571304,2026-03-24 18:45:00+00:00,69399.5,0.19992489974480637,6.085245432818953,6.285170332563759,True,1.5,70772.30357142858,229301.0,2026-03-24 07:00:00+00:00,1.0,0.25,True,3.4320695102685397,1.8856280633532259,7.5844954328189935,-1.7006748997448065
3007,3007,2026-03-24 18:45:00+00:00,-1,229348,69399.5,314.2714285714309,2026-03-25 06:45:00+00:00,70962.8,0.11041331424155564,-5.084775785262939,-4.974362471021383,True,1.5,69870.90714285715,229354.0,2026-03-24 20:15:00+00:00,6.0,1.5,True,1.640915496158907,1.5474112459657117,-3.585525785262934,-1.6111633142415556
3008,3008,2026-03-25 06:45:00+00:00,1,229396,70962.8,201.0642857142853,2026-03-25 18:45:00+00:00,70786.8,0.17646793847028353,-1.0518098689118642,-0.8753419304415806,True,1.5,70661.20357142857,229430.0,2026-03-25 15:15:00+00:00,34.0,8.5,False,0.6455824363210488,5.376372162421385,0.4489401310881411,0.4489401310881411
3009,3009,2026-03-25 18:45:00+00:00,-1,229444,70786.8,303.4428571428601,2026-03-26 06:45:00+00:00,70057.5,0.11663942375594256,2.286778494421154,2.4034179181770967,True,1.5,71241.96428571429,229459.0,2026-03-25 22:30:00+00:00,15.0,3.75,False,1.199684572289415,4.7012617108422265,3.7860284944211435,3.7860284944211435
3010,3010,2026-03-26 06:45:00+00:00,-1,229492,70057.5,207.06428571428634,2026-03-26 18:45:00+00:00,68457.0,0.16916847769843685,7.560315119528074,7.729483597226511,False,1.5,70368.09642857143,,,,,,,,,
3011,3011,2026-03-26 18:45:00+00:00,-1,229540,68457.0,236.8714285714294,2026-03-27 06:45:00+00:00,68621.5,0.14450244255473083,-0.8389720161630754,-0.6944695736083445,True,1.5,68812.30714285714,229545.0,2026-03-26 20:00:00+00:00,5.0,1.25,True,2.7622278511549547,1.8314034135456148,0.660277983836916,-1.6452524425547308
3012,3012,2026-03-27 11:15:00+00:00,-1,229606,66673.8,365.2071428571435,2026-03-27 23:15:00+00:00,66150.0,0.09128216863228289,1.3429723640204245,1.4342545326527074,False,1.5,67221.61071428572,,,,,,,,,
3013,3013,2026-03-27 23:15:00+00:00,-1,229654,66150.0,144.39999999999938,2026-03-28 11:15:00+00:00,66282.7,0.2290512465373971,-1.1480263157894586,-0.9189750692520614,True,1.5,66366.6,229656.0,2026-03-27 23:45:00+00:00,2.0,0.5,False,1.1585872576176528,3.3144044321330184,0.35122368421058836,0.35122368421058836
3014,3014,2026-03-28 11:15:00+00:00,1,229702,66282.7,105.39285714285403,2026-03-28 23:15:00+00:00,66352.6,0.31445537106066673,0.3487774313792866,0.6632328024399533,False,1.5,66124.61071428572,,,,,,,,,
3015,3015,2026-03-28 23:15:00+00:00,1,229750,66352.6,150.20714285714243,2026-03-29 11:15:00+00:00,66803.8,0.22087032193637424,2.782981501735687,3.0038518236720613,False,1.5,66127.28928571429,,,,,,,,,
3016,3016,2026-03-29 11:30:00+00:00,1,229799,66864.3,135.79285714285547,2026-03-29 23:30:00+00:00,65995.2,0.24619962127189826,-6.646388985324411,-6.400189364052513,True,1.5,66660.61071428572,229805.0,2026-03-29 13:00:00+00:00,6.0,1.5,True,1.7718952185577541,1.387328388827483,-5.145638985324426,-1.7454496212718982
3017,3017,2026-03-29 23:30:00+00:00,1,229847,65995.2,338.3857142857128,2026-03-30 11:30:00+00:00,67565.8,0.09751475492886436,4.5439341410900855,4.64144889601895,False,1.5,65487.62142857143,,,,,,,,,
3018,3018,2026-03-30 11:30:00+00:00,1,229895,67565.8,166.6285714285685,2026-03-30 23:30:00+00:00,66729.6,0.2027437414266154,-5.221090792181144,-5.018347050754529,True,1.5,67315.85714285714,229906.0,2026-03-30 14:15:00+00:00,11.0,2.75,True,1.512088477366329,2.101337448559695,-3.720340792181113,-1.7019937414266153
3019,3019,2026-03-31 00:45:00+00:00,-1,229948,67172.5,216.37857142857268,2026-03-31 12:45:00+00:00,66623.8,0.15521985277126638,2.3806135080711446,2.535833360842411,True,1.5,67497.06785714286,229950.0,2026-03-31 01:15:00+00:00,2.0,0.5,True,1.6310863895949426,1.3978641930478677,3.8798635080711397,-1.6559698527712663
3020,3020,2026-03-31 14:00:00+00:00,1,230001,67300.4,292.15000000000043,2026-04-01 02:00:00+00:00,67803.3,0.11518124251240783,1.6061947629642581,1.721376005476666,True,1.5,66862.17499999999,230004.0,2026-03-31 14:45:00+00:00,3.0,0.75,True,1.6696046551428836,1.1026014033887184,3.106944762964276,-1.6144312425124079
3021,3021,2026-04-01 02:00:00+00:00,1,230049,67803.3,220.54285714285547,2026-04-01 14:00:00+00:00,68229.1,0.15371910221531404,1.7769714017360028,1.930690503951317,False,1.5,67472.48571428572,,,,,,,,,
3022,3022,2026-04-01 19:00:00+00:00,-1,230117,68034.9,267.7857142857164,2026-04-02 07:00:00+00:00,66545.3,0.12703235529474427,5.435624353160767,5.562656708455512,True,1.5,68436.57857142857,230126.0,2026-04-01 21:15:00+00:00,9.0,2.25,False,0.7562816751133701,8.457428647639302,6.934874353160787,6.934874353160787
3023,3023,2026-04-02 07:00:00+00:00,-1,230165,66545.3,177.05714285714308,2026-04-02 19:00:00+00:00,67017.6,0.18792040503469395,-2.855420808455717,-2.6675004034210232,True,1.5,66810.88571428572,230167.0,2026-04-02 07:30:00+00:00,2.0,0.5,True,1.5199289979021995,6.409149588510538,-1.356170808455726,-1.688670405034694
3024,3024,2026-04-02 19:00:00+00:00,1,230213,67017.6,261.278571428571,2026-04-03 07:00:00+00:00,66785.7,0.12824932338226872,-1.0158077585500227,-0.887558435167754,True,1.5,66625.68214285714,230239.0,2026-04-03 01:30:00+00:00,26.0,6.5,False,1.4761338472894274,0.9783345635474064,0.48494224145000514,0.48494224145000514
3025,3025,2026-04-03 07:00:00+00:00,-1,230261,66785.7,144.0928571428563,2026-04-03 19:00:00+00:00,66752.4,0.23174535269915364,-0.000644376146313963,0.23110097655283968,True,1.5,67001.83928571428,230263.0,2026-04-03 07:30:00+00:00,2.0,0.5,True,1.6063302433947382,0.82890497199224,1.498605623853643,-1.7324953526991536
3026,3026,2026-04-05 14:30:00+00:00,-1,230483,66910.5,104.53571428571533,2026-04-06 02:30:00+00:00,69186.9,0.32003655620088506,-22.09632627263382,-21.776289716432935,True,1.5,67067.30357142858,230486.0,2026-04-05 15:15:00+00:00,3.0,0.75,True,4.346805603006341,1.539221045439136,-20.597076272633757,-1.8207865562008851
3027,3027,2026-04-06 02:30:00+00:00,1,230531,69186.9,291.7000000000002,2026-04-06 14:30:00+00:00,69425.4,0.11859256085018845,0.6990282824820016,0.81762084333219,False,1.5,68749.34999999999,,,,,,,,,
3028,3028,2026-04-06 23:00:00+00:00,-1,230613,68565.1,205.25714285714326,2026-04-07 11:00:00+00:00,68309.3,0.16702244571269456,1.0792192023942213,1.2462416481069158,True,1.5,68872.98571428572,230616.0,2026-04-06 23:45:00+00:00,3.0,0.75,True,1.6823496659242505,3.0746102449889228,2.5784692023942264,-1.6677724457126946
3029,3029,2026-04-07 11:45:00+00:00,-1,230664,68310.8,228.19285714285797,2026-04-07 23:45:00+00:00,71890.2,0.14967777882117203,-15.835532475662733,-15.685854696841561,True,1.5,68653.08928571429,230687.0,2026-04-07 17:30:00+00:00,23.0,5.75,True,1.5027232604000138,1.1743982220552676,-14.336282475662733,-1.650427778821172
3030,3030,2026-04-07 23:45:00+00:00,1,230712,71890.2,598.5142857142845,2026-04-08 11:45:00+00:00,71650.2,0.060057213099102655,-0.4610501479854888,-0.40099293488638615,False,1.5,70992.42857142857,,,,,,,,,
3031,3031,2026-04-08 16:15:00+00:00,-1,230778,71359.5,412.03571428571223,2026-04-09 04:15:00+00:00,70820.1,0.08659382855161697,1.2225159920256485,1.3091098205772655,False,1.5,71977.55357142857,,,,,,,,,
3032,3032,2026-04-09 16:00:00+00:00,1,230873,72138.0,346.7428571428557,2026-04-10 04:00:00+00:00,71838.0,0.10402233025708679,-0.9692167930125288,-0.865194462755442,True,1.5,71617.88571428572,230902.0,2026-04-09 23:15:00+00:00,29.0,7.25,False,0.2249093605801148,2.111404087013847,0.5315332069874726,0.5315332069874726
3033,3033,2026-04-10 09:15:00+00:00,-1,230942,71730.6,172.77142857142877,2026-04-10 21:15:00+00:00,73054.0,0.2075881428807671,-7.86741946419708,-7.659831321316313,True,1.5,71989.75714285715,230949.0,2026-04-10 11:00:00+00:00,7.0,1.75,True,1.76616504051586,0.7423515792955802,-6.368169464197052,-1.7083381428807671
3034,3034,2026-04-12 01:45:00+00:00,-1,231104,71598.7,287.19285714285695,2026-04-12 13:45:00+00:00,70861.5,0.12465264754893433,2.4422635610714467,2.566916208620381,False,1.5,72029.48928571428,,,,,,,,,
3035,3035,2026-04-12 14:45:00+00:00,-1,231156,70714.3,178.20000000000022,2026-04-13 02:45:00+00:00,71047.0,0.1984127384960716,-2.06541610549942,-1.8670033670033483,True,1.5,70981.6,231167.0,2026-04-12 17:30:00+00:00,11.0,2.75,True,2.4483726150392133,0.5196408529742184,-0.5661661054994055,-1.6991627384960717
3036,3036,2026-04-13 07:30:00+00:00,-1,231223,70736.1,141.96428571428675,2026-04-13 19:30:00+00:00,72961.8,0.24913343396226237,-15.927020226414959,-15.677886792452696,True,1.5,70949.04642857144,231240.0,2026-04-13 11:45:00+00:00,17.0,4.25,True,1.683194968553362,1.5972075471698641,-14.427770226414925,-1.7498834339622624
3037,3037,2026-04-13 19:30:00+00:00,1,231271,72961.8,283.78571428571325,2026-04-14 07:30:00+00:00,74463.9,0.1285508683614402,5.164527410017607,5.293078278379047,False,1.5,72536.12142857144,,,,,,,,,
3038,3038,2026-04-15 12:30:00+00:00,-1,231435,74291.6,207.9142857142859,2026-04-16 00:30:00+00:00,74727.2,0.17865920021987067,-2.2737533324171606,-2.09509413219729,True,1.5,74603.47142857143,231461.0,2026-04-15 19:00:00+00:00,26.0,6.5,True,3.0614951216160455,1.402363611378344,-0.7745033324171882,-1.6794092002198706
3039,3039,2026-04-16 14:00:00+00:00,-1,231537,73789.1,291.90000000000146,2026-04-17 02:00:00+00:00,74680.6,0.1263944844124694,-3.1805226104830266,-3.054128126070557,True,1.5,74226.95000000001,231541.0,2026-04-16 15:00:00+00:00,4.0,1.0,True,2.237238780404197,1.1200753682768414,-1.6812726104830138,-1.6271444844124694
3040,3040,2026-04-17 09:30:00+00:00,1,231615,75717.8,278.0428571428565,2026-04-17 21:30:00+00:00,77372.9,0.13616210245080443,5.816517340594956,5.952679443045761,True,1.5,75300.73571428572,231618.0,2026-04-17 10:15:00+00:00,3.0,0.75,False,0.9730000513795802,10.787057493706003,7.3172673405949435,7.3172673405949435
3041,3041,2026-04-18 12:00:00+00:00,-1,231721,76161.7,229.00714285714224,2026-04-19 00:00:00+00:00,75734.6,0.1662867346620509,1.6987205951155273,1.8650073297775782,False,1.5,76505.21071428571,,,,,,,,,
3042,3042,2026-04-19 11:45:00+00:00,-1,231816,75557.4,159.62142857142732,2026-04-19 23:45:00+00:00,73758.4,0.23667686937844193,11.033739741352393,11.270416610730836,True,1.5,75796.83214285714,231822.0,2026-04-19 13:15:00+00:00,6.0,1.5,True,2.525775271848632,0.7381975209199981,12.5329897413524,-1.7374268693784418
3043,3043,2026-04-19 23:45:00+00:00,-1,231864,73758.4,280.0071428571443,2026-04-20 11:45:00+00:00,75148.7,0.1317080686717169,-5.096938547486018,-4.965230478814301,True,1.5,74178.41071428571,231865.0,2026-04-20 00:00:00+00:00,1.0,0.25,True,1.7688451825208495,1.8192775694497347,-3.59768854748602,-1.632458068671717
3044,3044,2026-04-20 15:15:00+00:00,1,231926,75708.0,430.37142857142834,2026-04-21 03:15:00+00:00,75589.7,0.08795658235411277,-0.3628354245502293,-0.2748788421961166,False,1.5,75062.44285714286,,,,,,,,,
3045,3045,2026-04-21 19:45:00+00:00,-1,232040,74988.6,382.3285714285718,2026-04-22 07:45:00+00:00,77979.8,0.09806826588947418,-7.9217053768262,-7.823637110936725,True,1.5,75562.09285714287,232041.0,2026-04-21 20:00:00+00:00,1.0,0.25,True,2.1816500392332348,1.6213615812876294,-6.422455376826192,-1.5988182658894743
3046,3046,2026-04-22 07:45:00+00:00,1,232088,77979.8,244.27142857142982,2026-04-22 19:45:00+00:00,78791.3,0.15961711211181862,3.1625069887127744,3.3221241008245928,False,1.5,77613.39285714286,,,,,,,,,
3047,3047,2026-04-23 06:00:00+00:00,-1,232177,78156.4,200.4357142857178,2026-04-23 18:00:00+00:00,77915.9,0.19496625209364968,1.0049197106303946,1.1998859627240444,True,1.5,78457.05357142857,232214.0,2026-04-23 15:15:00+00:00,37.0,9.25,False,0.9526567121628026,7.767845051851127,2.504169710630366,2.504169710630366
3048,3048,2026-04-24 13:15:00+00:00,1,232302,78126.8,206.69285714285797,2026-04-25 01:15:00+00:00,77441.9,0.18899250095033965,-3.502604831185016,-3.3136123302346765,True,1.5,77816.76071428572,232305.0,2026-04-24 14:00:00+00:00,3.0,0.75,True,1.9466599854857387,1.8493105712409563,-2.001854831185016,-1.6882425009503397
3049,3049,2026-04-27 02:00:00+00:00,1,232545,79142.4,348.80714285714305,2026-04-27 14:00:00+00:00,77812.0,0.11344721806974785,-3.927589294124856,-3.814142076055108,True,1.5,78619.18928571428,232557.0,2026-04-27 05:00:00+00:00,12.0,3.0,True,2.483289988327551,0.8168144492454167,-2.42683929412486,-1.6126972180697479
3050,3050,2026-04-27 16:45:00+00:00,-1,232604,76587.9,328.51428571428863,2026-04-28 04:45:00+00:00,76845.2,0.11656707688293512,-0.8997902461297625,-0.7832231692468274,True,1.5,77080.67142857143,232630.0,2026-04-27 23:15:00+00:00,26.0,6.5,False,1.1242389980866214,1.3645416594190274,0.5994597538702342,0.5994597538702342
3051,3051,2026-04-28 14:45:00+00:00,-1,232692,75920.0,245.82142857142753,2026-04-29 02:45:00+00:00,76488.1,0.15442103733837056,-2.4654482057242824,-2.3110271683859116,True,1.5,76288.73214285714,232711.0,2026-04-28 19:30:00+00:00,19.0,4.75,False,1.4016998401859748,0.764506755775098,-0.9661982057242675,-0.9661982057242675
3052,3052,2026-04-29 04:30:00+00:00,1,232747,77274.2,202.42857142857247,2026-04-29 16:30:00+00:00,75859.1,0.19086781933662567,-7.181481792519327,-6.990613973182701,True,1.5,76970.55714285714,232755.0,2026-04-29 06:30:00+00:00,8.0,2.0,True,2.1768525052928855,4.459068454481265,-5.680731792519345,-1.6901178193366257
3053,3053,2026-04-29 16:30:00+00:00,-1,232795,75859.1,325.57857142856875,2026-04-30 04:30:00+00:00,75385.2,0.11649891402119401,1.3390637107567127,1.4555626247779068,True,1.5,76347.46785714285,232830.0,2026-04-30 01:15:00+00:00,35.0,8.75,False,0.2995656084772342,3.0231346394331156,2.838313710756692,2.838313710756692
3054,3054,2026-04-30 09:45:00+00:00,1,232864,76062.7,148.3499999999996,2026-04-30 21:45:00+00:00,76202.8,0.25636231884058036,0.6880259521402501,0.9443882709808304,True,1.5,75840.175,232872.0,2026-04-30 11:45:00+00:00,8.0,2.0,False,0.02814290529155997,5.3260869565217535,2.188775952140215,2.188775952140215
3055,3055,2026-05-01 03:30:00+00:00,1,232935,77116.8,181.8714285714294,2026-05-01 15:30:00+00:00,78611.7,0.21200911161731112,8.007533736548513,8.219542848165824,True,1.5,76843.99285714286,232948.0,2026-05-01 06:45:00+00:00,13.0,3.25,False,0.056594140287523555,11.194210981069727,9.508283736548503,9.508283736548503
3056,3056,2026-05-01 15:30:00+00:00,1,232983,78611.7,350.28571428571223,2026-05-02 03:30:00+00:00,78360.0,0.11221082789559608,-0.8307671084828677,-0.7185562805872716,True,1.5,78086.27142857143,232989.0,2026-05-01 17:00:00+00:00,6.0,1.5,False,1.0522022838499423,1.460603588906997,0.6699828915171233,0.6699828915171233
3057,3057,2026-05-04 04:45:00+00:00,1,233228,80300.0,433.0928571428563,2026-05-04 16:45:00+00:00,79982.4,0.09270529249748505,-0.8260353272970316,-0.7333300347995465,True,1.5,79650.36071428572,233234.0,2026-05-04 06:15:00+00:00,6.0,1.5,True,2.5407039071133104,0.6655369188395732,0.6747146727029542,-1.5919552924974851
3058,3058,2026-05-04 16:45:00+00:00,1,233276,79982.4,513.2357142857124,2026-05-05 04:45:00+00:00,80850.8,0.0779197528286922,1.6140903232989805,1.6920100761276726,False,1.5,79212.54642857143,,,,,,,,,
3059,3059,2026-05-06 14:30:00+00:00,-1,233459,81830.6,329.5785714285708,2026-05-07 02:30:00+00:00,80920.0,0.12414429682928439,2.6387780498905755,2.76292234671986,False,1.5,82324.96785714287,,,,,,,,,
3060,3060,2026-05-07 11:30:00+00:00,-1,233543,80940.1,197.17857142856934,2026-05-07 23:30:00+00:00,79972.6,0.20524568013041333,4.701474117007838,4.906719797138251,False,1.5,81235.86785714286,,,,,,,,,
3061,3061,2026-05-10 23:00:00+00:00,1,233877,82357.4,374.84999999999957,2026-05-11 11:00:00+00:00,80920.7,0.10985380818994277,-3.942586901427234,-3.8327330932372914,True,1.5,81795.125,233882.0,2026-05-11 00:15:00+00:00,5.0,1.25,True,1.5076030412164882,0.12398292650395058,-2.441836901427248,-1.6091038081899427
3062,3062,2026-05-11 16:15:00+00:00,1,233946,81733.0,315.1999999999981,2026-05-12 04:15:00+00:00,81180.2,0.1296526015228434,-1.8834597081218478,-1.7538071065990044,True,1.5,81260.2,233982.0,2026-05-12 01:15:00+00:00,36.0,9.0,True,1.9003807106599098,0.5552030456852826,-0.3827097081218297,-1.6289026015228434
3063,3063,2026-05-12 04:15:00+00:00,-1,233994,81180.2,212.86428571428613,2026-05-12 16:15:00+00:00,80250.0,0.19068534612932414,4.17923512633802,4.369920472467345,False,1.5,81499.49642857142,,,,,,,,,
3064,3064,2026-05-13 12:15:00+00:00,-1,234122,80315.9,180.5357142857122,2026-05-14 00:15:00+00:00,79425.6,0.2224377052423369,4.708996518298704,4.931434223541041,False,1.5,80586.70357142856,,,,,,,,,
3065,3065,2026-05-14 07:00:00+00:00,1,234197,79711.3,174.45000000000124,2026-05-14 19:00:00+00:00,81502.0,0.22846460303811822,10.03636772714236,10.264832330180479,True,1.5,79449.625,234211.0,2026-05-14 10:30:00+00:00,14.0,3.5,False,1.4997133849240363,14.613786185153236,11.537117727142366,11.537117727142366
3066,3066,2026-05-14 19:00:00+00:00,1,234245,81502.0,332.99285714285463,2026-05-15 07:00:00+00:00,80735.3,0.12237800038610959,-2.424829790428805,-2.3024517900426953,True,1.5,81002.51071428572,234273.0,2026-05-15 02:00:00+00:00,28.0,7.0,True,2.209388875780274,0.9801690297947038,-0.9240797904287983,-1.6216280003861097
3067,3067,2026-05-15 07:00:00+00:00,-1,234293,80735.3,202.01428571428656,2026-05-15 19:00:00+00:00,79044.6,0.19982571953892855,8.169384378756758,8.369210098295687,False,1.5,81038.32142857143,,,,,,,,,
3068,3068,2026-05-16 06:45:00+00:00,1,234388,78610.2,122.87857142856956,2026-05-16 18:45:00+00:00,78200.0,0.3198694413765089,-3.658124396907548,-3.3382549555310392,True,1.5,78425.88214285714,234389.0,2026-05-16 07:00:00+00:00,1.0,0.25,True,2.950735336859841,1.500813811544575,-2.1573743969075183,-1.8191194413765088
3069,3069,2026-05-17 04:45:00+00:00,-1,234476,78117.4,125.08571428571615,2026-05-17 16:45:00+00:00,77995.0,0.312255481955226,0.6662735267244753,0.9785290086797013,True,1.5,78305.02857142857,234497.0,2026-05-17 10:00:00+00:00,21.0,5.25,True,1.5259250799451145,0.7740977615349559,2.1655235267244963,-1.813005481955226
3070,3070,2026-05-17 23:30:00+00:00,1,234551,77216.0,256.02142857142877,2026-05-18 11:30:00+00:00,77328.5,0.15079987724241822,0.28861646625561455,0.43941634349803277,True,1.5,76831.96785714285,234558.0,2026-05-18 01:15:00+00:00,7.0,1.75,False,1.161886560834731,2.121041765477238,1.789366466255633,1.789366466255633
3071,3071,2026-05-18 11:30:00+00:00,-1,234599,77328.5,162.24999999999793,2026-05-18 23:30:00+00:00,77080.0,0.23830046224961784,1.2932865947611876,1.5315870570108054,True,1.5,77571.875,234603.0,2026-05-18 12:30:00+00:00,4.0,1.0,False,1.1440677966101842,9.600462249614933,2.7925365947612066,2.7925365947612066
3072,3072,2026-05-19 00:00:00+00:00,1,234649,77083.1,156.97857142857018,2026-05-19 12:00:00+00:00,76753.4,0.24552109023069768,-2.345807753560633,-2.1002866633299355,True,1.5,76847.63214285715,234654.0,2026-05-19 01:15:00+00:00,5.0,1.25,True,2.524753151021593,1.5617918733220717,-0.8450577535606534,-1.7447710902306977
3073,3073,2026-05-19 12:00:00+00:00,-1,234697,76753.4,179.7999999999977,2026-05-20 00:00:00+00:00,76543.2,0.21344104560623187,0.9556357063403742,1.169076751946606,True,1.5,77023.09999999999,234703.0,2026-05-19 13:30:00+00:00,6.0,1.5,False,0.106785317018976,5.0945494994438105,2.4548857063403773,2.4548857063403773
3074,3074,2026-05-20 05:45:00+00:00,1,234768,77170.4,138.04285714285547,2026-05-20 17:45:00+00:00,77537.1,0.2795160923108799,2.3769053089103895,2.6564214012212695,True,1.5,76963.33571428571,234799.0,2026-05-20 13:30:00+00:00,31.0,7.75,False,0.7847976818793341,6.247800889992861,3.8776553089103745,3.8776553089103745
3075,3075,2026-05-21 01:45:00+00:00,1,234848,77818.1,159.22142857142794,2026-05-21 13:45:00+00:00,77090.1,0.24437068772150294,-4.816619577407941,-4.572248889686438,True,1.5,77579.26785714287,234868.0,2026-05-21 06:45:00+00:00,20.0,5.0,True,2.7544524696066754,3.772935265353667,-3.315869577407977,-1.743620687721503
3076,3076,2026-05-21 13:45:00+00:00,-1,234896,77090.1,208.0857142857151,2026-05-22 01:45:00+00:00,77580.0,0.18523640670053476,-2.539554682136444,-2.3543182754359093,True,1.5,77402.22857142858,234909.0,2026-05-21 17:00:00+00:00,13.0,3.25,True,2.728545928875399,1.2601949745984287,-1.0403046821364241,-1.6859864067005348
3077,3077,2026-05-22 07:15:00+00:00,-1,234966,77472.5,122.27142857142879,2026-05-22 19:15:00+00:00,76227.0,0.31680540951045627,9.869548136464523,10.18635354597498,False,1.5,77655.90714285715,,,,,,,,,
3078,3078,2026-05-22 19:15:00+00:00,-1,235014,76227.0,209.07142857143168,2026-05-23 07:15:00+00:00,75250.0,0.18229894089511176,4.490745131533927,4.673044072429039,False,1.5,76540.60714285714,,,,,,,,,
3079,3079,2026-05-23 07:45:00+00:00,-1,235064,74573.1,157.6499999999973,2026-05-23 19:45:00+00:00,75949.5,0.2365147478591858,-8.967247383444455,-8.73073263558527,True,1.5,74809.575,235078.0,2026-05-23 11:15:00+00:00,14.0,3.5,True,2.6420869013638812,1.1967967015541143,-7.467997383444485,-1.7372647478591858
3080,3080,2026-05-23 20:30:00+00:00,1,235115,76804.4,238.5142857142855,2026-05-24 08:30:00+00:00,76770.1,0.16100586966938202,-0.30481276952558634,-0.14380689985620432,True,1.5,76446.62857142856,235123.0,2026-05-23 22:30:00+00:00,8.0,2.0,False,0.3510421657881991,2.487781504552029,1.195937230474429,1.195937230474429
3081,3081,2026-05-24 12:00:00+00:00,1,235177,77180.7,153.8428571428563,2026-05-25 00:00:00+00:00,77159.7,0.2508426501996485,-0.38734557526232916,-0.13650292506268066,True,1.5,76949.93571428572,235182.0,2026-05-24 13:15:00+00:00,5.0,1.25,True,1.9496239205126227,0.9422880490295596,1.1134044247376302,-1.7500926501996485
3082,3082,2026-05-25 05:30:00+00:00,1,235247,77424.5,143.9642857142878,2026-05-25 17:30:00+00:00,77551.2,0.26890176134953714,0.6111776234184776,0.8800793847680147,True,1.5,77208.55357142857,235250.0,2026-05-25 06:15:00+00:00,3.0,0.75,False,0.5053584718431442,4.718853882411247,2.111927623418499,2.111927623418499
3083,3083,2026-05-26 01:30:00+00:00,-1,235327,76636.7,199.17142857142713,2026-05-26 13:30:00+00:00,76867.2,0.19238878926983358,-1.3496832950796254,-1.1572945058097919,True,1.5,76935.45714285714,235343.0,2026-05-26 05:30:00+00:00,16.0,4.0,True,1.5416009180892714,1.966432362645211,0.14956670492036678,-1.6931387892698335
3084,3084,2026-05-26 13:45:00+00:00,-1,235376,77199.2,239.8928571428582,2026-05-27 01:45:00+00:00,75846.6,0.16090349858567743,5.47744695548602,5.6383504540716975,True,1.5,77559.03928571429,235378.0,2026-05-26 14:15:00+00:00,2.0,0.5,True,2.159550394521373,0.9726812565133375,6.976696955486031,-1.6616534985856775
3085,3085,2026-05-27 01:45:00+00:00,-1,235424,75846.6,127.76428571428447,2026-05-27 13:45:00+00:00,75054.3,0.2968223849723292,5.904441102476739,6.201263487449069,True,1.5,76038.24642857144,235466.0,2026-05-27 12:15:00+00:00,42.0,10.5,False,0.9177335495051646,9.417705596243245,7.40369110247678,7.40369110247678
3086,3086,2026-05-27 13:45:00+00:00,-1,235472,75054.3,231.16428571428384,2026-05-28 01:45:00+00:00,74313.0,0.16233973982634622,3.04447050644258,3.206810246268926,True,1.5,75401.04642857143,235479.0,2026-05-27 15:30:00+00:00,7.0,1.75,False,0.3670704199239759,5.628232858511298,4.543720506442568,4.543720506442568
3087,3087,2026-05-28 01:45:00+00:00,-1,235520,74313.0,198.27142857142775,2026-05-28 13:45:00+00:00,72988.5,0.18740219035953679,6.492834137906216,6.680236328265753,False,1.5,74610.40714285715,,,,,,,,,
3088,3088,2026-05-28 13:45:00+00:00,1,235568,72988.5,201.00000000000105,2026-05-29 01:45:00+00:00,73558.5,0.18156343283581994,2.6542574626865534,2.835820895522373,True,1.5,72687.0,235569.0,2026-05-28 14:00:00+00:00,1.0,0.25,False,0.6517412935323349,6.195024875621844,4.155007462686545,4.155007462686545
3089,3089,2026-05-29 02:45:00+00:00,1,235620,73201.9,170.2142857142878,2026-05-29 14:45:00+00:00,73065.8,0.2150286613512353,-1.014609022240809,-0.7995803608895738,True,1.5,72946.57857142856,235662.0,2026-05-29 13:15:00+00:00,42.0,10.5,True,2.999622324800564,2.193831305077677,0.48614097775920917,-1.7142786613512353
3090,3090,2026-05-29 14:45:00+00:00,-1,235668,73065.8,273.4857142857124,2026-05-30 02:45:00+00:00,73747.4,0.13358248015043972,-2.625851598412021,-2.4922691182615817,True,1.5,73476.02857142857,235669.0,2026-05-29 15:00:00+00:00,1.0,0.25,True,2.5631007104053682,1.8499268700375997,-1.1266015984120232,-1.6343324801504397
3091,3091,2026-05-30 03:00:00+00:00,-1,235717,73726.1,89.49285714285465,2026-05-30 15:00:00+00:00,73999.1,0.41191052757603513,-3.4624333147099695,-3.0505227871339344,True,1.5,73860.33928571429,235761.0,2026-05-30 14:00:00+00:00,44.0,11.0,True,1.9516721206800303,0.8586080293719277,-1.9631833147099464,-1.912660527576035
3092,3092,2026-05-30 15:00:00+00:00,1,235765,73999.1,107.43571428571366,2026-05-31 03:00:00+00:00,74126.9,0.3443878066617932,0.8451607605876235,1.1895485672494166,True,1.5,73837.94642857143,235766.0,2026-05-30 15:15:00+00:00,1.0,0.25,False,0.8185958380427462,3.835350043215176,2.3459107605876284,2.3459107605876284
3093,3093,2026-06-01 01:45:00+00:00,-1,235904,73257.8,220.02857142856894,2026-06-01 13:45:00+00:00,71698.7,0.1664733800805109,6.919424555252669,7.08589793533318,True,1.5,73587.84285714285,235907.0,2026-06-01 02:30:00+00:00,3.0,0.75,True,1.8677444487729438,0.7064666926373316,8.41867455525265,-1.667223380080511
3094,3094,2026-06-01 13:45:00+00:00,-1,235952,71698.7,342.97142857143,2026-06-02 01:45:00+00:00,70615.2,0.10452576224591759,3.054629519326878,3.159155281572796,False,1.5,72213.15714285715,,,,,,,,,
3095,3095,2026-06-02 03:00:00+00:00,1,236005,70881.6,300.9071428571416,2026-06-02 15:00:00+00:00,67828.6,0.11777985614926345,-10.263766990291305,-10.145987134142041,True,1.5,70430.2392857143,236015.0,2026-06-02 05:30:00+00:00,10.0,2.5,True,1.798359721793655,0.8971562181023559,-8.763016990291323,-1.6170298561492635
3096,3096,2026-06-02 15:00:00+00:00,1,236053,67828.6,344.49285714285776,2026-06-03 03:00:00+00:00,66488.0,0.09844703394223377,-3.9899645856227677,-3.891517551680534,True,1.5,67311.86071428572,236055.0,2026-06-02 15:30:00+00:00,2.0,0.5,True,2.6817993323519214,2.3513964627091157,-2.489214585622775,-1.5976970339422338
3097,3097,2026-06-03 03:15:00+00:00,1,236102,66118.1,341.72857142857123,2026-06-03 15:15:00+00:00,66579.7,0.09674066719618753,1.254038982483985,1.3507796496801725,True,1.5,65605.50714285715,236104.0,2026-06-03 03:45:00+00:00,2.0,0.5,False,0.721060992433463,5.525709627523913,2.754788982483971,2.754788982483971
3098,3098,2026-06-03 16:15:00+00:00,-1,236154,65574.5,389.0785714285698,2026-06-04 04:15:00+00:00,64537.6,0.08426896880909143,2.580745442529067,2.6650144113381584,True,1.5,66158.11785714286,236159.0,2026-06-03 17:30:00+00:00,5.0,1.25,False,0.0022672614785753274,12.37106900919761,4.079995442529083,4.079995442529083
3099,3099,2026-06-04 04:15:00+00:00,-1,236202,64537.6,568.7071428571429,2026-06-04 16:15:00+00:00,63619.4,0.05674062723721724,1.5577986159082577,1.614539243145475,False,1.5,65390.66071428571,,,,,,,,,
3100,3100,2026-06-04 16:15:00+00:00,1,236250,63619.4,453.91428571428594,2026-06-05 04:15:00+00:00,63211.0,0.07007864921004592,-0.9698079876628718,-0.8997293384528259,True,1.5,62938.52857142857,236255.0,2026-06-04 17:30:00+00:00,5.0,1.25,False,1.4067161830427377,2.6707056083590417,0.5309420123371317,0.5309420123371317
3101,3101,2026-06-05 04:15:00+00:00,-1,236298,63211.0,366.3428571428579,2026-06-05 16:15:00+00:00,60899.9,0.08627300733114941,6.222298198408968,6.308571205740117,False,1.5,63760.514285714286,,,,,,,,,
3102,3102,2026-06-05 16:15:00+00:00,-1,236346,60899.9,720.3928571428571,2026-06-06 04:15:00+00:00,59927.0,0.04226853403400922,1.3082445788508275,1.3505131128848367,True,1.5,61980.489285714284,236365.0,2026-06-05 21:00:00+00:00,19.0,4.75,False,0.006400277626295465,3.034995786029448,2.8074945788508234,2.8074945788508234
3103,3103,2026-06-06 04:30:00+00:00,-1,236395,59754.1,343.4785714285707,2026-06-06 16:30:00+00:00,60731.7,0.0869837378085555,-2.933158379603637,-2.8461746417950815,True,1.5,60269.31785714286,236396.0,2026-06-06 04:45:00+00:00,1.0,0.25,True,2.331680079855256,2.0103666271549465,-1.4339083796036272,-1.5877337378085554
3104,3104,2026-06-06 16:30:00+00:00,-1,236443,60731.7,262.4071428571421,2026-06-07 04:30:00+00:00,61707.4,0.11572036366605906,-3.8339880501946544,-3.7182676865285953,True,1.5,61125.31071428571,236477.0,2026-06-07 01:00:00+00:00,34.0,8.5,True,1.9667501429077168,1.5411574162288586,-2.334738050194649,-1.6164703636660591
3105,3105,2026-06-07 05:15:00+00:00,-1,236494,61706.6,216.31428571428478,2026-06-07 17:15:00+00:00,62216.4,0.14263181878219583,-2.499387861577095,-2.356756042794899,True,1.5,62031.07142857143,236499.0,2026-06-07 06:30:00+00:00,5.0,1.25,True,1.6130630035662514,0.4464403645489339,-1.0001378615770862,-1.6433818187821958
3106,3106,2026-06-07 17:15:00+00:00,1,236542,62216.4,249.09285714285787,2026-06-08 05:15:00+00:00,62702.9,0.12488595761764079,1.8282009577610132,1.953086915378654,True,1.5,61842.760714285716,236549.0,2026-06-07 19:00:00+00:00,7.0,1.75,True,2.4198233590456795,0.6677802311243511,3.328950957761008,-1.6241359576176408
3107,3107,2026-06-08 05:15:00+00:00,1,236590,62702.9,266.70714285714246,2026-06-08 17:15:00+00:00,63598.7,0.11755009507485488,3.2411900961461093,3.358740191220964,False,1.5,62302.83928571429,,,,,,,,,
3108,3108,2026-06-08 17:15:00+00:00,1,236638,63598.7,280.5928571428573,2026-06-09 05:15:00+00:00,63285.0,0.1133291500140009,-1.231319120230114,-1.117989970216113,True,1.5,63177.81071428571,236649.0,2026-06-08 20:00:00+00:00,11.0,2.75,True,1.9223964564824318,2.333235750833702,0.2694308797698845,-1.612579150014001
3109,3109,2026-06-09 06:15:00+00:00,1,236690,63409.9,207.4142857142854,2026-06-09 18:15:00+00:00,61704.8,0.15285808251256996,-8.373603312900343,-8.220745230387774,True,1.5,63098.77857142857,236694.0,2026-06-09 07:15:00+00:00,4.0,1.0,True,2.182967146497694,1.18227839382878,-6.872853312900332,-1.65210808251257
3110,3110,2026-06-09 20:00:00+00:00,1,236745,62186.8,261.86428571428615,2026-06-10 08:00:00+00:00,61582.3,0.11873860505714501,-2.427186274242379,-2.308447669185234,True,1.5,61794.00357142858,236750.0,2026-06-09 21:15:00+00:00,5.0,1.25,True,1.86548375658058,1.2361228553503385,-0.926436274242391,-1.617988605057145
3111,3111,2026-06-10 08:00:00+00:00,-1,236793,61582.3,181.44285714285797,2026-06-10 20:00:00+00:00,61781.1,0.1697016376663247,-1.2653633965829163,-1.0956617589165916,True,1.5,61854.46428571429,236811.0,2026-06-10 12:30:00+00:00,18.0,4.5,True,2.77186835682227,4.149318951263692,0.2338866034170836,-1.6704516376663248
3112,3112,2026-06-10 23:00:00+00:00,-1,236853,61180.6,232.792857142856,2026-06-11 11:00:00+00:00,63164.5,0.1314056641404075,-8.653574361019961,-8.522168696879554,True,1.5,61529.78928571428,236854.0,2026-06-10 23:15:00+00:00,1.0,0.25,True,1.829999079500523,1.6924457672363233,-7.154324361019975,-1.6321556641404076
3113,3113,2026-06-11 11:00:00+00:00,1,236901,63164.5,149.22142857142742,2026-06-11 23:00:00+00:00,63375.9,0.21164688143219731,1.2050397300273035,1.4166866114595007,True,1.5,62940.66785714286,236906.0,2026-06-11 12:15:00+00:00,5.0,1.25,True,2.0082092767220447,1.511392465655063,2.7057897300273193,-1.7108968814321972
3114,3114,2026-06-12 03:00:00+00:00,1,236965,63501.0,174.542857142856,2026-06-12 15:00:00+00:00,64345.7,0.18190661319364992,4.657592486495348,4.839499099688998,True,1.5,63239.18571428572,236978.0,2026-06-12 06:15:00+00:00,13.0,3.25,True,2.516205598297636,0.19086593550496767,6.158342486495331,-1.68115661319365
3115,3115,2026-06-12 15:15:00+00:00,1,237014,64099.9,289.36428571428615,2026-06-13 03:15:00+00:00,63479.7,0.11075986769025681,-2.254078966206721,-2.1433190985164643,True,1.5,63665.853571428575,237016.0,2026-06-12 15:45:00+00:00,2.0,0.5,False,1.083594579250082,1.4426328651477318,-0.7533289662067318,-0.7533289662067318
3116,3116,2026-06-13 07:45:00+00:00,1,237080,63823.9,93.5,2026-06-13 19:45:00+00:00,64264.2,0.3413042780748663,4.3677866310159965,4.709090909090863,True,1.5,63683.65,237089.0,2026-06-13 10:00:00+00:00,9.0,2.25,False,0.0058823529412075975,6.8379679144384875,5.8685366310159965,5.8685366310159965
3117,3117,2026-06-13 22:45:00+00:00,-1,237140,64413.4,117.69285714285745,2026-06-14 10:45:00+00:00,64485.4,0.27365042180008425,-0.8854122716513906,-0.6117618498513063,True,1.5,64589.93928571429,237149.0,2026-06-14 01:00:00+00:00,9.0,2.25,False,0.7839109061114997,3.4278994962675386,0.6138377283486162,0.6138377283486162
3118,3118,2026-06-14 20:45:00+00:00,-1,237228,63978.1,115.99285714285725,2026-06-15 08:45:00+00:00,65619.9,0.2757846542274768,-14.430104501508664,-14.154319847281187,True,1.5,64152.08928571428,237230.0,2026-06-14 21:15:00+00:00,2.0,0.5,True,7.309163125808272,0.6568446332901872,-12.93085450150868,-1.776534654227477
3119,3119,2026-06-15 11:15:00+00:00,-1,237286,66222.0,158.4642857142878,2026-06-15 23:15:00+00:00,66199.4,0.2089492900608492,-0.06633040342570051,0.14261888663514868,True,1.5,66459.69642857143,237292.0,2026-06-15 12:45:00+00:00,6.0,1.5,True,2.874487266170741,0.4947261663286149,1.432919596574319,-1.7096992900608492
3120,3120,2026-06-16 00:30:00+00:00,-1,237339,66374.8,169.61428571428405,2026-06-16 12:30:00+00:00,66460.1,0.1956639434009958,-0.6985696959488155,-0.5029057525478197,True,1.5,66629.22142857143,237372.0,2026-06-16 08:45:00+00:00,33.0,8.25,True,1.9307251747662757,0.5843931609533976,0.8006803040511845,-1.6964139434009957
3121,3121,2026-06-16 13:00:00+00:00,1,237389,66173.9,200.17142857143128,2026-06-17 01:00:00+00:00,65765.3,0.16529307022551873,-2.2065434270624444,-2.0412503568369256,True,1.5,65873.64285714284,237394.0,2026-06-16 14:15:00+00:00,5.0,1.25,True,2.060947759063556,0.8120896374536688,-0.7057934270624107,-1.6645430702255188
3122,3122,2026-06-17 09:15:00+00:00,-1,237470,65012.6,198.1428571428582,2026-06-17 21:15:00+00:00,64238.7,0.16405486661860044,3.7417129776495908,3.9057678442681913,True,1.5,65309.81428571429,237488.0,2026-06-17 13:45:00+00:00,18.0,4.5,True,2.6459985580389347,2.963590483056963,5.2409629776496045,-1.6648048666186004
3123,3123,2026-06-17 21:15:00+00:00,-1,237518,64238.7,498.6214285714294,2026-06-18 09:15:00+00:00,64221.9,0.06441630495509035,-0.030723408827203674,0.03369289612788667,False,1.5,64986.63214285714,,,,,,,,,
3124,3124,2026-06-18 09:15:00+00:00,1,237566,64221.9,154.05714285714203,2026-06-18 21:15:00+00:00,62931.0,0.20843532084569846,-8.587793629451093,-8.379358308605395,True,1.5,63990.81428571429,237569.0,2026-06-18 10:00:00+00:00,3.0,0.75,True,1.5436758160237647,2.807956231454013,-7.087043629451094,-1.7076853208456986
3125,3125,2026-06-18 22:15:00+00:00,1,237618,62807.4,158.90714285714265,2026-06-19 10:15:00+00:00,62473.5,0.19762296039915522,-2.2988500921472683,-2.101227131748113,True,1.5,62569.03928571429,237638.0,2026-06-19 03:15:00+00:00,20.0,5.0,True,2.0882590911134375,1.621454578145344,-0.7981000921472647,-1.6968729603991553
3126,3126,2026-06-19 15:45:00+00:00,1,237688,63193.0,251.3357142857151,2026-06-20 03:45:00+00:00,63440.5,0.12571432631369497,0.859024355585867,0.9847386818995619,False,1.5,62815.99642857143,,,,,,,,,
3127,3127,2026-06-20 03:45:00+00:00,1,237736,63440.5,110.07857142857081,2026-06-20 15:45:00+00:00,64139.5,0.28816008046200925,6.061849652845404,6.350009733307413,True,1.5,63275.38214285715,237774.0,2026-06-20 13:15:00+00:00,38.0,9.5,False,1.2643890727403162,9.952144572058955,7.562599652845381,7.562599652845381
3128,3128,2026-06-20 15:45:00+00:00,1,237784,64139.5,230.16428571428696,2026-06-21 03:45:00+00:00,64398.8,0.13933417124414163,0.9872524283896669,1.1265865996338085,True,1.5,63794.25357142857,237791.0,2026-06-20 17:30:00+00:00,7.0,1.75,False,0.5750395680104098,2.849036402569586,2.4880024283896667,2.4880024283896667
3129,3129,2026-06-21 07:15:00+00:00,1,237846,64147.4,93.97857142857121,2026-06-21 19:15:00+00:00,64195.1,0.34128737554153765,0.16627513870940158,0.5075625142509392,True,1.5,64006.43214285714,237851.0,2026-06-21 08:30:00+00:00,5.0,1.25,False,1.4379037774568306,4.754997339819158,1.6670251387094295,1.6670251387094295
3130,3130,2026-06-22 01:15:00+00:00,-1,237918,64618.4,288.8142857142879,2026-06-22 13:15:00+00:00,64966.8,0.11186842756096271,-1.3181799475688727,-1.20631152000791,True,1.5,65051.62142857143,237963.0,2026-06-22 12:30:00+00:00,45.0,11.25,False,0.510288371172765,0.8507938863332789,0.18107005243111735,0.18107005243111735
3131,3131,2026-06-22 13:15:00+00:00,1,237966,64966.8,233.50714285714275,2026-06-23 01:15:00+00:00,64172.9,0.13911094796733053,-3.5390069438071716,-3.399895995839841,True,1.5,64616.53928571429,237978.0,2026-06-22 16:15:00+00:00,12.0,3.0,True,1.5714263864672358,0.6965984521733636,-2.038256943807164,-1.6383609479673304
3132,3132,2026-06-23 01:15:00+00:00,-1,238014,64172.9,182.22142857142848,2026-06-23 13:15:00+00:00,62023.5,0.17608494374975509,11.619454235427868,11.795539179177624,False,1.5,64446.232142857145,,,,,,,,,
3133,3133,2026-06-23 13:30:00+00:00,-1,238063,62366.0,180.30714285714308,2026-06-24 01:30:00+00:00,62916.5,0.17294378639622845,-3.226067424632568,-3.053123638236339,True,1.5,62636.46071428571,238065.0,2026-06-23 14:00:00+00:00,2.0,0.5,True,2.0156677098601716,3.1105851127045097,-1.7268174246325763,-1.6736937863962285
3134,3134,2026-06-24 02:15:00+00:00,1,238114,62733.5,168.95714285714243,2026-06-24 14:15:00+00:00,61209.3,0.18564915024942974,-9.206871776443737,-9.021222626194307,True,1.5,62480.06428571429,238118.0,2026-06-24 03:15:00+00:00,4.0,1.0,True,3.12069840196162,4.317874355288732,-7.706121776443749,-1.6848991502494297
3135,3135,2026-06-24 14:15:00+00:00,-1,238162,61209.3,365.0785714285713,2026-06-25 02:15:00+00:00,60901.5,0.08383031050067503,0.7592758701649434,0.8431061806656184,False,1.5,61756.91785714286,,,,,,,,,
3136,3136,2026-06-25 02:15:00+00:00,1,238210,60901.5,174.56428571428737,2026-06-25 14:15:00+00:00,59292.8,0.17443860223413232,-9.389954785383912,-9.215516183149779,True,1.5,60639.65357142857,238255.0,2026-06-25 13:30:00+00:00,45.0,11.25,True,3.374422030361282,3.8962518924669407,-7.889204785383924,-1.6736886022341324
3137,3137,2026-06-25 14:15:00+00:00,-1,238258,59292.8,589.3785714285722,2026-06-26 02:15:00+00:00,58857.5,0.050301116187752175,0.6882734114624404,0.7385745276501925,True,1.5,60176.86785714286,238259.0,2026-06-25 14:30:00+00:00,1.0,0.25,False,0.4920982148267501,3.1410505011331598,2.18752341146244,2.18752341146244
3138,3138,2026-06-26 02:15:00+00:00,1,238306,58857.5,284.87857142857166,2026-06-26 14:15:00+00:00,60032.6,0.10330278564802038,4.021612591831097,4.124915377479118,True,1.5,58430.18214285714,238308.0,2026-06-26 02:45:00+00:00,2.0,0.5,False,0.49909735977734543,8.087017024797529,5.522362591831099,5.522362591831099
3139,3139,2026-06-26 14:15:00+00:00,-1,238354,60032.6,461.58571428571514,2026-06-27 02:15:00+00:00,60275.4,0.06502865897062908,-0.5910414719445442,-0.5260128129739151,False,1.5,60724.97857142857,,,,,,,,,
3140,3140,2026-06-27 02:45:00+00:00,1,238404,60256.6,132.00714285714326,2026-06-27 14:45:00+00:00,60588.9,0.22823234673448337,2.289055678805274,2.5172880255397576,False,1.5,60058.58928571428,,,,,,,,,
3141,3141,2026-06-27 15:00:00+00:00,-1,238453,60851.6,137.6785714285709,2026-06-28 03:00:00+00:00,60230.4,0.2209915434500657,4.290966952010371,4.511958495460437,False,1.5,61058.11785714285,,,,,,,,,
3142,3142,2026-06-28 06:00:00+00:00,1,238513,59811.8,123.03571428571429,2026-06-28 18:00:00+00:00,59616.4,0.2430668214804064,-1.831223570391884,-1.5881567489114776,True,1.5,59627.24642857143,238555.0,2026-06-28 16:30:00+00:00,42.0,10.5,True,2.1184615384615655,1.5820899854862085,-0.33047357039187564,-1.7423168214804063
3143,3143,2026-06-28 18:00:00+00:00,-1,238561,59616.4,180.92142857142815,2026-06-29 06:00:00+00:00,60149.7,0.1647577085554112,-3.1124461289430916,-2.9476884203876805,True,1.5,59887.78214285714,238597.0,2026-06-29 03:00:00+00:00,36.0,9.0,True,1.5377827786332035,0.8621540526668768,-1.613196128943109,-1.665507708555411
3144,3144,2026-06-29 06:00:00+00:00,1,238609,60149.7,239.99285714285674,2026-06-29 18:00:00+00:00,60499.9,0.12531560463109043,1.333894490907488,1.4592100955385783,True,1.5,59789.71071428571,238618.0,2026-06-29 08:15:00+00:00,9.0,2.25,True,1.5363403672728329,4.035908806809751,2.8346444909074835,-1.6245656046310903
3145,3145,2026-06-29 18:00:00+00:00,1,238657,60499.9,303.50714285714275,2026-06-30 06:00:00+00:00,59546.9,0.09966800028241278,-3.2396270504342106,-3.139959050151798,True,1.5,60044.639285714286,238682.0,2026-06-30 00:15:00+00:00,25.0,6.25,True,1.5638488150431855,0.5349485773457917,-1.7388770504342048,-1.5989180002824128
3146,3146,2026-06-30 06:00:00+00:00,-1,238705,59546.9,155.15714285714162,2026-06-30 18:00:00+00:00,58451.8,0.19189222907651382,6.86611347942183,7.058005708498343,False,1.5,59779.635714285716,,,,,,,,,
3147,3147,2026-06-30 18:00:00+00:00,-1,238753,58451.8,261.4500000000007,2026-07-01 06:00:00+00:00,58920.9,0.11178389749474058,-1.9060084146108134,-1.794224517116073,True,1.5,58843.975000000006,238761.0,2026-06-30 20:00:00+00:00,8.0,2.0,True,1.7380952380952166,4.151367374258957,-0.4067584146108064,-1.6125338974947405
3148,3148,2026-07-01 06:00:00+00:00,1,238801,58920.9,184.90714285714265,2026-07-01 18:00:00+00:00,60050.3,0.15932564607718178,5.948604975470328,6.10793062154751,True,1.5,58643.53928571429,238803.0,2026-07-01 06:30:00+00:00,2.0,0.5,True,1.5826283462741924,2.3047282419747166,7.449354975470331,-1.6585756460771819
3149,3149,2026-07-01 18:00:00+00:00,1,238849,60050.3,267.7857142857148,2026-07-02 06:00:00+00:00,60380.1,0.11212379301146953,1.1194579621232144,1.231581755134684,True,1.5,59648.62142857143,238875.0,2026-07-02 00:30:00+00:00,26.0,6.5,False,0.3496132301947249,5.429261136302997,2.6202079621232155,2.6202079621232155
3150,3150,2026-07-02 06:00:00+00:00,1,238897,60380.1,217.37142857142837,2026-07-02 18:00:00+00:00,61801.1,0.13888692823343862,6.398310758412204,6.5371976866456425,False,1.5,60054.04285714286,,,,,,,,,
3151,3151,2026-07-02 18:00:00+00:00,-1,238945,61801.1,279.97857142857123,2026-07-03 06:00:00+00:00,61703.9,0.11036755363930921,0.23680187259227997,0.3471694262315892,False,1.5,62221.06785714286,,,,,,,,,
3152,3152,2026-07-03 12:15:00+00:00,1,239018,61929.9,172.56428571428737,2026-07-04 00:15:00+00:00,62740.0,0.17944008444057943,4.515042303075407,4.694482387515986,True,1.5,61671.05357142857,239025.0,2026-07-03 14:00:00+00:00,7.0,1.75,False,0.10461939649820445,7.4531437559500695,6.015792303075395,6.015792303075395
3153,3153,2026-07-04 00:15:00+00:00,1,239066,62740.0,154.48571428571398,2026-07-04 12:15:00+00:00,62560.3,0.20306084705012062,-1.366275198816333,-1.1632143517662124,True,1.5,62508.27142857143,239069.0,2026-07-04 01:00:00+00:00,3.0,0.75,False,1.3313297577215057,1.468929165896023,0.13447480118364838,0.13447480118364838
3154,3154,2026-07-04 15:00:00+00:00,-1,239125,62804.0,113.2857142857148,2026-07-05 03:00:00+00:00,62737.1,0.2771929382093304,0.31334930643128506,0.5905422446406154,True,1.5,62973.92857142857,239127.0,2026-07-04 15:30:00+00:00,2.0,0.5,True,1.819041614123564,1.9510718789407189,1.8125993064312873,-1.7779429382093304
3155,3155,2026-07-05 22:15:00+00:00,-1,239250,63698.4,165.87857142857112,2026-07-06 10:15:00+00:00,62861.3,0.19200310037462895,4.854459458295655,5.046462558670284,True,1.5,63947.21785714286,239251.0,2026-07-05 22:30:00+00:00,1.0,0.25,False,0.26213236877230695,8.061426172329185,6.353709458295663,6.353709458295663
3156,3156,2026-07-06 10:15:00+00:00,-1,239298,62861.3,128.32857142857134,2026-07-06 22:15:00+00:00,64195.1,0.24492324390515438,-10.638555660692392,-10.393632416787238,True,1.5,63053.79285714286,239320.0,2026-07-06 15:45:00+00:00,22.0,5.5,True,3.719414449515748,2.188077479683844,-9.139305660692418,-1.7456732439051543
3157,3157,2026-07-06 22:15:00+00:00,-1,239346,64195.1,235.92142857143023,2026-07-07 10:15:00+00:00,63276.3,0.13605186351388077,3.7584650761451606,3.8945169396590416,False,1.5,64548.982142857145,,,,,,,,,
3158,3158,2026-07-07 10:15:00+00:00,-1,239394,63276.3,146.87142857142888,2026-07-07 22:15:00+00:00,63431.4,0.215413918879486,-1.2714395973154236,-1.0560256784359376,True,1.5,63496.607142857145,239401.0,2026-07-07 12:00:00+00:00,7.0,1.75,True,2.528693706837837,0.891304347826119,0.22781040268456754,-1.716163918879486
3159,3159,2026-07-08 02:15:00+00:00,-1,239458,62854.2,217.17142857142971,2026-07-08 14:15:00+00:00,61970.0,0.14471102486514856,3.9267269438231467,4.071437968688295,False,1.5,63179.95714285714,,,,,,,,,
3160,3160,2026-07-08 15:30:00+00:00,-1,239511,61599.9,238.08571428571355,2026-07-09 03:30:00+00:00,61950.0,0.12936496459858435,-1.5998437837513488,-1.4704788191527645,True,1.5,61957.02857142857,239514.0,2026-07-08 16:15:00+00:00,3.0,0.75,True,1.7458898355934187,0.8351134045361945,-0.10059378375135211,-1.6301149645985844
3161,3161,2026-07-09 03:30:00+00:00,-1,239559,61950.0,239.87857142857112,2026-07-09 15:30:00+00:00,62947.7,0.12912783253431814,-4.288315516779316,-4.159187684244998,True,1.5,62309.81785714286,239564.0,2026-07-09 04:45:00+00:00,5.0,1.25,True,1.83502069499449,0.4373790310573782,-2.789065516779311,-1.6298778325343182
3162,3162,2026-07-09 19:15:00+00:00,1,239622,63240.8,190.3071428571436,2026-07-10 07:15:00+00:00,63939.7,0.16615456217392874,3.506329767668762,3.672484329842691,True,1.5,62955.33928571429,239643.0,2026-07-10 00:30:00+00:00,21.0,5.25,False,0.30655331606803105,6.461453289794646,5.00707976766875,5.00707976766875
3163,3163,2026-07-10 07:15:00+00:00,1,239670,63939.7,148.32142857142858,2026-07-10 19:15:00+00:00,63842.4,0.21554437755839148,-0.8715520828316584,-0.6560077052732669,False,1.5,63717.21785714285,,,,,,,,,
3164,3164,2026-07-12 01:15:00+00:00,-1,239838,63920.0,160.03571428571377,2026-07-12 13:15:00+00:00,64017.8,0.1997054228966755,-0.8108190136130536,-0.6111135907163782,True,1.5,64160.05357142857,239847.0,2026-07-12 03:30:00+00:00,9.0,2.25,False,0.48705646061146574,3.4820575764338315,0.6884309863869578,0.6884309863869578
3165,3165,2026-07-12 22:45:00+00:00,-1,239924,63855.0,113.13571428571387,2026-07-13 10:45:00+00:00,62844.6,0.28220531599217225,8.648661531662396,8.930866847654569,True,1.5,64024.703571428574,239929.0,2026-07-13 00:00:00+00:00,5.0,1.25,True,2.1681608687416993,2.9495864637919387,10.147911531662425,-1.7829553159921723
3166,3166,2026-07-13 10:45:00+00:00,1,239972,62844.6,100.12142857142784,2026-07-13 22:45:00+00:00,61897.9,0.3138419062566906,-9.769360205464835,-9.455518299208144,True,1.5,62694.41785714286,239978.0,2026-07-13 12:15:00+00:00,6.0,1.5,True,1.6321966183919583,1.7117428836413404,-8.268610205464832,-1.8130919062566906
3167,3167,2026-07-13 23:15:00+00:00,-1,240022,62140.0,158.02857142857206,2026-07-14 11:15:00+00:00,62833.9,0.1966100162719211,-4.587588139576921,-4.390978123305,True,1.5,62377.04285714286,240025.0,2026-07-14 00:00:00+00:00,3.0,0.75,True,1.6595552341348918,0.8615078647622325,-3.0883381395769307,-1.6973600162719211
3168,3168,2026-07-14 12:30:00+00:00,1,240075,63523.0,169.76428571428602,2026-07-15 00:30:00+00:00,64759.2,0.18709176589388615,7.094769638574465,7.2818614044683505,False,1.5,63268.35357142857,,,,,,,,,
3169,3169,2026-07-15 09:00:00+00:00,-1,240157,64811.2,172.72857142857225,2026-07-15 21:00:00+00:00,64864.0,0.18760995781986511,-0.4932918699859544,-0.3056819121660893,True,1.5,65070.29285714286,240172.0,2026-07-15 12:45:00+00:00,15.0,3.75,True,2.0303945083119617,1.786576792655699,1.0059581300140517,-1.6883599578198651
3170,3170,2026-07-16 07:45:00+00:00,-1,240248,64200.0,153.53571428571377,2026-07-16 19:45:00+00:00,64241.6,0.2090718771807404,-0.4800186089788244,-0.27094673179808404,True,1.5,64430.30357142857,240271.0,2026-07-16 13:30:00+00:00,23.0,5.75,True,1.6771109560363053,2.2652942544778,1.0192313910211874,-1.7098218771807403
3171,3171,2026-07-16 20:00:00+00:00,-1,240297,64159.9,160.05714285714254,2026-07-17 08:00:00+00:00,62864.4,0.20042810603355987,7.893556185290984,8.093984291324544,False,1.5,64399.985714285714,,,,,,,,,
3172,3172,2026-07-17 08:00:00+00:00,-1,240345,62864.4,168.8499999999996,2026-07-17 20:00:00+00:00,63976.0,0.18615457506662764,-6.769512585134742,-6.583358010068115,True,1.5,63117.675,240355.0,2026-07-17 10:30:00+00:00,10.0,2.5,True,2.2405981640509207,3.6279241930708075,-5.27026258513473,-1.6869045750666276
3173,3173,2026-07-17 20:00:00+00:00,1,240393,63976.0,203.4142857142854,2026-07-18 08:00:00+00:00,63954.8,0.1572554252405368,-0.2614762272631366,-0.1042208020225998,False,1.5,63670.87857142857,,,,,,,,,
3174,3174,2026-07-18 15:30:00+00:00,1,240471,64012.0,89.24999999999896,2026-07-19 03:30:00+00:00,64642.4,0.3586106442577073,6.704694677871243,7.06330532212895,False,1.5,63878.125,,,,,,,,,
3175,3175,2026-07-19 03:30:00+00:00,1,240519,64642.4,79.5214285714293,2026-07-19 15:30:00+00:00,64536.1,0.40644642055150987,-1.74319302973145,-1.33674660917994,True,1.5,64523.11785714286,240542.0,2026-07-19 09:15:00+00:00,23.0,5.75,True,2.570600916195156,1.9439055061527775,-0.24244302973149226,-1.90569642055151
3176,3176,2026-07-19 15:30:00+00:00,-1,240567,64536.1,114.97857142857121,2026-07-20 03:30:00+00:00,64876.4,0.28064403304963714,-3.240325961359291,-2.959681928309654,True,1.5,64708.56785714286,240574.0,2026-07-19 17:15:00+00:00,7.0,1.75,True,2.880816301174155,3.876094924520099,-1.7410759613592681,-1.781394033049637
3177,3177,2026-07-20 03:45:00+00:00,1,240616,64839.4,256.89999999999935,2026-07-20 15:45:00+00:00,65570.1,0.1261957960295838,2.7181015959517563,2.84429739198134,True,1.5,64454.05,240621.0,2026-07-20 05:00:00+00:00,5.0,1.25,True,1.5883612300506187,0.31938497469831,4.2188515959517545,-1.6254457960295838
3178,3178,2026-07-20 15:45:00+00:00,1,240664,65570.1,307.514285714285,2026-07-21 03:45:00+00:00,65539.5,0.10661309579113656,-0.20612066802937928,-0.0995075722382427,True,1.5,65108.82857142858,240677.0,2026-07-20 19:00:00+00:00,13.0,3.25,False,0.31682616370903083,1.7090959769580505,1.2946293319706113,1.2946293319706113
3179,3179,2026-07-21 08:15:00+00:00,1,240730,66194.5,171.02142857142775,2026-07-21 20:15:00+00:00,66359.6,0.19352691809714834,0.7718491834774632,0.9653761015746116,False,1.5,65937.96785714285,,,,,,,,,
3180,3180,2026-07-22 09:00:00+00:00,-1,240829,65980.5,133.53571428571428,2026-07-22 21:00:00+00:00,65897.7,0.24705188553089066,0.37300695373096593,0.6200588392618566,True,1.5,66180.80357142857,240849.0,2026-07-22 14:00:00+00:00,20.0,5.0,False,1.3688954265847386,4.676678256218172,1.8722569537309195,1.8722569537309195
3181,3181,2026-07-23 03:15:00+00:00,-1,240902,65611.6,146.1357142857118,2026-07-23 15:15:00+00:00,64844.0,0.22448858692996132,5.028163057823088,5.252651644753049,False,1.5,65830.80357142858,,,,,,,,,
3182,3182,2026-07-23 15:15:00+00:00,-1,240950,64844.0,222.80714285714254,2026-07-24 03:15:00+00:00,65296.7,0.14551598114961714,-2.1773179880101208,-2.0318020068605036,True,1.5,65178.21071428571,240973.0,2026-07-23 21:00:00+00:00,23.0,5.75,False,0.8832270060590586,1.9972910588914283,-0.6780679880101239,-0.6780679880101239
3183,3183,2026-07-24 03:45:00+00:00,1,241000,65425.4,147.32857142857185,2026-07-24 15:45:00+00:00,64065.1,0.2220390768932409,-9.45514292640356,-9.23310384951032,True,1.5,65204.40714285714,241021.0,2026-07-24 09:00:00+00:00,21.0,5.25,True,1.932463880539124,0.5857170561427266,-7.95439292640354,-1.721289076893241
3184,3184,2026-07-24 15:45:00+00:00,-1,241048,64065.1,264.9357142857137,2026-07-25 03:45:00+00:00,64052.9,0.12090687767922165,-0.0748579709363569,0.04604890674286475,False,1.5,64462.50357142857,,,,,,,,,
3185,3185,2026-07-25 09:00:00+00:00,1,241117,63840.0,60.128571428570076,2026-07-25 21:00:00+00:00,64254.0,0.5308624376336541,6.354383464005846,6.885245901639499,False,1.5,63749.80714285714,,,,,,,,,
3186,3186,2026-07-26 11:30:00+00:00,1,241223,64470.0,38.935714285713665,2026-07-26 23:30:00+00:00,65379.3,0.8279031370390886,22.52597688497567,23.353880022014756,True,1.5,64411.59642857143,241228.0,2026-07-26 12:45:00+00:00,5.0,1.25,False,0.8192074848652608,29.366446523574112,24.02672688497568,24.02672688497568
3187,3187,2026-07-26 23:30:00+00:00,1,241271,65379.3,142.5571428571436,2026-07-27 11:30:00+00:00,65130.0,0.22930909910812589,-1.9780815211945189,-1.748772422086393,True,1.5,65165.46428571429,241273.0,2026-07-27 00:00:00+00:00,2.0,0.5,True,2.058573003306963,1.6367872532317695,-0.4773315211945352,-1.7285590991081259
3188,3188,2026-07-27 13:15:00+00:00,1,241326,64922.5,126.5714285714291,2026-07-28 01:15:00+00:00,63277.2,0.25646585778780934,-13.255450056433377,-12.998984198645568,True,1.5,64732.642857142855,241331.0,2026-07-27 14:30:00+00:00,5.0,1.25,True,2.4787810383746796,0.9817155756207914,-11.754700056433366,-1.7557158577878094
3189,3189,2026-07-28 01:15:00+00:00,-1,241374,63277.2,266.5285714285715,2026-07-28 13:15:00+00:00,63282.6,0.11870622286541241,-0.13896671490593884,-0.020260492040526438,False,1.5,63676.99285714285,,,,,,,,,
3190,3190,2026-07-28 15:45:00+00:00,1,241432,63899.4,278.14285714285717,2026-07-29 03:45:00+00:00,63727.0,0.11486795069337441,-0.7346933230611248,-0.6198253723677504,True,1.5,63482.18571428572,241439.0,2026-07-28 17:30:00+00:00,7.0,1.75,False,0.01792501284029398,2.490857729840764,0.7660566769388638,0.7660566769388638
3191,3191,2026-07-29 05:45:00+00:00,1,241488,64045.3,146.3500000000001,2026-07-29 17:45:00+00:00,64247.5,0.21880867782712657,1.1628107277075297,1.3816194055346562,True,1.5,63825.775,241531.0,2026-07-29 16:30:00+00:00,43.0,10.75,True,1.5427058421592161,1.5594465322856055,2.6635607277075386,-1.7180586778271265
3192,3192,2026-07-29 17:45:00+00:00,-1,241536,64247.5,221.9857142857145,2026-07-30 05:45:00+00:00,64013.6,0.14471088873157847,0.9089605186949024,1.0536714074264808,True,1.5,64580.47857142857,241537.0,2026-07-29 18:00:00+00:00,1.0,0.25,False,0.5559881588262003,6.065609112555485,2.408210518694886,2.408210518694886
3193,3193,2026-07-30 07:00:00+00:00,-1,241589,64032.8,110.8071428571441,2026-07-30 19:00:00+00:00,64803.6,0.2889380519564204,-7.24516831044918,-6.956230258492759,True,1.5,64199.010714285716,241594.0,2026-07-30 08:15:00+00:00,5.0,1.25,True,1.7678398762328154,2.220170179849149,-5.745918310449208,-1.7896880519564204
3194,3194,2026-07-31 01:00:00+00:00,-1,241661,65162.8,179.79285714285703,2026-07-31 13:00:00+00:00,63739.7,0.18121632036867835,7.734003575543321,7.915219895911999,False,1.5,65432.48928571429,,,,,,,,,
3195,3195,2026-07-31 13:00:00+00:00,-1,241709,63739.7,98.74285714285672,2026-08-01 01:00:00+00:00,62944.0,0.3227560040509273,7.735548394097225,8.058304398148152,False,1.5,63887.81428571428,,,,,,,,,
3196,3196,2026-08-01 07:30:00+00:00,1,241783,63014.4,47.307142857142544,2026-08-01 19:30:00+00:00,62444.2,0.6660135890080069,-12.719161709195404,-12.053148120187398,True,1.5,62943.43928571429,241817.0,2026-08-01 16:00:00+00:00,34.0,8.5,True,2.2119130303487946,1.3351200362372757,-11.21841170919542,-2.1652635890080068
3197,3197,2026-08-01 19:30:00+00:00,-1,241831,62444.2,147.3571428571408,2026-08-02 07:30:00+00:00,63508.7,0.2118804653417383,-7.435826175472717,-7.2239457101309785,True,1.5,62665.23571428571,241837.0,2026-08-01 21:00:00+00:00,6.0,1.5,True,1.9324769752787954,0.2269025690740993,-5.936576175472724,-1.7126304653417384
3198,3198,2026-08-02 07:30:00+00:00,1,241879,63508.7,56.057142857142544,2026-08-02 19:30:00+00:00,63380.6,0.5664639398572916,-2.851632135575933,-2.2851681957186414,True,1.5,63424.614285714284,241882.0,2026-08-02 08:15:00+00:00,3.0,0.75,True,4.297655453618803,0.6776248725790085,-1.3508821355759468,-2.0657139398572917
3199,3199,2026-08-02 23:00:00+00:00,1,241941,63339.1,141.67142857142866,2026-08-03 11:00:00+00:00,62617.0,0.22354225068064926,-5.320547393364915,-5.0970051426842655,True,1.5,63126.59285714285,241950.0,2026-08-03 01:15:00+00:00,9.0,2.25,True,2.693506100635236,0.9847232025814502,-3.819797393364891,-1.7227922506806492
3200,3200,2026-08-03 11:00:00+00:00,-1,241989,62617.0,131.37857142857214,2026-08-03 23:00:00+00:00,63513.5,0.23830750829119646,-7.062099168161763,-6.823791659870566,True,1.5,62814.06785714286,241998.0,2026-08-03 13:15:00+00:00,9.0,2.25,True,4.217066275213356,2.137090197357663,-5.5628491681617644,-1.7390575082911965
3201,3201,2026-08-04 04:30:00+00:00,1,242059,64035.8,157.15714285714265,2026-08-04 16:30:00+00:00,63914.0,0.2037317516589404,-0.9787522043450795,-0.7750204526861391,True,1.5,63800.06428571429,242062.0,2026-08-04 05:15:00+00:00,3.0,0.75,True,1.5211798927370432,0.42337060267245846,0.521997795654924,-1.7029817516589403
3202,3202,2026-08-04 16:30:00+00:00,1,242107,63914.0,228.03571428571428,2026-08-05 04:30:00+00:00,64147.9,0.14014032889584965,0.8855761942051747,1.0257165231010243,False,1.5,63571.94642857143,,,,,,,,,
3203,3203,2026-08-05 09:15:00+00:00,-1,242174,64130.4,101.22142857142899,2026-08-05 21:15:00+00:00,64646.7,0.3167827252840295,-5.417481335120956,-5.100698609836927,True,1.5,64282.232142857145,242186.0,2026-08-05 12:15:00+00:00,12.0,3.0,True,2.894326441323769,1.2668477877355315,-3.9182313351209563,-1.8175327252840294
3204,3204,2026-08-06 06:00:00+00:00,1,242257,64755.6,96.93571428571418,2026-08-06 18:00:00+00:00,64511.6,0.33401311620366997,-2.8511452361653555,-2.5171321199616856,True,1.5,64610.19642857143,242271.0,2026-08-06 09:30:00+00:00,14.0,3.5,True,1.7784614250975959,0.9264239923366118,-1.3503952361653582,-1.8332631162036699
3205,3205,2026-08-07 01:00:00+00:00,-1,242333,64334.3,88.71428571428676,2026-08-07 13:00:00+00:00,65186.1,0.36259267310788623,-9.964202979065856,-9.60161030595797,True,1.5,64467.37142857143,242338.0,2026-08-07 02:15:00+00:00,5.0,1.25,True,2.0202898550724027,3.8220611916263523,-8.464952979065886,-1.8633426731078861
3206,3206,2026-08-07 13:00:00+00:00,1,242381,65186.1,147.02857142857152,2026-08-08 01:00:00+00:00,64922.2,0.22167834240186537,-2.016567576758656,-1.7948892343567906,True,1.5,64965.55714285714,242384.0,2026-08-07 13:45:00+00:00,3.0,0.75,True,2.051010493587245,2.3127671978235465,-0.5158175767586612,-1.7209283424018653
3207,3207,2026-08-09 13:30:00+00:00,1,242575,65193.0,46.042857142856,2026-08-10 01:30:00+00:00,64947.8,0.7079599751784228,-6.033433136829128,-5.325473161650705,True,1.5,65123.93571428572,242579.0,2026-08-09 14:30:00+00:00,4.0,1.0,True,1.7469748681354205,3.3873720136518934,-4.53268313682919,-2.207209975178423
3208,3208,2026-08-10 07:30:00+00:00,1,242647,65303.0,90.97857142857018,2026-08-10 19:30:00+00:00,64000.0,0.3588922038156601,-14.680946062652318,-14.322053858836657,True,1.5,65166.53214285715,242651.0,2026-08-10 08:30:00+00:00,4.0,1.0,True,1.6919604302426945,1.2427965769018854,-13.180196062652351,-1.85814220381566
