flow_id,signal_time,period,book_state,state,level,atr14,entry_time,entry_price,risk_dist,horizon,eligible,covered,traded,parent_exit_time,parent_exit_price,parent_exit_reason,fp_state,fp_time,persistent_failure,persistent_time,persistent_price,final_exit_time,final_exit_price,final_exit_reason,early_exit,net_r_0bps,net_r_5bps,net_r_10bps
79,2021-02-10 08:00:00+00:00,2021,DRIVEN_MOVE,ACCEPT,45690.0,316.06785714285746,2021-02-10 12:30:00+00:00,45174.22,790.1696428571437,2021-02-10 20:00:00+00:00,True,True,True,2021-02-10 13:00:00+00:00,45964.389642857146,SL,ADVERSE_FIRST,2021-02-10 12:45:00+00:00,False,,,2021-02-10 13:00:00+00:00,45964.389642857146,SL,False,-1.0000000000000016,-1.0285851401710768,-1.0571702803421523
83,2021-02-12 09:00:00+00:00,2021,DRIVEN_MOVE,REJECT,46566.84,374.553571428572,,,936.38392857143,2021-02-12 21:00:00+00:00,False,False,False,,,NO_TRADE,NO_TRADE,,False,,,,,NO_TRADE,False,0.0,0.0,0.0
85,2021-02-13 09:00:00+00:00,2021,DRIVEN_MOVE,ACCEPT,46660.01,301.56785714285746,2021-02-13 11:00:00+00:00,46650.57,753.9196428571437,2021-02-13 21:00:00+00:00,True,True,True,2021-02-13 16:15:00+00:00,47404.489642857145,SL,ADVERSE_FIRST,2021-02-13 11:30:00+00:00,True,2021-02-13 12:15:00+00:00,47244.07,2021-02-13 12:15:00+00:00,47244.07,PERSISTENT_FAILURE_EXIT,True,-0.7872191759731869,-0.8181578644938942,-0.8490965530146014
88,2021-02-14 23:15:00+00:00,2021,DRIVEN_MOVE,ACCEPT,48200.0,225.45500000000015,2021-02-15 01:30:00+00:00,48065.21,563.6375000000004,2021-02-15 11:15:00+00:00,True,True,True,2021-02-15 02:15:00+00:00,47219.753749999996,TP,FAVORABLE_FIRST,2021-02-15 02:00:00+00:00,False,,,2021-02-15 02:15:00+00:00,47219.753749999996,TP,False,1.5000000000000042,1.4573615932225985,1.4147231864451928
94,2021-02-18 07:30:00+00:00,2021,DRIVEN_MOVE,REJECT,51385.35,226.65285714285605,,,566.6321428571401,2021-02-18 19:30:00+00:00,False,False,False,,,NO_TRADE,NO_TRADE,,False,,,,,NO_TRADE,False,0.0,0.0,0.0
98,2021-02-20 13:15:00+00:00,2021,DRIVEN_MOVE,ACCEPT,55113.27,379.8928571428577,2021-02-20 22:30:00+00:00,54922.38,949.7321428571443,2021-02-21 01:15:00+00:00,True,True,True,2021-02-20 23:00:00+00:00,55872.11214285714,SL,ADVERSE_FIRST,2021-02-20 22:45:00+00:00,False,,,2021-02-20 23:00:00+00:00,55872.11214285714,SL,False,-1.0000000000000007,-1.028914668421548,-1.0578293368430955
101,2021-02-22 01:15:00+00:00,2021,DRIVEN_MOVE,ACCEPT,56125.53,400.0364285714287,2021-02-22 03:45:00+00:00,55954.31,1000.0910714285717,2021-02-22 13:15:00+00:00,True,True,True,2021-02-22 09:45:00+00:00,54454.17339285714,TP,FAVORABLE_FIRST,2021-02-22 04:30:00+00:00,False,,,2021-02-22 09:45:00+00:00,54454.17339285714,TP,False,1.499999999999999,1.4720253926874505,1.4440507853749023
128,2021-03-08 04:15:00+00:00,2021,DRIVEN_MOVE,ACCEPT,49800.0,372.0014285714289,2021-03-08 07:45:00+00:00,49783.97,930.0035714285723,2021-03-08 16:15:00+00:00,True,True,True,2021-03-08 13:15:00+00:00,50713.97357142857,SL,FAVORABLE_FIRST,2021-03-08 08:15:00+00:00,False,,,2021-03-08 13:15:00+00:00,50713.97357142857,SL,False,-0.9999999999999971,-1.0267654724828217,-1.0535309449656463
131,2021-03-09 16:30:00+00:00,2021,DRIVEN_MOVE,REJECT,53322.85,338.0414285714272,,,845.1035714285681,2021-03-10 04:30:00+00:00,False,False,False,,,NO_TRADE,NO_TRADE,,False,,,,,NO_TRADE,False,0.0,0.0,0.0
139,2021-03-14 10:45:00+00:00,2021,DRIVEN_MOVE,ACCEPT,60300.0,277.83214285714195,2021-03-14 11:00:00+00:00,60173.52,694.5803571428548,2021-03-14 22:45:00+00:00,True,True,True,2021-03-14 22:45:00+00:00,60274.32,TIME,FAVORABLE_FIRST,2021-03-14 11:15:00+00:00,False,,,2021-03-14 22:45:00+00:00,60274.32,TIME,False,-0.14512359723883078,-0.1884400539894383,-0.23175651074004583
144,2021-03-17 00:45:00+00:00,2021,DRIVEN_MOVE,REJECT,54700.0,342.0642857142853,,,855.1607142857132,2021-03-17 12:45:00+00:00,False,False,False,,,NO_TRADE,NO_TRADE,,False,,,,,NO_TRADE,False,0.0,0.0,0.0
155,2021-03-22 19:45:00+00:00,2021,DRIVEN_MOVE,ACCEPT,55643.49,397.6228571428573,2021-03-22 19:45:00+00:00,55563.91,994.0571428571433,2021-03-23 07:45:00+00:00,True,True,True,2021-03-22 20:45:00+00:00,54072.82428571429,TP,ADVERSE_FIRST,2021-03-22 20:15:00+00:00,False,,,2021-03-22 20:45:00+00:00,54072.82428571429,TP,False,1.4999999999999982,1.4720519537537347,1.4441039075074713
159,2021-03-24 19:45:00+00:00,2021,DRIVEN_MOVE,ACCEPT,54722.0,362.33642857142905,2021-03-24 20:00:00+00:00,54362.36,905.8410714285726,2021-03-25 07:45:00+00:00,True,True,True,2021-03-24 22:15:00+00:00,53003.598392857144,TP,FAVORABLE_FIRST,2021-03-24 20:15:00+00:00,False,,,2021-03-24 22:15:00+00:00,53003.598392857144,TP,False,1.4999999999999973,1.4699934338844496,1.439986867768902
188,2021-04-10 15:45:00+00:00,2021,DRIVEN_MOVE,ACCEPT,59078.33,244.8450000000001,2021-04-10 20:45:00+00:00,58709.41,612.1125000000003,2021-04-11 03:45:00+00:00,True,True,True,2021-04-10 22:00:00+00:00,59321.52250000001,SL,ADVERSE_FIRST,2021-04-10 21:00:00+00:00,True,2021-04-10 21:30:00+00:00,59202.97,2021-04-10 21:30:00+00:00,59202.97,PERSISTENT_FAILURE_EXIT,True,-0.8063223672119054,-0.8542787559476361,-0.902235144683367
195,2021-04-14 17:00:00+00:00,2021,DRIVEN_MOVE,ACCEPT,62400.0,518.7142857142857,2021-04-14 17:45:00+00:00,62369.31,1296.7857142857142,2021-04-15 05:00:00+00:00,True,True,True,2021-04-15 05:00:00+00:00,63070.56,TIME,FAVORABLE_FIRST,2021-04-14 18:00:00+00:00,False,,,2021-04-15 05:00:00+00:00,63070.56,TIME,False,-0.5407601211787386,-0.5648077758193335,-0.5888554304599284
200,2021-04-17 10:45:00+00:00,2021,DRIVEN_MOVE,ACCEPT,61201.19,279.0785714285718,2021-04-17 11:30:00+00:00,61030.0,697.6964285714296,2021-04-17 22:45:00+00:00,True,True,True,2021-04-17 17:45:00+00:00,59983.455357142855,TP,FAVORABLE_FIRST,2021-04-17 12:00:00+00:00,False,,,2021-04-17 17:45:00+00:00,59983.455357142855,TP,False,1.5000000000000009,1.456263213124825,1.412526426249649
201,2021-04-17 23:45:00+00:00,2021,DRIVEN_MOVE,ACCEPT,59620.0,246.3914285714288,2021-04-18 00:45:00+00:00,59496.64,615.978571428572,2021-04-18 11:45:00+00:00,True,True,True,2021-04-18 03:00:00+00:00,58572.67214285714,TP,FAVORABLE_FIRST,2021-04-18 01:15:00+00:00,False,,,2021-04-18 03:00:00+00:00,58572.67214285714,TP,False,1.5000000000000024,1.4517055927270222,1.403411185454042
210,2021-04-22 14:45:00+00:00,2021,DRIVEN_MOVE,ACCEPT,53080.29,399.3550000000006,2021-04-22 19:00:00+00:00,52692.25,998.3875000000014,2021-04-23 02:45:00+00:00,True,True,True,2021-04-22 21:00:00+00:00,51194.66875,TP,ADVERSE_FIRST,2021-04-22 19:30:00+00:00,False,,,2021-04-22 21:00:00+00:00,51194.66875,TP,False,1.5000000000000009,1.4736113232587558,1.4472226465175104
220,2021-04-28 18:00:00+00:00,2021,THIN_BOOK,ACCEPT,53852.0,235.6478571428566,2021-04-29 04:30:00+00:00,53711.75,589.1196428571415,2021-04-29 06:00:00+00:00,True,True,True,2021-04-29 06:00:00+00:00,54300.86964285714,SL,ADVERSE_FIRST,2021-04-29 06:00:00+00:00,False,,,2021-04-29 06:00:00+00:00,54300.86964285714,SL,False,-1.0000000000000009,-1.0455864531519499,-1.0911729063038988
229,2021-05-03 23:30:00+00:00,2021,DRIVEN_MOVE,ACCEPT,56500.65,371.0278571428571,2021-05-04 00:45:00+00:00,55318.69,927.5696428571428,2021-05-04 11:30:00+00:00,True,True,True,2021-05-04 05:00:00+00:00,56246.25964285714,SL,ADVERSE_FIRST,2021-05-04 01:45:00+00:00,False,,,2021-05-04 05:00:00+00:00,56246.25964285714,SL,False,-0.9999999999999961,-1.029819157206136,-1.0596383144122756
230,2021-05-04 11:30:00+00:00,2021,DRIVEN_MOVE,ACCEPT,54450.31,304.1371428571438,2021-05-04 15:00:00+00:00,54209.99,760.3428571428594,2021-05-04 23:30:00+00:00,True,True,True,2021-05-04 23:30:00+00:00,53825.54,TIME,FAVORABLE_FIRST,2021-05-04 15:15:00+00:00,False,,,2021-05-04 23:30:00+00:00,53825.54,TIME,False,0.5056271606793874,0.46997877555237716,0.43433039042536686
239,2021-05-09 04:15:00+00:00,2021,DRIVEN_MOVE,REJECT,58020.23,400.0164285714288,,,1000.041071428572,2021-05-09 16:15:00+00:00,False,False,False,,,NO_TRADE,NO_TRADE,,False,,,,,NO_TRADE,False,0.0,0.0,0.0
272,2021-05-27 00:00:00+00:00,2021,THIN_BOOK,ACCEPT,37900.0,261.31285714285644,2021-05-27 01:45:00+00:00,37627.69,653.2821428571411,2021-05-27 12:00:00+00:00,True,True,True,2021-05-27 06:45:00+00:00,38280.97214285714,SL,ADVERSE_FIRST,2021-05-27 02:15:00+00:00,False,,,2021-05-27 06:45:00+00:00,38280.97214285714,SL,False,-0.9999999999999991,-1.0287989580087353,-1.0575979160174716
275,2021-05-28 12:15:00+00:00,2021,DRIVEN_MOVE,ACCEPT,35122.0,525.6207142857145,2021-05-28 21:00:00+00:00,35016.43,1314.0517857142863,2021-05-29 00:15:00+00:00,True,True,True,2021-05-29 00:15:00+00:00,35920.0,TIME,NONE_120,,False,,,2021-05-29 00:15:00+00:00,35920.0,TIME,False,-0.6876213021611178,-0.7009451415944953,-0.7142689810278726
286,2021-06-03 21:45:00+00:00,2021,DRIVEN_MOVE,ACCEPT,38360.0,163.60642857142895,2021-06-04 01:00:00+00:00,38260.0,409.0160714285724,2021-06-04 09:45:00+00:00,True,True,True,2021-06-04 01:15:00+00:00,37646.47589285714,TP,FAVORABLE_FIRST,2021-06-04 01:15:00+00:00,False,,,2021-06-04 01:15:00+00:00,37646.47589285714,TP,False,1.5000000000000056,1.4532292216949267,1.4064584433898482
289,2021-06-05 10:15:00+00:00,2021,DRIVEN_MOVE,REJECT,35392.85,361.00642857142833,,,902.5160714285709,2021-06-05 22:15:00+00:00,False,False,False,,,NO_TRADE,NO_TRADE,,False,,,,,NO_TRADE,False,0.0,0.0,0.0
305,2021-06-16 09:15:00+00:00,2021,DRIVEN_MOVE,ACCEPT,39605.5,171.3764285714283,2021-06-16 11:00:00+00:00,39252.73,428.44107142857075,2021-06-16 21:15:00+00:00,True,True,True,2021-06-16 15:00:00+00:00,38610.068392857145,TP,FAVORABLE_FIRST,2021-06-16 11:30:00+00:00,False,,,2021-06-16 15:00:00+00:00,38610.068392857145,TP,False,1.5000000000000042,1.4541912148278475,1.408382429655691
306,2021-06-16 22:45:00+00:00,2021,DRIVEN_MOVE,ACCEPT,38270.0,219.4121428571421,2021-06-16 23:15:00+00:00,38212.43,548.5303571428552,2021-06-17 10:45:00+00:00,True,True,True,2021-06-17 01:15:00+00:00,38760.96035714285,SL,ADVERSE_FIRST,2021-06-17 00:00:00+00:00,True,2021-06-17 00:30:00+00:00,38614.51,2021-06-17 00:30:00+00:00,38614.51,PERSISTENT_FAILURE_EXIT,True,-0.7330132138799512,-0.7678448594784174,-0.8026765050768835
307,2021-06-17 14:30:00+00:00,2021,DRIVEN_MOVE,ACCEPT,38334.0,230.51,2021-06-17 17:00:00+00:00,38248.82,576.275,2021-06-18 02:30:00+00:00,True,True,True,2021-06-17 20:00:00+00:00,37384.4075,TP,FAVORABLE_FIRST,2021-06-17 17:15:00+00:00,False,,,2021-06-17 20:00:00+00:00,37384.4075,TP,False,1.4999999999999976,1.46681374343846,1.4336274868769225
309,2021-06-18 14:30:00+00:00,2021,DRIVEN_MOVE,ACCEPT,36516.0,303.9442857142858,2021-06-18 15:15:00+00:00,36463.91,759.8607142857145,2021-06-19 02:30:00+00:00,True,True,True,2021-06-18 18:30:00+00:00,35324.118928571435,TP,NONE_120,,False,,,2021-06-18 18:30:00+00:00,35324.118928571435,TP,False,1.4999999999999951,1.4760061881641793,1.4520123763283637
321,2021-06-26 05:00:00+00:00,2021,DRIVEN_MOVE,ACCEPT,31250.0,246.09785714285707,2021-06-26 07:15:00+00:00,31219.91,615.2446428571427,2021-06-26 17:00:00+00:00,True,True,True,2021-06-26 08:00:00+00:00,30297.043035714287,TP,FAVORABLE_FIRST,2021-06-26 07:30:00+00:00,False,,,2021-06-26 08:00:00+00:00,30297.043035714287,TP,False,1.4999999999999984,1.4746280521395365,1.4492561042790744
340,2021-07-07 23:15:00+00:00,2021,DRIVEN_MOVE,ACCEPT,33839.84,160.61785714285674,2021-07-08 00:00:00+00:00,33726.1,401.54464285714187,2021-07-08 11:15:00+00:00,True,True,True,2021-07-08 00:30:00+00:00,33123.78303571429,TP,FAVORABLE_FIRST,2021-07-08 00:15:00+00:00,False,,,2021-07-08 00:30:00+00:00,33123.78303571429,TP,False,1.4999999999999933,1.458004544949185,1.4160090898983766
345,2021-07-12 02:45:00+00:00,2021,DRIVEN_MOVE,ACCEPT,33690.55,112.98500000000006,2021-07-12 11:00:00+00:00,33680.01,282.46250000000015,2021-07-12 14:45:00+00:00,True,True,True,2021-07-12 14:45:00+00:00,33405.94,TIME,FAVORABLE_FIRST,2021-07-12 11:45:00+00:00,False,,,2021-07-12 14:45:00+00:00,33405.94,TIME,False,0.9702880913395568,0.9106695402044505,0.8510509890693441
346,2021-07-12 14:45:00+00:00,2021,THIN_BOOK,REJECT,33333.33,147.04357142857148,,,367.6089285714287,2021-07-13 02:45:00+00:00,False,False,False,,,NO_TRADE,NO_TRADE,,False,,,,,NO_TRADE,False,0.0,0.0,0.0
371,2021-07-28 16:30:00+00:00,2021,DRIVEN_MOVE,ACCEPT,39222.39,257.8421428571419,2021-07-28 17:30:00+00:00,39186.55,644.6053571428547,2021-07-29 04:30:00+00:00,True,True,True,2021-07-28 18:30:00+00:00,39831.15535714286,SL,FAVORABLE_FIRST,2021-07-28 17:45:00+00:00,False,,,2021-07-28 18:30:00+00:00,39831.15535714286,SL,False,-1.0000000000000029,-1.030395768174883,-1.060791536349763
375,2021-08-01 07:30:00+00:00,2021,DRIVEN_MOVE,ACCEPT,41091.77,192.79642857142863,2021-08-01 16:15:00+00:00,40882.99,481.99107142857156,2021-08-01 19:30:00+00:00,True,True,True,2021-08-01 16:45:00+00:00,41364.98107142857,SL,ADVERSE_FIRST,2021-08-01 16:45:00+00:00,False,,,2021-08-01 16:45:00+00:00,41364.98107142857,SL,False,-1.0000000000000018,-1.0424105262767926,-1.0848210525535835
376,2021-08-01 23:00:00+00:00,2021,DRIVEN_MOVE,ACCEPT,39957.23,299.9492857142853,2021-08-01 23:15:00+00:00,39708.86,749.8732142857132,2021-08-02 11:00:00+00:00,True,True,True,2021-08-02 11:00:00+00:00,39500.46,TIME,ADVERSE_FIRST,2021-08-01 23:45:00+00:00,False,,,2021-08-02 11:00:00+00:00,39500.46,TIME,False,0.2779136473070471,0.2514365980915844,0.2249595488761218
379,2021-08-03 15:30:00+00:00,2021,THIN_BOOK,REJECT,37658.69,235.59142857142848,,,588.9785714285712,2021-08-04 03:30:00+00:00,False,False,False,,,NO_TRADE,NO_TRADE,,False,,,,,NO_TRADE,False,0.0,0.0,0.0
387,2021-08-10 11:00:00+00:00,2021,DRIVEN_MOVE,REJECT,45300.0,275.6749999999993,,,689.1874999999982,2021-08-10 23:00:00+00:00,False,False,False,,,NO_TRADE,NO_TRADE,,False,,,,,NO_TRADE,False,0.0,0.0,0.0
389,2021-08-12 01:15:00+00:00,2021,THIN_BOOK,ACCEPT,45363.45,254.98142857142892,2021-08-12 05:15:00+00:00,45192.04,637.4535714285723,2021-08-12 13:15:00+00:00,True,True,True,2021-08-12 13:15:00+00:00,44715.04,TIME,FAVORABLE_FIRST,2021-08-12 05:30:00+00:00,False,,,2021-08-12 13:15:00+00:00,44715.04,TIME,False,0.7482897914133791,0.7128424725610258,0.6773951537086724
396,2021-08-16 14:00:00+00:00,2021,DRIVEN_MOVE,ACCEPT,46331.92,264.0185714285721,2021-08-16 14:30:00+00:00,46242.9,660.0464285714303,2021-08-17 02:00:00+00:00,True,True,True,2021-08-17 00:15:00+00:00,45252.830357142855,TP,NONE_120,,False,,,2021-08-17 00:15:00+00:00,45252.830357142855,TP,False,1.5000000000000016,1.4649699642341194,1.4299399284682373
398,2021-08-17 15:30:00+00:00,2021,DRIVEN_MOVE,REJECT,45657.0,264.9721428571419,,,662.4303571428547,2021-08-18 03:30:00+00:00,False,False,False,,,NO_TRADE,NO_TRADE,,False,,,,,NO_TRADE,False,0.0,0.0,0.0
401,2021-08-19 03:30:00+00:00,2021,DRIVEN_MOVE,ACCEPT,44125.0,233.47785714285783,2021-08-19 03:45:00+00:00,44058.62,583.6946428571446,2021-08-19 15:30:00+00:00,True,True,True,2021-08-19 07:45:00+00:00,44642.31464285715,SL,ADVERSE_FIRST,2021-08-19 05:15:00+00:00,True,2021-08-19 05:45:00+00:00,44404.65,2021-08-19 05:45:00+00:00,44404.65,PERSISTENT_FAILURE_EXIT,True,-0.5928270958702072,-0.6305682508894962,-0.6683094059087852
406,2021-08-22 13:30:00+00:00,2021,DRIVEN_MOVE,ACCEPT,48616.41,185.6185714285712,2021-08-22 14:45:00+00:00,48290.01,464.04642857142795,2021-08-23 01:30:00+00:00,True,True,True,2021-08-22 16:30:00+00:00,48754.05642857143,SL,ADVERSE_FIRST,2021-08-22 15:30:00+00:00,False,,,2021-08-22 16:30:00+00:00,48754.05642857143,SL,False,-0.999999999999996,-1.0520314423587502,-1.1040628847175045
408,2021-08-23 15:00:00+00:00,2021,DRIVEN_MOVE,ACCEPT,49730.0,184.88857142857108,2021-08-23 15:30:00+00:00,49607.01,462.22142857142774,2021-08-24 03:00:00+00:00,True,True,True,2021-08-24 01:00:00+00:00,48913.67785714286,TP,ADVERSE_FIRST,2021-08-23 17:00:00+00:00,False,,,2021-08-24 01:00:00+00:00,48913.67785714286,TP,False,1.500000000000004,1.4463384787748645,1.3926769575497249
410,2021-08-24 21:30:00+00:00,2021,DRIVEN_MOVE,ACCEPT,47750.05,227.16142857142768,2021-08-24 23:45:00+00:00,47719.36,567.9035714285692,2021-08-25 09:30:00+00:00,True,True,True,2021-08-25 02:00:00+00:00,48287.26357142857,SL,ADVERSE_FIRST,2021-08-25 00:00:00+00:00,True,2021-08-25 00:30:00+00:00,48000.0,2021-08-25 00:30:00+00:00,48000.0,PERSISTENT_FAILURE_EXIT,True,-0.4941684013256787,-0.5361820127914081,-0.5781956242571374
411,2021-08-25 09:30:00+00:00,2021,DRIVEN_MOVE,REJECT,47222.0,237.4321428571425,,,593.5803571428563,2021-08-25 21:30:00+00:00,False,False,False,,,NO_TRADE,NO_TRADE,,False,,,,,NO_TRADE,False,0.0,0.0,0.0
417,2021-08-28 20:45:00+00:00,2021,DRIVEN_MOVE,ACCEPT,48395.65,136.95285714285637,2021-08-29 03:15:00+00:00,48247.36,342.38214285714093,2021-08-29 08:45:00+00:00,True,True,True,2021-08-29 07:15:00+00:00,48589.74214285714,SL,FAVORABLE_FIRST,2021-08-29 04:00:00+00:00,False,,,2021-08-29 07:15:00+00:00,48589.74214285714,SL,False,-0.9999999999999947,-1.0704583475022638,-1.140916695004533
426,2021-09-02 21:45:00+00:00,2021,DRIVEN_MOVE,ACCEPT,49251.0,145.82928571428576,2021-09-03 00:30:00+00:00,48650.01,364.5732142857144,2021-09-03 09:45:00+00:00,True,True,True,2021-09-03 02:45:00+00:00,49014.58321428572,SL,FAVORABLE_FIRST,2021-09-03 01:15:00+00:00,False,,,2021-09-03 02:45:00+00:00,49014.58321428572,SL,False,-1.0000000000000042,-1.0667218655864776,-1.133443731172951
429,2021-09-04 11:30:00+00:00,2021,DRIVEN_MOVE,ACCEPT,49615.0,196.5585714285709,2021-09-04 17:15:00+00:00,49603.24,491.39642857142724,2021-09-04 23:30:00+00:00,True,True,True,2021-09-04 20:00:00+00:00,50094.63642857142,SL,ADVERSE_FIRST,2021-09-04 17:45:00+00:00,True,2021-09-04 18:15:00+00:00,49929.94,2021-09-04 18:15:00+00:00,49929.94,PERSISTENT_FAILURE_EXIT,True,-0.6648399968021271,-0.7153117107950483,-0.7657834247879695
433,2021-09-07 08:45:00+00:00,2021,DRIVEN_MOVE,ACCEPT,51222.0,256.5364285714303,2021-09-07 09:30:00+00:00,50823.57,641.3410714285758,2021-09-07 20:45:00+00:00,True,True,True,2021-09-07 14:15:00+00:00,49861.558392857136,TP,ADVERSE_FIRST,2021-09-07 10:00:00+00:00,False,,,2021-09-07 14:15:00+00:00,49861.558392857136,TP,False,1.5000000000000002,1.4603771126907628,1.4207542253815255
436,2021-09-09 00:00:00+00:00,2021,DRIVEN_MOVE,REJECT,45606.57,264.88071428571493,,,662.2017857142873,2021-09-09 12:00:00+00:00,False,False,False,,,NO_TRADE,NO_TRADE,,False,,,,,NO_TRADE,False,0.0,0.0,0.0
438,2021-09-10 05:00:00+00:00,2021,THIN_BOOK,REJECT,46053.22,172.65285714285605,,,431.63214285714014,2021-09-10 17:00:00+00:00,False,False,False,,,NO_TRADE,NO_TRADE,,False,,,,,NO_TRADE,False,0.0,0.0,0.0
439,2021-09-10 17:30:00+00:00,2021,DRIVEN_MOVE,ACCEPT,44758.15,315.552857142857,2021-09-10 21:30:00+00:00,44608.96,788.8821428571425,2021-09-11 05:30:00+00:00,True,True,True,2021-09-11 01:15:00+00:00,45397.84214285714,SL,FAVORABLE_FIRST,2021-09-10 21:45:00+00:00,False,,,2021-09-11 01:15:00+00:00,45397.84214285714,SL,False,-0.9999999999999957,-1.028273526282665,-1.0565470525653344
442,2021-09-12 21:15:00+00:00,2021,DRIVEN_MOVE,REJECT,44910.54,225.96285714285736,,,564.9071428571434,2021-09-13 09:15:00+00:00,False,False,False,,,NO_TRADE,NO_TRADE,,False,,,,,NO_TRADE,False,0.0,0.0,0.0
450,2021-09-18 21:15:00+00:00,2021,DRIVEN_MOVE,ACCEPT,47813.66,155.89214285714272,2021-09-19 01:15:00+00:00,47722.53,389.7303571428568,2021-09-19 09:15:00+00:00,True,True,True,2021-09-19 06:00:00+00:00,48112.260357142855,SL,ADVERSE_FIRST,2021-09-19 02:15:00+00:00,True,2021-09-19 02:45:00+00:00,48008.17,2021-09-19 02:45:00+00:00,48008.17,PERSISTENT_FAILURE_EXIT,True,-0.732916989310374,-0.7941420505935872,-0.8553671118768005
451,2021-09-19 12:00:00+00:00,2021,DRIVEN_MOVE,REJECT,47186.03,168.66571428571427,,,421.6642857142857,2021-09-20 00:00:00+00:00,False,False,False,,,NO_TRADE,NO_TRADE,,False,,,,,NO_TRADE,False,0.0,0.0,0.0
452,2021-09-20 00:30:00+00:00,2021,DRIVEN_MOVE,REJECT,46805.0,247.4157142857148,,,618.5392857142871,2021-09-20 12:30:00+00:00,False,False,False,,,NO_TRADE,NO_TRADE,,False,,,,,NO_TRADE,False,0.0,0.0,0.0
473,2021-10-03 17:45:00+00:00,2021,DRIVEN_MOVE,ACCEPT,47601.26,204.26571428571384,2021-10-04 03:00:00+00:00,47532.47,510.6642857142846,2021-10-04 05:45:00+00:00,True,True,True,2021-10-04 05:45:00+00:00,47758.2,TIME,FAVORABLE_FIRST,2021-10-04 04:00:00+00:00,False,,,2021-10-04 05:45:00+00:00,47758.2,TIME,False,-0.44203208705746716,-0.48857192872028743,-0.5351117703831076
485,2021-10-12 10:30:00+00:00,2021,DRIVEN_MOVE,ACCEPT,56440.01,256.6471428571432,2021-10-12 14:45:00+00:00,56419.19,641.6178571428579,2021-10-12 22:30:00+00:00,True,True,True,2021-10-12 19:45:00+00:00,55456.76321428572,TP,FAVORABLE_FIRST,2021-10-12 15:00:00+00:00,False,,,2021-10-12 19:45:00+00:00,55456.76321428572,TP,False,1.4999999999999956,1.456033650426095,1.412067300852194
492,2021-10-16 10:15:00+00:00,2021,DRIVEN_MOVE,ACCEPT,60947.51,234.44642857142856,2021-10-16 12:45:00+00:00,60723.66,586.1160714285713,2021-10-16 22:15:00+00:00,True,True,True,2021-10-16 14:00:00+00:00,61309.776071428576,SL,ADVERSE_FIRST,2021-10-16 13:30:00+00:00,False,,,2021-10-16 14:00:00+00:00,61309.776071428576,SL,False,-1.000000000000002,-1.0518017360042673,-1.1036034720085328
501,2021-10-22 03:30:00+00:00,2021,DRIVEN_MOVE,ACCEPT,62020.82,311.47499999999906,2021-10-22 14:15:00+00:00,61875.13,778.6874999999976,2021-10-22 15:30:00+00:00,True,True,True,2021-10-22 15:15:00+00:00,60707.098750000005,TP,FAVORABLE_FIRST,2021-10-22 14:30:00+00:00,False,,,2021-10-22 15:15:00+00:00,60707.098750000005,TP,False,1.4999999999999953,1.4602696010915757,1.4205392021831558
510,2021-10-26 22:30:00+00:00,2021,DRIVEN_MOVE,REJECT,60071.8,462.4757142857135,,,1156.1892857142836,2021-10-27 10:30:00+00:00,False,False,False,,,NO_TRADE,NO_TRADE,,False,,,,,NO_TRADE,False,0.0,0.0,0.0
519,2021-10-31 17:00:00+00:00,2021,DRIVEN_MOVE,REJECT,60008.0,280.12642857142833,,,700.3160714285708,2021-11-01 05:00:00+00:00,False,False,False,,,NO_TRADE,NO_TRADE,,False,,,,,NO_TRADE,False,0.0,0.0,0.0
528,2021-11-05 14:15:00+00:00,2021,DRIVEN_MOVE,ACCEPT,61200.0,282.2478571428568,2021-11-05 15:00:00+00:00,61002.34,705.619642857142,2021-11-06 02:15:00+00:00,True,True,True,2021-11-06 02:15:00+00:00,61032.2,TIME,NONE_120,,False,,,2021-11-06 02:15:00+00:00,61032.2,TIME,False,-0.04231741605023028,-0.08554349444637152,-0.12876957284251275
540,2021-11-12 04:45:00+00:00,2021,THIN_BOOK,ACCEPT,64105.0,267.02500000000043,2021-11-12 09:45:00+00:00,63867.68,667.5625000000011,2021-11-12 16:45:00+00:00,True,True,True,2021-11-12 16:00:00+00:00,62866.33625,TP,ADVERSE_FIRST,2021-11-12 10:15:00+00:00,False,,,2021-11-12 16:00:00+00:00,62866.33625,TP,False,1.4999999999999973,1.452163520269635,1.404327040539273
544,2021-11-14 09:00:00+00:00,2021,THIN_BOOK,ACCEPT,64103.0,250.80857142857192,2021-11-14 15:00:00+00:00,64049.11,627.0214285714299,2021-11-14 21:00:00+00:00,True,True,True,2021-11-14 21:00:00+00:00,64338.31,TIME,FAVORABLE_FIRST,2021-11-14 16:30:00+00:00,False,,,2021-11-14 21:00:00+00:00,64338.31,TIME,False,-0.4612282560404578,-0.5123023558092057,-0.5633764555779535
547,2021-11-15 21:30:00+00:00,2021,DRIVEN_MOVE,ACCEPT,63351.58,296.67071428571427,2021-11-16 00:00:00+00:00,62843.22,741.6767857142856,2021-11-16 09:30:00+00:00,True,True,True,2021-11-16 01:00:00+00:00,61730.704821428575,TP,FAVORABLE_FIRST,2021-11-16 01:00:00+00:00,False,,,2021-11-16 01:00:00+00:00,61730.704821428575,TP,False,1.499999999999997,1.457634362292004,1.4152687245840114
553,2021-11-18 21:30:00+00:00,2021,DRIVEN_MOVE,REJECT,56600.0,314.394285714286,,,785.9857142857151,2021-11-19 09:30:00+00:00,False,False,False,,,NO_TRADE,NO_TRADE,,False,,,,,NO_TRADE,False,0.0,0.0,0.0
567,2021-11-26 03:30:00+00:00,2021,THIN_BOOK,ACCEPT,58060.0,253.5185714285721,2021-11-26 03:45:00+00:00,57963.99,633.7964285714303,2021-11-26 15:30:00+00:00,True,True,True,2021-11-26 07:30:00+00:00,57013.29535714285,TP,FAVORABLE_FIRST,2021-11-26 05:15:00+00:00,False,,,2021-11-26 07:30:00+00:00,57013.29535714285,TP,False,1.5000000000000016,1.454272391428074,1.4085447828561464
575,2021-11-30 04:15:00+00:00,2021,DRIVEN_MOVE,ACCEPT,56800.16,252.6657142857153,2021-11-30 05:30:00+00:00,56657.27,631.6642857142882,2021-11-30 16:15:00+00:00,True,True,True,2021-11-30 08:45:00+00:00,57288.934285714284,SL,FAVORABLE_FIRST,2021-11-30 05:45:00+00:00,False,,,2021-11-30 08:45:00+00:00,57288.934285714284,SL,False,-0.999999999999998,-1.044847612316667,-1.0896952246333358
581,2021-12-03 04:15:00+00:00,2021,DRIVEN_MOVE,ACCEPT,56039.96,225.3235714285713,2021-12-03 15:45:00+00:00,56030.73,563.3089285714283,2021-12-03 16:15:00+00:00,True,True,True,2021-12-03 16:00:00+00:00,55185.76660714286,TP,FAVORABLE_FIRST,2021-12-03 16:00:00+00:00,False,,,2021-12-03 16:00:00+00:00,55185.76660714286,TP,False,1.4999999999999993,1.450266428279331,1.4005328565586626
582,2021-12-03 16:15:00+00:00,2021,DRIVEN_MOVE,ACCEPT,55000.0,379.9149999999999,2021-12-03 17:00:00+00:00,54923.19,949.7874999999998,2021-12-04 04:15:00+00:00,True,True,True,2021-12-03 20:00:00+00:00,53498.50875,TP,FAVORABLE_FIRST,2021-12-03 18:45:00+00:00,False,,,2021-12-03 20:00:00+00:00,53498.50875,TP,False,1.5000000000000018,1.4710865904215433,1.442173180843085
583,2021-12-04 04:15:00+00:00,2021,DRIVEN_MOVE,ACCEPT,50604.0,363.4264285714276,2021-12-04 04:45:00+00:00,50278.8,908.566071428569,2021-12-04 16:15:00+00:00,True,True,True,2021-12-04 05:00:00+00:00,48915.95089285715,TP,FAVORABLE_FIRST,2021-12-04 05:00:00+00:00,False,,,2021-12-04 05:00:00+00:00,48915.95089285715,TP,False,1.499999999999997,1.47233068591206,1.444661371824123
593,2021-12-09 18:15:00+00:00,2021,THIN_BOOK,ACCEPT,48062.5,351.2735714285716,2021-12-09 18:15:00+00:00,47869.55,878.183928571429,2021-12-10 06:15:00+00:00,True,True,True,2021-12-10 00:30:00+00:00,48747.73392857143,SL,FAVORABLE_FIRST,2021-12-09 20:00:00+00:00,False,,,2021-12-10 00:30:00+00:00,48747.73392857143,SL,False,-1.0000000000000018,-1.0272548542751596,-1.0545097085503177
599,2021-12-13 01:15:00+00:00,2021,DRIVEN_MOVE,ACCEPT,49001.0,274.12714285714327,2021-12-13 01:15:00+00:00,48987.13,685.3178571428582,2021-12-13 13:15:00+00:00,True,True,True,2021-12-13 13:15:00+00:00,48363.45,TIME,FAVORABLE_FIRST,2021-12-13 01:45:00+00:00,False,,,2021-12-13 13:15:00+00:00,48363.45,TIME,False,0.9100594614594886,0.8743190167232088,0.838578571986929
600,2021-12-13 14:45:00+00:00,2021,THIN_BOOK,ACCEPT,47699.7,244.71785714285733,2021-12-13 15:00:00+00:00,47674.15,611.7946428571433,2021-12-14 02:45:00+00:00,True,True,True,2021-12-13 16:15:00+00:00,46756.458035714284,TP,FAVORABLE_FIRST,2021-12-13 15:15:00+00:00,False,,,2021-12-13 16:15:00+00:00,46756.458035714284,TP,False,1.500000000000004,1.461037457129935,1.4220749142598659
606,2021-12-17 01:00:00+00:00,2021,THIN_BOOK,ACCEPT,47358.66,251.40999999999983,2021-12-17 07:00:00+00:00,47010.5,628.5249999999995,2021-12-17 13:00:00+00:00,True,True,True,2021-12-17 13:00:00+00:00,47008.0,TIME,NONE_120,,False,,,2021-12-17 13:00:00+00:00,47008.0,TIME,False,0.0039775665248001305,-0.03341991169802318,-0.07081738992084648
607,2021-12-17 14:45:00+00:00,2021,DRIVEN_MOVE,ACCEPT,45750.0,302.44214285714145,2021-12-17 15:00:00+00:00,45674.73,756.1053571428536,2021-12-18 02:45:00+00:00,True,True,True,2021-12-17 15:30:00+00:00,46430.83535714286,SL,ADVERSE_FIRST,2021-12-17 15:30:00+00:00,False,,,2021-12-17 15:30:00+00:00,46430.83535714286,SL,False,-1.000000000000004,-1.0302039455007965,-1.060407891001589
616,2021-12-22 14:45:00+00:00,2021,DRIVEN_MOVE,ACCEPT,48420.02,203.24571428571497,2021-12-23 00:00:00+00:00,48382.22,508.1142857142874,2021-12-23 02:45:00+00:00,True,True,True,2021-12-23 02:45:00+00:00,48338.85,TIME,FAVORABLE_FIRST,2021-12-23 00:15:00+00:00,False,,,2021-12-23 02:45:00+00:00,48338.85,TIME,False,0.0853548133153445,0.03774522885740494,-0.009864355600534627
622,2021-12-26 11:45:00+00:00,2021,THIN_BOOK,REJECT,49611.45,159.8221428571425,,,399.5553571428562,2021-12-26 23:45:00+00:00,False,False,False,,,NO_TRADE,NO_TRADE,,False,,,,,NO_TRADE,False,0.0,0.0,0.0
625,2021-12-28 00:45:00+00:00,2021,THIN_BOOK,ACCEPT,50030.0,268.7314285714284,2021-12-28 01:30:00+00:00,49800.17,671.828571428571,2021-12-28 12:45:00+00:00,True,True,True,2021-12-28 04:15:00+00:00,48792.427142857145,TP,NONE_120,,False,,,2021-12-28 04:15:00+00:00,48792.427142857145,TP,False,1.4999999999999958,1.46293684719741,1.4258736943948243
650,2022-02-02 15:15:00+00:00,2022,DRIVEN_MOVE,ACCEPT,37550.0,207.3614285714279,2022-02-02 15:45:00+00:00,37419.51,518.4035714285698,2022-02-03 03:15:00+00:00,True,True,True,2022-02-02 21:30:00+00:00,36641.904642857146,TP,FAVORABLE_FIRST,2022-02-02 16:00:00+00:00,False,,,2022-02-02 21:30:00+00:00,36641.904642857146,TP,False,1.5000000000000036,1.463908900263863,1.4278178005277224
655,2022-02-08 06:15:00+00:00,2022,DRIVEN_MOVE,REJECT,43550.0,255.96714285714344,,,639.9178571428586,2022-02-08 18:15:00+00:00,False,False,False,,,NO_TRADE,NO_TRADE,,False,,,,,NO_TRADE,False,0.0,0.0,0.0
665,2022-02-14 19:15:00+00:00,2022,DRIVEN_MOVE,REJECT,41906.44,206.94642857142804,,,517.3660714285701,2022-02-15 07:15:00+00:00,False,False,False,,,NO_TRADE,NO_TRADE,,False,,,,,NO_TRADE,False,0.0,0.0,0.0
668,2022-02-16 14:00:00+00:00,2022,DRIVEN_MOVE,ACCEPT,43502.1,164.95000000000124,2022-02-16 14:45:00+00:00,43492.2,412.37500000000307,2022-02-17 02:00:00+00:00,True,True,True,2022-02-16 19:00:00+00:00,43904.575,SL,ADVERSE_FIRST,2022-02-16 16:45:00+00:00,True,2022-02-16 17:15:00+00:00,43648.9,2022-02-16 17:15:00+00:00,43648.9,PERSISTENT_FAILURE_EXIT,True,-0.3799939375568432,-0.4327277356774854,-0.4854615337981276
690,2022-03-03 15:45:00+00:00,2022,DRIVEN_MOVE,ACCEPT,42422.0,296.22857142857174,2022-03-03 16:00:00+00:00,42370.1,740.5714285714294,2022-03-04 03:45:00+00:00,True,True,True,2022-03-04 01:00:00+00:00,41259.24285714285,TP,ADVERSE_FIRST,2022-03-03 16:15:00+00:00,False,,,2022-03-04 01:00:00+00:00,41259.24285714285,TP,False,1.5000000000000013,1.4713936439043223,1.4427872878086434
692,2022-03-04 15:45:00+00:00,2022,DRIVEN_MOVE,REJECT,40540.0,361.9500000000002,,,904.8750000000006,2022-03-05 03:45:00+00:00,False,False,False,,,NO_TRADE,NO_TRADE,,False,,,,,NO_TRADE,False,0.0,0.0,0.0
703,2022-03-10 05:15:00+00:00,2022,THIN_BOOK,REJECT,39090.0,328.50714285714275,,,821.2678571428569,2022-03-10 17:15:00+00:00,False,False,False,,,NO_TRADE,NO_TRADE,,False,,,,,NO_TRADE,False,0.0,0.0,0.0
704,2022-03-10 17:30:00+00:00,2022,DRIVEN_MOVE,ACCEPT,38512.0,265.8142857142858,2022-03-11 02:00:00+00:00,38276.6,664.5357142857144,2022-03-11 05:30:00+00:00,True,True,True,2022-03-11 05:30:00+00:00,38677.3,TIME,ADVERSE_FIRST,2022-03-11 03:30:00+00:00,True,2022-03-11 04:00:00+00:00,38585.1,2022-03-11 04:00:00+00:00,38585.1,PERSISTENT_FAILURE_EXIT,True,-0.4642338904713279,-0.4930333960337506,-0.5218329015961733
708,2022-03-13 00:15:00+00:00,2022,THIN_BOOK,ACCEPT,38637.9,108.54285714285548,2022-03-13 12:15:00+00:00,38460.6,271.3571428571387,2022-03-13 12:15:00+00:00,True,True,False,,,NO_TRADE,NO_TRADE,,False,,,,,NO_TRADE,False,0.0,0.0,0.0
709,2022-03-13 12:15:00+00:00,2022,THIN_BOOK,ACCEPT,38511.8,154.0928571428563,2022-03-13 12:15:00+00:00,38460.6,385.23214285714073,2022-03-14 00:15:00+00:00,True,True,True,2022-03-13 13:00:00+00:00,38845.832142857136,SL,ADVERSE_FIRST,2022-03-13 13:00:00+00:00,False,,,2022-03-13 13:00:00+00:00,38845.832142857136,SL,False,-0.999999999999992,-1.0499187317480105,-1.0998374634960293
717,2022-03-18 03:00:00+00:00,2022,DRIVEN_MOVE,REJECT,40170.1,161.96428571428623,,,404.9107142857156,2022-03-18 15:00:00+00:00,False,False,False,,,NO_TRADE,NO_TRADE,,False,,,,,NO_TRADE,False,0.0,0.0,0.0
720,2022-03-20 19:15:00+00:00,2022,DRIVEN_MOVE,ACCEPT,40900.0,178.43571428571522,2022-03-21 02:30:00+00:00,40713.2,446.08928571428805,2022-03-21 07:15:00+00:00,True,True,True,2022-03-21 07:15:00+00:00,40932.0,TIME,ADVERSE_FIRST,2022-03-21 03:30:00+00:00,True,2022-03-21 06:00:00+00:00,41010.6,2022-03-21 06:00:00+00:00,41010.6,PERSISTENT_FAILURE_EXIT,True,-0.666682678835915,-0.7123161442696444,-0.7579496097033738
731,2022-03-29 16:15:00+00:00,2022,DRIVEN_MOVE,REJECT,47112.0,215.4142857142849,,,538.5357142857122,2022-03-30 04:15:00+00:00,False,False,False,,,NO_TRADE,NO_TRADE,,False,,,,,NO_TRADE,False,0.0,0.0,0.0
733,2022-03-30 19:30:00+00:00,2022,THIN_BOOK,REJECT,46850.0,210.235714285714,,,525.589285714285,2022-03-31 07:30:00+00:00,False,False,False,,,NO_TRADE,NO_TRADE,,False,,,,,NO_TRADE,False,0.0,0.0,0.0
734,2022-03-31 13:45:00+00:00,2022,DRIVEN_MOVE,ACCEPT,46890.0,164.24285714285725,2022-03-31 14:00:00+00:00,46484.4,410.6071428571431,2022-04-01 01:45:00+00:00,True,True,True,2022-03-31 16:00:00+00:00,45868.489285714284,TP,FAVORABLE_FIRST,2022-03-31 14:15:00+00:00,False,,,2022-03-31 16:00:00+00:00,45868.489285714284,TP,False,1.5000000000000067,1.4433955292685114,1.3867910585370165
735,2022-04-01 01:45:00+00:00,2022,DRIVEN_MOVE,ACCEPT,45015.0,224.1642857142859,2022-04-01 01:45:00+00:00,44926.1,560.4107142857148,2022-04-01 13:45:00+00:00,True,True,True,2022-04-01 13:30:00+00:00,45486.510714285716,SL,FAVORABLE_FIRST,2022-04-01 02:15:00+00:00,False,,,2022-04-01 13:30:00+00:00,45486.510714285716,SL,False,-1.0000000000000047,-1.0400831915368238,-1.0801663830736432
753,2022-04-10 18:00:00+00:00,2022,DRIVEN_MOVE,ACCEPT,42419.9,155.72857142857123,2022-04-10 22:15:00+00:00,42370.0,389.3214285714281,2022-04-11 06:00:00+00:00,True,True,True,2022-04-11 00:15:00+00:00,41786.017857142855,TP,FAVORABLE_FIRST,2022-04-10 22:30:00+00:00,False,,,2022-04-11 00:15:00+00:00,41786.017857142855,TP,False,1.500000000000007,1.4455848087331509,1.3911696174662944
755,2022-04-11 19:30:00+00:00,2022,DRIVEN_MOVE,ACCEPT,39827.5,265.726428571429,2022-04-11 20:00:00+00:00,39658.3,664.3160714285725,2022-04-12 07:30:00+00:00,True,True,True,2022-04-12 07:30:00+00:00,40082.6,TIME,ADVERSE_FIRST,2022-04-11 20:15:00+00:00,False,,,2022-04-12 07:30:00+00:00,40082.6,TIME,False,-0.6387019948013052,-0.6685509640688386,-0.6983999333363721
766,2022-04-17 23:15:00+00:00,2022,DRIVEN_MOVE,ACCEPT,39768.0,155.45000000000124,2022-04-17 23:15:00+00:00,39628.0,388.62500000000307,2022-04-18 11:15:00+00:00,True,True,True,2022-04-18 04:15:00+00:00,39045.06249999999,TP,NONE_120,,False,,,2022-04-18 04:15:00+00:00,39045.06249999999,TP,False,1.5000000000000069,1.4490151174011008,1.398030234802195
770,2022-04-20 07:00:00+00:00,2022,DRIVEN_MOVE,ACCEPT,41187.3,80.72857142857174,2022-04-20 15:15:00+00:00,41176.0,201.82142857142935,2022-04-20 19:00:00+00:00,True,True,True,2022-04-20 16:30:00+00:00,41377.82142857143,SL,ADVERSE_FIRST,2022-04-20 15:45:00+00:00,False,,,2022-04-20 16:30:00+00:00,41377.82142857143,SL,False,-0.999999999999991,-1.102010971509458,-1.204021943018925
782,2022-04-26 21:30:00+00:00,2022,DRIVEN_MOVE,REJECT,37680.0,281.1214285714294,,,702.8035714285736,2022-04-27 09:30:00+00:00,False,False,False,,,NO_TRADE,NO_TRADE,,False,,,,,NO_TRADE,False,0.0,0.0,0.0
786,2022-04-28 22:45:00+00:00,2022,DRIVEN_MOVE,ACCEPT,38861.8,173.30000000000032,2022-04-29 10:45:00+00:00,38789.5,433.2500000000008,2022-04-29 10:45:00+00:00,True,True,False,,,NO_TRADE,NO_TRADE,,False,,,,,NO_TRADE,False,0.0,0.0,0.0
787,2022-04-29 10:45:00+00:00,2022,DRIVEN_MOVE,ACCEPT,38890.0,164.2785714285705,2022-04-29 10:45:00+00:00,38789.5,410.6964285714263,2022-04-29 22:45:00+00:00,True,True,True,2022-04-29 13:30:00+00:00,39200.19642857143,SL,ADVERSE_FIRST,2022-04-29 12:15:00+00:00,False,,,2022-04-29 13:30:00+00:00,39200.19642857143,SL,False,-1.000000000000003,-1.0472240532197086,-1.094448106439414
791,2022-05-01 16:15:00+00:00,2022,DRIVEN_MOVE,ACCEPT,37812.0,148.97857142857123,2022-05-01 19:15:00+00:00,37764.7,372.4464285714281,2022-05-02 04:15:00+00:00,True,True,True,2022-05-01 20:45:00+00:00,38137.146428571425,SL,ADVERSE_FIRST,2022-05-01 19:30:00+00:00,True,2022-05-01 20:30:00+00:00,37885.0,2022-05-01 20:30:00+00:00,37885.0,PERSISTENT_FAILURE_EXIT,True,-0.32299947259913564,-0.3736976362851884,-0.42439579997124105
798,2022-05-05 14:15:00+00:00,2022,DRIVEN_MOVE,ACCEPT,38722.0,154.27142857142826,2022-05-05 14:15:00+00:00,38650.5,385.67857142857065,2022-05-06 02:15:00+00:00,True,True,True,2022-05-05 15:00:00+00:00,38071.982142857145,TP,FAVORABLE_FIRST,2022-05-05 14:30:00+00:00,False,,,2022-05-05 15:00:00+00:00,38071.982142857145,TP,False,1.4999999999999976,1.4498928604500392,1.3997857209000806
804,2022-05-08 22:00:00+00:00,2022,DRIVEN_MOVE,ACCEPT,33665.0,173.17857142857142,2022-05-09 02:15:00+00:00,33542.7,432.94642857142856,2022-05-09 10:00:00+00:00,True,True,True,2022-05-09 10:00:00+00:00,33350.4,TIME,FAVORABLE_FIRST,2022-05-09 02:45:00+00:00,False,,,2022-05-09 10:00:00+00:00,33350.4,TIME,False,0.44416580738295547,0.40542810476385877,0.366690402144762
808,2022-05-10 22:00:00+00:00,2022,DRIVEN_MOVE,REJECT,30210.9,295.37142857142834,,,738.4285714285709,2022-05-11 10:00:00+00:00,False,False,False,,,NO_TRADE,NO_TRADE,,False,,,,,NO_TRADE,False,0.0,0.0,0.0
823,2022-05-18 18:30:00+00:00,2022,THIN_BOOK,ACCEPT,28726.7,208.99999999999972,2022-05-18 23:45:00+00:00,28700.6,522.4999999999993,2022-05-19 06:30:00+00:00,True,True,True,2022-05-19 02:45:00+00:00,29223.1,SL,ADVERSE_FIRST,2022-05-19 00:15:00+00:00,True,2022-05-19 00:45:00+00:00,28899.3,2022-05-19 00:45:00+00:00,28899.3,PERSISTENT_FAILURE_EXIT,True,-0.3802870813397148,-0.40775177033493015,-0.43521645933014547
826,2022-05-20 14:45:00+00:00,2022,DRIVEN_MOVE,ACCEPT,29700.8,212.5071428571433,2022-05-20 14:45:00+00:00,29485.7,531.2678571428582,2022-05-21 02:45:00+00:00,True,True,True,2022-05-21 02:45:00+00:00,29210.7,TIME,FAVORABLE_FIRST,2022-05-20 15:15:00+00:00,False,,,2022-05-21 02:45:00+00:00,29210.7,TIME,False,0.5176296595072424,0.48987934523209203,0.4621290309569417
847,2022-06-01 15:00:00+00:00,2022,DRIVEN_MOVE,ACCEPT,30920.0,205.07857142857185,2022-06-01 15:15:00+00:00,30913.0,512.6964285714296,2022-06-02 03:00:00+00:00,True,True,True,2022-06-01 17:00:00+00:00,30143.955357142855,TP,FAVORABLE_FIRST,2022-06-01 16:00:00+00:00,False,,,2022-06-01 17:00:00+00:00,30143.955357142855,TP,False,1.500000000000001,1.4698525303890506,1.4397050607781001
863,2022-06-10 12:45:00+00:00,2022,DRIVEN_MOVE,ACCEPT,29452.3,137.12857142857112,2022-06-10 13:15:00+00:00,29435.1,342.8214285714278,2022-06-11 00:45:00+00:00,True,True,True,2022-06-10 16:15:00+00:00,28920.867857142857,TP,FAVORABLE_FIRST,2022-06-10 13:30:00+00:00,False,,,2022-06-10 16:15:00+00:00,28920.867857142857,TP,False,1.4999999999999987,1.4570693405563064,1.4141386811126144
864,2022-06-11 05:00:00+00:00,2022,DRIVEN_MOVE,REJECT,28906.2,57.0357142857148,,,142.589285714287,2022-06-11 17:00:00+00:00,False,False,False,,,NO_TRADE,NO_TRADE,,False,,,,,NO_TRADE,False,0.0,0.0,0.0
871,2022-06-14 23:00:00+00:00,2022,DRIVEN_MOVE,ACCEPT,21350.0,210.25000000000023,2022-06-15 04:00:00+00:00,21237.2,525.6250000000006,2022-06-15 11:00:00+00:00,True,True,True,2022-06-15 08:00:00+00:00,20448.7625,TP,FAVORABLE_FIRST,2022-06-15 04:15:00+00:00,False,,,2022-06-15 08:00:00+00:00,20448.7625,TP,False,1.4999999999999984,1.4797981450653968,1.459596290130795
877,2022-06-18 01:15:00+00:00,2022,THIN_BOOK,REJECT,20350.0,115.257142857143,,,288.1428571428575,2022-06-18 13:15:00+00:00,False,False,False,,,NO_TRADE,NO_TRADE,,False,,,,,NO_TRADE,False,0.0,0.0,0.0
894,2022-06-29 09:30:00+00:00,2022,DRIVEN_MOVE,REJECT,19887.1,121.17857142857144,,,302.9464285714286,2022-06-29 21:30:00+00:00,False,False,False,,,NO_TRADE,NO_TRADE,,False,,,,,NO_TRADE,False,0.0,0.0,0.0
911,2022-07-12 01:30:00+00:00,2022,DRIVEN_MOVE,ACCEPT,19780.0,104.7285714285712,2022-07-12 07:00:00+00:00,19689.2,261.821428571428,2022-07-12 13:30:00+00:00,True,True,True,2022-07-12 12:15:00+00:00,19951.02142857143,SL,NONE_120,,False,,,2022-07-12 12:15:00+00:00,19951.02142857143,SL,False,-0.9999999999999982,-1.0376004365025218,-1.0752008730050455
922,2022-07-21 09:45:00+00:00,2022,DRIVEN_MOVE,ACCEPT,22636.0,110.29285714285705,2022-07-21 11:15:00+00:00,22563.4,275.7321428571426,2022-07-21 21:45:00+00:00,True,True,True,2022-07-21 12:30:00+00:00,22839.132142857143,SL,ADVERSE_FIRST,2022-07-21 12:15:00+00:00,False,,,2022-07-21 12:30:00+00:00,22839.132142857143,SL,False,-0.9999999999999952,-1.0409154329382764,-1.0818308658765576
927,2022-07-25 03:45:00+00:00,2022,THIN_BOOK,ACCEPT,21800.0,119.3785714285719,2022-07-25 04:30:00+00:00,21798.5,298.44642857142975,2022-07-25 15:45:00+00:00,True,True,True,2022-07-25 15:45:00+00:00,21884.3,TIME,NONE_120,,False,,,2022-07-25 15:45:00+00:00,21884.3,TIME,False,-0.28748878118829296,-0.3240087357147094,-0.36052869024112577
936,2022-08-01 17:30:00+00:00,2022,DRIVEN_MOVE,ACCEPT,22933.5,128.37857142857138,2022-08-01 17:30:00+00:00,22917.2,320.94642857142844,2022-08-02 05:30:00+00:00,True,True,True,2022-08-01 23:00:00+00:00,23238.14642857143,SL,NONE_120,,False,,,2022-08-01 23:00:00+00:00,23238.14642857143,SL,False,-0.9999999999999971,-1.0357025315751376,-1.071405063150278
940,2022-08-03 22:45:00+00:00,2022,DRIVEN_MOVE,ACCEPT,22961.7,100.51428571428576,2022-08-03 22:45:00+00:00,22920.1,251.2857142857144,2022-08-04 10:45:00+00:00,True,True,True,2022-08-04 01:30:00+00:00,23171.385714285712,SL,FAVORABLE_FIRST,2022-08-03 23:00:00+00:00,False,,,2022-08-04 01:30:00+00:00,23171.385714285712,SL,False,-0.9999999999999976,-1.045605656623079,-1.09121131324616
948,2022-08-08 20:45:00+00:00,2022,THIN_BOOK,REJECT,23775.2,71.7928571428573,,,179.48214285714326,2022-08-09 08:45:00+00:00,False,False,False,,,NO_TRADE,NO_TRADE,,False,,,,,NO_TRADE,False,0.0,0.0,0.0
949,2022-08-09 10:00:00+00:00,2022,DRIVEN_MOVE,ACCEPT,23460.0,87.89999999999989,2022-08-09 10:00:00+00:00,23452.1,219.74999999999972,2022-08-09 22:00:00+00:00,True,True,True,2022-08-09 13:45:00+00:00,23122.475,TP,FAVORABLE_FIRST,2022-08-09 10:30:00+00:00,False,,,2022-08-09 13:45:00+00:00,23122.475,TP,False,1.500000000000002,1.4466391353811168,1.3932782707622318
950,2022-08-09 22:00:00+00:00,2022,DRIVEN_MOVE,ACCEPT,22850.0,53.621428571429405,2022-08-10 00:30:00+00:00,22750.2,134.05357142857352,2022-08-10 10:00:00+00:00,True,True,True,2022-08-10 01:15:00+00:00,22884.253571428573,SL,ADVERSE_FIRST,2022-08-10 01:00:00+00:00,False,,,2022-08-10 01:15:00+00:00,22884.253571428573,SL,False,-0.9999999999999921,-1.0848548821100215,-1.1697097642200507
955,2022-08-12 10:30:00+00:00,2022,DRIVEN_MOVE,ACCEPT,23750.0,76.15714285714292,2022-08-12 10:45:00+00:00,23740.0,190.39285714285728,2022-08-12 22:30:00+00:00,True,True,True,2022-08-12 15:15:00+00:00,23930.39285714286,SL,FAVORABLE_FIRST,2022-08-12 11:30:00+00:00,False,,,2022-08-12 15:15:00+00:00,23930.39285714286,SL,False,-1.0000000000000075,-1.0623447758394373,-1.124689551678867
959,2022-08-14 19:45:00+00:00,2022,DRIVEN_MOVE,ACCEPT,24138.0,86.90714285714292,2022-08-15 06:45:00+00:00,24119.4,217.26785714285728,2022-08-15 07:45:00+00:00,True,True,True,2022-08-15 07:45:00+00:00,24010.8,TIME,FAVORABLE_FIRST,2022-08-15 07:15:00+00:00,False,,,2022-08-15 07:45:00+00:00,24010.8,TIME,False,0.49984383989480713,0.44433770033698683,0.38883156077916653
962,2022-08-16 13:45:00+00:00,2022,DRIVEN_MOVE,ACCEPT,23788.0,77.05000000000005,2022-08-16 14:30:00+00:00,23734.0,192.62500000000014,2022-08-17 01:45:00+00:00,True,True,True,2022-08-16 18:00:00+00:00,23926.625,SL,ADVERSE_FIRST,2022-08-16 15:30:00+00:00,True,2022-08-16 16:00:00+00:00,23851.6,2022-08-16 16:00:00+00:00,23851.6,PERSISTENT_FAILURE_EXIT,True,-0.6105126541206929,-0.6721194029850667,-0.7337261518494403
966,2022-08-18 18:45:00+00:00,2022,DRIVEN_MOVE,ACCEPT,23220.7,77.13571428571439,2022-08-18 23:15:00+00:00,23184.5,192.83928571428595,2022-08-19 06:45:00+00:00,True,True,True,2022-08-19 00:15:00+00:00,22895.241071428572,TP,FAVORABLE_FIRST,2022-08-19 00:00:00+00:00,False,,,2022-08-19 00:15:00+00:00,22895.241071428572,TP,False,1.4999999999999927,1.439886470969527,1.3797729419390612
968,2022-08-19 18:45:00+00:00,2022,THIN_BOOK,REJECT,21235.8,90.7571428571425,,,226.89285714285626,2022-08-20 06:45:00+00:00,False,False,False,,,NO_TRADE,NO_TRADE,,False,,,,,NO_TRADE,False,0.0,0.0,0.0
978,2022-08-25 00:15:00+00:00,2022,DRIVEN_MOVE,REJECT,21303.0,80.67857142857117,,,201.69642857142793,2022-08-25 12:15:00+00:00,False,False,False,,,NO_TRADE,NO_TRADE,,False,,,,,NO_TRADE,False,0.0,0.0,0.0
980,2022-08-26 12:00:00+00:00,2022,DRIVEN_MOVE,ACCEPT,21000.0,78.98571428571424,2022-08-26 15:00:00+00:00,20832.8,197.4642857142856,2022-08-27 00:00:00+00:00,True,True,True,2022-08-26 16:15:00+00:00,20536.60357142857,TP,FAVORABLE_FIRST,2022-08-26 15:15:00+00:00,False,,,2022-08-26 16:15:00+00:00,20536.60357142857,TP,False,1.4999999999999956,1.4472491951528261,1.3944983903056565
982,2022-08-27 12:15:00+00:00,2022,DRIVEN_MOVE,ACCEPT,19901.0,46.62857142857112,2022-08-27 15:30:00+00:00,19892.0,116.5714285714278,2022-08-28 00:15:00+00:00,True,True,True,2022-08-27 15:45:00+00:00,20008.571428571428,SL,ADVERSE_FIRST,2022-08-27 15:45:00+00:00,False,,,2022-08-27 15:45:00+00:00,20008.571428571428,SL,False,-0.9999999999999977,-1.0853210784313707,-1.1706421568627439
984,2022-08-28 14:30:00+00:00,2022,THIN_BOOK,ACCEPT,19793.8,63.90714285714317,2022-08-28 23:15:00+00:00,19703.9,159.76785714285793,2022-08-29 02:30:00+00:00,True,True,True,2022-08-29 02:30:00+00:00,19761.9,TIME,FAVORABLE_FIRST,2022-08-28 23:30:00+00:00,False,,,2022-08-29 02:30:00+00:00,19761.9,TIME,False,-0.36302671286464555,-0.4246908684475222,-0.4863550240303988
988,2022-08-30 16:45:00+00:00,2022,DRIVEN_MOVE,REJECT,19546.8,145.54999999999978,,,363.87499999999943,2022-08-31 04:45:00+00:00,False,False,False,,,NO_TRADE,NO_TRADE,,False,,,,,NO_TRADE,False,0.0,0.0,0.0
993,2022-09-02 08:15:00+00:00,2022,DRIVEN_MOVE,ACCEPT,19937.6,46.99285714285698,2022-09-02 17:15:00+00:00,19881.9,117.48214285714243,2022-09-02 20:15:00+00:00,True,True,True,2022-09-02 18:30:00+00:00,19999.382142857143,SL,FAVORABLE_FIRST,2022-09-02 17:30:00+00:00,False,,,2022-09-02 18:30:00+00:00,19999.382142857143,SL,False,-0.9999999999999903,-1.0846166894664748,-1.1692333789329594
1010,2022-09-13 21:00:00+00:00,2022,DRIVEN_MOVE,ACCEPT,20030.5,153.9142857142854,2022-09-13 21:30:00+00:00,19992.0,384.7857142857135,2022-09-14 09:00:00+00:00,True,True,True,2022-09-14 02:15:00+00:00,20376.785714285714,SL,ADVERSE_FIRST,2022-09-13 22:30:00+00:00,True,2022-09-13 23:00:00+00:00,20166.0,2022-09-13 23:00:00+00:00,20166.0,PERSISTENT_FAILURE_EXIT,True,-0.45219974011509284,-0.4781778355299806,-0.5041559309448683
1018,2022-09-18 10:00:00+00:00,2022,DRIVEN_MOVE,REJECT,19805.0,56.95714285714322,,,142.39285714285805,2022-09-18 22:00:00+00:00,False,False,False,,,NO_TRADE,NO_TRADE,,False,,,,,NO_TRADE,False,0.0,0.0,0.0
1019,2022-09-18 22:00:00+00:00,2022,DRIVEN_MOVE,ACCEPT,19390.0,93.69285714285668,2022-09-18 22:15:00+00:00,19368.8,234.2321428571417,2022-09-19 10:00:00+00:00,True,True,True,2022-09-19 02:15:00+00:00,19017.451785714286,TP,ADVERSE_FIRST,2022-09-18 23:00:00+00:00,True,2022-09-18 23:30:00+00:00,19397.4,2022-09-18 23:30:00+00:00,19397.4,PERSISTENT_FAILURE_EXIT,True,-0.12210109018831518,-0.16344639780438613,-0.2047917054204571
1022,2022-09-20 13:45:00+00:00,2022,DRIVEN_MOVE,ACCEPT,18759.7,107.32142857142856,2022-09-20 17:45:00+00:00,18756.8,268.3035714285714,2022-09-21 01:45:00+00:00,True,True,True,2022-09-20 19:00:00+00:00,19025.10357142857,SL,ADVERSE_FIRST,2022-09-20 18:00:00+00:00,True,2022-09-20 18:30:00+00:00,18907.0,2022-09-20 18:30:00+00:00,18907.0,PERSISTENT_FAILURE_EXIT,True,-0.5598136439267914,-0.5947680798668913,-0.6297225158069911
1039,2022-09-29 09:00:00+00:00,2022,DRIVEN_MOVE,ACCEPT,19259.4,81.24285714285672,2022-09-29 12:30:00+00:00,19215.6,203.1071428571418,2022-09-29 21:00:00+00:00,True,True,True,2022-09-29 13:45:00+00:00,18910.939285714285,TP,ADVERSE_FIRST,2022-09-29 13:15:00+00:00,False,,,2022-09-29 13:45:00+00:00,18910.939285714285,TP,False,1.500000000000005,1.4526959029365267,1.4053918058730483
1052,2022-10-06 14:15:00+00:00,2022,DRIVEN_MOVE,ACCEPT,19889.9,113.20714285714295,2022-10-06 14:15:00+00:00,19872.8,283.0178571428574,2022-10-07 02:15:00+00:00,True,True,True,2022-10-06 17:15:00+00:00,20155.817857142858,SL,ADVERSE_FIRST,2022-10-06 14:30:00+00:00,True,2022-10-06 15:00:00+00:00,19992.5,2022-10-06 15:00:00+00:00,19992.5,PERSISTENT_FAILURE_EXIT,True,-0.42294151050539686,-0.4580502492270827,-0.4931589879487686
1063,2022-10-13 02:30:00+00:00,2022,THIN_BOOK,REJECT,19030.6,30.785714285714025,,,76.96428571428507,2022-10-13 14:30:00+00:00,False,False,False,,,NO_TRADE,NO_TRADE,,False,,,,,NO_TRADE,False,0.0,0.0,0.0
1072,2022-10-19 08:30:00+00:00,2022,DRIVEN_MOVE,REJECT,19136.0,49.49285714285698,,,123.73214285714243,2022-10-19 20:30:00+00:00,False,False,False,,,NO_TRADE,NO_TRADE,,False,,,,,NO_TRADE,False,0.0,0.0,0.0
1073,2022-10-20 00:45:00+00:00,2022,DRIVEN_MOVE,ACCEPT,19050.0,55.17142857142816,2022-10-20 00:45:00+00:00,18963.4,137.9285714285704,2022-10-20 12:45:00+00:00,True,True,True,2022-10-20 04:15:00+00:00,19101.32857142857,SL,ADVERSE_FIRST,2022-10-20 01:15:00+00:00,True,2022-10-20 02:15:00+00:00,19053.0,2022-10-20 02:15:00+00:00,19053.0,PERSISTENT_FAILURE_EXIT,True,-0.6496116002071409,-0.71835515277058,-0.7870987053340193
1075,2022-10-21 00:45:00+00:00,2022,DRIVEN_MOVE,REJECT,18912.4,41.02857142857101,,,102.57142857142753,2022-10-21 12:45:00+00:00,False,False,False,,,NO_TRADE,NO_TRADE,,False,,,,,NO_TRADE,False,0.0,0.0,0.0
1081,2022-10-25 10:00:00+00:00,2022,DRIVEN_MOVE,REJECT,19242.2,30.078571428571585,,,75.19642857142897,2022-10-25 22:00:00+00:00,False,False,False,,,NO_TRADE,NO_TRADE,,False,,,,,NO_TRADE,False,0.0,0.0,0.0
1086,2022-10-31 14:00:00+00:00,2022,DRIVEN_MOVE,REJECT,20250.4,97.8071428571428,,,244.517857142857,2022-11-01 02:00:00+00:00,False,False,False,,,NO_TRADE,NO_TRADE,,False,,,,,NO_TRADE,False,0.0,0.0,0.0
1088,2022-11-02 19:30:00+00:00,2022,THIN_BOOK,REJECT,20100.0,194.6642857142854,,,486.6607142857135,2022-11-03 07:30:00+00:00,False,False,False,,,NO_TRADE,NO_TRADE,,False,,,,,NO_TRADE,False,0.0,0.0,0.0
1093,2022-11-07 17:30:00+00:00,2022,DRIVEN_MOVE,ACCEPT,20563.2,62.47857142857148,2022-11-07 22:15:00+00:00,20437.3,156.1964285714287,2022-11-08 05:30:00+00:00,True,True,True,2022-11-08 00:00:00+00:00,20593.496428571427,SL,ADVERSE_FIRST,2022-11-07 23:15:00+00:00,False,,,2022-11-08 00:00:00+00:00,20593.496428571427,SL,False,-0.9999999999999926,-1.065421790328105,-1.1308435806562174
1100,2022-11-11 06:45:00+00:00,2022,DRIVEN_MOVE,ACCEPT,16880.0,130.1428571428574,2022-11-11 14:15:00+00:00,16440.7,325.35714285714346,2022-11-11 18:45:00+00:00,True,True,True,2022-11-11 14:45:00+00:00,16766.057142857146,SL,ADVERSE_FIRST,2022-11-11 14:30:00+00:00,False,,,2022-11-11 14:45:00+00:00,16766.057142857146,SL,False,-1.0000000000000044,-1.0252656201975894,-1.0505312403951745
1102,2022-11-13 07:00:00+00:00,2022,DRIVEN_MOVE,REJECT,16673.4,52.52142857142878,,,131.30357142857196,2022-11-13 19:00:00+00:00,False,False,False,,,NO_TRADE,NO_TRADE,,False,,,,,NO_TRADE,False,0.0,0.0,0.0
1103,2022-11-13 19:00:00+00:00,2022,THIN_BOOK,ACCEPT,16413.8,56.18571428571418,2022-11-13 21:00:00+00:00,16334.9,140.46428571428544,2022-11-14 07:00:00+00:00,True,True,True,2022-11-13 21:30:00+00:00,16475.364285714284,SL,ADVERSE_FIRST,2022-11-13 21:30:00+00:00,False,,,2022-11-13 21:30:00+00:00,16475.364285714284,SL,False,-0.9999999999999927,-1.058146097126868,-1.1162921942537432
1131,2022-12-05 15:30:00+00:00,2022,DRIVEN_MOVE,REJECT,17030.1,51.05714285714281,,,127.64285714285703,2022-12-06 03:30:00+00:00,False,False,False,,,NO_TRADE,NO_TRADE,,False,,,,,NO_TRADE,False,0.0,0.0,0.0
1133,2022-12-07 07:15:00+00:00,2022,DRIVEN_MOVE,REJECT,16740.0,42.20000000000021,,,105.50000000000053,2022-12-07 19:15:00+00:00,False,False,False,,,NO_TRADE,NO_TRADE,,False,,,,,NO_TRADE,False,0.0,0.0,0.0
1139,2022-12-15 11:45:00+00:00,2022,DRIVEN_MOVE,ACCEPT,17560.0,33.01428571428629,2022-12-15 13:15:00+00:00,17538.9,82.53571428571573,2022-12-15 23:45:00+00:00,True,True,True,2022-12-15 14:45:00+00:00,17415.09642857143,TP,FAVORABLE_FIRST,2022-12-15 13:30:00+00:00,False,,,2022-12-15 14:45:00+00:00,17415.09642857143,TP,False,1.4999999999999865,1.3937496321938438,1.287499264387701
1140,2022-12-16 00:30:00+00:00,2022,THIN_BOOK,ACCEPT,17258.0,50.29285714285756,2022-12-16 08:45:00+00:00,17215.0,125.73214285714388,2022-12-16 12:30:00+00:00,True,True,True,2022-12-16 09:00:00+00:00,17026.401785714283,TP,FAVORABLE_FIRST,2022-12-16 09:00:00+00:00,False,,,2022-12-16 09:00:00+00:00,17026.401785714283,TP,False,1.5000000000000127,1.4315409742934375,1.3630819485868622
1141,2022-12-16 12:30:00+00:00,2022,THIN_BOOK,REJECT,16910.0,55.57142857142883,,,138.92857142857207,2022-12-17 00:30:00+00:00,False,False,False,,,NO_TRADE,NO_TRADE,,False,,,,,NO_TRADE,False,0.0,0.0,0.0
1145,2022-12-18 23:00:00+00:00,2022,THIN_BOOK,ACCEPT,16663.3,34.52142857142878,2022-12-19 03:00:00+00:00,16663.2,86.30357142857194,2022-12-19 11:00:00+00:00,True,True,True,2022-12-19 08:45:00+00:00,16749.503571428573,SL,ADVERSE_FIRST,2022-12-19 04:15:00+00:00,True,2022-12-19 04:45:00+00:00,16702.3,2022-12-19 04:45:00+00:00,16702.3,PERSISTENT_FAILURE_EXIT,True,-0.4530519346161609,-0.5495902338092081,-0.6461285330022554
1146,2022-12-19 14:45:00+00:00,2022,THIN_BOOK,ACCEPT,16620.4,33.27142857142852,2022-12-19 16:30:00+00:00,16610.2,83.1785714285713,2022-12-20 02:45:00+00:00,True,True,True,2022-12-19 22:30:00+00:00,16485.432142857142,TP,FAVORABLE_FIRST,2022-12-19 17:15:00+00:00,False,,,2022-12-19 22:30:00+00:00,16485.432142857142,TP,False,1.500000000000021,1.4001533705453193,1.3003067410906175
1149,2022-12-22 14:45:00+00:00,2022,DRIVEN_MOVE,REJECT,16625.2,33.4571428571427,,,83.64285714285674,2022-12-23 02:45:00+00:00,False,False,False,,,NO_TRADE,NO_TRADE,,False,,,,,NO_TRADE,False,0.0,0.0,0.0
1166,2023-01-06 08:15:00+00:00,2023,THIN_BOOK,REJECT,16773.0,13.078571428572104,,,32.69642857143026,2023-01-06 20:15:00+00:00,False,False,False,,,NO_TRADE,NO_TRADE,,False,,,,,NO_TRADE,False,0.0,0.0,0.0
1182,2023-01-18 11:00:00+00:00,2023,DRIVEN_MOVE,ACCEPT,21103.6,56.23571428571423,2023-01-18 15:45:00+00:00,21035.5,140.58928571428558,2023-01-18 23:00:00+00:00,True,True,True,2023-01-18 16:00:00+00:00,20824.616071428572,TP,FAVORABLE_FIRST,2023-01-18 16:00:00+00:00,False,,,2023-01-18 16:00:00+00:00,20824.616071428572,TP,False,1.499999999999994,1.4251881112663474,1.3503762225327005
1188,2023-01-22 18:15:00+00:00,2023,DRIVEN_MOVE,ACCEPT,22631.1,106.85000000000036,2023-01-22 20:00:00+00:00,22532.7,267.1250000000009,2023-01-23 06:15:00+00:00,True,True,True,2023-01-23 00:30:00+00:00,22799.825,SL,FAVORABLE_FIRST,2023-01-22 20:45:00+00:00,False,,,2023-01-23 00:30:00+00:00,22799.825,SL,False,-0.9999999999999966,-1.0421763219466507,-1.0843526438933047
1189,2023-01-23 10:15:00+00:00,2023,THIN_BOOK,REJECT,22537.0,74.96428571428545,,,187.41071428571362,2023-01-23 22:15:00+00:00,False,False,False,,,NO_TRADE,NO_TRADE,,False,,,,,NO_TRADE,False,0.0,0.0,0.0
1191,2023-01-24 10:45:00+00:00,2023,DRIVEN_MOVE,REJECT,22760.0,73.43571428571444,,,183.5892857142861,2023-01-24 22:45:00+00:00,False,False,False,,,NO_TRADE,NO_TRADE,,False,,,,,NO_TRADE,False,0.0,0.0,0.0
1200,2023-01-30 09:15:00+00:00,2023,DRIVEN_MOVE,ACCEPT,23283.0,79.8642857142864,2023-01-30 09:30:00+00:00,23180.7,199.66071428571598,2023-01-30 21:15:00+00:00,True,True,True,2023-01-30 19:00:00+00:00,22881.20892857143,TP,ADVERSE_FIRST,2023-01-30 10:15:00+00:00,False,,,2023-01-30 19:00:00+00:00,22881.20892857143,TP,False,1.4999999999999925,1.4419497719345247,1.3838995438690571
1209,2023-02-05 02:30:00+00:00,2023,DRIVEN_MOVE,ACCEPT,23211.0,55.58571428571434,2023-02-05 12:45:00+00:00,23160.2,138.96428571428584,2023-02-05 14:30:00+00:00,True,True,True,2023-02-05 14:30:00+00:00,23169.9,TIME,FAVORABLE_FIRST,2023-02-05 13:00:00+00:00,False,,,2023-02-05 14:30:00+00:00,23169.9,TIME,False,-0.06980210742740173,-0.15313359033667948,-0.23646507324595722
1210,2023-02-05 15:15:00+00:00,2023,DRIVEN_MOVE,REJECT,23000.0,74.55714285714281,,,186.39285714285703,2023-02-06 03:15:00+00:00,False,False,False,,,NO_TRADE,NO_TRADE,,False,,,,,NO_TRADE,False,0.0,0.0,0.0
1215,2023-02-08 16:15:00+00:00,2023,DRIVEN_MOVE,REJECT,22789.8,86.62142857142784,,,216.5535714285696,2023-02-09 04:15:00+00:00,False,False,False,,,NO_TRADE,NO_TRADE,,False,,,,,NO_TRADE,False,0.0,0.0,0.0
1229,2023-02-16 15:15:00+00:00,2023,THIN_BOOK,ACCEPT,24312.0,122.57142857142856,2023-02-16 22:30:00+00:00,24127.0,306.4285714285714,2023-02-17 03:15:00+00:00,True,True,True,2023-02-16 23:45:00+00:00,23667.35714285714,TP,FAVORABLE_FIRST,2023-02-16 23:00:00+00:00,False,,,2023-02-16 23:45:00+00:00,23667.35714285714,TP,False,1.5000000000000053,1.46063193473194,1.4212638694638748
1233,2023-02-19 07:30:00+00:00,2023,DRIVEN_MOVE,ACCEPT,24516.7,61.32142857142832,2023-02-19 17:45:00+00:00,24353.4,153.3035714285708,2023-02-19 19:30:00+00:00,True,True,True,2023-02-19 18:30:00+00:00,24506.703571428574,SL,ADVERSE_FIRST,2023-02-19 18:00:00+00:00,False,,,2023-02-19 18:30:00+00:00,24506.703571428574,SL,False,-1.0000000000000109,-1.0794286779266273,-1.158857355853244
1236,2023-02-21 01:15:00+00:00,2023,THIN_BOOK,REJECT,24585.1,75.39285714285688,,,188.4821428571422,2023-02-21 13:15:00+00:00,False,False,False,,,NO_TRADE,NO_TRADE,,False,,,,,NO_TRADE,False,0.0,0.0,0.0
1238,2023-02-22 02:30:00+00:00,2023,DRIVEN_MOVE,REJECT,23940.0,125.87142857142862,,,314.67857142857156,2023-02-22 14:30:00+00:00,False,False,False,,,NO_TRADE,NO_TRADE,,False,,,,,NO_TRADE,False,0.0,0.0,0.0
1239,2023-02-22 14:30:00+00:00,2023,DRIVEN_MOVE,ACCEPT,23851.5,99.78571428571428,2023-02-22 15:00:00+00:00,23805.4,249.4642857142857,2023-02-23 02:30:00+00:00,True,True,True,2023-02-22 22:30:00+00:00,24054.864285714288,SL,FAVORABLE_FIRST,2023-02-22 15:15:00+00:00,False,,,2023-02-22 22:30:00+00:00,24054.864285714288,SL,False,-1.0000000000000022,-1.0477130422333594,-1.0954260844667165
1248,2023-02-27 06:30:00+00:00,2023,DRIVEN_MOVE,REJECT,23212.0,52.66428571428592,,,131.6607142857148,2023-02-27 18:30:00+00:00,False,False,False,,,NO_TRADE,NO_TRADE,,False,,,,,NO_TRADE,False,0.0,0.0,0.0
1251,2023-02-28 20:00:00+00:00,2023,DRIVEN_MOVE,REJECT,23190.2,78.47142857142873,,,196.17857142857184,2023-03-01 08:00:00+00:00,False,False,False,,,NO_TRADE,NO_TRADE,,False,,,,,NO_TRADE,False,0.0,0.0,0.0
1253,2023-03-01 20:00:00+00:00,2023,DRIVEN_MOVE,REJECT,23316.3,81.7428571428575,,,204.35714285714374,2023-03-02 08:00:00+00:00,False,False,False,,,NO_TRADE,NO_TRADE,,False,,,,,NO_TRADE,False,0.0,0.0,0.0
1254,2023-03-02 08:00:00+00:00,2023,THIN_BOOK,ACCEPT,23281.6,51.38571428571387,2023-03-02 13:00:00+00:00,23266.7,128.46428571428467,2023-03-02 20:00:00+00:00,True,True,True,2023-03-02 13:15:00+00:00,23395.164285714287,SL,ADVERSE_FIRST,2023-03-02 13:15:00+00:00,False,,,2023-03-02 13:15:00+00:00,23395.164285714287,SL,False,-1.0000000000000122,-1.0905570753405744,-1.181114150681137
1266,2023-03-08 23:00:00+00:00,2023,DRIVEN_MOVE,REJECT,21582.1,100.17857142857144,,,250.4464285714286,2023-03-09 11:00:00+00:00,False,False,False,,,NO_TRADE,NO_TRADE,,False,,,,,NO_TRADE,False,0.0,0.0,0.0
1267,2023-03-09 12:00:00+00:00,2023,DRIVEN_MOVE,ACCEPT,21511.1,54.67857142857117,2023-03-09 16:45:00+00:00,21470.0,136.69642857142793,2023-03-10 00:00:00+00:00,True,True,True,2023-03-09 18:15:00+00:00,21264.95535714286,TP,FAVORABLE_FIRST,2023-03-09 17:00:00+00:00,False,,,2023-03-09 18:15:00+00:00,21264.95535714286,TP,False,1.4999999999999956,1.4214683213585844,1.3429366427171732
1305,2023-04-02 22:30:00+00:00,2023,THIN_BOOK,ACCEPT,27820.0,102.68571428571444,2023-04-03 01:30:00+00:00,27701.9,256.7142857142861,2023-04-03 10:30:00+00:00,True,True,True,2023-04-03 08:00:00+00:00,27958.614285714288,SL,FAVORABLE_FIRST,2023-04-03 01:45:00+00:00,False,,,2023-04-03 08:00:00+00:00,27958.614285714288,SL,False,-1.0000000000000004,-1.0539547301057322,-1.1079094602114639
1310,2023-04-05 14:00:00+00:00,2023,DRIVEN_MOVE,ACCEPT,28284.9,135.24285714285725,2023-04-05 14:00:00+00:00,28136.9,338.1071428571431,2023-04-06 02:00:00+00:00,True,True,True,2023-04-06 02:00:00+00:00,28054.0,TIME,FAVORABLE_FIRST,2023-04-05 15:00:00+00:00,False,,,2023-04-06 02:00:00+00:00,28054.0,TIME,False,0.24518854969895837,0.20357910636949816,0.16196966304003796
1311,2023-04-06 03:45:00+00:00,2023,DRIVEN_MOVE,REJECT,27775.0,94.60714285714312,,,236.5178571428578,2023-04-06 15:45:00+00:00,False,False,False,,,NO_TRADE,NO_TRADE,,False,,,,,NO_TRADE,False,0.0,0.0,0.0
1313,2023-04-07 07:45:00+00:00,2023,THIN_BOOK,REJECT,27810.0,58.17142857142893,,,145.42857142857233,2023-04-07 19:45:00+00:00,False,False,False,,,NO_TRADE,NO_TRADE,,False,,,,,NO_TRADE,False,0.0,0.0,0.0
1315,2023-04-08 20:45:00+00:00,2023,DRIVEN_MOVE,ACCEPT,27855.0,41.27857142857128,2023-04-09 07:00:00+00:00,27854.0,103.19642857142821,2023-04-09 08:45:00+00:00,True,True,True,2023-04-09 08:45:00+00:00,27870.8,TIME,ADVERSE_FIRST,2023-04-09 08:15:00+00:00,True,2023-04-09 08:45:00+00:00,27870.8,2023-04-09 08:45:00+00:00,27870.8,PERSISTENT_FAILURE_EXIT,True,-0.16279633154524356,-0.29775255234469034,-0.432708773144137
1322,2023-04-14 10:00:00+00:00,2023,DRIVEN_MOVE,ACCEPT,30262.0,88.59285714285735,2023-04-14 15:15:00+00:00,30227.3,221.4821428571434,2023-04-14 22:00:00+00:00,True,True,True,2023-04-14 20:30:00+00:00,30448.782142857144,SL,FAVORABLE_FIRST,2023-04-14 15:30:00+00:00,False,,,2023-04-14 20:30:00+00:00,30448.782142857144,SL,False,-1.0000000000000069,-1.0682386841893157,-1.1364773683786247
1325,2023-04-17 10:45:00+00:00,2023,DRIVEN_MOVE,ACCEPT,29714.1,57.62857142857164,2023-04-17 11:30:00+00:00,29550.2,144.0714285714291,2023-04-17 22:45:00+00:00,True,True,True,2023-04-17 13:15:00+00:00,29334.092857142856,TP,FAVORABLE_FIRST,2023-04-17 12:15:00+00:00,False,,,2023-04-17 13:15:00+00:00,29334.092857142856,TP,False,1.5000000000000089,1.397446008924154,1.2948920178482992
1329,2023-04-19 14:00:00+00:00,2023,DRIVEN_MOVE,REJECT,28800.0,77.90714285714343,,,194.76785714285856,2023-04-20 02:00:00+00:00,False,False,False,,,NO_TRADE,NO_TRADE,,False,,,,,NO_TRADE,False,0.0,0.0,0.0
1330,2023-04-20 02:00:00+00:00,2023,DRIVEN_MOVE,REJECT,28557.3,139.95000000000047,,,349.8750000000012,2023-04-20 14:00:00+00:00,False,False,False,,,NO_TRADE,NO_TRADE,,False,,,,,NO_TRADE,False,0.0,0.0,0.0
1331,2023-04-20 14:45:00+00:00,2023,DRIVEN_MOVE,REJECT,28300.0,147.9357142857147,,,369.8392857142868,2023-04-21 02:45:00+00:00,False,False,False,,,NO_TRADE,NO_TRADE,,False,,,,,NO_TRADE,False,0.0,0.0,0.0
1353,2023-05-03 07:15:00+00:00,2023,THIN_BOOK,ACCEPT,28324.4,67.07857142857081,2023-05-03 12:30:00+00:00,28322.6,167.69642857142702,2023-05-03 19:15:00+00:00,True,True,True,2023-05-03 17:15:00+00:00,28490.296428571426,SL,FAVORABLE_FIRST,2023-05-03 12:45:00+00:00,False,,,2023-05-03 17:15:00+00:00,28490.296428571426,SL,False,-1.000000000000003,-1.0844460440847659,-1.1688920881695286
1361,2023-05-07 23:30:00+00:00,2023,DRIVEN_MOVE,ACCEPT,28620.0,85.32857142857132,2023-05-07 23:45:00+00:00,28419.4,213.3214285714283,2023-05-08 11:30:00+00:00,True,True,True,2023-05-08 01:30:00+00:00,28099.41785714286,TP,ADVERSE_FIRST,2023-05-08 00:00:00+00:00,False,,,2023-05-08 01:30:00+00:00,28099.41785714286,TP,False,1.4999999999999947,1.4333883140800214,1.366776628160048
1362,2023-05-08 11:30:00+00:00,2023,THIN_BOOK,ACCEPT,27550.0,100.271428571428,2023-05-08 17:45:00+00:00,27522.9,250.67857142857002,2023-05-08 23:30:00+00:00,True,True,True,2023-05-08 23:30:00+00:00,27623.0,TIME,FAVORABLE_FIRST,2023-05-08 18:00:00+00:00,False,,,2023-05-08 23:30:00+00:00,27623.0,TIME,False,-0.3993161419005521,-0.45421293631571125,-0.5091097307308704
1364,2023-05-09 12:15:00+00:00,2023,DRIVEN_MOVE,ACCEPT,27423.9,71.02857142857205,2023-05-09 14:15:00+00:00,27400.0,177.57142857143012,2023-05-10 00:15:00+00:00,True,True,True,2023-05-09 14:45:00+00:00,27577.57142857143,SL,ADVERSE_FIRST,2023-05-09 14:30:00+00:00,False,,,2023-05-09 14:45:00+00:00,27577.57142857143,SL,False,-1.000000000000006,-1.07715205148834,-1.154304102976674
1369,2023-05-12 01:30:00+00:00,2023,THIN_BOOK,ACCEPT,26688.8,87.62142857142915,2023-05-12 02:45:00+00:00,26631.9,219.05357142857287,2023-05-12 13:30:00+00:00,True,True,True,2023-05-12 05:45:00+00:00,26303.319642857143,TP,FAVORABLE_FIRST,2023-05-12 03:45:00+00:00,False,,,2023-05-12 05:45:00+00:00,26303.319642857143,TP,False,1.4999999999999973,1.4392114453411569,1.3784228906823166
1386,2023-05-21 21:15:00+00:00,2023,THIN_BOOK,ACCEPT,26642.0,50.32142857142832,2023-05-22 00:30:00+00:00,26613.3,125.8035714285708,2023-05-22 09:15:00+00:00,True,True,True,2023-05-22 05:15:00+00:00,26739.10357142857,SL,FAVORABLE_FIRST,2023-05-22 01:45:00+00:00,False,,,2023-05-22 05:15:00+00:00,26739.10357142857,SL,False,-1.0000000000000133,-1.10577322924061,-1.2115464584812068
1389,2023-05-23 18:00:00+00:00,2023,THIN_BOOK,ACCEPT,27159.3,52.22857142857226,2023-05-23 18:15:00+00:00,27114.7,130.57142857143066,2023-05-24 06:00:00+00:00,True,True,True,2023-05-24 03:15:00+00:00,26918.842857142856,TP,ADVERSE_FIRST,2023-05-23 18:30:00+00:00,True,2023-05-23 19:15:00+00:00,27169.9,2023-05-23 19:15:00+00:00,27169.9,PERSISTENT_FAILURE_EXIT,True,-0.422757111597373,-0.5265880196936514,-0.6304189277899299
1391,2023-05-24 18:00:00+00:00,2023,THIN_BOOK,ACCEPT,26060.0,107.49285714285725,2023-05-25 01:15:00+00:00,25954.6,268.7321428571431,2023-05-25 06:00:00+00:00,True,True,True,2023-05-25 04:15:00+00:00,26223.332142857143,SL,ADVERSE_FIRST,2023-05-25 01:30:00+00:00,True,2023-05-25 02:00:00+00:00,26134.1,2023-05-25 02:00:00+00:00,26134.1,PERSISTENT_FAILURE_EXIT,True,-0.667951358894278,-0.7162421954947166,-0.7645330320951551
1399,2023-05-29 10:15:00+00:00,2023,THIN_BOOK,REJECT,27822.7,61.51428571428524,,,153.7857142857131,2023-05-29 22:15:00+00:00,False,False,False,,,NO_TRADE,NO_TRADE,,False,,,,,NO_TRADE,False,0.0,0.0,0.0
1402,2023-05-31 04:45:00+00:00,2023,DRIVEN_MOVE,ACCEPT,27550.0,85.3714285714281,2023-05-31 04:45:00+00:00,27243.5,213.42857142857025,2023-05-31 16:45:00+00:00,True,True,True,2023-05-31 14:15:00+00:00,26923.357142857145,TP,FAVORABLE_FIRST,2023-05-31 05:00:00+00:00,False,,,2023-05-31 14:15:00+00:00,26923.357142857145,TP,False,1.4999999999999984,1.4361765394912966,1.3723530789825948
1412,2023-06-05 16:00:00+00:00,2023,DRIVEN_MOVE,ACCEPT,25971.0,183.0785714285713,2023-06-05 16:00:00+00:00,25891.6,457.69642857142827,2023-06-06 04:00:00+00:00,True,True,True,2023-06-06 04:00:00+00:00,25720.3,TIME,FAVORABLE_FIRST,2023-06-05 16:45:00+00:00,False,,,2023-06-06 04:00:00+00:00,25720.3,TIME,False,0.3742655378252883,0.34598085131286194,0.31769616480043555
1420,2023-06-09 22:15:00+00:00,2023,THIN_BOOK,ACCEPT,26371.0,44.12142857142836,2023-06-10 02:30:00+00:00,26339.2,110.3035714285709,2023-06-10 10:15:00+00:00,True,True,True,2023-06-10 04:15:00+00:00,26173.744642857146,TP,FAVORABLE_FIRST,2023-06-10 02:45:00+00:00,False,,,2023-06-10 04:15:00+00:00,26173.744642857146,TP,False,1.4999999999999882,1.3806058604500444,1.2612117209001004
1447,2023-06-25 23:45:00+00:00,2023,THIN_BOOK,ACCEPT,30252.6,66.3642857142864,2023-06-26 01:00:00+00:00,30150.6,165.91071428571598,2023-06-26 11:45:00+00:00,True,True,True,2023-06-26 01:30:00+00:00,30316.510714285716,SL,ADVERSE_FIRST,2023-06-26 01:15:00+00:00,False,,,2023-06-26 01:30:00+00:00,30316.510714285716,SL,False,-1.0000000000000087,-1.0908639328382383,-1.1817278656764678
1448,2023-06-26 17:15:00+00:00,2023,DRIVEN_MOVE,REJECT,29961.1,147.4071428571429,,,368.5178571428572,2023-06-27 05:15:00+00:00,False,False,False,,,NO_TRADE,NO_TRADE,,False,,,,,NO_TRADE,False,0.0,0.0,0.0
1459,2023-07-06 19:45:00+00:00,2023,DRIVEN_MOVE,REJECT,29865.0,96.37142857142862,,,240.92857142857156,2023-07-07 07:45:00+00:00,False,False,False,,,NO_TRADE,NO_TRADE,,False,,,,,NO_TRADE,False,0.0,0.0,0.0
1463,2023-07-09 18:30:00+00:00,2023,THIN_BOOK,ACCEPT,30163.6,36.74285714285725,2023-07-09 21:00:00+00:00,30161.1,91.85714285714312,2023-07-10 06:30:00+00:00,True,True,True,2023-07-10 00:00:00+00:00,30023.314285714285,TP,FAVORABLE_FIRST,2023-07-09 22:00:00+00:00,False,,,2023-07-10 00:00:00+00:00,30023.314285714285,TP,False,1.49999999999999,1.335826049766709,1.171652099533428
1475,2023-07-17 10:30:00+00:00,2023,DRIVEN_MOVE,REJECT,29910.0,61.06428571428608,,,152.6607142857152,2023-07-17 22:30:00+00:00,False,False,False,,,NO_TRADE,NO_TRADE,,False,,,,,NO_TRADE,False,0.0,0.0,0.0
1487,2023-07-24 06:00:00+00:00,2023,DRIVEN_MOVE,ACCEPT,29639.7,54.09285714285683,2023-07-24 09:45:00+00:00,29162.0,135.23214285714207,2023-07-24 18:00:00+00:00,True,True,True,2023-07-24 10:00:00+00:00,29297.23214285714,SL,ADVERSE_FIRST,2023-07-24 10:00:00+00:00,False,,,2023-07-24 10:00:00+00:00,29297.23214285714,SL,False,-0.9999999999999943,-1.1078219992077065,-1.2156439984154188
1498,2023-07-31 15:45:00+00:00,2023,THIN_BOOK,ACCEPT,29208.9,59.80714285714281,2023-07-31 16:00:00+00:00,29194.3,149.51785714285703,2023-08-01 03:45:00+00:00,True,True,True,2023-08-01 02:00:00+00:00,28970.023214285713,TP,NONE_120,,False,,,2023-08-01 02:00:00+00:00,28970.023214285713,TP,False,1.5000000000000047,1.4023718619371837,1.3047437238743627
1507,2023-08-07 07:30:00+00:00,2023,DRIVEN_MOVE,ACCEPT,29005.5,28.557142857143067,2023-08-07 14:15:00+00:00,28991.4,71.39285714285766,2023-08-07 19:30:00+00:00,True,True,True,2023-08-07 14:30:00+00:00,29062.79285714286,SL,ADVERSE_FIRST,2023-08-07 14:30:00+00:00,False,,,2023-08-07 14:30:00+00:00,29062.79285714286,SL,False,-1.0000000000000144,-1.2030413206603432,-1.4060826413206717
1511,2023-08-09 08:45:00+00:00,2023,DRIVEN_MOVE,ACCEPT,29628.0,38.26428571428551,2023-08-09 16:45:00+00:00,29504.4,95.66071428571378,2023-08-09 20:45:00+00:00,True,True,True,2023-08-09 20:45:00+00:00,29493.5,TIME,ADVERSE_FIRST,2023-08-09 17:00:00+00:00,False,,,2023-08-09 20:45:00+00:00,29493.5,TIME,False,0.11394437184993181,-0.040269404517438795,-0.1944831808848094
1531,2023-08-22 05:30:00+00:00,2023,DRIVEN_MOVE,REJECT,25981.6,26.971428571429247,,,67.42857142857312,2023-08-22 17:30:00+00:00,False,False,False,,,NO_TRADE,NO_TRADE,,False,,,,,NO_TRADE,False,0.0,0.0,0.0
1535,2023-08-24 09:00:00+00:00,2023,DRIVEN_MOVE,ACCEPT,26201.0,46.835714285714594,2023-08-24 14:15:00+00:00,26190.3,117.08928571428649,2023-08-24 21:00:00+00:00,True,True,True,2023-08-24 15:45:00+00:00,26014.666071428568,TP,FAVORABLE_FIRST,2023-08-24 14:30:00+00:00,False,,,2023-08-24 15:45:00+00:00,26014.666071428568,TP,False,1.5000000000000122,1.3881609882568378,1.2763219765136633
1540,2023-08-28 05:30:00+00:00,2023,DRIVEN_MOVE,ACCEPT,25970.3,32.30714285714306,2023-08-28 05:30:00+00:00,25933.0,80.76785714285765,2023-08-28 17:30:00+00:00,True,True,True,2023-08-28 12:00:00+00:00,26013.76785714286,SL,ADVERSE_FIRST,2023-08-28 06:00:00+00:00,False,,,2023-08-28 12:00:00+00:00,26013.76785714286,SL,False,-1.000000000000013,-1.160540349325681,-1.3210806986513486
1562,2023-09-10 13:45:00+00:00,2023,DRIVEN_MOVE,REJECT,25727.8,24.757142857143272,,,61.892857142858176,2023-09-11 01:45:00+00:00,False,False,False,,,NO_TRADE,NO_TRADE,,False,,,,,NO_TRADE,False,0.0,0.0,0.0
1564,2023-09-11 14:00:00+00:00,2023,DRIVEN_MOVE,ACCEPT,25555.0,88.79285714285652,2023-09-11 14:00:00+00:00,25364.4,221.9821428571413,2023-09-12 02:00:00+00:00,True,True,True,2023-09-11 14:45:00+00:00,25031.42678571429,TP,FAVORABLE_FIRST,2023-09-11 14:30:00+00:00,False,,,2023-09-11 14:45:00+00:00,25031.42678571429,TP,False,1.4999999999999918,1.4428683774434794,1.385736754886967
1589,2023-09-29 07:00:00+00:00,2023,DRIVEN_MOVE,ACCEPT,26850.0,35.81428571428608,2023-09-29 14:00:00+00:00,26785.0,89.5357142857152,2023-09-29 19:00:00+00:00,True,True,True,2023-09-29 14:30:00+00:00,26874.535714285714,SL,FAVORABLE_FIRST,2023-09-29 14:15:00+00:00,False,,,2023-09-29 14:30:00+00:00,26874.535714285714,SL,False,-0.999999999999984,-1.149577183885104,-1.2991543677702242
1597,2023-10-05 09:15:00+00:00,2023,DRIVEN_MOVE,ACCEPT,27533.1,40.10000000000063,2023-10-05 16:00:00+00:00,27473.4,100.25000000000156,2023-10-05 21:15:00+00:00,True,True,True,2023-10-05 21:15:00+00:00,27473.3,TIME,FAVORABLE_FIRST,2023-10-05 16:15:00+00:00,False,,,2023-10-05 21:15:00+00:00,27473.3,TIME,False,0.000997506234435723,-0.1360269326683053,-0.2730513715710463
1598,2023-10-06 00:45:00+00:00,2023,DRIVEN_MOVE,ACCEPT,27333.5,40.60714285714312,2023-10-06 12:45:00+00:00,27238.6,101.51785714285779,2023-10-06 12:45:00+00:00,True,True,False,,,NO_TRADE,NO_TRADE,,False,,,,,NO_TRADE,False,0.0,0.0,0.0
1603,2023-10-10 13:00:00+00:00,2023,DRIVEN_MOVE,ACCEPT,27389.0,50.7071428571427,2023-10-10 13:30:00+00:00,27346.3,126.76785714285674,2023-10-11 01:00:00+00:00,True,True,True,2023-10-10 14:00:00+00:00,27473.067857142854,SL,ADVERSE_FIRST,2023-10-10 14:00:00+00:00,False,,,2023-10-10 14:00:00+00:00,27473.067857142854,SL,False,-0.9999999999999868,-1.1078597548950428,-1.2157195097900988
1604,2023-10-11 02:30:00+00:00,2023,DRIVEN_MOVE,ACCEPT,27281.0,55.807142857142544,2023-10-11 02:30:00+00:00,27136.5,139.51785714285637,2023-10-11 14:30:00+00:00,True,True,True,2023-10-11 09:45:00+00:00,27276.017857142855,SL,FAVORABLE_FIRST,2023-10-11 03:00:00+00:00,False,,,2023-10-11 09:45:00+00:00,27276.017857142855,SL,False,-0.9999999999999907,-1.0972509919365072,-1.194501983873024
1626,2023-10-26 08:15:00+00:00,2023,DRIVEN_MOVE,ACCEPT,34203.5,110.11428571428716,2023-10-26 11:15:00+00:00,34177.9,275.2857142857179,2023-10-26 20:15:00+00:00,True,True,True,2023-10-26 16:45:00+00:00,33764.97142857142,TP,FAVORABLE_FIRST,2023-10-26 11:30:00+00:00,False,,,2023-10-26 16:45:00+00:00,33764.97142857142,TP,False,1.5000000000000104,1.437922859366903,1.3758457187337951
1627,2023-10-27 14:15:00+00:00,2023,DRIVEN_MOVE,REJECT,33912.1,107.7571428571438,,,269.3928571428595,2023-10-28 02:15:00+00:00,False,False,False,,,NO_TRADE,NO_TRADE,,False,,,,,NO_TRADE,False,0.0,0.0,0.0
1632,2023-10-31 04:15:00+00:00,2023,DRIVEN_MOVE,REJECT,34050.0,69.81428571428634,,,174.53571428571587,2023-10-31 16:15:00+00:00,False,False,False,,,NO_TRADE,NO_TRADE,,False,,,,,NO_TRADE,False,0.0,0.0,0.0
1636,2023-11-02 13:45:00+00:00,2023,DRIVEN_MOVE,ACCEPT,34544.6,162.75714285714326,2023-11-02 16:15:00+00:00,34456.4,406.89285714285813,2023-11-03 01:45:00+00:00,True,True,True,2023-11-02 18:30:00+00:00,34863.29285714286,SL,ADVERSE_FIRST,2023-11-02 17:15:00+00:00,True,2023-11-02 17:45:00+00:00,34776.4,2023-11-02 17:45:00+00:00,34776.4,PERSISTENT_FAILURE_EXIT,True,-0.7864478188361256,-0.8287886948126023,-0.8711295707890789
1641,2023-11-05 21:45:00+00:00,2023,DRIVEN_MOVE,ACCEPT,34758.0,109.3642857142856,2023-11-05 21:45:00+00:00,34652.8,273.410714285714,2023-11-06 09:45:00+00:00,True,True,True,2023-11-05 22:45:00+00:00,34926.21071428572,SL,ADVERSE_FIRST,2023-11-05 22:30:00+00:00,False,,,2023-11-05 22:45:00+00:00,34926.21071428572,SL,False,-1.0000000000000124,-1.0633713278035524,-1.1267426556070925
1645,2023-11-08 08:45:00+00:00,2023,DRIVEN_MOVE,REJECT,35172.7,69.4285714285709,,,173.57142857142725,2023-11-08 20:45:00+00:00,False,False,False,,,NO_TRADE,NO_TRADE,,False,,,,,NO_TRADE,False,0.0,0.0,0.0
1647,2023-11-09 14:15:00+00:00,2023,DRIVEN_MOVE,REJECT,35993.7,224.957142857144,,,562.39285714286,2023-11-10 02:15:00+00:00,False,False,False,,,NO_TRADE,NO_TRADE,,False,,,,,NO_TRADE,False,0.0,0.0,0.0
1650,2023-11-13 03:30:00+00:00,2023,DRIVEN_MOVE,ACCEPT,36960.0,128.67142857142866,2023-11-13 03:45:00+00:00,36941.3,321.6785714285717,2023-11-13 15:30:00+00:00,True,True,True,2023-11-13 15:30:00+00:00,36755.1,TIME,NONE_120,,False,,,2023-11-13 15:30:00+00:00,36755.1,TIME,False,0.5788386810258819,0.5214190962584788,0.46399951149107566
1651,2023-11-13 23:30:00+00:00,2023,THIN_BOOK,ACCEPT,36350.0,145.74285714285674,2023-11-14 00:45:00+00:00,36270.3,364.35714285714187,2023-11-14 11:30:00+00:00,True,True,True,2023-11-14 05:30:00+00:00,36634.65714285715,SL,ADVERSE_FIRST,2023-11-14 01:30:00+00:00,True,2023-11-14 02:00:00+00:00,36430.9,2023-11-14 02:00:00+00:00,36430.9,PERSISTENT_FAILURE_EXIT,True,-0.4407763183689445,-0.4905493236620244,-0.5403223289551043
1655,2023-11-16 12:00:00+00:00,2023,DRIVEN_MOVE,ACCEPT,37150.0,130.4857142857145,2023-11-16 12:15:00+00:00,37095.0,326.21428571428623,2023-11-17 00:00:00+00:00,True,True,True,2023-11-16 14:15:00+00:00,36605.67857142857,TP,ADVERSE_FIRST,2023-11-16 12:30:00+00:00,False,,,2023-11-16 14:15:00+00:00,36605.67857142857,TP,False,1.4999999999999944,1.4431432012261824,1.3862864024523704
1664,2023-11-21 16:00:00+00:00,2023,DRIVEN_MOVE,ACCEPT,36212.2,229.55000000000084,2023-11-21 23:15:00+00:00,36120.1,573.875000000002,2023-11-22 04:00:00+00:00,True,True,True,2023-11-22 04:00:00+00:00,36397.1,TIME,FAVORABLE_FIRST,2023-11-21 23:45:00+00:00,False,,,2023-11-22 04:00:00+00:00,36397.1,TIME,False,-0.48268351121759795,-0.5141538662600722,-0.5456242213025465
1671,2023-11-27 04:45:00+00:00,2023,DRIVEN_MOVE,REJECT,37132.1,80.79285714285756,,,201.98214285714388,2023-11-27 16:45:00+00:00,False,False,False,,,NO_TRADE,NO_TRADE,,False,,,,,NO_TRADE,False,0.0,0.0,0.0
1684,2023-12-06 07:00:00+00:00,2023,DRIVEN_MOVE,REJECT,43420.6,154.3999999999999,,,385.9999999999997,2023-12-06 19:00:00+00:00,False,False,False,,,NO_TRADE,NO_TRADE,,False,,,,,NO_TRADE,False,0.0,0.0,0.0
1689,2023-12-09 12:15:00+00:00,2023,DRIVEN_MOVE,ACCEPT,43749.1,89.61428571428509,2023-12-09 23:30:00+00:00,43703.5,224.03571428571271,2023-12-10 00:15:00+00:00,True,True,True,2023-12-10 00:15:00+00:00,43778.0,TIME,NONE_120,,False,,,2023-12-10 00:15:00+00:00,43778.0,TIME,False,-0.3325362665391383,-0.43007317073171036,-0.5276100749242824
1698,2023-12-14 06:00:00+00:00,2023,DRIVEN_MOVE,REJECT,42000.6,74.02142857142879,,,185.05357142857196,2023-12-14 18:00:00+00:00,False,False,False,,,NO_TRADE,NO_TRADE,,False,,,,,NO_TRADE,False,0.0,0.0,0.0
1700,2023-12-15 06:30:00+00:00,2023,DRIVEN_MOVE,ACCEPT,42410.5,129.1857142857147,2023-12-15 13:30:00+00:00,42322.0,322.9642857142868,2023-12-15 18:30:00+00:00,True,True,True,2023-12-15 15:30:00+00:00,41837.55357142857,TP,FAVORABLE_FIRST,2023-12-15 14:15:00+00:00,False,,,2023-12-15 15:30:00+00:00,41837.55357142857,TP,False,1.4999999999999918,1.4344788233993064,1.368957646798621
1704,2023-12-17 07:30:00+00:00,2023,DRIVEN_MOVE,ACCEPT,41773.2,105.48571428571395,2023-12-17 08:00:00+00:00,41750.1,263.71428571428487,2023-12-17 19:30:00+00:00,True,True,True,2023-12-17 09:45:00+00:00,42013.81428571428,SL,ADVERSE_FIRST,2023-12-17 08:30:00+00:00,True,2023-12-17 09:00:00+00:00,41938.3,2023-12-17 09:00:00+00:00,41938.3,PERSISTENT_FAILURE_EXIT,True,-0.7136511375948184,-0.7928089653304632,-0.8719667930661081
1720,2023-12-25 18:15:00+00:00,2023,DRIVEN_MOVE,ACCEPT,43083.2,119.3857142857144,2023-12-26 05:30:00+00:00,42783.5,298.464285714286,2023-12-26 06:15:00+00:00,True,True,True,2023-12-26 06:15:00+00:00,42715.0,TIME,FAVORABLE_FIRST,2023-12-26 06:00:00+00:00,False,,,2023-12-26 06:15:00+00:00,42715.0,TIME,False,0.22950819672131126,0.15783546727294467,0.08616273782457812
1721,2023-12-26 06:15:00+00:00,2023,THIN_BOOK,ACCEPT,42552.3,161.36428571428664,2023-12-26 09:45:00+00:00,42449.0,403.4107142857166,2023-12-26 18:15:00+00:00,True,True,True,2023-12-26 14:15:00+00:00,42852.41071428572,SL,ADVERSE_FIRST,2023-12-26 10:30:00+00:00,True,2023-12-26 11:00:00+00:00,42630.0,2023-12-26 11:00:00+00:00,42630.0,PERSISTENT_FAILURE_EXIT,True,-0.44867425080784124,-0.501286884157405,-0.5538995175069686
1725,2023-12-28 08:15:00+00:00,2023,THIN_BOOK,ACCEPT,42821.0,142.9214285714292,2023-12-28 13:00:00+00:00,42724.5,357.30357142857304,2023-12-28 20:15:00+00:00,True,True,True,2023-12-28 20:15:00+00:00,42508.9,TIME,ADVERSE_FIRST,2023-12-28 13:15:00+00:00,True,2023-12-28 13:45:00+00:00,42837.3,2023-12-28 13:45:00+00:00,42837.3,PERSISTENT_FAILURE_EXIT,True,-0.31569793592883877,-0.3754853316007861,-0.4352727272727335
1727,2023-12-29 08:45:00+00:00,2023,DRIVEN_MOVE,ACCEPT,42123.1,133.17142857142815,2023-12-29 16:45:00+00:00,42002.9,332.92857142857036,2023-12-29 20:45:00+00:00,True,True,True,2023-12-29 20:45:00+00:00,42073.2,TIME,FAVORABLE_FIRST,2023-12-29 17:00:00+00:00,False,,,2023-12-29 20:45:00+00:00,42073.2,TIME,False,-0.21115640420509377,-0.2742373524994514,-0.3373183007938091
1728,2023-12-29 20:45:00+00:00,2023,DRIVEN_MOVE,REJECT,41680.0,139.4857142857145,,,348.71428571428623,2023-12-30 08:45:00+00:00,False,False,False,,,NO_TRADE,NO_TRADE,,False,,,,,NO_TRADE,False,0.0,0.0,0.0
1736,2024-01-03 08:00:00+00:00,2024,DRIVEN_MOVE,ACCEPT,44598.0,113.50714285714432,2024-01-03 11:15:00+00:00,44380.3,283.7678571428608,2024-01-03 20:00:00+00:00,True,True,True,2024-01-03 11:45:00+00:00,43954.64821428571,TP,ADVERSE_FIRST,2024-01-03 11:30:00+00:00,False,,,2024-01-03 11:45:00+00:00,43954.64821428571,TP,False,1.4999999999999953,1.4218017494179058,1.3436034988358163
1741,2024-01-06 07:15:00+00:00,2024,THIN_BOOK,REJECT,43405.8,128.31428571428583,,,320.78571428571456,2024-01-06 19:15:00+00:00,False,False,False,,,NO_TRADE,NO_TRADE,,False,,,,,NO_TRADE,False,0.0,0.0,0.0
1748,2024-01-10 02:00:00+00:00,2024,DRIVEN_MOVE,REJECT,44417.2,230.97857142857123,,,577.4464285714281,2024-01-10 14:00:00+00:00,False,False,False,,,NO_TRADE,NO_TRADE,,False,,,,,NO_TRADE,False,0.0,0.0,0.0
1753,2024-01-12 15:15:00+00:00,2024,DRIVEN_MOVE,ACCEPT,45178.1,278.8642857142861,2024-01-12 15:15:00+00:00,44958.5,697.1607142857152,2024-01-13 03:15:00+00:00,True,True,True,2024-01-12 16:15:00+00:00,43912.75892857143,TP,FAVORABLE_FIRST,2024-01-12 15:30:00+00:00,False,,,2024-01-12 16:15:00+00:00,43912.75892857143,TP,False,1.4999999999999993,1.4677560001024559,1.4355120002049122
1773,2024-01-23 01:45:00+00:00,2024,DRIVEN_MOVE,ACCEPT,39402.0,190.75714285714275,2024-01-23 09:00:00+00:00,39125.3,476.8928571428569,2024-01-23 13:45:00+00:00,True,True,True,2024-01-23 13:45:00+00:00,38857.8,TIME,FAVORABLE_FIRST,2024-01-23 10:15:00+00:00,False,,,2024-01-23 13:45:00+00:00,38857.8,TIME,False,0.560922639107317,0.5199015801692506,0.47888052123118424
1778,2024-01-25 14:30:00+00:00,2024,THIN_BOOK,REJECT,39720.5,137.6214285714294,,,344.0535714285735,2024-01-26 02:30:00+00:00,False,False,False,,,NO_TRADE,NO_TRADE,,False,,,,,NO_TRADE,False,0.0,0.0,0.0
1795,2024-02-04 07:00:00+00:00,2024,DRIVEN_MOVE,REJECT,42720.3,68.97857142856967,,,172.44642857142418,2024-02-04 19:00:00+00:00,False,False,False,,,NO_TRADE,NO_TRADE,,False,,,,,NO_TRADE,False,0.0,0.0,0.0
1796,2024-02-04 19:00:00+00:00,2024,THIN_BOOK,ACCEPT,42702.4,83.45714285714244,2024-02-04 19:00:00+00:00,42637.5,208.64285714285612,2024-02-05 07:00:00+00:00,True,True,True,2024-02-04 20:45:00+00:00,42846.142857142855,SL,FAVORABLE_FIRST,2024-02-04 20:15:00+00:00,False,,,2024-02-04 20:45:00+00:00,42846.142857142855,SL,False,-0.999999999999995,-1.1021781923998586,-1.204356384799722
1798,2024-02-05 19:00:00+00:00,2024,DRIVEN_MOVE,ACCEPT,42470.2,150.50714285714275,2024-02-05 20:15:00+00:00,42420.3,376.2678571428569,2024-02-06 07:00:00+00:00,True,True,True,2024-02-06 02:00:00+00:00,42796.56785714286,SL,NONE_120,,False,,,2024-02-06 02:00:00+00:00,42796.56785714286,SL,False,-0.9999999999999951,-1.0563698163352426,-1.1127396326704901
1823,2024-02-22 13:15:00+00:00,2024,DRIVEN_MOVE,ACCEPT,51176.8,150.87857142857163,2024-02-22 13:30:00+00:00,51097.1,377.19642857142907,2024-02-23 01:15:00+00:00,True,True,True,2024-02-22 15:00:00+00:00,51474.296428571426,SL,ADVERSE_FIRST,2024-02-22 14:00:00+00:00,True,2024-02-22 14:45:00+00:00,51405.0,2024-02-22 14:45:00+00:00,51405.0,PERSISTENT_FAILURE_EXIT,True,-0.816285565497328,-0.8840183117928352,-0.9517510580883424
1824,2024-02-23 01:15:00+00:00,2024,DRIVEN_MOVE,ACCEPT,50967.5,150.55000000000032,2024-02-23 07:45:00+00:00,50952.3,376.3750000000008,2024-02-23 13:15:00+00:00,True,True,True,2024-02-23 13:15:00+00:00,51034.2,TIME,ADVERSE_FIRST,2024-02-23 08:00:00+00:00,True,2024-02-23 08:30:00+00:00,51006.9,2024-02-23 08:30:00+00:00,51006.9,PERSISTENT_FAILURE_EXIT,True,-0.14506808369312105,-0.21275629359016507,-0.2804445034872091
1842,2024-03-05 06:30:00+00:00,2024,DRIVEN_MOVE,REJECT,65021.1,598.1785714285719,,,1495.4464285714298,2024-03-05 18:30:00+00:00,False,False,False,,,NO_TRADE,NO_TRADE,,False,,,,,NO_TRADE,False,0.0,0.0,0.0
1843,2024-03-05 18:30:00+00:00,2024,DRIVEN_MOVE,ACCEPT,63500.1,1025.2642857142866,2024-03-05 19:00:00+00:00,63484.0,2563.1607142857165,2024-03-06 06:30:00+00:00,True,True,True,2024-03-05 19:45:00+00:00,59639.25892857143,TP,FAVORABLE_FIRST,2024-03-05 19:30:00+00:00,False,,,2024-03-05 19:45:00+00:00,59639.25892857143,TP,False,1.4999999999999991,1.4876160711175508,1.4752321422351022
1852,2024-03-10 16:00:00+00:00,2024,DRIVEN_MOVE,ACCEPT,68672.9,295.6571428571427,2024-03-10 22:30:00+00:00,68609.0,739.1428571428567,2024-03-11 04:00:00+00:00,True,True,True,2024-03-11 00:45:00+00:00,67500.28571428571,TP,FAVORABLE_FIRST,2024-03-10 22:45:00+00:00,False,,,2024-03-11 00:45:00+00:00,67500.28571428571,TP,False,1.5000000000000067,1.4535888094317808,1.4071776188635552
1855,2024-03-12 04:30:00+00:00,2024,DRIVEN_MOVE,REJECT,71300.0,292.1285714285727,,,730.3214285714317,2024-03-12 16:30:00+00:00,False,False,False,,,NO_TRADE,NO_TRADE,,False,,,,,NO_TRADE,False,0.0,0.0,0.0
1856,2024-03-12 16:30:00+00:00,2024,DRIVEN_MOVE,ACCEPT,70012.0,688.5928571428584,2024-03-12 17:00:00+00:00,69894.1,1721.482142857146,2024-03-13 04:30:00+00:00,True,True,True,2024-03-12 19:00:00+00:00,71615.58214285715,SL,FAVORABLE_FIRST,2024-03-12 17:15:00+00:00,False,,,2024-03-12 19:00:00+00:00,71615.58214285715,SL,False,-0.9999999999999993,-1.0203005591112302,-1.0406011182224613
1861,2024-03-15 04:30:00+00:00,2024,DRIVEN_MOVE,ACCEPT,66660.1,993.6857142857136,2024-03-15 09:00:00+00:00,66165.0,2484.214285714284,2024-03-15 16:30:00+00:00,True,True,True,2024-03-15 13:45:00+00:00,68649.21428571429,SL,ADVERSE_FIRST,2024-03-15 09:30:00+00:00,True,2024-03-15 10:00:00+00:00,67509.7,2024-03-15 10:00:00+00:00,67509.7,PERSISTENT_FAILURE_EXIT,True,-0.5412979096581262,-0.5546149975559956,-0.567932085453865
1863,2024-03-16 09:30:00+00:00,2024,DRIVEN_MOVE,REJECT,67918.5,191.65714285714265,,,479.1428571428566,2024-03-16 21:30:00+00:00,False,False,False,,,NO_TRADE,NO_TRADE,,False,,,,,NO_TRADE,False,0.0,0.0,0.0
1864,2024-03-16 21:30:00+00:00,2024,DRIVEN_MOVE,REJECT,66155.0,532.8285714285697,,,1332.0714285714243,2024-03-17 09:30:00+00:00,False,False,False,,,NO_TRADE,NO_TRADE,,False,,,,,NO_TRADE,False,0.0,0.0,0.0
1867,2024-03-18 09:30:00+00:00,2024,THIN_BOOK,ACCEPT,66814.6,339.94285714285587,2024-03-18 15:00:00+00:00,66793.6,849.8571428571397,2024-03-18 21:30:00+00:00,True,True,True,2024-03-18 16:00:00+00:00,67643.45714285715,SL,ADVERSE_FIRST,2024-03-18 15:30:00+00:00,False,,,2024-03-18 16:00:00+00:00,67643.45714285715,SL,False,-1.0000000000000062,-1.0392969574718505,-1.0785939149436945
1869,2024-03-19 12:00:00+00:00,2024,DRIVEN_MOVE,REJECT,62545.0,605.471428571429,,,1513.6785714285725,2024-03-20 00:00:00+00:00,False,False,False,,,NO_TRADE,NO_TRADE,,False,,,,,NO_TRADE,False,0.0,0.0,0.0
1870,2024-03-20 00:00:00+00:00,2024,DRIVEN_MOVE,ACCEPT,61582.8,503.9000000000004,2024-03-20 04:30:00+00:00,61357.5,1259.750000000001,2024-03-20 12:00:00+00:00,True,True,True,2024-03-20 07:15:00+00:00,62617.25,SL,ADVERSE_FIRST,2024-03-20 06:15:00+00:00,True,2024-03-20 06:45:00+00:00,61800.7,2024-03-20 06:45:00+00:00,61800.7,PERSISTENT_FAILURE_EXIT,True,-0.3518158364754886,-0.3761688827148218,-0.40052192895415495
1873,2024-03-21 15:00:00+00:00,2024,DRIVEN_MOVE,REJECT,66129.0,417.1999999999971,,,1042.9999999999927,2024-03-22 03:00:00+00:00,False,False,False,,,NO_TRADE,NO_TRADE,,False,,,,,NO_TRADE,False,0.0,0.0,0.0
1884,2024-03-27 08:00:00+00:00,2024,THIN_BOOK,ACCEPT,69420.0,217.2571428571464,2024-03-27 14:00:00+00:00,69295.5,543.142857142866,2024-03-27 20:00:00+00:00,True,True,True,2024-03-27 14:15:00+00:00,69838.64285714287,SL,ADVERSE_FIRST,2024-03-27 14:15:00+00:00,False,,,2024-03-27 14:15:00+00:00,69838.64285714287,SL,False,-1.0000000000000067,-1.0637912283009,-1.1275824566017931
1892,2024-04-01 05:45:00+00:00,2024,DRIVEN_MOVE,ACCEPT,70173.0,229.59999999999852,2024-04-01 05:45:00+00:00,69212.2,573.9999999999962,2024-04-01 17:45:00+00:00,True,True,True,2024-04-01 07:00:00+00:00,69786.2,SL,FAVORABLE_FIRST,2024-04-01 06:00:00+00:00,False,,,2024-04-01 07:00:00+00:00,69786.2,SL,False,-1.0000000000000064,-1.0602893728223064,-1.1205787456446066
1893,2024-04-01 17:45:00+00:00,2024,DRIVEN_MOVE,ACCEPT,68103.3,435.9285714285735,2024-04-02 02:30:00+00:00,66683.2,1089.8214285714337,2024-04-02 05:45:00+00:00,True,True,True,2024-04-02 05:45:00+00:00,66794.0,TIME,ADVERSE_FIRST,2024-04-02 03:00:00+00:00,False,,,2024-04-02 05:45:00+00:00,66794.0,TIME,False,-0.1016680321153553,-0.13226166803211742,-0.1628553039488795
1897,2024-04-03 17:45:00+00:00,2024,DRIVEN_MOVE,REJECT,65555.0,308.6714285714292,,,771.678571428573,2024-04-04 05:45:00+00:00,False,False,False,,,NO_TRADE,NO_TRADE,,False,,,,,NO_TRADE,False,0.0,0.0,0.0
1900,2024-04-05 06:00:00+00:00,2024,DRIVEN_MOVE,REJECT,66376.0,307.2428571428588,,,768.107142857147,2024-04-05 18:00:00+00:00,False,False,False,,,NO_TRADE,NO_TRADE,,False,,,,,NO_TRADE,False,0.0,0.0,0.0
1910,2024-04-11 13:45:00+00:00,2024,DRIVEN_MOVE,REJECT,69750.0,472.1428571428582,,,1180.3571428571454,2024-04-12 01:45:00+00:00,False,False,False,,,NO_TRADE,NO_TRADE,,False,,,,,NO_TRADE,False,0.0,0.0,0.0
1918,2024-04-15 19:15:00+00:00,2024,DRIVEN_MOVE,ACCEPT,62242.5,603.0500000000009,2024-04-16 04:30:00+00:00,62040.1,1507.6250000000023,2024-04-16 07:15:00+00:00,True,True,True,2024-04-16 07:15:00+00:00,63258.3,TIME,ADVERSE_FIRST,2024-04-16 05:30:00+00:00,True,2024-04-16 06:00:00+00:00,62815.8,2024-04-16 06:00:00+00:00,62815.8,PERSISTENT_FAILURE_EXIT,True,-0.5145178675068424,-0.5350933090125218,-0.5556687505182012
1934,2024-04-24 09:15:00+00:00,2024,THIN_BOOK,ACCEPT,66074.4,162.6357142857118,2024-04-24 13:15:00+00:00,66001.0,406.5892857142795,2024-04-24 21:15:00+00:00,True,True,True,2024-04-24 14:15:00+00:00,65391.11607142858,TP,ADVERSE_FIRST,2024-04-24 13:30:00+00:00,False,,,2024-04-24 14:15:00+00:00,65391.11607142858,TP,False,1.5000000000000024,1.4188357854978273,1.337671570995652
1938,2024-04-26 14:30:00+00:00,2024,THIN_BOOK,ACCEPT,63650.0,339.3285714285718,2024-04-26 15:15:00+00:00,63400.4,848.3214285714296,2024-04-27 02:30:00+00:00,True,True,True,2024-04-27 02:30:00+00:00,62992.5,TIME,ADVERSE_FIRST,2024-04-26 17:15:00+00:00,True,2024-04-26 17:45:00+00:00,63984.0,2024-04-26 17:45:00+00:00,63984.0,PERSISTENT_FAILURE_EXIT,True,-0.6879467856691761,-0.7253149328505847,-0.7626830800319934
1945,2024-04-30 12:15:00+00:00,2024,DRIVEN_MOVE,ACCEPT,60714.0,326.9857142857145,2024-04-30 14:00:00+00:00,60555.1,817.4642857142862,2024-05-01 00:15:00+00:00,True,True,True,2024-04-30 14:45:00+00:00,61372.56428571428,SL,ADVERSE_FIRST,2024-04-30 14:30:00+00:00,False,,,2024-04-30 14:45:00+00:00,61372.56428571428,SL,False,-0.9999999999999956,-1.037038376512731,-1.0740767530254662
1946,2024-05-01 00:15:00+00:00,2024,DRIVEN_MOVE,ACCEPT,59150.0,276.52142857142775,2024-05-01 07:00:00+00:00,58485.6,691.3035714285694,2024-05-01 12:15:00+00:00,True,True,True,2024-05-01 07:15:00+00:00,57448.64464285714,TP,FAVORABLE_FIRST,2024-05-01 07:15:00+00:00,False,,,2024-05-01 07:15:00+00:00,57448.64464285714,TP,False,1.5000000000000013,1.4576990468318147,1.4153980936636283
1955,2024-05-06 11:15:00+00:00,2024,DRIVEN_MOVE,ACCEPT,63666.0,362.7857142857143,2024-05-06 12:45:00+00:00,63580.0,906.9642857142857,2024-05-06 23:15:00+00:00,True,True,True,2024-05-06 23:15:00+00:00,63325.2,TIME,ADVERSE_FIRST,2024-05-06 14:00:00+00:00,True,2024-05-06 14:30:00+00:00,63708.3,2024-05-06 14:30:00+00:00,63708.3,PERSISTENT_FAILURE_EXIT,True,-0.14146091750344877,-0.17651191179366338,-0.211562906083878
1957,2024-05-07 19:30:00+00:00,2024,THIN_BOOK,ACCEPT,62758.1,194.16428571428645,2024-05-07 23:00:00+00:00,62398.1,485.41071428571615,2024-05-08 07:30:00+00:00,True,True,True,2024-05-08 03:30:00+00:00,62883.510714285716,SL,ADVERSE_FIRST,2024-05-08 00:30:00+00:00,False,,,2024-05-08 03:30:00+00:00,62883.510714285716,SL,False,-1.0000000000000027,-1.0642735091785331,-1.1285470183570636
1968,2024-05-14 02:00:00+00:00,2024,THIN_BOOK,ACCEPT,62540.2,176.33571428571355,2024-05-14 02:00:00+00:00,62530.0,440.83928571428385,2024-05-14 14:00:00+00:00,True,True,True,2024-05-14 06:00:00+00:00,61868.74107142857,TP,NONE_120,,False,,,2024-05-14 06:00:00+00:00,61868.74107142857,TP,False,1.500000000000004,1.4290784623486081,1.3581569246972125
1973,2024-05-16 17:30:00+00:00,2024,DRIVEN_MOVE,REJECT,64680.0,337.1571428571432,,,842.892857142858,2024-05-17 05:30:00+00:00,False,False,False,,,NO_TRADE,NO_TRADE,,False,,,,,NO_TRADE,False,0.0,0.0,0.0
1979,2024-05-23 13:45:00+00:00,2024,DRIVEN_MOVE,ACCEPT,68588.0,368.74285714285776,2024-05-23 13:45:00+00:00,68062.8,921.8571428571444,2024-05-24 01:45:00+00:00,True,True,True,2024-05-23 20:00:00+00:00,66680.0142857143,TP,NONE_120,,False,,,2024-05-23 20:00:00+00:00,66680.0142857143,TP,False,1.4999999999999931,1.46308386796838,1.4261677359367668
1985,2024-05-28 02:00:00+00:00,2024,DRIVEN_MOVE,REJECT,68542.2,199.82857142857287,,,499.5714285714322,2024-05-28 14:00:00+00:00,False,False,False,,,NO_TRADE,NO_TRADE,,False,,,,,NO_TRADE,False,0.0,0.0,0.0
1987,2024-05-29 08:00:00+00:00,2024,DRIVEN_MOVE,ACCEPT,67975.5,196.4499999999981,2024-05-29 08:00:00+00:00,67810.4,491.1249999999953,2024-05-29 20:00:00+00:00,True,True,True,2024-05-29 13:00:00+00:00,68301.525,SL,ADVERSE_FIRST,2024-05-29 09:00:00+00:00,True,2024-05-29 10:15:00+00:00,68057.1,2024-05-29 10:15:00+00:00,68057.1,PERSISTENT_FAILURE_EXIT,True,-0.5023161109697409,-0.5713518961568121,-0.6403876813438832
2000,2024-06-07 18:00:00+00:00,2024,DRIVEN_MOVE,ACCEPT,69820.0,357.05714285714413,2024-06-07 18:00:00+00:00,68543.0,892.6428571428603,2024-06-08 06:00:00+00:00,True,True,True,2024-06-07 18:15:00+00:00,69435.64285714286,SL,ADVERSE_FIRST,2024-06-07 18:15:00+00:00,False,,,2024-06-07 18:15:00+00:00,69435.64285714286,SL,False,-0.9999999999999941,-1.0383932943906478,-1.0767865887813013
2005,2024-06-13 00:45:00+00:00,2024,DRIVEN_MOVE,REJECT,67215.2,162.71428571428572,,,406.78571428571433,2024-06-13 12:45:00+00:00,False,False,False,,,NO_TRADE,NO_TRADE,,False,,,,,NO_TRADE,False,0.0,0.0,0.0
2007,2024-06-14 04:15:00+00:00,2024,THIN_BOOK,ACCEPT,66471.3,151.57857142857185,2024-06-14 15:45:00+00:00,66380.0,378.94642857142964,2024-06-14 16:15:00+00:00,True,True,True,2024-06-14 16:00:00+00:00,65811.58035714286,TP,FAVORABLE_FIRST,2024-06-14 16:00:00+00:00,False,,,2024-06-14 16:00:00+00:00,65811.58035714286,TP,False,1.5000000000000013,1.412415060553227,1.324830121106453
2012,2024-06-17 15:15:00+00:00,2024,DRIVEN_MOVE,ACCEPT,65094.9,252.23571428571557,2024-06-18 01:30:00+00:00,64606.0,630.589285714289,2024-06-18 03:15:00+00:00,True,True,True,2024-06-18 02:15:00+00:00,65236.58928571429,SL,ADVERSE_FIRST,2024-06-18 01:45:00+00:00,False,,,2024-06-18 02:15:00+00:00,65236.58928571429,SL,False,-1.0000000000000013,-1.0512266870557596,-1.102453374111518
2014,2024-06-18 15:15:00+00:00,2024,THIN_BOOK,REJECT,64212.0,401.3928571428572,,,1003.4821428571431,2024-06-19 03:15:00+00:00,False,False,False,,,NO_TRADE,NO_TRADE,,False,,,,,NO_TRADE,False,0.0,0.0,0.0
2023,2024-06-23 05:15:00+00:00,2024,THIN_BOOK,ACCEPT,64200.2,47.51428571428551,2024-06-23 14:45:00+00:00,64166.5,118.78571428571378,2024-06-23 17:15:00+00:00,True,True,True,2024-06-23 16:45:00+00:00,63988.32142857143,TP,FAVORABLE_FIRST,2024-06-23 15:00:00+00:00,False,,,2024-06-23 16:45:00+00:00,63988.32142857143,TP,False,1.500000000000015,1.2299064942874463,0.9598129885748775
2040,2024-07-02 09:00:00+00:00,2024,DRIVEN_MOVE,ACCEPT,62387.0,145.6785714285704,2024-07-02 14:00:00+00:00,62370.1,364.196428571426,2024-07-02 21:00:00+00:00,True,True,True,2024-07-02 16:00:00+00:00,61823.80535714286,TP,FAVORABLE_FIRST,2024-07-02 14:30:00+00:00,False,,,2024-07-02 16:00:00+00:00,61823.80535714286,TP,False,1.4999999999999962,1.4143729933807263,1.3287459867614562
2041,2024-07-02 22:00:00+00:00,2024,THIN_BOOK,ACCEPT,61800.0,132.99285714285568,2024-07-03 01:45:00+00:00,61617.9,332.4821428571392,2024-07-03 10:00:00+00:00,True,True,True,2024-07-03 03:00:00+00:00,61119.17678571429,TP,FAVORABLE_FIRST,2024-07-03 02:30:00+00:00,False,,,2024-07-03 03:00:00+00:00,61119.17678571429,TP,False,1.500000000000004,1.4073365272033973,1.3146730544067906
2050,2024-07-07 15:30:00+00:00,2024,DRIVEN_MOVE,ACCEPT,56555.1,230.7500000000005,2024-07-07 21:15:00+00:00,56218.0,576.8750000000013,2024-07-08 03:30:00+00:00,True,True,True,2024-07-08 00:30:00+00:00,55352.6875,TP,ADVERSE_FIRST,2024-07-07 21:30:00+00:00,True,2024-07-07 22:00:00+00:00,56659.0,2024-07-07 22:00:00+00:00,56659.0,PERSISTENT_FAILURE_EXIT,True,-0.764463705308774,-0.8131900325027068,-0.8619163596966395
2070,2024-07-18 14:45:00+00:00,2024,DRIVEN_MOVE,ACCEPT,63888.0,253.4357142857147,2024-07-18 15:00:00+00:00,63609.5,633.5892857142868,2024-07-19 02:45:00+00:00,True,True,True,2024-07-19 02:45:00+00:00,63806.0,TIME,FAVORABLE_FIRST,2024-07-18 16:00:00+00:00,False,,,2024-07-19 02:45:00+00:00,63806.0,TIME,False,-0.310137820241819,-0.3603355598771167,-0.41053329951241435
2076,2024-07-23 19:45:00+00:00,2024,THIN_BOOK,ACCEPT,65566.5,277.20714285714246,2024-07-23 19:45:00+00:00,65516.1,693.0178571428562,2024-07-24 07:45:00+00:00,True,True,True,2024-07-24 07:45:00+00:00,66049.0,TIME,ADVERSE_FIRST,2024-07-23 20:45:00+00:00,True,2024-07-23 21:15:00+00:00,65895.9,2024-07-23 21:15:00+00:00,65895.9,PERSISTENT_FAILURE_EXIT,True,-0.5480378262774043,-0.5953065216831092,-0.6425752170888142
2082,2024-07-27 20:15:00+00:00,2024,DRIVEN_MOVE,ACCEPT,67520.6,484.028571428572,2024-07-27 20:15:00+00:00,67306.8,1210.07142857143,2024-07-28 08:15:00+00:00,True,True,True,2024-07-27 21:00:00+00:00,68516.87142857144,SL,ADVERSE_FIRST,2024-07-27 20:45:00+00:00,False,,,2024-07-27 21:00:00+00:00,68516.87142857144,SL,False,-1.000000000000004,-1.027811085532145,-1.055622171064286
2085,2024-07-29 14:30:00+00:00,2024,DRIVEN_MOVE,ACCEPT,68610.0,315.93571428571573,2024-07-29 14:45:00+00:00,68200.1,789.8392857142893,2024-07-30 02:30:00+00:00,True,True,True,2024-07-29 16:30:00+00:00,67015.34107142857,TP,FAVORABLE_FIRST,2024-07-29 15:00:00+00:00,False,,,2024-07-29 16:30:00+00:00,67015.34107142857,TP,False,1.500000000000001,1.456826596730801,1.4136531934616008
2087,2024-07-30 15:00:00+00:00,2024,DRIVEN_MOVE,REJECT,65600.0,317.4285714285704,,,793.571428571426,2024-07-31 03:00:00+00:00,False,False,False,,,NO_TRADE,NO_TRADE,,False,,,,,NO_TRADE,False,0.0,0.0,0.0
2097,2024-08-04 17:45:00+00:00,2024,DRIVEN_MOVE,ACCEPT,57040.0,519.1642857142864,2024-08-05 00:30:00+00:00,56699.6,1297.910714285716,2024-08-05 05:45:00+00:00,True,True,True,2024-08-05 01:00:00+00:00,54752.733928571426,TP,FAVORABLE_FIRST,2024-08-05 00:45:00+00:00,False,,,2024-08-05 01:00:00+00:00,54752.733928571426,TP,False,1.4999999999999987,1.4781573572912496,1.4563147145825008
2113,2024-08-14 13:45:00+00:00,2024,DRIVEN_MOVE,ACCEPT,59979.0,461.3142857142863,2024-08-14 13:45:00+00:00,59583.0,1153.2857142857158,2024-08-15 01:45:00+00:00,True,True,True,2024-08-15 01:45:00+00:00,58172.7,TIME,FAVORABLE_FIRST,2024-08-14 14:00:00+00:00,False,,,2024-08-15 01:45:00+00:00,58172.7,TIME,False,1.2228539576365673,1.1970221107395032,1.1711902638424387
2121,2024-08-19 00:00:00+00:00,2024,DRIVEN_MOVE,ACCEPT,58352.0,236.8214285714296,2024-08-19 00:45:00+00:00,58307.8,592.0535714285741,2024-08-19 12:00:00+00:00,True,True,True,2024-08-19 12:00:00+00:00,58348.9,TIME,ADVERSE_FIRST,2024-08-19 02:30:00+00:00,True,2024-08-19 03:00:00+00:00,58542.4,2024-08-19 03:00:00+00:00,58542.4,PERSISTENT_FAILURE_EXIT,True,-0.3962479264062693,-0.44548992308851915,-0.49473191977076897
2133,2024-08-27 16:00:00+00:00,2024,DRIVEN_MOVE,ACCEPT,61426.1,287.5214285714288,2024-08-27 21:15:00+00:00,61397.3,718.803571428572,2024-08-28 04:00:00+00:00,True,True,True,2024-08-27 21:45:00+00:00,60319.09464285715,TP,FAVORABLE_FIRST,2024-08-27 21:30:00+00:00,False,,,2024-08-27 21:45:00+00:00,60319.09464285715,TP,False,1.4999999999999958,1.4572920179862328,1.41458403597247
2138,2024-08-30 06:30:00+00:00,2024,DRIVEN_MOVE,ACCEPT,58650.0,167.278571428571,2024-08-30 14:45:00+00:00,58430.4,418.19642857142753,2024-08-30 18:30:00+00:00,True,True,True,2024-08-30 16:15:00+00:00,57803.105357142864,TP,ADVERSE_FIRST,2024-08-30 15:00:00+00:00,False,,,2024-08-30 16:15:00+00:00,57803.105357142864,TP,False,1.4999999999999913,1.4301400059780431,1.360280011956095
2146,2024-09-04 01:00:00+00:00,2024,DRIVEN_MOVE,ACCEPT,57093.6,335.0500000000008,2024-09-04 01:00:00+00:00,56169.1,837.625000000002,2024-09-04 13:00:00+00:00,True,True,True,2024-09-04 13:00:00+00:00,56488.0,TIME,ADVERSE_FIRST,2024-09-04 01:30:00+00:00,False,,,2024-09-04 13:00:00+00:00,56488.0,TIME,False,-0.3807192956275191,-0.41424808237576555,-0.447776869124012
2148,2024-09-05 03:30:00+00:00,2024,DRIVEN_MOVE,REJECT,56962.6,229.2214285714295,,,573.0535714285737,2024-09-05 15:30:00+00:00,False,False,False,,,NO_TRADE,NO_TRADE,,False,,,,,NO_TRADE,False,0.0,0.0,0.0
2149,2024-09-05 15:30:00+00:00,2024,DRIVEN_MOVE,REJECT,55885.1,433.0642857142869,,,1082.6607142857172,2024-09-06 03:30:00+00:00,False,False,False,,,NO_TRADE,NO_TRADE,,False,,,,,NO_TRADE,False,0.0,0.0,0.0
2163,2024-09-13 12:15:00+00:00,2024,DRIVEN_MOVE,ACCEPT,57708.0,141.9142857142854,2024-09-13 12:15:00+00:00,57665.9,354.7857142857135,2024-09-14 00:15:00+00:00,True,True,True,2024-09-13 13:30:00+00:00,58020.68571428571,SL,ADVERSE_FIRST,2024-09-13 12:45:00+00:00,False,,,2024-09-13 13:30:00+00:00,58020.68571428571,SL,False,-0.9999999999999906,-1.0812686329776433,-1.162537265955296
2166,2024-09-15 23:15:00+00:00,2024,DRIVEN_MOVE,ACCEPT,58654.0,237.2500000000005,2024-09-16 00:45:00+00:00,58641.7,593.1250000000013,2024-09-16 11:15:00+00:00,True,True,True,2024-09-16 11:15:00+00:00,58704.6,TIME,FAVORABLE_FIRST,2024-09-16 02:00:00+00:00,False,,,2024-09-16 11:15:00+00:00,58704.6,TIME,False,-0.10604847207587156,-0.15548299262381665,-0.20491751317176177
2167,2024-09-16 14:30:00+00:00,2024,DRIVEN_MOVE,ACCEPT,57860.0,276.8928571428577,2024-09-16 14:30:00+00:00,57745.4,692.2321428571443,2024-09-17 02:30:00+00:00,True,True,True,2024-09-17 02:30:00+00:00,58086.0,TIME,NONE_120,,False,,,2024-09-17 02:30:00+00:00,58086.0,TIME,False,-0.4920314716883756,-0.5337410344382788,-0.5754505971881819
2170,2024-09-18 10:30:00+00:00,2024,DRIVEN_MOVE,REJECT,59360.1,193.30714285714205,,,483.2678571428551,2024-09-18 22:30:00+00:00,False,False,False,,,NO_TRADE,NO_TRADE,,False,,,,,NO_TRADE,False,0.0,0.0,0.0
2175,2024-09-25 08:45:00+00:00,2024,THIN_BOOK,ACCEPT,63612.3,121.50714285714172,2024-09-25 09:45:00+00:00,63588.0,303.76785714285427,2024-09-25 20:45:00+00:00,True,True,True,2024-09-25 14:45:00+00:00,63891.767857142855,SL,FAVORABLE_FIRST,2024-09-25 10:00:00+00:00,False,,,2024-09-25 14:45:00+00:00,63891.767857142855,SL,False,-1.0000000000000027,-1.1046654517665078,-1.2093309035330126
2179,2024-09-30 02:45:00+00:00,2024,DRIVEN_MOVE,REJECT,64310.4,229.1499999999999,,,572.8749999999998,2024-09-30 14:45:00+00:00,False,False,False,,,NO_TRADE,NO_TRADE,,False,,,,,NO_TRADE,False,0.0,0.0,0.0
2185,2024-10-03 09:30:00+00:00,2024,THIN_BOOK,REJECT,60101.5,249.21428571428677,,,623.035714285717,2024-10-03 21:30:00+00:00,False,False,False,,,NO_TRADE,NO_TRADE,,False,,,,,NO_TRADE,False,0.0,0.0,0.0
2203,2024-10-15 14:45:00+00:00,2024,DRIVEN_MOVE,REJECT,65200.1,540.6714285714281,,,1351.6785714285702,2024-10-16 02:45:00+00:00,False,False,False,,,NO_TRADE,NO_TRADE,,False,,,,,NO_TRADE,False,0.0,0.0,0.0
2206,2024-10-21 15:15:00+00:00,2024,DRIVEN_MOVE,REJECT,66865.9,307.499999999999,,,768.7499999999975,2024-10-22 03:15:00+00:00,False,False,False,,,NO_TRADE,NO_TRADE,,False,,,,,NO_TRADE,False,0.0,0.0,0.0
2211,2024-10-25 07:30:00+00:00,2024,DRIVEN_MOVE,REJECT,67236.0,167.9142857142849,,,419.78571428571223,2024-10-25 19:30:00+00:00,False,False,False,,,NO_TRADE,NO_TRADE,,False,,,,,NO_TRADE,False,0.0,0.0,0.0
2212,2024-10-25 19:30:00+00:00,2024,DRIVEN_MOVE,ACCEPT,65950.3,420.3857142857128,2024-10-25 23:00:00+00:00,65758.4,1050.9642857142821,2024-10-26 07:30:00+00:00,True,True,True,2024-10-26 00:45:00+00:00,66809.36428571427,SL,ADVERSE_FIRST,2024-10-25 23:15:00+00:00,True,2024-10-25 23:45:00+00:00,66662.8,2024-10-25 23:45:00+00:00,66662.8,PERSISTENT_FAILURE_EXIT,True,-0.8605430387059616,-0.8918278315832513,-0.923112624460541
2216,2024-10-31 13:45:00+00:00,2024,DRIVEN_MOVE,ACCEPT,71737.1,237.82857142857185,2024-10-31 13:45:00+00:00,71322.2,594.5714285714296,2024-11-01 01:45:00+00:00,True,True,True,2024-10-31 16:00:00+00:00,70430.34285714285,TP,FAVORABLE_FIRST,2024-10-31 14:00:00+00:00,False,,,2024-10-31 16:00:00+00:00,70430.34285714285,TP,False,1.5000000000000009,1.4400221768380597,1.3800443536761184
2220,2024-11-03 01:15:00+00:00,2024,THIN_BOOK,ACCEPT,69022.8,137.6142857142851,2024-11-03 01:45:00+00:00,69009.4,344.03571428571274,2024-11-03 13:15:00+00:00,True,True,True,2024-11-03 02:15:00+00:00,68493.34642857143,TP,FAVORABLE_FIRST,2024-11-03 02:00:00+00:00,False,,,2024-11-03 02:15:00+00:00,68493.34642857143,TP,False,1.4999999999999887,1.399706052112518,1.2994121042250475
2232,2024-11-12 08:45:00+00:00,2024,DRIVEN_MOVE,ACCEPT,86497.9,474.7357142857155,2024-11-12 10:30:00+00:00,86426.8,1186.8392857142887,2024-11-12 20:45:00+00:00,True,True,True,2024-11-12 11:00:00+00:00,87613.6392857143,SL,ADVERSE_FIRST,2024-11-12 10:45:00+00:00,False,,,2024-11-12 11:00:00+00:00,87613.6392857143,SL,False,-1.0000000000000009,-1.0364104900470947,-1.0728209800941884
2236,2024-11-14 14:45:00+00:00,2024,DRIVEN_MOVE,ACCEPT,89095.5,637.1285714285726,2024-11-14 14:45:00+00:00,88769.2,1592.8214285714316,2024-11-15 02:45:00+00:00,True,True,True,2024-11-15 02:45:00+00:00,88405.2,TIME,ADVERSE_FIRST,2024-11-14 15:15:00+00:00,False,,,2024-11-15 02:45:00+00:00,88405.2,TIME,False,0.22852530325792014,0.20065990717280618,0.17279451108769223
2240,2024-11-17 16:00:00+00:00,2024,DRIVEN_MOVE,ACCEPT,89935.7,331.57142857142543,2024-11-17 19:00:00+00:00,89926.6,828.9285714285636,2024-11-18 04:00:00+00:00,True,True,True,2024-11-18 01:30:00+00:00,90755.52857142857,SL,FAVORABLE_FIRST,2024-11-17 21:00:00+00:00,False,,,2024-11-18 01:30:00+00:00,90755.52857142857,SL,False,-1.000000000000002,-1.0542426712623894,-1.108485342524777
2248,2024-11-22 10:30:00+00:00,2024,DRIVEN_MOVE,ACCEPT,97860.1,303.97142857143,2024-11-22 13:15:00+00:00,97653.9,759.928571428575,2024-11-22 22:30:00+00:00,True,True,True,2024-11-22 15:15:00+00:00,98413.82857142857,SL,ADVERSE_FIRST,2024-11-22 13:30:00+00:00,False,,,2024-11-22 15:15:00+00:00,98413.82857142857,SL,False,-1.0000000000000062,-1.0642520255663186,-1.128504051132631
2249,2024-11-23 17:00:00+00:00,2024,DRIVEN_MOVE,REJECT,97541.2,274.97857142857123,,,687.4464285714281,2024-11-24 05:00:00+00:00,False,False,False,,,NO_TRADE,NO_TRADE,,False,,,,,NO_TRADE,False,0.0,0.0,0.0
2250,2024-11-24 12:00:00+00:00,2024,DRIVEN_MOVE,ACCEPT,97286.0,260.6714285714271,2024-11-24 12:15:00+00:00,97267.3,651.6785714285677,2024-11-25 00:00:00+00:00,True,True,True,2024-11-24 15:30:00+00:00,96289.78214285715,TP,FAVORABLE_FIRST,2024-11-24 12:30:00+00:00,False,,,2024-11-24 15:30:00+00:00,96289.78214285715,TP,False,1.5000000000000053,1.4253717213788617,1.350743442757718
2252,2024-11-25 13:15:00+00:00,2024,THIN_BOOK,ACCEPT,96929.9,300.8999999999993,2024-11-25 14:30:00+00:00,96686.9,752.2499999999982,2024-11-26 01:15:00+00:00,True,True,True,2024-11-25 14:45:00+00:00,95558.525,TP,FAVORABLE_FIRST,2024-11-25 14:45:00+00:00,False,,,2024-11-25 14:45:00+00:00,95558.525,TP,False,1.5000000000000036,1.4357348620804289,1.371469724160854
2257,2024-11-28 08:45:00+00:00,2024,DRIVEN_MOVE,REJECT,94878.2,289.5142857142845,,,723.7857142857113,2024-11-28 20:45:00+00:00,False,False,False,,,NO_TRADE,NO_TRADE,,False,,,,,NO_TRADE,False,0.0,0.0,0.0
2261,2024-12-02 04:00:00+00:00,2024,DRIVEN_MOVE,ACCEPT,96402.5,398.499999999999,2024-12-02 04:00:00+00:00,96249.3,996.2499999999975,2024-12-02 16:00:00+00:00,True,True,True,2024-12-02 15:30:00+00:00,97245.55,SL,ADVERSE_FIRST,2024-12-02 04:30:00+00:00,True,2024-12-02 05:00:00+00:00,96959.3,2024-12-02 05:00:00+00:00,96959.3,PERSISTENT_FAILURE_EXIT,True,-0.7126725219573418,-0.7609783186951085,-0.8092841154328753
2274,2024-12-09 12:00:00+00:00,2024,DRIVEN_MOVE,REJECT,98112.0,400.1000000000007,,,1000.2500000000018,2024-12-10 00:00:00+00:00,False,False,False,,,NO_TRADE,NO_TRADE,,False,,,,,NO_TRADE,False,0.0,0.0,0.0
2283,2024-12-14 18:30:00+00:00,2024,DRIVEN_MOVE,ACCEPT,100777.0,219.07857142857185,2024-12-14 20:45:00+00:00,100729.6,547.6964285714296,2024-12-15 06:30:00+00:00,True,True,True,2024-12-14 23:00:00+00:00,101277.29642857144,SL,ADVERSE_FIRST,2024-12-14 21:00:00+00:00,True,2024-12-14 21:30:00+00:00,101105.2,2024-12-14 21:30:00+00:00,101105.2,PERSISTENT_FAILURE_EXIT,True,-0.6857813569821484,-0.7777388673339463,-0.8696963776857443
2288,2024-12-17 15:30:00+00:00,2024,DRIVEN_MOVE,REJECT,105888.6,537.8071428571462,,,1344.5178571428655,2024-12-18 03:30:00+00:00,False,False,False,,,NO_TRADE,NO_TRADE,,False,,,,,NO_TRADE,False,0.0,0.0,0.0
2289,2024-12-18 03:30:00+00:00,2024,DRIVEN_MOVE,ACCEPT,104695.4,467.3428571428594,2024-12-18 03:30:00+00:00,104606.8,1168.3571428571483,2024-12-18 15:30:00+00:00,True,True,True,2024-12-18 15:30:00+00:00,104350.0,TIME,FAVORABLE_FIRST,2024-12-18 04:15:00+00:00,False,,,2024-12-18 15:30:00+00:00,104350.0,TIME,False,0.21979580607691043,0.17502918628110456,0.13026256648529871
2292,2024-12-19 16:30:00+00:00,2024,DRIVEN_MOVE,ACCEPT,99455.0,719.221428571428,2024-12-19 17:30:00+00:00,98797.9,1798.05357142857,2024-12-20 04:30:00+00:00,True,True,True,2024-12-19 20:00:00+00:00,96100.81964285714,TP,FAVORABLE_FIRST,2024-12-19 17:45:00+00:00,False,,,2024-12-19 20:00:00+00:00,96100.81964285714,TP,False,1.5,1.4725264303661698,1.4450528607323394
2293,2024-12-20 04:30:00+00:00,2024,DRIVEN_MOVE,ACCEPT,95681.2,590.8928571428551,2024-12-20 08:45:00+00:00,95468.4,1477.2321428571377,2024-12-20 16:30:00+00:00,True,True,True,2024-12-20 11:15:00+00:00,93252.55178571428,TP,FAVORABLE_FIRST,2024-12-20 09:45:00+00:00,False,,,2024-12-20 11:15:00+00:00,93252.55178571428,TP,False,1.5000000000000024,1.467686730734363,1.435373461468724
2298,2024-12-22 18:15:00+00:00,2024,DRIVEN_MOVE,ACCEPT,95085.0,386.14999999999935,2024-12-22 19:45:00+00:00,94795.4,965.3749999999984,2024-12-23 06:15:00+00:00,True,True,True,2024-12-22 23:00:00+00:00,95760.775,SL,ADVERSE_FIRST,2024-12-22 20:30:00+00:00,True,2024-12-22 21:00:00+00:00,95475.3,2024-12-22 21:00:00+00:00,95475.3,PERSISTENT_FAILURE_EXIT,True,-0.7042858992619551,-0.7533836074064586,-0.802481315550962
2305,2024-12-26 08:45:00+00:00,2024,DRIVEN_MOVE,ACCEPT,95573.0,399.4071428571416,2024-12-26 09:45:00+00:00,95412.5,998.5178571428539,2024-12-26 20:45:00+00:00,True,True,True,2024-12-26 16:00:00+00:00,96411.01785714286,SL,ADVERSE_FIRST,2024-12-26 11:30:00+00:00,True,2024-12-26 12:30:00+00:00,95593.0,2024-12-26 12:30:00+00:00,95593.0,PERSISTENT_FAILURE_EXIT,True,-0.1807679238871905,-0.22854498631900927,-0.276322048750828
2307,2024-12-27 15:15:00+00:00,2024,DRIVEN_MOVE,ACCEPT,94620.0,404.3071428571399,2024-12-27 15:30:00+00:00,94233.2,1010.7678571428498,2024-12-28 03:15:00+00:00,True,True,True,2024-12-28 03:15:00+00:00,94570.8,TIME,ADVERSE_FIRST,2024-12-27 16:30:00+00:00,False,,,2024-12-28 03:15:00+00:00,94570.8,TIME,False,-0.3340034980478148,-0.3806181580481685,-0.42723281804852214
2315,2025-01-01 02:00:00+00:00,2025_H1,DRIVEN_MOVE,ACCEPT,93145.1,315.94285714285587,2025-01-01 09:15:00+00:00,93112.7,789.8571428571397,2025-01-01 14:00:00+00:00,True,True,True,2025-01-01 12:15:00+00:00,93902.55714285714,SL,ADVERSE_FIRST,2025-01-01 10:00:00+00:00,True,2025-01-01 10:30:00+00:00,93368.7,2025-01-01 10:30:00+00:00,93368.7,PERSISTENT_FAILURE_EXIT,True,-0.3241092421776103,-0.38305198950985864,-0.44199473684210705
2326,2025-01-07 08:15:00+00:00,2025_H1,THIN_BOOK,ACCEPT,101459.4,142.49285714285983,2025-01-07 10:00:00+00:00,101399.8,356.2321428571496,2025-01-07 20:15:00+00:00,True,True,True,2025-01-07 11:30:00+00:00,100865.45178571428,TP,FAVORABLE_FIRST,2025-01-07 11:30:00+00:00,False,,,2025-01-07 11:30:00+00:00,100865.45178571428,TP,False,1.5000000000000009,1.3576773572610192,1.2153547145220376
2327,2025-01-07 20:15:00+00:00,2025_H1,DRIVEN_MOVE,REJECT,96214.3,496.2428571428557,,,1240.6071428571393,2025-01-08 08:15:00+00:00,False,False,False,,,NO_TRADE,NO_TRADE,,False,,,,,NO_TRADE,False,0.0,0.0,0.0
2335,2025-01-12 01:45:00+00:00,2025_H1,DRIVEN_MOVE,ACCEPT,93943.0,137.61428571428405,2025-01-12 09:30:00+00:00,93756.1,344.0357142857101,2025-01-12 13:45:00+00:00,True,True,True,2025-01-12 11:00:00+00:00,94100.13571428572,SL,ADVERSE_FIRST,2025-01-12 10:00:00+00:00,False,,,2025-01-12 11:00:00+00:00,94100.13571428572,SL,False,-1.0,-1.136259254645491,-1.272518509290982
2346,2025-01-19 16:15:00+00:00,2025_H1,DRIVEN_MOVE,ACCEPT,103458.6,450.62142857142834,2025-01-19 22:30:00+00:00,103343.1,1126.5535714285709,2025-01-20 04:15:00+00:00,True,True,True,2025-01-19 22:45:00+00:00,101653.26964285715,TP,FAVORABLE_FIRST,2025-01-19 22:45:00+00:00,False,,,2025-01-19 22:45:00+00:00,101653.26964285715,TP,False,1.499999999999999,1.454133073374862,1.4082661467497255
2351,2025-01-22 08:30:00+00:00,2025_H1,DRIVEN_MOVE,REJECT,104718.7,312.8000000000029,,,782.0000000000073,2025-01-22 20:30:00+00:00,False,False,False,,,NO_TRADE,NO_TRADE,,False,,,,,NO_TRADE,False,0.0,0.0,0.0
2356,2025-01-25 03:15:00+00:00,2025_H1,THIN_BOOK,REJECT,104310.0,233.77857142857,,,584.446428571425,2025-01-25 15:15:00+00:00,False,False,False,,,NO_TRADE,NO_TRADE,,False,,,,,NO_TRADE,False,0.0,0.0,0.0
2362,2025-01-28 21:00:00+00:00,2025_H1,DRIVEN_MOVE,ACCEPT,101195.2,425.0571428571452,2025-01-28 21:30:00+00:00,100727.9,1062.642857142863,2025-01-29 09:00:00+00:00,True,True,True,2025-01-29 01:00:00+00:00,101790.54285714286,SL,ADVERSE_FIRST,2025-01-28 22:45:00+00:00,True,2025-01-29 00:00:00+00:00,101478.5,2025-01-29 00:00:00+00:00,101478.5,PERSISTENT_FAILURE_EXIT,True,-0.7063520871143392,-0.7537470793842858,-0.8011420716542325
2370,2025-02-02 04:00:00+00:00,2025_H1,DRIVEN_MOVE,REJECT,99111.0,390.8071428571441,,,977.0178571428602,2025-02-02 16:00:00+00:00,False,False,False,,,NO_TRADE,NO_TRADE,,False,,,,,NO_TRADE,False,0.0,0.0,0.0
2371,2025-02-02 16:00:00+00:00,2025_H1,THIN_BOOK,ACCEPT,98100.0,379.9285714285704,2025-02-02 17:15:00+00:00,97808.4,949.821428571426,2025-02-03 04:00:00+00:00,True,True,True,2025-02-02 22:30:00+00:00,96383.66785714285,TP,FAVORABLE_FIRST,2025-02-02 17:45:00+00:00,False,,,2025-02-02 22:30:00+00:00,96383.66785714285,TP,False,1.5000000000000062,1.4485122165820703,1.3970244331641346
2377,2025-02-05 19:00:00+00:00,2025_H1,THIN_BOOK,REJECT,96458.0,490.9857142857145,,,1227.4642857142862,2025-02-06 07:00:00+00:00,False,False,False,,,NO_TRADE,NO_TRADE,,False,,,,,NO_TRADE,False,0.0,0.0,0.0
2381,2025-02-07 19:00:00+00:00,2025_H1,DRIVEN_MOVE,ACCEPT,96566.3,587.3928571428571,2025-02-07 20:00:00+00:00,96285.3,1468.4821428571427,2025-02-08 07:00:00+00:00,True,True,True,2025-02-08 07:00:00+00:00,95895.2,TIME,NONE_120,,False,,,2025-02-08 07:00:00+00:00,95895.2,TIME,False,0.26564844652520614,0.2328644932206521,0.2000805399160981
2391,2025-02-13 04:45:00+00:00,2025_H1,DRIVEN_MOVE,REJECT,95746.8,212.28571428571323,,,530.714285714283,2025-02-13 16:45:00+00:00,False,False,False,,,NO_TRADE,NO_TRADE,,False,,,,,NO_TRADE,False,0.0,0.0,0.0
2392,2025-02-13 16:45:00+00:00,2025_H1,DRIVEN_MOVE,REJECT,95238.2,455.0071428571412,,,1137.517857142853,2025-02-14 04:45:00+00:00,False,False,False,,,NO_TRADE,NO_TRADE,,False,,,,,NO_TRADE,False,0.0,0.0,0.0
2395,2025-02-16 09:30:00+00:00,2025_H1,THIN_BOOK,ACCEPT,97011.0,119.49285714285672,2025-02-16 13:30:00+00:00,96864.7,298.7321428571418,2025-02-16 21:30:00+00:00,True,True,True,2025-02-16 21:30:00+00:00,97163.43214285714,SL,FAVORABLE_FIRST,2025-02-16 14:00:00+00:00,False,,,2025-02-16 21:30:00+00:00,97163.43214285714,SL,False,-1.0000000000000104,-1.162126343475413,-1.3242526869508155
2396,2025-02-16 23:00:00+00:00,2025_H1,THIN_BOOK,ACCEPT,96522.0,214.5642857142853,2025-02-16 23:00:00+00:00,96304.8,536.4107142857132,2025-02-17 11:00:00+00:00,True,True,True,2025-02-17 11:00:00+00:00,96195.0,TIME,FAVORABLE_FIRST,2025-02-16 23:30:00+00:00,False,,,2025-02-17 11:00:00+00:00,96195.0,TIME,False,0.20469389793269335,0.11492611604914178,0.025158334165590213
2397,2025-02-17 11:00:00+00:00,2025_H1,DRIVEN_MOVE,ACCEPT,95739.6,192.721428571429,2025-02-17 15:45:00+00:00,95605.5,481.80357142857247,2025-02-17 23:00:00+00:00,True,True,True,2025-02-17 20:45:00+00:00,96087.30357142858,SL,ADVERSE_FIRST,2025-02-17 16:00:00+00:00,False,,,2025-02-17 20:45:00+00:00,96087.30357142858,SL,False,-1.000000000000015,-1.0992162632964086,-1.1984325265928022
2409,2025-02-24 07:00:00+00:00,2025_H1,DRIVEN_MOVE,ACCEPT,95018.0,202.80714285714205,2025-02-24 14:45:00+00:00,94638.6,507.0178571428551,2025-02-24 19:00:00+00:00,True,True,True,2025-02-24 15:45:00+00:00,93878.07321428572,TP,ADVERSE_FIRST,2025-02-24 15:00:00+00:00,False,,,2025-02-24 15:45:00+00:00,93878.07321428572,TP,False,1.5000000000000142,1.4066713344838655,1.3133426689677168
2411,2025-02-25 10:15:00+00:00,2025_H1,DRIVEN_MOVE,REJECT,87500.0,911.6857142857126,,,2279.2142857142817,2025-02-25 22:15:00+00:00,False,False,False,,,NO_TRADE,NO_TRADE,,False,,,,,NO_TRADE,False,0.0,0.0,0.0
2416,2025-02-27 22:30:00+00:00,2025_H1,DRIVEN_MOVE,ACCEPT,82667.0,540.5142857142865,2025-02-28 01:30:00+00:00,82484.7,1351.2857142857163,2025-02-28 10:30:00+00:00,True,True,True,2025-02-28 02:30:00+00:00,80457.77142857142,TP,FAVORABLE_FIRST,2025-02-28 01:45:00+00:00,False,,,2025-02-28 02:30:00+00:00,80457.77142857142,TP,False,1.500000000000004,1.4694791785601056,1.4389583571202071
2423,2025-03-03 14:45:00+00:00,2025_H1,DRIVEN_MOVE,ACCEPT,90700.0,739.942857142858,2025-03-03 14:45:00+00:00,89238.6,1849.857142857145,2025-03-04 02:45:00+00:00,True,True,True,2025-03-03 15:15:00+00:00,91088.45714285715,SL,ADVERSE_FIRST,2025-03-03 15:00:00+00:00,False,,,2025-03-03 15:15:00+00:00,91088.45714285715,SL,False,-1.0,-1.024120403119932,-1.048240806239864
2428,2025-03-06 10:15:00+00:00,2025_H1,DRIVEN_MOVE,REJECT,89955.0,356.1428571428582,,,890.3571428571455,2025-03-06 22:15:00+00:00,False,False,False,,,NO_TRADE,NO_TRADE,,False,,,,,NO_TRADE,False,0.0,0.0,0.0
2439,2025-03-12 07:15:00+00:00,2025_H1,THIN_BOOK,ACCEPT,81250.0,309.9214285714282,2025-03-12 15:00:00+00:00,80900.1,774.8035714285704,2025-03-12 19:15:00+00:00,True,True,True,2025-03-12 15:30:00+00:00,81674.90357142857,SL,ADVERSE_FIRST,2025-03-12 15:15:00+00:00,False,,,2025-03-12 15:30:00+00:00,81674.90357142857,SL,False,-0.9999999999999932,-1.052206845052887,-1.1044136901057806
2441,2025-03-13 07:15:00+00:00,2025_H1,DRIVEN_MOVE,REJECT,82450.0,249.0999999999996,,,622.749999999999,2025-03-13 19:15:00+00:00,False,False,False,,,NO_TRADE,NO_TRADE,,False,,,,,NO_TRADE,False,0.0,0.0,0.0
2448,2025-03-18 01:45:00+00:00,2025_H1,DRIVEN_MOVE,ACCEPT,82384.0,207.77142857142985,2025-03-18 06:30:00+00:00,82272.1,519.4285714285746,2025-03-18 13:45:00+00:00,True,True,True,2025-03-18 07:00:00+00:00,82791.52857142859,SL,ADVERSE_FIRST,2025-03-18 07:00:00+00:00,False,,,2025-03-18 07:00:00+00:00,82791.52857142859,SL,False,-1.0000000000000098,-1.0791948157315825,-1.1583896314631552
2449,2025-03-18 13:45:00+00:00,2025_H1,DRIVEN_MOVE,ACCEPT,81336.7,269.08571428571406,2025-03-18 13:45:00+00:00,81330.4,672.7142857142851,2025-03-19 01:45:00+00:00,True,True,True,2025-03-18 15:30:00+00:00,82003.11428571428,SL,ADVERSE_FIRST,2025-03-18 14:30:00+00:00,True,2025-03-18 15:00:00+00:00,81727.8,2025-03-18 15:00:00+00:00,81727.8,PERSISTENT_FAILURE_EXIT,True,-0.5907411339987394,-0.6511905712465628,-0.7116400084943861
2453,2025-03-20 15:30:00+00:00,2025_H1,DRIVEN_MOVE,ACCEPT,84685.5,473.499999999999,2025-03-20 15:45:00+00:00,84642.1,1183.7499999999975,2025-03-21 03:30:00+00:00,True,True,True,2025-03-21 03:30:00+00:00,84411.3,TIME,FAVORABLE_FIRST,2025-03-20 16:15:00+00:00,False,,,2025-03-21 03:30:00+00:00,84411.3,TIME,False,0.19497360084477583,0.1592219218585033,0.1234702428722308
2459,2025-03-26 14:15:00+00:00,2025_H1,DRIVEN_MOVE,ACCEPT,86620.0,351.78571428571115,2025-03-26 14:30:00+00:00,86522.0,879.4642857142778,2025-03-27 02:15:00+00:00,True,True,True,2025-03-27 01:45:00+00:00,87401.46428571428,SL,ADVERSE_FIRST,2025-03-26 15:45:00+00:00,True,2025-03-26 16:15:00+00:00,86913.6,2025-03-26 16:15:00+00:00,86913.6,PERSISTENT_FAILURE_EXIT,True,-0.44527106598985833,-0.4944612385786913,-0.5436514111675241
2460,2025-03-27 13:30:00+00:00,2025_H1,DRIVEN_MOVE,ACCEPT,86120.0,283.51428571428653,2025-03-27 13:30:00+00:00,85967.1,708.7857142857163,2025-03-28 01:30:00+00:00,True,True,True,2025-03-27 14:00:00+00:00,86675.88571428572,SL,ADVERSE_FIRST,2025-03-27 13:45:00+00:00,False,,,2025-03-27 14:00:00+00:00,86675.88571428572,SL,False,-0.9999999999999913,-1.0606439282474969,-1.1212878564950026
2461,2025-03-28 04:45:00+00:00,2025_H1,DRIVEN_MOVE,ACCEPT,86021.0,236.25714285714432,2025-03-28 05:15:00+00:00,85933.9,590.6428571428607,2025-03-28 16:45:00+00:00,True,True,True,2025-03-28 08:15:00+00:00,85047.9357142857,TP,FAVORABLE_FIRST,2025-03-28 06:45:00+00:00,False,,,2025-03-28 08:15:00+00:00,85047.9357142857,TP,False,1.4999999999999978,1.42725392429556,1.3545078485911222
2466,2025-03-30 18:45:00+00:00,2025_H1,THIN_BOOK,ACCEPT,82000.0,231.22857142856915,2025-03-30 22:00:00+00:00,81861.1,578.0714285714229,2025-03-31 06:45:00+00:00,True,True,True,2025-03-30 22:30:00+00:00,82439.17142857143,SL,ADVERSE_FIRST,2025-03-30 22:15:00+00:00,False,,,2025-03-30 22:30:00+00:00,82439.17142857143,SL,False,-0.9999999999999954,-1.0708053503027268,-1.1416107006054583
2472,2025-04-03 01:45:00+00:00,2025_H1,DRIVEN_MOVE,ACCEPT,82137.3,421.45714285714246,2025-04-03 12:45:00+00:00,81912.3,1053.6428571428562,2025-04-03 13:45:00+00:00,True,True,True,2025-04-03 13:45:00+00:00,82335.1,TIME,ADVERSE_FIRST,2025-04-03 13:30:00+00:00,False,,,2025-04-03 13:45:00+00:00,82335.1,TIME,False,-0.401274489865097,-0.4401454884414647,-0.4790164870178325
2476,2025-04-05 09:00:00+00:00,2025_H1,THIN_BOOK,ACCEPT,83300.5,142.64999999999938,2025-04-05 12:30:00+00:00,83184.3,356.62499999999847,2025-04-05 21:00:00+00:00,True,True,True,2025-04-05 13:15:00+00:00,82649.3625,TP,FAVORABLE_FIRST,2025-04-05 13:15:00+00:00,False,,,2025-04-05 13:15:00+00:00,82649.3625,TP,False,1.5000000000000064,1.3833728706624664,1.2667457413249266
2499,2025-04-28 15:45:00+00:00,2025_H1,DRIVEN_MOVE,ACCEPT,93520.2,452.67857142857247,2025-04-28 16:00:00+00:00,93514.7,1131.6964285714312,2025-04-29 03:45:00+00:00,True,True,True,2025-04-28 19:15:00+00:00,94646.39642857143,SL,NONE_120,,False,,,2025-04-28 19:15:00+00:00,94646.39642857143,SL,False,-1.000000000000003,-1.0413161593688394,-1.0826323187376754
2501,2025-04-30 13:45:00+00:00,2025_H1,DRIVEN_MOVE,ACCEPT,93595.5,358.91428571428486,2025-04-30 13:45:00+00:00,92978.1,897.2857142857122,2025-05-01 01:45:00+00:00,True,True,True,2025-04-30 14:15:00+00:00,93875.38571428572,SL,ADVERSE_FIRST,2025-04-30 14:00:00+00:00,False,,,2025-04-30 14:15:00+00:00,93875.38571428572,SL,False,-0.9999999999999977,-1.0518107546568995,-1.1036215093138015
2502,2025-05-03 13:30:00+00:00,2025_H1,DRIVEN_MOVE,ACCEPT,95804.8,141.6357142857149,2025-05-03 23:45:00+00:00,95803.3,354.08928571428726,2025-05-04 01:30:00+00:00,True,True,True,2025-05-04 01:30:00+00:00,95632.2,TIME,ADVERSE_FIRST,2025-05-04 00:15:00+00:00,False,,,2025-05-04 01:30:00+00:00,95632.2,TIME,False,0.48321145796562026,0.34793018306522244,0.21264890816482462
2508,2025-05-14 05:00:00+00:00,2025_H1,THIN_BOOK,REJECT,103409.0,202.9428571428559,,,507.35714285713976,2025-05-14 17:00:00+00:00,False,False,False,,,NO_TRADE,NO_TRADE,,False,,,,,NO_TRADE,False,0.0,0.0,0.0
2512,2025-05-19 04:00:00+00:00,2025_H1,DRIVEN_MOVE,ACCEPT,103217.2,435.8642857142841,2025-05-19 04:45:00+00:00,102960.1,1089.6607142857104,2025-05-19 16:00:00+00:00,True,True,True,2025-05-19 14:45:00+00:00,104049.76071428572,SL,FAVORABLE_FIRST,2025-05-19 06:30:00+00:00,False,,,2025-05-19 14:45:00+00:00,104049.76071428572,SL,False,-0.9999999999999998,-1.047244109404959,-1.094488218809918
2520,2025-05-23 23:45:00+00:00,2025_H1,DRIVEN_MOVE,REJECT,106880.0,409.7357142857145,,,1024.3392857142862,2025-05-24 11:45:00+00:00,False,False,False,,,NO_TRADE,NO_TRADE,,False,,,,,NO_TRADE,False,0.0,0.0,0.0
2525,2025-05-27 01:15:00+00:00,2025_H1,DRIVEN_MOVE,ACCEPT,108629.8,352.4714285714269,2025-05-27 01:15:00+00:00,108319.7,881.1785714285672,2025-05-27 13:15:00+00:00,True,True,True,2025-05-27 03:15:00+00:00,109200.87857142856,SL,FAVORABLE_FIRST,2025-05-27 02:45:00+00:00,False,,,2025-05-27 03:15:00+00:00,109200.87857142856,SL,False,-0.9999999999999977,-1.0614629676164207,-1.1229259352328438
2527,2025-05-28 11:30:00+00:00,2025_H1,THIN_BOOK,ACCEPT,108178.1,262.6071428571418,2025-05-28 13:45:00+00:00,108011.5,656.5178571428545,2025-05-28 23:30:00+00:00,True,True,True,2025-05-28 15:45:00+00:00,107026.72321428572,TP,FAVORABLE_FIRST,2025-05-28 14:15:00+00:00,False,,,2025-05-28 15:45:00+00:00,107026.72321428572,TP,False,1.4999999999999902,1.4177390996871924,1.3354781993743945
2531,2025-05-30 16:30:00+00:00,2025_H1,DRIVEN_MOVE,ACCEPT,104568.0,444.81428571428427,2025-05-30 16:30:00+00:00,104357.9,1112.0357142857106,2025-05-31 04:30:00+00:00,True,True,True,2025-05-31 04:30:00+00:00,103699.9,TIME,FAVORABLE_FIRST,2025-05-30 16:45:00+00:00,False,,,2025-05-31 04:30:00+00:00,103699.9,TIME,False,0.5917076147348833,0.5447856055496694,0.49786359636445554
2534,2025-06-02 05:15:00+00:00,2025_H1,DRIVEN_MOVE,ACCEPT,104280.1,209.30714285714097,2025-06-02 10:30:00+00:00,104260.0,523.2678571428524,2025-06-02 17:15:00+00:00,True,True,True,2025-06-02 17:15:00+00:00,104360.0,TIME,FAVORABLE_FIRST,2025-06-02 11:30:00+00:00,False,,,2025-06-02 17:15:00+00:00,104360.0,TIME,False,-0.1911067126232826,-0.2907306419137998,-0.39035457120431705
2537,2025-06-04 00:15:00+00:00,2025_H1,DRIVEN_MOVE,ACCEPT,104969.4,224.53571428571428,2025-06-04 12:15:00+00:00,104910.0,561.3392857142857,2025-06-04 12:15:00+00:00,True,True,False,,,NO_TRADE,NO_TRADE,,False,,,,,NO_TRADE,False,0.0,0.0,0.0
2547,2025-06-11 18:30:00+00:00,2025_H1,DRIVEN_MOVE,REJECT,108388.0,313.40714285714574,,,783.5178571428644,2025-06-12 06:30:00+00:00,False,False,False,,,NO_TRADE,NO_TRADE,,False,,,,,NO_TRADE,False,0.0,0.0,0.0
2555,2025-06-17 09:45:00+00:00,2025_H1,DRIVEN_MOVE,ACCEPT,106067.9,223.62857142857268,2025-06-17 10:00:00+00:00,106034.1,559.0714285714317,2025-06-17 21:45:00+00:00,True,True,True,2025-06-17 13:45:00+00:00,105195.49285714286,TP,FAVORABLE_FIRST,2025-06-17 10:30:00+00:00,False,,,2025-06-17 13:45:00+00:00,105195.49285714286,TP,False,1.4999999999999951,1.4051694518972744,1.3103389037945534
2572,2025-07-02 01:15:00+00:00,2025_H2,DRIVEN_MOVE,REJECT,105182.6,202.7714285714267,,,506.9285714285667,2025-07-02 13:15:00+00:00,False,False,False,,,NO_TRADE,NO_TRADE,,False,,,,,NO_TRADE,False,0.0,0.0,0.0
2575,2025-07-04 09:00:00+00:00,2025_H2,THIN_BOOK,ACCEPT,108456.4,184.8857142857149,2025-07-04 13:30:00+00:00,108325.0,462.21428571428726,2025-07-04 21:00:00+00:00,True,True,True,2025-07-04 14:00:00+00:00,107631.67857142857,TP,FAVORABLE_FIRST,2025-07-04 13:45:00+00:00,False,,,2025-07-04 14:00:00+00:00,107631.67857142857,TP,False,1.5000000000000084,1.382819502395311,1.2656390047906134
2592,2025-07-17 11:45:00+00:00,2025_H2,DRIVEN_MOVE,ACCEPT,117663.6,279.585714285712,2025-07-17 12:15:00+00:00,117465.0,698.9642857142801,2025-07-17 23:45:00+00:00,True,True,True,2025-07-17 12:45:00+00:00,118163.96428571428,SL,ADVERSE_FIRST,2025-07-17 12:30:00+00:00,False,,,2025-07-17 12:45:00+00:00,118163.96428571428,SL,False,-0.9999999999999931,-1.0840278984211271,-1.1680557968422611
2597,2025-07-21 12:45:00+00:00,2025_H2,DRIVEN_MOVE,ACCEPT,116732.5,285.5642857142853,2025-07-21 19:45:00+00:00,116724.7,713.9107142857132,2025-07-22 00:45:00+00:00,True,True,True,2025-07-21 22:30:00+00:00,117438.6107142857,SL,ADVERSE_FIRST,2025-07-21 20:30:00+00:00,True,2025-07-21 21:00:00+00:00,116906.9,2025-07-21 21:00:00+00:00,116906.9,PERSISTENT_FAILURE_EXIT,True,-0.2552139873433516,-0.33696419620300305,-0.41871440506265445
2614,2025-07-31 17:45:00+00:00,2025_H2,THIN_BOOK,ACCEPT,117670.0,338.385714285717,2025-07-31 18:00:00+00:00,117488.0,845.9642857142924,2025-08-01 05:45:00+00:00,True,True,True,2025-07-31 21:45:00+00:00,116219.05357142857,TP,ADVERSE_FIRST,2025-07-31 18:30:00+00:00,False,,,2025-07-31 21:45:00+00:00,116219.05357142857,TP,False,1.4999999999999956,1.4305597163000763,1.361119432600157
2615,2025-08-01 05:45:00+00:00,2025_H2,THIN_BOOK,REJECT,114239.0,271.47857142857123,,,678.6964285714281,2025-08-01 17:45:00+00:00,False,False,False,,,NO_TRADE,NO_TRADE,,False,,,,,NO_TRADE,False,0.0,0.0,0.0
2646,2025-08-17 16:00:00+00:00,2025_H2,DRIVEN_MOVE,REJECT,117627.3,152.88571428571595,,,382.2142857142899,2025-08-18 04:00:00+00:00,False,False,False,,,NO_TRADE,NO_TRADE,,False,,,,,NO_TRADE,False,0.0,0.0,0.0
2649,2025-08-19 04:15:00+00:00,2025_H2,DRIVEN_MOVE,ACCEPT,114303.8,344.7142857142847,2025-08-19 14:15:00+00:00,114083.3,861.7857142857117,2025-08-19 16:15:00+00:00,True,True,True,2025-08-19 16:15:00+00:00,113599.9,TIME,FAVORABLE_FIRST,2025-08-19 15:00:00+00:00,False,,,2025-08-19 16:15:00+00:00,113599.9,TIME,False,0.5609283050145165,0.4947382428512341,0.42854818068795164
2651,2025-08-20 04:15:00+00:00,2025_H2,DRIVEN_MOVE,REJECT,112500.0,238.1071428571418,,,595.2678571428545,2025-08-20 16:15:00+00:00,False,False,False,,,NO_TRADE,NO_TRADE,,False,,,,,NO_TRADE,False,0.0,0.0,0.0
2659,2025-08-24 14:45:00+00:00,2025_H2,THIN_BOOK,ACCEPT,114324.9,158.85000000000167,2025-08-24 16:45:00+00:00,114253.9,397.1250000000042,2025-08-25 02:45:00+00:00,True,True,True,2025-08-24 18:00:00+00:00,114651.025,SL,ADVERSE_FIRST,2025-08-24 17:00:00+00:00,True,2025-08-24 17:45:00+00:00,114403.4,2025-08-24 17:45:00+00:00,114403.4,PERSISTENT_FAILURE_EXIT,True,-0.37645577588919965,-0.520307082152969,-0.6641583884167384
2679,2025-09-04 04:00:00+00:00,2025_H2,DRIVEN_MOVE,ACCEPT,111081.1,245.8499999999996,2025-09-04 04:45:00+00:00,110870.8,614.624999999999,2025-09-04 16:00:00+00:00,True,True,True,2025-09-04 14:00:00+00:00,109948.8625,TP,FAVORABLE_FIRST,2025-09-04 05:30:00+00:00,False,,,2025-09-04 14:00:00+00:00,109948.8625,TP,False,1.5000000000000024,1.4098061419564798,1.3196122839129572
2695,2025-09-13 08:30:00+00:00,2025_H2,THIN_BOOK,ACCEPT,115500.1,93.26428571428758,2025-09-13 16:15:00+00:00,115500.1,233.16071428571894,2025-09-13 20:30:00+00:00,True,True,True,2025-09-13 16:30:00+00:00,115150.35892857143,TP,FAVORABLE_FIRST,2025-09-13 16:30:00+00:00,False,,,2025-09-13 16:30:00+00:00,115150.35892857143,TP,False,1.5000000000000058,1.2523165505093161,1.0046331010186265
2698,2025-09-15 12:30:00+00:00,2025_H2,DRIVEN_MOVE,ACCEPT,114588.0,214.1785714285693,2025-09-15 13:30:00+00:00,114425.9,535.4464285714233,2025-09-16 00:30:00+00:00,True,True,True,2025-09-15 14:15:00+00:00,114961.34642857141,SL,ADVERSE_FIRST,2025-09-15 13:45:00+00:00,False,,,2025-09-15 14:15:00+00:00,114961.34642857141,SL,False,-0.9999999999999942,-1.1068509321327282,-1.2137018642654624
2704,2025-09-18 23:15:00+00:00,2025_H2,THIN_BOOK,ACCEPT,116489.7,177.70714285714243,2025-09-19 09:45:00+00:00,116437.7,444.2678571428561,2025-09-19 11:15:00+00:00,True,True,True,2025-09-19 11:15:00+00:00,116313.0,TIME,NONE_120,,False,,,2025-09-19 11:15:00+00:00,116313.0,TIME,False,0.2806865227702019,0.1496420434904878,0.018597564210773687
2710,2025-09-23 17:45:00+00:00,2025_H2,DRIVEN_MOVE,ACCEPT,111955.0,324.85714285714283,2025-09-23 17:45:00+00:00,111919.2,812.1428571428571,2025-09-24 05:45:00+00:00,True,True,True,2025-09-24 05:45:00+00:00,112595.9,TIME,FAVORABLE_FIRST,2025-09-23 19:45:00+00:00,False,,,2025-09-24 05:45:00+00:00,112595.9,TIME,False,-0.8332277924362321,-0.902131433597182,-0.9710350747581319
2714,2025-09-25 18:00:00+00:00,2025_H2,DRIVEN_MOVE,REJECT,108578.2,483.32142857142856,,,1208.3035714285713,2025-09-26 06:00:00+00:00,False,False,False,,,NO_TRADE,NO_TRADE,,False,,,,,NO_TRADE,False,0.0,0.0,0.0
2717,2025-09-27 09:15:00+00:00,2025_H2,THIN_BOOK,ACCEPT,109116.0,83.97142857142899,2025-09-27 09:15:00+00:00,109038.8,209.92857142857247,2025-09-27 21:15:00+00:00,True,True,True,2025-09-27 09:45:00+00:00,109248.72857142857,SL,ADVERSE_FIRST,2025-09-27 09:30:00+00:00,False,,,2025-09-27 09:45:00+00:00,109248.72857142857,SL,False,-0.9999999999999654,-1.2597045253487222,-1.5194090506974791
2730,2025-10-07 09:15:00+00:00,2025_H2,DRIVEN_MOVE,ACCEPT,123261.6,272.6071428571408,2025-10-07 14:00:00+00:00,122795.5,681.517857142852,2025-10-07 21:15:00+00:00,True,True,True,2025-10-07 15:00:00+00:00,121773.22321428572,TP,ADVERSE_FIRST,2025-10-07 14:15:00+00:00,False,,,2025-10-07 15:00:00+00:00,121773.22321428572,TP,False,1.499999999999996,1.4099102842918858,1.3198205685837756
2734,2025-10-10 15:15:00+00:00,2025_H2,DRIVEN_MOVE,ACCEPT,119837.1,536.6714285714271,2025-10-10 15:15:00+00:00,119188.0,1341.6785714285677,2025-10-11 03:15:00+00:00,True,True,True,2025-10-10 18:45:00+00:00,117175.48214285714,TP,FAVORABLE_FIRST,2025-10-10 15:30:00+00:00,False,,,2025-10-10 18:45:00+00:00,117175.48214285714,TP,False,1.5000000000000027,1.4555825059227538,1.411165011845505
2741,2025-10-14 08:15:00+00:00,2025_H2,DRIVEN_MOVE,ACCEPT,111302.0,495.0642857142863,2025-10-14 09:45:00+00:00,111237.4,1237.6607142857158,2025-10-14 20:15:00+00:00,True,True,True,2025-10-14 15:45:00+00:00,112475.0607142857,SL,FAVORABLE_FIRST,2025-10-14 10:15:00+00:00,False,,,2025-10-14 15:45:00+00:00,112475.0607142857,SL,False,-0.9999999999999954,-1.044938567862755,-1.0898771357255144
2746,2025-10-16 23:45:00+00:00,2025_H2,DRIVEN_MOVE,ACCEPT,107350.0,346.4642857142857,2025-10-17 06:30:00+00:00,106960.1,866.1607142857143,2025-10-17 11:45:00+00:00,True,True,True,2025-10-17 07:30:00+00:00,105660.85892857144,TP,FAVORABLE_FIRST,2025-10-17 07:00:00+00:00,False,,,2025-10-17 07:30:00+00:00,105660.85892857144,TP,False,1.4999999999999927,1.4382562045149911,1.3765124090299896
2750,2025-10-19 06:15:00+00:00,2025_H2,THIN_BOOK,ACCEPT,106666.9,153.07857142857287,2025-10-19 06:30:00+00:00,106653.8,382.6964285714322,2025-10-19 18:15:00+00:00,True,True,True,2025-10-19 08:15:00+00:00,107036.49642857144,SL,ADVERSE_FIRST,2025-10-19 07:15:00+00:00,True,2025-10-19 07:45:00+00:00,106733.3,2025-10-19 07:45:00+00:00,106733.3,PERSISTENT_FAILURE_EXIT,True,-0.20773645653492406,-0.3470816294153296,-0.4864268022957352
2766,2025-10-28 01:30:00+00:00,2025_H2,THIN_BOOK,ACCEPT,113710.0,245.92857142857247,2025-10-28 03:00:00+00:00,113678.2,614.8214285714312,2025-10-28 13:30:00+00:00,True,True,True,2025-10-28 07:45:00+00:00,114293.02142857143,SL,ADVERSE_FIRST,2025-10-28 04:45:00+00:00,True,2025-10-28 05:15:00+00:00,113914.7,2025-10-28 05:15:00+00:00,113914.7,PERSISTENT_FAILURE_EXIT,True,-0.3846645367412124,-0.4771126808016245,-0.5695608248620365
2769,2025-10-29 15:00:00+00:00,2025_H2,DRIVEN_MOVE,ACCEPT,112190.8,344.40714285714574,2025-10-29 15:15:00+00:00,111970.0,861.0178571428644,2025-10-30 03:00:00+00:00,True,True,True,2025-10-29 18:30:00+00:00,110678.47321428571,TP,FAVORABLE_FIRST,2025-10-29 15:45:00+00:00,False,,,2025-10-29 18:30:00+00:00,110678.47321428571,TP,False,1.4999999999999922,1.4349781197502882,1.3699562395005844
2770,2025-10-30 03:00:00+00:00,2025_H2,DRIVEN_MOVE,ACCEPT,109026.4,291.08571428571406,2025-10-30 04:15:00+00:00,108328.9,727.7142857142851,2025-10-30 15:00:00+00:00,True,True,True,2025-10-30 04:30:00+00:00,109056.61428571428,SL,ADVERSE_FIRST,2025-10-30 04:30:00+00:00,False,,,2025-10-30 04:30:00+00:00,109056.61428571428,SL,False,-1.0000000000000067,-1.074430928543391,-1.1488618570867755
2771,2025-10-30 15:00:00+00:00,2025_H2,DRIVEN_MOVE,REJECT,107350.0,564.3928571428571,,,1410.9821428571427,2025-10-31 03:00:00+00:00,False,False,False,,,NO_TRADE,NO_TRADE,,False,,,,,NO_TRADE,False,0.0,0.0,0.0
2776,2025-11-02 23:45:00+00:00,2025_H2,THIN_BOOK,ACCEPT,109368.9,253.0214285714288,2025-11-03 02:15:00+00:00,109181.5,632.553571428572,2025-11-03 11:45:00+00:00,True,True,True,2025-11-03 03:00:00+00:00,108232.66964285714,TP,FAVORABLE_FIRST,2025-11-03 02:30:00+00:00,False,,,2025-11-03 03:00:00+00:00,108232.66964285714,TP,False,1.4999999999999953,1.4136978234480377,1.32739564689608
2778,2025-11-03 23:45:00+00:00,2025_H2,DRIVEN_MOVE,ACCEPT,105300.0,441.3071428571441,2025-11-04 05:30:00+00:00,104885.5,1103.26785714286,2025-11-04 11:45:00+00:00,True,True,True,2025-11-04 11:45:00+00:00,104530.7,TIME,FAVORABLE_FIRST,2025-11-04 05:45:00+00:00,False,,,2025-11-04 11:45:00+00:00,104530.7,TIME,False,0.321590081413983,0.27405606720295417,0.2265220529919254
2779,2025-11-04 11:45:00+00:00,2025_H2,DRIVEN_MOVE,REJECT,103550.0,373.95714285714246,,,934.8928571428562,2025-11-04 23:45:00+00:00,False,False,False,,,NO_TRADE,NO_TRADE,,False,,,,,NO_TRADE,False,0.0,0.0,0.0
2786,2025-11-08 08:30:00+00:00,2025_H2,THIN_BOOK,ACCEPT,101853.8,274.02142857142775,2025-11-08 11:45:00+00:00,101805.6,685.0535714285694,2025-11-08 20:30:00+00:00,True,True,True,2025-11-08 20:30:00+00:00,102078.9,TIME,NONE_120,,False,,,2025-11-08 20:30:00+00:00,102078.9,TIME,False,-0.39894690196281296,-0.47325174777779117,-0.5475565935927693
2787,2025-11-08 23:00:00+00:00,2025_H2,THIN_BOOK,REJECT,101400.1,145.32857142856977,,,363.32142857142446,2025-11-09 11:00:00+00:00,False,False,False,,,NO_TRADE,NO_TRADE,,False,,,,,NO_TRADE,False,0.0,0.0,0.0
2791,2025-11-11 02:15:00+00:00,2025_H2,THIN_BOOK,ACCEPT,104615.7,475.5428571428565,2025-11-11 12:45:00+00:00,104500.0,1188.8571428571413,2025-11-11 14:15:00+00:00,True,True,True,2025-11-11 14:15:00+00:00,104434.6,TIME,NONE_120,,False,,,2025-11-11 14:15:00+00:00,104434.6,TIME,False,0.05501081470799806,0.011061043018500284,-0.03288872867099749
2796,2025-11-13 15:15:00+00:00,2025_H2,THIN_BOOK,ACCEPT,100850.0,595.7071428571414,2025-11-13 16:45:00+00:00,100580.2,1489.2678571428537,2025-11-14 03:15:00+00:00,True,True,True,2025-11-13 18:30:00+00:00,98346.29821428572,TP,FAVORABLE_FIRST,2025-11-13 17:30:00+00:00,False,,,2025-11-13 18:30:00+00:00,98346.29821428572,TP,False,1.4999999999999964,1.4662316622501432,1.43246332450029
2800,2025-11-15 15:15:00+00:00,2025_H2,THIN_BOOK,ACCEPT,95534.1,270.47857142857225,2025-11-15 20:30:00+00:00,95406.9,676.1964285714306,2025-11-16 03:15:00+00:00,True,True,True,2025-11-16 03:15:00+00:00,95769.4,TIME,NONE_120,,False,,,2025-11-16 03:15:00+00:00,95769.4,TIME,False,-0.5360868302215633,-0.606633564845378,-0.6771802994691928
2802,2025-11-16 16:00:00+00:00,2025_H2,DRIVEN_MOVE,ACCEPT,94300.0,342.05714285714305,2025-11-16 16:15:00+00:00,94248.2,855.1428571428576,2025-11-17 04:00:00+00:00,True,True,True,2025-11-16 18:00:00+00:00,95103.34285714285,SL,FAVORABLE_FIRST,2025-11-16 17:30:00+00:00,False,,,2025-11-16 18:00:00+00:00,95103.34285714285,SL,False,-0.9999999999999971,-1.055106698964247,-1.110213397928497
2807,2025-11-19 04:00:00+00:00,2025_H2,DRIVEN_MOVE,ACCEPT,91600.0,381.6428571428551,2025-11-19 04:30:00+00:00,91406.3,954.1071428571378,2025-11-19 16:00:00+00:00,True,True,True,2025-11-19 05:45:00+00:00,89975.1392857143,TP,FAVORABLE_FIRST,2025-11-19 05:00:00+00:00,False,,,2025-11-19 05:45:00+00:00,89975.1392857143,TP,False,1.5000000000000036,1.4520985139434808,1.404197027886958
2808,2025-11-19 16:00:00+00:00,2025_H2,DRIVEN_MOVE,ACCEPT,89822.0,540.9928571428567,2025-11-19 16:15:00+00:00,89656.0,1352.4821428571418,2025-11-20 04:00:00+00:00,True,True,True,2025-11-19 23:00:00+00:00,91008.48214285714,SL,FAVORABLE_FIRST,2025-11-19 17:30:00+00:00,False,,,2025-11-19 23:00:00+00:00,91008.48214285714,SL,False,-1.0000000000000024,-1.0331449847502632,-1.0662899695005241
2810,2025-11-20 16:00:00+00:00,2025_H2,DRIVEN_MOVE,ACCEPT,89804.1,720.7857142857164,2025-11-20 16:00:00+00:00,88681.2,1801.964285714291,2025-11-21 04:00:00+00:00,True,True,True,2025-11-21 02:30:00+00:00,85978.25357142856,TP,FAVORABLE_FIRST,2025-11-20 16:45:00+00:00,False,,,2025-11-21 02:30:00+00:00,85978.25357142856,TP,False,1.4999999999999991,1.4753931860073324,1.4507863720146659
2818,2025-11-25 04:00:00+00:00,2025_H2,DRIVEN_MOVE,ACCEPT,86571.0,287.9071428571416,2025-11-25 14:30:00+00:00,86562.1,719.7678571428539,2025-11-25 16:00:00+00:00,True,True,True,2025-11-25 16:00:00+00:00,86796.1,TIME,FAVORABLE_FIRST,2025-11-25 14:45:00+00:00,False,,,2025-11-25 16:00:00+00:00,86796.1,TIME,False,-0.32510482050264367,-0.3852367777309169,-0.4453687349591902
2827,2025-12-01 00:30:00+00:00,2025_H2,DRIVEN_MOVE,ACCEPT,88312.5,420.0928571428573,2025-12-01 00:30:00+00:00,87712.4,1050.2321428571433,2025-12-01 12:30:00+00:00,True,True,True,2025-12-01 03:30:00+00:00,86137.05178571428,TP,FAVORABLE_FIRST,2025-12-01 00:45:00+00:00,False,,,2025-12-01 03:30:00+00:00,86137.05178571428,TP,False,1.4999999999999953,1.4582414228146792,1.416482845629363
2833,2025-12-04 16:00:00+00:00,2025_H2,DRIVEN_MOVE,REJECT,91762.0,478.8428571428563,,,1197.1071428571408,2025-12-05 04:00:00+00:00,False,False,False,,,NO_TRADE,NO_TRADE,,False,,,,,NO_TRADE,False,0.0,0.0,0.0
2839,2025-12-08 15:30:00+00:00,2025_H2,DRIVEN_MOVE,REJECT,89608.5,505.8785714285727,,,1264.6964285714316,2025-12-09 03:30:00+00:00,False,False,False,,,NO_TRADE,NO_TRADE,,False,,,,,NO_TRADE,False,0.0,0.0,0.0
2840,2025-12-09 04:30:00+00:00,2025_H2,DRIVEN_MOVE,REJECT,89641.9,277.692857142858,,,694.2321428571449,2025-12-09 16:30:00+00:00,False,False,False,,,NO_TRADE,NO_TRADE,,False,,,,,NO_TRADE,False,0.0,0.0,0.0
2864,2025-12-23 08:30:00+00:00,2025_H2,THIN_BOOK,ACCEPT,86976.6,245.52142857142772,2025-12-23 14:45:00+00:00,86837.3,613.8035714285693,2025-12-23 20:30:00+00:00,True,True,True,2025-12-23 15:15:00+00:00,87451.10357142857,SL,ADVERSE_FIRST,2025-12-23 15:15:00+00:00,False,,,2025-12-23 15:15:00+00:00,87451.10357142857,SL,False,-0.9999999999999933,-1.0707370436098036,-1.1414740872196139
2887,2026-01-06 09:15:00+00:00,2026_JAN_JUL,DRIVEN_MOVE,ACCEPT,93088.0,204.45000000000124,2026-01-06 16:15:00+00:00,92805.9,511.12500000000307,2026-01-06 21:15:00+00:00,True,True,True,2026-01-06 17:30:00+00:00,92039.2125,TP,FAVORABLE_FIRST,2026-01-06 16:30:00+00:00,False,,,2026-01-06 17:30:00+00:00,92039.2125,TP,False,1.499999999999991,1.409214086573726,1.3184281731474607
2889,2026-01-07 10:00:00+00:00,2026_JAN_JUL,DRIVEN_MOVE,REJECT,91551.3,209.2285714285733,,,523.0714285714332,2026-01-07 22:00:00+00:00,False,False,False,,,NO_TRADE,NO_TRADE,,False,,,,,NO_TRADE,False,0.0,0.0,0.0
2900,2026-01-15 04:00:00+00:00,2026_JAN_JUL,DRIVEN_MOVE,REJECT,95733.1,277.9357142857116,,,694.839285714279,2026-01-15 16:00:00+00:00,False,False,False,,,NO_TRADE,NO_TRADE,,False,,,,,NO_TRADE,False,0.0,0.0,0.0
2902,2026-01-16 15:30:00+00:00,2026_JAN_JUL,DRIVEN_MOVE,ACCEPT,94637.7,319.4428571428569,2026-01-16 15:30:00+00:00,94489.4,798.6071428571422,2026-01-17 03:30:00+00:00,True,True,True,2026-01-16 20:45:00+00:00,95288.00714285714,SL,ADVERSE_FIRST,2026-01-16 16:15:00+00:00,True,2026-01-16 16:45:00+00:00,94826.6,2026-01-16 16:45:00+00:00,94826.6,PERSISTENT_FAILURE_EXIT,True,-0.4222351415410909,-0.4813940163677981,-0.5405528911945053
2903,2026-01-19 00:00:00+00:00,2026_JAN_JUL,DRIVEN_MOVE,ACCEPT,93550.3,354.95000000000226,2026-01-19 00:00:00+00:00,92399.1,887.3750000000057,2026-01-19 12:00:00+00:00,True,True,True,2026-01-19 08:45:00+00:00,93286.475,SL,ADVERSE_FIRST,2026-01-19 00:30:00+00:00,False,,,2026-01-19 08:45:00+00:00,93286.475,SL,False,-0.9999999999999936,-1.0520631638258842,-1.1041263276517748
2909,2026-01-22 15:30:00+00:00,2026_JAN_JUL,DRIVEN_MOVE,REJECT,88560.0,365.4642857142847,,,913.6607142857117,2026-01-23 03:30:00+00:00,False,False,False,,,NO_TRADE,NO_TRADE,,False,,,,,NO_TRADE,False,0.0,0.0,0.0
2912,2026-01-24 15:00:00+00:00,2026_JAN_JUL,DRIVEN_MOVE,REJECT,89131.2,77.27857142857205,,,193.19642857143012,2026-01-25 03:00:00+00:00,False,False,False,,,NO_TRADE,NO_TRADE,,False,,,,,NO_TRADE,False,0.0,0.0,0.0
2913,2026-01-25 09:15:00+00:00,2026_JAN_JUL,DRIVEN_MOVE,ACCEPT,88084.0,166.39285714285714,2026-01-25 16:00:00+00:00,87865.2,415.98214285714283,2026-01-25 21:15:00+00:00,True,True,True,2026-01-25 18:30:00+00:00,87241.22678571429,TP,ADVERSE_FIRST,2026-01-25 16:15:00+00:00,False,,,2026-01-25 18:30:00+00:00,87241.22678571429,TP,False,1.49999999999999,1.3943882549903313,1.2887765099806725
2920,2026-01-29 02:45:00+00:00,2026_JAN_JUL,DRIVEN_MOVE,ACCEPT,88002.0,279.6571428571437,2026-01-29 02:45:00+00:00,87857.9,699.1428571428593,2026-01-29 14:45:00+00:00,True,True,True,2026-01-29 14:45:00+00:00,86978.7,TIME,ADVERSE_FIRST,2026-01-29 03:00:00+00:00,True,2026-01-29 03:45:00+00:00,88003.2,2026-01-29 03:45:00+00:00,88003.2,PERSISTENT_FAILURE_EXIT,True,-0.20782590927666883,-0.27065848998774344,-0.333491070698818
2921,2026-01-29 15:00:00+00:00,2026_JAN_JUL,DRIVEN_MOVE,ACCEPT,86946.1,342.0928571428553,2026-01-29 15:00:00+00:00,85301.1,855.2321428571382,2026-01-30 03:00:00+00:00,True,True,True,2026-01-29 17:45:00+00:00,84018.2517857143,TP,ADVERSE_FIRST,2026-01-29 15:15:00+00:00,False,,,2026-01-29 17:45:00+00:00,84018.2517857143,TP,False,1.5000000000000033,1.4501298561376432,1.4002597122752831
2931,2026-02-03 17:00:00+00:00,2026_JAN_JUL,DRIVEN_MOVE,ACCEPT,76448.0,645.3285714285729,2026-02-03 17:00:00+00:00,75670.2,1613.3214285714323,2026-02-04 05:00:00+00:00,True,True,True,2026-02-03 18:45:00+00:00,73250.21785714285,TP,FAVORABLE_FIRST,2026-02-03 17:45:00+00:00,False,,,2026-02-03 18:45:00+00:00,73250.21785714285,TP,False,1.4999999999999978,1.4765483186859385,1.4530966373718792
2941,2026-02-09 12:15:00+00:00,2026_JAN_JUL,DRIVEN_MOVE,REJECT,68373.9,377.1857142857137,,,942.9642857142842,2026-02-10 00:15:00+00:00,False,False,False,,,NO_TRADE,NO_TRADE,,False,,,,,NO_TRADE,False,0.0,0.0,0.0
2957,2026-02-19 13:45:00+00:00,2026_JAN_JUL,DRIVEN_MOVE,ACCEPT,65885.3,223.6499999999973,2026-02-19 13:45:00+00:00,65871.2,559.1249999999933,2026-02-20 01:45:00+00:00,True,True,True,2026-02-19 14:45:00+00:00,66430.325,SL,ADVERSE_FIRST,2026-02-19 14:30:00+00:00,False,,,2026-02-19 14:45:00+00:00,66430.325,SL,False,-1.000000000000012,-1.0589056114464692,-1.1178112228929264
2961,2026-02-22 14:15:00+00:00,2026_JAN_JUL,THIN_BOOK,ACCEPT,67446.0,146.67857142857142,2026-02-22 14:30:00+00:00,67416.0,366.69642857142856,2026-02-23 02:15:00+00:00,True,True,True,2026-02-22 15:30:00+00:00,67782.69642857143,SL,ADVERSE_FIRST,2026-02-22 15:30:00+00:00,False,,,2026-02-22 15:30:00+00:00,67782.69642857143,SL,False,-1.000000000000017,-1.0919234477721136,-1.1838468955442099
2968,2026-02-26 06:00:00+00:00,2026_JAN_JUL,DRIVEN_MOVE,ACCEPT,67557.0,256.192857142859,2026-02-26 15:00:00+00:00,67346.7,640.4821428571474,2026-02-26 18:00:00+00:00,True,True,True,2026-02-26 18:00:00+00:00,66742.9,TIME,FAVORABLE_FIRST,2026-02-26 15:15:00+00:00,False,,,2026-02-26 18:00:00+00:00,66742.9,TIME,False,0.9427272980734358,0.8901522959823776,0.8375772938913193
2971,2026-02-27 23:15:00+00:00,2026_JAN_JUL,THIN_BOOK,ACCEPT,64875.6,223.9499999999992,2026-02-28 06:15:00+00:00,64527.8,559.874999999998,2026-02-28 11:15:00+00:00,True,True,True,2026-02-28 06:30:00+00:00,63687.9875,TP,FAVORABLE_FIRST,2026-02-28 06:30:00+00:00,False,,,2026-02-28 06:30:00+00:00,63687.9875,TP,False,1.5000000000000056,1.4423730296941335,1.3847460593882615
2974,2026-03-01 13:45:00+00:00,2026_JAN_JUL,THIN_BOOK,ACCEPT,66100.0,253.4357142857147,2026-03-01 17:00:00+00:00,66083.6,633.5892857142868,2026-03-02 01:45:00+00:00,True,True,True,2026-03-01 20:30:00+00:00,65133.21607142858,TP,FAVORABLE_FIRST,2026-03-01 17:15:00+00:00,False,,,2026-03-01 20:30:00+00:00,65133.21607142858,TP,False,1.4999999999999958,1.4478498125757406,1.3956996251514855
2981,2026-03-06 06:15:00+00:00,2026_JAN_JUL,THIN_BOOK,ACCEPT,70100.0,270.8642857142882,2026-03-06 12:00:00+00:00,69900.0,677.1607142857205,2026-03-06 18:15:00+00:00,True,True,True,2026-03-06 14:00:00+00:00,68884.25892857142,TP,ADVERSE_FIRST,2026-03-06 13:30:00+00:00,False,,,2026-03-06 14:00:00+00:00,68884.25892857142,TP,False,1.4999999999999987,1.4483874370401615,1.3967748740803245
2991,2026-03-12 04:00:00+00:00,2026_JAN_JUL,THIN_BOOK,REJECT,69180.0,229.4357142857116,,,573.5892857142791,2026-03-12 16:00:00+00:00,False,False,False,,,NO_TRADE,NO_TRADE,,False,,,,,NO_TRADE,False,0.0,0.0,0.0
2994,2026-03-14 03:15:00+00:00,2026_JAN_JUL,DRIVEN_MOVE,ACCEPT,70436.2,178.00000000000207,2026-03-14 06:30:00+00:00,70420.6,445.0000000000052,2026-03-14 15:15:00+00:00,True,True,True,2026-03-14 13:15:00+00:00,70865.6,SL,ADVERSE_FIRST,2026-03-14 06:45:00+00:00,True,2026-03-14 07:15:00+00:00,70649.6,2026-03-14 07:15:00+00:00,70649.6,PERSISTENT_FAILURE_EXIT,True,-0.5146067415730278,-0.5937310112359482,-0.6728552808988686
2998,2026-03-18 07:45:00+00:00,2026_JAN_JUL,DRIVEN_MOVE,ACCEPT,73492.0,178.44285714285795,2026-03-18 11:30:00+00:00,73065.7,446.1071428571449,2026-03-18 19:45:00+00:00,True,True,True,2026-03-18 12:30:00+00:00,72396.53928571429,TP,FAVORABLE_FIRST,2026-03-18 11:45:00+00:00,False,,,2026-03-18 12:30:00+00:00,72396.53928571429,TP,False,1.4999999999999838,1.418107453366408,1.3362149067328322
3006,2026-03-24 06:45:00+00:00,2026_JAN_JUL,DRIVEN_MOVE,ACCEPT,70075.5,176.33571428571304,2026-03-24 13:45:00+00:00,70067.0,440.8392857142826,2026-03-24 18:45:00+00:00,True,True,True,2026-03-24 16:30:00+00:00,69405.74107142858,TP,ADVERSE_FIRST,2026-03-24 14:00:00+00:00,False,,,2026-03-24 16:30:00+00:00,69405.74107142858,TP,False,1.4999999999999918,1.4205299955442048,1.3410599910884178
3019,2026-03-31 00:45:00+00:00,2026_JAN_JUL,DRIVEN_MOVE,ACCEPT,66200.1,216.37857142857268,2026-03-31 09:45:00+00:00,66099.3,540.9464285714317,2026-03-31 12:45:00+00:00,True,True,True,2026-03-31 11:15:00+00:00,66640.24642857144,SL,ADVERSE_FIRST,2026-03-31 10:00:00+00:00,True,2026-03-31 10:30:00+00:00,66247.3,2026-03-31 10:30:00+00:00,66247.3,PERSISTENT_FAILURE_EXIT,True,-0.273594559799292,-0.33469053576733704,-0.3957865117353821
3028,2026-04-06 23:00:00+00:00,2026_JAN_JUL,DRIVEN_MOVE,ACCEPT,68777.0,205.2571428571433,2026-04-06 23:00:00+00:00,68565.1,513.1428571428582,2026-04-07 11:00:00+00:00,True,True,True,2026-04-07 00:00:00+00:00,69078.24285714286,SL,ADVERSE_FIRST,2026-04-06 23:30:00+00:00,False,,,2026-04-07 00:00:00+00:00,69078.24285714286,SL,False,-0.9999999999999938,-1.0668089782850716,-1.1336179565701494
3034,2026-04-12 01:45:00+00:00,2026_JAN_JUL,DRIVEN_MOVE,REJECT,71505.0,287.1928571428569,,,717.9821428571422,2026-04-12 13:45:00+00:00,False,False,False,,,NO_TRADE,NO_TRADE,,False,,,,,NO_TRADE,False,0.0,0.0,0.0
3042,2026-04-19 11:45:00+00:00,2026_JAN_JUL,DRIVEN_MOVE,ACCEPT,74824.3,159.62142857142732,2026-04-19 17:45:00+00:00,74742.4,399.05357142856826,2026-04-19 23:45:00+00:00,True,True,True,2026-04-19 22:00:00+00:00,74143.81964285714,TP,ADVERSE_FIRST,2026-04-19 19:00:00+00:00,True,2026-04-19 19:30:00+00:00,74922.2,2026-04-19 19:30:00+00:00,74922.2,PERSISTENT_FAILURE_EXIT,True,-0.45056607150849076,-0.5442156531078113,-0.6378652347071319
3047,2026-04-23 06:00:00+00:00,2026_JAN_JUL,THIN_BOOK,REJECT,77410.7,200.4357142857178,,,501.08928571429453,2026-04-23 18:00:00+00:00,False,False,False,,,NO_TRADE,NO_TRADE,,False,,,,,NO_TRADE,False,0.0,0.0,0.0
3050,2026-04-27 16:45:00+00:00,2026_JAN_JUL,THIN_BOOK,REJECT,76524.0,328.51428571428863,,,821.2857142857216,2026-04-28 04:45:00+00:00,False,False,False,,,NO_TRADE,NO_TRADE,,False,,,,,NO_TRADE,False,0.0,0.0,0.0
3067,2026-05-15 07:00:00+00:00,2026_JAN_JUL,DRIVEN_MOVE,ACCEPT,80266.8,202.01428571428656,2026-05-15 13:00:00+00:00,80103.6,505.0357142857164,2026-05-15 19:00:00+00:00,True,True,True,2026-05-15 13:30:00+00:00,79346.04642857143,TP,FAVORABLE_FIRST,2026-05-15 13:30:00+00:00,False,,,2026-05-15 13:30:00+00:00,79346.04642857143,TP,False,1.5000000000000102,1.420695113499763,1.3413902269995157
3071,2026-05-18 11:30:00+00:00,2026_JAN_JUL,DRIVEN_MOVE,ACCEPT,76534.5,162.24999999999793,2026-05-18 14:30:00+00:00,76451.6,405.6249999999948,2026-05-18 23:30:00+00:00,True,True,True,2026-05-18 19:00:00+00:00,76857.225,SL,FAVORABLE_FIRST,2026-05-18 15:00:00+00:00,False,,,2026-05-18 19:00:00+00:00,76857.225,SL,False,-1.0000000000000127,-1.0942392604006301,-1.1884785208012478
3073,2026-05-19 12:00:00+00:00,2026_JAN_JUL,THIN_BOOK,ACCEPT,76451.3,179.7999999999977,2026-05-19 14:15:00+00:00,76422.8,449.49999999999426,2026-05-20 00:00:00+00:00,True,True,True,2026-05-19 16:45:00+00:00,76872.3,SL,FAVORABLE_FIRST,2026-05-19 14:45:00+00:00,False,,,2026-05-19 16:45:00+00:00,76872.3,SL,False,-1.0000000000000129,-1.0850086763070217,-1.1700173526140307
3078,2026-05-22 19:15:00+00:00,2026_JAN_JUL,DRIVEN_MOVE,ACCEPT,76049.9,209.07142857143168,2026-05-22 19:30:00+00:00,75782.4,522.6785714285792,2026-05-23 07:15:00+00:00,True,True,True,2026-05-23 07:15:00+00:00,75250.0,TIME,ADVERSE_FIRST,2026-05-22 20:45:00+00:00,False,,,2026-05-23 07:15:00+00:00,75250.0,TIME,False,1.0185992483771518,0.9461049812094043,0.8736107140416568
3079,2026-05-23 07:45:00+00:00,2026_JAN_JUL,THIN_BOOK,ACCEPT,75104.9,157.6499999999973,2026-05-23 07:45:00+00:00,74573.1,394.1249999999933,2026-05-23 19:45:00+00:00,True,True,True,2026-05-23 13:00:00+00:00,74967.225,SL,FAVORABLE_FIRST,2026-05-23 08:30:00+00:00,False,,,2026-05-23 13:00:00+00:00,74967.225,SL,False,-1.000000000000017,-1.0946058991436913,-1.1892117982873658
3084,2026-05-26 13:45:00+00:00,2026_JAN_JUL,DRIVEN_MOVE,ACCEPT,76434.0,239.8928571428582,2026-05-26 16:00:00+00:00,76304.8,599.7321428571455,2026-05-27 01:45:00+00:00,True,True,True,2026-05-27 01:45:00+00:00,75846.6,TIME,ADVERSE_FIRST,2026-05-26 16:30:00+00:00,True,2026-05-26 17:00:00+00:00,76451.4,2026-05-26 17:00:00+00:00,76451.4,PERSISTENT_FAILURE_EXIT,True,-0.2444424594312781,-0.3080581926455104,-0.3716739258597426
3086,2026-05-27 13:45:00+00:00,2026_JAN_JUL,DRIVEN_MOVE,REJECT,74839.1,231.16428571428384,,,577.9107142857096,2026-05-28 01:45:00+00:00,False,False,False,,,NO_TRADE,NO_TRADE,,False,,,,,NO_TRADE,False,0.0,0.0,0.0
3093,2026-06-01 01:45:00+00:00,2026_JAN_JUL,THIN_BOOK,ACCEPT,73340.7,220.0285714285689,2026-06-01 01:45:00+00:00,73257.8,550.0714285714223,2026-06-01 13:45:00+00:00,True,True,True,2026-06-01 02:30:00+00:00,73807.87142857142,SL,ADVERSE_FIRST,2026-06-01 02:00:00+00:00,False,,,2026-06-01 02:30:00+00:00,73807.87142857142,SL,False,-0.9999999999999962,-1.0665893520322005,-1.133178704064405
3094,2026-06-01 13:45:00+00:00,2026_JAN_JUL,DRIVEN_MOVE,ACCEPT,71548.0,342.97142857143,2026-06-01 14:15:00+00:00,71515.6,857.428571428575,2026-06-02 01:45:00+00:00,True,True,True,2026-06-02 01:45:00+00:00,70615.2,TIME,FAVORABLE_FIRST,2026-06-01 15:15:00+00:00,False,,,2026-06-02 01:45:00+00:00,70615.2,TIME,False,1.0501166277907423,1.0084130956347945,0.9667095634788466
3098,2026-06-03 16:15:00+00:00,2026_JAN_JUL,DRIVEN_MOVE,ACCEPT,65836.5,389.0785714285698,2026-06-03 16:15:00+00:00,65574.5,972.6964285714245,2026-06-04 04:15:00+00:00,True,True,True,2026-06-03 23:45:00+00:00,64115.45535714286,TP,ADVERSE_FIRST,2026-06-03 17:00:00+00:00,True,2026-06-03 17:30:00+00:00,66084.8,2026-06-03 17:30:00+00:00,66084.8,PERSISTENT_FAILURE_EXIT,True,-0.5246241119127661,-0.5583316994364027,-0.5920392869600393
3111,2026-06-10 08:00:00+00:00,2026_JAN_JUL,THIN_BOOK,ACCEPT,61045.7,181.442857142858,2026-06-10 09:00:00+00:00,61032.4,453.607142857145,2026-06-10 20:00:00+00:00,True,True,True,2026-06-10 12:30:00+00:00,61486.00714285715,SL,FAVORABLE_FIRST,2026-06-10 09:15:00+00:00,False,,,2026-06-10 12:30:00+00:00,61486.00714285715,SL,False,-0.9999999999999999,-1.0672745138178092,-1.1345490276356185
3132,2026-06-23 01:15:00+00:00,2026_JAN_JUL,DRIVEN_MOVE,ACCEPT,63758.3,182.22142857142848,2026-06-23 04:45:00+00:00,63594.9,455.5535714285712,2026-06-23 13:15:00+00:00,True,True,True,2026-06-23 06:15:00+00:00,62911.56964285715,TP,FAVORABLE_FIRST,2026-06-23 05:15:00+00:00,False,,,2026-06-23 06:15:00+00:00,62911.56964285715,TP,False,1.4999999999999962,1.4302004155070325,1.3604008310140685
3135,2026-06-24 14:15:00+00:00,2026_JAN_JUL,DRIVEN_MOVE,ACCEPT,61077.6,365.0785714285713,2026-06-24 15:00:00+00:00,60871.8,912.6964285714282,2026-06-25 02:15:00+00:00,True,True,True,2026-06-24 16:45:00+00:00,59502.75535714286,TP,FAVORABLE_FIRST,2026-06-24 15:45:00+00:00,False,,,2026-06-24 16:45:00+00:00,59502.75535714286,TP,False,1.5000000000000029,1.4666527675060193,1.4333055350120354
3141,2026-06-27 15:00:00+00:00,2026_JAN_JUL,DRIVEN_MOVE,REJECT,60074.5,137.6785714285709,,,344.19642857142725,2026-06-28 03:00:00+00:00,False,False,False,,,NO_TRADE,NO_TRADE,,False,,,,,NO_TRADE,False,0.0,0.0,0.0
3159,2026-07-08 02:15:00+00:00,2026_JAN_JUL,DRIVEN_MOVE,REJECT,62638.0,217.1714285714297,,,542.9285714285742,2026-07-08 14:15:00+00:00,False,False,False,,,NO_TRADE,NO_TRADE,,False,,,,,NO_TRADE,False,0.0,0.0,0.0
3164,2026-07-12 01:15:00+00:00,2026_JAN_JUL,DRIVEN_MOVE,ACCEPT,63657.4,160.03571428571377,2026-07-12 06:15:00+00:00,63638.6,400.0892857142844,2026-07-12 13:15:00+00:00,True,True,True,2026-07-12 08:00:00+00:00,64038.68928571428,SL,ADVERSE_FIRST,2026-07-12 07:15:00+00:00,True,2026-07-12 07:45:00+00:00,63856.4,2026-07-12 07:45:00+00:00,63856.4,PERSISTENT_FAILURE_EXIT,True,-0.5443784869448874,-0.6239089846016608,-0.703439482258434
3170,2026-07-16 07:45:00+00:00,2026_JAN_JUL,DRIVEN_MOVE,ACCEPT,64155.3,153.53571428571377,2026-07-16 08:00:00+00:00,63914.0,383.8392857142844,2026-07-16 19:45:00+00:00,True,True,True,2026-07-16 08:30:00+00:00,64297.83928571428,SL,ADVERSE_FIRST,2026-07-16 08:15:00+00:00,False,,,2026-07-16 08:30:00+00:00,64297.83928571428,SL,False,-0.9999999999999952,-1.083256199116069,-1.1665123982321428
3171,2026-07-16 20:00:00+00:00,2026_JAN_JUL,DRIVEN_MOVE,ACCEPT,63833.0,160.05714285714254,2026-07-16 23:15:00+00:00,63788.0,400.1428571428563,2026-07-17 08:00:00+00:00,True,True,True,2026-07-17 05:15:00+00:00,63187.78571428572,TP,FAVORABLE_FIRST,2026-07-17 00:30:00+00:00,False,,,2026-07-17 05:15:00+00:00,63187.78571428572,TP,False,1.4999999999999953,1.4202934666190599,1.3405869332381242
3192,2026-07-29 17:45:00+00:00,2026_JAN_JUL,DRIVEN_MOVE,ACCEPT,63600.0,221.9857142857145,2026-07-29 19:45:00+00:00,63564.1,554.9642857142862,2026-07-30 05:45:00+00:00,True,True,True,2026-07-30 01:45:00+00:00,64119.06428571428,SL,FAVORABLE_FIRST,2026-07-29 21:00:00+00:00,False,,,2026-07-30 01:45:00+00:00,64119.06428571428,SL,False,-0.9999999999999934,-1.0572686401956302,-1.114537280391267
3203,2026-08-05 09:15:00+00:00,AUG2026,DRIVEN_MOVE,REJECT,63917.1,101.221428571429,,,253.0535714285725,2026-08-05 21:15:00+00:00,False,False,False,,,NO_TRADE,NO_TRADE,,False,,,,,NO_TRADE,False,0.0,0.0,0.0
