feed,mode,event_time,side,signal_time,entry_time,entry_price,signal_atr14,event_close,confirmation_capture_atr,fwd_1m_atr,fwd_3m_atr,fwd_5m_atr,fwd_15m_atr
RITHMIC_RAW,B_NEXT_OPEN,2026-08-03 11:55:00+00:00,LONG,2026-08-03 11:55:00+00:00,2026-08-03 11:56:00+00:00,4117.4,1.999999999999935,4117.3,,-0.049999999999728775,0.7000000000002956,1.3500000000004078,-1.4499999999998652
RITHMIC_RAW,B_NEXT_OPEN,2026-08-03 11:59:00+00:00,SHORT,2026-08-03 11:59:00+00:00,2026-08-03 12:00:00+00:00,4119.0,1.9714285714284674,4118.9,,-0.5579710144929676,0.7101449275360848,0.9637681159418953,3.449275362319115
RITHMIC_RAW,B_NEXT_OPEN,2026-08-03 13:33:00+00:00,SHORT,2026-08-03 13:33:00+00:00,2026-08-03 13:34:00+00:00,4085.7,2.6857142857142144,4085.2,,-0.2234042553192903,1.452127659574371,1.936170212765941,-0.29787234042560756
RITHMIC_RAW,B_NEXT_OPEN,2026-08-03 13:49:00+00:00,SHORT,2026-08-03 13:49:00+00:00,2026-08-03 13:50:00+00:00,4084.6,3.3214285714285716,4085.0,,-0.39139784946242034,-0.4817204301074995,-0.27096774193551126,0.1204301075269091
RITHMIC_RAW,B_NEXT_OPEN,2026-08-03 19:58:00+00:00,SHORT,2026-08-03 19:58:00+00:00,2026-08-03 19:59:00+00:00,4108.4,1.2785714285714025,4108.3,,0.1564245810054475,1.407821229049739,0.7821229050279489,0.0782122905023681
RITHMIC_RAW,B_NEXT_OPEN,2026-08-03 20:11:00+00:00,LONG,2026-08-03 20:11:00+00:00,2026-08-03 20:12:00+00:00,4108.0,0.9285714285714286,4107.6,,0.5384615384615384,0.8615384615386574,0.5384615384615384,
RITHMIC_RAW,B_NEXT_OPEN,2026-08-03 22:04:00+00:00,SHORT,2026-08-03 22:04:00+00:00,2026-08-03 22:05:00+00:00,4107.0,1.299999999999857,4106.9,,-0.23076923076939607,0.5384615384614577,0.6923076923074886,
RITHMIC_RAW,B_NEXT_OPEN,2026-08-03 23:17:00+00:00,SHORT,2026-08-03 23:17:00+00:00,2026-08-03 23:18:00+00:00,4106.9,1.0,4106.9,,0.5999999999994543,-0.6000000000003638,-2.600000000000364,0.0
RITHMIC_RAW,B_NEXT_OPEN,2026-08-04 02:51:00+00:00,SHORT,2026-08-04 02:51:00+00:00,2026-08-04 02:52:00+00:00,4116.8,1.4357142857143117,4116.7,,0.06965174129378447,0.8358208955222463,0.4179104477614399,2.995024875621963
RITHMIC_RAW,B_NEXT_OPEN,2026-08-04 04:38:00+00:00,LONG,2026-08-04 04:38:00+00:00,2026-08-04 04:39:00+00:00,4118.1,1.19285714285713,4118.2,,0.4191616766467111,0.2514970059874167,-0.0838323353296472,2.0119760479039086
RITHMIC_RAW,B_NEXT_OPEN,2026-08-04 05:58:00+00:00,SHORT,2026-08-04 05:58:00+00:00,2026-08-04 05:59:00+00:00,4117.0,1.3714285714284935,4116.4,,-0.21875000000014505,-2.1145833333331883,-3.0625000000000413,-1.3125000000002072
RITHMIC_RAW,B_NEXT_OPEN,2026-08-04 09:01:00+00:00,SHORT,2026-08-04 09:01:00+00:00,2026-08-04 09:02:00+00:00,4110.4,1.0214285714285845,4110.3,,0.6853146853144985,1.1748251748249818,3.034965034964462,3.4265734265733827
RITHMIC_RAW,B_NEXT_OPEN,2026-08-04 11:11:00+00:00,SHORT,2026-08-04 11:11:00+00:00,2026-08-04 11:12:00+00:00,4111.9,1.4285714285712987,4111.4,,-0.42000000000029286,-0.4900000000005539,-1.1200000000003565,-1.9600000000003055
RITHMIC_RAW,B_NEXT_OPEN,2026-08-04 14:20:00+00:00,LONG,2026-08-04 14:20:00+00:00,2026-08-04 14:21:00+00:00,4141.1,2.707142857142961,4140.9,,-0.22163588390513905,-0.9973614775727898,-0.8126649076519525,-2.0686015831135114
RITHMIC_RAW,B_NEXT_OPEN,2026-08-04 14:49:00+00:00,LONG,2026-08-04 14:49:00+00:00,2026-08-04 14:50:00+00:00,4137.2,2.907142857142909,4137.6,,0.8943488943490036,0.6879606879606757,1.1351351351351775,0.5159705159705068
RITHMIC_RAW,B_NEXT_OPEN,2026-08-04 15:59:00+00:00,SHORT,2026-08-04 15:59:00+00:00,2026-08-04 16:00:00+00:00,4144.5,1.5571428571428052,4144.2,,0.12844036697236452,0.3853211009176777,0.7064220183488811,1.6697247706424911
RITHMIC_RAW,B_NEXT_OPEN,2026-08-04 17:56:00+00:00,LONG,2026-08-04 17:56:00+00:00,2026-08-04 17:57:00+00:00,4146.5,1.299999999999922,4146.7,,-1.0000000000001998,-2.6153846153844924,-2.2307692307690847,-2.0000000000003997
RITHMIC_RAW,B_NEXT_OPEN,2026-08-04 19:11:00+00:00,SHORT,2026-08-04 19:11:00+00:00,2026-08-04 19:12:00+00:00,4140.6,1.0214285714284546,4140.6,,-0.19580419580404013,1.8601398601406072,0.09790209790246528,3.3286713286722436
RITHMIC_RAW,B_NEXT_OPEN,2026-08-04 22:28:00+00:00,SHORT,2026-08-04 22:28:00+00:00,2026-08-04 22:29:00+00:00,4135.0,1.0428571428571038,4134.7,,-0.575342465753795,-0.958904109589077,-1.4383561643836154,-4.506849315068488
RITHMIC_RAW,B_NEXT_OPEN,2026-08-04 22:33:00+00:00,SHORT,2026-08-04 22:33:00+00:00,2026-08-04 22:34:00+00:00,4136.4,1.0214285714286493,4136.5,,-0.7832167832169016,-2.0559440559442552,-3.7202797202796147,-1.5664335664338032
RITHMIC_RAW,B_NEXT_OPEN,2026-08-05 00:29:00+00:00,LONG,2026-08-05 00:29:00+00:00,2026-08-05 00:30:00+00:00,4134.9,1.2857142857142208,4134.6,,0.15555555555612932,0.15555555555612932,0.9333333333339464,-0.7777777777778171
RITHMIC_RAW,B_NEXT_OPEN,2026-08-05 00:33:00+00:00,LONG,2026-08-05 00:33:00+00:00,2026-08-05 00:34:00+00:00,4135.1,1.1571428571427143,4134.9,,0.8641975308643043,2.5925925925929127,1.2962962962964564,0.17283950617270366
RITHMIC_RAW,B_NEXT_OPEN,2026-08-05 01:50:00+00:00,LONG,2026-08-05 01:50:00+00:00,2026-08-05 01:51:00+00:00,4149.7,1.3142857142857534,4149.7,,-0.228260869565349,0.456521739130698,3.6521739130435082,2.510869565217455
RITHMIC_RAW,B_NEXT_OPEN,2026-08-05 04:36:00+00:00,LONG,2026-08-05 04:36:00+00:00,2026-08-05 04:37:00+00:00,4193.9,1.300000000000052,4193.8,,-0.3846153846153692,-1.5384615384614768,-0.6153846153840311,-1.5384615384614768
RITHMIC_RAW,B_NEXT_OPEN,2026-08-05 06:56:00+00:00,SHORT,2026-08-05 06:56:00+00:00,2026-08-05 06:57:00+00:00,4235.5,1.9785714285716105,4235.6,,0.1010830324908735,-0.8086642599279074,0.3537906137182871,3.790613718411204
RITHMIC_RAW,B_NEXT_OPEN,2026-08-05 07:02:00+00:00,SHORT,2026-08-05 07:02:00+00:00,2026-08-05 07:03:00+00:00,4234.3,2.100000000000169,4234.2,,0.4761904761904379,2.2380952380949717,1.7619047619045336,3.5714285714282843
RITHMIC_RAW,B_NEXT_OPEN,2026-08-05 10:22:00+00:00,LONG,2026-08-05 10:22:00+00:00,2026-08-05 10:23:00+00:00,4215.0,1.4642857142856494,4215.2,,0.2048780487806211,0.13658536585354036,0.06829268292708074,-1.570731707317267
RITHMIC_RAW,B_NEXT_OPEN,2026-08-05 10:33:00+00:00,LONG,2026-08-05 10:33:00+00:00,2026-08-05 10:34:00+00:00,4216.2,1.5571428571430002,4216.4,,-1.2201834862381864,-1.669724770641698,-0.8348623853211411,-1.669724770641698
RITHMIC_RAW,B_NEXT_OPEN,2026-08-05 11:30:00+00:00,LONG,2026-08-05 11:30:00+00:00,2026-08-05 11:31:00+00:00,4236.4,2.407142857142844,4236.2,,1.2462908011869502,1.620178041543262,1.9940652818991962,2.991097922848983
RITHMIC_RAW,B_NEXT_OPEN,2026-08-05 11:31:00+00:00,LONG,2026-08-05 11:31:00+00:00,2026-08-05 11:32:00+00:00,4239.1,2.642857142857143,4239.4,,0.22702702702682057,0.45405405405398525,2.345945945945877,2.6486486486486487
RITHMIC_RAW,B_NEXT_OPEN,2026-08-05 13:07:00+00:00,SHORT,2026-08-05 13:07:00+00:00,2026-08-05 13:08:00+00:00,4253.3,3.3214285714287013,4253.8,,-0.5419354838710013,-0.27096774193536377,1.023655913978619,-1.023655913978345
RITHMIC_RAW,B_NEXT_OPEN,2026-08-05 13:10:00+00:00,SHORT,2026-08-05 13:10:00+00:00,2026-08-05 13:11:00+00:00,4254.0,3.442857142857195,4254.2,,0.7551867219917955,1.771784232365224,1.6556016597509595,-0.5518672199168985
RITHMIC_RAW,B_NEXT_OPEN,2026-08-05 14:17:00+00:00,LONG,2026-08-05 14:17:00+00:00,2026-08-05 14:18:00+00:00,4289.7,4.307142857142741,4289.9,,1.3930348258706844,1.8573797678275792,1.0215588723052953,1.1840796019901663
RITHMIC_RAW,B_NEXT_OPEN,2026-08-05 15:11:00+00:00,LONG,2026-08-05 15:11:00+00:00,2026-08-05 15:12:00+00:00,4320.6,4.221428571428727,4320.3,,-0.14213197969551242,-0.5685279187818342,-1.042301184433255,1.0659898477156968
RITHMIC_RAW,B_NEXT_OPEN,2026-08-05 19:55:00+00:00,LONG,2026-08-05 19:55:00+00:00,2026-08-05 19:56:00+00:00,4309.5,1.6714285714284156,4309.3,,-0.11965811965802199,-0.8974358974359811,-0.4786324786326321,-0.3589743589746101
RITHMIC_RAW,B_NEXT_OPEN,2026-08-05 19:58:00+00:00,SHORT,2026-08-05 19:58:00+00:00,2026-08-05 19:59:00+00:00,4307.7,1.6142857142855453,4308.0,,0.061946902654535695,-0.8053097345134713,-0.247787610619833,-0.9911504424782052
RITHMIC_RAW,B_NEXT_OPEN,2026-08-06 05:44:00+00:00,LONG,2026-08-06 05:44:00+00:00,2026-08-06 05:45:00+00:00,4322.1,2.9714285714287274,4322.8,,0.8413461538461097,0.942307692307398,-0.16826923076922193,1.3124999999998086
RITHMIC_RAW,B_NEXT_OPEN,2026-08-06 06:01:00+00:00,LONG,2026-08-06 06:01:00+00:00,2026-08-06 06:02:00+00:00,4324.8,1.9071428571428442,4325.0,,1.2584269662919527,0.7340823970035596,0.5767790262169462,-3.7228464419477816
RITHMIC_RAW,B_NEXT_OPEN,2026-08-06 06:28:00+00:00,SHORT,2026-08-06 06:28:00+00:00,2026-08-06 06:29:00+00:00,4315.3,2.1714285714284807,4314.8,,-0.46052631578949293,0.5526315789473077,0.6447368421055414,0.828947368421171
RITHMIC_RAW,B_NEXT_OPEN,2026-08-06 07:08:00+00:00,LONG,2026-08-06 07:08:00+00:00,2026-08-06 07:09:00+00:00,4318.1,1.5857142857142728,4318.0,,0.12612612612601246,1.2612612612612715,2.207207207207225,1.072072072071966
RITHMIC_RAW,B_NEXT_OPEN,2026-08-06 07:45:00+00:00,SHORT,2026-08-06 07:45:00+00:00,2026-08-06 07:46:00+00:00,4312.5,1.3785714285714417,4312.4,,-1.378238341968635,-2.82901554404116,-1.160621761658284,-8.34196891191702
RITHMIC_RAW,B_NEXT_OPEN,2026-08-06 08:33:00+00:00,SHORT,2026-08-06 08:33:00+00:00,2026-08-06 08:34:00+00:00,4331.3,2.5285714285714675,4331.1,,-0.5932203389830417,-0.4745762711863614,0.31638418079102754,-0.1581920903953339
RITHMIC_RAW,B_NEXT_OPEN,2026-08-06 10:54:00+00:00,SHORT,2026-08-06 10:54:00+00:00,2026-08-06 10:55:00+00:00,4329.9,1.449999999999818,4329.9,,0.06896551724101162,-0.20689655172428933,-0.06896551724163885,2.620689655172241
RITHMIC_RAW,B_NEXT_OPEN,2026-08-06 11:24:00+00:00,LONG,2026-08-06 11:24:00+00:00,2026-08-06 11:25:00+00:00,4320.5,1.9071428571429092,4320.7,,0.5767790262174035,1.2059925093633583,1.5205992509360973,0.20973782771515934
RITHMIC_RAW,B_NEXT_OPEN,2026-08-06 11:28:00+00:00,SHORT,2026-08-06 11:28:00+00:00,2026-08-06 11:29:00+00:00,4322.6,1.9071428571429092,4322.8,,-0.4194756554303187,-1.5205992509360973,-0.15730337078613105,1.7303370786517336
RITHMIC_RAW,B_NEXT_OPEN,2026-08-06 11:50:00+00:00,LONG,2026-08-06 11:50:00+00:00,2026-08-06 11:51:00+00:00,4315.8,2.1214285714285586,4315.9,,0.0,-0.6599326599329212,0.04713804713779019,2.734006734006836
RITHMIC_RAW,B_NEXT_OPEN,2026-08-06 12:42:00+00:00,LONG,2026-08-06 12:42:00+00:00,2026-08-06 12:43:00+00:00,4327.6,3.3285714285715846,4327.5,,-0.3905579399141994,-0.6309012875537278,-1.6824034334764253,-5.497854077253016
RITHMIC_RAW,B_NEXT_OPEN,2026-08-06 14:26:00+00:00,LONG,2026-08-06 14:26:00+00:00,2026-08-06 14:27:00+00:00,4321.6,3.2714285714284546,4322.1,,0.48908296943216506,0.9781659388646081,1.7729257641919807,3.3930131004366357
RITHMIC_RAW,B_NEXT_OPEN,2026-08-06 15:02:00+00:00,LONG,2026-08-06 15:02:00+00:00,2026-08-06 15:03:00+00:00,4329.3,2.807142857142935,4328.9,,0.0,-0.07124681933835561,-0.07124681933835561,-4.310432569974565
RITHMIC_RAW,B_NEXT_OPEN,2026-08-06 15:07:00+00:00,LONG,2026-08-06 15:07:00+00:00,2026-08-06 15:08:00+00:00,4329.0,2.7214285714287274,4329.1,,-0.14698162729644582,-0.9186351706036219,-2.2047244094486924,-6.35695538057713
RITHMIC_RAW,B_NEXT_OPEN,2026-08-06 15:23:00+00:00,LONG,2026-08-06 15:23:00+00:00,2026-08-06 15:24:00+00:00,4311.7,2.8928571428572076,4311.4,,0.6567901234569641,1.8320987654321206,1.0024691358026354,-0.41481481481474264
RITHMIC_RAW,B_NEXT_OPEN,2026-08-06 15:36:00+00:00,LONG,2026-08-06 15:36:00+00:00,2026-08-06 15:37:00+00:00,4306.6,2.907142857143104,4306.6,,0.7911547911544737,1.3071253071249458,1.3759213759212592,-0.4815724815726284
RITHMIC_RAW,B_NEXT_OPEN,2026-08-06 15:44:00+00:00,LONG,2026-08-06 15:44:00+00:00,2026-08-06 15:45:00+00:00,4309.8,2.6928571428573247,4309.9,,-0.3713527851458635,-0.8541114058355537,-1.2625994694961387,-6.79575596816937
RITHMIC_RAW,B_NEXT_OPEN,2026-08-07 01:55:00+00:00,SHORT,2026-08-07 01:55:00+00:00,2026-08-07 01:56:00+00:00,4312.5,2.5928571428572207,4313.3,,-0.6556473829200203,-1.4655647382920372,-1.7355371900825924,-1.3498622589531275
RITHMIC_RAW,B_NEXT_OPEN,2026-08-07 04:03:00+00:00,SHORT,2026-08-07 04:03:00+00:00,2026-08-07 04:04:00+00:00,4322.8,1.649999999999961,4322.3,,-1.0303030303029443,-1.1515151515149582,-2.0606060606058887,0.7272727272726341
RITHMIC_RAW,B_NEXT_OPEN,2026-08-07 04:08:00+00:00,SHORT,2026-08-07 04:08:00+00:00,2026-08-07 04:09:00+00:00,4326.0,2.207142857142831,4326.2,,0.0,0.09061488673131024,0.45307443365696326,-0.1359223300971714
RITHMIC_RAW,B_NEXT_OPEN,2026-08-07 04:36:00+00:00,LONG,2026-08-07 04:36:00+00:00,2026-08-07 04:37:00+00:00,4326.1,1.607142857142987,4326.3,,-0.31111111111108597,-1.368888888889231,-1.9288888888889593,-0.6844444444446155
RITHMIC_RAW,B_NEXT_OPEN,2026-08-07 06:46:00+00:00,SHORT,2026-08-07 06:46:00+00:00,2026-08-07 06:47:00+00:00,4352.4,2.0214285714283897,4352.2,,-0.049469964664495374,1.8798586572436253,-0.247349823321577,-0.5441696113076494
RITHMIC_RAW,B_NEXT_OPEN,2026-08-07 06:53:00+00:00,SHORT,2026-08-07 06:53:00+00:00,2026-08-07 06:54:00+00:00,4353.7,2.2857142857140906,4353.8,,0.35000000000010945,-0.35000000000010945,-1.5750000000002935,1.4437500000002028
RITHMIC_RAW,B_NEXT_OPEN,2026-08-07 07:59:00+00:00,SHORT,2026-08-07 07:59:00+00:00,2026-08-07 08:00:00+00:00,4349.2,1.5857142857142728,4348.9,,-0.31531531531531787,-1.8288288288291878,-1.387387387387284,-6.054054054054333
RITHMIC_RAW,B_NEXT_OPEN,2026-08-07 09:18:00+00:00,SHORT,2026-08-07 09:18:00+00:00,2026-08-07 09:19:00+00:00,4366.9,1.4642857142856494,4366.6,,0.4097560975606211,-1.160975609756646,-1.3658536585366459,2.253658536584969
RITHMIC_RAW,B_NEXT_OPEN,2026-08-07 09:27:00+00:00,LONG,2026-08-07 09:27:00+00:00,2026-08-07 09:28:00+00:00,4368.2,1.4642857142855195,4368.4,,-1.6390243902438721,-3.073170731707726,-3.2097560975612787,3.4146341463419176
RITHMIC_RAW,B_NEXT_OPEN,2026-08-07 09:44:00+00:00,LONG,2026-08-07 09:44:00+00:00,2026-08-07 09:45:00+00:00,4376.9,2.157142857142844,4376.8,,0.46357615894040016,0.37086092715240443,-0.32450331125819576,-0.6026490066221829
RITHMIC_RAW,B_NEXT_OPEN,2026-08-07 11:17:00+00:00,SHORT,2026-08-07 11:17:00+00:00,2026-08-07 11:18:00+00:00,4377.8,1.9785714285713507,4377.7,,-0.10108303249088678,-2.0722021660647876,-1.6173285198555674,-4.043321299639148
RITHMIC_RAW,B_NEXT_OPEN,2026-08-07 11:55:00+00:00,LONG,2026-08-07 11:55:00+00:00,2026-08-07 11:56:00+00:00,4385.1,1.992857142857117,4385.0,,0.4516129032256298,-1.6559139784947365,-2.1577060931900833,-2.508960573476735
RITHMIC_RAW,B_NEXT_OPEN,2026-08-07 12:40:00+00:00,SHORT,2026-08-07 12:40:00+00:00,2026-08-07 12:41:00+00:00,4426.4,10.700000000000077,4426.5,,-0.04672897196261649,-0.23364485981308242,-0.41121495327107604,0.3831775700934042
RITHMIC_RAW,B_NEXT_OPEN,2026-08-07 13:14:00+00:00,SHORT,2026-08-07 13:14:00+00:00,2026-08-07 13:15:00+00:00,4407.9,4.271428571428585,4407.9,,0.4916387959864928,1.6153846153845253,0.14046822742462098,-2.0836120401339007
RITHMIC_RAW,B_NEXT_OPEN,2026-08-07 13:18:00+00:00,LONG,2026-08-07 13:18:00+00:00,2026-08-07 13:19:00+00:00,4401.0,3.649999999999961,4401.2,,1.7260273972603424,2.602739726027425,2.575342465753353,3.0410958904110914
RITHMIC_RAW,B_NEXT_OPEN,2026-08-07 14:24:00+00:00,SHORT,2026-08-07 14:24:00+00:00,2026-08-07 14:25:00+00:00,4411.4,4.742857142857052,4411.3,,0.25301204819273754,-0.12650602409646466,0.4638554216867175,1.5391566265059
RITHMIC_RAW,B_NEXT_OPEN,2026-08-07 14:36:00+00:00,LONG,2026-08-07 14:36:00+00:00,2026-08-07 14:37:00+00:00,4408.9,3.4285714285714284,4408.9,,-0.5833333333333334,-1.3999999999997879,0.40833333333349253,-0.9333333333332803
RITHMIC_RAW,B_NEXT_OPEN,2026-08-07 14:54:00+00:00,SHORT,2026-08-07 14:54:00+00:00,2026-08-07 14:55:00+00:00,4405.2,3.3285714285715846,4405.5,,-0.24034334763952836,0.8111587982831692,1.171673819742325,-1.0515021459226974
RITHMIC_RAW,B_NEXT_OPEN,2026-08-07 16:24:00+00:00,SHORT,2026-08-07 16:24:00+00:00,2026-08-07 16:25:00+00:00,4397.4,2.6142857142856752,4397.7,,0.49726775956257063,0.3060109289614749,0.19125683060109575,-0.765027322404383
RITHMIC_RAW,B_NEXT_OPEN,2026-08-10 00:57:00+00:00,SHORT,2026-08-10 00:57:00+00:00,2026-08-10 00:58:00+00:00,4391.3,1.857142857142987,4391.3,,0.5923076923078467,0.5923076923078467,-2.7999999999997063,3.7153846153846493
RITHMIC_RAW,B_NEXT_OPEN,2026-08-10 03:36:00+00:00,SHORT,2026-08-10 03:36:00+00:00,2026-08-10 03:37:00+00:00,4389.0,1.6071428571427921,4389.1,,-0.0622222222224511,0.87111111111092,2.177777777777866,0.6844444444446985
RITHMIC_RAW,B_NEXT_OPEN,2026-08-10 04:12:00+00:00,SHORT,2026-08-10 04:12:00+00:00,2026-08-10 04:13:00+00:00,4390.7,1.849999999999909,4390.9,,-0.48648648648680537,-1.8378378378382232,-0.5405405405405671,-2.324324324324537
RITHMIC_RAW,B_NEXT_OPEN,2026-08-10 04:45:00+00:00,LONG,2026-08-10 04:45:00+00:00,2026-08-10 04:46:00+00:00,4391.8,1.6285714285713766,4392.0,,1.0438596491227286,1.3508771929823875,1.1052631578948837,2.517543859648868
RITHMIC_RAW,B_NEXT_OPEN,2026-08-10 05:27:00+00:00,LONG,2026-08-10 05:27:00+00:00,2026-08-10 05:28:00+00:00,4393.8,1.0857142857142728,4393.9,,0.46052631578947917,-0.09210526315823091,1.8421052631579167,8.381578947368018
RITHMIC_RAW,B_NEXT_OPEN,2026-08-10 05:37:00+00:00,LONG,2026-08-10 05:37:00+00:00,2026-08-10 05:38:00+00:00,4400.2,2.2214285714284676,4400.4,,-0.09003215434075834,1.6655948553054623,1.2154340836012612,4.996784565916796
RITHMIC_RAW,B_NEXT_OPEN,2026-08-10 06:38:00+00:00,SHORT,2026-08-10 06:38:00+00:00,2026-08-10 06:39:00+00:00,4406.2,1.6214285714285583,4406.2,,-1.2334801762114638,-0.8017621145375636,-4.687224669603786,-5.859030837004452
RITHMIC_RAW,B_NEXT_OPEN,2026-08-10 09:01:00+00:00,SHORT,2026-08-10 09:01:00+00:00,2026-08-10 09:02:00+00:00,4405.6,1.700000000000078,4405.6,,-0.4705882352936681,-1.117647058823264,0.05882352941197601,-0.8235294117644542
RITHMIC_RAW,B_NEXT_OPEN,2026-08-10 10:30:00+00:00,SHORT,2026-08-10 10:30:00+00:00,2026-08-10 10:31:00+00:00,4402.5,1.1642857142857272,4402.9,,0.6871165644173265,1.9754601226995208,1.7177914110429258,4.638036809815587
RITHMIC_RAW,B_NEXT_OPEN,2026-08-10 14:42:00+00:00,LONG,2026-08-10 14:42:00+00:00,2026-08-10 14:43:00+00:00,4409.3,2.549999999999922,4409.3,,-0.6666666666666157,0.31372549019615936,-0.745098039215923,-2.2745098039217093
RITHMIC_RAW,B_NEXT_OPEN,2026-08-10 15:14:00+00:00,LONG,2026-08-10 15:14:00+00:00,2026-08-10 15:15:00+00:00,4406.4,2.350000000000169,4406.4,,0.6808510638298931,1.3191489361702728,1.148936170212993,1.0212765957448398
RITHMIC_RAW,B_NEXT_OPEN,2026-08-10 19:54:00+00:00,SHORT,2026-08-10 19:54:00+00:00,2026-08-10 19:55:00+00:00,4450.9,1.8214285714285066,4451.2,,1.4274509803919082,2.1960784313726274,2.2509803921566434,3.403921568627472
RITHMIC_RAW,B_NEXT_OPEN,2026-08-10 23:04:00+00:00,LONG,2026-08-10 23:04:00+00:00,2026-08-10 23:05:00+00:00,4458.3,1.4357142857141818,4458.2,,1.2537313432837995,1.3930348258707477,-1.6716417910452772,-2.5771144278607565
RITHMIC_RAW,B_NEXT_OPEN,2026-08-11 00:08:00+00:00,SHORT,2026-08-11 00:08:00+00:00,2026-08-11 00:09:00+00:00,4464.7,2.199999999999948,4464.6,,-0.40909090909116674,-1.136363636363663,-0.045454545454711885,-2.4090909090910486
RITHMIC_RAW,B_NEXT_OPEN,2026-08-11 00:14:00+00:00,SHORT,2026-08-11 00:14:00+00:00,2026-08-11 00:15:00+00:00,4464.6,2.314285714285558,4464.8,,-0.3024691358024109,-0.12962962962932398,-0.34567901234538795,-3.8456790123457814
RITHMIC_RAW,B_NEXT_OPEN,2026-08-11 01:57:00+00:00,SHORT,2026-08-11 01:57:00+00:00,2026-08-11 01:58:00+00:00,4490.5,3.007142857142818,4490.5,,-0.5653206650830822,1.2969121140141477,1.396674584322998,0.5320665083136671
RITHMIC_RAW,B_NEXT_OPEN,2026-08-11 06:16:00+00:00,SHORT,2026-08-11 06:16:00+00:00,2026-08-11 06:17:00+00:00,4433.1,2.4714285714284023,4432.9,,-0.6069364161850126,1.7398843930637764,1.9826589595379287,4.612716763006317
RITHMIC_RAW,B_NEXT_OPEN,2026-08-11 07:49:00+00:00,LONG,2026-08-11 07:49:00+00:00,2026-08-11 07:50:00+00:00,4418.3,1.3357142857143376,4418.1,,-0.22459893048141089,1.5721925133685144,0.5240641711228381,3.1443850267377096
RITHMIC_RAW,B_NEXT_OPEN,2026-08-11 08:08:00+00:00,SHORT,2026-08-11 08:08:00+00:00,2026-08-11 08:09:00+00:00,4425.4,1.7857142857140909,4425.1,,0.3919999999999409,0.11199999999991035,0.727999999999672,2.1279999999998247
RITHMIC_RAW,B_NEXT_OPEN,2026-08-11 08:21:00+00:00,LONG,2026-08-11 08:21:00+00:00,2026-08-11 08:22:00+00:00,4420.4,1.8142857142856232,4420.5,,0.49606299212630994,1.708661417323121,3.251968503937472,5.677165354331094
RITHMIC_RAW,B_NEXT_OPEN,2026-08-11 09:26:00+00:00,LONG,2026-08-11 09:26:00+00:00,2026-08-11 09:27:00+00:00,4431.2,1.5857142857143376,4430.9,,1.4504504504505178,-0.5675675675673196,0.6936936936939004,1.198198198198503
RITHMIC_RAW,B_NEXT_OPEN,2026-08-11 11:10:00+00:00,LONG,2026-08-11 11:10:00+00:00,2026-08-11 11:11:00+00:00,4449.1,3.3571428571427924,4449.3,,-0.2382978723404843,0.08936170212744457,0.14893617021276884,-1.5191489361703505
RITHMIC_RAW,B_NEXT_OPEN,2026-08-11 11:31:00+00:00,LONG,2026-08-11 11:31:00+00:00,2026-08-11 11:32:00+00:00,4445.5,1.7071428571427012,4445.7,,-0.6443514644354184,-0.35146443514668874,-0.11715481171538532,0.410041841004115
RITHMIC_RAW,B_NEXT_OPEN,2026-08-11 12:10:00+00:00,SHORT,2026-08-11 12:10:00+00:00,2026-08-11 12:11:00+00:00,4452.9,2.3857142857143896,4452.6,,1.0059880239518995,-0.5868263473055924,-0.502994011976331,1.8862275449100976
RITHMIC_RAW,B_NEXT_OPEN,2026-08-11 14:04:00+00:00,LONG,2026-08-11 14:04:00+00:00,2026-08-11 14:05:00+00:00,4444.4,3.8428571428572207,4444.0,,0.0,-0.18215613382894527,-0.15613382899613737,0.13011152416356614
RITHMIC_RAW,B_NEXT_OPEN,2026-08-11 14:42:00+00:00,SHORT,2026-08-11 14:42:00+00:00,2026-08-11 14:43:00+00:00,4453.5,2.4285714285714937,4453.1,,0.16470588235278696,0.24705882352955494,-0.12352941176477747,-0.04117647058838399
RITHMIC_RAW,B_NEXT_OPEN,2026-08-11 14:56:00+00:00,LONG,2026-08-11 14:56:00+00:00,2026-08-11 14:57:00+00:00,4455.6,2.0071428571426884,4455.6,,-0.9964412811388739,-0.9964412811388739,0.3487544483985152,-2.291814946619591
RITHMIC_RAW,B_NEXT_OPEN,2026-08-11 15:37:00+00:00,SHORT,2026-08-11 15:37:00+00:00,2026-08-11 15:38:00+00:00,4435.9,3.0285714285714027,4435.9,,0.69339622641492,1.1886792452828487,1.023584905660206,-0.06603773584929741
RITHMIC_RAW,B_NEXT_OPEN,2026-08-11 18:23:00+00:00,SHORT,2026-08-11 18:23:00+00:00,2026-08-11 18:24:00+00:00,4423.4,1.9142857142855323,4423.2,,-0.20895522388090196,-0.15671641791055768,0.5223880597015422,-3.4477611940303685
RITHMIC_RAW,B_NEXT_OPEN,2026-08-11 19:15:00+00:00,SHORT,2026-08-11 19:15:00+00:00,2026-08-11 19:16:00+00:00,4422.3,1.799999999999922,4422.6,,-0.5555555555555796,0.2777777777777898,-0.3333333333330446,-4.555555555555651
RITHMIC_RAW,B_NEXT_OPEN,2026-08-11 20:07:00+00:00,LONG,2026-08-11 20:07:00+00:00,2026-08-11 20:08:00+00:00,4428.5,1.3714285714286234,4428.4,,-0.14583333333319518,0.6562499999997099,0.6562499999997099,-0.9479166666667633
RITHMIC_RAW,B_NEXT_OPEN,2026-08-11 22:21:00+00:00,SHORT,2026-08-11 22:21:00+00:00,2026-08-11 22:22:00+00:00,4433.5,0.907142857143039,4433.4,,-0.7716535433067314,-0.7716535433067314,-1.2125984251970083,-1.5433070866134628
RITHMIC_RAW,B_NEXT_OPEN,2026-08-11 23:12:00+00:00,SHORT,2026-08-11 23:12:00+00:00,2026-08-11 23:13:00+00:00,4426.4,2.692857142857065,4426.0,,0.37135278514589937,0.519893899204124,-0.7055702917774114,-0.891246684350361
RITHMIC_RAW,B_NEXT_OPEN,2026-08-12 01:54:00+00:00,LONG,2026-08-12 01:54:00+00:00,2026-08-12 01:55:00+00:00,4454.8,1.907142857142779,4454.8,,-0.41947565543082416,0.052434456928554966,0.7340823970035846,1.1011235955053769
RITHMIC_RAW,B_NEXT_OPEN,2026-08-12 02:05:00+00:00,LONG,2026-08-12 02:05:00+00:00,2026-08-12 02:06:00+00:00,4455.9,1.6857142857142466,4455.8,,0.11864406779704455,0.41525423728857686,1.720338983051211,2.6694915254237905
RITHMIC_RAW,B_NEXT_OPEN,2026-08-12 02:54:00+00:00,LONG,2026-08-12 02:54:00+00:00,2026-08-12 02:55:00+00:00,4473.0,2.3428571428570257,4473.3,,-0.5548780487805932,-0.8963414634148342,-0.9390243902438717,0.17073170731692644
RITHMIC_RAW,B_NEXT_OPEN,2026-08-12 04:21:00+00:00,SHORT,2026-08-12 04:21:00+00:00,2026-08-12 04:22:00+00:00,4457.9,1.2714285714285845,4456.9,,0.2359550561792006,0.1573033707863722,-0.23595505617991594,-1.0224719101124922
RITHMIC_RAW,B_NEXT_OPEN,2026-08-12 08:11:00+00:00,LONG,2026-08-12 08:11:00+00:00,2026-08-12 08:12:00+00:00,4468.2,1.450000000000013,4468.2,,0.0,-0.20689655172426152,-1.3103448275859442,-1.3793103448275739
RITHMIC_RAW,B_NEXT_OPEN,2026-08-12 08:14:00+00:00,LONG,2026-08-12 08:14:00+00:00,2026-08-12 08:15:00+00:00,4467.9,1.3214285714286365,4467.9,,-1.1351351351350794,-0.9081081081079257,-0.9081081081079257,-1.1351351351350794
RITHMIC_RAW,B_NEXT_OPEN,2026-08-12 08:29:00+00:00,LONG,2026-08-12 08:29:00+00:00,2026-08-12 08:30:00+00:00,4466.4,1.2357142857143637,4466.4,,-0.2427745664733843,-1.052023121386628,-0.8901734104041265,-1.2138728323698655
RITHMIC_RAW,B_NEXT_OPEN,2026-08-12 09:08:00+00:00,SHORT,2026-08-12 09:08:00+00:00,2026-08-12 09:09:00+00:00,4467.1,1.3357142857142728,4467.2,,-0.7486631016042853,-2.620320855614999,-3.593582887700025,-10.256684491978573
RITHMIC_RAW,B_NEXT_OPEN,2026-08-12 09:17:00+00:00,LONG,2026-08-12 09:17:00+00:00,2026-08-12 09:18:00+00:00,4475.0,2.035714285714351,4475.1,,-0.24561403508771143,-0.6385964912281391,0.8350877192981295,0.0
RITHMIC_RAW,B_NEXT_OPEN,2026-08-12 10:45:00+00:00,LONG,2026-08-12 10:45:00+00:00,2026-08-12 10:46:00+00:00,4475.0,1.2000000000002078,4474.6,,-0.16666666666648622,-3.999999999999459,-5.3333333333321065,-1.4166666666662697
RITHMIC_RAW,B_NEXT_OPEN,2026-08-12 12:54:00+00:00,SHORT,2026-08-12 12:54:00+00:00,2026-08-12 12:55:00+00:00,4487.5,4.835714285714403,4487.7,,-0.35155096011812226,-0.4756277695716657,-2.212703101920145,-0.4549483013293458
RITHMIC_RAW,B_NEXT_OPEN,2026-08-12 20:49:00+00:00,LONG,2026-08-12 20:49:00+00:00,2026-08-12 20:50:00+00:00,4468.6,0.7785714285714026,4468.4,,-0.2568807339458972,-0.7706422018353554,-1.2844036697248136,
RITHMIC_RAW,B_NEXT_OPEN,2026-08-12 23:10:00+00:00,SHORT,2026-08-12 23:10:00+00:00,2026-08-12 23:11:00+00:00,4463.7,0.8714285714284286,4464.0,,-0.5737704918033728,-0.9180327868856052,-0.9180327868856052,-4.2459016393447495
RITHMIC_RAW,B_NEXT_OPEN,2026-08-13 04:04:00+00:00,SHORT,2026-08-13 04:04:00+00:00,2026-08-13 04:05:00+00:00,4453.5,2.299999999999922,4453.7,,0.0,-0.13043478260877917,-0.21739130434783344,0.5217391304347212
RITHMIC_RAW,B_NEXT_OPEN,2026-08-13 04:05:00+00:00,SHORT,2026-08-13 04:05:00+00:00,2026-08-13 04:06:00+00:00,4453.2,2.3785714285713766,4453.5,,-0.37837837837861604,-0.3363363363364202,0.04204204204181354,0.3363363363364202
RITHMIC_RAW,B_NEXT_OPEN,2026-08-13 04:07:00+00:00,SHORT,2026-08-13 04:07:00+00:00,2026-08-13 04:08:00+00:00,4453.9,2.457142857142896,4453.8,,-0.040697674418752064,0.325581395348536,1.0988372093022343,0.6918604651161941
RITHMIC_RAW,B_NEXT_OPEN,2026-08-13 05:07:00+00:00,SHORT,2026-08-13 05:07:00+00:00,2026-08-13 05:08:00+00:00,4453.8,1.7142857142857792,4454.0,,-0.0583333333330128,-1.7499999999999336,-2.216666666666689,-3.8499999999995356
RITHMIC_RAW,B_NEXT_OPEN,2026-08-13 05:11:00+00:00,SHORT,2026-08-13 05:11:00+00:00,2026-08-13 05:12:00+00:00,4456.6,2.171428571428675,4457.0,,-0.4605263157894517,-2.532894736841984,-1.1052631578945165,-3.6381578947365005
RITHMIC_RAW,B_NEXT_OPEN,2026-08-13 05:19:00+00:00,SHORT,2026-08-13 05:19:00+00:00,2026-08-13 05:20:00+00:00,4459.4,2.2571428571428833,4459.6,,-0.22151898734176959,-0.44303797468353917,-0.6645569620253088,1.8607594936707839
RITHMIC_RAW,B_NEXT_OPEN,2026-08-13 07:46:00+00:00,LONG,2026-08-13 07:46:00+00:00,2026-08-13 07:47:00+00:00,4432.6,1.900000000000091,4433.0,,-0.7368421052634099,-2.2631578947368296,-2.210526315789751,-3.1052631578948753
RITHMIC_RAW,B_NEXT_OPEN,2026-08-13 11:30:00+00:00,SHORT,2026-08-13 11:30:00+00:00,2026-08-13 11:31:00+00:00,4445.8,1.3214285714286365,4445.9,,0.22702702702715352,0.983783783783873,0.37837837837835975,2.345945945946106
RITHMIC_RAW,B_NEXT_OPEN,2026-08-13 11:32:00+00:00,SHORT,2026-08-13 11:32:00+00:00,2026-08-13 11:33:00+00:00,4446.0,1.200000000000078,4445.6,,1.249999999999919,0.5833333333331439,-0.08333333333363109,4.0833333333327655
RITHMIC_RAW,B_NEXT_OPEN,2026-08-13 11:48:00+00:00,LONG,2026-08-13 11:48:00+00:00,2026-08-13 11:49:00+00:00,4440.4,1.5785714285715196,4440.5,,0.633484162895891,0.5701357466066477,0.5701357466066477,1.5837104072397277
RITHMIC_RAW,B_NEXT_OPEN,2026-08-13 11:55:00+00:00,SHORT,2026-08-13 11:55:00+00:00,2026-08-13 11:56:00+00:00,4441.0,1.5500000000001168,4440.4,,-0.38709677419375393,-2.000000000000084,-1.6774193548388179,-3.22580645161266
RITHMIC_RAW,B_NEXT_OPEN,2026-08-13 12:16:00+00:00,LONG,2026-08-13 12:16:00+00:00,2026-08-13 12:17:00+00:00,4443.6,1.9357142857143768,4444.1,,-0.15498154981558485,-0.15498154981558485,-0.2583025830258181,-1.5498154981549086
RITHMIC_RAW,B_NEXT_OPEN,2026-08-13 12:38:00+00:00,LONG,2026-08-13 12:38:00+00:00,2026-08-13 12:39:00+00:00,4445.9,4.9785714285713505,4446.2,,0.18077474892407228,0.36154949784796186,0.36154949784796186,1.144906743185243
RITHMIC_RAW,B_NEXT_OPEN,2026-08-13 13:10:00+00:00,SHORT,2026-08-13 13:10:00+00:00,2026-08-13 13:11:00+00:00,4449.6,3.742857142857182,4449.9,,-0.2938931297708435,-0.05343511450376764,0.1603053435115459,1.6564885496184978
RITHMIC_RAW,B_NEXT_OPEN,2026-08-13 14:38:00+00:00,LONG,2026-08-13 14:38:00+00:00,2026-08-13 14:39:00+00:00,4431.5,4.8642857142857405,4431.1,,0.7400881057269431,0.657856093979401,1.1306901615271598,2.220264317180642
RITHMIC_RAW,B_NEXT_OPEN,2026-08-13 15:21:00+00:00,SHORT,2026-08-13 15:21:00+00:00,2026-08-13 15:22:00+00:00,4424.7,2.550000000000052,4424.6,,-0.8235294117648319,-1.3725490196078152,-1.5686274509803604,0.6666666666665818
RITHMIC_RAW,B_NEXT_OPEN,2026-08-13 19:09:00+00:00,SHORT,2026-08-13 19:09:00+00:00,2026-08-13 19:10:00+00:00,4410.0,1.1142857142858702,4410.0,,0.44871794871788595,0.6282051282048771,6.1923076923065,3.9487179487170696
RITHMIC_RAW,B_NEXT_OPEN,2026-08-13 22:42:00+00:00,LONG,2026-08-13 22:42:00+00:00,2026-08-13 22:43:00+00:00,4416.6,1.3785714285713766,4416.6,,-0.5077720207259355,-1.5233160621764872,-1.1606217616583387,-3.844559585492505
RITHMIC_RAW,B_NEXT_OPEN,2026-08-13 23:23:00+00:00,LONG,2026-08-13 23:23:00+00:00,2026-08-13 23:24:00+00:00,4414.8,2.292857142857039,4414.7,,0.39252336448584046,1.1339563862926483,1.3084112149533305,0.43613707165111015
RITHMIC_RAW,B_NEXT_OPEN,2026-08-14 04:32:00+00:00,LONG,2026-08-14 04:32:00+00:00,2026-08-14 04:33:00+00:00,4379.2,1.0857142857142077,4379.7,,0.7368421052633783,0.7368421052633783,0.46052631578950676,0.18421052631563517
RITHMIC_RAW,B_NEXT_OPEN,2026-08-14 06:42:00+00:00,LONG,2026-08-14 06:42:00+00:00,2026-08-14 06:43:00+00:00,4386.2,1.4928571428572468,4386.5,,0.7368421052633503,2.6124401913877433,2.746411483253641,3.014354066985436
RITHMIC_RAW,B_NEXT_OPEN,2026-08-14 09:54:00+00:00,LONG,2026-08-14 09:54:00+00:00,2026-08-14 09:55:00+00:00,4411.3,1.2714285714285194,4410.9,,0.0,-0.39325842696630825,1.808988764045161,0.9438202247189967
RITHMIC_RAW,B_NEXT_OPEN,2026-08-14 10:04:00+00:00,SHORT,2026-08-14 10:04:00+00:00,2026-08-14 10:05:00+00:00,4412.9,1.1642857142857923,4413.2,,-0.2576687116565807,-0.17177914110490788,0.34355828220825346,2.920245398772498
RITHMIC_RAW,B_NEXT_OPEN,2026-08-14 10:24:00+00:00,SHORT,2026-08-14 10:24:00+00:00,2026-08-14 10:25:00+00:00,4409.9,1.2428571428572468,4410.0,,0.5632183908044043,2.091954022987892,2.091954022987892,3.781609195401836
RITHMIC_RAW,B_NEXT_OPEN,2026-08-14 11:24:00+00:00,LONG,2026-08-14 11:24:00+00:00,2026-08-14 11:25:00+00:00,4410.4,1.249999999999935,4410.4,,-0.1599999999998628,1.7600000000006737,2.1600000000006947,6.000000000000313
RITHMIC_RAW,B_NEXT_OPEN,2026-08-14 11:42:00+00:00,SHORT,2026-08-14 11:42:00+00:00,2026-08-14 11:43:00+00:00,4419.5,1.750000000000065,4419.1,,0.0571428571430629,0.6857142857141563,1.0285714285714942,-2.114285714285532
RITHMIC_RAW,B_NEXT_OPEN,2026-08-14 11:52:00+00:00,LONG,2026-08-14 11:52:00+00:00,2026-08-14 11:53:00+00:00,4423.5,1.457142857142961,4423.3,,0.480392156862586,-0.3431372549019363,-0.20588235294128662,4.254901960783886
RITHMIC_RAW,B_NEXT_OPEN,2026-08-14 12:10:00+00:00,LONG,2026-08-14 12:10:00+00:00,2026-08-14 12:11:00+00:00,4428.3,2.064285714285753,4428.1,,-0.8719723183391721,-1.6955017301037743,-0.8719723183391721,4.020761245674753
RITHMIC_RAW,B_NEXT_OPEN,2026-08-14 13:53:00+00:00,LONG,2026-08-14 13:53:00+00:00,2026-08-14 13:54:00+00:00,4441.7,2.9428571428571297,4441.9,,-0.06796116504848218,-0.13592233009696436,-0.20388349514544654,1.8689320388349597
RITHMIC_RAW,B_NEXT_OPEN,2026-08-14 13:54:00+00:00,LONG,2026-08-14 13:54:00+00:00,2026-08-14 13:55:00+00:00,4441.5,2.964285714285649,4441.5,,0.43855421686754087,-0.33734939759036886,0.20240963855434405,1.6867469879518444
RITHMIC_RAW,B_NEXT_OPEN,2026-08-14 15:17:00+00:00,LONG,2026-08-14 15:17:00+00:00,2026-08-14 15:18:00+00:00,4448.4,2.507142857143013,4448.6,,-1.1965811965811222,-1.5954415954414962,-2.632478632478251,-2.3133903133898794
RITHMIC_RAW,B_NEXT_OPEN,2026-08-14 18:57:00+00:00,LONG,2026-08-14 18:57:00+00:00,2026-08-14 18:58:00+00:00,4430.3,1.6785714285714286,4430.2,,-0.23829787234075062,-0.4170212765956363,-0.23829787234075062,1.965957446808619
RITHMIC_RAW,B_NEXT_OPEN,2026-08-14 19:05:00+00:00,LONG,2026-08-14 19:05:00+00:00,2026-08-14 19:06:00+00:00,4429.7,0.9214285714285454,4429.5,,1.3023255813951882,2.170542635658976,3.1472868217061074,2.71317829457372
RITHMIC_RAW,B_NEXT_OPEN,2026-08-17 00:27:00+00:00,SHORT,2026-08-17 00:27:00+00:00,2026-08-17 00:28:00+00:00,4444.3,2.2214285714284676,4444.1,,-0.5401929260449594,-1.3054662379420194,-2.29581993569118,-0.8102893890676439
RITHMIC_RAW,B_NEXT_OPEN,2026-08-17 01:53:00+00:00,SHORT,2026-08-17 01:53:00+00:00,2026-08-17 01:54:00+00:00,4453.3,2.714285714285649,4453.0,,-0.29473684210533724,0.6263157894736322,0.4052631578948806,0.3315789473686301
RITHMIC_RAW,B_NEXT_OPEN,2026-08-17 04:59:00+00:00,LONG,2026-08-17 04:59:00+00:00,2026-08-17 05:00:00+00:00,4447.1,1.4142857142855974,4447.1,,0.282828282828049,0.9898989898988145,1.4848484848482217,-1.9090909090915813
RITHMIC_RAW,B_NEXT_OPEN,2026-08-17 05:49:00+00:00,LONG,2026-08-17 05:49:00+00:00,2026-08-17 05:50:00+00:00,4453.8,1.7142857142857792,4453.9,,-0.9333333333335102,-1.4000000000002653,-2.275000000000232,-0.9333333333335102
RITHMIC_RAW,B_NEXT_OPEN,2026-08-17 06:03:00+00:00,LONG,2026-08-17 06:03:00+00:00,2026-08-17 06:04:00+00:00,4453.8,1.657142857142974,4453.6,,-0.9655172413794617,-0.3620689655174354,-0.06034482758642217,-1.9913793103447968
RITHMIC_RAW,B_NEXT_OPEN,2026-08-17 07:03:00+00:00,LONG,2026-08-17 07:03:00+00:00,2026-08-17 07:04:00+00:00,4459.2,1.3428571428571558,4459.2,,-0.9680851063831049,-1.9361702127655323,-1.489361702127645,-2.680851063829355
RITHMIC_RAW,B_NEXT_OPEN,2026-08-17 07:48:00+00:00,SHORT,2026-08-17 07:48:00+00:00,2026-08-17 07:49:00+00:00,4465.6,1.692857142857065,4465.6,,1.0042194092831764,2.067510548523302,2.599156118143902,5.080168776371757
RITHMIC_RAW,B_NEXT_OPEN,2026-08-17 07:53:00+00:00,LONG,2026-08-17 07:53:00+00:00,2026-08-17 07:54:00+00:00,4461.2,1.4785714285714155,4461.2,,-0.13526570048296996,0.0,0.6086956521742874,-3.9903381642509967
RITHMIC_RAW,B_NEXT_OPEN,2026-08-17 08:02:00+00:00,SHORT,2026-08-17 08:02:00+00:00,2026-08-17 08:03:00+00:00,4457.8,1.6142857142858051,4457.8,,0.49557522123902287,1.0530973451325714,1.4867256637170685,0.061946902655089134
RITHMIC_RAW,B_NEXT_OPEN,2026-08-17 08:25:00+00:00,LONG,2026-08-17 08:25:00+00:00,2026-08-17 08:26:00+00:00,4458.9,1.1857142857142466,4458.9,,-0.2530120481921658,-0.33734939759006577,-1.7710843373489957,-2.78313253011996
RITHMIC_RAW,B_NEXT_OPEN,2026-08-17 09:33:00+00:00,SHORT,2026-08-17 09:33:00+00:00,2026-08-17 09:34:00+00:00,4452.8,1.399999999999961,4452.7,,-0.21428571428585017,-0.21428571428585017,0.6428571428575506,1.5000000000003015
RITHMIC_RAW,B_NEXT_OPEN,2026-08-17 09:34:00+00:00,SHORT,2026-08-17 09:34:00+00:00,2026-08-17 09:35:00+00:00,4452.8,1.4642857142857142,4453.1,,0.1365853658535343,0.1365853658535343,1.0926829268295168,0.5463414634147584
RITHMIC_RAW,B_NEXT_OPEN,2026-08-17 09:47:00+00:00,SHORT,2026-08-17 09:47:00+00:00,2026-08-17 09:48:00+00:00,4451.2,1.3642857142857403,4450.9,,0.36649214659685164,-0.8062827225133403,0.6596858638740664,0.7329842931937033
RITHMIC_RAW,B_NEXT_OPEN,2026-08-17 09:51:00+00:00,SHORT,2026-08-17 09:51:00+00:00,2026-08-17 09:52:00+00:00,4452.2,1.3428571428572857,4452.2,,1.414893617020855,1.6382978723401158,0.9680851063830112,0.8191489361697193
RITHMIC_RAW,B_NEXT_OPEN,2026-08-17 11:42:00+00:00,SHORT,2026-08-17 11:42:00+00:00,2026-08-17 11:43:00+00:00,4458.4,1.3357142857143376,4458.3,,0.8235294117642653,0.973262032084979,1.4224598930478007,3.743315508021245
RITHMIC_RAW,B_NEXT_OPEN,2026-08-17 14:17:00+00:00,LONG,2026-08-17 14:17:00+00:00,2026-08-17 14:18:00+00:00,4473.3,3.0285714285715324,4473.1,,0.2971698113206244,0.5943396226415492,1.9150943396226359,2.6415094339621734
RITHMIC_RAW,B_NEXT_OPEN,2026-08-17 15:01:00+00:00,LONG,2026-08-17 15:01:00+00:00,2026-08-17 15:02:00+00:00,4473.9,2.3428571428570257,4473.8,,0.5975609756100189,0.7682926829269453,0.93902439024426,2.26219512195141
RITHMIC_RAW,B_NEXT_OPEN,2026-08-17 17:41:00+00:00,SHORT,2026-08-17 17:41:00+00:00,2026-08-17 17:42:00+00:00,4470.5,2.0142857142856365,4470.3,,-0.9432624113473735,-2.0851063829787138,-2.5319148936172997,-1.2411347517730975
RITHMIC_RAW,B_NEXT_OPEN,2026-08-17 18:24:00+00:00,SHORT,2026-08-17 18:24:00+00:00,2026-08-17 18:25:00+00:00,4466.6,1.7285714285713507,4466.8,,0.5785123966942409,0.809917355372253,1.9669421487607348,4.743801652893197
RITHMIC_RAW,B_NEXT_OPEN,2026-08-17 18:27:00+00:00,SHORT,2026-08-17 18:27:00+00:00,2026-08-17 18:28:00+00:00,4465.6,1.9357142857142466,4465.2,,0.9298892988931017,1.8597785977862034,2.6346863468637096,2.8413284132841903
RITHMIC_RAW,B_NEXT_OPEN,2026-08-17 18:29:00+00:00,SHORT,2026-08-17 18:29:00+00:00,2026-08-17 18:30:00+00:00,4463.3,2.0571428571428703,4463.2,,0.6319444444445288,1.3611111111111909,3.2569444444443354,2.5277777777776733
RITHMIC_RAW,B_NEXT_OPEN,2026-08-17 22:58:00+00:00,LONG,2026-08-17 22:58:00+00:00,2026-08-17 22:59:00+00:00,4467.6,0.8642857142856103,4467.6,,0.34710743801572885,0.9256198347100133,1.041322314049291,2.5454545454546413
RITHMIC_RAW,B_NEXT_OPEN,2026-08-17 23:28:00+00:00,LONG,2026-08-17 23:28:00+00:00,2026-08-17 23:29:00+00:00,4476.4,1.4214285714287402,4476.6,,0.14070351758843486,1.1959798994978572,0.6331658291460374,1.2663316582914348
RITHMIC_RAW,B_NEXT_OPEN,2026-08-17 23:37:00+00:00,SHORT,2026-08-17 23:37:00+00:00,2026-08-17 23:38:00+00:00,4477.5,1.3142857142857534,4478.0,,-0.456521739130698,0.684782608695355,-0.15217391304333533,-2.3586956521741196
RITHMIC_RAW,B_NEXT_OPEN,2026-08-18 01:55:00+00:00,SHORT,2026-08-18 01:55:00+00:00,2026-08-18 01:56:00+00:00,4465.3,3.13571428571426,4465.4,,0.09567198177682418,0.2232346241457297,0.2551252847381011,2.232346241457877
RITHMIC_RAW,B_NEXT_OPEN,2026-08-18 02:29:00+00:00,SHORT,2026-08-18 02:29:00+00:00,2026-08-18 02:30:00+00:00,4458.8,1.4357142857141167,4458.7,,1.2537313432838564,0.9054726368161536,4.318407960199386,5.15422885572238
RITHMIC_RAW,B_NEXT_OPEN,2026-08-18 03:18:00+00:00,LONG,2026-08-18 03:18:00+00:00,2026-08-18 03:19:00+00:00,4453.2,1.75,4453.2,,-0.11428571428561034,-0.6857142857141818,-1.3714285714283636,-0.17142857142867537
RITHMIC_RAW,B_NEXT_OPEN,2026-08-18 05:21:00+00:00,SHORT,2026-08-18 05:21:00+00:00,2026-08-18 05:22:00+00:00,4450.8,0.9928571428572468,4450.8,,0.3021582733814465,-0.3021582733814465,0.604316546762893,5.43884892086329
RITHMIC_RAW,B_NEXT_OPEN,2026-08-18 07:28:00+00:00,LONG,2026-08-18 07:28:00+00:00,2026-08-18 07:29:00+00:00,4457.8,1.3785714285714417,4458.0,,0.8704663212433831,0.07253886010323041,-1.0155440414511634,-0.7253886010362626
RITHMIC_RAW,B_NEXT_OPEN,2026-08-18 07:57:00+00:00,LONG,2026-08-18 07:57:00+00:00,2026-08-18 07:58:00+00:00,4452.9,1.050000000000052,4452.5,,-0.7619047619040312,-1.7142857142849364,-1.9047619047618105,-2.7619047619042787
RITHMIC_RAW,B_NEXT_OPEN,2026-08-18 09:02:00+00:00,LONG,2026-08-18 09:02:00+00:00,2026-08-18 09:03:00+00:00,4448.5,1.199999999999948,4449.3,,0.1666666666665223,-0.8333333333333695,-0.9999999999998918,-1.0833333333335318
RITHMIC_RAW,B_NEXT_OPEN,2026-08-18 10:43:00+00:00,SHORT,2026-08-18 10:43:00+00:00,2026-08-18 10:44:00+00:00,4454.5,1.1071428571427921,4454.4,,-0.451612903225833,-0.9935483870971611,-0.8129032258061707,0.1806451612901689
RITHMIC_RAW,B_NEXT_OPEN,2026-08-18 10:48:00+00:00,LONG,2026-08-18 10:48:00+00:00,2026-08-18 10:49:00+00:00,4455.7,1.0285714285714025,4455.4,,-0.38888888888854506,-0.8749999999996685,-1.8472222222219155,-3.5972222222221366
RITHMIC_RAW,B_NEXT_OPEN,2026-08-18 13:05:00+00:00,SHORT,2026-08-18 13:05:00+00:00,2026-08-18 13:06:00+00:00,4451.7,2.5714285714285063,4452.2,,0.7000000000000884,2.2944444444443612,1.6722222222223353,1.0888888888889872
RITHMIC_RAW,B_NEXT_OPEN,2026-08-18 14:01:00+00:00,LONG,2026-08-18 14:01:00+00:00,2026-08-18 14:02:00+00:00,4457.3,3.307142857142935,4457.3,,0.45356371490279707,0.937365010798949,-0.21166306695458365,-0.6954643628510105
RITHMIC_RAW,B_NEXT_OPEN,2026-08-18 14:16:00+00:00,SHORT,2026-08-18 14:16:00+00:00,2026-08-18 14:17:00+00:00,4454.9,3.5785714285713897,4455.0,,0.027944111776294918,-0.8383233532934223,0.36327345309361303,2.1516966067863996
RITHMIC_RAW,B_NEXT_OPEN,2026-08-18 14:54:00+00:00,SHORT,2026-08-18 14:54:00+00:00,2026-08-18 14:55:00+00:00,4435.0,4.049999999999922,4435.4,,-0.9382716049383346,0.5925925925925142,3.135802469135818,3.3086419753086163
RITHMIC_RAW,B_NEXT_OPEN,2026-08-18 19:53:00+00:00,SHORT,2026-08-18 19:53:00+00:00,2026-08-18 19:54:00+00:00,4398.8,2.692857142857195,4399.1,,-0.5570291777188221,0.5941644562335453,0.0,0.48275862068971337
RITHMIC_RAW,B_NEXT_OPEN,2026-08-18 23:27:00+00:00,SHORT,2026-08-18 23:27:00+00:00,2026-08-18 23:28:00+00:00,4384.6,1.8214285714285714,4385.0,,0.8235294117647058,0.6039215686276507,0.9333333333337328,1.8666666666669662
RITHMIC_RAW,B_NEXT_OPEN,2026-08-19 01:47:00+00:00,SHORT,2026-08-19 01:47:00+00:00,2026-08-19 01:48:00+00:00,4407.4,2.3214285714285716,4407.7,,0.6030769230767663,0.2584615384613034,0.6030769230767663,0.30153846153838315
RITHMIC_RAW,B_NEXT_OPEN,2026-08-19 02:14:00+00:00,SHORT,2026-08-19 02:14:00+00:00,2026-08-19 02:15:00+00:00,4407.2,2.057142857143,4407.0,,0.24305555555553868,-1.8472222222221824,-2.527777777777514,-3.0138888888885913
RITHMIC_RAW,B_NEXT_OPEN,2026-08-19 04:33:00+00:00,LONG,2026-08-19 04:33:00+00:00,2026-08-19 04:34:00+00:00,4403.5,1.0357142857142858,4403.9,,-0.48275862068965514,0.0,-2.7999999999996485,-4.055172413792928
RITHMIC_RAW,B_NEXT_OPEN,2026-08-19 08:05:00+00:00,SHORT,2026-08-19 08:05:00+00:00,2026-08-19 08:06:00+00:00,4410.6,1.75,4410.8,,-0.8571428571428571,-0.7428571428567271,-2.9714285714284676,-1.2571428571427532
RITHMIC_RAW,B_NEXT_OPEN,2026-08-19 08:07:00+00:00,LONG,2026-08-19 08:07:00+00:00,2026-08-19 08:08:00+00:00,4411.7,1.9714285714285975,4411.8,,0.10144927536222523,2.0797101449276933,1.7246376811596742,0.10144927536222523
RITHMIC_RAW,B_NEXT_OPEN,2026-08-19 10:14:00+00:00,LONG,2026-08-19 10:14:00+00:00,2026-08-19 10:15:00+00:00,4418.4,1.1785714285713635,4418.4,,0.0848484848487982,3.309090909091555,3.733333333334002,4.242424242424477
RITHMIC_RAW,B_NEXT_OPEN,2026-08-19 10:22:00+00:00,SHORT,2026-08-19 10:22:00+00:00,2026-08-19 10:23:00+00:00,4422.6,1.4642857142857142,4422.7,,-0.34146341463414637,0.6829268292682927,0.4780487804883018,0.4097560975612241
RITHMIC_RAW,B_NEXT_OPEN,2026-08-19 10:34:00+00:00,LONG,2026-08-19 10:34:00+00:00,2026-08-19 10:35:00+00:00,4421.7,1.0857142857144026,4421.9,,0.552631578947644,0.276315789473822,0.0,1.4736842105264922
RITHMIC_RAW,B_NEXT_OPEN,2026-08-19 14:23:00+00:00,LONG,2026-08-19 14:23:00+00:00,2026-08-19 14:24:00+00:00,4536.0,4.2785714285714675,4536.0,,0.14023372287153618,1.5893155258764888,2.1035058430717672,2.9682804674456733
RITHMIC_RAW,B_NEXT_OPEN,2026-08-19 14:37:00+00:00,LONG,2026-08-19 14:37:00+00:00,2026-08-19 14:38:00+00:00,4547.4,3.642857142857013,4547.4,,0.35686274509810184,0.1647058823530469,1.4549019607844156,-1.01568627450979
RITHMIC_RAW,B_NEXT_OPEN,2026-08-19 15:10:00+00:00,LONG,2026-08-19 15:10:00+00:00,2026-08-19 15:11:00+00:00,4541.2,3.100000000000104,4540.9,,-0.3870967741934767,1.0000000000000837,1.3870967741935605,-0.6774193548385109
RITHMIC_RAW,B_NEXT_OPEN,2026-08-19 18:00:00+00:00,LONG,2026-08-19 18:00:00+00:00,2026-08-19 18:01:00+00:00,4547.6,1.4714285714287274,4547.8,,0.8155339805823142,3.46601941747499,0.0,-3.330097087378659
RITHMIC_RAW,B_NEXT_OPEN,2026-08-19 18:30:00+00:00,SHORT,2026-08-19 18:30:00+00:00,2026-08-19 18:31:00+00:00,4532.5,2.657142857142909,4532.6,,0.6021505376345337,-0.9784946236560318,-2.5967741935481996,-6.059139784946256
RITHMIC_RAW,B_NEXT_OPEN,2026-08-19 18:35:00+00:00,SHORT,2026-08-19 18:35:00+00:00,2026-08-19 18:36:00+00:00,4539.3,3.0928571428572207,4539.4,,0.4203233256351522,0.12933025404174361,-2.036951501154742,-3.5565819861430974
RITHMIC_RAW,B_NEXT_OPEN,2026-08-19 19:39:00+00:00,SHORT,2026-08-19 19:39:00+00:00,2026-08-19 19:40:00+00:00,4563.7,2.0642857142858184,4563.7,,0.04844290657412767,0.5813148788926161,-0.38754325259522426,-2.3737024221454734
RITHMIC_RAW,B_NEXT_OPEN,2026-08-20 00:46:00+00:00,SHORT,2026-08-20 00:46:00+00:00,2026-08-20 00:47:00+00:00,4563.7,2.0714285714285063,4564.2,,-0.3862068965518241,-0.5793103448275166,0.3379310344826814,2.6551724137931867
RITHMIC_RAW,B_NEXT_OPEN,2026-08-20 01:48:00+00:00,LONG,2026-08-20 01:48:00+00:00,2026-08-20 01:49:00+00:00,4550.6,2.5214285714285842,4550.6,,-1.2294617563740757,-1.6260623229463116,-2.6572237960342693,1.665722379603319
RITHMIC_RAW,B_NEXT_OPEN,2026-08-20 03:18:00+00:00,SHORT,2026-08-20 03:18:00+00:00,2026-08-20 03:19:00+00:00,4548.6,1.7357142857142986,4548.7,,-0.7489711934152131,-0.8065843621397021,-1.9012345679008011,-2.8230452674894813
RITHMIC_RAW,B_NEXT_OPEN,2026-08-20 03:52:00+00:00,SHORT,2026-08-20 03:52:00+00:00,2026-08-20 03:53:00+00:00,4557.6,1.2928571428572337,4557.1,,0.3093922651937705,-0.23204419889444852,-0.07734806629791502,2.707182320441799
RITHMIC_RAW,B_NEXT_OPEN,2026-08-20 04:03:00+00:00,SHORT,2026-08-20 04:03:00+00:00,2026-08-20 04:04:00+00:00,4553.6,1.3785714285713115,4553.6,,0.3626943005181655,-0.2901554404142685,-0.9430051813467025,0.0
RITHMIC_RAW,B_NEXT_OPEN,2026-08-20 05:55:00+00:00,LONG,2026-08-20 05:55:00+00:00,2026-08-20 05:56:00+00:00,4536.6,1.3285714285715196,4536.2,,-0.22580645161302468,1.881720430107398,0.5268817204299345,9.63440860214933
RITHMIC_RAW,B_NEXT_OPEN,2026-08-20 06:30:00+00:00,LONG,2026-08-20 06:30:00+00:00,2026-08-20 06:31:00+00:00,4551.4,1.6857142857141167,4551.4,,0.355932203390082,-0.5932203389831103,0.6525423728816372,0.711864406780164
RITHMIC_RAW,B_NEXT_OPEN,2026-08-20 08:32:00+00:00,SHORT,2026-08-20 08:32:00+00:00,2026-08-20 08:33:00+00:00,4544.8,1.9785714285712857,4544.9,,-0.7581227436823652,-3.032490974729461,-3.436823104693481,-0.15162454873656497
RITHMIC_RAW,B_NEXT_OPEN,2026-08-20 09:54:00+00:00,LONG,2026-08-20 09:54:00+00:00,2026-08-20 09:55:00+00:00,4540.6,1.7714285714285845,4540.6,,-0.7903225806454636,-0.6209677419356847,-0.3387096774195577,3.1048387096773964
RITHMIC_RAW,B_NEXT_OPEN,2026-08-20 09:56:00+00:00,LONG,2026-08-20 09:56:00+00:00,2026-08-20 09:57:00+00:00,4539.3,1.600000000000104,4539.2,,0.1249999999998782,0.4374999999998579,-0.2500000000003248,3.812499999999411
RITHMIC_RAW,B_NEXT_OPEN,2026-08-20 09:57:00+00:00,SHORT,2026-08-20 09:57:00+00:00,2026-08-20 09:58:00+00:00,4539.7,1.5500000000001168,4539.5,,-0.7096774193550199,0.2580645161287781,0.12903225806438906,-3.870967741935192
RITHMIC_RAW,B_NEXT_OPEN,2026-08-20 10:37:00+00:00,LONG,2026-08-20 10:37:00+00:00,2026-08-20 10:38:00+00:00,4549.6,1.700000000000078,4549.6,,-1.1176470588237992,-1.5294117647060264,-1.4117647058826093,-2.1176470588236462
RITHMIC_RAW,B_NEXT_OPEN,2026-08-20 12:03:00+00:00,SHORT,2026-08-20 12:03:00+00:00,2026-08-20 12:04:00+00:00,4515.1,3.0642857142856883,4514.9,,0.48951048951049364,2.6433566433567846,1.1748251748253036,-1.7622377622376584
RITHMIC_RAW,B_NEXT_OPEN,2026-08-20 14:01:00+00:00,SHORT,2026-08-20 14:01:00+00:00,2026-08-20 14:02:00+00:00,4544.2,3.49999999999987,4544.3,,0.3714285714286372,1.6571428571429707,1.6285714285714372,0.25714285714276275
RITHMIC_RAW,B_NEXT_OPEN,2026-08-20 14:14:00+00:00,SHORT,2026-08-20 14:14:00+00:00,2026-08-20 14:15:00+00:00,4541.0,3.399999999999896,4541.0,,-0.44117647058824877,-0.6764705882353683,0.8823529411764975,-1.8823529411764213
RITHMIC_RAW,B_NEXT_OPEN,2026-08-20 18:51:00+00:00,LONG,2026-08-20 18:51:00+00:00,2026-08-20 18:52:00+00:00,4579.0,1.2857142857142208,4579.1,,1.0111111111113036,1.4777777777775696,1.088888888888661,0.3111111111108439
RITHMIC_RAW,B_NEXT_OPEN,2026-08-20 18:53:00+00:00,LONG,2026-08-20 18:53:00+00:00,2026-08-20 18:54:00+00:00,4580.2,1.3142857142856232,4580.2,,0.5326086956520724,0.1521739130433504,-1.3695652173915376,1.141304347826166
RITHMIC_RAW,B_NEXT_OPEN,2026-08-20 20:00:00+00:00,SHORT,2026-08-20 20:00:00+00:00,2026-08-20 20:01:00+00:00,4584.5,2.0071428571428833,4584.7,,0.946619217081657,0.19928825622757415,0.5480427046265086,3.2882562277581453
RITHMIC_RAW,B_NEXT_OPEN,2026-08-21 00:27:00+00:00,SHORT,2026-08-21 00:27:00+00:00,2026-08-21 00:28:00+00:00,4574.8,2.157142857142909,4575.3,,-0.32450331125818604,1.854304635761545,1.6688741721855591,3.1523178807947105
RITHMIC_RAW,B_NEXT_OPEN,2026-08-21 01:44:00+00:00,SHORT,2026-08-21 01:44:00+00:00,2026-08-21 01:45:00+00:00,4582.6,3.7928571428572337,4582.4,,-0.18455743879467454,-1.2919020715629617,-1.3446327683614059,-1.1600753295667312
RITHMIC_RAW,B_NEXT_OPEN,2026-08-21 02:18:00+00:00,SHORT,2026-08-21 02:18:00+00:00,2026-08-21 02:19:00+00:00,4577.3,2.392857142857143,4577.3,,-0.3761194029849226,-0.7104477611939538,-2.2567164179102956,-1.7134328358206674
RITHMIC_RAW,B_NEXT_OPEN,2026-08-21 02:59:00+00:00,LONG,2026-08-21 02:59:00+00:00,2026-08-21 03:00:00+00:00,4590.0,2.3785714285715067,4590.0,,-0.12612612612619845,1.1351351351350214,-0.2102102102102033,-0.4624624624626002
RITHMIC_RAW,B_NEXT_OPEN,2026-08-21 03:03:00+00:00,SHORT,2026-08-21 03:03:00+00:00,2026-08-21 03:04:00+00:00,4592.5,2.6357142857143896,4592.6,,1.1382113821137763,1.0243902439023296,0.4932249322493721,0.8346883468833669
RITHMIC_RAW,B_NEXT_OPEN,2026-08-21 05:11:00+00:00,SHORT,2026-08-21 05:11:00+00:00,2026-08-21 05:12:00+00:00,4591.9,1.4071428571428442,4591.5,,-0.07106598984797492,-1.2081218274116958,0.7817258883244925,2.9847715736039593
RITHMIC_RAW,B_NEXT_OPEN,2026-08-21 08:00:00+00:00,LONG,2026-08-21 08:00:00+00:00,2026-08-21 08:01:00+00:00,4621.9,2.207142857142896,4622.0,,-0.09061488673130758,-1.0873786407765151,-1.7216828478960802,-0.13592233009675533
RITHMIC_RAW,B_NEXT_OPEN,2026-08-21 08:24:00+00:00,SHORT,2026-08-21 08:24:00+00:00,2026-08-21 08:25:00+00:00,4634.4,2.664285714285857,4634.5,,-1.1635388739947121,-1.2386058981233263,-0.8632707774799148,-0.7882037533513007
RITHMIC_RAW,B_NEXT_OPEN,2026-08-21 08:42:00+00:00,SHORT,2026-08-21 08:42:00+00:00,2026-08-21 08:43:00+00:00,4639.2,2.1428571428572076,4639.3,,-0.14000000000008064,0.4199999999998175,-0.5133333333334876,-0.2800000000001613
RITHMIC_RAW,B_NEXT_OPEN,2026-08-21 08:58:00+00:00,LONG,2026-08-21 08:58:00+00:00,2026-08-21 08:59:00+00:00,4639.6,1.592857142857026,4639.4,,0.8789237668159796,1.5067264573989854,0.2511210762329739,10.9865470852026
RITHMIC_RAW,B_NEXT_OPEN,2026-08-21 11:53:00+00:00,SHORT,2026-08-21 11:53:00+00:00,2026-08-21 11:54:00+00:00,4653.4,2.107142857142857,4653.5,,-0.711864406779661,-0.6644067796612759,-0.42711864406805555,0.2847457627116054
RITHMIC_RAW,B_NEXT_OPEN,2026-08-21 12:39:00+00:00,SHORT,2026-08-21 12:39:00+00:00,2026-08-21 12:40:00+00:00,4621.8,3.464285714285649,4621.8,,-0.4329896907216576,-2.1938144329895746,-2.5113402061855616,-4.272164948453741
RITHMIC_RAW,B_NEXT_OPEN,2026-08-21 12:46:00+00:00,SHORT,2026-08-21 12:46:00+00:00,2026-08-21 12:47:00+00:00,4633.1,3.592857142857091,4633.5,,-0.36182902584473314,-0.8906560636182524,-0.9463220675943458,-1.6143141153079719
RITHMIC_RAW,B_NEXT_OPEN,2026-08-21 12:56:00+00:00,LONG,2026-08-21 12:56:00+00:00,2026-08-21 12:57:00+00:00,4634.9,2.5714285714285716,4635.1,,-0.7388888888887474,-0.07777777777770703,1.5555555555555554,2.5277777777777777
RITHMIC_RAW,B_NEXT_OPEN,2026-08-21 13:59:00+00:00,SHORT,2026-08-21 13:59:00+00:00,2026-08-21 14:00:00+00:00,4638.0,3.492857142857052,4638.3,,0.05725971370138091,-1.7177914110429895,-2.2331288343559383,-2.376278118609521
RITHMIC_RAW,B_NEXT_OPEN,2026-08-21 14:22:00+00:00,SHORT,2026-08-21 14:22:00+00:00,2026-08-21 14:23:00+00:00,4652.0,2.357142857142987,4652.2,,-0.5515151515151984,-1.6969696969696035,-2.757575757575606,4.242424242424009
RITHMIC_RAW,B_NEXT_OPEN,2026-08-21 14:26:00+00:00,LONG,2026-08-21 14:26:00+00:00,2026-08-21 14:27:00+00:00,4655.2,2.3142857142858833,4655.5,,1.4259259259259005,1.9444444444443025,0.9074074074074984,-5.055555555555108
RITHMIC_RAW,B_NEXT_OPEN,2026-08-21 15:25:00+00:00,SHORT,2026-08-21 15:25:00+00:00,2026-08-21 15:26:00+00:00,4658.7,2.742857142857052,4658.9,,0.25520833333327547,-1.3854166666667789,0.07291666666660276,-2.22395833333354
RITHMIC_RAW,B_NEXT_OPEN,2026-08-21 16:52:00+00:00,LONG,2026-08-21 16:52:00+00:00,2026-08-21 16:53:00+00:00,4682.7,1.8500000000001688,4682.5,,0.8108108108107368,1.0270270270272284,1.243243243243228,2.648648648648702
RITHMIC_RAW,B_NEXT_OPEN,2026-08-21 16:56:00+00:00,LONG,2026-08-21 16:56:00+00:00,2026-08-21 16:57:00+00:00,4684.1,1.6642857142857923,4684.3,,0.5407725321885972,1.5021459227467107,1.261802575106909,1.8626609442055935
RITHMIC_RAW,B_NEXT_OPEN,2026-08-21 17:49:00+00:00,LONG,2026-08-21 17:49:00+00:00,2026-08-21 17:50:00+00:00,4677.0,1.935714285714052,4676.2,,0.5166051660517229,0.15498154981561085,0.4132841328414723,3.8228782287825616
RITHMIC_RAW,B_NEXT_OPEN,2026-08-23 23:00:00+00:00,LONG,2026-08-23 23:00:00+00:00,2026-08-23 23:01:00+00:00,4663.5,1.3928571428572079,4663.3,,-0.4307692307694719,1.3641025641022393,-0.07179487179512964,0.5743589743590781
RITHMIC_RAW,B_NEXT_OPEN,2026-08-24 00:38:00+00:00,SHORT,2026-08-24 00:38:00+00:00,2026-08-24 00:39:00+00:00,4660.0,5.614285714285805,4660.6,,0.26717557251907964,-0.4452926208651327,-0.5521628498728294,-2.3689567430025384
RITHMIC_RAW,B_NEXT_OPEN,2026-08-24 01:26:00+00:00,SHORT,2026-08-24 01:26:00+00:00,2026-08-24 01:27:00+00:00,4671.9,3.7857142857142856,4671.5,,-0.21132075471702919,0.1320754716981132,1.769811320754669,1.1622641509433003
RITHMIC_RAW,B_NEXT_OPEN,2026-08-24 02:22:00+00:00,SHORT,2026-08-24 02:22:00+00:00,2026-08-24 02:23:00+00:00,4709.2,3.514285714285831,4709.4,,-0.42682926829266876,-0.17073170731717102,0.5691056910568917,-0.0284552845529481
RITHMIC_RAW,B_NEXT_OPEN,2026-08-24 06:58:00+00:00,LONG,2026-08-24 06:58:00+00:00,2026-08-24 06:59:00+00:00,4706.2,2.328571428571325,4706.3,,0.21472392638037766,-0.8588957055215106,-0.6871165644169742,-1.374233128834339
RITHMIC_RAW,B_NEXT_OPEN,2026-08-24 11:53:00+00:00,LONG,2026-08-24 11:53:00+00:00,2026-08-24 11:54:00+00:00,4712.0,4.642857142857208,4712.0,,0.9907692307692952,0.7323076923076036,0.3661538461538018,-0.043076923076883294
RITHMIC_RAW,B_NEXT_OPEN,2026-08-24 13:25:00+00:00,LONG,2026-08-24 13:25:00+00:00,2026-08-24 13:26:00+00:00,4727.7,3.1928571428571297,4728.0,,0.5637583892618042,1.0022371364652716,1.816554809843465,0.5324384787471488
RITHMIC_RAW,B_NEXT_OPEN,2026-08-24 14:07:00+00:00,SHORT,2026-08-24 14:07:00+00:00,2026-08-24 14:08:00+00:00,4723.0,4.157142857142974,4722.7,,-0.12027491408934371,-1.2989690721648244,0.36082474226803113,-0.33676975945007487
RITHMIC_RAW,B_NEXT_OPEN,2026-08-24 14:10:00+00:00,SHORT,2026-08-24 14:10:00+00:00,2026-08-24 14:11:00+00:00,4728.9,4.028571428571532,4728.4,,1.9609929078012776,1.414893617021195,2.432624113474934,1.3652482269503194
RITHMIC_RAW,B_NEXT_OPEN,2026-08-24 15:30:00+00:00,SHORT,2026-08-24 15:30:00+00:00,2026-08-24 15:31:00+00:00,4732.5,2.7285714285713505,4732.8,,0.40314136125668937,0.43979057591617626,0.9162303664921728,7.40314136125669
RITHMIC_RAW,B_NEXT_OPEN,2026-08-24 17:50:00+00:00,LONG,2026-08-24 17:50:00+00:00,2026-08-24 17:51:00+00:00,4694.9,1.9642857142857142,4695.0,,-0.7127272727270876,-1.832727272726995,-2.39272727272718,0.5600000000001852
RITHMIC_RAW,B_NEXT_OPEN,2026-08-24 18:00:00+00:00,SHORT,2026-08-24 18:00:00+00:00,2026-08-24 18:01:00+00:00,4692.6,2.2928571428572337,4692.9,,-0.3925233644858071,-1.3520249221180884,-1.4828660436134897,1.1339563862929487
RITHMIC_RAW,B_NEXT_OPEN,2026-08-25 01:17:00+00:00,SHORT,2026-08-25 01:17:00+00:00,2026-08-25 01:18:00+00:00,4732.3,3.942857142857195,4732.9,,-0.6847826086955969,0.1775362318840095,0.48188405797114653,0.659420289855156
RITHMIC_RAW,B_NEXT_OPEN,2026-08-25 01:21:00+00:00,LONG,2026-08-25 01:21:00+00:00,2026-08-25 01:22:00+00:00,4733.1,3.4357142857143117,4733.3,,-0.7858627858629917,-2.7941787941788787,-3.056133056133033,-1.1060291060291505
RITHMIC_RAW,B_NEXT_OPEN,2026-08-25 01:57:00+00:00,SHORT,2026-08-25 01:57:00+00:00,2026-08-25 01:58:00+00:00,4718.9,3.600000000000169,4719.4,,1.111111111111059,0.9166666666664216,1.805555555555471,6.22222222222183
RITHMIC_RAW,B_NEXT_OPEN,2026-08-25 02:10:00+00:00,SHORT,2026-08-25 02:10:00+00:00,2026-08-25 02:11:00+00:00,4700.8,4.664285714285792,4701.0,,-0.15007656967836586,1.2649310872895294,0.5145482388975051,-2.143950995405784
RITHMIC_RAW,B_NEXT_OPEN,2026-08-25 02:56:00+00:00,SHORT,2026-08-25 02:56:00+00:00,2026-08-25 02:57:00+00:00,4682.0,6.2928571428571685,4682.2,,0.23836549375709323,-0.5561861520998842,-0.30192962542559365,-1.5414301929625074
RITHMIC_RAW,B_NEXT_OPEN,2026-08-25 03:04:00+00:00,LONG,2026-08-25 03:04:00+00:00,2026-08-25 03:05:00+00:00,4679.8,4.985714285714233,4679.5,,1.0028653295129044,2.3868194842406396,2.2263610315185387,2.2664756446992005
RITHMIC_RAW,B_NEXT_OPEN,2026-08-25 05:10:00+00:00,SHORT,2026-08-25 05:10:00+00:00,2026-08-25 05:11:00+00:00,4692.1,2.2642857142856365,4692.1,,-0.6182965299683149,-0.7949526813877186,-1.7665615141956443,-3.6656151419556404
RITHMIC_RAW,B_NEXT_OPEN,2026-08-25 05:32:00+00:00,LONG,2026-08-25 05:32:00+00:00,2026-08-25 05:33:00+00:00,4696.9,2.0857142857142077,4696.6,,0.8150684931510642,2.4452054794523206,1.5821917808220642,0.4794520547945385
RITHMIC_RAW,B_NEXT_OPEN,2026-08-25 05:40:00+00:00,LONG,2026-08-25 05:40:00+00:00,2026-08-25 05:41:00+00:00,4698.3,2.49999999999987,4698.1,,-0.5200000000000998,-1.4800000000000042,-0.7200000000001102,0.2399999999997942
RITHMIC_RAW,B_NEXT_OPEN,2026-08-25 07:31:00+00:00,SHORT,2026-08-25 07:31:00+00:00,2026-08-25 07:32:00+00:00,4694.0,1.9714285714285975,4694.4,,0.8115942028987245,1.318840579710312,1.673913043478331,-0.7608695652173812
RITHMIC_RAW,B_NEXT_OPEN,2026-08-25 08:11:00+00:00,SHORT,2026-08-25 08:11:00+00:00,2026-08-25 08:12:00+00:00,4680.0,2.5285714285714027,4680.1,,-0.5536723163840426,-1.2259887005651282,-1.7401129943501563,-5.220338983050829
RITHMIC_RAW,B_NEXT_OPEN,2026-08-25 09:44:00+00:00,LONG,2026-08-25 09:44:00+00:00,2026-08-25 09:45:00+00:00,4692.7,3.699999999999948,4692.9,,0.4324324324325368,-0.05405405405400565,0.9729729729730849,-0.27027027027027406
RITHMIC_RAW,B_NEXT_OPEN,2026-08-25 10:51:00+00:00,LONG,2026-08-25 10:51:00+00:00,2026-08-25 10:52:00+00:00,4694.0,1.6571428571428442,4693.8,,0.9655172413795374,1.810344827586221,1.6896551724139162,0.5431034482756468
RITHMIC_RAW,B_NEXT_OPEN,2026-08-25 11:11:00+00:00,LONG,2026-08-25 11:11:00+00:00,2026-08-25 11:12:00+00:00,4696.3,1.9357142857142466,4696.8,,0.20664206642048044,1.136531365313582,0.6199261992619112,0.41328413284143073
RITHMIC_RAW,B_NEXT_OPEN,2026-08-25 11:12:00+00:00,LONG,2026-08-25 11:12:00+00:00,2026-08-25 11:13:00+00:00,4696.4,1.942857142857065,4696.7,,0.0,1.0294117647059235,0.7720588235294428,-0.5147058823529618
RITHMIC_RAW,B_NEXT_OPEN,2026-08-25 14:11:00+00:00,SHORT,2026-08-25 14:11:00+00:00,2026-08-25 14:12:00+00:00,4679.2,4.5214285714286495,4679.1,,-0.42022116903644835,0.22116903633490928,0.3538704581357342,-0.9952606635070919
RITHMIC_RAW,B_NEXT_OPEN,2026-08-25 15:41:00+00:00,SHORT,2026-08-25 15:41:00+00:00,2026-08-25 15:42:00+00:00,4713.9,3.7857142857140906,4714.3,,-0.0264150943397201,0.2113207547167998,0.36981132075463996,1.3207547169812002
RITHMIC_RAW,B_NEXT_OPEN,2026-08-25 15:48:00+00:00,LONG,2026-08-25 15:48:00+00:00,2026-08-25 15:49:00+00:00,4709.3,3.007142857142753,4708.9,,-0.3657957244656918,-0.43230403800482603,-0.43230403800482603,-1.0641330166270546
RITHMIC_RAW,B_NEXT_OPEN,2026-08-25 16:30:00+00:00,LONG,2026-08-25 16:30:00+00:00,2026-08-25 16:31:00+00:00,4698.0,2.4285714285714937,4697.6,,0.08235294117639348,-0.41176470588234193,-0.6588235294118968,0.4941176470587354
RITHMIC_RAW,B_NEXT_OPEN,2026-08-25 19:35:00+00:00,SHORT,2026-08-25 19:35:00+00:00,2026-08-25 19:36:00+00:00,4715.8,1.5785714285713897,4716.0,,-0.1266968325790734,-0.06334841628924863,-0.38009049773722026,-3.230769230768965
RITHMIC_RAW,B_NEXT_OPEN,2026-08-25 19:53:00+00:00,LONG,2026-08-25 19:53:00+00:00,2026-08-25 19:54:00+00:00,4723.2,2.078571428571325,4722.9,,-0.5773195876288073,-1.4914089347077157,0.048109965635916255,0.048109965635916255
RITHMIC_RAW,B_NEXT_OPEN,2026-08-26 03:19:00+00:00,LONG,2026-08-26 03:19:00+00:00,2026-08-26 03:20:00+00:00,4704.5,1.6285714285714417,4704.4,,0.36842105263179936,1.9035087719300325,0.92105263157894,1.4122807017544863
RITHMIC_RAW,B_NEXT_OPEN,2026-08-26 06:11:00+00:00,SHORT,2026-08-26 06:11:00+00:00,2026-08-26 06:12:00+00:00,4694.1,1.907142857142779,4694.1,,-0.47191011235937913,-0.052434456928554966,2.2022471910117076,4.771535580524731
RITHMIC_RAW,B_NEXT_OPEN,2026-08-26 07:53:00+00:00,SHORT,2026-08-26 07:53:00+00:00,2026-08-26 07:54:00+00:00,4684.0,1.8214285714285714,4684.1,,-0.27450980392156865,0.3294117647060821,-0.6588235294116649,0.05490196078451346
RITHMIC_RAW,B_NEXT_OPEN,2026-08-26 09:11:00+00:00,SHORT,2026-08-26 09:11:00+00:00,2026-08-26 09:12:00+00:00,4682.3,2.107142857142857,4681.8,,-0.42711864406762395,0.9491525423728814,1.9932203389829644,4.318644067796782
RITHMIC_RAW,B_NEXT_OPEN,2026-08-26 09:36:00+00:00,LONG,2026-08-26 09:36:00+00:00,2026-08-26 09:37:00+00:00,4676.3,1.8142857142857534,4676.3,,-0.11023622047233832,-0.22047244094517793,0.0,2.4251968503934482
RITHMIC_RAW,B_NEXT_OPEN,2026-08-26 10:29:00+00:00,LONG,2026-08-26 10:29:00+00:00,2026-08-26 10:30:00+00:00,4671.2,1.5928571428570908,4670.8,,-0.3139013452914901,1.7578475336324586,2.6367713004484026,4.457399103139387
RITHMIC_RAW,B_NEXT_OPEN,2026-08-26 10:48:00+00:00,LONG,2026-08-26 10:48:00+00:00,2026-08-26 10:49:00+00:00,4679.3,1.2214285714286623,4679.6,,0.16374269005831843,0.24561403508784993,-1.1461988304097182,-1.6374269005846733
RITHMIC_RAW,B_NEXT_OPEN,2026-08-26 11:16:00+00:00,LONG,2026-08-26 11:16:00+00:00,2026-08-26 11:17:00+00:00,4675.8,1.2357142857142338,4676.1,,0.4046242774566644,1.7803468208091762,-0.9710982658958474,1.8612716763008035
RITHMIC_RAW,B_NEXT_OPEN,2026-08-26 13:13:00+00:00,LONG,2026-08-26 13:13:00+00:00,2026-08-26 13:14:00+00:00,4665.5,4.564285714285688,4664.8,,0.17527386541475135,-1.1173708920188654,-0.2629107981220274,-0.10954616588419468
RITHMIC_RAW,B_NEXT_OPEN,2026-08-26 13:17:00+00:00,SHORT,2026-08-26 13:17:00+00:00,2026-08-26 13:18:00+00:00,4661.8,4.464285714285585,4661.8,,-0.5600000000000163,-0.5375999999999341,-0.3135999999999276,-1.5008000000000028
RITHMIC_RAW,B_NEXT_OPEN,2026-08-26 14:58:00+00:00,SHORT,2026-08-26 14:58:00+00:00,2026-08-26 14:59:00+00:00,4662.7,3.3785714285714414,4662.4,,1.3319238900634198,1.5983086680759961,2.042283298097136,5.031712473572919
RITHMIC_RAW,B_NEXT_OPEN,2026-08-26 17:31:00+00:00,SHORT,2026-08-26 17:31:00+00:00,2026-08-26 17:32:00+00:00,4653.5,1.992857142857117,4653.6,,-0.7025089605733033,-1.405017921147063,1.0537634408604113,0.4516129032256298
RITHMIC_RAW,B_NEXT_OPEN,2026-08-26 18:06:00+00:00,SHORT,2026-08-26 18:06:00+00:00,2026-08-26 18:07:00+00:00,4658.0,1.6357142857143248,4658.0,,0.5502183406111182,0.0,-0.4890829694324139,5.379912663755442
RITHMIC_RAW,B_NEXT_OPEN,2026-08-26 22:04:00+00:00,SHORT,2026-08-26 22:04:00+00:00,2026-08-26 22:05:00+00:00,4656.6,1.9857142857140389,4656.7,,-0.45323741007181556,-1.0071942446044417,-0.9064748201436311,-4.12949640287812
RITHMIC_RAW,B_NEXT_OPEN,2026-08-27 00:47:00+00:00,SHORT,2026-08-27 00:47:00+00:00,2026-08-27 00:48:00+00:00,4662.3,2.6357142857143248,4662.4,,-0.4173441734415212,0.7588075880758696,2.2005420054200906,-0.07588075880751793
RITHMIC_RAW,B_NEXT_OPEN,2026-08-27 01:12:00+00:00,LONG,2026-08-27 01:12:00+00:00,2026-08-27 01:13:00+00:00,4674.4,3.5571428571426753,4674.4,,0.42168674698797337,0.7871485943776014,-0.7309236947790004,0.028112449799300495
RITHMIC_RAW,B_NEXT_OPEN,2026-08-27 04:20:00+00:00,LONG,2026-08-27 04:20:00+00:00,2026-08-27 04:21:00+00:00,4678.1,0.8714285714285585,4678.1,,-0.11475409836107492,-0.459016393443256,0.0,-5.163934426229585
RITHMIC_RAW,B_NEXT_OPEN,2026-08-27 05:09:00+00:00,SHORT,2026-08-27 05:09:00+00:00,2026-08-27 05:10:00+00:00,4674.1,1.250000000000065,4674.4,,-1.1199999999996506,-0.7199999999996715,0.16000000000057374,-0.47999999999953846
RITHMIC_RAW,B_NEXT_OPEN,2026-08-27 07:34:00+00:00,SHORT,2026-08-27 07:34:00+00:00,2026-08-27 07:35:00+00:00,4650.3,2.0785714285714545,4650.2,,0.3848797250859934,-0.0481099656354757,0.0,-0.48109965635738233
RITHMIC_RAW,B_NEXT_OPEN,2026-08-27 09:38:00+00:00,SHORT,2026-08-27 09:38:00+00:00,2026-08-27 09:39:00+00:00,4637.2,3.407142857143039,4636.3,,-0.11740041928736564,0.6457023060795767,0.20545073375255618,0.3815513626834712
RITHMIC_RAW,B_NEXT_OPEN,2026-08-27 09:39:00+00:00,SHORT,2026-08-27 09:39:00+00:00,2026-08-27 09:40:00+00:00,4637.7,3.414285714285857,4637.6,,0.439330543933036,0.4686192468617453,0.7029288702927511,0.7322175732217266
RITHMIC_RAW,B_NEXT_OPEN,2026-08-27 10:50:00+00:00,LONG,2026-08-27 10:50:00+00:00,2026-08-27 10:51:00+00:00,4640.5,1.9857142857144285,4640.4,,0.45323741007172663,0.6546762589928503,0.7050359712227877,1.0071942446042441
RITHMIC_RAW,B_NEXT_OPEN,2026-08-27 16:30:00+00:00,SHORT,2026-08-27 16:30:00+00:00,2026-08-27 16:31:00+00:00,4660.7,1.6214285714286234,4661.0,,-0.6167400881057071,-1.1718061674011802,-1.04845814977959,-4.317180616739949
RITHMIC_RAW,B_NEXT_OPEN,2026-08-27 19:12:00+00:00,LONG,2026-08-27 19:12:00+00:00,2026-08-27 19:13:00+00:00,4670.0,1.8428571428571558,4670.3,,-0.4341085271318786,-2.1162790697672293,-2.7131782945736242,-5.914728682170304
RITHMIC_RAW,B_NEXT_OPEN,2026-08-27 22:01:00+00:00,SHORT,2026-08-27 22:01:00+00:00,2026-08-27 22:02:00+00:00,4659.7,1.757142857142883,4659.3,,1.3089430894309786,2.6747967479673367,2.4471544715447826,0.796747967479456
RITHMIC_RAW,B_NEXT_OPEN,2026-08-28 00:12:00+00:00,SHORT,2026-08-28 00:12:00+00:00,2026-08-28 00:13:00+00:00,4654.8,1.9714285714284026,4654.8,,0.30434782608716715,1.9782608695656636,3.4492753623192285,5.376811594203543
RITHMIC_RAW,B_NEXT_OPEN,2026-08-28 02:12:00+00:00,LONG,2026-08-28 02:12:00+00:00,2026-08-28 02:13:00+00:00,4631.4,1.5928571428570908,4632.3,,1.632286995515977,1.0044843049329966,0.753363228700033,3.139013452914901
RITHMIC_RAW,B_NEXT_OPEN,2026-08-28 02:48:00+00:00,LONG,2026-08-28 02:48:00+00:00,2026-08-28 02:49:00+00:00,4636.5,1.7071428571428962,4635.6,,1.4644351464434813,1.7573221757321775,1.3472803347281093,0.9372384937240411
RITHMIC_RAW,B_NEXT_OPEN,2026-08-28 06:27:00+00:00,SHORT,2026-08-28 06:27:00+00:00,2026-08-28 06:28:00+00:00,4636.3,1.7428571428573119,4636.9,,-0.11475409836054024,-0.516393442622692,-0.0573770491800092,-0.9180327868848438
RITHMIC_RAW,B_NEXT_OPEN,2026-08-28 06:36:00+00:00,SHORT,2026-08-28 06:36:00+00:00,2026-08-28 06:37:00+00:00,4638.2,1.6142857142858051,4638.4,,-0.371681415929408,-0.24778761061979312,0.12389380530961486,-11.150442477875478
RITHMIC_RAW,B_NEXT_OPEN,2026-08-28 06:40:00+00:00,LONG,2026-08-28 06:40:00+00:00,2026-08-28 06:41:00+00:00,4638.1,1.5785714285715196,4638.0,,-0.06334841628981958,0.8235294117641975,3.230769230768699,13.683257918550902
RITHMIC_RAW,B_NEXT_OPEN,2026-08-28 09:34:00+00:00,SHORT,2026-08-28 09:34:00+00:00,2026-08-28 09:35:00+00:00,4656.1,1.592857142857026,4656.0,,0.12556053811705792,0.0,-0.7533632286994927,-1.1928251121074824
RITHMIC_RAW,B_NEXT_OPEN,2026-08-28 09:43:00+00:00,LONG,2026-08-28 09:43:00+00:00,2026-08-28 09:44:00+00:00,4657.8,1.7142857142856494,4657.7,,-0.05833333333354776,0.0,0.29166666666667773,0.6999999999999204
RITHMIC_RAW,B_NEXT_OPEN,2026-08-28 10:31:00+00:00,LONG,2026-08-28 10:31:00+00:00,2026-08-28 10:32:00+00:00,4660.4,1.3285714285714545,4660.3,,-0.4516129032253869,0.15053763440914686,-1.2795698924729564,-4.591397849461865
RITHMIC_RAW,B_NEXT_OPEN,2026-08-28 10:34:00+00:00,SHORT,2026-08-28 10:34:00+00:00,2026-08-28 10:35:00+00:00,4660.5,1.1999999999998832,4660.6,,1.5000000000002975,1.8333333333333603,2.9166666666669507,5.166666666667018
RITHMIC_RAW,B_NEXT_OPEN,2026-08-28 11:36:00+00:00,LONG,2026-08-28 11:36:00+00:00,2026-08-28 11:37:00+00:00,4650.0,1.1142857142856104,4649.8,,0.0897435897439246,-3.5,-4.038461538461915,-1.5256410256410047
RITHMIC_RAW,B_NEXT_OPEN,2026-08-28 11:37:00+00:00,LONG,2026-08-28 11:37:00+00:00,2026-08-28 11:38:00+00:00,4649.8,1.099999999999909,4650.1,,-1.9090909090913977,-4.727272727272953,-2.818181818182382,-3.0909090909098427
RITHMIC_RAW,B_NEXT_OPEN,2026-08-28 18:17:00+00:00,LONG,2026-08-28 18:17:00+00:00,2026-08-28 18:18:00+00:00,4508.9,3.63571428571413,4509.6,,0.2750491159135678,0.9351669941062806,0.880157170923617,-1.5127701375246227
RITHMIC_RAW,B_NEXT_OPEN,2026-08-31 00:01:00+00:00,LONG,2026-08-31 00:01:00+00:00,2026-08-31 00:02:00+00:00,4509.3,3.8285714285712595,4509.7,,-1.0970149253731352,-0.5223880597015156,-0.20895522388065374,0.6529850746268945
RITHMIC_RAW,B_NEXT_OPEN,2026-08-31 01:43:00+00:00,LONG,2026-08-31 01:43:00+00:00,2026-08-31 01:44:00+00:00,4501.6,4.599999999999909,4501.6,,-0.30434782608708116,-0.41304347826099636,-3.021739130434961,-2.5000000000000493
RITHMIC_RAW,B_NEXT_OPEN,2026-08-31 02:36:00+00:00,LONG,2026-08-31 02:36:00+00:00,2026-08-31 02:37:00+00:00,4457.5,4.107142857142857,4457.6,,0.48695652173913045,0.0243478260870451,-1.266086956521695,1.1443478260869124
RITHMIC_RAW,B_NEXT_OPEN,2026-08-31 06:36:00+00:00,LONG,2026-08-31 06:36:00+00:00,2026-08-31 06:37:00+00:00,4486.6,2.4071428571427793,4486.6,,0.16617210682478006,1.4124629080117639,1.661721068249312,0.581602373887108
RITHMIC_RAW,B_NEXT_OPEN,2026-08-31 07:19:00+00:00,SHORT,2026-08-31 07:19:00+00:00,2026-08-31 07:20:00+00:00,4489.3,1.907142857142779,4489.2,,-0.41947565543082416,-1.573033707865233,-3.2509363295880527,-2.569288389513023
RITHMIC_RAW,B_NEXT_OPEN,2026-08-31 10:35:00+00:00,LONG,2026-08-31 10:35:00+00:00,2026-08-31 10:36:00+00:00,4499.0,1.4142857142856624,4499.1,,1.1313131313134301,1.696969696969502,1.4848484848487966,2.6868686868689142
RITHMIC_RAW,B_NEXT_OPEN,2026-08-31 10:37:00+00:00,LONG,2026-08-31 10:37:00+00:00,2026-08-31 10:38:00+00:00,4500.6,1.549999999999987,4500.7,,0.5161290322575994,0.32258064516129303,0.1935483870963064,3.2258064516129306
RITHMIC_RAW,B_NEXT_OPEN,2026-08-31 11:46:00+00:00,LONG,2026-08-31 11:46:00+00:00,2026-08-31 11:47:00+00:00,4504.7,1.8642857142857403,4504.6,,-0.1609195402299804,-0.37547892720296233,0.42911877394645176,2.1992337164752604
RITHMIC_RAW,B_NEXT_OPEN,2026-08-31 12:13:00+00:00,SHORT,2026-08-31 12:13:00+00:00,2026-08-31 12:14:00+00:00,4509.8,2.6357142857143248,4509.8,,0.5691056910569021,1.3279132791327717,0.1897018970189674,3.2249322493224453
RITHMIC_RAW,B_NEXT_OPEN,2026-08-31 13:09:00+00:00,LONG,2026-08-31 13:09:00+00:00,2026-08-31 13:10:00+00:00,4496.1,2.9214285714286103,4496.1,,-0.5476772616138091,0.20537897310494493,0.3422982885085529,-1.334963325183543
RITHMIC_RAW,B_NEXT_OPEN,2026-08-31 13:27:00+00:00,LONG,2026-08-31 13:27:00+00:00,2026-08-31 13:28:00+00:00,4495.9,2.257142857142818,4495.6,,1.10759493670888,-0.7974683544300712,-2.7911392405060553,-4.341772151898487
RITHMIC_RAW,B_NEXT_OPEN,2026-08-31 14:25:00+00:00,SHORT,2026-08-31 14:25:00+00:00,2026-08-31 14:26:00+00:00,4468.9,3.2714285714285842,4468.4,,-0.36681222707445676,-0.9475982532752166,-1.4366812227076404,-4.401746724890979
RITHMIC_RAW,B_NEXT_OPEN,2026-08-31 15:01:00+00:00,SHORT,2026-08-31 15:01:00+00:00,2026-08-31 15:02:00+00:00,4483.5,3.2714285714287143,4483.2,,1.314410480349343,1.4978165938862862,0.1528384279475916,-0.48908296943240426
RITHMIC_RAW,B_NEXT_OPEN,2026-08-31 22:20:00+00:00,SHORT,2026-08-31 22:20:00+00:00,2026-08-31 22:21:00+00:00,4498.3,1.1785714285714934,4498.1,,1.1878787878791854,1.0181818181816078,1.1030303030303967,0.169696969696806
RITHMIC_RAW,B_NEXT_OPEN,2026-09-01 00:47:00+00:00,SHORT,2026-09-01 00:47:00+00:00,2026-09-01 00:48:00+00:00,4503.0,1.7214285714285325,4502.9,,-1.626556016597653,-2.4979253112034816,-4.124481327801135,0.5809128630705526
RITHMIC_RAW,B_NEXT_OPEN,2026-09-01 03:05:00+00:00,SHORT,2026-09-01 03:05:00+00:00,2026-09-01 03:06:00+00:00,4490.4,1.900000000000026,4490.4,,-0.26315789473683854,0.26315789473683854,0.21052631578927936,3.4210526315789007
RITHMIC_RAW,B_NEXT_OPEN,2026-09-01 04:55:00+00:00,SHORT,2026-09-01 04:55:00+00:00,2026-09-01 04:56:00+00:00,4476.6,1.757142857142883,4477.1,,0.22764227642307142,0.5121951219515225,1.0813008130084247,-1.5365853658535322
RITHMIC_RAW,B_NEXT_OPEN,2026-09-01 05:48:00+00:00,LONG,2026-09-01 05:48:00+00:00,2026-09-01 05:49:00+00:00,4493.3,2.7142857142857144,4493.4,,0.18421052631578946,-0.8842105263159905,-0.5526315789473684,-3.0578947368421723
RITHMIC_RAW,B_NEXT_OPEN,2026-09-01 07:50:00+00:00,SHORT,2026-09-01 07:50:00+00:00,2026-09-01 07:51:00+00:00,4471.0,2.8285714285715193,4470.9,,0.6717171717170215,1.2727272727273604,0.14141414141400827,3.9595959595957684
RITHMIC_RAW,B_NEXT_OPEN,2026-09-01 10:22:00+00:00,LONG,2026-09-01 10:22:00+00:00,2026-09-01 10:23:00+00:00,4433.2,2.4357142857143117,4433.4,,-0.49266862170079984,-0.2463343108502132,-0.2052785923753644,0.32844574780065766
RITHMIC_RAW,B_NEXT_OPEN,2026-09-01 10:59:00+00:00,SHORT,2026-09-01 10:59:00+00:00,2026-09-01 11:00:00+00:00,4426.9,1.9357142857142466,4426.8,,0.8265682656823916,-0.15498154981559525,-0.7749077490775064,0.5682656826565561
RITHMIC_RAW,B_NEXT_OPEN,2026-09-01 11:17:00+00:00,LONG,2026-09-01 11:17:00+00:00,2026-09-01 11:18:00+00:00,4424.3,2.2285714285714806,4424.4,,0.22435897435896912,0.8076923076923704,0.5384615384614443,2.5128205128202095
RITHMIC_RAW,B_NEXT_OPEN,2026-09-01 14:47:00+00:00,LONG,2026-09-01 14:47:00+00:00,2026-09-01 14:48:00+00:00,4417.2,2.7357142857143635,4417.1,,-1.2428198433418682,-1.7180156657962293,-2.0104438642297078,-3.6187989556133413
RITHMIC_RAW,B_NEXT_OPEN,2026-09-01 17:14:00+00:00,SHORT,2026-09-01 17:14:00+00:00,2026-09-01 17:15:00+00:00,4394.7,1.9428571428573247,4394.6,,-0.41176470588240804,0.926470588235301,-0.15441176470596152,-1.852941176470602
RITHMIC_RAW,B_NEXT_OPEN,2026-09-01 20:50:00+00:00,LONG,2026-09-01 20:50:00+00:00,2026-09-01 20:51:00+00:00,4375.7,1.4071428571429092,4375.8,,-0.6395939086291594,-0.14213197969529695,-0.21319796954326858,
RITHMIC_RAW,B_NEXT_OPEN,2026-09-02 00:25:00+00:00,SHORT,2026-09-02 00:25:00+00:00,2026-09-02 00:26:00+00:00,4375.5,3.799999999999987,4376.2,,0.763157894736749,1.1052631578946928,1.552631578947278,1.0000000000000513
RITHMIC_RAW,B_NEXT_OPEN,2026-09-02 02:10:00+00:00,SHORT,2026-09-02 02:10:00+00:00,2026-09-02 02:11:00+00:00,4337.3,3.5714285714284415,4337.6,,-0.4479999999998635,-1.2040000000000948,-2.0719999999999734,-3.5279999999999756
RITHMIC_RAW,B_NEXT_OPEN,2026-09-02 03:22:00+00:00,SHORT,2026-09-02 03:22:00+00:00,2026-09-02 03:23:00+00:00,4341.2,2.4714285714285973,4341.3,,1.1329479768786745,-1.1329479768786745,-1.335260115606996,3.277456647398589
RITHMIC_RAW,B_NEXT_OPEN,2026-09-02 03:35:00+00:00,LONG,2026-09-02 03:35:00+00:00,2026-09-02 03:36:00+00:00,4330.9,2.857142857142922,4331.2,,0.2800000000000573,2.3450000000002014,1.8550000000000215,5.074999999999885
RITHMIC_RAW,B_NEXT_OPEN,2026-09-02 03:50:00+00:00,LONG,2026-09-02 03:50:00+00:00,2026-09-02 03:51:00+00:00,4345.5,2.6714285714285455,4345.4,,-0.41176470588249314,-0.1122994652407109,0.7486631016042853,2.3208556149732162
RITHMIC_RAW,B_NEXT_OPEN,2026-09-02 05:46:00+00:00,SHORT,2026-09-02 05:46:00+00:00,2026-09-02 05:47:00+00:00,4370.1,2.357142857142922,4369.9,,-0.04242424242400975,-0.9757575757572402,0.12727272727280095,0.8060606060608154
RITHMIC_RAW,B_NEXT_OPEN,2026-09-02 06:02:00+00:00,SHORT,2026-09-02 06:02:00+00:00,2026-09-02 06:03:00+00:00,4368.2,1.8785714285715716,4368.3,,1.5437262357411337,2.0228136882128704,1.2243346007604599,-0.21292775665426666
RITHMIC_RAW,B_NEXT_OPEN,2026-09-02 09:31:00+00:00,SHORT,2026-09-02 09:31:00+00:00,2026-09-02 09:32:00+00:00,4356.0,1.7071428571427663,4356.1,,-0.5271966527194802,-0.6443514644353938,-0.05857740585795681,-0.7615062761507747
RITHMIC_RAW,B_NEXT_OPEN,2026-09-02 09:56:00+00:00,SHORT,2026-09-02 09:56:00+00:00,2026-09-02 09:57:00+00:00,4356.7,1.1142857142856104,4356.7,,0.8076923076920565,0.7179487179489481,1.43589743589708,4.397435897435981
RITHMIC_RAW,B_NEXT_OPEN,2026-09-02 10:18:00+00:00,SHORT,2026-09-02 10:18:00+00:00,2026-09-02 10:19:00+00:00,4355.4,1.857142857142922,4355.5,,-0.37692307692345556,-1.507692307692353,-1.130769230769387,-0.10769230769269571
RITHMIC_RAW,B_NEXT_OPEN,2026-09-02 11:57:00+00:00,LONG,2026-09-02 11:57:00+00:00,2026-09-02 11:58:00+00:00,4378.0,2.0357142857142208,4377.2,,-0.4912280701754543,1.1298245614036342,-0.9333333333331844,-0.5894736842104558
RITHMIC_RAW,B_NEXT_OPEN,2026-09-02 12:14:00+00:00,SHORT,2026-09-02 12:14:00+00:00,2026-09-02 12:15:00+00:00,4380.2,2.814285714285753,4380.3,,0.17766497461928688,0.07106598984765013,0.6395939086294974,-1.101522842639708
RITHMIC_RAW,B_NEXT_OPEN,2026-09-02 15:27:00+00:00,LONG,2026-09-02 15:27:00+00:00,2026-09-02 15:28:00+00:00,4416.4,2.2999999999998573,4416.2,,0.3913043478263485,0.8695652173913583,1.65217391304366,-0.8260869565216322
RITHMIC_RAW,B_NEXT_OPEN,2026-09-02 20:06:00+00:00,SHORT,2026-09-02 20:06:00+00:00,2026-09-02 20:07:00+00:00,4436.1,1.6857142857143768,4435.8,,0.5338983050850407,0.9491525423730459,0.7711864406780323,2.728813559322102
RITHMIC_RAW,B_NEXT_OPEN,2026-09-02 22:00:00+00:00,SHORT,2026-09-02 22:00:00+00:00,2026-09-02 22:01:00+00:00,4436.4,1.1142857142856752,4436.4,,-0.3589743589748613,-0.2692307692309419,0.8076923076920095,1.884615384614961
RITHMIC_RAW,B_NEXT_OPEN,2026-09-03 00:55:00+00:00,SHORT,2026-09-03 00:55:00+00:00,2026-09-03 00:56:00+00:00,4436.7,1.807142857142935,4436.1,,0.11067193675878785,-1.438735177865752,1.217391304347673,-7.52569169960462
RITHMIC_RAW,B_NEXT_OPEN,2026-09-03 03:57:00+00:00,SHORT,2026-09-03 03:57:00+00:00,2026-09-03 03:58:00+00:00,4477.5,1.5142857142857014,4477.5,,0.19811320754729161,0.26415094339598844,2.2452830188677035,-0.13207547169799422
RITHMIC_RAW,B_NEXT_OPEN,2026-09-03 04:05:00+00:00,LONG,2026-09-03 04:05:00+00:00,2026-09-03 04:06:00+00:00,4471.9,1.6142857142856752,4472.4,,-0.18584070796415555,3.716814159292125,5.389380530974033,3.159292035398532
RITHMIC_RAW,B_NEXT_OPEN,2026-09-03 05:16:00+00:00,LONG,2026-09-03 05:16:00+00:00,2026-09-03 05:17:00+00:00,4473.5,1.7714285714286493,4473.5,,0.33870967741954533,0.2822580645161166,-1.5806451612903558,-0.45161290322588926
RITHMIC_RAW,B_NEXT_OPEN,2026-09-03 05:39:00+00:00,SHORT,2026-09-03 05:39:00+00:00,2026-09-03 05:40:00+00:00,4474.4,2.949999999999948,4474.5,,0.5762711864406265,-0.23728813559347114,-1.2881355932204233,-1.6610169491527564
RITHMIC_RAW,B_NEXT_OPEN,2026-09-03 05:49:00+00:00,LONG,2026-09-03 05:49:00+00:00,2026-09-03 05:50:00+00:00,4481.5,2.850000000000039,4480.9,,1.0877192982457267,0.42105263157887773,-0.7719298245613291,-1.8596491228070557
RITHMIC_RAW,B_NEXT_OPEN,2026-09-03 08:28:00+00:00,SHORT,2026-09-03 08:28:00+00:00,2026-09-03 08:29:00+00:00,4482.0,2.335714285714143,4482.2,,-1.113149847095025,-0.5137614678898618,-1.284403669724849,0.6850152905200754
RITHMIC_RAW,B_NEXT_OPEN,2026-09-03 09:08:00+00:00,LONG,2026-09-03 09:08:00+00:00,2026-09-03 09:09:00+00:00,4487.0,2.0285714285713374,4486.8,,-0.4436619718308265,-0.9859154929577908,-0.6408450704226537,-3.943661971831163
RITHMIC_RAW,B_NEXT_OPEN,2026-09-03 12:43:00+00:00,SHORT,2026-09-03 12:43:00+00:00,2026-09-03 12:44:00+00:00,4514.9,7.850000000000104,4514.8,,0.02547770700634592,-0.8407643312102263,-1.4012738853503,-3.426751592356712
RITHMIC_RAW,B_NEXT_OPEN,2026-09-03 12:56:00+00:00,LONG,2026-09-03 12:56:00+00:00,2026-09-03 12:57:00+00:00,4540.4,3.957142857142831,4540.0,,-0.2274368231046027,0.12635379061371924,-0.6317689530685963,-0.9855595667869181
RITHMIC_RAW,B_NEXT_OPEN,2026-09-03 13:20:00+00:00,LONG,2026-09-03 13:20:00+00:00,2026-09-03 13:21:00+00:00,4526.9,3.642857142857078,4527.1,,0.1098039215687792,0.6862745098039338,-0.3019607843135811,-0.19215686274505153
RITHMIC_RAW,B_NEXT_OPEN,2026-09-03 15:28:00+00:00,SHORT,2026-09-03 15:28:00+00:00,2026-09-03 15:29:00+00:00,4552.8,3.007142857142818,4552.7,,-0.4323040380048167,0.26603325415683354,1.6294536817104164,2.992874109263697
RITHMIC_RAW,B_NEXT_OPEN,2026-09-03 19:55:00+00:00,LONG,2026-09-03 19:55:00+00:00,2026-09-03 19:56:00+00:00,4525.3,1.342857142856961,4525.3,,-0.37234042553196534,-2.234042553191792,-3.9468085106389683,-3.5744680851070028
RITHMIC_RAW,B_NEXT_OPEN,2026-09-03 23:29:00+00:00,SHORT,2026-09-03 23:29:00+00:00,2026-09-03 23:30:00+00:00,4520.6,0.9357142857143117,4520.7,,-0.21374045801506683,-1.6030534351144592,-1.49618320610644,-3.740458015267072
RITHMIC_RAW,B_NEXT_OPEN,2026-09-04 00:58:00+00:00,SHORT,2026-09-04 00:58:00+00:00,2026-09-04 00:59:00+00:00,4532.0,1.807142857142935,4532.5,,-0.49802371541479695,1.9367588932805488,3.707509881422664,4.482213438735186
RITHMIC_RAW,B_NEXT_OPEN,2026-09-04 01:02:00+00:00,LONG,2026-09-04 01:02:00+00:00,2026-09-04 01:03:00+00:00,4527.2,2.207142857142961,4527.9,,-0.8608414239480147,-2.2200647249188243,-1.7216828478964414,-1.4498381877021147
RITHMIC_RAW,B_NEXT_OPEN,2026-09-04 03:51:00+00:00,LONG,2026-09-04 03:51:00+00:00,2026-09-04 03:52:00+00:00,4515.5,1.050000000000052,4515.7,,-0.5714285714288896,0.1904761904760078,0.2857142857144448,-1.047619047619342
RITHMIC_RAW,B_NEXT_OPEN,2026-09-04 04:05:00+00:00,SHORT,2026-09-04 04:05:00+00:00,2026-09-04 04:06:00+00:00,4515.1,1.4642857142856494,4515.1,,0.47804878048832294,0.47804878048832294,0.4097560975612422,
RITHMIC_RAW,B_NEXT_OPEN,2026-09-04 05:47:00+00:00,SHORT,2026-09-04 05:47:00+00:00,2026-09-04 05:48:00+00:00,4518.4,1.9642857142857142,4518.4,,0.1527272727269023,1.6799999999996296,1.781818181818182,0.6618181818178115
RITHMIC_RAW,B_NEXT_OPEN,2026-09-04 07:09:00+00:00,SHORT,2026-09-04 07:09:00+00:00,2026-09-04 07:10:00+00:00,4515.4,1.6285714285714417,4515.4,,-1.1052631578948398,-0.06140350877215271,0.42982456140339365,-0.6140350877192933
RITHMIC_RAW,B_NEXT_OPEN,2026-09-04 07:25:00+00:00,SHORT,2026-09-04 07:25:00+00:00,2026-09-04 07:26:00+00:00,4516.2,1.6642857142855974,4516.5,,0.480686695279113,-0.901287553648132,-2.8841201716741316,-3.605150214592528
RITHMIC_RAW,B_NEXT_OPEN,2026-09-04 09:31:00+00:00,SHORT,2026-09-04 09:31:00+00:00,2026-09-04 09:32:00+00:00,4513.4,1.8214285714285066,4513.5,,-1.537254901960939,0.0,-1.0431372549022975,-1.2078431372553444
RITHMIC_RAW,B_NEXT_OPEN,2026-09-04 10:33:00+00:00,SHORT,2026-09-04 10:33:00+00:00,2026-09-04 10:34:00+00:00,4521.0,1.5857142857143376,4521.1,,1.0720720720719223,1.9549549549551204,2.3963963963964328,-0.4414414414413123
RITHMIC_RAW,B_NEXT_OPEN,2026-09-04 11:28:00+00:00,LONG,2026-09-04 11:28:00+00:00,2026-09-04 11:29:00+00:00,4512.6,1.4285714285713635,4512.6,,-0.5600000000001528,0.9799999999997899,0.629999999999774,0.629999999999774
RITHMIC_RAW,B_NEXT_OPEN,2026-09-04 11:58:00+00:00,SHORT,2026-09-04 11:58:00+00:00,2026-09-04 11:59:00+00:00,4513.3,1.3714285714287533,4513.5,,0.14583333333318135,0.14583333333318135,-0.21875000000010364,1.1666666666667773
RITHMIC_RAW,B_NEXT_OPEN,2026-09-04 13:27:00+00:00,SHORT,2026-09-04 13:27:00+00:00,2026-09-04 13:28:00+00:00,4454.6,4.535714285714221,4454.1,,-0.6834645669290234,-2.116535433070776,-2.3590551181102297,-1.874015748031523
RITHMIC_RAW,B_NEXT_OPEN,2026-09-04 15:06:00+00:00,SHORT,2026-09-04 15:06:00+00:00,2026-09-04 15:07:00+00:00,4481.2,3.6785714285714937,4480.8,,-1.1961165048544962,-0.5980582524271244,-0.6252427184466404,-3.588349514562994
RITHMIC_RAW,B_NEXT_OPEN,2026-09-04 19:45:00+00:00,SHORT,2026-09-04 19:45:00+00:00,2026-09-04 19:46:00+00:00,4483.3,1.457142857142961,4483.2,,1.098039215686446,1.578431372549032,0.7549019607845096,1.6470588235296688
RITHMIC_RAW,B_NEXT_OPEN,2026-09-07 02:00:00+00:00,SHORT,2026-09-07 02:00:00+00:00,2026-09-07 02:01:00+00:00,4455.4,2.4500000000001427,4455.4,,1.4285714285713453,0.5714285714283897,0.6530612244895352,2.28571428571393
RITHMIC_RAW,B_NEXT_OPEN,2026-09-07 03:03:00+00:00,SHORT,2026-09-07 03:03:00+00:00,2026-09-07 03:04:00+00:00,4454.6,1.7357142857143637,4454.5,,-1.0370370370365714,1.2098765432100318,1.6131687242798678,1.1522633744855448
RITHMIC_RAW,B_NEXT_OPEN,2026-09-07 04:23:00+00:00,LONG,2026-09-07 04:23:00+00:00,2026-09-07 04:24:00+00:00,4446.4,1.150000000000026,4446.6,,0.08695652173944482,0.3478260869569884,1.3043478260869272,-3.2173913043475957
RITHMIC_RAW,B_NEXT_OPEN,2026-09-07 08:17:00+00:00,SHORT,2026-09-07 08:17:00+00:00,2026-09-07 08:18:00+00:00,4465.7,2.6714285714286103,4465.6,,-0.636363636363559,-0.8983957219253249,-0.22459893048141633,-1.4224598930481758
RITHMIC_RAW,B_NEXT_OPEN,2026-09-07 10:36:00+00:00,LONG,2026-09-07 10:36:00+00:00,2026-09-07 10:37:00+00:00,4439.0,1.3142857142858182,4439.0,,-0.15217391304332784,-0.22826086956533775,2.054347826086656,0.3804347826086656
RITHMIC_RAW,B_NEXT_OPEN,2026-09-07 12:24:00+00:00,SHORT,2026-09-07 12:24:00+00:00,2026-09-07 12:25:00+00:00,4438.9,1.4142857142857272,4439.0,,-0.4242424242426776,-0.4242424242426776,-1.2020202020207054,-1.0606060606060508
RITHMIC_RAW,B_NEXT_OPEN,2026-09-07 13:21:00+00:00,SHORT,2026-09-07 13:21:00+00:00,2026-09-07 13:22:00+00:00,4449.5,1.8071428571428052,4449.5,,0.0,0.387351778656037,0.05533596837964954,0.1106719367587958
RITHMIC_RAW,B_NEXT_OPEN,2026-09-07 13:24:00+00:00,LONG,2026-09-07 13:24:00+00:00,2026-09-07 13:25:00+00:00,4448.9,1.7142857142856494,4448.8,,0.5250000000003382,0.05833333333354776,0.05833333333354776,-0.4083333333332427
RITHMIC_RAW,B_NEXT_OPEN,2026-09-07 13:42:00+00:00,SHORT,2026-09-07 13:42:00+00:00,2026-09-07 13:43:00+00:00,4448.2,1.357142857142987,4448.1,,0.6631578947365105,-1.6210526315786582,-2.9473684210523494,0.4421052631574503
RITHMIC_RAW,B_NEXT_OPEN,2026-09-07 15:43:00+00:00,SHORT,2026-09-07 15:43:00+00:00,2026-09-07 15:44:00+00:00,4456.0,1.107142857142987,4456.1,,-1.083870967741644,-2.2580645161287674,-1.896774193548493,-2.980645161290137
RITHMIC_RAW,B_NEXT_OPEN,2026-09-07 23:59:00+00:00,LONG,2026-09-07 23:59:00+00:00,2026-09-08 00:00:00+00:00,4469.1,1.9571428571428962,4468.8,,-1.1240875912412254,-0.8686131386864858,-1.9416058394161126,-2.8613138686132675
RITHMIC_RAW,B_NEXT_OPEN,2026-09-08 00:51:00+00:00,LONG,2026-09-08 00:51:00+00:00,2026-09-08 00:52:00+00:00,4463.6,2.5214285714283897,4464.1,,-1.1104815864024185,1.22946175637381,1.8640226628895806,-0.07932011331474187
RITHMIC_RAW,B_NEXT_OPEN,2026-09-08 06:06:00+00:00,SHORT,2026-09-08 06:06:00+00:00,2026-09-08 06:07:00+00:00,4458.6,2.6571428571427793,4459.0,,-0.1881720430107582,0.07526881720457711,0.9032258064518447,3.161290322580943
RITHMIC_RAW,B_NEXT_OPEN,2026-09-08 06:32:00+00:00,SHORT,2026-09-08 06:32:00+00:00,2026-09-08 06:33:00+00:00,4446.5,2.7714285714283897,4446.9,,0.10824742268048511,0.46907216494855,0.43298969072161225,-1.8402061855672622
RITHMIC_RAW,B_NEXT_OPEN,2026-09-08 07:53:00+00:00,SHORT,2026-09-08 07:53:00+00:00,2026-09-08 07:54:00+00:00,4436.9,2.200000000000078,4436.9,,0.6363636363634485,-0.3636363636364334,0.36363636363602003,0.7272727272724535
RITHMIC_RAW,B_NEXT_OPEN,2026-09-08 10:40:00+00:00,SHORT,2026-09-08 10:40:00+00:00,2026-09-08 10:41:00+00:00,4438.9,1.0785714285714545,4438.8,,-1.2980132450335873,-1.9470198675499595,-2.966887417219146,-2.874172185430732
RITHMIC_RAW,B_NEXT_OPEN,2026-09-08 12:56:00+00:00,SHORT,2026-09-08 12:56:00+00:00,2026-09-08 12:57:00+00:00,4449.1,2.450000000000078,4449.3,,-0.8571428571426072,-2.857142857142766,0.040816326530759436,-0.1632653061222953
RITHMIC_RAW,B_NEXT_OPEN,2026-09-08 17:45:00+00:00,LONG,2026-09-08 17:45:00+00:00,2026-09-08 17:46:00+00:00,4430.1,1.657142857142974,4430.0,,0.7241379310343219,1.2672413793099262,1.6293103448273616,1.4482758620686438
RITHMIC_RAW,B_NEXT_OPEN,2026-09-08 18:25:00+00:00,SHORT,2026-09-08 18:25:00+00:00,2026-09-08 18:26:00+00:00,4430.0,1.3357142857142728,4429.7,,0.29946524064144175,0.4491978609628436,1.7219251336899926,0.8235294117649863
RITHMIC_RAW,B_NEXT_OPEN,2026-09-08 19:06:00+00:00,SHORT,2026-09-08 19:06:00+00:00,2026-09-08 19:07:00+00:00,4417.6,3.807142857142935,4417.4,,0.31519699812401203,0.3677298311446011,-0.26266416510318413,1.0506566604127365
RITHMIC_RAW,B_NEXT_OPEN,2026-09-09 00:48:00+00:00,LONG,2026-09-09 00:48:00+00:00,2026-09-09 00:49:00+00:00,4398.9,2.407142857142909,4398.6,,0.3738872403563017,0.8724035608309929,2.367952522255444,0.04154302670638169
RITHMIC_RAW,B_NEXT_OPEN,2026-09-09 01:26:00+00:00,LONG,2026-09-09 01:26:00+00:00,2026-09-09 01:27:00+00:00,4412.6,2.100000000000039,4412.6,,1.2380952380949553,1.5238095238094087,1.8095238095234294,3.523809523809285
RITHMIC_RAW,B_NEXT_OPEN,2026-09-09 08:07:00+00:00,LONG,2026-09-09 08:07:00+00:00,2026-09-09 08:08:00+00:00,4454.0,1.50000000000013,4453.9,,-0.5333333333334084,-3.399999999999948,-2.9333333333328366,-5.133333333332768
RITHMIC_RAW,B_NEXT_OPEN,2026-09-09 10:11:00+00:00,SHORT,2026-09-09 10:11:00+00:00,2026-09-09 10:12:00+00:00,4436.6,1.907142857142974,4436.3,,0.2621722846441787,0.9438202247191386,1.4157303370789465,-1.258426966291867
RITHMIC_RAW,B_NEXT_OPEN,2026-09-09 10:16:00+00:00,LONG,2026-09-09 10:16:00+00:00,2026-09-09 10:17:00+00:00,4434.2,1.607142857142922,4433.9,,0.12444444444432624,2.3644444444444623,2.4266666666669083,3.0488888888891053
RITHMIC_RAW,B_NEXT_OPEN,2026-09-09 10:24:00+00:00,SHORT,2026-09-09 10:24:00+00:00,2026-09-09 10:25:00+00:00,4438.3,1.4642857142858443,4438.1,,-0.06829268292645053,0.9560975609758975,0.06829268292707165,-2.390243902438812
RITHMIC_RAW,B_NEXT_OPEN,2026-09-09 10:51:00+00:00,SHORT,2026-09-09 10:51:00+00:00,2026-09-09 10:52:00+00:00,4441.9,1.399999999999961,4442.1,,-0.5000000000005336,-2.5000000000000697,-2.1428571428572023,-3.285714285714637
RITHMIC_RAW,B_NEXT_OPEN,2026-09-09 10:57:00+00:00,LONG,2026-09-09 10:57:00+00:00,2026-09-09 10:58:00+00:00,4444.7,1.6857142857142466,4444.5,,-0.2966101694915323,0.8305084745766141,0.35593220339005455,1.838983050847716
RITHMIC_RAW,B_NEXT_OPEN,2026-09-09 12:02:00+00:00,SHORT,2026-09-09 12:02:00+00:00,2026-09-09 12:03:00+00:00,4450.6,2.557142857142805,4450.6,,0.3519553072627904,1.0558659217880155,1.3296089385477265,3.284916201117599
RITHMIC_RAW,B_NEXT_OPEN,2026-09-09 22:36:00+00:00,LONG,2026-09-09 22:36:00+00:00,2026-09-09 22:37:00+00:00,4445.1,1.2928571428572337,4445.0,,-0.23204419889515202,-0.23204419889515202,0.23204419889444852,-1.005524861878523
RITHMIC_RAW,B_NEXT_OPEN,2026-09-10 00:35:00+00:00,SHORT,2026-09-10 00:35:00+00:00,2026-09-10 00:36:00+00:00,4438.6,1.6714285714284156,4438.5,,-0.8974358974359811,-1.256410256410047,-2.27350427350405,-2.094017094017289
RITHMIC_RAW,B_NEXT_OPEN,2026-09-10 00:37:00+00:00,SHORT,2026-09-10 00:37:00+00:00,2026-09-10 00:38:00+00:00,4440.3,1.7142857142855843,4439.8,,-0.2333333333331388,-1.2249999999997745,-0.641666666666397,-3.033333333333457
RITHMIC_RAW,B_NEXT_OPEN,2026-09-10 02:35:00+00:00,SHORT,2026-09-10 02:35:00+00:00,2026-09-10 02:36:00+00:00,4458.3,2.199999999999948,4458.7,,-0.22727272727273262,-1.1818181818179616,-2.3181818181816247,-1.4090909090906942
RITHMIC_RAW,B_NEXT_OPEN,2026-09-10 03:04:00+00:00,SHORT,2026-09-10 03:04:00+00:00,2026-09-10 03:05:00+00:00,4460.6,1.5857142857144026,4460.6,,0.6306306306305841,1.7657657657657502,2.5225225225223364,1.702702702703036
RITHMIC_RAW,B_NEXT_OPEN,2026-09-10 03:18:00+00:00,SHORT,2026-09-10 03:18:00+00:00,2026-09-10 03:19:00+00:00,4456.8,1.7642857142857662,4457.6,,-0.6234817813761906,0.6234817813767061,0.6234817813767061,1.0202429149798302
RITHMIC_RAW,B_NEXT_OPEN,2026-09-10 05:41:00+00:00,LONG,2026-09-10 05:41:00+00:00,2026-09-10 05:42:00+00:00,4467.0,2.657142857142714,4467.0,,1.8064516129033916,1.7688172043011021,2.559139784946443,0.9408602150538141
RITHMIC_RAW,B_NEXT_OPEN,2026-09-10 11:05:00+00:00,LONG,2026-09-10 11:05:00+00:00,2026-09-10 11:06:00+00:00,4425.1,3.25,4425.5,,-1.046153846154014,-0.06153846153868541,-0.5846153846155525,-0.06153846153868541
RITHMIC_RAW,B_NEXT_OPEN,2026-09-10 12:28:00+00:00,SHORT,2026-09-10 12:28:00+00:00,2026-09-10 12:29:00+00:00,4405.0,3.6642857142855974,4405.3,,-0.3547758284601,2.8382066276803033,4.1481481481482305,8.59649122807045
RITHMIC_RAW,B_NEXT_OPEN,2026-09-10 13:12:00+00:00,LONG,2026-09-10 13:12:00+00:00,2026-09-10 13:13:00+00:00,4387.7,5.507142857143013,4387.5,,0.07263294422837199,0.036316472114103424,-0.16342412451354799,1.4889753566795616
RITHMIC_RAW,B_NEXT_OPEN,2026-09-10 18:52:00+00:00,SHORT,2026-09-10 18:52:00+00:00,2026-09-10 18:53:00+00:00,4378.8,2.485714285714169,4378.9,,1.609195402298926,1.005747126436829,1.9310344827587846,8.126436781609504
RITHMIC_RAW,B_NEXT_OPEN,2026-09-10 19:06:00+00:00,SHORT,2026-09-10 19:06:00+00:00,2026-09-10 19:07:00+00:00,4360.4,3.9928571428571167,4360.8,,0.45080500894436454,-1.277280858676307,-0.45080500894459236,-1.1019677996423622
RITHMIC_RAW,B_NEXT_OPEN,2026-09-11 02:03:00+00:00,LONG,2026-09-11 02:03:00+00:00,2026-09-11 02:04:00+00:00,4370.7,2.3285714285715846,4370.7,,0.8159509202455785,0.0,-0.042944785275836395,1.0306748466259321
RITHMIC_RAW,B_NEXT_OPEN,2026-09-11 02:58:00+00:00,SHORT,2026-09-11 02:58:00+00:00,2026-09-11 02:59:00+00:00,4364.0,2.449999999999948,4364.0,,0.3673469387753695,-0.5306122448980446,-0.48979591836728303,2.0408163265306554
RITHMIC_RAW,B_NEXT_OPEN,2026-09-11 03:59:00+00:00,LONG,2026-09-11 03:59:00+00:00,2026-09-11 04:00:00+00:00,4344.5,2.014285714285766,4344.7,,-0.4964539007092071,-0.4468085106381057,2.382978723404284,8.737588652482225
RITHMIC_RAW,B_NEXT_OPEN,2026-09-11 04:12:00+00:00,LONG,2026-09-11 04:12:00+00:00,2026-09-11 04:13:00+00:00,4362.0,2.9214285714286103,4361.9,,0.9926650366746789,-0.17114914425427644,-0.47921760391184953,2.1564792176039456
RITHMIC_RAW,B_NEXT_OPEN,2026-09-11 05:07:00+00:00,LONG,2026-09-11 05:07:00+00:00,2026-09-11 05:08:00+00:00,4372.2,1.9642857142858443,4372.5,,-0.763636363636313,1.0181818181817508,1.985454545454692,2.6472727272724597
RITHMIC_RAW,B_NEXT_OPEN,2026-09-11 06:30:00+00:00,SHORT,2026-09-11 06:30:00+00:00,2026-09-11 06:31:00+00:00,4392.0,1.9642857142857142,4391.7,,-0.3563636363635438,1.6290909090908166,1.0690909090910943,0.4072727272728199
RITHMIC_RAW,B_NEXT_OPEN,2026-09-11 08:07:00+00:00,SHORT,2026-09-11 08:07:00+00:00,2026-09-11 08:08:00+00:00,4388.4,1.9142857142856624,4388.4,,0.15671641791007193,-0.10447761194068142,0.6791044776115787,0.6791044776115787
RITHMIC_RAW,B_NEXT_OPEN,2026-09-11 09:31:00+00:00,SHORT,2026-09-11 09:31:00+00:00,2026-09-11 09:32:00+00:00,4383.6,1.5357142857142858,4383.3,,-1.0418604651159236,-0.3255813953488372,-1.5627906976741817,-0.9116279069765072
RITHMIC_RAW,B_NEXT_OPEN,2026-09-11 10:14:00+00:00,SHORT,2026-09-11 10:14:00+00:00,2026-09-11 10:15:00+00:00,4388.1,2.2142857142855843,4388.0,,-0.1354838709674213,-0.04516129032233685,-1.5354838709676677,-1.6258064516127522
RITHMIC_RAW,B_NEXT_OPEN,2026-09-11 10:15:00+00:00,SHORT,2026-09-11 10:15:00+00:00,2026-09-11 10:16:00+00:00,4388.8,2.2642857142856365,4388.4,,0.13249211356475366,-0.48580441640356115,-0.5741324921136647,-0.5299684542586129
RITHMIC_RAW,B_NEXT_OPEN,2026-09-11 10:27:00+00:00,SHORT,2026-09-11 10:27:00+00:00,2026-09-11 10:28:00+00:00,4390.0,1.7571428571426881,4389.7,,0.2276422764225791,0.0,-0.6829268292682549,1.4227642276424133
RITHMIC_RAW,B_NEXT_OPEN,2026-09-11 10:43:00+00:00,LONG,2026-09-11 10:43:00+00:00,2026-09-11 10:44:00+00:00,4388.5,1.649999999999961,4388.1,,-0.9696969696972131,-1.9393939393938748,-2.4242424242424816,-5.5151515151518655
RITHMIC_RAW,B_NEXT_OPEN,2026-09-11 11:52:00+00:00,LONG,2026-09-11 11:52:00+00:00,2026-09-11 11:53:00+00:00,4375.8,1.9285714285714934,4376.4,,0.2074074074072118,-0.8814814814813575,-1.0370370370370021,-3.4222222222222958
RITHMIC_RAW,B_NEXT_OPEN,2026-09-11 16:24:00+00:00,SHORT,2026-09-11 16:24:00+00:00,2026-09-11 16:25:00+00:00,4394.4,2.749999999999935,4394.4,,-0.32727272727293344,-2.181818181818233,-0.6545454545455361,-2.472727272727397
RITHMIC_RAW,D_NEXT_OPEN,2026-08-03 11:59:00+00:00,SHORT,2026-08-03 12:01:00+00:00,2026-08-03 12:02:00+00:00,4118.1,2.035714285714156,4118.9,0.4057971014489277,0.24561403508773497,0.49122807017546993,1.0807017543863913,2.9964912280705454
RITHMIC_RAW,D_NEXT_OPEN,2026-08-03 13:33:00+00:00,SHORT,2026-08-03 13:35:00+00:00,2026-08-03 13:36:00+00:00,4082.7,2.6999999999999154,4085.2,0.930851063829812,0.333333333333209,0.814814814814773,-0.5185185185185684,-1.1851851851853235
RITHMIC_RAW,D_NEXT_OPEN,2026-08-03 19:58:00+00:00,SHORT,2026-08-03 19:59:00+00:00,2026-08-03 20:00:00+00:00,4108.1,1.25,4108.3,0.1564245810054475,1.360000000000582,0.880000000000291,0.480000000000291,-0.5599999999998545
RITHMIC_RAW,D_NEXT_OPEN,2026-08-03 20:11:00+00:00,LONG,2026-08-03 20:12:00+00:00,2026-08-03 20:13:00+00:00,4108.3,0.9142857142856623,4107.6,0.7538461538459579,0.0,0.21874999999981348,-0.10937500000040412,
RITHMIC_RAW,D_NEXT_OPEN,2026-08-04 04:38:00+00:00,LONG,2026-08-04 04:39:00+00:00,2026-08-04 04:40:00+00:00,4118.7,1.1571428571428442,4118.2,0.4191616766467111,0.08641975308673512,-0.08641975308594914,-0.5185185185180528,1.0370370370368915
RITHMIC_RAW,D_NEXT_OPEN,2026-08-04 09:01:00+00:00,SHORT,2026-08-04 09:03:00+00:00,2026-08-04 09:04:00+00:00,4109.3,1.0642857142856883,4110.3,0.9790209790209665,0.09395973154396828,1.8791946308725291,2.8187919463087936,1.8791946308725291
RITHMIC_RAW,D_NEXT_OPEN,2026-08-04 14:49:00+00:00,LONG,2026-08-04 14:50:00+00:00,2026-08-04 14:51:00+00:00,4139.7,3.014285714285766,4137.6,0.7223587223585217,0.2985781990523086,-0.2985781990520069,-0.06635071090041245,-0.5308056872036013
RITHMIC_RAW,D_NEXT_OPEN,2026-08-04 15:59:00+00:00,SHORT,2026-08-04 16:00:00+00:00,2026-08-04 16:01:00+00:00,4144.5,1.6071428571428572,4144.2,-0.19266055045883884,0.49777777777789095,0.37333333333355967,1.6799999999998867,1.804444444444218
RITHMIC_RAW,D_NEXT_OPEN,2026-08-04 22:28:00+00:00,SHORT,2026-08-04 22:30:00+00:00,2026-08-04 22:31:00+00:00,4135.8,1.1142857142857403,4134.7,-1.0547945205483336,-0.17948717948701207,-0.6282051282049503,-1.8846153846148508,-3.0512820512816536
RITHMIC_RAW,D_NEXT_OPEN,2026-08-05 00:29:00+00:00,LONG,2026-08-05 00:30:00+00:00,2026-08-05 00:31:00+00:00,4135.1,1.2357142857142338,4134.6,0.38888888888890855,0.16184971098251855,-0.16184971098325457,1.6184971098266576,-0.5664739884399189
RITHMIC_RAW,D_NEXT_OPEN,2026-08-05 07:02:00+00:00,SHORT,2026-08-05 07:03:00+00:00,2026-08-05 07:04:00+00:00,4233.1,2.0285714285715977,4234.2,0.5238095238092219,1.6760563380282982,1.774647887323975,2.2183098591547448,3.302816901408534
RITHMIC_RAW,D_NEXT_OPEN,2026-08-05 11:30:00+00:00,LONG,2026-08-05 11:32:00+00:00,2026-08-05 11:33:00+00:00,4239.7,2.7285714285714158,4236.2,1.4540059347181087,0.21989528795824956,0.5497382198952906,2.2722513089004677,1.7591623036649964
RITHMIC_RAW,D_NEXT_OPEN,2026-08-05 11:31:00+00:00,LONG,2026-08-05 11:32:00+00:00,2026-08-05 11:33:00+00:00,4239.7,2.7285714285714158,4239.4,0.11351351351358234,0.21989528795824956,0.5497382198952906,2.2722513089004677,1.7591623036649964
RITHMIC_RAW,D_NEXT_OPEN,2026-08-05 13:10:00+00:00,SHORT,2026-08-05 13:12:00+00:00,2026-08-05 13:13:00+00:00,4249.9,3.657142857142909,4254.2,1.2489626556016937,0.5468749999999922,0.43749999999984457,0.5468749999999922,-1.449218750000029
RITHMIC_RAW,D_NEXT_OPEN,2026-08-05 14:17:00+00:00,LONG,2026-08-05 14:18:00+00:00,2026-08-05 14:19:00+00:00,4296.0,4.628571428571247,4289.9,1.4162520729686137,0.10802469135802893,-0.021604938271684384,-1.0154320987654326,-0.1512345679012012
RITHMIC_RAW,D_NEXT_OPEN,2026-08-05 19:58:00+00:00,SHORT,2026-08-05 19:59:00+00:00,2026-08-05 20:00:00+00:00,4307.9,1.642857142857013,4308.0,0.0619469026550991,-0.48695652173927967,-0.5478260869568973,-0.8521739130438778,-1.3391304347831574
RITHMIC_RAW,D_NEXT_OPEN,2026-08-06 05:44:00+00:00,LONG,2026-08-06 05:45:00+00:00,2026-08-06 05:46:00+00:00,4324.6,3.014285714285831,4322.8,0.6057692307692601,0.0,-0.0995260663507674,-0.0995260663507674,0.06635071090041102
RITHMIC_RAW,D_NEXT_OPEN,2026-08-06 06:01:00+00:00,LONG,2026-08-06 06:02:00+00:00,2026-08-06 06:03:00+00:00,4326.9,2.007142857142818,4325.0,0.9962546816477561,-0.04982206405666859,-0.09964412811379032,-0.49822064056940474,-5.928825622775735
RITHMIC_RAW,D_NEXT_OPEN,2026-08-06 06:28:00+00:00,SHORT,2026-08-06 06:30:00+00:00,2026-08-06 06:31:00+00:00,4314.3,2.2214285714284676,4314.8,0.23026315789474647,0.09003215434075834,0.1800643086819261,0.1800643086819261,-0.6752411575563017
RITHMIC_RAW,D_NEXT_OPEN,2026-08-06 07:08:00+00:00,LONG,2026-08-06 07:10:00+00:00,2026-08-06 07:11:00+00:00,4318.9,1.6642857142856624,4318.0,0.5675675675673428,0.7210300429189146,1.6223175965670114,1.2618025751075541,1.141630901287917
RITHMIC_RAW,D_NEXT_OPEN,2026-08-06 10:54:00+00:00,SHORT,2026-08-06 10:55:00+00:00,2026-08-06 10:56:00+00:00,4329.8,1.3642857142854805,4329.9,0.06896551724101162,0.5130890052355567,0.9528795811521291,-1.612565445026321,2.1256544502625445
RITHMIC_RAW,D_NEXT_OPEN,2026-08-06 11:24:00+00:00,LONG,2026-08-06 11:25:00+00:00,2026-08-06 11:26:00+00:00,4321.7,1.907142857142974,4320.7,0.5243445692883753,-0.1048689138575761,0.5767790262173839,1.2584269662923437,-1.1535580524342908
RITHMIC_RAW,D_NEXT_OPEN,2026-08-06 11:50:00+00:00,LONG,2026-08-06 11:52:00+00:00,2026-08-06 11:53:00+00:00,4315.4,2.1857142857141816,4315.9,-0.23569023569023712,-0.45751633986930285,0.22875816993465142,2.333333333333611,2.6535947712420396
RITHMIC_RAW,D_NEXT_OPEN,2026-08-06 14:26:00+00:00,LONG,2026-08-06 14:27:00+00:00,2026-08-06 14:28:00+00:00,4323.0,3.3857142857141946,4322.1,0.27510917030557547,0.8565400843881013,1.3881856540084225,1.5063291139241985,2.894514767932621
RITHMIC_RAW,D_NEXT_OPEN,2026-08-06 15:02:00+00:00,LONG,2026-08-06 15:04:00+00:00,2026-08-06 15:05:00+00:00,4329.4,2.607142857142987,4328.9,0.17811704834605102,-0.11506849315040013,-0.11506849315040013,-1.5726027397257398,-5.331506849314664
RITHMIC_RAW,D_NEXT_OPEN,2026-08-06 15:23:00+00:00,LONG,2026-08-06 15:24:00+00:00,2026-08-06 15:25:00+00:00,4313.9,2.94285714285726,4311.4,0.8641975308641782,0.2378640776701407,0.40776699029149316,-0.16990291262135246,-1.1893203883494672
RITHMIC_RAW,D_NEXT_OPEN,2026-08-06 15:36:00+00:00,LONG,2026-08-06 15:37:00+00:00,2026-08-06 15:38:00+00:00,4308.8,2.942857142857455,4306.6,0.7567567567566299,0.5776699029124983,0.44174757281554894,-0.06796116504847467,-1.4611650485435963
RITHMIC_RAW,D_NEXT_OPEN,2026-08-07 09:18:00+00:00,SHORT,2026-08-07 09:19:00+00:00,2026-08-07 09:20:00+00:00,4366.0,1.4285714285713635,4366.6,0.4097560975612422,-0.7000000000000318,-1.8899999999999586,-2.870000000000385,1.4000000000000636
RITHMIC_RAW,D_NEXT_OPEN,2026-08-07 09:27:00+00:00,LONG,2026-08-07 09:29:00+00:00,2026-08-07 09:30:00+00:00,4366.4,1.6214285714283636,4368.4,-1.365853658536767,-1.6651982378855639,-1.7885462555066127,-1.4801762114537098,6.414096916300718
RITHMIC_RAW,D_NEXT_OPEN,2026-08-07 09:44:00+00:00,LONG,2026-08-07 09:45:00+00:00,2026-08-07 09:46:00+00:00,4377.6,2.1785714285714937,4376.8,0.37086092715240443,0.5508196721310475,-0.9639344262296464,0.27540983606531505,-0.13770491803286627
RITHMIC_RAW,D_NEXT_OPEN,2026-08-07 13:14:00+00:00,SHORT,2026-08-07 13:15:00+00:00,2026-08-07 13:16:00+00:00,4405.6,3.8642857142856752,4407.9,0.5384615384613665,0.388170055452869,1.1386321626618903,-1.164510166358607,-2.61367837338251
RITHMIC_RAW,D_NEXT_OPEN,2026-08-07 13:18:00+00:00,LONG,2026-08-07 13:19:00+00:00,2026-08-07 13:20:00+00:00,4407.4,3.914285714285662,4401.2,1.6986301369862697,0.6897810218980053,0.051094890511135464,0.8175182481753792,1.5583941605840552
RITHMIC_RAW,D_NEXT_OPEN,2026-08-07 14:24:00+00:00,SHORT,2026-08-07 14:25:00+00:00,2026-08-07 14:26:00+00:00,4410.6,4.378571428571312,4411.3,0.1475903614457476,0.3654159869495219,0.13703099510612263,1.1419249592169962,0.4339314845025832
RITHMIC_RAW,D_NEXT_OPEN,2026-08-07 14:54:00+00:00,SHORT,2026-08-07 14:56:00+00:00,2026-08-07 14:57:00+00:00,4404.9,3.11428571428587,4405.5,0.18025751072971458,0.770642201834707,1.1559633027520604,-0.22477064220205725,-0.9311926605505874
RITHMIC_RAW,D_NEXT_OPEN,2026-08-07 16:24:00+00:00,SHORT,2026-08-07 16:25:00+00:00,2026-08-07 16:26:00+00:00,4395.9,2.749999999999935,4397.7,0.6885245901640142,0.1818181818181861,-0.32727272727293344,0.2909090909088332,-1.3090909090910723
RITHMIC_RAW,D_NEXT_OPEN,2026-08-10 00:57:00+00:00,SHORT,2026-08-10 00:58:00+00:00,2026-08-10 00:59:00+00:00,4390.0,1.907142857143039,4391.3,0.7000000000000489,-0.6816479400749367,-3.4606741573032314,-1.8876404494382129,4.037453183520118
RITHMIC_RAW,D_NEXT_OPEN,2026-08-10 03:36:00+00:00,SHORT,2026-08-10 03:38:00+00:00,2026-08-10 03:39:00+00:00,4386.5,1.5428571428571038,4389.1,1.6177777777780695,-0.7129629629632168,0.6481481481481646,0.38888888888913453,-1.2962962962963291
RITHMIC_RAW,D_NEXT_OPEN,2026-08-10 04:45:00+00:00,LONG,2026-08-10 04:47:00+00:00,2026-08-10 04:48:00+00:00,4394.8,1.8214285714285066,4392.0,1.7192982456142016,-0.4392156862746253,-0.6588235294116883,-0.7137254901962037,0.4941176470586414
RITHMIC_RAW,D_NEXT_OPEN,2026-08-10 05:27:00+00:00,LONG,2026-08-10 05:28:00+00:00,2026-08-10 05:29:00+00:00,4394.0,1.0785714285713897,4393.9,0.09210526315823091,-0.2781456953644171,2.132450331126073,4.079470198675306,7.046357615894631
RITHMIC_RAW,D_NEXT_OPEN,2026-08-10 05:37:00+00:00,LONG,2026-08-10 05:39:00+00:00,2026-08-10 05:40:00+00:00,4401.9,2.3785714285713118,4400.4,0.6752411575563017,0.8408408408408822,0.4204204204204411,0.8408408408408822,2.8588588588590755
RITHMIC_RAW,D_NEXT_OPEN,2026-08-10 10:30:00+00:00,SHORT,2026-08-10 10:32:00+00:00,2026-08-10 10:33:00+00:00,4400.3,1.299999999999987,4402.9,2.233128834355335,0.07692307692335754,-0.15384615384601547,1.461538461538896,2.461538461538346
RITHMIC_RAW,D_NEXT_OPEN,2026-08-10 15:14:00+00:00,LONG,2026-08-10 15:15:00+00:00,2026-08-10 15:16:00+00:00,4408.0,2.550000000000182,4406.4,0.6808510638298931,0.07843137254894268,0.8235294117647898,1.254901960784153,0.6274509803922548
RITHMIC_RAW,D_NEXT_OPEN,2026-08-10 19:54:00+00:00,SHORT,2026-08-10 19:55:00+00:00,2026-08-10 19:56:00+00:00,4448.5,1.999999999999935,4451.2,1.4823529411764236,0.5999999999999286,0.5999999999999286,-0.30000000000019167,1.1500000000001283
RITHMIC_RAW,D_NEXT_OPEN,2026-08-10 23:04:00+00:00,LONG,2026-08-10 23:05:00+00:00,2026-08-10 23:06:00+00:00,4460.1,1.4785714285712857,4458.2,1.3233830845775902,0.0,-1.6908212560388107,-2.7729468599038958,-3.7874396135271824
RITHMIC_RAW,D_NEXT_OPEN,2026-08-11 01:57:00+00:00,SHORT,2026-08-11 01:59:00+00:00,2026-08-11 02:00:00+00:00,4489.4,2.8142857142856235,4490.5,0.3657957244656839,0.9949238578677939,1.1015228426394355,0.9238578680201405,-1.634517766497644
RITHMIC_RAW,D_NEXT_OPEN,2026-08-11 06:16:00+00:00,SHORT,2026-08-11 06:18:00+00:00,2026-08-11 06:19:00+00:00,4431.9,2.55714285714274,4432.9,0.40462427745667506,1.212290502793138,1.446927374301671,0.03910614525118503,4.223463687150747
RITHMIC_RAW,D_NEXT_OPEN,2026-08-11 07:49:00+00:00,LONG,2026-08-11 07:51:00+00:00,2026-08-11 07:52:00+00:00,4419.3,1.4357142857143117,4418.1,0.8983957219249626,0.7661691542284618,-0.20895522388071994,-1.3930348258706216,3.761194029850425
RITHMIC_RAW,D_NEXT_OPEN,2026-08-11 08:08:00+00:00,SHORT,2026-08-11 08:09:00+00:00,2026-08-11 08:10:00+00:00,4424.6,1.8142857142855584,4425.1,0.28000000000003056,-0.33070866141705046,0.3307086614175518,0.1653543307087759,0.6062992125986778
RITHMIC_RAW,D_NEXT_OPEN,2026-08-11 09:26:00+00:00,LONG,2026-08-11 09:27:00+00:00,2026-08-11 09:28:00+00:00,4433.7,1.7071428571428962,4430.9,1.7657657657658228,-1.1129707112968326,-1.9916317991629213,-0.3514644351461158,-1.7573221757321775
RITHMIC_RAW,D_NEXT_OPEN,2026-08-11 11:10:00+00:00,LONG,2026-08-11 11:12:00+00:00,2026-08-11 11:13:00+00:00,4449.8,3.6214285714285586,4449.3,0.14893617021276884,-0.11045364891533846,-0.055226824457543656,-0.4694280078894978,-1.27021696252476
RITHMIC_RAW,D_NEXT_OPEN,2026-08-11 11:31:00+00:00,LONG,2026-08-11 11:33:00+00:00,2026-08-11 11:34:00+00:00,4444.4,1.6571428571426492,4445.7,-0.7615062761508037,0.30172413793107233,0.5431034482762596,-0.784482758620349,0.42241379310394034
RITHMIC_RAW,D_NEXT_OPEN,2026-08-11 14:42:00+00:00,SHORT,2026-08-11 14:43:00+00:00,2026-08-11 14:44:00+00:00,4452.8,2.2785714285715324,4453.1,0.12352941176477747,-0.08777429467076256,-0.30721003134786856,-0.7021943573664997,-0.13166144200634342
RITHMIC_RAW,D_NEXT_OPEN,2026-08-11 15:37:00+00:00,SHORT,2026-08-11 15:38:00+00:00,2026-08-11 15:39:00+00:00,4434.2,2.9714285714285325,4435.9,0.5613207547169259,1.2451923076922629,1.144230769230662,-0.06730769230763198,-0.6057692307692999
RITHMIC_RAW,D_NEXT_OPEN,2026-08-11 19:15:00+00:00,SHORT,2026-08-11 19:17:00+00:00,2026-08-11 19:18:00+00:00,4421.7,1.9499999999998832,4422.6,0.5000000000003249,-0.05128205128224092,-0.615384615384559,-0.7692307692308153,-5.384615384615707
RITHMIC_RAW,D_NEXT_OPEN,2026-08-12 02:05:00+00:00,LONG,2026-08-12 02:06:00+00:00,2026-08-12 02:07:00+00:00,4456.2,1.657142857142779,4455.8,0.23728813559301,-0.5431034482756681,0.4224137931033584,1.267241379310624,3.017241379310487
RITHMIC_RAW,D_NEXT_OPEN,2026-08-12 09:17:00+00:00,LONG,2026-08-12 09:19:00+00:00,2026-08-12 09:20:00+00:00,4475.1,2.0928571428572207,4475.1,0.0,-0.6689419795224202,0.7645051194536358,3.2013651877131046,-0.4300341296930775
RITHMIC_RAW,D_NEXT_OPEN,2026-08-12 23:10:00+00:00,SHORT,2026-08-12 23:12:00+00:00,2026-08-12 23:13:00+00:00,4464.5,0.7857142857142208,4464.0,-0.5737704918033728,0.0,0.0,-1.4000000000005788,-4.454545454545823
RITHMIC_RAW,D_NEXT_OPEN,2026-08-13 11:48:00+00:00,LONG,2026-08-13 11:49:00+00:00,2026-08-13 11:50:00+00:00,4441.2,1.5571428571430002,4440.5,0.4434389140270085,-0.06422018348588218,-0.2568807339446969,-0.06422018348588218,1.6697247706422822
RITHMIC_RAW,D_NEXT_OPEN,2026-08-13 13:10:00+00:00,SHORT,2026-08-13 13:12:00+00:00,2026-08-13 13:13:00+00:00,4449.4,3.592857142857156,4449.9,0.1335877862595406,-0.11133200795243776,0.11133200795218462,-0.5566600397614294,1.5586481113318504
RITHMIC_RAW,D_NEXT_OPEN,2026-08-13 14:38:00+00:00,LONG,2026-08-13 14:39:00+00:00,2026-08-13 14:40:00+00:00,4434.4,4.950000000000013,4431.1,0.6784140969161463,0.22222222222229515,0.22222222222229515,0.8484848484849933,1.373737373737407
RITHMIC_RAW,D_NEXT_OPEN,2026-08-13 19:09:00+00:00,SHORT,2026-08-13 19:10:00+00:00,2026-08-13 19:11:00+00:00,4409.4,1.1285714285715716,4410.0,0.5384615384617896,0.2658227848094482,3.8987341772143735,4.075949367087608,3.4556962025308855
RITHMIC_RAW,D_NEXT_OPEN,2026-08-13 23:23:00+00:00,LONG,2026-08-13 23:25:00+00:00,2026-08-13 23:26:00+00:00,4416.7,2.328571428571325,4414.7,0.8722741433022203,0.3006134969324506,0.4723926380369871,0.5153374233128283,-0.1717791411041459
RITHMIC_RAW,D_NEXT_OPEN,2026-08-14 04:32:00+00:00,LONG,2026-08-14 04:33:00+00:00,2026-08-14 04:34:00+00:00,4379.8,1.142857142857078,4379.7,0.09210526315823643,-0.2625000000001741,0.43750000000002487,0.5249999999995524,0.17499999999985077
RITHMIC_RAW,D_NEXT_OPEN,2026-08-14 06:42:00+00:00,LONG,2026-08-14 06:43:00+00:00,2026-08-14 06:44:00+00:00,4387.0,1.4428571428572599,4386.5,0.3349282296650484,1.108910891089271,1.9405940594059092,2.7029702970292315,2.7029702970292315
RITHMIC_RAW,D_NEXT_OPEN,2026-08-14 10:24:00+00:00,SHORT,2026-08-14 10:26:00+00:00,2026-08-14 10:27:00+00:00,4407.7,1.300000000000052,4410.0,1.8505747126436698,0.30769230769201555,0.30769230769201555,1.8461538461534925,1.0000000000001
RITHMIC_RAW,D_NEXT_OPEN,2026-08-14 11:24:00+00:00,LONG,2026-08-14 11:26:00+00:00,2026-08-14 11:27:00+00:00,4412.0,1.399999999999961,4410.4,1.2800000000003577,0.42857142857170033,0.7857142857145675,2.0000000000001856,4.857142857143122
RITHMIC_RAW,D_NEXT_OPEN,2026-08-14 11:42:00+00:00,SHORT,2026-08-14 11:43:00+00:00,2026-08-14 11:44:00+00:00,4419.6,1.750000000000065,4419.1,-0.2857142857142751,0.4000000000004009,0.8571428571428252,1.0285714285714942,-2.685714285714082
RITHMIC_RAW,D_NEXT_OPEN,2026-08-14 11:52:00+00:00,LONG,2026-08-14 11:53:00+00:00,2026-08-14 11:54:00+00:00,4423.9,1.4214285714286754,4423.3,0.4117647058819491,-0.2814070351756029,-1.1256281407030513,0.2814070351762427,4.291457286432103
RITHMIC_RAW,D_NEXT_OPEN,2026-08-14 12:10:00+00:00,LONG,2026-08-14 12:12:00+00:00,2026-08-14 12:13:00+00:00,4426.9,2.100000000000104,4428.1,-0.5813148788930751,-0.9999999999996906,-0.1904761904760078,-0.0952380952380039,3.5714285714283944
RITHMIC_RAW,D_NEXT_OPEN,2026-08-14 13:53:00+00:00,LONG,2026-08-14 13:55:00+00:00,2026-08-14 13:56:00+00:00,4442.6,2.849999999999974,4441.9,0.23786407767015122,-0.45614035087726096,-0.5263157894736891,2.3508771929824137,0.9473684210525765
RITHMIC_RAW,D_NEXT_OPEN,2026-08-14 13:54:00+00:00,LONG,2026-08-14 13:55:00+00:00,2026-08-14 13:56:00+00:00,4442.6,2.849999999999974,4441.5,0.37108433734952845,-0.45614035087726096,-0.5263157894736891,2.3508771929824137,0.9473684210525765
RITHMIC_RAW,D_NEXT_OPEN,2026-08-14 18:57:00+00:00,LONG,2026-08-14 18:59:00+00:00,2026-08-14 19:00:00+00:00,4430.3,1.0857142857143376,4430.2,0.059574468085323115,-0.6447368421050648,-0.368421052632064,-0.8289473684215156,1.9342105263151945
RITHMIC_RAW,D_NEXT_OPEN,2026-08-14 19:05:00+00:00,LONG,2026-08-14 19:06:00+00:00,2026-08-14 19:07:00+00:00,4431.1,0.9928571428571169,4429.5,1.7364341085275756,-0.7050359712237728,1.9136690647478851,2.014388489208686,2.316546762589256
RITHMIC_RAW,D_NEXT_OPEN,2026-08-17 01:53:00+00:00,SHORT,2026-08-17 01:55:00+00:00,2026-08-17 01:56:00+00:00,4452.5,2.657142857142844,4453.0,0.1842105263157939,0.3387096774192196,0.11290322580652062,0.075268817204233,1.016129032258001
RITHMIC_RAW,D_NEXT_OPEN,2026-08-17 04:59:00+00:00,LONG,2026-08-17 05:00:00+00:00,2026-08-17 05:01:00+00:00,4447.8,1.3857142857141949,4447.1,0.49494949494940726,0.6494845360822543,0.793814432989349,-0.7216494845361298,-2.309278350515484
RITHMIC_RAW,D_NEXT_OPEN,2026-08-17 06:03:00+00:00,LONG,2026-08-17 06:05:00+00:00,2026-08-17 06:06:00+00:00,4453.7,1.6928571428572599,4453.6,0.06034482758587334,-0.2953586497890091,0.0,-1.2405063291135159,-1.1814345991560364
RITHMIC_RAW,D_NEXT_OPEN,2026-08-17 07:48:00+00:00,SHORT,2026-08-17 07:49:00+00:00,2026-08-17 07:50:00+00:00,4463.8,1.6785714285713635,4465.6,1.0632911392406628,-0.29787234042554345,1.7872340425532607,1.6680851063831517,4.348936170213043
RITHMIC_RAW,D_NEXT_OPEN,2026-08-17 07:53:00+00:00,LONG,2026-08-17 07:55:00+00:00,2026-08-17 07:56:00+00:00,4462.0,1.5071428571428183,4461.2,0.5410628019324949,-0.5308056872039258,0.06635071090071702,-2.1232227488151,-4.113744075829369
RITHMIC_RAW,D_NEXT_OPEN,2026-08-17 08:25:00+00:00,LONG,2026-08-17 08:27:00+00:00,2026-08-17 08:28:00+00:00,4458.9,1.1142857142856104,4458.9,0.0,-0.35897435897406593,-1.8846153846150706,-2.243589743589953,-4.128205128205023
RITHMIC_RAW,D_NEXT_OPEN,2026-08-17 09:47:00+00:00,SHORT,2026-08-17 09:48:00+00:00,2026-08-17 09:49:00+00:00,4450.7,1.300000000000052,4450.9,0.14659685863860733,-1.0000000000001,-1.1538461538461078,0.0,0.15384615384600778
RITHMIC_RAW,D_NEXT_OPEN,2026-08-17 09:51:00+00:00,SHORT,2026-08-17 09:52:00+00:00,2026-08-17 09:53:00+00:00,4450.4,1.450000000000143,4452.2,1.3404255319148863,-0.20689655172424298,0.06896551724099617,-0.0689655172416234,-1.7241379310343128
RITHMIC_RAW,D_NEXT_OPEN,2026-08-17 11:42:00+00:00,SHORT,2026-08-17 11:43:00+00:00,2026-08-17 11:44:00+00:00,4457.5,1.3214285714286365,4458.3,0.5989304812835354,0.8324324324326667,0.3027027027024125,1.2108108108110265,3.1783783783780843
RITHMIC_RAW,D_NEXT_OPEN,2026-08-17 18:29:00+00:00,SHORT,2026-08-17 18:31:00+00:00,2026-08-17 18:32:00+00:00,4458.2,2.307142857142805,4463.2,2.4305555555555403,-0.9969040247679032,0.6934984520121631,0.9535603715169706,-0.3900928792572113
RITHMIC_RAW,D_NEXT_OPEN,2026-08-17 22:58:00+00:00,LONG,2026-08-17 22:59:00+00:00,2026-08-17 23:00:00+00:00,4468.1,0.8928571428570778,4467.6,0.5785123966942844,0.6719999999994377,0.11199999999939697,1.6800000000001223,2.9119999999996007
RITHMIC_RAW,D_NEXT_OPEN,2026-08-17 23:28:00+00:00,LONG,2026-08-17 23:30:00+00:00,2026-08-17 23:31:00+00:00,4477.1,1.2714285714287143,4476.6,0.35175879396980747,0.7865168539324958,0.15730337078635612,0.6292134831454245,1.1797752808987438
RITHMIC_RAW,D_NEXT_OPEN,2026-08-17 23:37:00+00:00,SHORT,2026-08-17 23:39:00+00:00,2026-08-17 23:40:00+00:00,4477.5,1.200000000000078,4478.0,0.38043478260868435,0.7499999999996482,-0.16666666666650426,-1.33333333333355,-2.166666666666829
RITHMIC_RAW,D_NEXT_OPEN,2026-08-18 01:55:00+00:00,SHORT,2026-08-18 01:56:00+00:00,2026-08-18 01:57:00+00:00,4464.6,3.11428571428574,4465.4,0.25512528473781104,-0.09633027522912337,0.0,1.5733944954130061,3.050458715596305
RITHMIC_RAW,D_NEXT_OPEN,2026-08-18 02:29:00+00:00,SHORT,2026-08-18 02:30:00+00:00,2026-08-18 02:31:00+00:00,4456.9,1.4428571428569998,4458.7,1.2537313432838564,-0.06930693069332831,2.2178217821783117,2.5643564356436923,4.158415841584571
RITHMIC_RAW,D_NEXT_OPEN,2026-08-18 03:18:00+00:00,LONG,2026-08-18 03:20:00+00:00,2026-08-18 03:21:00+00:00,4453.2,1.800000000000052,4453.2,0.0,-0.6666666666665464,-1.3333333333330928,-1.0555555555553229,-0.3888888888887766
RITHMIC_RAW,D_NEXT_OPEN,2026-08-18 07:28:00+00:00,LONG,2026-08-18 07:29:00+00:00,2026-08-18 07:30:00+00:00,4459.1,1.2714285714285845,4458.0,0.7979274611401527,0.07865168539282842,-1.8089887640450684,-4.797752808989001,-1.3370786516859519
RITHMIC_RAW,D_NEXT_OPEN,2026-08-18 10:48:00+00:00,LONG,2026-08-18 10:50:00+00:00,2026-08-18 10:51:00+00:00,4456.0,1.0071428571428183,4455.4,0.5833333333337019,-1.191489361701993,-2.184397163120471,-2.382978723403986,-4.96453900709239
RITHMIC_RAW,D_NEXT_OPEN,2026-08-18 13:05:00+00:00,SHORT,2026-08-18 13:06:00+00:00,2026-08-18 13:07:00+00:00,4449.8,2.5857142857142077,4452.2,0.9333333333332154,1.3922651933703485,1.662983425414485,1.0828729281768985,0.4640883977899989
RITHMIC_RAW,D_NEXT_OPEN,2026-08-18 14:01:00+00:00,LONG,2026-08-18 14:03:00+00:00,2026-08-18 14:04:00+00:00,4461.3,3.5285714285714675,4457.3,1.2095032397407923,-0.2550607287450911,-1.3319838056679498,-1.2186234817814146,-0.5384615384616872
RITHMIC_RAW,D_NEXT_OPEN,2026-08-18 19:53:00+00:00,SHORT,2026-08-18 19:55:00+00:00,2026-08-18 19:56:00+00:00,4399.6,2.8214285714286365,4399.1,-0.1856763925729407,0.8506329113925789,0.28354430379752626,0.3544303797468273,0.8506329113925789
RITHMIC_RAW,D_NEXT_OPEN,2026-08-18 23:27:00+00:00,SHORT,2026-08-18 23:28:00+00:00,2026-08-18 23:29:00+00:00,4383.4,1.849999999999974,4385.0,0.8784313725492193,0.16216216216177112,-0.7567567567570623,1.4054054054051301,0.9729729729725933
RITHMIC_RAW,D_NEXT_OPEN,2026-08-19 01:47:00+00:00,SHORT,2026-08-19 01:48:00+00:00,2026-08-19 01:49:00+00:00,4406.2,2.3071428571428703,4407.7,0.6461538461538461,0.6934984520121434,-0.47678018575866893,-0.1300309597524001,-0.2600619195048002
RITHMIC_RAW,D_NEXT_OPEN,2026-08-19 02:14:00+00:00,SHORT,2026-08-19 02:15:00+00:00,2026-08-19 02:16:00+00:00,4406.6,2.0714285714287013,4407.0,0.1944444444442541,-1.9793103448271987,-2.703448275861636,-3.0896551724134236,-2.4137931034481244
RITHMIC_RAW,D_NEXT_OPEN,2026-08-19 04:33:00+00:00,LONG,2026-08-19 04:35:00+00:00,2026-08-19 04:36:00+00:00,4403.6,0.9714285714285974,4403.9,-0.2896551724130906,-0.10294117647095997,-3.0882352941175646,-3.705882352941452,-5.4558823529412175
RITHMIC_RAW,D_NEXT_OPEN,2026-08-19 08:05:00+00:00,SHORT,2026-08-19 08:07:00+00:00,2026-08-19 08:08:00+00:00,4411.7,1.9714285714285975,4410.8,-0.5142857142855064,-0.10144927536222523,-2.0797101449276933,-1.7246376811596742,-0.10144927536222523
RITHMIC_RAW,D_NEXT_OPEN,2026-08-19 08:07:00+00:00,LONG,2026-08-19 08:08:00+00:00,2026-08-19 08:09:00+00:00,4412.2,2.0571428571428703,4411.8,0.20289855072445045,1.2152777777777701,1.4097222222224786,1.1666666666669245,-0.243055555555554
RITHMIC_RAW,D_NEXT_OPEN,2026-08-19 10:14:00+00:00,LONG,2026-08-19 10:16:00+00:00,2026-08-19 10:17:00+00:00,4420.2,1.2714285714285194,4418.4,1.5272727272729658,1.6516853932587807,2.044943820225089,1.9662921348315412,1.6516853932587807
RITHMIC_RAW,D_NEXT_OPEN,2026-08-19 15:10:00+00:00,LONG,2026-08-19 15:12:00+00:00,2026-08-19 15:13:00+00:00,4543.2,3.200000000000078,4540.9,0.7419354838710015,0.3437500000001053,0.7187500000000393,0.12500000000016748,-0.9374999999999771
RITHMIC_RAW,D_NEXT_OPEN,2026-08-19 18:00:00+00:00,LONG,2026-08-19 18:01:00+00:00,2026-08-19 18:02:00+00:00,4549.0,1.5571428571430002,4547.8,0.8155339805823142,1.4770642201834674,3.082568807339283,-1.4770642201834674,-4.30275229357747
RITHMIC_RAW,D_NEXT_OPEN,2026-08-19 18:35:00+00:00,SHORT,2026-08-19 18:36:00+00:00,2026-08-19 18:37:00+00:00,4537.9,3.1214285714286882,4539.4,0.4849884526558769,-0.09610983981698831,-1.3775743707093888,-3.2677345537758544,-3.94050343249419
RITHMIC_RAW,D_NEXT_OPEN,2026-08-19 19:39:00+00:00,SHORT,2026-08-19 19:41:00+00:00,2026-08-19 19:42:00+00:00,4562.4,2.057142857142935,4563.7,0.6297577854671844,-0.04861111111128612,-1.0208333333334716,-0.3402777777781186,-3.013888888889128
RITHMIC_RAW,D_NEXT_OPEN,2026-08-20 01:48:00+00:00,LONG,2026-08-20 01:50:00+00:00,2026-08-20 01:51:00+00:00,4547.8,2.599999999999974,4550.6,-1.1104815864023327,-0.5000000000000749,-1.500000000000225,-1.3461538461538596,2.9230769230767426
RITHMIC_RAW,D_NEXT_OPEN,2026-08-20 03:18:00+00:00,SHORT,2026-08-20 03:20:00+00:00,2026-08-20 03:21:00+00:00,4550.4,1.907142857142974,4548.7,-0.9794238683126452,0.2097378277151522,-0.786516853932536,-0.786516853932536,-1.9400749063673037
RITHMIC_RAW,D_NEXT_OPEN,2026-08-20 04:03:00+00:00,SHORT,2026-08-20 04:04:00+00:00,2026-08-20 04:05:00+00:00,4552.9,1.4285714285713635,4553.6,0.5077720207259595,-0.5600000000001528,-0.8400000000005475,-0.8400000000005475,-0.7000000000000318
RITHMIC_RAW,D_NEXT_OPEN,2026-08-20 05:55:00+00:00,LONG,2026-08-20 05:57:00+00:00,2026-08-20 05:58:00+00:00,4537.8,1.3428571428572857,4536.2,1.2043010752690086,0.9680851063830112,-0.3723404255318753,2.6808510638290954,8.265957446807224
RITHMIC_RAW,D_NEXT_OPEN,2026-08-20 09:56:00+00:00,LONG,2026-08-20 09:57:00+00:00,2026-08-20 09:58:00+00:00,4539.7,1.5500000000001168,4539.2,0.3124999999999797,0.7096774193550199,-0.2580645161287781,-0.12903225806438906,3.870967741935192
RITHMIC_RAW,D_NEXT_OPEN,2026-08-20 09:57:00+00:00,SHORT,2026-08-20 09:59:00+00:00,2026-08-20 10:00:00+00:00,4538.8,1.5785714285716494,4539.5,0.45161290322565506,-0.3167420814479195,-0.44343891402697205,-2.090497737556384,-5.257918552035578
RITHMIC_RAW,D_NEXT_OPEN,2026-08-20 12:03:00+00:00,SHORT,2026-08-20 12:04:00+00:00,2026-08-20 12:05:00+00:00,4513.4,3.049999999999987,4514.9,0.48951048951049364,0.5901639344259935,1.409836065573538,0.3278688524590178,-2.9836065573771813
RITHMIC_RAW,D_NEXT_OPEN,2026-08-20 14:01:00+00:00,SHORT,2026-08-20 14:03:00+00:00,2026-08-20 14:04:00+00:00,4539.6,3.4857142857141037,4544.3,1.3428571428571408,0.3442622950821939,0.31557377049192414,-0.05737704918027868,-1.204918032786896
RITHMIC_RAW,D_NEXT_OPEN,2026-08-20 18:51:00+00:00,LONG,2026-08-20 18:52:00+00:00,2026-08-20 18:53:00+00:00,4580.5,1.349999999999909,4579.1,1.088888888888661,-0.22222222222237192,-0.29629629629604676,-0.07407407407434854,0.07407407407434854
RITHMIC_RAW,D_NEXT_OPEN,2026-08-20 20:00:00+00:00,SHORT,2026-08-20 20:01:00+00:00,2026-08-20 20:02:00+00:00,4582.8,2.0785714285713897,4584.7,0.946619217081657,0.0,-0.24054982817869866,0.09621993127139196,2.3573883161515092
RITHMIC_RAW,D_NEXT_OPEN,2026-08-21 00:27:00+00:00,SHORT,2026-08-21 00:29:00+00:00,2026-08-21 00:30:00+00:00,4571.9,2.2571428571428833,4575.3,1.576158940397566,0.4873417721516513,0.31012658227839685,0.31012658227839685,0.6645569620253088
RITHMIC_RAW,D_NEXT_OPEN,2026-08-21 03:03:00+00:00,SHORT,2026-08-21 03:04:00+00:00,2026-08-21 03:05:00+00:00,4590.0,2.7214285714287274,4592.6,0.9864498644987442,0.0,-0.14698162729644582,-0.3307086614171702,0.29396325459322586
RITHMIC_RAW,D_NEXT_OPEN,2026-08-21 08:24:00+00:00,SHORT,2026-08-21 08:26:00+00:00,2026-08-21 08:27:00+00:00,4636.5,2.7428571428573116,4634.5,-0.750670241286823,-0.43749999999990674,-0.07291666666659587,0.3281249999998472,-1.0208333333333368
RITHMIC_RAW,D_NEXT_OPEN,2026-08-21 08:58:00+00:00,LONG,2026-08-21 08:59:00+00:00,2026-08-21 09:00:00+00:00,4641.1,1.6357142857141949,4639.4,1.0672645739915665,0.06113537117870908,-0.3056768558952135,1.1004366812223236,9.659388646288301
RITHMIC_RAW,D_NEXT_OPEN,2026-08-21 11:53:00+00:00,SHORT,2026-08-21 11:55:00+00:00,2026-08-21 11:56:00+00:00,4654.9,2.0285714285714675,4653.5,-0.6644067796608443,0.04929577464761737,0.29577464788704927,0.49295774647886376,3.2042253521126143
RITHMIC_RAW,D_NEXT_OPEN,2026-08-21 12:56:00+00:00,LONG,2026-08-21 12:58:00+00:00,2026-08-21 12:59:00+00:00,4633.9,2.414285714285857,4635.1,-0.46666666666694956,0.3313609467456179,2.0710059171596407,2.1124260355029842,2.816568047337187
RITHMIC_RAW,D_NEXT_OPEN,2026-08-21 14:26:00+00:00,LONG,2026-08-21 14:27:00+00:00,2026-08-21 14:28:00+00:00,4658.4,2.557142857143,4655.5,1.2530864197528377,0.39106145251394464,-0.4692737430166624,-2.2290502793294134,-6.96089385474793
RITHMIC_RAW,D_NEXT_OPEN,2026-08-21 15:25:00+00:00,SHORT,2026-08-21 15:26:00+00:00,2026-08-21 15:27:00+00:00,4658.2,2.857142857142857,4658.9,0.25520833333327547,-0.35,-0.7350000000001273,0.175,-2.7300000000000635
RITHMIC_RAW,D_NEXT_OPEN,2026-08-21 16:52:00+00:00,LONG,2026-08-21 16:53:00+00:00,2026-08-21 16:54:00+00:00,4684.2,1.7928571428572988,4682.5,0.9189189189187368,0.3904382470118168,0.05577689243047695,1.059760956175511,3.011952191235102
RITHMIC_RAW,D_NEXT_OPEN,2026-08-21 16:56:00+00:00,LONG,2026-08-21 16:58:00+00:00,2026-08-21 16:59:00+00:00,4686.0,1.6071428571428572,4684.3,1.021459227467654,0.37333333333355967,0.12444444444433125,0.6222222222222222,-3.2355555555554423
RITHMIC_RAW,D_NEXT_OPEN,2026-08-21 17:49:00+00:00,LONG,2026-08-21 17:50:00+00:00,2026-08-21 17:51:00+00:00,4678.3,1.999999999999805,4676.2,1.0848708487088061,-0.25000000000002437,-0.25000000000002437,-0.09999999999991879,2.2999999999999514
RITHMIC_RAW,D_NEXT_OPEN,2026-08-23 23:00:00+00:00,LONG,2026-08-23 23:02:00+00:00,2026-08-23 23:03:00+00:00,4665.1,1.2142857142858443,4663.3,1.2923076923077625,0.2470588235287861,-1.4000000000004493,-0.7411764705886054,0.08235294117601237
RITHMIC_RAW,D_NEXT_OPEN,2026-08-24 00:38:00+00:00,SHORT,2026-08-24 00:39:00+00:00,2026-08-24 00:40:00+00:00,4658.6,5.114285714285805,4660.6,0.3562340966921062,-0.7625698324021499,-0.782122905027919,-1.0754189944133887,-3.0698324022345465
RITHMIC_RAW,D_NEXT_OPEN,2026-08-24 06:58:00+00:00,LONG,2026-08-24 07:00:00+00:00,2026-08-24 07:01:00+00:00,4707.9,2.442857142857065,4706.3,0.6871165644169742,-1.5146198830409094,-1.3508771929822014,-0.8596491228068216,-2.005847953216289
RITHMIC_RAW,D_NEXT_OPEN,2026-08-24 11:53:00+00:00,LONG,2026-08-24 11:54:00+00:00,2026-08-24 11:55:00+00:00,4716.5,4.571428571428571,4712.0,0.9692307692307556,0.04374999999996021,-0.3937500000000398,-0.3718749999999602,-0.875
RITHMIC_RAW,D_NEXT_OPEN,2026-08-24 13:25:00+00:00,LONG,2026-08-24 13:26:00+00:00,2026-08-24 13:27:00+00:00,4729.1,3.092857142857156,4728.0,0.3445190156600706,0.7759815242493018,0.32332563510392476,0.872979214780538,0.5173210161661032
RITHMIC_RAW,D_NEXT_OPEN,2026-08-24 14:10:00+00:00,SHORT,2026-08-24 14:11:00+00:00,2026-08-24 14:12:00+00:00,4721.2,4.32857142857152,4728.4,1.7872340425531004,-0.06930693069310986,-0.2541254125413328,1.617161716171583,-1.2475247524753472
RITHMIC_RAW,D_NEXT_OPEN,2026-08-24 15:30:00+00:00,SHORT,2026-08-24 15:31:00+00:00,2026-08-24 15:32:00+00:00,4731.7,2.899999999999896,4732.8,0.40314136125668937,0.8965517241377751,0.7586206896551368,0.31034482758609255,4.137931034482907
RITHMIC_RAW,D_NEXT_OPEN,2026-08-25 01:17:00+00:00,SHORT,2026-08-25 01:19:00+00:00,2026-08-25 01:20:00+00:00,4734.5,3.6642857142857923,4732.9,-0.40579710144936226,0.7914230019492016,1.1189083820663523,3.0019493177387275,2.7017543859647555
RITHMIC_RAW,D_NEXT_OPEN,2026-08-25 01:57:00+00:00,SHORT,2026-08-25 01:58:00+00:00,2026-08-25 01:59:00+00:00,4714.6,3.7357142857144288,4719.4,1.3333333333330686,-0.02676864244727164,-0.6424474187379278,1.87380497131924,5.2734225621414845
RITHMIC_RAW,D_NEXT_OPEN,2026-08-25 02:10:00+00:00,SHORT,2026-08-25 02:12:00+00:00,2026-08-25 02:13:00+00:00,4696.6,4.721428571428597,4701.0,0.9433384379784668,0.3600605143723155,-0.38124054462919327,-1.2072617246595616,-3.3888048411497547
RITHMIC_RAW,D_NEXT_OPEN,2026-08-25 02:56:00+00:00,SHORT,2026-08-25 02:57:00+00:00,2026-08-25 02:58:00+00:00,4680.9,6.0428571428571685,4682.2,0.20658342792284304,0.21513002364054062,-0.8108747044918126,-0.2813238770686771,-1.6713947990544267
RITHMIC_RAW,D_NEXT_OPEN,2026-08-25 03:04:00+00:00,LONG,2026-08-25 03:05:00+00:00,2026-08-25 03:06:00+00:00,4685.2,4.071428571428506,4679.5,1.1432664756446747,1.1052631578947545,1.4491228070177011,1.866666666666786,1.3508771929824777
RITHMIC_RAW,D_NEXT_OPEN,2026-08-25 05:32:00+00:00,LONG,2026-08-25 05:33:00+00:00,2026-08-25 05:34:00+00:00,4699.0,2.0928571428570257,4696.6,1.150684931506718,-0.430034129692683,0.47781569965872983,0.7167235494880947,-2.29351535836199
RITHMIC_RAW,D_NEXT_OPEN,2026-08-25 07:31:00+00:00,SHORT,2026-08-25 07:32:00+00:00,2026-08-25 07:33:00+00:00,4692.5,2.000000000000065,4694.4,0.9637681159418316,0.9999999999999676,0.40000000000007796,0.3000000000001722,-0.550000000000164
RITHMIC_RAW,D_NEXT_OPEN,2026-08-25 09:44:00+00:00,LONG,2026-08-25 09:45:00+00:00,2026-08-25 09:46:00+00:00,4694.5,3.5714285714285716,4692.9,0.4324324324325368,0.0,-0.3640000000000509,0.5319999999998981,-0.755999999999949
RITHMIC_RAW,D_NEXT_OPEN,2026-08-25 10:51:00+00:00,LONG,2026-08-25 10:52:00+00:00,2026-08-25 10:53:00+00:00,4695.7,1.700000000000013,4693.8,1.1465517241377206,0.5882352941176425,0.6470588235296207,0.705882352941064,-0.5294117647056643
RITHMIC_RAW,D_NEXT_OPEN,2026-08-25 11:12:00+00:00,LONG,2026-08-25 11:14:00+00:00,2026-08-25 11:15:00+00:00,4698.5,2.0285714285714027,4696.7,0.9264705882354249,-0.04929577464806729,-0.29577464788750707,0.5422535211269468,-0.6408450704226331
RITHMIC_RAW,D_NEXT_OPEN,2026-08-25 15:41:00+00:00,SHORT,2026-08-25 15:43:00+00:00,2026-08-25 15:44:00+00:00,4711.6,3.6714285714284154,4714.3,0.7132075471698001,-0.40856031128406406,-0.24513618677033935,0.7354085603115135,1.0077821011675563
RITHMIC_RAW,D_NEXT_OPEN,2026-08-25 19:35:00+00:00,SHORT,2026-08-25 19:37:00+00:00,2026-08-25 19:38:00+00:00,4715.4,1.4928571428571817,4716.0,0.3800904977377964,-0.334928229665063,-0.669856459330126,-1.6746411483253152,-5.090909090909202
RITHMIC_RAW,D_NEXT_OPEN,2026-08-26 03:19:00+00:00,LONG,2026-08-26 03:20:00+00:00,2026-08-26 03:21:00+00:00,4705.2,1.5285714285714025,4704.4,0.4912280701755463,1.570093457944309,0.6542056074766467,1.373831775701196,0.9158878504676623
RITHMIC_RAW,D_NEXT_OPEN,2026-08-26 07:53:00+00:00,SHORT,2026-08-26 07:55:00+00:00,2026-08-26 07:56:00+00:00,4682.9,1.8714285714285583,4684.1,0.6588235294121642,-0.26717557251908586,-1.2290076335878921,-0.5343511450381717,0.053435114503525574
RITHMIC_RAW,D_NEXT_OPEN,2026-08-26 09:11:00+00:00,SHORT,2026-08-26 09:13:00+00:00,2026-08-26 09:14:00+00:00,4680.5,2.164285714285662,4681.8,0.6169491525424592,0.0924092409240106,1.1089108910889676,1.47854785478543,3.6039603960397746
RITHMIC_RAW,D_NEXT_OPEN,2026-08-26 10:29:00+00:00,LONG,2026-08-26 10:31:00+00:00,2026-08-26 10:32:00+00:00,4673.6,1.7857142857142208,4670.8,1.7578475336324586,0.2239999999998044,1.0079999999996292,1.1759999999997373,3.0239999999999063
RITHMIC_RAW,D_NEXT_OPEN,2026-08-26 10:48:00+00:00,LONG,2026-08-26 10:49:00+00:00,2026-08-26 10:50:00+00:00,4679.7,1.2214285714286623,4679.6,0.0818713450287869,-0.16374269005831843,-0.9005847953211237,-0.9824561403506551,-2.6198830409353286
RITHMIC_RAW,D_NEXT_OPEN,2026-08-26 11:16:00+00:00,LONG,2026-08-26 11:17:00+00:00,2026-08-26 11:18:00+00:00,4676.5,1.19285714285713,4676.1,0.3236994219650371,1.5928143712571974,0.0838323353296472,-3.017964071856625,1.1736526946104862
RITHMIC_RAW,D_NEXT_OPEN,2026-08-26 13:13:00+00:00,LONG,2026-08-26 13:14:00+00:00,2026-08-26 13:15:00+00:00,4666.2,4.46428571428565,4664.8,0.3067292644756654,-0.5152000000000482,-0.9855999999999328,0.17920000000004335,0.06720000000004173
RITHMIC_RAW,D_NEXT_OPEN,2026-08-26 14:58:00+00:00,SHORT,2026-08-26 14:59:00+00:00,2026-08-26 15:00:00+00:00,4658.5,3.650000000000026,4662.4,1.1543340380548561,0.43835616438365815,1.8904109589039964,1.4246575342465153,3.972602739725999
RITHMIC_RAW,D_NEXT_OPEN,2026-08-26 18:06:00+00:00,SHORT,2026-08-26 18:07:00+00:00,2026-08-26 18:08:00+00:00,4656.9,1.7142857142858443,4658.0,0.6724890829696387,0.1166666666665517,-1.341666666666671,-0.9333333333334748,4.083333333333024
RITHMIC_RAW,D_NEXT_OPEN,2026-08-27 01:12:00+00:00,LONG,2026-08-27 01:13:00+00:00,2026-08-27 01:14:00+00:00,4675.5,3.5571428571426753,4674.4,0.30923694779128275,0.9558232931726374,-0.44979919678727387,-0.534136546184664,-0.28112449799198225
RITHMIC_RAW,D_NEXT_OPEN,2026-08-27 07:34:00+00:00,SHORT,2026-08-27 07:35:00+00:00,2026-08-27 07:36:00+00:00,4649.3,2.0071428571428833,4650.2,0.4329896907214691,-1.046263345195444,-0.14946619217090718,-0.6476868327402957,-1.1957295373663512
RITHMIC_RAW,D_NEXT_OPEN,2026-08-27 22:01:00+00:00,SHORT,2026-08-27 22:02:00+00:00,2026-08-27 22:03:00+00:00,4656.3,1.8642857142857403,4659.3,1.7073170731707066,0.053639846743489414,0.8045977011494141,0.1609195402299804,-1.1800766283523765
RITHMIC_RAW,D_NEXT_OPEN,2026-08-28 00:12:00+00:00,SHORT,2026-08-28 00:14:00+00:00,2026-08-28 00:15:00+00:00,4653.8,1.842857142856961,4654.8,0.5072463768116376,1.5736434108531647,3.1472868217058356,3.7984496124034757,3.6356589147289426
RITHMIC_RAW,D_NEXT_OPEN,2026-08-28 02:12:00+00:00,LONG,2026-08-28 02:13:00+00:00,2026-08-28 02:14:00+00:00,4633.8,1.7714285714285194,4632.3,0.9417040358744703,0.16935483870978507,-1.2419354838709016,-0.28225806451613733,1.9758064516129612
RITHMIC_RAW,D_NEXT_OPEN,2026-08-28 02:48:00+00:00,LONG,2026-08-28 02:49:00+00:00,2026-08-28 02:50:00+00:00,4638.8,1.80714285714287,4635.6,1.8744769874475493,-0.38735177865602305,0.4426877470356706,-0.055335968379647556,0.5533596837944624
RITHMIC_RAW,D_NEXT_OPEN,2026-08-28 09:34:00+00:00,SHORT,2026-08-28 09:35:00+00:00,2026-08-28 09:36:00+00:00,4655.9,1.499999999999935,4656.0,0.06278026905852896,-1.0000000000000433,-0.1333333333338242,-1.533333333333521,-2.4000000000003467
RITHMIC_RAW,D_NEXT_OPEN,2026-08-28 10:34:00+00:00,SHORT,2026-08-28 10:35:00+00:00,2026-08-28 10:36:00+00:00,4658.5,1.2571428571427532,4660.6,1.7500000000004736,-0.15909090909077755,1.2727272727276673,1.6704545454549729,3.5
RITHMIC_RAW,D_NEXT_OPEN,2026-08-31 01:43:00+00:00,LONG,2026-08-31 01:45:00+00:00,2026-08-31 01:46:00+00:00,4501.9,4.414285714285662,4501.6,0.06521739130419094,-0.4983818770226184,-3.216828478964398,-2.854368932038745,-4.417475728155392
RITHMIC_RAW,D_NEXT_OPEN,2026-08-31 02:36:00+00:00,LONG,2026-08-31 02:37:00+00:00,2026-08-31 02:38:00+00:00,4459.1,4.30714285714287,4457.6,0.3652173913043479,0.0696517412933632,-1.4394693200664996,-1.0447761194029819,0.9519071310114791
RITHMIC_RAW,D_NEXT_OPEN,2026-08-31 06:36:00+00:00,LONG,2026-08-31 06:37:00+00:00,2026-08-31 06:38:00+00:00,4487.0,2.2428571428571167,4486.6,0.16617210682478006,0.5796178343949924,1.5159235668788364,1.2929936305731013,1.2038216560508883
RITHMIC_RAW,D_NEXT_OPEN,2026-08-31 10:37:00+00:00,LONG,2026-08-31 10:38:00+00:00,2026-08-31 10:39:00+00:00,4501.5,1.542857142857039,4500.7,0.5161290322581862,-0.19444444444457543,-0.8425925925927672,-0.3240740740740959,2.527777777777712
RITHMIC_RAW,D_NEXT_OPEN,2026-08-31 12:13:00+00:00,SHORT,2026-08-31 12:14:00+00:00,2026-08-31 12:15:00+00:00,4508.1,2.6928571428571297,4509.8,0.6449864498644201,0.11140583554383467,0.0,0.22281167108766933,3.4907161803715723
RITHMIC_RAW,D_NEXT_OPEN,2026-08-31 13:09:00+00:00,LONG,2026-08-31 13:11:00+00:00,2026-08-31 13:12:00+00:00,4496.5,3.142857142857273,4496.1,0.13691931540329663,0.06363636363630312,0.19090909090919878,-0.9863636363637113,-0.28636363636350876
RITHMIC_RAW,D_NEXT_OPEN,2026-08-31 13:27:00+00:00,LONG,2026-08-31 13:28:00+00:00,2026-08-31 13:29:00+00:00,4498.3,2.392857142857143,4495.6,1.1962025316455098,-0.417910447761194,-2.67462686567187,-2.7582089552240325,-5.725373134328282
RITHMIC_RAW,D_NEXT_OPEN,2026-08-31 15:01:00+00:00,SHORT,2026-08-31 15:02:00+00:00,2026-08-31 15:03:00+00:00,4479.4,3.357142857142987,4483.2,1.1615720524017517,-0.744680851063801,0.1489361702127602,-0.3574468085108412,-0.5659574468086513
RITHMIC_RAW,D_NEXT_OPEN,2026-08-31 22:20:00+00:00,SHORT,2026-08-31 22:21:00+00:00,2026-08-31 22:22:00+00:00,4496.9,1.2428571428571817,4498.1,1.0181818181823794,-0.2413793103449664,0.2413793103442346,0.08045977011450095,-0.5632183908051654
RITHMIC_RAW,D_NEXT_OPEN,2026-09-01 00:47:00+00:00,SHORT,2026-09-01 00:49:00+00:00,2026-09-01 00:50:00+00:00,4504.8,1.8357142857143376,4502.9,-1.103734439834367,-1.361867704280117,-2.8871595330739477,-0.5447470817120469,3.5953307392997074
RITHMIC_RAW,D_NEXT_OPEN,2026-09-01 03:05:00+00:00,SHORT,2026-09-01 03:07:00+00:00,2026-09-01 03:08:00+00:00,4489.7,1.7428571428571817,4490.4,0.3684210526314782,-0.11475409836054881,-0.17213114754108413,-0.45901639344271705,3.557377049180144
RITHMIC_RAW,D_NEXT_OPEN,2026-09-01 04:55:00+00:00,SHORT,2026-09-01 04:56:00+00:00,2026-09-01 04:57:00+00:00,4476.1,1.8785714285714417,4477.1,0.5691056910569021,0.10646387832738277,0.47908745247177004,-0.47908745247128587,-1.4904942965775492
RITHMIC_RAW,D_NEXT_OPEN,2026-09-01 05:48:00+00:00,LONG,2026-09-01 05:49:00+00:00,2026-09-01 05:50:00+00:00,4493.5,2.5714285714285716,4493.4,0.03684210526329192,-0.4666666666665959,-0.8555555555554848,-0.7000000000000707,-3.266666666666525
RITHMIC_RAW,D_NEXT_OPEN,2026-09-01 07:50:00+00:00,SHORT,2026-09-01 07:51:00+00:00,2026-09-01 07:52:00+00:00,4469.3,2.785714285714351,4470.9,0.5656565656563546,0.3230769230771114,0.5743589743590916,-0.10769230769237047,5.312820512820454
RITHMIC_RAW,D_NEXT_OPEN,2026-09-01 10:22:00+00:00,LONG,2026-09-01 10:24:00+00:00,2026-09-01 10:25:00+00:00,4432.8,2.4357142857143117,4433.4,-0.2463343108502132,-0.08211143695007107,-0.041055718475222235,0.2052785923753644,0.08211143695007107
RITHMIC_RAW,D_NEXT_OPEN,2026-09-01 11:17:00+00:00,LONG,2026-09-01 11:18:00+00:00,2026-09-01 11:19:00+00:00,4424.8,2.1642857142857923,4424.4,0.17948717948742016,0.13861386138621767,0.5082508250822378,0.6468646864684554,2.3564356435640192
RITHMIC_RAW,D_NEXT_OPEN,2026-09-01 17:14:00+00:00,SHORT,2026-09-01 17:16:00+00:00,2026-09-01 17:17:00+00:00,4393.6,2.1357142857144544,4394.6,0.514705882352893,0.3277591973247295,-0.6555183946486073,-0.0936454849497402,-2.575250836120198
RITHMIC_RAW,D_NEXT_OPEN,2026-09-01 20:50:00+00:00,LONG,2026-09-01 20:52:00+00:00,2026-09-01 20:53:00+00:00,4374.9,1.4642857142857142,4375.8,-0.6395939086298058,0.4097560975612241,0.34146341463414637,0.9560975609759825,
RITHMIC_RAW,D_NEXT_OPEN,2026-09-02 00:25:00+00:00,SHORT,2026-09-02 00:26:00+00:00,2026-09-02 00:27:00+00:00,4372.4,3.828571428571325,4376.2,1.0000000000000513,0.8880597014924664,0.10447761194020631,0.6791044776118161,0.20895522388041263
RITHMIC_RAW,D_NEXT_OPEN,2026-09-02 03:35:00+00:00,LONG,2026-09-02 03:36:00+00:00,2026-09-02 03:37:00+00:00,4331.8,2.8857142857143248,4331.2,0.21000000000012256,0.45049504950500746,2.1831683168317166,0.8316831683166943,4.366336633663118
RITHMIC_RAW,D_NEXT_OPEN,2026-09-02 03:50:00+00:00,LONG,2026-09-02 03:52:00+00:00,2026-09-02 03:53:00+00:00,4346.1,2.6071428571427924,4345.4,0.2620320855617722,-0.3452054794522727,0.5369863013697368,1.0356164383561204,1.6493150684929125
RITHMIC_RAW,D_NEXT_OPEN,2026-09-02 06:02:00+00:00,SHORT,2026-09-02 06:03:00+00:00,2026-09-02 06:04:00+00:00,4365.1,1.9357142857144416,4368.3,1.7034220532317126,0.05166051660534983,-0.41328413284091925,-1.0848708487081178,-4.184501845017832
RITHMIC_RAW,D_NEXT_OPEN,2026-09-02 09:31:00+00:00,SHORT,2026-09-02 09:33:00+00:00,2026-09-02 09:34:00+00:00,4355.6,1.8071428571428052,4356.1,0.2928870292887185,-0.8300395256917235,-0.27667984189724115,-0.2213438735175916,-1.6047430830037974
RITHMIC_RAW,D_NEXT_OPEN,2026-09-02 11:57:00+00:00,LONG,2026-09-02 11:59:00+00:00,2026-09-02 12:00:00+00:00,4379.4,2.007142857142818,4377.2,1.08070175438591,0.4483985765127361,-1.6441281138786732,1.1957295373668433,0.4483985765127361
RITHMIC_RAW,D_NEXT_OPEN,2026-09-02 12:14:00+00:00,SHORT,2026-09-02 12:16:00+00:00,2026-09-02 12:17:00+00:00,4378.9,2.7785714285714027,4380.3,0.49746192893419716,-0.3958868894602889,0.1799485861182536,-1.3316195372753385,-1.1516709511570848
RITHMIC_RAW,D_NEXT_OPEN,2026-09-02 15:27:00+00:00,LONG,2026-09-02 15:28:00+00:00,2026-09-02 15:29:00+00:00,4417.5,2.328571428571325,4416.2,0.565217391304462,0.8588957055215106,0.9447852760735836,1.1595092024539613,-1.4171779141105707
RITHMIC_RAW,D_NEXT_OPEN,2026-09-02 20:06:00+00:00,SHORT,2026-09-02 20:07:00+00:00,2026-09-02 20:08:00+00:00,4435.4,1.542857142857169,4435.8,0.23728813559353124,0.45370370370357815,0.5185185185180382,0.9074074074071563,2.3333333333329405
RITHMIC_RAW,D_NEXT_OPEN,2026-09-03 00:55:00+00:00,SHORT,2026-09-03 00:56:00+00:00,2026-09-03 00:57:00+00:00,4436.5,1.7357142857143637,4436.1,-0.2213438735175757,-1.3827160493824444,-2.4773662551440263,1.2674897119339947,-9.851851851851618
RITHMIC_RAW,D_NEXT_OPEN,2026-09-03 03:57:00+00:00,SHORT,2026-09-03 03:58:00+00:00,2026-09-03 03:59:00+00:00,4477.1,1.5214285714285194,4477.5,0.26415094339598844,-0.06572769953016,1.5117370892020492,2.4319248826296693,0.0
RITHMIC_RAW,D_NEXT_OPEN,2026-09-03 04:05:00+00:00,LONG,2026-09-03 04:07:00+00:00,2026-09-03 04:08:00+00:00,4474.6,1.7857142857142208,4472.4,1.3628318584075634,1.8479999999996597,3.3600000000001224,1.7359999999997575,1.400000000000051
RITHMIC_RAW,D_NEXT_OPEN,2026-09-03 05:16:00+00:00,LONG,2026-09-03 05:18:00+00:00,2026-09-03 05:19:00+00:00,4475.0,1.9071428571429092,4473.5,0.8467741935483499,-0.5243445692883753,-2.254681647940109,-3.1985018726592793,1.0486891385767505
RITHMIC_RAW,D_NEXT_OPEN,2026-09-03 05:39:00+00:00,SHORT,2026-09-03 05:40:00+00:00,2026-09-03 05:41:00+00:00,4473.2,2.999999999999935,4474.5,0.4406779661017643,0.0,-0.8999999999999588,-1.73333333333331,-2.4333333333334464
RITHMIC_RAW,D_NEXT_OPEN,2026-09-03 05:49:00+00:00,LONG,2026-09-03 05:50:00+00:00,2026-09-03 05:51:00+00:00,4484.6,2.8785714285715067,4480.9,1.2982456140353251,-0.6253101736973167,-1.3548387096775723,-1.4243176178660926,-2.36228287841191
RITHMIC_RAW,D_NEXT_OPEN,2026-09-03 12:43:00+00:00,SHORT,2026-09-03 12:44:00+00:00,2026-09-03 12:45:00+00:00,4514.9,6.100000000000039,4514.8,-0.01273885350311503,0.016393442622861257,-1.2622950819673244,-2.016393442622968,-4.262295081967186
RITHMIC_RAW,D_NEXT_OPEN,2026-09-03 13:20:00+00:00,LONG,2026-09-03 13:21:00+00:00,2026-09-03 13:22:00+00:00,4527.5,3.4714285714285325,4527.1,0.10980392156852954,0.6625514403292779,1.0370370370371536,-0.8065843621399792,-1.9300411522633438
RITHMIC_RAW,D_NEXT_OPEN,2026-09-03 19:55:00+00:00,LONG,2026-09-03 19:57:00+00:00,2026-09-03 19:58:00+00:00,4525.6,1.4428571428569998,4525.3,0.22340425531931465,-2.28712871287164,-3.881188118812518,-4.019801980198545,-3.6732673267331633
RITHMIC_RAW,D_NEXT_OPEN,2026-09-04 00:58:00+00:00,SHORT,2026-09-04 01:00:00+00:00,2026-09-04 01:01:00+00:00,4530.5,1.9928571428572468,4532.5,1.1067193675888851,1.0035842293906287,2.6093189964155434,4.114695340501486,3.4623655913974862
RITHMIC_RAW,D_NEXT_OPEN,2026-09-04 03:51:00+00:00,LONG,2026-09-04 03:53:00+00:00,2026-09-04 03:54:00+00:00,4515.8,1.042857142857169,4515.7,0.095238095238437,-0.09589041095925056,0.0,-1.9178082191780343,-1.3424657534251472
RITHMIC_RAW,D_NEXT_OPEN,2026-09-04 04:05:00+00:00,SHORT,2026-09-04 04:06:00+00:00,2026-09-04 04:07:00+00:00,4513.9,1.4357142857142466,4515.1,0.8195121951224844,-0.06965174129378762,-0.2089552238807294,-0.9751243781098594,
RITHMIC_RAW,D_NEXT_OPEN,2026-09-04 05:47:00+00:00,SHORT,2026-09-04 05:48:00+00:00,2026-09-04 05:49:00+00:00,4517.6,1.94285714285713,4518.4,0.40727272727235686,0.308823529411954,0.463235294117931,1.6470588235297972,0.5661764705884264
RITHMIC_RAW,D_NEXT_OPEN,2026-09-04 07:25:00+00:00,SHORT,2026-09-04 07:26:00+00:00,2026-09-04 07:27:00+00:00,4515.3,1.6357142857141949,4516.5,0.7210300429183963,-0.8558951965063754,-2.628820960698947,-3.1790393013101093,-5.930131004367031
RITHMIC_RAW,D_NEXT_OPEN,2026-09-04 09:31:00+00:00,SHORT,2026-09-04 09:33:00+00:00,2026-09-04 09:34:00+00:00,4515.0,2.1142857142856752,4513.5,-0.8235294117647353,0.7567567567569428,-0.14189189189198054,0.04729729729747024,-0.0945945945945103
RITHMIC_RAW,D_NEXT_OPEN,2026-09-04 10:33:00+00:00,SHORT,2026-09-04 10:34:00+00:00,2026-09-04 10:35:00+00:00,4519.7,1.700000000000013,4521.1,0.8828828828831982,0.6470588235290858,1.2352941176467283,0.0,-0.8235294117650206
RITHMIC_RAW,D_NEXT_OPEN,2026-09-04 15:06:00+00:00,SHORT,2026-09-04 15:08:00+00:00,2026-09-04 15:09:00+00:00,4481.6,3.942857142857195,4480.8,-0.2174757281553854,-0.4565217391302442,-0.4818840579709158,-0.7862318840578222,-1.699275362318772
RITHMIC_RAW,D_NEXT_OPEN,2026-09-04 19:45:00+00:00,SHORT,2026-09-04 19:46:00+00:00,2026-09-04 19:47:00+00:00,4482.0,1.5071428571429482,4483.2,0.8235294117645223,0.3317535545023496,-0.3317535545023496,-0.19905213270153047,1.0616113744077602
RITHMIC_RAW,D_NEXT_OPEN,2026-09-07 02:00:00+00:00,SHORT,2026-09-07 02:01:00+00:00,2026-09-07 02:02:00+00:00,4451.5,2.5785714285715846,4455.4,1.5918367346936364,-0.8531855955677449,-1.1246537396119791,-0.2326869806095453,0.03878116343504179
RITHMIC_RAW,D_NEXT_OPEN,2026-09-07 03:03:00+00:00,SHORT,2026-09-07 03:05:00+00:00,2026-09-07 03:06:00+00:00,4454.7,1.800000000000052,4454.5,-0.11522633744844969,1.2222222222220858,1.6111111111108625,1.4999999999998557,0.11111111111100684
RITHMIC_RAW,D_NEXT_OPEN,2026-09-07 13:21:00+00:00,SHORT,2026-09-07 13:23:00+00:00,2026-09-07 13:24:00+00:00,4448.4,1.7785714285713377,4449.5,0.6086956521741318,-0.22489959839389262,-0.5622489959839645,-0.39357429718918424,0.28112449799198225
RITHMIC_RAW,D_NEXT_OPEN,2026-09-07 13:24:00+00:00,LONG,2026-09-07 13:25:00+00:00,2026-09-07 13:26:00+00:00,4449.6,1.6142857142856752,4448.8,0.46666666666679046,-0.12389380531018823,-0.30973451327434376,0.4336283185839686,-1.1769911504428443
RITHMIC_RAW,D_NEXT_OPEN,2026-09-07 13:42:00+00:00,SHORT,2026-09-07 13:43:00+00:00,2026-09-07 13:44:00+00:00,4447.6,1.342857142857221,4448.1,0.3684210526315437,-0.7446808510637865,-2.829787234041847,-2.308510638297332,0.7446808510637865
RITHMIC_RAW,D_NEXT_OPEN,2026-09-08 06:06:00+00:00,SHORT,2026-09-08 06:08:00+00:00,2026-09-08 06:09:00+00:00,4458.6,2.464285714285649,4459.0,0.15053763440846965,0.08115942029015248,0.973913043478508,0.771014492753865,4.585507246377007
RITHMIC_RAW,D_NEXT_OPEN,2026-09-08 06:32:00+00:00,SHORT,2026-09-08 06:33:00+00:00,2026-09-08 06:34:00+00:00,4446.4,2.599999999999779,4446.9,0.18041237113403244,-0.15384615384637682,0.9615384615385433,-0.6153846153848076,-2.1153846153847953
RITHMIC_RAW,D_NEXT_OPEN,2026-09-08 07:53:00+00:00,SHORT,2026-09-08 07:54:00+00:00,2026-09-08 07:55:00+00:00,4435.8,2.150000000000026,4436.9,0.49999999999973427,-1.1627906976744045,0.2790697674420263,-0.4186046511626164,1.4883720930231532
RITHMIC_RAW,D_NEXT_OPEN,2026-09-08 17:45:00+00:00,LONG,2026-09-08 17:46:00+00:00,2026-09-08 17:47:00+00:00,4431.4,1.750000000000065,4430.0,0.8448275862066175,0.0571428571430629,0.0,0.4000000000004009,1.0285714285714942
RITHMIC_RAW,D_NEXT_OPEN,2026-09-08 18:25:00+00:00,SHORT,2026-09-08 18:26:00+00:00,2026-09-08 18:27:00+00:00,4429.4,1.3642857142856752,4429.7,0.2245989304814218,0.5863874345544573,-0.5130890052361501,1.9057591623033194,0.806282722512712
RITHMIC_RAW,D_NEXT_OPEN,2026-09-08 19:06:00+00:00,SHORT,2026-09-08 19:07:00+00:00,2026-09-08 19:08:00+00:00,4416.0,3.2285714285715454,4417.4,0.3677298311443622,-0.2168141592919712,-0.40265486725667893,-0.7433628318582675,0.9601769911505204
RITHMIC_RAW,D_NEXT_OPEN,2026-09-09 00:48:00+00:00,LONG,2026-09-09 00:49:00+00:00,2026-09-09 00:50:00+00:00,4400.0,2.314285714285753,4398.6,0.5816023738870767,-0.2592592592594121,0.9938271604938891,1.59876543209866,0.6049382716047709
RITHMIC_RAW,D_NEXT_OPEN,2026-09-09 10:11:00+00:00,SHORT,2026-09-09 10:12:00+00:00,2026-09-09 10:13:00+00:00,4436.4,1.9285714285714934,4436.3,-0.0524344569285496,0.5703703703700682,1.2962962962962528,1.0370370370370021,-0.25925925925925053
RITHMIC_RAW,D_NEXT_OPEN,2026-09-09 10:16:00+00:00,LONG,2026-09-09 10:17:00+00:00,2026-09-09 10:18:00+00:00,4434.4,1.50000000000013,4433.9,0.31111111111109857,0.6666666666666089,3.066666666666644,2.4000000000000346,2.9333333333334433
RITHMIC_RAW,D_NEXT_OPEN,2026-09-09 12:02:00+00:00,SHORT,2026-09-09 12:03:00+00:00,2026-09-09 12:04:00+00:00,4449.4,2.0142857142857014,4450.6,0.4692737430170539,0.3971631205670172,1.9361702127657892,1.5886524822694235,3.773049645389824
RITHMIC_RAW,D_NEXT_OPEN,2026-09-10 02:35:00+00:00,SHORT,2026-09-10 02:37:00+00:00,2026-09-10 02:38:00+00:00,4458.5,2.049999999999922,4458.7,0.09090909090901036,-1.17073170731694,-2.3902439024389377,-2.1951219512195954,-2.243902439024653
RITHMIC_RAW,D_NEXT_OPEN,2026-09-10 03:04:00+00:00,SHORT,2026-09-10 03:05:00+00:00,2026-09-10 03:06:00+00:00,4459.4,1.600000000000104,4460.6,0.7567567567571598,0.6874999999996142,2.312499999999736,0.37499999999963457,1.1249999999994722
RITHMIC_RAW,D_NEXT_OPEN,2026-09-10 05:41:00+00:00,LONG,2026-09-10 05:42:00+00:00,2026-09-10 05:43:00+00:00,4471.9,2.899999999999896,4467.0,1.8440860215053387,-0.31034482758609255,-0.13793103448263813,-0.13793103448263813,-0.7586206896551368
RITHMIC_RAW,D_NEXT_OPEN,2026-09-10 11:05:00+00:00,LONG,2026-09-10 11:07:00+00:00,2026-09-10 11:08:00+00:00,4424.2,3.2285714285714158,4425.5,-0.400000000000056,0.21681415929197992,-0.3097345132743375,-1.23893805309735,-0.12389380530962232
RITHMIC_RAW,D_NEXT_OPEN,2026-09-10 12:28:00+00:00,SHORT,2026-09-10 12:30:00+00:00,2026-09-10 12:31:00+00:00,4401.2,4.007142857142753,4405.3,1.1189083820664119,1.6470588235293182,2.8449197860962396,4.591800356506267,4.616755793226501
RITHMIC_RAW,D_NEXT_OPEN,2026-09-10 13:12:00+00:00,LONG,2026-09-10 13:13:00+00:00,2026-09-10 13:14:00+00:00,4388.5,5.3428571428572855,4387.5,0.18158236057068228,-0.5614973262031936,-0.43048128342248243,0.1310160427807111,1.8342245989304664
RITHMIC_RAW,D_NEXT_OPEN,2026-09-11 02:03:00+00:00,LONG,2026-09-11 02:04:00+00:00,2026-09-11 02:05:00+00:00,4372.8,2.3857142857144544,4370.7,0.9018404907976418,-0.25149700598815866,-1.8443113772456072,-1.2574850299400309,0.3353293413174178
RITHMIC_RAW,D_NEXT_OPEN,2026-09-11 02:58:00+00:00,SHORT,2026-09-11 02:59:00+00:00,2026-09-11 03:00:00+00:00,4363.0,2.2714285714285194,4364.0,0.40816326530613106,-0.4842767295599197,-1.188679245282966,0.1320754716981963,1.2767295597482968
RITHMIC_RAW,D_NEXT_OPEN,2026-09-11 04:12:00+00:00,LONG,2026-09-11 04:13:00+00:00,2026-09-11 04:14:00+00:00,4364.6,3.0428571428572337,4361.9,0.9242053789733419,-0.8215962441314308,-1.4131455399061208,-1.18309859154938,1.413145539905822
RITHMIC_RAW,D_NEXT_OPEN,2026-09-11 05:07:00+00:00,LONG,2026-09-11 05:09:00+00:00,2026-09-11 05:10:00+00:00,4375.4,2.2000000000001427,4372.5,1.4763636363633534,-0.5454545454544274,0.31818181818212826,1.4999999999999853,0.9090909090908501
RITHMIC_RAW,D_NEXT_OPEN,2026-09-11 06:30:00+00:00,SHORT,2026-09-11 06:32:00+00:00,2026-09-11 06:33:00+00:00,4391.4,1.950000000000013,4391.7,0.15272727272736533,1.3333333333330446,0.769230769230764,0.30769230769202577,-1.4358974358975196
RITHMIC_RAW,D_NEXT_OPEN,2026-09-11 08:07:00+00:00,SHORT,2026-09-11 08:08:00+00:00,2026-09-11 08:09:00+00:00,4388.2,2.0,4388.4,0.10447761194020631,0.900000000000091,1.5499999999997272,-0.9500000000002728,-0.45000000000027285
RITHMIC_RAW,D_NEXT_OPEN,2026-09-11 09:31:00+00:00,SHORT,2026-09-11 09:33:00+00:00,2026-09-11 09:34:00+00:00,4384.9,1.6357142857141949,4383.3,-1.0418604651159236,0.4890829694318968,-0.6724890829696921,0.18340611353668326,-0.4279475982537437
RITHMIC_RAW,D_NEXT_OPEN,2026-09-11 10:14:00+00:00,SHORT,2026-09-11 10:16:00+00:00,2026-09-11 10:17:00+00:00,4388.7,1.8142857142856883,4388.0,-0.31612903225800093,0.2755905511811063,-1.5433070866142955,0.0,-0.5511811023622126
RITHMIC_RAW,D_NEXT_OPEN,2026-09-11 10:15:00+00:00,SHORT,2026-09-11 10:16:00+00:00,2026-09-11 10:17:00+00:00,4388.7,1.8142857142856883,4388.4,-0.13249211356475366,0.2755905511811063,-1.5433070866142955,0.0,-0.5511811023622126
RITHMIC_RAW,D_NEXT_OPEN,2026-09-11 10:27:00+00:00,SHORT,2026-09-11 10:28:00+00:00,2026-09-11 10:29:00+00:00,4389.6,1.7714285714283895,4389.7,0.05691056910538597,-1.1854838709675557,-0.05645161290292355,0.1693548387097975,0.846774193548474
AMP_CQG_RAW_EXCLUSIVE,B_NEXT_OPEN,2026-08-07 04:36:00+00:00,LONG,2026-08-07 04:36:00+00:00,2026-08-07 04:37:00+00:00,4326.1,1.5928571428572857,4326.3,,-0.31390134529145164,-1.3183856502243254,-1.9461883408072287,-0.7533632286999408
AMP_CQG_RAW_EXCLUSIVE,B_NEXT_OPEN,2026-08-07 06:53:00+00:00,SHORT,2026-08-07 06:53:00+00:00,2026-08-07 06:54:00+00:00,4353.7,2.2857142857140906,4353.8,,0.35000000000010945,-0.35000000000010945,-1.5750000000002935,1.4437500000002028
AMP_CQG_RAW_EXCLUSIVE,B_NEXT_OPEN,2026-08-07 07:59:00+00:00,SHORT,2026-08-07 07:59:00+00:00,2026-08-07 08:00:00+00:00,4349.2,1.6214285714285583,4348.9,,-0.30837004405286594,-1.788546255506959,-1.356828193832498,-5.9207048458152505
AMP_CQG_RAW_EXCLUSIVE,B_NEXT_OPEN,2026-08-07 09:27:00+00:00,LONG,2026-08-07 09:27:00+00:00,2026-08-07 09:28:00+00:00,4368.2,1.449999999999818,4368.4,,-1.6551724137930601,-3.1034482758624584,-3.241379310345109,3.4482758620693983
AMP_CQG_RAW_EXCLUSIVE,B_NEXT_OPEN,2026-08-07 09:44:00+00:00,LONG,2026-08-07 09:44:00+00:00,2026-08-07 09:45:00+00:00,4376.8,2.1785714285714284,4376.6,,0.5049180327866348,0.4131147540981937,-0.27540983606574077,-0.5508196721310641
AMP_CQG_RAW_EXCLUSIVE,B_NEXT_OPEN,2026-08-07 11:17:00+00:00,SHORT,2026-08-07 11:17:00+00:00,2026-08-07 11:18:00+00:00,4377.8,1.9785714285713507,4377.7,,-0.10108303249088678,-2.0722021660647876,-1.6173285198555674,-4.043321299639148
AMP_CQG_RAW_EXCLUSIVE,B_NEXT_OPEN,2026-08-07 11:55:00+00:00,LONG,2026-08-07 11:55:00+00:00,2026-08-07 11:56:00+00:00,4385.0,2.057142857142805,4385.0,,0.48611111111112343,-1.5555555555555065,-2.04166666666663,-2.381944444444328
AMP_CQG_RAW_EXCLUSIVE,B_NEXT_OPEN,2026-08-07 12:40:00+00:00,SHORT,2026-08-07 12:40:00+00:00,2026-08-07 12:41:00+00:00,4426.4,10.700000000000077,4426.5,,-0.08411214953276067,-0.23364485981308242,-0.41121495327107604,0.3831775700934042
AMP_CQG_RAW_EXCLUSIVE,B_NEXT_OPEN,2026-08-07 13:14:00+00:00,SHORT,2026-08-07 13:14:00+00:00,2026-08-07 13:15:00+00:00,4407.9,4.271428571428585,4407.9,,0.4916387959864928,1.6153846153845253,0.1170568561872906,-2.0836120401339007
AMP_CQG_RAW_EXCLUSIVE,B_NEXT_OPEN,2026-08-07 13:18:00+00:00,LONG,2026-08-07 13:18:00+00:00,2026-08-07 13:19:00+00:00,4401.0,3.649999999999961,4401.2,,1.7534246575341657,2.6849315068493937,2.575342465753353,3.0410958904110914
AMP_CQG_RAW_EXCLUSIVE,B_NEXT_OPEN,2026-08-07 13:29:00+00:00,SHORT,2026-08-07 13:29:00+00:00,2026-08-07 13:30:00+00:00,4416.8,3.8214285714286365,4416.8,,0.28785046728980995,0.026168224299160176,0.8635514018691918,-0.47102803738321714
AMP_CQG_RAW_EXCLUSIVE,B_NEXT_OPEN,2026-08-07 14:24:00+00:00,SHORT,2026-08-07 14:24:00+00:00,2026-08-07 14:25:00+00:00,4411.4,4.742857142857052,4411.3,,0.25301204819273754,-0.12650602409646466,0.5692771084337075,1.5391566265059
AMP_CQG_RAW_EXCLUSIVE,B_NEXT_OPEN,2026-08-07 14:36:00+00:00,LONG,2026-08-07 14:36:00+00:00,2026-08-07 14:37:00+00:00,4408.9,3.4285714285714284,4408.9,,-0.5833333333333334,-1.3999999999997879,0.40833333333349253,-0.9333333333332803
AMP_CQG_RAW_EXCLUSIVE,B_NEXT_OPEN,2026-08-07 14:54:00+00:00,SHORT,2026-08-07 14:54:00+00:00,2026-08-07 14:55:00+00:00,4405.2,3.3285714285715846,4405.5,,-0.24034334763952836,0.8111587982831692,1.171673819742325,-1.0515021459226974
AMP_CQG_RAW_EXCLUSIVE,B_NEXT_OPEN,2026-08-07 16:24:00+00:00,SHORT,2026-08-07 16:24:00+00:00,2026-08-07 16:25:00+00:00,4397.4,2.5714285714285063,4397.7,,0.5055555555552854,0.31111111111083606,0.19444444444444936,-0.7777777777777974
AMP_CQG_RAW_EXCLUSIVE,B_NEXT_OPEN,2026-08-07 20:11:00+00:00,LONG,2026-08-07 20:11:00+00:00,2026-08-07 20:12:00+00:00,4398.7,1.5785714285714545,4399.1,,1.2669683257918345,1.9638009049775738,1.8371040723985055,-0.6334841628959172
AMP_CQG_RAW_EXCLUSIVE,B_NEXT_OPEN,2026-08-10 00:57:00+00:00,SHORT,2026-08-10 00:57:00+00:00,2026-08-10 00:58:00+00:00,4391.3,1.857142857142987,4391.3,,0.5923076923078467,0.5923076923078467,-2.7999999999997063,3.7153846153846493
AMP_CQG_RAW_EXCLUSIVE,B_NEXT_OPEN,2026-08-10 01:53:00+00:00,LONG,2026-08-10 01:53:00+00:00,2026-08-10 01:54:00+00:00,4380.8,2.2928571428572337,4381.2,,0.04361370716486931,0.0,-0.47975077881633904,0.7850467289720108
AMP_CQG_RAW_EXCLUSIVE,B_NEXT_OPEN,2026-08-10 03:36:00+00:00,SHORT,2026-08-10 03:36:00+00:00,2026-08-10 03:37:00+00:00,4389.0,1.6142857142856104,4389.1,,0.06194690265509661,0.8672566371679721,2.1681415929204935,0.681415929203809
AMP_CQG_RAW_EXCLUSIVE,B_NEXT_OPEN,2026-08-10 04:12:00+00:00,SHORT,2026-08-10 04:12:00+00:00,2026-08-10 04:13:00+00:00,4391.3,1.8785714285713115,4390.7,,-0.15969581749060108,-1.3307984790875353,-0.212927756653812,-1.9695817490494556
AMP_CQG_RAW_EXCLUSIVE,B_NEXT_OPEN,2026-08-10 04:13:00+00:00,SHORT,2026-08-10 04:13:00+00:00,2026-08-10 04:14:00+00:00,4391.8,1.9142857142856624,4391.6,,-0.4179104477613004,0.10447761194020631,-0.26119402985075335,-1.4626865671643137
AMP_CQG_RAW_EXCLUSIVE,B_NEXT_OPEN,2026-08-10 04:45:00+00:00,LONG,2026-08-10 04:45:00+00:00,2026-08-10 04:46:00+00:00,4392.3,1.642857142857078,4392.0,,0.7304347826086138,0.9130434782609056,0.7913043478262289,2.191304347825841
AMP_CQG_RAW_EXCLUSIVE,B_NEXT_OPEN,2026-08-10 05:37:00+00:00,LONG,2026-08-10 05:37:00+00:00,2026-08-10 05:38:00+00:00,4400.2,2.257142857142753,4400.4,,-0.22151898734178235,1.639240506329109,1.196202531645544,4.873417721519211
AMP_CQG_RAW_EXCLUSIVE,B_NEXT_OPEN,2026-08-10 06:38:00+00:00,SHORT,2026-08-10 06:38:00+00:00,2026-08-10 06:39:00+00:00,4406.2,1.6214285714285583,4406.2,,-1.2334801762114638,-0.8017621145375636,-4.687224669603786,-5.859030837004452
AMP_CQG_RAW_EXCLUSIVE,B_NEXT_OPEN,2026-08-10 10:30:00+00:00,SHORT,2026-08-10 10:30:00+00:00,2026-08-10 10:31:00+00:00,4402.5,1.1857142857142466,4402.9,,0.6746987951808985,1.9397590361447956,1.6867469879518628,4.554216867469723
AMP_CQG_RAW_EXCLUSIVE,B_NEXT_OPEN,2026-08-10 13:20:00+00:00,LONG,2026-08-10 13:20:00+00:00,2026-08-10 13:21:00+00:00,4393.8,1.9785714285713507,4393.8,,-0.05054151624567322,-2.4259927797835807,-1.010830324909787,1.1119133574006739
AMP_CQG_RAW_EXCLUSIVE,B_NEXT_OPEN,2026-08-10 14:42:00+00:00,LONG,2026-08-10 14:42:00+00:00,2026-08-10 14:43:00+00:00,4409.3,2.549999999999922,4409.3,,-0.6666666666666157,0.31372549019615936,-0.745098039215923,-2.2745098039217093
AMP_CQG_RAW_EXCLUSIVE,B_NEXT_OPEN,2026-08-10 15:14:00+00:00,LONG,2026-08-10 15:14:00+00:00,2026-08-10 15:15:00+00:00,4406.4,2.357142857143052,4406.4,,0.678787878787977,1.3151515151515607,1.1454545454547593,1.0181818181819655
AMP_CQG_RAW_EXCLUSIVE,B_NEXT_OPEN,2026-08-10 19:54:00+00:00,SHORT,2026-08-10 19:54:00+00:00,2026-08-10 19:55:00+00:00,4450.9,1.8214285714285066,4451.2,,1.4274509803919082,2.1960784313726274,2.2509803921566434,3.403921568627472
AMP_CQG_RAW_EXCLUSIVE,B_NEXT_OPEN,2026-08-10 23:04:00+00:00,LONG,2026-08-10 23:04:00+00:00,2026-08-10 23:05:00+00:00,4458.2,1.3928571428571428,4458.3,,1.651282051282182,1.507692307692569,-1.651282051282182,-2.584615384614993
AMP_CQG_RAW_EXCLUSIVE,B_NEXT_OPEN,2026-08-11 00:14:00+00:00,SHORT,2026-08-11 00:14:00+00:00,2026-08-11 00:15:00+00:00,4464.6,2.314285714285558,4464.8,,-0.3024691358024109,-0.12962962962932398,-0.34567901234538795,-3.8456790123457814
AMP_CQG_RAW_EXCLUSIVE,B_NEXT_OPEN,2026-08-11 01:57:00+00:00,SHORT,2026-08-11 01:57:00+00:00,2026-08-11 01:58:00+00:00,4490.5,3.007142857142818,4490.5,,-0.5653206650830822,1.2969121140141477,1.396674584322998,0.5320665083136671
AMP_CQG_RAW_EXCLUSIVE,B_NEXT_OPEN,2026-08-11 06:16:00+00:00,SHORT,2026-08-11 06:16:00+00:00,2026-08-11 06:17:00+00:00,4432.9,2.5142857142855712,4432.7,,-0.6761363636366915,1.630681818181694,1.8693181818182159,4.454545454545635
AMP_CQG_RAW_EXCLUSIVE,B_NEXT_OPEN,2026-08-11 07:49:00+00:00,LONG,2026-08-11 07:49:00+00:00,2026-08-11 07:50:00+00:00,4418.3,1.3357142857143376,4418.1,,-0.22459893048141089,1.5721925133685144,0.6737967914435518,3.1443850267377096
AMP_CQG_RAW_EXCLUSIVE,B_NEXT_OPEN,2026-08-11 08:08:00+00:00,SHORT,2026-08-11 08:08:00+00:00,2026-08-11 08:09:00+00:00,4425.4,1.7857142857140909,4425.1,,0.33599999999973107,0.11199999999991035,0.727999999999672,2.1279999999998247
AMP_CQG_RAW_EXCLUSIVE,B_NEXT_OPEN,2026-08-11 08:21:00+00:00,LONG,2026-08-11 08:21:00+00:00,2026-08-11 08:22:00+00:00,4420.4,1.8142857142856232,4420.5,,0.49606299212630994,1.708661417323121,3.251968503937472,5.677165354331094
AMP_CQG_RAW_EXCLUSIVE,B_NEXT_OPEN,2026-08-11 09:26:00+00:00,LONG,2026-08-11 09:26:00+00:00,2026-08-11 09:27:00+00:00,4431.4,1.6285714285714417,4431.2,,1.4122807017544863,-0.6754385964908876,0.5526315789476991,1.0438596491232455
AMP_CQG_RAW_EXCLUSIVE,B_NEXT_OPEN,2026-08-11 11:10:00+00:00,LONG,2026-08-11 11:10:00+00:00,2026-08-11 11:11:00+00:00,4449.1,3.3571428571427924,4449.3,,-0.2382978723404843,0.08936170212744457,0.14893617021276884,-1.5191489361703505
AMP_CQG_RAW_EXCLUSIVE,B_NEXT_OPEN,2026-08-11 11:31:00+00:00,LONG,2026-08-11 11:31:00+00:00,2026-08-11 11:32:00+00:00,4445.5,1.7071428571427012,4445.7,,-0.6443514644354184,-0.35146443514668874,-0.11715481171538532,0.410041841004115
AMP_CQG_RAW_EXCLUSIVE,B_NEXT_OPEN,2026-08-11 12:10:00+00:00,SHORT,2026-08-11 12:10:00+00:00,2026-08-11 12:11:00+00:00,4452.9,2.3857142857143896,4452.6,,1.0059880239518995,-0.5868263473055924,-0.502994011976331,1.8862275449100976
AMP_CQG_RAW_EXCLUSIVE,B_NEXT_OPEN,2026-08-11 14:04:00+00:00,LONG,2026-08-11 14:04:00+00:00,2026-08-11 14:05:00+00:00,4444.4,3.8428571428572207,4444.0,,0.0,-0.18215613382894527,-0.15613382899613737,0.13011152416356614
AMP_CQG_RAW_EXCLUSIVE,B_NEXT_OPEN,2026-08-11 14:42:00+00:00,SHORT,2026-08-11 14:42:00+00:00,2026-08-11 14:43:00+00:00,4453.5,2.4285714285714937,4453.1,,0.16470588235278696,0.24705882352955494,-0.12352941176477747,-0.04117647058838399
AMP_CQG_RAW_EXCLUSIVE,B_NEXT_OPEN,2026-08-11 14:56:00+00:00,LONG,2026-08-11 14:56:00+00:00,2026-08-11 14:57:00+00:00,4455.6,2.0071428571426884,4455.6,,-0.9964412811388739,-0.9964412811388739,0.3487544483985152,-2.291814946619591
AMP_CQG_RAW_EXCLUSIVE,B_NEXT_OPEN,2026-08-11 15:37:00+00:00,SHORT,2026-08-11 15:37:00+00:00,2026-08-11 15:38:00+00:00,4435.9,3.0285714285714027,4435.9,,0.69339622641492,1.1886792452828487,1.023584905660206,-0.06603773584929741
AMP_CQG_RAW_EXCLUSIVE,B_NEXT_OPEN,2026-08-11 18:23:00+00:00,SHORT,2026-08-11 18:23:00+00:00,2026-08-11 18:24:00+00:00,4423.4,1.9142857142855323,4423.2,,-0.20895522388090196,-0.15671641791055768,0.5223880597015422,-3.4477611940303685
AMP_CQG_RAW_EXCLUSIVE,B_NEXT_OPEN,2026-08-11 19:15:00+00:00,SHORT,2026-08-11 19:15:00+00:00,2026-08-11 19:16:00+00:00,4422.3,1.8071428571428052,4422.6,,-0.5533596837944823,0.27667984189724115,-0.33201581027638744,-4.537549407114654
AMP_CQG_RAW_EXCLUSIVE,B_NEXT_OPEN,2026-08-11 20:07:00+00:00,LONG,2026-08-11 20:07:00+00:00,2026-08-11 20:08:00+00:00,4428.5,1.3714285714286234,4428.4,,-0.14583333333319518,0.6562499999997099,0.6562499999997099,
AMP_CQG_RAW_EXCLUSIVE,B_NEXT_OPEN,2026-08-11 22:21:00+00:00,SHORT,2026-08-11 22:21:00+00:00,2026-08-11 22:22:00+00:00,4433.4,0.9142857142859222,4433.6,,-0.875,-0.875,-1.3125000000004974,-2.0781250000001243
AMP_CQG_RAW_EXCLUSIVE,B_NEXT_OPEN,2026-08-11 23:12:00+00:00,SHORT,2026-08-11 23:12:00+00:00,2026-08-11 23:13:00+00:00,4426.4,2.692857142857065,4426.0,,0.37135278514589937,0.519893899204124,-0.7055702917774114,-0.891246684350361
AMP_CQG_RAW_EXCLUSIVE,B_NEXT_OPEN,2026-08-11 23:14:00+00:00,SHORT,2026-08-11 23:14:00+00:00,2026-08-11 23:15:00+00:00,4424.7,2.8214285714285063,4425.4,,-0.10632911392411756,-1.275949367088766,-1.7012658227849138,-2.4455696202534143
AMP_CQG_RAW_EXCLUSIVE,B_NEXT_OPEN,2026-08-12 01:54:00+00:00,LONG,2026-08-12 01:54:00+00:00,2026-08-12 01:55:00+00:00,4454.8,1.907142857142779,4454.6,,-0.41947565543082416,0.052434456928554966,0.7340823970035846,1.1011235955053769
AMP_CQG_RAW_EXCLUSIVE,B_NEXT_OPEN,2026-08-12 02:54:00+00:00,LONG,2026-08-12 02:54:00+00:00,2026-08-12 02:55:00+00:00,4473.0,2.3428571428570257,4473.3,,-0.5548780487805932,-0.8963414634148342,-0.9390243902438717,0.17073170731692644
AMP_CQG_RAW_EXCLUSIVE,B_NEXT_OPEN,2026-08-12 04:21:00+00:00,SHORT,2026-08-12 04:21:00+00:00,2026-08-12 04:22:00+00:00,4457.9,1.2357142857142338,4456.9,,0.24277456647340984,0.3236994219650371,-0.24277456647414583,-0.9710982658965833
AMP_CQG_RAW_EXCLUSIVE,B_NEXT_OPEN,2026-08-12 08:11:00+00:00,LONG,2026-08-12 08:11:00+00:00,2026-08-12 08:12:00+00:00,4468.2,1.450000000000013,4468.2,,0.0,-0.20689655172426152,-1.3103448275859442,-1.3793103448275739
AMP_CQG_RAW_EXCLUSIVE,B_NEXT_OPEN,2026-08-12 08:14:00+00:00,LONG,2026-08-12 08:14:00+00:00,2026-08-12 08:15:00+00:00,4468.1,1.3214285714286365,4467.9,,-1.2864864864869738,-1.0594594594598203,-1.0594594594598203,-1.1351351351350794
AMP_CQG_RAW_EXCLUSIVE,B_NEXT_OPEN,2026-08-12 08:29:00+00:00,LONG,2026-08-12 08:29:00+00:00,2026-08-12 08:30:00+00:00,4466.4,1.2357142857143637,4466.6,,-0.2427745664733843,-1.052023121386628,-0.8901734104041265,-1.2138728323698655
AMP_CQG_RAW_EXCLUSIVE,B_NEXT_OPEN,2026-08-12 08:30:00+00:00,LONG,2026-08-12 08:30:00+00:00,2026-08-12 08:31:00+00:00,4466.3,1.3285714285715196,4466.1,,-0.30107526881759444,-1.1290322580644387,-1.6559139784943733,-1.5053763440859185
AMP_CQG_RAW_EXCLUSIVE,B_NEXT_OPEN,2026-08-12 09:17:00+00:00,LONG,2026-08-12 09:17:00+00:00,2026-08-12 09:18:00+00:00,4475.0,2.0285714285714675,4475.1,,-0.09859154929568309,-0.6408450704226125,1.0845070422534107,-0.04929577464806571
AMP_CQG_RAW_EXCLUSIVE,B_NEXT_OPEN,2026-08-12 10:32:00+00:00,SHORT,2026-08-12 10:32:00+00:00,2026-08-12 10:33:00+00:00,4477.7,1.3642857142856752,4477.7,,0.7329842931937383,1.5392670157064503,1.9057591623033194,3.298429319371822
AMP_CQG_RAW_EXCLUSIVE,B_NEXT_OPEN,2026-08-12 10:45:00+00:00,LONG,2026-08-12 10:45:00+00:00,2026-08-12 10:46:00+00:00,4475.0,1.2000000000002078,4474.6,,-0.16666666666648622,-4.166666666665945,-5.3333333333321065,-1.4166666666662697
AMP_CQG_RAW_EXCLUSIVE,B_NEXT_OPEN,2026-08-12 12:54:00+00:00,SHORT,2026-08-12 12:54:00+00:00,2026-08-12 12:55:00+00:00,4487.5,4.864285714285805,4487.7,,-0.34948604992653465,-0.4728340675477525,-2.199706314243681,-0.4522760646108205
AMP_CQG_RAW_EXCLUSIVE,B_NEXT_OPEN,2026-08-12 20:49:00+00:00,LONG,2026-08-12 20:49:00+00:00,2026-08-12 20:50:00+00:00,4468.6,0.7785714285714026,4468.4,,-0.2568807339458972,-0.7706422018353554,-1.2844036697248136,
AMP_CQG_RAW_EXCLUSIVE,B_NEXT_OPEN,2026-08-12 23:10:00+00:00,SHORT,2026-08-12 23:10:00+00:00,2026-08-12 23:11:00+00:00,4463.7,0.9142857142855974,4464.0,,-0.5468750000000699,-0.8750000000003109,-0.6562500000004818,-4.046875000000319
AMP_CQG_RAW_EXCLUSIVE,B_NEXT_OPEN,2026-08-12 23:57:00+00:00,SHORT,2026-08-12 23:57:00+00:00,2026-08-12 23:58:00+00:00,4470.2,0.8857142857142597,4470.2,,-0.9032258064518448,-4.064516129032788,-6.548387096774591,-10.27419354838781
AMP_CQG_RAW_EXCLUSIVE,B_NEXT_OPEN,2026-08-13 04:04:00+00:00,SHORT,2026-08-13 04:04:00+00:00,2026-08-13 04:05:00+00:00,4453.7,2.2714285714284546,4454.0,,0.08805031446533325,-0.04402515723286683,-0.13207547169820008,0.6163522012577332
AMP_CQG_RAW_EXCLUSIVE,B_NEXT_OPEN,2026-08-13 04:05:00+00:00,SHORT,2026-08-13 04:05:00+00:00,2026-08-13 04:06:00+00:00,4453.2,2.349999999999909,4453.5,,-0.46808510638315165,-0.3404255319149842,0.042553191489131136,0.3404255319149842
AMP_CQG_RAW_EXCLUSIVE,B_NEXT_OPEN,2026-08-13 04:07:00+00:00,SHORT,2026-08-13 04:07:00+00:00,2026-08-13 04:08:00+00:00,4453.9,2.4285714285714284,4453.8,,-0.0411764705883851,0.32941176470558275,1.1117647058822782,0.6999999999999251
AMP_CQG_RAW_EXCLUSIVE,B_NEXT_OPEN,2026-08-13 05:07:00+00:00,SHORT,2026-08-13 05:07:00+00:00,2026-08-13 05:08:00+00:00,4453.8,1.7142857142857792,4454.0,,0.0,-1.6916666666663904,-2.216666666666689,-3.8499999999995356
AMP_CQG_RAW_EXCLUSIVE,B_NEXT_OPEN,2026-08-13 05:11:00+00:00,SHORT,2026-08-13 05:11:00+00:00,2026-08-13 05:12:00+00:00,4456.6,2.171428571428675,4457.0,,-0.4605263157894517,-2.532894736841984,-1.1052631578945165,-3.6381578947365005
AMP_CQG_RAW_EXCLUSIVE,B_NEXT_OPEN,2026-08-13 05:19:00+00:00,SHORT,2026-08-13 05:19:00+00:00,2026-08-13 05:20:00+00:00,4459.4,2.2571428571428833,4459.6,,-0.22151898734176959,-0.44303797468353917,-0.6645569620253088,1.8607594936707839
AMP_CQG_RAW_EXCLUSIVE,B_NEXT_OPEN,2026-08-13 07:46:00+00:00,LONG,2026-08-13 07:46:00+00:00,2026-08-13 07:47:00+00:00,4432.6,1.900000000000091,4433.0,,-0.7368421052634099,-2.2631578947368296,-2.2631578947368296,-3.052631578947318
AMP_CQG_RAW_EXCLUSIVE,B_NEXT_OPEN,2026-08-13 10:58:00+00:00,LONG,2026-08-13 10:58:00+00:00,2026-08-13 10:59:00+00:00,4449.3,1.2071428571428962,4449.5,,0.49704142011787505,-0.4970414201186285,-1.822485207100382,0.16568047337262504
AMP_CQG_RAW_EXCLUSIVE,B_NEXT_OPEN,2026-08-13 11:04:00+00:00,LONG,2026-08-13 11:04:00+00:00,2026-08-13 11:05:00+00:00,4446.8,1.2428571428572468,4447.0,,0.5632183908044043,1.2873563218385338,1.3678160919537623,3.2988505747119286
AMP_CQG_RAW_EXCLUSIVE,B_NEXT_OPEN,2026-08-13 11:26:00+00:00,LONG,2026-08-13 11:26:00+00:00,2026-08-13 11:27:00+00:00,4448.9,1.4857142857142338,4449.0,,-0.3365384615384733,-2.355769230769313,-2.2884615384613736,-4.644230769230687
AMP_CQG_RAW_EXCLUSIVE,B_NEXT_OPEN,2026-08-13 11:30:00+00:00,SHORT,2026-08-13 11:30:00+00:00,2026-08-13 11:31:00+00:00,4445.9,1.3214285714286365,4445.9,,0.3027027027024125,1.059459459459132,0.45405405405361876,2.4216216216213646
AMP_CQG_RAW_EXCLUSIVE,B_NEXT_OPEN,2026-08-13 11:32:00+00:00,SHORT,2026-08-13 11:32:00+00:00,2026-08-13 11:33:00+00:00,4446.0,1.200000000000078,4445.6,,1.249999999999919,0.5833333333331439,-0.08333333333363109,4.0833333333327655
AMP_CQG_RAW_EXCLUSIVE,B_NEXT_OPEN,2026-08-13 11:48:00+00:00,LONG,2026-08-13 11:48:00+00:00,2026-08-13 11:49:00+00:00,4440.4,1.5785714285715196,4440.5,,0.633484162895891,0.5701357466066477,0.5701357466066477,1.5837104072397277
AMP_CQG_RAW_EXCLUSIVE,B_NEXT_OPEN,2026-08-13 12:16:00+00:00,LONG,2026-08-13 12:16:00+00:00,2026-08-13 12:17:00+00:00,4443.6,1.9285714285714934,4444.1,,-0.15555555555564465,-0.25925925925925053,-0.25925925925925053,-1.5555555555555032
AMP_CQG_RAW_EXCLUSIVE,B_NEXT_OPEN,2026-08-13 12:38:00+00:00,LONG,2026-08-13 12:38:00+00:00,2026-08-13 12:39:00+00:00,4445.9,4.9785714285713505,4446.2,,0.18077474892407228,0.34146341463429786,0.36154949784796186,1.144906743185243
AMP_CQG_RAW_EXCLUSIVE,B_NEXT_OPEN,2026-08-13 13:10:00+00:00,SHORT,2026-08-13 13:10:00+00:00,2026-08-13 13:11:00+00:00,4449.6,3.742857142857182,4449.9,,-0.32061068702284884,-0.026717557251762322,0.1603053435115459,1.6564885496184978
AMP_CQG_RAW_EXCLUSIVE,B_NEXT_OPEN,2026-08-13 14:38:00+00:00,LONG,2026-08-13 14:38:00+00:00,2026-08-13 14:39:00+00:00,4431.5,4.8642857142857405,4431.1,,0.7400881057269431,0.657856093979401,1.1718061674008373,2.220264317180642
AMP_CQG_RAW_EXCLUSIVE,B_NEXT_OPEN,2026-08-13 15:21:00+00:00,SHORT,2026-08-13 15:21:00+00:00,2026-08-13 15:22:00+00:00,4424.7,2.5428571428572337,4424.6,,-0.8258426966293271,-1.3764044943819733,-1.5730337078651122,0.6685393258426012
AMP_CQG_RAW_EXCLUSIVE,B_NEXT_OPEN,2026-08-13 19:09:00+00:00,SHORT,2026-08-13 19:09:00+00:00,2026-08-13 19:10:00+00:00,4410.0,1.107142857142987,4410.0,,0.4516129032257534,0.6322580645158905,5.961290322580274,3.974193548386302
AMP_CQG_RAW_EXCLUSIVE,B_NEXT_OPEN,2026-08-13 22:22:00+00:00,SHORT,2026-08-13 22:22:00+00:00,2026-08-13 22:23:00+00:00,4410.2,1.0714285714285066,4410.3,,-1.119999999999898,-2.053333333333288,-1.9600000000004583,-4.760000000000628
AMP_CQG_RAW_EXCLUSIVE,B_NEXT_OPEN,2026-08-13 22:42:00+00:00,LONG,2026-08-13 22:42:00+00:00,2026-08-13 22:43:00+00:00,4416.6,1.3714285714285583,4416.8,,-0.5104166666672021,-1.5312500000002798,-1.166666666666943,-3.8645833333335027
AMP_CQG_RAW_EXCLUSIVE,B_NEXT_OPEN,2026-08-13 23:23:00+00:00,LONG,2026-08-13 23:23:00+00:00,2026-08-13 23:24:00+00:00,4414.8,2.2785714285712726,4414.7,,0.35109717868348944,1.1410658307208417,1.316614420062786,0.3072100313479036
AMP_CQG_RAW_EXCLUSIVE,B_NEXT_OPEN,2026-08-14 04:32:00+00:00,LONG,2026-08-14 04:32:00+00:00,2026-08-14 04:33:00+00:00,4379.2,1.0857142857142077,4379.7,,0.46052631578950676,0.36842105263210806,0.46052631578950676,0.18421052631563517
AMP_CQG_RAW_EXCLUSIVE,B_NEXT_OPEN,2026-08-14 06:42:00+00:00,LONG,2026-08-14 06:42:00+00:00,2026-08-14 06:43:00+00:00,4386.2,1.4928571428572468,4386.5,,0.7368421052633503,2.6124401913877433,2.746411483253641,3.014354066985436
AMP_CQG_RAW_EXCLUSIVE,B_NEXT_OPEN,2026-08-14 09:54:00+00:00,LONG,2026-08-14 09:54:00+00:00,2026-08-14 09:55:00+00:00,4411.3,1.2785714285713377,4410.9,,-0.0782122905030834,-0.39106145251399427,1.798882681564516,0.9385474860334441
AMP_CQG_RAW_EXCLUSIVE,B_NEXT_OPEN,2026-08-14 10:04:00+00:00,SHORT,2026-08-14 10:04:00+00:00,2026-08-14 10:05:00+00:00,4412.9,1.1714285714286103,4413.2,,0.17073170731691223,-0.1707317073176886,0.34146341463382446,2.902439024389837
AMP_CQG_RAW_EXCLUSIVE,B_NEXT_OPEN,2026-08-14 10:24:00+00:00,SHORT,2026-08-14 10:24:00+00:00,2026-08-14 10:25:00+00:00,4409.9,1.250000000000065,4410.0,,0.3999999999999792,2.079999999999455,2.079999999999455,3.7599999999996587
AMP_CQG_RAW_EXCLUSIVE,B_NEXT_OPEN,2026-08-14 11:24:00+00:00,LONG,2026-08-14 11:24:00+00:00,2026-08-14 11:25:00+00:00,4410.4,1.2357142857142338,4410.4,,-0.16184971098251855,2.023121387283322,2.1849710982665767,6.069364161849966
AMP_CQG_RAW_EXCLUSIVE,B_NEXT_OPEN,2026-08-14 11:42:00+00:00,SHORT,2026-08-14 11:42:00+00:00,2026-08-14 11:43:00+00:00,4419.5,1.750000000000065,4419.1,,0.0571428571430629,0.6857142857141563,1.0285714285714942,-2.114285714285532
AMP_CQG_RAW_EXCLUSIVE,B_NEXT_OPEN,2026-08-14 11:52:00+00:00,LONG,2026-08-14 11:52:00+00:00,2026-08-14 11:53:00+00:00,4423.5,1.457142857142961,4423.3,,0.480392156862586,-0.3431372549019363,-0.20588235294128662,4.186274509803873
AMP_CQG_RAW_EXCLUSIVE,B_NEXT_OPEN,2026-08-14 12:10:00+00:00,LONG,2026-08-14 12:10:00+00:00,2026-08-14 12:11:00+00:00,4428.3,2.0642857142856883,4428.1,,-0.8719723183391994,-1.6955017301038275,-0.8719723183391994,4.020761245674879
AMP_CQG_RAW_EXCLUSIVE,B_NEXT_OPEN,2026-08-14 13:53:00+00:00,LONG,2026-08-14 13:53:00+00:00,2026-08-14 13:54:00+00:00,4441.7,2.950000000000013,4441.9,,-0.06779661016942956,-0.13559322033885912,-0.27118644067802655,1.8983050847458776
AMP_CQG_RAW_EXCLUSIVE,B_NEXT_OPEN,2026-08-14 13:54:00+00:00,LONG,2026-08-14 13:54:00+00:00,2026-08-14 13:55:00+00:00,4441.5,2.9714285714285325,4441.5,,0.43750000000006695,-0.33653846153846595,0.16826923076923297,1.6826923076923297
AMP_CQG_RAW_EXCLUSIVE,B_NEXT_OPEN,2026-08-14 15:17:00+00:00,LONG,2026-08-14 15:17:00+00:00,2026-08-14 15:18:00+00:00,4448.4,2.4928571428573116,4448.6,,-1.2034383954153913,-1.6045845272205217,-2.647564469913642,-2.326647564469465
AMP_CQG_RAW_EXCLUSIVE,B_NEXT_OPEN,2026-08-14 18:57:00+00:00,LONG,2026-08-14 18:57:00+00:00,2026-08-14 18:58:00+00:00,4430.3,1.6714285714286103,4430.2,,-0.23931623931656024,-0.41880341880330024,-0.23931623931656024,1.9743589743590373
AMP_CQG_RAW_EXCLUSIVE,B_NEXT_OPEN,2026-08-14 19:04:00+00:00,LONG,2026-08-14 19:04:00+00:00,2026-08-14 19:05:00+00:00,4429.5,0.9071428571428442,4429.4,,0.0,0.9921259842515817,3.8582677165354884,2.314960629921694
AMP_CQG_RAW_EXCLUSIVE,B_NEXT_OPEN,2026-08-14 19:05:00+00:00,LONG,2026-08-14 19:05:00+00:00,2026-08-14 19:06:00+00:00,4429.7,0.9214285714285454,4429.5,,1.3023255813951882,2.170542635658976,3.1472868217061074,2.71317829457372
AMP_CQG_RAW_EXCLUSIVE,B_NEXT_OPEN,2026-08-14 20:21:00+00:00,LONG,2026-08-14 20:21:00+00:00,2026-08-14 20:22:00+00:00,4429.1,0.6642857142857922,4429.4,,0.30107526881689517,0.9032258064506855,1.2043010752675807,0.9032258064506855
AMP_CQG_RAW_EXCLUSIVE,B_NEXT_OPEN,2026-08-17 00:27:00+00:00,SHORT,2026-08-17 00:27:00+00:00,2026-08-17 00:28:00+00:00,4444.3,2.207142857142831,4444.1,,-0.5436893203882736,-1.2686084142395795,-2.3106796116502655,-0.8155339805826163
AMP_CQG_RAW_EXCLUSIVE,B_NEXT_OPEN,2026-08-17 04:59:00+00:00,LONG,2026-08-17 04:59:00+00:00,2026-08-17 05:00:00+00:00,4447.3,1.4214285714284156,4447.1,,0.14070351758782715,0.8442211055276028,1.3366834170853177,-2.0402010050257333
AMP_CQG_RAW_EXCLUSIVE,B_NEXT_OPEN,2026-08-17 05:49:00+00:00,LONG,2026-08-17 05:49:00+00:00,2026-08-17 05:50:00+00:00,4454.0,1.7285714285714806,4453.6,,-1.0413223140496606,-1.5041322314051238,-2.5454545454542585,-1.0413223140496606
AMP_CQG_RAW_EXCLUSIVE,B_NEXT_OPEN,2026-08-17 06:03:00+00:00,LONG,2026-08-17 06:03:00+00:00,2026-08-17 06:04:00+00:00,4453.8,1.657142857142974,4453.6,,-0.9655172413794617,-0.3620689655174354,-0.06034482758642217,-1.9913793103447968
AMP_CQG_RAW_EXCLUSIVE,B_NEXT_OPEN,2026-08-17 07:03:00+00:00,LONG,2026-08-17 07:03:00+00:00,2026-08-17 07:04:00+00:00,4459.2,1.3428571428571558,4459.1,,-0.9680851063831049,-1.9361702127655323,-1.7127659574469274,-2.680851063829355
AMP_CQG_RAW_EXCLUSIVE,B_NEXT_OPEN,2026-08-17 07:48:00+00:00,SHORT,2026-08-17 07:48:00+00:00,2026-08-17 07:49:00+00:00,4465.6,1.692857142857065,4465.6,,1.0042194092831764,2.067510548523302,2.599156118143902,5.080168776371757
AMP_CQG_RAW_EXCLUSIVE,B_NEXT_OPEN,2026-08-17 07:53:00+00:00,LONG,2026-08-17 07:53:00+00:00,2026-08-17 07:54:00+00:00,4461.2,1.4785714285714155,4461.2,,-0.13526570048296996,0.0,0.6086956521742874,-3.9903381642509967
AMP_CQG_RAW_EXCLUSIVE,B_NEXT_OPEN,2026-08-17 08:02:00+00:00,SHORT,2026-08-17 08:02:00+00:00,2026-08-17 08:03:00+00:00,4457.8,1.6142857142858051,4457.8,,0.49557522123902287,1.0530973451325714,1.4867256637170685,0.061946902655089134
AMP_CQG_RAW_EXCLUSIVE,B_NEXT_OPEN,2026-08-17 08:25:00+00:00,LONG,2026-08-17 08:25:00+00:00,2026-08-17 08:26:00+00:00,4458.9,1.1857142857142466,4458.9,,-0.4216867469879657,-0.2530120481921658,-1.7710843373489957,-2.78313253011996
AMP_CQG_RAW_EXCLUSIVE,B_NEXT_OPEN,2026-08-17 09:33:00+00:00,SHORT,2026-08-17 09:33:00+00:00,2026-08-17 09:34:00+00:00,4452.8,1.4642857142856494,4452.7,,-0.2048780487806211,-0.2048780487806211,0.6146341463418633,1.4341463414637268
AMP_CQG_RAW_EXCLUSIVE,B_NEXT_OPEN,2026-08-17 09:34:00+00:00,SHORT,2026-08-17 09:34:00+00:00,2026-08-17 09:35:00+00:00,4452.8,1.5285714285714025,4453.1,,0.0,0.13084112149521035,1.3084112149532934,0.5233644859814364
AMP_CQG_RAW_EXCLUSIVE,B_NEXT_OPEN,2026-08-17 09:47:00+00:00,SHORT,2026-08-17 09:47:00+00:00,2026-08-17 09:48:00+00:00,4451.2,1.3642857142857403,4450.9,,0.36649214659685164,-0.8062827225133403,0.6596858638740664,0.8795811518323107
AMP_CQG_RAW_EXCLUSIVE,B_NEXT_OPEN,2026-08-17 09:51:00+00:00,SHORT,2026-08-17 09:51:00+00:00,2026-08-17 09:52:00+00:00,4452.2,1.3428571428572857,4452.2,,1.414893617020855,1.6382978723401158,0.9680851063830112,0.8191489361697193
AMP_CQG_RAW_EXCLUSIVE,B_NEXT_OPEN,2026-08-17 11:42:00+00:00,SHORT,2026-08-17 11:42:00+00:00,2026-08-17 11:43:00+00:00,4458.4,1.3357142857143376,4458.3,,0.8235294117642653,1.1229946524063734,1.4224598930478007,3.668449197860548
AMP_CQG_RAW_EXCLUSIVE,B_NEXT_OPEN,2026-08-17 11:57:00+00:00,LONG,2026-08-17 11:57:00+00:00,2026-08-17 11:58:00+00:00,4453.4,1.5500000000001168,4453.5,,-0.06451612903190114,-0.322580645161266,-0.8387096774188222,-1.935483870967596
AMP_CQG_RAW_EXCLUSIVE,B_NEXT_OPEN,2026-08-17 14:17:00+00:00,LONG,2026-08-17 14:17:00+00:00,2026-08-17 14:18:00+00:00,4473.3,3.0285714285715324,4473.1,,0.2971698113206244,0.5943396226415492,1.9150943396226359,2.6084905660375264
AMP_CQG_RAW_EXCLUSIVE,B_NEXT_OPEN,2026-08-17 15:01:00+00:00,LONG,2026-08-17 15:01:00+00:00,2026-08-17 15:02:00+00:00,4473.9,2.3428571428570257,4473.8,,0.5975609756100189,0.8536585365854086,0.8536585365854086,2.26219512195141
AMP_CQG_RAW_EXCLUSIVE,B_NEXT_OPEN,2026-08-17 17:20:00+00:00,SHORT,2026-08-17 17:20:00+00:00,2026-08-17 17:21:00+00:00,4476.4,1.257142857142883,4476.5,,-0.07954545454574229,1.670454545454077,1.670454545454077,2.5454545454543482
AMP_CQG_RAW_EXCLUSIVE,B_NEXT_OPEN,2026-08-17 18:24:00+00:00,SHORT,2026-08-17 18:24:00+00:00,2026-08-17 18:25:00+00:00,4466.6,1.7428571428571817,4466.8,,0.5737704918032659,0.8032786885248854,1.950819672131417,4.704918032787198
AMP_CQG_RAW_EXCLUSIVE,B_NEXT_OPEN,2026-08-17 18:27:00+00:00,SHORT,2026-08-17 18:27:00+00:00,2026-08-17 18:28:00+00:00,4465.6,1.950000000000078,4465.2,,1.0769230769232205,1.846153846153959,2.6153846153846976,2.820512820512708
AMP_CQG_RAW_EXCLUSIVE,B_NEXT_OPEN,2026-08-17 18:29:00+00:00,SHORT,2026-08-17 18:29:00+00:00,2026-08-17 18:30:00+00:00,4463.3,2.035714285714351,4463.2,,0.6385964912281391,1.3754385964912734,3.291228070175244,2.6035087719298304
AMP_CQG_RAW_EXCLUSIVE,B_NEXT_OPEN,2026-08-17 22:58:00+00:00,LONG,2026-08-17 22:58:00+00:00,2026-08-17 22:59:00+00:00,4467.6,0.8714285714284286,4467.6,,0.3442622950811887,1.262295081966794,1.0327868852456534,2.5245901639346315
AMP_CQG_RAW_EXCLUSIVE,B_NEXT_OPEN,2026-08-17 23:28:00+00:00,LONG,2026-08-17 23:28:00+00:00,2026-08-17 23:29:00+00:00,4476.4,1.4214285714287402,4476.6,,0.14070351758843486,1.1959798994978572,0.6331658291460374,1.2663316582914348
AMP_CQG_RAW_EXCLUSIVE,B_NEXT_OPEN,2026-08-17 23:37:00+00:00,SHORT,2026-08-17 23:37:00+00:00,2026-08-17 23:38:00+00:00,4477.5,1.3142857142857534,4478.0,,-0.456521739130698,0.684782608695355,-0.15217391304333533,-2.3586956521741196
AMP_CQG_RAW_EXCLUSIVE,B_NEXT_OPEN,2026-08-18 01:55:00+00:00,SHORT,2026-08-18 01:55:00+00:00,2026-08-18 01:56:00+00:00,4465.3,3.13571428571426,4465.4,,0.09567198177682418,0.2232346241457297,0.2551252847381011,2.232346241457877
AMP_CQG_RAW_EXCLUSIVE,B_NEXT_OPEN,2026-08-18 02:29:00+00:00,SHORT,2026-08-18 02:29:00+00:00,2026-08-18 02:30:00+00:00,4458.8,1.4357142857141167,4458.7,,1.2537313432838564,0.9054726368161536,4.318407960199386,5.15422885572238
AMP_CQG_RAW_EXCLUSIVE,B_NEXT_OPEN,2026-08-18 03:18:00+00:00,LONG,2026-08-18 03:18:00+00:00,2026-08-18 03:19:00+00:00,4453.2,1.75,4453.6,,-0.2857142857142857,-0.6857142857141818,-1.3714285714283636,-0.17142857142867537
AMP_CQG_RAW_EXCLUSIVE,B_NEXT_OPEN,2026-08-18 07:28:00+00:00,LONG,2026-08-18 07:28:00+00:00,2026-08-18 07:29:00+00:00,4458.0,1.3785714285714417,4457.9,,0.7253886010362626,-0.07253886010389014,-1.160621761658284,-0.8704663212433831
AMP_CQG_RAW_EXCLUSIVE,B_NEXT_OPEN,2026-08-18 07:57:00+00:00,LONG,2026-08-18 07:57:00+00:00,2026-08-18 07:58:00+00:00,4452.9,1.050000000000052,4452.5,,-0.7619047619040312,-1.7142857142849364,-1.9047619047618105,-2.7619047619042787
AMP_CQG_RAW_EXCLUSIVE,B_NEXT_OPEN,2026-08-18 09:02:00+00:00,LONG,2026-08-18 09:02:00+00:00,2026-08-18 09:03:00+00:00,4448.5,1.199999999999948,4449.3,,0.1666666666665223,-0.8333333333333695,-0.9999999999998918,-1.2500000000000542
AMP_CQG_RAW_EXCLUSIVE,B_NEXT_OPEN,2026-08-18 10:43:00+00:00,SHORT,2026-08-18 10:43:00+00:00,2026-08-18 10:44:00+00:00,4454.4,1.0857142857142728,4454.5,,-0.5526315789477101,-1.1052631578954202,-1.1973684210528135,0.09210526315739322
AMP_CQG_RAW_EXCLUSIVE,B_NEXT_OPEN,2026-08-18 10:48:00+00:00,LONG,2026-08-18 10:48:00+00:00,2026-08-18 10:49:00+00:00,4455.4,1.007142857142883,4455.7,,-0.09929078014129959,-0.5957446808505067,-1.5886524822689208,-3.375886524822247
AMP_CQG_RAW_EXCLUSIVE,B_NEXT_OPEN,2026-08-18 14:01:00+00:00,LONG,2026-08-18 14:01:00+00:00,2026-08-18 14:02:00+00:00,4457.3,3.307142857142935,4457.3,,0.45356371490279707,0.937365010798949,-0.21166306695458365,-0.6954643628510105
AMP_CQG_RAW_EXCLUSIVE,B_NEXT_OPEN,2026-08-18 14:16:00+00:00,SHORT,2026-08-18 14:16:00+00:00,2026-08-18 14:17:00+00:00,4454.9,3.5785714285713897,4455.0,,0.027944111776294918,-0.8383233532934223,0.36327345309361303,2.1516966067863996
AMP_CQG_RAW_EXCLUSIVE,B_NEXT_OPEN,2026-08-18 14:42:00+00:00,LONG,2026-08-18 14:42:00+00:00,2026-08-18 14:43:00+00:00,4439.9,3.799999999999987,4439.9,,-1.315789473684215,-0.9736842105262713,0.4473684210528246,-1.9210526315787626
AMP_CQG_RAW_EXCLUSIVE,B_NEXT_OPEN,2026-08-18 14:54:00+00:00,SHORT,2026-08-18 14:54:00+00:00,2026-08-18 14:55:00+00:00,4435.0,4.049999999999922,4435.4,,-0.9382716049383346,0.5925925925925142,3.135802469135818,3.3086419753086163
AMP_CQG_RAW_EXCLUSIVE,B_NEXT_OPEN,2026-08-18 19:53:00+00:00,SHORT,2026-08-18 19:53:00+00:00,2026-08-18 19:54:00+00:00,4398.8,2.692857142857195,4399.1,,-0.5570291777188221,0.5941644562335453,0.0,0.48275862068971337
AMP_CQG_RAW_EXCLUSIVE,B_NEXT_OPEN,2026-08-19 01:47:00+00:00,SHORT,2026-08-19 01:47:00+00:00,2026-08-19 01:48:00+00:00,4407.4,2.3214285714285716,4407.7,,0.6030769230767663,0.043076923076688006,0.6030769230767663,0.30153846153838315
AMP_CQG_RAW_EXCLUSIVE,B_NEXT_OPEN,2026-08-19 02:14:00+00:00,SHORT,2026-08-19 02:14:00+00:00,2026-08-19 02:15:00+00:00,4407.2,2.057142857143,4407.0,,0.24305555555553868,-1.8472222222221824,-2.527777777777514,-3.0138888888885913
AMP_CQG_RAW_EXCLUSIVE,B_NEXT_OPEN,2026-08-19 02:29:00+00:00,LONG,2026-08-19 02:29:00+00:00,2026-08-19 02:30:00+00:00,4413.4,2.0928571428572207,4413.4,,-0.8600682593852859,-1.6245733788393562,-1.6245733788393562,-2.2935153583613417
AMP_CQG_RAW_EXCLUSIVE,B_NEXT_OPEN,2026-08-19 04:33:00+00:00,LONG,2026-08-19 04:33:00+00:00,2026-08-19 04:34:00+00:00,4403.5,1.007142857142883,4403.9,,-0.4964539007092071,0.0,-2.978723404255242,-4.170212765957158
AMP_CQG_RAW_EXCLUSIVE,B_NEXT_OPEN,2026-08-19 08:05:00+00:00,SHORT,2026-08-19 08:05:00+00:00,2026-08-19 08:06:00+00:00,4410.6,1.75,4410.8,,-0.8571428571428571,-0.7428571428567271,-3.257142857142753,-1.2571428571427532
AMP_CQG_RAW_EXCLUSIVE,B_NEXT_OPEN,2026-08-19 08:07:00+00:00,LONG,2026-08-19 08:07:00+00:00,2026-08-19 08:08:00+00:00,4411.7,1.9714285714285975,4411.8,,0.10144927536222523,2.333333333333487,1.7246376811596742,0.10144927536222523
AMP_CQG_RAW_EXCLUSIVE,B_NEXT_OPEN,2026-08-19 10:14:00+00:00,LONG,2026-08-19 10:14:00+00:00,2026-08-19 10:15:00+00:00,4418.4,1.1785714285713635,4418.4,,0.0848484848487982,3.309090909091555,3.733333333334002,4.072727272727652
AMP_CQG_RAW_EXCLUSIVE,B_NEXT_OPEN,2026-08-19 10:22:00+00:00,SHORT,2026-08-19 10:22:00+00:00,2026-08-19 10:23:00+00:00,4422.6,1.4642857142857142,4422.7,,-0.34146341463414637,0.6829268292682927,0.4780487804883018,0.4097560975612241
AMP_CQG_RAW_EXCLUSIVE,B_NEXT_OPEN,2026-08-19 10:34:00+00:00,LONG,2026-08-19 10:34:00+00:00,2026-08-19 10:35:00+00:00,4421.7,1.1000000000001688,4421.9,,0.5454545454547924,0.2727272727273962,0.0,1.454545454545562
AMP_CQG_RAW_EXCLUSIVE,B_NEXT_OPEN,2026-08-19 14:23:00+00:00,LONG,2026-08-19 14:23:00+00:00,2026-08-19 14:24:00+00:00,4536.3,4.2785714285714675,4536.5,,0.07011686143576809,1.5191986644407207,2.033388981635999,2.898163606009905
AMP_CQG_RAW_EXCLUSIVE,B_NEXT_OPEN,2026-08-19 15:10:00+00:00,LONG,2026-08-19 15:10:00+00:00,2026-08-19 15:11:00+00:00,4541.2,3.100000000000104,4540.9,,-0.3870967741934767,1.0000000000000837,1.3870967741935605,-0.6774193548385109
AMP_CQG_RAW_EXCLUSIVE,B_NEXT_OPEN,2026-08-19 18:00:00+00:00,LONG,2026-08-19 18:00:00+00:00,2026-08-19 18:01:00+00:00,4547.6,1.50000000000013,4547.8,,0.7999999999998094,3.2666666666661412,0.0,-3.2666666666667474
AMP_CQG_RAW_EXCLUSIVE,B_NEXT_OPEN,2026-08-19 18:30:00+00:00,SHORT,2026-08-19 18:30:00+00:00,2026-08-19 18:31:00+00:00,4532.5,2.657142857142909,4532.6,,0.4892473118280159,-0.9408602150537451,-2.5967741935481996,-6.059139784946256
AMP_CQG_RAW_EXCLUSIVE,B_NEXT_OPEN,2026-08-19 18:35:00+00:00,SHORT,2026-08-19 18:35:00+00:00,2026-08-19 18:36:00+00:00,4539.3,3.0785714285714545,4539.4,,0.4222737819026077,0.12993039443173068,-2.013921113689019,-3.5730858468677194
AMP_CQG_RAW_EXCLUSIVE,B_NEXT_OPEN,2026-08-19 19:39:00+00:00,SHORT,2026-08-19 19:39:00+00:00,2026-08-19 19:40:00+00:00,4563.7,2.0642857142858184,4563.7,,0.04844290657412767,0.5813148788926161,-0.38754325259522426,-2.3737024221454734
AMP_CQG_RAW_EXCLUSIVE,B_NEXT_OPEN,2026-08-20 00:46:00+00:00,SHORT,2026-08-20 00:46:00+00:00,2026-08-20 00:47:00+00:00,4563.7,2.0714285714285063,4564.2,,-0.3862068965518241,-0.5793103448275166,0.3379310344826814,2.8000000000001757
AMP_CQG_RAW_EXCLUSIVE,B_NEXT_OPEN,2026-08-20 01:48:00+00:00,LONG,2026-08-20 01:48:00+00:00,2026-08-20 01:49:00+00:00,4550.6,2.5214285714285842,4550.4,,-1.2294617563740757,-1.6260623229463116,-2.6572237960342693,1.665722379603319
AMP_CQG_RAW_EXCLUSIVE,B_NEXT_OPEN,2026-08-20 03:18:00+00:00,SHORT,2026-08-20 03:18:00+00:00,2026-08-20 03:19:00+00:00,4548.6,1.7428571428571817,4548.7,,-0.7459016393438281,-0.8032786885243635,-1.89344262295036,-2.811475409835794
AMP_CQG_RAW_EXCLUSIVE,B_NEXT_OPEN,2026-08-20 03:52:00+00:00,SHORT,2026-08-20 03:52:00+00:00,2026-08-20 03:53:00+00:00,4557.6,1.2928571428572337,4557.1,,0.3093922651937705,-0.23204419889444852,-0.07734806629791502,2.320441988950113
AMP_CQG_RAW_EXCLUSIVE,B_NEXT_OPEN,2026-08-20 04:03:00+00:00,SHORT,2026-08-20 04:03:00+00:00,2026-08-20 04:04:00+00:00,4553.6,1.3785714285713115,4553.6,,0.3626943005181655,-0.2901554404142685,-0.8704663212434652,0.0
AMP_CQG_RAW_EXCLUSIVE,B_NEXT_OPEN,2026-08-20 05:55:00+00:00,LONG,2026-08-20 05:55:00+00:00,2026-08-20 05:56:00+00:00,4536.6,1.350000000000104,4536.2,,-0.22222222222233984,1.851851851851709,0.5185185185183439,9.481481481480213
AMP_CQG_RAW_EXCLUSIVE,B_NEXT_OPEN,2026-08-20 06:30:00+00:00,LONG,2026-08-20 06:30:00+00:00,2026-08-20 06:31:00+00:00,4551.4,1.6857142857141167,4551.4,,0.355932203390082,-0.5932203389831103,0.6525423728816372,0.711864406780164
AMP_CQG_RAW_EXCLUSIVE,B_NEXT_OPEN,2026-08-20 08:32:00+00:00,SHORT,2026-08-20 08:32:00+00:00,2026-08-20 08:33:00+00:00,4544.8,1.9785714285712857,4544.9,,-0.7581227436823652,-3.032490974729461,-3.436823104693481,-0.15162454873656497
AMP_CQG_RAW_EXCLUSIVE,B_NEXT_OPEN,2026-08-20 09:54:00+00:00,LONG,2026-08-20 09:54:00+00:00,2026-08-20 09:55:00+00:00,4540.5,1.7714285714285845,4540.5,,-0.7338709677420328,-0.4516129032259058,-0.9032258064518116,3.161290322580827
AMP_CQG_RAW_EXCLUSIVE,B_NEXT_OPEN,2026-08-20 09:56:00+00:00,LONG,2026-08-20 09:56:00+00:00,2026-08-20 09:57:00+00:00,4539.3,1.592857142857221,4539.2,,0.25112107623294316,-0.25112107623351415,-0.5650224215249786,3.8295964125555235
AMP_CQG_RAW_EXCLUSIVE,B_NEXT_OPEN,2026-08-20 09:57:00+00:00,SHORT,2026-08-20 09:57:00+00:00,2026-08-20 09:58:00+00:00,4539.8,1.5428571428572337,4539.7,,-0.64814814814811,0.324074074074055,0.1944444444445509,-3.824074074073613
AMP_CQG_RAW_EXCLUSIVE,B_NEXT_OPEN,2026-08-20 10:37:00+00:00,LONG,2026-08-20 10:37:00+00:00,2026-08-20 10:38:00+00:00,4549.6,1.700000000000078,4549.6,,-1.1176470588237992,-1.5294117647060264,-1.4117647058826093,-2.1176470588236462
AMP_CQG_RAW_EXCLUSIVE,B_NEXT_OPEN,2026-08-20 12:03:00+00:00,SHORT,2026-08-20 12:03:00+00:00,2026-08-20 12:04:00+00:00,4515.1,3.0642857142856883,4514.9,,0.48951048951049364,2.6433566433567846,1.1748251748253036,-1.7622377622376584
AMP_CQG_RAW_EXCLUSIVE,B_NEXT_OPEN,2026-08-20 14:01:00+00:00,SHORT,2026-08-20 14:01:00+00:00,2026-08-20 14:02:00+00:00,4544.7,3.49999999999987,4544.4,,0.5142857142857854,1.7428571428570518,1.7714285714285853,0.3999999999999109
AMP_CQG_RAW_EXCLUSIVE,B_NEXT_OPEN,2026-08-20 14:14:00+00:00,SHORT,2026-08-20 14:14:00+00:00,2026-08-20 14:15:00+00:00,4541.0,3.4071428571427793,4541.0,,-0.4402515723270541,-0.7044025157231798,0.9685534591195724,-1.878406708595324
AMP_CQG_RAW_EXCLUSIVE,B_NEXT_OPEN,2026-08-20 18:51:00+00:00,LONG,2026-08-20 18:51:00+00:00,2026-08-20 18:52:00+00:00,4579.0,1.2857142857142208,4579.1,,1.0111111111113036,1.4777777777775696,1.088888888888661,0.3111111111108439
AMP_CQG_RAW_EXCLUSIVE,B_NEXT_OPEN,2026-08-20 18:53:00+00:00,LONG,2026-08-20 18:53:00+00:00,2026-08-20 18:54:00+00:00,4580.2,1.3142857142856232,4580.2,,0.5326086956520724,0.1521739130433504,-1.3695652173915376,1.141304347826166
AMP_CQG_RAW_EXCLUSIVE,B_NEXT_OPEN,2026-08-20 20:00:00+00:00,SHORT,2026-08-20 20:00:00+00:00,2026-08-20 20:01:00+00:00,4584.5,2.0,4584.7,,0.9499999999998181,0.25,0.5500000000001819,3.300000000000182
AMP_CQG_RAW_EXCLUSIVE,B_NEXT_OPEN,2026-08-21 00:27:00+00:00,SHORT,2026-08-21 00:27:00+00:00,2026-08-21 00:28:00+00:00,4574.8,2.157142857142909,4575.3,,-0.32450331125818604,1.761589403973552,1.6688741721855591,3.1523178807947105
AMP_CQG_RAW_EXCLUSIVE,B_NEXT_OPEN,2026-08-21 01:44:00+00:00,SHORT,2026-08-21 01:44:00+00:00,2026-08-21 01:45:00+00:00,4582.6,3.7928571428572337,4582.4,,-0.18455743879467454,-1.2919020715629617,-1.3446327683614059,-1.1600753295667312
AMP_CQG_RAW_EXCLUSIVE,B_NEXT_OPEN,2026-08-21 02:18:00+00:00,SHORT,2026-08-21 02:18:00+00:00,2026-08-21 02:19:00+00:00,4577.3,2.392857142857143,4577.2,,-0.3761194029849226,-0.7104477611939538,-2.2567164179102956,-1.7134328358206674
AMP_CQG_RAW_EXCLUSIVE,B_NEXT_OPEN,2026-08-21 02:59:00+00:00,LONG,2026-08-21 02:59:00+00:00,2026-08-21 03:00:00+00:00,4590.0,2.3785714285715067,4590.0,,-0.12612612612619845,1.1351351351350214,-0.2102102102102033,-0.4624624624626002
AMP_CQG_RAW_EXCLUSIVE,B_NEXT_OPEN,2026-08-21 03:03:00+00:00,SHORT,2026-08-21 03:03:00+00:00,2026-08-21 03:04:00+00:00,4592.5,2.6357142857143896,4592.6,,1.1382113821137763,1.0243902439023296,0.4932249322493721,0.8346883468833669
AMP_CQG_RAW_EXCLUSIVE,B_NEXT_OPEN,2026-08-21 04:30:00+00:00,SHORT,2026-08-21 04:30:00+00:00,2026-08-21 04:31:00+00:00,4603.5,1.94285714285713,4603.6,,0.0,1.5955882352943156,1.5955882352943156,3.5514705882351305
AMP_CQG_RAW_EXCLUSIVE,B_NEXT_OPEN,2026-08-21 05:11:00+00:00,SHORT,2026-08-21 05:11:00+00:00,2026-08-21 05:12:00+00:00,4591.9,1.399999999999961,4591.5,,0.2857142857140338,-1.2142857142862677,0.7857142857139178,2.9999999999999534
AMP_CQG_RAW_EXCLUSIVE,B_NEXT_OPEN,2026-08-21 06:54:00+00:00,LONG,2026-08-21 06:54:00+00:00,2026-08-21 06:55:00+00:00,4621.5,1.7714285714285194,4621.5,,0.16935483870978507,-0.6209677419357075,-2.032258064516394,-3.217741935483863
AMP_CQG_RAW_EXCLUSIVE,B_NEXT_OPEN,2026-08-21 08:00:00+00:00,LONG,2026-08-21 08:00:00+00:00,2026-08-21 08:01:00+00:00,4621.9,2.207142857142896,4622.0,,-0.09061488673130758,-1.0873786407765151,-1.7216828478960802,-0.09061488673130758
AMP_CQG_RAW_EXCLUSIVE,B_NEXT_OPEN,2026-08-21 08:24:00+00:00,SHORT,2026-08-21 08:24:00+00:00,2026-08-21 08:25:00+00:00,4634.4,2.664285714285857,4634.5,,-1.1635388739947121,-1.2386058981233263,-0.8632707774799148,-0.7882037533513007
AMP_CQG_RAW_EXCLUSIVE,B_NEXT_OPEN,2026-08-21 08:29:00+00:00,LONG,2026-08-21 08:29:00+00:00,2026-08-21 08:30:00+00:00,4636.7,2.5785714285716494,4636.7,,-0.3102493074792683,0.504155124653767,0.4265927977840381,1.1634349030469917
AMP_CQG_RAW_EXCLUSIVE,B_NEXT_OPEN,2026-08-21 08:42:00+00:00,SHORT,2026-08-21 08:42:00+00:00,2026-08-21 08:43:00+00:00,4639.2,2.1428571428572076,4639.3,,-0.14000000000008064,0.2333333333333263,-0.5133333333334876,-0.2800000000001613
AMP_CQG_RAW_EXCLUSIVE,B_NEXT_OPEN,2026-08-21 08:58:00+00:00,LONG,2026-08-21 08:58:00+00:00,2026-08-21 08:59:00+00:00,4639.6,1.592857142857026,4639.4,,0.8789237668159796,1.5067264573989854,0.2511210762329739,10.9865470852026
AMP_CQG_RAW_EXCLUSIVE,B_NEXT_OPEN,2026-08-21 10:08:00+00:00,LONG,2026-08-21 10:08:00+00:00,2026-08-21 10:09:00+00:00,4640.4,2.0285714285712078,4640.6,,-0.14788732394331938,-1.4295774647887087,-2.169014084507099,0.9366197183102302
AMP_CQG_RAW_EXCLUSIVE,B_NEXT_OPEN,2026-08-21 11:53:00+00:00,SHORT,2026-08-21 11:53:00+00:00,2026-08-21 11:54:00+00:00,4653.4,2.11428571428574,4653.5,,-0.7094594594594508,-0.6621621621624122,-0.42567567567592857,0.2837837837835222
AMP_CQG_RAW_EXCLUSIVE,B_NEXT_OPEN,2026-08-21 12:39:00+00:00,SHORT,2026-08-21 12:39:00+00:00,2026-08-21 12:40:00+00:00,4621.8,3.4571428571427663,4621.8,,-0.4338842975206726,-2.1983471074379164,-2.5165289256198484,-4.280991735537356
AMP_CQG_RAW_EXCLUSIVE,B_NEXT_OPEN,2026-08-21 12:46:00+00:00,SHORT,2026-08-21 12:46:00+00:00,2026-08-21 12:47:00+00:00,4633.1,3.592857142857091,4633.5,,-0.36182902584473314,-0.8906560636182524,-0.9463220675943458,-1.6699801192843184
AMP_CQG_RAW_EXCLUSIVE,B_NEXT_OPEN,2026-08-21 12:56:00+00:00,LONG,2026-08-21 12:56:00+00:00,2026-08-21 12:57:00+00:00,4634.9,2.5714285714285716,4635.1,,-0.7388888888887474,-0.07777777777770703,1.6333333333336162,2.5277777777777777
AMP_CQG_RAW_EXCLUSIVE,B_NEXT_OPEN,2026-08-21 13:44:00+00:00,SHORT,2026-08-21 13:44:00+00:00,2026-08-21 13:45:00+00:00,4644.6,4.878571428571247,4645.0,,0.10248901903367878,-0.5329428989750178,-0.5124450951683939,1.29136163982439
AMP_CQG_RAW_EXCLUSIVE,B_NEXT_OPEN,2026-08-21 13:59:00+00:00,SHORT,2026-08-21 13:59:00+00:00,2026-08-21 14:00:00+00:00,4638.1,3.492857142857052,4638.3,,0.08588957055220156,-1.689161554192169,-2.147239263803737,-2.3476482617587004
AMP_CQG_RAW_EXCLUSIVE,B_NEXT_OPEN,2026-08-21 14:22:00+00:00,SHORT,2026-08-21 14:22:00+00:00,2026-08-21 14:23:00+00:00,4652.0,2.350000000000104,4652.2,,-0.553191489361755,-1.7446808510639074,-2.7659574468083883,4.212765957446467
AMP_CQG_RAW_EXCLUSIVE,B_NEXT_OPEN,2026-08-21 14:26:00+00:00,LONG,2026-08-21 14:26:00+00:00,2026-08-21 14:27:00+00:00,4655.2,2.307142857143,4655.5,,1.430340557275532,1.8637770897832453,0.9102167182663552,-5.071207430340165
AMP_CQG_RAW_EXCLUSIVE,B_NEXT_OPEN,2026-08-21 15:25:00+00:00,SHORT,2026-08-21 15:25:00+00:00,2026-08-21 15:26:00+00:00,4658.7,2.742857142857052,4658.9,,0.25520833333327547,-1.3854166666667789,0.07291666666660276,-2.22395833333354
AMP_CQG_RAW_EXCLUSIVE,B_NEXT_OPEN,2026-08-21 16:52:00+00:00,LONG,2026-08-21 16:52:00+00:00,2026-08-21 16:53:00+00:00,4682.7,1.8285714285715844,4682.5,,0.8203124999999301,1.0390625000002098,1.2578124999999922,2.734374999999767
AMP_CQG_RAW_EXCLUSIVE,B_NEXT_OPEN,2026-08-21 16:56:00+00:00,LONG,2026-08-21 16:56:00+00:00,2026-08-21 16:57:00+00:00,4684.1,1.6428571428572079,4684.3,,0.5478260869562787,1.5217391304347223,1.217391304347778,1.947826086956334
AMP_CQG_RAW_EXCLUSIVE,B_NEXT_OPEN,2026-08-21 17:49:00+00:00,LONG,2026-08-21 17:49:00+00:00,2026-08-21 17:50:00+00:00,4677.0,1.935714285714052,4676.2,,0.5166051660517229,0.15498154981561085,0.4132841328414723,3.8228782287825616
AMP_CQG_RAW_EXCLUSIVE,B_NEXT_OPEN,2026-08-23 23:00:00+00:00,LONG,2026-08-23 23:00:00+00:00,2026-08-23 23:01:00+00:00,4663.5,1.3928571428572079,4663.3,,-0.4307692307694719,1.3641025641022393,-0.07179487179512964,0.5743589743590781
AMP_CQG_RAW_EXCLUSIVE,B_NEXT_OPEN,2026-08-24 00:38:00+00:00,SHORT,2026-08-24 00:38:00+00:00,2026-08-24 00:39:00+00:00,4660.0,5.721428571428662,4660.6,,0.2621722846441906,-0.43695380774031767,-0.5418227215980574,-2.3770287141073916
AMP_CQG_RAW_EXCLUSIVE,B_NEXT_OPEN,2026-08-24 01:26:00+00:00,SHORT,2026-08-24 01:26:00+00:00,2026-08-24 01:27:00+00:00,4671.9,3.7857142857142856,4671.5,,-0.21132075471702919,0.1320754716981132,1.769811320754669,1.1622641509433003
AMP_CQG_RAW_EXCLUSIVE,B_NEXT_OPEN,2026-08-24 02:22:00+00:00,SHORT,2026-08-24 02:22:00+00:00,2026-08-24 02:23:00+00:00,4709.2,3.514285714285831,4709.4,,-0.42682926829266876,-0.17073170731717102,0.5691056910568917,-0.0284552845529481
AMP_CQG_RAW_EXCLUSIVE,B_NEXT_OPEN,2026-08-24 06:58:00+00:00,LONG,2026-08-24 06:58:00+00:00,2026-08-24 06:59:00+00:00,4706.2,2.342857142857091,4706.3,,0.21341463414634618,-0.8536585365853847,-0.5121951219511532,-1.365853658536538
AMP_CQG_RAW_EXCLUSIVE,B_NEXT_OPEN,2026-08-24 08:25:00+00:00,LONG,2026-08-24 08:25:00+00:00,2026-08-24 08:26:00+00:00,4691.0,2.585714285714338,4691.5,,-0.4254143646410161,-1.0055248618785735,-1.3535911602209671,0.46408839778997557
AMP_CQG_RAW_EXCLUSIVE,B_NEXT_OPEN,2026-08-24 11:26:00+00:00,SHORT,2026-08-24 11:26:00+00:00,2026-08-24 11:27:00+00:00,4699.5,1.8357142857143376,4699.5,,-0.27237354085602344,-2.451361867704211,-1.9610894941635668,-9.478599221789418
AMP_CQG_RAW_EXCLUSIVE,B_NEXT_OPEN,2026-08-24 13:25:00+00:00,LONG,2026-08-24 13:25:00+00:00,2026-08-24 13:26:00+00:00,4727.7,3.185714285714247,4728.0,,0.5650224215247277,1.0044843049326906,1.8206278026906622,0.533632286995465
AMP_CQG_RAW_EXCLUSIVE,B_NEXT_OPEN,2026-08-24 14:07:00+00:00,SHORT,2026-08-24 14:07:00+00:00,2026-08-24 14:08:00+00:00,4723.0,4.157142857142974,4722.7,,-0.12027491408934371,-1.2989690721648244,0.36082474226803113,-0.33676975945007487
AMP_CQG_RAW_EXCLUSIVE,B_NEXT_OPEN,2026-08-24 14:10:00+00:00,SHORT,2026-08-24 14:10:00+00:00,2026-08-24 14:11:00+00:00,4728.9,4.028571428571532,4728.4,,1.9609929078012776,1.414893617021195,2.432624113474934,1.3652482269503194
AMP_CQG_RAW_EXCLUSIVE,B_NEXT_OPEN,2026-08-24 15:30:00+00:00,SHORT,2026-08-24 15:30:00+00:00,2026-08-24 15:31:00+00:00,4732.5,2.7285714285713505,4732.8,,0.40314136125668937,0.43979057591617626,0.9162303664921728,7.513089005235817
AMP_CQG_RAW_EXCLUSIVE,B_NEXT_OPEN,2026-08-24 17:50:00+00:00,LONG,2026-08-24 17:50:00+00:00,2026-08-24 17:51:00+00:00,4694.9,1.9642857142857142,4695.0,,-0.7127272727270876,-1.832727272726995,-2.290909090909091,0.6109090909094613
AMP_CQG_RAW_EXCLUSIVE,B_NEXT_OPEN,2026-08-24 18:00:00+00:00,SHORT,2026-08-24 18:00:00+00:00,2026-08-24 18:01:00+00:00,4692.6,2.2928571428572337,4692.9,,-0.3925233644858071,-1.3520249221180884,-1.5264797507787558,1.1339563862929487
AMP_CQG_RAW_EXCLUSIVE,B_NEXT_OPEN,2026-08-25 01:17:00+00:00,SHORT,2026-08-25 01:17:00+00:00,2026-08-25 01:18:00+00:00,4732.3,3.907142857142909,4732.9,,-0.691042047531937,0.17915904936009733,0.4862888482633873,0.6654478976234847
AMP_CQG_RAW_EXCLUSIVE,B_NEXT_OPEN,2026-08-25 01:21:00+00:00,LONG,2026-08-25 01:21:00+00:00,2026-08-25 01:22:00+00:00,4733.1,3.400000000000026,4733.3,,-0.7941176470590314,-2.8235294117647913,-3.088235294117623,-1.1176470588235743
AMP_CQG_RAW_EXCLUSIVE,B_NEXT_OPEN,2026-08-25 01:39:00+00:00,LONG,2026-08-25 01:39:00+00:00,2026-08-25 01:40:00+00:00,4725.0,3.349999999999974,4725.1,,0.2388059701493099,1.1940298507462779,0.5074626865671138,-1.0746268656717588
AMP_CQG_RAW_EXCLUSIVE,B_NEXT_OPEN,2026-08-25 01:57:00+00:00,SHORT,2026-08-25 01:57:00+00:00,2026-08-25 01:58:00+00:00,4718.9,3.61428571428587,4719.4,,1.1067193675888851,0.9130434782606288,1.7984189723319381,6.197628458497656
AMP_CQG_RAW_EXCLUSIVE,B_NEXT_OPEN,2026-08-25 02:10:00+00:00,SHORT,2026-08-25 02:10:00+00:00,2026-08-25 02:11:00+00:00,4700.8,4.664285714285792,4701.0,,-0.15007656967836586,1.2649310872895294,0.5145482388975051,-2.143950995405784
AMP_CQG_RAW_EXCLUSIVE,B_NEXT_OPEN,2026-08-25 02:56:00+00:00,SHORT,2026-08-25 02:56:00+00:00,2026-08-25 02:57:00+00:00,4682.0,6.2071428571428315,4682.2,,0.17721518987347706,-0.5638665132336041,-0.3060989643267551,-1.562715765247388
AMP_CQG_RAW_EXCLUSIVE,B_NEXT_OPEN,2026-08-25 03:04:00+00:00,LONG,2026-08-25 03:04:00+00:00,2026-08-25 03:05:00+00:00,4679.8,4.799999999999922,4679.5,,1.0416666666666836,2.4791666666666314,2.312499999999924,2.354166666666743
AMP_CQG_RAW_EXCLUSIVE,B_NEXT_OPEN,2026-08-25 05:10:00+00:00,SHORT,2026-08-25 05:10:00+00:00,2026-08-25 05:11:00+00:00,4691.9,2.2714285714285194,4692.3,,-0.616352201258116,-0.8805031446541082,-1.8490566037739475,-3.7421383647799598
AMP_CQG_RAW_EXCLUSIVE,B_NEXT_OPEN,2026-08-25 05:32:00+00:00,LONG,2026-08-25 05:32:00+00:00,2026-08-25 05:33:00+00:00,4696.9,2.0857142857142077,4696.6,,1.0068493150687052,2.4452054794523206,1.5821917808220642,0.4794520547945385
AMP_CQG_RAW_EXCLUSIVE,B_NEXT_OPEN,2026-08-25 05:40:00+00:00,LONG,2026-08-25 05:40:00+00:00,2026-08-25 05:41:00+00:00,4698.3,2.507142857142753,4698.1,,-0.5185185185186125,-1.6353276353278483,-0.7179487179488203,0.23931623931603158
AMP_CQG_RAW_EXCLUSIVE,B_NEXT_OPEN,2026-08-25 07:31:00+00:00,SHORT,2026-08-25 07:31:00+00:00,2026-08-25 07:32:00+00:00,4694.0,1.9857142857142986,4694.4,,0.8057553956836312,1.3093525179857861,1.661870503597203,-0.7553956834532325
AMP_CQG_RAW_EXCLUSIVE,B_NEXT_OPEN,2026-08-25 08:11:00+00:00,SHORT,2026-08-25 08:11:00+00:00,2026-08-25 08:12:00+00:00,4680.0,2.5285714285714027,4680.1,,-0.5536723163840426,-1.2259887005651282,-1.7401129943501563,-5.220338983050829
AMP_CQG_RAW_EXCLUSIVE,B_NEXT_OPEN,2026-08-25 09:44:00+00:00,LONG,2026-08-25 09:44:00+00:00,2026-08-25 09:45:00+00:00,4692.9,3.699999999999948,4692.8,,0.37837837837853117,-0.1081081081080113,0.9189189189190793,-0.3243243243242797
AMP_CQG_RAW_EXCLUSIVE,B_NEXT_OPEN,2026-08-25 10:51:00+00:00,LONG,2026-08-25 10:51:00+00:00,2026-08-25 10:52:00+00:00,4694.0,1.6214285714285583,4693.8,,0.9867841409693954,1.8502202643171957,1.7268722466961615,0.5550660792949343
AMP_CQG_RAW_EXCLUSIVE,B_NEXT_OPEN,2026-08-25 11:11:00+00:00,LONG,2026-08-25 11:11:00+00:00,2026-08-25 11:12:00+00:00,4696.3,1.9142857142856624,4696.8,,0.20895522388041263,1.097014925372879,0.626865671641713,0.4179104477613004
AMP_CQG_RAW_EXCLUSIVE,B_NEXT_OPEN,2026-08-25 11:12:00+00:00,LONG,2026-08-25 11:12:00+00:00,2026-08-25 11:13:00+00:00,4696.4,1.9214285714284804,4696.7,,0.0,1.0408921933085995,0.7806691449814496,-0.5204460966542998
AMP_CQG_RAW_EXCLUSIVE,B_NEXT_OPEN,2026-08-25 14:11:00+00:00,SHORT,2026-08-25 14:11:00+00:00,2026-08-25 14:12:00+00:00,4679.2,4.5214285714286495,4679.1,,-0.42022116903644835,0.22116903633490928,0.3538704581357342,-0.9952606635070919
AMP_CQG_RAW_EXCLUSIVE,B_NEXT_OPEN,2026-08-25 15:41:00+00:00,SHORT,2026-08-25 15:41:00+00:00,2026-08-25 15:42:00+00:00,4714.1,3.7785714285712078,4713.9,,0.02646502835548535,0.2117202268431607,0.5293005671077814,1.3761814744804242
AMP_CQG_RAW_EXCLUSIVE,B_NEXT_OPEN,2026-08-25 15:48:00+00:00,LONG,2026-08-25 15:48:00+00:00,2026-08-25 15:49:00+00:00,4709.2,3.007142857142753,4709.3,,-0.09976247030885253,-0.46555819477424193,-0.43230403800482603,-1.0308788598573364
AMP_CQG_RAW_EXCLUSIVE,B_NEXT_OPEN,2026-08-25 15:55:00+00:00,SHORT,2026-08-25 15:55:00+00:00,2026-08-25 15:56:00+00:00,4707.7,2.4285714285715585,4707.8,,-0.4941176470587222,-0.08235294117639129,-0.41176470588233094,3.0058823529410907
AMP_CQG_RAW_EXCLUSIVE,B_NEXT_OPEN,2026-08-25 16:30:00+00:00,LONG,2026-08-25 16:30:00+00:00,2026-08-25 16:31:00+00:00,4698.0,2.4285714285714937,4697.6,,-0.04117647058838399,-0.41176470588234193,-0.6588235294118968,0.4941176470587354
AMP_CQG_RAW_EXCLUSIVE,B_NEXT_OPEN,2026-08-25 19:35:00+00:00,SHORT,2026-08-25 19:35:00+00:00,2026-08-25 19:36:00+00:00,4715.8,1.5785714285713897,4716.0,,-0.1266968325790734,-0.06334841628924863,-0.38009049773722026,-3.230769230768965
AMP_CQG_RAW_EXCLUSIVE,B_NEXT_OPEN,2026-08-25 19:53:00+00:00,LONG,2026-08-25 19:53:00+00:00,2026-08-25 19:54:00+00:00,4723.2,2.078571428571325,4722.9,,-0.529209621992891,-1.4914089347077157,0.048109965635916255,0.09621993127139496
AMP_CQG_RAW_EXCLUSIVE,B_NEXT_OPEN,2026-08-26 06:11:00+00:00,SHORT,2026-08-26 06:11:00+00:00,2026-08-26 06:12:00+00:00,4694.1,1.9285714285713635,4694.1,,-0.46666666666649376,-0.051851851851570645,2.1777777777782283,4.7185185185188665
AMP_CQG_RAW_EXCLUSIVE,B_NEXT_OPEN,2026-08-26 07:53:00+00:00,SHORT,2026-08-26 07:53:00+00:00,2026-08-26 07:54:00+00:00,4684.1,1.8214285714285066,4683.9,,-0.219607843137063,0.3843137254906092,-0.6039215686271729,0.10980392156903082
AMP_CQG_RAW_EXCLUSIVE,B_NEXT_OPEN,2026-08-26 09:11:00+00:00,SHORT,2026-08-26 09:11:00+00:00,2026-08-26 09:12:00+00:00,4682.3,2.107142857142857,4681.8,,-0.42711864406762395,0.9016949152544962,1.9932203389829644,4.318644067796782
AMP_CQG_RAW_EXCLUSIVE,B_NEXT_OPEN,2026-08-26 09:36:00+00:00,LONG,2026-08-26 09:36:00+00:00,2026-08-26 09:37:00+00:00,4676.3,1.8142857142857534,4676.3,,-0.11023622047233832,-0.22047244094517793,0.0,2.590551181102206
AMP_CQG_RAW_EXCLUSIVE,B_NEXT_OPEN,2026-08-26 10:29:00+00:00,LONG,2026-08-26 10:29:00+00:00,2026-08-26 10:30:00+00:00,4671.2,1.592857142857026,4670.8,,-0.3139013452915029,1.8206278026910592,2.6367713004485096,4.4573991031395686
AMP_CQG_RAW_EXCLUSIVE,B_NEXT_OPEN,2026-08-26 10:48:00+00:00,LONG,2026-08-26 10:48:00+00:00,2026-08-26 10:49:00+00:00,4679.3,1.2214285714286623,4679.6,,0.16374269005831843,0.24561403508784993,-1.1461988304097182,-1.6374269005846733
AMP_CQG_RAW_EXCLUSIVE,B_NEXT_OPEN,2026-08-26 11:16:00+00:00,LONG,2026-08-26 11:16:00+00:00,2026-08-26 11:17:00+00:00,4675.8,1.2357142857142338,4676.1,,0.4046242774566644,1.7803468208091762,-0.9710982658958474,1.8612716763008035
AMP_CQG_RAW_EXCLUSIVE,B_NEXT_OPEN,2026-08-26 13:13:00+00:00,LONG,2026-08-26 13:13:00+00:00,2026-08-26 13:14:00+00:00,4665.5,4.578571428571389,4664.8,,0.1747269890796044,-1.1138845553823042,-0.2620904836193073,-0.10920436817472792
AMP_CQG_RAW_EXCLUSIVE,B_NEXT_OPEN,2026-08-26 13:17:00+00:00,SHORT,2026-08-26 13:17:00+00:00,2026-08-26 13:18:00+00:00,4661.8,4.478571428571286,4661.8,,-0.5582137161084708,-0.5358851674640507,-0.3125996810206624,-1.4960127591706611
AMP_CQG_RAW_EXCLUSIVE,B_NEXT_OPEN,2026-08-26 14:21:00+00:00,LONG,2026-08-26 14:21:00+00:00,2026-08-26 14:22:00+00:00,4680.3,3.0071428571428833,4680.1,,-0.06650831353913134,-1.2304038004749882,-1.828978622327775,-2.9263657957245006
AMP_CQG_RAW_EXCLUSIVE,B_NEXT_OPEN,2026-08-26 14:58:00+00:00,SHORT,2026-08-26 14:58:00+00:00,2026-08-26 14:59:00+00:00,4662.7,3.3714285714286234,4662.4,,1.3347457627118438,1.5423728813558544,2.046610169491386,5.042372881355854
AMP_CQG_RAW_EXCLUSIVE,B_NEXT_OPEN,2026-08-26 18:06:00+00:00,SHORT,2026-08-26 18:06:00+00:00,2026-08-26 18:07:00+00:00,4658.0,1.6428571428571428,4658.0,,0.5478260869563003,-0.06086956521761275,-0.4869565217392412,5.356521739130546
AMP_CQG_RAW_EXCLUSIVE,B_NEXT_OPEN,2026-08-26 22:04:00+00:00,SHORT,2026-08-26 22:04:00+00:00,2026-08-26 22:05:00+00:00,4656.6,2.0642857142854933,4656.7,,-0.43598615916942063,-0.9688581314879929,-0.8719723183388413,-4.0692041522493945
AMP_CQG_RAW_EXCLUSIVE,B_NEXT_OPEN,2026-08-27 00:47:00+00:00,SHORT,2026-08-27 00:47:00+00:00,2026-08-27 00:48:00+00:00,4662.3,2.6714285714286103,4662.4,,-0.41176470588214265,0.7486631016042672,2.0588235294117347,-0.07486631016035862
AMP_CQG_RAW_EXCLUSIVE,B_NEXT_OPEN,2026-08-27 05:09:00+00:00,SHORT,2026-08-27 05:09:00+00:00,2026-08-27 05:10:00+00:00,4674.1,1.2214285714285975,4674.4,,-1.1461988304090345,-0.7368421052628443,0.16374269005907172,-0.4912280701749813
AMP_CQG_RAW_EXCLUSIVE,B_NEXT_OPEN,2026-08-27 06:55:00+00:00,SHORT,2026-08-27 06:55:00+00:00,2026-08-27 06:56:00+00:00,4656.1,1.8857142857141949,4656.1,,1.1666666666671088,1.3257575757576396,0.2651515151515279,-0.4242424242420588
AMP_CQG_RAW_EXCLUSIVE,B_NEXT_OPEN,2026-08-27 07:34:00+00:00,SHORT,2026-08-27 07:34:00+00:00,2026-08-27 07:35:00+00:00,4650.3,2.0785714285714545,4650.2,,0.3848797250859934,-0.0481099656354757,0.0,-0.48109965635738233
AMP_CQG_RAW_EXCLUSIVE,B_NEXT_OPEN,2026-08-27 09:38:00+00:00,SHORT,2026-08-27 09:38:00+00:00,2026-08-27 09:39:00+00:00,4637.2,3.407142857143039,4636.3,,-0.14675052410900682,0.6163522012576685,0.35220125786156303,0.41090146750511236
AMP_CQG_RAW_EXCLUSIVE,B_NEXT_OPEN,2026-08-27 09:39:00+00:00,SHORT,2026-08-27 09:39:00+00:00,2026-08-27 09:40:00+00:00,4637.8,3.414285714285857,4637.7,,0.4686192468620116,0.4979079497907209,0.6443514644350662,0.7615062761507023
AMP_CQG_RAW_EXCLUSIVE,B_NEXT_OPEN,2026-08-27 09:42:00+00:00,SHORT,2026-08-27 09:42:00+00:00,2026-08-27 09:43:00+00:00,4635.6,3.2785714285715324,4636.1,,-0.12200435729836012,-0.12200435729836012,-0.12200435729836012,0.8845315904140818
AMP_CQG_RAW_EXCLUSIVE,B_NEXT_OPEN,2026-08-27 16:30:00+00:00,SHORT,2026-08-27 16:30:00+00:00,2026-08-27 16:31:00+00:00,4660.7,1.6285714285714417,4661.0,,-0.6140350877192933,-1.1666666666669923,-1.043859649122687,-4.236842105263459
AMP_CQG_RAW_EXCLUSIVE,B_NEXT_OPEN,2026-08-27 19:12:00+00:00,LONG,2026-08-27 19:12:00+00:00,2026-08-27 19:13:00+00:00,4670.0,1.8428571428571558,4670.3,,-0.4341085271318786,-2.1705426356588995,-2.7131782945736242,-5.914728682170304
AMP_CQG_RAW_EXCLUSIVE,B_NEXT_OPEN,2026-08-27 22:01:00+00:00,SHORT,2026-08-27 22:01:00+00:00,2026-08-27 22:02:00+00:00,4659.3,1.7357142857143637,4659.6,,1.0946502057615821,2.4773662551440263,2.246913580247127,0.5761316872427724
AMP_CQG_RAW_EXCLUSIVE,B_NEXT_OPEN,2026-08-28 00:12:00+00:00,SHORT,2026-08-28 00:12:00+00:00,2026-08-28 00:13:00+00:00,4654.8,1.9714285714284026,4654.8,,0.30434782608716715,1.9782608695656636,3.4492753623192285,5.376811594203543
AMP_CQG_RAW_EXCLUSIVE,B_NEXT_OPEN,2026-08-28 02:12:00+00:00,LONG,2026-08-28 02:12:00+00:00,2026-08-28 02:13:00+00:00,4631.4,1.5928571428570908,4632.3,,1.632286995515977,1.0044843049329966,0.753363228700033,3.139013452914901
AMP_CQG_RAW_EXCLUSIVE,B_NEXT_OPEN,2026-08-28 02:48:00+00:00,LONG,2026-08-28 02:48:00+00:00,2026-08-28 02:49:00+00:00,4636.5,1.7071428571428962,4635.6,,1.4644351464434813,1.7573221757321775,1.3472803347281093,0.9372384937240411
AMP_CQG_RAW_EXCLUSIVE,B_NEXT_OPEN,2026-08-28 06:27:00+00:00,SHORT,2026-08-28 06:27:00+00:00,2026-08-28 06:28:00+00:00,4636.3,1.7428571428573119,4636.9,,-0.11475409836054024,-0.516393442622692,-0.11475409836054024,-0.9180327868848438
AMP_CQG_RAW_EXCLUSIVE,B_NEXT_OPEN,2026-08-28 06:36:00+00:00,SHORT,2026-08-28 06:36:00+00:00,2026-08-28 06:37:00+00:00,4638.2,1.6142857142858051,4638.4,,-0.371681415929408,-0.24778761061979312,0.12389380530961486,-10.964601769910775
AMP_CQG_RAW_EXCLUSIVE,B_NEXT_OPEN,2026-08-28 06:40:00+00:00,LONG,2026-08-28 06:40:00+00:00,2026-08-28 06:41:00+00:00,4638.1,1.5785714285715196,4638.0,,-0.06334841628981958,0.8235294117641975,3.230769230768699,13.683257918550902
AMP_CQG_RAW_EXCLUSIVE,B_NEXT_OPEN,2026-08-28 09:34:00+00:00,SHORT,2026-08-28 09:34:00+00:00,2026-08-28 09:35:00+00:00,4656.1,1.592857142857026,4656.0,,0.2511210762335449,0.0,-0.8161434977574507,-1.1928251121074824
AMP_CQG_RAW_EXCLUSIVE,B_NEXT_OPEN,2026-08-28 09:43:00+00:00,LONG,2026-08-28 09:43:00+00:00,2026-08-28 09:44:00+00:00,4657.7,1.7071428571427663,4657.8,,0.0,0.05857740585795681,0.3514644351466753,0.7615062761507747
AMP_CQG_RAW_EXCLUSIVE,B_NEXT_OPEN,2026-08-28 10:31:00+00:00,LONG,2026-08-28 10:31:00+00:00,2026-08-28 10:32:00+00:00,4660.2,1.3428571428571558,4660.4,,-0.2978723404252581,0.2978723404259354,-1.117021276595734,-4.393617021276282
AMP_CQG_RAW_EXCLUSIVE,B_NEXT_OPEN,2026-08-28 10:34:00+00:00,SHORT,2026-08-28 10:34:00+00:00,2026-08-28 10:35:00+00:00,4660.5,1.2142857142855843,4660.6,,1.647058823529588,1.8117647058823971,2.882352941176779,5.023529411765543
AMP_CQG_RAW_EXCLUSIVE,B_NEXT_OPEN,2026-08-28 11:36:00+00:00,LONG,2026-08-28 11:36:00+00:00,2026-08-28 11:37:00+00:00,4650.0,1.1142857142856104,4649.8,,0.0897435897439246,-3.5,-4.038461538461915,-1.5256410256410047
AMP_CQG_RAW_EXCLUSIVE,B_NEXT_OPEN,2026-08-28 11:37:00+00:00,LONG,2026-08-28 11:37:00+00:00,2026-08-28 11:38:00+00:00,4649.8,1.099999999999909,4650.1,,-1.9090909090913977,-4.727272727272953,-2.818181818182382,-3.0909090909098427
AMP_CQG_RAW_EXCLUSIVE,B_NEXT_OPEN,2026-08-28 11:43:00+00:00,SHORT,2026-08-28 11:43:00+00:00,2026-08-28 11:44:00+00:00,4646.3,1.6285714285713766,4646.3,,-0.5526315789471626,-1.3508771929823875,0.06140350877215517,0.36842105263181407
AMP_CQG_RAW_EXCLUSIVE,B_NEXT_OPEN,2026-08-31 00:01:00+00:00,LONG,2026-08-31 00:01:00+00:00,2026-08-31 00:02:00+00:00,4509.3,3.835714285714143,4509.7,,-1.0949720670390994,-0.5214152700186414,-0.20856610800750397,0.6256983240222749
AMP_CQG_RAW_EXCLUSIVE,B_NEXT_OPEN,2026-08-31 01:43:00+00:00,LONG,2026-08-31 01:43:00+00:00,2026-08-31 01:44:00+00:00,4501.6,4.599999999999909,4501.6,,-0.30434782608708116,-0.41304347826099636,-3.021739130434961,-2.5000000000000493
AMP_CQG_RAW_EXCLUSIVE,B_NEXT_OPEN,2026-08-31 02:19:00+00:00,LONG,2026-08-31 02:19:00+00:00,2026-08-31 02:20:00+00:00,4471.4,3.6142857142856752,4471.0,,0.16600790513844238,0.33201581027688476,1.466403162055402,-2.822134387351759
AMP_CQG_RAW_EXCLUSIVE,B_NEXT_OPEN,2026-08-31 02:36:00+00:00,LONG,2026-08-31 02:36:00+00:00,2026-08-31 02:37:00+00:00,4457.4,4.128571428571441,4457.7,,0.5086505190312284,0.048442906574570545,-1.3564013840829086,1.1626297577855076
AMP_CQG_RAW_EXCLUSIVE,B_NEXT_OPEN,2026-08-31 06:07:00+00:00,LONG,2026-08-31 06:07:00+00:00,2026-08-31 06:08:00+00:00,4480.0,2.7214285714284676,4479.7,,0.3307086614172018,1.4698162729659354,1.1023622047244515,2.020997375328161
AMP_CQG_RAW_EXCLUSIVE,B_NEXT_OPEN,2026-08-31 06:36:00+00:00,LONG,2026-08-31 06:36:00+00:00,2026-08-31 06:37:00+00:00,4486.6,2.4285714285713635,4486.6,,0.0823529411763979,1.3999999999998878,1.6470588235294559,0.5764705882351597
AMP_CQG_RAW_EXCLUSIVE,B_NEXT_OPEN,2026-08-31 07:19:00+00:00,SHORT,2026-08-31 07:19:00+00:00,2026-08-31 07:20:00+00:00,4489.2,1.8714285714284935,4489.2,,-0.48091603053466275,-1.656488549618584,-3.0992366412216,-2.7251908396949642
AMP_CQG_RAW_EXCLUSIVE,B_NEXT_OPEN,2026-08-31 10:21:00+00:00,SHORT,2026-08-31 10:21:00+00:00,2026-08-31 10:22:00+00:00,4499.6,1.8785714285714417,4499.8,,0.2129277566542814,0.9049429657798487,0.5323193916349773,-0.638783269961876
AMP_CQG_RAW_EXCLUSIVE,B_NEXT_OPEN,2026-08-31 10:35:00+00:00,LONG,2026-08-31 10:35:00+00:00,2026-08-31 10:36:00+00:00,4499.1,1.4214285714285455,4498.9,,1.1959798994973814,1.6180904522608242,1.2663316582909685,2.3919597989947627
AMP_CQG_RAW_EXCLUSIVE,B_NEXT_OPEN,2026-08-31 10:37:00+00:00,LONG,2026-08-31 10:37:00+00:00,2026-08-31 10:38:00+00:00,4500.3,1.55714285714287,4500.3,,0.7064220183482676,0.38532110091707755,0.4495412844035492,3.1467889908254283
AMP_CQG_RAW_EXCLUSIVE,B_NEXT_OPEN,2026-08-31 11:46:00+00:00,LONG,2026-08-31 11:46:00+00:00,2026-08-31 11:47:00+00:00,4504.7,1.8642857142857403,4504.6,,-0.1609195402299804,-0.37547892720296233,0.42911877394645176,2.1992337164752604
AMP_CQG_RAW_EXCLUSIVE,B_NEXT_OPEN,2026-08-31 12:13:00+00:00,SHORT,2026-08-31 12:13:00+00:00,2026-08-31 12:14:00+00:00,4509.8,2.6357142857143248,4509.8,,0.6070460704608336,1.3279132791327717,0.1897018970189674,3.2249322493224453
AMP_CQG_RAW_EXCLUSIVE,B_NEXT_OPEN,2026-08-31 13:09:00+00:00,LONG,2026-08-31 13:09:00+00:00,2026-08-31 13:10:00+00:00,4496.1,2.9214285714286103,4496.1,,-0.5134474327628293,0.20537897310494493,0.30806845965757307,-1.334963325183543
AMP_CQG_RAW_EXCLUSIVE,B_NEXT_OPEN,2026-08-31 13:27:00+00:00,LONG,2026-08-31 13:27:00+00:00,2026-08-31 13:28:00+00:00,4495.5,2.257142857142818,4495.6,,1.2405063291140261,-0.6202531645568116,-2.6139240506327956,-4.164556962025228
AMP_CQG_RAW_EXCLUSIVE,B_NEXT_OPEN,2026-08-31 15:01:00+00:00,SHORT,2026-08-31 15:01:00+00:00,2026-08-31 15:02:00+00:00,4483.5,3.2714285714287143,4483.2,,1.314410480349343,1.4978165938862862,0.1528384279475916,-0.48908296943240426
AMP_CQG_RAW_EXCLUSIVE,B_NEXT_OPEN,2026-08-31 19:13:00+00:00,SHORT,2026-08-31 19:13:00+00:00,2026-08-31 19:14:00+00:00,4482.4,1.357142857142987,4482.3,,-0.29473684210563705,-0.6631578947371807,-0.1473684210531536,-5.526315789473155
AMP_CQG_RAW_EXCLUSIVE,B_NEXT_OPEN,2026-08-31 22:20:00+00:00,SHORT,2026-08-31 22:20:00+00:00,2026-08-31 22:21:00+00:00,4498.1,1.1785714285714934,4498.2,,1.1030303030303967,0.6787878787879957,0.9333333333335906,0.0
AMP_CQG_RAW_EXCLUSIVE,B_NEXT_OPEN,2026-09-01 00:47:00+00:00,SHORT,2026-09-01 00:47:00+00:00,2026-09-01 00:48:00+00:00,4502.9,1.7214285714285325,4502.3,,-1.6846473029049194,-2.5560165975107485,-4.182572614108401,0.522821576763286
AMP_CQG_RAW_EXCLUSIVE,B_NEXT_OPEN,2026-09-01 03:05:00+00:00,SHORT,2026-09-01 03:05:00+00:00,2026-09-01 03:06:00+00:00,4490.4,1.9071428571428442,4490.4,,-0.26217228464419656,0.26217228464419656,0.20973782771516647,3.4082397003745553
AMP_CQG_RAW_EXCLUSIVE,B_NEXT_OPEN,2026-09-01 04:55:00+00:00,SHORT,2026-09-01 04:55:00+00:00,2026-09-01 04:56:00+00:00,4476.6,1.7642857142857662,4477.1,,0.22672064777358197,0.5101214574901728,1.0769230769233546,-1.5303643724694875
AMP_CQG_RAW_EXCLUSIVE,B_NEXT_OPEN,2026-09-01 05:48:00+00:00,LONG,2026-09-01 05:48:00+00:00,2026-09-01 05:49:00+00:00,4493.3,2.7357142857142986,4493.4,,0.18276762402088687,-0.8772845953004564,-0.5483028720626606,-3.0339425587467885
AMP_CQG_RAW_EXCLUSIVE,B_NEXT_OPEN,2026-09-01 07:50:00+00:00,SHORT,2026-09-01 07:50:00+00:00,2026-09-01 07:51:00+00:00,4471.0,2.8357142857144026,4470.9,,0.6700251889167207,1.269521410579421,0.141057934508682,3.949622166246624
AMP_CQG_RAW_EXCLUSIVE,B_NEXT_OPEN,2026-09-01 10:22:00+00:00,LONG,2026-09-01 10:22:00+00:00,2026-09-01 10:23:00+00:00,4433.2,2.4285714285714284,4433.4,,-0.49411764705874867,-0.2470588235291871,-0.2058823529411765,0.3294117647059573
AMP_CQG_RAW_EXCLUSIVE,B_NEXT_OPEN,2026-09-01 10:59:00+00:00,SHORT,2026-09-01 10:59:00+00:00,2026-09-01 11:00:00+00:00,4427.0,1.9357142857142466,4426.9,,0.7749077490775064,-0.10332103321024022,-0.7232472324721514,0.6199261992619112
AMP_CQG_RAW_EXCLUSIVE,B_NEXT_OPEN,2026-09-01 11:17:00+00:00,LONG,2026-09-01 11:17:00+00:00,2026-09-01 11:18:00+00:00,4424.2,2.2285714285714806,4424.3,,0.2692307692309262,0.8525641025643276,0.5833333333334013,2.5576923076921663
AMP_CQG_RAW_EXCLUSIVE,B_NEXT_OPEN,2026-09-01 14:47:00+00:00,LONG,2026-09-01 14:47:00+00:00,2026-09-01 14:48:00+00:00,4417.2,2.7357142857143635,4417.1,,-1.2428198433418682,-1.7180156657962293,-2.0104438642297078,-3.6187989556133413
AMP_CQG_RAW_EXCLUSIVE,B_NEXT_OPEN,2026-09-01 17:14:00+00:00,SHORT,2026-09-01 17:14:00+00:00,2026-09-01 17:15:00+00:00,4394.7,1.9428571428573247,4394.6,,-0.41176470588240804,0.926470588235301,-0.15441176470596152,-1.9558823529410871
AMP_CQG_RAW_EXCLUSIVE,B_NEXT_OPEN,2026-09-01 20:50:00+00:00,LONG,2026-09-01 20:50:00+00:00,2026-09-01 20:51:00+00:00,4375.7,1.4214285714286754,4375.8,,-0.6331658291454264,-0.14070351758780145,-0.21105527638202207,
AMP_CQG_RAW_EXCLUSIVE,B_NEXT_OPEN,2026-09-02 00:25:00+00:00,SHORT,2026-09-02 00:25:00+00:00,2026-09-02 00:26:00+00:00,4375.5,3.799999999999987,4376.2,,0.763157894736749,1.1052631578946928,1.552631578947278,1.0000000000000513
AMP_CQG_RAW_EXCLUSIVE,B_NEXT_OPEN,2026-09-02 02:10:00+00:00,SHORT,2026-09-02 02:10:00+00:00,2026-09-02 02:11:00+00:00,4337.3,3.5714285714284415,4337.6,,-0.4479999999998635,-1.2040000000000948,-2.0719999999999734,-3.5279999999999756
AMP_CQG_RAW_EXCLUSIVE,B_NEXT_OPEN,2026-09-02 03:22:00+00:00,SHORT,2026-09-02 03:22:00+00:00,2026-09-02 03:23:00+00:00,4341.2,2.4714285714285973,4341.3,,1.1329479768786745,-1.1329479768786745,-1.335260115606996,3.277456647398589
AMP_CQG_RAW_EXCLUSIVE,B_NEXT_OPEN,2026-09-02 03:35:00+00:00,LONG,2026-09-02 03:35:00+00:00,2026-09-02 03:36:00+00:00,4330.9,2.857142857142922,4331.2,,0.2800000000000573,2.3450000000002014,1.8550000000000215,5.074999999999885
AMP_CQG_RAW_EXCLUSIVE,B_NEXT_OPEN,2026-09-02 03:50:00+00:00,LONG,2026-09-02 03:50:00+00:00,2026-09-02 03:51:00+00:00,4345.5,2.6714285714285455,4345.4,,-0.41176470588249314,-0.1122994652407109,0.7486631016042853,2.3208556149732162
AMP_CQG_RAW_EXCLUSIVE,B_NEXT_OPEN,2026-09-02 05:46:00+00:00,SHORT,2026-09-02 05:46:00+00:00,2026-09-02 05:47:00+00:00,4370.1,2.350000000000039,4369.9,,-0.04255319148912878,-0.9787234042549933,0.12765957446816037,0.8085106382980911
AMP_CQG_RAW_EXCLUSIVE,B_NEXT_OPEN,2026-09-02 06:02:00+00:00,SHORT,2026-09-02 06:02:00+00:00,2026-09-02 06:03:00+00:00,4368.2,1.8785714285715716,4368.3,,1.5437262357411337,2.0228136882128704,1.2243346007604599,-0.21292775665426666
AMP_CQG_RAW_EXCLUSIVE,B_NEXT_OPEN,2026-09-02 09:31:00+00:00,SHORT,2026-09-02 09:31:00+00:00,2026-09-02 09:32:00+00:00,4356.0,1.7071428571427663,4356.1,,-0.5271966527194802,-0.6443514644353938,-0.05857740585795681,-0.7615062761507747
AMP_CQG_RAW_EXCLUSIVE,B_NEXT_OPEN,2026-09-02 09:56:00+00:00,SHORT,2026-09-02 09:56:00+00:00,2026-09-02 09:57:00+00:00,4356.7,1.1214285714284284,4356.7,,0.8025477707004148,0.7133757961785971,1.4267515923563832,4.36942675159259
AMP_CQG_RAW_EXCLUSIVE,B_NEXT_OPEN,2026-09-02 10:18:00+00:00,SHORT,2026-09-02 10:18:00+00:00,2026-09-02 10:19:00+00:00,4355.4,1.857142857142922,4355.5,,-0.37692307692345556,-1.507692307692353,-1.130769230769387,-0.10769230769269571
AMP_CQG_RAW_EXCLUSIVE,B_NEXT_OPEN,2026-09-02 11:57:00+00:00,LONG,2026-09-02 11:57:00+00:00,2026-09-02 11:58:00+00:00,4378.0,2.0357142857142856,4377.2,,-0.4912280701754386,1.1298245614035982,-0.9333333333331547,-0.589473684210437
AMP_CQG_RAW_EXCLUSIVE,B_NEXT_OPEN,2026-09-02 12:14:00+00:00,SHORT,2026-09-02 12:14:00+00:00,2026-09-02 12:15:00+00:00,4380.2,2.814285714285753,4380.3,,0.10659898477163676,0.07106598984765013,0.6395939086294974,-1.101522842639708
AMP_CQG_RAW_EXCLUSIVE,B_NEXT_OPEN,2026-09-02 15:27:00+00:00,LONG,2026-09-02 15:27:00+00:00,2026-09-02 15:28:00+00:00,4416.4,2.2999999999998573,4416.2,,0.3913043478263485,0.8695652173913583,1.695652173913386,-0.8260869565216322
AMP_CQG_RAW_EXCLUSIVE,B_NEXT_OPEN,2026-09-02 20:06:00+00:00,SHORT,2026-09-02 20:06:00+00:00,2026-09-02 20:07:00+00:00,4435.8,1.6857142857143768,4436.0,,0.3559322033900271,0.7711864406780323,0.5932203389830188,2.5508474576270888
AMP_CQG_RAW_EXCLUSIVE,B_NEXT_OPEN,2026-09-02 22:00:00+00:00,SHORT,2026-09-02 22:00:00+00:00,2026-09-02 22:01:00+00:00,4436.4,1.099999999999909,4436.4,,-0.3636363636368898,-0.2727272727274606,0.8181818181815551,1.9090909090905708
AMP_CQG_RAW_EXCLUSIVE,B_NEXT_OPEN,2026-09-03 00:55:00+00:00,SHORT,2026-09-03 00:55:00+00:00,2026-09-03 00:56:00+00:00,4436.7,1.800000000000052,4436.1,,0.11111111111100684,-1.4444444444446047,1.2222222222220858,-7.555555555555539
AMP_CQG_RAW_EXCLUSIVE,B_NEXT_OPEN,2026-09-03 03:57:00+00:00,SHORT,2026-09-03 03:57:00+00:00,2026-09-03 03:58:00+00:00,4477.5,1.5428571428571038,4477.5,,0.25925925925903004,0.25925925925903004,2.2037037037035234,-0.12962962962951502
AMP_CQG_RAW_EXCLUSIVE,B_NEXT_OPEN,2026-09-03 04:05:00+00:00,LONG,2026-09-03 04:05:00+00:00,2026-09-03 04:06:00+00:00,4471.9,1.6285714285713766,4472.4,,-0.1842105263153486,3.684210526315907,5.342105263158512,3.1315789473687445
AMP_CQG_RAW_EXCLUSIVE,B_NEXT_OPEN,2026-09-03 05:16:00+00:00,LONG,2026-09-03 05:16:00+00:00,2026-09-03 05:17:00+00:00,4473.8,1.7785714285715326,4473.6,,0.28112449799195144,0.28112449799195144,-1.799196787148387,-0.730923694779176
AMP_CQG_RAW_EXCLUSIVE,B_NEXT_OPEN,2026-09-03 05:39:00+00:00,SHORT,2026-09-03 05:39:00+00:00,2026-09-03 05:40:00+00:00,4474.1,2.935714285714247,4474.4,,0.47688564476904866,-0.34063260340633056,-1.3965936739657694,-1.7712895377128568
AMP_CQG_RAW_EXCLUSIVE,B_NEXT_OPEN,2026-09-03 06:14:00+00:00,LONG,2026-09-03 06:14:00+00:00,2026-09-03 06:15:00+00:00,4473.1,2.750000000000195,4472.9,,1.0545454545452475,-0.03636363636376608,-0.43636363636387,-2.036363636363624
AMP_CQG_RAW_EXCLUSIVE,B_NEXT_OPEN,2026-09-03 08:28:00+00:00,SHORT,2026-09-03 08:28:00+00:00,2026-09-03 08:29:00+00:00,4482.0,2.3571428571426623,4482.2,,-1.1030303030305486,-0.5090909090908741,-1.272727272727378,0.636363636363689
AMP_CQG_RAW_EXCLUSIVE,B_NEXT_OPEN,2026-09-03 09:08:00+00:00,LONG,2026-09-03 09:08:00+00:00,2026-09-03 09:09:00+00:00,4487.1,2.0285714285713374,4486.8,,-0.4929577464788954,-0.9366197183101702,-0.7394366197183431,-3.992957746479232
AMP_CQG_RAW_EXCLUSIVE,B_NEXT_OPEN,2026-09-03 12:43:00+00:00,SHORT,2026-09-03 12:43:00+00:00,2026-09-03 12:44:00+00:00,4514.8,7.850000000000104,4514.6,,0.012738853503230889,-0.8535031847133414,-1.414012738853415,-3.4394904458598274
AMP_CQG_RAW_EXCLUSIVE,B_NEXT_OPEN,2026-09-03 15:28:00+00:00,SHORT,2026-09-03 15:28:00+00:00,2026-09-03 15:29:00+00:00,4552.8,3.007142857142818,4552.7,,-0.4323040380048167,0.26603325415683354,1.6294536817104164,2.992874109263697
AMP_CQG_RAW_EXCLUSIVE,B_NEXT_OPEN,2026-09-03 19:42:00+00:00,LONG,2026-09-03 19:42:00+00:00,2026-09-03 19:43:00+00:00,4525.8,1.3357142857143376,4525.7,,-0.29946524064210817,1.0481283422456762,0.8983957219249626,-0.1497326203207136
AMP_CQG_RAW_EXCLUSIVE,B_NEXT_OPEN,2026-09-03 19:55:00+00:00,LONG,2026-09-03 19:55:00+00:00,2026-09-03 19:56:00+00:00,4525.3,1.342857142856961,4525.3,,-0.37234042553196534,-2.234042553191792,-3.9468085106389683,-3.5744680851070028
AMP_CQG_RAW_EXCLUSIVE,B_NEXT_OPEN,2026-09-03 23:29:00+00:00,SHORT,2026-09-03 23:29:00+00:00,2026-09-03 23:30:00+00:00,4520.6,1.000000000000065,4520.7,,-1.0999999999993828,-1.4999999999999025,-1.2999999999991878,-3.499999999999772
AMP_CQG_RAW_EXCLUSIVE,B_NEXT_OPEN,2026-09-04 00:58:00+00:00,SHORT,2026-09-04 00:58:00+00:00,2026-09-04 00:59:00+00:00,4532.0,1.8357142857143376,4532.5,,-0.490272373540644,1.906614785992164,3.649805447470615,4.412451361867777
AMP_CQG_RAW_EXCLUSIVE,B_NEXT_OPEN,2026-09-04 01:02:00+00:00,LONG,2026-09-04 01:02:00+00:00,2026-09-04 01:03:00+00:00,4527.2,2.2357142857144288,4527.9,,-0.8498402555908372,-2.1916932907345212,-1.6996805111820812,-1.4313099041531816
AMP_CQG_RAW_EXCLUSIVE,B_NEXT_OPEN,2026-09-04 02:27:00+00:00,LONG,2026-09-04 02:27:00+00:00,2026-09-04 02:28:00+00:00,4519.1,1.6357142857143896,4519.3,,-0.18340611353721747,0.8558951965062734,-0.36681222707443495,0.30567685589517707
AMP_CQG_RAW_EXCLUSIVE,B_NEXT_OPEN,2026-09-04 03:51:00+00:00,LONG,2026-09-04 03:51:00+00:00,2026-09-04 03:52:00+00:00,4515.5,1.050000000000052,4515.7,,-0.5714285714288896,0.1904761904760078,0.2857142857144448,-1.047619047619342
AMP_CQG_RAW_EXCLUSIVE,B_NEXT_OPEN,2026-09-04 04:05:00+00:00,SHORT,2026-09-04 04:05:00+00:00,2026-09-04 04:06:00+00:00,4515.1,1.4642857142856494,4515.1,,0.47804878048832294,0.47804878048832294,0.4097560975612422,
AMP_CQG_RAW_EXCLUSIVE,B_NEXT_OPEN,2026-09-04 05:47:00+00:00,SHORT,2026-09-04 05:47:00+00:00,2026-09-04 05:48:00+00:00,4518.4,1.9642857142857142,4518.4,,0.1527272727269023,1.6799999999996296,1.781818181818182,0.6618181818178115
AMP_CQG_RAW_EXCLUSIVE,B_NEXT_OPEN,2026-09-04 07:09:00+00:00,SHORT,2026-09-04 07:09:00+00:00,2026-09-04 07:10:00+00:00,4515.4,1.6285714285714417,4515.4,,-1.1052631578948398,-0.06140350877215271,0.42982456140339365,-0.6140350877192933
AMP_CQG_RAW_EXCLUSIVE,B_NEXT_OPEN,2026-09-04 07:25:00+00:00,SHORT,2026-09-04 07:25:00+00:00,2026-09-04 07:26:00+00:00,4516.5,1.6642857142855974,4516.4,,0.6609442060088487,-0.7210300429183963,-2.703862660944396,-3.3648068669532445
AMP_CQG_RAW_EXCLUSIVE,B_NEXT_OPEN,2026-09-04 09:31:00+00:00,SHORT,2026-09-04 09:31:00+00:00,2026-09-04 09:32:00+00:00,4513.5,1.8214285714285066,4513.6,,-1.4823529411764236,0.05490196078451541,-0.9882352941177821,-1.152941176470829
AMP_CQG_RAW_EXCLUSIVE,B_NEXT_OPEN,2026-09-04 11:28:00+00:00,LONG,2026-09-04 11:28:00+00:00,2026-09-04 11:29:00+00:00,4512.6,1.4285714285713635,4512.6,,-0.5600000000001528,1.0500000000000478,0.629999999999774,0.629999999999774
AMP_CQG_RAW_EXCLUSIVE,B_NEXT_OPEN,2026-09-04 11:58:00+00:00,SHORT,2026-09-04 11:58:00+00:00,2026-09-04 11:59:00+00:00,4513.5,1.3785714285715716,4513.5,,0.29015544041421376,0.29015544041421376,-0.07253886010388332,1.3056994818652814
AMP_CQG_RAW_EXCLUSIVE,B_NEXT_OPEN,2026-09-04 13:27:00+00:00,SHORT,2026-09-04 13:27:00+00:00,2026-09-04 13:28:00+00:00,4454.6,4.535714285714221,4454.1,,-0.6834645669290234,-2.094488188976408,-2.314960629921293,-1.7637795275590804
AMP_CQG_RAW_EXCLUSIVE,B_NEXT_OPEN,2026-09-04 13:49:00+00:00,LONG,2026-09-04 13:49:00+00:00,2026-09-04 13:50:00+00:00,4477.3,6.028571428571403,4476.9,,-0.14928909952615751,-0.7630331753555138,-1.2772511848340986,-1.5758293838862627
AMP_CQG_RAW_EXCLUSIVE,B_NEXT_OPEN,2026-09-04 15:06:00+00:00,SHORT,2026-09-04 15:06:00+00:00,2026-09-04 15:07:00+00:00,4481.2,3.6785714285714937,4480.8,,-1.1961165048544962,-0.5980582524271244,-0.6252427184466404,-3.588349514562994
AMP_CQG_RAW_EXCLUSIVE,B_NEXT_OPEN,2026-09-04 19:45:00+00:00,SHORT,2026-09-04 19:45:00+00:00,2026-09-04 19:46:00+00:00,4483.3,1.4428571428571948,4483.2,,0.9702970297033136,1.5940594059406628,0.6930693069306681,1.6633663366339817
AMP_CQG_RAW_EXCLUSIVE,B_NEXT_OPEN,2026-09-07 02:00:00+00:00,SHORT,2026-09-07 02:00:00+00:00,2026-09-07 02:01:00+00:00,4455.4,2.44285714285726,4455.4,,1.4327485380116274,0.573099415204502,0.6549707602336634,2.2923976608183803
AMP_CQG_RAW_EXCLUSIVE,B_NEXT_OPEN,2026-09-07 04:23:00+00:00,LONG,2026-09-07 04:23:00+00:00,2026-09-07 04:24:00+00:00,4446.4,1.1142857142858051,4446.6,,0.0897435897439089,0.35897435897481944,1.3461538461537363,-3.3205128205123864
AMP_CQG_RAW_EXCLUSIVE,B_NEXT_OPEN,2026-09-07 08:17:00+00:00,SHORT,2026-09-07 08:17:00+00:00,2026-09-07 08:18:00+00:00,4465.7,2.6714285714286103,4465.6,,-0.636363636363559,-0.7860962566846167,-0.22459893048141633,-1.4224598930481758
AMP_CQG_RAW_EXCLUSIVE,B_NEXT_OPEN,2026-09-07 12:24:00+00:00,SHORT,2026-09-07 12:24:00+00:00,2026-09-07 12:25:00+00:00,4438.9,1.4142857142857272,4439.0,,-0.4242424242426776,-0.4242424242426776,-1.2020202020207054,-1.0606060606060508
AMP_CQG_RAW_EXCLUSIVE,B_NEXT_OPEN,2026-09-07 13:21:00+00:00,SHORT,2026-09-07 13:21:00+00:00,2026-09-07 13:22:00+00:00,4449.5,1.8071428571428052,4449.5,,0.0,0.49802371541483276,0.05533596837964954,0.1106719367587958
AMP_CQG_RAW_EXCLUSIVE,B_NEXT_OPEN,2026-09-07 13:24:00+00:00,LONG,2026-09-07 13:24:00+00:00,2026-09-07 13:25:00+00:00,4448.8,1.7142857142856494,4448.6,,0.5833333333333555,0.11666666666656497,0.11666666666656497,-0.35000000000022546
AMP_CQG_RAW_EXCLUSIVE,B_NEXT_OPEN,2026-09-07 15:43:00+00:00,SHORT,2026-09-07 15:43:00+00:00,2026-09-07 15:44:00+00:00,4456.0,1.107142857142987,4456.1,,-1.083870967741644,-2.2580645161287674,-1.896774193548493,-2.980645161290137
AMP_CQG_RAW_EXCLUSIVE,B_NEXT_OPEN,2026-09-07 16:12:00+00:00,SHORT,2026-09-07 16:12:00+00:00,2026-09-07 16:13:00+00:00,4462.4,0.8785714285714415,4462.4,,-0.45528455284614283,1.4796747967471175,3.3008130081296185,3.186991869917824
AMP_CQG_RAW_EXCLUSIVE,B_NEXT_OPEN,2026-09-07 23:59:00+00:00,LONG,2026-09-07 23:59:00+00:00,2026-09-08 00:00:00+00:00,4469.1,1.9571428571428962,4468.8,,-1.1240875912412254,-0.817518248175352,-1.9416058394161126,-2.8613138686132675
AMP_CQG_RAW_EXCLUSIVE,B_NEXT_OPEN,2026-09-08 00:45:00+00:00,SHORT,2026-09-08 00:45:00+00:00,2026-09-08 00:46:00+00:00,4466.0,2.3714285714284284,4467.2,,-0.25301204819293976,1.0963855421688942,0.7590361445784357,-1.5180722891568714
AMP_CQG_RAW_EXCLUSIVE,B_NEXT_OPEN,2026-09-08 00:51:00+00:00,LONG,2026-09-08 00:51:00+00:00,2026-09-08 00:52:00+00:00,4463.6,2.5214285714283897,4464.1,,-1.1104815864024185,1.22946175637381,1.8640226628895806,-0.07932011331474187
AMP_CQG_RAW_EXCLUSIVE,B_NEXT_OPEN,2026-09-08 03:44:00+00:00,LONG,2026-09-08 03:44:00+00:00,2026-09-08 03:45:00+00:00,4478.0,1.1285714285715716,4477.7,,0.5316455696205081,1.3291139240504646,3.7215189873411396,4.96202531645539
AMP_CQG_RAW_EXCLUSIVE,B_NEXT_OPEN,2026-09-08 06:06:00+00:00,SHORT,2026-09-08 06:06:00+00:00,2026-09-08 06:07:00+00:00,4458.6,2.6571428571427793,4459.0,,-0.1881720430107582,0.07526881720457711,0.9032258064518447,3.161290322580943
AMP_CQG_RAW_EXCLUSIVE,B_NEXT_OPEN,2026-09-08 06:32:00+00:00,SHORT,2026-09-08 06:32:00+00:00,2026-09-08 06:33:00+00:00,4446.5,2.7642857142855064,4446.9,,0.1085271317830197,0.4702842377261994,0.4341085271317498,-1.844961240310348
AMP_CQG_RAW_EXCLUSIVE,B_NEXT_OPEN,2026-09-08 07:53:00+00:00,SHORT,2026-09-08 07:53:00+00:00,2026-09-08 07:54:00+00:00,4436.9,2.1642857142857923,4436.9,,0.6468646864684554,-0.09240924092442526,0.3234323432342277,0.7392739273924605
AMP_CQG_RAW_EXCLUSIVE,B_NEXT_OPEN,2026-09-08 10:40:00+00:00,SHORT,2026-09-08 10:40:00+00:00,2026-09-08 10:41:00+00:00,4438.9,1.0785714285714545,4438.8,,-1.5761589403979877,-2.1324503311259453,-2.966887417219146,-2.688741721854746
AMP_CQG_RAW_EXCLUSIVE,B_NEXT_OPEN,2026-09-08 12:56:00+00:00,SHORT,2026-09-08 12:56:00+00:00,2026-09-08 12:57:00+00:00,4449.3,2.450000000000078,4448.9,,-0.7755102040814595,-2.775510204081619,0.0,-0.08163265306114766
AMP_CQG_RAW_EXCLUSIVE,B_NEXT_OPEN,2026-09-08 17:45:00+00:00,LONG,2026-09-08 17:45:00+00:00,2026-09-08 17:46:00+00:00,4430.1,1.650000000000091,4430.0,,0.727272727272577,1.272727272726872,1.636363636363436,1.454545454545154
AMP_CQG_RAW_EXCLUSIVE,B_NEXT_OPEN,2026-09-08 18:25:00+00:00,SHORT,2026-09-08 18:25:00+00:00,2026-09-08 18:26:00+00:00,4430.0,1.3357142857142728,4429.7,,0.29946524064144175,0.4491978609628436,1.7219251336899926,0.8235294117649863
AMP_CQG_RAW_EXCLUSIVE,B_NEXT_OPEN,2026-09-08 19:06:00+00:00,SHORT,2026-09-08 19:06:00+00:00,2026-09-08 19:07:00+00:00,4417.4,3.8214285714286365,4417.2,,0.26168224299064974,0.3140186915887321,-0.3140186915889701,0.9943925233642786
AMP_CQG_RAW_EXCLUSIVE,B_NEXT_OPEN,2026-09-09 00:30:00+00:00,LONG,2026-09-09 00:30:00+00:00,2026-09-09 00:31:00+00:00,4389.8,2.2214285714284676,4389.6,,0.22508038585210055,-0.09003215434075834,-0.22508038585210055,4.231511254019327
AMP_CQG_RAW_EXCLUSIVE,B_NEXT_OPEN,2026-09-09 00:48:00+00:00,LONG,2026-09-09 00:48:00+00:00,2026-09-09 00:49:00+00:00,4398.9,2.407142857142909,4398.6,,0.2492581602375345,0.8724035608309929,2.367952522255444,0.04154302670638169
AMP_CQG_RAW_EXCLUSIVE,B_NEXT_OPEN,2026-09-09 01:26:00+00:00,LONG,2026-09-09 01:26:00+00:00,2026-09-09 01:27:00+00:00,4412.6,2.100000000000039,4412.6,,1.2380952380949553,1.5238095238094087,1.8095238095234294,3.523809523809285
AMP_CQG_RAW_EXCLUSIVE,B_NEXT_OPEN,2026-09-09 08:07:00+00:00,LONG,2026-09-09 08:07:00+00:00,2026-09-09 08:08:00+00:00,4453.9,1.50000000000013,4453.8,,-0.46666666666650497,-3.333333333333045,-2.8666666666659335,-5.066666666665864
AMP_CQG_RAW_EXCLUSIVE,B_NEXT_OPEN,2026-09-09 10:11:00+00:00,SHORT,2026-09-09 10:11:00+00:00,2026-09-09 10:12:00+00:00,4436.6,1.907142857142974,4436.3,,0.10486891385805298,0.9438202247191386,1.4157303370789465,-1.3108614232208935
AMP_CQG_RAW_EXCLUSIVE,B_NEXT_OPEN,2026-09-09 10:16:00+00:00,LONG,2026-09-09 10:16:00+00:00,2026-09-09 10:17:00+00:00,4434.2,1.607142857142922,4433.9,,0.12444444444432624,2.3644444444444623,2.4266666666669083,3.0488888888891053
AMP_CQG_RAW_EXCLUSIVE,B_NEXT_OPEN,2026-09-09 10:51:00+00:00,SHORT,2026-09-09 10:51:00+00:00,2026-09-09 10:52:00+00:00,4441.9,1.399999999999961,4442.1,,-0.5000000000005336,-2.571428571428903,-2.1428571428572023,-3.285714285714637
AMP_CQG_RAW_EXCLUSIVE,B_NEXT_OPEN,2026-09-09 12:02:00+00:00,SHORT,2026-09-09 12:02:00+00:00,2026-09-09 12:03:00+00:00,4450.6,2.599999999999974,4450.6,,0.34615384615405953,1.0384615384618288,1.3076923076925306,3.2307692307694733
AMP_CQG_RAW_EXCLUSIVE,B_NEXT_OPEN,2026-09-09 22:36:00+00:00,LONG,2026-09-09 22:36:00+00:00,2026-09-09 22:37:00+00:00,4445.1,1.307142857142935,4445.0,,-0.22950819672143694,-0.22950819672143694,0.22950819672074116,-0.9945355191257629
AMP_CQG_RAW_EXCLUSIVE,B_NEXT_OPEN,2026-09-10 00:35:00+00:00,SHORT,2026-09-10 00:35:00+00:00,2026-09-10 00:36:00+00:00,4438.6,1.685714285714052,4438.5,,-0.9491525423726893,-1.4830508474578328,-2.2542372881354744,-2.076271186440966
AMP_CQG_RAW_EXCLUSIVE,B_NEXT_OPEN,2026-09-10 00:37:00+00:00,SHORT,2026-09-10 00:37:00+00:00,2026-09-10 00:38:00+00:00,4440.3,1.7285714285712206,4439.8,,-0.46280991735553284,-1.2148760330576818,-0.6363636363633972,-3.0082644628101742
AMP_CQG_RAW_EXCLUSIVE,B_NEXT_OPEN,2026-09-10 01:14:00+00:00,LONG,2026-09-10 01:14:00+00:00,2026-09-10 01:15:00+00:00,4456.0,3.1714285714284154,4456.2,,0.1576576576576654,0.0315315315316478,0.8198198198199749,-0.7882882882883271
AMP_CQG_RAW_EXCLUSIVE,B_NEXT_OPEN,2026-09-10 02:35:00+00:00,SHORT,2026-09-10 02:35:00+00:00,2026-09-10 02:36:00+00:00,4458.6,2.1714285714284807,4458.1,,0.46052631578949293,-1.0592105263154987,-1.8881578947366697,-1.2894736842102452
AMP_CQG_RAW_EXCLUSIVE,B_NEXT_OPEN,2026-09-10 03:04:00+00:00,SHORT,2026-09-10 03:04:00+00:00,2026-09-10 03:05:00+00:00,4460.6,1.5714285714287013,4460.6,,0.6363636363635837,1.7818181818181502,2.545454545454335,1.718181818182139
AMP_CQG_RAW_EXCLUSIVE,B_NEXT_OPEN,2026-09-10 03:18:00+00:00,SHORT,2026-09-10 03:18:00+00:00,2026-09-10 03:19:00+00:00,4456.8,1.75,4457.6,,-0.6285714285711167,0.6285714285716365,0.5142857142860261,1.0285714285715326
AMP_CQG_RAW_EXCLUSIVE,B_NEXT_OPEN,2026-09-10 05:41:00+00:00,LONG,2026-09-10 05:41:00+00:00,2026-09-10 05:42:00+00:00,4467.0,2.7071428571427014,4467.0,,1.7730870712402746,1.6253298153033893,2.4010554089711142,0.9234828496042747
AMP_CQG_RAW_EXCLUSIVE,B_NEXT_OPEN,2026-09-10 05:55:00+00:00,LONG,2026-09-10 05:55:00+00:00,2026-09-10 05:56:00+00:00,4470.3,2.3785714285713766,4469.8,,-0.3363363363364202,0.9669669669670645,1.4294294294293077,-1.8918918918919332
AMP_CQG_RAW_EXCLUSIVE,B_NEXT_OPEN,2026-09-10 11:05:00+00:00,LONG,2026-09-10 11:05:00+00:00,2026-09-10 11:06:00+00:00,4425.1,3.185714285714247,4425.5,,-1.0672645739912157,-0.06278026905852513,-0.5964125560539902,-0.06278026905852513
AMP_CQG_RAW_EXCLUSIVE,B_NEXT_OPEN,2026-09-10 12:28:00+00:00,SHORT,2026-09-10 12:28:00+00:00,2026-09-10 12:29:00+00:00,4405.0,3.7214285714284676,4405.3,,-0.3493282149712678,2.794625719769654,4.218809980806211,8.464491362764152
AMP_CQG_RAW_EXCLUSIVE,B_NEXT_OPEN,2026-09-10 13:12:00+00:00,LONG,2026-09-10 13:12:00+00:00,2026-09-10 13:13:00+00:00,4387.7,5.507142857143013,4387.5,,0.07263294422837199,0.036316472114103424,-0.16342412451354799,1.4889753566795616
AMP_CQG_RAW_EXCLUSIVE,B_NEXT_OPEN,2026-09-10 18:52:00+00:00,SHORT,2026-09-10 18:52:00+00:00,2026-09-10 18:53:00+00:00,4378.6,2.485714285714169,4379.0,,1.528735632184053,0.8448275862070825,1.8505747126439114,8.045977011494632
AMP_CQG_RAW_EXCLUSIVE,B_NEXT_OPEN,2026-09-11 02:03:00+00:00,LONG,2026-09-11 02:03:00+00:00,2026-09-11 02:04:00+00:00,4370.7,2.3285714285715846,4370.7,,0.6871165644172881,-0.2147239263803537,-0.042944785275836395,1.0306748466259321
AMP_CQG_RAW_EXCLUSIVE,B_NEXT_OPEN,2026-09-11 02:46:00+00:00,LONG,2026-09-11 02:46:00+00:00,2026-09-11 02:47:00+00:00,4356.9,2.6785714285712987,4357.3,,0.8213333333336448,2.650666666666931,3.0240000000002825,3.136000000000356
AMP_CQG_RAW_EXCLUSIVE,B_NEXT_OPEN,2026-09-11 02:58:00+00:00,SHORT,2026-09-11 02:58:00+00:00,2026-09-11 02:59:00+00:00,4364.0,2.449999999999948,4364.0,,0.3265306122449791,-0.5306122448980446,-0.48979591836728303,2.1224489795918076
AMP_CQG_RAW_EXCLUSIVE,B_NEXT_OPEN,2026-09-11 03:05:00+00:00,LONG,2026-09-11 03:05:00+00:00,2026-09-11 03:06:00+00:00,4361.5,1.8214285714285066,4361.6,,-1.372549019607892,-1.8666666666665335,-2.03137254901958,-2.909803921568831
AMP_CQG_RAW_EXCLUSIVE,B_NEXT_OPEN,2026-09-11 04:12:00+00:00,LONG,2026-09-11 04:12:00+00:00,2026-09-11 04:13:00+00:00,4362.3,2.8714285714286234,4362.4,,0.905472636815714,-0.27860696517418765,-0.5572139303483753,2.089552238805932
AMP_CQG_RAW_EXCLUSIVE,B_NEXT_OPEN,2026-09-11 05:07:00+00:00,LONG,2026-09-11 05:07:00+00:00,2026-09-11 05:08:00+00:00,4372.2,1.950000000000078,4372.5,,-0.7692307692307385,1.0256410256409847,2.0000000000002,2.6666666666664667
AMP_CQG_RAW_EXCLUSIVE,B_NEXT_OPEN,2026-09-11 06:30:00+00:00,SHORT,2026-09-11 06:30:00+00:00,2026-09-11 06:31:00+00:00,4392.0,1.950000000000013,4391.7,,-0.3589743589742633,1.6410256410255368,1.0769230769232563,0.4102564102565008
AMP_CQG_RAW_EXCLUSIVE,B_NEXT_OPEN,2026-09-11 08:07:00+00:00,SHORT,2026-09-11 08:07:00+00:00,2026-09-11 08:08:00+00:00,4388.4,1.9142857142856624,4388.4,,0.15671641791007193,-0.10447761194068142,0.6791044776115787,0.6791044776115787
AMP_CQG_RAW_EXCLUSIVE,B_NEXT_OPEN,2026-09-11 09:31:00+00:00,SHORT,2026-09-11 09:31:00+00:00,2026-09-11 09:32:00+00:00,4383.6,1.5357142857142858,4383.3,,-1.0418604651159236,-0.3255813953488372,-1.5627906976741817,-0.9116279069765072
AMP_CQG_RAW_EXCLUSIVE,B_NEXT_OPEN,2026-09-11 10:15:00+00:00,SHORT,2026-09-11 10:15:00+00:00,2026-09-11 10:16:00+00:00,4388.8,2.2642857142856365,4388.4,,0.13249211356475366,-0.48580441640356115,-0.5741324921136647,-0.5299684542586129
AMP_CQG_RAW_EXCLUSIVE,B_NEXT_OPEN,2026-09-11 10:27:00+00:00,SHORT,2026-09-11 10:27:00+00:00,2026-09-11 10:28:00+00:00,4390.0,1.7571428571426881,4389.7,,0.2276422764225791,0.0,-0.6829268292682549,1.4227642276424133
AMP_CQG_RAW_EXCLUSIVE,B_NEXT_OPEN,2026-09-11 10:43:00+00:00,LONG,2026-09-11 10:43:00+00:00,2026-09-11 10:44:00+00:00,4388.5,1.649999999999961,4388.1,,-0.9696969696972131,-2.242424242424185,-2.4242424242424816,-5.5151515151518655
AMP_CQG_RAW_EXCLUSIVE,B_NEXT_OPEN,2026-09-11 11:28:00+00:00,SHORT,2026-09-11 11:28:00+00:00,2026-09-11 11:29:00+00:00,4378.5,1.8214285714285714,4378.7,,0.16470588235304104,1.043137254901761,1.9764705882354938,2.9647058823527415
AMP_CQG_RAW_EXCLUSIVE,B_NEXT_OPEN,2026-09-11 11:52:00+00:00,LONG,2026-09-11 11:52:00+00:00,2026-09-11 11:53:00+00:00,4375.8,1.9428571428571948,4376.4,,0.20588235294098373,-0.874999999999883,-1.029411764705855,-3.397058823529508
AMP_CQG_RAW_EXCLUSIVE,B_NEXT_OPEN,2026-09-11 16:24:00+00:00,SHORT,2026-09-11 16:24:00+00:00,2026-09-11 16:25:00+00:00,4394.4,2.749999999999935,4394.4,,-0.40000000000014174,-2.181818181818233,-0.6545454545455361,-2.472727272727397
AMP_CQG_RAW_EXCLUSIVE,B_NEXT_OPEN,2026-09-13 22:21:00+00:00,SHORT,2026-09-13 22:21:00+00:00,2026-09-13 22:22:00+00:00,4373.3,2.650000000000026,4373.8,,0.566037735849051,1.4716981132077387,0.0,-1.1698113207544996
AMP_CQG_RAW_EXCLUSIVE,B_NEXT_OPEN,2026-09-13 22:52:00+00:00,SHORT,2026-09-13 22:52:00+00:00,2026-09-13 22:53:00+00:00,4376.5,1.149999999999961,4376.7,,-1.8260869565221174,-2.6086956521740015,-2.260869565217784,-4.869565217391786
AMP_CQG_RAW_EXCLUSIVE,B_NEXT_OPEN,2026-09-14 05:52:00+00:00,SHORT,2026-09-14 05:52:00+00:00,2026-09-14 05:53:00+00:00,4369.5,3.078571428571325,4369.0,,-1.0719257540604201,-1.4292343387470297,-2.1113689095128323,-1.526682134570758
AMP_CQG_RAW_EXCLUSIVE,B_NEXT_OPEN,2026-09-14 05:55:00+00:00,LONG,2026-09-14 05:55:00+00:00,2026-09-14 05:56:00+00:00,4373.9,3.0714285714284415,4373.9,,0.651162790697702,0.9441860465118456,1.04186046511656,-0.651162790697702
AMP_CQG_RAW_EXCLUSIVE,B_NEXT_OPEN,2026-09-14 06:42:00+00:00,LONG,2026-09-14 06:42:00+00:00,2026-09-14 06:43:00+00:00,4366.6,1.542857142857169,4366.9,,-0.32407407407406863,1.8148148148143126,0.9074074074071563,-2.7222222222226478
AMP_CQG_RAW_EXCLUSIVE,B_NEXT_OPEN,2026-09-14 08:19:00+00:00,SHORT,2026-09-14 08:19:00+00:00,2026-09-14 08:20:00+00:00,4351.1,1.6214285714284935,4351.0,,-0.7400881057267956,-0.8634361233478347,-1.4801762114535912,-0.8634361233478347
AMP_CQG_RAW_EXCLUSIVE,B_NEXT_OPEN,2026-09-14 08:24:00+00:00,SHORT,2026-09-14 08:24:00+00:00,2026-09-14 08:25:00+00:00,4353.3,1.6142857142856104,4353.5,,0.3097345132743562,0.1238938053096298,1.6106194690268776,-0.061946902654533204
AMP_CQG_RAW_EXCLUSIVE,B_NEXT_OPEN,2026-09-14 10:19:00+00:00,LONG,2026-09-14 10:19:00+00:00,2026-09-14 10:20:00+00:00,4329.7,1.9642857142857792,4329.7,,-1.5272727272726767,-1.4763636363634023,-0.4581818181816178,0.6618181818182526
AMP_CQG_RAW_EXCLUSIVE,B_NEXT_OPEN,2026-09-14 10:34:00+00:00,LONG,2026-09-14 10:34:00+00:00,2026-09-14 10:35:00+00:00,4331.0,1.7357142857142338,4331.0,,0.6913580246912739,0.23045267489691665,1.3251028806585807,0.9794238683126817
AMP_CQG_RAW_EXCLUSIVE,B_NEXT_OPEN,2026-09-14 10:55:00+00:00,LONG,2026-09-14 10:55:00+00:00,2026-09-14 10:56:00+00:00,4331.7,1.2857142857144157,4331.4,,1.7111111111107966,3.266666666666195,1.8666666666669023,0.5444444444442479
AMP_CQG_RAW_EXCLUSIVE,B_NEXT_OPEN,2026-09-14 11:00:00+00:00,LONG,2026-09-14 11:00:00+00:00,2026-09-14 11:01:00+00:00,4334.5,1.607142857142922,4334.1,,0.3733333333335446,0.9955555555557417,0.559999999999751,-0.6844444444446431
AMP_CQG_RAW_EXCLUSIVE,B_NEXT_OPEN,2026-09-14 11:11:00+00:00,LONG,2026-09-14 11:11:00+00:00,2026-09-14 11:12:00+00:00,4332.6,1.9857142857144285,4332.9,,-0.15107913669072823,-0.15107913669072823,-0.05035971223039541,1.762589928057427
AMP_CQG_RAW_EXCLUSIVE,B_NEXT_OPEN,2026-09-14 12:16:00+00:00,SHORT,2026-09-14 12:16:00+00:00,2026-09-14 12:17:00+00:00,4333.6,2.564285714285753,4333.4,,-0.6629526462394734,1.3649025069637677,2.9247910863509308,1.8718662952646665
AMP_CQG_RAW_EXCLUSIVE,B_NEXT_OPEN,2026-09-14 16:19:00+00:00,SHORT,2026-09-14 16:19:00+00:00,2026-09-14 16:20:00+00:00,4339.6,2.357142857143117,4339.5,,0.21212121212118873,-0.8909090909087611,-2.4181818181814743,-0.8909090909087611
AMP_CQG_RAW_EXCLUSIVE,B_NEXT_OPEN,2026-09-14 16:58:00+00:00,LONG,2026-09-14 16:58:00+00:00,2026-09-14 16:59:00+00:00,4355.9,3.007142857142753,4355.8,,0.19952494061770507,-0.5653206650830944,-0.6318289786222286,-0.665083135391947
AMP_CQG_RAW_EXCLUSIVE,B_NEXT_OPEN,2026-09-14 17:49:00+00:00,SHORT,2026-09-14 17:49:00+00:00,2026-09-14 17:50:00+00:00,4349.5,1.3857142857141298,4349.5,,0.21649484536098038,-1.6597938144333078,-2.23711340206237,-0.938144329897144
AMP_CQG_RAW_EXCLUSIVE,B_NEXT_OPEN,2026-09-14 18:26:00+00:00,SHORT,2026-09-14 18:26:00+00:00,2026-09-14 18:27:00+00:00,4347.5,0.9857142857143637,4347.7,,0.30434782608711697,-2.7391304347822074,-1.7246376811590993,-2.5362318840577704
AMP_CQG_RAW_EXCLUSIVE,B_NEXT_OPEN,2026-09-14 19:17:00+00:00,SHORT,2026-09-14 19:17:00+00:00,2026-09-14 19:18:00+00:00,4343.2,1.3071428571428052,4343.5,,0.0,0.6885245901636835,3.9781420765027513,5.278688524590096
AMP_CQG_RAW_EXCLUSIVE,B_NEXT_OPEN,2026-09-14 20:06:00+00:00,LONG,2026-09-14 20:06:00+00:00,2026-09-14 20:07:00+00:00,4326.1,1.7071428571427663,4326.1,,0.11715481171538086,0.23430962343076173,1.4644351464435925,5.15481171548102
AMP_CQG_RAW_EXCLUSIVE,B_NEXT_OPEN,2026-09-14 22:57:00+00:00,LONG,2026-09-14 22:57:00+00:00,2026-09-14 22:58:00+00:00,4336.5,1.2785714285713377,4336.5,,-0.4692737430170777,0.39106145251399427,-0.6256983240225331,-2.424581005587049
AMP_CQG_RAW_EXCLUSIVE,B_NEXT_OPEN,2026-09-15 00:43:00+00:00,SHORT,2026-09-15 00:43:00+00:00,2026-09-15 00:44:00+00:00,4333.5,1.7357142857141687,4333.5,,0.11522633744846264,0.23045267489692528,-0.05761316872449331,0.11522633744846264
AMP_CQG_RAW_EXCLUSIVE,B_NEXT_OPEN,2026-09-15 00:45:00+00:00,SHORT,2026-09-15 00:45:00+00:00,2026-09-15 00:46:00+00:00,4333.7,1.6285714285712467,4333.8,,0.368421052631285,0.061403508771601605,-1.3508771929824952,0.7368421052631284
AMP_CQG_RAW_EXCLUSIVE,B_NEXT_OPEN,2026-09-15 00:55:00+00:00,LONG,2026-09-15 00:55:00+00:00,2026-09-15 00:56:00+00:00,4334.5,1.3571428571427921,4334.4,,0.07368421052658738,-0.8842105263156977,-1.4736842105263863,1.6947368421054783
AMP_CQG_RAW_EXCLUSIVE,B_NEXT_OPEN,2026-09-15 01:54:00+00:00,SHORT,2026-09-15 01:54:00+00:00,2026-09-15 01:55:00+00:00,4339.4,2.1285714285714414,4339.2,,-1.3154362416108158,-0.7986577181211424,-2.2080536912754964,-3.6644295302014056
AMP_CQG_RAW_EXCLUSIVE,B_NEXT_OPEN,2026-09-15 02:08:00+00:00,LONG,2026-09-15 02:08:00+00:00,2026-09-15 02:09:00+00:00,4348.0,2.3642857142855456,4348.0,,-0.33836858006052406,-1.184290030211642,-0.2960725075528143,0.1268882175227446
AMP_CQG_RAW_EXCLUSIVE,B_NEXT_OPEN,2026-09-15 03:17:00+00:00,LONG,2026-09-15 03:17:00+00:00,2026-09-15 03:18:00+00:00,4351.6,1.3214285714285714,4351.5,,0.5297297297295921,0.3783783783783784,2.0432432432431056,0.3027027027024274
AMP_CQG_RAW_EXCLUSIVE,B_NEXT_OPEN,2026-09-15 03:23:00+00:00,LONG,2026-09-15 03:23:00+00:00,2026-09-15 03:24:00+00:00,4353.6,1.499999999999935,4353.7,,-1.533333333333521,-1.7333333333336511,-1.2666666666670854,-1.8000000000005631
AMP_CQG_RAW_EXCLUSIVE,B_NEXT_OPEN,2026-09-15 03:25:00+00:00,LONG,2026-09-15 03:25:00+00:00,2026-09-15 03:26:00+00:00,4350.9,1.6285714285713115,4350.8,,0.061403508772157625,0.49122807017558556,1.350877192983,-0.24561403508751356
AMP_CQG_RAW_EXCLUSIVE,B_NEXT_OPEN,2026-09-15 03:33:00+00:00,LONG,2026-09-15 03:33:00+00:00,2026-09-15 03:34:00+00:00,4352.4,1.49999999999987,4352.5,,0.6666666666667244,0.06666666666691497,-1.0000000000000866,-3.8000000000002077
AMP_CQG_RAW_EXCLUSIVE,B_NEXT_OPEN,2026-09-15 04:25:00+00:00,LONG,2026-09-15 04:25:00+00:00,2026-09-15 04:26:00+00:00,4343.5,1.4357142857143117,4343.6,,-0.06965174129378447,0.3482587064676554,0.3482587064676554,0.9751243781091817
AMP_CQG_RAW_EXCLUSIVE,B_NEXT_OPEN,2026-09-15 04:35:00+00:00,LONG,2026-09-15 04:35:00+00:00,2026-09-15 04:36:00+00:00,4343.3,0.9214285714286105,4343.5,,-1.3023255813950962,-0.3255813953490208,1.736434108526466,2.8217054263558774
AMP_CQG_RAW_EXCLUSIVE,B_NEXT_OPEN,2026-09-15 04:40:00+00:00,LONG,2026-09-15 04:40:00+00:00,2026-09-15 04:41:00+00:00,4345.2,1.2357142857141687,4344.9,,0.890173410405003,0.4046242774566857,-0.08092485549089554,1.1329479768791615
AMP_CQG_RAW_EXCLUSIVE,B_NEXT_OPEN,2026-09-15 05:06:00+00:00,LONG,2026-09-15 05:06:00+00:00,2026-09-15 05:07:00+00:00,4342.7,1.6214285714285583,4342.6,,-0.5550660792949343,-0.30837004405286594,-0.9867841409688344,-2.9603524229076252
AMP_CQG_RAW_EXCLUSIVE,B_NEXT_OPEN,2026-09-15 06:53:00+00:00,SHORT,2026-09-15 06:53:00+00:00,2026-09-15 06:54:00+00:00,4332.9,1.5714285714285714,4333.1,,-0.06363636363659514,-0.8272727272728431,-0.7636363636368266,1.3999999999998842
AMP_CQG_RAW_EXCLUSIVE,B_NEXT_OPEN,2026-09-15 07:23:00+00:00,LONG,2026-09-15 07:23:00+00:00,2026-09-15 07:24:00+00:00,4328.9,1.7285714285712857,4328.7,,0.057851239669636734,-0.28925619834713134,1.041322314049778,-1.7933884297518987
AMP_CQG_RAW_EXCLUSIVE,B_NEXT_OPEN,2026-09-15 07:38:00+00:00,SHORT,2026-09-15 07:38:00+00:00,2026-09-15 07:39:00+00:00,4326.3,1.742857142857117,4325.8,,0.17213114754109055,2.1229508196720586,1.8934426229509522,4.9918032786884945
AMP_CQG_RAW_EXCLUSIVE,B_NEXT_OPEN,2026-09-15 08:07:00+00:00,SHORT,2026-09-15 08:07:00+00:00,2026-09-15 08:08:00+00:00,4307.5,2.6214285714285586,4307.6,,0.9918256130791627,1.0299727520435324,0.5722070844686676,-2.8228882833786217
AMP_CQG_RAW_EXCLUSIVE,B_NEXT_OPEN,2026-09-15 08:32:00+00:00,LONG,2026-09-15 08:32:00+00:00,2026-09-15 08:33:00+00:00,4314.2,1.9142857142855974,4314.4,,0.15671641791055235,0.5746268656718669,-0.9925373134327065,-2.6119402985076223
AMP_CQG_RAW_EXCLUSIVE,B_NEXT_OPEN,2026-09-15 08:59:00+00:00,SHORT,2026-09-15 08:59:00+00:00,2026-09-15 09:00:00+00:00,4303.1,1.6642857142855974,4302.8,,0.1802575107297357,0.06008583691009406,-2.1630901287551887,-1.7424892703861699
AMP_CQG_RAW_EXCLUSIVE,B_NEXT_OPEN,2026-09-15 10:09:00+00:00,SHORT,2026-09-15 10:09:00+00:00,2026-09-15 10:10:00+00:00,4314.4,1.6571428571429092,4314.7,,-0.42241379310387406,0.24137931034460047,0.60344827586205,-0.18103448275872477
AMP_CQG_RAW_EXCLUSIVE,B_NEXT_OPEN,2026-09-15 10:14:00+00:00,SHORT,2026-09-15 10:14:00+00:00,2026-09-15 10:15:00+00:00,4313.6,1.80714285714287,4313.4,,0.33201581027687876,1.715415019763035,0.8853754940713412,-0.44268774703516733
AMP_CQG_RAW_EXCLUSIVE,B_NEXT_OPEN,2026-09-15 11:12:00+00:00,SHORT,2026-09-15 11:12:00+00:00,2026-09-15 11:13:00+00:00,4322.9,1.307142857142935,4322.6,,-0.5355191256835848,-0.9180327868857477,-2.1420765027322517,-0.6885245901643109
AMP_CQG_RAW_EXCLUSIVE,B_NEXT_OPEN,2026-09-15 12:51:00+00:00,LONG,2026-09-15 12:51:00+00:00,2026-09-15 12:52:00+00:00,4330.2,2.7285714285714158,4330.1,,-0.29319371727755494,1.1361256544504004,-0.952879581151637,-1.2827225130890112
AMP_CQG_RAW_EXCLUSIVE,B_NEXT_OPEN,2026-09-15 14:31:00+00:00,LONG,2026-09-15 14:31:00+00:00,2026-09-15 14:32:00+00:00,4322.8,2.9071428571427793,4323.1,,-0.8255528255530353,0.3783783783782008,0.24078624078618466,-0.10319410319416852
AMP_CQG_RAW_EXCLUSIVE,D_NEXT_OPEN,2026-08-07 09:27:00+00:00,LONG,2026-08-07 09:29:00+00:00,2026-08-07 09:30:00+00:00,4366.4,1.6071428571426623,4368.4,-1.3793103448277593,-1.6800000000000905,-1.804444444444437,-1.493333333333288,6.346666666667889
AMP_CQG_RAW_EXCLUSIVE,D_NEXT_OPEN,2026-08-07 09:44:00+00:00,LONG,2026-08-07 09:45:00+00:00,2026-08-07 09:46:00+00:00,4377.6,2.207142857142896,4376.6,0.459016393442623,0.5889967637537054,-0.9514563106797598,0.2718446601939227,-0.1359223300971674
AMP_CQG_RAW_EXCLUSIVE,D_NEXT_OPEN,2026-08-07 13:14:00+00:00,SHORT,2026-08-07 13:15:00+00:00,2026-08-07 13:16:00+00:00,4405.6,3.8642857142856752,4407.9,0.5384615384613665,0.388170055452869,1.1386321626618903,-1.164510166358607,-2.61367837338251
AMP_CQG_RAW_EXCLUSIVE,D_NEXT_OPEN,2026-08-07 13:18:00+00:00,LONG,2026-08-07 13:19:00+00:00,2026-08-07 13:20:00+00:00,4407.4,3.914285714285662,4401.2,1.6986301369862697,0.6897810218980053,0.051094890511135464,0.8175182481753792,1.5583941605840552
AMP_CQG_RAW_EXCLUSIVE,D_NEXT_OPEN,2026-08-07 13:29:00+00:00,SHORT,2026-08-07 13:30:00+00:00,2026-08-07 13:31:00+00:00,4415.6,4.171428571428676,4416.8,0.3140186915887321,-0.38356164383547603,0.83904109589039,0.2636986301370669,-0.6232876712327303
AMP_CQG_RAW_EXCLUSIVE,D_NEXT_OPEN,2026-08-07 14:24:00+00:00,SHORT,2026-08-07 14:25:00+00:00,2026-08-07 14:26:00+00:00,4410.6,4.378571428571312,4411.3,0.1475903614457476,0.3654159869495219,0.18270799347476094,1.1419249592169962,0.4339314845025832
AMP_CQG_RAW_EXCLUSIVE,D_NEXT_OPEN,2026-08-07 14:54:00+00:00,SHORT,2026-08-07 14:56:00+00:00,2026-08-07 14:57:00+00:00,4404.9,3.11428571428587,4405.5,0.18025751072971458,0.770642201834707,1.1559633027520604,-0.22477064220205725,-0.9954128440367642
AMP_CQG_RAW_EXCLUSIVE,D_NEXT_OPEN,2026-08-07 16:24:00+00:00,SHORT,2026-08-07 16:25:00+00:00,2026-08-07 16:26:00+00:00,4395.9,2.7071428571427663,4397.7,0.7000000000000884,0.18469656992085054,-0.33245382585773253,0.2955145118730921,-1.3298153034302582
AMP_CQG_RAW_EXCLUSIVE,D_NEXT_OPEN,2026-08-07 20:11:00+00:00,LONG,2026-08-07 20:12:00+00:00,2026-08-07 20:13:00+00:00,4400.6,1.5142857142857014,4399.1,0.9502262443438758,0.06603773584869681,-0.39622641509458323,-0.33018867924528583,-2.5094339622642923
AMP_CQG_RAW_EXCLUSIVE,D_NEXT_OPEN,2026-08-10 00:57:00+00:00,SHORT,2026-08-10 00:58:00+00:00,2026-08-10 00:59:00+00:00,4390.0,1.907142857143039,4391.3,0.7000000000000489,-0.6816479400749367,-3.4606741573032314,-2.0449438202243333,4.037453183520118
AMP_CQG_RAW_EXCLUSIVE,D_NEXT_OPEN,2026-08-10 03:36:00+00:00,SHORT,2026-08-10 03:37:00+00:00,2026-08-10 03:38:00+00:00,4388.6,1.6142857142856104,4389.1,0.3097345132743562,1.3008849557525215,1.796460176991604,1.6106194690268776,0.4336283185845494
AMP_CQG_RAW_EXCLUSIVE,D_NEXT_OPEN,2026-08-10 04:45:00+00:00,LONG,2026-08-10 04:47:00+00:00,2026-08-10 04:48:00+00:00,4394.7,1.799999999999922,4392.0,1.6434782608695193,-0.49999999999981953,-0.6111111111108344,-0.6666666666665945,0.5555555555555796
AMP_CQG_RAW_EXCLUSIVE,D_NEXT_OPEN,2026-08-10 05:37:00+00:00,LONG,2026-08-10 05:39:00+00:00,2026-08-10 05:40:00+00:00,4401.9,2.4357142857141816,4400.4,0.6645569620253471,0.8211143695015014,0.4105571847507507,0.8211143695015014,2.7917888563051796
AMP_CQG_RAW_EXCLUSIVE,D_NEXT_OPEN,2026-08-10 10:30:00+00:00,SHORT,2026-08-10 10:32:00+00:00,2026-08-10 10:33:00+00:00,4400.5,1.2642857142857014,4402.9,2.0240963855419287,0.23728813559336664,0.0,1.661016949152847,2.6892655367229037
AMP_CQG_RAW_EXCLUSIVE,D_NEXT_OPEN,2026-08-10 15:14:00+00:00,LONG,2026-08-10 15:15:00+00:00,2026-08-10 15:16:00+00:00,4408.0,2.557142857143065,4406.4,0.678787878787977,0.0782122905027158,0.8212290502794051,1.2513966480445198,0.6256983240224377
AMP_CQG_RAW_EXCLUSIVE,D_NEXT_OPEN,2026-08-10 19:54:00+00:00,SHORT,2026-08-10 19:55:00+00:00,2026-08-10 19:56:00+00:00,4448.5,1.999999999999935,4451.2,1.4823529411764236,0.5999999999999286,0.5999999999999286,-0.30000000000019167,1.1500000000001283
AMP_CQG_RAW_EXCLUSIVE,D_NEXT_OPEN,2026-08-10 23:04:00+00:00,LONG,2026-08-10 23:05:00+00:00,2026-08-10 23:06:00+00:00,4460.1,1.4357142857142466,4458.3,1.292307692307823,0.0,-1.7412935323383558,-2.855721393035157,-3.9004975124381707
AMP_CQG_RAW_EXCLUSIVE,D_NEXT_OPEN,2026-08-11 01:57:00+00:00,SHORT,2026-08-11 01:59:00+00:00,2026-08-11 02:00:00+00:00,4489.2,2.8142857142856235,4490.5,0.4323040380048167,0.9238578680201405,1.0304568527917821,0.8527918781724871,-1.7055837563452974
AMP_CQG_RAW_EXCLUSIVE,D_NEXT_OPEN,2026-08-11 06:16:00+00:00,SHORT,2026-08-11 06:18:00+00:00,2026-08-11 06:19:00+00:00,4431.9,2.6142857142856104,4432.7,0.3181818181819086,1.1857923497266143,1.4153005464480741,0.038251366120011364,4.322404371584593
AMP_CQG_RAW_EXCLUSIVE,D_NEXT_OPEN,2026-08-11 07:49:00+00:00,LONG,2026-08-11 07:51:00+00:00,2026-08-11 07:52:00+00:00,4419.3,1.4357142857143117,4418.1,0.8983957219249626,0.7661691542284618,-0.06965174129378447,-1.3930348258706216,3.761194029850425
AMP_CQG_RAW_EXCLUSIVE,D_NEXT_OPEN,2026-08-11 08:08:00+00:00,SHORT,2026-08-11 08:09:00+00:00,2026-08-11 08:10:00+00:00,4424.7,1.8142857142855584,4425.1,0.22400000000033005,-0.275590551181126,0.3858267716534762,0.2204724409447003,0.6614173228346022
AMP_CQG_RAW_EXCLUSIVE,D_NEXT_OPEN,2026-08-11 09:26:00+00:00,LONG,2026-08-11 09:27:00+00:00,2026-08-11 09:28:00+00:00,4433.7,1.7642857142857014,4431.2,1.5350877192982333,-1.0769230769228786,-1.9271255060726824,-0.3400809716596122,-1.7004048582996076
AMP_CQG_RAW_EXCLUSIVE,D_NEXT_OPEN,2026-08-11 11:10:00+00:00,LONG,2026-08-11 11:12:00+00:00,2026-08-11 11:13:00+00:00,4449.8,3.6214285714285586,4449.3,0.14893617021276884,-0.11045364891533846,-0.055226824457543656,-0.4694280078894978,-1.27021696252476
AMP_CQG_RAW_EXCLUSIVE,D_NEXT_OPEN,2026-08-11 11:31:00+00:00,LONG,2026-08-11 11:33:00+00:00,2026-08-11 11:34:00+00:00,4444.4,1.6571428571426492,4445.7,-0.7615062761508037,0.30172413793107233,0.5431034482762596,-0.784482758620349,0.42241379310394034
AMP_CQG_RAW_EXCLUSIVE,D_NEXT_OPEN,2026-08-11 14:42:00+00:00,SHORT,2026-08-11 14:43:00+00:00,2026-08-11 14:44:00+00:00,4452.8,2.2785714285715324,4453.1,0.12352941176477747,-0.08777429467076256,-0.30721003134786856,-0.7021943573664997,-0.13166144200634342
AMP_CQG_RAW_EXCLUSIVE,D_NEXT_OPEN,2026-08-11 15:37:00+00:00,SHORT,2026-08-11 15:38:00+00:00,2026-08-11 15:39:00+00:00,4434.2,2.9714285714285325,4435.9,0.5613207547169259,1.1778846153846307,1.144230769230662,-0.06730769230763198,-0.6057692307692999
AMP_CQG_RAW_EXCLUSIVE,D_NEXT_OPEN,2026-08-11 19:15:00+00:00,SHORT,2026-08-11 19:17:00+00:00,2026-08-11 19:18:00+00:00,4421.7,1.9571428571427663,4422.6,0.498023715415336,-0.05109489051113716,-0.6131386861313224,-0.7664233576642692,-5.364963503649884
AMP_CQG_RAW_EXCLUSIVE,D_NEXT_OPEN,2026-08-12 09:17:00+00:00,LONG,2026-08-12 09:19:00+00:00,2026-08-12 09:20:00+00:00,4475.1,2.0928571428572207,4475.1,0.0,-0.6689419795224202,1.0034129692829783,4.061433447098825,-0.5733788395907701
AMP_CQG_RAW_EXCLUSIVE,D_NEXT_OPEN,2026-08-12 10:32:00+00:00,SHORT,2026-08-12 10:33:00+00:00,2026-08-12 10:34:00+00:00,4476.6,1.3785714285713766,4477.7,0.806282722512712,0.29015544041491453,0.7979274611401903,2.3212435233166775,4.7875647668398225
AMP_CQG_RAW_EXCLUSIVE,D_NEXT_OPEN,2026-08-12 23:10:00+00:00,SHORT,2026-08-12 23:12:00+00:00,2026-08-12 23:13:00+00:00,4464.5,0.8285714285713895,4464.0,-0.5468750000000699,0.0,0.24137931034461943,-1.3275862068970534,-4.103448275861823
AMP_CQG_RAW_EXCLUSIVE,D_NEXT_OPEN,2026-08-13 04:07:00+00:00,SHORT,2026-08-13 04:09:00+00:00,2026-08-13 04:10:00+00:00,4454.1,2.250000000000065,4453.8,-0.12352941176478079,0.44444444444443165,1.2888888888890944,0.7111111111112524,-0.6222222222220426
AMP_CQG_RAW_EXCLUSIVE,D_NEXT_OPEN,2026-08-13 10:58:00+00:00,LONG,2026-08-13 10:59:00+00:00,2026-08-13 11:00:00+00:00,4449.6,1.150000000000091,4449.5,0.08284023668668923,-0.08695652173943991,-1.6521739130438222,-2.260869565217529,2.086956521738649
AMP_CQG_RAW_EXCLUSIVE,D_NEXT_OPEN,2026-08-13 11:04:00+00:00,LONG,2026-08-13 11:06:00+00:00,2026-08-13 11:07:00+00:00,4447.9,1.1928571428572599,4447.0,0.7241379310341295,0.4191616766466655,0.5029940119763036,1.0898203592814828,2.8502994011977827
AMP_CQG_RAW_EXCLUSIVE,D_NEXT_OPEN,2026-08-13 11:48:00+00:00,LONG,2026-08-13 11:49:00+00:00,2026-08-13 11:50:00+00:00,4441.2,1.5571428571430002,4440.5,0.4434389140270085,-0.06422018348588218,-0.2568807339446969,0.0,1.6697247706422822
AMP_CQG_RAW_EXCLUSIVE,D_NEXT_OPEN,2026-08-13 13:10:00+00:00,SHORT,2026-08-13 13:12:00+00:00,2026-08-13 13:13:00+00:00,4449.4,3.600000000000039,4449.9,0.1335877862595406,-0.08333333333338296,0.11111111111100885,-0.5555555555555495,1.555555555555387
AMP_CQG_RAW_EXCLUSIVE,D_NEXT_OPEN,2026-08-13 14:38:00+00:00,LONG,2026-08-13 14:39:00+00:00,2026-08-13 14:40:00+00:00,4434.4,4.950000000000013,4431.1,0.6784140969161463,0.22222222222229515,0.22222222222229515,0.7474747474748925,1.373737373737407
AMP_CQG_RAW_EXCLUSIVE,D_NEXT_OPEN,2026-08-13 19:09:00+00:00,SHORT,2026-08-13 19:10:00+00:00,2026-08-13 19:11:00+00:00,4409.4,1.1214285714286885,4410.0,0.5419354838712327,0.26751592356620224,3.9235668789801577,4.191082802547171,3.4777070063687394
AMP_CQG_RAW_EXCLUSIVE,D_NEXT_OPEN,2026-08-13 23:23:00+00:00,LONG,2026-08-13 23:25:00+00:00,2026-08-13 23:26:00+00:00,4416.7,2.335714285714143,4414.7,0.877742946708524,0.2996941896023869,0.47094801223260047,0.5137614678898618,-0.17125382262982414
AMP_CQG_RAW_EXCLUSIVE,D_NEXT_OPEN,2026-08-14 04:32:00+00:00,LONG,2026-08-14 04:33:00+00:00,2026-08-14 04:34:00+00:00,4379.7,1.142857142857078,4379.7,0.0,-0.08749999999952748,0.35000000000049736,0.6124999999998756,0.2625000000001741
AMP_CQG_RAW_EXCLUSIVE,D_NEXT_OPEN,2026-08-14 06:42:00+00:00,LONG,2026-08-14 06:43:00+00:00,2026-08-14 06:44:00+00:00,4387.0,1.4428571428572599,4386.5,0.3349282296650484,1.108910891089271,1.9405940594059092,2.7029702970292315,2.7029702970292315
AMP_CQG_RAW_EXCLUSIVE,D_NEXT_OPEN,2026-08-14 10:24:00+00:00,SHORT,2026-08-14 10:26:00+00:00,2026-08-14 10:27:00+00:00,4407.7,1.299999999999987,4410.0,1.8400000000000498,0.30769230769203093,0.30769230769203093,1.9230769230769424,1.0000000000001499
AMP_CQG_RAW_EXCLUSIVE,D_NEXT_OPEN,2026-08-14 11:24:00+00:00,LONG,2026-08-14 11:26:00+00:00,2026-08-14 11:27:00+00:00,4412.0,1.3857142857142597,4410.4,1.2947976878616205,0.6494845360822239,0.7938144329899681,2.0206185567012,4.907216494845584
AMP_CQG_RAW_EXCLUSIVE,D_NEXT_OPEN,2026-08-14 11:42:00+00:00,SHORT,2026-08-14 11:43:00+00:00,2026-08-14 11:44:00+00:00,4419.6,1.750000000000065,4419.1,-0.2857142857142751,0.514285714286007,0.8571428571428252,1.0285714285714942,-2.685714285714082
AMP_CQG_RAW_EXCLUSIVE,D_NEXT_OPEN,2026-08-14 11:52:00+00:00,LONG,2026-08-14 11:53:00+00:00,2026-08-14 11:54:00+00:00,4423.9,1.4214285714286754,4423.3,0.4117647058819491,-0.3517587939698235,-1.1256281407030513,0.2814070351762427,4.5025125628141245
AMP_CQG_RAW_EXCLUSIVE,D_NEXT_OPEN,2026-08-14 12:10:00+00:00,LONG,2026-08-14 12:12:00+00:00,2026-08-14 12:13:00+00:00,4426.9,2.100000000000039,4428.1,-0.5813148788930933,-0.9999999999997214,-0.1904761904760137,-0.09523809523800685,3.571428571428505
AMP_CQG_RAW_EXCLUSIVE,D_NEXT_OPEN,2026-08-14 13:53:00+00:00,LONG,2026-08-14 13:55:00+00:00,2026-08-14 13:56:00+00:00,4442.6,2.857142857142857,4441.9,0.23728813559346593,-0.45500000000006363,-0.5950000000002547,2.3449999999999362,0.9449999999999363
AMP_CQG_RAW_EXCLUSIVE,D_NEXT_OPEN,2026-08-14 13:54:00+00:00,LONG,2026-08-14 13:55:00+00:00,2026-08-14 13:56:00+00:00,4442.6,2.857142857142857,4441.5,0.370192307692435,-0.45500000000006363,-0.5950000000002547,2.3449999999999362,0.9449999999999363
AMP_CQG_RAW_EXCLUSIVE,D_NEXT_OPEN,2026-08-14 18:57:00+00:00,LONG,2026-08-14 18:59:00+00:00,2026-08-14 19:00:00+00:00,4430.3,1.0785714285715196,4430.2,0.059829059829276096,-0.6490066225163329,-0.37086092715279256,-0.8344370860931508,1.9470198675489987
AMP_CQG_RAW_EXCLUSIVE,D_NEXT_OPEN,2026-08-14 19:04:00+00:00,LONG,2026-08-14 19:06:00+00:00,2026-08-14 19:07:00+00:00,4431.1,0.9928571428571169,4429.4,1.874015748032325,-0.7050359712237728,1.9136690647478851,2.014388489208686,2.316546762589256
AMP_CQG_RAW_EXCLUSIVE,D_NEXT_OPEN,2026-08-14 19:05:00+00:00,LONG,2026-08-14 19:06:00+00:00,2026-08-14 19:07:00+00:00,4431.1,0.9928571428571169,4429.5,1.7364341085275756,-0.7050359712237728,1.9136690647478851,2.014388489208686,2.316546762589256
AMP_CQG_RAW_EXCLUSIVE,D_NEXT_OPEN,2026-08-17 04:59:00+00:00,LONG,2026-08-17 05:00:00+00:00,2026-08-17 05:01:00+00:00,4447.8,1.3857142857141949,4447.1,0.49246231155771497,0.6494845360822543,0.793814432989349,-0.7216494845361298,-2.309278350515484
AMP_CQG_RAW_EXCLUSIVE,D_NEXT_OPEN,2026-08-17 06:03:00+00:00,LONG,2026-08-17 06:05:00+00:00,2026-08-17 06:06:00+00:00,4453.7,1.6928571428572599,4453.6,0.06034482758587334,-0.2953586497890091,0.0,-1.2405063291135159,-1.1814345991560364
AMP_CQG_RAW_EXCLUSIVE,D_NEXT_OPEN,2026-08-17 07:48:00+00:00,SHORT,2026-08-17 07:49:00+00:00,2026-08-17 07:50:00+00:00,4463.8,1.6785714285713635,4465.6,1.0632911392406628,-0.29787234042554345,1.7872340425532607,1.6680851063831517,4.348936170213043
AMP_CQG_RAW_EXCLUSIVE,D_NEXT_OPEN,2026-08-17 07:53:00+00:00,LONG,2026-08-17 07:55:00+00:00,2026-08-17 07:56:00+00:00,4462.0,1.5071428571428183,4461.2,0.5410628019324949,-0.5308056872039258,0.06635071090071702,-2.1232227488151,-4.113744075829369
AMP_CQG_RAW_EXCLUSIVE,D_NEXT_OPEN,2026-08-17 09:47:00+00:00,SHORT,2026-08-17 09:48:00+00:00,2026-08-17 09:49:00+00:00,4450.7,1.300000000000052,4450.9,0.14659685863860733,-1.0000000000001,-1.1538461538461078,0.0,0.15384615384600778
AMP_CQG_RAW_EXCLUSIVE,D_NEXT_OPEN,2026-08-17 09:51:00+00:00,SHORT,2026-08-17 09:52:00+00:00,2026-08-17 09:53:00+00:00,4450.4,1.450000000000143,4452.2,1.3404255319148863,-0.20689655172424298,0.06896551724099617,-0.0689655172416234,-1.7241379310343128
AMP_CQG_RAW_EXCLUSIVE,D_NEXT_OPEN,2026-08-17 11:42:00+00:00,SHORT,2026-08-17 11:43:00+00:00,2026-08-17 11:44:00+00:00,4457.5,1.3214285714286365,4458.3,0.5989304812835354,0.8324324324326667,0.3027027027024125,1.2108108108110265,3.1783783783780843
AMP_CQG_RAW_EXCLUSIVE,D_NEXT_OPEN,2026-08-17 18:29:00+00:00,SHORT,2026-08-17 18:31:00+00:00,2026-08-17 18:32:00+00:00,4458.2,2.299999999999987,4463.2,2.4561403508771145,-1.0000000000000848,0.6956521739128102,0.9565217391303611,-0.39130434782632645
AMP_CQG_RAW_EXCLUSIVE,D_NEXT_OPEN,2026-08-17 22:58:00+00:00,LONG,2026-08-17 22:59:00+00:00,2026-08-17 23:00:00+00:00,4468.0,0.8999999999998961,4467.6,0.45901639344228073,0.7777777777776654,0.22222222222204577,1.7777777777783872,3.0000000000001443
AMP_CQG_RAW_EXCLUSIVE,D_NEXT_OPEN,2026-08-17 23:28:00+00:00,LONG,2026-08-17 23:30:00+00:00,2026-08-17 23:31:00+00:00,4477.5,1.2714285714287143,4476.6,0.6331658291453975,0.47191011235978364,-0.15730337078635612,0.31460674157271223,0.8651685393260315
AMP_CQG_RAW_EXCLUSIVE,D_NEXT_OPEN,2026-08-17 23:37:00+00:00,SHORT,2026-08-17 23:39:00+00:00,2026-08-17 23:40:00+00:00,4477.5,1.200000000000078,4478.0,0.38043478260868435,0.7499999999996482,-0.16666666666650426,-1.33333333333355,-2.166666666666829
AMP_CQG_RAW_EXCLUSIVE,D_NEXT_OPEN,2026-08-18 01:55:00+00:00,SHORT,2026-08-18 01:56:00+00:00,2026-08-18 01:57:00+00:00,4464.6,3.11428571428574,4465.4,0.25512528473781104,-0.160550458715595,0.0,1.6697247706424216,3.050458715596305
AMP_CQG_RAW_EXCLUSIVE,D_NEXT_OPEN,2026-08-18 02:29:00+00:00,SHORT,2026-08-18 02:30:00+00:00,2026-08-18 02:31:00+00:00,4456.9,1.4428571428569998,4458.7,1.2537313432838564,-0.06930693069332831,2.2178217821783117,2.5643564356436923,4.158415841584571
AMP_CQG_RAW_EXCLUSIVE,D_NEXT_OPEN,2026-08-18 03:18:00+00:00,LONG,2026-08-18 03:20:00+00:00,2026-08-18 03:21:00+00:00,4453.2,1.800000000000052,4453.6,-0.2285714285717404,-0.6666666666665464,-1.3333333333330928,-1.0555555555553229,-0.3888888888887766
AMP_CQG_RAW_EXCLUSIVE,D_NEXT_OPEN,2026-08-18 07:28:00+00:00,LONG,2026-08-18 07:29:00+00:00,2026-08-18 07:30:00+00:00,4459.1,1.2714285714285845,4457.9,0.8704663212440429,0.07865168539282842,-1.8089887640450684,-4.797752808989001,-1.3370786516859519
AMP_CQG_RAW_EXCLUSIVE,D_NEXT_OPEN,2026-08-18 10:48:00+00:00,LONG,2026-08-18 10:50:00+00:00,2026-08-18 10:51:00+00:00,4456.0,1.0,4455.7,0.2978723404257049,-1.199999999999818,-2.199999999999818,-2.399999999999636,-5.0
AMP_CQG_RAW_EXCLUSIVE,D_NEXT_OPEN,2026-08-18 14:01:00+00:00,LONG,2026-08-18 14:03:00+00:00,2026-08-18 14:04:00+00:00,4461.3,3.5285714285714675,4457.3,1.2095032397407923,-0.2550607287450911,-1.3319838056679498,-1.2186234817814146,-0.5384615384616872
AMP_CQG_RAW_EXCLUSIVE,D_NEXT_OPEN,2026-08-18 14:42:00+00:00,LONG,2026-08-18 14:44:00+00:00,2026-08-18 14:45:00+00:00,4435.7,3.957142857142831,4439.9,-1.1052631578946928,0.12635379061371924,1.490974729242025,1.8953068592057887,-3.386281588447584
AMP_CQG_RAW_EXCLUSIVE,D_NEXT_OPEN,2026-08-18 19:53:00+00:00,SHORT,2026-08-18 19:55:00+00:00,2026-08-18 19:56:00+00:00,4399.6,2.8214285714286365,4399.1,-0.1856763925729407,0.8506329113925789,0.28354430379752626,0.3544303797468273,0.8506329113925789
AMP_CQG_RAW_EXCLUSIVE,D_NEXT_OPEN,2026-08-19 01:47:00+00:00,SHORT,2026-08-19 01:48:00+00:00,2026-08-19 01:49:00+00:00,4406.2,2.3071428571428703,4407.7,0.6461538461538461,0.6934984520121434,-0.43343653250773745,-0.1300309597524001,-0.2600619195048002
AMP_CQG_RAW_EXCLUSIVE,D_NEXT_OPEN,2026-08-19 02:14:00+00:00,SHORT,2026-08-19 02:15:00+00:00,2026-08-19 02:16:00+00:00,4406.6,2.0714285714287013,4407.0,0.1944444444442541,-1.9793103448271987,-2.799999999999473,-3.0896551724134236,-2.4137931034481244
AMP_CQG_RAW_EXCLUSIVE,D_NEXT_OPEN,2026-08-19 04:33:00+00:00,LONG,2026-08-19 04:35:00+00:00,2026-08-19 04:36:00+00:00,4403.6,0.9428571428571948,4403.9,-0.2978723404248018,-0.10606060606098607,-3.287878787878993,-3.8181818181819938,-5.621212121212005
AMP_CQG_RAW_EXCLUSIVE,D_NEXT_OPEN,2026-08-19 08:05:00+00:00,SHORT,2026-08-19 08:07:00+00:00,2026-08-19 08:08:00+00:00,4411.7,1.9714285714285975,4410.8,-0.5142857142855064,-0.10144927536222523,-2.333333333333487,-1.7246376811596742,-0.10144927536222523
AMP_CQG_RAW_EXCLUSIVE,D_NEXT_OPEN,2026-08-19 08:07:00+00:00,LONG,2026-08-19 08:08:00+00:00,2026-08-19 08:09:00+00:00,4412.2,2.0571428571428703,4411.8,0.20289855072445045,1.2152777777777701,1.3611111111111909,1.2638888888890576,-0.243055555555554
AMP_CQG_RAW_EXCLUSIVE,D_NEXT_OPEN,2026-08-19 10:14:00+00:00,LONG,2026-08-19 10:16:00+00:00,2026-08-19 10:17:00+00:00,4420.2,1.2714285714285194,4418.4,1.5272727272729658,1.6516853932587807,2.044943820225089,1.9662921348315412,1.4943820224724005
AMP_CQG_RAW_EXCLUSIVE,D_NEXT_OPEN,2026-08-19 15:10:00+00:00,LONG,2026-08-19 15:12:00+00:00,2026-08-19 15:13:00+00:00,4543.2,3.200000000000078,4540.9,0.7419354838710015,0.3437500000001053,0.7187500000000393,0.12500000000016748,-0.9374999999999771
AMP_CQG_RAW_EXCLUSIVE,D_NEXT_OPEN,2026-08-19 18:00:00+00:00,LONG,2026-08-19 18:01:00+00:00,2026-08-19 18:02:00+00:00,4548.8,1.5857142857144026,4547.8,0.6666666666666089,1.5765765765764603,3.1531531531529207,-1.324324324324456,-4.0990990990987966
AMP_CQG_RAW_EXCLUSIVE,D_NEXT_OPEN,2026-08-19 18:35:00+00:00,SHORT,2026-08-19 18:36:00+00:00,2026-08-19 18:37:00+00:00,4537.9,3.107142857142922,4539.4,0.48723897911832537,-0.09655172413798756,-1.3839080459770412,-3.2505747126437274,-3.9586206896551484
AMP_CQG_RAW_EXCLUSIVE,D_NEXT_OPEN,2026-08-19 19:39:00+00:00,SHORT,2026-08-19 19:41:00+00:00,2026-08-19 19:42:00+00:00,4562.4,2.057142857142935,4563.7,0.6297577854671844,-0.04861111111128612,-1.0208333333334716,-0.3402777777781186,-3.013888888889128
AMP_CQG_RAW_EXCLUSIVE,D_NEXT_OPEN,2026-08-20 01:48:00+00:00,LONG,2026-08-20 01:50:00+00:00,2026-08-20 01:51:00+00:00,4547.8,2.599999999999974,4550.4,-1.031161473087597,-0.5000000000000749,-1.500000000000225,-1.3461538461538596,2.9230769230767426
AMP_CQG_RAW_EXCLUSIVE,D_NEXT_OPEN,2026-08-20 03:18:00+00:00,SHORT,2026-08-20 03:20:00+00:00,2026-08-20 03:21:00+00:00,4550.4,1.9142857142858571,4548.7,-0.9754098360654476,0.20895522388039137,-0.7835820895521803,-0.7835820895521803,-1.5671641791043607
AMP_CQG_RAW_EXCLUSIVE,D_NEXT_OPEN,2026-08-20 04:03:00+00:00,SHORT,2026-08-20 04:04:00+00:00,2026-08-20 04:05:00+00:00,4552.9,1.4285714285713635,4553.6,0.5077720207259595,-0.5600000000001528,-1.1900000000005635,-0.8400000000005475,-0.7000000000000318
AMP_CQG_RAW_EXCLUSIVE,D_NEXT_OPEN,2026-08-20 05:55:00+00:00,LONG,2026-08-20 05:57:00+00:00,2026-08-20 05:58:00+00:00,4537.8,1.3642857142858702,4536.2,1.1851851851853634,0.9528795811518569,-0.3664921465968168,2.6387434554966807,8.136125654448932
AMP_CQG_RAW_EXCLUSIVE,D_NEXT_OPEN,2026-08-20 09:56:00+00:00,LONG,2026-08-20 09:57:00+00:00,2026-08-20 09:58:00+00:00,4539.8,1.5428571428572337,4539.2,0.3766816143499857,0.64814814814811,-0.324074074074055,-0.1944444444445509,3.824074074073613
AMP_CQG_RAW_EXCLUSIVE,D_NEXT_OPEN,2026-08-20 09:57:00+00:00,SHORT,2026-08-20 09:59:00+00:00,2026-08-20 10:00:00+00:00,4539.1,1.6428571428573377,4539.7,0.3888888888885123,-0.12173913043465745,-0.2434782608693149,-1.8260869565215225,-4.8695652173907265
AMP_CQG_RAW_EXCLUSIVE,D_NEXT_OPEN,2026-08-20 12:03:00+00:00,SHORT,2026-08-20 12:04:00+00:00,2026-08-20 12:05:00+00:00,4513.4,3.049999999999987,4514.9,0.48951048951049364,0.5901639344259935,1.377049180327815,0.3278688524590178,-2.9836065573771813
AMP_CQG_RAW_EXCLUSIVE,D_NEXT_OPEN,2026-08-20 14:01:00+00:00,SHORT,2026-08-20 14:03:00+00:00,2026-08-20 14:04:00+00:00,4539.6,3.4857142857141037,4544.4,1.3714285714284145,0.2868852459016543,0.31557377049192414,-0.05737704918027868,-1.204918032786896
AMP_CQG_RAW_EXCLUSIVE,D_NEXT_OPEN,2026-08-20 18:51:00+00:00,LONG,2026-08-20 18:52:00+00:00,2026-08-20 18:53:00+00:00,4580.5,1.349999999999909,4579.1,1.088888888888661,-0.22222222222237192,-0.29629629629604676,-0.07407407407434854,0.0
AMP_CQG_RAW_EXCLUSIVE,D_NEXT_OPEN,2026-08-20 20:00:00+00:00,SHORT,2026-08-20 20:01:00+00:00,2026-08-20 20:02:00+00:00,4582.8,2.0714285714285063,4584.7,0.9499999999998181,0.0,-0.24137931034483517,0.09655172413784625,2.365517241379648
AMP_CQG_RAW_EXCLUSIVE,D_NEXT_OPEN,2026-08-21 00:27:00+00:00,SHORT,2026-08-21 00:29:00+00:00,2026-08-21 00:30:00+00:00,4571.9,2.2571428571428833,4575.3,1.576158940397566,0.3987341772150241,0.31012658227839685,0.31012658227839685,0.6645569620253088
AMP_CQG_RAW_EXCLUSIVE,D_NEXT_OPEN,2026-08-21 03:03:00+00:00,SHORT,2026-08-21 03:04:00+00:00,2026-08-21 03:05:00+00:00,4590.0,2.7214285714287274,4592.6,0.9864498644987442,0.0,-0.14698162729644582,-0.3307086614171702,0.29396325459322586
AMP_CQG_RAW_EXCLUSIVE,D_NEXT_OPEN,2026-08-21 04:30:00+00:00,SHORT,2026-08-21 04:32:00+00:00,2026-08-21 04:33:00+00:00,4600.2,2.007142857142818,4603.6,1.7500000000002924,-0.09964412811379032,-0.09964412811379032,0.448398576512283,1.19572953736639
AMP_CQG_RAW_EXCLUSIVE,D_NEXT_OPEN,2026-08-21 05:11:00+00:00,SHORT,2026-08-21 05:12:00+00:00,2026-08-21 05:13:00+00:00,4591.6,1.4285714285713635,4591.5,-0.07142857142883327,-0.20999999999950025,-0.3500000000000159,1.2600000000001847,3.430000000000538
AMP_CQG_RAW_EXCLUSIVE,D_NEXT_OPEN,2026-08-21 06:54:00+00:00,LONG,2026-08-21 06:55:00+00:00,2026-08-21 06:56:00+00:00,4621.9,1.757142857142883,4621.5,0.2258064516127045,-0.22764227642255383,-1.7073170731707066,-1.4796747967476351,-2.731707317072716
AMP_CQG_RAW_EXCLUSIVE,D_NEXT_OPEN,2026-08-21 08:24:00+00:00,SHORT,2026-08-21 08:26:00+00:00,2026-08-21 08:27:00+00:00,4636.5,2.7428571428573116,4634.5,-0.750670241286823,-0.43749999999990674,-0.07291666666659587,0.3281249999998472,-1.0208333333333368
AMP_CQG_RAW_EXCLUSIVE,D_NEXT_OPEN,2026-08-21 08:58:00+00:00,LONG,2026-08-21 08:59:00+00:00,2026-08-21 09:00:00+00:00,4641.1,1.6357142857141949,4639.4,1.0672645739915665,0.06113537117870908,-0.3056768558952135,1.1004366812223236,9.598253275109592
AMP_CQG_RAW_EXCLUSIVE,D_NEXT_OPEN,2026-08-21 11:53:00+00:00,SHORT,2026-08-21 11:55:00+00:00,2026-08-21 11:56:00+00:00,4654.9,2.0285714285714675,4653.5,-0.662162162161982,0.04929577464761737,0.29577464788704927,0.49295774647886376,3.2042253521126143
AMP_CQG_RAW_EXCLUSIVE,D_NEXT_OPEN,2026-08-21 12:56:00+00:00,LONG,2026-08-21 12:58:00+00:00,2026-08-21 12:59:00+00:00,4633.9,2.414285714285857,4635.1,-0.46666666666694956,0.3313609467456179,2.153846153846328,2.1124260355029842,2.816568047337187
AMP_CQG_RAW_EXCLUSIVE,D_NEXT_OPEN,2026-08-21 14:26:00+00:00,LONG,2026-08-21 14:27:00+00:00,2026-08-21 14:28:00+00:00,4658.4,2.550000000000117,4655.5,1.2569659442722103,0.39215686274508005,-0.4705882352940247,-2.235294117646885,-6.980392156862139
AMP_CQG_RAW_EXCLUSIVE,D_NEXT_OPEN,2026-08-21 15:25:00+00:00,SHORT,2026-08-21 15:26:00+00:00,2026-08-21 15:27:00+00:00,4658.2,2.857142857142857,4658.9,0.25520833333327547,-0.35,-0.7350000000001273,0.175,-2.8
AMP_CQG_RAW_EXCLUSIVE,D_NEXT_OPEN,2026-08-21 16:52:00+00:00,LONG,2026-08-21 16:53:00+00:00,2026-08-21 16:54:00+00:00,4684.2,1.7714285714287143,4682.5,0.9296874999998213,0.39516129032244607,0.05645161290342662,1.0725806451615119,3.0483870967742557
AMP_CQG_RAW_EXCLUSIVE,D_NEXT_OPEN,2026-08-21 16:56:00+00:00,LONG,2026-08-21 16:58:00+00:00,2026-08-21 16:59:00+00:00,4686.0,1.5857142857142728,4684.3,1.0347826086955005,0.3783783783786109,0.063063063063293,0.6306306306306357,-3.3423423423424845
AMP_CQG_RAW_EXCLUSIVE,D_NEXT_OPEN,2026-08-21 17:49:00+00:00,LONG,2026-08-21 17:50:00+00:00,2026-08-21 17:51:00+00:00,4678.3,1.999999999999805,4676.2,1.0848708487088061,-0.25000000000002437,-0.25000000000002437,-0.09999999999991879,2.2999999999999514
AMP_CQG_RAW_EXCLUSIVE,D_NEXT_OPEN,2026-08-23 23:00:00+00:00,LONG,2026-08-23 23:02:00+00:00,2026-08-23 23:03:00+00:00,4665.1,1.2142857142858443,4663.3,1.2923076923077625,0.2470588235287861,-1.4000000000004493,-0.7411764705886054,0.08235294117601237
AMP_CQG_RAW_EXCLUSIVE,D_NEXT_OPEN,2026-08-24 00:38:00+00:00,SHORT,2026-08-24 00:39:00+00:00,2026-08-24 00:40:00+00:00,4658.6,5.25000000000013,4660.6,0.34956304619225415,-0.6095238095237598,-0.7619047619047431,-1.0476190476190217,-2.9333333333331915
AMP_CQG_RAW_EXCLUSIVE,D_NEXT_OPEN,2026-08-24 06:58:00+00:00,LONG,2026-08-24 07:00:00+00:00,2026-08-24 07:01:00+00:00,4707.9,2.464285714285649,4706.3,0.6829268292680749,-1.5014492753622848,-1.1768115942027821,-0.8521739130432794,-1.9884057971013542
AMP_CQG_RAW_EXCLUSIVE,D_NEXT_OPEN,2026-08-24 13:25:00+00:00,LONG,2026-08-24 13:26:00+00:00,2026-08-24 13:27:00+00:00,4729.1,3.0857142857142725,4728.0,0.3452914798207462,0.7777777777776632,0.32407407407407546,0.8749999999999448,0.5185185185183439
AMP_CQG_RAW_EXCLUSIVE,D_NEXT_OPEN,2026-08-24 14:10:00+00:00,SHORT,2026-08-24 14:11:00+00:00,2026-08-24 14:12:00+00:00,4721.2,4.32857142857152,4728.4,1.7872340425531004,-0.06930693069310986,-0.30033003300333605,1.617161716171583,-1.2475247524753472
AMP_CQG_RAW_EXCLUSIVE,D_NEXT_OPEN,2026-08-24 15:30:00+00:00,SHORT,2026-08-24 15:31:00+00:00,2026-08-24 15:32:00+00:00,4731.7,2.899999999999896,4732.8,0.40314136125668937,0.8965517241377751,0.7586206896551368,0.31034482758609255,4.137931034482907
AMP_CQG_RAW_EXCLUSIVE,D_NEXT_OPEN,2026-08-25 01:17:00+00:00,SHORT,2026-08-25 01:19:00+00:00,2026-08-25 01:20:00+00:00,4734.5,3.6285714285715067,4732.9,-0.4095063985375648,0.7992125984250794,1.1299212598425956,3.0314960629920606,2.7283464566927544
AMP_CQG_RAW_EXCLUSIVE,D_NEXT_OPEN,2026-08-25 01:57:00+00:00,SHORT,2026-08-25 01:58:00+00:00,2026-08-25 01:59:00+00:00,4714.6,3.75000000000013,4719.4,1.3280632411064608,-0.026666666666520223,-0.6399999999998808,1.760000000000036,5.253333333333345
AMP_CQG_RAW_EXCLUSIVE,D_NEXT_OPEN,2026-08-25 02:10:00+00:00,SHORT,2026-08-25 02:12:00+00:00,2026-08-25 02:13:00+00:00,4696.6,4.721428571428597,4701.0,0.9433384379784668,0.3600605143723155,-0.38124054462919327,-1.2072617246595616,-3.3888048411497547
AMP_CQG_RAW_EXCLUSIVE,D_NEXT_OPEN,2026-08-25 02:56:00+00:00,SHORT,2026-08-25 02:57:00+00:00,2026-08-25 02:58:00+00:00,4680.5,5.9714285714285325,4682.2,0.2738780207134356,0.15071770334922235,-0.8875598086124764,-0.3516746411483886,-1.7583732057416384
AMP_CQG_RAW_EXCLUSIVE,D_NEXT_OPEN,2026-08-25 03:04:00+00:00,LONG,2026-08-25 03:05:00+00:00,2026-08-25 03:06:00+00:00,4685.2,4.071428571428506,4679.5,1.1874999999999816,1.1052631578947545,1.4491228070177011,1.866666666666786,1.3263157894738395
AMP_CQG_RAW_EXCLUSIVE,D_NEXT_OPEN,2026-08-25 05:32:00+00:00,LONG,2026-08-25 05:33:00+00:00,2026-08-25 05:34:00+00:00,4699.5,2.099999999999909,4696.6,1.3904109589039872,-0.6666666666665223,0.2380952380952484,0.4285714285712739,-2.5238095238097196
AMP_CQG_RAW_EXCLUSIVE,D_NEXT_OPEN,2026-08-25 07:31:00+00:00,SHORT,2026-08-25 07:32:00+00:00,2026-08-25 07:33:00+00:00,4692.5,2.014285714285766,4694.4,0.9568345323739113,0.9929078014184142,0.39716312056745595,0.2978723404257049,-0.5460992907803084
AMP_CQG_RAW_EXCLUSIVE,D_NEXT_OPEN,2026-08-25 08:11:00+00:00,SHORT,2026-08-25 08:13:00+00:00,2026-08-25 08:14:00+00:00,4681.3,2.5214285714285842,4680.1,-0.4745762711863736,-0.7138810198300969,-1.229461756373715,-1.8640226628894367,-2.9745042492917695
AMP_CQG_RAW_EXCLUSIVE,D_NEXT_OPEN,2026-08-25 09:44:00+00:00,LONG,2026-08-25 09:45:00+00:00,2026-08-25 09:46:00+00:00,4694.5,3.5714285714285716,4692.8,0.45945945945941674,0.0,-0.3640000000000509,0.5319999999998981,-0.755999999999949
AMP_CQG_RAW_EXCLUSIVE,D_NEXT_OPEN,2026-08-25 10:51:00+00:00,LONG,2026-08-25 10:52:00+00:00,2026-08-25 10:53:00+00:00,4695.7,1.6642857142857272,4693.8,1.1718061674006661,0.6008583690987077,0.6609442060087971,0.72103004291834,-0.5407725321886184
AMP_CQG_RAW_EXCLUSIVE,D_NEXT_OPEN,2026-08-25 11:12:00+00:00,LONG,2026-08-25 11:14:00+00:00,2026-08-25 11:15:00+00:00,4698.5,1.999999999999935,4696.7,0.9368029739778342,-0.05000000000018352,-0.30000000000019167,0.44999999999983276,-0.650000000000112
AMP_CQG_RAW_EXCLUSIVE,D_NEXT_OPEN,2026-08-25 15:41:00+00:00,SHORT,2026-08-25 15:43:00+00:00,2026-08-25 15:44:00+00:00,4711.6,3.6857142857141167,4713.9,0.6086956521737561,-0.46124031007749117,-0.13565891472868838,0.6240310077520159,1.0038759689924914
AMP_CQG_RAW_EXCLUSIVE,D_NEXT_OPEN,2026-08-25 19:35:00+00:00,SHORT,2026-08-25 19:37:00+00:00,2026-08-25 19:38:00+00:00,4715.4,1.4928571428571817,4716.0,0.3800904977377964,-0.334928229665063,-0.669856459330126,-1.6746411483253152,-5.090909090909202
AMP_CQG_RAW_EXCLUSIVE,D_NEXT_OPEN,2026-08-26 07:53:00+00:00,SHORT,2026-08-26 07:55:00+00:00,2026-08-26 07:56:00+00:00,4682.9,1.8714285714284935,4683.9,0.5490196078431568,-0.2671755725190951,-1.2290076335879345,-0.5343511450381901,0.05343511450352743
AMP_CQG_RAW_EXCLUSIVE,D_NEXT_OPEN,2026-08-26 09:11:00+00:00,SHORT,2026-08-26 09:13:00+00:00,2026-08-26 09:14:00+00:00,4680.5,2.164285714285662,4681.8,0.6169491525424592,0.04620462046221541,1.1089108910889676,1.47854785478543,3.6039603960397746
AMP_CQG_RAW_EXCLUSIVE,D_NEXT_OPEN,2026-08-26 10:29:00+00:00,LONG,2026-08-26 10:31:00+00:00,2026-08-26 10:32:00+00:00,4673.7,1.7857142857141557,4670.8,1.8206278026904883,0.2240000000003219,0.9519999999999674,1.1200000000000816,2.968000000000318
AMP_CQG_RAW_EXCLUSIVE,D_NEXT_OPEN,2026-08-26 10:48:00+00:00,LONG,2026-08-26 10:49:00+00:00,2026-08-26 10:50:00+00:00,4679.7,1.2214285714286623,4679.6,0.0818713450287869,-0.40935672514616833,-0.9005847953211237,-0.9824561403506551,-2.6198830409353286
AMP_CQG_RAW_EXCLUSIVE,D_NEXT_OPEN,2026-08-26 11:16:00+00:00,LONG,2026-08-26 11:17:00+00:00,2026-08-26 11:18:00+00:00,4676.5,1.19285714285713,4676.1,0.3236994219650371,1.5928143712571974,0.0838323353296472,-3.017964071856625,1.1736526946104862
AMP_CQG_RAW_EXCLUSIVE,D_NEXT_OPEN,2026-08-26 13:13:00+00:00,LONG,2026-08-26 13:14:00+00:00,2026-08-26 13:15:00+00:00,4666.2,4.4785714285713505,4664.8,0.3057722308891587,-0.5135566188198263,-0.9824561403508131,0.17862838915474868,0.06698564593305614
AMP_CQG_RAW_EXCLUSIVE,D_NEXT_OPEN,2026-08-26 14:58:00+00:00,SHORT,2026-08-26 14:59:00+00:00,2026-08-26 15:00:00+00:00,4658.5,3.6428571428572076,4662.4,1.1567796610168235,0.43921568627460184,1.89411764705869,1.4274509803920816,3.980392156862674
AMP_CQG_RAW_EXCLUSIVE,D_NEXT_OPEN,2026-08-26 18:06:00+00:00,SHORT,2026-08-26 18:07:00+00:00,2026-08-26 18:08:00+00:00,4656.9,1.7214285714286623,4658.0,0.6695652173915259,0.11618257261399607,-1.3360995850622757,-0.9294605809130253,4.066390041493561
AMP_CQG_RAW_EXCLUSIVE,D_NEXT_OPEN,2026-08-27 07:34:00+00:00,SHORT,2026-08-27 07:35:00+00:00,2026-08-27 07:36:00+00:00,4649.3,2.0071428571428833,4650.2,0.4329896907214691,-1.046263345195444,-0.14946619217090718,-0.6476868327402957,-1.1957295373663512
AMP_CQG_RAW_EXCLUSIVE,D_NEXT_OPEN,2026-08-27 09:39:00+00:00,SHORT,2026-08-27 09:41:00+00:00,2026-08-27 09:42:00+00:00,4635.4,3.4357142857143765,4637.7,0.6736401673640419,-0.20374220374241014,-0.05821205821226845,-0.3201663201664176,0.1746361746360112
AMP_CQG_RAW_EXCLUSIVE,D_NEXT_OPEN,2026-08-27 22:01:00+00:00,SHORT,2026-08-27 22:02:00+00:00,2026-08-27 22:03:00+00:00,4656.3,1.842857142857221,4659.6,1.901234567901254,0.05426356589166798,0.7596899224808841,0.27131782945735283,-1.2480620155039217
AMP_CQG_RAW_EXCLUSIVE,D_NEXT_OPEN,2026-08-28 00:12:00+00:00,SHORT,2026-08-28 00:14:00+00:00,2026-08-28 00:15:00+00:00,4653.8,1.842857142856961,4654.8,0.5072463768116376,1.5736434108531647,3.1472868217058356,3.961240310078009,3.6356589147289426
AMP_CQG_RAW_EXCLUSIVE,D_NEXT_OPEN,2026-08-28 02:12:00+00:00,LONG,2026-08-28 02:13:00+00:00,2026-08-28 02:14:00+00:00,4633.8,1.7714285714285194,4632.3,0.9417040358744703,0.16935483870978507,-1.185483870967982,-0.28225806451613733,2.0887096774193137
AMP_CQG_RAW_EXCLUSIVE,D_NEXT_OPEN,2026-08-28 02:48:00+00:00,LONG,2026-08-28 02:49:00+00:00,2026-08-28 02:50:00+00:00,4638.8,1.80714285714287,4635.6,1.8744769874475493,-0.38735177865602305,0.4426877470356706,-0.055335968379647556,0.5533596837944624
AMP_CQG_RAW_EXCLUSIVE,D_NEXT_OPEN,2026-08-28 09:34:00+00:00,SHORT,2026-08-28 09:35:00+00:00,2026-08-28 09:36:00+00:00,4655.8,1.499999999999935,4656.0,0.12556053811648696,-1.1333333333332611,-0.20000000000012993,-1.599999999999827,-2.4666666666666526
AMP_CQG_RAW_EXCLUSIVE,D_NEXT_OPEN,2026-08-28 09:43:00+00:00,LONG,2026-08-28 09:45:00+00:00,2026-08-28 09:46:00+00:00,4658.5,1.5571428571428052,4657.8,0.4100418410040994,-0.4495412844035679,-0.12844036697236452,0.6422018348624068,-0.4495412844035679
AMP_CQG_RAW_EXCLUSIVE,D_NEXT_OPEN,2026-08-28 10:34:00+00:00,SHORT,2026-08-28 10:35:00+00:00,2026-08-28 10:36:00+00:00,4658.5,1.2857142857141557,4660.6,1.7294117647063671,-0.1555555555554298,1.2444444444448532,1.6333333333337814,3.4222222222222856
AMP_CQG_RAW_EXCLUSIVE,D_NEXT_OPEN,2026-08-28 11:43:00+00:00,SHORT,2026-08-28 11:45:00+00:00,2026-08-28 11:46:00+00:00,4646.8,1.657142857142779,4646.3,-0.3070175438596589,-1.0258620689654558,0.36206896551747797,-0.3017241379310487,1.0258620689654558
AMP_CQG_RAW_EXCLUSIVE,D_NEXT_OPEN,2026-08-31 01:43:00+00:00,LONG,2026-08-31 01:45:00+00:00,2026-08-31 01:46:00+00:00,4501.9,4.414285714285662,4501.6,0.06521739130419094,-0.4983818770226184,-3.216828478964398,-2.854368932038745,-4.417475728155392
AMP_CQG_RAW_EXCLUSIVE,D_NEXT_OPEN,2026-08-31 02:19:00+00:00,LONG,2026-08-31 02:20:00+00:00,2026-08-31 02:21:00+00:00,4472.0,3.5642857142856235,4471.0,0.2766798418972362,0.0,0.28056112224449614,0.5611222444889923,-4.292585170340842
AMP_CQG_RAW_EXCLUSIVE,D_NEXT_OPEN,2026-08-31 02:36:00+00:00,LONG,2026-08-31 02:37:00+00:00,2026-08-31 02:38:00+00:00,4459.1,4.328571428571455,4457.7,0.33910034602089234,0.0693069306929008,-1.3861386138613776,-1.0396039603960332,0.9702970297029223
AMP_CQG_RAW_EXCLUSIVE,D_NEXT_OPEN,2026-08-31 06:07:00+00:00,LONG,2026-08-31 06:08:00+00:00,2026-08-31 06:09:00+00:00,4481.7,2.8214285714285063,4479.7,0.7349081364829677,0.07088607594930425,0.6734177215191963,0.7088607594936872,1.6303797468356096
AMP_CQG_RAW_EXCLUSIVE,D_NEXT_OPEN,2026-08-31 06:36:00+00:00,LONG,2026-08-31 06:37:00+00:00,2026-08-31 06:38:00+00:00,4487.0,2.2642857142857014,4486.6,0.1647058823527958,0.5741324921136483,1.501577287066094,1.2807570977916447,1.1924290220819453
AMP_CQG_RAW_EXCLUSIVE,D_NEXT_OPEN,2026-08-31 10:37:00+00:00,LONG,2026-08-31 10:38:00+00:00,2026-08-31 10:39:00+00:00,4501.5,1.549999999999922,4500.3,0.7706422018347392,-0.580645161290117,-0.580645161290117,-0.3225806451613065,2.451612903226047
AMP_CQG_RAW_EXCLUSIVE,D_NEXT_OPEN,2026-08-31 12:13:00+00:00,SHORT,2026-08-31 12:14:00+00:00,2026-08-31 12:15:00+00:00,4508.3,2.6928571428571297,4509.8,0.5691056910569021,0.18567639257294521,0.07427055702911053,0.29708222811677987,3.564986737400683
AMP_CQG_RAW_EXCLUSIVE,D_NEXT_OPEN,2026-08-31 13:09:00+00:00,LONG,2026-08-31 13:11:00+00:00,2026-08-31 13:12:00+00:00,4496.5,3.1357142857143896,4496.1,0.13691931540329663,0.06378132118445012,0.15945330296127033,-0.9886104783599922,-0.2870159453301706
AMP_CQG_RAW_EXCLUSIVE,D_NEXT_OPEN,2026-08-31 13:27:00+00:00,LONG,2026-08-31 13:28:00+00:00,2026-08-31 13:29:00+00:00,4498.6,2.3714285714285586,4495.6,1.329113924050656,-0.548192771084417,-2.825301204819599,-2.9096385542171133,-5.903614457831357
AMP_CQG_RAW_EXCLUSIVE,D_NEXT_OPEN,2026-08-31 15:01:00+00:00,SHORT,2026-08-31 15:02:00+00:00,2026-08-31 15:03:00+00:00,4479.4,3.357142857142987,4483.2,1.1615720524017517,-0.744680851063801,0.1489361702127602,-0.3574468085108412,-0.5659574468086513
AMP_CQG_RAW_EXCLUSIVE,D_NEXT_OPEN,2026-08-31 22:20:00+00:00,SHORT,2026-08-31 22:21:00+00:00,2026-08-31 22:22:00+00:00,4496.9,1.2428571428571817,4498.2,1.1030303030303967,-0.2413793103449664,0.2413793103442346,0.08045977011450095,-0.5632183908051654
AMP_CQG_RAW_EXCLUSIVE,D_NEXT_OPEN,2026-09-01 00:47:00+00:00,SHORT,2026-09-01 00:49:00+00:00,2026-09-01 00:50:00+00:00,4504.8,1.8785714285714417,4502.3,-1.4522821576763814,-1.3307984790874432,-2.8212927756654764,-0.5323193916349773,3.5133079847910436
AMP_CQG_RAW_EXCLUSIVE,D_NEXT_OPEN,2026-09-01 03:05:00+00:00,SHORT,2026-09-01 03:07:00+00:00,2026-09-01 03:08:00+00:00,4489.7,1.7428571428571817,4490.4,0.3670411985017798,-0.11475409836054881,-0.17213114754108413,-0.45901639344271705,3.557377049180144
AMP_CQG_RAW_EXCLUSIVE,D_NEXT_OPEN,2026-09-01 04:55:00+00:00,SHORT,2026-09-01 04:56:00+00:00,2026-09-01 04:57:00+00:00,4476.1,1.8857142857143248,4477.1,0.5668016194331817,0.10606060606098971,0.4772727272730068,-0.47727272727252446,-1.4848484848480683
AMP_CQG_RAW_EXCLUSIVE,D_NEXT_OPEN,2026-09-01 05:48:00+00:00,LONG,2026-09-01 05:49:00+00:00,2026-09-01 05:50:00+00:00,4493.9,2.592857142857156,4493.4,0.18276762402088687,-0.617079889806949,-1.0027548209364237,-0.8484848484847741,-3.3939393939390965
AMP_CQG_RAW_EXCLUSIVE,D_NEXT_OPEN,2026-09-01 07:50:00+00:00,SHORT,2026-09-01 07:51:00+00:00,2026-09-01 07:52:00+00:00,4469.3,2.7928571428572337,4470.9,0.5642317380350488,0.32225063938637416,0.5728900255755592,-0.10741687979545805,5.299232736572782
AMP_CQG_RAW_EXCLUSIVE,D_NEXT_OPEN,2026-09-01 10:22:00+00:00,LONG,2026-09-01 10:24:00+00:00,2026-09-01 10:25:00+00:00,4432.8,2.4357142857143117,4433.4,-0.2470588235291871,-0.08211143695007107,-0.041055718475222235,0.2052785923753644,0.08211143695007107
AMP_CQG_RAW_EXCLUSIVE,D_NEXT_OPEN,2026-09-01 11:17:00+00:00,LONG,2026-09-01 11:18:00+00:00,2026-09-01 11:19:00+00:00,4424.8,2.1642857142857923,4424.3,0.22435897435896912,-0.04620462046221263,0.5082508250822378,0.6468646864684554,2.3564356435640192
AMP_CQG_RAW_EXCLUSIVE,D_NEXT_OPEN,2026-09-01 17:14:00+00:00,SHORT,2026-09-01 17:16:00+00:00,2026-09-01 17:17:00+00:00,4393.6,2.1357142857144544,4394.6,0.514705882352893,0.3277591973247295,-0.6555183946486073,-0.14046822742439738,-2.575250836120198
AMP_CQG_RAW_EXCLUSIVE,D_NEXT_OPEN,2026-09-01 20:50:00+00:00,LONG,2026-09-01 20:52:00+00:00,2026-09-01 20:53:00+00:00,4374.9,1.4785714285714806,4375.8,-0.6331658291460662,0.40579710144950715,0.3381642512077176,0.9468599033819782,
AMP_CQG_RAW_EXCLUSIVE,D_NEXT_OPEN,2026-09-02 00:25:00+00:00,SHORT,2026-09-02 00:26:00+00:00,2026-09-02 00:27:00+00:00,4372.4,3.828571428571325,4376.2,1.0000000000000513,0.861940298507296,0.10447761194020631,0.6791044776118161,0.20895522388041263
AMP_CQG_RAW_EXCLUSIVE,D_NEXT_OPEN,2026-09-02 03:35:00+00:00,LONG,2026-09-02 03:36:00+00:00,2026-09-02 03:37:00+00:00,4331.8,2.8857142857143248,4331.2,0.21000000000012256,0.45049504950500746,2.1831683168317166,0.8316831683166943,4.366336633663118
AMP_CQG_RAW_EXCLUSIVE,D_NEXT_OPEN,2026-09-02 03:50:00+00:00,LONG,2026-09-02 03:52:00+00:00,2026-09-02 03:53:00+00:00,4346.1,2.6071428571427924,4345.4,0.2620320855617722,-0.3452054794522727,0.5369863013697368,1.0356164383561204,1.6493150684929125
AMP_CQG_RAW_EXCLUSIVE,D_NEXT_OPEN,2026-09-02 06:02:00+00:00,SHORT,2026-09-02 06:03:00+00:00,2026-09-02 06:04:00+00:00,4365.1,1.9357142857144416,4368.3,1.7034220532317126,0.05166051660534983,-0.41328413284091925,-1.0848708487081178,-4.184501845017832
AMP_CQG_RAW_EXCLUSIVE,D_NEXT_OPEN,2026-09-02 09:31:00+00:00,SHORT,2026-09-02 09:33:00+00:00,2026-09-02 09:34:00+00:00,4355.6,1.8071428571428052,4356.1,0.2928870292887185,-0.8300395256917235,-0.27667984189724115,-0.16600790513794206,-1.6047430830037974
AMP_CQG_RAW_EXCLUSIVE,D_NEXT_OPEN,2026-09-02 11:57:00+00:00,LONG,2026-09-02 11:59:00+00:00,2026-09-02 12:00:00+00:00,4379.5,2.0,4377.2,1.1298245614035982,0.40000000000009095,-1.699999999999818,1.099999999999909,0.40000000000009095
AMP_CQG_RAW_EXCLUSIVE,D_NEXT_OPEN,2026-09-02 12:14:00+00:00,SHORT,2026-09-02 12:16:00+00:00,2026-09-02 12:17:00+00:00,4378.6,2.7785714285714027,4380.3,0.6040609137055107,-0.5038560411309791,0.0719794344475633,-1.4395886889460288,-1.2596401028277753
AMP_CQG_RAW_EXCLUSIVE,D_NEXT_OPEN,2026-09-02 15:27:00+00:00,LONG,2026-09-02 15:28:00+00:00,2026-09-02 15:29:00+00:00,4417.5,2.328571428571325,4416.2,0.565217391304462,0.8588957055215106,0.9447852760735836,1.1595092024539613,-1.4171779141105707
AMP_CQG_RAW_EXCLUSIVE,D_NEXT_OPEN,2026-09-02 20:06:00+00:00,SHORT,2026-09-02 20:07:00+00:00,2026-09-02 20:08:00+00:00,4435.4,1.542857142857169,4436.0,0.3559322033900271,0.45370370370357815,0.5185185185180382,0.9074074074071563,2.3333333333329405
AMP_CQG_RAW_EXCLUSIVE,D_NEXT_OPEN,2026-09-03 00:55:00+00:00,SHORT,2026-09-03 00:56:00+00:00,2026-09-03 00:57:00+00:00,4436.5,1.7285714285714806,4436.1,-0.22222222222201368,-1.3884297520658635,-2.3140495867767896,1.2727272727271293,-9.892561983470987
AMP_CQG_RAW_EXCLUSIVE,D_NEXT_OPEN,2026-09-03 03:57:00+00:00,SHORT,2026-09-03 03:58:00+00:00,2026-09-03 03:59:00+00:00,4477.1,1.549999999999922,4477.5,0.25925925925903004,-0.06451612903190924,1.4838709677421273,2.387096774194138,0.0
AMP_CQG_RAW_EXCLUSIVE,D_NEXT_OPEN,2026-09-03 04:05:00+00:00,LONG,2026-09-03 04:07:00+00:00,2026-09-03 04:08:00+00:00,4474.6,1.799999999999922,4472.4,1.350877192982946,1.8333333333330084,3.3333333333334774,1.7222222222219936,1.388888888888949
AMP_CQG_RAW_EXCLUSIVE,D_NEXT_OPEN,2026-09-03 05:16:00+00:00,LONG,2026-09-03 05:18:00+00:00,2026-09-03 05:19:00+00:00,4474.8,1.8857142857143896,4473.6,0.6746987951805812,-0.26515151515150054,-2.227272727272508,-2.969696969696999,1.166666666666506
AMP_CQG_RAW_EXCLUSIVE,D_NEXT_OPEN,2026-09-03 05:39:00+00:00,SHORT,2026-09-03 05:40:00+00:00,2026-09-03 05:41:00+00:00,4473.2,2.999999999999935,4474.4,0.4087591240875347,0.06666666666660748,-0.8999999999999588,-1.73333333333331,-2.4333333333334464
AMP_CQG_RAW_EXCLUSIVE,D_NEXT_OPEN,2026-09-03 06:14:00+00:00,LONG,2026-09-03 06:15:00+00:00,2026-09-03 06:16:00+00:00,4475.8,2.6928571428573895,4472.9,1.0545454545455781,-0.965517241379357,-1.0026525198937397,-1.4482758620690355,-2.7851458885939095
AMP_CQG_RAW_EXCLUSIVE,D_NEXT_OPEN,2026-09-03 12:43:00+00:00,SHORT,2026-09-03 12:44:00+00:00,2026-09-03 12:45:00+00:00,4514.9,6.100000000000039,4514.6,-0.03821656050946095,0.016393442622861257,-1.2622950819673244,-2.016393442622968,-4.262295081967186
AMP_CQG_RAW_EXCLUSIVE,D_NEXT_OPEN,2026-09-03 19:55:00+00:00,LONG,2026-09-03 19:57:00+00:00,2026-09-03 19:58:00+00:00,4525.6,1.4428571428569998,4525.3,0.22340425531931465,-2.28712871287164,-3.881188118812518,-3.950495049505846,-3.6732673267331633
AMP_CQG_RAW_EXCLUSIVE,D_NEXT_OPEN,2026-09-04 00:58:00+00:00,SHORT,2026-09-04 01:00:00+00:00,2026-09-04 01:01:00+00:00,4530.5,2.014285714285831,4532.5,1.0894941634240938,0.9929078014183822,2.581560283687703,4.070921985815277,3.425531914893238
AMP_CQG_RAW_EXCLUSIVE,D_NEXT_OPEN,2026-09-04 02:27:00+00:00,LONG,2026-09-04 02:29:00+00:00,2026-09-04 02:30:00+00:00,4519.9,1.842857142857221,4519.3,0.3668122270738789,0.3255813953490208,-0.7596899224803906,-1.573643410852449,-1.627906976744117
AMP_CQG_RAW_EXCLUSIVE,D_NEXT_OPEN,2026-09-04 03:51:00+00:00,LONG,2026-09-04 03:53:00+00:00,2026-09-04 03:54:00+00:00,4515.8,1.042857142857169,4515.7,0.095238095238437,-0.09589041095925056,0.0,-1.9178082191780343,-1.3424657534251472
AMP_CQG_RAW_EXCLUSIVE,D_NEXT_OPEN,2026-09-04 04:05:00+00:00,SHORT,2026-09-04 04:06:00+00:00,2026-09-04 04:07:00+00:00,4514.4,1.4357142857142466,4515.1,0.47804878048832294,0.27860696517388356,0.13930348258694178,-0.6965174129353423,
AMP_CQG_RAW_EXCLUSIVE,D_NEXT_OPEN,2026-09-04 05:47:00+00:00,SHORT,2026-09-04 05:48:00+00:00,2026-09-04 05:49:00+00:00,4517.6,1.94285714285713,4518.4,0.40727272727235686,0.308823529411954,0.463235294117931,1.6470588235297972,0.5661764705884264
AMP_CQG_RAW_EXCLUSIVE,D_NEXT_OPEN,2026-09-04 07:25:00+00:00,SHORT,2026-09-04 07:26:00+00:00,2026-09-04 07:27:00+00:00,4515.3,1.6357142857141949,4516.4,0.6609442060083023,-0.8558951965063754,-2.628820960698947,-3.240174672489374,-5.868995633187765
AMP_CQG_RAW_EXCLUSIVE,D_NEXT_OPEN,2026-09-04 09:31:00+00:00,SHORT,2026-09-04 09:33:00+00:00,2026-09-04 09:34:00+00:00,4515.0,2.1142857142856752,4513.6,-0.7686274509802198,0.7567567567569428,-0.14189189189198054,0.04729729729747024,-0.0945945945945103
AMP_CQG_RAW_EXCLUSIVE,D_NEXT_OPEN,2026-09-04 15:06:00+00:00,SHORT,2026-09-04 15:08:00+00:00,2026-09-04 15:09:00+00:00,4481.6,3.942857142857195,4480.8,-0.2174757281553854,-0.4565217391302442,-0.4818840579709158,-0.7862318840578222,-1.699275362318772
AMP_CQG_RAW_EXCLUSIVE,D_NEXT_OPEN,2026-09-04 19:45:00+00:00,SHORT,2026-09-04 19:46:00+00:00,2026-09-04 19:47:00+00:00,4481.7,1.4928571428571817,4483.2,1.0396039603960021,0.13397129186590337,-0.5358851674642228,-0.40191387559831937,0.8708133971292857
AMP_CQG_RAW_EXCLUSIVE,D_NEXT_OPEN,2026-09-07 02:00:00+00:00,SHORT,2026-09-07 02:01:00+00:00,2026-09-07 02:02:00+00:00,4451.5,2.5714285714287013,4455.4,1.5964912280699501,-0.8555555555554416,-1.1277777777775793,-0.23333333333346304,0.15555555555540623
AMP_CQG_RAW_EXCLUSIVE,D_NEXT_OPEN,2026-09-07 13:21:00+00:00,SHORT,2026-09-07 13:23:00+00:00,2026-09-07 13:24:00+00:00,4448.4,1.7785714285713377,4449.5,0.6086956521741318,-0.11244979919720198,-0.5622489959839645,-0.39357429718918424,0.28112449799198225
AMP_CQG_RAW_EXCLUSIVE,D_NEXT_OPEN,2026-09-07 13:24:00+00:00,LONG,2026-09-07 13:25:00+00:00,2026-09-07 13:26:00+00:00,4449.6,1.6285714285713766,4448.6,0.5833333333333555,-0.12280701754431034,-0.3070175438596589,0.4298245614034108,-1.1666666666670389
AMP_CQG_RAW_EXCLUSIVE,D_NEXT_OPEN,2026-09-07 15:43:00+00:00,SHORT,2026-09-07 15:45:00+00:00,2026-09-07 15:46:00+00:00,4457.7,1.1642857142858571,4456.1,-1.4451612903219182,-0.6871165644172499,-0.3435582822090155,-0.773006134969699,-1.5460122699386167
AMP_CQG_RAW_EXCLUSIVE,D_NEXT_OPEN,2026-09-07 16:12:00+00:00,SHORT,2026-09-07 16:14:00+00:00,2026-09-07 16:15:00+00:00,4461.1,0.8857142857143246,4462.4,1.4796747967471175,0.0,1.806451612903557,2.258064516128933,1.5806451612908692
AMP_CQG_RAW_EXCLUSIVE,D_NEXT_OPEN,2026-09-08 03:44:00+00:00,LONG,2026-09-08 03:45:00+00:00,2026-09-08 03:46:00+00:00,4479.2,1.157142857142974,4477.7,1.3291139240504646,-0.08641975308593944,1.8148148148149459,2.851851851851721,6.222222222221436
AMP_CQG_RAW_EXCLUSIVE,D_NEXT_OPEN,2026-09-08 06:06:00+00:00,SHORT,2026-09-08 06:08:00+00:00,2026-09-08 06:09:00+00:00,4458.6,2.464285714285649,4459.0,0.15053763440846965,0.08115942029015248,0.973913043478508,0.771014492753865,4.585507246377007
AMP_CQG_RAW_EXCLUSIVE,D_NEXT_OPEN,2026-09-08 06:32:00+00:00,SHORT,2026-09-08 06:33:00+00:00,2026-09-08 06:34:00+00:00,4446.4,2.592857142856896,4446.9,0.18087855297158983,-0.1542699724520158,0.9641873278237832,-0.6170798898073616,-2.121212121212323
AMP_CQG_RAW_EXCLUSIVE,D_NEXT_OPEN,2026-09-08 07:53:00+00:00,SHORT,2026-09-08 07:54:00+00:00,2026-09-08 07:55:00+00:00,4435.8,2.150000000000026,4436.9,0.5082508250822378,-1.1627906976744045,0.2790697674420263,-0.4186046511626164,1.6279069767441663
AMP_CQG_RAW_EXCLUSIVE,D_NEXT_OPEN,2026-09-08 17:45:00+00:00,LONG,2026-09-08 17:46:00+00:00,2026-09-08 17:47:00+00:00,4431.3,1.7428571428571817,4430.0,0.7878787878788547,0.11475409836054881,0.05737704918001348,0.45901639344271705,1.0901639344259964
AMP_CQG_RAW_EXCLUSIVE,D_NEXT_OPEN,2026-09-08 18:25:00+00:00,SHORT,2026-09-08 18:26:00+00:00,2026-09-08 18:27:00+00:00,4429.4,1.3642857142856752,4429.7,0.2245989304814218,0.5863874345544573,-0.5130890052361501,2.125654450261574,0.806282722512712
AMP_CQG_RAW_EXCLUSIVE,D_NEXT_OPEN,2026-09-08 19:06:00+00:00,SHORT,2026-09-08 19:07:00+00:00,2026-09-08 19:08:00+00:00,4416.0,3.242857142857247,4417.2,0.3140186915887321,-0.21585903083694138,-0.4008810572687657,-0.7400881057267363,0.9559471365639582
AMP_CQG_RAW_EXCLUSIVE,D_NEXT_OPEN,2026-09-09 00:30:00+00:00,LONG,2026-09-09 00:31:00+00:00,2026-09-09 00:32:00+00:00,4390.3,2.149999999999896,4389.6,0.3151125401928589,-0.09302325581387338,0.09302325581387338,-0.7441860465118331,3.0232558139536345
AMP_CQG_RAW_EXCLUSIVE,D_NEXT_OPEN,2026-09-09 00:48:00+00:00,LONG,2026-09-09 00:49:00+00:00,2026-09-09 00:50:00+00:00,4399.8,2.292857142857169,4398.6,0.49851632047469113,-0.17445482866067216,1.0903426791277135,1.7009345794390744,0.6978193146414986
AMP_CQG_RAW_EXCLUSIVE,D_NEXT_OPEN,2026-09-09 10:11:00+00:00,SHORT,2026-09-09 10:12:00+00:00,2026-09-09 10:13:00+00:00,4436.5,1.9285714285714934,4436.3,-0.1048689138575761,0.622222222222107,1.3481481481482915,1.088888888889041,-0.2074074074072118
AMP_CQG_RAW_EXCLUSIVE,D_NEXT_OPEN,2026-09-09 10:16:00+00:00,LONG,2026-09-09 10:17:00+00:00,2026-09-09 10:18:00+00:00,4434.4,1.50000000000013,4433.9,0.31111111111109857,0.6666666666666089,3.066666666666644,2.4000000000000346,2.9333333333334433
AMP_CQG_RAW_EXCLUSIVE,D_NEXT_OPEN,2026-09-09 12:02:00+00:00,SHORT,2026-09-09 12:03:00+00:00,2026-09-09 12:04:00+00:00,4449.4,2.0142857142857014,4450.6,0.461538461538746,0.3971631205670172,1.9361702127657892,1.5886524822694235,3.773049645389824
AMP_CQG_RAW_EXCLUSIVE,D_NEXT_OPEN,2026-09-10 01:14:00+00:00,LONG,2026-09-10 01:15:00+00:00,2026-09-10 01:16:00+00:00,4456.7,3.107142857142727,4456.2,0.1576576576576654,-0.1609195402298918,0.8367816091955544,-0.22528735632178998,-1.7379310344827144
AMP_CQG_RAW_EXCLUSIVE,D_NEXT_OPEN,2026-09-10 02:35:00+00:00,SHORT,2026-09-10 02:36:00+00:00,2026-09-10 02:37:00+00:00,4458.1,2.0928571428570257,4458.1,0.0,-0.04778156996561224,-1.7201365187711666,-1.4334470989761894,-2.389078498293649
AMP_CQG_RAW_EXCLUSIVE,D_NEXT_OPEN,2026-09-10 03:04:00+00:00,SHORT,2026-09-10 03:05:00+00:00,2026-09-10 03:06:00+00:00,4459.4,1.5857142857144026,4460.6,0.7636363636367636,0.44144144144129416,2.2072072072070443,0.37837837837800636,1.1351351351345926
AMP_CQG_RAW_EXCLUSIVE,D_NEXT_OPEN,2026-09-10 05:41:00+00:00,LONG,2026-09-10 05:42:00+00:00,2026-09-10 05:43:00+00:00,4471.9,2.949999999999883,4467.0,1.8100263852242442,-0.30508474576260064,-0.13559322033886512,-0.16949152542373555,-0.7457627118643747
AMP_CQG_RAW_EXCLUSIVE,D_NEXT_OPEN,2026-09-10 11:05:00+00:00,LONG,2026-09-10 11:07:00+00:00,2026-09-10 11:08:00+00:00,4424.2,3.199999999999948,4425.5,-0.40807174887898584,0.2187499999999467,-0.31250000000000505,-1.2500000000000202,-0.12499999999988834
AMP_CQG_RAW_EXCLUSIVE,D_NEXT_OPEN,2026-09-10 12:28:00+00:00,SHORT,2026-09-10 12:30:00+00:00,2026-09-10 12:31:00+00:00,4401.2,4.0642857142856235,4405.3,1.101727447217019,1.623901581722222,2.9279437609841588,4.478031634446452,4.551845342706605
AMP_CQG_RAW_EXCLUSIVE,D_NEXT_OPEN,2026-09-10 13:12:00+00:00,LONG,2026-09-10 13:13:00+00:00,2026-09-10 13:14:00+00:00,4388.5,5.3428571428572855,4387.5,0.18158236057068228,-0.5240641711230147,-0.43048128342248243,0.1310160427807111,1.8342245989304664
AMP_CQG_RAW_EXCLUSIVE,D_NEXT_OPEN,2026-09-11 02:03:00+00:00,LONG,2026-09-11 02:04:00+00:00,2026-09-11 02:05:00+00:00,4372.6,2.3857142857144544,4370.7,0.8159509202455785,-0.1676646706588995,-1.760479041916348,-1.1736526946107717,0.4191616766466769
AMP_CQG_RAW_EXCLUSIVE,D_NEXT_OPEN,2026-09-11 02:46:00+00:00,LONG,2026-09-11 02:48:00+00:00,2026-09-11 02:49:00+00:00,4363.9,2.9285714285712987,4357.3,2.4639999999999156,0.03414634146354037,0.37560975609770186,0.5121951219512422,0.443902439024472
AMP_CQG_RAW_EXCLUSIVE,D_NEXT_OPEN,2026-09-11 04:12:00+00:00,LONG,2026-09-11 04:13:00+00:00,2026-09-11 04:14:00+00:00,4364.6,2.9642857142857792,4362.4,0.7661691542290953,-0.8771084337350432,-1.450602409638584,-1.2144578313253973,1.484337349397435
AMP_CQG_RAW_EXCLUSIVE,D_NEXT_OPEN,2026-09-11 05:07:00+00:00,LONG,2026-09-11 05:09:00+00:00,2026-09-11 05:10:00+00:00,4375.4,2.1857142857143765,4372.5,1.4871794871792412,-0.5490196078430312,0.32026143790881634,1.5098039215686478,0.9150326797385241
AMP_CQG_RAW_EXCLUSIVE,D_NEXT_OPEN,2026-09-11 06:30:00+00:00,SHORT,2026-09-11 06:32:00+00:00,2026-09-11 06:33:00+00:00,4391.4,1.9357142857143117,4391.7,0.1538461538462461,1.3431734317340174,0.7749077490774804,0.3099630996307102,-1.446494464944724
AMP_CQG_RAW_EXCLUSIVE,D_NEXT_OPEN,2026-09-11 08:07:00+00:00,SHORT,2026-09-11 08:08:00+00:00,2026-09-11 08:09:00+00:00,4388.2,2.0,4388.4,0.10447761194020631,0.900000000000091,1.5499999999997272,-0.9500000000002728,-0.45000000000027285
AMP_CQG_RAW_EXCLUSIVE,D_NEXT_OPEN,2026-09-11 09:31:00+00:00,SHORT,2026-09-11 09:33:00+00:00,2026-09-11 09:34:00+00:00,4384.9,1.6357142857141949,4383.3,-1.0418604651159236,0.4890829694318968,-0.6724890829696921,0.18340611353668326,-0.4279475982537437
AMP_CQG_RAW_EXCLUSIVE,D_NEXT_OPEN,2026-09-11 10:15:00+00:00,SHORT,2026-09-11 10:16:00+00:00,2026-09-11 10:17:00+00:00,4388.7,1.8142857142856883,4388.4,-0.13249211356475366,0.2755905511811063,-1.5433070866142955,0.0,-0.5511811023622126
AMP_CQG_RAW_EXCLUSIVE,D_NEXT_OPEN,2026-09-11 10:27:00+00:00,SHORT,2026-09-11 10:28:00+00:00,2026-09-11 10:29:00+00:00,4389.6,1.7714285714283895,4389.7,0.05691056910538597,-1.072580645161195,-0.05645161290292355,0.1693548387097975,0.846774193548474
AMP_CQG_RAW_EXCLUSIVE,D_NEXT_OPEN,2026-09-11 11:28:00+00:00,SHORT,2026-09-11 11:29:00+00:00,2026-09-11 11:30:00+00:00,4378.6,1.7785714285713377,4378.7,0.05490196078401413,0.16867469879529162,1.18072289156653,2.8112449799198225,1.18072289156653
AMP_CQG_RAW_EXCLUSIVE,D_NEXT_OPEN,2026-09-14 05:55:00+00:00,LONG,2026-09-14 05:56:00+00:00,2026-09-14 05:57:00+00:00,4375.6,2.842857142857091,4373.9,0.5534883720932836,0.1407035175878143,0.8793969849246391,1.1608040201002678,-1.0201005025127734
AMP_CQG_RAW_EXCLUSIVE,D_NEXT_OPEN,2026-09-14 06:42:00+00:00,LONG,2026-09-14 06:44:00+00:00,2026-09-14 06:45:00+00:00,4368.0,1.6357142857143248,4366.9,0.7129629629631867,0.8558951965063074,0.0,-2.1397379912663244,-3.3624454148470813
AMP_CQG_RAW_EXCLUSIVE,D_NEXT_OPEN,2026-09-14 10:34:00+00:00,LONG,2026-09-14 10:35:00+00:00,2026-09-14 10:36:00+00:00,4332.0,1.7571428571428183,4331.0,0.5761316872428156,0.17073170731718046,0.5691056910569232,0.6829268292682042,-0.17073170731718046
AMP_CQG_RAW_EXCLUSIVE,D_NEXT_OPEN,2026-09-14 10:55:00+00:00,LONG,2026-09-14 10:56:00+00:00,2026-09-14 10:57:00+00:00,4334.0,1.4357142857144416,4331.4,2.0222222222223007,0.41791044776140207,0.2786069651738457,0.7661691542290259,-0.7661691542290259
AMP_CQG_RAW_EXCLUSIVE,D_NEXT_OPEN,2026-09-14 11:00:00+00:00,LONG,2026-09-14 11:02:00+00:00,2026-09-14 11:03:00+00:00,4335.7,1.6214285714286885,4334.1,0.9955555555551758,0.2466960352426095,-0.1850220264318169,-1.0484581497795478,-0.43171806167386545
AMP_CQG_RAW_EXCLUSIVE,D_NEXT_OPEN,2026-09-14 12:16:00+00:00,SHORT,2026-09-14 12:18:00+00:00,2026-09-14 12:19:00+00:00,4331.6,2.7714285714285842,4333.4,0.7019498607239396,0.5412371134020594,1.9845360824742175,1.7680412371135907,2.0927835051546952
AMP_CQG_RAW_EXCLUSIVE,D_NEXT_OPEN,2026-09-14 16:19:00+00:00,SHORT,2026-09-14 16:20:00+00:00,2026-09-14 16:21:00+00:00,4339.0,2.342857142857351,4339.5,0.21212121212118873,-0.17073170731690274,-2.5609756097558702,-2.2621951219510965,-1.451219512194838
AMP_CQG_RAW_EXCLUSIVE,D_NEXT_OPEN,2026-09-14 16:58:00+00:00,LONG,2026-09-14 16:59:00+00:00,2026-09-14 17:00:00+00:00,4356.5,2.9785714285713505,4355.8,0.23277909738712096,0.16786570743405715,-0.6714628297362286,-0.30215827338118073,-1.544364508393448
AMP_CQG_RAW_EXCLUSIVE,D_NEXT_OPEN,2026-09-14 17:49:00+00:00,SHORT,2026-09-14 17:50:00+00:00,2026-09-14 17:51:00+00:00,4349.3,1.3071428571427401,4349.5,0.14432989690710146,-0.5355191256829689,-2.3715846994533467,-2.448087431694069,0.15300546448074887
AMP_CQG_RAW_EXCLUSIVE,D_NEXT_OPEN,2026-09-14 18:26:00+00:00,SHORT,2026-09-14 18:27:00+00:00,2026-09-14 18:28:00+00:00,4347.1,1.0285714285715326,4347.7,0.6086956521733112,-0.9722222222221238,-2.3333333333327437,-3.1111111111106196,-2.9166666666663716
AMP_CQG_RAW_EXCLUSIVE,D_NEXT_OPEN,2026-09-14 20:06:00+00:00,LONG,2026-09-14 20:07:00+00:00,2026-09-14 20:08:00+00:00,4326.2,1.7142857142855843,4326.1,0.05857740585742405,0.23333333333366935,0.5833333333333776,1.7500000000001328,5.541666666667087
AMP_CQG_RAW_EXCLUSIVE,D_NEXT_OPEN,2026-09-15 00:43:00+00:00,SHORT,2026-09-15 00:44:00+00:00,2026-09-15 00:45:00+00:00,4333.6,1.6071428571427273,4333.5,-0.05761316872449331,-0.12444444444434132,0.31111111111113626,-0.6844444444441602,0.0
AMP_CQG_RAW_EXCLUSIVE,D_NEXT_OPEN,2026-09-15 03:17:00+00:00,LONG,2026-09-15 03:18:00+00:00,2026-09-15 03:19:00+00:00,4352.2,1.299999999999987,4351.5,0.5297297297295921,0.15384615384601547,0.38461538461538847,1.1538461538461655,0.230769230769373
AMP_CQG_RAW_EXCLUSIVE,D_NEXT_OPEN,2026-09-15 03:25:00+00:00,LONG,2026-09-15 03:27:00+00:00,2026-09-15 03:28:00+00:00,4351.9,1.6214285714284935,4350.8,0.6754385964909415,-0.12334801762103911,0.7400881057273565,0.06167400881080002,-1.4801762114535912
AMP_CQG_RAW_EXCLUSIVE,D_NEXT_OPEN,2026-09-15 03:33:00+00:00,LONG,2026-09-15 03:34:00+00:00,2026-09-15 03:35:00+00:00,4353.6,1.5071428571427532,4352.5,0.7333333333336394,-0.19905213270155622,-1.1943127962087339,-2.3886255924174677,-4.843601895735052
AMP_CQG_RAW_EXCLUSIVE,D_NEXT_OPEN,2026-09-15 04:40:00+00:00,LONG,2026-09-15 04:41:00+00:00,2026-09-15 04:42:00+00:00,4346.3,1.292857142857039,4344.9,1.1329479768791615,-0.30939226519381713,-0.6961325966855608,-0.7734806629834875,0.15469613259655682
AMP_CQG_RAW_EXCLUSIVE,D_NEXT_OPEN,2026-09-15 05:06:00+00:00,LONG,2026-09-15 05:08:00+00:00,2026-09-15 05:09:00+00:00,4342.2,1.5,4342.6,-0.24669603524262929,0.0,-0.7333333333329696,-1.0,-2.866666666666788
AMP_CQG_RAW_EXCLUSIVE,D_NEXT_OPEN,2026-09-15 07:38:00+00:00,SHORT,2026-09-15 07:40:00+00:00,2026-09-15 07:41:00+00:00,4324.7,1.8285714285714545,4325.8,0.6311475409838246,1.1484374999996854,0.9296874999998873,-1.3125000000002798,3.117187499999856
AMP_CQG_RAW_EXCLUSIVE,D_NEXT_OPEN,2026-09-15 08:07:00+00:00,SHORT,2026-09-15 08:08:00+00:00,2026-09-15 08:09:00+00:00,4304.8,2.7357142857142986,4307.6,1.068119891008249,-0.2558746736291751,-0.0365535248039779,-1.060052219321011,-2.8511749347259014
AMP_CQG_RAW_EXCLUSIVE,D_NEXT_OPEN,2026-09-15 10:09:00+00:00,SHORT,2026-09-15 10:11:00+00:00,2026-09-15 10:12:00+00:00,4314.2,1.8214285714286365,4314.7,0.301724137931025,0.10980392156852367,0.439215686274594,1.4274509803918063,0.21960784313704734
AMP_CQG_RAW_EXCLUSIVE,D_NEXT_OPEN,2026-09-15 10:14:00+00:00,SHORT,2026-09-15 10:15:00+00:00,2026-09-15 10:16:00+00:00,4313.2,1.7785714285714675,4313.4,0.11067193675879183,0.8995983935739706,0.9558232931725675,0.2811244979919617,-0.5622489959839234
AMP_CQG_RAW_EXCLUSIVE,D_NEXT_OPEN,2026-09-15 12:51:00+00:00,LONG,2026-09-15 12:53:00+00:00,2026-09-15 12:54:00+00:00,4331.9,2.7142857142857792,4330.1,0.659685863874082,0.5157894736843992,-1.5842105263154835,-1.3631578947367424,-2.5421052631577
AMP_CQG_RAW_EXCLUSIVE,D_NEXT_OPEN,2026-09-15 14:31:00+00:00,LONG,2026-09-15 14:33:00+00:00,2026-09-15 14:34:00+00:00,4324.5,3.049999999999987,4323.1,0.4815724815723693,-0.19672131147552996,-0.3278688524590178,-2.4590163934426337,-1.8688524590163418
