gc_t0_ms,period,sl_atr,tp_atr,rr,reason,hold_ms
1786060200000,TRAIN,0.25,0.5,-1.0,SL,0
1786061580000,TRAIN,0.25,0.5,-1.0,SL,0
1786072020000,TRAIN,0.25,0.5,-1.0,SL,602
1786096110000,TRAIN,0.25,0.5,-1.0,SL,147
1786105620000,TRAIN,0.25,0.5,2.0,TP,24600
1786332630000,TRAIN,0.25,0.5,-1.0,SL,0
1786340220000,TRAIN,0.25,0.5,-1.0,SL,150
1786341540000,TRAIN,0.25,0.5,-1.0,SL,4953
1786352040000,TRAIN,0.25,0.5,-1.0,SL,0
1786358100000,TRAIN,0.25,0.5,-1.0,SL,0
1786381140000,TRAIN,0.25,0.5,-1.0,SL,0
1786430640000,TRAIN,0.25,0.5,-1.0,SL,18304
1786438140000,TRAIN,0.25,0.5,-1.0,SL,0
1786438500000,TRAIN,0.25,0.5,-1.0,SL,0
1786440810000,TRAIN,0.25,0.5,-1.0,SL,3147
1786451070000,TRAIN,0.25,0.5,-1.0,SL,2852
1786454340000,TRAIN,0.25,0.5,-1.0,SL,450
1786463010000,TRAIN,0.25,0.5,-1.0,SL,5106
1786471950000,TRAIN,0.25,0.5,-1.0,SL,54601
1786493160000,TRAIN,0.25,0.5,-1.0,SL,0
1786504530000,TRAIN,0.25,0.5,-1.0,SL,0
1786526850000,TRAIN,0.25,0.5,-1.0,SL,3750
1786550940000,TRAIN,0.25,0.5,-1.0,SL,19646
1786553460000,TRAIN,0.25,0.5,-1.0,SL,1951
1786553820000,TRAIN,0.25,0.5,2.0,TP,24604
1786581240000,TRAIN,0.25,0.5,-1.0,SL,2553
1786587240000,TRAIN,0.25,0.5,-1.0,SL,4949
1786593510000,TRAIN,0.25,0.5,-1.0,SL,0
1786624980000,TRAIN,0.25,0.5,-1.0,SL,176249
1786632990000,TRAIN,0.25,0.5,-1.0,SL,445
1786633320000,TRAIN,0.25,0.5,-1.0,SL,148
1786653840000,TRAIN,0.25,0.5,-1.0,SL,0
1786670520000,TRAIN,0.25,0.5,2.0,TP,6743
1786687980000,TRAIN,0.25,0.5,-1.0,SL,150
1786693650000,TRAIN,0.25,0.5,-1.0,SL,0
1786952010000,TRAIN,0.25,0.5,-1.0,SL,753
1786953810000,TRAIN,0.25,0.5,-1.0,SL,0
1786961190000,TRAIN,0.25,0.5,-1.0,SL,0
1786974090000,TRAIN,0.25,0.5,-1.0,SL,1350
1787014200000,TRAIN,0.25,0.5,-1.0,SL,0
1787023770000,TRAIN,0.25,0.5,-1.0,SL,0
1787047590000,TRAIN,0.25,0.5,-1.0,SL,0
1787049660000,TRAIN,0.25,0.5,-1.0,SL,0
1787066490000,TRAIN,0.25,0.5,-1.0,SL,20711
1787082420000,TRAIN,0.25,0.5,-1.0,SL,149
1787084850000,TRAIN,0.25,0.5,2.0,TP,91204
1787098590000,TRAIN,0.25,0.5,2.0,TP,119399
1787104830000,TRAIN,0.25,0.5,-1.0,SL,451
1787117580000,TRAIN,0.25,0.5,-1.0,SL,598
1787140380000,TRAIN,0.25,0.5,-1.0,SL,0
1787141130000,TRAIN,0.25,0.5,-1.0,SL,0
1787143260000,TRAIN,0.25,0.5,2.0,TP,10950
1787149170000,TRAIN,0.25,0.5,-1.0,SL,2400
1787170380000,TRAIN,0.25,0.5,-1.0,SL,0
1787184990000,VALID,0.25,0.5,-1.0,SL,3000
1787199990000,VALID,0.25,0.5,-1.0,SL,0
1787220390000,VALID,0.25,0.5,-1.0,SL,147
1787229570000,VALID,0.25,0.5,-1.0,SL,5694
1787232870000,VALID,0.25,0.5,-1.0,SL,2551
1787234520000,VALID,0.25,0.5,-1.0,SL,18600
1787246430000,VALID,0.25,0.5,-1.0,SL,9752
1787267280000,VALID,0.25,0.5,-1.0,SL,0
1787288910000,VALID,0.25,0.5,-1.0,SL,0
1787298090000,VALID,0.25,0.5,-1.0,SL,457
1787312280000,VALID,0.25,0.5,-1.0,SL,753
1787325840000,VALID,0.25,0.5,-1.0,SL,5104
1787339850000,VALID,0.25,0.5,-1.0,SL,0
1787340270000,VALID,0.25,0.5,-1.0,SL,0
1787527200000,VALID,0.25,0.5,-1.0,SL,0
1787534100000,VALID,0.25,0.5,-1.0,SL,2095
1787579790000,VALID,0.25,0.5,-1.0,SL,12603
1787583030000,VALID,0.25,0.5,-1.0,SL,147
1787609970000,VALID,0.25,0.5,-1.0,SL,0
1787630220000,VALID,0.25,0.5,-1.0,SL,0
1787647740000,VALID,0.25,0.5,-1.0,SL,14246
1787660070000,VALID,0.25,0.5,-1.0,SL,34801
1787661450000,VALID,0.25,0.5,-1.0,SL,3446
1787664090000,VALID,0.25,0.5,-1.0,SL,456
1787666490000,VALID,0.25,0.5,-1.0,SL,10801
1787687220000,VALID,0.25,0.5,-1.0,SL,0
1787709300000,VALID,0.25,0.5,2.0,TP,55050
1787723070000,VALID,0.25,0.5,-1.0,SL,4352
1787740170000,VALID,0.25,0.5,-1.0,SL,0
1787749530000,VALID,0.25,0.5,-1.0,SL,18599
1787753850000,VALID,0.25,0.5,-1.0,SL,5101
1787788590000,VALID,0.25,0.5,-1.0,SL,0
1787790000000,VALID,0.25,0.5,-1.0,SL,1953
1787794950000,VALID,0.25,0.5,-1.0,SL,2251
1787798520000,VALID,0.25,0.5,-1.0,SL,4950
1787811390000,VALID,0.25,0.5,-1.0,SL,20695
1787823090000,VALID,0.25,0.5,-1.0,SL,0
1787827440000,VALID,0.25,0.5,-1.0,SL,446
1787834550000,VALID,0.25,0.5,2.0,TP,55053
1787844150000,VALID,0.25,0.5,-1.0,SL,152
1787854650000,VALID,0.25,0.5,-1.0,SL,5250
1787883540000,VALID,0.25,0.5,-1.0,SL,0
1787917320000,VALID,0.25,0.5,-1.0,SL,0
1787924280000,VALID,0.25,0.5,-1.0,SL,1201
1787925720000,VALID,0.25,0.5,2.0,TP,5257
1787934900000,VALID,0.25,0.5,2.0,TP,56398
1788141930000,VALID,0.25,0.5,-1.0,SL,3002
1788144150000,VALID,0.25,0.5,2.0,TP,33600
1788181080000,VALID,0.25,0.5,-1.0,SL,597
1788221790000,VALID,0.25,0.5,-1.0,SL,77403
1788228720000,VALID,0.25,0.5,-1.0,SL,2844
1788230910000,VALID,0.25,0.5,-1.0,SL,903
1788258720000,VALID,0.25,0.5,-1.0,SL,0
1788262410000,VALID,0.25,0.5,-1.0,SL,35548
1788271980000,VALID,0.25,0.5,2.0,TP,67950
1788277740000,VALID,0.25,0.5,-1.0,SL,148
1788303150000,VALID,0.25,0.5,-1.0,SL,0
1788321570000,VALID,0.25,0.5,-1.0,SL,7952
1788333960000,VALID,0.25,0.5,-1.0,SL,14402
1788353280000,VALID,0.25,0.5,-1.0,SL,48599
1788356520000,VALID,0.25,0.5,-1.0,SL,1794
1788377820000,VALID,0.25,0.5,-1.0,SL,0
1788409740000,VALID,0.25,0.5,-1.0,SL,0
1788416880000,VALID,0.25,0.5,2.0,TP,19045
1788417360000,VALID,0.25,0.5,-1.0,SL,1348
1788439920000,VALID,0.25,0.5,2.0,TP,15596
1788460260000,VALID,0.25,0.5,-1.0,SL,0
1788461400000,VALID,0.25,0.5,-1.0,SL,0
1788486750000,VALID,0.25,0.5,-1.0,SL,449
1788488160000,VALID,0.25,0.5,-1.0,SL,0
1788491310000,VALID,0.25,0.5,-1.0,SL,0
1788518280000,VALID,0.25,0.5,2.0,TP,15898
1788535440000,VALID,0.25,0.5,-1.0,SL,20547
1788551280000,VALID,0.25,0.5,-1.0,SL,0
1788767580000,POST_CHECK,0.25,0.5,-1.0,SL,147
1788796560000,POST_CHECK,0.25,0.5,-1.0,SL,0
1788852930000,POST_CHECK,0.25,0.5,-1.0,SL,587
1788853320000,POST_CHECK,0.25,0.5,2.0,TP,11548
1788855180000,POST_CHECK,0.25,0.5,-1.0,SL,3900
1788864030000,POST_CHECK,0.25,0.5,-1.0,SL,0
1788865590000,POST_CHECK,0.25,0.5,-1.0,SL,0
1788872040000,POST_CHECK,0.25,0.5,-1.0,SL,16048
1788873690000,POST_CHECK,0.25,0.5,-1.0,SL,3146
1788891840000,POST_CHECK,0.25,0.5,-1.0,SL,0
1788893880000,POST_CHECK,0.25,0.5,-1.0,SL,19799
1788894780000,POST_CHECK,0.25,0.5,-1.0,SL,11699
1788912420000,POST_CHECK,0.25,0.5,-1.0,SL,3302
1788921270000,POST_CHECK,0.25,0.5,-1.0,SL,0
1788927510000,POST_CHECK,0.25,0.5,-1.0,SL,0
1788928650000,POST_CHECK,0.25,0.5,-1.0,SL,0
1788936060000,POST_CHECK,0.25,0.5,-1.0,SL,1801
1788946920000,POST_CHECK,0.25,0.5,-1.0,SL,0
1788947610000,POST_CHECK,0.25,0.5,-1.0,SL,0
1788948900000,POST_CHECK,0.25,0.5,-1.0,SL,0
1788999030000,POST_CHECK,0.25,0.5,-1.0,SL,0
1789004220000,POST_CHECK,0.25,0.5,-1.0,SL,32248
1789006830000,POST_CHECK,0.25,0.5,-1.0,SL,9904
1789007910000,POST_CHECK,0.25,0.5,-1.0,SL,4202
1789019610000,POST_CHECK,0.25,0.5,-1.0,SL,1046
1789031820000,POST_CHECK,0.25,0.5,-1.0,SL,9899
1789047570000,POST_CHECK,0.25,0.5,-1.0,SL,61050
1789053690000,POST_CHECK,0.25,0.5,-1.0,SL,12148
1789088850000,POST_CHECK,0.25,0.5,-1.0,SL,5700
1789089270000,POST_CHECK,0.25,0.5,-1.0,SL,2697
1789102410000,POST_CHECK,0.25,0.5,-1.0,SL,2997
1789120140000,POST_CHECK,0.25,0.5,-1.0,SL,0
1789142100000,POST_CHECK,0.25,0.5,-1.0,SL,1803
1789347690000,POST_CHECK,0.25,0.5,-1.0,SL,145
1789383480000,POST_CHECK,0.25,0.5,-1.0,SL,0
1789388280000,POST_CHECK,0.25,0.5,-1.0,SL,14250
1789394400000,POST_CHECK,0.25,0.5,-1.0,SL,4200
1789394850000,POST_CHECK,0.25,0.5,-1.0,SL,8249
1789396470000,POST_CHECK,0.25,0.5,-1.0,SL,4049
1789403580000,POST_CHECK,0.25,0.5,-1.0,SL,300
1789411020000,POST_CHECK,0.25,0.5,-1.0,SL,0
1789428060000,POST_CHECK,0.25,0.5,-1.0,SL,0
1789445400000,POST_CHECK,0.25,0.5,-1.0,SL,0
1789458150000,POST_CHECK,0.25,0.5,-1.0,SL,0
1789468860000,POST_CHECK,0.25,0.5,-1.0,SL,0
1786060200000,TRAIN,0.25,0.75,-1.0,SL,0
1786061580000,TRAIN,0.25,0.75,-1.0,SL,0
1786072020000,TRAIN,0.25,0.75,-1.0,SL,602
1786096110000,TRAIN,0.25,0.75,-1.0,SL,147
1786105620000,TRAIN,0.25,0.75,3.0,TP,85500
1786332630000,TRAIN,0.25,0.75,-1.0,SL,0
1786340220000,TRAIN,0.25,0.75,-1.0,SL,150
1786341540000,TRAIN,0.25,0.75,-1.0,SL,4953
1786352040000,TRAIN,0.25,0.75,-1.0,SL,0
1786358100000,TRAIN,0.25,0.75,-1.0,SL,0
1786381140000,TRAIN,0.25,0.75,-1.0,SL,0
1786430640000,TRAIN,0.25,0.75,-1.0,SL,18304
1786438140000,TRAIN,0.25,0.75,-1.0,SL,0
1786438500000,TRAIN,0.25,0.75,-1.0,SL,0
1786440810000,TRAIN,0.25,0.75,-1.0,SL,3147
1786451070000,TRAIN,0.25,0.75,-1.0,SL,2852
1786454340000,TRAIN,0.25,0.75,-1.0,SL,450
1786463010000,TRAIN,0.25,0.75,-1.0,SL,5106
1786471950000,TRAIN,0.25,0.75,-1.0,SL,54601
1786493160000,TRAIN,0.25,0.75,-1.0,SL,0
1786504530000,TRAIN,0.25,0.75,-1.0,SL,0
1786526850000,TRAIN,0.25,0.75,-1.0,SL,3750
1786550940000,TRAIN,0.25,0.75,-1.0,SL,19646
1786553460000,TRAIN,0.25,0.75,-1.0,SL,1951
1786553820000,TRAIN,0.25,0.75,3.0,TP,97955
1786581240000,TRAIN,0.25,0.75,-1.0,SL,2553
1786587240000,TRAIN,0.25,0.75,-1.0,SL,4949
1786593510000,TRAIN,0.25,0.75,-1.0,SL,0
1786624980000,TRAIN,0.25,0.75,-1.0,SL,176249
1786632990000,TRAIN,0.25,0.75,-1.0,SL,445
1786633320000,TRAIN,0.25,0.75,-1.0,SL,148
1786653840000,TRAIN,0.25,0.75,-1.0,SL,0
1786670520000,TRAIN,0.25,0.75,3.0,TP,20698
1786687980000,TRAIN,0.25,0.75,-1.0,SL,150
1786693650000,TRAIN,0.25,0.75,-1.0,SL,0
1786952010000,TRAIN,0.25,0.75,-1.0,SL,753
1786953810000,TRAIN,0.25,0.75,-1.0,SL,0
1786961190000,TRAIN,0.25,0.75,-1.0,SL,0
1786974090000,TRAIN,0.25,0.75,-1.0,SL,1350
1787014200000,TRAIN,0.25,0.75,-1.0,SL,0
1787023770000,TRAIN,0.25,0.75,-1.0,SL,0
1787047590000,TRAIN,0.25,0.75,-1.0,SL,0
1787049660000,TRAIN,0.25,0.75,-1.0,SL,0
1787066490000,TRAIN,0.25,0.75,-1.0,SL,20711
1787082420000,TRAIN,0.25,0.75,-1.0,SL,149
1787084850000,TRAIN,0.25,0.75,3.0,TP,96004
1787098590000,TRAIN,0.25,0.75,-1.0,SL,191700
1787104830000,TRAIN,0.25,0.75,-1.0,SL,451
1787117580000,TRAIN,0.25,0.75,-1.0,SL,598
1787140380000,TRAIN,0.25,0.75,-1.0,SL,0
1787141130000,TRAIN,0.25,0.75,-1.0,SL,0
1787143260000,TRAIN,0.25,0.75,-1.0,SL,27300
1787149170000,TRAIN,0.25,0.75,-1.0,SL,2400
1787170380000,TRAIN,0.25,0.75,-1.0,SL,0
1787184990000,VALID,0.25,0.75,-1.0,SL,3000
1787199990000,VALID,0.25,0.75,-1.0,SL,0
1787220390000,VALID,0.25,0.75,-1.0,SL,147
1787229570000,VALID,0.25,0.75,-1.0,SL,5694
1787232870000,VALID,0.25,0.75,-1.0,SL,2551
1787234520000,VALID,0.25,0.75,-1.0,SL,18600
1787246430000,VALID,0.25,0.75,-1.0,SL,9752
1787267280000,VALID,0.25,0.75,-1.0,SL,0
1787288910000,VALID,0.25,0.75,-1.0,SL,0
1787298090000,VALID,0.25,0.75,-1.0,SL,457
1787312280000,VALID,0.25,0.75,-1.0,SL,753
1787325840000,VALID,0.25,0.75,-1.0,SL,5104
1787339850000,VALID,0.25,0.75,-1.0,SL,0
1787340270000,VALID,0.25,0.75,-1.0,SL,0
1787527200000,VALID,0.25,0.75,-1.0,SL,0
1787534100000,VALID,0.25,0.75,-1.0,SL,2095
1787579790000,VALID,0.25,0.75,-1.0,SL,12603
1787583030000,VALID,0.25,0.75,-1.0,SL,147
1787609970000,VALID,0.25,0.75,-1.0,SL,0
1787630220000,VALID,0.25,0.75,-1.0,SL,0
1787647740000,VALID,0.25,0.75,-1.0,SL,14246
1787660070000,VALID,0.25,0.75,-1.0,SL,34801
1787661450000,VALID,0.25,0.75,-1.0,SL,3446
1787664090000,VALID,0.25,0.75,-1.0,SL,456
1787666490000,VALID,0.25,0.75,-1.0,SL,10801
1787687220000,VALID,0.25,0.75,-1.0,SL,0
1787709300000,VALID,0.25,0.75,3.0,TP,83999
1787723070000,VALID,0.25,0.75,-1.0,SL,4352
1787740170000,VALID,0.25,0.75,-1.0,SL,0
1787749530000,VALID,0.25,0.75,-1.0,SL,18599
1787753850000,VALID,0.25,0.75,-1.0,SL,5101
1787788590000,VALID,0.25,0.75,-1.0,SL,0
1787790000000,VALID,0.25,0.75,-1.0,SL,1953
1787794950000,VALID,0.25,0.75,-1.0,SL,2251
1787798520000,VALID,0.25,0.75,-1.0,SL,4950
1787811390000,VALID,0.25,0.75,-1.0,SL,20695
1787823090000,VALID,0.25,0.75,-1.0,SL,0
1787827440000,VALID,0.25,0.75,-1.0,SL,446
1787834550000,VALID,0.25,0.75,3.0,TP,162452
1787844150000,VALID,0.25,0.75,-1.0,SL,152
1787854650000,VALID,0.25,0.75,-1.0,SL,5250
1787883540000,VALID,0.25,0.75,-1.0,SL,0
1787917320000,VALID,0.25,0.75,-1.0,SL,0
1787924280000,VALID,0.25,0.75,-1.0,SL,1201
1787925720000,VALID,0.25,0.75,-1.0,SL,16502
1787934900000,VALID,0.25,0.75,3.0,TP,101694
1788141930000,VALID,0.25,0.75,-1.0,SL,3002
1788144150000,VALID,0.25,0.75,3.0,TP,36754
1788181080000,VALID,0.25,0.75,-1.0,SL,597
1788221790000,VALID,0.25,0.75,-1.0,SL,77403
1788228720000,VALID,0.25,0.75,-1.0,SL,2844
1788230910000,VALID,0.25,0.75,-1.0,SL,903
1788258720000,VALID,0.25,0.75,-1.0,SL,0
1788262410000,VALID,0.25,0.75,-1.0,SL,35548
1788271980000,VALID,0.25,0.75,3.0,TP,72606
1788277740000,VALID,0.25,0.75,-1.0,SL,148
1788303150000,VALID,0.25,0.75,-1.0,SL,0
1788321570000,VALID,0.25,0.75,-1.0,SL,7952
1788333960000,VALID,0.25,0.75,-1.0,SL,14402
1788353280000,VALID,0.25,0.75,-1.0,SL,48599
1788356520000,VALID,0.25,0.75,-1.0,SL,1794
1788377820000,VALID,0.25,0.75,-1.0,SL,0
1788409740000,VALID,0.25,0.75,-1.0,SL,0
1788416880000,VALID,0.25,0.75,3.0,TP,51298
1788417360000,VALID,0.25,0.75,-1.0,SL,1348
1788439920000,VALID,0.25,0.75,3.0,TP,44398
1788460260000,VALID,0.25,0.75,-1.0,SL,0
1788461400000,VALID,0.25,0.75,-1.0,SL,0
1788486750000,VALID,0.25,0.75,-1.0,SL,449
1788488160000,VALID,0.25,0.75,-1.0,SL,0
1788491310000,VALID,0.25,0.75,-1.0,SL,0
1788518280000,VALID,0.25,0.75,-1.0,SL,66448
1788535440000,VALID,0.25,0.75,-1.0,SL,20547
1788551280000,VALID,0.25,0.75,-1.0,SL,0
1788767580000,POST_CHECK,0.25,0.75,-1.0,SL,147
1788796560000,POST_CHECK,0.25,0.75,-1.0,SL,0
1788852930000,POST_CHECK,0.25,0.75,-1.0,SL,587
1788853320000,POST_CHECK,0.25,0.75,3.0,TP,13496
1788855180000,POST_CHECK,0.25,0.75,-1.0,SL,3900
1788864030000,POST_CHECK,0.25,0.75,-1.0,SL,0
1788865590000,POST_CHECK,0.25,0.75,-1.0,SL,0
1788872040000,POST_CHECK,0.25,0.75,-1.0,SL,16048
1788873690000,POST_CHECK,0.25,0.75,-1.0,SL,3146
1788891840000,POST_CHECK,0.25,0.75,-1.0,SL,0
1788893880000,POST_CHECK,0.25,0.75,-1.0,SL,19799
1788894780000,POST_CHECK,0.25,0.75,-1.0,SL,11699
1788912420000,POST_CHECK,0.25,0.75,-1.0,SL,3302
1788921270000,POST_CHECK,0.25,0.75,-1.0,SL,0
1788927510000,POST_CHECK,0.25,0.75,-1.0,SL,0
1788928650000,POST_CHECK,0.25,0.75,-1.0,SL,0
1788936060000,POST_CHECK,0.25,0.75,-1.0,SL,1801
1788946920000,POST_CHECK,0.25,0.75,-1.0,SL,0
1788947610000,POST_CHECK,0.25,0.75,-1.0,SL,0
1788948900000,POST_CHECK,0.25,0.75,-1.0,SL,0
1788999030000,POST_CHECK,0.25,0.75,-1.0,SL,0
1789004220000,POST_CHECK,0.25,0.75,-1.0,SL,32248
1789006830000,POST_CHECK,0.25,0.75,-1.0,SL,9904
1789007910000,POST_CHECK,0.25,0.75,-1.0,SL,4202
1789019610000,POST_CHECK,0.25,0.75,-1.0,SL,1046
1789031820000,POST_CHECK,0.25,0.75,-1.0,SL,9899
1789047570000,POST_CHECK,0.25,0.75,-1.0,SL,61050
1789053690000,POST_CHECK,0.25,0.75,-1.0,SL,12148
1789088850000,POST_CHECK,0.25,0.75,-1.0,SL,5700
1789089270000,POST_CHECK,0.25,0.75,-1.0,SL,2697
1789102410000,POST_CHECK,0.25,0.75,-1.0,SL,2997
1789120140000,POST_CHECK,0.25,0.75,-1.0,SL,0
1789142100000,POST_CHECK,0.25,0.75,-1.0,SL,1803
1789347690000,POST_CHECK,0.25,0.75,-1.0,SL,145
1789383480000,POST_CHECK,0.25,0.75,-1.0,SL,0
1789388280000,POST_CHECK,0.25,0.75,-1.0,SL,14250
1789394400000,POST_CHECK,0.25,0.75,-1.0,SL,4200
1789394850000,POST_CHECK,0.25,0.75,-1.0,SL,8249
1789396470000,POST_CHECK,0.25,0.75,-1.0,SL,4049
1789403580000,POST_CHECK,0.25,0.75,-1.0,SL,300
1789411020000,POST_CHECK,0.25,0.75,-1.0,SL,0
1789428060000,POST_CHECK,0.25,0.75,-1.0,SL,0
1789445400000,POST_CHECK,0.25,0.75,-1.0,SL,0
1789458150000,POST_CHECK,0.25,0.75,-1.0,SL,0
1789468860000,POST_CHECK,0.25,0.75,-1.0,SL,0
1786060200000,TRAIN,0.25,1.0,-1.0,SL,0
1786061580000,TRAIN,0.25,1.0,-1.0,SL,0
1786072020000,TRAIN,0.25,1.0,-1.0,SL,602
1786096110000,TRAIN,0.25,1.0,-1.0,SL,147
1786105620000,TRAIN,0.25,1.0,4.0,TP,85648
1786332630000,TRAIN,0.25,1.0,-1.0,SL,0
1786340220000,TRAIN,0.25,1.0,-1.0,SL,150
1786341540000,TRAIN,0.25,1.0,-1.0,SL,4953
1786352040000,TRAIN,0.25,1.0,-1.0,SL,0
1786358100000,TRAIN,0.25,1.0,-1.0,SL,0
1786381140000,TRAIN,0.25,1.0,-1.0,SL,0
1786430640000,TRAIN,0.25,1.0,-1.0,SL,18304
1786438140000,TRAIN,0.25,1.0,-1.0,SL,0
1786438500000,TRAIN,0.25,1.0,-1.0,SL,0
1786440810000,TRAIN,0.25,1.0,-1.0,SL,3147
1786451070000,TRAIN,0.25,1.0,-1.0,SL,2852
1786454340000,TRAIN,0.25,1.0,-1.0,SL,450
1786463010000,TRAIN,0.25,1.0,-1.0,SL,5106
1786471950000,TRAIN,0.25,1.0,-1.0,SL,54601
1786493160000,TRAIN,0.25,1.0,-1.0,SL,0
1786504530000,TRAIN,0.25,1.0,-1.0,SL,0
1786526850000,TRAIN,0.25,1.0,-1.0,SL,3750
1786550940000,TRAIN,0.25,1.0,-1.0,SL,19646
1786553460000,TRAIN,0.25,1.0,-1.0,SL,1951
1786553820000,TRAIN,0.25,1.0,4.0,TP,120454
1786581240000,TRAIN,0.25,1.0,-1.0,SL,2553
1786587240000,TRAIN,0.25,1.0,-1.0,SL,4949
1786593510000,TRAIN,0.25,1.0,-1.0,SL,0
1786624980000,TRAIN,0.25,1.0,-1.0,SL,176249
1786632990000,TRAIN,0.25,1.0,-1.0,SL,445
1786633320000,TRAIN,0.25,1.0,-1.0,SL,148
1786653840000,TRAIN,0.25,1.0,-1.0,SL,0
1786670520000,TRAIN,0.25,1.0,4.0,TP,83248
1786687980000,TRAIN,0.25,1.0,-1.0,SL,150
1786693650000,TRAIN,0.25,1.0,-1.0,SL,0
1786952010000,TRAIN,0.25,1.0,-1.0,SL,753
1786953810000,TRAIN,0.25,1.0,-1.0,SL,0
1786961190000,TRAIN,0.25,1.0,-1.0,SL,0
1786974090000,TRAIN,0.25,1.0,-1.0,SL,1350
1787014200000,TRAIN,0.25,1.0,-1.0,SL,0
1787023770000,TRAIN,0.25,1.0,-1.0,SL,0
1787047590000,TRAIN,0.25,1.0,-1.0,SL,0
1787049660000,TRAIN,0.25,1.0,-1.0,SL,0
1787066490000,TRAIN,0.25,1.0,-1.0,SL,20711
1787082420000,TRAIN,0.25,1.0,-1.0,SL,149
1787084850000,TRAIN,0.25,1.0,-1.0,SL,198754
1787098590000,TRAIN,0.25,1.0,-1.0,SL,191700
1787104830000,TRAIN,0.25,1.0,-1.0,SL,451
1787117580000,TRAIN,0.25,1.0,-1.0,SL,598
1787140380000,TRAIN,0.25,1.0,-1.0,SL,0
1787141130000,TRAIN,0.25,1.0,-1.0,SL,0
1787143260000,TRAIN,0.25,1.0,-1.0,SL,27300
1787149170000,TRAIN,0.25,1.0,-1.0,SL,2400
1787170380000,TRAIN,0.25,1.0,-1.0,SL,0
1787184990000,VALID,0.25,1.0,-1.0,SL,3000
1787199990000,VALID,0.25,1.0,-1.0,SL,0
1787220390000,VALID,0.25,1.0,-1.0,SL,147
1787229570000,VALID,0.25,1.0,-1.0,SL,5694
1787232870000,VALID,0.25,1.0,-1.0,SL,2551
1787234520000,VALID,0.25,1.0,-1.0,SL,18600
1787246430000,VALID,0.25,1.0,-1.0,SL,9752
1787267280000,VALID,0.25,1.0,-1.0,SL,0
1787288910000,VALID,0.25,1.0,-1.0,SL,0
1787298090000,VALID,0.25,1.0,-1.0,SL,457
1787312280000,VALID,0.25,1.0,-1.0,SL,753
1787325840000,VALID,0.25,1.0,-1.0,SL,5104
1787339850000,VALID,0.25,1.0,-1.0,SL,0
1787340270000,VALID,0.25,1.0,-1.0,SL,0
1787527200000,VALID,0.25,1.0,-1.0,SL,0
1787534100000,VALID,0.25,1.0,-1.0,SL,2095
1787579790000,VALID,0.25,1.0,-1.0,SL,12603
1787583030000,VALID,0.25,1.0,-1.0,SL,147
1787609970000,VALID,0.25,1.0,-1.0,SL,0
1787630220000,VALID,0.25,1.0,-1.0,SL,0
1787647740000,VALID,0.25,1.0,-1.0,SL,14246
1787660070000,VALID,0.25,1.0,-1.0,SL,34801
1787661450000,VALID,0.25,1.0,-1.0,SL,3446
1787664090000,VALID,0.25,1.0,-1.0,SL,456
1787666490000,VALID,0.25,1.0,-1.0,SL,10801
1787687220000,VALID,0.25,1.0,-1.0,SL,0
1787709300000,VALID,0.25,1.0,4.0,TP,108599
1787723070000,VALID,0.25,1.0,-1.0,SL,4352
1787740170000,VALID,0.25,1.0,-1.0,SL,0
1787749530000,VALID,0.25,1.0,-1.0,SL,18599
1787753850000,VALID,0.25,1.0,-1.0,SL,5101
1787788590000,VALID,0.25,1.0,-1.0,SL,0
1787790000000,VALID,0.25,1.0,-1.0,SL,1953
1787794950000,VALID,0.25,1.0,-1.0,SL,2251
1787798520000,VALID,0.25,1.0,-1.0,SL,4950
1787811390000,VALID,0.25,1.0,-1.0,SL,20695
1787823090000,VALID,0.25,1.0,-1.0,SL,0
1787827440000,VALID,0.25,1.0,-1.0,SL,446
1787834550000,VALID,0.25,1.0,4.0,TP,163504
1787844150000,VALID,0.25,1.0,-1.0,SL,152
1787854650000,VALID,0.25,1.0,-1.0,SL,5250
1787883540000,VALID,0.25,1.0,-1.0,SL,0
1787917320000,VALID,0.25,1.0,-1.0,SL,0
1787924280000,VALID,0.25,1.0,-1.0,SL,1201
1787925720000,VALID,0.25,1.0,-1.0,SL,16502
1787934900000,VALID,0.25,1.0,4.0,TP,103945
1788141930000,VALID,0.25,1.0,-1.0,SL,3002
1788144150000,VALID,0.25,1.0,4.0,TP,69307
1788181080000,VALID,0.25,1.0,-1.0,SL,597
1788221790000,VALID,0.25,1.0,-1.0,SL,77403
1788228720000,VALID,0.25,1.0,-1.0,SL,2844
1788230910000,VALID,0.25,1.0,-1.0,SL,903
1788258720000,VALID,0.25,1.0,-1.0,SL,0
1788262410000,VALID,0.25,1.0,-1.0,SL,35548
1788271980000,VALID,0.25,1.0,4.0,TP,101556
1788277740000,VALID,0.25,1.0,-1.0,SL,148
1788303150000,VALID,0.25,1.0,-1.0,SL,0
1788321570000,VALID,0.25,1.0,-1.0,SL,7952
1788333960000,VALID,0.25,1.0,-1.0,SL,14402
1788353280000,VALID,0.25,1.0,-1.0,SL,48599
1788356520000,VALID,0.25,1.0,-1.0,SL,1794
1788377820000,VALID,0.25,1.0,-1.0,SL,0
1788409740000,VALID,0.25,1.0,-1.0,SL,0
1788416880000,VALID,0.25,1.0,4.0,TP,56245
1788417360000,VALID,0.25,1.0,-1.0,SL,1348
1788439920000,VALID,0.25,1.0,4.0,TP,57447
1788460260000,VALID,0.25,1.0,-1.0,SL,0
1788461400000,VALID,0.25,1.0,-1.0,SL,0
1788486750000,VALID,0.25,1.0,-1.0,SL,449
1788488160000,VALID,0.25,1.0,-1.0,SL,0
1788491310000,VALID,0.25,1.0,-1.0,SL,0
1788518280000,VALID,0.25,1.0,-1.0,SL,66448
1788535440000,VALID,0.25,1.0,-1.0,SL,20547
1788551280000,VALID,0.25,1.0,-1.0,SL,0
1788767580000,POST_CHECK,0.25,1.0,-1.0,SL,147
1788796560000,POST_CHECK,0.25,1.0,-1.0,SL,0
1788852930000,POST_CHECK,0.25,1.0,-1.0,SL,587
1788853320000,POST_CHECK,0.25,1.0,4.0,TP,26250
1788855180000,POST_CHECK,0.25,1.0,-1.0,SL,3900
1788864030000,POST_CHECK,0.25,1.0,-1.0,SL,0
1788865590000,POST_CHECK,0.25,1.0,-1.0,SL,0
1788872040000,POST_CHECK,0.25,1.0,-1.0,SL,16048
1788873690000,POST_CHECK,0.25,1.0,-1.0,SL,3146
1788891840000,POST_CHECK,0.25,1.0,-1.0,SL,0
1788893880000,POST_CHECK,0.25,1.0,-1.0,SL,19799
1788894780000,POST_CHECK,0.25,1.0,-1.0,SL,11699
1788912420000,POST_CHECK,0.25,1.0,-1.0,SL,3302
1788921270000,POST_CHECK,0.25,1.0,-1.0,SL,0
1788927510000,POST_CHECK,0.25,1.0,-1.0,SL,0
1788928650000,POST_CHECK,0.25,1.0,-1.0,SL,0
1788936060000,POST_CHECK,0.25,1.0,-1.0,SL,1801
1788946920000,POST_CHECK,0.25,1.0,-1.0,SL,0
1788947610000,POST_CHECK,0.25,1.0,-1.0,SL,0
1788948900000,POST_CHECK,0.25,1.0,-1.0,SL,0
1788999030000,POST_CHECK,0.25,1.0,-1.0,SL,0
1789004220000,POST_CHECK,0.25,1.0,-1.0,SL,32248
1789006830000,POST_CHECK,0.25,1.0,-1.0,SL,9904
1789007910000,POST_CHECK,0.25,1.0,-1.0,SL,4202
1789019610000,POST_CHECK,0.25,1.0,-1.0,SL,1046
1789031820000,POST_CHECK,0.25,1.0,-1.0,SL,9899
1789047570000,POST_CHECK,0.25,1.0,-1.0,SL,61050
1789053690000,POST_CHECK,0.25,1.0,-1.0,SL,12148
1789088850000,POST_CHECK,0.25,1.0,-1.0,SL,5700
1789089270000,POST_CHECK,0.25,1.0,-1.0,SL,2697
1789102410000,POST_CHECK,0.25,1.0,-1.0,SL,2997
1789120140000,POST_CHECK,0.25,1.0,-1.0,SL,0
1789142100000,POST_CHECK,0.25,1.0,-1.0,SL,1803
1789347690000,POST_CHECK,0.25,1.0,-1.0,SL,145
1789383480000,POST_CHECK,0.25,1.0,-1.0,SL,0
1789388280000,POST_CHECK,0.25,1.0,-1.0,SL,14250
1789394400000,POST_CHECK,0.25,1.0,-1.0,SL,4200
1789394850000,POST_CHECK,0.25,1.0,-1.0,SL,8249
1789396470000,POST_CHECK,0.25,1.0,-1.0,SL,4049
1789403580000,POST_CHECK,0.25,1.0,-1.0,SL,300
1789411020000,POST_CHECK,0.25,1.0,-1.0,SL,0
1789428060000,POST_CHECK,0.25,1.0,-1.0,SL,0
1789445400000,POST_CHECK,0.25,1.0,-1.0,SL,0
1789458150000,POST_CHECK,0.25,1.0,-1.0,SL,0
1789468860000,POST_CHECK,0.25,1.0,-1.0,SL,0
1786060200000,TRAIN,0.25,1.25,-1.0,SL,0
1786061580000,TRAIN,0.25,1.25,-1.0,SL,0
1786072020000,TRAIN,0.25,1.25,-1.0,SL,602
1786096110000,TRAIN,0.25,1.25,-1.0,SL,147
1786105620000,TRAIN,0.25,1.25,5.0,TP,96149
1786332630000,TRAIN,0.25,1.25,-1.0,SL,0
1786340220000,TRAIN,0.25,1.25,-1.0,SL,150
1786341540000,TRAIN,0.25,1.25,-1.0,SL,4953
1786352040000,TRAIN,0.25,1.25,-1.0,SL,0
1786358100000,TRAIN,0.25,1.25,-1.0,SL,0
1786381140000,TRAIN,0.25,1.25,-1.0,SL,0
1786430640000,TRAIN,0.25,1.25,-1.0,SL,18304
1786438140000,TRAIN,0.25,1.25,-1.0,SL,0
1786438500000,TRAIN,0.25,1.25,-1.0,SL,0
1786440810000,TRAIN,0.25,1.25,-1.0,SL,3147
1786451070000,TRAIN,0.25,1.25,-1.0,SL,2852
1786454340000,TRAIN,0.25,1.25,-1.0,SL,450
1786463010000,TRAIN,0.25,1.25,-1.0,SL,5106
1786471950000,TRAIN,0.25,1.25,-1.0,SL,54601
1786493160000,TRAIN,0.25,1.25,-1.0,SL,0
1786504530000,TRAIN,0.25,1.25,-1.0,SL,0
1786526850000,TRAIN,0.25,1.25,-1.0,SL,3750
1786550940000,TRAIN,0.25,1.25,-1.0,SL,19646
1786553460000,TRAIN,0.25,1.25,-1.0,SL,1951
1786553820000,TRAIN,0.25,1.25,5.0,TP,127955
1786581240000,TRAIN,0.25,1.25,-1.0,SL,2553
1786587240000,TRAIN,0.25,1.25,-1.0,SL,4949
1786593510000,TRAIN,0.25,1.25,-1.0,SL,0
1786624980000,TRAIN,0.25,1.25,-1.0,SL,176249
1786632990000,TRAIN,0.25,1.25,-1.0,SL,445
1786633320000,TRAIN,0.25,1.25,-1.0,SL,148
1786653840000,TRAIN,0.25,1.25,-1.0,SL,0
1786670520000,TRAIN,0.25,1.25,5.0,TP,99298
1786687980000,TRAIN,0.25,1.25,-1.0,SL,150
1786693650000,TRAIN,0.25,1.25,-1.0,SL,0
1786952010000,TRAIN,0.25,1.25,-1.0,SL,753
1786953810000,TRAIN,0.25,1.25,-1.0,SL,0
1786961190000,TRAIN,0.25,1.25,-1.0,SL,0
1786974090000,TRAIN,0.25,1.25,-1.0,SL,1350
1787014200000,TRAIN,0.25,1.25,-1.0,SL,0
1787023770000,TRAIN,0.25,1.25,-1.0,SL,0
1787047590000,TRAIN,0.25,1.25,-1.0,SL,0
1787049660000,TRAIN,0.25,1.25,-1.0,SL,0
1787066490000,TRAIN,0.25,1.25,-1.0,SL,20711
1787082420000,TRAIN,0.25,1.25,-1.0,SL,149
1787084850000,TRAIN,0.25,1.25,-1.0,SL,198754
1787098590000,TRAIN,0.25,1.25,-1.0,SL,191700
1787104830000,TRAIN,0.25,1.25,-1.0,SL,451
1787117580000,TRAIN,0.25,1.25,-1.0,SL,598
1787140380000,TRAIN,0.25,1.25,-1.0,SL,0
1787141130000,TRAIN,0.25,1.25,-1.0,SL,0
1787143260000,TRAIN,0.25,1.25,-1.0,SL,27300
1787149170000,TRAIN,0.25,1.25,-1.0,SL,2400
1787170380000,TRAIN,0.25,1.25,-1.0,SL,0
1787184990000,VALID,0.25,1.25,-1.0,SL,3000
1787199990000,VALID,0.25,1.25,-1.0,SL,0
1787220390000,VALID,0.25,1.25,-1.0,SL,147
1787229570000,VALID,0.25,1.25,-1.0,SL,5694
1787232870000,VALID,0.25,1.25,-1.0,SL,2551
1787234520000,VALID,0.25,1.25,-1.0,SL,18600
1787246430000,VALID,0.25,1.25,-1.0,SL,9752
1787267280000,VALID,0.25,1.25,-1.0,SL,0
1787288910000,VALID,0.25,1.25,-1.0,SL,0
1787298090000,VALID,0.25,1.25,-1.0,SL,457
1787312280000,VALID,0.25,1.25,-1.0,SL,753
1787325840000,VALID,0.25,1.25,-1.0,SL,5104
1787339850000,VALID,0.25,1.25,-1.0,SL,0
1787340270000,VALID,0.25,1.25,-1.0,SL,0
1787527200000,VALID,0.25,1.25,-1.0,SL,0
1787534100000,VALID,0.25,1.25,-1.0,SL,2095
1787579790000,VALID,0.25,1.25,-1.0,SL,12603
1787583030000,VALID,0.25,1.25,-1.0,SL,147
1787609970000,VALID,0.25,1.25,-1.0,SL,0
1787630220000,VALID,0.25,1.25,-1.0,SL,0
1787647740000,VALID,0.25,1.25,-1.0,SL,14246
1787660070000,VALID,0.25,1.25,-1.0,SL,34801
1787661450000,VALID,0.25,1.25,-1.0,SL,3446
1787664090000,VALID,0.25,1.25,-1.0,SL,456
1787666490000,VALID,0.25,1.25,-1.0,SL,10801
1787687220000,VALID,0.25,1.25,-1.0,SL,0
1787709300000,VALID,0.25,1.25,5.0,TP,136650
1787723070000,VALID,0.25,1.25,-1.0,SL,4352
1787740170000,VALID,0.25,1.25,-1.0,SL,0
1787749530000,VALID,0.25,1.25,-1.0,SL,18599
1787753850000,VALID,0.25,1.25,-1.0,SL,5101
1787788590000,VALID,0.25,1.25,-1.0,SL,0
1787790000000,VALID,0.25,1.25,-1.0,SL,1953
1787794950000,VALID,0.25,1.25,-1.0,SL,2251
1787798520000,VALID,0.25,1.25,-1.0,SL,4950
1787811390000,VALID,0.25,1.25,-1.0,SL,20695
1787823090000,VALID,0.25,1.25,-1.0,SL,0
1787827440000,VALID,0.25,1.25,-1.0,SL,446
1787834550000,VALID,0.25,1.25,5.0,TP,204000
1787844150000,VALID,0.25,1.25,-1.0,SL,152
1787854650000,VALID,0.25,1.25,-1.0,SL,5250
1787883540000,VALID,0.25,1.25,-1.0,SL,0
1787917320000,VALID,0.25,1.25,-1.0,SL,0
1787924280000,VALID,0.25,1.25,-1.0,SL,1201
1787925720000,VALID,0.25,1.25,-1.0,SL,16502
1787934900000,VALID,0.25,1.25,5.0,TP,237748
1788141930000,VALID,0.25,1.25,-1.0,SL,3002
1788144150000,VALID,0.25,1.25,0.9751850239442875,TIME,299700
1788181080000,VALID,0.25,1.25,-1.0,SL,597
1788221790000,VALID,0.25,1.25,-1.0,SL,77403
1788228720000,VALID,0.25,1.25,-1.0,SL,2844
1788230910000,VALID,0.25,1.25,-1.0,SL,903
1788258720000,VALID,0.25,1.25,-1.0,SL,0
1788262410000,VALID,0.25,1.25,-1.0,SL,35548
1788271980000,VALID,0.25,1.25,5.0,TP,102303
1788277740000,VALID,0.25,1.25,-1.0,SL,148
1788303150000,VALID,0.25,1.25,-1.0,SL,0
1788321570000,VALID,0.25,1.25,-1.0,SL,7952
1788333960000,VALID,0.25,1.25,-1.0,SL,14402
1788353280000,VALID,0.25,1.25,-1.0,SL,48599
1788356520000,VALID,0.25,1.25,-1.0,SL,1794
1788377820000,VALID,0.25,1.25,-1.0,SL,0
1788409740000,VALID,0.25,1.25,-1.0,SL,0
1788416880000,VALID,0.25,1.25,2.475685234306036,TIME,299099
1788417360000,VALID,0.25,1.25,-1.0,SL,1348
1788439920000,VALID,0.25,1.25,5.0,TP,123149
1788460260000,VALID,0.25,1.25,-1.0,SL,0
1788461400000,VALID,0.25,1.25,-1.0,SL,0
1788486750000,VALID,0.25,1.25,-1.0,SL,449
1788488160000,VALID,0.25,1.25,-1.0,SL,0
1788491310000,VALID,0.25,1.25,-1.0,SL,0
1788518280000,VALID,0.25,1.25,-1.0,SL,66448
1788535440000,VALID,0.25,1.25,-1.0,SL,20547
1788551280000,VALID,0.25,1.25,-1.0,SL,0
1788767580000,POST_CHECK,0.25,1.25,-1.0,SL,147
1788796560000,POST_CHECK,0.25,1.25,-1.0,SL,0
1788852930000,POST_CHECK,0.25,1.25,-1.0,SL,587
1788853320000,POST_CHECK,0.25,1.25,-1.0,SL,99147
1788855180000,POST_CHECK,0.25,1.25,-1.0,SL,3900
1788864030000,POST_CHECK,0.25,1.25,-1.0,SL,0
1788865590000,POST_CHECK,0.25,1.25,-1.0,SL,0
1788872040000,POST_CHECK,0.25,1.25,-1.0,SL,16048
1788873690000,POST_CHECK,0.25,1.25,-1.0,SL,3146
1788891840000,POST_CHECK,0.25,1.25,-1.0,SL,0
1788893880000,POST_CHECK,0.25,1.25,-1.0,SL,19799
1788894780000,POST_CHECK,0.25,1.25,-1.0,SL,11699
1788912420000,POST_CHECK,0.25,1.25,-1.0,SL,3302
1788921270000,POST_CHECK,0.25,1.25,-1.0,SL,0
1788927510000,POST_CHECK,0.25,1.25,-1.0,SL,0
1788928650000,POST_CHECK,0.25,1.25,-1.0,SL,0
1788936060000,POST_CHECK,0.25,1.25,-1.0,SL,1801
1788946920000,POST_CHECK,0.25,1.25,-1.0,SL,0
1788947610000,POST_CHECK,0.25,1.25,-1.0,SL,0
1788948900000,POST_CHECK,0.25,1.25,-1.0,SL,0
1788999030000,POST_CHECK,0.25,1.25,-1.0,SL,0
1789004220000,POST_CHECK,0.25,1.25,-1.0,SL,32248
1789006830000,POST_CHECK,0.25,1.25,-1.0,SL,9904
1789007910000,POST_CHECK,0.25,1.25,-1.0,SL,4202
1789019610000,POST_CHECK,0.25,1.25,-1.0,SL,1046
1789031820000,POST_CHECK,0.25,1.25,-1.0,SL,9899
1789047570000,POST_CHECK,0.25,1.25,-1.0,SL,61050
1789053690000,POST_CHECK,0.25,1.25,-1.0,SL,12148
1789088850000,POST_CHECK,0.25,1.25,-1.0,SL,5700
1789089270000,POST_CHECK,0.25,1.25,-1.0,SL,2697
1789102410000,POST_CHECK,0.25,1.25,-1.0,SL,2997
1789120140000,POST_CHECK,0.25,1.25,-1.0,SL,0
1789142100000,POST_CHECK,0.25,1.25,-1.0,SL,1803
1789347690000,POST_CHECK,0.25,1.25,-1.0,SL,145
1789383480000,POST_CHECK,0.25,1.25,-1.0,SL,0
1789388280000,POST_CHECK,0.25,1.25,-1.0,SL,14250
1789394400000,POST_CHECK,0.25,1.25,-1.0,SL,4200
1789394850000,POST_CHECK,0.25,1.25,-1.0,SL,8249
1789396470000,POST_CHECK,0.25,1.25,-1.0,SL,4049
1789403580000,POST_CHECK,0.25,1.25,-1.0,SL,300
1789411020000,POST_CHECK,0.25,1.25,-1.0,SL,0
1789428060000,POST_CHECK,0.25,1.25,-1.0,SL,0
1789445400000,POST_CHECK,0.25,1.25,-1.0,SL,0
1789458150000,POST_CHECK,0.25,1.25,-1.0,SL,0
1789468860000,POST_CHECK,0.25,1.25,-1.0,SL,0
1786060200000,TRAIN,0.25,1.5,-1.0,SL,0
1786061580000,TRAIN,0.25,1.5,-1.0,SL,0
1786072020000,TRAIN,0.25,1.5,-1.0,SL,602
1786096110000,TRAIN,0.25,1.5,-1.0,SL,147
1786105620000,TRAIN,0.25,1.5,6.0,TP,97352
1786332630000,TRAIN,0.25,1.5,-1.0,SL,0
1786340220000,TRAIN,0.25,1.5,-1.0,SL,150
1786341540000,TRAIN,0.25,1.5,-1.0,SL,4953
1786352040000,TRAIN,0.25,1.5,-1.0,SL,0
1786358100000,TRAIN,0.25,1.5,-1.0,SL,0
1786381140000,TRAIN,0.25,1.5,-1.0,SL,0
1786430640000,TRAIN,0.25,1.5,-1.0,SL,18304
1786438140000,TRAIN,0.25,1.5,-1.0,SL,0
1786438500000,TRAIN,0.25,1.5,-1.0,SL,0
1786440810000,TRAIN,0.25,1.5,-1.0,SL,3147
1786451070000,TRAIN,0.25,1.5,-1.0,SL,2852
1786454340000,TRAIN,0.25,1.5,-1.0,SL,450
1786463010000,TRAIN,0.25,1.5,-1.0,SL,5106
1786471950000,TRAIN,0.25,1.5,-1.0,SL,54601
1786493160000,TRAIN,0.25,1.5,-1.0,SL,0
1786504530000,TRAIN,0.25,1.5,-1.0,SL,0
1786526850000,TRAIN,0.25,1.5,-1.0,SL,3750
1786550940000,TRAIN,0.25,1.5,-1.0,SL,19646
1786553460000,TRAIN,0.25,1.5,-1.0,SL,1951
1786553820000,TRAIN,0.25,1.5,6.0,TP,248399
1786581240000,TRAIN,0.25,1.5,-1.0,SL,2553
1786587240000,TRAIN,0.25,1.5,-1.0,SL,4949
1786593510000,TRAIN,0.25,1.5,-1.0,SL,0
1786624980000,TRAIN,0.25,1.5,-1.0,SL,176249
1786632990000,TRAIN,0.25,1.5,-1.0,SL,445
1786633320000,TRAIN,0.25,1.5,-1.0,SL,148
1786653840000,TRAIN,0.25,1.5,-1.0,SL,0
1786670520000,TRAIN,0.25,1.5,6.0,TP,100798
1786687980000,TRAIN,0.25,1.5,-1.0,SL,150
1786693650000,TRAIN,0.25,1.5,-1.0,SL,0
1786952010000,TRAIN,0.25,1.5,-1.0,SL,753
1786953810000,TRAIN,0.25,1.5,-1.0,SL,0
1786961190000,TRAIN,0.25,1.5,-1.0,SL,0
1786974090000,TRAIN,0.25,1.5,-1.0,SL,1350
1787014200000,TRAIN,0.25,1.5,-1.0,SL,0
1787023770000,TRAIN,0.25,1.5,-1.0,SL,0
1787047590000,TRAIN,0.25,1.5,-1.0,SL,0
1787049660000,TRAIN,0.25,1.5,-1.0,SL,0
1787066490000,TRAIN,0.25,1.5,-1.0,SL,20711
1787082420000,TRAIN,0.25,1.5,-1.0,SL,149
1787084850000,TRAIN,0.25,1.5,-1.0,SL,198754
1787098590000,TRAIN,0.25,1.5,-1.0,SL,191700
1787104830000,TRAIN,0.25,1.5,-1.0,SL,451
1787117580000,TRAIN,0.25,1.5,-1.0,SL,598
1787140380000,TRAIN,0.25,1.5,-1.0,SL,0
1787141130000,TRAIN,0.25,1.5,-1.0,SL,0
1787143260000,TRAIN,0.25,1.5,-1.0,SL,27300
1787149170000,TRAIN,0.25,1.5,-1.0,SL,2400
1787170380000,TRAIN,0.25,1.5,-1.0,SL,0
1787184990000,VALID,0.25,1.5,-1.0,SL,3000
1787199990000,VALID,0.25,1.5,-1.0,SL,0
1787220390000,VALID,0.25,1.5,-1.0,SL,147
1787229570000,VALID,0.25,1.5,-1.0,SL,5694
1787232870000,VALID,0.25,1.5,-1.0,SL,2551
1787234520000,VALID,0.25,1.5,-1.0,SL,18600
1787246430000,VALID,0.25,1.5,-1.0,SL,9752
1787267280000,VALID,0.25,1.5,-1.0,SL,0
1787288910000,VALID,0.25,1.5,-1.0,SL,0
1787298090000,VALID,0.25,1.5,-1.0,SL,457
1787312280000,VALID,0.25,1.5,-1.0,SL,753
1787325840000,VALID,0.25,1.5,-1.0,SL,5104
1787339850000,VALID,0.25,1.5,-1.0,SL,0
1787340270000,VALID,0.25,1.5,-1.0,SL,0
1787527200000,VALID,0.25,1.5,-1.0,SL,0
1787534100000,VALID,0.25,1.5,-1.0,SL,2095
1787579790000,VALID,0.25,1.5,-1.0,SL,12603
1787583030000,VALID,0.25,1.5,-1.0,SL,147
1787609970000,VALID,0.25,1.5,-1.0,SL,0
1787630220000,VALID,0.25,1.5,-1.0,SL,0
1787647740000,VALID,0.25,1.5,-1.0,SL,14246
1787660070000,VALID,0.25,1.5,-1.0,SL,34801
1787661450000,VALID,0.25,1.5,-1.0,SL,3446
1787664090000,VALID,0.25,1.5,-1.0,SL,456
1787666490000,VALID,0.25,1.5,-1.0,SL,10801
1787687220000,VALID,0.25,1.5,-1.0,SL,0
1787709300000,VALID,0.25,1.5,6.0,TP,137546
1787723070000,VALID,0.25,1.5,-1.0,SL,4352
1787740170000,VALID,0.25,1.5,-1.0,SL,0
1787749530000,VALID,0.25,1.5,-1.0,SL,18599
1787753850000,VALID,0.25,1.5,-1.0,SL,5101
1787788590000,VALID,0.25,1.5,-1.0,SL,0
1787790000000,VALID,0.25,1.5,-1.0,SL,1953
1787794950000,VALID,0.25,1.5,-1.0,SL,2251
1787798520000,VALID,0.25,1.5,-1.0,SL,4950
1787811390000,VALID,0.25,1.5,-1.0,SL,20695
1787823090000,VALID,0.25,1.5,-1.0,SL,0
1787827440000,VALID,0.25,1.5,-1.0,SL,446
1787834550000,VALID,0.25,1.5,6.0,TP,257549
1787844150000,VALID,0.25,1.5,-1.0,SL,152
1787854650000,VALID,0.25,1.5,-1.0,SL,5250
1787883540000,VALID,0.25,1.5,-1.0,SL,0
1787917320000,VALID,0.25,1.5,-1.0,SL,0
1787924280000,VALID,0.25,1.5,-1.0,SL,1201
1787925720000,VALID,0.25,1.5,-1.0,SL,16502
1787934900000,VALID,0.25,1.5,6.0,TP,238944
1788141930000,VALID,0.25,1.5,-1.0,SL,3002
1788144150000,VALID,0.25,1.5,0.9751850239442875,TIME,299700
1788181080000,VALID,0.25,1.5,-1.0,SL,597
1788221790000,VALID,0.25,1.5,-1.0,SL,77403
1788228720000,VALID,0.25,1.5,-1.0,SL,2844
1788230910000,VALID,0.25,1.5,-1.0,SL,903
1788258720000,VALID,0.25,1.5,-1.0,SL,0
1788262410000,VALID,0.25,1.5,-1.0,SL,35548
1788271980000,VALID,0.25,1.5,6.0,TP,122550
1788277740000,VALID,0.25,1.5,-1.0,SL,148
1788303150000,VALID,0.25,1.5,-1.0,SL,0
1788321570000,VALID,0.25,1.5,-1.0,SL,7952
1788333960000,VALID,0.25,1.5,-1.0,SL,14402
1788353280000,VALID,0.25,1.5,-1.0,SL,48599
1788356520000,VALID,0.25,1.5,-1.0,SL,1794
1788377820000,VALID,0.25,1.5,-1.0,SL,0
1788409740000,VALID,0.25,1.5,-1.0,SL,0
1788416880000,VALID,0.25,1.5,2.475685234306036,TIME,299099
1788417360000,VALID,0.25,1.5,-1.0,SL,1348
1788439920000,VALID,0.25,1.5,6.0,TP,128097
1788460260000,VALID,0.25,1.5,-1.0,SL,0
1788461400000,VALID,0.25,1.5,-1.0,SL,0
1788486750000,VALID,0.25,1.5,-1.0,SL,449
1788488160000,VALID,0.25,1.5,-1.0,SL,0
1788491310000,VALID,0.25,1.5,-1.0,SL,0
1788518280000,VALID,0.25,1.5,-1.0,SL,66448
1788535440000,VALID,0.25,1.5,-1.0,SL,20547
1788551280000,VALID,0.25,1.5,-1.0,SL,0
1788767580000,POST_CHECK,0.25,1.5,-1.0,SL,147
1788796560000,POST_CHECK,0.25,1.5,-1.0,SL,0
1788852930000,POST_CHECK,0.25,1.5,-1.0,SL,587
1788853320000,POST_CHECK,0.25,1.5,-1.0,SL,99147
1788855180000,POST_CHECK,0.25,1.5,-1.0,SL,3900
1788864030000,POST_CHECK,0.25,1.5,-1.0,SL,0
1788865590000,POST_CHECK,0.25,1.5,-1.0,SL,0
1788872040000,POST_CHECK,0.25,1.5,-1.0,SL,16048
1788873690000,POST_CHECK,0.25,1.5,-1.0,SL,3146
1788891840000,POST_CHECK,0.25,1.5,-1.0,SL,0
1788893880000,POST_CHECK,0.25,1.5,-1.0,SL,19799
1788894780000,POST_CHECK,0.25,1.5,-1.0,SL,11699
1788912420000,POST_CHECK,0.25,1.5,-1.0,SL,3302
1788921270000,POST_CHECK,0.25,1.5,-1.0,SL,0
1788927510000,POST_CHECK,0.25,1.5,-1.0,SL,0
1788928650000,POST_CHECK,0.25,1.5,-1.0,SL,0
1788936060000,POST_CHECK,0.25,1.5,-1.0,SL,1801
1788946920000,POST_CHECK,0.25,1.5,-1.0,SL,0
1788947610000,POST_CHECK,0.25,1.5,-1.0,SL,0
1788948900000,POST_CHECK,0.25,1.5,-1.0,SL,0
1788999030000,POST_CHECK,0.25,1.5,-1.0,SL,0
1789004220000,POST_CHECK,0.25,1.5,-1.0,SL,32248
1789006830000,POST_CHECK,0.25,1.5,-1.0,SL,9904
1789007910000,POST_CHECK,0.25,1.5,-1.0,SL,4202
1789019610000,POST_CHECK,0.25,1.5,-1.0,SL,1046
1789031820000,POST_CHECK,0.25,1.5,-1.0,SL,9899
1789047570000,POST_CHECK,0.25,1.5,-1.0,SL,61050
1789053690000,POST_CHECK,0.25,1.5,-1.0,SL,12148
1789088850000,POST_CHECK,0.25,1.5,-1.0,SL,5700
1789089270000,POST_CHECK,0.25,1.5,-1.0,SL,2697
1789102410000,POST_CHECK,0.25,1.5,-1.0,SL,2997
1789120140000,POST_CHECK,0.25,1.5,-1.0,SL,0
1789142100000,POST_CHECK,0.25,1.5,-1.0,SL,1803
1789347690000,POST_CHECK,0.25,1.5,-1.0,SL,145
1789383480000,POST_CHECK,0.25,1.5,-1.0,SL,0
1789388280000,POST_CHECK,0.25,1.5,-1.0,SL,14250
1789394400000,POST_CHECK,0.25,1.5,-1.0,SL,4200
1789394850000,POST_CHECK,0.25,1.5,-1.0,SL,8249
1789396470000,POST_CHECK,0.25,1.5,-1.0,SL,4049
1789403580000,POST_CHECK,0.25,1.5,-1.0,SL,300
1789411020000,POST_CHECK,0.25,1.5,-1.0,SL,0
1789428060000,POST_CHECK,0.25,1.5,-1.0,SL,0
1789445400000,POST_CHECK,0.25,1.5,-1.0,SL,0
1789458150000,POST_CHECK,0.25,1.5,-1.0,SL,0
1789468860000,POST_CHECK,0.25,1.5,-1.0,SL,0
1786060200000,TRAIN,0.25,1.75,-1.0,SL,0
1786061580000,TRAIN,0.25,1.75,-1.0,SL,0
1786072020000,TRAIN,0.25,1.75,-1.0,SL,602
1786096110000,TRAIN,0.25,1.75,-1.0,SL,147
1786105620000,TRAIN,0.25,1.75,-1.0,SL,166353
1786332630000,TRAIN,0.25,1.75,-1.0,SL,0
1786340220000,TRAIN,0.25,1.75,-1.0,SL,150
1786341540000,TRAIN,0.25,1.75,-1.0,SL,4953
1786352040000,TRAIN,0.25,1.75,-1.0,SL,0
1786358100000,TRAIN,0.25,1.75,-1.0,SL,0
1786381140000,TRAIN,0.25,1.75,-1.0,SL,0
1786430640000,TRAIN,0.25,1.75,-1.0,SL,18304
1786438140000,TRAIN,0.25,1.75,-1.0,SL,0
1786438500000,TRAIN,0.25,1.75,-1.0,SL,0
1786440810000,TRAIN,0.25,1.75,-1.0,SL,3147
1786451070000,TRAIN,0.25,1.75,-1.0,SL,2852
1786454340000,TRAIN,0.25,1.75,-1.0,SL,450
1786463010000,TRAIN,0.25,1.75,-1.0,SL,5106
1786471950000,TRAIN,0.25,1.75,-1.0,SL,54601
1786493160000,TRAIN,0.25,1.75,-1.0,SL,0
1786504530000,TRAIN,0.25,1.75,-1.0,SL,0
1786526850000,TRAIN,0.25,1.75,-1.0,SL,3750
1786550940000,TRAIN,0.25,1.75,-1.0,SL,19646
1786553460000,TRAIN,0.25,1.75,-1.0,SL,1951
1786553820000,TRAIN,0.25,1.75,7.0,TP,253203
1786581240000,TRAIN,0.25,1.75,-1.0,SL,2553
1786587240000,TRAIN,0.25,1.75,-1.0,SL,4949
1786593510000,TRAIN,0.25,1.75,-1.0,SL,0
1786624980000,TRAIN,0.25,1.75,-1.0,SL,176249
1786632990000,TRAIN,0.25,1.75,-1.0,SL,445
1786633320000,TRAIN,0.25,1.75,-1.0,SL,148
1786653840000,TRAIN,0.25,1.75,-1.0,SL,0
1786670520000,TRAIN,0.25,1.75,7.0,TP,140098
1786687980000,TRAIN,0.25,1.75,-1.0,SL,150
1786693650000,TRAIN,0.25,1.75,-1.0,SL,0
1786952010000,TRAIN,0.25,1.75,-1.0,SL,753
1786953810000,TRAIN,0.25,1.75,-1.0,SL,0
1786961190000,TRAIN,0.25,1.75,-1.0,SL,0
1786974090000,TRAIN,0.25,1.75,-1.0,SL,1350
1787014200000,TRAIN,0.25,1.75,-1.0,SL,0
1787023770000,TRAIN,0.25,1.75,-1.0,SL,0
1787047590000,TRAIN,0.25,1.75,-1.0,SL,0
1787049660000,TRAIN,0.25,1.75,-1.0,SL,0
1787066490000,TRAIN,0.25,1.75,-1.0,SL,20711
1787082420000,TRAIN,0.25,1.75,-1.0,SL,149
1787084850000,TRAIN,0.25,1.75,-1.0,SL,198754
1787098590000,TRAIN,0.25,1.75,-1.0,SL,191700
1787104830000,TRAIN,0.25,1.75,-1.0,SL,451
1787117580000,TRAIN,0.25,1.75,-1.0,SL,598
1787140380000,TRAIN,0.25,1.75,-1.0,SL,0
1787141130000,TRAIN,0.25,1.75,-1.0,SL,0
1787143260000,TRAIN,0.25,1.75,-1.0,SL,27300
1787149170000,TRAIN,0.25,1.75,-1.0,SL,2400
1787170380000,TRAIN,0.25,1.75,-1.0,SL,0
1787184990000,VALID,0.25,1.75,-1.0,SL,3000
1787199990000,VALID,0.25,1.75,-1.0,SL,0
1787220390000,VALID,0.25,1.75,-1.0,SL,147
1787229570000,VALID,0.25,1.75,-1.0,SL,5694
1787232870000,VALID,0.25,1.75,-1.0,SL,2551
1787234520000,VALID,0.25,1.75,-1.0,SL,18600
1787246430000,VALID,0.25,1.75,-1.0,SL,9752
1787267280000,VALID,0.25,1.75,-1.0,SL,0
1787288910000,VALID,0.25,1.75,-1.0,SL,0
1787298090000,VALID,0.25,1.75,-1.0,SL,457
1787312280000,VALID,0.25,1.75,-1.0,SL,753
1787325840000,VALID,0.25,1.75,-1.0,SL,5104
1787339850000,VALID,0.25,1.75,-1.0,SL,0
1787340270000,VALID,0.25,1.75,-1.0,SL,0
1787527200000,VALID,0.25,1.75,-1.0,SL,0
1787534100000,VALID,0.25,1.75,-1.0,SL,2095
1787579790000,VALID,0.25,1.75,-1.0,SL,12603
1787583030000,VALID,0.25,1.75,-1.0,SL,147
1787609970000,VALID,0.25,1.75,-1.0,SL,0
1787630220000,VALID,0.25,1.75,-1.0,SL,0
1787647740000,VALID,0.25,1.75,-1.0,SL,14246
1787660070000,VALID,0.25,1.75,-1.0,SL,34801
1787661450000,VALID,0.25,1.75,-1.0,SL,3446
1787664090000,VALID,0.25,1.75,-1.0,SL,456
1787666490000,VALID,0.25,1.75,-1.0,SL,10801
1787687220000,VALID,0.25,1.75,-1.0,SL,0
1787709300000,VALID,0.25,1.75,7.0,TP,156896
1787723070000,VALID,0.25,1.75,-1.0,SL,4352
1787740170000,VALID,0.25,1.75,-1.0,SL,0
1787749530000,VALID,0.25,1.75,-1.0,SL,18599
1787753850000,VALID,0.25,1.75,-1.0,SL,5101
1787788590000,VALID,0.25,1.75,-1.0,SL,0
1787790000000,VALID,0.25,1.75,-1.0,SL,1953
1787794950000,VALID,0.25,1.75,-1.0,SL,2251
1787798520000,VALID,0.25,1.75,-1.0,SL,4950
1787811390000,VALID,0.25,1.75,-1.0,SL,20695
1787823090000,VALID,0.25,1.75,-1.0,SL,0
1787827440000,VALID,0.25,1.75,-1.0,SL,446
1787834550000,VALID,0.25,1.75,4.453218406784521,TIME,299699
1787844150000,VALID,0.25,1.75,-1.0,SL,152
1787854650000,VALID,0.25,1.75,-1.0,SL,5250
1787883540000,VALID,0.25,1.75,-1.0,SL,0
1787917320000,VALID,0.25,1.75,-1.0,SL,0
1787924280000,VALID,0.25,1.75,-1.0,SL,1201
1787925720000,VALID,0.25,1.75,-1.0,SL,16502
1787934900000,VALID,0.25,1.75,5.921278963877212,TIME,299849
1788141930000,VALID,0.25,1.75,-1.0,SL,3002
1788144150000,VALID,0.25,1.75,0.9751850239442875,TIME,299700
1788181080000,VALID,0.25,1.75,-1.0,SL,597
1788221790000,VALID,0.25,1.75,-1.0,SL,77403
1788228720000,VALID,0.25,1.75,-1.0,SL,2844
1788230910000,VALID,0.25,1.75,-1.0,SL,903
1788258720000,VALID,0.25,1.75,-1.0,SL,0
1788262410000,VALID,0.25,1.75,-1.0,SL,35548
1788271980000,VALID,0.25,1.75,7.0,TP,228900
1788277740000,VALID,0.25,1.75,-1.0,SL,148
1788303150000,VALID,0.25,1.75,-1.0,SL,0
1788321570000,VALID,0.25,1.75,-1.0,SL,7952
1788333960000,VALID,0.25,1.75,-1.0,SL,14402
1788353280000,VALID,0.25,1.75,-1.0,SL,48599
1788356520000,VALID,0.25,1.75,-1.0,SL,1794
1788377820000,VALID,0.25,1.75,-1.0,SL,0
1788409740000,VALID,0.25,1.75,-1.0,SL,0
1788416880000,VALID,0.25,1.75,2.475685234306036,TIME,299099
1788417360000,VALID,0.25,1.75,-1.0,SL,1348
1788439920000,VALID,0.25,1.75,7.0,TP,129751
1788460260000,VALID,0.25,1.75,-1.0,SL,0
1788461400000,VALID,0.25,1.75,-1.0,SL,0
1788486750000,VALID,0.25,1.75,-1.0,SL,449
1788488160000,VALID,0.25,1.75,-1.0,SL,0
1788491310000,VALID,0.25,1.75,-1.0,SL,0
1788518280000,VALID,0.25,1.75,-1.0,SL,66448
1788535440000,VALID,0.25,1.75,-1.0,SL,20547
1788551280000,VALID,0.25,1.75,-1.0,SL,0
1788767580000,POST_CHECK,0.25,1.75,-1.0,SL,147
1788796560000,POST_CHECK,0.25,1.75,-1.0,SL,0
1788852930000,POST_CHECK,0.25,1.75,-1.0,SL,587
1788853320000,POST_CHECK,0.25,1.75,-1.0,SL,99147
1788855180000,POST_CHECK,0.25,1.75,-1.0,SL,3900
1788864030000,POST_CHECK,0.25,1.75,-1.0,SL,0
1788865590000,POST_CHECK,0.25,1.75,-1.0,SL,0
1788872040000,POST_CHECK,0.25,1.75,-1.0,SL,16048
1788873690000,POST_CHECK,0.25,1.75,-1.0,SL,3146
1788891840000,POST_CHECK,0.25,1.75,-1.0,SL,0
1788893880000,POST_CHECK,0.25,1.75,-1.0,SL,19799
1788894780000,POST_CHECK,0.25,1.75,-1.0,SL,11699
1788912420000,POST_CHECK,0.25,1.75,-1.0,SL,3302
1788921270000,POST_CHECK,0.25,1.75,-1.0,SL,0
1788927510000,POST_CHECK,0.25,1.75,-1.0,SL,0
1788928650000,POST_CHECK,0.25,1.75,-1.0,SL,0
1788936060000,POST_CHECK,0.25,1.75,-1.0,SL,1801
1788946920000,POST_CHECK,0.25,1.75,-1.0,SL,0
1788947610000,POST_CHECK,0.25,1.75,-1.0,SL,0
1788948900000,POST_CHECK,0.25,1.75,-1.0,SL,0
1788999030000,POST_CHECK,0.25,1.75,-1.0,SL,0
1789004220000,POST_CHECK,0.25,1.75,-1.0,SL,32248
1789006830000,POST_CHECK,0.25,1.75,-1.0,SL,9904
1789007910000,POST_CHECK,0.25,1.75,-1.0,SL,4202
1789019610000,POST_CHECK,0.25,1.75,-1.0,SL,1046
1789031820000,POST_CHECK,0.25,1.75,-1.0,SL,9899
1789047570000,POST_CHECK,0.25,1.75,-1.0,SL,61050
1789053690000,POST_CHECK,0.25,1.75,-1.0,SL,12148
1789088850000,POST_CHECK,0.25,1.75,-1.0,SL,5700
1789089270000,POST_CHECK,0.25,1.75,-1.0,SL,2697
1789102410000,POST_CHECK,0.25,1.75,-1.0,SL,2997
1789120140000,POST_CHECK,0.25,1.75,-1.0,SL,0
1789142100000,POST_CHECK,0.25,1.75,-1.0,SL,1803
1789347690000,POST_CHECK,0.25,1.75,-1.0,SL,145
1789383480000,POST_CHECK,0.25,1.75,-1.0,SL,0
1789388280000,POST_CHECK,0.25,1.75,-1.0,SL,14250
1789394400000,POST_CHECK,0.25,1.75,-1.0,SL,4200
1789394850000,POST_CHECK,0.25,1.75,-1.0,SL,8249
1789396470000,POST_CHECK,0.25,1.75,-1.0,SL,4049
1789403580000,POST_CHECK,0.25,1.75,-1.0,SL,300
1789411020000,POST_CHECK,0.25,1.75,-1.0,SL,0
1789428060000,POST_CHECK,0.25,1.75,-1.0,SL,0
1789445400000,POST_CHECK,0.25,1.75,-1.0,SL,0
1789458150000,POST_CHECK,0.25,1.75,-1.0,SL,0
1789468860000,POST_CHECK,0.25,1.75,-1.0,SL,0
1786060200000,TRAIN,0.25,2.0,-1.0,SL,0
1786061580000,TRAIN,0.25,2.0,-1.0,SL,0
1786072020000,TRAIN,0.25,2.0,-1.0,SL,602
1786096110000,TRAIN,0.25,2.0,-1.0,SL,147
1786105620000,TRAIN,0.25,2.0,-1.0,SL,166353
1786332630000,TRAIN,0.25,2.0,-1.0,SL,0
1786340220000,TRAIN,0.25,2.0,-1.0,SL,150
1786341540000,TRAIN,0.25,2.0,-1.0,SL,4953
1786352040000,TRAIN,0.25,2.0,-1.0,SL,0
1786358100000,TRAIN,0.25,2.0,-1.0,SL,0
1786381140000,TRAIN,0.25,2.0,-1.0,SL,0
1786430640000,TRAIN,0.25,2.0,-1.0,SL,18304
1786438140000,TRAIN,0.25,2.0,-1.0,SL,0
1786438500000,TRAIN,0.25,2.0,-1.0,SL,0
1786440810000,TRAIN,0.25,2.0,-1.0,SL,3147
1786451070000,TRAIN,0.25,2.0,-1.0,SL,2852
1786454340000,TRAIN,0.25,2.0,-1.0,SL,450
1786463010000,TRAIN,0.25,2.0,-1.0,SL,5106
1786471950000,TRAIN,0.25,2.0,-1.0,SL,54601
1786493160000,TRAIN,0.25,2.0,-1.0,SL,0
1786504530000,TRAIN,0.25,2.0,-1.0,SL,0
1786526850000,TRAIN,0.25,2.0,-1.0,SL,3750
1786550940000,TRAIN,0.25,2.0,-1.0,SL,19646
1786553460000,TRAIN,0.25,2.0,-1.0,SL,1951
1786553820000,TRAIN,0.25,2.0,8.0,TP,299856
1786581240000,TRAIN,0.25,2.0,-1.0,SL,2553
1786587240000,TRAIN,0.25,2.0,-1.0,SL,4949
1786593510000,TRAIN,0.25,2.0,-1.0,SL,0
1786624980000,TRAIN,0.25,2.0,-1.0,SL,176249
1786632990000,TRAIN,0.25,2.0,-1.0,SL,445
1786633320000,TRAIN,0.25,2.0,-1.0,SL,148
1786653840000,TRAIN,0.25,2.0,-1.0,SL,0
1786670520000,TRAIN,0.25,2.0,8.0,TP,146098
1786687980000,TRAIN,0.25,2.0,-1.0,SL,150
1786693650000,TRAIN,0.25,2.0,-1.0,SL,0
1786952010000,TRAIN,0.25,2.0,-1.0,SL,753
1786953810000,TRAIN,0.25,2.0,-1.0,SL,0
1786961190000,TRAIN,0.25,2.0,-1.0,SL,0
1786974090000,TRAIN,0.25,2.0,-1.0,SL,1350
1787014200000,TRAIN,0.25,2.0,-1.0,SL,0
1787023770000,TRAIN,0.25,2.0,-1.0,SL,0
1787047590000,TRAIN,0.25,2.0,-1.0,SL,0
1787049660000,TRAIN,0.25,2.0,-1.0,SL,0
1787066490000,TRAIN,0.25,2.0,-1.0,SL,20711
1787082420000,TRAIN,0.25,2.0,-1.0,SL,149
1787084850000,TRAIN,0.25,2.0,-1.0,SL,198754
1787098590000,TRAIN,0.25,2.0,-1.0,SL,191700
1787104830000,TRAIN,0.25,2.0,-1.0,SL,451
1787117580000,TRAIN,0.25,2.0,-1.0,SL,598
1787140380000,TRAIN,0.25,2.0,-1.0,SL,0
1787141130000,TRAIN,0.25,2.0,-1.0,SL,0
1787143260000,TRAIN,0.25,2.0,-1.0,SL,27300
1787149170000,TRAIN,0.25,2.0,-1.0,SL,2400
1787170380000,TRAIN,0.25,2.0,-1.0,SL,0
1787184990000,VALID,0.25,2.0,-1.0,SL,3000
1787199990000,VALID,0.25,2.0,-1.0,SL,0
1787220390000,VALID,0.25,2.0,-1.0,SL,147
1787229570000,VALID,0.25,2.0,-1.0,SL,5694
1787232870000,VALID,0.25,2.0,-1.0,SL,2551
1787234520000,VALID,0.25,2.0,-1.0,SL,18600
1787246430000,VALID,0.25,2.0,-1.0,SL,9752
1787267280000,VALID,0.25,2.0,-1.0,SL,0
1787288910000,VALID,0.25,2.0,-1.0,SL,0
1787298090000,VALID,0.25,2.0,-1.0,SL,457
1787312280000,VALID,0.25,2.0,-1.0,SL,753
1787325840000,VALID,0.25,2.0,-1.0,SL,5104
1787339850000,VALID,0.25,2.0,-1.0,SL,0
1787340270000,VALID,0.25,2.0,-1.0,SL,0
1787527200000,VALID,0.25,2.0,-1.0,SL,0
1787534100000,VALID,0.25,2.0,-1.0,SL,2095
1787579790000,VALID,0.25,2.0,-1.0,SL,12603
1787583030000,VALID,0.25,2.0,-1.0,SL,147
1787609970000,VALID,0.25,2.0,-1.0,SL,0
1787630220000,VALID,0.25,2.0,-1.0,SL,0
1787647740000,VALID,0.25,2.0,-1.0,SL,14246
1787660070000,VALID,0.25,2.0,-1.0,SL,34801
1787661450000,VALID,0.25,2.0,-1.0,SL,3446
1787664090000,VALID,0.25,2.0,-1.0,SL,456
1787666490000,VALID,0.25,2.0,-1.0,SL,10801
1787687220000,VALID,0.25,2.0,-1.0,SL,0
1787709300000,VALID,0.25,2.0,8.0,TP,160199
1787723070000,VALID,0.25,2.0,-1.0,SL,4352
1787740170000,VALID,0.25,2.0,-1.0,SL,0
1787749530000,VALID,0.25,2.0,-1.0,SL,18599
1787753850000,VALID,0.25,2.0,-1.0,SL,5101
1787788590000,VALID,0.25,2.0,-1.0,SL,0
1787790000000,VALID,0.25,2.0,-1.0,SL,1953
1787794950000,VALID,0.25,2.0,-1.0,SL,2251
1787798520000,VALID,0.25,2.0,-1.0,SL,4950
1787811390000,VALID,0.25,2.0,-1.0,SL,20695
1787823090000,VALID,0.25,2.0,-1.0,SL,0
1787827440000,VALID,0.25,2.0,-1.0,SL,446
1787834550000,VALID,0.25,2.0,4.453218406784521,TIME,299699
1787844150000,VALID,0.25,2.0,-1.0,SL,152
1787854650000,VALID,0.25,2.0,-1.0,SL,5250
1787883540000,VALID,0.25,2.0,-1.0,SL,0
1787917320000,VALID,0.25,2.0,-1.0,SL,0
1787924280000,VALID,0.25,2.0,-1.0,SL,1201
1787925720000,VALID,0.25,2.0,-1.0,SL,16502
1787934900000,VALID,0.25,2.0,5.921278963877212,TIME,299849
1788141930000,VALID,0.25,2.0,-1.0,SL,3002
1788144150000,VALID,0.25,2.0,0.9751850239442875,TIME,299700
1788181080000,VALID,0.25,2.0,-1.0,SL,597
1788221790000,VALID,0.25,2.0,-1.0,SL,77403
1788228720000,VALID,0.25,2.0,-1.0,SL,2844
1788230910000,VALID,0.25,2.0,-1.0,SL,903
1788258720000,VALID,0.25,2.0,-1.0,SL,0
1788262410000,VALID,0.25,2.0,-1.0,SL,35548
1788271980000,VALID,0.25,2.0,7.105412255852212,TIME,299702
1788277740000,VALID,0.25,2.0,-1.0,SL,148
1788303150000,VALID,0.25,2.0,-1.0,SL,0
1788321570000,VALID,0.25,2.0,-1.0,SL,7952
1788333960000,VALID,0.25,2.0,-1.0,SL,14402
1788353280000,VALID,0.25,2.0,-1.0,SL,48599
1788356520000,VALID,0.25,2.0,-1.0,SL,1794
1788377820000,VALID,0.25,2.0,-1.0,SL,0
1788409740000,VALID,0.25,2.0,-1.0,SL,0
1788416880000,VALID,0.25,2.0,2.475685234306036,TIME,299099
1788417360000,VALID,0.25,2.0,-1.0,SL,1348
1788439920000,VALID,0.25,2.0,8.0,TP,130355
1788460260000,VALID,0.25,2.0,-1.0,SL,0
1788461400000,VALID,0.25,2.0,-1.0,SL,0
1788486750000,VALID,0.25,2.0,-1.0,SL,449
1788488160000,VALID,0.25,2.0,-1.0,SL,0
1788491310000,VALID,0.25,2.0,-1.0,SL,0
1788518280000,VALID,0.25,2.0,-1.0,SL,66448
1788535440000,VALID,0.25,2.0,-1.0,SL,20547
1788551280000,VALID,0.25,2.0,-1.0,SL,0
1788767580000,POST_CHECK,0.25,2.0,-1.0,SL,147
1788796560000,POST_CHECK,0.25,2.0,-1.0,SL,0
1788852930000,POST_CHECK,0.25,2.0,-1.0,SL,587
1788853320000,POST_CHECK,0.25,2.0,-1.0,SL,99147
1788855180000,POST_CHECK,0.25,2.0,-1.0,SL,3900
1788864030000,POST_CHECK,0.25,2.0,-1.0,SL,0
1788865590000,POST_CHECK,0.25,2.0,-1.0,SL,0
1788872040000,POST_CHECK,0.25,2.0,-1.0,SL,16048
1788873690000,POST_CHECK,0.25,2.0,-1.0,SL,3146
1788891840000,POST_CHECK,0.25,2.0,-1.0,SL,0
1788893880000,POST_CHECK,0.25,2.0,-1.0,SL,19799
1788894780000,POST_CHECK,0.25,2.0,-1.0,SL,11699
1788912420000,POST_CHECK,0.25,2.0,-1.0,SL,3302
1788921270000,POST_CHECK,0.25,2.0,-1.0,SL,0
1788927510000,POST_CHECK,0.25,2.0,-1.0,SL,0
1788928650000,POST_CHECK,0.25,2.0,-1.0,SL,0
1788936060000,POST_CHECK,0.25,2.0,-1.0,SL,1801
1788946920000,POST_CHECK,0.25,2.0,-1.0,SL,0
1788947610000,POST_CHECK,0.25,2.0,-1.0,SL,0
1788948900000,POST_CHECK,0.25,2.0,-1.0,SL,0
1788999030000,POST_CHECK,0.25,2.0,-1.0,SL,0
1789004220000,POST_CHECK,0.25,2.0,-1.0,SL,32248
1789006830000,POST_CHECK,0.25,2.0,-1.0,SL,9904
1789007910000,POST_CHECK,0.25,2.0,-1.0,SL,4202
1789019610000,POST_CHECK,0.25,2.0,-1.0,SL,1046
1789031820000,POST_CHECK,0.25,2.0,-1.0,SL,9899
1789047570000,POST_CHECK,0.25,2.0,-1.0,SL,61050
1789053690000,POST_CHECK,0.25,2.0,-1.0,SL,12148
1789088850000,POST_CHECK,0.25,2.0,-1.0,SL,5700
1789089270000,POST_CHECK,0.25,2.0,-1.0,SL,2697
1789102410000,POST_CHECK,0.25,2.0,-1.0,SL,2997
1789120140000,POST_CHECK,0.25,2.0,-1.0,SL,0
1789142100000,POST_CHECK,0.25,2.0,-1.0,SL,1803
1789347690000,POST_CHECK,0.25,2.0,-1.0,SL,145
1789383480000,POST_CHECK,0.25,2.0,-1.0,SL,0
1789388280000,POST_CHECK,0.25,2.0,-1.0,SL,14250
1789394400000,POST_CHECK,0.25,2.0,-1.0,SL,4200
1789394850000,POST_CHECK,0.25,2.0,-1.0,SL,8249
1789396470000,POST_CHECK,0.25,2.0,-1.0,SL,4049
1789403580000,POST_CHECK,0.25,2.0,-1.0,SL,300
1789411020000,POST_CHECK,0.25,2.0,-1.0,SL,0
1789428060000,POST_CHECK,0.25,2.0,-1.0,SL,0
1789445400000,POST_CHECK,0.25,2.0,-1.0,SL,0
1789458150000,POST_CHECK,0.25,2.0,-1.0,SL,0
1789468860000,POST_CHECK,0.25,2.0,-1.0,SL,0
1786060200000,TRAIN,0.25,2.25,-1.0,SL,0
1786061580000,TRAIN,0.25,2.25,-1.0,SL,0
1786072020000,TRAIN,0.25,2.25,-1.0,SL,602
1786096110000,TRAIN,0.25,2.25,-1.0,SL,147
1786105620000,TRAIN,0.25,2.25,-1.0,SL,166353
1786332630000,TRAIN,0.25,2.25,-1.0,SL,0
1786340220000,TRAIN,0.25,2.25,-1.0,SL,150
1786341540000,TRAIN,0.25,2.25,-1.0,SL,4953
1786352040000,TRAIN,0.25,2.25,-1.0,SL,0
1786358100000,TRAIN,0.25,2.25,-1.0,SL,0
1786381140000,TRAIN,0.25,2.25,-1.0,SL,0
1786430640000,TRAIN,0.25,2.25,-1.0,SL,18304
1786438140000,TRAIN,0.25,2.25,-1.0,SL,0
1786438500000,TRAIN,0.25,2.25,-1.0,SL,0
1786440810000,TRAIN,0.25,2.25,-1.0,SL,3147
1786451070000,TRAIN,0.25,2.25,-1.0,SL,2852
1786454340000,TRAIN,0.25,2.25,-1.0,SL,450
1786463010000,TRAIN,0.25,2.25,-1.0,SL,5106
1786471950000,TRAIN,0.25,2.25,-1.0,SL,54601
1786493160000,TRAIN,0.25,2.25,-1.0,SL,0
1786504530000,TRAIN,0.25,2.25,-1.0,SL,0
1786526850000,TRAIN,0.25,2.25,-1.0,SL,3750
1786550940000,TRAIN,0.25,2.25,-1.0,SL,19646
1786553460000,TRAIN,0.25,2.25,-1.0,SL,1951
1786553820000,TRAIN,0.25,2.25,8.11156095366554,TIME,299856
1786581240000,TRAIN,0.25,2.25,-1.0,SL,2553
1786587240000,TRAIN,0.25,2.25,-1.0,SL,4949
1786593510000,TRAIN,0.25,2.25,-1.0,SL,0
1786624980000,TRAIN,0.25,2.25,-1.0,SL,176249
1786632990000,TRAIN,0.25,2.25,-1.0,SL,445
1786633320000,TRAIN,0.25,2.25,-1.0,SL,148
1786653840000,TRAIN,0.25,2.25,-1.0,SL,0
1786670520000,TRAIN,0.25,2.25,9.0,TP,177443
1786687980000,TRAIN,0.25,2.25,-1.0,SL,150
1786693650000,TRAIN,0.25,2.25,-1.0,SL,0
1786952010000,TRAIN,0.25,2.25,-1.0,SL,753
1786953810000,TRAIN,0.25,2.25,-1.0,SL,0
1786961190000,TRAIN,0.25,2.25,-1.0,SL,0
1786974090000,TRAIN,0.25,2.25,-1.0,SL,1350
1787014200000,TRAIN,0.25,2.25,-1.0,SL,0
1787023770000,TRAIN,0.25,2.25,-1.0,SL,0
1787047590000,TRAIN,0.25,2.25,-1.0,SL,0
1787049660000,TRAIN,0.25,2.25,-1.0,SL,0
1787066490000,TRAIN,0.25,2.25,-1.0,SL,20711
1787082420000,TRAIN,0.25,2.25,-1.0,SL,149
1787084850000,TRAIN,0.25,2.25,-1.0,SL,198754
1787098590000,TRAIN,0.25,2.25,-1.0,SL,191700
1787104830000,TRAIN,0.25,2.25,-1.0,SL,451
1787117580000,TRAIN,0.25,2.25,-1.0,SL,598
1787140380000,TRAIN,0.25,2.25,-1.0,SL,0
1787141130000,TRAIN,0.25,2.25,-1.0,SL,0
1787143260000,TRAIN,0.25,2.25,-1.0,SL,27300
1787149170000,TRAIN,0.25,2.25,-1.0,SL,2400
1787170380000,TRAIN,0.25,2.25,-1.0,SL,0
1787184990000,VALID,0.25,2.25,-1.0,SL,3000
1787199990000,VALID,0.25,2.25,-1.0,SL,0
1787220390000,VALID,0.25,2.25,-1.0,SL,147
1787229570000,VALID,0.25,2.25,-1.0,SL,5694
1787232870000,VALID,0.25,2.25,-1.0,SL,2551
1787234520000,VALID,0.25,2.25,-1.0,SL,18600
1787246430000,VALID,0.25,2.25,-1.0,SL,9752
1787267280000,VALID,0.25,2.25,-1.0,SL,0
1787288910000,VALID,0.25,2.25,-1.0,SL,0
1787298090000,VALID,0.25,2.25,-1.0,SL,457
1787312280000,VALID,0.25,2.25,-1.0,SL,753
1787325840000,VALID,0.25,2.25,-1.0,SL,5104
1787339850000,VALID,0.25,2.25,-1.0,SL,0
1787340270000,VALID,0.25,2.25,-1.0,SL,0
1787527200000,VALID,0.25,2.25,-1.0,SL,0
1787534100000,VALID,0.25,2.25,-1.0,SL,2095
1787579790000,VALID,0.25,2.25,-1.0,SL,12603
1787583030000,VALID,0.25,2.25,-1.0,SL,147
1787609970000,VALID,0.25,2.25,-1.0,SL,0
1787630220000,VALID,0.25,2.25,-1.0,SL,0
1787647740000,VALID,0.25,2.25,-1.0,SL,14246
1787660070000,VALID,0.25,2.25,-1.0,SL,34801
1787661450000,VALID,0.25,2.25,-1.0,SL,3446
1787664090000,VALID,0.25,2.25,-1.0,SL,456
1787666490000,VALID,0.25,2.25,-1.0,SL,10801
1787687220000,VALID,0.25,2.25,-1.0,SL,0
1787709300000,VALID,0.25,2.25,9.0,TP,165303
1787723070000,VALID,0.25,2.25,-1.0,SL,4352
1787740170000,VALID,0.25,2.25,-1.0,SL,0
1787749530000,VALID,0.25,2.25,-1.0,SL,18599
1787753850000,VALID,0.25,2.25,-1.0,SL,5101
1787788590000,VALID,0.25,2.25,-1.0,SL,0
1787790000000,VALID,0.25,2.25,-1.0,SL,1953
1787794950000,VALID,0.25,2.25,-1.0,SL,2251
1787798520000,VALID,0.25,2.25,-1.0,SL,4950
1787811390000,VALID,0.25,2.25,-1.0,SL,20695
1787823090000,VALID,0.25,2.25,-1.0,SL,0
1787827440000,VALID,0.25,2.25,-1.0,SL,446
1787834550000,VALID,0.25,2.25,4.453218406784521,TIME,299699
1787844150000,VALID,0.25,2.25,-1.0,SL,152
1787854650000,VALID,0.25,2.25,-1.0,SL,5250
1787883540000,VALID,0.25,2.25,-1.0,SL,0
1787917320000,VALID,0.25,2.25,-1.0,SL,0
1787924280000,VALID,0.25,2.25,-1.0,SL,1201
1787925720000,VALID,0.25,2.25,-1.0,SL,16502
1787934900000,VALID,0.25,2.25,5.921278963877212,TIME,299849
1788141930000,VALID,0.25,2.25,-1.0,SL,3002
1788144150000,VALID,0.25,2.25,0.9751850239442875,TIME,299700
1788181080000,VALID,0.25,2.25,-1.0,SL,597
1788221790000,VALID,0.25,2.25,-1.0,SL,77403
1788228720000,VALID,0.25,2.25,-1.0,SL,2844
1788230910000,VALID,0.25,2.25,-1.0,SL,903
1788258720000,VALID,0.25,2.25,-1.0,SL,0
1788262410000,VALID,0.25,2.25,-1.0,SL,35548
1788271980000,VALID,0.25,2.25,7.105412255852212,TIME,299702
1788277740000,VALID,0.25,2.25,-1.0,SL,148
1788303150000,VALID,0.25,2.25,-1.0,SL,0
1788321570000,VALID,0.25,2.25,-1.0,SL,7952
1788333960000,VALID,0.25,2.25,-1.0,SL,14402
1788353280000,VALID,0.25,2.25,-1.0,SL,48599
1788356520000,VALID,0.25,2.25,-1.0,SL,1794
1788377820000,VALID,0.25,2.25,-1.0,SL,0
1788409740000,VALID,0.25,2.25,-1.0,SL,0
1788416880000,VALID,0.25,2.25,2.475685234306036,TIME,299099
1788417360000,VALID,0.25,2.25,-1.0,SL,1348
1788439920000,VALID,0.25,2.25,9.0,TP,209098
1788460260000,VALID,0.25,2.25,-1.0,SL,0
1788461400000,VALID,0.25,2.25,-1.0,SL,0
1788486750000,VALID,0.25,2.25,-1.0,SL,449
1788488160000,VALID,0.25,2.25,-1.0,SL,0
1788491310000,VALID,0.25,2.25,-1.0,SL,0
1788518280000,VALID,0.25,2.25,-1.0,SL,66448
1788535440000,VALID,0.25,2.25,-1.0,SL,20547
1788551280000,VALID,0.25,2.25,-1.0,SL,0
1788767580000,POST_CHECK,0.25,2.25,-1.0,SL,147
1788796560000,POST_CHECK,0.25,2.25,-1.0,SL,0
1788852930000,POST_CHECK,0.25,2.25,-1.0,SL,587
1788853320000,POST_CHECK,0.25,2.25,-1.0,SL,99147
1788855180000,POST_CHECK,0.25,2.25,-1.0,SL,3900
1788864030000,POST_CHECK,0.25,2.25,-1.0,SL,0
1788865590000,POST_CHECK,0.25,2.25,-1.0,SL,0
1788872040000,POST_CHECK,0.25,2.25,-1.0,SL,16048
1788873690000,POST_CHECK,0.25,2.25,-1.0,SL,3146
1788891840000,POST_CHECK,0.25,2.25,-1.0,SL,0
1788893880000,POST_CHECK,0.25,2.25,-1.0,SL,19799
1788894780000,POST_CHECK,0.25,2.25,-1.0,SL,11699
1788912420000,POST_CHECK,0.25,2.25,-1.0,SL,3302
1788921270000,POST_CHECK,0.25,2.25,-1.0,SL,0
1788927510000,POST_CHECK,0.25,2.25,-1.0,SL,0
1788928650000,POST_CHECK,0.25,2.25,-1.0,SL,0
1788936060000,POST_CHECK,0.25,2.25,-1.0,SL,1801
1788946920000,POST_CHECK,0.25,2.25,-1.0,SL,0
1788947610000,POST_CHECK,0.25,2.25,-1.0,SL,0
1788948900000,POST_CHECK,0.25,2.25,-1.0,SL,0
1788999030000,POST_CHECK,0.25,2.25,-1.0,SL,0
1789004220000,POST_CHECK,0.25,2.25,-1.0,SL,32248
1789006830000,POST_CHECK,0.25,2.25,-1.0,SL,9904
1789007910000,POST_CHECK,0.25,2.25,-1.0,SL,4202
1789019610000,POST_CHECK,0.25,2.25,-1.0,SL,1046
1789031820000,POST_CHECK,0.25,2.25,-1.0,SL,9899
1789047570000,POST_CHECK,0.25,2.25,-1.0,SL,61050
1789053690000,POST_CHECK,0.25,2.25,-1.0,SL,12148
1789088850000,POST_CHECK,0.25,2.25,-1.0,SL,5700
1789089270000,POST_CHECK,0.25,2.25,-1.0,SL,2697
1789102410000,POST_CHECK,0.25,2.25,-1.0,SL,2997
1789120140000,POST_CHECK,0.25,2.25,-1.0,SL,0
1789142100000,POST_CHECK,0.25,2.25,-1.0,SL,1803
1789347690000,POST_CHECK,0.25,2.25,-1.0,SL,145
1789383480000,POST_CHECK,0.25,2.25,-1.0,SL,0
1789388280000,POST_CHECK,0.25,2.25,-1.0,SL,14250
1789394400000,POST_CHECK,0.25,2.25,-1.0,SL,4200
1789394850000,POST_CHECK,0.25,2.25,-1.0,SL,8249
1789396470000,POST_CHECK,0.25,2.25,-1.0,SL,4049
1789403580000,POST_CHECK,0.25,2.25,-1.0,SL,300
1789411020000,POST_CHECK,0.25,2.25,-1.0,SL,0
1789428060000,POST_CHECK,0.25,2.25,-1.0,SL,0
1789445400000,POST_CHECK,0.25,2.25,-1.0,SL,0
1789458150000,POST_CHECK,0.25,2.25,-1.0,SL,0
1789468860000,POST_CHECK,0.25,2.25,-1.0,SL,0
1786060200000,TRAIN,0.25,2.5,-1.0,SL,0
1786061580000,TRAIN,0.25,2.5,-1.0,SL,0
1786072020000,TRAIN,0.25,2.5,-1.0,SL,602
1786096110000,TRAIN,0.25,2.5,-1.0,SL,147
1786105620000,TRAIN,0.25,2.5,-1.0,SL,166353
1786332630000,TRAIN,0.25,2.5,-1.0,SL,0
1786340220000,TRAIN,0.25,2.5,-1.0,SL,150
1786341540000,TRAIN,0.25,2.5,-1.0,SL,4953
1786352040000,TRAIN,0.25,2.5,-1.0,SL,0
1786358100000,TRAIN,0.25,2.5,-1.0,SL,0
1786381140000,TRAIN,0.25,2.5,-1.0,SL,0
1786430640000,TRAIN,0.25,2.5,-1.0,SL,18304
1786438140000,TRAIN,0.25,2.5,-1.0,SL,0
1786438500000,TRAIN,0.25,2.5,-1.0,SL,0
1786440810000,TRAIN,0.25,2.5,-1.0,SL,3147
1786451070000,TRAIN,0.25,2.5,-1.0,SL,2852
1786454340000,TRAIN,0.25,2.5,-1.0,SL,450
1786463010000,TRAIN,0.25,2.5,-1.0,SL,5106
1786471950000,TRAIN,0.25,2.5,-1.0,SL,54601
1786493160000,TRAIN,0.25,2.5,-1.0,SL,0
1786504530000,TRAIN,0.25,2.5,-1.0,SL,0
1786526850000,TRAIN,0.25,2.5,-1.0,SL,3750
1786550940000,TRAIN,0.25,2.5,-1.0,SL,19646
1786553460000,TRAIN,0.25,2.5,-1.0,SL,1951
1786553820000,TRAIN,0.25,2.5,8.11156095366554,TIME,299856
1786581240000,TRAIN,0.25,2.5,-1.0,SL,2553
1786587240000,TRAIN,0.25,2.5,-1.0,SL,4949
1786593510000,TRAIN,0.25,2.5,-1.0,SL,0
1786624980000,TRAIN,0.25,2.5,-1.0,SL,176249
1786632990000,TRAIN,0.25,2.5,-1.0,SL,445
1786633320000,TRAIN,0.25,2.5,-1.0,SL,148
1786653840000,TRAIN,0.25,2.5,-1.0,SL,0
1786670520000,TRAIN,0.25,2.5,10.0,TP,186897
1786687980000,TRAIN,0.25,2.5,-1.0,SL,150
1786693650000,TRAIN,0.25,2.5,-1.0,SL,0
1786952010000,TRAIN,0.25,2.5,-1.0,SL,753
1786953810000,TRAIN,0.25,2.5,-1.0,SL,0
1786961190000,TRAIN,0.25,2.5,-1.0,SL,0
1786974090000,TRAIN,0.25,2.5,-1.0,SL,1350
1787014200000,TRAIN,0.25,2.5,-1.0,SL,0
1787023770000,TRAIN,0.25,2.5,-1.0,SL,0
1787047590000,TRAIN,0.25,2.5,-1.0,SL,0
1787049660000,TRAIN,0.25,2.5,-1.0,SL,0
1787066490000,TRAIN,0.25,2.5,-1.0,SL,20711
1787082420000,TRAIN,0.25,2.5,-1.0,SL,149
1787084850000,TRAIN,0.25,2.5,-1.0,SL,198754
1787098590000,TRAIN,0.25,2.5,-1.0,SL,191700
1787104830000,TRAIN,0.25,2.5,-1.0,SL,451
1787117580000,TRAIN,0.25,2.5,-1.0,SL,598
1787140380000,TRAIN,0.25,2.5,-1.0,SL,0
1787141130000,TRAIN,0.25,2.5,-1.0,SL,0
1787143260000,TRAIN,0.25,2.5,-1.0,SL,27300
1787149170000,TRAIN,0.25,2.5,-1.0,SL,2400
1787170380000,TRAIN,0.25,2.5,-1.0,SL,0
1787184990000,VALID,0.25,2.5,-1.0,SL,3000
1787199990000,VALID,0.25,2.5,-1.0,SL,0
1787220390000,VALID,0.25,2.5,-1.0,SL,147
1787229570000,VALID,0.25,2.5,-1.0,SL,5694
1787232870000,VALID,0.25,2.5,-1.0,SL,2551
1787234520000,VALID,0.25,2.5,-1.0,SL,18600
1787246430000,VALID,0.25,2.5,-1.0,SL,9752
1787267280000,VALID,0.25,2.5,-1.0,SL,0
1787288910000,VALID,0.25,2.5,-1.0,SL,0
1787298090000,VALID,0.25,2.5,-1.0,SL,457
1787312280000,VALID,0.25,2.5,-1.0,SL,753
1787325840000,VALID,0.25,2.5,-1.0,SL,5104
1787339850000,VALID,0.25,2.5,-1.0,SL,0
1787340270000,VALID,0.25,2.5,-1.0,SL,0
1787527200000,VALID,0.25,2.5,-1.0,SL,0
1787534100000,VALID,0.25,2.5,-1.0,SL,2095
1787579790000,VALID,0.25,2.5,-1.0,SL,12603
1787583030000,VALID,0.25,2.5,-1.0,SL,147
1787609970000,VALID,0.25,2.5,-1.0,SL,0
1787630220000,VALID,0.25,2.5,-1.0,SL,0
1787647740000,VALID,0.25,2.5,-1.0,SL,14246
1787660070000,VALID,0.25,2.5,-1.0,SL,34801
1787661450000,VALID,0.25,2.5,-1.0,SL,3446
1787664090000,VALID,0.25,2.5,-1.0,SL,456
1787666490000,VALID,0.25,2.5,-1.0,SL,10801
1787687220000,VALID,0.25,2.5,-1.0,SL,0
1787709300000,VALID,0.25,2.5,10.0,TP,180752
1787723070000,VALID,0.25,2.5,-1.0,SL,4352
1787740170000,VALID,0.25,2.5,-1.0,SL,0
1787749530000,VALID,0.25,2.5,-1.0,SL,18599
1787753850000,VALID,0.25,2.5,-1.0,SL,5101
1787788590000,VALID,0.25,2.5,-1.0,SL,0
1787790000000,VALID,0.25,2.5,-1.0,SL,1953
1787794950000,VALID,0.25,2.5,-1.0,SL,2251
1787798520000,VALID,0.25,2.5,-1.0,SL,4950
1787811390000,VALID,0.25,2.5,-1.0,SL,20695
1787823090000,VALID,0.25,2.5,-1.0,SL,0
1787827440000,VALID,0.25,2.5,-1.0,SL,446
1787834550000,VALID,0.25,2.5,4.453218406784521,TIME,299699
1787844150000,VALID,0.25,2.5,-1.0,SL,152
1787854650000,VALID,0.25,2.5,-1.0,SL,5250
1787883540000,VALID,0.25,2.5,-1.0,SL,0
1787917320000,VALID,0.25,2.5,-1.0,SL,0
1787924280000,VALID,0.25,2.5,-1.0,SL,1201
1787925720000,VALID,0.25,2.5,-1.0,SL,16502
1787934900000,VALID,0.25,2.5,5.921278963877212,TIME,299849
1788141930000,VALID,0.25,2.5,-1.0,SL,3002
1788144150000,VALID,0.25,2.5,0.9751850239442875,TIME,299700
1788181080000,VALID,0.25,2.5,-1.0,SL,597
1788221790000,VALID,0.25,2.5,-1.0,SL,77403
1788228720000,VALID,0.25,2.5,-1.0,SL,2844
1788230910000,VALID,0.25,2.5,-1.0,SL,903
1788258720000,VALID,0.25,2.5,-1.0,SL,0
1788262410000,VALID,0.25,2.5,-1.0,SL,35548
1788271980000,VALID,0.25,2.5,7.105412255852212,TIME,299702
1788277740000,VALID,0.25,2.5,-1.0,SL,148
1788303150000,VALID,0.25,2.5,-1.0,SL,0
1788321570000,VALID,0.25,2.5,-1.0,SL,7952
1788333960000,VALID,0.25,2.5,-1.0,SL,14402
1788353280000,VALID,0.25,2.5,-1.0,SL,48599
1788356520000,VALID,0.25,2.5,-1.0,SL,1794
1788377820000,VALID,0.25,2.5,-1.0,SL,0
1788409740000,VALID,0.25,2.5,-1.0,SL,0
1788416880000,VALID,0.25,2.5,2.475685234306036,TIME,299099
1788417360000,VALID,0.25,2.5,-1.0,SL,1348
1788439920000,VALID,0.25,2.5,10.0,TP,218247
1788460260000,VALID,0.25,2.5,-1.0,SL,0
1788461400000,VALID,0.25,2.5,-1.0,SL,0
1788486750000,VALID,0.25,2.5,-1.0,SL,449
1788488160000,VALID,0.25,2.5,-1.0,SL,0
1788491310000,VALID,0.25,2.5,-1.0,SL,0
1788518280000,VALID,0.25,2.5,-1.0,SL,66448
1788535440000,VALID,0.25,2.5,-1.0,SL,20547
1788551280000,VALID,0.25,2.5,-1.0,SL,0
1788767580000,POST_CHECK,0.25,2.5,-1.0,SL,147
1788796560000,POST_CHECK,0.25,2.5,-1.0,SL,0
1788852930000,POST_CHECK,0.25,2.5,-1.0,SL,587
1788853320000,POST_CHECK,0.25,2.5,-1.0,SL,99147
1788855180000,POST_CHECK,0.25,2.5,-1.0,SL,3900
1788864030000,POST_CHECK,0.25,2.5,-1.0,SL,0
1788865590000,POST_CHECK,0.25,2.5,-1.0,SL,0
1788872040000,POST_CHECK,0.25,2.5,-1.0,SL,16048
1788873690000,POST_CHECK,0.25,2.5,-1.0,SL,3146
1788891840000,POST_CHECK,0.25,2.5,-1.0,SL,0
1788893880000,POST_CHECK,0.25,2.5,-1.0,SL,19799
1788894780000,POST_CHECK,0.25,2.5,-1.0,SL,11699
1788912420000,POST_CHECK,0.25,2.5,-1.0,SL,3302
1788921270000,POST_CHECK,0.25,2.5,-1.0,SL,0
1788927510000,POST_CHECK,0.25,2.5,-1.0,SL,0
1788928650000,POST_CHECK,0.25,2.5,-1.0,SL,0
1788936060000,POST_CHECK,0.25,2.5,-1.0,SL,1801
1788946920000,POST_CHECK,0.25,2.5,-1.0,SL,0
1788947610000,POST_CHECK,0.25,2.5,-1.0,SL,0
1788948900000,POST_CHECK,0.25,2.5,-1.0,SL,0
1788999030000,POST_CHECK,0.25,2.5,-1.0,SL,0
1789004220000,POST_CHECK,0.25,2.5,-1.0,SL,32248
1789006830000,POST_CHECK,0.25,2.5,-1.0,SL,9904
1789007910000,POST_CHECK,0.25,2.5,-1.0,SL,4202
1789019610000,POST_CHECK,0.25,2.5,-1.0,SL,1046
1789031820000,POST_CHECK,0.25,2.5,-1.0,SL,9899
1789047570000,POST_CHECK,0.25,2.5,-1.0,SL,61050
1789053690000,POST_CHECK,0.25,2.5,-1.0,SL,12148
1789088850000,POST_CHECK,0.25,2.5,-1.0,SL,5700
1789089270000,POST_CHECK,0.25,2.5,-1.0,SL,2697
1789102410000,POST_CHECK,0.25,2.5,-1.0,SL,2997
1789120140000,POST_CHECK,0.25,2.5,-1.0,SL,0
1789142100000,POST_CHECK,0.25,2.5,-1.0,SL,1803
1789347690000,POST_CHECK,0.25,2.5,-1.0,SL,145
1789383480000,POST_CHECK,0.25,2.5,-1.0,SL,0
1789388280000,POST_CHECK,0.25,2.5,-1.0,SL,14250
1789394400000,POST_CHECK,0.25,2.5,-1.0,SL,4200
1789394850000,POST_CHECK,0.25,2.5,-1.0,SL,8249
1789396470000,POST_CHECK,0.25,2.5,-1.0,SL,4049
1789403580000,POST_CHECK,0.25,2.5,-1.0,SL,300
1789411020000,POST_CHECK,0.25,2.5,-1.0,SL,0
1789428060000,POST_CHECK,0.25,2.5,-1.0,SL,0
1789445400000,POST_CHECK,0.25,2.5,-1.0,SL,0
1789458150000,POST_CHECK,0.25,2.5,-1.0,SL,0
1789468860000,POST_CHECK,0.25,2.5,-1.0,SL,0
1786060200000,TRAIN,0.25,2.75,-1.0,SL,0
1786061580000,TRAIN,0.25,2.75,-1.0,SL,0
1786072020000,TRAIN,0.25,2.75,-1.0,SL,602
1786096110000,TRAIN,0.25,2.75,-1.0,SL,147
1786105620000,TRAIN,0.25,2.75,-1.0,SL,166353
1786332630000,TRAIN,0.25,2.75,-1.0,SL,0
1786340220000,TRAIN,0.25,2.75,-1.0,SL,150
1786341540000,TRAIN,0.25,2.75,-1.0,SL,4953
1786352040000,TRAIN,0.25,2.75,-1.0,SL,0
1786358100000,TRAIN,0.25,2.75,-1.0,SL,0
1786381140000,TRAIN,0.25,2.75,-1.0,SL,0
1786430640000,TRAIN,0.25,2.75,-1.0,SL,18304
1786438140000,TRAIN,0.25,2.75,-1.0,SL,0
1786438500000,TRAIN,0.25,2.75,-1.0,SL,0
1786440810000,TRAIN,0.25,2.75,-1.0,SL,3147
1786451070000,TRAIN,0.25,2.75,-1.0,SL,2852
1786454340000,TRAIN,0.25,2.75,-1.0,SL,450
1786463010000,TRAIN,0.25,2.75,-1.0,SL,5106
1786471950000,TRAIN,0.25,2.75,-1.0,SL,54601
1786493160000,TRAIN,0.25,2.75,-1.0,SL,0
1786504530000,TRAIN,0.25,2.75,-1.0,SL,0
1786526850000,TRAIN,0.25,2.75,-1.0,SL,3750
1786550940000,TRAIN,0.25,2.75,-1.0,SL,19646
1786553460000,TRAIN,0.25,2.75,-1.0,SL,1951
1786553820000,TRAIN,0.25,2.75,8.11156095366554,TIME,299856
1786581240000,TRAIN,0.25,2.75,-1.0,SL,2553
1786587240000,TRAIN,0.25,2.75,-1.0,SL,4949
1786593510000,TRAIN,0.25,2.75,-1.0,SL,0
1786624980000,TRAIN,0.25,2.75,-1.0,SL,176249
1786632990000,TRAIN,0.25,2.75,-1.0,SL,445
1786633320000,TRAIN,0.25,2.75,-1.0,SL,148
1786653840000,TRAIN,0.25,2.75,-1.0,SL,0
1786670520000,TRAIN,0.25,2.75,4.786991869918856,TIME,299843
1786687980000,TRAIN,0.25,2.75,-1.0,SL,150
1786693650000,TRAIN,0.25,2.75,-1.0,SL,0
1786952010000,TRAIN,0.25,2.75,-1.0,SL,753
1786953810000,TRAIN,0.25,2.75,-1.0,SL,0
1786961190000,TRAIN,0.25,2.75,-1.0,SL,0
1786974090000,TRAIN,0.25,2.75,-1.0,SL,1350
1787014200000,TRAIN,0.25,2.75,-1.0,SL,0
1787023770000,TRAIN,0.25,2.75,-1.0,SL,0
1787047590000,TRAIN,0.25,2.75,-1.0,SL,0
1787049660000,TRAIN,0.25,2.75,-1.0,SL,0
1787066490000,TRAIN,0.25,2.75,-1.0,SL,20711
1787082420000,TRAIN,0.25,2.75,-1.0,SL,149
1787084850000,TRAIN,0.25,2.75,-1.0,SL,198754
1787098590000,TRAIN,0.25,2.75,-1.0,SL,191700
1787104830000,TRAIN,0.25,2.75,-1.0,SL,451
1787117580000,TRAIN,0.25,2.75,-1.0,SL,598
1787140380000,TRAIN,0.25,2.75,-1.0,SL,0
1787141130000,TRAIN,0.25,2.75,-1.0,SL,0
1787143260000,TRAIN,0.25,2.75,-1.0,SL,27300
1787149170000,TRAIN,0.25,2.75,-1.0,SL,2400
1787170380000,TRAIN,0.25,2.75,-1.0,SL,0
1787184990000,VALID,0.25,2.75,-1.0,SL,3000
1787199990000,VALID,0.25,2.75,-1.0,SL,0
1787220390000,VALID,0.25,2.75,-1.0,SL,147
1787229570000,VALID,0.25,2.75,-1.0,SL,5694
1787232870000,VALID,0.25,2.75,-1.0,SL,2551
1787234520000,VALID,0.25,2.75,-1.0,SL,18600
1787246430000,VALID,0.25,2.75,-1.0,SL,9752
1787267280000,VALID,0.25,2.75,-1.0,SL,0
1787288910000,VALID,0.25,2.75,-1.0,SL,0
1787298090000,VALID,0.25,2.75,-1.0,SL,457
1787312280000,VALID,0.25,2.75,-1.0,SL,753
1787325840000,VALID,0.25,2.75,-1.0,SL,5104
1787339850000,VALID,0.25,2.75,-1.0,SL,0
1787340270000,VALID,0.25,2.75,-1.0,SL,0
1787527200000,VALID,0.25,2.75,-1.0,SL,0
1787534100000,VALID,0.25,2.75,-1.0,SL,2095
1787579790000,VALID,0.25,2.75,-1.0,SL,12603
1787583030000,VALID,0.25,2.75,-1.0,SL,147
1787609970000,VALID,0.25,2.75,-1.0,SL,0
1787630220000,VALID,0.25,2.75,-1.0,SL,0
1787647740000,VALID,0.25,2.75,-1.0,SL,14246
1787660070000,VALID,0.25,2.75,-1.0,SL,34801
1787661450000,VALID,0.25,2.75,-1.0,SL,3446
1787664090000,VALID,0.25,2.75,-1.0,SL,456
1787666490000,VALID,0.25,2.75,-1.0,SL,10801
1787687220000,VALID,0.25,2.75,-1.0,SL,0
1787709300000,VALID,0.25,2.75,11.0,TP,181202
1787723070000,VALID,0.25,2.75,-1.0,SL,4352
1787740170000,VALID,0.25,2.75,-1.0,SL,0
1787749530000,VALID,0.25,2.75,-1.0,SL,18599
1787753850000,VALID,0.25,2.75,-1.0,SL,5101
1787788590000,VALID,0.25,2.75,-1.0,SL,0
1787790000000,VALID,0.25,2.75,-1.0,SL,1953
1787794950000,VALID,0.25,2.75,-1.0,SL,2251
1787798520000,VALID,0.25,2.75,-1.0,SL,4950
1787811390000,VALID,0.25,2.75,-1.0,SL,20695
1787823090000,VALID,0.25,2.75,-1.0,SL,0
1787827440000,VALID,0.25,2.75,-1.0,SL,446
1787834550000,VALID,0.25,2.75,4.453218406784521,TIME,299699
1787844150000,VALID,0.25,2.75,-1.0,SL,152
1787854650000,VALID,0.25,2.75,-1.0,SL,5250
1787883540000,VALID,0.25,2.75,-1.0,SL,0
1787917320000,VALID,0.25,2.75,-1.0,SL,0
1787924280000,VALID,0.25,2.75,-1.0,SL,1201
1787925720000,VALID,0.25,2.75,-1.0,SL,16502
1787934900000,VALID,0.25,2.75,5.921278963877212,TIME,299849
1788141930000,VALID,0.25,2.75,-1.0,SL,3002
1788144150000,VALID,0.25,2.75,0.9751850239442875,TIME,299700
1788181080000,VALID,0.25,2.75,-1.0,SL,597
1788221790000,VALID,0.25,2.75,-1.0,SL,77403
1788228720000,VALID,0.25,2.75,-1.0,SL,2844
1788230910000,VALID,0.25,2.75,-1.0,SL,903
1788258720000,VALID,0.25,2.75,-1.0,SL,0
1788262410000,VALID,0.25,2.75,-1.0,SL,35548
1788271980000,VALID,0.25,2.75,7.105412255852212,TIME,299702
1788277740000,VALID,0.25,2.75,-1.0,SL,148
1788303150000,VALID,0.25,2.75,-1.0,SL,0
1788321570000,VALID,0.25,2.75,-1.0,SL,7952
1788333960000,VALID,0.25,2.75,-1.0,SL,14402
1788353280000,VALID,0.25,2.75,-1.0,SL,48599
1788356520000,VALID,0.25,2.75,-1.0,SL,1794
1788377820000,VALID,0.25,2.75,-1.0,SL,0
1788409740000,VALID,0.25,2.75,-1.0,SL,0
1788416880000,VALID,0.25,2.75,2.475685234306036,TIME,299099
1788417360000,VALID,0.25,2.75,-1.0,SL,1348
1788439920000,VALID,0.25,2.75,9.681673640167,TIME,299849
1788460260000,VALID,0.25,2.75,-1.0,SL,0
1788461400000,VALID,0.25,2.75,-1.0,SL,0
1788486750000,VALID,0.25,2.75,-1.0,SL,449
1788488160000,VALID,0.25,2.75,-1.0,SL,0
1788491310000,VALID,0.25,2.75,-1.0,SL,0
1788518280000,VALID,0.25,2.75,-1.0,SL,66448
1788535440000,VALID,0.25,2.75,-1.0,SL,20547
1788551280000,VALID,0.25,2.75,-1.0,SL,0
1788767580000,POST_CHECK,0.25,2.75,-1.0,SL,147
1788796560000,POST_CHECK,0.25,2.75,-1.0,SL,0
1788852930000,POST_CHECK,0.25,2.75,-1.0,SL,587
1788853320000,POST_CHECK,0.25,2.75,-1.0,SL,99147
1788855180000,POST_CHECK,0.25,2.75,-1.0,SL,3900
1788864030000,POST_CHECK,0.25,2.75,-1.0,SL,0
1788865590000,POST_CHECK,0.25,2.75,-1.0,SL,0
1788872040000,POST_CHECK,0.25,2.75,-1.0,SL,16048
1788873690000,POST_CHECK,0.25,2.75,-1.0,SL,3146
1788891840000,POST_CHECK,0.25,2.75,-1.0,SL,0
1788893880000,POST_CHECK,0.25,2.75,-1.0,SL,19799
1788894780000,POST_CHECK,0.25,2.75,-1.0,SL,11699
1788912420000,POST_CHECK,0.25,2.75,-1.0,SL,3302
1788921270000,POST_CHECK,0.25,2.75,-1.0,SL,0
1788927510000,POST_CHECK,0.25,2.75,-1.0,SL,0
1788928650000,POST_CHECK,0.25,2.75,-1.0,SL,0
1788936060000,POST_CHECK,0.25,2.75,-1.0,SL,1801
1788946920000,POST_CHECK,0.25,2.75,-1.0,SL,0
1788947610000,POST_CHECK,0.25,2.75,-1.0,SL,0
1788948900000,POST_CHECK,0.25,2.75,-1.0,SL,0
1788999030000,POST_CHECK,0.25,2.75,-1.0,SL,0
1789004220000,POST_CHECK,0.25,2.75,-1.0,SL,32248
1789006830000,POST_CHECK,0.25,2.75,-1.0,SL,9904
1789007910000,POST_CHECK,0.25,2.75,-1.0,SL,4202
1789019610000,POST_CHECK,0.25,2.75,-1.0,SL,1046
1789031820000,POST_CHECK,0.25,2.75,-1.0,SL,9899
1789047570000,POST_CHECK,0.25,2.75,-1.0,SL,61050
1789053690000,POST_CHECK,0.25,2.75,-1.0,SL,12148
1789088850000,POST_CHECK,0.25,2.75,-1.0,SL,5700
1789089270000,POST_CHECK,0.25,2.75,-1.0,SL,2697
1789102410000,POST_CHECK,0.25,2.75,-1.0,SL,2997
1789120140000,POST_CHECK,0.25,2.75,-1.0,SL,0
1789142100000,POST_CHECK,0.25,2.75,-1.0,SL,1803
1789347690000,POST_CHECK,0.25,2.75,-1.0,SL,145
1789383480000,POST_CHECK,0.25,2.75,-1.0,SL,0
1789388280000,POST_CHECK,0.25,2.75,-1.0,SL,14250
1789394400000,POST_CHECK,0.25,2.75,-1.0,SL,4200
1789394850000,POST_CHECK,0.25,2.75,-1.0,SL,8249
1789396470000,POST_CHECK,0.25,2.75,-1.0,SL,4049
1789403580000,POST_CHECK,0.25,2.75,-1.0,SL,300
1789411020000,POST_CHECK,0.25,2.75,-1.0,SL,0
1789428060000,POST_CHECK,0.25,2.75,-1.0,SL,0
1789445400000,POST_CHECK,0.25,2.75,-1.0,SL,0
1789458150000,POST_CHECK,0.25,2.75,-1.0,SL,0
1789468860000,POST_CHECK,0.25,2.75,-1.0,SL,0
1786060200000,TRAIN,0.25,3.0,-1.0,SL,0
1786061580000,TRAIN,0.25,3.0,-1.0,SL,0
1786072020000,TRAIN,0.25,3.0,-1.0,SL,602
1786096110000,TRAIN,0.25,3.0,-1.0,SL,147
1786105620000,TRAIN,0.25,3.0,-1.0,SL,166353
1786332630000,TRAIN,0.25,3.0,-1.0,SL,0
1786340220000,TRAIN,0.25,3.0,-1.0,SL,150
1786341540000,TRAIN,0.25,3.0,-1.0,SL,4953
1786352040000,TRAIN,0.25,3.0,-1.0,SL,0
1786358100000,TRAIN,0.25,3.0,-1.0,SL,0
1786381140000,TRAIN,0.25,3.0,-1.0,SL,0
1786430640000,TRAIN,0.25,3.0,-1.0,SL,18304
1786438140000,TRAIN,0.25,3.0,-1.0,SL,0
1786438500000,TRAIN,0.25,3.0,-1.0,SL,0
1786440810000,TRAIN,0.25,3.0,-1.0,SL,3147
1786451070000,TRAIN,0.25,3.0,-1.0,SL,2852
1786454340000,TRAIN,0.25,3.0,-1.0,SL,450
1786463010000,TRAIN,0.25,3.0,-1.0,SL,5106
1786471950000,TRAIN,0.25,3.0,-1.0,SL,54601
1786493160000,TRAIN,0.25,3.0,-1.0,SL,0
1786504530000,TRAIN,0.25,3.0,-1.0,SL,0
1786526850000,TRAIN,0.25,3.0,-1.0,SL,3750
1786550940000,TRAIN,0.25,3.0,-1.0,SL,19646
1786553460000,TRAIN,0.25,3.0,-1.0,SL,1951
1786553820000,TRAIN,0.25,3.0,8.11156095366554,TIME,299856
1786581240000,TRAIN,0.25,3.0,-1.0,SL,2553
1786587240000,TRAIN,0.25,3.0,-1.0,SL,4949
1786593510000,TRAIN,0.25,3.0,-1.0,SL,0
1786624980000,TRAIN,0.25,3.0,-1.0,SL,176249
1786632990000,TRAIN,0.25,3.0,-1.0,SL,445
1786633320000,TRAIN,0.25,3.0,-1.0,SL,148
1786653840000,TRAIN,0.25,3.0,-1.0,SL,0
1786670520000,TRAIN,0.25,3.0,4.786991869918856,TIME,299843
1786687980000,TRAIN,0.25,3.0,-1.0,SL,150
1786693650000,TRAIN,0.25,3.0,-1.0,SL,0
1786952010000,TRAIN,0.25,3.0,-1.0,SL,753
1786953810000,TRAIN,0.25,3.0,-1.0,SL,0
1786961190000,TRAIN,0.25,3.0,-1.0,SL,0
1786974090000,TRAIN,0.25,3.0,-1.0,SL,1350
1787014200000,TRAIN,0.25,3.0,-1.0,SL,0
1787023770000,TRAIN,0.25,3.0,-1.0,SL,0
1787047590000,TRAIN,0.25,3.0,-1.0,SL,0
1787049660000,TRAIN,0.25,3.0,-1.0,SL,0
1787066490000,TRAIN,0.25,3.0,-1.0,SL,20711
1787082420000,TRAIN,0.25,3.0,-1.0,SL,149
1787084850000,TRAIN,0.25,3.0,-1.0,SL,198754
1787098590000,TRAIN,0.25,3.0,-1.0,SL,191700
1787104830000,TRAIN,0.25,3.0,-1.0,SL,451
1787117580000,TRAIN,0.25,3.0,-1.0,SL,598
1787140380000,TRAIN,0.25,3.0,-1.0,SL,0
1787141130000,TRAIN,0.25,3.0,-1.0,SL,0
1787143260000,TRAIN,0.25,3.0,-1.0,SL,27300
1787149170000,TRAIN,0.25,3.0,-1.0,SL,2400
1787170380000,TRAIN,0.25,3.0,-1.0,SL,0
1787184990000,VALID,0.25,3.0,-1.0,SL,3000
1787199990000,VALID,0.25,3.0,-1.0,SL,0
1787220390000,VALID,0.25,3.0,-1.0,SL,147
1787229570000,VALID,0.25,3.0,-1.0,SL,5694
1787232870000,VALID,0.25,3.0,-1.0,SL,2551
1787234520000,VALID,0.25,3.0,-1.0,SL,18600
1787246430000,VALID,0.25,3.0,-1.0,SL,9752
1787267280000,VALID,0.25,3.0,-1.0,SL,0
1787288910000,VALID,0.25,3.0,-1.0,SL,0
1787298090000,VALID,0.25,3.0,-1.0,SL,457
1787312280000,VALID,0.25,3.0,-1.0,SL,753
1787325840000,VALID,0.25,3.0,-1.0,SL,5104
1787339850000,VALID,0.25,3.0,-1.0,SL,0
1787340270000,VALID,0.25,3.0,-1.0,SL,0
1787527200000,VALID,0.25,3.0,-1.0,SL,0
1787534100000,VALID,0.25,3.0,-1.0,SL,2095
1787579790000,VALID,0.25,3.0,-1.0,SL,12603
1787583030000,VALID,0.25,3.0,-1.0,SL,147
1787609970000,VALID,0.25,3.0,-1.0,SL,0
1787630220000,VALID,0.25,3.0,-1.0,SL,0
1787647740000,VALID,0.25,3.0,-1.0,SL,14246
1787660070000,VALID,0.25,3.0,-1.0,SL,34801
1787661450000,VALID,0.25,3.0,-1.0,SL,3446
1787664090000,VALID,0.25,3.0,-1.0,SL,456
1787666490000,VALID,0.25,3.0,-1.0,SL,10801
1787687220000,VALID,0.25,3.0,-1.0,SL,0
1787709300000,VALID,0.25,3.0,12.0,TP,182402
1787723070000,VALID,0.25,3.0,-1.0,SL,4352
1787740170000,VALID,0.25,3.0,-1.0,SL,0
1787749530000,VALID,0.25,3.0,-1.0,SL,18599
1787753850000,VALID,0.25,3.0,-1.0,SL,5101
1787788590000,VALID,0.25,3.0,-1.0,SL,0
1787790000000,VALID,0.25,3.0,-1.0,SL,1953
1787794950000,VALID,0.25,3.0,-1.0,SL,2251
1787798520000,VALID,0.25,3.0,-1.0,SL,4950
1787811390000,VALID,0.25,3.0,-1.0,SL,20695
1787823090000,VALID,0.25,3.0,-1.0,SL,0
1787827440000,VALID,0.25,3.0,-1.0,SL,446
1787834550000,VALID,0.25,3.0,4.453218406784521,TIME,299699
1787844150000,VALID,0.25,3.0,-1.0,SL,152
1787854650000,VALID,0.25,3.0,-1.0,SL,5250
1787883540000,VALID,0.25,3.0,-1.0,SL,0
1787917320000,VALID,0.25,3.0,-1.0,SL,0
1787924280000,VALID,0.25,3.0,-1.0,SL,1201
1787925720000,VALID,0.25,3.0,-1.0,SL,16502
1787934900000,VALID,0.25,3.0,5.921278963877212,TIME,299849
1788141930000,VALID,0.25,3.0,-1.0,SL,3002
1788144150000,VALID,0.25,3.0,0.9751850239442875,TIME,299700
1788181080000,VALID,0.25,3.0,-1.0,SL,597
1788221790000,VALID,0.25,3.0,-1.0,SL,77403
1788228720000,VALID,0.25,3.0,-1.0,SL,2844
1788230910000,VALID,0.25,3.0,-1.0,SL,903
1788258720000,VALID,0.25,3.0,-1.0,SL,0
1788262410000,VALID,0.25,3.0,-1.0,SL,35548
1788271980000,VALID,0.25,3.0,7.105412255852212,TIME,299702
1788277740000,VALID,0.25,3.0,-1.0,SL,148
1788303150000,VALID,0.25,3.0,-1.0,SL,0
1788321570000,VALID,0.25,3.0,-1.0,SL,7952
1788333960000,VALID,0.25,3.0,-1.0,SL,14402
1788353280000,VALID,0.25,3.0,-1.0,SL,48599
1788356520000,VALID,0.25,3.0,-1.0,SL,1794
1788377820000,VALID,0.25,3.0,-1.0,SL,0
1788409740000,VALID,0.25,3.0,-1.0,SL,0
1788416880000,VALID,0.25,3.0,2.475685234306036,TIME,299099
1788417360000,VALID,0.25,3.0,-1.0,SL,1348
1788439920000,VALID,0.25,3.0,9.681673640167,TIME,299849
1788460260000,VALID,0.25,3.0,-1.0,SL,0
1788461400000,VALID,0.25,3.0,-1.0,SL,0
1788486750000,VALID,0.25,3.0,-1.0,SL,449
1788488160000,VALID,0.25,3.0,-1.0,SL,0
1788491310000,VALID,0.25,3.0,-1.0,SL,0
1788518280000,VALID,0.25,3.0,-1.0,SL,66448
1788535440000,VALID,0.25,3.0,-1.0,SL,20547
1788551280000,VALID,0.25,3.0,-1.0,SL,0
1788767580000,POST_CHECK,0.25,3.0,-1.0,SL,147
1788796560000,POST_CHECK,0.25,3.0,-1.0,SL,0
1788852930000,POST_CHECK,0.25,3.0,-1.0,SL,587
1788853320000,POST_CHECK,0.25,3.0,-1.0,SL,99147
1788855180000,POST_CHECK,0.25,3.0,-1.0,SL,3900
1788864030000,POST_CHECK,0.25,3.0,-1.0,SL,0
1788865590000,POST_CHECK,0.25,3.0,-1.0,SL,0
1788872040000,POST_CHECK,0.25,3.0,-1.0,SL,16048
1788873690000,POST_CHECK,0.25,3.0,-1.0,SL,3146
1788891840000,POST_CHECK,0.25,3.0,-1.0,SL,0
1788893880000,POST_CHECK,0.25,3.0,-1.0,SL,19799
1788894780000,POST_CHECK,0.25,3.0,-1.0,SL,11699
1788912420000,POST_CHECK,0.25,3.0,-1.0,SL,3302
1788921270000,POST_CHECK,0.25,3.0,-1.0,SL,0
1788927510000,POST_CHECK,0.25,3.0,-1.0,SL,0
1788928650000,POST_CHECK,0.25,3.0,-1.0,SL,0
1788936060000,POST_CHECK,0.25,3.0,-1.0,SL,1801
1788946920000,POST_CHECK,0.25,3.0,-1.0,SL,0
1788947610000,POST_CHECK,0.25,3.0,-1.0,SL,0
1788948900000,POST_CHECK,0.25,3.0,-1.0,SL,0
1788999030000,POST_CHECK,0.25,3.0,-1.0,SL,0
1789004220000,POST_CHECK,0.25,3.0,-1.0,SL,32248
1789006830000,POST_CHECK,0.25,3.0,-1.0,SL,9904
1789007910000,POST_CHECK,0.25,3.0,-1.0,SL,4202
1789019610000,POST_CHECK,0.25,3.0,-1.0,SL,1046
1789031820000,POST_CHECK,0.25,3.0,-1.0,SL,9899
1789047570000,POST_CHECK,0.25,3.0,-1.0,SL,61050
1789053690000,POST_CHECK,0.25,3.0,-1.0,SL,12148
1789088850000,POST_CHECK,0.25,3.0,-1.0,SL,5700
1789089270000,POST_CHECK,0.25,3.0,-1.0,SL,2697
1789102410000,POST_CHECK,0.25,3.0,-1.0,SL,2997
1789120140000,POST_CHECK,0.25,3.0,-1.0,SL,0
1789142100000,POST_CHECK,0.25,3.0,-1.0,SL,1803
1789347690000,POST_CHECK,0.25,3.0,-1.0,SL,145
1789383480000,POST_CHECK,0.25,3.0,-1.0,SL,0
1789388280000,POST_CHECK,0.25,3.0,-1.0,SL,14250
1789394400000,POST_CHECK,0.25,3.0,-1.0,SL,4200
1789394850000,POST_CHECK,0.25,3.0,-1.0,SL,8249
1789396470000,POST_CHECK,0.25,3.0,-1.0,SL,4049
1789403580000,POST_CHECK,0.25,3.0,-1.0,SL,300
1789411020000,POST_CHECK,0.25,3.0,-1.0,SL,0
1789428060000,POST_CHECK,0.25,3.0,-1.0,SL,0
1789445400000,POST_CHECK,0.25,3.0,-1.0,SL,0
1789458150000,POST_CHECK,0.25,3.0,-1.0,SL,0
1789468860000,POST_CHECK,0.25,3.0,-1.0,SL,0
1786060200000,TRAIN,0.25,3.25,-1.0,SL,0
1786061580000,TRAIN,0.25,3.25,-1.0,SL,0
1786072020000,TRAIN,0.25,3.25,-1.0,SL,602
1786096110000,TRAIN,0.25,3.25,-1.0,SL,147
1786105620000,TRAIN,0.25,3.25,-1.0,SL,166353
1786332630000,TRAIN,0.25,3.25,-1.0,SL,0
1786340220000,TRAIN,0.25,3.25,-1.0,SL,150
1786341540000,TRAIN,0.25,3.25,-1.0,SL,4953
1786352040000,TRAIN,0.25,3.25,-1.0,SL,0
1786358100000,TRAIN,0.25,3.25,-1.0,SL,0
1786381140000,TRAIN,0.25,3.25,-1.0,SL,0
1786430640000,TRAIN,0.25,3.25,-1.0,SL,18304
1786438140000,TRAIN,0.25,3.25,-1.0,SL,0
1786438500000,TRAIN,0.25,3.25,-1.0,SL,0
1786440810000,TRAIN,0.25,3.25,-1.0,SL,3147
1786451070000,TRAIN,0.25,3.25,-1.0,SL,2852
1786454340000,TRAIN,0.25,3.25,-1.0,SL,450
1786463010000,TRAIN,0.25,3.25,-1.0,SL,5106
1786471950000,TRAIN,0.25,3.25,-1.0,SL,54601
1786493160000,TRAIN,0.25,3.25,-1.0,SL,0
1786504530000,TRAIN,0.25,3.25,-1.0,SL,0
1786526850000,TRAIN,0.25,3.25,-1.0,SL,3750
1786550940000,TRAIN,0.25,3.25,-1.0,SL,19646
1786553460000,TRAIN,0.25,3.25,-1.0,SL,1951
1786553820000,TRAIN,0.25,3.25,8.11156095366554,TIME,299856
1786581240000,TRAIN,0.25,3.25,-1.0,SL,2553
1786587240000,TRAIN,0.25,3.25,-1.0,SL,4949
1786593510000,TRAIN,0.25,3.25,-1.0,SL,0
1786624980000,TRAIN,0.25,3.25,-1.0,SL,176249
1786632990000,TRAIN,0.25,3.25,-1.0,SL,445
1786633320000,TRAIN,0.25,3.25,-1.0,SL,148
1786653840000,TRAIN,0.25,3.25,-1.0,SL,0
1786670520000,TRAIN,0.25,3.25,4.786991869918856,TIME,299843
1786687980000,TRAIN,0.25,3.25,-1.0,SL,150
1786693650000,TRAIN,0.25,3.25,-1.0,SL,0
1786952010000,TRAIN,0.25,3.25,-1.0,SL,753
1786953810000,TRAIN,0.25,3.25,-1.0,SL,0
1786961190000,TRAIN,0.25,3.25,-1.0,SL,0
1786974090000,TRAIN,0.25,3.25,-1.0,SL,1350
1787014200000,TRAIN,0.25,3.25,-1.0,SL,0
1787023770000,TRAIN,0.25,3.25,-1.0,SL,0
1787047590000,TRAIN,0.25,3.25,-1.0,SL,0
1787049660000,TRAIN,0.25,3.25,-1.0,SL,0
1787066490000,TRAIN,0.25,3.25,-1.0,SL,20711
1787082420000,TRAIN,0.25,3.25,-1.0,SL,149
1787084850000,TRAIN,0.25,3.25,-1.0,SL,198754
1787098590000,TRAIN,0.25,3.25,-1.0,SL,191700
1787104830000,TRAIN,0.25,3.25,-1.0,SL,451
1787117580000,TRAIN,0.25,3.25,-1.0,SL,598
1787140380000,TRAIN,0.25,3.25,-1.0,SL,0
1787141130000,TRAIN,0.25,3.25,-1.0,SL,0
1787143260000,TRAIN,0.25,3.25,-1.0,SL,27300
1787149170000,TRAIN,0.25,3.25,-1.0,SL,2400
1787170380000,TRAIN,0.25,3.25,-1.0,SL,0
1787184990000,VALID,0.25,3.25,-1.0,SL,3000
1787199990000,VALID,0.25,3.25,-1.0,SL,0
1787220390000,VALID,0.25,3.25,-1.0,SL,147
1787229570000,VALID,0.25,3.25,-1.0,SL,5694
1787232870000,VALID,0.25,3.25,-1.0,SL,2551
1787234520000,VALID,0.25,3.25,-1.0,SL,18600
1787246430000,VALID,0.25,3.25,-1.0,SL,9752
1787267280000,VALID,0.25,3.25,-1.0,SL,0
1787288910000,VALID,0.25,3.25,-1.0,SL,0
1787298090000,VALID,0.25,3.25,-1.0,SL,457
1787312280000,VALID,0.25,3.25,-1.0,SL,753
1787325840000,VALID,0.25,3.25,-1.0,SL,5104
1787339850000,VALID,0.25,3.25,-1.0,SL,0
1787340270000,VALID,0.25,3.25,-1.0,SL,0
1787527200000,VALID,0.25,3.25,-1.0,SL,0
1787534100000,VALID,0.25,3.25,-1.0,SL,2095
1787579790000,VALID,0.25,3.25,-1.0,SL,12603
1787583030000,VALID,0.25,3.25,-1.0,SL,147
1787609970000,VALID,0.25,3.25,-1.0,SL,0
1787630220000,VALID,0.25,3.25,-1.0,SL,0
1787647740000,VALID,0.25,3.25,-1.0,SL,14246
1787660070000,VALID,0.25,3.25,-1.0,SL,34801
1787661450000,VALID,0.25,3.25,-1.0,SL,3446
1787664090000,VALID,0.25,3.25,-1.0,SL,456
1787666490000,VALID,0.25,3.25,-1.0,SL,10801
1787687220000,VALID,0.25,3.25,-1.0,SL,0
1787709300000,VALID,0.25,3.25,13.0,TP,211354
1787723070000,VALID,0.25,3.25,-1.0,SL,4352
1787740170000,VALID,0.25,3.25,-1.0,SL,0
1787749530000,VALID,0.25,3.25,-1.0,SL,18599
1787753850000,VALID,0.25,3.25,-1.0,SL,5101
1787788590000,VALID,0.25,3.25,-1.0,SL,0
1787790000000,VALID,0.25,3.25,-1.0,SL,1953
1787794950000,VALID,0.25,3.25,-1.0,SL,2251
1787798520000,VALID,0.25,3.25,-1.0,SL,4950
1787811390000,VALID,0.25,3.25,-1.0,SL,20695
1787823090000,VALID,0.25,3.25,-1.0,SL,0
1787827440000,VALID,0.25,3.25,-1.0,SL,446
1787834550000,VALID,0.25,3.25,4.453218406784521,TIME,299699
1787844150000,VALID,0.25,3.25,-1.0,SL,152
1787854650000,VALID,0.25,3.25,-1.0,SL,5250
1787883540000,VALID,0.25,3.25,-1.0,SL,0
1787917320000,VALID,0.25,3.25,-1.0,SL,0
1787924280000,VALID,0.25,3.25,-1.0,SL,1201
1787925720000,VALID,0.25,3.25,-1.0,SL,16502
1787934900000,VALID,0.25,3.25,5.921278963877212,TIME,299849
1788141930000,VALID,0.25,3.25,-1.0,SL,3002
1788144150000,VALID,0.25,3.25,0.9751850239442875,TIME,299700
1788181080000,VALID,0.25,3.25,-1.0,SL,597
1788221790000,VALID,0.25,3.25,-1.0,SL,77403
1788228720000,VALID,0.25,3.25,-1.0,SL,2844
1788230910000,VALID,0.25,3.25,-1.0,SL,903
1788258720000,VALID,0.25,3.25,-1.0,SL,0
1788262410000,VALID,0.25,3.25,-1.0,SL,35548
1788271980000,VALID,0.25,3.25,7.105412255852212,TIME,299702
1788277740000,VALID,0.25,3.25,-1.0,SL,148
1788303150000,VALID,0.25,3.25,-1.0,SL,0
1788321570000,VALID,0.25,3.25,-1.0,SL,7952
1788333960000,VALID,0.25,3.25,-1.0,SL,14402
1788353280000,VALID,0.25,3.25,-1.0,SL,48599
1788356520000,VALID,0.25,3.25,-1.0,SL,1794
1788377820000,VALID,0.25,3.25,-1.0,SL,0
1788409740000,VALID,0.25,3.25,-1.0,SL,0
1788416880000,VALID,0.25,3.25,2.475685234306036,TIME,299099
1788417360000,VALID,0.25,3.25,-1.0,SL,1348
1788439920000,VALID,0.25,3.25,9.681673640167,TIME,299849
1788460260000,VALID,0.25,3.25,-1.0,SL,0
1788461400000,VALID,0.25,3.25,-1.0,SL,0
1788486750000,VALID,0.25,3.25,-1.0,SL,449
1788488160000,VALID,0.25,3.25,-1.0,SL,0
1788491310000,VALID,0.25,3.25,-1.0,SL,0
1788518280000,VALID,0.25,3.25,-1.0,SL,66448
1788535440000,VALID,0.25,3.25,-1.0,SL,20547
1788551280000,VALID,0.25,3.25,-1.0,SL,0
1788767580000,POST_CHECK,0.25,3.25,-1.0,SL,147
1788796560000,POST_CHECK,0.25,3.25,-1.0,SL,0
1788852930000,POST_CHECK,0.25,3.25,-1.0,SL,587
1788853320000,POST_CHECK,0.25,3.25,-1.0,SL,99147
1788855180000,POST_CHECK,0.25,3.25,-1.0,SL,3900
1788864030000,POST_CHECK,0.25,3.25,-1.0,SL,0
1788865590000,POST_CHECK,0.25,3.25,-1.0,SL,0
1788872040000,POST_CHECK,0.25,3.25,-1.0,SL,16048
1788873690000,POST_CHECK,0.25,3.25,-1.0,SL,3146
1788891840000,POST_CHECK,0.25,3.25,-1.0,SL,0
1788893880000,POST_CHECK,0.25,3.25,-1.0,SL,19799
1788894780000,POST_CHECK,0.25,3.25,-1.0,SL,11699
1788912420000,POST_CHECK,0.25,3.25,-1.0,SL,3302
1788921270000,POST_CHECK,0.25,3.25,-1.0,SL,0
1788927510000,POST_CHECK,0.25,3.25,-1.0,SL,0
1788928650000,POST_CHECK,0.25,3.25,-1.0,SL,0
1788936060000,POST_CHECK,0.25,3.25,-1.0,SL,1801
1788946920000,POST_CHECK,0.25,3.25,-1.0,SL,0
1788947610000,POST_CHECK,0.25,3.25,-1.0,SL,0
1788948900000,POST_CHECK,0.25,3.25,-1.0,SL,0
1788999030000,POST_CHECK,0.25,3.25,-1.0,SL,0
1789004220000,POST_CHECK,0.25,3.25,-1.0,SL,32248
1789006830000,POST_CHECK,0.25,3.25,-1.0,SL,9904
1789007910000,POST_CHECK,0.25,3.25,-1.0,SL,4202
1789019610000,POST_CHECK,0.25,3.25,-1.0,SL,1046
1789031820000,POST_CHECK,0.25,3.25,-1.0,SL,9899
1789047570000,POST_CHECK,0.25,3.25,-1.0,SL,61050
1789053690000,POST_CHECK,0.25,3.25,-1.0,SL,12148
1789088850000,POST_CHECK,0.25,3.25,-1.0,SL,5700
1789089270000,POST_CHECK,0.25,3.25,-1.0,SL,2697
1789102410000,POST_CHECK,0.25,3.25,-1.0,SL,2997
1789120140000,POST_CHECK,0.25,3.25,-1.0,SL,0
1789142100000,POST_CHECK,0.25,3.25,-1.0,SL,1803
1789347690000,POST_CHECK,0.25,3.25,-1.0,SL,145
1789383480000,POST_CHECK,0.25,3.25,-1.0,SL,0
1789388280000,POST_CHECK,0.25,3.25,-1.0,SL,14250
1789394400000,POST_CHECK,0.25,3.25,-1.0,SL,4200
1789394850000,POST_CHECK,0.25,3.25,-1.0,SL,8249
1789396470000,POST_CHECK,0.25,3.25,-1.0,SL,4049
1789403580000,POST_CHECK,0.25,3.25,-1.0,SL,300
1789411020000,POST_CHECK,0.25,3.25,-1.0,SL,0
1789428060000,POST_CHECK,0.25,3.25,-1.0,SL,0
1789445400000,POST_CHECK,0.25,3.25,-1.0,SL,0
1789458150000,POST_CHECK,0.25,3.25,-1.0,SL,0
1789468860000,POST_CHECK,0.25,3.25,-1.0,SL,0
1786060200000,TRAIN,0.25,3.5,-1.0,SL,0
1786061580000,TRAIN,0.25,3.5,-1.0,SL,0
1786072020000,TRAIN,0.25,3.5,-1.0,SL,602
1786096110000,TRAIN,0.25,3.5,-1.0,SL,147
1786105620000,TRAIN,0.25,3.5,-1.0,SL,166353
1786332630000,TRAIN,0.25,3.5,-1.0,SL,0
1786340220000,TRAIN,0.25,3.5,-1.0,SL,150
1786341540000,TRAIN,0.25,3.5,-1.0,SL,4953
1786352040000,TRAIN,0.25,3.5,-1.0,SL,0
1786358100000,TRAIN,0.25,3.5,-1.0,SL,0
1786381140000,TRAIN,0.25,3.5,-1.0,SL,0
1786430640000,TRAIN,0.25,3.5,-1.0,SL,18304
1786438140000,TRAIN,0.25,3.5,-1.0,SL,0
1786438500000,TRAIN,0.25,3.5,-1.0,SL,0
1786440810000,TRAIN,0.25,3.5,-1.0,SL,3147
1786451070000,TRAIN,0.25,3.5,-1.0,SL,2852
1786454340000,TRAIN,0.25,3.5,-1.0,SL,450
1786463010000,TRAIN,0.25,3.5,-1.0,SL,5106
1786471950000,TRAIN,0.25,3.5,-1.0,SL,54601
1786493160000,TRAIN,0.25,3.5,-1.0,SL,0
1786504530000,TRAIN,0.25,3.5,-1.0,SL,0
1786526850000,TRAIN,0.25,3.5,-1.0,SL,3750
1786550940000,TRAIN,0.25,3.5,-1.0,SL,19646
1786553460000,TRAIN,0.25,3.5,-1.0,SL,1951
1786553820000,TRAIN,0.25,3.5,8.11156095366554,TIME,299856
1786581240000,TRAIN,0.25,3.5,-1.0,SL,2553
1786587240000,TRAIN,0.25,3.5,-1.0,SL,4949
1786593510000,TRAIN,0.25,3.5,-1.0,SL,0
1786624980000,TRAIN,0.25,3.5,-1.0,SL,176249
1786632990000,TRAIN,0.25,3.5,-1.0,SL,445
1786633320000,TRAIN,0.25,3.5,-1.0,SL,148
1786653840000,TRAIN,0.25,3.5,-1.0,SL,0
1786670520000,TRAIN,0.25,3.5,4.786991869918856,TIME,299843
1786687980000,TRAIN,0.25,3.5,-1.0,SL,150
1786693650000,TRAIN,0.25,3.5,-1.0,SL,0
1786952010000,TRAIN,0.25,3.5,-1.0,SL,753
1786953810000,TRAIN,0.25,3.5,-1.0,SL,0
1786961190000,TRAIN,0.25,3.5,-1.0,SL,0
1786974090000,TRAIN,0.25,3.5,-1.0,SL,1350
1787014200000,TRAIN,0.25,3.5,-1.0,SL,0
1787023770000,TRAIN,0.25,3.5,-1.0,SL,0
1787047590000,TRAIN,0.25,3.5,-1.0,SL,0
1787049660000,TRAIN,0.25,3.5,-1.0,SL,0
1787066490000,TRAIN,0.25,3.5,-1.0,SL,20711
1787082420000,TRAIN,0.25,3.5,-1.0,SL,149
1787084850000,TRAIN,0.25,3.5,-1.0,SL,198754
1787098590000,TRAIN,0.25,3.5,-1.0,SL,191700
1787104830000,TRAIN,0.25,3.5,-1.0,SL,451
1787117580000,TRAIN,0.25,3.5,-1.0,SL,598
1787140380000,TRAIN,0.25,3.5,-1.0,SL,0
1787141130000,TRAIN,0.25,3.5,-1.0,SL,0
1787143260000,TRAIN,0.25,3.5,-1.0,SL,27300
1787149170000,TRAIN,0.25,3.5,-1.0,SL,2400
1787170380000,TRAIN,0.25,3.5,-1.0,SL,0
1787184990000,VALID,0.25,3.5,-1.0,SL,3000
1787199990000,VALID,0.25,3.5,-1.0,SL,0
1787220390000,VALID,0.25,3.5,-1.0,SL,147
1787229570000,VALID,0.25,3.5,-1.0,SL,5694
1787232870000,VALID,0.25,3.5,-1.0,SL,2551
1787234520000,VALID,0.25,3.5,-1.0,SL,18600
1787246430000,VALID,0.25,3.5,-1.0,SL,9752
1787267280000,VALID,0.25,3.5,-1.0,SL,0
1787288910000,VALID,0.25,3.5,-1.0,SL,0
1787298090000,VALID,0.25,3.5,-1.0,SL,457
1787312280000,VALID,0.25,3.5,-1.0,SL,753
1787325840000,VALID,0.25,3.5,-1.0,SL,5104
1787339850000,VALID,0.25,3.5,-1.0,SL,0
1787340270000,VALID,0.25,3.5,-1.0,SL,0
1787527200000,VALID,0.25,3.5,-1.0,SL,0
1787534100000,VALID,0.25,3.5,-1.0,SL,2095
1787579790000,VALID,0.25,3.5,-1.0,SL,12603
1787583030000,VALID,0.25,3.5,-1.0,SL,147
1787609970000,VALID,0.25,3.5,-1.0,SL,0
1787630220000,VALID,0.25,3.5,-1.0,SL,0
1787647740000,VALID,0.25,3.5,-1.0,SL,14246
1787660070000,VALID,0.25,3.5,-1.0,SL,34801
1787661450000,VALID,0.25,3.5,-1.0,SL,3446
1787664090000,VALID,0.25,3.5,-1.0,SL,456
1787666490000,VALID,0.25,3.5,-1.0,SL,10801
1787687220000,VALID,0.25,3.5,-1.0,SL,0
1787709300000,VALID,0.25,3.5,7.360265633646861,TIME,299097
1787723070000,VALID,0.25,3.5,-1.0,SL,4352
1787740170000,VALID,0.25,3.5,-1.0,SL,0
1787749530000,VALID,0.25,3.5,-1.0,SL,18599
1787753850000,VALID,0.25,3.5,-1.0,SL,5101
1787788590000,VALID,0.25,3.5,-1.0,SL,0
1787790000000,VALID,0.25,3.5,-1.0,SL,1953
1787794950000,VALID,0.25,3.5,-1.0,SL,2251
1787798520000,VALID,0.25,3.5,-1.0,SL,4950
1787811390000,VALID,0.25,3.5,-1.0,SL,20695
1787823090000,VALID,0.25,3.5,-1.0,SL,0
1787827440000,VALID,0.25,3.5,-1.0,SL,446
1787834550000,VALID,0.25,3.5,4.453218406784521,TIME,299699
1787844150000,VALID,0.25,3.5,-1.0,SL,152
1787854650000,VALID,0.25,3.5,-1.0,SL,5250
1787883540000,VALID,0.25,3.5,-1.0,SL,0
1787917320000,VALID,0.25,3.5,-1.0,SL,0
1787924280000,VALID,0.25,3.5,-1.0,SL,1201
1787925720000,VALID,0.25,3.5,-1.0,SL,16502
1787934900000,VALID,0.25,3.5,5.921278963877212,TIME,299849
1788141930000,VALID,0.25,3.5,-1.0,SL,3002
1788144150000,VALID,0.25,3.5,0.9751850239442875,TIME,299700
1788181080000,VALID,0.25,3.5,-1.0,SL,597
1788221790000,VALID,0.25,3.5,-1.0,SL,77403
1788228720000,VALID,0.25,3.5,-1.0,SL,2844
1788230910000,VALID,0.25,3.5,-1.0,SL,903
1788258720000,VALID,0.25,3.5,-1.0,SL,0
1788262410000,VALID,0.25,3.5,-1.0,SL,35548
1788271980000,VALID,0.25,3.5,7.105412255852212,TIME,299702
1788277740000,VALID,0.25,3.5,-1.0,SL,148
1788303150000,VALID,0.25,3.5,-1.0,SL,0
1788321570000,VALID,0.25,3.5,-1.0,SL,7952
1788333960000,VALID,0.25,3.5,-1.0,SL,14402
1788353280000,VALID,0.25,3.5,-1.0,SL,48599
1788356520000,VALID,0.25,3.5,-1.0,SL,1794
1788377820000,VALID,0.25,3.5,-1.0,SL,0
1788409740000,VALID,0.25,3.5,-1.0,SL,0
1788416880000,VALID,0.25,3.5,2.475685234306036,TIME,299099
1788417360000,VALID,0.25,3.5,-1.0,SL,1348
1788439920000,VALID,0.25,3.5,9.681673640167,TIME,299849
1788460260000,VALID,0.25,3.5,-1.0,SL,0
1788461400000,VALID,0.25,3.5,-1.0,SL,0
1788486750000,VALID,0.25,3.5,-1.0,SL,449
1788488160000,VALID,0.25,3.5,-1.0,SL,0
1788491310000,VALID,0.25,3.5,-1.0,SL,0
1788518280000,VALID,0.25,3.5,-1.0,SL,66448
1788535440000,VALID,0.25,3.5,-1.0,SL,20547
1788551280000,VALID,0.25,3.5,-1.0,SL,0
1788767580000,POST_CHECK,0.25,3.5,-1.0,SL,147
1788796560000,POST_CHECK,0.25,3.5,-1.0,SL,0
1788852930000,POST_CHECK,0.25,3.5,-1.0,SL,587
1788853320000,POST_CHECK,0.25,3.5,-1.0,SL,99147
1788855180000,POST_CHECK,0.25,3.5,-1.0,SL,3900
1788864030000,POST_CHECK,0.25,3.5,-1.0,SL,0
1788865590000,POST_CHECK,0.25,3.5,-1.0,SL,0
1788872040000,POST_CHECK,0.25,3.5,-1.0,SL,16048
1788873690000,POST_CHECK,0.25,3.5,-1.0,SL,3146
1788891840000,POST_CHECK,0.25,3.5,-1.0,SL,0
1788893880000,POST_CHECK,0.25,3.5,-1.0,SL,19799
1788894780000,POST_CHECK,0.25,3.5,-1.0,SL,11699
1788912420000,POST_CHECK,0.25,3.5,-1.0,SL,3302
1788921270000,POST_CHECK,0.25,3.5,-1.0,SL,0
1788927510000,POST_CHECK,0.25,3.5,-1.0,SL,0
1788928650000,POST_CHECK,0.25,3.5,-1.0,SL,0
1788936060000,POST_CHECK,0.25,3.5,-1.0,SL,1801
1788946920000,POST_CHECK,0.25,3.5,-1.0,SL,0
1788947610000,POST_CHECK,0.25,3.5,-1.0,SL,0
1788948900000,POST_CHECK,0.25,3.5,-1.0,SL,0
1788999030000,POST_CHECK,0.25,3.5,-1.0,SL,0
1789004220000,POST_CHECK,0.25,3.5,-1.0,SL,32248
1789006830000,POST_CHECK,0.25,3.5,-1.0,SL,9904
1789007910000,POST_CHECK,0.25,3.5,-1.0,SL,4202
1789019610000,POST_CHECK,0.25,3.5,-1.0,SL,1046
1789031820000,POST_CHECK,0.25,3.5,-1.0,SL,9899
1789047570000,POST_CHECK,0.25,3.5,-1.0,SL,61050
1789053690000,POST_CHECK,0.25,3.5,-1.0,SL,12148
1789088850000,POST_CHECK,0.25,3.5,-1.0,SL,5700
1789089270000,POST_CHECK,0.25,3.5,-1.0,SL,2697
1789102410000,POST_CHECK,0.25,3.5,-1.0,SL,2997
1789120140000,POST_CHECK,0.25,3.5,-1.0,SL,0
1789142100000,POST_CHECK,0.25,3.5,-1.0,SL,1803
1789347690000,POST_CHECK,0.25,3.5,-1.0,SL,145
1789383480000,POST_CHECK,0.25,3.5,-1.0,SL,0
1789388280000,POST_CHECK,0.25,3.5,-1.0,SL,14250
1789394400000,POST_CHECK,0.25,3.5,-1.0,SL,4200
1789394850000,POST_CHECK,0.25,3.5,-1.0,SL,8249
1789396470000,POST_CHECK,0.25,3.5,-1.0,SL,4049
1789403580000,POST_CHECK,0.25,3.5,-1.0,SL,300
1789411020000,POST_CHECK,0.25,3.5,-1.0,SL,0
1789428060000,POST_CHECK,0.25,3.5,-1.0,SL,0
1789445400000,POST_CHECK,0.25,3.5,-1.0,SL,0
1789458150000,POST_CHECK,0.25,3.5,-1.0,SL,0
1789468860000,POST_CHECK,0.25,3.5,-1.0,SL,0
1786060200000,TRAIN,0.25,3.75,-1.0,SL,0
1786061580000,TRAIN,0.25,3.75,-1.0,SL,0
1786072020000,TRAIN,0.25,3.75,-1.0,SL,602
1786096110000,TRAIN,0.25,3.75,-1.0,SL,147
1786105620000,TRAIN,0.25,3.75,-1.0,SL,166353
1786332630000,TRAIN,0.25,3.75,-1.0,SL,0
1786340220000,TRAIN,0.25,3.75,-1.0,SL,150
1786341540000,TRAIN,0.25,3.75,-1.0,SL,4953
1786352040000,TRAIN,0.25,3.75,-1.0,SL,0
1786358100000,TRAIN,0.25,3.75,-1.0,SL,0
1786381140000,TRAIN,0.25,3.75,-1.0,SL,0
1786430640000,TRAIN,0.25,3.75,-1.0,SL,18304
1786438140000,TRAIN,0.25,3.75,-1.0,SL,0
1786438500000,TRAIN,0.25,3.75,-1.0,SL,0
1786440810000,TRAIN,0.25,3.75,-1.0,SL,3147
1786451070000,TRAIN,0.25,3.75,-1.0,SL,2852
1786454340000,TRAIN,0.25,3.75,-1.0,SL,450
1786463010000,TRAIN,0.25,3.75,-1.0,SL,5106
1786471950000,TRAIN,0.25,3.75,-1.0,SL,54601
1786493160000,TRAIN,0.25,3.75,-1.0,SL,0
1786504530000,TRAIN,0.25,3.75,-1.0,SL,0
1786526850000,TRAIN,0.25,3.75,-1.0,SL,3750
1786550940000,TRAIN,0.25,3.75,-1.0,SL,19646
1786553460000,TRAIN,0.25,3.75,-1.0,SL,1951
1786553820000,TRAIN,0.25,3.75,8.11156095366554,TIME,299856
1786581240000,TRAIN,0.25,3.75,-1.0,SL,2553
1786587240000,TRAIN,0.25,3.75,-1.0,SL,4949
1786593510000,TRAIN,0.25,3.75,-1.0,SL,0
1786624980000,TRAIN,0.25,3.75,-1.0,SL,176249
1786632990000,TRAIN,0.25,3.75,-1.0,SL,445
1786633320000,TRAIN,0.25,3.75,-1.0,SL,148
1786653840000,TRAIN,0.25,3.75,-1.0,SL,0
1786670520000,TRAIN,0.25,3.75,4.786991869918856,TIME,299843
1786687980000,TRAIN,0.25,3.75,-1.0,SL,150
1786693650000,TRAIN,0.25,3.75,-1.0,SL,0
1786952010000,TRAIN,0.25,3.75,-1.0,SL,753
1786953810000,TRAIN,0.25,3.75,-1.0,SL,0
1786961190000,TRAIN,0.25,3.75,-1.0,SL,0
1786974090000,TRAIN,0.25,3.75,-1.0,SL,1350
1787014200000,TRAIN,0.25,3.75,-1.0,SL,0
1787023770000,TRAIN,0.25,3.75,-1.0,SL,0
1787047590000,TRAIN,0.25,3.75,-1.0,SL,0
1787049660000,TRAIN,0.25,3.75,-1.0,SL,0
1787066490000,TRAIN,0.25,3.75,-1.0,SL,20711
1787082420000,TRAIN,0.25,3.75,-1.0,SL,149
1787084850000,TRAIN,0.25,3.75,-1.0,SL,198754
1787098590000,TRAIN,0.25,3.75,-1.0,SL,191700
1787104830000,TRAIN,0.25,3.75,-1.0,SL,451
1787117580000,TRAIN,0.25,3.75,-1.0,SL,598
1787140380000,TRAIN,0.25,3.75,-1.0,SL,0
1787141130000,TRAIN,0.25,3.75,-1.0,SL,0
1787143260000,TRAIN,0.25,3.75,-1.0,SL,27300
1787149170000,TRAIN,0.25,3.75,-1.0,SL,2400
1787170380000,TRAIN,0.25,3.75,-1.0,SL,0
1787184990000,VALID,0.25,3.75,-1.0,SL,3000
1787199990000,VALID,0.25,3.75,-1.0,SL,0
1787220390000,VALID,0.25,3.75,-1.0,SL,147
1787229570000,VALID,0.25,3.75,-1.0,SL,5694
1787232870000,VALID,0.25,3.75,-1.0,SL,2551
1787234520000,VALID,0.25,3.75,-1.0,SL,18600
1787246430000,VALID,0.25,3.75,-1.0,SL,9752
1787267280000,VALID,0.25,3.75,-1.0,SL,0
1787288910000,VALID,0.25,3.75,-1.0,SL,0
1787298090000,VALID,0.25,3.75,-1.0,SL,457
1787312280000,VALID,0.25,3.75,-1.0,SL,753
1787325840000,VALID,0.25,3.75,-1.0,SL,5104
1787339850000,VALID,0.25,3.75,-1.0,SL,0
1787340270000,VALID,0.25,3.75,-1.0,SL,0
1787527200000,VALID,0.25,3.75,-1.0,SL,0
1787534100000,VALID,0.25,3.75,-1.0,SL,2095
1787579790000,VALID,0.25,3.75,-1.0,SL,12603
1787583030000,VALID,0.25,3.75,-1.0,SL,147
1787609970000,VALID,0.25,3.75,-1.0,SL,0
1787630220000,VALID,0.25,3.75,-1.0,SL,0
1787647740000,VALID,0.25,3.75,-1.0,SL,14246
1787660070000,VALID,0.25,3.75,-1.0,SL,34801
1787661450000,VALID,0.25,3.75,-1.0,SL,3446
1787664090000,VALID,0.25,3.75,-1.0,SL,456
1787666490000,VALID,0.25,3.75,-1.0,SL,10801
1787687220000,VALID,0.25,3.75,-1.0,SL,0
1787709300000,VALID,0.25,3.75,7.360265633646861,TIME,299097
1787723070000,VALID,0.25,3.75,-1.0,SL,4352
1787740170000,VALID,0.25,3.75,-1.0,SL,0
1787749530000,VALID,0.25,3.75,-1.0,SL,18599
1787753850000,VALID,0.25,3.75,-1.0,SL,5101
1787788590000,VALID,0.25,3.75,-1.0,SL,0
1787790000000,VALID,0.25,3.75,-1.0,SL,1953
1787794950000,VALID,0.25,3.75,-1.0,SL,2251
1787798520000,VALID,0.25,3.75,-1.0,SL,4950
1787811390000,VALID,0.25,3.75,-1.0,SL,20695
1787823090000,VALID,0.25,3.75,-1.0,SL,0
1787827440000,VALID,0.25,3.75,-1.0,SL,446
1787834550000,VALID,0.25,3.75,4.453218406784521,TIME,299699
1787844150000,VALID,0.25,3.75,-1.0,SL,152
1787854650000,VALID,0.25,3.75,-1.0,SL,5250
1787883540000,VALID,0.25,3.75,-1.0,SL,0
1787917320000,VALID,0.25,3.75,-1.0,SL,0
1787924280000,VALID,0.25,3.75,-1.0,SL,1201
1787925720000,VALID,0.25,3.75,-1.0,SL,16502
1787934900000,VALID,0.25,3.75,5.921278963877212,TIME,299849
1788141930000,VALID,0.25,3.75,-1.0,SL,3002
1788144150000,VALID,0.25,3.75,0.9751850239442875,TIME,299700
1788181080000,VALID,0.25,3.75,-1.0,SL,597
1788221790000,VALID,0.25,3.75,-1.0,SL,77403
1788228720000,VALID,0.25,3.75,-1.0,SL,2844
1788230910000,VALID,0.25,3.75,-1.0,SL,903
1788258720000,VALID,0.25,3.75,-1.0,SL,0
1788262410000,VALID,0.25,3.75,-1.0,SL,35548
1788271980000,VALID,0.25,3.75,7.105412255852212,TIME,299702
1788277740000,VALID,0.25,3.75,-1.0,SL,148
1788303150000,VALID,0.25,3.75,-1.0,SL,0
1788321570000,VALID,0.25,3.75,-1.0,SL,7952
1788333960000,VALID,0.25,3.75,-1.0,SL,14402
1788353280000,VALID,0.25,3.75,-1.0,SL,48599
1788356520000,VALID,0.25,3.75,-1.0,SL,1794
1788377820000,VALID,0.25,3.75,-1.0,SL,0
1788409740000,VALID,0.25,3.75,-1.0,SL,0
1788416880000,VALID,0.25,3.75,2.475685234306036,TIME,299099
1788417360000,VALID,0.25,3.75,-1.0,SL,1348
1788439920000,VALID,0.25,3.75,9.681673640167,TIME,299849
1788460260000,VALID,0.25,3.75,-1.0,SL,0
1788461400000,VALID,0.25,3.75,-1.0,SL,0
1788486750000,VALID,0.25,3.75,-1.0,SL,449
1788488160000,VALID,0.25,3.75,-1.0,SL,0
1788491310000,VALID,0.25,3.75,-1.0,SL,0
1788518280000,VALID,0.25,3.75,-1.0,SL,66448
1788535440000,VALID,0.25,3.75,-1.0,SL,20547
1788551280000,VALID,0.25,3.75,-1.0,SL,0
1788767580000,POST_CHECK,0.25,3.75,-1.0,SL,147
1788796560000,POST_CHECK,0.25,3.75,-1.0,SL,0
1788852930000,POST_CHECK,0.25,3.75,-1.0,SL,587
1788853320000,POST_CHECK,0.25,3.75,-1.0,SL,99147
1788855180000,POST_CHECK,0.25,3.75,-1.0,SL,3900
1788864030000,POST_CHECK,0.25,3.75,-1.0,SL,0
1788865590000,POST_CHECK,0.25,3.75,-1.0,SL,0
1788872040000,POST_CHECK,0.25,3.75,-1.0,SL,16048
1788873690000,POST_CHECK,0.25,3.75,-1.0,SL,3146
1788891840000,POST_CHECK,0.25,3.75,-1.0,SL,0
1788893880000,POST_CHECK,0.25,3.75,-1.0,SL,19799
1788894780000,POST_CHECK,0.25,3.75,-1.0,SL,11699
1788912420000,POST_CHECK,0.25,3.75,-1.0,SL,3302
1788921270000,POST_CHECK,0.25,3.75,-1.0,SL,0
1788927510000,POST_CHECK,0.25,3.75,-1.0,SL,0
1788928650000,POST_CHECK,0.25,3.75,-1.0,SL,0
1788936060000,POST_CHECK,0.25,3.75,-1.0,SL,1801
1788946920000,POST_CHECK,0.25,3.75,-1.0,SL,0
1788947610000,POST_CHECK,0.25,3.75,-1.0,SL,0
1788948900000,POST_CHECK,0.25,3.75,-1.0,SL,0
1788999030000,POST_CHECK,0.25,3.75,-1.0,SL,0
1789004220000,POST_CHECK,0.25,3.75,-1.0,SL,32248
1789006830000,POST_CHECK,0.25,3.75,-1.0,SL,9904
1789007910000,POST_CHECK,0.25,3.75,-1.0,SL,4202
1789019610000,POST_CHECK,0.25,3.75,-1.0,SL,1046
1789031820000,POST_CHECK,0.25,3.75,-1.0,SL,9899
1789047570000,POST_CHECK,0.25,3.75,-1.0,SL,61050
1789053690000,POST_CHECK,0.25,3.75,-1.0,SL,12148
1789088850000,POST_CHECK,0.25,3.75,-1.0,SL,5700
1789089270000,POST_CHECK,0.25,3.75,-1.0,SL,2697
1789102410000,POST_CHECK,0.25,3.75,-1.0,SL,2997
1789120140000,POST_CHECK,0.25,3.75,-1.0,SL,0
1789142100000,POST_CHECK,0.25,3.75,-1.0,SL,1803
1789347690000,POST_CHECK,0.25,3.75,-1.0,SL,145
1789383480000,POST_CHECK,0.25,3.75,-1.0,SL,0
1789388280000,POST_CHECK,0.25,3.75,-1.0,SL,14250
1789394400000,POST_CHECK,0.25,3.75,-1.0,SL,4200
1789394850000,POST_CHECK,0.25,3.75,-1.0,SL,8249
1789396470000,POST_CHECK,0.25,3.75,-1.0,SL,4049
1789403580000,POST_CHECK,0.25,3.75,-1.0,SL,300
1789411020000,POST_CHECK,0.25,3.75,-1.0,SL,0
1789428060000,POST_CHECK,0.25,3.75,-1.0,SL,0
1789445400000,POST_CHECK,0.25,3.75,-1.0,SL,0
1789458150000,POST_CHECK,0.25,3.75,-1.0,SL,0
1789468860000,POST_CHECK,0.25,3.75,-1.0,SL,0
1786060200000,TRAIN,0.25,4.0,-1.0,SL,0
1786061580000,TRAIN,0.25,4.0,-1.0,SL,0
1786072020000,TRAIN,0.25,4.0,-1.0,SL,602
1786096110000,TRAIN,0.25,4.0,-1.0,SL,147
1786105620000,TRAIN,0.25,4.0,-1.0,SL,166353
1786332630000,TRAIN,0.25,4.0,-1.0,SL,0
1786340220000,TRAIN,0.25,4.0,-1.0,SL,150
1786341540000,TRAIN,0.25,4.0,-1.0,SL,4953
1786352040000,TRAIN,0.25,4.0,-1.0,SL,0
1786358100000,TRAIN,0.25,4.0,-1.0,SL,0
1786381140000,TRAIN,0.25,4.0,-1.0,SL,0
1786430640000,TRAIN,0.25,4.0,-1.0,SL,18304
1786438140000,TRAIN,0.25,4.0,-1.0,SL,0
1786438500000,TRAIN,0.25,4.0,-1.0,SL,0
1786440810000,TRAIN,0.25,4.0,-1.0,SL,3147
1786451070000,TRAIN,0.25,4.0,-1.0,SL,2852
1786454340000,TRAIN,0.25,4.0,-1.0,SL,450
1786463010000,TRAIN,0.25,4.0,-1.0,SL,5106
1786471950000,TRAIN,0.25,4.0,-1.0,SL,54601
1786493160000,TRAIN,0.25,4.0,-1.0,SL,0
1786504530000,TRAIN,0.25,4.0,-1.0,SL,0
1786526850000,TRAIN,0.25,4.0,-1.0,SL,3750
1786550940000,TRAIN,0.25,4.0,-1.0,SL,19646
1786553460000,TRAIN,0.25,4.0,-1.0,SL,1951
1786553820000,TRAIN,0.25,4.0,8.11156095366554,TIME,299856
1786581240000,TRAIN,0.25,4.0,-1.0,SL,2553
1786587240000,TRAIN,0.25,4.0,-1.0,SL,4949
1786593510000,TRAIN,0.25,4.0,-1.0,SL,0
1786624980000,TRAIN,0.25,4.0,-1.0,SL,176249
1786632990000,TRAIN,0.25,4.0,-1.0,SL,445
1786633320000,TRAIN,0.25,4.0,-1.0,SL,148
1786653840000,TRAIN,0.25,4.0,-1.0,SL,0
1786670520000,TRAIN,0.25,4.0,4.786991869918856,TIME,299843
1786687980000,TRAIN,0.25,4.0,-1.0,SL,150
1786693650000,TRAIN,0.25,4.0,-1.0,SL,0
1786952010000,TRAIN,0.25,4.0,-1.0,SL,753
1786953810000,TRAIN,0.25,4.0,-1.0,SL,0
1786961190000,TRAIN,0.25,4.0,-1.0,SL,0
1786974090000,TRAIN,0.25,4.0,-1.0,SL,1350
1787014200000,TRAIN,0.25,4.0,-1.0,SL,0
1787023770000,TRAIN,0.25,4.0,-1.0,SL,0
1787047590000,TRAIN,0.25,4.0,-1.0,SL,0
1787049660000,TRAIN,0.25,4.0,-1.0,SL,0
1787066490000,TRAIN,0.25,4.0,-1.0,SL,20711
1787082420000,TRAIN,0.25,4.0,-1.0,SL,149
1787084850000,TRAIN,0.25,4.0,-1.0,SL,198754
1787098590000,TRAIN,0.25,4.0,-1.0,SL,191700
1787104830000,TRAIN,0.25,4.0,-1.0,SL,451
1787117580000,TRAIN,0.25,4.0,-1.0,SL,598
1787140380000,TRAIN,0.25,4.0,-1.0,SL,0
1787141130000,TRAIN,0.25,4.0,-1.0,SL,0
1787143260000,TRAIN,0.25,4.0,-1.0,SL,27300
1787149170000,TRAIN,0.25,4.0,-1.0,SL,2400
1787170380000,TRAIN,0.25,4.0,-1.0,SL,0
1787184990000,VALID,0.25,4.0,-1.0,SL,3000
1787199990000,VALID,0.25,4.0,-1.0,SL,0
1787220390000,VALID,0.25,4.0,-1.0,SL,147
1787229570000,VALID,0.25,4.0,-1.0,SL,5694
1787232870000,VALID,0.25,4.0,-1.0,SL,2551
1787234520000,VALID,0.25,4.0,-1.0,SL,18600
1787246430000,VALID,0.25,4.0,-1.0,SL,9752
1787267280000,VALID,0.25,4.0,-1.0,SL,0
1787288910000,VALID,0.25,4.0,-1.0,SL,0
1787298090000,VALID,0.25,4.0,-1.0,SL,457
1787312280000,VALID,0.25,4.0,-1.0,SL,753
1787325840000,VALID,0.25,4.0,-1.0,SL,5104
1787339850000,VALID,0.25,4.0,-1.0,SL,0
1787340270000,VALID,0.25,4.0,-1.0,SL,0
1787527200000,VALID,0.25,4.0,-1.0,SL,0
1787534100000,VALID,0.25,4.0,-1.0,SL,2095
1787579790000,VALID,0.25,4.0,-1.0,SL,12603
1787583030000,VALID,0.25,4.0,-1.0,SL,147
1787609970000,VALID,0.25,4.0,-1.0,SL,0
1787630220000,VALID,0.25,4.0,-1.0,SL,0
1787647740000,VALID,0.25,4.0,-1.0,SL,14246
1787660070000,VALID,0.25,4.0,-1.0,SL,34801
1787661450000,VALID,0.25,4.0,-1.0,SL,3446
1787664090000,VALID,0.25,4.0,-1.0,SL,456
1787666490000,VALID,0.25,4.0,-1.0,SL,10801
1787687220000,VALID,0.25,4.0,-1.0,SL,0
1787709300000,VALID,0.25,4.0,7.360265633646861,TIME,299097
1787723070000,VALID,0.25,4.0,-1.0,SL,4352
1787740170000,VALID,0.25,4.0,-1.0,SL,0
1787749530000,VALID,0.25,4.0,-1.0,SL,18599
1787753850000,VALID,0.25,4.0,-1.0,SL,5101
1787788590000,VALID,0.25,4.0,-1.0,SL,0
1787790000000,VALID,0.25,4.0,-1.0,SL,1953
1787794950000,VALID,0.25,4.0,-1.0,SL,2251
1787798520000,VALID,0.25,4.0,-1.0,SL,4950
1787811390000,VALID,0.25,4.0,-1.0,SL,20695
1787823090000,VALID,0.25,4.0,-1.0,SL,0
1787827440000,VALID,0.25,4.0,-1.0,SL,446
1787834550000,VALID,0.25,4.0,4.453218406784521,TIME,299699
1787844150000,VALID,0.25,4.0,-1.0,SL,152
1787854650000,VALID,0.25,4.0,-1.0,SL,5250
1787883540000,VALID,0.25,4.0,-1.0,SL,0
1787917320000,VALID,0.25,4.0,-1.0,SL,0
1787924280000,VALID,0.25,4.0,-1.0,SL,1201
1787925720000,VALID,0.25,4.0,-1.0,SL,16502
1787934900000,VALID,0.25,4.0,5.921278963877212,TIME,299849
1788141930000,VALID,0.25,4.0,-1.0,SL,3002
1788144150000,VALID,0.25,4.0,0.9751850239442875,TIME,299700
1788181080000,VALID,0.25,4.0,-1.0,SL,597
1788221790000,VALID,0.25,4.0,-1.0,SL,77403
1788228720000,VALID,0.25,4.0,-1.0,SL,2844
1788230910000,VALID,0.25,4.0,-1.0,SL,903
1788258720000,VALID,0.25,4.0,-1.0,SL,0
1788262410000,VALID,0.25,4.0,-1.0,SL,35548
1788271980000,VALID,0.25,4.0,7.105412255852212,TIME,299702
1788277740000,VALID,0.25,4.0,-1.0,SL,148
1788303150000,VALID,0.25,4.0,-1.0,SL,0
1788321570000,VALID,0.25,4.0,-1.0,SL,7952
1788333960000,VALID,0.25,4.0,-1.0,SL,14402
1788353280000,VALID,0.25,4.0,-1.0,SL,48599
1788356520000,VALID,0.25,4.0,-1.0,SL,1794
1788377820000,VALID,0.25,4.0,-1.0,SL,0
1788409740000,VALID,0.25,4.0,-1.0,SL,0
1788416880000,VALID,0.25,4.0,2.475685234306036,TIME,299099
1788417360000,VALID,0.25,4.0,-1.0,SL,1348
1788439920000,VALID,0.25,4.0,9.681673640167,TIME,299849
1788460260000,VALID,0.25,4.0,-1.0,SL,0
1788461400000,VALID,0.25,4.0,-1.0,SL,0
1788486750000,VALID,0.25,4.0,-1.0,SL,449
1788488160000,VALID,0.25,4.0,-1.0,SL,0
1788491310000,VALID,0.25,4.0,-1.0,SL,0
1788518280000,VALID,0.25,4.0,-1.0,SL,66448
1788535440000,VALID,0.25,4.0,-1.0,SL,20547
1788551280000,VALID,0.25,4.0,-1.0,SL,0
1788767580000,POST_CHECK,0.25,4.0,-1.0,SL,147
1788796560000,POST_CHECK,0.25,4.0,-1.0,SL,0
1788852930000,POST_CHECK,0.25,4.0,-1.0,SL,587
1788853320000,POST_CHECK,0.25,4.0,-1.0,SL,99147
1788855180000,POST_CHECK,0.25,4.0,-1.0,SL,3900
1788864030000,POST_CHECK,0.25,4.0,-1.0,SL,0
1788865590000,POST_CHECK,0.25,4.0,-1.0,SL,0
1788872040000,POST_CHECK,0.25,4.0,-1.0,SL,16048
1788873690000,POST_CHECK,0.25,4.0,-1.0,SL,3146
1788891840000,POST_CHECK,0.25,4.0,-1.0,SL,0
1788893880000,POST_CHECK,0.25,4.0,-1.0,SL,19799
1788894780000,POST_CHECK,0.25,4.0,-1.0,SL,11699
1788912420000,POST_CHECK,0.25,4.0,-1.0,SL,3302
1788921270000,POST_CHECK,0.25,4.0,-1.0,SL,0
1788927510000,POST_CHECK,0.25,4.0,-1.0,SL,0
1788928650000,POST_CHECK,0.25,4.0,-1.0,SL,0
1788936060000,POST_CHECK,0.25,4.0,-1.0,SL,1801
1788946920000,POST_CHECK,0.25,4.0,-1.0,SL,0
1788947610000,POST_CHECK,0.25,4.0,-1.0,SL,0
1788948900000,POST_CHECK,0.25,4.0,-1.0,SL,0
1788999030000,POST_CHECK,0.25,4.0,-1.0,SL,0
1789004220000,POST_CHECK,0.25,4.0,-1.0,SL,32248
1789006830000,POST_CHECK,0.25,4.0,-1.0,SL,9904
1789007910000,POST_CHECK,0.25,4.0,-1.0,SL,4202
1789019610000,POST_CHECK,0.25,4.0,-1.0,SL,1046
1789031820000,POST_CHECK,0.25,4.0,-1.0,SL,9899
1789047570000,POST_CHECK,0.25,4.0,-1.0,SL,61050
1789053690000,POST_CHECK,0.25,4.0,-1.0,SL,12148
1789088850000,POST_CHECK,0.25,4.0,-1.0,SL,5700
1789089270000,POST_CHECK,0.25,4.0,-1.0,SL,2697
1789102410000,POST_CHECK,0.25,4.0,-1.0,SL,2997
1789120140000,POST_CHECK,0.25,4.0,-1.0,SL,0
1789142100000,POST_CHECK,0.25,4.0,-1.0,SL,1803
1789347690000,POST_CHECK,0.25,4.0,-1.0,SL,145
1789383480000,POST_CHECK,0.25,4.0,-1.0,SL,0
1789388280000,POST_CHECK,0.25,4.0,-1.0,SL,14250
1789394400000,POST_CHECK,0.25,4.0,-1.0,SL,4200
1789394850000,POST_CHECK,0.25,4.0,-1.0,SL,8249
1789396470000,POST_CHECK,0.25,4.0,-1.0,SL,4049
1789403580000,POST_CHECK,0.25,4.0,-1.0,SL,300
1789411020000,POST_CHECK,0.25,4.0,-1.0,SL,0
1789428060000,POST_CHECK,0.25,4.0,-1.0,SL,0
1789445400000,POST_CHECK,0.25,4.0,-1.0,SL,0
1789458150000,POST_CHECK,0.25,4.0,-1.0,SL,0
1789468860000,POST_CHECK,0.25,4.0,-1.0,SL,0
1786060200000,TRAIN,0.5,0.75,1.5,TP,85505
1786061580000,TRAIN,0.5,0.75,-1.0,SL,3003
1786072020000,TRAIN,0.5,0.75,-1.0,SL,219899
1786096110000,TRAIN,0.5,0.75,-1.0,SL,15297
1786105620000,TRAIN,0.5,0.75,1.5,TP,85500
1786332630000,TRAIN,0.5,0.75,-1.0,SL,10050
1786340220000,TRAIN,0.5,0.75,-1.0,SL,34500
1786341540000,TRAIN,0.5,0.75,1.5,TP,72605
1786352040000,TRAIN,0.5,0.75,1.5,TP,136951
1786358100000,TRAIN,0.5,0.75,-1.0,SL,1647
1786381140000,TRAIN,0.5,0.75,-1.0,SL,7198
1786430640000,TRAIN,0.5,0.75,-1.0,SL,18304
1786438140000,TRAIN,0.5,0.75,-1.0,SL,449
1786438500000,TRAIN,0.5,0.75,-1.0,SL,143399
1786440810000,TRAIN,0.5,0.75,-0.20239855429627235,TIME,299698
1786451070000,TRAIN,0.5,0.75,-1.0,SL,66146
1786454340000,TRAIN,0.5,0.75,-1.0,SL,4497
1786463010000,TRAIN,0.5,0.75,-1.0,SL,5706
1786471950000,TRAIN,0.5,0.75,-1.0,SL,159898
1786493160000,TRAIN,0.5,0.75,-1.0,SL,40947
1786504530000,TRAIN,0.5,0.75,-1.0,SL,17698
1786526850000,TRAIN,0.5,0.75,-1.0,SL,15297
1786550940000,TRAIN,0.5,0.75,-1.0,SL,36596
1786553460000,TRAIN,0.5,0.75,-1.0,SL,36767
1786553820000,TRAIN,0.5,0.75,1.5,TP,97955
1786581240000,TRAIN,0.5,0.75,-1.0,SL,2703
1786587240000,TRAIN,0.5,0.75,-1.0,SL,51750
1786593510000,TRAIN,0.5,0.75,-1.0,SL,85952
1786624980000,TRAIN,0.5,0.75,-1.0,SL,226949
1786632990000,TRAIN,0.5,0.75,1.5,TP,74853
1786633320000,TRAIN,0.5,0.75,1.5,TP,77103
1786653840000,TRAIN,0.5,0.75,-1.0,SL,0
1786670520000,TRAIN,0.5,0.75,1.5,TP,20698
1786687980000,TRAIN,0.5,0.75,-1.0,SL,60600
1786693650000,TRAIN,0.5,0.75,1.5,TP,82805
1786952010000,TRAIN,0.5,0.75,-1.0,SL,3302
1786953810000,TRAIN,0.5,0.75,-1.0,SL,16201
1786961190000,TRAIN,0.5,0.75,-1.0,SL,65397
1786974090000,TRAIN,0.5,0.75,-1.0,SL,1955
1787014200000,TRAIN,0.5,0.75,-1.0,SL,296
1787023770000,TRAIN,0.5,0.75,1.5,TP,102750
1787047590000,TRAIN,0.5,0.75,-1.0,SL,8708
1787049660000,TRAIN,0.5,0.75,-1.0,SL,5098
1787066490000,TRAIN,0.5,0.75,-1.0,SL,36750
1787082420000,TRAIN,0.5,0.75,-1.0,SL,6750
1787084850000,TRAIN,0.5,0.75,1.5,TP,96004
1787098590000,TRAIN,0.5,0.75,-1.0,SL,214204
1787104830000,TRAIN,0.5,0.75,1.5,TP,106949
1787117580000,TRAIN,0.5,0.75,-1.0,SL,3597
1787140380000,TRAIN,0.5,0.75,1.5,TP,64647
1787141130000,TRAIN,0.5,0.75,-1.0,SL,754
1787143260000,TRAIN,0.5,0.75,-1.0,SL,28500
1787149170000,TRAIN,0.5,0.75,-1.0,SL,32552
1787170380000,TRAIN,0.5,0.75,-1.0,SL,27451
1787184990000,VALID,0.5,0.75,-1.0,SL,4646
1787199990000,VALID,0.5,0.75,-1.0,SL,71255
1787220390000,VALID,0.5,0.75,1.5,TP,169053
1787229570000,VALID,0.5,0.75,-1.0,SL,7344
1787232870000,VALID,0.5,0.75,-1.0,SL,7048
1787234520000,VALID,0.5,0.75,-1.0,SL,19196
1787246430000,VALID,0.5,0.75,1.5,TP,30147
1787267280000,VALID,0.5,0.75,-1.0,SL,13496
1787288910000,VALID,0.5,0.75,-1.0,SL,3603
1787298090000,VALID,0.5,0.75,1.5,TP,88199
1787312280000,VALID,0.5,0.75,1.5,TP,52199
1787325840000,VALID,0.5,0.75,-1.0,SL,14554
1787339850000,VALID,0.5,0.75,1.5,TP,82949
1787340270000,VALID,0.5,0.75,-1.0,SL,7500
1787527200000,VALID,0.5,0.75,-1.0,SL,300
1787534100000,VALID,0.5,0.75,-1.0,SL,57748
1787579790000,VALID,0.5,0.75,1.5,TP,102005
1787583030000,VALID,0.5,0.75,-1.0,SL,295
1787609970000,VALID,0.5,0.75,-1.0,SL,21147
1787630220000,VALID,0.5,0.75,1.5,TP,59852
1787647740000,VALID,0.5,0.75,-1.0,SL,45742
1787660070000,VALID,0.5,0.75,-1.0,SL,34801
1787661450000,VALID,0.5,0.75,-1.0,SL,123600
1787664090000,VALID,0.5,0.75,-1.0,SL,20399
1787666490000,VALID,0.5,0.75,-1.0,SL,80104
1787687220000,VALID,0.5,0.75,1.5,TP,79352
1787709300000,VALID,0.5,0.75,1.5,TP,83999
1787723070000,VALID,0.5,0.75,-1.0,SL,28808
1787740170000,VALID,0.5,0.75,1.5,TP,99146
1787749530000,VALID,0.5,0.75,1.5,TP,51757
1787753850000,VALID,0.5,0.75,-1.0,SL,8251
1787788590000,VALID,0.5,0.75,-1.0,SL,0
1787790000000,VALID,0.5,0.75,-1.0,SL,5403
1787794950000,VALID,0.5,0.75,-1.0,SL,5697
1787798520000,VALID,0.5,0.75,-1.0,SL,23395
1787811390000,VALID,0.5,0.75,1.5,TP,162450
1787823090000,VALID,0.5,0.75,-1.0,SL,5697
1787827440000,VALID,0.5,0.75,-1.0,SL,11401
1787834550000,VALID,0.5,0.75,1.5,TP,162452
1787844150000,VALID,0.5,0.75,-1.0,SL,23252
1787854650000,VALID,0.5,0.75,-1.0,SL,47100
1787883540000,VALID,0.5,0.75,-1.0,SL,10652
1787917320000,VALID,0.5,0.75,-1.0,SL,35555
1787924280000,VALID,0.5,0.75,1.5,TP,56399
1787925720000,VALID,0.5,0.75,-1.0,SL,23404
1787934900000,VALID,0.5,0.75,1.5,TP,101694
1788141930000,VALID,0.5,0.75,-1.0,SL,26702
1788144150000,VALID,0.5,0.75,1.5,TP,36754
1788181080000,VALID,0.5,0.75,-1.0,SL,2850
1788221790000,VALID,0.5,0.75,1.5,TP,134400
1788228720000,VALID,0.5,0.75,-1.0,SL,5246
1788230910000,VALID,0.5,0.75,-1.0,SL,1948
1788258720000,VALID,0.5,0.75,-1.0,SL,5248
1788262410000,VALID,0.5,0.75,-1.0,SL,49205
1788271980000,VALID,0.5,0.75,1.5,TP,72606
1788277740000,VALID,0.5,0.75,1.5,TP,57744
1788303150000,VALID,0.5,0.75,-1.0,SL,0
1788321570000,VALID,0.5,0.75,1.5,TP,239552
1788333960000,VALID,0.5,0.75,1.5,TP,74100
1788353280000,VALID,0.5,0.75,-1.0,SL,89251
1788356520000,VALID,0.5,0.75,-1.0,SL,6445
1788377820000,VALID,0.5,0.75,-1.0,SL,5546
1788409740000,VALID,0.5,0.75,1.5,TP,58647
1788416880000,VALID,0.5,0.75,1.5,TP,51298
1788417360000,VALID,0.5,0.75,-1.0,SL,1493
1788439920000,VALID,0.5,0.75,1.5,TP,44398
1788460260000,VALID,0.5,0.75,-1.0,SL,4804
1788461400000,VALID,0.5,0.75,-1.0,SL,99453
1788486750000,VALID,0.5,0.75,-1.0,SL,4199
1788488160000,VALID,0.5,0.75,-1.0,SL,7651
1788491310000,VALID,0.5,0.75,1.5,TP,74399
1788518280000,VALID,0.5,0.75,-1.0,SL,74849
1788535440000,VALID,0.5,0.75,1.5,TP,65093
1788551280000,VALID,0.5,0.75,-1.0,SL,41998
1788767580000,POST_CHECK,0.5,0.75,-1.0,SL,10799
1788796560000,POST_CHECK,0.5,0.75,-1.0,SL,447
1788852930000,POST_CHECK,0.5,0.75,-1.0,SL,68389
1788853320000,POST_CHECK,0.5,0.75,1.5,TP,13496
1788855180000,POST_CHECK,0.5,0.75,1.5,TP,67651
1788864030000,POST_CHECK,0.5,0.75,-1.0,SL,452
1788865590000,POST_CHECK,0.5,0.75,1.5,TP,117000
1788872040000,POST_CHECK,0.5,0.75,1.5,TP,80701
1788873690000,POST_CHECK,0.5,0.75,-1.0,SL,7046
1788891840000,POST_CHECK,0.5,0.75,-1.0,SL,14099
1788893880000,POST_CHECK,0.5,0.75,-1.0,SL,175044
1788894780000,POST_CHECK,0.5,0.75,-1.0,SL,15599
1788912420000,POST_CHECK,0.5,0.75,-1.0,SL,80707
1788921270000,POST_CHECK,0.5,0.75,-1.0,SL,1799
1788927510000,POST_CHECK,0.5,0.75,-1.0,SL,8849
1788928650000,POST_CHECK,0.5,0.75,1.5,TP,45297
1788936060000,POST_CHECK,0.5,0.75,-1.0,SL,104398
1788946920000,POST_CHECK,0.5,0.75,-1.0,SL,8696
1788947610000,POST_CHECK,0.5,0.75,1.5,TP,39899
1788948900000,POST_CHECK,0.5,0.75,-1.0,SL,45151
1788999030000,POST_CHECK,0.5,0.75,-1.0,SL,23398
1789004220000,POST_CHECK,0.5,0.75,-1.0,SL,76646
1789006830000,POST_CHECK,0.5,0.75,-1.0,SL,23402
1789007910000,POST_CHECK,0.5,0.75,1.5,TP,14404
1789019610000,POST_CHECK,0.5,0.75,-1.0,SL,7350
1789031820000,POST_CHECK,0.5,0.75,-1.0,SL,32854
1789047570000,POST_CHECK,0.5,0.75,-1.0,SL,61806
1789053690000,POST_CHECK,0.5,0.75,1.5,TP,69902
1789088850000,POST_CHECK,0.5,0.75,-1.0,SL,27602
1789089270000,POST_CHECK,0.5,0.75,-1.0,SL,3751
1789102410000,POST_CHECK,0.5,0.75,-1.0,SL,5998
1789120140000,POST_CHECK,0.5,0.75,-1.0,SL,602
1789142100000,POST_CHECK,0.5,0.75,-1.0,SL,40953
1789347690000,POST_CHECK,0.5,0.75,-1.0,SL,899
1789383480000,POST_CHECK,0.5,0.75,-1.0,SL,23993
1789388280000,POST_CHECK,0.5,0.75,1.5,TP,44998
1789394400000,POST_CHECK,0.5,0.75,-1.0,SL,9456
1789394850000,POST_CHECK,0.5,0.75,-1.0,SL,9746
1789396470000,POST_CHECK,0.5,0.75,-1.0,SL,17097
1789403580000,POST_CHECK,0.5,0.75,-1.0,SL,10202
1789411020000,POST_CHECK,0.5,0.75,-1.0,SL,1797
1789428060000,POST_CHECK,0.5,0.75,-1.0,SL,50401
1789445400000,POST_CHECK,0.5,0.75,-1.0,SL,0
1789458150000,POST_CHECK,0.5,0.75,-1.0,SL,3897
1789468860000,POST_CHECK,0.5,0.75,1.5,TP,45303
1786060200000,TRAIN,0.5,1.0,2.0,TP,94800
1786061580000,TRAIN,0.5,1.0,-1.0,SL,3003
1786072020000,TRAIN,0.5,1.0,-1.0,SL,219899
1786096110000,TRAIN,0.5,1.0,-1.0,SL,15297
1786105620000,TRAIN,0.5,1.0,2.0,TP,85648
1786332630000,TRAIN,0.5,1.0,-1.0,SL,10050
1786340220000,TRAIN,0.5,1.0,-1.0,SL,34500
1786341540000,TRAIN,0.5,1.0,2.0,TP,79798
1786352040000,TRAIN,0.5,1.0,2.0,TP,138147
1786358100000,TRAIN,0.5,1.0,-1.0,SL,1647
1786381140000,TRAIN,0.5,1.0,-1.0,SL,7198
1786430640000,TRAIN,0.5,1.0,-1.0,SL,18304
1786438140000,TRAIN,0.5,1.0,-1.0,SL,449
1786438500000,TRAIN,0.5,1.0,-1.0,SL,143399
1786440810000,TRAIN,0.5,1.0,-0.20239855429627235,TIME,299698
1786451070000,TRAIN,0.5,1.0,-1.0,SL,66146
1786454340000,TRAIN,0.5,1.0,-1.0,SL,4497
1786463010000,TRAIN,0.5,1.0,-1.0,SL,5706
1786471950000,TRAIN,0.5,1.0,-1.0,SL,159898
1786493160000,TRAIN,0.5,1.0,-1.0,SL,40947
1786504530000,TRAIN,0.5,1.0,-1.0,SL,17698
1786526850000,TRAIN,0.5,1.0,-1.0,SL,15297
1786550940000,TRAIN,0.5,1.0,-1.0,SL,36596
1786553460000,TRAIN,0.5,1.0,-1.0,SL,36767
1786553820000,TRAIN,0.5,1.0,2.0,TP,120454
1786581240000,TRAIN,0.5,1.0,-1.0,SL,2703
1786587240000,TRAIN,0.5,1.0,-1.0,SL,51750
1786593510000,TRAIN,0.5,1.0,-1.0,SL,85952
1786624980000,TRAIN,0.5,1.0,-1.0,SL,226949
1786632990000,TRAIN,0.5,1.0,-1.0,SL,157498
1786633320000,TRAIN,0.5,1.0,2.0,TP,124356
1786653840000,TRAIN,0.5,1.0,-1.0,SL,0
1786670520000,TRAIN,0.5,1.0,2.0,TP,83248
1786687980000,TRAIN,0.5,1.0,-1.0,SL,60600
1786693650000,TRAIN,0.5,1.0,2.0,TP,98856
1786952010000,TRAIN,0.5,1.0,-1.0,SL,3302
1786953810000,TRAIN,0.5,1.0,-1.0,SL,16201
1786961190000,TRAIN,0.5,1.0,-1.0,SL,65397
1786974090000,TRAIN,0.5,1.0,-1.0,SL,1955
1787014200000,TRAIN,0.5,1.0,-1.0,SL,296
1787023770000,TRAIN,0.5,1.0,0.8314960629919291,TIME,299548
1787047590000,TRAIN,0.5,1.0,-1.0,SL,8708
1787049660000,TRAIN,0.5,1.0,-1.0,SL,5098
1787066490000,TRAIN,0.5,1.0,-1.0,SL,36750
1787082420000,TRAIN,0.5,1.0,-1.0,SL,6750
1787084850000,TRAIN,0.5,1.0,1.2504526252257826,TIME,299098
1787098590000,TRAIN,0.5,1.0,-1.0,SL,214204
1787104830000,TRAIN,0.5,1.0,2.0,TP,129299
1787117580000,TRAIN,0.5,1.0,-1.0,SL,3597
1787140380000,TRAIN,0.5,1.0,2.0,TP,66596
1787141130000,TRAIN,0.5,1.0,-1.0,SL,754
1787143260000,TRAIN,0.5,1.0,-1.0,SL,28500
1787149170000,TRAIN,0.5,1.0,-1.0,SL,32552
1787170380000,TRAIN,0.5,1.0,-1.0,SL,27451
1787184990000,VALID,0.5,1.0,-1.0,SL,4646
1787199990000,VALID,0.5,1.0,-1.0,SL,71255
1787220390000,VALID,0.5,1.0,2.0,TP,169802
1787229570000,VALID,0.5,1.0,-1.0,SL,7344
1787232870000,VALID,0.5,1.0,-1.0,SL,7048
1787234520000,VALID,0.5,1.0,-1.0,SL,19196
1787246430000,VALID,0.5,1.0,2.0,TP,32404
1787267280000,VALID,0.5,1.0,-1.0,SL,13496
1787288910000,VALID,0.5,1.0,-1.0,SL,3603
1787298090000,VALID,0.5,1.0,-1.0,SL,292495
1787312280000,VALID,0.5,1.0,2.0,TP,58200
1787325840000,VALID,0.5,1.0,-1.0,SL,14554
1787339850000,VALID,0.5,1.0,2.0,TP,164854
1787340270000,VALID,0.5,1.0,-1.0,SL,7500
1787527200000,VALID,0.5,1.0,-1.0,SL,300
1787534100000,VALID,0.5,1.0,-1.0,SL,57748
1787579790000,VALID,0.5,1.0,2.0,TP,118201
1787583030000,VALID,0.5,1.0,-1.0,SL,295
1787609970000,VALID,0.5,1.0,-1.0,SL,21147
1787630220000,VALID,0.5,1.0,2.0,TP,60006
1787647740000,VALID,0.5,1.0,-1.0,SL,45742
1787660070000,VALID,0.5,1.0,-1.0,SL,34801
1787661450000,VALID,0.5,1.0,-1.0,SL,123600
1787664090000,VALID,0.5,1.0,-1.0,SL,20399
1787666490000,VALID,0.5,1.0,-1.0,SL,80104
1787687220000,VALID,0.5,1.0,2.0,TP,84901
1787709300000,VALID,0.5,1.0,2.0,TP,108599
1787723070000,VALID,0.5,1.0,-1.0,SL,28808
1787740170000,VALID,0.5,1.0,2.0,TP,130201
1787749530000,VALID,0.5,1.0,2.0,TP,53550
1787753850000,VALID,0.5,1.0,-1.0,SL,8251
1787788590000,VALID,0.5,1.0,-1.0,SL,0
1787790000000,VALID,0.5,1.0,-1.0,SL,5403
1787794950000,VALID,0.5,1.0,-1.0,SL,5697
1787798520000,VALID,0.5,1.0,-1.0,SL,23395
1787811390000,VALID,0.5,1.0,2.0,TP,165445
1787823090000,VALID,0.5,1.0,-1.0,SL,5697
1787827440000,VALID,0.5,1.0,-1.0,SL,11401
1787834550000,VALID,0.5,1.0,2.0,TP,163504
1787844150000,VALID,0.5,1.0,-1.0,SL,23252
1787854650000,VALID,0.5,1.0,-1.0,SL,47100
1787883540000,VALID,0.5,1.0,-1.0,SL,10652
1787917320000,VALID,0.5,1.0,-1.0,SL,35555
1787924280000,VALID,0.5,1.0,2.0,TP,78600
1787925720000,VALID,0.5,1.0,-1.0,SL,23404
1787934900000,VALID,0.5,1.0,2.0,TP,103945
1788141930000,VALID,0.5,1.0,-1.0,SL,26702
1788144150000,VALID,0.5,1.0,2.0,TP,69307
1788181080000,VALID,0.5,1.0,-1.0,SL,2850
1788221790000,VALID,0.5,1.0,2.0,TP,135451
1788228720000,VALID,0.5,1.0,-1.0,SL,5246
1788230910000,VALID,0.5,1.0,-1.0,SL,1948
1788258720000,VALID,0.5,1.0,-1.0,SL,5248
1788262410000,VALID,0.5,1.0,-1.0,SL,49205
1788271980000,VALID,0.5,1.0,2.0,TP,101556
1788277740000,VALID,0.5,1.0,2.0,TP,135303
1788303150000,VALID,0.5,1.0,-1.0,SL,0
1788321570000,VALID,0.5,1.0,2.0,TP,240003
1788333960000,VALID,0.5,1.0,-1.0,SL,116550
1788353280000,VALID,0.5,1.0,-1.0,SL,89251
1788356520000,VALID,0.5,1.0,-1.0,SL,6445
1788377820000,VALID,0.5,1.0,-1.0,SL,5546
1788409740000,VALID,0.5,1.0,2.0,TP,60607
1788416880000,VALID,0.5,1.0,2.0,TP,56245
1788417360000,VALID,0.5,1.0,-1.0,SL,1493
1788439920000,VALID,0.5,1.0,2.0,TP,57447
1788460260000,VALID,0.5,1.0,-1.0,SL,4804
1788461400000,VALID,0.5,1.0,-1.0,SL,99453
1788486750000,VALID,0.5,1.0,-1.0,SL,4199
1788488160000,VALID,0.5,1.0,-1.0,SL,7651
1788491310000,VALID,0.5,1.0,2.0,TP,82049
1788518280000,VALID,0.5,1.0,-1.0,SL,74849
1788535440000,VALID,0.5,1.0,2.0,TP,81601
1788551280000,VALID,0.5,1.0,-1.0,SL,41998
1788767580000,POST_CHECK,0.5,1.0,-1.0,SL,10799
1788796560000,POST_CHECK,0.5,1.0,-1.0,SL,447
1788852930000,POST_CHECK,0.5,1.0,-1.0,SL,68389
1788853320000,POST_CHECK,0.5,1.0,2.0,TP,26250
1788855180000,POST_CHECK,0.5,1.0,-0.5372873964237025,TIME,299099
1788864030000,POST_CHECK,0.5,1.0,-1.0,SL,452
1788865590000,POST_CHECK,0.5,1.0,2.0,TP,117000
1788872040000,POST_CHECK,0.5,1.0,2.0,TP,92101
1788873690000,POST_CHECK,0.5,1.0,-1.0,SL,7046
1788891840000,POST_CHECK,0.5,1.0,-1.0,SL,14099
1788893880000,POST_CHECK,0.5,1.0,-1.0,SL,175044
1788894780000,POST_CHECK,0.5,1.0,-1.0,SL,15599
1788912420000,POST_CHECK,0.5,1.0,-1.0,SL,80707
1788921270000,POST_CHECK,0.5,1.0,-1.0,SL,1799
1788927510000,POST_CHECK,0.5,1.0,-1.0,SL,8849
1788928650000,POST_CHECK,0.5,1.0,2.0,TP,120153
1788936060000,POST_CHECK,0.5,1.0,-1.0,SL,104398
1788946920000,POST_CHECK,0.5,1.0,-1.0,SL,8696
1788947610000,POST_CHECK,0.5,1.0,2.0,TP,70950
1788948900000,POST_CHECK,0.5,1.0,-1.0,SL,45151
1788999030000,POST_CHECK,0.5,1.0,-1.0,SL,23398
1789004220000,POST_CHECK,0.5,1.0,-1.0,SL,76646
1789006830000,POST_CHECK,0.5,1.0,-1.0,SL,23402
1789007910000,POST_CHECK,0.5,1.0,2.0,TP,22652
1789019610000,POST_CHECK,0.5,1.0,-1.0,SL,7350
1789031820000,POST_CHECK,0.5,1.0,-1.0,SL,32854
1789047570000,POST_CHECK,0.5,1.0,-1.0,SL,61806
1789053690000,POST_CHECK,0.5,1.0,2.0,TP,88496
1789088850000,POST_CHECK,0.5,1.0,-1.0,SL,27602
1789089270000,POST_CHECK,0.5,1.0,-1.0,SL,3751
1789102410000,POST_CHECK,0.5,1.0,-1.0,SL,5998
1789120140000,POST_CHECK,0.5,1.0,-1.0,SL,602
1789142100000,POST_CHECK,0.5,1.0,-1.0,SL,40953
1789347690000,POST_CHECK,0.5,1.0,-1.0,SL,899
1789383480000,POST_CHECK,0.5,1.0,-1.0,SL,23993
1789388280000,POST_CHECK,0.5,1.0,2.0,TP,48596
1789394400000,POST_CHECK,0.5,1.0,-1.0,SL,9456
1789394850000,POST_CHECK,0.5,1.0,-1.0,SL,9746
1789396470000,POST_CHECK,0.5,1.0,-1.0,SL,17097
1789403580000,POST_CHECK,0.5,1.0,-1.0,SL,10202
1789411020000,POST_CHECK,0.5,1.0,-1.0,SL,1797
1789428060000,POST_CHECK,0.5,1.0,-1.0,SL,50401
1789445400000,POST_CHECK,0.5,1.0,-1.0,SL,0
1789458150000,POST_CHECK,0.5,1.0,-1.0,SL,3897
1789468860000,POST_CHECK,0.5,1.0,2.0,TP,60156
1786060200000,TRAIN,0.5,1.25,2.5,TP,97651
1786061580000,TRAIN,0.5,1.25,-1.0,SL,3003
1786072020000,TRAIN,0.5,1.25,-1.0,SL,219899
1786096110000,TRAIN,0.5,1.25,-1.0,SL,15297
1786105620000,TRAIN,0.5,1.25,2.5,TP,96149
1786332630000,TRAIN,0.5,1.25,-1.0,SL,10050
1786340220000,TRAIN,0.5,1.25,-1.0,SL,34500
1786341540000,TRAIN,0.5,1.25,2.5,TP,135902
1786352040000,TRAIN,0.5,1.25,2.5,TP,138147
1786358100000,TRAIN,0.5,1.25,-1.0,SL,1647
1786381140000,TRAIN,0.5,1.25,-1.0,SL,7198
1786430640000,TRAIN,0.5,1.25,-1.0,SL,18304
1786438140000,TRAIN,0.5,1.25,-1.0,SL,449
1786438500000,TRAIN,0.5,1.25,-1.0,SL,143399
1786440810000,TRAIN,0.5,1.25,-0.20239855429627235,TIME,299698
1786451070000,TRAIN,0.5,1.25,-1.0,SL,66146
1786454340000,TRAIN,0.5,1.25,-1.0,SL,4497
1786463010000,TRAIN,0.5,1.25,-1.0,SL,5706
1786471950000,TRAIN,0.5,1.25,-1.0,SL,159898
1786493160000,TRAIN,0.5,1.25,-1.0,SL,40947
1786504530000,TRAIN,0.5,1.25,-1.0,SL,17698
1786526850000,TRAIN,0.5,1.25,-1.0,SL,15297
1786550940000,TRAIN,0.5,1.25,-1.0,SL,36596
1786553460000,TRAIN,0.5,1.25,-1.0,SL,36767
1786553820000,TRAIN,0.5,1.25,2.5,TP,127955
1786581240000,TRAIN,0.5,1.25,-1.0,SL,2703
1786587240000,TRAIN,0.5,1.25,-1.0,SL,51750
1786593510000,TRAIN,0.5,1.25,-1.0,SL,85952
1786624980000,TRAIN,0.5,1.25,-1.0,SL,226949
1786632990000,TRAIN,0.5,1.25,-1.0,SL,157498
1786633320000,TRAIN,0.5,1.25,2.5,TP,126302
1786653840000,TRAIN,0.5,1.25,-1.0,SL,0
1786670520000,TRAIN,0.5,1.25,2.5,TP,99298
1786687980000,TRAIN,0.5,1.25,-1.0,SL,60600
1786693650000,TRAIN,0.5,1.25,2.5,TP,130801
1786952010000,TRAIN,0.5,1.25,-1.0,SL,3302
1786953810000,TRAIN,0.5,1.25,-1.0,SL,16201
1786961190000,TRAIN,0.5,1.25,-1.0,SL,65397
1786974090000,TRAIN,0.5,1.25,-1.0,SL,1955
1787014200000,TRAIN,0.5,1.25,-1.0,SL,296
1787023770000,TRAIN,0.5,1.25,0.8314960629919291,TIME,299548
1787047590000,TRAIN,0.5,1.25,-1.0,SL,8708
1787049660000,TRAIN,0.5,1.25,-1.0,SL,5098
1787066490000,TRAIN,0.5,1.25,-1.0,SL,36750
1787082420000,TRAIN,0.5,1.25,-1.0,SL,6750
1787084850000,TRAIN,0.5,1.25,1.2504526252257826,TIME,299098
1787098590000,TRAIN,0.5,1.25,-1.0,SL,214204
1787104830000,TRAIN,0.5,1.25,2.5,TP,140249
1787117580000,TRAIN,0.5,1.25,-1.0,SL,3597
1787140380000,TRAIN,0.5,1.25,2.5,TP,78596
1787141130000,TRAIN,0.5,1.25,-1.0,SL,754
1787143260000,TRAIN,0.5,1.25,-1.0,SL,28500
1787149170000,TRAIN,0.5,1.25,-1.0,SL,32552
1787170380000,TRAIN,0.5,1.25,-1.0,SL,27451
1787184990000,VALID,0.5,1.25,-1.0,SL,4646
1787199990000,VALID,0.5,1.25,-1.0,SL,71255
1787220390000,VALID,0.5,1.25,2.5,TP,173102
1787229570000,VALID,0.5,1.25,-1.0,SL,7344
1787232870000,VALID,0.5,1.25,-1.0,SL,7048
1787234520000,VALID,0.5,1.25,-1.0,SL,19196
1787246430000,VALID,0.5,1.25,2.5,TP,38102
1787267280000,VALID,0.5,1.25,-1.0,SL,13496
1787288910000,VALID,0.5,1.25,-1.0,SL,3603
1787298090000,VALID,0.5,1.25,-1.0,SL,292495
1787312280000,VALID,0.5,1.25,2.5,TP,71552
1787325840000,VALID,0.5,1.25,-1.0,SL,14554
1787339850000,VALID,0.5,1.25,2.5,TP,259956
1787340270000,VALID,0.5,1.25,-1.0,SL,7500
1787527200000,VALID,0.5,1.25,-1.0,SL,300
1787534100000,VALID,0.5,1.25,-1.0,SL,57748
1787579790000,VALID,0.5,1.25,0.6348879154858015,TIME,299862
1787583030000,VALID,0.5,1.25,-1.0,SL,295
1787609970000,VALID,0.5,1.25,-1.0,SL,21147
1787630220000,VALID,0.5,1.25,2.5,TP,62855
1787647740000,VALID,0.5,1.25,-1.0,SL,45742
1787660070000,VALID,0.5,1.25,-1.0,SL,34801
1787661450000,VALID,0.5,1.25,-1.0,SL,123600
1787664090000,VALID,0.5,1.25,-1.0,SL,20399
1787666490000,VALID,0.5,1.25,-1.0,SL,80104
1787687220000,VALID,0.5,1.25,2.5,TP,136496
1787709300000,VALID,0.5,1.25,2.5,TP,136650
1787723070000,VALID,0.5,1.25,-1.0,SL,28808
1787740170000,VALID,0.5,1.25,2.5,TP,134699
1787749530000,VALID,0.5,1.25,-1.0,SL,177599
1787753850000,VALID,0.5,1.25,-1.0,SL,8251
1787788590000,VALID,0.5,1.25,-1.0,SL,0
1787790000000,VALID,0.5,1.25,-1.0,SL,5403
1787794950000,VALID,0.5,1.25,-1.0,SL,5697
1787798520000,VALID,0.5,1.25,-1.0,SL,23395
1787811390000,VALID,0.5,1.25,2.5,TP,278399
1787823090000,VALID,0.5,1.25,-1.0,SL,5697
1787827440000,VALID,0.5,1.25,-1.0,SL,11401
1787834550000,VALID,0.5,1.25,2.5,TP,204000
1787844150000,VALID,0.5,1.25,-1.0,SL,23252
1787854650000,VALID,0.5,1.25,-1.0,SL,47100
1787883540000,VALID,0.5,1.25,-1.0,SL,10652
1787917320000,VALID,0.5,1.25,-1.0,SL,35555
1787924280000,VALID,0.5,1.25,2.5,TP,88201
1787925720000,VALID,0.5,1.25,-1.0,SL,23404
1787934900000,VALID,0.5,1.25,2.5,TP,237748
1788141930000,VALID,0.5,1.25,-1.0,SL,26702
1788144150000,VALID,0.5,1.25,0.48759251197214376,TIME,299700
1788181080000,VALID,0.5,1.25,-1.0,SL,2850
1788221790000,VALID,0.5,1.25,2.5,TP,163352
1788228720000,VALID,0.5,1.25,-1.0,SL,5246
1788230910000,VALID,0.5,1.25,-1.0,SL,1948
1788258720000,VALID,0.5,1.25,-1.0,SL,5248
1788262410000,VALID,0.5,1.25,-1.0,SL,49205
1788271980000,VALID,0.5,1.25,2.5,TP,102303
1788277740000,VALID,0.5,1.25,2.5,TP,136200
1788303150000,VALID,0.5,1.25,-1.0,SL,0
1788321570000,VALID,0.5,1.25,-1.0,SL,295800
1788333960000,VALID,0.5,1.25,-1.0,SL,116550
1788353280000,VALID,0.5,1.25,-1.0,SL,89251
1788356520000,VALID,0.5,1.25,-1.0,SL,6445
1788377820000,VALID,0.5,1.25,-1.0,SL,5546
1788409740000,VALID,0.5,1.25,2.5,TP,139197
1788416880000,VALID,0.5,1.25,1.237842617153018,TIME,299099
1788417360000,VALID,0.5,1.25,-1.0,SL,1493
1788439920000,VALID,0.5,1.25,2.5,TP,123149
1788460260000,VALID,0.5,1.25,-1.0,SL,4804
1788461400000,VALID,0.5,1.25,-1.0,SL,99453
1788486750000,VALID,0.5,1.25,-1.0,SL,4199
1788488160000,VALID,0.5,1.25,-1.0,SL,7651
1788491310000,VALID,0.5,1.25,2.5,TP,82495
1788518280000,VALID,0.5,1.25,-1.0,SL,74849
1788535440000,VALID,0.5,1.25,2.5,TP,93302
1788551280000,VALID,0.5,1.25,-1.0,SL,41998
1788767580000,POST_CHECK,0.5,1.25,-1.0,SL,10799
1788796560000,POST_CHECK,0.5,1.25,-1.0,SL,447
1788852930000,POST_CHECK,0.5,1.25,-1.0,SL,68389
1788853320000,POST_CHECK,0.5,1.25,-1.0,SL,156151
1788855180000,POST_CHECK,0.5,1.25,-0.5372873964237025,TIME,299099
1788864030000,POST_CHECK,0.5,1.25,-1.0,SL,452
1788865590000,POST_CHECK,0.5,1.25,-1.0,SL,164253
1788872040000,POST_CHECK,0.5,1.25,2.5,TP,95544
1788873690000,POST_CHECK,0.5,1.25,-1.0,SL,7046
1788891840000,POST_CHECK,0.5,1.25,-1.0,SL,14099
1788893880000,POST_CHECK,0.5,1.25,-1.0,SL,175044
1788894780000,POST_CHECK,0.5,1.25,-1.0,SL,15599
1788912420000,POST_CHECK,0.5,1.25,-1.0,SL,80707
1788921270000,POST_CHECK,0.5,1.25,-1.0,SL,1799
1788927510000,POST_CHECK,0.5,1.25,-1.0,SL,8849
1788928650000,POST_CHECK,0.5,1.25,2.5,TP,125395
1788936060000,POST_CHECK,0.5,1.25,-1.0,SL,104398
1788946920000,POST_CHECK,0.5,1.25,-1.0,SL,8696
1788947610000,POST_CHECK,0.5,1.25,2.5,TP,71096
1788948900000,POST_CHECK,0.5,1.25,-1.0,SL,45151
1788999030000,POST_CHECK,0.5,1.25,-1.0,SL,23398
1789004220000,POST_CHECK,0.5,1.25,-1.0,SL,76646
1789006830000,POST_CHECK,0.5,1.25,-1.0,SL,23402
1789007910000,POST_CHECK,0.5,1.25,2.5,TP,37504
1789019610000,POST_CHECK,0.5,1.25,-1.0,SL,7350
1789031820000,POST_CHECK,0.5,1.25,-1.0,SL,32854
1789047570000,POST_CHECK,0.5,1.25,-1.0,SL,61806
1789053690000,POST_CHECK,0.5,1.25,2.5,TP,103049
1789088850000,POST_CHECK,0.5,1.25,-1.0,SL,27602
1789089270000,POST_CHECK,0.5,1.25,-1.0,SL,3751
1789102410000,POST_CHECK,0.5,1.25,-1.0,SL,5998
1789120140000,POST_CHECK,0.5,1.25,-1.0,SL,602
1789142100000,POST_CHECK,0.5,1.25,-1.0,SL,40953
1789347690000,POST_CHECK,0.5,1.25,-1.0,SL,899
1789383480000,POST_CHECK,0.5,1.25,-1.0,SL,23993
1789388280000,POST_CHECK,0.5,1.25,2.5,TP,55799
1789394400000,POST_CHECK,0.5,1.25,-1.0,SL,9456
1789394850000,POST_CHECK,0.5,1.25,-1.0,SL,9746
1789396470000,POST_CHECK,0.5,1.25,-1.0,SL,17097
1789403580000,POST_CHECK,0.5,1.25,-1.0,SL,10202
1789411020000,POST_CHECK,0.5,1.25,-1.0,SL,1797
1789428060000,POST_CHECK,0.5,1.25,-1.0,SL,50401
1789445400000,POST_CHECK,0.5,1.25,-1.0,SL,0
1789458150000,POST_CHECK,0.5,1.25,-1.0,SL,3897
1789468860000,POST_CHECK,0.5,1.25,2.5,TP,69447
1786060200000,TRAIN,0.5,1.5,3.0,TP,105299
1786061580000,TRAIN,0.5,1.5,-1.0,SL,3003
1786072020000,TRAIN,0.5,1.5,-1.0,SL,219899
1786096110000,TRAIN,0.5,1.5,-1.0,SL,15297
1786105620000,TRAIN,0.5,1.5,3.0,TP,97352
1786332630000,TRAIN,0.5,1.5,-1.0,SL,10050
1786340220000,TRAIN,0.5,1.5,-1.0,SL,34500
1786341540000,TRAIN,0.5,1.5,3.0,TP,242551
1786352040000,TRAIN,0.5,1.5,3.0,TP,141145
1786358100000,TRAIN,0.5,1.5,-1.0,SL,1647
1786381140000,TRAIN,0.5,1.5,-1.0,SL,7198
1786430640000,TRAIN,0.5,1.5,-1.0,SL,18304
1786438140000,TRAIN,0.5,1.5,-1.0,SL,449
1786438500000,TRAIN,0.5,1.5,-1.0,SL,143399
1786440810000,TRAIN,0.5,1.5,-0.20239855429627235,TIME,299698
1786451070000,TRAIN,0.5,1.5,-1.0,SL,66146
1786454340000,TRAIN,0.5,1.5,-1.0,SL,4497
1786463010000,TRAIN,0.5,1.5,-1.0,SL,5706
1786471950000,TRAIN,0.5,1.5,-1.0,SL,159898
1786493160000,TRAIN,0.5,1.5,-1.0,SL,40947
1786504530000,TRAIN,0.5,1.5,-1.0,SL,17698
1786526850000,TRAIN,0.5,1.5,-1.0,SL,15297
1786550940000,TRAIN,0.5,1.5,-1.0,SL,36596
1786553460000,TRAIN,0.5,1.5,-1.0,SL,36767
1786553820000,TRAIN,0.5,1.5,3.0,TP,248399
1786581240000,TRAIN,0.5,1.5,-1.0,SL,2703
1786587240000,TRAIN,0.5,1.5,-1.0,SL,51750
1786593510000,TRAIN,0.5,1.5,-1.0,SL,85952
1786624980000,TRAIN,0.5,1.5,-1.0,SL,226949
1786632990000,TRAIN,0.5,1.5,-1.0,SL,157498
1786633320000,TRAIN,0.5,1.5,3.0,TP,154047
1786653840000,TRAIN,0.5,1.5,-1.0,SL,0
1786670520000,TRAIN,0.5,1.5,3.0,TP,100798
1786687980000,TRAIN,0.5,1.5,-1.0,SL,60600
1786693650000,TRAIN,0.5,1.5,3.0,TP,138451
1786952010000,TRAIN,0.5,1.5,-1.0,SL,3302
1786953810000,TRAIN,0.5,1.5,-1.0,SL,16201
1786961190000,TRAIN,0.5,1.5,-1.0,SL,65397
1786974090000,TRAIN,0.5,1.5,-1.0,SL,1955
1787014200000,TRAIN,0.5,1.5,-1.0,SL,296
1787023770000,TRAIN,0.5,1.5,0.8314960629919291,TIME,299548
1787047590000,TRAIN,0.5,1.5,-1.0,SL,8708
1787049660000,TRAIN,0.5,1.5,-1.0,SL,5098
1787066490000,TRAIN,0.5,1.5,-1.0,SL,36750
1787082420000,TRAIN,0.5,1.5,-1.0,SL,6750
1787084850000,TRAIN,0.5,1.5,1.2504526252257826,TIME,299098
1787098590000,TRAIN,0.5,1.5,-1.0,SL,214204
1787104830000,TRAIN,0.5,1.5,3.0,TP,144595
1787117580000,TRAIN,0.5,1.5,-1.0,SL,3597
1787140380000,TRAIN,0.5,1.5,1.9389830508468242,TIME,299695
1787141130000,TRAIN,0.5,1.5,-1.0,SL,754
1787143260000,TRAIN,0.5,1.5,-1.0,SL,28500
1787149170000,TRAIN,0.5,1.5,-1.0,SL,32552
1787170380000,TRAIN,0.5,1.5,-1.0,SL,27451
1787184990000,VALID,0.5,1.5,-1.0,SL,4646
1787199990000,VALID,0.5,1.5,-1.0,SL,71255
1787220390000,VALID,0.5,1.5,3.0,TP,185551
1787229570000,VALID,0.5,1.5,-1.0,SL,7344
1787232870000,VALID,0.5,1.5,-1.0,SL,7048
1787234520000,VALID,0.5,1.5,-1.0,SL,19196
1787246430000,VALID,0.5,1.5,3.0,TP,38696
1787267280000,VALID,0.5,1.5,-1.0,SL,13496
1787288910000,VALID,0.5,1.5,-1.0,SL,3603
1787298090000,VALID,0.5,1.5,-1.0,SL,292495
1787312280000,VALID,0.5,1.5,3.0,TP,92099
1787325840000,VALID,0.5,1.5,-1.0,SL,14554
1787339850000,VALID,0.5,1.5,1.9796610169490623,TIME,298948
1787340270000,VALID,0.5,1.5,-1.0,SL,7500
1787527200000,VALID,0.5,1.5,-1.0,SL,300
1787534100000,VALID,0.5,1.5,-1.0,SL,57748
1787579790000,VALID,0.5,1.5,0.6348879154858015,TIME,299862
1787583030000,VALID,0.5,1.5,-1.0,SL,295
1787609970000,VALID,0.5,1.5,-1.0,SL,21147
1787630220000,VALID,0.5,1.5,3.0,TP,98256
1787647740000,VALID,0.5,1.5,-1.0,SL,45742
1787660070000,VALID,0.5,1.5,-1.0,SL,34801
1787661450000,VALID,0.5,1.5,-1.0,SL,123600
1787664090000,VALID,0.5,1.5,-1.0,SL,20399
1787666490000,VALID,0.5,1.5,-1.0,SL,80104
1787687220000,VALID,0.5,1.5,3.0,TP,136496
1787709300000,VALID,0.5,1.5,3.0,TP,137546
1787723070000,VALID,0.5,1.5,-1.0,SL,28808
1787740170000,VALID,0.5,1.5,3.0,TP,138898
1787749530000,VALID,0.5,1.5,-1.0,SL,177599
1787753850000,VALID,0.5,1.5,-1.0,SL,8251
1787788590000,VALID,0.5,1.5,-1.0,SL,0
1787790000000,VALID,0.5,1.5,-1.0,SL,5403
1787794950000,VALID,0.5,1.5,-1.0,SL,5697
1787798520000,VALID,0.5,1.5,-1.0,SL,23395
1787811390000,VALID,0.5,1.5,3.0,TP,280949
1787823090000,VALID,0.5,1.5,-1.0,SL,5697
1787827440000,VALID,0.5,1.5,-1.0,SL,11401
1787834550000,VALID,0.5,1.5,3.0,TP,257549
1787844150000,VALID,0.5,1.5,-1.0,SL,23252
1787854650000,VALID,0.5,1.5,-1.0,SL,47100
1787883540000,VALID,0.5,1.5,-1.0,SL,10652
1787917320000,VALID,0.5,1.5,-1.0,SL,35555
1787924280000,VALID,0.5,1.5,3.0,TP,290251
1787925720000,VALID,0.5,1.5,-1.0,SL,23404
1787934900000,VALID,0.5,1.5,3.0,TP,238944
1788141930000,VALID,0.5,1.5,-1.0,SL,26702
1788144150000,VALID,0.5,1.5,0.48759251197214376,TIME,299700
1788181080000,VALID,0.5,1.5,-1.0,SL,2850
1788221790000,VALID,0.5,1.5,3.0,TP,186150
1788228720000,VALID,0.5,1.5,-1.0,SL,5246
1788230910000,VALID,0.5,1.5,-1.0,SL,1948
1788258720000,VALID,0.5,1.5,-1.0,SL,5248
1788262410000,VALID,0.5,1.5,-1.0,SL,49205
1788271980000,VALID,0.5,1.5,3.0,TP,122550
1788277740000,VALID,0.5,1.5,3.0,TP,143700
1788303150000,VALID,0.5,1.5,-1.0,SL,0
1788321570000,VALID,0.5,1.5,-1.0,SL,295800
1788333960000,VALID,0.5,1.5,-1.0,SL,116550
1788353280000,VALID,0.5,1.5,-1.0,SL,89251
1788356520000,VALID,0.5,1.5,-1.0,SL,6445
1788377820000,VALID,0.5,1.5,-1.0,SL,5546
1788409740000,VALID,0.5,1.5,1.8163134232501599,TIME,299093
1788416880000,VALID,0.5,1.5,1.237842617153018,TIME,299099
1788417360000,VALID,0.5,1.5,-1.0,SL,1493
1788439920000,VALID,0.5,1.5,3.0,TP,128097
1788460260000,VALID,0.5,1.5,-1.0,SL,4804
1788461400000,VALID,0.5,1.5,-1.0,SL,99453
1788486750000,VALID,0.5,1.5,-1.0,SL,4199
1788488160000,VALID,0.5,1.5,-1.0,SL,7651
1788491310000,VALID,0.5,1.5,3.0,TP,122844
1788518280000,VALID,0.5,1.5,-1.0,SL,74849
1788535440000,VALID,0.5,1.5,-1.0,SL,220344
1788551280000,VALID,0.5,1.5,-1.0,SL,41998
1788767580000,POST_CHECK,0.5,1.5,-1.0,SL,10799
1788796560000,POST_CHECK,0.5,1.5,-1.0,SL,447
1788852930000,POST_CHECK,0.5,1.5,-1.0,SL,68389
1788853320000,POST_CHECK,0.5,1.5,-1.0,SL,156151
1788855180000,POST_CHECK,0.5,1.5,-0.5372873964237025,TIME,299099
1788864030000,POST_CHECK,0.5,1.5,-1.0,SL,452
1788865590000,POST_CHECK,0.5,1.5,-1.0,SL,164253
1788872040000,POST_CHECK,0.5,1.5,3.0,TP,119999
1788873690000,POST_CHECK,0.5,1.5,-1.0,SL,7046
1788891840000,POST_CHECK,0.5,1.5,-1.0,SL,14099
1788893880000,POST_CHECK,0.5,1.5,-1.0,SL,175044
1788894780000,POST_CHECK,0.5,1.5,-1.0,SL,15599
1788912420000,POST_CHECK,0.5,1.5,-1.0,SL,80707
1788921270000,POST_CHECK,0.5,1.5,-1.0,SL,1799
1788927510000,POST_CHECK,0.5,1.5,-1.0,SL,8849
1788928650000,POST_CHECK,0.5,1.5,3.0,TP,131698
1788936060000,POST_CHECK,0.5,1.5,-1.0,SL,104398
1788946920000,POST_CHECK,0.5,1.5,-1.0,SL,8696
1788947610000,POST_CHECK,0.5,1.5,3.0,TP,78751
1788948900000,POST_CHECK,0.5,1.5,-1.0,SL,45151
1788999030000,POST_CHECK,0.5,1.5,-1.0,SL,23398
1789004220000,POST_CHECK,0.5,1.5,-1.0,SL,76646
1789006830000,POST_CHECK,0.5,1.5,-1.0,SL,23402
1789007910000,POST_CHECK,0.5,1.5,3.0,TP,49049
1789019610000,POST_CHECK,0.5,1.5,-1.0,SL,7350
1789031820000,POST_CHECK,0.5,1.5,-1.0,SL,32854
1789047570000,POST_CHECK,0.5,1.5,-1.0,SL,61806
1789053690000,POST_CHECK,0.5,1.5,2.0039631658700228,TIME,299395
1789088850000,POST_CHECK,0.5,1.5,-1.0,SL,27602
1789089270000,POST_CHECK,0.5,1.5,-1.0,SL,3751
1789102410000,POST_CHECK,0.5,1.5,-1.0,SL,5998
1789120140000,POST_CHECK,0.5,1.5,-1.0,SL,602
1789142100000,POST_CHECK,0.5,1.5,-1.0,SL,40953
1789347690000,POST_CHECK,0.5,1.5,-1.0,SL,899
1789383480000,POST_CHECK,0.5,1.5,-1.0,SL,23993
1789388280000,POST_CHECK,0.5,1.5,3.0,TP,63445
1789394400000,POST_CHECK,0.5,1.5,-1.0,SL,9456
1789394850000,POST_CHECK,0.5,1.5,-1.0,SL,9746
1789396470000,POST_CHECK,0.5,1.5,-1.0,SL,17097
1789403580000,POST_CHECK,0.5,1.5,-1.0,SL,10202
1789411020000,POST_CHECK,0.5,1.5,-1.0,SL,1797
1789428060000,POST_CHECK,0.5,1.5,-1.0,SL,50401
1789445400000,POST_CHECK,0.5,1.5,-1.0,SL,0
1789458150000,POST_CHECK,0.5,1.5,-1.0,SL,3897
1789468860000,POST_CHECK,0.5,1.5,3.0,TP,71853
1786060200000,TRAIN,0.5,1.75,3.5,TP,114451
1786061580000,TRAIN,0.5,1.75,-1.0,SL,3003
1786072020000,TRAIN,0.5,1.75,-1.0,SL,219899
1786096110000,TRAIN,0.5,1.75,-1.0,SL,15297
1786105620000,TRAIN,0.5,1.75,-1.0,SL,166353
1786332630000,TRAIN,0.5,1.75,-1.0,SL,10050
1786340220000,TRAIN,0.5,1.75,-1.0,SL,34500
1786341540000,TRAIN,0.5,1.75,1.3374108053000957,TIME,299704
1786352040000,TRAIN,0.5,1.75,-1.0,SL,261748
1786358100000,TRAIN,0.5,1.75,-1.0,SL,1647
1786381140000,TRAIN,0.5,1.75,-1.0,SL,7198
1786430640000,TRAIN,0.5,1.75,-1.0,SL,18304
1786438140000,TRAIN,0.5,1.75,-1.0,SL,449
1786438500000,TRAIN,0.5,1.75,-1.0,SL,143399
1786440810000,TRAIN,0.5,1.75,-0.20239855429627235,TIME,299698
1786451070000,TRAIN,0.5,1.75,-1.0,SL,66146
1786454340000,TRAIN,0.5,1.75,-1.0,SL,4497
1786463010000,TRAIN,0.5,1.75,-1.0,SL,5706
1786471950000,TRAIN,0.5,1.75,-1.0,SL,159898
1786493160000,TRAIN,0.5,1.75,-1.0,SL,40947
1786504530000,TRAIN,0.5,1.75,-1.0,SL,17698
1786526850000,TRAIN,0.5,1.75,-1.0,SL,15297
1786550940000,TRAIN,0.5,1.75,-1.0,SL,36596
1786553460000,TRAIN,0.5,1.75,-1.0,SL,36767
1786553820000,TRAIN,0.5,1.75,3.5,TP,253203
1786581240000,TRAIN,0.5,1.75,-1.0,SL,2703
1786587240000,TRAIN,0.5,1.75,-1.0,SL,51750
1786593510000,TRAIN,0.5,1.75,-1.0,SL,85952
1786624980000,TRAIN,0.5,1.75,-1.0,SL,226949
1786632990000,TRAIN,0.5,1.75,-1.0,SL,157498
1786633320000,TRAIN,0.5,1.75,3.5,TP,154047
1786653840000,TRAIN,0.5,1.75,-1.0,SL,0
1786670520000,TRAIN,0.5,1.75,3.5,TP,140098
1786687980000,TRAIN,0.5,1.75,-1.0,SL,60600
1786693650000,TRAIN,0.5,1.75,3.5,TP,165305
1786952010000,TRAIN,0.5,1.75,-1.0,SL,3302
1786953810000,TRAIN,0.5,1.75,-1.0,SL,16201
1786961190000,TRAIN,0.5,1.75,-1.0,SL,65397
1786974090000,TRAIN,0.5,1.75,-1.0,SL,1955
1787014200000,TRAIN,0.5,1.75,-1.0,SL,296
1787023770000,TRAIN,0.5,1.75,0.8314960629919291,TIME,299548
1787047590000,TRAIN,0.5,1.75,-1.0,SL,8708
1787049660000,TRAIN,0.5,1.75,-1.0,SL,5098
1787066490000,TRAIN,0.5,1.75,-1.0,SL,36750
1787082420000,TRAIN,0.5,1.75,-1.0,SL,6750
1787084850000,TRAIN,0.5,1.75,1.2504526252257826,TIME,299098
1787098590000,TRAIN,0.5,1.75,-1.0,SL,214204
1787104830000,TRAIN,0.5,1.75,3.5,TP,155249
1787117580000,TRAIN,0.5,1.75,-1.0,SL,3597
1787140380000,TRAIN,0.5,1.75,1.9389830508468242,TIME,299695
1787141130000,TRAIN,0.5,1.75,-1.0,SL,754
1787143260000,TRAIN,0.5,1.75,-1.0,SL,28500
1787149170000,TRAIN,0.5,1.75,-1.0,SL,32552
1787170380000,TRAIN,0.5,1.75,-1.0,SL,27451
1787184990000,VALID,0.5,1.75,-1.0,SL,4646
1787199990000,VALID,0.5,1.75,-1.0,SL,71255
1787220390000,VALID,0.5,1.75,2.3459774906211903,TIME,298952
1787229570000,VALID,0.5,1.75,-1.0,SL,7344
1787232870000,VALID,0.5,1.75,-1.0,SL,7048
1787234520000,VALID,0.5,1.75,-1.0,SL,19196
1787246430000,VALID,0.5,1.75,3.5,TP,112200
1787267280000,VALID,0.5,1.75,-1.0,SL,13496
1787288910000,VALID,0.5,1.75,-1.0,SL,3603
1787298090000,VALID,0.5,1.75,-1.0,SL,292495
1787312280000,VALID,0.5,1.75,3.5,TP,100498
1787325840000,VALID,0.5,1.75,-1.0,SL,14554
1787339850000,VALID,0.5,1.75,1.9796610169490623,TIME,298948
1787340270000,VALID,0.5,1.75,-1.0,SL,7500
1787527200000,VALID,0.5,1.75,-1.0,SL,300
1787534100000,VALID,0.5,1.75,-1.0,SL,57748
1787579790000,VALID,0.5,1.75,0.6348879154858015,TIME,299862
1787583030000,VALID,0.5,1.75,-1.0,SL,295
1787609970000,VALID,0.5,1.75,-1.0,SL,21147
1787630220000,VALID,0.5,1.75,3.5,TP,204006
1787647740000,VALID,0.5,1.75,-1.0,SL,45742
1787660070000,VALID,0.5,1.75,-1.0,SL,34801
1787661450000,VALID,0.5,1.75,-1.0,SL,123600
1787664090000,VALID,0.5,1.75,-1.0,SL,20399
1787666490000,VALID,0.5,1.75,-1.0,SL,80104
1787687220000,VALID,0.5,1.75,3.5,TP,171150
1787709300000,VALID,0.5,1.75,3.5,TP,156896
1787723070000,VALID,0.5,1.75,-1.0,SL,28808
1787740170000,VALID,0.5,1.75,3.5,TP,158100
1787749530000,VALID,0.5,1.75,-1.0,SL,177599
1787753850000,VALID,0.5,1.75,-1.0,SL,8251
1787788590000,VALID,0.5,1.75,-1.0,SL,0
1787790000000,VALID,0.5,1.75,-1.0,SL,5403
1787794950000,VALID,0.5,1.75,-1.0,SL,5697
1787798520000,VALID,0.5,1.75,-1.0,SL,23395
1787811390000,VALID,0.5,1.75,3.5,TP,285146
1787823090000,VALID,0.5,1.75,-1.0,SL,5697
1787827440000,VALID,0.5,1.75,-1.0,SL,11401
1787834550000,VALID,0.5,1.75,2.2266092033922606,TIME,299699
1787844150000,VALID,0.5,1.75,-1.0,SL,23252
1787854650000,VALID,0.5,1.75,-1.0,SL,47100
1787883540000,VALID,0.5,1.75,-1.0,SL,10652
1787917320000,VALID,0.5,1.75,-1.0,SL,35555
1787924280000,VALID,0.5,1.75,3.5,TP,295650
1787925720000,VALID,0.5,1.75,-1.0,SL,23404
1787934900000,VALID,0.5,1.75,2.960639481938606,TIME,299849
1788141930000,VALID,0.5,1.75,-1.0,SL,26702
1788144150000,VALID,0.5,1.75,0.48759251197214376,TIME,299700
1788181080000,VALID,0.5,1.75,-1.0,SL,2850
1788221790000,VALID,0.5,1.75,3.5,TP,200106
1788228720000,VALID,0.5,1.75,-1.0,SL,5246
1788230910000,VALID,0.5,1.75,-1.0,SL,1948
1788258720000,VALID,0.5,1.75,-1.0,SL,5248
1788262410000,VALID,0.5,1.75,-1.0,SL,49205
1788271980000,VALID,0.5,1.75,3.5,TP,228900
1788277740000,VALID,0.5,1.75,2.0075282308659115,TIME,299249
1788303150000,VALID,0.5,1.75,-1.0,SL,0
1788321570000,VALID,0.5,1.75,-1.0,SL,295800
1788333960000,VALID,0.5,1.75,-1.0,SL,116550
1788353280000,VALID,0.5,1.75,-1.0,SL,89251
1788356520000,VALID,0.5,1.75,-1.0,SL,6445
1788377820000,VALID,0.5,1.75,-1.0,SL,5546
1788409740000,VALID,0.5,1.75,1.8163134232501599,TIME,299093
1788416880000,VALID,0.5,1.75,1.237842617153018,TIME,299099
1788417360000,VALID,0.5,1.75,-1.0,SL,1493
1788439920000,VALID,0.5,1.75,3.5,TP,129751
1788460260000,VALID,0.5,1.75,-1.0,SL,4804
1788461400000,VALID,0.5,1.75,-1.0,SL,99453
1788486750000,VALID,0.5,1.75,-1.0,SL,4199
1788488160000,VALID,0.5,1.75,-1.0,SL,7651
1788491310000,VALID,0.5,1.75,3.5,TP,275997
1788518280000,VALID,0.5,1.75,-1.0,SL,74849
1788535440000,VALID,0.5,1.75,-1.0,SL,220344
1788551280000,VALID,0.5,1.75,-1.0,SL,41998
1788767580000,POST_CHECK,0.5,1.75,-1.0,SL,10799
1788796560000,POST_CHECK,0.5,1.75,-1.0,SL,447
1788852930000,POST_CHECK,0.5,1.75,-1.0,SL,68389
1788853320000,POST_CHECK,0.5,1.75,-1.0,SL,156151
1788855180000,POST_CHECK,0.5,1.75,-0.5372873964237025,TIME,299099
1788864030000,POST_CHECK,0.5,1.75,-1.0,SL,452
1788865590000,POST_CHECK,0.5,1.75,-1.0,SL,164253
1788872040000,POST_CHECK,0.5,1.75,3.5,TP,128545
1788873690000,POST_CHECK,0.5,1.75,-1.0,SL,7046
1788891840000,POST_CHECK,0.5,1.75,-1.0,SL,14099
1788893880000,POST_CHECK,0.5,1.75,-1.0,SL,175044
1788894780000,POST_CHECK,0.5,1.75,-1.0,SL,15599
1788912420000,POST_CHECK,0.5,1.75,-1.0,SL,80707
1788921270000,POST_CHECK,0.5,1.75,-1.0,SL,1799
1788927510000,POST_CHECK,0.5,1.75,-1.0,SL,8849
1788928650000,POST_CHECK,0.5,1.75,3.5,TP,172952
1788936060000,POST_CHECK,0.5,1.75,-1.0,SL,104398
1788946920000,POST_CHECK,0.5,1.75,-1.0,SL,8696
1788947610000,POST_CHECK,0.5,1.75,3.5,TP,93001
1788948900000,POST_CHECK,0.5,1.75,-1.0,SL,45151
1788999030000,POST_CHECK,0.5,1.75,-1.0,SL,23398
1789004220000,POST_CHECK,0.5,1.75,-1.0,SL,76646
1789006830000,POST_CHECK,0.5,1.75,-1.0,SL,23402
1789007910000,POST_CHECK,0.5,1.75,3.5,TP,53252
1789019610000,POST_CHECK,0.5,1.75,-1.0,SL,7350
1789031820000,POST_CHECK,0.5,1.75,-1.0,SL,32854
1789047570000,POST_CHECK,0.5,1.75,-1.0,SL,61806
1789053690000,POST_CHECK,0.5,1.75,2.0039631658700228,TIME,299395
1789088850000,POST_CHECK,0.5,1.75,-1.0,SL,27602
1789089270000,POST_CHECK,0.5,1.75,-1.0,SL,3751
1789102410000,POST_CHECK,0.5,1.75,-1.0,SL,5998
1789120140000,POST_CHECK,0.5,1.75,-1.0,SL,602
1789142100000,POST_CHECK,0.5,1.75,-1.0,SL,40953
1789347690000,POST_CHECK,0.5,1.75,-1.0,SL,899
1789383480000,POST_CHECK,0.5,1.75,-1.0,SL,23993
1789388280000,POST_CHECK,0.5,1.75,3.5,TP,109204
1789394400000,POST_CHECK,0.5,1.75,-1.0,SL,9456
1789394850000,POST_CHECK,0.5,1.75,-1.0,SL,9746
1789396470000,POST_CHECK,0.5,1.75,-1.0,SL,17097
1789403580000,POST_CHECK,0.5,1.75,-1.0,SL,10202
1789411020000,POST_CHECK,0.5,1.75,-1.0,SL,1797
1789428060000,POST_CHECK,0.5,1.75,-1.0,SL,50401
1789445400000,POST_CHECK,0.5,1.75,-1.0,SL,0
1789458150000,POST_CHECK,0.5,1.75,-1.0,SL,3897
1789468860000,POST_CHECK,0.5,1.75,3.5,TP,72598
1786060200000,TRAIN,0.5,2.0,4.0,TP,139354
1786061580000,TRAIN,0.5,2.0,-1.0,SL,3003
1786072020000,TRAIN,0.5,2.0,-1.0,SL,219899
1786096110000,TRAIN,0.5,2.0,-1.0,SL,15297
1786105620000,TRAIN,0.5,2.0,-1.0,SL,166353
1786332630000,TRAIN,0.5,2.0,-1.0,SL,10050
1786340220000,TRAIN,0.5,2.0,-1.0,SL,34500
1786341540000,TRAIN,0.5,2.0,1.3374108053000957,TIME,299704
1786352040000,TRAIN,0.5,2.0,-1.0,SL,261748
1786358100000,TRAIN,0.5,2.0,-1.0,SL,1647
1786381140000,TRAIN,0.5,2.0,-1.0,SL,7198
1786430640000,TRAIN,0.5,2.0,-1.0,SL,18304
1786438140000,TRAIN,0.5,2.0,-1.0,SL,449
1786438500000,TRAIN,0.5,2.0,-1.0,SL,143399
1786440810000,TRAIN,0.5,2.0,-0.20239855429627235,TIME,299698
1786451070000,TRAIN,0.5,2.0,-1.0,SL,66146
1786454340000,TRAIN,0.5,2.0,-1.0,SL,4497
1786463010000,TRAIN,0.5,2.0,-1.0,SL,5706
1786471950000,TRAIN,0.5,2.0,-1.0,SL,159898
1786493160000,TRAIN,0.5,2.0,-1.0,SL,40947
1786504530000,TRAIN,0.5,2.0,-1.0,SL,17698
1786526850000,TRAIN,0.5,2.0,-1.0,SL,15297
1786550940000,TRAIN,0.5,2.0,-1.0,SL,36596
1786553460000,TRAIN,0.5,2.0,-1.0,SL,36767
1786553820000,TRAIN,0.5,2.0,4.0,TP,299856
1786581240000,TRAIN,0.5,2.0,-1.0,SL,2703
1786587240000,TRAIN,0.5,2.0,-1.0,SL,51750
1786593510000,TRAIN,0.5,2.0,-1.0,SL,85952
1786624980000,TRAIN,0.5,2.0,-1.0,SL,226949
1786632990000,TRAIN,0.5,2.0,-1.0,SL,157498
1786633320000,TRAIN,0.5,2.0,4.0,TP,159749
1786653840000,TRAIN,0.5,2.0,-1.0,SL,0
1786670520000,TRAIN,0.5,2.0,4.0,TP,146098
1786687980000,TRAIN,0.5,2.0,-1.0,SL,60600
1786693650000,TRAIN,0.5,2.0,3.360496014171754,TIME,298201
1786952010000,TRAIN,0.5,2.0,-1.0,SL,3302
1786953810000,TRAIN,0.5,2.0,-1.0,SL,16201
1786961190000,TRAIN,0.5,2.0,-1.0,SL,65397
1786974090000,TRAIN,0.5,2.0,-1.0,SL,1955
1787014200000,TRAIN,0.5,2.0,-1.0,SL,296
1787023770000,TRAIN,0.5,2.0,0.8314960629919291,TIME,299548
1787047590000,TRAIN,0.5,2.0,-1.0,SL,8708
1787049660000,TRAIN,0.5,2.0,-1.0,SL,5098
1787066490000,TRAIN,0.5,2.0,-1.0,SL,36750
1787082420000,TRAIN,0.5,2.0,-1.0,SL,6750
1787084850000,TRAIN,0.5,2.0,1.2504526252257826,TIME,299098
1787098590000,TRAIN,0.5,2.0,-1.0,SL,214204
1787104830000,TRAIN,0.5,2.0,4.0,TP,159149
1787117580000,TRAIN,0.5,2.0,-1.0,SL,3597
1787140380000,TRAIN,0.5,2.0,1.9389830508468242,TIME,299695
1787141130000,TRAIN,0.5,2.0,-1.0,SL,754
1787143260000,TRAIN,0.5,2.0,-1.0,SL,28500
1787149170000,TRAIN,0.5,2.0,-1.0,SL,32552
1787170380000,TRAIN,0.5,2.0,-1.0,SL,27451
1787184990000,VALID,0.5,2.0,-1.0,SL,4646
1787199990000,VALID,0.5,2.0,-1.0,SL,71255
1787220390000,VALID,0.5,2.0,2.3459774906211903,TIME,298952
1787229570000,VALID,0.5,2.0,-1.0,SL,7344
1787232870000,VALID,0.5,2.0,-1.0,SL,7048
1787234520000,VALID,0.5,2.0,-1.0,SL,19196
1787246430000,VALID,0.5,2.0,4.0,TP,112200
1787267280000,VALID,0.5,2.0,-1.0,SL,13496
1787288910000,VALID,0.5,2.0,-1.0,SL,3603
1787298090000,VALID,0.5,2.0,-1.0,SL,292495
1787312280000,VALID,0.5,2.0,4.0,TP,110851
1787325840000,VALID,0.5,2.0,-1.0,SL,14554
1787339850000,VALID,0.5,2.0,1.9796610169490623,TIME,298948
1787340270000,VALID,0.5,2.0,-1.0,SL,7500
1787527200000,VALID,0.5,2.0,-1.0,SL,300
1787534100000,VALID,0.5,2.0,-1.0,SL,57748
1787579790000,VALID,0.5,2.0,0.6348879154858015,TIME,299862
1787583030000,VALID,0.5,2.0,-1.0,SL,295
1787609970000,VALID,0.5,2.0,-1.0,SL,21147
1787630220000,VALID,0.5,2.0,4.0,TP,218102
1787647740000,VALID,0.5,2.0,-1.0,SL,45742
1787660070000,VALID,0.5,2.0,-1.0,SL,34801
1787661450000,VALID,0.5,2.0,-1.0,SL,123600
1787664090000,VALID,0.5,2.0,-1.0,SL,20399
1787666490000,VALID,0.5,2.0,-1.0,SL,80104
1787687220000,VALID,0.5,2.0,4.0,TP,171751
1787709300000,VALID,0.5,2.0,4.0,TP,160199
1787723070000,VALID,0.5,2.0,-1.0,SL,28808
1787740170000,VALID,0.5,2.0,4.0,TP,178949
1787749530000,VALID,0.5,2.0,-1.0,SL,177599
1787753850000,VALID,0.5,2.0,-1.0,SL,8251
1787788590000,VALID,0.5,2.0,-1.0,SL,0
1787790000000,VALID,0.5,2.0,-1.0,SL,5403
1787794950000,VALID,0.5,2.0,-1.0,SL,5697
1787798520000,VALID,0.5,2.0,-1.0,SL,23395
1787811390000,VALID,0.5,2.0,3.8716859528347247,TIME,299544
1787823090000,VALID,0.5,2.0,-1.0,SL,5697
1787827440000,VALID,0.5,2.0,-1.0,SL,11401
1787834550000,VALID,0.5,2.0,2.2266092033922606,TIME,299699
1787844150000,VALID,0.5,2.0,-1.0,SL,23252
1787854650000,VALID,0.5,2.0,-1.0,SL,47100
1787883540000,VALID,0.5,2.0,-1.0,SL,10652
1787917320000,VALID,0.5,2.0,-1.0,SL,35555
1787924280000,VALID,0.5,2.0,3.20858895705486,TIME,299850
1787925720000,VALID,0.5,2.0,-1.0,SL,23404
1787934900000,VALID,0.5,2.0,2.960639481938606,TIME,299849
1788141930000,VALID,0.5,2.0,-1.0,SL,26702
1788144150000,VALID,0.5,2.0,0.48759251197214376,TIME,299700
1788181080000,VALID,0.5,2.0,-1.0,SL,2850
1788221790000,VALID,0.5,2.0,4.0,TP,262201
1788228720000,VALID,0.5,2.0,-1.0,SL,5246
1788230910000,VALID,0.5,2.0,-1.0,SL,1948
1788258720000,VALID,0.5,2.0,-1.0,SL,5248
1788262410000,VALID,0.5,2.0,-1.0,SL,49205
1788271980000,VALID,0.5,2.0,3.552706127926106,TIME,299702
1788277740000,VALID,0.5,2.0,2.0075282308659115,TIME,299249
1788303150000,VALID,0.5,2.0,-1.0,SL,0
1788321570000,VALID,0.5,2.0,-1.0,SL,295800
1788333960000,VALID,0.5,2.0,-1.0,SL,116550
1788353280000,VALID,0.5,2.0,-1.0,SL,89251
1788356520000,VALID,0.5,2.0,-1.0,SL,6445
1788377820000,VALID,0.5,2.0,-1.0,SL,5546
1788409740000,VALID,0.5,2.0,1.8163134232501599,TIME,299093
1788416880000,VALID,0.5,2.0,1.237842617153018,TIME,299099
1788417360000,VALID,0.5,2.0,-1.0,SL,1493
1788439920000,VALID,0.5,2.0,4.0,TP,130355
1788460260000,VALID,0.5,2.0,-1.0,SL,4804
1788461400000,VALID,0.5,2.0,-1.0,SL,99453
1788486750000,VALID,0.5,2.0,-1.0,SL,4199
1788488160000,VALID,0.5,2.0,-1.0,SL,7651
1788491310000,VALID,0.5,2.0,4.0,TP,277202
1788518280000,VALID,0.5,2.0,-1.0,SL,74849
1788535440000,VALID,0.5,2.0,-1.0,SL,220344
1788551280000,VALID,0.5,2.0,-1.0,SL,41998
1788767580000,POST_CHECK,0.5,2.0,-1.0,SL,10799
1788796560000,POST_CHECK,0.5,2.0,-1.0,SL,447
1788852930000,POST_CHECK,0.5,2.0,-1.0,SL,68389
1788853320000,POST_CHECK,0.5,2.0,-1.0,SL,156151
1788855180000,POST_CHECK,0.5,2.0,-0.5372873964237025,TIME,299099
1788864030000,POST_CHECK,0.5,2.0,-1.0,SL,452
1788865590000,POST_CHECK,0.5,2.0,-1.0,SL,164253
1788872040000,POST_CHECK,0.5,2.0,4.0,TP,137401
1788873690000,POST_CHECK,0.5,2.0,-1.0,SL,7046
1788891840000,POST_CHECK,0.5,2.0,-1.0,SL,14099
1788893880000,POST_CHECK,0.5,2.0,-1.0,SL,175044
1788894780000,POST_CHECK,0.5,2.0,-1.0,SL,15599
1788912420000,POST_CHECK,0.5,2.0,-1.0,SL,80707
1788921270000,POST_CHECK,0.5,2.0,-1.0,SL,1799
1788927510000,POST_CHECK,0.5,2.0,-1.0,SL,8849
1788928650000,POST_CHECK,0.5,2.0,4.0,TP,180450
1788936060000,POST_CHECK,0.5,2.0,-1.0,SL,104398
1788946920000,POST_CHECK,0.5,2.0,-1.0,SL,8696
1788947610000,POST_CHECK,0.5,2.0,4.0,TP,101095
1788948900000,POST_CHECK,0.5,2.0,-1.0,SL,45151
1788999030000,POST_CHECK,0.5,2.0,-1.0,SL,23398
1789004220000,POST_CHECK,0.5,2.0,-1.0,SL,76646
1789006830000,POST_CHECK,0.5,2.0,-1.0,SL,23402
1789007910000,POST_CHECK,0.5,2.0,4.0,TP,131399
1789019610000,POST_CHECK,0.5,2.0,-1.0,SL,7350
1789031820000,POST_CHECK,0.5,2.0,-1.0,SL,32854
1789047570000,POST_CHECK,0.5,2.0,-1.0,SL,61806
1789053690000,POST_CHECK,0.5,2.0,2.0039631658700228,TIME,299395
1789088850000,POST_CHECK,0.5,2.0,-1.0,SL,27602
1789089270000,POST_CHECK,0.5,2.0,-1.0,SL,3751
1789102410000,POST_CHECK,0.5,2.0,-1.0,SL,5998
1789120140000,POST_CHECK,0.5,2.0,-1.0,SL,602
1789142100000,POST_CHECK,0.5,2.0,-1.0,SL,40953
1789347690000,POST_CHECK,0.5,2.0,-1.0,SL,899
1789383480000,POST_CHECK,0.5,2.0,-1.0,SL,23993
1789388280000,POST_CHECK,0.5,2.0,4.0,TP,118352
1789394400000,POST_CHECK,0.5,2.0,-1.0,SL,9456
1789394850000,POST_CHECK,0.5,2.0,-1.0,SL,9746
1789396470000,POST_CHECK,0.5,2.0,-1.0,SL,17097
1789403580000,POST_CHECK,0.5,2.0,-1.0,SL,10202
1789411020000,POST_CHECK,0.5,2.0,-1.0,SL,1797
1789428060000,POST_CHECK,0.5,2.0,-1.0,SL,50401
1789445400000,POST_CHECK,0.5,2.0,-1.0,SL,0
1789458150000,POST_CHECK,0.5,2.0,-1.0,SL,3897
1789468860000,POST_CHECK,0.5,2.0,4.0,TP,82950
1786060200000,TRAIN,0.5,2.25,4.5,TP,142655
1786061580000,TRAIN,0.5,2.25,-1.0,SL,3003
1786072020000,TRAIN,0.5,2.25,-1.0,SL,219899
1786096110000,TRAIN,0.5,2.25,-1.0,SL,15297
1786105620000,TRAIN,0.5,2.25,-1.0,SL,166353
1786332630000,TRAIN,0.5,2.25,-1.0,SL,10050
1786340220000,TRAIN,0.5,2.25,-1.0,SL,34500
1786341540000,TRAIN,0.5,2.25,1.3374108053000957,TIME,299704
1786352040000,TRAIN,0.5,2.25,-1.0,SL,261748
1786358100000,TRAIN,0.5,2.25,-1.0,SL,1647
1786381140000,TRAIN,0.5,2.25,-1.0,SL,7198
1786430640000,TRAIN,0.5,2.25,-1.0,SL,18304
1786438140000,TRAIN,0.5,2.25,-1.0,SL,449
1786438500000,TRAIN,0.5,2.25,-1.0,SL,143399
1786440810000,TRAIN,0.5,2.25,-0.20239855429627235,TIME,299698
1786451070000,TRAIN,0.5,2.25,-1.0,SL,66146
1786454340000,TRAIN,0.5,2.25,-1.0,SL,4497
1786463010000,TRAIN,0.5,2.25,-1.0,SL,5706
1786471950000,TRAIN,0.5,2.25,-1.0,SL,159898
1786493160000,TRAIN,0.5,2.25,-1.0,SL,40947
1786504530000,TRAIN,0.5,2.25,-1.0,SL,17698
1786526850000,TRAIN,0.5,2.25,-1.0,SL,15297
1786550940000,TRAIN,0.5,2.25,-1.0,SL,36596
1786553460000,TRAIN,0.5,2.25,-1.0,SL,36767
1786553820000,TRAIN,0.5,2.25,4.05578047683277,TIME,299856
1786581240000,TRAIN,0.5,2.25,-1.0,SL,2703
1786587240000,TRAIN,0.5,2.25,-1.0,SL,51750
1786593510000,TRAIN,0.5,2.25,-1.0,SL,85952
1786624980000,TRAIN,0.5,2.25,-1.0,SL,226949
1786632990000,TRAIN,0.5,2.25,-1.0,SL,157498
1786633320000,TRAIN,0.5,2.25,4.5,TP,171603
1786653840000,TRAIN,0.5,2.25,-1.0,SL,0
1786670520000,TRAIN,0.5,2.25,4.5,TP,177443
1786687980000,TRAIN,0.5,2.25,-1.0,SL,60600
1786693650000,TRAIN,0.5,2.25,3.360496014171754,TIME,298201
1786952010000,TRAIN,0.5,2.25,-1.0,SL,3302
1786953810000,TRAIN,0.5,2.25,-1.0,SL,16201
1786961190000,TRAIN,0.5,2.25,-1.0,SL,65397
1786974090000,TRAIN,0.5,2.25,-1.0,SL,1955
1787014200000,TRAIN,0.5,2.25,-1.0,SL,296
1787023770000,TRAIN,0.5,2.25,0.8314960629919291,TIME,299548
1787047590000,TRAIN,0.5,2.25,-1.0,SL,8708
1787049660000,TRAIN,0.5,2.25,-1.0,SL,5098
1787066490000,TRAIN,0.5,2.25,-1.0,SL,36750
1787082420000,TRAIN,0.5,2.25,-1.0,SL,6750
1787084850000,TRAIN,0.5,2.25,1.2504526252257826,TIME,299098
1787098590000,TRAIN,0.5,2.25,-1.0,SL,214204
1787104830000,TRAIN,0.5,2.25,1.6226771653537497,TIME,299698
1787117580000,TRAIN,0.5,2.25,-1.0,SL,3597
1787140380000,TRAIN,0.5,2.25,1.9389830508468242,TIME,299695
1787141130000,TRAIN,0.5,2.25,-1.0,SL,754
1787143260000,TRAIN,0.5,2.25,-1.0,SL,28500
1787149170000,TRAIN,0.5,2.25,-1.0,SL,32552
1787170380000,TRAIN,0.5,2.25,-1.0,SL,27451
1787184990000,VALID,0.5,2.25,-1.0,SL,4646
1787199990000,VALID,0.5,2.25,-1.0,SL,71255
1787220390000,VALID,0.5,2.25,2.3459774906211903,TIME,298952
1787229570000,VALID,0.5,2.25,-1.0,SL,7344
1787232870000,VALID,0.5,2.25,-1.0,SL,7048
1787234520000,VALID,0.5,2.25,-1.0,SL,19196
1787246430000,VALID,0.5,2.25,4.5,TP,112504
1787267280000,VALID,0.5,2.25,-1.0,SL,13496
1787288910000,VALID,0.5,2.25,-1.0,SL,3603
1787298090000,VALID,0.5,2.25,-1.0,SL,292495
1787312280000,VALID,0.5,2.25,4.5,TP,129299
1787325840000,VALID,0.5,2.25,-1.0,SL,14554
1787339850000,VALID,0.5,2.25,1.9796610169490623,TIME,298948
1787340270000,VALID,0.5,2.25,-1.0,SL,7500
1787527200000,VALID,0.5,2.25,-1.0,SL,300
1787534100000,VALID,0.5,2.25,-1.0,SL,57748
1787579790000,VALID,0.5,2.25,0.6348879154858015,TIME,299862
1787583030000,VALID,0.5,2.25,-1.0,SL,295
1787609970000,VALID,0.5,2.25,-1.0,SL,21147
1787630220000,VALID,0.5,2.25,4.5,TP,221403
1787647740000,VALID,0.5,2.25,-1.0,SL,45742
1787660070000,VALID,0.5,2.25,-1.0,SL,34801
1787661450000,VALID,0.5,2.25,-1.0,SL,123600
1787664090000,VALID,0.5,2.25,-1.0,SL,20399
1787666490000,VALID,0.5,2.25,-1.0,SL,80104
1787687220000,VALID,0.5,2.25,4.5,TP,174902
1787709300000,VALID,0.5,2.25,4.5,TP,165303
1787723070000,VALID,0.5,2.25,-1.0,SL,28808
1787740170000,VALID,0.5,2.25,4.5,TP,223347
1787749530000,VALID,0.5,2.25,-1.0,SL,177599
1787753850000,VALID,0.5,2.25,-1.0,SL,8251
1787788590000,VALID,0.5,2.25,-1.0,SL,0
1787790000000,VALID,0.5,2.25,-1.0,SL,5403
1787794950000,VALID,0.5,2.25,-1.0,SL,5697
1787798520000,VALID,0.5,2.25,-1.0,SL,23395
1787811390000,VALID,0.5,2.25,3.8716859528347247,TIME,299544
1787823090000,VALID,0.5,2.25,-1.0,SL,5697
1787827440000,VALID,0.5,2.25,-1.0,SL,11401
1787834550000,VALID,0.5,2.25,2.2266092033922606,TIME,299699
1787844150000,VALID,0.5,2.25,-1.0,SL,23252
1787854650000,VALID,0.5,2.25,-1.0,SL,47100
1787883540000,VALID,0.5,2.25,-1.0,SL,10652
1787917320000,VALID,0.5,2.25,-1.0,SL,35555
1787924280000,VALID,0.5,2.25,3.20858895705486,TIME,299850
1787925720000,VALID,0.5,2.25,-1.0,SL,23404
1787934900000,VALID,0.5,2.25,2.960639481938606,TIME,299849
1788141930000,VALID,0.5,2.25,-1.0,SL,26702
1788144150000,VALID,0.5,2.25,0.48759251197214376,TIME,299700
1788181080000,VALID,0.5,2.25,-1.0,SL,2850
1788221790000,VALID,0.5,2.25,4.5,TP,264149
1788228720000,VALID,0.5,2.25,-1.0,SL,5246
1788230910000,VALID,0.5,2.25,-1.0,SL,1948
1788258720000,VALID,0.5,2.25,-1.0,SL,5248
1788262410000,VALID,0.5,2.25,-1.0,SL,49205
1788271980000,VALID,0.5,2.25,3.552706127926106,TIME,299702
1788277740000,VALID,0.5,2.25,2.0075282308659115,TIME,299249
1788303150000,VALID,0.5,2.25,-1.0,SL,0
1788321570000,VALID,0.5,2.25,-1.0,SL,295800
1788333960000,VALID,0.5,2.25,-1.0,SL,116550
1788353280000,VALID,0.5,2.25,-1.0,SL,89251
1788356520000,VALID,0.5,2.25,-1.0,SL,6445
1788377820000,VALID,0.5,2.25,-1.0,SL,5546
1788409740000,VALID,0.5,2.25,1.8163134232501599,TIME,299093
1788416880000,VALID,0.5,2.25,1.237842617153018,TIME,299099
1788417360000,VALID,0.5,2.25,-1.0,SL,1493
1788439920000,VALID,0.5,2.25,4.5,TP,209098
1788460260000,VALID,0.5,2.25,-1.0,SL,4804
1788461400000,VALID,0.5,2.25,-1.0,SL,99453
1788486750000,VALID,0.5,2.25,-1.0,SL,4199
1788488160000,VALID,0.5,2.25,-1.0,SL,7651
1788491310000,VALID,0.5,2.25,3.30657701197802,TIME,299703
1788518280000,VALID,0.5,2.25,-1.0,SL,74849
1788535440000,VALID,0.5,2.25,-1.0,SL,220344
1788551280000,VALID,0.5,2.25,-1.0,SL,41998
1788767580000,POST_CHECK,0.5,2.25,-1.0,SL,10799
1788796560000,POST_CHECK,0.5,2.25,-1.0,SL,447
1788852930000,POST_CHECK,0.5,2.25,-1.0,SL,68389
1788853320000,POST_CHECK,0.5,2.25,-1.0,SL,156151
1788855180000,POST_CHECK,0.5,2.25,-0.5372873964237025,TIME,299099
1788864030000,POST_CHECK,0.5,2.25,-1.0,SL,452
1788865590000,POST_CHECK,0.5,2.25,-1.0,SL,164253
1788872040000,POST_CHECK,0.5,2.25,4.5,TP,246451
1788873690000,POST_CHECK,0.5,2.25,-1.0,SL,7046
1788891840000,POST_CHECK,0.5,2.25,-1.0,SL,14099
1788893880000,POST_CHECK,0.5,2.25,-1.0,SL,175044
1788894780000,POST_CHECK,0.5,2.25,-1.0,SL,15599
1788912420000,POST_CHECK,0.5,2.25,-1.0,SL,80707
1788921270000,POST_CHECK,0.5,2.25,-1.0,SL,1799
1788927510000,POST_CHECK,0.5,2.25,-1.0,SL,8849
1788928650000,POST_CHECK,0.5,2.25,4.5,TP,184196
1788936060000,POST_CHECK,0.5,2.25,-1.0,SL,104398
1788946920000,POST_CHECK,0.5,2.25,-1.0,SL,8696
1788947610000,POST_CHECK,0.5,2.25,4.5,TP,148201
1788948900000,POST_CHECK,0.5,2.25,-1.0,SL,45151
1788999030000,POST_CHECK,0.5,2.25,-1.0,SL,23398
1789004220000,POST_CHECK,0.5,2.25,-1.0,SL,76646
1789006830000,POST_CHECK,0.5,2.25,-1.0,SL,23402
1789007910000,POST_CHECK,0.5,2.25,2.72275862068963,TIME,299707
1789019610000,POST_CHECK,0.5,2.25,-1.0,SL,7350
1789031820000,POST_CHECK,0.5,2.25,-1.0,SL,32854
1789047570000,POST_CHECK,0.5,2.25,-1.0,SL,61806
1789053690000,POST_CHECK,0.5,2.25,2.0039631658700228,TIME,299395
1789088850000,POST_CHECK,0.5,2.25,-1.0,SL,27602
1789089270000,POST_CHECK,0.5,2.25,-1.0,SL,3751
1789102410000,POST_CHECK,0.5,2.25,-1.0,SL,5998
1789120140000,POST_CHECK,0.5,2.25,-1.0,SL,602
1789142100000,POST_CHECK,0.5,2.25,-1.0,SL,40953
1789347690000,POST_CHECK,0.5,2.25,-1.0,SL,899
1789383480000,POST_CHECK,0.5,2.25,-1.0,SL,23993
1789388280000,POST_CHECK,0.5,2.25,4.5,TP,125246
1789394400000,POST_CHECK,0.5,2.25,-1.0,SL,9456
1789394850000,POST_CHECK,0.5,2.25,-1.0,SL,9746
1789396470000,POST_CHECK,0.5,2.25,-1.0,SL,17097
1789403580000,POST_CHECK,0.5,2.25,-1.0,SL,10202
1789411020000,POST_CHECK,0.5,2.25,-1.0,SL,1797
1789428060000,POST_CHECK,0.5,2.25,-1.0,SL,50401
1789445400000,POST_CHECK,0.5,2.25,-1.0,SL,0
1789458150000,POST_CHECK,0.5,2.25,-1.0,SL,3897
1789468860000,POST_CHECK,0.5,2.25,4.5,TP,84447
1786060200000,TRAIN,0.5,2.5,5.0,TP,159604
1786061580000,TRAIN,0.5,2.5,-1.0,SL,3003
1786072020000,TRAIN,0.5,2.5,-1.0,SL,219899
1786096110000,TRAIN,0.5,2.5,-1.0,SL,15297
1786105620000,TRAIN,0.5,2.5,-1.0,SL,166353
1786332630000,TRAIN,0.5,2.5,-1.0,SL,10050
1786340220000,TRAIN,0.5,2.5,-1.0,SL,34500
1786341540000,TRAIN,0.5,2.5,1.3374108053000957,TIME,299704
1786352040000,TRAIN,0.5,2.5,-1.0,SL,261748
1786358100000,TRAIN,0.5,2.5,-1.0,SL,1647
1786381140000,TRAIN,0.5,2.5,-1.0,SL,7198
1786430640000,TRAIN,0.5,2.5,-1.0,SL,18304
1786438140000,TRAIN,0.5,2.5,-1.0,SL,449
1786438500000,TRAIN,0.5,2.5,-1.0,SL,143399
1786440810000,TRAIN,0.5,2.5,-0.20239855429627235,TIME,299698
1786451070000,TRAIN,0.5,2.5,-1.0,SL,66146
1786454340000,TRAIN,0.5,2.5,-1.0,SL,4497
1786463010000,TRAIN,0.5,2.5,-1.0,SL,5706
1786471950000,TRAIN,0.5,2.5,-1.0,SL,159898
1786493160000,TRAIN,0.5,2.5,-1.0,SL,40947
1786504530000,TRAIN,0.5,2.5,-1.0,SL,17698
1786526850000,TRAIN,0.5,2.5,-1.0,SL,15297
1786550940000,TRAIN,0.5,2.5,-1.0,SL,36596
1786553460000,TRAIN,0.5,2.5,-1.0,SL,36767
1786553820000,TRAIN,0.5,2.5,4.05578047683277,TIME,299856
1786581240000,TRAIN,0.5,2.5,-1.0,SL,2703
1786587240000,TRAIN,0.5,2.5,-1.0,SL,51750
1786593510000,TRAIN,0.5,2.5,-1.0,SL,85952
1786624980000,TRAIN,0.5,2.5,-1.0,SL,226949
1786632990000,TRAIN,0.5,2.5,-1.0,SL,157498
1786633320000,TRAIN,0.5,2.5,5.0,TP,187803
1786653840000,TRAIN,0.5,2.5,-1.0,SL,0
1786670520000,TRAIN,0.5,2.5,5.0,TP,186897
1786687980000,TRAIN,0.5,2.5,-1.0,SL,60600
1786693650000,TRAIN,0.5,2.5,3.360496014171754,TIME,298201
1786952010000,TRAIN,0.5,2.5,-1.0,SL,3302
1786953810000,TRAIN,0.5,2.5,-1.0,SL,16201
1786961190000,TRAIN,0.5,2.5,-1.0,SL,65397
1786974090000,TRAIN,0.5,2.5,-1.0,SL,1955
1787014200000,TRAIN,0.5,2.5,-1.0,SL,296
1787023770000,TRAIN,0.5,2.5,0.8314960629919291,TIME,299548
1787047590000,TRAIN,0.5,2.5,-1.0,SL,8708
1787049660000,TRAIN,0.5,2.5,-1.0,SL,5098
1787066490000,TRAIN,0.5,2.5,-1.0,SL,36750
1787082420000,TRAIN,0.5,2.5,-1.0,SL,6750
1787084850000,TRAIN,0.5,2.5,1.2504526252257826,TIME,299098
1787098590000,TRAIN,0.5,2.5,-1.0,SL,214204
1787104830000,TRAIN,0.5,2.5,1.6226771653537497,TIME,299698
1787117580000,TRAIN,0.5,2.5,-1.0,SL,3597
1787140380000,TRAIN,0.5,2.5,1.9389830508468242,TIME,299695
1787141130000,TRAIN,0.5,2.5,-1.0,SL,754
1787143260000,TRAIN,0.5,2.5,-1.0,SL,28500
1787149170000,TRAIN,0.5,2.5,-1.0,SL,32552
1787170380000,TRAIN,0.5,2.5,-1.0,SL,27451
1787184990000,VALID,0.5,2.5,-1.0,SL,4646
1787199990000,VALID,0.5,2.5,-1.0,SL,71255
1787220390000,VALID,0.5,2.5,2.3459774906211903,TIME,298952
1787229570000,VALID,0.5,2.5,-1.0,SL,7344
1787232870000,VALID,0.5,2.5,-1.0,SL,7048
1787234520000,VALID,0.5,2.5,-1.0,SL,19196
1787246430000,VALID,0.5,2.5,5.0,TP,118049
1787267280000,VALID,0.5,2.5,-1.0,SL,13496
1787288910000,VALID,0.5,2.5,-1.0,SL,3603
1787298090000,VALID,0.5,2.5,-1.0,SL,292495
1787312280000,VALID,0.5,2.5,5.0,TP,135901
1787325840000,VALID,0.5,2.5,-1.0,SL,14554
1787339850000,VALID,0.5,2.5,1.9796610169490623,TIME,298948
1787340270000,VALID,0.5,2.5,-1.0,SL,7500
1787527200000,VALID,0.5,2.5,-1.0,SL,300
1787534100000,VALID,0.5,2.5,-1.0,SL,57748
1787579790000,VALID,0.5,2.5,0.6348879154858015,TIME,299862
1787583030000,VALID,0.5,2.5,-1.0,SL,295
1787609970000,VALID,0.5,2.5,-1.0,SL,21147
1787630220000,VALID,0.5,2.5,4.124872475005015,TIME,298354
1787647740000,VALID,0.5,2.5,-1.0,SL,45742
1787660070000,VALID,0.5,2.5,-1.0,SL,34801
1787661450000,VALID,0.5,2.5,-1.0,SL,123600
1787664090000,VALID,0.5,2.5,-1.0,SL,20399
1787666490000,VALID,0.5,2.5,-1.0,SL,80104
1787687220000,VALID,0.5,2.5,5.0,TP,182102
1787709300000,VALID,0.5,2.5,5.0,TP,180752
1787723070000,VALID,0.5,2.5,-1.0,SL,28808
1787740170000,VALID,0.5,2.5,5.0,TP,247050
1787749530000,VALID,0.5,2.5,-1.0,SL,177599
1787753850000,VALID,0.5,2.5,-1.0,SL,8251
1787788590000,VALID,0.5,2.5,-1.0,SL,0
1787790000000,VALID,0.5,2.5,-1.0,SL,5403
1787794950000,VALID,0.5,2.5,-1.0,SL,5697
1787798520000,VALID,0.5,2.5,-1.0,SL,23395
1787811390000,VALID,0.5,2.5,3.8716859528347247,TIME,299544
1787823090000,VALID,0.5,2.5,-1.0,SL,5697
1787827440000,VALID,0.5,2.5,-1.0,SL,11401
1787834550000,VALID,0.5,2.5,2.2266092033922606,TIME,299699
1787844150000,VALID,0.5,2.5,-1.0,SL,23252
1787854650000,VALID,0.5,2.5,-1.0,SL,47100
1787883540000,VALID,0.5,2.5,-1.0,SL,10652
1787917320000,VALID,0.5,2.5,-1.0,SL,35555
1787924280000,VALID,0.5,2.5,3.20858895705486,TIME,299850
1787925720000,VALID,0.5,2.5,-1.0,SL,23404
1787934900000,VALID,0.5,2.5,2.960639481938606,TIME,299849
1788141930000,VALID,0.5,2.5,-1.0,SL,26702
1788144150000,VALID,0.5,2.5,0.48759251197214376,TIME,299700
1788181080000,VALID,0.5,2.5,-1.0,SL,2850
1788221790000,VALID,0.5,2.5,5.0,TP,270901
1788228720000,VALID,0.5,2.5,-1.0,SL,5246
1788230910000,VALID,0.5,2.5,-1.0,SL,1948
1788258720000,VALID,0.5,2.5,-1.0,SL,5248
1788262410000,VALID,0.5,2.5,-1.0,SL,49205
1788271980000,VALID,0.5,2.5,3.552706127926106,TIME,299702
1788277740000,VALID,0.5,2.5,2.0075282308659115,TIME,299249
1788303150000,VALID,0.5,2.5,-1.0,SL,0
1788321570000,VALID,0.5,2.5,-1.0,SL,295800
1788333960000,VALID,0.5,2.5,-1.0,SL,116550
1788353280000,VALID,0.5,2.5,-1.0,SL,89251
1788356520000,VALID,0.5,2.5,-1.0,SL,6445
1788377820000,VALID,0.5,2.5,-1.0,SL,5546
1788409740000,VALID,0.5,2.5,1.8163134232501599,TIME,299093
1788416880000,VALID,0.5,2.5,1.237842617153018,TIME,299099
1788417360000,VALID,0.5,2.5,-1.0,SL,1493
1788439920000,VALID,0.5,2.5,5.0,TP,218247
1788460260000,VALID,0.5,2.5,-1.0,SL,4804
1788461400000,VALID,0.5,2.5,-1.0,SL,99453
1788486750000,VALID,0.5,2.5,-1.0,SL,4199
1788488160000,VALID,0.5,2.5,-1.0,SL,7651
1788491310000,VALID,0.5,2.5,3.30657701197802,TIME,299703
1788518280000,VALID,0.5,2.5,-1.0,SL,74849
1788535440000,VALID,0.5,2.5,-1.0,SL,220344
1788551280000,VALID,0.5,2.5,-1.0,SL,41998
1788767580000,POST_CHECK,0.5,2.5,-1.0,SL,10799
1788796560000,POST_CHECK,0.5,2.5,-1.0,SL,447
1788852930000,POST_CHECK,0.5,2.5,-1.0,SL,68389
1788853320000,POST_CHECK,0.5,2.5,-1.0,SL,156151
1788855180000,POST_CHECK,0.5,2.5,-0.5372873964237025,TIME,299099
1788864030000,POST_CHECK,0.5,2.5,-1.0,SL,452
1788865590000,POST_CHECK,0.5,2.5,-1.0,SL,164253
1788872040000,POST_CHECK,0.5,2.5,4.925925925925904,TIME,299403
1788873690000,POST_CHECK,0.5,2.5,-1.0,SL,7046
1788891840000,POST_CHECK,0.5,2.5,-1.0,SL,14099
1788893880000,POST_CHECK,0.5,2.5,-1.0,SL,175044
1788894780000,POST_CHECK,0.5,2.5,-1.0,SL,15599
1788912420000,POST_CHECK,0.5,2.5,-1.0,SL,80707
1788921270000,POST_CHECK,0.5,2.5,-1.0,SL,1799
1788927510000,POST_CHECK,0.5,2.5,-1.0,SL,8849
1788928650000,POST_CHECK,0.5,2.5,5.0,TP,245249
1788936060000,POST_CHECK,0.5,2.5,-1.0,SL,104398
1788946920000,POST_CHECK,0.5,2.5,-1.0,SL,8696
1788947610000,POST_CHECK,0.5,2.5,5.0,TP,148797
1788948900000,POST_CHECK,0.5,2.5,-1.0,SL,45151
1788999030000,POST_CHECK,0.5,2.5,-1.0,SL,23398
1789004220000,POST_CHECK,0.5,2.5,-1.0,SL,76646
1789006830000,POST_CHECK,0.5,2.5,-1.0,SL,23402
1789007910000,POST_CHECK,0.5,2.5,2.72275862068963,TIME,299707
1789019610000,POST_CHECK,0.5,2.5,-1.0,SL,7350
1789031820000,POST_CHECK,0.5,2.5,-1.0,SL,32854
1789047570000,POST_CHECK,0.5,2.5,-1.0,SL,61806
1789053690000,POST_CHECK,0.5,2.5,2.0039631658700228,TIME,299395
1789088850000,POST_CHECK,0.5,2.5,-1.0,SL,27602
1789089270000,POST_CHECK,0.5,2.5,-1.0,SL,3751
1789102410000,POST_CHECK,0.5,2.5,-1.0,SL,5998
1789120140000,POST_CHECK,0.5,2.5,-1.0,SL,602
1789142100000,POST_CHECK,0.5,2.5,-1.0,SL,40953
1789347690000,POST_CHECK,0.5,2.5,-1.0,SL,899
1789383480000,POST_CHECK,0.5,2.5,-1.0,SL,23993
1789388280000,POST_CHECK,0.5,2.5,5.0,TP,132750
1789394400000,POST_CHECK,0.5,2.5,-1.0,SL,9456
1789394850000,POST_CHECK,0.5,2.5,-1.0,SL,9746
1789396470000,POST_CHECK,0.5,2.5,-1.0,SL,17097
1789403580000,POST_CHECK,0.5,2.5,-1.0,SL,10202
1789411020000,POST_CHECK,0.5,2.5,-1.0,SL,1797
1789428060000,POST_CHECK,0.5,2.5,-1.0,SL,50401
1789445400000,POST_CHECK,0.5,2.5,-1.0,SL,0
1789458150000,POST_CHECK,0.5,2.5,-1.0,SL,3897
1789468860000,POST_CHECK,0.5,2.5,5.0,TP,85804
1786060200000,TRAIN,0.5,2.75,4.631705124363456,TIME,298803
1786061580000,TRAIN,0.5,2.75,-1.0,SL,3003
1786072020000,TRAIN,0.5,2.75,-1.0,SL,219899
1786096110000,TRAIN,0.5,2.75,-1.0,SL,15297
1786105620000,TRAIN,0.5,2.75,-1.0,SL,166353
1786332630000,TRAIN,0.5,2.75,-1.0,SL,10050
1786340220000,TRAIN,0.5,2.75,-1.0,SL,34500
1786341540000,TRAIN,0.5,2.75,1.3374108053000957,TIME,299704
1786352040000,TRAIN,0.5,2.75,-1.0,SL,261748
1786358100000,TRAIN,0.5,2.75,-1.0,SL,1647
1786381140000,TRAIN,0.5,2.75,-1.0,SL,7198
1786430640000,TRAIN,0.5,2.75,-1.0,SL,18304
1786438140000,TRAIN,0.5,2.75,-1.0,SL,449
1786438500000,TRAIN,0.5,2.75,-1.0,SL,143399
1786440810000,TRAIN,0.5,2.75,-0.20239855429627235,TIME,299698
1786451070000,TRAIN,0.5,2.75,-1.0,SL,66146
1786454340000,TRAIN,0.5,2.75,-1.0,SL,4497
1786463010000,TRAIN,0.5,2.75,-1.0,SL,5706
1786471950000,TRAIN,0.5,2.75,-1.0,SL,159898
1786493160000,TRAIN,0.5,2.75,-1.0,SL,40947
1786504530000,TRAIN,0.5,2.75,-1.0,SL,17698
1786526850000,TRAIN,0.5,2.75,-1.0,SL,15297
1786550940000,TRAIN,0.5,2.75,-1.0,SL,36596
1786553460000,TRAIN,0.5,2.75,-1.0,SL,36767
1786553820000,TRAIN,0.5,2.75,4.05578047683277,TIME,299856
1786581240000,TRAIN,0.5,2.75,-1.0,SL,2703
1786587240000,TRAIN,0.5,2.75,-1.0,SL,51750
1786593510000,TRAIN,0.5,2.75,-1.0,SL,85952
1786624980000,TRAIN,0.5,2.75,-1.0,SL,226949
1786632990000,TRAIN,0.5,2.75,-1.0,SL,157498
1786633320000,TRAIN,0.5,2.75,5.5,TP,216748
1786653840000,TRAIN,0.5,2.75,-1.0,SL,0
1786670520000,TRAIN,0.5,2.75,2.393495934959428,TIME,299843
1786687980000,TRAIN,0.5,2.75,-1.0,SL,60600
1786693650000,TRAIN,0.5,2.75,3.360496014171754,TIME,298201
1786952010000,TRAIN,0.5,2.75,-1.0,SL,3302
1786953810000,TRAIN,0.5,2.75,-1.0,SL,16201
1786961190000,TRAIN,0.5,2.75,-1.0,SL,65397
1786974090000,TRAIN,0.5,2.75,-1.0,SL,1955
1787014200000,TRAIN,0.5,2.75,-1.0,SL,296
1787023770000,TRAIN,0.5,2.75,0.8314960629919291,TIME,299548
1787047590000,TRAIN,0.5,2.75,-1.0,SL,8708
1787049660000,TRAIN,0.5,2.75,-1.0,SL,5098
1787066490000,TRAIN,0.5,2.75,-1.0,SL,36750
1787082420000,TRAIN,0.5,2.75,-1.0,SL,6750
1787084850000,TRAIN,0.5,2.75,1.2504526252257826,TIME,299098
1787098590000,TRAIN,0.5,2.75,-1.0,SL,214204
1787104830000,TRAIN,0.5,2.75,1.6226771653537497,TIME,299698
1787117580000,TRAIN,0.5,2.75,-1.0,SL,3597
1787140380000,TRAIN,0.5,2.75,1.9389830508468242,TIME,299695
1787141130000,TRAIN,0.5,2.75,-1.0,SL,754
1787143260000,TRAIN,0.5,2.75,-1.0,SL,28500
1787149170000,TRAIN,0.5,2.75,-1.0,SL,32552
1787170380000,TRAIN,0.5,2.75,-1.0,SL,27451
1787184990000,VALID,0.5,2.75,-1.0,SL,4646
1787199990000,VALID,0.5,2.75,-1.0,SL,71255
1787220390000,VALID,0.5,2.75,2.3459774906211903,TIME,298952
1787229570000,VALID,0.5,2.75,-1.0,SL,7344
1787232870000,VALID,0.5,2.75,-1.0,SL,7048
1787234520000,VALID,0.5,2.75,-1.0,SL,19196
1787246430000,VALID,0.5,2.75,1.9530899449317622,TIME,299100
1787267280000,VALID,0.5,2.75,-1.0,SL,13496
1787288910000,VALID,0.5,2.75,-1.0,SL,3603
1787298090000,VALID,0.5,2.75,-1.0,SL,292495
1787312280000,VALID,0.5,2.75,5.5,TP,175349
1787325840000,VALID,0.5,2.75,-1.0,SL,14554
1787339850000,VALID,0.5,2.75,1.9796610169490623,TIME,298948
1787340270000,VALID,0.5,2.75,-1.0,SL,7500
1787527200000,VALID,0.5,2.75,-1.0,SL,300
1787534100000,VALID,0.5,2.75,-1.0,SL,57748
1787579790000,VALID,0.5,2.75,0.6348879154858015,TIME,299862
1787583030000,VALID,0.5,2.75,-1.0,SL,295
1787609970000,VALID,0.5,2.75,-1.0,SL,21147
1787630220000,VALID,0.5,2.75,4.124872475005015,TIME,298354
1787647740000,VALID,0.5,2.75,-1.0,SL,45742
1787660070000,VALID,0.5,2.75,-1.0,SL,34801
1787661450000,VALID,0.5,2.75,-1.0,SL,123600
1787664090000,VALID,0.5,2.75,-1.0,SL,20399
1787666490000,VALID,0.5,2.75,-1.0,SL,80104
1787687220000,VALID,0.5,2.75,5.5,TP,257400
1787709300000,VALID,0.5,2.75,5.5,TP,181202
1787723070000,VALID,0.5,2.75,-1.0,SL,28808
1787740170000,VALID,0.5,2.75,5.5,TP,253500
1787749530000,VALID,0.5,2.75,-1.0,SL,177599
1787753850000,VALID,0.5,2.75,-1.0,SL,8251
1787788590000,VALID,0.5,2.75,-1.0,SL,0
1787790000000,VALID,0.5,2.75,-1.0,SL,5403
1787794950000,VALID,0.5,2.75,-1.0,SL,5697
1787798520000,VALID,0.5,2.75,-1.0,SL,23395
1787811390000,VALID,0.5,2.75,3.8716859528347247,TIME,299544
1787823090000,VALID,0.5,2.75,-1.0,SL,5697
1787827440000,VALID,0.5,2.75,-1.0,SL,11401
1787834550000,VALID,0.5,2.75,2.2266092033922606,TIME,299699
1787844150000,VALID,0.5,2.75,-1.0,SL,23252
1787854650000,VALID,0.5,2.75,-1.0,SL,47100
1787883540000,VALID,0.5,2.75,-1.0,SL,10652
1787917320000,VALID,0.5,2.75,-1.0,SL,35555
1787924280000,VALID,0.5,2.75,3.20858895705486,TIME,299850
1787925720000,VALID,0.5,2.75,-1.0,SL,23404
1787934900000,VALID,0.5,2.75,2.960639481938606,TIME,299849
1788141930000,VALID,0.5,2.75,-1.0,SL,26702
1788144150000,VALID,0.5,2.75,0.48759251197214376,TIME,299700
1788181080000,VALID,0.5,2.75,-1.0,SL,2850
1788221790000,VALID,0.5,2.75,5.5,TP,286051
1788228720000,VALID,0.5,2.75,-1.0,SL,5246
1788230910000,VALID,0.5,2.75,-1.0,SL,1948
1788258720000,VALID,0.5,2.75,-1.0,SL,5248
1788262410000,VALID,0.5,2.75,-1.0,SL,49205
1788271980000,VALID,0.5,2.75,3.552706127926106,TIME,299702
1788277740000,VALID,0.5,2.75,2.0075282308659115,TIME,299249
1788303150000,VALID,0.5,2.75,-1.0,SL,0
1788321570000,VALID,0.5,2.75,-1.0,SL,295800
1788333960000,VALID,0.5,2.75,-1.0,SL,116550
1788353280000,VALID,0.5,2.75,-1.0,SL,89251
1788356520000,VALID,0.5,2.75,-1.0,SL,6445
1788377820000,VALID,0.5,2.75,-1.0,SL,5546
1788409740000,VALID,0.5,2.75,1.8163134232501599,TIME,299093
1788416880000,VALID,0.5,2.75,1.237842617153018,TIME,299099
1788417360000,VALID,0.5,2.75,-1.0,SL,1493
1788439920000,VALID,0.5,2.75,4.8408368200835,TIME,299849
1788460260000,VALID,0.5,2.75,-1.0,SL,4804
1788461400000,VALID,0.5,2.75,-1.0,SL,99453
1788486750000,VALID,0.5,2.75,-1.0,SL,4199
1788488160000,VALID,0.5,2.75,-1.0,SL,7651
1788491310000,VALID,0.5,2.75,3.30657701197802,TIME,299703
1788518280000,VALID,0.5,2.75,-1.0,SL,74849
1788535440000,VALID,0.5,2.75,-1.0,SL,220344
1788551280000,VALID,0.5,2.75,-1.0,SL,41998
1788767580000,POST_CHECK,0.5,2.75,-1.0,SL,10799
1788796560000,POST_CHECK,0.5,2.75,-1.0,SL,447
1788852930000,POST_CHECK,0.5,2.75,-1.0,SL,68389
1788853320000,POST_CHECK,0.5,2.75,-1.0,SL,156151
1788855180000,POST_CHECK,0.5,2.75,-0.5372873964237025,TIME,299099
1788864030000,POST_CHECK,0.5,2.75,-1.0,SL,452
1788865590000,POST_CHECK,0.5,2.75,-1.0,SL,164253
1788872040000,POST_CHECK,0.5,2.75,4.925925925925904,TIME,299403
1788873690000,POST_CHECK,0.5,2.75,-1.0,SL,7046
1788891840000,POST_CHECK,0.5,2.75,-1.0,SL,14099
1788893880000,POST_CHECK,0.5,2.75,-1.0,SL,175044
1788894780000,POST_CHECK,0.5,2.75,-1.0,SL,15599
1788912420000,POST_CHECK,0.5,2.75,-1.0,SL,80707
1788921270000,POST_CHECK,0.5,2.75,-1.0,SL,1799
1788927510000,POST_CHECK,0.5,2.75,-1.0,SL,8849
1788928650000,POST_CHECK,0.5,2.75,5.5,TP,267145
1788936060000,POST_CHECK,0.5,2.75,-1.0,SL,104398
1788946920000,POST_CHECK,0.5,2.75,-1.0,SL,8696
1788947610000,POST_CHECK,0.5,2.75,5.5,TP,149546
1788948900000,POST_CHECK,0.5,2.75,-1.0,SL,45151
1788999030000,POST_CHECK,0.5,2.75,-1.0,SL,23398
1789004220000,POST_CHECK,0.5,2.75,-1.0,SL,76646
1789006830000,POST_CHECK,0.5,2.75,-1.0,SL,23402
1789007910000,POST_CHECK,0.5,2.75,2.72275862068963,TIME,299707
1789019610000,POST_CHECK,0.5,2.75,-1.0,SL,7350
1789031820000,POST_CHECK,0.5,2.75,-1.0,SL,32854
1789047570000,POST_CHECK,0.5,2.75,-1.0,SL,61806
1789053690000,POST_CHECK,0.5,2.75,2.0039631658700228,TIME,299395
1789088850000,POST_CHECK,0.5,2.75,-1.0,SL,27602
1789089270000,POST_CHECK,0.5,2.75,-1.0,SL,3751
1789102410000,POST_CHECK,0.5,2.75,-1.0,SL,5998
1789120140000,POST_CHECK,0.5,2.75,-1.0,SL,602
1789142100000,POST_CHECK,0.5,2.75,-1.0,SL,40953
1789347690000,POST_CHECK,0.5,2.75,-1.0,SL,899
1789383480000,POST_CHECK,0.5,2.75,-1.0,SL,23993
1789388280000,POST_CHECK,0.5,2.75,5.5,TP,138450
1789394400000,POST_CHECK,0.5,2.75,-1.0,SL,9456
1789394850000,POST_CHECK,0.5,2.75,-1.0,SL,9746
1789396470000,POST_CHECK,0.5,2.75,-1.0,SL,17097
1789403580000,POST_CHECK,0.5,2.75,-1.0,SL,10202
1789411020000,POST_CHECK,0.5,2.75,-1.0,SL,1797
1789428060000,POST_CHECK,0.5,2.75,-1.0,SL,50401
1789445400000,POST_CHECK,0.5,2.75,-1.0,SL,0
1789458150000,POST_CHECK,0.5,2.75,-1.0,SL,3897
1789468860000,POST_CHECK,0.5,2.75,5.5,TP,92402
1786060200000,TRAIN,0.5,3.0,4.631705124363456,TIME,298803
1786061580000,TRAIN,0.5,3.0,-1.0,SL,3003
1786072020000,TRAIN,0.5,3.0,-1.0,SL,219899
1786096110000,TRAIN,0.5,3.0,-1.0,SL,15297
1786105620000,TRAIN,0.5,3.0,-1.0,SL,166353
1786332630000,TRAIN,0.5,3.0,-1.0,SL,10050
1786340220000,TRAIN,0.5,3.0,-1.0,SL,34500
1786341540000,TRAIN,0.5,3.0,1.3374108053000957,TIME,299704
1786352040000,TRAIN,0.5,3.0,-1.0,SL,261748
1786358100000,TRAIN,0.5,3.0,-1.0,SL,1647
1786381140000,TRAIN,0.5,3.0,-1.0,SL,7198
1786430640000,TRAIN,0.5,3.0,-1.0,SL,18304
1786438140000,TRAIN,0.5,3.0,-1.0,SL,449
1786438500000,TRAIN,0.5,3.0,-1.0,SL,143399
1786440810000,TRAIN,0.5,3.0,-0.20239855429627235,TIME,299698
1786451070000,TRAIN,0.5,3.0,-1.0,SL,66146
1786454340000,TRAIN,0.5,3.0,-1.0,SL,4497
1786463010000,TRAIN,0.5,3.0,-1.0,SL,5706
1786471950000,TRAIN,0.5,3.0,-1.0,SL,159898
1786493160000,TRAIN,0.5,3.0,-1.0,SL,40947
1786504530000,TRAIN,0.5,3.0,-1.0,SL,17698
1786526850000,TRAIN,0.5,3.0,-1.0,SL,15297
1786550940000,TRAIN,0.5,3.0,-1.0,SL,36596
1786553460000,TRAIN,0.5,3.0,-1.0,SL,36767
1786553820000,TRAIN,0.5,3.0,4.05578047683277,TIME,299856
1786581240000,TRAIN,0.5,3.0,-1.0,SL,2703
1786587240000,TRAIN,0.5,3.0,-1.0,SL,51750
1786593510000,TRAIN,0.5,3.0,-1.0,SL,85952
1786624980000,TRAIN,0.5,3.0,-1.0,SL,226949
1786632990000,TRAIN,0.5,3.0,-1.0,SL,157498
1786633320000,TRAIN,0.5,3.0,6.0,TP,217648
1786653840000,TRAIN,0.5,3.0,-1.0,SL,0
1786670520000,TRAIN,0.5,3.0,2.393495934959428,TIME,299843
1786687980000,TRAIN,0.5,3.0,-1.0,SL,60600
1786693650000,TRAIN,0.5,3.0,3.360496014171754,TIME,298201
1786952010000,TRAIN,0.5,3.0,-1.0,SL,3302
1786953810000,TRAIN,0.5,3.0,-1.0,SL,16201
1786961190000,TRAIN,0.5,3.0,-1.0,SL,65397
1786974090000,TRAIN,0.5,3.0,-1.0,SL,1955
1787014200000,TRAIN,0.5,3.0,-1.0,SL,296
1787023770000,TRAIN,0.5,3.0,0.8314960629919291,TIME,299548
1787047590000,TRAIN,0.5,3.0,-1.0,SL,8708
1787049660000,TRAIN,0.5,3.0,-1.0,SL,5098
1787066490000,TRAIN,0.5,3.0,-1.0,SL,36750
1787082420000,TRAIN,0.5,3.0,-1.0,SL,6750
1787084850000,TRAIN,0.5,3.0,1.2504526252257826,TIME,299098
1787098590000,TRAIN,0.5,3.0,-1.0,SL,214204
1787104830000,TRAIN,0.5,3.0,1.6226771653537497,TIME,299698
1787117580000,TRAIN,0.5,3.0,-1.0,SL,3597
1787140380000,TRAIN,0.5,3.0,1.9389830508468242,TIME,299695
1787141130000,TRAIN,0.5,3.0,-1.0,SL,754
1787143260000,TRAIN,0.5,3.0,-1.0,SL,28500
1787149170000,TRAIN,0.5,3.0,-1.0,SL,32552
1787170380000,TRAIN,0.5,3.0,-1.0,SL,27451
1787184990000,VALID,0.5,3.0,-1.0,SL,4646
1787199990000,VALID,0.5,3.0,-1.0,SL,71255
1787220390000,VALID,0.5,3.0,2.3459774906211903,TIME,298952
1787229570000,VALID,0.5,3.0,-1.0,SL,7344
1787232870000,VALID,0.5,3.0,-1.0,SL,7048
1787234520000,VALID,0.5,3.0,-1.0,SL,19196
1787246430000,VALID,0.5,3.0,1.9530899449317622,TIME,299100
1787267280000,VALID,0.5,3.0,-1.0,SL,13496
1787288910000,VALID,0.5,3.0,-1.0,SL,3603
1787298090000,VALID,0.5,3.0,-1.0,SL,292495
1787312280000,VALID,0.5,3.0,6.0,TP,183597
1787325840000,VALID,0.5,3.0,-1.0,SL,14554
1787339850000,VALID,0.5,3.0,1.9796610169490623,TIME,298948
1787340270000,VALID,0.5,3.0,-1.0,SL,7500
1787527200000,VALID,0.5,3.0,-1.0,SL,300
1787534100000,VALID,0.5,3.0,-1.0,SL,57748
1787579790000,VALID,0.5,3.0,0.6348879154858015,TIME,299862
1787583030000,VALID,0.5,3.0,-1.0,SL,295
1787609970000,VALID,0.5,3.0,-1.0,SL,21147
1787630220000,VALID,0.5,3.0,4.124872475005015,TIME,298354
1787647740000,VALID,0.5,3.0,-1.0,SL,45742
1787660070000,VALID,0.5,3.0,-1.0,SL,34801
1787661450000,VALID,0.5,3.0,-1.0,SL,123600
1787664090000,VALID,0.5,3.0,-1.0,SL,20399
1787666490000,VALID,0.5,3.0,-1.0,SL,80104
1787687220000,VALID,0.5,3.0,2.5294685990334687,TIME,299553
1787709300000,VALID,0.5,3.0,6.0,TP,182402
1787723070000,VALID,0.5,3.0,-1.0,SL,28808
1787740170000,VALID,0.5,3.0,4.237623762376642,TIME,299845
1787749530000,VALID,0.5,3.0,-1.0,SL,177599
1787753850000,VALID,0.5,3.0,-1.0,SL,8251
1787788590000,VALID,0.5,3.0,-1.0,SL,0
1787790000000,VALID,0.5,3.0,-1.0,SL,5403
1787794950000,VALID,0.5,3.0,-1.0,SL,5697
1787798520000,VALID,0.5,3.0,-1.0,SL,23395
1787811390000,VALID,0.5,3.0,3.8716859528347247,TIME,299544
1787823090000,VALID,0.5,3.0,-1.0,SL,5697
1787827440000,VALID,0.5,3.0,-1.0,SL,11401
1787834550000,VALID,0.5,3.0,2.2266092033922606,TIME,299699
1787844150000,VALID,0.5,3.0,-1.0,SL,23252
1787854650000,VALID,0.5,3.0,-1.0,SL,47100
1787883540000,VALID,0.5,3.0,-1.0,SL,10652
1787917320000,VALID,0.5,3.0,-1.0,SL,35555
1787924280000,VALID,0.5,3.0,3.20858895705486,TIME,299850
1787925720000,VALID,0.5,3.0,-1.0,SL,23404
1787934900000,VALID,0.5,3.0,2.960639481938606,TIME,299849
1788141930000,VALID,0.5,3.0,-1.0,SL,26702
1788144150000,VALID,0.5,3.0,0.48759251197214376,TIME,299700
1788181080000,VALID,0.5,3.0,-1.0,SL,2850
1788221790000,VALID,0.5,3.0,6.0,TP,292499
1788228720000,VALID,0.5,3.0,-1.0,SL,5246
1788230910000,VALID,0.5,3.0,-1.0,SL,1948
1788258720000,VALID,0.5,3.0,-1.0,SL,5248
1788262410000,VALID,0.5,3.0,-1.0,SL,49205
1788271980000,VALID,0.5,3.0,3.552706127926106,TIME,299702
1788277740000,VALID,0.5,3.0,2.0075282308659115,TIME,299249
1788303150000,VALID,0.5,3.0,-1.0,SL,0
1788321570000,VALID,0.5,3.0,-1.0,SL,295800
1788333960000,VALID,0.5,3.0,-1.0,SL,116550
1788353280000,VALID,0.5,3.0,-1.0,SL,89251
1788356520000,VALID,0.5,3.0,-1.0,SL,6445
1788377820000,VALID,0.5,3.0,-1.0,SL,5546
1788409740000,VALID,0.5,3.0,1.8163134232501599,TIME,299093
1788416880000,VALID,0.5,3.0,1.237842617153018,TIME,299099
1788417360000,VALID,0.5,3.0,-1.0,SL,1493
1788439920000,VALID,0.5,3.0,4.8408368200835,TIME,299849
1788460260000,VALID,0.5,3.0,-1.0,SL,4804
1788461400000,VALID,0.5,3.0,-1.0,SL,99453
1788486750000,VALID,0.5,3.0,-1.0,SL,4199
1788488160000,VALID,0.5,3.0,-1.0,SL,7651
1788491310000,VALID,0.5,3.0,3.30657701197802,TIME,299703
1788518280000,VALID,0.5,3.0,-1.0,SL,74849
1788535440000,VALID,0.5,3.0,-1.0,SL,220344
1788551280000,VALID,0.5,3.0,-1.0,SL,41998
1788767580000,POST_CHECK,0.5,3.0,-1.0,SL,10799
1788796560000,POST_CHECK,0.5,3.0,-1.0,SL,447
1788852930000,POST_CHECK,0.5,3.0,-1.0,SL,68389
1788853320000,POST_CHECK,0.5,3.0,-1.0,SL,156151
1788855180000,POST_CHECK,0.5,3.0,-0.5372873964237025,TIME,299099
1788864030000,POST_CHECK,0.5,3.0,-1.0,SL,452
1788865590000,POST_CHECK,0.5,3.0,-1.0,SL,164253
1788872040000,POST_CHECK,0.5,3.0,4.925925925925904,TIME,299403
1788873690000,POST_CHECK,0.5,3.0,-1.0,SL,7046
1788891840000,POST_CHECK,0.5,3.0,-1.0,SL,14099
1788893880000,POST_CHECK,0.5,3.0,-1.0,SL,175044
1788894780000,POST_CHECK,0.5,3.0,-1.0,SL,15599
1788912420000,POST_CHECK,0.5,3.0,-1.0,SL,80707
1788921270000,POST_CHECK,0.5,3.0,-1.0,SL,1799
1788927510000,POST_CHECK,0.5,3.0,-1.0,SL,8849
1788928650000,POST_CHECK,0.5,3.0,5.278688524592703,TIME,298646
1788936060000,POST_CHECK,0.5,3.0,-1.0,SL,104398
1788946920000,POST_CHECK,0.5,3.0,-1.0,SL,8696
1788947610000,POST_CHECK,0.5,3.0,6.0,TP,165146
1788948900000,POST_CHECK,0.5,3.0,-1.0,SL,45151
1788999030000,POST_CHECK,0.5,3.0,-1.0,SL,23398
1789004220000,POST_CHECK,0.5,3.0,-1.0,SL,76646
1789006830000,POST_CHECK,0.5,3.0,-1.0,SL,23402
1789007910000,POST_CHECK,0.5,3.0,2.72275862068963,TIME,299707
1789019610000,POST_CHECK,0.5,3.0,-1.0,SL,7350
1789031820000,POST_CHECK,0.5,3.0,-1.0,SL,32854
1789047570000,POST_CHECK,0.5,3.0,-1.0,SL,61806
1789053690000,POST_CHECK,0.5,3.0,2.0039631658700228,TIME,299395
1789088850000,POST_CHECK,0.5,3.0,-1.0,SL,27602
1789089270000,POST_CHECK,0.5,3.0,-1.0,SL,3751
1789102410000,POST_CHECK,0.5,3.0,-1.0,SL,5998
1789120140000,POST_CHECK,0.5,3.0,-1.0,SL,602
1789142100000,POST_CHECK,0.5,3.0,-1.0,SL,40953
1789347690000,POST_CHECK,0.5,3.0,-1.0,SL,899
1789383480000,POST_CHECK,0.5,3.0,-1.0,SL,23993
1789388280000,POST_CHECK,0.5,3.0,6.0,TP,173543
1789394400000,POST_CHECK,0.5,3.0,-1.0,SL,9456
1789394850000,POST_CHECK,0.5,3.0,-1.0,SL,9746
1789396470000,POST_CHECK,0.5,3.0,-1.0,SL,17097
1789403580000,POST_CHECK,0.5,3.0,-1.0,SL,10202
1789411020000,POST_CHECK,0.5,3.0,-1.0,SL,1797
1789428060000,POST_CHECK,0.5,3.0,-1.0,SL,50401
1789445400000,POST_CHECK,0.5,3.0,-1.0,SL,0
1789458150000,POST_CHECK,0.5,3.0,-1.0,SL,3897
1789468860000,POST_CHECK,0.5,3.0,6.0,TP,95250
1786060200000,TRAIN,0.5,3.25,4.631705124363456,TIME,298803
1786061580000,TRAIN,0.5,3.25,-1.0,SL,3003
1786072020000,TRAIN,0.5,3.25,-1.0,SL,219899
1786096110000,TRAIN,0.5,3.25,-1.0,SL,15297
1786105620000,TRAIN,0.5,3.25,-1.0,SL,166353
1786332630000,TRAIN,0.5,3.25,-1.0,SL,10050
1786340220000,TRAIN,0.5,3.25,-1.0,SL,34500
1786341540000,TRAIN,0.5,3.25,1.3374108053000957,TIME,299704
1786352040000,TRAIN,0.5,3.25,-1.0,SL,261748
1786358100000,TRAIN,0.5,3.25,-1.0,SL,1647
1786381140000,TRAIN,0.5,3.25,-1.0,SL,7198
1786430640000,TRAIN,0.5,3.25,-1.0,SL,18304
1786438140000,TRAIN,0.5,3.25,-1.0,SL,449
1786438500000,TRAIN,0.5,3.25,-1.0,SL,143399
1786440810000,TRAIN,0.5,3.25,-0.20239855429627235,TIME,299698
1786451070000,TRAIN,0.5,3.25,-1.0,SL,66146
1786454340000,TRAIN,0.5,3.25,-1.0,SL,4497
1786463010000,TRAIN,0.5,3.25,-1.0,SL,5706
1786471950000,TRAIN,0.5,3.25,-1.0,SL,159898
1786493160000,TRAIN,0.5,3.25,-1.0,SL,40947
1786504530000,TRAIN,0.5,3.25,-1.0,SL,17698
1786526850000,TRAIN,0.5,3.25,-1.0,SL,15297
1786550940000,TRAIN,0.5,3.25,-1.0,SL,36596
1786553460000,TRAIN,0.5,3.25,-1.0,SL,36767
1786553820000,TRAIN,0.5,3.25,4.05578047683277,TIME,299856
1786581240000,TRAIN,0.5,3.25,-1.0,SL,2703
1786587240000,TRAIN,0.5,3.25,-1.0,SL,51750
1786593510000,TRAIN,0.5,3.25,-1.0,SL,85952
1786624980000,TRAIN,0.5,3.25,-1.0,SL,226949
1786632990000,TRAIN,0.5,3.25,-1.0,SL,157498
1786633320000,TRAIN,0.5,3.25,6.5,TP,217947
1786653840000,TRAIN,0.5,3.25,-1.0,SL,0
1786670520000,TRAIN,0.5,3.25,2.393495934959428,TIME,299843
1786687980000,TRAIN,0.5,3.25,-1.0,SL,60600
1786693650000,TRAIN,0.5,3.25,3.360496014171754,TIME,298201
1786952010000,TRAIN,0.5,3.25,-1.0,SL,3302
1786953810000,TRAIN,0.5,3.25,-1.0,SL,16201
1786961190000,TRAIN,0.5,3.25,-1.0,SL,65397
1786974090000,TRAIN,0.5,3.25,-1.0,SL,1955
1787014200000,TRAIN,0.5,3.25,-1.0,SL,296
1787023770000,TRAIN,0.5,3.25,0.8314960629919291,TIME,299548
1787047590000,TRAIN,0.5,3.25,-1.0,SL,8708
1787049660000,TRAIN,0.5,3.25,-1.0,SL,5098
1787066490000,TRAIN,0.5,3.25,-1.0,SL,36750
1787082420000,TRAIN,0.5,3.25,-1.0,SL,6750
1787084850000,TRAIN,0.5,3.25,1.2504526252257826,TIME,299098
1787098590000,TRAIN,0.5,3.25,-1.0,SL,214204
1787104830000,TRAIN,0.5,3.25,1.6226771653537497,TIME,299698
1787117580000,TRAIN,0.5,3.25,-1.0,SL,3597
1787140380000,TRAIN,0.5,3.25,1.9389830508468242,TIME,299695
1787141130000,TRAIN,0.5,3.25,-1.0,SL,754
1787143260000,TRAIN,0.5,3.25,-1.0,SL,28500
1787149170000,TRAIN,0.5,3.25,-1.0,SL,32552
1787170380000,TRAIN,0.5,3.25,-1.0,SL,27451
1787184990000,VALID,0.5,3.25,-1.0,SL,4646
1787199990000,VALID,0.5,3.25,-1.0,SL,71255
1787220390000,VALID,0.5,3.25,2.3459774906211903,TIME,298952
1787229570000,VALID,0.5,3.25,-1.0,SL,7344
1787232870000,VALID,0.5,3.25,-1.0,SL,7048
1787234520000,VALID,0.5,3.25,-1.0,SL,19196
1787246430000,VALID,0.5,3.25,1.9530899449317622,TIME,299100
1787267280000,VALID,0.5,3.25,-1.0,SL,13496
1787288910000,VALID,0.5,3.25,-1.0,SL,3603
1787298090000,VALID,0.5,3.25,-1.0,SL,292495
1787312280000,VALID,0.5,3.25,6.5,TP,200696
1787325840000,VALID,0.5,3.25,-1.0,SL,14554
1787339850000,VALID,0.5,3.25,1.9796610169490623,TIME,298948
1787340270000,VALID,0.5,3.25,-1.0,SL,7500
1787527200000,VALID,0.5,3.25,-1.0,SL,300
1787534100000,VALID,0.5,3.25,-1.0,SL,57748
1787579790000,VALID,0.5,3.25,0.6348879154858015,TIME,299862
1787583030000,VALID,0.5,3.25,-1.0,SL,295
1787609970000,VALID,0.5,3.25,-1.0,SL,21147
1787630220000,VALID,0.5,3.25,4.124872475005015,TIME,298354
1787647740000,VALID,0.5,3.25,-1.0,SL,45742
1787660070000,VALID,0.5,3.25,-1.0,SL,34801
1787661450000,VALID,0.5,3.25,-1.0,SL,123600
1787664090000,VALID,0.5,3.25,-1.0,SL,20399
1787666490000,VALID,0.5,3.25,-1.0,SL,80104
1787687220000,VALID,0.5,3.25,2.5294685990334687,TIME,299553
1787709300000,VALID,0.5,3.25,6.5,TP,211354
1787723070000,VALID,0.5,3.25,-1.0,SL,28808
1787740170000,VALID,0.5,3.25,4.237623762376642,TIME,299845
1787749530000,VALID,0.5,3.25,-1.0,SL,177599
1787753850000,VALID,0.5,3.25,-1.0,SL,8251
1787788590000,VALID,0.5,3.25,-1.0,SL,0
1787790000000,VALID,0.5,3.25,-1.0,SL,5403
1787794950000,VALID,0.5,3.25,-1.0,SL,5697
1787798520000,VALID,0.5,3.25,-1.0,SL,23395
1787811390000,VALID,0.5,3.25,3.8716859528347247,TIME,299544
1787823090000,VALID,0.5,3.25,-1.0,SL,5697
1787827440000,VALID,0.5,3.25,-1.0,SL,11401
1787834550000,VALID,0.5,3.25,2.2266092033922606,TIME,299699
1787844150000,VALID,0.5,3.25,-1.0,SL,23252
1787854650000,VALID,0.5,3.25,-1.0,SL,47100
1787883540000,VALID,0.5,3.25,-1.0,SL,10652
1787917320000,VALID,0.5,3.25,-1.0,SL,35555
1787924280000,VALID,0.5,3.25,3.20858895705486,TIME,299850
1787925720000,VALID,0.5,3.25,-1.0,SL,23404
1787934900000,VALID,0.5,3.25,2.960639481938606,TIME,299849
1788141930000,VALID,0.5,3.25,-1.0,SL,26702
1788144150000,VALID,0.5,3.25,0.48759251197214376,TIME,299700
1788181080000,VALID,0.5,3.25,-1.0,SL,2850
1788221790000,VALID,0.5,3.25,6.344130194343657,TIME,299099
1788228720000,VALID,0.5,3.25,-1.0,SL,5246
1788230910000,VALID,0.5,3.25,-1.0,SL,1948
1788258720000,VALID,0.5,3.25,-1.0,SL,5248
1788262410000,VALID,0.5,3.25,-1.0,SL,49205
1788271980000,VALID,0.5,3.25,3.552706127926106,TIME,299702
1788277740000,VALID,0.5,3.25,2.0075282308659115,TIME,299249
1788303150000,VALID,0.5,3.25,-1.0,SL,0
1788321570000,VALID,0.5,3.25,-1.0,SL,295800
1788333960000,VALID,0.5,3.25,-1.0,SL,116550
1788353280000,VALID,0.5,3.25,-1.0,SL,89251
1788356520000,VALID,0.5,3.25,-1.0,SL,6445
1788377820000,VALID,0.5,3.25,-1.0,SL,5546
1788409740000,VALID,0.5,3.25,1.8163134232501599,TIME,299093
1788416880000,VALID,0.5,3.25,1.237842617153018,TIME,299099
1788417360000,VALID,0.5,3.25,-1.0,SL,1493
1788439920000,VALID,0.5,3.25,4.8408368200835,TIME,299849
1788460260000,VALID,0.5,3.25,-1.0,SL,4804
1788461400000,VALID,0.5,3.25,-1.0,SL,99453
1788486750000,VALID,0.5,3.25,-1.0,SL,4199
1788488160000,VALID,0.5,3.25,-1.0,SL,7651
1788491310000,VALID,0.5,3.25,3.30657701197802,TIME,299703
1788518280000,VALID,0.5,3.25,-1.0,SL,74849
1788535440000,VALID,0.5,3.25,-1.0,SL,220344
1788551280000,VALID,0.5,3.25,-1.0,SL,41998
1788767580000,POST_CHECK,0.5,3.25,-1.0,SL,10799
1788796560000,POST_CHECK,0.5,3.25,-1.0,SL,447
1788852930000,POST_CHECK,0.5,3.25,-1.0,SL,68389
1788853320000,POST_CHECK,0.5,3.25,-1.0,SL,156151
1788855180000,POST_CHECK,0.5,3.25,-0.5372873964237025,TIME,299099
1788864030000,POST_CHECK,0.5,3.25,-1.0,SL,452
1788865590000,POST_CHECK,0.5,3.25,-1.0,SL,164253
1788872040000,POST_CHECK,0.5,3.25,4.925925925925904,TIME,299403
1788873690000,POST_CHECK,0.5,3.25,-1.0,SL,7046
1788891840000,POST_CHECK,0.5,3.25,-1.0,SL,14099
1788893880000,POST_CHECK,0.5,3.25,-1.0,SL,175044
1788894780000,POST_CHECK,0.5,3.25,-1.0,SL,15599
1788912420000,POST_CHECK,0.5,3.25,-1.0,SL,80707
1788921270000,POST_CHECK,0.5,3.25,-1.0,SL,1799
1788927510000,POST_CHECK,0.5,3.25,-1.0,SL,8849
1788928650000,POST_CHECK,0.5,3.25,5.278688524592703,TIME,298646
1788936060000,POST_CHECK,0.5,3.25,-1.0,SL,104398
1788946920000,POST_CHECK,0.5,3.25,-1.0,SL,8696
1788947610000,POST_CHECK,0.5,3.25,6.5,TP,266845
1788948900000,POST_CHECK,0.5,3.25,-1.0,SL,45151
1788999030000,POST_CHECK,0.5,3.25,-1.0,SL,23398
1789004220000,POST_CHECK,0.5,3.25,-1.0,SL,76646
1789006830000,POST_CHECK,0.5,3.25,-1.0,SL,23402
1789007910000,POST_CHECK,0.5,3.25,2.72275862068963,TIME,299707
1789019610000,POST_CHECK,0.5,3.25,-1.0,SL,7350
1789031820000,POST_CHECK,0.5,3.25,-1.0,SL,32854
1789047570000,POST_CHECK,0.5,3.25,-1.0,SL,61806
1789053690000,POST_CHECK,0.5,3.25,2.0039631658700228,TIME,299395
1789088850000,POST_CHECK,0.5,3.25,-1.0,SL,27602
1789089270000,POST_CHECK,0.5,3.25,-1.0,SL,3751
1789102410000,POST_CHECK,0.5,3.25,-1.0,SL,5998
1789120140000,POST_CHECK,0.5,3.25,-1.0,SL,602
1789142100000,POST_CHECK,0.5,3.25,-1.0,SL,40953
1789347690000,POST_CHECK,0.5,3.25,-1.0,SL,899
1789383480000,POST_CHECK,0.5,3.25,-1.0,SL,23993
1789388280000,POST_CHECK,0.5,3.25,6.5,TP,177302
1789394400000,POST_CHECK,0.5,3.25,-1.0,SL,9456
1789394850000,POST_CHECK,0.5,3.25,-1.0,SL,9746
1789396470000,POST_CHECK,0.5,3.25,-1.0,SL,17097
1789403580000,POST_CHECK,0.5,3.25,-1.0,SL,10202
1789411020000,POST_CHECK,0.5,3.25,-1.0,SL,1797
1789428060000,POST_CHECK,0.5,3.25,-1.0,SL,50401
1789445400000,POST_CHECK,0.5,3.25,-1.0,SL,0
1789458150000,POST_CHECK,0.5,3.25,-1.0,SL,3897
1789468860000,POST_CHECK,0.5,3.25,5.065427243474761,TIME,299697
1786060200000,TRAIN,0.5,3.5,4.631705124363456,TIME,298803
1786061580000,TRAIN,0.5,3.5,-1.0,SL,3003
1786072020000,TRAIN,0.5,3.5,-1.0,SL,219899
1786096110000,TRAIN,0.5,3.5,-1.0,SL,15297
1786105620000,TRAIN,0.5,3.5,-1.0,SL,166353
1786332630000,TRAIN,0.5,3.5,-1.0,SL,10050
1786340220000,TRAIN,0.5,3.5,-1.0,SL,34500
1786341540000,TRAIN,0.5,3.5,1.3374108053000957,TIME,299704
1786352040000,TRAIN,0.5,3.5,-1.0,SL,261748
1786358100000,TRAIN,0.5,3.5,-1.0,SL,1647
1786381140000,TRAIN,0.5,3.5,-1.0,SL,7198
1786430640000,TRAIN,0.5,3.5,-1.0,SL,18304
1786438140000,TRAIN,0.5,3.5,-1.0,SL,449
1786438500000,TRAIN,0.5,3.5,-1.0,SL,143399
1786440810000,TRAIN,0.5,3.5,-0.20239855429627235,TIME,299698
1786451070000,TRAIN,0.5,3.5,-1.0,SL,66146
1786454340000,TRAIN,0.5,3.5,-1.0,SL,4497
1786463010000,TRAIN,0.5,3.5,-1.0,SL,5706
1786471950000,TRAIN,0.5,3.5,-1.0,SL,159898
1786493160000,TRAIN,0.5,3.5,-1.0,SL,40947
1786504530000,TRAIN,0.5,3.5,-1.0,SL,17698
1786526850000,TRAIN,0.5,3.5,-1.0,SL,15297
1786550940000,TRAIN,0.5,3.5,-1.0,SL,36596
1786553460000,TRAIN,0.5,3.5,-1.0,SL,36767
1786553820000,TRAIN,0.5,3.5,4.05578047683277,TIME,299856
1786581240000,TRAIN,0.5,3.5,-1.0,SL,2703
1786587240000,TRAIN,0.5,3.5,-1.0,SL,51750
1786593510000,TRAIN,0.5,3.5,-1.0,SL,85952
1786624980000,TRAIN,0.5,3.5,-1.0,SL,226949
1786632990000,TRAIN,0.5,3.5,-1.0,SL,157498
1786633320000,TRAIN,0.5,3.5,7.0,TP,220647
1786653840000,TRAIN,0.5,3.5,-1.0,SL,0
1786670520000,TRAIN,0.5,3.5,2.393495934959428,TIME,299843
1786687980000,TRAIN,0.5,3.5,-1.0,SL,60600
1786693650000,TRAIN,0.5,3.5,3.360496014171754,TIME,298201
1786952010000,TRAIN,0.5,3.5,-1.0,SL,3302
1786953810000,TRAIN,0.5,3.5,-1.0,SL,16201
1786961190000,TRAIN,0.5,3.5,-1.0,SL,65397
1786974090000,TRAIN,0.5,3.5,-1.0,SL,1955
1787014200000,TRAIN,0.5,3.5,-1.0,SL,296
1787023770000,TRAIN,0.5,3.5,0.8314960629919291,TIME,299548
1787047590000,TRAIN,0.5,3.5,-1.0,SL,8708
1787049660000,TRAIN,0.5,3.5,-1.0,SL,5098
1787066490000,TRAIN,0.5,3.5,-1.0,SL,36750
1787082420000,TRAIN,0.5,3.5,-1.0,SL,6750
1787084850000,TRAIN,0.5,3.5,1.2504526252257826,TIME,299098
1787098590000,TRAIN,0.5,3.5,-1.0,SL,214204
1787104830000,TRAIN,0.5,3.5,1.6226771653537497,TIME,299698
1787117580000,TRAIN,0.5,3.5,-1.0,SL,3597
1787140380000,TRAIN,0.5,3.5,1.9389830508468242,TIME,299695
1787141130000,TRAIN,0.5,3.5,-1.0,SL,754
1787143260000,TRAIN,0.5,3.5,-1.0,SL,28500
1787149170000,TRAIN,0.5,3.5,-1.0,SL,32552
1787170380000,TRAIN,0.5,3.5,-1.0,SL,27451
1787184990000,VALID,0.5,3.5,-1.0,SL,4646
1787199990000,VALID,0.5,3.5,-1.0,SL,71255
1787220390000,VALID,0.5,3.5,2.3459774906211903,TIME,298952
1787229570000,VALID,0.5,3.5,-1.0,SL,7344
1787232870000,VALID,0.5,3.5,-1.0,SL,7048
1787234520000,VALID,0.5,3.5,-1.0,SL,19196
1787246430000,VALID,0.5,3.5,1.9530899449317622,TIME,299100
1787267280000,VALID,0.5,3.5,-1.0,SL,13496
1787288910000,VALID,0.5,3.5,-1.0,SL,3603
1787298090000,VALID,0.5,3.5,-1.0,SL,292495
1787312280000,VALID,0.5,3.5,6.325555860554102,TIME,299850
1787325840000,VALID,0.5,3.5,-1.0,SL,14554
1787339850000,VALID,0.5,3.5,1.9796610169490623,TIME,298948
1787340270000,VALID,0.5,3.5,-1.0,SL,7500
1787527200000,VALID,0.5,3.5,-1.0,SL,300
1787534100000,VALID,0.5,3.5,-1.0,SL,57748
1787579790000,VALID,0.5,3.5,0.6348879154858015,TIME,299862
1787583030000,VALID,0.5,3.5,-1.0,SL,295
1787609970000,VALID,0.5,3.5,-1.0,SL,21147
1787630220000,VALID,0.5,3.5,4.124872475005015,TIME,298354
1787647740000,VALID,0.5,3.5,-1.0,SL,45742
1787660070000,VALID,0.5,3.5,-1.0,SL,34801
1787661450000,VALID,0.5,3.5,-1.0,SL,123600
1787664090000,VALID,0.5,3.5,-1.0,SL,20399
1787666490000,VALID,0.5,3.5,-1.0,SL,80104
1787687220000,VALID,0.5,3.5,2.5294685990334687,TIME,299553
1787709300000,VALID,0.5,3.5,3.6801328168234306,TIME,299097
1787723070000,VALID,0.5,3.5,-1.0,SL,28808
1787740170000,VALID,0.5,3.5,4.237623762376642,TIME,299845
1787749530000,VALID,0.5,3.5,-1.0,SL,177599
1787753850000,VALID,0.5,3.5,-1.0,SL,8251
1787788590000,VALID,0.5,3.5,-1.0,SL,0
1787790000000,VALID,0.5,3.5,-1.0,SL,5403
1787794950000,VALID,0.5,3.5,-1.0,SL,5697
1787798520000,VALID,0.5,3.5,-1.0,SL,23395
1787811390000,VALID,0.5,3.5,3.8716859528347247,TIME,299544
1787823090000,VALID,0.5,3.5,-1.0,SL,5697
1787827440000,VALID,0.5,3.5,-1.0,SL,11401
1787834550000,VALID,0.5,3.5,2.2266092033922606,TIME,299699
1787844150000,VALID,0.5,3.5,-1.0,SL,23252
1787854650000,VALID,0.5,3.5,-1.0,SL,47100
1787883540000,VALID,0.5,3.5,-1.0,SL,10652
1787917320000,VALID,0.5,3.5,-1.0,SL,35555
1787924280000,VALID,0.5,3.5,3.20858895705486,TIME,299850
1787925720000,VALID,0.5,3.5,-1.0,SL,23404
1787934900000,VALID,0.5,3.5,2.960639481938606,TIME,299849
1788141930000,VALID,0.5,3.5,-1.0,SL,26702
1788144150000,VALID,0.5,3.5,0.48759251197214376,TIME,299700
1788181080000,VALID,0.5,3.5,-1.0,SL,2850
1788221790000,VALID,0.5,3.5,6.344130194343657,TIME,299099
1788228720000,VALID,0.5,3.5,-1.0,SL,5246
1788230910000,VALID,0.5,3.5,-1.0,SL,1948
1788258720000,VALID,0.5,3.5,-1.0,SL,5248
1788262410000,VALID,0.5,3.5,-1.0,SL,49205
1788271980000,VALID,0.5,3.5,3.552706127926106,TIME,299702
1788277740000,VALID,0.5,3.5,2.0075282308659115,TIME,299249
1788303150000,VALID,0.5,3.5,-1.0,SL,0
1788321570000,VALID,0.5,3.5,-1.0,SL,295800
1788333960000,VALID,0.5,3.5,-1.0,SL,116550
1788353280000,VALID,0.5,3.5,-1.0,SL,89251
1788356520000,VALID,0.5,3.5,-1.0,SL,6445
1788377820000,VALID,0.5,3.5,-1.0,SL,5546
1788409740000,VALID,0.5,3.5,1.8163134232501599,TIME,299093
1788416880000,VALID,0.5,3.5,1.237842617153018,TIME,299099
1788417360000,VALID,0.5,3.5,-1.0,SL,1493
1788439920000,VALID,0.5,3.5,4.8408368200835,TIME,299849
1788460260000,VALID,0.5,3.5,-1.0,SL,4804
1788461400000,VALID,0.5,3.5,-1.0,SL,99453
1788486750000,VALID,0.5,3.5,-1.0,SL,4199
1788488160000,VALID,0.5,3.5,-1.0,SL,7651
1788491310000,VALID,0.5,3.5,3.30657701197802,TIME,299703
1788518280000,VALID,0.5,3.5,-1.0,SL,74849
1788535440000,VALID,0.5,3.5,-1.0,SL,220344
1788551280000,VALID,0.5,3.5,-1.0,SL,41998
1788767580000,POST_CHECK,0.5,3.5,-1.0,SL,10799
1788796560000,POST_CHECK,0.5,3.5,-1.0,SL,447
1788852930000,POST_CHECK,0.5,3.5,-1.0,SL,68389
1788853320000,POST_CHECK,0.5,3.5,-1.0,SL,156151
1788855180000,POST_CHECK,0.5,3.5,-0.5372873964237025,TIME,299099
1788864030000,POST_CHECK,0.5,3.5,-1.0,SL,452
1788865590000,POST_CHECK,0.5,3.5,-1.0,SL,164253
1788872040000,POST_CHECK,0.5,3.5,4.925925925925904,TIME,299403
1788873690000,POST_CHECK,0.5,3.5,-1.0,SL,7046
1788891840000,POST_CHECK,0.5,3.5,-1.0,SL,14099
1788893880000,POST_CHECK,0.5,3.5,-1.0,SL,175044
1788894780000,POST_CHECK,0.5,3.5,-1.0,SL,15599
1788912420000,POST_CHECK,0.5,3.5,-1.0,SL,80707
1788921270000,POST_CHECK,0.5,3.5,-1.0,SL,1799
1788927510000,POST_CHECK,0.5,3.5,-1.0,SL,8849
1788928650000,POST_CHECK,0.5,3.5,5.278688524592703,TIME,298646
1788936060000,POST_CHECK,0.5,3.5,-1.0,SL,104398
1788946920000,POST_CHECK,0.5,3.5,-1.0,SL,8696
1788947610000,POST_CHECK,0.5,3.5,7.0,TP,271351
1788948900000,POST_CHECK,0.5,3.5,-1.0,SL,45151
1788999030000,POST_CHECK,0.5,3.5,-1.0,SL,23398
1789004220000,POST_CHECK,0.5,3.5,-1.0,SL,76646
1789006830000,POST_CHECK,0.5,3.5,-1.0,SL,23402
1789007910000,POST_CHECK,0.5,3.5,2.72275862068963,TIME,299707
1789019610000,POST_CHECK,0.5,3.5,-1.0,SL,7350
1789031820000,POST_CHECK,0.5,3.5,-1.0,SL,32854
1789047570000,POST_CHECK,0.5,3.5,-1.0,SL,61806
1789053690000,POST_CHECK,0.5,3.5,2.0039631658700228,TIME,299395
1789088850000,POST_CHECK,0.5,3.5,-1.0,SL,27602
1789089270000,POST_CHECK,0.5,3.5,-1.0,SL,3751
1789102410000,POST_CHECK,0.5,3.5,-1.0,SL,5998
1789120140000,POST_CHECK,0.5,3.5,-1.0,SL,602
1789142100000,POST_CHECK,0.5,3.5,-1.0,SL,40953
1789347690000,POST_CHECK,0.5,3.5,-1.0,SL,899
1789383480000,POST_CHECK,0.5,3.5,-1.0,SL,23993
1789388280000,POST_CHECK,0.5,3.5,7.0,TP,210148
1789394400000,POST_CHECK,0.5,3.5,-1.0,SL,9456
1789394850000,POST_CHECK,0.5,3.5,-1.0,SL,9746
1789396470000,POST_CHECK,0.5,3.5,-1.0,SL,17097
1789403580000,POST_CHECK,0.5,3.5,-1.0,SL,10202
1789411020000,POST_CHECK,0.5,3.5,-1.0,SL,1797
1789428060000,POST_CHECK,0.5,3.5,-1.0,SL,50401
1789445400000,POST_CHECK,0.5,3.5,-1.0,SL,0
1789458150000,POST_CHECK,0.5,3.5,-1.0,SL,3897
1789468860000,POST_CHECK,0.5,3.5,5.065427243474761,TIME,299697
1786060200000,TRAIN,0.5,3.75,4.631705124363456,TIME,298803
1786061580000,TRAIN,0.5,3.75,-1.0,SL,3003
1786072020000,TRAIN,0.5,3.75,-1.0,SL,219899
1786096110000,TRAIN,0.5,3.75,-1.0,SL,15297
1786105620000,TRAIN,0.5,3.75,-1.0,SL,166353
1786332630000,TRAIN,0.5,3.75,-1.0,SL,10050
1786340220000,TRAIN,0.5,3.75,-1.0,SL,34500
1786341540000,TRAIN,0.5,3.75,1.3374108053000957,TIME,299704
1786352040000,TRAIN,0.5,3.75,-1.0,SL,261748
1786358100000,TRAIN,0.5,3.75,-1.0,SL,1647
1786381140000,TRAIN,0.5,3.75,-1.0,SL,7198
1786430640000,TRAIN,0.5,3.75,-1.0,SL,18304
1786438140000,TRAIN,0.5,3.75,-1.0,SL,449
1786438500000,TRAIN,0.5,3.75,-1.0,SL,143399
1786440810000,TRAIN,0.5,3.75,-0.20239855429627235,TIME,299698
1786451070000,TRAIN,0.5,3.75,-1.0,SL,66146
1786454340000,TRAIN,0.5,3.75,-1.0,SL,4497
1786463010000,TRAIN,0.5,3.75,-1.0,SL,5706
1786471950000,TRAIN,0.5,3.75,-1.0,SL,159898
1786493160000,TRAIN,0.5,3.75,-1.0,SL,40947
1786504530000,TRAIN,0.5,3.75,-1.0,SL,17698
1786526850000,TRAIN,0.5,3.75,-1.0,SL,15297
1786550940000,TRAIN,0.5,3.75,-1.0,SL,36596
1786553460000,TRAIN,0.5,3.75,-1.0,SL,36767
1786553820000,TRAIN,0.5,3.75,4.05578047683277,TIME,299856
1786581240000,TRAIN,0.5,3.75,-1.0,SL,2703
1786587240000,TRAIN,0.5,3.75,-1.0,SL,51750
1786593510000,TRAIN,0.5,3.75,-1.0,SL,85952
1786624980000,TRAIN,0.5,3.75,-1.0,SL,226949
1786632990000,TRAIN,0.5,3.75,-1.0,SL,157498
1786633320000,TRAIN,0.5,3.75,7.5,TP,236103
1786653840000,TRAIN,0.5,3.75,-1.0,SL,0
1786670520000,TRAIN,0.5,3.75,2.393495934959428,TIME,299843
1786687980000,TRAIN,0.5,3.75,-1.0,SL,60600
1786693650000,TRAIN,0.5,3.75,3.360496014171754,TIME,298201
1786952010000,TRAIN,0.5,3.75,-1.0,SL,3302
1786953810000,TRAIN,0.5,3.75,-1.0,SL,16201
1786961190000,TRAIN,0.5,3.75,-1.0,SL,65397
1786974090000,TRAIN,0.5,3.75,-1.0,SL,1955
1787014200000,TRAIN,0.5,3.75,-1.0,SL,296
1787023770000,TRAIN,0.5,3.75,0.8314960629919291,TIME,299548
1787047590000,TRAIN,0.5,3.75,-1.0,SL,8708
1787049660000,TRAIN,0.5,3.75,-1.0,SL,5098
1787066490000,TRAIN,0.5,3.75,-1.0,SL,36750
1787082420000,TRAIN,0.5,3.75,-1.0,SL,6750
1787084850000,TRAIN,0.5,3.75,1.2504526252257826,TIME,299098
1787098590000,TRAIN,0.5,3.75,-1.0,SL,214204
1787104830000,TRAIN,0.5,3.75,1.6226771653537497,TIME,299698
1787117580000,TRAIN,0.5,3.75,-1.0,SL,3597
1787140380000,TRAIN,0.5,3.75,1.9389830508468242,TIME,299695
1787141130000,TRAIN,0.5,3.75,-1.0,SL,754
1787143260000,TRAIN,0.5,3.75,-1.0,SL,28500
1787149170000,TRAIN,0.5,3.75,-1.0,SL,32552
1787170380000,TRAIN,0.5,3.75,-1.0,SL,27451
1787184990000,VALID,0.5,3.75,-1.0,SL,4646
1787199990000,VALID,0.5,3.75,-1.0,SL,71255
1787220390000,VALID,0.5,3.75,2.3459774906211903,TIME,298952
1787229570000,VALID,0.5,3.75,-1.0,SL,7344
1787232870000,VALID,0.5,3.75,-1.0,SL,7048
1787234520000,VALID,0.5,3.75,-1.0,SL,19196
1787246430000,VALID,0.5,3.75,1.9530899449317622,TIME,299100
1787267280000,VALID,0.5,3.75,-1.0,SL,13496
1787288910000,VALID,0.5,3.75,-1.0,SL,3603
1787298090000,VALID,0.5,3.75,-1.0,SL,292495
1787312280000,VALID,0.5,3.75,6.325555860554102,TIME,299850
1787325840000,VALID,0.5,3.75,-1.0,SL,14554
1787339850000,VALID,0.5,3.75,1.9796610169490623,TIME,298948
1787340270000,VALID,0.5,3.75,-1.0,SL,7500
1787527200000,VALID,0.5,3.75,-1.0,SL,300
1787534100000,VALID,0.5,3.75,-1.0,SL,57748
1787579790000,VALID,0.5,3.75,0.6348879154858015,TIME,299862
1787583030000,VALID,0.5,3.75,-1.0,SL,295
1787609970000,VALID,0.5,3.75,-1.0,SL,21147
1787630220000,VALID,0.5,3.75,4.124872475005015,TIME,298354
1787647740000,VALID,0.5,3.75,-1.0,SL,45742
1787660070000,VALID,0.5,3.75,-1.0,SL,34801
1787661450000,VALID,0.5,3.75,-1.0,SL,123600
1787664090000,VALID,0.5,3.75,-1.0,SL,20399
1787666490000,VALID,0.5,3.75,-1.0,SL,80104
1787687220000,VALID,0.5,3.75,2.5294685990334687,TIME,299553
1787709300000,VALID,0.5,3.75,3.6801328168234306,TIME,299097
1787723070000,VALID,0.5,3.75,-1.0,SL,28808
1787740170000,VALID,0.5,3.75,4.237623762376642,TIME,299845
1787749530000,VALID,0.5,3.75,-1.0,SL,177599
1787753850000,VALID,0.5,3.75,-1.0,SL,8251
1787788590000,VALID,0.5,3.75,-1.0,SL,0
1787790000000,VALID,0.5,3.75,-1.0,SL,5403
1787794950000,VALID,0.5,3.75,-1.0,SL,5697
1787798520000,VALID,0.5,3.75,-1.0,SL,23395
1787811390000,VALID,0.5,3.75,3.8716859528347247,TIME,299544
1787823090000,VALID,0.5,3.75,-1.0,SL,5697
1787827440000,VALID,0.5,3.75,-1.0,SL,11401
1787834550000,VALID,0.5,3.75,2.2266092033922606,TIME,299699
1787844150000,VALID,0.5,3.75,-1.0,SL,23252
1787854650000,VALID,0.5,3.75,-1.0,SL,47100
1787883540000,VALID,0.5,3.75,-1.0,SL,10652
1787917320000,VALID,0.5,3.75,-1.0,SL,35555
1787924280000,VALID,0.5,3.75,3.20858895705486,TIME,299850
1787925720000,VALID,0.5,3.75,-1.0,SL,23404
1787934900000,VALID,0.5,3.75,2.960639481938606,TIME,299849
1788141930000,VALID,0.5,3.75,-1.0,SL,26702
1788144150000,VALID,0.5,3.75,0.48759251197214376,TIME,299700
1788181080000,VALID,0.5,3.75,-1.0,SL,2850
1788221790000,VALID,0.5,3.75,6.344130194343657,TIME,299099
1788228720000,VALID,0.5,3.75,-1.0,SL,5246
1788230910000,VALID,0.5,3.75,-1.0,SL,1948
1788258720000,VALID,0.5,3.75,-1.0,SL,5248
1788262410000,VALID,0.5,3.75,-1.0,SL,49205
1788271980000,VALID,0.5,3.75,3.552706127926106,TIME,299702
1788277740000,VALID,0.5,3.75,2.0075282308659115,TIME,299249
1788303150000,VALID,0.5,3.75,-1.0,SL,0
1788321570000,VALID,0.5,3.75,-1.0,SL,295800
1788333960000,VALID,0.5,3.75,-1.0,SL,116550
1788353280000,VALID,0.5,3.75,-1.0,SL,89251
1788356520000,VALID,0.5,3.75,-1.0,SL,6445
1788377820000,VALID,0.5,3.75,-1.0,SL,5546
1788409740000,VALID,0.5,3.75,1.8163134232501599,TIME,299093
1788416880000,VALID,0.5,3.75,1.237842617153018,TIME,299099
1788417360000,VALID,0.5,3.75,-1.0,SL,1493
1788439920000,VALID,0.5,3.75,4.8408368200835,TIME,299849
1788460260000,VALID,0.5,3.75,-1.0,SL,4804
1788461400000,VALID,0.5,3.75,-1.0,SL,99453
1788486750000,VALID,0.5,3.75,-1.0,SL,4199
1788488160000,VALID,0.5,3.75,-1.0,SL,7651
1788491310000,VALID,0.5,3.75,3.30657701197802,TIME,299703
1788518280000,VALID,0.5,3.75,-1.0,SL,74849
1788535440000,VALID,0.5,3.75,-1.0,SL,220344
1788551280000,VALID,0.5,3.75,-1.0,SL,41998
1788767580000,POST_CHECK,0.5,3.75,-1.0,SL,10799
1788796560000,POST_CHECK,0.5,3.75,-1.0,SL,447
1788852930000,POST_CHECK,0.5,3.75,-1.0,SL,68389
1788853320000,POST_CHECK,0.5,3.75,-1.0,SL,156151
1788855180000,POST_CHECK,0.5,3.75,-0.5372873964237025,TIME,299099
1788864030000,POST_CHECK,0.5,3.75,-1.0,SL,452
1788865590000,POST_CHECK,0.5,3.75,-1.0,SL,164253
1788872040000,POST_CHECK,0.5,3.75,4.925925925925904,TIME,299403
1788873690000,POST_CHECK,0.5,3.75,-1.0,SL,7046
1788891840000,POST_CHECK,0.5,3.75,-1.0,SL,14099
1788893880000,POST_CHECK,0.5,3.75,-1.0,SL,175044
1788894780000,POST_CHECK,0.5,3.75,-1.0,SL,15599
1788912420000,POST_CHECK,0.5,3.75,-1.0,SL,80707
1788921270000,POST_CHECK,0.5,3.75,-1.0,SL,1799
1788927510000,POST_CHECK,0.5,3.75,-1.0,SL,8849
1788928650000,POST_CHECK,0.5,3.75,5.278688524592703,TIME,298646
1788936060000,POST_CHECK,0.5,3.75,-1.0,SL,104398
1788946920000,POST_CHECK,0.5,3.75,-1.0,SL,8696
1788947610000,POST_CHECK,0.5,3.75,5.506212857915613,TIME,299547
1788948900000,POST_CHECK,0.5,3.75,-1.0,SL,45151
1788999030000,POST_CHECK,0.5,3.75,-1.0,SL,23398
1789004220000,POST_CHECK,0.5,3.75,-1.0,SL,76646
1789006830000,POST_CHECK,0.5,3.75,-1.0,SL,23402
1789007910000,POST_CHECK,0.5,3.75,2.72275862068963,TIME,299707
1789019610000,POST_CHECK,0.5,3.75,-1.0,SL,7350
1789031820000,POST_CHECK,0.5,3.75,-1.0,SL,32854
1789047570000,POST_CHECK,0.5,3.75,-1.0,SL,61806
1789053690000,POST_CHECK,0.5,3.75,2.0039631658700228,TIME,299395
1789088850000,POST_CHECK,0.5,3.75,-1.0,SL,27602
1789089270000,POST_CHECK,0.5,3.75,-1.0,SL,3751
1789102410000,POST_CHECK,0.5,3.75,-1.0,SL,5998
1789120140000,POST_CHECK,0.5,3.75,-1.0,SL,602
1789142100000,POST_CHECK,0.5,3.75,-1.0,SL,40953
1789347690000,POST_CHECK,0.5,3.75,-1.0,SL,899
1789383480000,POST_CHECK,0.5,3.75,-1.0,SL,23993
1789388280000,POST_CHECK,0.5,3.75,7.5,TP,240146
1789394400000,POST_CHECK,0.5,3.75,-1.0,SL,9456
1789394850000,POST_CHECK,0.5,3.75,-1.0,SL,9746
1789396470000,POST_CHECK,0.5,3.75,-1.0,SL,17097
1789403580000,POST_CHECK,0.5,3.75,-1.0,SL,10202
1789411020000,POST_CHECK,0.5,3.75,-1.0,SL,1797
1789428060000,POST_CHECK,0.5,3.75,-1.0,SL,50401
1789445400000,POST_CHECK,0.5,3.75,-1.0,SL,0
1789458150000,POST_CHECK,0.5,3.75,-1.0,SL,3897
1789468860000,POST_CHECK,0.5,3.75,5.065427243474761,TIME,299697
1786060200000,TRAIN,0.5,4.0,4.631705124363456,TIME,298803
1786061580000,TRAIN,0.5,4.0,-1.0,SL,3003
1786072020000,TRAIN,0.5,4.0,-1.0,SL,219899
1786096110000,TRAIN,0.5,4.0,-1.0,SL,15297
1786105620000,TRAIN,0.5,4.0,-1.0,SL,166353
1786332630000,TRAIN,0.5,4.0,-1.0,SL,10050
1786340220000,TRAIN,0.5,4.0,-1.0,SL,34500
1786341540000,TRAIN,0.5,4.0,1.3374108053000957,TIME,299704
1786352040000,TRAIN,0.5,4.0,-1.0,SL,261748
1786358100000,TRAIN,0.5,4.0,-1.0,SL,1647
1786381140000,TRAIN,0.5,4.0,-1.0,SL,7198
1786430640000,TRAIN,0.5,4.0,-1.0,SL,18304
1786438140000,TRAIN,0.5,4.0,-1.0,SL,449
1786438500000,TRAIN,0.5,4.0,-1.0,SL,143399
1786440810000,TRAIN,0.5,4.0,-0.20239855429627235,TIME,299698
1786451070000,TRAIN,0.5,4.0,-1.0,SL,66146
1786454340000,TRAIN,0.5,4.0,-1.0,SL,4497
1786463010000,TRAIN,0.5,4.0,-1.0,SL,5706
1786471950000,TRAIN,0.5,4.0,-1.0,SL,159898
1786493160000,TRAIN,0.5,4.0,-1.0,SL,40947
1786504530000,TRAIN,0.5,4.0,-1.0,SL,17698
1786526850000,TRAIN,0.5,4.0,-1.0,SL,15297
1786550940000,TRAIN,0.5,4.0,-1.0,SL,36596
1786553460000,TRAIN,0.5,4.0,-1.0,SL,36767
1786553820000,TRAIN,0.5,4.0,4.05578047683277,TIME,299856
1786581240000,TRAIN,0.5,4.0,-1.0,SL,2703
1786587240000,TRAIN,0.5,4.0,-1.0,SL,51750
1786593510000,TRAIN,0.5,4.0,-1.0,SL,85952
1786624980000,TRAIN,0.5,4.0,-1.0,SL,226949
1786632990000,TRAIN,0.5,4.0,-1.0,SL,157498
1786633320000,TRAIN,0.5,4.0,8.0,TP,254703
1786653840000,TRAIN,0.5,4.0,-1.0,SL,0
1786670520000,TRAIN,0.5,4.0,2.393495934959428,TIME,299843
1786687980000,TRAIN,0.5,4.0,-1.0,SL,60600
1786693650000,TRAIN,0.5,4.0,3.360496014171754,TIME,298201
1786952010000,TRAIN,0.5,4.0,-1.0,SL,3302
1786953810000,TRAIN,0.5,4.0,-1.0,SL,16201
1786961190000,TRAIN,0.5,4.0,-1.0,SL,65397
1786974090000,TRAIN,0.5,4.0,-1.0,SL,1955
1787014200000,TRAIN,0.5,4.0,-1.0,SL,296
1787023770000,TRAIN,0.5,4.0,0.8314960629919291,TIME,299548
1787047590000,TRAIN,0.5,4.0,-1.0,SL,8708
1787049660000,TRAIN,0.5,4.0,-1.0,SL,5098
1787066490000,TRAIN,0.5,4.0,-1.0,SL,36750
1787082420000,TRAIN,0.5,4.0,-1.0,SL,6750
1787084850000,TRAIN,0.5,4.0,1.2504526252257826,TIME,299098
1787098590000,TRAIN,0.5,4.0,-1.0,SL,214204
1787104830000,TRAIN,0.5,4.0,1.6226771653537497,TIME,299698
1787117580000,TRAIN,0.5,4.0,-1.0,SL,3597
1787140380000,TRAIN,0.5,4.0,1.9389830508468242,TIME,299695
1787141130000,TRAIN,0.5,4.0,-1.0,SL,754
1787143260000,TRAIN,0.5,4.0,-1.0,SL,28500
1787149170000,TRAIN,0.5,4.0,-1.0,SL,32552
1787170380000,TRAIN,0.5,4.0,-1.0,SL,27451
1787184990000,VALID,0.5,4.0,-1.0,SL,4646
1787199990000,VALID,0.5,4.0,-1.0,SL,71255
1787220390000,VALID,0.5,4.0,2.3459774906211903,TIME,298952
1787229570000,VALID,0.5,4.0,-1.0,SL,7344
1787232870000,VALID,0.5,4.0,-1.0,SL,7048
1787234520000,VALID,0.5,4.0,-1.0,SL,19196
1787246430000,VALID,0.5,4.0,1.9530899449317622,TIME,299100
1787267280000,VALID,0.5,4.0,-1.0,SL,13496
1787288910000,VALID,0.5,4.0,-1.0,SL,3603
1787298090000,VALID,0.5,4.0,-1.0,SL,292495
1787312280000,VALID,0.5,4.0,6.325555860554102,TIME,299850
1787325840000,VALID,0.5,4.0,-1.0,SL,14554
1787339850000,VALID,0.5,4.0,1.9796610169490623,TIME,298948
1787340270000,VALID,0.5,4.0,-1.0,SL,7500
1787527200000,VALID,0.5,4.0,-1.0,SL,300
1787534100000,VALID,0.5,4.0,-1.0,SL,57748
1787579790000,VALID,0.5,4.0,0.6348879154858015,TIME,299862
1787583030000,VALID,0.5,4.0,-1.0,SL,295
1787609970000,VALID,0.5,4.0,-1.0,SL,21147
1787630220000,VALID,0.5,4.0,4.124872475005015,TIME,298354
1787647740000,VALID,0.5,4.0,-1.0,SL,45742
1787660070000,VALID,0.5,4.0,-1.0,SL,34801
1787661450000,VALID,0.5,4.0,-1.0,SL,123600
1787664090000,VALID,0.5,4.0,-1.0,SL,20399
1787666490000,VALID,0.5,4.0,-1.0,SL,80104
1787687220000,VALID,0.5,4.0,2.5294685990334687,TIME,299553
1787709300000,VALID,0.5,4.0,3.6801328168234306,TIME,299097
1787723070000,VALID,0.5,4.0,-1.0,SL,28808
1787740170000,VALID,0.5,4.0,4.237623762376642,TIME,299845
1787749530000,VALID,0.5,4.0,-1.0,SL,177599
1787753850000,VALID,0.5,4.0,-1.0,SL,8251
1787788590000,VALID,0.5,4.0,-1.0,SL,0
1787790000000,VALID,0.5,4.0,-1.0,SL,5403
1787794950000,VALID,0.5,4.0,-1.0,SL,5697
1787798520000,VALID,0.5,4.0,-1.0,SL,23395
1787811390000,VALID,0.5,4.0,3.8716859528347247,TIME,299544
1787823090000,VALID,0.5,4.0,-1.0,SL,5697
1787827440000,VALID,0.5,4.0,-1.0,SL,11401
1787834550000,VALID,0.5,4.0,2.2266092033922606,TIME,299699
1787844150000,VALID,0.5,4.0,-1.0,SL,23252
1787854650000,VALID,0.5,4.0,-1.0,SL,47100
1787883540000,VALID,0.5,4.0,-1.0,SL,10652
1787917320000,VALID,0.5,4.0,-1.0,SL,35555
1787924280000,VALID,0.5,4.0,3.20858895705486,TIME,299850
1787925720000,VALID,0.5,4.0,-1.0,SL,23404
1787934900000,VALID,0.5,4.0,2.960639481938606,TIME,299849
1788141930000,VALID,0.5,4.0,-1.0,SL,26702
1788144150000,VALID,0.5,4.0,0.48759251197214376,TIME,299700
1788181080000,VALID,0.5,4.0,-1.0,SL,2850
1788221790000,VALID,0.5,4.0,6.344130194343657,TIME,299099
1788228720000,VALID,0.5,4.0,-1.0,SL,5246
1788230910000,VALID,0.5,4.0,-1.0,SL,1948
1788258720000,VALID,0.5,4.0,-1.0,SL,5248
1788262410000,VALID,0.5,4.0,-1.0,SL,49205
1788271980000,VALID,0.5,4.0,3.552706127926106,TIME,299702
1788277740000,VALID,0.5,4.0,2.0075282308659115,TIME,299249
1788303150000,VALID,0.5,4.0,-1.0,SL,0
1788321570000,VALID,0.5,4.0,-1.0,SL,295800
1788333960000,VALID,0.5,4.0,-1.0,SL,116550
1788353280000,VALID,0.5,4.0,-1.0,SL,89251
1788356520000,VALID,0.5,4.0,-1.0,SL,6445
1788377820000,VALID,0.5,4.0,-1.0,SL,5546
1788409740000,VALID,0.5,4.0,1.8163134232501599,TIME,299093
1788416880000,VALID,0.5,4.0,1.237842617153018,TIME,299099
1788417360000,VALID,0.5,4.0,-1.0,SL,1493
1788439920000,VALID,0.5,4.0,4.8408368200835,TIME,299849
1788460260000,VALID,0.5,4.0,-1.0,SL,4804
1788461400000,VALID,0.5,4.0,-1.0,SL,99453
1788486750000,VALID,0.5,4.0,-1.0,SL,4199
1788488160000,VALID,0.5,4.0,-1.0,SL,7651
1788491310000,VALID,0.5,4.0,3.30657701197802,TIME,299703
1788518280000,VALID,0.5,4.0,-1.0,SL,74849
1788535440000,VALID,0.5,4.0,-1.0,SL,220344
1788551280000,VALID,0.5,4.0,-1.0,SL,41998
1788767580000,POST_CHECK,0.5,4.0,-1.0,SL,10799
1788796560000,POST_CHECK,0.5,4.0,-1.0,SL,447
1788852930000,POST_CHECK,0.5,4.0,-1.0,SL,68389
1788853320000,POST_CHECK,0.5,4.0,-1.0,SL,156151
1788855180000,POST_CHECK,0.5,4.0,-0.5372873964237025,TIME,299099
1788864030000,POST_CHECK,0.5,4.0,-1.0,SL,452
1788865590000,POST_CHECK,0.5,4.0,-1.0,SL,164253
1788872040000,POST_CHECK,0.5,4.0,4.925925925925904,TIME,299403
1788873690000,POST_CHECK,0.5,4.0,-1.0,SL,7046
1788891840000,POST_CHECK,0.5,4.0,-1.0,SL,14099
1788893880000,POST_CHECK,0.5,4.0,-1.0,SL,175044
1788894780000,POST_CHECK,0.5,4.0,-1.0,SL,15599
1788912420000,POST_CHECK,0.5,4.0,-1.0,SL,80707
1788921270000,POST_CHECK,0.5,4.0,-1.0,SL,1799
1788927510000,POST_CHECK,0.5,4.0,-1.0,SL,8849
1788928650000,POST_CHECK,0.5,4.0,5.278688524592703,TIME,298646
1788936060000,POST_CHECK,0.5,4.0,-1.0,SL,104398
1788946920000,POST_CHECK,0.5,4.0,-1.0,SL,8696
1788947610000,POST_CHECK,0.5,4.0,5.506212857915613,TIME,299547
1788948900000,POST_CHECK,0.5,4.0,-1.0,SL,45151
1788999030000,POST_CHECK,0.5,4.0,-1.0,SL,23398
1789004220000,POST_CHECK,0.5,4.0,-1.0,SL,76646
1789006830000,POST_CHECK,0.5,4.0,-1.0,SL,23402
1789007910000,POST_CHECK,0.5,4.0,2.72275862068963,TIME,299707
1789019610000,POST_CHECK,0.5,4.0,-1.0,SL,7350
1789031820000,POST_CHECK,0.5,4.0,-1.0,SL,32854
1789047570000,POST_CHECK,0.5,4.0,-1.0,SL,61806
1789053690000,POST_CHECK,0.5,4.0,2.0039631658700228,TIME,299395
1789088850000,POST_CHECK,0.5,4.0,-1.0,SL,27602
1789089270000,POST_CHECK,0.5,4.0,-1.0,SL,3751
1789102410000,POST_CHECK,0.5,4.0,-1.0,SL,5998
1789120140000,POST_CHECK,0.5,4.0,-1.0,SL,602
1789142100000,POST_CHECK,0.5,4.0,-1.0,SL,40953
1789347690000,POST_CHECK,0.5,4.0,-1.0,SL,899
1789383480000,POST_CHECK,0.5,4.0,-1.0,SL,23993
1789388280000,POST_CHECK,0.5,4.0,6.833505687692358,TIME,299243
1789394400000,POST_CHECK,0.5,4.0,-1.0,SL,9456
1789394850000,POST_CHECK,0.5,4.0,-1.0,SL,9746
1789396470000,POST_CHECK,0.5,4.0,-1.0,SL,17097
1789403580000,POST_CHECK,0.5,4.0,-1.0,SL,10202
1789411020000,POST_CHECK,0.5,4.0,-1.0,SL,1797
1789428060000,POST_CHECK,0.5,4.0,-1.0,SL,50401
1789445400000,POST_CHECK,0.5,4.0,-1.0,SL,0
1789458150000,POST_CHECK,0.5,4.0,-1.0,SL,3897
1789468860000,POST_CHECK,0.5,4.0,5.065427243474761,TIME,299697
1786060200000,TRAIN,0.75,1.25,1.6666666666666667,TP,97651
1786061580000,TRAIN,0.75,1.25,-1.0,SL,26557
1786072020000,TRAIN,0.75,1.25,-1.0,SL,245853
1786096110000,TRAIN,0.75,1.25,-1.0,SL,17099
1786105620000,TRAIN,0.75,1.25,1.6666666666666667,TP,96149
1786332630000,TRAIN,0.75,1.25,-1.0,SL,102600
1786340220000,TRAIN,0.75,1.25,-1.0,SL,75303
1786341540000,TRAIN,0.75,1.25,1.6666666666666667,TP,135902
1786352040000,TRAIN,0.75,1.25,1.6666666666666667,TP,138147
1786358100000,TRAIN,0.75,1.25,-1.0,SL,26403
1786381140000,TRAIN,0.75,1.25,-1.0,SL,38250
1786430640000,TRAIN,0.75,1.25,-1.0,SL,19047
1786438140000,TRAIN,0.75,1.25,-1.0,SL,4198
1786438500000,TRAIN,0.75,1.25,-1.0,SL,165751
1786440810000,TRAIN,0.75,1.25,-0.13493236953084825,TIME,299698
1786451070000,TRAIN,0.75,1.25,1.6666666666666667,TP,204299
1786454340000,TRAIN,0.75,1.25,-1.0,SL,77250
1786463010000,TRAIN,0.75,1.25,-1.0,SL,75304
1786471950000,TRAIN,0.75,1.25,-1.0,SL,164247
1786493160000,TRAIN,0.75,1.25,-1.0,SL,100802
1786504530000,TRAIN,0.75,1.25,-1.0,SL,54153
1786526850000,TRAIN,0.75,1.25,-1.0,SL,118345
1786550940000,TRAIN,0.75,1.25,-1.0,SL,117903
1786553460000,TRAIN,0.75,1.25,-1.0,SL,52355
1786553820000,TRAIN,0.75,1.25,1.6666666666666667,TP,127955
1786581240000,TRAIN,0.75,1.25,-1.0,SL,2854
1786587240000,TRAIN,0.75,1.25,-0.3610990808912166,TIME,298197
1786593510000,TRAIN,0.75,1.25,1.6666666666666667,TP,165001
1786624980000,TRAIN,0.75,1.25,-1.0,SL,295353
1786632990000,TRAIN,0.75,1.25,-1.0,SL,251697
1786633320000,TRAIN,0.75,1.25,1.6666666666666667,TP,126302
1786653840000,TRAIN,0.75,1.25,-1.0,SL,66305
1786670520000,TRAIN,0.75,1.25,1.6666666666666667,TP,99298
1786687980000,TRAIN,0.75,1.25,-1.0,SL,62096
1786693650000,TRAIN,0.75,1.25,1.6666666666666667,TP,130801
1786952010000,TRAIN,0.75,1.25,-1.0,SL,27304
1786953810000,TRAIN,0.75,1.25,1.6666666666666667,TP,182852
1786961190000,TRAIN,0.75,1.25,-1.0,SL,76952
1786974090000,TRAIN,0.75,1.25,-1.0,SL,177601
1787014200000,TRAIN,0.75,1.25,-1.0,SL,1948
1787023770000,TRAIN,0.75,1.25,0.5543307086612861,TIME,299548
1787047590000,TRAIN,0.75,1.25,-1.0,SL,98554
1787049660000,TRAIN,0.75,1.25,-1.0,SL,6446
1787066490000,TRAIN,0.75,1.25,-1.0,SL,48898
1787082420000,TRAIN,0.75,1.25,-1.0,SL,53246
1787084850000,TRAIN,0.75,1.25,0.8336350834838552,TIME,299098
1787098590000,TRAIN,0.75,1.25,-1.0,SL,217500
1787104830000,TRAIN,0.75,1.25,1.6666666666666667,TP,140249
1787117580000,TRAIN,0.75,1.25,-1.0,SL,8702
1787140380000,TRAIN,0.75,1.25,1.6666666666666667,TP,78596
1787141130000,TRAIN,0.75,1.25,-1.0,SL,5105
1787143260000,TRAIN,0.75,1.25,-1.0,SL,44250
1787149170000,TRAIN,0.75,1.25,1.4045648357160279,TIME,299694
1787170380000,TRAIN,0.75,1.25,-1.0,SL,29396
1787184990000,VALID,0.75,1.25,-1.0,SL,35401
1787199990000,VALID,0.75,1.25,1.6666666666666667,TP,119704
1787220390000,VALID,0.75,1.25,1.6666666666666667,TP,173102
1787229570000,VALID,0.75,1.25,-1.0,SL,14245
1787232870000,VALID,0.75,1.25,-1.0,SL,45604
1787234520000,VALID,0.75,1.25,1.6666666666666667,TP,97345
1787246430000,VALID,0.75,1.25,1.6666666666666667,TP,38102
1787267280000,VALID,0.75,1.25,-1.0,SL,13496
1787288910000,VALID,0.75,1.25,-1.0,SL,115054
1787298090000,VALID,0.75,1.25,-0.7669452181982671,TIME,299698
1787312280000,VALID,0.75,1.25,1.6666666666666667,TP,71552
1787325840000,VALID,0.75,1.25,-1.0,SL,41701
1787339850000,VALID,0.75,1.25,1.6666666666666667,TP,259956
1787340270000,VALID,0.75,1.25,-1.0,SL,19952
1787527200000,VALID,0.75,1.25,-1.0,SL,11402
1787534100000,VALID,0.75,1.25,-1.0,SL,82051
1787579790000,VALID,0.75,1.25,0.42325861032386763,TIME,299862
1787583030000,VALID,0.75,1.25,-1.0,SL,44994
1787609970000,VALID,0.75,1.25,-1.0,SL,33302
1787630220000,VALID,0.75,1.25,1.6666666666666667,TP,62855
1787647740000,VALID,0.75,1.25,-1.0,SL,79191
1787660070000,VALID,0.75,1.25,-1.0,SL,213905
1787661450000,VALID,0.75,1.25,-1.0,SL,123605
1787664090000,VALID,0.75,1.25,-1.0,SL,32551
1787666490000,VALID,0.75,1.25,-1.0,SL,80406
1787687220000,VALID,0.75,1.25,1.6666666666666667,TP,136496
1787709300000,VALID,0.75,1.25,1.6666666666666667,TP,136650
1787723070000,VALID,0.75,1.25,-1.0,SL,32702
1787740170000,VALID,0.75,1.25,1.6666666666666667,TP,134699
1787749530000,VALID,0.75,1.25,-1.0,SL,261151
1787753850000,VALID,0.75,1.25,-1.0,SL,16346
1787788590000,VALID,0.75,1.25,-1.0,SL,0
1787790000000,VALID,0.75,1.25,-1.0,SL,8100
1787794950000,VALID,0.75,1.25,-1.0,SL,20246
1787798520000,VALID,0.75,1.25,-1.0,SL,157347
1787811390000,VALID,0.75,1.25,1.6666666666666667,TP,278399
1787823090000,VALID,0.75,1.25,-1.0,SL,16203
1787827440000,VALID,0.75,1.25,-1.0,SL,55497
1787834550000,VALID,0.75,1.25,1.6666666666666667,TP,204000
1787844150000,VALID,0.75,1.25,-1.0,SL,27303
1787854650000,VALID,0.75,1.25,-1.0,SL,77850
1787883540000,VALID,0.75,1.25,-1.0,SL,49949
1787917320000,VALID,0.75,1.25,-1.0,SL,36448
1787924280000,VALID,0.75,1.25,1.6666666666666667,TP,88201
1787925720000,VALID,0.75,1.25,-1.0,SL,25504
1787934900000,VALID,0.75,1.25,1.6666666666666667,TP,237748
1788141930000,VALID,0.75,1.25,-1.0,SL,32552
1788144150000,VALID,0.75,1.25,0.3250616746480958,TIME,299700
1788181080000,VALID,0.75,1.25,-1.0,SL,3451
1788221790000,VALID,0.75,1.25,1.6666666666666667,TP,163352
1788228720000,VALID,0.75,1.25,-1.0,SL,40197
1788230910000,VALID,0.75,1.25,-1.0,SL,3447
1788258720000,VALID,0.75,1.25,-1.0,SL,9149
1788262410000,VALID,0.75,1.25,-1.0,SL,116099
1788271980000,VALID,0.75,1.25,1.6666666666666667,TP,102303
1788277740000,VALID,0.75,1.25,1.6666666666666667,TP,136200
1788303150000,VALID,0.75,1.25,0.3097589885421381,TIME,295504
1788321570000,VALID,0.75,1.25,-0.5976856532978203,TIME,297897
1788333960000,VALID,0.75,1.25,-1.0,SL,264899
1788353280000,VALID,0.75,1.25,-1.0,SL,116546
1788356520000,VALID,0.75,1.25,-1.0,SL,7349
1788377820000,VALID,0.75,1.25,1.6666666666666667,TP,169649
1788409740000,VALID,0.75,1.25,1.6666666666666667,TP,139197
1788416880000,VALID,0.75,1.25,0.8252284114353453,TIME,299099
1788417360000,VALID,0.75,1.25,-1.0,SL,224247
1788439920000,VALID,0.75,1.25,1.6666666666666667,TP,123149
1788460260000,VALID,0.75,1.25,-1.0,SL,13653
1788461400000,VALID,0.75,1.25,1.6666666666666667,TP,230551
1788486750000,VALID,0.75,1.25,-1.0,SL,31351
1788488160000,VALID,0.75,1.25,-1.0,SL,103353
1788491310000,VALID,0.75,1.25,1.6666666666666667,TP,82495
1788518280000,VALID,0.75,1.25,-1.0,SL,83849
1788535440000,VALID,0.75,1.25,1.6666666666666667,TP,93302
1788551280000,VALID,0.75,1.25,-1.0,SL,62408
1788767580000,POST_CHECK,0.75,1.25,1.6666666666666667,TP,87745
1788796560000,POST_CHECK,0.75,1.25,-1.0,SL,7793
1788852930000,POST_CHECK,0.75,1.25,-1.0,SL,126150
1788853320000,POST_CHECK,0.75,1.25,-1.0,SL,163345
1788855180000,POST_CHECK,0.75,1.25,-0.35819159761580166,TIME,299099
1788864030000,POST_CHECK,0.75,1.25,-1.0,SL,23254
1788865590000,POST_CHECK,0.75,1.25,-1.0,SL,164253
1788872040000,POST_CHECK,0.75,1.25,1.6666666666666667,TP,95544
1788873690000,POST_CHECK,0.75,1.25,-1.0,SL,8401
1788891840000,POST_CHECK,0.75,1.25,-1.0,SL,19649
1788893880000,POST_CHECK,0.75,1.25,0.1461526552098252,TIME,299698
1788894780000,POST_CHECK,0.75,1.25,-1.0,SL,60749
1788912420000,POST_CHECK,0.75,1.25,1.6666666666666667,TP,108901
1788921270000,POST_CHECK,0.75,1.25,-1.0,SL,43800
1788927510000,POST_CHECK,0.75,1.25,-1.0,SL,9897
1788928650000,POST_CHECK,0.75,1.25,1.6666666666666667,TP,125395
1788936060000,POST_CHECK,0.75,1.25,-1.0,SL,104398
1788946920000,POST_CHECK,0.75,1.25,-1.0,SL,11247
1788947610000,POST_CHECK,0.75,1.25,1.6666666666666667,TP,71096
1788948900000,POST_CHECK,0.75,1.25,-1.0,SL,60295
1788999030000,POST_CHECK,0.75,1.25,-1.0,SL,45300
1789004220000,POST_CHECK,0.75,1.25,0.24590818363301517,TIME,299696
1789006830000,POST_CHECK,0.75,1.25,-1.0,SL,124353
1789007910000,POST_CHECK,0.75,1.25,1.6666666666666667,TP,37504
1789019610000,POST_CHECK,0.75,1.25,-0.6581196581199371,TIME,299846
1789031820000,POST_CHECK,0.75,1.25,-1.0,SL,40047
1789047570000,POST_CHECK,0.75,1.25,-1.0,SL,76653
1789053690000,POST_CHECK,0.75,1.25,1.6666666666666667,TP,103049
1789088850000,POST_CHECK,0.75,1.25,-1.0,SL,28799
1789089270000,POST_CHECK,0.75,1.25,-1.0,SL,11248
1789102410000,POST_CHECK,0.75,1.25,-1.0,SL,5998
1789120140000,POST_CHECK,0.75,1.25,-1.0,SL,61048
1789142100000,POST_CHECK,0.75,1.25,-1.0,SL,75448
1789347690000,POST_CHECK,0.75,1.25,-1.0,SL,15295
1789383480000,POST_CHECK,0.75,1.25,-1.0,SL,36595
1789388280000,POST_CHECK,0.75,1.25,1.6666666666666667,TP,55799
1789394400000,POST_CHECK,0.75,1.25,-1.0,SL,10503
1789394850000,POST_CHECK,0.75,1.25,-1.0,SL,46951
1789396470000,POST_CHECK,0.75,1.25,-1.0,SL,103802
1789403580000,POST_CHECK,0.75,1.25,-1.0,SL,52204
1789411020000,POST_CHECK,0.75,1.25,-1.0,SL,30751
1789428060000,POST_CHECK,0.75,1.25,-1.0,SL,50401
1789445400000,POST_CHECK,0.75,1.25,-1.0,SL,67955
1789458150000,POST_CHECK,0.75,1.25,1.6666666666666667,TP,77248
1789468860000,POST_CHECK,0.75,1.25,1.6666666666666667,TP,69447
1786060200000,TRAIN,0.75,1.5,2.0,TP,105299
1786061580000,TRAIN,0.75,1.5,-1.0,SL,26557
1786072020000,TRAIN,0.75,1.5,-1.0,SL,245853
1786096110000,TRAIN,0.75,1.5,-1.0,SL,17099
1786105620000,TRAIN,0.75,1.5,2.0,TP,97352
1786332630000,TRAIN,0.75,1.5,-1.0,SL,102600
1786340220000,TRAIN,0.75,1.5,-1.0,SL,75303
1786341540000,TRAIN,0.75,1.5,2.0,TP,242551
1786352040000,TRAIN,0.75,1.5,2.0,TP,141145
1786358100000,TRAIN,0.75,1.5,-1.0,SL,26403
1786381140000,TRAIN,0.75,1.5,-1.0,SL,38250
1786430640000,TRAIN,0.75,1.5,-1.0,SL,19047
1786438140000,TRAIN,0.75,1.5,-1.0,SL,4198
1786438500000,TRAIN,0.75,1.5,-1.0,SL,165751
1786440810000,TRAIN,0.75,1.5,-0.13493236953084825,TIME,299698
1786451070000,TRAIN,0.75,1.5,1.1944216570962392,TIME,299701
1786454340000,TRAIN,0.75,1.5,-1.0,SL,77250
1786463010000,TRAIN,0.75,1.5,-1.0,SL,75304
1786471950000,TRAIN,0.75,1.5,-1.0,SL,164247
1786493160000,TRAIN,0.75,1.5,-1.0,SL,100802
1786504530000,TRAIN,0.75,1.5,-1.0,SL,54153
1786526850000,TRAIN,0.75,1.5,-1.0,SL,118345
1786550940000,TRAIN,0.75,1.5,-1.0,SL,117903
1786553460000,TRAIN,0.75,1.5,-1.0,SL,52355
1786553820000,TRAIN,0.75,1.5,2.0,TP,248399
1786581240000,TRAIN,0.75,1.5,-1.0,SL,2854
1786587240000,TRAIN,0.75,1.5,-0.3610990808912166,TIME,298197
1786593510000,TRAIN,0.75,1.5,2.0,TP,165001
1786624980000,TRAIN,0.75,1.5,-1.0,SL,295353
1786632990000,TRAIN,0.75,1.5,-1.0,SL,251697
1786633320000,TRAIN,0.75,1.5,2.0,TP,154047
1786653840000,TRAIN,0.75,1.5,-1.0,SL,66305
1786670520000,TRAIN,0.75,1.5,2.0,TP,100798
1786687980000,TRAIN,0.75,1.5,-1.0,SL,62096
1786693650000,TRAIN,0.75,1.5,2.0,TP,138451
1786952010000,TRAIN,0.75,1.5,-1.0,SL,27304
1786953810000,TRAIN,0.75,1.5,2.0,TP,185097
1786961190000,TRAIN,0.75,1.5,-1.0,SL,76952
1786974090000,TRAIN,0.75,1.5,-1.0,SL,177601
1787014200000,TRAIN,0.75,1.5,-1.0,SL,1948
1787023770000,TRAIN,0.75,1.5,0.5543307086612861,TIME,299548
1787047590000,TRAIN,0.75,1.5,-1.0,SL,98554
1787049660000,TRAIN,0.75,1.5,-1.0,SL,6446
1787066490000,TRAIN,0.75,1.5,-1.0,SL,48898
1787082420000,TRAIN,0.75,1.5,-1.0,SL,53246
1787084850000,TRAIN,0.75,1.5,0.8336350834838552,TIME,299098
1787098590000,TRAIN,0.75,1.5,-1.0,SL,217500
1787104830000,TRAIN,0.75,1.5,2.0,TP,144595
1787117580000,TRAIN,0.75,1.5,-1.0,SL,8702
1787140380000,TRAIN,0.75,1.5,1.2926553672312162,TIME,299695
1787141130000,TRAIN,0.75,1.5,-1.0,SL,5105
1787143260000,TRAIN,0.75,1.5,-1.0,SL,44250
1787149170000,TRAIN,0.75,1.5,1.4045648357160279,TIME,299694
1787170380000,TRAIN,0.75,1.5,-1.0,SL,29396
1787184990000,VALID,0.75,1.5,-1.0,SL,35401
1787199990000,VALID,0.75,1.5,2.0,TP,119704
1787220390000,VALID,0.75,1.5,2.0,TP,185551
1787229570000,VALID,0.75,1.5,-1.0,SL,14245
1787232870000,VALID,0.75,1.5,-1.0,SL,45604
1787234520000,VALID,0.75,1.5,2.0,TP,146097
1787246430000,VALID,0.75,1.5,2.0,TP,38696
1787267280000,VALID,0.75,1.5,-1.0,SL,13496
1787288910000,VALID,0.75,1.5,-1.0,SL,115054
1787298090000,VALID,0.75,1.5,-0.7669452181982671,TIME,299698
1787312280000,VALID,0.75,1.5,2.0,TP,92099
1787325840000,VALID,0.75,1.5,-1.0,SL,41701
1787339850000,VALID,0.75,1.5,1.319774011299375,TIME,298948
1787340270000,VALID,0.75,1.5,-1.0,SL,19952
1787527200000,VALID,0.75,1.5,-1.0,SL,11402
1787534100000,VALID,0.75,1.5,-1.0,SL,82051
1787579790000,VALID,0.75,1.5,0.42325861032386763,TIME,299862
1787583030000,VALID,0.75,1.5,-1.0,SL,44994
1787609970000,VALID,0.75,1.5,-1.0,SL,33302
1787630220000,VALID,0.75,1.5,2.0,TP,98256
1787647740000,VALID,0.75,1.5,-1.0,SL,79191
1787660070000,VALID,0.75,1.5,-1.0,SL,213905
1787661450000,VALID,0.75,1.5,-1.0,SL,123605
1787664090000,VALID,0.75,1.5,-1.0,SL,32551
1787666490000,VALID,0.75,1.5,-1.0,SL,80406
1787687220000,VALID,0.75,1.5,2.0,TP,136496
1787709300000,VALID,0.75,1.5,2.0,TP,137546
1787723070000,VALID,0.75,1.5,-1.0,SL,32702
1787740170000,VALID,0.75,1.5,2.0,TP,138898
1787749530000,VALID,0.75,1.5,-1.0,SL,261151
1787753850000,VALID,0.75,1.5,-1.0,SL,16346
1787788590000,VALID,0.75,1.5,-1.0,SL,0
1787790000000,VALID,0.75,1.5,-1.0,SL,8100
1787794950000,VALID,0.75,1.5,-1.0,SL,20246
1787798520000,VALID,0.75,1.5,-1.0,SL,157347
1787811390000,VALID,0.75,1.5,2.0,TP,280949
1787823090000,VALID,0.75,1.5,-1.0,SL,16203
1787827440000,VALID,0.75,1.5,-1.0,SL,55497
1787834550000,VALID,0.75,1.5,2.0,TP,257549
1787844150000,VALID,0.75,1.5,-1.0,SL,27303
1787854650000,VALID,0.75,1.5,-1.0,SL,77850
1787883540000,VALID,0.75,1.5,-1.0,SL,49949
1787917320000,VALID,0.75,1.5,-1.0,SL,36448
1787924280000,VALID,0.75,1.5,2.0,TP,290251
1787925720000,VALID,0.75,1.5,-1.0,SL,25504
1787934900000,VALID,0.75,1.5,2.0,TP,238944
1788141930000,VALID,0.75,1.5,-1.0,SL,32552
1788144150000,VALID,0.75,1.5,0.3250616746480958,TIME,299700
1788181080000,VALID,0.75,1.5,-1.0,SL,3451
1788221790000,VALID,0.75,1.5,2.0,TP,186150
1788228720000,VALID,0.75,1.5,-1.0,SL,40197
1788230910000,VALID,0.75,1.5,-1.0,SL,3447
1788258720000,VALID,0.75,1.5,-1.0,SL,9149
1788262410000,VALID,0.75,1.5,-1.0,SL,116099
1788271980000,VALID,0.75,1.5,2.0,TP,122550
1788277740000,VALID,0.75,1.5,2.0,TP,143700
1788303150000,VALID,0.75,1.5,0.3097589885421381,TIME,295504
1788321570000,VALID,0.75,1.5,-0.5976856532978203,TIME,297897
1788333960000,VALID,0.75,1.5,-1.0,SL,264899
1788353280000,VALID,0.75,1.5,-1.0,SL,116546
1788356520000,VALID,0.75,1.5,-1.0,SL,7349
1788377820000,VALID,0.75,1.5,2.0,TP,206251
1788409740000,VALID,0.75,1.5,1.2108756155001066,TIME,299093
1788416880000,VALID,0.75,1.5,0.8252284114353453,TIME,299099
1788417360000,VALID,0.75,1.5,-1.0,SL,224247
1788439920000,VALID,0.75,1.5,2.0,TP,128097
1788460260000,VALID,0.75,1.5,-1.0,SL,13653
1788461400000,VALID,0.75,1.5,2.0,TP,236853
1788486750000,VALID,0.75,1.5,-1.0,SL,31351
1788488160000,VALID,0.75,1.5,-1.0,SL,103353
1788491310000,VALID,0.75,1.5,2.0,TP,122844
1788518280000,VALID,0.75,1.5,-1.0,SL,83849
1788535440000,VALID,0.75,1.5,-0.4158737526108114,TIME,299700
1788551280000,VALID,0.75,1.5,-1.0,SL,62408
1788767580000,POST_CHECK,0.75,1.5,-1.0,SL,167699
1788796560000,POST_CHECK,0.75,1.5,-1.0,SL,7793
1788852930000,POST_CHECK,0.75,1.5,-1.0,SL,126150
1788853320000,POST_CHECK,0.75,1.5,-1.0,SL,163345
1788855180000,POST_CHECK,0.75,1.5,-0.35819159761580166,TIME,299099
1788864030000,POST_CHECK,0.75,1.5,-1.0,SL,23254
1788865590000,POST_CHECK,0.75,1.5,-1.0,SL,164253
1788872040000,POST_CHECK,0.75,1.5,2.0,TP,119999
1788873690000,POST_CHECK,0.75,1.5,-1.0,SL,8401
1788891840000,POST_CHECK,0.75,1.5,-1.0,SL,19649
1788893880000,POST_CHECK,0.75,1.5,0.1461526552098252,TIME,299698
1788894780000,POST_CHECK,0.75,1.5,-1.0,SL,60749
1788912420000,POST_CHECK,0.75,1.5,2.0,TP,112951
1788921270000,POST_CHECK,0.75,1.5,-1.0,SL,43800
1788927510000,POST_CHECK,0.75,1.5,-1.0,SL,9897
1788928650000,POST_CHECK,0.75,1.5,2.0,TP,131698
1788936060000,POST_CHECK,0.75,1.5,-1.0,SL,104398
1788946920000,POST_CHECK,0.75,1.5,-1.0,SL,11247
1788947610000,POST_CHECK,0.75,1.5,2.0,TP,78751
1788948900000,POST_CHECK,0.75,1.5,-1.0,SL,60295
1788999030000,POST_CHECK,0.75,1.5,-1.0,SL,45300
1789004220000,POST_CHECK,0.75,1.5,0.24590818363301517,TIME,299696
1789006830000,POST_CHECK,0.75,1.5,-1.0,SL,124353
1789007910000,POST_CHECK,0.75,1.5,2.0,TP,49049
1789019610000,POST_CHECK,0.75,1.5,-0.6581196581199371,TIME,299846
1789031820000,POST_CHECK,0.75,1.5,-1.0,SL,40047
1789047570000,POST_CHECK,0.75,1.5,-1.0,SL,76653
1789053690000,POST_CHECK,0.75,1.5,1.3359754439133484,TIME,299395
1789088850000,POST_CHECK,0.75,1.5,-1.0,SL,28799
1789089270000,POST_CHECK,0.75,1.5,-1.0,SL,11248
1789102410000,POST_CHECK,0.75,1.5,-1.0,SL,5998
1789120140000,POST_CHECK,0.75,1.5,-1.0,SL,61048
1789142100000,POST_CHECK,0.75,1.5,-1.0,SL,75448
1789347690000,POST_CHECK,0.75,1.5,-1.0,SL,15295
1789383480000,POST_CHECK,0.75,1.5,-1.0,SL,36595
1789388280000,POST_CHECK,0.75,1.5,2.0,TP,63445
1789394400000,POST_CHECK,0.75,1.5,-1.0,SL,10503
1789394850000,POST_CHECK,0.75,1.5,-1.0,SL,46951
1789396470000,POST_CHECK,0.75,1.5,-1.0,SL,103802
1789403580000,POST_CHECK,0.75,1.5,-1.0,SL,52204
1789411020000,POST_CHECK,0.75,1.5,-1.0,SL,30751
1789428060000,POST_CHECK,0.75,1.5,-1.0,SL,50401
1789445400000,POST_CHECK,0.75,1.5,-1.0,SL,67955
1789458150000,POST_CHECK,0.75,1.5,2.0,TP,151644
1789468860000,POST_CHECK,0.75,1.5,2.0,TP,71853
1786060200000,TRAIN,0.75,1.75,2.3333333333333335,TP,114451
1786061580000,TRAIN,0.75,1.75,-1.0,SL,26557
1786072020000,TRAIN,0.75,1.75,-1.0,SL,245853
1786096110000,TRAIN,0.75,1.75,-1.0,SL,17099
1786105620000,TRAIN,0.75,1.75,-1.0,SL,166353
1786332630000,TRAIN,0.75,1.75,-1.0,SL,102600
1786340220000,TRAIN,0.75,1.75,-1.0,SL,75303
1786341540000,TRAIN,0.75,1.75,0.8916072035333972,TIME,299704
1786352040000,TRAIN,0.75,1.75,-1.0,SL,261898
1786358100000,TRAIN,0.75,1.75,-1.0,SL,26403
1786381140000,TRAIN,0.75,1.75,-1.0,SL,38250
1786430640000,TRAIN,0.75,1.75,-1.0,SL,19047
1786438140000,TRAIN,0.75,1.75,-1.0,SL,4198
1786438500000,TRAIN,0.75,1.75,-1.0,SL,165751
1786440810000,TRAIN,0.75,1.75,-0.13493236953084825,TIME,299698
1786451070000,TRAIN,0.75,1.75,1.1944216570962392,TIME,299701
1786454340000,TRAIN,0.75,1.75,-1.0,SL,77250
1786463010000,TRAIN,0.75,1.75,-1.0,SL,75304
1786471950000,TRAIN,0.75,1.75,-1.0,SL,164247
1786493160000,TRAIN,0.75,1.75,-1.0,SL,100802
1786504530000,TRAIN,0.75,1.75,-1.0,SL,54153
1786526850000,TRAIN,0.75,1.75,-1.0,SL,118345
1786550940000,TRAIN,0.75,1.75,-1.0,SL,117903
1786553460000,TRAIN,0.75,1.75,-1.0,SL,52355
1786553820000,TRAIN,0.75,1.75,2.3333333333333335,TP,253203
1786581240000,TRAIN,0.75,1.75,-1.0,SL,2854
1786587240000,TRAIN,0.75,1.75,-0.3610990808912166,TIME,298197
1786593510000,TRAIN,0.75,1.75,2.3333333333333335,TP,165147
1786624980000,TRAIN,0.75,1.75,-1.0,SL,295353
1786632990000,TRAIN,0.75,1.75,-1.0,SL,251697
1786633320000,TRAIN,0.75,1.75,2.3333333333333335,TP,154047
1786653840000,TRAIN,0.75,1.75,-1.0,SL,66305
1786670520000,TRAIN,0.75,1.75,2.3333333333333335,TP,140098
1786687980000,TRAIN,0.75,1.75,-1.0,SL,62096
1786693650000,TRAIN,0.75,1.75,2.3333333333333335,TP,165305
1786952010000,TRAIN,0.75,1.75,-1.0,SL,27304
1786953810000,TRAIN,0.75,1.75,1.3827160493823207,TIME,299251
1786961190000,TRAIN,0.75,1.75,-1.0,SL,76952
1786974090000,TRAIN,0.75,1.75,-1.0,SL,177601
1787014200000,TRAIN,0.75,1.75,-1.0,SL,1948
1787023770000,TRAIN,0.75,1.75,0.5543307086612861,TIME,299548
1787047590000,TRAIN,0.75,1.75,-1.0,SL,98554
1787049660000,TRAIN,0.75,1.75,-1.0,SL,6446
1787066490000,TRAIN,0.75,1.75,-1.0,SL,48898
1787082420000,TRAIN,0.75,1.75,-1.0,SL,53246
1787084850000,TRAIN,0.75,1.75,0.8336350834838552,TIME,299098
1787098590000,TRAIN,0.75,1.75,-1.0,SL,217500
1787104830000,TRAIN,0.75,1.75,2.3333333333333335,TP,155249
1787117580000,TRAIN,0.75,1.75,-1.0,SL,8702
1787140380000,TRAIN,0.75,1.75,1.2926553672312162,TIME,299695
1787141130000,TRAIN,0.75,1.75,-1.0,SL,5105
1787143260000,TRAIN,0.75,1.75,-1.0,SL,44250
1787149170000,TRAIN,0.75,1.75,1.4045648357160279,TIME,299694
1787170380000,TRAIN,0.75,1.75,-1.0,SL,29396
1787184990000,VALID,0.75,1.75,-1.0,SL,35401
1787199990000,VALID,0.75,1.75,2.3333333333333335,TP,167701
1787220390000,VALID,0.75,1.75,1.5639849937474601,TIME,298952
1787229570000,VALID,0.75,1.75,-1.0,SL,14245
1787232870000,VALID,0.75,1.75,-1.0,SL,45604
1787234520000,VALID,0.75,1.75,2.3333333333333335,TP,165451
1787246430000,VALID,0.75,1.75,2.3333333333333335,TP,112200
1787267280000,VALID,0.75,1.75,-1.0,SL,13496
1787288910000,VALID,0.75,1.75,-1.0,SL,115054
1787298090000,VALID,0.75,1.75,-0.7669452181982671,TIME,299698
1787312280000,VALID,0.75,1.75,2.3333333333333335,TP,100498
1787325840000,VALID,0.75,1.75,-1.0,SL,41701
1787339850000,VALID,0.75,1.75,1.319774011299375,TIME,298948
1787340270000,VALID,0.75,1.75,-1.0,SL,19952
1787527200000,VALID,0.75,1.75,-1.0,SL,11402
1787534100000,VALID,0.75,1.75,-1.0,SL,82051
1787579790000,VALID,0.75,1.75,0.42325861032386763,TIME,299862
1787583030000,VALID,0.75,1.75,-1.0,SL,44994
1787609970000,VALID,0.75,1.75,-1.0,SL,33302
1787630220000,VALID,0.75,1.75,2.3333333333333335,TP,204006
1787647740000,VALID,0.75,1.75,-1.0,SL,79191
1787660070000,VALID,0.75,1.75,-1.0,SL,213905
1787661450000,VALID,0.75,1.75,-1.0,SL,123605
1787664090000,VALID,0.75,1.75,-1.0,SL,32551
1787666490000,VALID,0.75,1.75,-1.0,SL,80406
1787687220000,VALID,0.75,1.75,2.3333333333333335,TP,171150
1787709300000,VALID,0.75,1.75,2.3333333333333335,TP,156896
1787723070000,VALID,0.75,1.75,-1.0,SL,32702
1787740170000,VALID,0.75,1.75,2.3333333333333335,TP,158100
1787749530000,VALID,0.75,1.75,-1.0,SL,261151
1787753850000,VALID,0.75,1.75,-1.0,SL,16346
1787788590000,VALID,0.75,1.75,-1.0,SL,0
1787790000000,VALID,0.75,1.75,-1.0,SL,8100
1787794950000,VALID,0.75,1.75,-1.0,SL,20246
1787798520000,VALID,0.75,1.75,-1.0,SL,157347
1787811390000,VALID,0.75,1.75,2.3333333333333335,TP,285146
1787823090000,VALID,0.75,1.75,-1.0,SL,16203
1787827440000,VALID,0.75,1.75,-1.0,SL,55497
1787834550000,VALID,0.75,1.75,1.4844061355948404,TIME,299699
1787844150000,VALID,0.75,1.75,-1.0,SL,27303
1787854650000,VALID,0.75,1.75,-1.0,SL,77850
1787883540000,VALID,0.75,1.75,-1.0,SL,49949
1787917320000,VALID,0.75,1.75,-1.0,SL,36448
1787924280000,VALID,0.75,1.75,2.3333333333333335,TP,295650
1787925720000,VALID,0.75,1.75,-1.0,SL,25504
1787934900000,VALID,0.75,1.75,1.9737596546257374,TIME,299849
1788141930000,VALID,0.75,1.75,-1.0,SL,32552
1788144150000,VALID,0.75,1.75,0.3250616746480958,TIME,299700
1788181080000,VALID,0.75,1.75,-1.0,SL,3451
1788221790000,VALID,0.75,1.75,2.3333333333333335,TP,200106
1788228720000,VALID,0.75,1.75,-1.0,SL,40197
1788230910000,VALID,0.75,1.75,-1.0,SL,3447
1788258720000,VALID,0.75,1.75,-1.0,SL,9149
1788262410000,VALID,0.75,1.75,-1.0,SL,116099
1788271980000,VALID,0.75,1.75,2.3333333333333335,TP,228900
1788277740000,VALID,0.75,1.75,1.3383521539106076,TIME,299249
1788303150000,VALID,0.75,1.75,0.3097589885421381,TIME,295504
1788321570000,VALID,0.75,1.75,-0.5976856532978203,TIME,297897
1788333960000,VALID,0.75,1.75,-1.0,SL,264899
1788353280000,VALID,0.75,1.75,-1.0,SL,116546
1788356520000,VALID,0.75,1.75,-1.0,SL,7349
1788377820000,VALID,0.75,1.75,2.3333333333333335,TP,207599
1788409740000,VALID,0.75,1.75,1.2108756155001066,TIME,299093
1788416880000,VALID,0.75,1.75,0.8252284114353453,TIME,299099
1788417360000,VALID,0.75,1.75,-1.0,SL,224247
1788439920000,VALID,0.75,1.75,2.3333333333333335,TP,129751
1788460260000,VALID,0.75,1.75,-1.0,SL,13653
1788461400000,VALID,0.75,1.75,2.3333333333333335,TP,244205
1788486750000,VALID,0.75,1.75,-1.0,SL,31351
1788488160000,VALID,0.75,1.75,-1.0,SL,103353
1788491310000,VALID,0.75,1.75,2.3333333333333335,TP,275997
1788518280000,VALID,0.75,1.75,-1.0,SL,83849
1788535440000,VALID,0.75,1.75,-0.4158737526108114,TIME,299700
1788551280000,VALID,0.75,1.75,-1.0,SL,62408
1788767580000,POST_CHECK,0.75,1.75,-1.0,SL,167699
1788796560000,POST_CHECK,0.75,1.75,-1.0,SL,7793
1788852930000,POST_CHECK,0.75,1.75,-1.0,SL,126150
1788853320000,POST_CHECK,0.75,1.75,-1.0,SL,163345
1788855180000,POST_CHECK,0.75,1.75,-0.35819159761580166,TIME,299099
1788864030000,POST_CHECK,0.75,1.75,-1.0,SL,23254
1788865590000,POST_CHECK,0.75,1.75,-1.0,SL,164253
1788872040000,POST_CHECK,0.75,1.75,2.3333333333333335,TP,128545
1788873690000,POST_CHECK,0.75,1.75,-1.0,SL,8401
1788891840000,POST_CHECK,0.75,1.75,-1.0,SL,19649
1788893880000,POST_CHECK,0.75,1.75,0.1461526552098252,TIME,299698
1788894780000,POST_CHECK,0.75,1.75,-1.0,SL,60749
1788912420000,POST_CHECK,0.75,1.75,2.3333333333333335,TP,206707
1788921270000,POST_CHECK,0.75,1.75,-1.0,SL,43800
1788927510000,POST_CHECK,0.75,1.75,-1.0,SL,9897
1788928650000,POST_CHECK,0.75,1.75,2.3333333333333335,TP,172952
1788936060000,POST_CHECK,0.75,1.75,-1.0,SL,104398
1788946920000,POST_CHECK,0.75,1.75,-1.0,SL,11247
1788947610000,POST_CHECK,0.75,1.75,2.3333333333333335,TP,93001
1788948900000,POST_CHECK,0.75,1.75,-1.0,SL,60295
1788999030000,POST_CHECK,0.75,1.75,-1.0,SL,45300
1789004220000,POST_CHECK,0.75,1.75,0.24590818363301517,TIME,299696
1789006830000,POST_CHECK,0.75,1.75,-1.0,SL,124353
1789007910000,POST_CHECK,0.75,1.75,2.3333333333333335,TP,53252
1789019610000,POST_CHECK,0.75,1.75,-0.6581196581199371,TIME,299846
1789031820000,POST_CHECK,0.75,1.75,-1.0,SL,40047
1789047570000,POST_CHECK,0.75,1.75,-1.0,SL,76653
1789053690000,POST_CHECK,0.75,1.75,1.3359754439133484,TIME,299395
1789088850000,POST_CHECK,0.75,1.75,-1.0,SL,28799
1789089270000,POST_CHECK,0.75,1.75,-1.0,SL,11248
1789102410000,POST_CHECK,0.75,1.75,-1.0,SL,5998
1789120140000,POST_CHECK,0.75,1.75,-1.0,SL,61048
1789142100000,POST_CHECK,0.75,1.75,-1.0,SL,75448
1789347690000,POST_CHECK,0.75,1.75,-1.0,SL,15295
1789383480000,POST_CHECK,0.75,1.75,-1.0,SL,36595
1789388280000,POST_CHECK,0.75,1.75,2.3333333333333335,TP,109204
1789394400000,POST_CHECK,0.75,1.75,-1.0,SL,10503
1789394850000,POST_CHECK,0.75,1.75,-1.0,SL,46951
1789396470000,POST_CHECK,0.75,1.75,-1.0,SL,103802
1789403580000,POST_CHECK,0.75,1.75,-1.0,SL,52204
1789411020000,POST_CHECK,0.75,1.75,-1.0,SL,30751
1789428060000,POST_CHECK,0.75,1.75,-1.0,SL,50401
1789445400000,POST_CHECK,0.75,1.75,-1.0,SL,67955
1789458150000,POST_CHECK,0.75,1.75,2.3333333333333335,TP,151644
1789468860000,POST_CHECK,0.75,1.75,2.3333333333333335,TP,72598
1786060200000,TRAIN,0.75,2.0,2.6666666666666665,TP,139354
1786061580000,TRAIN,0.75,2.0,-1.0,SL,26557
1786072020000,TRAIN,0.75,2.0,-1.0,SL,245853
1786096110000,TRAIN,0.75,2.0,-1.0,SL,17099
1786105620000,TRAIN,0.75,2.0,-1.0,SL,166353
1786332630000,TRAIN,0.75,2.0,-1.0,SL,102600
1786340220000,TRAIN,0.75,2.0,-1.0,SL,75303
1786341540000,TRAIN,0.75,2.0,0.8916072035333972,TIME,299704
1786352040000,TRAIN,0.75,2.0,-1.0,SL,261898
1786358100000,TRAIN,0.75,2.0,-1.0,SL,26403
1786381140000,TRAIN,0.75,2.0,-1.0,SL,38250
1786430640000,TRAIN,0.75,2.0,-1.0,SL,19047
1786438140000,TRAIN,0.75,2.0,-1.0,SL,4198
1786438500000,TRAIN,0.75,2.0,-1.0,SL,165751
1786440810000,TRAIN,0.75,2.0,-0.13493236953084825,TIME,299698
1786451070000,TRAIN,0.75,2.0,1.1944216570962392,TIME,299701
1786454340000,TRAIN,0.75,2.0,-1.0,SL,77250
1786463010000,TRAIN,0.75,2.0,-1.0,SL,75304
1786471950000,TRAIN,0.75,2.0,-1.0,SL,164247
1786493160000,TRAIN,0.75,2.0,-1.0,SL,100802
1786504530000,TRAIN,0.75,2.0,-1.0,SL,54153
1786526850000,TRAIN,0.75,2.0,-1.0,SL,118345
1786550940000,TRAIN,0.75,2.0,-1.0,SL,117903
1786553460000,TRAIN,0.75,2.0,-1.0,SL,52355
1786553820000,TRAIN,0.75,2.0,2.6666666666666665,TP,299856
1786581240000,TRAIN,0.75,2.0,-1.0,SL,2854
1786587240000,TRAIN,0.75,2.0,-0.3610990808912166,TIME,298197
1786593510000,TRAIN,0.75,2.0,2.6666666666666665,TP,166352
1786624980000,TRAIN,0.75,2.0,-1.0,SL,295353
1786632990000,TRAIN,0.75,2.0,-1.0,SL,251697
1786633320000,TRAIN,0.75,2.0,2.6666666666666665,TP,159749
1786653840000,TRAIN,0.75,2.0,-1.0,SL,66305
1786670520000,TRAIN,0.75,2.0,2.6666666666666665,TP,146098
1786687980000,TRAIN,0.75,2.0,-1.0,SL,62096
1786693650000,TRAIN,0.75,2.0,2.2403306761145023,TIME,298201
1786952010000,TRAIN,0.75,2.0,-1.0,SL,27304
1786953810000,TRAIN,0.75,2.0,1.3827160493823207,TIME,299251
1786961190000,TRAIN,0.75,2.0,-1.0,SL,76952
1786974090000,TRAIN,0.75,2.0,-1.0,SL,177601
1787014200000,TRAIN,0.75,2.0,-1.0,SL,1948
1787023770000,TRAIN,0.75,2.0,0.5543307086612861,TIME,299548
1787047590000,TRAIN,0.75,2.0,-1.0,SL,98554
1787049660000,TRAIN,0.75,2.0,-1.0,SL,6446
1787066490000,TRAIN,0.75,2.0,-1.0,SL,48898
1787082420000,TRAIN,0.75,2.0,-1.0,SL,53246
1787084850000,TRAIN,0.75,2.0,0.8336350834838552,TIME,299098
1787098590000,TRAIN,0.75,2.0,-1.0,SL,217500
1787104830000,TRAIN,0.75,2.0,2.6666666666666665,TP,159149
1787117580000,TRAIN,0.75,2.0,-1.0,SL,8702
1787140380000,TRAIN,0.75,2.0,1.2926553672312162,TIME,299695
1787141130000,TRAIN,0.75,2.0,-1.0,SL,5105
1787143260000,TRAIN,0.75,2.0,-1.0,SL,44250
1787149170000,TRAIN,0.75,2.0,1.4045648357160279,TIME,299694
1787170380000,TRAIN,0.75,2.0,-1.0,SL,29396
1787184990000,VALID,0.75,2.0,-1.0,SL,35401
1787199990000,VALID,0.75,2.0,2.6666666666666665,TP,168154
1787220390000,VALID,0.75,2.0,1.5639849937474601,TIME,298952
1787229570000,VALID,0.75,2.0,-1.0,SL,14245
1787232870000,VALID,0.75,2.0,-1.0,SL,45604
1787234520000,VALID,0.75,2.0,2.6666666666666665,TP,242400
1787246430000,VALID,0.75,2.0,2.6666666666666665,TP,112200
1787267280000,VALID,0.75,2.0,-1.0,SL,13496
1787288910000,VALID,0.75,2.0,-1.0,SL,115054
1787298090000,VALID,0.75,2.0,-0.7669452181982671,TIME,299698
1787312280000,VALID,0.75,2.0,2.6666666666666665,TP,110851
1787325840000,VALID,0.75,2.0,-1.0,SL,41701
1787339850000,VALID,0.75,2.0,1.319774011299375,TIME,298948
1787340270000,VALID,0.75,2.0,-1.0,SL,19952
1787527200000,VALID,0.75,2.0,-1.0,SL,11402
1787534100000,VALID,0.75,2.0,-1.0,SL,82051
1787579790000,VALID,0.75,2.0,0.42325861032386763,TIME,299862
1787583030000,VALID,0.75,2.0,-1.0,SL,44994
1787609970000,VALID,0.75,2.0,-1.0,SL,33302
1787630220000,VALID,0.75,2.0,2.6666666666666665,TP,218102
1787647740000,VALID,0.75,2.0,-1.0,SL,79191
1787660070000,VALID,0.75,2.0,-1.0,SL,213905
1787661450000,VALID,0.75,2.0,-1.0,SL,123605
1787664090000,VALID,0.75,2.0,-1.0,SL,32551
1787666490000,VALID,0.75,2.0,-1.0,SL,80406
1787687220000,VALID,0.75,2.0,2.6666666666666665,TP,171751
1787709300000,VALID,0.75,2.0,2.6666666666666665,TP,160199
1787723070000,VALID,0.75,2.0,-1.0,SL,32702
1787740170000,VALID,0.75,2.0,2.6666666666666665,TP,178949
1787749530000,VALID,0.75,2.0,-1.0,SL,261151
1787753850000,VALID,0.75,2.0,-1.0,SL,16346
1787788590000,VALID,0.75,2.0,-1.0,SL,0
1787790000000,VALID,0.75,2.0,-1.0,SL,8100
1787794950000,VALID,0.75,2.0,-1.0,SL,20246
1787798520000,VALID,0.75,2.0,-1.0,SL,157347
1787811390000,VALID,0.75,2.0,2.581123968556483,TIME,299544
1787823090000,VALID,0.75,2.0,-1.0,SL,16203
1787827440000,VALID,0.75,2.0,-1.0,SL,55497
1787834550000,VALID,0.75,2.0,1.4844061355948404,TIME,299699
1787844150000,VALID,0.75,2.0,-1.0,SL,27303
1787854650000,VALID,0.75,2.0,-1.0,SL,77850
1787883540000,VALID,0.75,2.0,-1.0,SL,49949
1787917320000,VALID,0.75,2.0,-1.0,SL,36448
1787924280000,VALID,0.75,2.0,2.13905930470324,TIME,299850
1787925720000,VALID,0.75,2.0,-1.0,SL,25504
1787934900000,VALID,0.75,2.0,1.9737596546257374,TIME,299849
1788141930000,VALID,0.75,2.0,-1.0,SL,32552
1788144150000,VALID,0.75,2.0,0.3250616746480958,TIME,299700
1788181080000,VALID,0.75,2.0,-1.0,SL,3451
1788221790000,VALID,0.75,2.0,2.6666666666666665,TP,262201
1788228720000,VALID,0.75,2.0,-1.0,SL,40197
1788230910000,VALID,0.75,2.0,-1.0,SL,3447
1788258720000,VALID,0.75,2.0,-1.0,SL,9149
1788262410000,VALID,0.75,2.0,-1.0,SL,116099
1788271980000,VALID,0.75,2.0,2.368470751950737,TIME,299702
1788277740000,VALID,0.75,2.0,1.3383521539106076,TIME,299249
1788303150000,VALID,0.75,2.0,0.3097589885421381,TIME,295504
1788321570000,VALID,0.75,2.0,-0.5976856532978203,TIME,297897
1788333960000,VALID,0.75,2.0,-1.0,SL,264899
1788353280000,VALID,0.75,2.0,-1.0,SL,116546
1788356520000,VALID,0.75,2.0,-1.0,SL,7349
1788377820000,VALID,0.75,2.0,2.6666666666666665,TP,256801
1788409740000,VALID,0.75,2.0,1.2108756155001066,TIME,299093
1788416880000,VALID,0.75,2.0,0.8252284114353453,TIME,299099
1788417360000,VALID,0.75,2.0,-1.0,SL,224247
1788439920000,VALID,0.75,2.0,2.6666666666666665,TP,130355
1788460260000,VALID,0.75,2.0,-1.0,SL,13653
1788461400000,VALID,0.75,2.0,2.6666666666666665,TP,289054
1788486750000,VALID,0.75,2.0,-1.0,SL,31351
1788488160000,VALID,0.75,2.0,-1.0,SL,103353
1788491310000,VALID,0.75,2.0,2.6666666666666665,TP,277202
1788518280000,VALID,0.75,2.0,-1.0,SL,83849
1788535440000,VALID,0.75,2.0,-0.4158737526108114,TIME,299700
1788551280000,VALID,0.75,2.0,-1.0,SL,62408
1788767580000,POST_CHECK,0.75,2.0,-1.0,SL,167699
1788796560000,POST_CHECK,0.75,2.0,-1.0,SL,7793
1788852930000,POST_CHECK,0.75,2.0,-1.0,SL,126150
1788853320000,POST_CHECK,0.75,2.0,-1.0,SL,163345
1788855180000,POST_CHECK,0.75,2.0,-0.35819159761580166,TIME,299099
1788864030000,POST_CHECK,0.75,2.0,-1.0,SL,23254
1788865590000,POST_CHECK,0.75,2.0,-1.0,SL,164253
1788872040000,POST_CHECK,0.75,2.0,2.6666666666666665,TP,137401
1788873690000,POST_CHECK,0.75,2.0,-1.0,SL,8401
1788891840000,POST_CHECK,0.75,2.0,-1.0,SL,19649
1788893880000,POST_CHECK,0.75,2.0,0.1461526552098252,TIME,299698
1788894780000,POST_CHECK,0.75,2.0,-1.0,SL,60749
1788912420000,POST_CHECK,0.75,2.0,2.6666666666666665,TP,214357
1788921270000,POST_CHECK,0.75,2.0,-1.0,SL,43800
1788927510000,POST_CHECK,0.75,2.0,-1.0,SL,9897
1788928650000,POST_CHECK,0.75,2.0,2.6666666666666665,TP,180450
1788936060000,POST_CHECK,0.75,2.0,-1.0,SL,104398
1788946920000,POST_CHECK,0.75,2.0,-1.0,SL,11247
1788947610000,POST_CHECK,0.75,2.0,2.6666666666666665,TP,101095
1788948900000,POST_CHECK,0.75,2.0,-1.0,SL,60295
1788999030000,POST_CHECK,0.75,2.0,-1.0,SL,45300
1789004220000,POST_CHECK,0.75,2.0,0.24590818363301517,TIME,299696
1789006830000,POST_CHECK,0.75,2.0,-1.0,SL,124353
1789007910000,POST_CHECK,0.75,2.0,2.6666666666666665,TP,131399
1789019610000,POST_CHECK,0.75,2.0,-0.6581196581199371,TIME,299846
1789031820000,POST_CHECK,0.75,2.0,-1.0,SL,40047
1789047570000,POST_CHECK,0.75,2.0,-1.0,SL,76653
1789053690000,POST_CHECK,0.75,2.0,1.3359754439133484,TIME,299395
1789088850000,POST_CHECK,0.75,2.0,-1.0,SL,28799
1789089270000,POST_CHECK,0.75,2.0,-1.0,SL,11248
1789102410000,POST_CHECK,0.75,2.0,-1.0,SL,5998
1789120140000,POST_CHECK,0.75,2.0,-1.0,SL,61048
1789142100000,POST_CHECK,0.75,2.0,-1.0,SL,75448
1789347690000,POST_CHECK,0.75,2.0,-1.0,SL,15295
1789383480000,POST_CHECK,0.75,2.0,-1.0,SL,36595
1789388280000,POST_CHECK,0.75,2.0,2.6666666666666665,TP,118352
1789394400000,POST_CHECK,0.75,2.0,-1.0,SL,10503
1789394850000,POST_CHECK,0.75,2.0,-1.0,SL,46951
1789396470000,POST_CHECK,0.75,2.0,-1.0,SL,103802
1789403580000,POST_CHECK,0.75,2.0,-1.0,SL,52204
1789411020000,POST_CHECK,0.75,2.0,-1.0,SL,30751
1789428060000,POST_CHECK,0.75,2.0,-1.0,SL,50401
1789445400000,POST_CHECK,0.75,2.0,-1.0,SL,67955
1789458150000,POST_CHECK,0.75,2.0,2.6666666666666665,TP,154347
1789468860000,POST_CHECK,0.75,2.0,2.6666666666666665,TP,82950
1786060200000,TRAIN,0.75,2.25,3.0,TP,142655
1786061580000,TRAIN,0.75,2.25,-1.0,SL,26557
1786072020000,TRAIN,0.75,2.25,-1.0,SL,245853
1786096110000,TRAIN,0.75,2.25,-1.0,SL,17099
1786105620000,TRAIN,0.75,2.25,-1.0,SL,166353
1786332630000,TRAIN,0.75,2.25,-1.0,SL,102600
1786340220000,TRAIN,0.75,2.25,-1.0,SL,75303
1786341540000,TRAIN,0.75,2.25,0.8916072035333972,TIME,299704
1786352040000,TRAIN,0.75,2.25,-1.0,SL,261898
1786358100000,TRAIN,0.75,2.25,-1.0,SL,26403
1786381140000,TRAIN,0.75,2.25,-1.0,SL,38250
1786430640000,TRAIN,0.75,2.25,-1.0,SL,19047
1786438140000,TRAIN,0.75,2.25,-1.0,SL,4198
1786438500000,TRAIN,0.75,2.25,-1.0,SL,165751
1786440810000,TRAIN,0.75,2.25,-0.13493236953084825,TIME,299698
1786451070000,TRAIN,0.75,2.25,1.1944216570962392,TIME,299701
1786454340000,TRAIN,0.75,2.25,-1.0,SL,77250
1786463010000,TRAIN,0.75,2.25,-1.0,SL,75304
1786471950000,TRAIN,0.75,2.25,-1.0,SL,164247
1786493160000,TRAIN,0.75,2.25,-1.0,SL,100802
1786504530000,TRAIN,0.75,2.25,-1.0,SL,54153
1786526850000,TRAIN,0.75,2.25,-1.0,SL,118345
1786550940000,TRAIN,0.75,2.25,-1.0,SL,117903
1786553460000,TRAIN,0.75,2.25,-1.0,SL,52355
1786553820000,TRAIN,0.75,2.25,2.7038536512218467,TIME,299856
1786581240000,TRAIN,0.75,2.25,-1.0,SL,2854
1786587240000,TRAIN,0.75,2.25,-0.3610990808912166,TIME,298197
1786593510000,TRAIN,0.75,2.25,3.0,TP,166352
1786624980000,TRAIN,0.75,2.25,-1.0,SL,295353
1786632990000,TRAIN,0.75,2.25,-1.0,SL,251697
1786633320000,TRAIN,0.75,2.25,3.0,TP,171603
1786653840000,TRAIN,0.75,2.25,-1.0,SL,66305
1786670520000,TRAIN,0.75,2.25,3.0,TP,177443
1786687980000,TRAIN,0.75,2.25,-1.0,SL,62096
1786693650000,TRAIN,0.75,2.25,2.2403306761145023,TIME,298201
1786952010000,TRAIN,0.75,2.25,-1.0,SL,27304
1786953810000,TRAIN,0.75,2.25,1.3827160493823207,TIME,299251
1786961190000,TRAIN,0.75,2.25,-1.0,SL,76952
1786974090000,TRAIN,0.75,2.25,-1.0,SL,177601
1787014200000,TRAIN,0.75,2.25,-1.0,SL,1948
1787023770000,TRAIN,0.75,2.25,0.5543307086612861,TIME,299548
1787047590000,TRAIN,0.75,2.25,-1.0,SL,98554
1787049660000,TRAIN,0.75,2.25,-1.0,SL,6446
1787066490000,TRAIN,0.75,2.25,-1.0,SL,48898
1787082420000,TRAIN,0.75,2.25,-1.0,SL,53246
1787084850000,TRAIN,0.75,2.25,0.8336350834838552,TIME,299098
1787098590000,TRAIN,0.75,2.25,-1.0,SL,217500
1787104830000,TRAIN,0.75,2.25,1.0817847769024997,TIME,299698
1787117580000,TRAIN,0.75,2.25,-1.0,SL,8702
1787140380000,TRAIN,0.75,2.25,1.2926553672312162,TIME,299695
1787141130000,TRAIN,0.75,2.25,-1.0,SL,5105
1787143260000,TRAIN,0.75,2.25,-1.0,SL,44250
1787149170000,TRAIN,0.75,2.25,1.4045648357160279,TIME,299694
1787170380000,TRAIN,0.75,2.25,-1.0,SL,29396
1787184990000,VALID,0.75,2.25,-1.0,SL,35401
1787199990000,VALID,0.75,2.25,3.0,TP,168755
1787220390000,VALID,0.75,2.25,1.5639849937474601,TIME,298952
1787229570000,VALID,0.75,2.25,-1.0,SL,14245
1787232870000,VALID,0.75,2.25,-1.0,SL,45604
1787234520000,VALID,0.75,2.25,3.0,TP,242546
1787246430000,VALID,0.75,2.25,3.0,TP,112504
1787267280000,VALID,0.75,2.25,-1.0,SL,13496
1787288910000,VALID,0.75,2.25,-1.0,SL,115054
1787298090000,VALID,0.75,2.25,-0.7669452181982671,TIME,299698
1787312280000,VALID,0.75,2.25,3.0,TP,129299
1787325840000,VALID,0.75,2.25,-1.0,SL,41701
1787339850000,VALID,0.75,2.25,1.319774011299375,TIME,298948
1787340270000,VALID,0.75,2.25,-1.0,SL,19952
1787527200000,VALID,0.75,2.25,-1.0,SL,11402
1787534100000,VALID,0.75,2.25,-1.0,SL,82051
1787579790000,VALID,0.75,2.25,0.42325861032386763,TIME,299862
1787583030000,VALID,0.75,2.25,-1.0,SL,44994
1787609970000,VALID,0.75,2.25,-1.0,SL,33302
1787630220000,VALID,0.75,2.25,3.0,TP,221403
1787647740000,VALID,0.75,2.25,-1.0,SL,79191
1787660070000,VALID,0.75,2.25,-1.0,SL,213905
1787661450000,VALID,0.75,2.25,-1.0,SL,123605
1787664090000,VALID,0.75,2.25,-1.0,SL,32551
1787666490000,VALID,0.75,2.25,-1.0,SL,80406
1787687220000,VALID,0.75,2.25,3.0,TP,174902
1787709300000,VALID,0.75,2.25,3.0,TP,165303
1787723070000,VALID,0.75,2.25,-1.0,SL,32702
1787740170000,VALID,0.75,2.25,3.0,TP,223347
1787749530000,VALID,0.75,2.25,-1.0,SL,261151
1787753850000,VALID,0.75,2.25,-1.0,SL,16346
1787788590000,VALID,0.75,2.25,-1.0,SL,0
1787790000000,VALID,0.75,2.25,-1.0,SL,8100
1787794950000,VALID,0.75,2.25,-1.0,SL,20246
1787798520000,VALID,0.75,2.25,-1.0,SL,157347
1787811390000,VALID,0.75,2.25,2.581123968556483,TIME,299544
1787823090000,VALID,0.75,2.25,-1.0,SL,16203
1787827440000,VALID,0.75,2.25,-1.0,SL,55497
1787834550000,VALID,0.75,2.25,1.4844061355948404,TIME,299699
1787844150000,VALID,0.75,2.25,-1.0,SL,27303
1787854650000,VALID,0.75,2.25,-1.0,SL,77850
1787883540000,VALID,0.75,2.25,-1.0,SL,49949
1787917320000,VALID,0.75,2.25,-1.0,SL,36448
1787924280000,VALID,0.75,2.25,2.13905930470324,TIME,299850
1787925720000,VALID,0.75,2.25,-1.0,SL,25504
1787934900000,VALID,0.75,2.25,1.9737596546257374,TIME,299849
1788141930000,VALID,0.75,2.25,-1.0,SL,32552
1788144150000,VALID,0.75,2.25,0.3250616746480958,TIME,299700
1788181080000,VALID,0.75,2.25,-1.0,SL,3451
1788221790000,VALID,0.75,2.25,3.0,TP,264149
1788228720000,VALID,0.75,2.25,-1.0,SL,40197
1788230910000,VALID,0.75,2.25,-1.0,SL,3447
1788258720000,VALID,0.75,2.25,-1.0,SL,9149
1788262410000,VALID,0.75,2.25,-1.0,SL,116099
1788271980000,VALID,0.75,2.25,2.368470751950737,TIME,299702
1788277740000,VALID,0.75,2.25,1.3383521539106076,TIME,299249
1788303150000,VALID,0.75,2.25,0.3097589885421381,TIME,295504
1788321570000,VALID,0.75,2.25,-0.5976856532978203,TIME,297897
1788333960000,VALID,0.75,2.25,-1.0,SL,264899
1788353280000,VALID,0.75,2.25,-1.0,SL,116546
1788356520000,VALID,0.75,2.25,-1.0,SL,7349
1788377820000,VALID,0.75,2.25,2.827517807230348,TIME,299245
1788409740000,VALID,0.75,2.25,1.2108756155001066,TIME,299093
1788416880000,VALID,0.75,2.25,0.8252284114353453,TIME,299099
1788417360000,VALID,0.75,2.25,-1.0,SL,224247
1788439920000,VALID,0.75,2.25,3.0,TP,209098
1788460260000,VALID,0.75,2.25,-1.0,SL,13653
1788461400000,VALID,0.75,2.25,2.812582606397404,TIME,299704
1788486750000,VALID,0.75,2.25,-1.0,SL,31351
1788488160000,VALID,0.75,2.25,-1.0,SL,103353
1788491310000,VALID,0.75,2.25,2.204384674652013,TIME,299703
1788518280000,VALID,0.75,2.25,-1.0,SL,83849
1788535440000,VALID,0.75,2.25,-0.4158737526108114,TIME,299700
1788551280000,VALID,0.75,2.25,-1.0,SL,62408
1788767580000,POST_CHECK,0.75,2.25,-1.0,SL,167699
1788796560000,POST_CHECK,0.75,2.25,-1.0,SL,7793
1788852930000,POST_CHECK,0.75,2.25,-1.0,SL,126150
1788853320000,POST_CHECK,0.75,2.25,-1.0,SL,163345
1788855180000,POST_CHECK,0.75,2.25,-0.35819159761580166,TIME,299099
1788864030000,POST_CHECK,0.75,2.25,-1.0,SL,23254
1788865590000,POST_CHECK,0.75,2.25,-1.0,SL,164253
1788872040000,POST_CHECK,0.75,2.25,3.0,TP,246451
1788873690000,POST_CHECK,0.75,2.25,-1.0,SL,8401
1788891840000,POST_CHECK,0.75,2.25,-1.0,SL,19649
1788893880000,POST_CHECK,0.75,2.25,0.1461526552098252,TIME,299698
1788894780000,POST_CHECK,0.75,2.25,-1.0,SL,60749
1788912420000,POST_CHECK,0.75,2.25,3.0,TP,214956
1788921270000,POST_CHECK,0.75,2.25,-1.0,SL,43800
1788927510000,POST_CHECK,0.75,2.25,-1.0,SL,9897
1788928650000,POST_CHECK,0.75,2.25,3.0,TP,184196
1788936060000,POST_CHECK,0.75,2.25,-1.0,SL,104398
1788946920000,POST_CHECK,0.75,2.25,-1.0,SL,11247
1788947610000,POST_CHECK,0.75,2.25,3.0,TP,148201
1788948900000,POST_CHECK,0.75,2.25,-1.0,SL,60295
1788999030000,POST_CHECK,0.75,2.25,-1.0,SL,45300
1789004220000,POST_CHECK,0.75,2.25,0.24590818363301517,TIME,299696
1789006830000,POST_CHECK,0.75,2.25,-1.0,SL,124353
1789007910000,POST_CHECK,0.75,2.25,1.8151724137930867,TIME,299707
1789019610000,POST_CHECK,0.75,2.25,-0.6581196581199371,TIME,299846
1789031820000,POST_CHECK,0.75,2.25,-1.0,SL,40047
1789047570000,POST_CHECK,0.75,2.25,-1.0,SL,76653
1789053690000,POST_CHECK,0.75,2.25,1.3359754439133484,TIME,299395
1789088850000,POST_CHECK,0.75,2.25,-1.0,SL,28799
1789089270000,POST_CHECK,0.75,2.25,-1.0,SL,11248
1789102410000,POST_CHECK,0.75,2.25,-1.0,SL,5998
1789120140000,POST_CHECK,0.75,2.25,-1.0,SL,61048
1789142100000,POST_CHECK,0.75,2.25,-1.0,SL,75448
1789347690000,POST_CHECK,0.75,2.25,-1.0,SL,15295
1789383480000,POST_CHECK,0.75,2.25,-1.0,SL,36595
1789388280000,POST_CHECK,0.75,2.25,3.0,TP,125246
1789394400000,POST_CHECK,0.75,2.25,-1.0,SL,10503
1789394850000,POST_CHECK,0.75,2.25,-1.0,SL,46951
1789396470000,POST_CHECK,0.75,2.25,-1.0,SL,103802
1789403580000,POST_CHECK,0.75,2.25,-1.0,SL,52204
1789411020000,POST_CHECK,0.75,2.25,-1.0,SL,30751
1789428060000,POST_CHECK,0.75,2.25,-1.0,SL,50401
1789445400000,POST_CHECK,0.75,2.25,-1.0,SL,67955
1789458150000,POST_CHECK,0.75,2.25,3.0,TP,155543
1789468860000,POST_CHECK,0.75,2.25,3.0,TP,84447
1786060200000,TRAIN,0.75,2.5,3.3333333333333335,TP,159604
1786061580000,TRAIN,0.75,2.5,-1.0,SL,26557
1786072020000,TRAIN,0.75,2.5,-1.0,SL,245853
1786096110000,TRAIN,0.75,2.5,-1.0,SL,17099
1786105620000,TRAIN,0.75,2.5,-1.0,SL,166353
1786332630000,TRAIN,0.75,2.5,-1.0,SL,102600
1786340220000,TRAIN,0.75,2.5,-1.0,SL,75303
1786341540000,TRAIN,0.75,2.5,0.8916072035333972,TIME,299704
1786352040000,TRAIN,0.75,2.5,-1.0,SL,261898
1786358100000,TRAIN,0.75,2.5,-1.0,SL,26403
1786381140000,TRAIN,0.75,2.5,-1.0,SL,38250
1786430640000,TRAIN,0.75,2.5,-1.0,SL,19047
1786438140000,TRAIN,0.75,2.5,-1.0,SL,4198
1786438500000,TRAIN,0.75,2.5,-1.0,SL,165751
1786440810000,TRAIN,0.75,2.5,-0.13493236953084825,TIME,299698
1786451070000,TRAIN,0.75,2.5,1.1944216570962392,TIME,299701
1786454340000,TRAIN,0.75,2.5,-1.0,SL,77250
1786463010000,TRAIN,0.75,2.5,-1.0,SL,75304
1786471950000,TRAIN,0.75,2.5,-1.0,SL,164247
1786493160000,TRAIN,0.75,2.5,-1.0,SL,100802
1786504530000,TRAIN,0.75,2.5,-1.0,SL,54153
1786526850000,TRAIN,0.75,2.5,-1.0,SL,118345
1786550940000,TRAIN,0.75,2.5,-1.0,SL,117903
1786553460000,TRAIN,0.75,2.5,-1.0,SL,52355
1786553820000,TRAIN,0.75,2.5,2.7038536512218467,TIME,299856
1786581240000,TRAIN,0.75,2.5,-1.0,SL,2854
1786587240000,TRAIN,0.75,2.5,-0.3610990808912166,TIME,298197
1786593510000,TRAIN,0.75,2.5,3.3333333333333335,TP,166352
1786624980000,TRAIN,0.75,2.5,-1.0,SL,295353
1786632990000,TRAIN,0.75,2.5,-1.0,SL,251697
1786633320000,TRAIN,0.75,2.5,3.3333333333333335,TP,187803
1786653840000,TRAIN,0.75,2.5,-1.0,SL,66305
1786670520000,TRAIN,0.75,2.5,3.3333333333333335,TP,186897
1786687980000,TRAIN,0.75,2.5,-1.0,SL,62096
1786693650000,TRAIN,0.75,2.5,2.2403306761145023,TIME,298201
1786952010000,TRAIN,0.75,2.5,-1.0,SL,27304
1786953810000,TRAIN,0.75,2.5,1.3827160493823207,TIME,299251
1786961190000,TRAIN,0.75,2.5,-1.0,SL,76952
1786974090000,TRAIN,0.75,2.5,-1.0,SL,177601
1787014200000,TRAIN,0.75,2.5,-1.0,SL,1948
1787023770000,TRAIN,0.75,2.5,0.5543307086612861,TIME,299548
1787047590000,TRAIN,0.75,2.5,-1.0,SL,98554
1787049660000,TRAIN,0.75,2.5,-1.0,SL,6446
1787066490000,TRAIN,0.75,2.5,-1.0,SL,48898
1787082420000,TRAIN,0.75,2.5,-1.0,SL,53246
1787084850000,TRAIN,0.75,2.5,0.8336350834838552,TIME,299098
1787098590000,TRAIN,0.75,2.5,-1.0,SL,217500
1787104830000,TRAIN,0.75,2.5,1.0817847769024997,TIME,299698
1787117580000,TRAIN,0.75,2.5,-1.0,SL,8702
1787140380000,TRAIN,0.75,2.5,1.2926553672312162,TIME,299695
1787141130000,TRAIN,0.75,2.5,-1.0,SL,5105
1787143260000,TRAIN,0.75,2.5,-1.0,SL,44250
1787149170000,TRAIN,0.75,2.5,1.4045648357160279,TIME,299694
1787170380000,TRAIN,0.75,2.5,-1.0,SL,29396
1787184990000,VALID,0.75,2.5,-1.0,SL,35401
1787199990000,VALID,0.75,2.5,3.3333333333333335,TP,169353
1787220390000,VALID,0.75,2.5,1.5639849937474601,TIME,298952
1787229570000,VALID,0.75,2.5,-1.0,SL,14245
1787232870000,VALID,0.75,2.5,-1.0,SL,45604
1787234520000,VALID,0.75,2.5,2.1021816017088035,TIME,299848
1787246430000,VALID,0.75,2.5,3.3333333333333335,TP,118049
1787267280000,VALID,0.75,2.5,-1.0,SL,13496
1787288910000,VALID,0.75,2.5,-1.0,SL,115054
1787298090000,VALID,0.75,2.5,-0.7669452181982671,TIME,299698
1787312280000,VALID,0.75,2.5,3.3333333333333335,TP,135901
1787325840000,VALID,0.75,2.5,-1.0,SL,41701
1787339850000,VALID,0.75,2.5,1.319774011299375,TIME,298948
1787340270000,VALID,0.75,2.5,-1.0,SL,19952
1787527200000,VALID,0.75,2.5,-1.0,SL,11402
1787534100000,VALID,0.75,2.5,-1.0,SL,82051
1787579790000,VALID,0.75,2.5,0.42325861032386763,TIME,299862
1787583030000,VALID,0.75,2.5,-1.0,SL,44994
1787609970000,VALID,0.75,2.5,-1.0,SL,33302
1787630220000,VALID,0.75,2.5,2.749914983336676,TIME,298354
1787647740000,VALID,0.75,2.5,-1.0,SL,79191
1787660070000,VALID,0.75,2.5,-1.0,SL,213905
1787661450000,VALID,0.75,2.5,-1.0,SL,123605
1787664090000,VALID,0.75,2.5,-1.0,SL,32551
1787666490000,VALID,0.75,2.5,-1.0,SL,80406
1787687220000,VALID,0.75,2.5,3.3333333333333335,TP,182102
1787709300000,VALID,0.75,2.5,3.3333333333333335,TP,180752
1787723070000,VALID,0.75,2.5,-1.0,SL,32702
1787740170000,VALID,0.75,2.5,3.3333333333333335,TP,247050
1787749530000,VALID,0.75,2.5,-1.0,SL,261151
1787753850000,VALID,0.75,2.5,-1.0,SL,16346
1787788590000,VALID,0.75,2.5,-1.0,SL,0
1787790000000,VALID,0.75,2.5,-1.0,SL,8100
1787794950000,VALID,0.75,2.5,-1.0,SL,20246
1787798520000,VALID,0.75,2.5,-1.0,SL,157347
1787811390000,VALID,0.75,2.5,2.581123968556483,TIME,299544
1787823090000,VALID,0.75,2.5,-1.0,SL,16203
1787827440000,VALID,0.75,2.5,-1.0,SL,55497
1787834550000,VALID,0.75,2.5,1.4844061355948404,TIME,299699
1787844150000,VALID,0.75,2.5,-1.0,SL,27303
1787854650000,VALID,0.75,2.5,-1.0,SL,77850
1787883540000,VALID,0.75,2.5,-1.0,SL,49949
1787917320000,VALID,0.75,2.5,-1.0,SL,36448
1787924280000,VALID,0.75,2.5,2.13905930470324,TIME,299850
1787925720000,VALID,0.75,2.5,-1.0,SL,25504
1787934900000,VALID,0.75,2.5,1.9737596546257374,TIME,299849
1788141930000,VALID,0.75,2.5,-1.0,SL,32552
1788144150000,VALID,0.75,2.5,0.3250616746480958,TIME,299700
1788181080000,VALID,0.75,2.5,-1.0,SL,3451
1788221790000,VALID,0.75,2.5,3.3333333333333335,TP,270901
1788228720000,VALID,0.75,2.5,-1.0,SL,40197
1788230910000,VALID,0.75,2.5,-1.0,SL,3447
1788258720000,VALID,0.75,2.5,-1.0,SL,9149
1788262410000,VALID,0.75,2.5,-1.0,SL,116099
1788271980000,VALID,0.75,2.5,2.368470751950737,TIME,299702
1788277740000,VALID,0.75,2.5,1.3383521539106076,TIME,299249
1788303150000,VALID,0.75,2.5,0.3097589885421381,TIME,295504
1788321570000,VALID,0.75,2.5,-0.5976856532978203,TIME,297897
1788333960000,VALID,0.75,2.5,-1.0,SL,264899
1788353280000,VALID,0.75,2.5,-1.0,SL,116546
1788356520000,VALID,0.75,2.5,-1.0,SL,7349
1788377820000,VALID,0.75,2.5,2.827517807230348,TIME,299245
1788409740000,VALID,0.75,2.5,1.2108756155001066,TIME,299093
1788416880000,VALID,0.75,2.5,0.8252284114353453,TIME,299099
1788417360000,VALID,0.75,2.5,-1.0,SL,224247
1788439920000,VALID,0.75,2.5,3.3333333333333335,TP,218247
1788460260000,VALID,0.75,2.5,-1.0,SL,13653
1788461400000,VALID,0.75,2.5,2.812582606397404,TIME,299704
1788486750000,VALID,0.75,2.5,-1.0,SL,31351
1788488160000,VALID,0.75,2.5,-1.0,SL,103353
1788491310000,VALID,0.75,2.5,2.204384674652013,TIME,299703
1788518280000,VALID,0.75,2.5,-1.0,SL,83849
1788535440000,VALID,0.75,2.5,-0.4158737526108114,TIME,299700
1788551280000,VALID,0.75,2.5,-1.0,SL,62408
1788767580000,POST_CHECK,0.75,2.5,-1.0,SL,167699
1788796560000,POST_CHECK,0.75,2.5,-1.0,SL,7793
1788852930000,POST_CHECK,0.75,2.5,-1.0,SL,126150
1788853320000,POST_CHECK,0.75,2.5,-1.0,SL,163345
1788855180000,POST_CHECK,0.75,2.5,-0.35819159761580166,TIME,299099
1788864030000,POST_CHECK,0.75,2.5,-1.0,SL,23254
1788865590000,POST_CHECK,0.75,2.5,-1.0,SL,164253
1788872040000,POST_CHECK,0.75,2.5,3.283950617283937,TIME,299403
1788873690000,POST_CHECK,0.75,2.5,-1.0,SL,8401
1788891840000,POST_CHECK,0.75,2.5,-1.0,SL,19649
1788893880000,POST_CHECK,0.75,2.5,0.1461526552098252,TIME,299698
1788894780000,POST_CHECK,0.75,2.5,-1.0,SL,60749
1788912420000,POST_CHECK,0.75,2.5,3.3333333333333335,TP,222005
1788921270000,POST_CHECK,0.75,2.5,-1.0,SL,43800
1788927510000,POST_CHECK,0.75,2.5,-1.0,SL,9897
1788928650000,POST_CHECK,0.75,2.5,3.3333333333333335,TP,245249
1788936060000,POST_CHECK,0.75,2.5,-1.0,SL,104398
1788946920000,POST_CHECK,0.75,2.5,-1.0,SL,11247
1788947610000,POST_CHECK,0.75,2.5,3.3333333333333335,TP,148797
1788948900000,POST_CHECK,0.75,2.5,-1.0,SL,60295
1788999030000,POST_CHECK,0.75,2.5,-1.0,SL,45300
1789004220000,POST_CHECK,0.75,2.5,0.24590818363301517,TIME,299696
1789006830000,POST_CHECK,0.75,2.5,-1.0,SL,124353
1789007910000,POST_CHECK,0.75,2.5,1.8151724137930867,TIME,299707
1789019610000,POST_CHECK,0.75,2.5,-0.6581196581199371,TIME,299846
1789031820000,POST_CHECK,0.75,2.5,-1.0,SL,40047
1789047570000,POST_CHECK,0.75,2.5,-1.0,SL,76653
1789053690000,POST_CHECK,0.75,2.5,1.3359754439133484,TIME,299395
1789088850000,POST_CHECK,0.75,2.5,-1.0,SL,28799
1789089270000,POST_CHECK,0.75,2.5,-1.0,SL,11248
1789102410000,POST_CHECK,0.75,2.5,-1.0,SL,5998
1789120140000,POST_CHECK,0.75,2.5,-1.0,SL,61048
1789142100000,POST_CHECK,0.75,2.5,-1.0,SL,75448
1789347690000,POST_CHECK,0.75,2.5,-1.0,SL,15295
1789383480000,POST_CHECK,0.75,2.5,-1.0,SL,36595
1789388280000,POST_CHECK,0.75,2.5,3.3333333333333335,TP,132750
1789394400000,POST_CHECK,0.75,2.5,-1.0,SL,10503
1789394850000,POST_CHECK,0.75,2.5,-1.0,SL,46951
1789396470000,POST_CHECK,0.75,2.5,-1.0,SL,103802
1789403580000,POST_CHECK,0.75,2.5,-1.0,SL,52204
1789411020000,POST_CHECK,0.75,2.5,-1.0,SL,30751
1789428060000,POST_CHECK,0.75,2.5,-1.0,SL,50401
1789445400000,POST_CHECK,0.75,2.5,-1.0,SL,67955
1789458150000,POST_CHECK,0.75,2.5,3.3333333333333335,TP,156150
1789468860000,POST_CHECK,0.75,2.5,3.3333333333333335,TP,85804
1786060200000,TRAIN,0.75,2.75,3.087803416242304,TIME,298803
1786061580000,TRAIN,0.75,2.75,-1.0,SL,26557
1786072020000,TRAIN,0.75,2.75,-1.0,SL,245853
1786096110000,TRAIN,0.75,2.75,-1.0,SL,17099
1786105620000,TRAIN,0.75,2.75,-1.0,SL,166353
1786332630000,TRAIN,0.75,2.75,-1.0,SL,102600
1786340220000,TRAIN,0.75,2.75,-1.0,SL,75303
1786341540000,TRAIN,0.75,2.75,0.8916072035333972,TIME,299704
1786352040000,TRAIN,0.75,2.75,-1.0,SL,261898
1786358100000,TRAIN,0.75,2.75,-1.0,SL,26403
1786381140000,TRAIN,0.75,2.75,-1.0,SL,38250
1786430640000,TRAIN,0.75,2.75,-1.0,SL,19047
1786438140000,TRAIN,0.75,2.75,-1.0,SL,4198
1786438500000,TRAIN,0.75,2.75,-1.0,SL,165751
1786440810000,TRAIN,0.75,2.75,-0.13493236953084825,TIME,299698
1786451070000,TRAIN,0.75,2.75,1.1944216570962392,TIME,299701
1786454340000,TRAIN,0.75,2.75,-1.0,SL,77250
1786463010000,TRAIN,0.75,2.75,-1.0,SL,75304
1786471950000,TRAIN,0.75,2.75,-1.0,SL,164247
1786493160000,TRAIN,0.75,2.75,-1.0,SL,100802
1786504530000,TRAIN,0.75,2.75,-1.0,SL,54153
1786526850000,TRAIN,0.75,2.75,-1.0,SL,118345
1786550940000,TRAIN,0.75,2.75,-1.0,SL,117903
1786553460000,TRAIN,0.75,2.75,-1.0,SL,52355
1786553820000,TRAIN,0.75,2.75,2.7038536512218467,TIME,299856
1786581240000,TRAIN,0.75,2.75,-1.0,SL,2854
1786587240000,TRAIN,0.75,2.75,-0.3610990808912166,TIME,298197
1786593510000,TRAIN,0.75,2.75,3.6666666666666665,TP,166352
1786624980000,TRAIN,0.75,2.75,-1.0,SL,295353
1786632990000,TRAIN,0.75,2.75,-1.0,SL,251697
1786633320000,TRAIN,0.75,2.75,3.6666666666666665,TP,216748
1786653840000,TRAIN,0.75,2.75,-1.0,SL,66305
1786670520000,TRAIN,0.75,2.75,1.5956639566396187,TIME,299843
1786687980000,TRAIN,0.75,2.75,-1.0,SL,62096
1786693650000,TRAIN,0.75,2.75,2.2403306761145023,TIME,298201
1786952010000,TRAIN,0.75,2.75,-1.0,SL,27304
1786953810000,TRAIN,0.75,2.75,1.3827160493823207,TIME,299251
1786961190000,TRAIN,0.75,2.75,-1.0,SL,76952
1786974090000,TRAIN,0.75,2.75,-1.0,SL,177601
1787014200000,TRAIN,0.75,2.75,-1.0,SL,1948
1787023770000,TRAIN,0.75,2.75,0.5543307086612861,TIME,299548
1787047590000,TRAIN,0.75,2.75,-1.0,SL,98554
1787049660000,TRAIN,0.75,2.75,-1.0,SL,6446
1787066490000,TRAIN,0.75,2.75,-1.0,SL,48898
1787082420000,TRAIN,0.75,2.75,-1.0,SL,53246
1787084850000,TRAIN,0.75,2.75,0.8336350834838552,TIME,299098
1787098590000,TRAIN,0.75,2.75,-1.0,SL,217500
1787104830000,TRAIN,0.75,2.75,1.0817847769024997,TIME,299698
1787117580000,TRAIN,0.75,2.75,-1.0,SL,8702
1787140380000,TRAIN,0.75,2.75,1.2926553672312162,TIME,299695
1787141130000,TRAIN,0.75,2.75,-1.0,SL,5105
1787143260000,TRAIN,0.75,2.75,-1.0,SL,44250
1787149170000,TRAIN,0.75,2.75,1.4045648357160279,TIME,299694
1787170380000,TRAIN,0.75,2.75,-1.0,SL,29396
1787184990000,VALID,0.75,2.75,-1.0,SL,35401
1787199990000,VALID,0.75,2.75,3.6666666666666665,TP,169650
1787220390000,VALID,0.75,2.75,1.5639849937474601,TIME,298952
1787229570000,VALID,0.75,2.75,-1.0,SL,14245
1787232870000,VALID,0.75,2.75,-1.0,SL,45604
1787234520000,VALID,0.75,2.75,2.1021816017088035,TIME,299848
1787246430000,VALID,0.75,2.75,1.3020599632878416,TIME,299100
1787267280000,VALID,0.75,2.75,-1.0,SL,13496
1787288910000,VALID,0.75,2.75,-1.0,SL,115054
1787298090000,VALID,0.75,2.75,-0.7669452181982671,TIME,299698
1787312280000,VALID,0.75,2.75,3.6666666666666665,TP,175349
1787325840000,VALID,0.75,2.75,-1.0,SL,41701
1787339850000,VALID,0.75,2.75,1.319774011299375,TIME,298948
1787340270000,VALID,0.75,2.75,-1.0,SL,19952
1787527200000,VALID,0.75,2.75,-1.0,SL,11402
1787534100000,VALID,0.75,2.75,-1.0,SL,82051
1787579790000,VALID,0.75,2.75,0.42325861032386763,TIME,299862
1787583030000,VALID,0.75,2.75,-1.0,SL,44994
1787609970000,VALID,0.75,2.75,-1.0,SL,33302
1787630220000,VALID,0.75,2.75,2.749914983336676,TIME,298354
1787647740000,VALID,0.75,2.75,-1.0,SL,79191
1787660070000,VALID,0.75,2.75,-1.0,SL,213905
1787661450000,VALID,0.75,2.75,-1.0,SL,123605
1787664090000,VALID,0.75,2.75,-1.0,SL,32551
1787666490000,VALID,0.75,2.75,-1.0,SL,80406
1787687220000,VALID,0.75,2.75,3.6666666666666665,TP,257400
1787709300000,VALID,0.75,2.75,3.6666666666666665,TP,181202
1787723070000,VALID,0.75,2.75,-1.0,SL,32702
1787740170000,VALID,0.75,2.75,3.6666666666666665,TP,253500
1787749530000,VALID,0.75,2.75,-1.0,SL,261151
1787753850000,VALID,0.75,2.75,-1.0,SL,16346
1787788590000,VALID,0.75,2.75,-1.0,SL,0
1787790000000,VALID,0.75,2.75,-1.0,SL,8100
1787794950000,VALID,0.75,2.75,-1.0,SL,20246
1787798520000,VALID,0.75,2.75,-1.0,SL,157347
1787811390000,VALID,0.75,2.75,2.581123968556483,TIME,299544
1787823090000,VALID,0.75,2.75,-1.0,SL,16203
1787827440000,VALID,0.75,2.75,-1.0,SL,55497
1787834550000,VALID,0.75,2.75,1.4844061355948404,TIME,299699
1787844150000,VALID,0.75,2.75,-1.0,SL,27303
1787854650000,VALID,0.75,2.75,-1.0,SL,77850
1787883540000,VALID,0.75,2.75,-1.0,SL,49949
1787917320000,VALID,0.75,2.75,-1.0,SL,36448
1787924280000,VALID,0.75,2.75,2.13905930470324,TIME,299850
1787925720000,VALID,0.75,2.75,-1.0,SL,25504
1787934900000,VALID,0.75,2.75,1.9737596546257374,TIME,299849
1788141930000,VALID,0.75,2.75,-1.0,SL,32552
1788144150000,VALID,0.75,2.75,0.3250616746480958,TIME,299700
1788181080000,VALID,0.75,2.75,-1.0,SL,3451
1788221790000,VALID,0.75,2.75,3.6666666666666665,TP,286051
1788228720000,VALID,0.75,2.75,-1.0,SL,40197
1788230910000,VALID,0.75,2.75,-1.0,SL,3447
1788258720000,VALID,0.75,2.75,-1.0,SL,9149
1788262410000,VALID,0.75,2.75,-1.0,SL,116099
1788271980000,VALID,0.75,2.75,2.368470751950737,TIME,299702
1788277740000,VALID,0.75,2.75,1.3383521539106076,TIME,299249
1788303150000,VALID,0.75,2.75,0.3097589885421381,TIME,295504
1788321570000,VALID,0.75,2.75,-0.5976856532978203,TIME,297897
1788333960000,VALID,0.75,2.75,-1.0,SL,264899
1788353280000,VALID,0.75,2.75,-1.0,SL,116546
1788356520000,VALID,0.75,2.75,-1.0,SL,7349
1788377820000,VALID,0.75,2.75,2.827517807230348,TIME,299245
1788409740000,VALID,0.75,2.75,1.2108756155001066,TIME,299093
1788416880000,VALID,0.75,2.75,0.8252284114353453,TIME,299099
1788417360000,VALID,0.75,2.75,-1.0,SL,224247
1788439920000,VALID,0.75,2.75,3.2272245467223337,TIME,299849
1788460260000,VALID,0.75,2.75,-1.0,SL,13653
1788461400000,VALID,0.75,2.75,2.812582606397404,TIME,299704
1788486750000,VALID,0.75,2.75,-1.0,SL,31351
1788488160000,VALID,0.75,2.75,-1.0,SL,103353
1788491310000,VALID,0.75,2.75,2.204384674652013,TIME,299703
1788518280000,VALID,0.75,2.75,-1.0,SL,83849
1788535440000,VALID,0.75,2.75,-0.4158737526108114,TIME,299700
1788551280000,VALID,0.75,2.75,-1.0,SL,62408
1788767580000,POST_CHECK,0.75,2.75,-1.0,SL,167699
1788796560000,POST_CHECK,0.75,2.75,-1.0,SL,7793
1788852930000,POST_CHECK,0.75,2.75,-1.0,SL,126150
1788853320000,POST_CHECK,0.75,2.75,-1.0,SL,163345
1788855180000,POST_CHECK,0.75,2.75,-0.35819159761580166,TIME,299099
1788864030000,POST_CHECK,0.75,2.75,-1.0,SL,23254
1788865590000,POST_CHECK,0.75,2.75,-1.0,SL,164253
1788872040000,POST_CHECK,0.75,2.75,3.283950617283937,TIME,299403
1788873690000,POST_CHECK,0.75,2.75,-1.0,SL,8401
1788891840000,POST_CHECK,0.75,2.75,-1.0,SL,19649
1788893880000,POST_CHECK,0.75,2.75,0.1461526552098252,TIME,299698
1788894780000,POST_CHECK,0.75,2.75,-1.0,SL,60749
1788912420000,POST_CHECK,0.75,2.75,3.6666666666666665,TP,289054
1788921270000,POST_CHECK,0.75,2.75,-1.0,SL,43800
1788927510000,POST_CHECK,0.75,2.75,-1.0,SL,9897
1788928650000,POST_CHECK,0.75,2.75,3.6666666666666665,TP,267145
1788936060000,POST_CHECK,0.75,2.75,-1.0,SL,104398
1788946920000,POST_CHECK,0.75,2.75,-1.0,SL,11247
1788947610000,POST_CHECK,0.75,2.75,3.6666666666666665,TP,149546
1788948900000,POST_CHECK,0.75,2.75,-1.0,SL,60295
1788999030000,POST_CHECK,0.75,2.75,-1.0,SL,45300
1789004220000,POST_CHECK,0.75,2.75,0.24590818363301517,TIME,299696
1789006830000,POST_CHECK,0.75,2.75,-1.0,SL,124353
1789007910000,POST_CHECK,0.75,2.75,1.8151724137930867,TIME,299707
1789019610000,POST_CHECK,0.75,2.75,-0.6581196581199371,TIME,299846
1789031820000,POST_CHECK,0.75,2.75,-1.0,SL,40047
1789047570000,POST_CHECK,0.75,2.75,-1.0,SL,76653
1789053690000,POST_CHECK,0.75,2.75,1.3359754439133484,TIME,299395
1789088850000,POST_CHECK,0.75,2.75,-1.0,SL,28799
1789089270000,POST_CHECK,0.75,2.75,-1.0,SL,11248
1789102410000,POST_CHECK,0.75,2.75,-1.0,SL,5998
1789120140000,POST_CHECK,0.75,2.75,-1.0,SL,61048
1789142100000,POST_CHECK,0.75,2.75,-1.0,SL,75448
1789347690000,POST_CHECK,0.75,2.75,-1.0,SL,15295
1789383480000,POST_CHECK,0.75,2.75,-1.0,SL,36595
1789388280000,POST_CHECK,0.75,2.75,3.6666666666666665,TP,138450
1789394400000,POST_CHECK,0.75,2.75,-1.0,SL,10503
1789394850000,POST_CHECK,0.75,2.75,-1.0,SL,46951
1789396470000,POST_CHECK,0.75,2.75,-1.0,SL,103802
1789403580000,POST_CHECK,0.75,2.75,-1.0,SL,52204
1789411020000,POST_CHECK,0.75,2.75,-1.0,SL,30751
1789428060000,POST_CHECK,0.75,2.75,-1.0,SL,50401
1789445400000,POST_CHECK,0.75,2.75,-1.0,SL,67955
1789458150000,POST_CHECK,0.75,2.75,3.6666666666666665,TP,156442
1789468860000,POST_CHECK,0.75,2.75,3.6666666666666665,TP,92402
1786060200000,TRAIN,0.75,3.0,3.087803416242304,TIME,298803
1786061580000,TRAIN,0.75,3.0,-1.0,SL,26557
1786072020000,TRAIN,0.75,3.0,-1.0,SL,245853
1786096110000,TRAIN,0.75,3.0,-1.0,SL,17099
1786105620000,TRAIN,0.75,3.0,-1.0,SL,166353
1786332630000,TRAIN,0.75,3.0,-1.0,SL,102600
1786340220000,TRAIN,0.75,3.0,-1.0,SL,75303
1786341540000,TRAIN,0.75,3.0,0.8916072035333972,TIME,299704
1786352040000,TRAIN,0.75,3.0,-1.0,SL,261898
1786358100000,TRAIN,0.75,3.0,-1.0,SL,26403
1786381140000,TRAIN,0.75,3.0,-1.0,SL,38250
1786430640000,TRAIN,0.75,3.0,-1.0,SL,19047
1786438140000,TRAIN,0.75,3.0,-1.0,SL,4198
1786438500000,TRAIN,0.75,3.0,-1.0,SL,165751
1786440810000,TRAIN,0.75,3.0,-0.13493236953084825,TIME,299698
1786451070000,TRAIN,0.75,3.0,1.1944216570962392,TIME,299701
1786454340000,TRAIN,0.75,3.0,-1.0,SL,77250
1786463010000,TRAIN,0.75,3.0,-1.0,SL,75304
1786471950000,TRAIN,0.75,3.0,-1.0,SL,164247
1786493160000,TRAIN,0.75,3.0,-1.0,SL,100802
1786504530000,TRAIN,0.75,3.0,-1.0,SL,54153
1786526850000,TRAIN,0.75,3.0,-1.0,SL,118345
1786550940000,TRAIN,0.75,3.0,-1.0,SL,117903
1786553460000,TRAIN,0.75,3.0,-1.0,SL,52355
1786553820000,TRAIN,0.75,3.0,2.7038536512218467,TIME,299856
1786581240000,TRAIN,0.75,3.0,-1.0,SL,2854
1786587240000,TRAIN,0.75,3.0,-0.3610990808912166,TIME,298197
1786593510000,TRAIN,0.75,3.0,4.0,TP,202050
1786624980000,TRAIN,0.75,3.0,-1.0,SL,295353
1786632990000,TRAIN,0.75,3.0,-1.0,SL,251697
1786633320000,TRAIN,0.75,3.0,4.0,TP,217648
1786653840000,TRAIN,0.75,3.0,-1.0,SL,66305
1786670520000,TRAIN,0.75,3.0,1.5956639566396187,TIME,299843
1786687980000,TRAIN,0.75,3.0,-1.0,SL,62096
1786693650000,TRAIN,0.75,3.0,2.2403306761145023,TIME,298201
1786952010000,TRAIN,0.75,3.0,-1.0,SL,27304
1786953810000,TRAIN,0.75,3.0,1.3827160493823207,TIME,299251
1786961190000,TRAIN,0.75,3.0,-1.0,SL,76952
1786974090000,TRAIN,0.75,3.0,-1.0,SL,177601
1787014200000,TRAIN,0.75,3.0,-1.0,SL,1948
1787023770000,TRAIN,0.75,3.0,0.5543307086612861,TIME,299548
1787047590000,TRAIN,0.75,3.0,-1.0,SL,98554
1787049660000,TRAIN,0.75,3.0,-1.0,SL,6446
1787066490000,TRAIN,0.75,3.0,-1.0,SL,48898
1787082420000,TRAIN,0.75,3.0,-1.0,SL,53246
1787084850000,TRAIN,0.75,3.0,0.8336350834838552,TIME,299098
1787098590000,TRAIN,0.75,3.0,-1.0,SL,217500
1787104830000,TRAIN,0.75,3.0,1.0817847769024997,TIME,299698
1787117580000,TRAIN,0.75,3.0,-1.0,SL,8702
1787140380000,TRAIN,0.75,3.0,1.2926553672312162,TIME,299695
1787141130000,TRAIN,0.75,3.0,-1.0,SL,5105
1787143260000,TRAIN,0.75,3.0,-1.0,SL,44250
1787149170000,TRAIN,0.75,3.0,1.4045648357160279,TIME,299694
1787170380000,TRAIN,0.75,3.0,-1.0,SL,29396
1787184990000,VALID,0.75,3.0,-1.0,SL,35401
1787199990000,VALID,0.75,3.0,4.0,TP,169950
1787220390000,VALID,0.75,3.0,1.5639849937474601,TIME,298952
1787229570000,VALID,0.75,3.0,-1.0,SL,14245
1787232870000,VALID,0.75,3.0,-1.0,SL,45604
1787234520000,VALID,0.75,3.0,2.1021816017088035,TIME,299848
1787246430000,VALID,0.75,3.0,1.3020599632878416,TIME,299100
1787267280000,VALID,0.75,3.0,-1.0,SL,13496
1787288910000,VALID,0.75,3.0,-1.0,SL,115054
1787298090000,VALID,0.75,3.0,-0.7669452181982671,TIME,299698
1787312280000,VALID,0.75,3.0,4.0,TP,183597
1787325840000,VALID,0.75,3.0,-1.0,SL,41701
1787339850000,VALID,0.75,3.0,1.319774011299375,TIME,298948
1787340270000,VALID,0.75,3.0,-1.0,SL,19952
1787527200000,VALID,0.75,3.0,-1.0,SL,11402
1787534100000,VALID,0.75,3.0,-1.0,SL,82051
1787579790000,VALID,0.75,3.0,0.42325861032386763,TIME,299862
1787583030000,VALID,0.75,3.0,-1.0,SL,44994
1787609970000,VALID,0.75,3.0,-1.0,SL,33302
1787630220000,VALID,0.75,3.0,2.749914983336676,TIME,298354
1787647740000,VALID,0.75,3.0,-1.0,SL,79191
1787660070000,VALID,0.75,3.0,-1.0,SL,213905
1787661450000,VALID,0.75,3.0,-1.0,SL,123605
1787664090000,VALID,0.75,3.0,-1.0,SL,32551
1787666490000,VALID,0.75,3.0,-1.0,SL,80406
1787687220000,VALID,0.75,3.0,1.6863123993556457,TIME,299553
1787709300000,VALID,0.75,3.0,4.0,TP,182402
1787723070000,VALID,0.75,3.0,-1.0,SL,32702
1787740170000,VALID,0.75,3.0,2.8250825082510946,TIME,299845
1787749530000,VALID,0.75,3.0,-1.0,SL,261151
1787753850000,VALID,0.75,3.0,-1.0,SL,16346
1787788590000,VALID,0.75,3.0,-1.0,SL,0
1787790000000,VALID,0.75,3.0,-1.0,SL,8100
1787794950000,VALID,0.75,3.0,-1.0,SL,20246
1787798520000,VALID,0.75,3.0,-1.0,SL,157347
1787811390000,VALID,0.75,3.0,2.581123968556483,TIME,299544
1787823090000,VALID,0.75,3.0,-1.0,SL,16203
1787827440000,VALID,0.75,3.0,-1.0,SL,55497
1787834550000,VALID,0.75,3.0,1.4844061355948404,TIME,299699
1787844150000,VALID,0.75,3.0,-1.0,SL,27303
1787854650000,VALID,0.75,3.0,-1.0,SL,77850
1787883540000,VALID,0.75,3.0,-1.0,SL,49949
1787917320000,VALID,0.75,3.0,-1.0,SL,36448
1787924280000,VALID,0.75,3.0,2.13905930470324,TIME,299850
1787925720000,VALID,0.75,3.0,-1.0,SL,25504
1787934900000,VALID,0.75,3.0,1.9737596546257374,TIME,299849
1788141930000,VALID,0.75,3.0,-1.0,SL,32552
1788144150000,VALID,0.75,3.0,0.3250616746480958,TIME,299700
1788181080000,VALID,0.75,3.0,-1.0,SL,3451
1788221790000,VALID,0.75,3.0,4.0,TP,292499
1788228720000,VALID,0.75,3.0,-1.0,SL,40197
1788230910000,VALID,0.75,3.0,-1.0,SL,3447
1788258720000,VALID,0.75,3.0,-1.0,SL,9149
1788262410000,VALID,0.75,3.0,-1.0,SL,116099
1788271980000,VALID,0.75,3.0,2.368470751950737,TIME,299702
1788277740000,VALID,0.75,3.0,1.3383521539106076,TIME,299249
1788303150000,VALID,0.75,3.0,0.3097589885421381,TIME,295504
1788321570000,VALID,0.75,3.0,-0.5976856532978203,TIME,297897
1788333960000,VALID,0.75,3.0,-1.0,SL,264899
1788353280000,VALID,0.75,3.0,-1.0,SL,116546
1788356520000,VALID,0.75,3.0,-1.0,SL,7349
1788377820000,VALID,0.75,3.0,2.827517807230348,TIME,299245
1788409740000,VALID,0.75,3.0,1.2108756155001066,TIME,299093
1788416880000,VALID,0.75,3.0,0.8252284114353453,TIME,299099
1788417360000,VALID,0.75,3.0,-1.0,SL,224247
1788439920000,VALID,0.75,3.0,3.2272245467223337,TIME,299849
1788460260000,VALID,0.75,3.0,-1.0,SL,13653
1788461400000,VALID,0.75,3.0,2.812582606397404,TIME,299704
1788486750000,VALID,0.75,3.0,-1.0,SL,31351
1788488160000,VALID,0.75,3.0,-1.0,SL,103353
1788491310000,VALID,0.75,3.0,2.204384674652013,TIME,299703
1788518280000,VALID,0.75,3.0,-1.0,SL,83849
1788535440000,VALID,0.75,3.0,-0.4158737526108114,TIME,299700
1788551280000,VALID,0.75,3.0,-1.0,SL,62408
1788767580000,POST_CHECK,0.75,3.0,-1.0,SL,167699
1788796560000,POST_CHECK,0.75,3.0,-1.0,SL,7793
1788852930000,POST_CHECK,0.75,3.0,-1.0,SL,126150
1788853320000,POST_CHECK,0.75,3.0,-1.0,SL,163345
1788855180000,POST_CHECK,0.75,3.0,-0.35819159761580166,TIME,299099
1788864030000,POST_CHECK,0.75,3.0,-1.0,SL,23254
1788865590000,POST_CHECK,0.75,3.0,-1.0,SL,164253
1788872040000,POST_CHECK,0.75,3.0,3.283950617283937,TIME,299403
1788873690000,POST_CHECK,0.75,3.0,-1.0,SL,8401
1788891840000,POST_CHECK,0.75,3.0,-1.0,SL,19649
1788893880000,POST_CHECK,0.75,3.0,0.1461526552098252,TIME,299698
1788894780000,POST_CHECK,0.75,3.0,-1.0,SL,60749
1788912420000,POST_CHECK,0.75,3.0,4.0,TP,291458
1788921270000,POST_CHECK,0.75,3.0,-1.0,SL,43800
1788927510000,POST_CHECK,0.75,3.0,-1.0,SL,9897
1788928650000,POST_CHECK,0.75,3.0,3.5191256830618025,TIME,298646
1788936060000,POST_CHECK,0.75,3.0,-1.0,SL,104398
1788946920000,POST_CHECK,0.75,3.0,-1.0,SL,11247
1788947610000,POST_CHECK,0.75,3.0,4.0,TP,165146
1788948900000,POST_CHECK,0.75,3.0,-1.0,SL,60295
1788999030000,POST_CHECK,0.75,3.0,-1.0,SL,45300
1789004220000,POST_CHECK,0.75,3.0,0.24590818363301517,TIME,299696
1789006830000,POST_CHECK,0.75,3.0,-1.0,SL,124353
1789007910000,POST_CHECK,0.75,3.0,1.8151724137930867,TIME,299707
1789019610000,POST_CHECK,0.75,3.0,-0.6581196581199371,TIME,299846
1789031820000,POST_CHECK,0.75,3.0,-1.0,SL,40047
1789047570000,POST_CHECK,0.75,3.0,-1.0,SL,76653
1789053690000,POST_CHECK,0.75,3.0,1.3359754439133484,TIME,299395
1789088850000,POST_CHECK,0.75,3.0,-1.0,SL,28799
1789089270000,POST_CHECK,0.75,3.0,-1.0,SL,11248
1789102410000,POST_CHECK,0.75,3.0,-1.0,SL,5998
1789120140000,POST_CHECK,0.75,3.0,-1.0,SL,61048
1789142100000,POST_CHECK,0.75,3.0,-1.0,SL,75448
1789347690000,POST_CHECK,0.75,3.0,-1.0,SL,15295
1789383480000,POST_CHECK,0.75,3.0,-1.0,SL,36595
1789388280000,POST_CHECK,0.75,3.0,4.0,TP,173543
1789394400000,POST_CHECK,0.75,3.0,-1.0,SL,10503
1789394850000,POST_CHECK,0.75,3.0,-1.0,SL,46951
1789396470000,POST_CHECK,0.75,3.0,-1.0,SL,103802
1789403580000,POST_CHECK,0.75,3.0,-1.0,SL,52204
1789411020000,POST_CHECK,0.75,3.0,-1.0,SL,30751
1789428060000,POST_CHECK,0.75,3.0,-1.0,SL,50401
1789445400000,POST_CHECK,0.75,3.0,-1.0,SL,67955
1789458150000,POST_CHECK,0.75,3.0,4.0,TP,157952
1789468860000,POST_CHECK,0.75,3.0,4.0,TP,95250
1786060200000,TRAIN,0.75,3.25,3.087803416242304,TIME,298803
1786061580000,TRAIN,0.75,3.25,-1.0,SL,26557
1786072020000,TRAIN,0.75,3.25,-1.0,SL,245853
1786096110000,TRAIN,0.75,3.25,-1.0,SL,17099
1786105620000,TRAIN,0.75,3.25,-1.0,SL,166353
1786332630000,TRAIN,0.75,3.25,-1.0,SL,102600
1786340220000,TRAIN,0.75,3.25,-1.0,SL,75303
1786341540000,TRAIN,0.75,3.25,0.8916072035333972,TIME,299704
1786352040000,TRAIN,0.75,3.25,-1.0,SL,261898
1786358100000,TRAIN,0.75,3.25,-1.0,SL,26403
1786381140000,TRAIN,0.75,3.25,-1.0,SL,38250
1786430640000,TRAIN,0.75,3.25,-1.0,SL,19047
1786438140000,TRAIN,0.75,3.25,-1.0,SL,4198
1786438500000,TRAIN,0.75,3.25,-1.0,SL,165751
1786440810000,TRAIN,0.75,3.25,-0.13493236953084825,TIME,299698
1786451070000,TRAIN,0.75,3.25,1.1944216570962392,TIME,299701
1786454340000,TRAIN,0.75,3.25,-1.0,SL,77250
1786463010000,TRAIN,0.75,3.25,-1.0,SL,75304
1786471950000,TRAIN,0.75,3.25,-1.0,SL,164247
1786493160000,TRAIN,0.75,3.25,-1.0,SL,100802
1786504530000,TRAIN,0.75,3.25,-1.0,SL,54153
1786526850000,TRAIN,0.75,3.25,-1.0,SL,118345
1786550940000,TRAIN,0.75,3.25,-1.0,SL,117903
1786553460000,TRAIN,0.75,3.25,-1.0,SL,52355
1786553820000,TRAIN,0.75,3.25,2.7038536512218467,TIME,299856
1786581240000,TRAIN,0.75,3.25,-1.0,SL,2854
1786587240000,TRAIN,0.75,3.25,-0.3610990808912166,TIME,298197
1786593510000,TRAIN,0.75,3.25,4.333333333333333,TP,202050
1786624980000,TRAIN,0.75,3.25,-1.0,SL,295353
1786632990000,TRAIN,0.75,3.25,-1.0,SL,251697
1786633320000,TRAIN,0.75,3.25,4.333333333333333,TP,217947
1786653840000,TRAIN,0.75,3.25,-1.0,SL,66305
1786670520000,TRAIN,0.75,3.25,1.5956639566396187,TIME,299843
1786687980000,TRAIN,0.75,3.25,-1.0,SL,62096
1786693650000,TRAIN,0.75,3.25,2.2403306761145023,TIME,298201
1786952010000,TRAIN,0.75,3.25,-1.0,SL,27304
1786953810000,TRAIN,0.75,3.25,1.3827160493823207,TIME,299251
1786961190000,TRAIN,0.75,3.25,-1.0,SL,76952
1786974090000,TRAIN,0.75,3.25,-1.0,SL,177601
1787014200000,TRAIN,0.75,3.25,-1.0,SL,1948
1787023770000,TRAIN,0.75,3.25,0.5543307086612861,TIME,299548
1787047590000,TRAIN,0.75,3.25,-1.0,SL,98554
1787049660000,TRAIN,0.75,3.25,-1.0,SL,6446
1787066490000,TRAIN,0.75,3.25,-1.0,SL,48898
1787082420000,TRAIN,0.75,3.25,-1.0,SL,53246
1787084850000,TRAIN,0.75,3.25,0.8336350834838552,TIME,299098
1787098590000,TRAIN,0.75,3.25,-1.0,SL,217500
1787104830000,TRAIN,0.75,3.25,1.0817847769024997,TIME,299698
1787117580000,TRAIN,0.75,3.25,-1.0,SL,8702
1787140380000,TRAIN,0.75,3.25,1.2926553672312162,TIME,299695
1787141130000,TRAIN,0.75,3.25,-1.0,SL,5105
1787143260000,TRAIN,0.75,3.25,-1.0,SL,44250
1787149170000,TRAIN,0.75,3.25,1.4045648357160279,TIME,299694
1787170380000,TRAIN,0.75,3.25,-1.0,SL,29396
1787184990000,VALID,0.75,3.25,-1.0,SL,35401
1787199990000,VALID,0.75,3.25,4.333333333333333,TP,189450
1787220390000,VALID,0.75,3.25,1.5639849937474601,TIME,298952
1787229570000,VALID,0.75,3.25,-1.0,SL,14245
1787232870000,VALID,0.75,3.25,-1.0,SL,45604
1787234520000,VALID,0.75,3.25,2.1021816017088035,TIME,299848
1787246430000,VALID,0.75,3.25,1.3020599632878416,TIME,299100
1787267280000,VALID,0.75,3.25,-1.0,SL,13496
1787288910000,VALID,0.75,3.25,-1.0,SL,115054
1787298090000,VALID,0.75,3.25,-0.7669452181982671,TIME,299698
1787312280000,VALID,0.75,3.25,4.333333333333333,TP,200696
1787325840000,VALID,0.75,3.25,-1.0,SL,41701
1787339850000,VALID,0.75,3.25,1.319774011299375,TIME,298948
1787340270000,VALID,0.75,3.25,-1.0,SL,19952
1787527200000,VALID,0.75,3.25,-1.0,SL,11402
1787534100000,VALID,0.75,3.25,-1.0,SL,82051
1787579790000,VALID,0.75,3.25,0.42325861032386763,TIME,299862
1787583030000,VALID,0.75,3.25,-1.0,SL,44994
1787609970000,VALID,0.75,3.25,-1.0,SL,33302
1787630220000,VALID,0.75,3.25,2.749914983336676,TIME,298354
1787647740000,VALID,0.75,3.25,-1.0,SL,79191
1787660070000,VALID,0.75,3.25,-1.0,SL,213905
1787661450000,VALID,0.75,3.25,-1.0,SL,123605
1787664090000,VALID,0.75,3.25,-1.0,SL,32551
1787666490000,VALID,0.75,3.25,-1.0,SL,80406
1787687220000,VALID,0.75,3.25,1.6863123993556457,TIME,299553
1787709300000,VALID,0.75,3.25,4.333333333333333,TP,211354
1787723070000,VALID,0.75,3.25,-1.0,SL,32702
1787740170000,VALID,0.75,3.25,2.8250825082510946,TIME,299845
1787749530000,VALID,0.75,3.25,-1.0,SL,261151
1787753850000,VALID,0.75,3.25,-1.0,SL,16346
1787788590000,VALID,0.75,3.25,-1.0,SL,0
1787790000000,VALID,0.75,3.25,-1.0,SL,8100
1787794950000,VALID,0.75,3.25,-1.0,SL,20246
1787798520000,VALID,0.75,3.25,-1.0,SL,157347
1787811390000,VALID,0.75,3.25,2.581123968556483,TIME,299544
1787823090000,VALID,0.75,3.25,-1.0,SL,16203
1787827440000,VALID,0.75,3.25,-1.0,SL,55497
1787834550000,VALID,0.75,3.25,1.4844061355948404,TIME,299699
1787844150000,VALID,0.75,3.25,-1.0,SL,27303
1787854650000,VALID,0.75,3.25,-1.0,SL,77850
1787883540000,VALID,0.75,3.25,-1.0,SL,49949
1787917320000,VALID,0.75,3.25,-1.0,SL,36448
1787924280000,VALID,0.75,3.25,2.13905930470324,TIME,299850
1787925720000,VALID,0.75,3.25,-1.0,SL,25504
1787934900000,VALID,0.75,3.25,1.9737596546257374,TIME,299849
1788141930000,VALID,0.75,3.25,-1.0,SL,32552
1788144150000,VALID,0.75,3.25,0.3250616746480958,TIME,299700
1788181080000,VALID,0.75,3.25,-1.0,SL,3451
1788221790000,VALID,0.75,3.25,4.229420129562438,TIME,299099
1788228720000,VALID,0.75,3.25,-1.0,SL,40197
1788230910000,VALID,0.75,3.25,-1.0,SL,3447
1788258720000,VALID,0.75,3.25,-1.0,SL,9149
1788262410000,VALID,0.75,3.25,-1.0,SL,116099
1788271980000,VALID,0.75,3.25,2.368470751950737,TIME,299702
1788277740000,VALID,0.75,3.25,1.3383521539106076,TIME,299249
1788303150000,VALID,0.75,3.25,0.3097589885421381,TIME,295504
1788321570000,VALID,0.75,3.25,-0.5976856532978203,TIME,297897
1788333960000,VALID,0.75,3.25,-1.0,SL,264899
1788353280000,VALID,0.75,3.25,-1.0,SL,116546
1788356520000,VALID,0.75,3.25,-1.0,SL,7349
1788377820000,VALID,0.75,3.25,2.827517807230348,TIME,299245
1788409740000,VALID,0.75,3.25,1.2108756155001066,TIME,299093
1788416880000,VALID,0.75,3.25,0.8252284114353453,TIME,299099
1788417360000,VALID,0.75,3.25,-1.0,SL,224247
1788439920000,VALID,0.75,3.25,3.2272245467223337,TIME,299849
1788460260000,VALID,0.75,3.25,-1.0,SL,13653
1788461400000,VALID,0.75,3.25,2.812582606397404,TIME,299704
1788486750000,VALID,0.75,3.25,-1.0,SL,31351
1788488160000,VALID,0.75,3.25,-1.0,SL,103353
1788491310000,VALID,0.75,3.25,2.204384674652013,TIME,299703
1788518280000,VALID,0.75,3.25,-1.0,SL,83849
1788535440000,VALID,0.75,3.25,-0.4158737526108114,TIME,299700
1788551280000,VALID,0.75,3.25,-1.0,SL,62408
1788767580000,POST_CHECK,0.75,3.25,-1.0,SL,167699
1788796560000,POST_CHECK,0.75,3.25,-1.0,SL,7793
1788852930000,POST_CHECK,0.75,3.25,-1.0,SL,126150
1788853320000,POST_CHECK,0.75,3.25,-1.0,SL,163345
1788855180000,POST_CHECK,0.75,3.25,-0.35819159761580166,TIME,299099
1788864030000,POST_CHECK,0.75,3.25,-1.0,SL,23254
1788865590000,POST_CHECK,0.75,3.25,-1.0,SL,164253
1788872040000,POST_CHECK,0.75,3.25,3.283950617283937,TIME,299403
1788873690000,POST_CHECK,0.75,3.25,-1.0,SL,8401
1788891840000,POST_CHECK,0.75,3.25,-1.0,SL,19649
1788893880000,POST_CHECK,0.75,3.25,0.1461526552098252,TIME,299698
1788894780000,POST_CHECK,0.75,3.25,-1.0,SL,60749
1788912420000,POST_CHECK,0.75,3.25,4.108452950558125,TIME,299404
1788921270000,POST_CHECK,0.75,3.25,-1.0,SL,43800
1788927510000,POST_CHECK,0.75,3.25,-1.0,SL,9897
1788928650000,POST_CHECK,0.75,3.25,3.5191256830618025,TIME,298646
1788936060000,POST_CHECK,0.75,3.25,-1.0,SL,104398
1788946920000,POST_CHECK,0.75,3.25,-1.0,SL,11247
1788947610000,POST_CHECK,0.75,3.25,4.333333333333333,TP,266845
1788948900000,POST_CHECK,0.75,3.25,-1.0,SL,60295
1788999030000,POST_CHECK,0.75,3.25,-1.0,SL,45300
1789004220000,POST_CHECK,0.75,3.25,0.24590818363301517,TIME,299696
1789006830000,POST_CHECK,0.75,3.25,-1.0,SL,124353
1789007910000,POST_CHECK,0.75,3.25,1.8151724137930867,TIME,299707
1789019610000,POST_CHECK,0.75,3.25,-0.6581196581199371,TIME,299846
1789031820000,POST_CHECK,0.75,3.25,-1.0,SL,40047
1789047570000,POST_CHECK,0.75,3.25,-1.0,SL,76653
1789053690000,POST_CHECK,0.75,3.25,1.3359754439133484,TIME,299395
1789088850000,POST_CHECK,0.75,3.25,-1.0,SL,28799
1789089270000,POST_CHECK,0.75,3.25,-1.0,SL,11248
1789102410000,POST_CHECK,0.75,3.25,-1.0,SL,5998
1789120140000,POST_CHECK,0.75,3.25,-1.0,SL,61048
1789142100000,POST_CHECK,0.75,3.25,-1.0,SL,75448
1789347690000,POST_CHECK,0.75,3.25,-1.0,SL,15295
1789383480000,POST_CHECK,0.75,3.25,-1.0,SL,36595
1789388280000,POST_CHECK,0.75,3.25,4.333333333333333,TP,177302
1789394400000,POST_CHECK,0.75,3.25,-1.0,SL,10503
1789394850000,POST_CHECK,0.75,3.25,-1.0,SL,46951
1789396470000,POST_CHECK,0.75,3.25,-1.0,SL,103802
1789403580000,POST_CHECK,0.75,3.25,-1.0,SL,52204
1789411020000,POST_CHECK,0.75,3.25,-1.0,SL,30751
1789428060000,POST_CHECK,0.75,3.25,-1.0,SL,50401
1789445400000,POST_CHECK,0.75,3.25,-1.0,SL,67955
1789458150000,POST_CHECK,0.75,3.25,4.333333333333333,TP,271801
1789468860000,POST_CHECK,0.75,3.25,3.3769514956498408,TIME,299697
1786060200000,TRAIN,0.75,3.5,3.087803416242304,TIME,298803
1786061580000,TRAIN,0.75,3.5,-1.0,SL,26557
1786072020000,TRAIN,0.75,3.5,-1.0,SL,245853
1786096110000,TRAIN,0.75,3.5,-1.0,SL,17099
1786105620000,TRAIN,0.75,3.5,-1.0,SL,166353
1786332630000,TRAIN,0.75,3.5,-1.0,SL,102600
1786340220000,TRAIN,0.75,3.5,-1.0,SL,75303
1786341540000,TRAIN,0.75,3.5,0.8916072035333972,TIME,299704
1786352040000,TRAIN,0.75,3.5,-1.0,SL,261898
1786358100000,TRAIN,0.75,3.5,-1.0,SL,26403
1786381140000,TRAIN,0.75,3.5,-1.0,SL,38250
1786430640000,TRAIN,0.75,3.5,-1.0,SL,19047
1786438140000,TRAIN,0.75,3.5,-1.0,SL,4198
1786438500000,TRAIN,0.75,3.5,-1.0,SL,165751
1786440810000,TRAIN,0.75,3.5,-0.13493236953084825,TIME,299698
1786451070000,TRAIN,0.75,3.5,1.1944216570962392,TIME,299701
1786454340000,TRAIN,0.75,3.5,-1.0,SL,77250
1786463010000,TRAIN,0.75,3.5,-1.0,SL,75304
1786471950000,TRAIN,0.75,3.5,-1.0,SL,164247
1786493160000,TRAIN,0.75,3.5,-1.0,SL,100802
1786504530000,TRAIN,0.75,3.5,-1.0,SL,54153
1786526850000,TRAIN,0.75,3.5,-1.0,SL,118345
1786550940000,TRAIN,0.75,3.5,-1.0,SL,117903
1786553460000,TRAIN,0.75,3.5,-1.0,SL,52355
1786553820000,TRAIN,0.75,3.5,2.7038536512218467,TIME,299856
1786581240000,TRAIN,0.75,3.5,-1.0,SL,2854
1786587240000,TRAIN,0.75,3.5,-0.3610990808912166,TIME,298197
1786593510000,TRAIN,0.75,3.5,0.5110404953967655,TIME,298656
1786624980000,TRAIN,0.75,3.5,-1.0,SL,295353
1786632990000,TRAIN,0.75,3.5,-1.0,SL,251697
1786633320000,TRAIN,0.75,3.5,4.666666666666667,TP,220647
1786653840000,TRAIN,0.75,3.5,-1.0,SL,66305
1786670520000,TRAIN,0.75,3.5,1.5956639566396187,TIME,299843
1786687980000,TRAIN,0.75,3.5,-1.0,SL,62096
1786693650000,TRAIN,0.75,3.5,2.2403306761145023,TIME,298201
1786952010000,TRAIN,0.75,3.5,-1.0,SL,27304
1786953810000,TRAIN,0.75,3.5,1.3827160493823207,TIME,299251
1786961190000,TRAIN,0.75,3.5,-1.0,SL,76952
1786974090000,TRAIN,0.75,3.5,-1.0,SL,177601
1787014200000,TRAIN,0.75,3.5,-1.0,SL,1948
1787023770000,TRAIN,0.75,3.5,0.5543307086612861,TIME,299548
1787047590000,TRAIN,0.75,3.5,-1.0,SL,98554
1787049660000,TRAIN,0.75,3.5,-1.0,SL,6446
1787066490000,TRAIN,0.75,3.5,-1.0,SL,48898
1787082420000,TRAIN,0.75,3.5,-1.0,SL,53246
1787084850000,TRAIN,0.75,3.5,0.8336350834838552,TIME,299098
1787098590000,TRAIN,0.75,3.5,-1.0,SL,217500
1787104830000,TRAIN,0.75,3.5,1.0817847769024997,TIME,299698
1787117580000,TRAIN,0.75,3.5,-1.0,SL,8702
1787140380000,TRAIN,0.75,3.5,1.2926553672312162,TIME,299695
1787141130000,TRAIN,0.75,3.5,-1.0,SL,5105
1787143260000,TRAIN,0.75,3.5,-1.0,SL,44250
1787149170000,TRAIN,0.75,3.5,1.4045648357160279,TIME,299694
1787170380000,TRAIN,0.75,3.5,-1.0,SL,29396
1787184990000,VALID,0.75,3.5,-1.0,SL,35401
1787199990000,VALID,0.75,3.5,4.666666666666667,TP,189450
1787220390000,VALID,0.75,3.5,1.5639849937474601,TIME,298952
1787229570000,VALID,0.75,3.5,-1.0,SL,14245
1787232870000,VALID,0.75,3.5,-1.0,SL,45604
1787234520000,VALID,0.75,3.5,2.1021816017088035,TIME,299848
1787246430000,VALID,0.75,3.5,1.3020599632878416,TIME,299100
1787267280000,VALID,0.75,3.5,-1.0,SL,13496
1787288910000,VALID,0.75,3.5,-1.0,SL,115054
1787298090000,VALID,0.75,3.5,-0.7669452181982671,TIME,299698
1787312280000,VALID,0.75,3.5,4.217037240369402,TIME,299850
1787325840000,VALID,0.75,3.5,-1.0,SL,41701
1787339850000,VALID,0.75,3.5,1.319774011299375,TIME,298948
1787340270000,VALID,0.75,3.5,-1.0,SL,19952
1787527200000,VALID,0.75,3.5,-1.0,SL,11402
1787534100000,VALID,0.75,3.5,-1.0,SL,82051
1787579790000,VALID,0.75,3.5,0.42325861032386763,TIME,299862
1787583030000,VALID,0.75,3.5,-1.0,SL,44994
1787609970000,VALID,0.75,3.5,-1.0,SL,33302
1787630220000,VALID,0.75,3.5,2.749914983336676,TIME,298354
1787647740000,VALID,0.75,3.5,-1.0,SL,79191
1787660070000,VALID,0.75,3.5,-1.0,SL,213905
1787661450000,VALID,0.75,3.5,-1.0,SL,123605
1787664090000,VALID,0.75,3.5,-1.0,SL,32551
1787666490000,VALID,0.75,3.5,-1.0,SL,80406
1787687220000,VALID,0.75,3.5,1.6863123993556457,TIME,299553
1787709300000,VALID,0.75,3.5,2.4534218778822874,TIME,299097
1787723070000,VALID,0.75,3.5,-1.0,SL,32702
1787740170000,VALID,0.75,3.5,2.8250825082510946,TIME,299845
1787749530000,VALID,0.75,3.5,-1.0,SL,261151
1787753850000,VALID,0.75,3.5,-1.0,SL,16346
1787788590000,VALID,0.75,3.5,-1.0,SL,0
1787790000000,VALID,0.75,3.5,-1.0,SL,8100
1787794950000,VALID,0.75,3.5,-1.0,SL,20246
1787798520000,VALID,0.75,3.5,-1.0,SL,157347
1787811390000,VALID,0.75,3.5,2.581123968556483,TIME,299544
1787823090000,VALID,0.75,3.5,-1.0,SL,16203
1787827440000,VALID,0.75,3.5,-1.0,SL,55497
1787834550000,VALID,0.75,3.5,1.4844061355948404,TIME,299699
1787844150000,VALID,0.75,3.5,-1.0,SL,27303
1787854650000,VALID,0.75,3.5,-1.0,SL,77850
1787883540000,VALID,0.75,3.5,-1.0,SL,49949
1787917320000,VALID,0.75,3.5,-1.0,SL,36448
1787924280000,VALID,0.75,3.5,2.13905930470324,TIME,299850
1787925720000,VALID,0.75,3.5,-1.0,SL,25504
1787934900000,VALID,0.75,3.5,1.9737596546257374,TIME,299849
1788141930000,VALID,0.75,3.5,-1.0,SL,32552
1788144150000,VALID,0.75,3.5,0.3250616746480958,TIME,299700
1788181080000,VALID,0.75,3.5,-1.0,SL,3451
1788221790000,VALID,0.75,3.5,4.229420129562438,TIME,299099
1788228720000,VALID,0.75,3.5,-1.0,SL,40197
1788230910000,VALID,0.75,3.5,-1.0,SL,3447
1788258720000,VALID,0.75,3.5,-1.0,SL,9149
1788262410000,VALID,0.75,3.5,-1.0,SL,116099
1788271980000,VALID,0.75,3.5,2.368470751950737,TIME,299702
1788277740000,VALID,0.75,3.5,1.3383521539106076,TIME,299249
1788303150000,VALID,0.75,3.5,0.3097589885421381,TIME,295504
1788321570000,VALID,0.75,3.5,-0.5976856532978203,TIME,297897
1788333960000,VALID,0.75,3.5,-1.0,SL,264899
1788353280000,VALID,0.75,3.5,-1.0,SL,116546
1788356520000,VALID,0.75,3.5,-1.0,SL,7349
1788377820000,VALID,0.75,3.5,2.827517807230348,TIME,299245
1788409740000,VALID,0.75,3.5,1.2108756155001066,TIME,299093
1788416880000,VALID,0.75,3.5,0.8252284114353453,TIME,299099
1788417360000,VALID,0.75,3.5,-1.0,SL,224247
1788439920000,VALID,0.75,3.5,3.2272245467223337,TIME,299849
1788460260000,VALID,0.75,3.5,-1.0,SL,13653
1788461400000,VALID,0.75,3.5,2.812582606397404,TIME,299704
1788486750000,VALID,0.75,3.5,-1.0,SL,31351
1788488160000,VALID,0.75,3.5,-1.0,SL,103353
1788491310000,VALID,0.75,3.5,2.204384674652013,TIME,299703
1788518280000,VALID,0.75,3.5,-1.0,SL,83849
1788535440000,VALID,0.75,3.5,-0.4158737526108114,TIME,299700
1788551280000,VALID,0.75,3.5,-1.0,SL,62408
1788767580000,POST_CHECK,0.75,3.5,-1.0,SL,167699
1788796560000,POST_CHECK,0.75,3.5,-1.0,SL,7793
1788852930000,POST_CHECK,0.75,3.5,-1.0,SL,126150
1788853320000,POST_CHECK,0.75,3.5,-1.0,SL,163345
1788855180000,POST_CHECK,0.75,3.5,-0.35819159761580166,TIME,299099
1788864030000,POST_CHECK,0.75,3.5,-1.0,SL,23254
1788865590000,POST_CHECK,0.75,3.5,-1.0,SL,164253
1788872040000,POST_CHECK,0.75,3.5,3.283950617283937,TIME,299403
1788873690000,POST_CHECK,0.75,3.5,-1.0,SL,8401
1788891840000,POST_CHECK,0.75,3.5,-1.0,SL,19649
1788893880000,POST_CHECK,0.75,3.5,0.1461526552098252,TIME,299698
1788894780000,POST_CHECK,0.75,3.5,-1.0,SL,60749
1788912420000,POST_CHECK,0.75,3.5,4.108452950558125,TIME,299404
1788921270000,POST_CHECK,0.75,3.5,-1.0,SL,43800
1788927510000,POST_CHECK,0.75,3.5,-1.0,SL,9897
1788928650000,POST_CHECK,0.75,3.5,3.5191256830618025,TIME,298646
1788936060000,POST_CHECK,0.75,3.5,-1.0,SL,104398
1788946920000,POST_CHECK,0.75,3.5,-1.0,SL,11247
1788947610000,POST_CHECK,0.75,3.5,4.666666666666667,TP,271351
1788948900000,POST_CHECK,0.75,3.5,-1.0,SL,60295
1788999030000,POST_CHECK,0.75,3.5,-1.0,SL,45300
1789004220000,POST_CHECK,0.75,3.5,0.24590818363301517,TIME,299696
1789006830000,POST_CHECK,0.75,3.5,-1.0,SL,124353
1789007910000,POST_CHECK,0.75,3.5,1.8151724137930867,TIME,299707
1789019610000,POST_CHECK,0.75,3.5,-0.6581196581199371,TIME,299846
1789031820000,POST_CHECK,0.75,3.5,-1.0,SL,40047
1789047570000,POST_CHECK,0.75,3.5,-1.0,SL,76653
1789053690000,POST_CHECK,0.75,3.5,1.3359754439133484,TIME,299395
1789088850000,POST_CHECK,0.75,3.5,-1.0,SL,28799
1789089270000,POST_CHECK,0.75,3.5,-1.0,SL,11248
1789102410000,POST_CHECK,0.75,3.5,-1.0,SL,5998
1789120140000,POST_CHECK,0.75,3.5,-1.0,SL,61048
1789142100000,POST_CHECK,0.75,3.5,-1.0,SL,75448
1789347690000,POST_CHECK,0.75,3.5,-1.0,SL,15295
1789383480000,POST_CHECK,0.75,3.5,-1.0,SL,36595
1789388280000,POST_CHECK,0.75,3.5,4.666666666666667,TP,210148
1789394400000,POST_CHECK,0.75,3.5,-1.0,SL,10503
1789394850000,POST_CHECK,0.75,3.5,-1.0,SL,46951
1789396470000,POST_CHECK,0.75,3.5,-1.0,SL,103802
1789403580000,POST_CHECK,0.75,3.5,-1.0,SL,52204
1789411020000,POST_CHECK,0.75,3.5,-1.0,SL,30751
1789428060000,POST_CHECK,0.75,3.5,-1.0,SL,50401
1789445400000,POST_CHECK,0.75,3.5,-1.0,SL,67955
1789458150000,POST_CHECK,0.75,3.5,4.666666666666667,TP,271801
1789468860000,POST_CHECK,0.75,3.5,3.3769514956498408,TIME,299697
1786060200000,TRAIN,0.75,3.75,3.087803416242304,TIME,298803
1786061580000,TRAIN,0.75,3.75,-1.0,SL,26557
1786072020000,TRAIN,0.75,3.75,-1.0,SL,245853
1786096110000,TRAIN,0.75,3.75,-1.0,SL,17099
1786105620000,TRAIN,0.75,3.75,-1.0,SL,166353
1786332630000,TRAIN,0.75,3.75,-1.0,SL,102600
1786340220000,TRAIN,0.75,3.75,-1.0,SL,75303
1786341540000,TRAIN,0.75,3.75,0.8916072035333972,TIME,299704
1786352040000,TRAIN,0.75,3.75,-1.0,SL,261898
1786358100000,TRAIN,0.75,3.75,-1.0,SL,26403
1786381140000,TRAIN,0.75,3.75,-1.0,SL,38250
1786430640000,TRAIN,0.75,3.75,-1.0,SL,19047
1786438140000,TRAIN,0.75,3.75,-1.0,SL,4198
1786438500000,TRAIN,0.75,3.75,-1.0,SL,165751
1786440810000,TRAIN,0.75,3.75,-0.13493236953084825,TIME,299698
1786451070000,TRAIN,0.75,3.75,1.1944216570962392,TIME,299701
1786454340000,TRAIN,0.75,3.75,-1.0,SL,77250
1786463010000,TRAIN,0.75,3.75,-1.0,SL,75304
1786471950000,TRAIN,0.75,3.75,-1.0,SL,164247
1786493160000,TRAIN,0.75,3.75,-1.0,SL,100802
1786504530000,TRAIN,0.75,3.75,-1.0,SL,54153
1786526850000,TRAIN,0.75,3.75,-1.0,SL,118345
1786550940000,TRAIN,0.75,3.75,-1.0,SL,117903
1786553460000,TRAIN,0.75,3.75,-1.0,SL,52355
1786553820000,TRAIN,0.75,3.75,2.7038536512218467,TIME,299856
1786581240000,TRAIN,0.75,3.75,-1.0,SL,2854
1786587240000,TRAIN,0.75,3.75,-0.3610990808912166,TIME,298197
1786593510000,TRAIN,0.75,3.75,0.5110404953967655,TIME,298656
1786624980000,TRAIN,0.75,3.75,-1.0,SL,295353
1786632990000,TRAIN,0.75,3.75,-1.0,SL,251697
1786633320000,TRAIN,0.75,3.75,5.0,TP,236103
1786653840000,TRAIN,0.75,3.75,-1.0,SL,66305
1786670520000,TRAIN,0.75,3.75,1.5956639566396187,TIME,299843
1786687980000,TRAIN,0.75,3.75,-1.0,SL,62096
1786693650000,TRAIN,0.75,3.75,2.2403306761145023,TIME,298201
1786952010000,TRAIN,0.75,3.75,-1.0,SL,27304
1786953810000,TRAIN,0.75,3.75,1.3827160493823207,TIME,299251
1786961190000,TRAIN,0.75,3.75,-1.0,SL,76952
1786974090000,TRAIN,0.75,3.75,-1.0,SL,177601
1787014200000,TRAIN,0.75,3.75,-1.0,SL,1948
1787023770000,TRAIN,0.75,3.75,0.5543307086612861,TIME,299548
1787047590000,TRAIN,0.75,3.75,-1.0,SL,98554
1787049660000,TRAIN,0.75,3.75,-1.0,SL,6446
1787066490000,TRAIN,0.75,3.75,-1.0,SL,48898
1787082420000,TRAIN,0.75,3.75,-1.0,SL,53246
1787084850000,TRAIN,0.75,3.75,0.8336350834838552,TIME,299098
1787098590000,TRAIN,0.75,3.75,-1.0,SL,217500
1787104830000,TRAIN,0.75,3.75,1.0817847769024997,TIME,299698
1787117580000,TRAIN,0.75,3.75,-1.0,SL,8702
1787140380000,TRAIN,0.75,3.75,1.2926553672312162,TIME,299695
1787141130000,TRAIN,0.75,3.75,-1.0,SL,5105
1787143260000,TRAIN,0.75,3.75,-1.0,SL,44250
1787149170000,TRAIN,0.75,3.75,1.4045648357160279,TIME,299694
1787170380000,TRAIN,0.75,3.75,-1.0,SL,29396
1787184990000,VALID,0.75,3.75,-1.0,SL,35401
1787199990000,VALID,0.75,3.75,5.0,TP,208054
1787220390000,VALID,0.75,3.75,1.5639849937474601,TIME,298952
1787229570000,VALID,0.75,3.75,-1.0,SL,14245
1787232870000,VALID,0.75,3.75,-1.0,SL,45604
1787234520000,VALID,0.75,3.75,2.1021816017088035,TIME,299848
1787246430000,VALID,0.75,3.75,1.3020599632878416,TIME,299100
1787267280000,VALID,0.75,3.75,-1.0,SL,13496
1787288910000,VALID,0.75,3.75,-1.0,SL,115054
1787298090000,VALID,0.75,3.75,-0.7669452181982671,TIME,299698
1787312280000,VALID,0.75,3.75,4.217037240369402,TIME,299850
1787325840000,VALID,0.75,3.75,-1.0,SL,41701
1787339850000,VALID,0.75,3.75,1.319774011299375,TIME,298948
1787340270000,VALID,0.75,3.75,-1.0,SL,19952
1787527200000,VALID,0.75,3.75,-1.0,SL,11402
1787534100000,VALID,0.75,3.75,-1.0,SL,82051
1787579790000,VALID,0.75,3.75,0.42325861032386763,TIME,299862
1787583030000,VALID,0.75,3.75,-1.0,SL,44994
1787609970000,VALID,0.75,3.75,-1.0,SL,33302
1787630220000,VALID,0.75,3.75,2.749914983336676,TIME,298354
1787647740000,VALID,0.75,3.75,-1.0,SL,79191
1787660070000,VALID,0.75,3.75,-1.0,SL,213905
1787661450000,VALID,0.75,3.75,-1.0,SL,123605
1787664090000,VALID,0.75,3.75,-1.0,SL,32551
1787666490000,VALID,0.75,3.75,-1.0,SL,80406
1787687220000,VALID,0.75,3.75,1.6863123993556457,TIME,299553
1787709300000,VALID,0.75,3.75,2.4534218778822874,TIME,299097
1787723070000,VALID,0.75,3.75,-1.0,SL,32702
1787740170000,VALID,0.75,3.75,2.8250825082510946,TIME,299845
1787749530000,VALID,0.75,3.75,-1.0,SL,261151
1787753850000,VALID,0.75,3.75,-1.0,SL,16346
1787788590000,VALID,0.75,3.75,-1.0,SL,0
1787790000000,VALID,0.75,3.75,-1.0,SL,8100
1787794950000,VALID,0.75,3.75,-1.0,SL,20246
1787798520000,VALID,0.75,3.75,-1.0,SL,157347
1787811390000,VALID,0.75,3.75,2.581123968556483,TIME,299544
1787823090000,VALID,0.75,3.75,-1.0,SL,16203
1787827440000,VALID,0.75,3.75,-1.0,SL,55497
1787834550000,VALID,0.75,3.75,1.4844061355948404,TIME,299699
1787844150000,VALID,0.75,3.75,-1.0,SL,27303
1787854650000,VALID,0.75,3.75,-1.0,SL,77850
1787883540000,VALID,0.75,3.75,-1.0,SL,49949
1787917320000,VALID,0.75,3.75,-1.0,SL,36448
1787924280000,VALID,0.75,3.75,2.13905930470324,TIME,299850
1787925720000,VALID,0.75,3.75,-1.0,SL,25504
1787934900000,VALID,0.75,3.75,1.9737596546257374,TIME,299849
1788141930000,VALID,0.75,3.75,-1.0,SL,32552
1788144150000,VALID,0.75,3.75,0.3250616746480958,TIME,299700
1788181080000,VALID,0.75,3.75,-1.0,SL,3451
1788221790000,VALID,0.75,3.75,4.229420129562438,TIME,299099
1788228720000,VALID,0.75,3.75,-1.0,SL,40197
1788230910000,VALID,0.75,3.75,-1.0,SL,3447
1788258720000,VALID,0.75,3.75,-1.0,SL,9149
1788262410000,VALID,0.75,3.75,-1.0,SL,116099
1788271980000,VALID,0.75,3.75,2.368470751950737,TIME,299702
1788277740000,VALID,0.75,3.75,1.3383521539106076,TIME,299249
1788303150000,VALID,0.75,3.75,0.3097589885421381,TIME,295504
1788321570000,VALID,0.75,3.75,-0.5976856532978203,TIME,297897
1788333960000,VALID,0.75,3.75,-1.0,SL,264899
1788353280000,VALID,0.75,3.75,-1.0,SL,116546
1788356520000,VALID,0.75,3.75,-1.0,SL,7349
1788377820000,VALID,0.75,3.75,2.827517807230348,TIME,299245
1788409740000,VALID,0.75,3.75,1.2108756155001066,TIME,299093
1788416880000,VALID,0.75,3.75,0.8252284114353453,TIME,299099
1788417360000,VALID,0.75,3.75,-1.0,SL,224247
1788439920000,VALID,0.75,3.75,3.2272245467223337,TIME,299849
1788460260000,VALID,0.75,3.75,-1.0,SL,13653
1788461400000,VALID,0.75,3.75,2.812582606397404,TIME,299704
1788486750000,VALID,0.75,3.75,-1.0,SL,31351
1788488160000,VALID,0.75,3.75,-1.0,SL,103353
1788491310000,VALID,0.75,3.75,2.204384674652013,TIME,299703
1788518280000,VALID,0.75,3.75,-1.0,SL,83849
1788535440000,VALID,0.75,3.75,-0.4158737526108114,TIME,299700
1788551280000,VALID,0.75,3.75,-1.0,SL,62408
1788767580000,POST_CHECK,0.75,3.75,-1.0,SL,167699
1788796560000,POST_CHECK,0.75,3.75,-1.0,SL,7793
1788852930000,POST_CHECK,0.75,3.75,-1.0,SL,126150
1788853320000,POST_CHECK,0.75,3.75,-1.0,SL,163345
1788855180000,POST_CHECK,0.75,3.75,-0.35819159761580166,TIME,299099
1788864030000,POST_CHECK,0.75,3.75,-1.0,SL,23254
1788865590000,POST_CHECK,0.75,3.75,-1.0,SL,164253
1788872040000,POST_CHECK,0.75,3.75,3.283950617283937,TIME,299403
1788873690000,POST_CHECK,0.75,3.75,-1.0,SL,8401
1788891840000,POST_CHECK,0.75,3.75,-1.0,SL,19649
1788893880000,POST_CHECK,0.75,3.75,0.1461526552098252,TIME,299698
1788894780000,POST_CHECK,0.75,3.75,-1.0,SL,60749
1788912420000,POST_CHECK,0.75,3.75,4.108452950558125,TIME,299404
1788921270000,POST_CHECK,0.75,3.75,-1.0,SL,43800
1788927510000,POST_CHECK,0.75,3.75,-1.0,SL,9897
1788928650000,POST_CHECK,0.75,3.75,3.5191256830618025,TIME,298646
1788936060000,POST_CHECK,0.75,3.75,-1.0,SL,104398
1788946920000,POST_CHECK,0.75,3.75,-1.0,SL,11247
1788947610000,POST_CHECK,0.75,3.75,3.6708085719437418,TIME,299547
1788948900000,POST_CHECK,0.75,3.75,-1.0,SL,60295
1788999030000,POST_CHECK,0.75,3.75,-1.0,SL,45300
1789004220000,POST_CHECK,0.75,3.75,0.24590818363301517,TIME,299696
1789006830000,POST_CHECK,0.75,3.75,-1.0,SL,124353
1789007910000,POST_CHECK,0.75,3.75,1.8151724137930867,TIME,299707
1789019610000,POST_CHECK,0.75,3.75,-0.6581196581199371,TIME,299846
1789031820000,POST_CHECK,0.75,3.75,-1.0,SL,40047
1789047570000,POST_CHECK,0.75,3.75,-1.0,SL,76653
1789053690000,POST_CHECK,0.75,3.75,1.3359754439133484,TIME,299395
1789088850000,POST_CHECK,0.75,3.75,-1.0,SL,28799
1789089270000,POST_CHECK,0.75,3.75,-1.0,SL,11248
1789102410000,POST_CHECK,0.75,3.75,-1.0,SL,5998
1789120140000,POST_CHECK,0.75,3.75,-1.0,SL,61048
1789142100000,POST_CHECK,0.75,3.75,-1.0,SL,75448
1789347690000,POST_CHECK,0.75,3.75,-1.0,SL,15295
1789383480000,POST_CHECK,0.75,3.75,-1.0,SL,36595
1789388280000,POST_CHECK,0.75,3.75,5.0,TP,240146
1789394400000,POST_CHECK,0.75,3.75,-1.0,SL,10503
1789394850000,POST_CHECK,0.75,3.75,-1.0,SL,46951
1789396470000,POST_CHECK,0.75,3.75,-1.0,SL,103802
1789403580000,POST_CHECK,0.75,3.75,-1.0,SL,52204
1789411020000,POST_CHECK,0.75,3.75,-1.0,SL,30751
1789428060000,POST_CHECK,0.75,3.75,-1.0,SL,50401
1789445400000,POST_CHECK,0.75,3.75,-1.0,SL,67955
1789458150000,POST_CHECK,0.75,3.75,5.0,TP,271944
1789468860000,POST_CHECK,0.75,3.75,3.3769514956498408,TIME,299697
1786060200000,TRAIN,0.75,4.0,3.087803416242304,TIME,298803
1786061580000,TRAIN,0.75,4.0,-1.0,SL,26557
1786072020000,TRAIN,0.75,4.0,-1.0,SL,245853
1786096110000,TRAIN,0.75,4.0,-1.0,SL,17099
1786105620000,TRAIN,0.75,4.0,-1.0,SL,166353
1786332630000,TRAIN,0.75,4.0,-1.0,SL,102600
1786340220000,TRAIN,0.75,4.0,-1.0,SL,75303
1786341540000,TRAIN,0.75,4.0,0.8916072035333972,TIME,299704
1786352040000,TRAIN,0.75,4.0,-1.0,SL,261898
1786358100000,TRAIN,0.75,4.0,-1.0,SL,26403
1786381140000,TRAIN,0.75,4.0,-1.0,SL,38250
1786430640000,TRAIN,0.75,4.0,-1.0,SL,19047
1786438140000,TRAIN,0.75,4.0,-1.0,SL,4198
1786438500000,TRAIN,0.75,4.0,-1.0,SL,165751
1786440810000,TRAIN,0.75,4.0,-0.13493236953084825,TIME,299698
1786451070000,TRAIN,0.75,4.0,1.1944216570962392,TIME,299701
1786454340000,TRAIN,0.75,4.0,-1.0,SL,77250
1786463010000,TRAIN,0.75,4.0,-1.0,SL,75304
1786471950000,TRAIN,0.75,4.0,-1.0,SL,164247
1786493160000,TRAIN,0.75,4.0,-1.0,SL,100802
1786504530000,TRAIN,0.75,4.0,-1.0,SL,54153
1786526850000,TRAIN,0.75,4.0,-1.0,SL,118345
1786550940000,TRAIN,0.75,4.0,-1.0,SL,117903
1786553460000,TRAIN,0.75,4.0,-1.0,SL,52355
1786553820000,TRAIN,0.75,4.0,2.7038536512218467,TIME,299856
1786581240000,TRAIN,0.75,4.0,-1.0,SL,2854
1786587240000,TRAIN,0.75,4.0,-0.3610990808912166,TIME,298197
1786593510000,TRAIN,0.75,4.0,0.5110404953967655,TIME,298656
1786624980000,TRAIN,0.75,4.0,-1.0,SL,295353
1786632990000,TRAIN,0.75,4.0,-1.0,SL,251697
1786633320000,TRAIN,0.75,4.0,5.333333333333333,TP,254703
1786653840000,TRAIN,0.75,4.0,-1.0,SL,66305
1786670520000,TRAIN,0.75,4.0,1.5956639566396187,TIME,299843
1786687980000,TRAIN,0.75,4.0,-1.0,SL,62096
1786693650000,TRAIN,0.75,4.0,2.2403306761145023,TIME,298201
1786952010000,TRAIN,0.75,4.0,-1.0,SL,27304
1786953810000,TRAIN,0.75,4.0,1.3827160493823207,TIME,299251
1786961190000,TRAIN,0.75,4.0,-1.0,SL,76952
1786974090000,TRAIN,0.75,4.0,-1.0,SL,177601
1787014200000,TRAIN,0.75,4.0,-1.0,SL,1948
1787023770000,TRAIN,0.75,4.0,0.5543307086612861,TIME,299548
1787047590000,TRAIN,0.75,4.0,-1.0,SL,98554
1787049660000,TRAIN,0.75,4.0,-1.0,SL,6446
1787066490000,TRAIN,0.75,4.0,-1.0,SL,48898
1787082420000,TRAIN,0.75,4.0,-1.0,SL,53246
1787084850000,TRAIN,0.75,4.0,0.8336350834838552,TIME,299098
1787098590000,TRAIN,0.75,4.0,-1.0,SL,217500
1787104830000,TRAIN,0.75,4.0,1.0817847769024997,TIME,299698
1787117580000,TRAIN,0.75,4.0,-1.0,SL,8702
1787140380000,TRAIN,0.75,4.0,1.2926553672312162,TIME,299695
1787141130000,TRAIN,0.75,4.0,-1.0,SL,5105
1787143260000,TRAIN,0.75,4.0,-1.0,SL,44250
1787149170000,TRAIN,0.75,4.0,1.4045648357160279,TIME,299694
1787170380000,TRAIN,0.75,4.0,-1.0,SL,29396
1787184990000,VALID,0.75,4.0,-1.0,SL,35401
1787199990000,VALID,0.75,4.0,5.333333333333333,TP,211803
1787220390000,VALID,0.75,4.0,1.5639849937474601,TIME,298952
1787229570000,VALID,0.75,4.0,-1.0,SL,14245
1787232870000,VALID,0.75,4.0,-1.0,SL,45604
1787234520000,VALID,0.75,4.0,2.1021816017088035,TIME,299848
1787246430000,VALID,0.75,4.0,1.3020599632878416,TIME,299100
1787267280000,VALID,0.75,4.0,-1.0,SL,13496
1787288910000,VALID,0.75,4.0,-1.0,SL,115054
1787298090000,VALID,0.75,4.0,-0.7669452181982671,TIME,299698
1787312280000,VALID,0.75,4.0,4.217037240369402,TIME,299850
1787325840000,VALID,0.75,4.0,-1.0,SL,41701
1787339850000,VALID,0.75,4.0,1.319774011299375,TIME,298948
1787340270000,VALID,0.75,4.0,-1.0,SL,19952
1787527200000,VALID,0.75,4.0,-1.0,SL,11402
1787534100000,VALID,0.75,4.0,-1.0,SL,82051
1787579790000,VALID,0.75,4.0,0.42325861032386763,TIME,299862
1787583030000,VALID,0.75,4.0,-1.0,SL,44994
1787609970000,VALID,0.75,4.0,-1.0,SL,33302
1787630220000,VALID,0.75,4.0,2.749914983336676,TIME,298354
1787647740000,VALID,0.75,4.0,-1.0,SL,79191
1787660070000,VALID,0.75,4.0,-1.0,SL,213905
1787661450000,VALID,0.75,4.0,-1.0,SL,123605
1787664090000,VALID,0.75,4.0,-1.0,SL,32551
1787666490000,VALID,0.75,4.0,-1.0,SL,80406
1787687220000,VALID,0.75,4.0,1.6863123993556457,TIME,299553
1787709300000,VALID,0.75,4.0,2.4534218778822874,TIME,299097
1787723070000,VALID,0.75,4.0,-1.0,SL,32702
1787740170000,VALID,0.75,4.0,2.8250825082510946,TIME,299845
1787749530000,VALID,0.75,4.0,-1.0,SL,261151
1787753850000,VALID,0.75,4.0,-1.0,SL,16346
1787788590000,VALID,0.75,4.0,-1.0,SL,0
1787790000000,VALID,0.75,4.0,-1.0,SL,8100
1787794950000,VALID,0.75,4.0,-1.0,SL,20246
1787798520000,VALID,0.75,4.0,-1.0,SL,157347
1787811390000,VALID,0.75,4.0,2.581123968556483,TIME,299544
1787823090000,VALID,0.75,4.0,-1.0,SL,16203
1787827440000,VALID,0.75,4.0,-1.0,SL,55497
1787834550000,VALID,0.75,4.0,1.4844061355948404,TIME,299699
1787844150000,VALID,0.75,4.0,-1.0,SL,27303
1787854650000,VALID,0.75,4.0,-1.0,SL,77850
1787883540000,VALID,0.75,4.0,-1.0,SL,49949
1787917320000,VALID,0.75,4.0,-1.0,SL,36448
1787924280000,VALID,0.75,4.0,2.13905930470324,TIME,299850
1787925720000,VALID,0.75,4.0,-1.0,SL,25504
1787934900000,VALID,0.75,4.0,1.9737596546257374,TIME,299849
1788141930000,VALID,0.75,4.0,-1.0,SL,32552
1788144150000,VALID,0.75,4.0,0.3250616746480958,TIME,299700
1788181080000,VALID,0.75,4.0,-1.0,SL,3451
1788221790000,VALID,0.75,4.0,4.229420129562438,TIME,299099
1788228720000,VALID,0.75,4.0,-1.0,SL,40197
1788230910000,VALID,0.75,4.0,-1.0,SL,3447
1788258720000,VALID,0.75,4.0,-1.0,SL,9149
1788262410000,VALID,0.75,4.0,-1.0,SL,116099
1788271980000,VALID,0.75,4.0,2.368470751950737,TIME,299702
1788277740000,VALID,0.75,4.0,1.3383521539106076,TIME,299249
1788303150000,VALID,0.75,4.0,0.3097589885421381,TIME,295504
1788321570000,VALID,0.75,4.0,-0.5976856532978203,TIME,297897
1788333960000,VALID,0.75,4.0,-1.0,SL,264899
1788353280000,VALID,0.75,4.0,-1.0,SL,116546
1788356520000,VALID,0.75,4.0,-1.0,SL,7349
1788377820000,VALID,0.75,4.0,2.827517807230348,TIME,299245
1788409740000,VALID,0.75,4.0,1.2108756155001066,TIME,299093
1788416880000,VALID,0.75,4.0,0.8252284114353453,TIME,299099
1788417360000,VALID,0.75,4.0,-1.0,SL,224247
1788439920000,VALID,0.75,4.0,3.2272245467223337,TIME,299849
1788460260000,VALID,0.75,4.0,-1.0,SL,13653
1788461400000,VALID,0.75,4.0,2.812582606397404,TIME,299704
1788486750000,VALID,0.75,4.0,-1.0,SL,31351
1788488160000,VALID,0.75,4.0,-1.0,SL,103353
1788491310000,VALID,0.75,4.0,2.204384674652013,TIME,299703
1788518280000,VALID,0.75,4.0,-1.0,SL,83849
1788535440000,VALID,0.75,4.0,-0.4158737526108114,TIME,299700
1788551280000,VALID,0.75,4.0,-1.0,SL,62408
1788767580000,POST_CHECK,0.75,4.0,-1.0,SL,167699
1788796560000,POST_CHECK,0.75,4.0,-1.0,SL,7793
1788852930000,POST_CHECK,0.75,4.0,-1.0,SL,126150
1788853320000,POST_CHECK,0.75,4.0,-1.0,SL,163345
1788855180000,POST_CHECK,0.75,4.0,-0.35819159761580166,TIME,299099
1788864030000,POST_CHECK,0.75,4.0,-1.0,SL,23254
1788865590000,POST_CHECK,0.75,4.0,-1.0,SL,164253
1788872040000,POST_CHECK,0.75,4.0,3.283950617283937,TIME,299403
1788873690000,POST_CHECK,0.75,4.0,-1.0,SL,8401
1788891840000,POST_CHECK,0.75,4.0,-1.0,SL,19649
1788893880000,POST_CHECK,0.75,4.0,0.1461526552098252,TIME,299698
1788894780000,POST_CHECK,0.75,4.0,-1.0,SL,60749
1788912420000,POST_CHECK,0.75,4.0,4.108452950558125,TIME,299404
1788921270000,POST_CHECK,0.75,4.0,-1.0,SL,43800
1788927510000,POST_CHECK,0.75,4.0,-1.0,SL,9897
1788928650000,POST_CHECK,0.75,4.0,3.5191256830618025,TIME,298646
1788936060000,POST_CHECK,0.75,4.0,-1.0,SL,104398
1788946920000,POST_CHECK,0.75,4.0,-1.0,SL,11247
1788947610000,POST_CHECK,0.75,4.0,3.6708085719437418,TIME,299547
1788948900000,POST_CHECK,0.75,4.0,-1.0,SL,60295
1788999030000,POST_CHECK,0.75,4.0,-1.0,SL,45300
1789004220000,POST_CHECK,0.75,4.0,0.24590818363301517,TIME,299696
1789006830000,POST_CHECK,0.75,4.0,-1.0,SL,124353
1789007910000,POST_CHECK,0.75,4.0,1.8151724137930867,TIME,299707
1789019610000,POST_CHECK,0.75,4.0,-0.6581196581199371,TIME,299846
1789031820000,POST_CHECK,0.75,4.0,-1.0,SL,40047
1789047570000,POST_CHECK,0.75,4.0,-1.0,SL,76653
1789053690000,POST_CHECK,0.75,4.0,1.3359754439133484,TIME,299395
1789088850000,POST_CHECK,0.75,4.0,-1.0,SL,28799
1789089270000,POST_CHECK,0.75,4.0,-1.0,SL,11248
1789102410000,POST_CHECK,0.75,4.0,-1.0,SL,5998
1789120140000,POST_CHECK,0.75,4.0,-1.0,SL,61048
1789142100000,POST_CHECK,0.75,4.0,-1.0,SL,75448
1789347690000,POST_CHECK,0.75,4.0,-1.0,SL,15295
1789383480000,POST_CHECK,0.75,4.0,-1.0,SL,36595
1789388280000,POST_CHECK,0.75,4.0,4.555670458461572,TIME,299243
1789394400000,POST_CHECK,0.75,4.0,-1.0,SL,10503
1789394850000,POST_CHECK,0.75,4.0,-1.0,SL,46951
1789396470000,POST_CHECK,0.75,4.0,-1.0,SL,103802
1789403580000,POST_CHECK,0.75,4.0,-1.0,SL,52204
1789411020000,POST_CHECK,0.75,4.0,-1.0,SL,30751
1789428060000,POST_CHECK,0.75,4.0,-1.0,SL,50401
1789445400000,POST_CHECK,0.75,4.0,-1.0,SL,67955
1789458150000,POST_CHECK,0.75,4.0,5.333333333333333,TP,271944
1789468860000,POST_CHECK,0.75,4.0,3.3769514956498408,TIME,299697
1786060200000,TRAIN,1.0,1.5,1.5,TP,105299
1786061580000,TRAIN,1.0,1.5,-1.0,SL,29402
1786072020000,TRAIN,1.0,1.5,-1.0,SL,248999
1786096110000,TRAIN,1.0,1.5,-1.0,SL,42895
1786105620000,TRAIN,1.0,1.5,1.5,TP,97352
1786332630000,TRAIN,1.0,1.5,-1.0,SL,105152
1786340220000,TRAIN,1.0,1.5,1.5,TP,209996
1786341540000,TRAIN,1.0,1.5,1.5,TP,242551
1786352040000,TRAIN,1.0,1.5,1.5,TP,141145
1786358100000,TRAIN,1.0,1.5,-1.0,SL,34202
1786381140000,TRAIN,1.0,1.5,-1.0,SL,55051
1786430640000,TRAIN,1.0,1.5,-1.0,SL,23701
1786438140000,TRAIN,1.0,1.5,1.5,TP,89549
1786438500000,TRAIN,1.0,1.5,-1.0,SL,243002
1786440810000,TRAIN,1.0,1.5,-0.10119927714813617,TIME,299698
1786451070000,TRAIN,1.0,1.5,0.8958162428221793,TIME,299701
1786454340000,TRAIN,1.0,1.5,-1.0,SL,94798
1786463010000,TRAIN,1.0,1.5,-1.0,SL,160052
1786471950000,TRAIN,1.0,1.5,-1.0,SL,179846
1786493160000,TRAIN,1.0,1.5,-1.0,SL,142655
1786504530000,TRAIN,1.0,1.5,-1.0,SL,81896
1786526850000,TRAIN,1.0,1.5,-1.0,SL,134398
1786550940000,TRAIN,1.0,1.5,-1.0,SL,118503
1786553460000,TRAIN,1.0,1.5,-1.0,SL,178203
1786553820000,TRAIN,1.0,1.5,1.5,TP,248399
1786581240000,TRAIN,1.0,1.5,-1.0,SL,5553
1786587240000,TRAIN,1.0,1.5,-0.2708243106684125,TIME,298197
1786593510000,TRAIN,1.0,1.5,1.5,TP,165001
1786624980000,TRAIN,1.0,1.5,-0.7946964988605154,TIME,299702
1786632990000,TRAIN,1.0,1.5,-0.23927765237050413,TIME,299395
1786633320000,TRAIN,1.0,1.5,1.5,TP,154047
1786653840000,TRAIN,1.0,1.5,-1.0,SL,66455
1786670520000,TRAIN,1.0,1.5,1.5,TP,100798
1786687980000,TRAIN,1.0,1.5,-0.39731142643773093,TIME,299701
1786693650000,TRAIN,1.0,1.5,1.5,TP,138451
1786952010000,TRAIN,1.0,1.5,1.5,TP,217204
1786953810000,TRAIN,1.0,1.5,1.5,TP,185097
1786961190000,TRAIN,1.0,1.5,-1.0,SL,88349
1786974090000,TRAIN,1.0,1.5,0.07283856159145949,TIME,299706
1787014200000,TRAIN,1.0,1.5,-1.0,SL,68400
1787023770000,TRAIN,1.0,1.5,0.41574803149596457,TIME,299548
1787047590000,TRAIN,1.0,1.5,-1.0,SL,100048
1787049660000,TRAIN,1.0,1.5,-1.0,SL,69748
1787066490000,TRAIN,1.0,1.5,-1.0,SL,169656
1787082420000,TRAIN,1.0,1.5,-1.0,SL,57899
1787084850000,TRAIN,1.0,1.5,0.6252263126128913,TIME,299098
1787098590000,TRAIN,1.0,1.5,-0.716360116166281,TIME,299701
1787104830000,TRAIN,1.0,1.5,1.5,TP,144595
1787117580000,TRAIN,1.0,1.5,-1.0,SL,9900
1787140380000,TRAIN,1.0,1.5,0.9694915254234121,TIME,299695
1787141130000,TRAIN,1.0,1.5,-1.0,SL,10654
1787143260000,TRAIN,1.0,1.5,-1.0,SL,48900
1787149170000,TRAIN,1.0,1.5,1.053423626787021,TIME,299694
1787170380000,TRAIN,1.0,1.5,-1.0,SL,29548
1787184990000,VALID,1.0,1.5,-1.0,SL,45597
1787199990000,VALID,1.0,1.5,1.5,TP,119704
1787220390000,VALID,1.0,1.5,1.5,TP,185551
1787229570000,VALID,1.0,1.5,-1.0,SL,21445
1787232870000,VALID,1.0,1.5,-1.0,SL,45897
1787234520000,VALID,1.0,1.5,1.5,TP,146097
1787246430000,VALID,1.0,1.5,1.5,TP,38696
1787267280000,VALID,1.0,1.5,-1.0,SL,13496
1787288910000,VALID,1.0,1.5,-1.0,SL,115054
1787298090000,VALID,1.0,1.5,-0.5752089136487003,TIME,299698
1787312280000,VALID,1.0,1.5,1.5,TP,92099
1787325840000,VALID,1.0,1.5,-1.0,SL,65556
1787339850000,VALID,1.0,1.5,0.9898305084745311,TIME,298948
1787340270000,VALID,1.0,1.5,-1.0,SL,80100
1787527200000,VALID,1.0,1.5,-1.0,SL,32849
1787534100000,VALID,1.0,1.5,-1.0,SL,95547
1787579790000,VALID,1.0,1.5,0.31744395774290074,TIME,299862
1787583030000,VALID,1.0,1.5,-1.0,SL,44994
1787609970000,VALID,1.0,1.5,-0.41801272638261455,TIME,299399
1787630220000,VALID,1.0,1.5,1.5,TP,98256
1787647740000,VALID,1.0,1.5,-1.0,SL,145644
1787660070000,VALID,1.0,1.5,-1.0,SL,243453
1787661450000,VALID,1.0,1.5,-1.0,SL,123749
1787664090000,VALID,1.0,1.5,-1.0,SL,33601
1787666490000,VALID,1.0,1.5,-1.0,SL,81157
1787687220000,VALID,1.0,1.5,1.5,TP,136496
1787709300000,VALID,1.0,1.5,1.5,TP,137546
1787723070000,VALID,1.0,1.5,-1.0,SL,37205
1787740170000,VALID,1.0,1.5,1.5,TP,138898
1787749530000,VALID,1.0,1.5,-0.2140929535231397,TIME,299859
1787753850000,VALID,1.0,1.5,-1.0,SL,221552
1787788590000,VALID,1.0,1.5,-1.0,SL,28646
1787790000000,VALID,1.0,1.5,-1.0,SL,9449
1787794950000,VALID,1.0,1.5,-1.0,SL,23996
1787798520000,VALID,1.0,1.5,-1.0,SL,164403
1787811390000,VALID,1.0,1.5,1.5,TP,280949
1787823090000,VALID,1.0,1.5,-1.0,SL,111152
1787827440000,VALID,1.0,1.5,-1.0,SL,111748
1787834550000,VALID,1.0,1.5,1.5,TP,257549
1787844150000,VALID,1.0,1.5,-1.0,SL,30455
1787854650000,VALID,1.0,1.5,-1.0,SL,93304
1787883540000,VALID,1.0,1.5,-1.0,SL,155705
1787917320000,VALID,1.0,1.5,-1.0,SL,41405
1787924280000,VALID,1.0,1.5,1.5,TP,290251
1787925720000,VALID,1.0,1.5,-1.0,SL,25953
1787934900000,VALID,1.0,1.5,1.5,TP,238944
1788141930000,VALID,1.0,1.5,-1.0,SL,167547
1788144150000,VALID,1.0,1.5,0.24379625598607188,TIME,299700
1788181080000,VALID,1.0,1.5,-1.0,SL,15001
1788221790000,VALID,1.0,1.5,1.5,TP,186150
1788228720000,VALID,1.0,1.5,-1.0,SL,40644
1788230910000,VALID,1.0,1.5,-1.0,SL,23099
1788258720000,VALID,1.0,1.5,-1.0,SL,12298
1788262410000,VALID,1.0,1.5,-1.0,SL,132604
1788271980000,VALID,1.0,1.5,1.5,TP,122550
1788277740000,VALID,1.0,1.5,1.5,TP,143700
1788303150000,VALID,1.0,1.5,0.2323192414066036,TIME,295504
1788321570000,VALID,1.0,1.5,-0.44826423997336523,TIME,297897
1788333960000,VALID,1.0,1.5,0.2521260630314939,TIME,299252
1788353280000,VALID,1.0,1.5,1.5,TP,288605
1788356520000,VALID,1.0,1.5,-1.0,SL,62996
1788377820000,VALID,1.0,1.5,1.5,TP,206251
1788409740000,VALID,1.0,1.5,0.9081567116250799,TIME,299093
1788416880000,VALID,1.0,1.5,0.618921308576509,TIME,299099
1788417360000,VALID,1.0,1.5,0.00914136467535621,TIME,299848
1788439920000,VALID,1.0,1.5,1.5,TP,128097
1788460260000,VALID,1.0,1.5,-1.0,SL,15150
1788461400000,VALID,1.0,1.5,1.5,TP,236853
1788486750000,VALID,1.0,1.5,-1.0,SL,70801
1788488160000,VALID,1.0,1.5,-1.0,SL,124801
1788491310000,VALID,1.0,1.5,1.5,TP,122844
1788518280000,VALID,1.0,1.5,-1.0,SL,98997
1788535440000,VALID,1.0,1.5,-0.31190531445810854,TIME,299700
1788551280000,VALID,1.0,1.5,0.21981591770433323,TIME,299849
1788767580000,POST_CHECK,1.0,1.5,-1.0,SL,167699
1788796560000,POST_CHECK,1.0,1.5,-1.0,SL,9895
1788852930000,POST_CHECK,1.0,1.5,-1.0,SL,129744
1788853320000,POST_CHECK,1.0,1.5,-1.0,SL,237299
1788855180000,POST_CHECK,1.0,1.5,-0.26864369821185125,TIME,299099
1788864030000,POST_CHECK,1.0,1.5,-1.0,SL,37952
1788865590000,POST_CHECK,1.0,1.5,-1.0,SL,164253
1788872040000,POST_CHECK,1.0,1.5,1.5,TP,119999
1788873690000,POST_CHECK,1.0,1.5,-1.0,SL,205203
1788891840000,POST_CHECK,1.0,1.5,-1.0,SL,24299
1788893880000,POST_CHECK,1.0,1.5,0.10961449140736892,TIME,299698
1788894780000,POST_CHECK,1.0,1.5,-1.0,SL,77395
1788912420000,POST_CHECK,1.0,1.5,1.5,TP,112951
1788921270000,POST_CHECK,1.0,1.5,-1.0,SL,50248
1788927510000,POST_CHECK,1.0,1.5,-1.0,SL,11550
1788928650000,POST_CHECK,1.0,1.5,1.5,TP,131698
1788936060000,POST_CHECK,1.0,1.5,-1.0,SL,104398
1788946920000,POST_CHECK,1.0,1.5,-1.0,SL,30601
1788947610000,POST_CHECK,1.0,1.5,1.5,TP,78751
1788948900000,POST_CHECK,1.0,1.5,-1.0,SL,61049
1788999030000,POST_CHECK,1.0,1.5,-1.0,SL,50999
1789004220000,POST_CHECK,1.0,1.5,0.18443113772476136,TIME,299696
1789006830000,POST_CHECK,1.0,1.5,-1.0,SL,128253
1789007910000,POST_CHECK,1.0,1.5,1.5,TP,49049
1789019610000,POST_CHECK,1.0,1.5,-0.49358974358995283,TIME,299846
1789031820000,POST_CHECK,1.0,1.5,0.4579780755179438,TIME,298500
1789047570000,POST_CHECK,1.0,1.5,0.6331074540174741,TIME,299852
1789053690000,POST_CHECK,1.0,1.5,1.0019815829350114,TIME,299395
1789088850000,POST_CHECK,1.0,1.5,-1.0,SL,37198
1789089270000,POST_CHECK,1.0,1.5,-1.0,SL,35850
1789102410000,POST_CHECK,1.0,1.5,-1.0,SL,7498
1789120140000,POST_CHECK,1.0,1.5,-1.0,SL,61805
1789142100000,POST_CHECK,1.0,1.5,-1.0,SL,99904
1789347690000,POST_CHECK,1.0,1.5,-1.0,SL,15746
1789383480000,POST_CHECK,1.0,1.5,-1.0,SL,40500
1789388280000,POST_CHECK,1.0,1.5,1.5,TP,63445
1789394400000,POST_CHECK,1.0,1.5,1.5,TP,233705
1789394850000,POST_CHECK,1.0,1.5,-1.0,SL,151948
1789396470000,POST_CHECK,1.0,1.5,-1.0,SL,110547
1789403580000,POST_CHECK,1.0,1.5,-0.32004942848350837,TIME,299552
1789411020000,POST_CHECK,1.0,1.5,-1.0,SL,178205
1789428060000,POST_CHECK,1.0,1.5,-1.0,SL,50696
1789445400000,POST_CHECK,1.0,1.5,-1.0,SL,68401
1789458150000,POST_CHECK,1.0,1.5,1.5,TP,151644
1789468860000,POST_CHECK,1.0,1.5,1.5,TP,71853
1786060200000,TRAIN,1.0,1.75,1.75,TP,114451
1786061580000,TRAIN,1.0,1.75,-1.0,SL,29402
1786072020000,TRAIN,1.0,1.75,-1.0,SL,248999
1786096110000,TRAIN,1.0,1.75,-1.0,SL,42895
1786105620000,TRAIN,1.0,1.75,-1.0,SL,166353
1786332630000,TRAIN,1.0,1.75,-1.0,SL,105152
1786340220000,TRAIN,1.0,1.75,1.75,TP,214799
1786341540000,TRAIN,1.0,1.75,0.6687054026500479,TIME,299704
1786352040000,TRAIN,1.0,1.75,-1.0,SL,263551
1786358100000,TRAIN,1.0,1.75,-1.0,SL,34202
1786381140000,TRAIN,1.0,1.75,-1.0,SL,55051
1786430640000,TRAIN,1.0,1.75,-1.0,SL,23701
1786438140000,TRAIN,1.0,1.75,1.75,TP,90898
1786438500000,TRAIN,1.0,1.75,-1.0,SL,243002
1786440810000,TRAIN,1.0,1.75,-0.10119927714813617,TIME,299698
1786451070000,TRAIN,1.0,1.75,0.8958162428221793,TIME,299701
1786454340000,TRAIN,1.0,1.75,-1.0,SL,94798
1786463010000,TRAIN,1.0,1.75,-1.0,SL,160052
1786471950000,TRAIN,1.0,1.75,-1.0,SL,179846
1786493160000,TRAIN,1.0,1.75,-1.0,SL,142655
1786504530000,TRAIN,1.0,1.75,-1.0,SL,81896
1786526850000,TRAIN,1.0,1.75,-1.0,SL,134398
1786550940000,TRAIN,1.0,1.75,-1.0,SL,118503
1786553460000,TRAIN,1.0,1.75,-1.0,SL,178203
1786553820000,TRAIN,1.0,1.75,1.75,TP,253203
1786581240000,TRAIN,1.0,1.75,-1.0,SL,5553
1786587240000,TRAIN,1.0,1.75,-0.2708243106684125,TIME,298197
1786593510000,TRAIN,1.0,1.75,1.75,TP,165147
1786624980000,TRAIN,1.0,1.75,-0.7946964988605154,TIME,299702
1786632990000,TRAIN,1.0,1.75,-0.23927765237050413,TIME,299395
1786633320000,TRAIN,1.0,1.75,1.75,TP,154047
1786653840000,TRAIN,1.0,1.75,-1.0,SL,66455
1786670520000,TRAIN,1.0,1.75,1.75,TP,140098
1786687980000,TRAIN,1.0,1.75,-0.39731142643773093,TIME,299701
1786693650000,TRAIN,1.0,1.75,1.75,TP,165305
1786952010000,TRAIN,1.0,1.75,1.75,TP,246001
1786953810000,TRAIN,1.0,1.75,1.0370370370367405,TIME,299251
1786961190000,TRAIN,1.0,1.75,-1.0,SL,88349
1786974090000,TRAIN,1.0,1.75,0.07283856159145949,TIME,299706
1787014200000,TRAIN,1.0,1.75,-1.0,SL,68400
1787023770000,TRAIN,1.0,1.75,0.41574803149596457,TIME,299548
1787047590000,TRAIN,1.0,1.75,-1.0,SL,100048
1787049660000,TRAIN,1.0,1.75,-1.0,SL,69748
1787066490000,TRAIN,1.0,1.75,-1.0,SL,169656
1787082420000,TRAIN,1.0,1.75,-1.0,SL,57899
1787084850000,TRAIN,1.0,1.75,0.6252263126128913,TIME,299098
1787098590000,TRAIN,1.0,1.75,-0.716360116166281,TIME,299701
1787104830000,TRAIN,1.0,1.75,1.75,TP,155249
1787117580000,TRAIN,1.0,1.75,-1.0,SL,9900
1787140380000,TRAIN,1.0,1.75,0.9694915254234121,TIME,299695
1787141130000,TRAIN,1.0,1.75,-1.0,SL,10654
1787143260000,TRAIN,1.0,1.75,-1.0,SL,48900
1787149170000,TRAIN,1.0,1.75,1.053423626787021,TIME,299694
1787170380000,TRAIN,1.0,1.75,-1.0,SL,29548
1787184990000,VALID,1.0,1.75,-1.0,SL,45597
1787199990000,VALID,1.0,1.75,1.75,TP,167701
1787220390000,VALID,1.0,1.75,1.1729887453105952,TIME,298952
1787229570000,VALID,1.0,1.75,-1.0,SL,21445
1787232870000,VALID,1.0,1.75,-1.0,SL,45897
1787234520000,VALID,1.0,1.75,1.75,TP,165451
1787246430000,VALID,1.0,1.75,1.75,TP,112200
1787267280000,VALID,1.0,1.75,-1.0,SL,13496
1787288910000,VALID,1.0,1.75,-1.0,SL,115054
1787298090000,VALID,1.0,1.75,-0.5752089136487003,TIME,299698
1787312280000,VALID,1.0,1.75,1.75,TP,100498
1787325840000,VALID,1.0,1.75,-1.0,SL,65556
1787339850000,VALID,1.0,1.75,0.9898305084745311,TIME,298948
1787340270000,VALID,1.0,1.75,-1.0,SL,80100
1787527200000,VALID,1.0,1.75,-1.0,SL,32849
1787534100000,VALID,1.0,1.75,-1.0,SL,95547
1787579790000,VALID,1.0,1.75,0.31744395774290074,TIME,299862
1787583030000,VALID,1.0,1.75,-1.0,SL,44994
1787609970000,VALID,1.0,1.75,-0.41801272638261455,TIME,299399
1787630220000,VALID,1.0,1.75,1.75,TP,204006
1787647740000,VALID,1.0,1.75,-1.0,SL,145644
1787660070000,VALID,1.0,1.75,-1.0,SL,243453
1787661450000,VALID,1.0,1.75,-1.0,SL,123749
1787664090000,VALID,1.0,1.75,-1.0,SL,33601
1787666490000,VALID,1.0,1.75,-1.0,SL,81157
1787687220000,VALID,1.0,1.75,1.75,TP,171150
1787709300000,VALID,1.0,1.75,1.75,TP,156896
1787723070000,VALID,1.0,1.75,-1.0,SL,37205
1787740170000,VALID,1.0,1.75,1.75,TP,158100
1787749530000,VALID,1.0,1.75,-0.2140929535231397,TIME,299859
1787753850000,VALID,1.0,1.75,-1.0,SL,221552
1787788590000,VALID,1.0,1.75,-1.0,SL,28646
1787790000000,VALID,1.0,1.75,-1.0,SL,9449
1787794950000,VALID,1.0,1.75,-1.0,SL,23996
1787798520000,VALID,1.0,1.75,-1.0,SL,164403
1787811390000,VALID,1.0,1.75,1.75,TP,285146
1787823090000,VALID,1.0,1.75,-1.0,SL,111152
1787827440000,VALID,1.0,1.75,-1.0,SL,111748
1787834550000,VALID,1.0,1.75,1.1133046016961303,TIME,299699
1787844150000,VALID,1.0,1.75,-1.0,SL,30455
1787854650000,VALID,1.0,1.75,-1.0,SL,93304
1787883540000,VALID,1.0,1.75,-1.0,SL,155705
1787917320000,VALID,1.0,1.75,-1.0,SL,41405
1787924280000,VALID,1.0,1.75,1.75,TP,295650
1787925720000,VALID,1.0,1.75,-1.0,SL,25953
1787934900000,VALID,1.0,1.75,1.480319740969303,TIME,299849
1788141930000,VALID,1.0,1.75,-1.0,SL,167547
1788144150000,VALID,1.0,1.75,0.24379625598607188,TIME,299700
1788181080000,VALID,1.0,1.75,-1.0,SL,15001
1788221790000,VALID,1.0,1.75,1.75,TP,200106
1788228720000,VALID,1.0,1.75,-1.0,SL,40644
1788230910000,VALID,1.0,1.75,-1.0,SL,23099
1788258720000,VALID,1.0,1.75,-1.0,SL,12298
1788262410000,VALID,1.0,1.75,-1.0,SL,132604
1788271980000,VALID,1.0,1.75,1.75,TP,228900
1788277740000,VALID,1.0,1.75,1.0037641154329557,TIME,299249
1788303150000,VALID,1.0,1.75,0.2323192414066036,TIME,295504
1788321570000,VALID,1.0,1.75,-0.44826423997336523,TIME,297897
1788333960000,VALID,1.0,1.75,0.2521260630314939,TIME,299252
1788353280000,VALID,1.0,1.75,1.5031622297399374,TIME,299551
1788356520000,VALID,1.0,1.75,-1.0,SL,62996
1788377820000,VALID,1.0,1.75,1.75,TP,207599
1788409740000,VALID,1.0,1.75,0.9081567116250799,TIME,299093
1788416880000,VALID,1.0,1.75,0.618921308576509,TIME,299099
1788417360000,VALID,1.0,1.75,0.00914136467535621,TIME,299848
1788439920000,VALID,1.0,1.75,1.75,TP,129751
1788460260000,VALID,1.0,1.75,-1.0,SL,15150
1788461400000,VALID,1.0,1.75,1.75,TP,244205
1788486750000,VALID,1.0,1.75,-1.0,SL,70801
1788488160000,VALID,1.0,1.75,-1.0,SL,124801
1788491310000,VALID,1.0,1.75,1.75,TP,275997
1788518280000,VALID,1.0,1.75,-1.0,SL,98997
1788535440000,VALID,1.0,1.75,-0.31190531445810854,TIME,299700
1788551280000,VALID,1.0,1.75,0.21981591770433323,TIME,299849
1788767580000,POST_CHECK,1.0,1.75,-1.0,SL,167699
1788796560000,POST_CHECK,1.0,1.75,-1.0,SL,9895
1788852930000,POST_CHECK,1.0,1.75,-1.0,SL,129744
1788853320000,POST_CHECK,1.0,1.75,-1.0,SL,237299
1788855180000,POST_CHECK,1.0,1.75,-0.26864369821185125,TIME,299099
1788864030000,POST_CHECK,1.0,1.75,-1.0,SL,37952
1788865590000,POST_CHECK,1.0,1.75,-1.0,SL,164253
1788872040000,POST_CHECK,1.0,1.75,1.75,TP,128545
1788873690000,POST_CHECK,1.0,1.75,-1.0,SL,205203
1788891840000,POST_CHECK,1.0,1.75,-1.0,SL,24299
1788893880000,POST_CHECK,1.0,1.75,0.10961449140736892,TIME,299698
1788894780000,POST_CHECK,1.0,1.75,-1.0,SL,77395
1788912420000,POST_CHECK,1.0,1.75,1.75,TP,206707
1788921270000,POST_CHECK,1.0,1.75,-1.0,SL,50248
1788927510000,POST_CHECK,1.0,1.75,-1.0,SL,11550
1788928650000,POST_CHECK,1.0,1.75,1.75,TP,172952
1788936060000,POST_CHECK,1.0,1.75,-1.0,SL,104398
1788946920000,POST_CHECK,1.0,1.75,-1.0,SL,30601
1788947610000,POST_CHECK,1.0,1.75,1.75,TP,93001
1788948900000,POST_CHECK,1.0,1.75,-1.0,SL,61049
1788999030000,POST_CHECK,1.0,1.75,-1.0,SL,50999
1789004220000,POST_CHECK,1.0,1.75,0.18443113772476136,TIME,299696
1789006830000,POST_CHECK,1.0,1.75,-1.0,SL,128253
1789007910000,POST_CHECK,1.0,1.75,1.75,TP,53252
1789019610000,POST_CHECK,1.0,1.75,-0.49358974358995283,TIME,299846
1789031820000,POST_CHECK,1.0,1.75,0.4579780755179438,TIME,298500
1789047570000,POST_CHECK,1.0,1.75,0.6331074540174741,TIME,299852
1789053690000,POST_CHECK,1.0,1.75,1.0019815829350114,TIME,299395
1789088850000,POST_CHECK,1.0,1.75,-1.0,SL,37198
1789089270000,POST_CHECK,1.0,1.75,-1.0,SL,35850
1789102410000,POST_CHECK,1.0,1.75,-1.0,SL,7498
1789120140000,POST_CHECK,1.0,1.75,-1.0,SL,61805
1789142100000,POST_CHECK,1.0,1.75,-1.0,SL,99904
1789347690000,POST_CHECK,1.0,1.75,-1.0,SL,15746
1789383480000,POST_CHECK,1.0,1.75,-1.0,SL,40500
1789388280000,POST_CHECK,1.0,1.75,1.75,TP,109204
1789394400000,POST_CHECK,1.0,1.75,1.1624313506469786,TIME,299703
1789394850000,POST_CHECK,1.0,1.75,-1.0,SL,151948
1789396470000,POST_CHECK,1.0,1.75,-1.0,SL,110547
1789403580000,POST_CHECK,1.0,1.75,-0.32004942848350837,TIME,299552
1789411020000,POST_CHECK,1.0,1.75,-1.0,SL,178205
1789428060000,POST_CHECK,1.0,1.75,-1.0,SL,50696
1789445400000,POST_CHECK,1.0,1.75,-1.0,SL,68401
1789458150000,POST_CHECK,1.0,1.75,1.75,TP,151644
1789468860000,POST_CHECK,1.0,1.75,1.75,TP,72598
1786060200000,TRAIN,1.0,2.0,2.0,TP,139354
1786061580000,TRAIN,1.0,2.0,-1.0,SL,29402
1786072020000,TRAIN,1.0,2.0,-1.0,SL,248999
1786096110000,TRAIN,1.0,2.0,-1.0,SL,42895
1786105620000,TRAIN,1.0,2.0,-1.0,SL,166353
1786332630000,TRAIN,1.0,2.0,-1.0,SL,105152
1786340220000,TRAIN,1.0,2.0,0.8131609870738293,TIME,299702
1786341540000,TRAIN,1.0,2.0,0.6687054026500479,TIME,299704
1786352040000,TRAIN,1.0,2.0,-1.0,SL,263551
1786358100000,TRAIN,1.0,2.0,-1.0,SL,34202
1786381140000,TRAIN,1.0,2.0,-1.0,SL,55051
1786430640000,TRAIN,1.0,2.0,-1.0,SL,23701
1786438140000,TRAIN,1.0,2.0,2.0,TP,95394
1786438500000,TRAIN,1.0,2.0,-1.0,SL,243002
1786440810000,TRAIN,1.0,2.0,-0.10119927714813617,TIME,299698
1786451070000,TRAIN,1.0,2.0,0.8958162428221793,TIME,299701
1786454340000,TRAIN,1.0,2.0,-1.0,SL,94798
1786463010000,TRAIN,1.0,2.0,-1.0,SL,160052
1786471950000,TRAIN,1.0,2.0,-1.0,SL,179846
1786493160000,TRAIN,1.0,2.0,-1.0,SL,142655
1786504530000,TRAIN,1.0,2.0,-1.0,SL,81896
1786526850000,TRAIN,1.0,2.0,-1.0,SL,134398
1786550940000,TRAIN,1.0,2.0,-1.0,SL,118503
1786553460000,TRAIN,1.0,2.0,-1.0,SL,178203
1786553820000,TRAIN,1.0,2.0,2.0,TP,299856
1786581240000,TRAIN,1.0,2.0,-1.0,SL,5553
1786587240000,TRAIN,1.0,2.0,-0.2708243106684125,TIME,298197
1786593510000,TRAIN,1.0,2.0,2.0,TP,166352
1786624980000,TRAIN,1.0,2.0,-0.7946964988605154,TIME,299702
1786632990000,TRAIN,1.0,2.0,-0.23927765237050413,TIME,299395
1786633320000,TRAIN,1.0,2.0,2.0,TP,159749
1786653840000,TRAIN,1.0,2.0,-1.0,SL,66455
1786670520000,TRAIN,1.0,2.0,2.0,TP,146098
1786687980000,TRAIN,1.0,2.0,-0.39731142643773093,TIME,299701
1786693650000,TRAIN,1.0,2.0,1.680248007085877,TIME,298201
1786952010000,TRAIN,1.0,2.0,2.0,TP,255301
1786953810000,TRAIN,1.0,2.0,1.0370370370367405,TIME,299251
1786961190000,TRAIN,1.0,2.0,-1.0,SL,88349
1786974090000,TRAIN,1.0,2.0,0.07283856159145949,TIME,299706
1787014200000,TRAIN,1.0,2.0,-1.0,SL,68400
1787023770000,TRAIN,1.0,2.0,0.41574803149596457,TIME,299548
1787047590000,TRAIN,1.0,2.0,-1.0,SL,100048
1787049660000,TRAIN,1.0,2.0,-1.0,SL,69748
1787066490000,TRAIN,1.0,2.0,-1.0,SL,169656
1787082420000,TRAIN,1.0,2.0,-1.0,SL,57899
1787084850000,TRAIN,1.0,2.0,0.6252263126128913,TIME,299098
1787098590000,TRAIN,1.0,2.0,-0.716360116166281,TIME,299701
1787104830000,TRAIN,1.0,2.0,2.0,TP,159149
1787117580000,TRAIN,1.0,2.0,-1.0,SL,9900
1787140380000,TRAIN,1.0,2.0,0.9694915254234121,TIME,299695
1787141130000,TRAIN,1.0,2.0,-1.0,SL,10654
1787143260000,TRAIN,1.0,2.0,-1.0,SL,48900
1787149170000,TRAIN,1.0,2.0,1.053423626787021,TIME,299694
1787170380000,TRAIN,1.0,2.0,-1.0,SL,29548
1787184990000,VALID,1.0,2.0,-1.0,SL,45597
1787199990000,VALID,1.0,2.0,2.0,TP,168154
1787220390000,VALID,1.0,2.0,1.1729887453105952,TIME,298952
1787229570000,VALID,1.0,2.0,-1.0,SL,21445
1787232870000,VALID,1.0,2.0,-1.0,SL,45897
1787234520000,VALID,1.0,2.0,2.0,TP,242400
1787246430000,VALID,1.0,2.0,2.0,TP,112200
1787267280000,VALID,1.0,2.0,-1.0,SL,13496
1787288910000,VALID,1.0,2.0,-1.0,SL,115054
1787298090000,VALID,1.0,2.0,-0.5752089136487003,TIME,299698
1787312280000,VALID,1.0,2.0,2.0,TP,110851
1787325840000,VALID,1.0,2.0,-1.0,SL,65556
1787339850000,VALID,1.0,2.0,0.9898305084745311,TIME,298948
1787340270000,VALID,1.0,2.0,-1.0,SL,80100
1787527200000,VALID,1.0,2.0,-1.0,SL,32849
1787534100000,VALID,1.0,2.0,-1.0,SL,95547
1787579790000,VALID,1.0,2.0,0.31744395774290074,TIME,299862
1787583030000,VALID,1.0,2.0,-1.0,SL,44994
1787609970000,VALID,1.0,2.0,-0.41801272638261455,TIME,299399
1787630220000,VALID,1.0,2.0,2.0,TP,218102
1787647740000,VALID,1.0,2.0,-1.0,SL,145644
1787660070000,VALID,1.0,2.0,-1.0,SL,243453
1787661450000,VALID,1.0,2.0,-1.0,SL,123749
1787664090000,VALID,1.0,2.0,-1.0,SL,33601
1787666490000,VALID,1.0,2.0,-1.0,SL,81157
1787687220000,VALID,1.0,2.0,2.0,TP,171751
1787709300000,VALID,1.0,2.0,2.0,TP,160199
1787723070000,VALID,1.0,2.0,-1.0,SL,37205
1787740170000,VALID,1.0,2.0,2.0,TP,178949
1787749530000,VALID,1.0,2.0,-0.2140929535231397,TIME,299859
1787753850000,VALID,1.0,2.0,-1.0,SL,221552
1787788590000,VALID,1.0,2.0,-1.0,SL,28646
1787790000000,VALID,1.0,2.0,-1.0,SL,9449
1787794950000,VALID,1.0,2.0,-1.0,SL,23996
1787798520000,VALID,1.0,2.0,-1.0,SL,164403
1787811390000,VALID,1.0,2.0,1.9358429764173624,TIME,299544
1787823090000,VALID,1.0,2.0,-1.0,SL,111152
1787827440000,VALID,1.0,2.0,-1.0,SL,111748
1787834550000,VALID,1.0,2.0,1.1133046016961303,TIME,299699
1787844150000,VALID,1.0,2.0,-1.0,SL,30455
1787854650000,VALID,1.0,2.0,-1.0,SL,93304
1787883540000,VALID,1.0,2.0,-1.0,SL,155705
1787917320000,VALID,1.0,2.0,-1.0,SL,41405
1787924280000,VALID,1.0,2.0,1.60429447852743,TIME,299850
1787925720000,VALID,1.0,2.0,-1.0,SL,25953
1787934900000,VALID,1.0,2.0,1.480319740969303,TIME,299849
1788141930000,VALID,1.0,2.0,-1.0,SL,167547
1788144150000,VALID,1.0,2.0,0.24379625598607188,TIME,299700
1788181080000,VALID,1.0,2.0,-1.0,SL,15001
1788221790000,VALID,1.0,2.0,2.0,TP,262201
1788228720000,VALID,1.0,2.0,-1.0,SL,40644
1788230910000,VALID,1.0,2.0,-1.0,SL,23099
1788258720000,VALID,1.0,2.0,-1.0,SL,12298
1788262410000,VALID,1.0,2.0,-1.0,SL,132604
1788271980000,VALID,1.0,2.0,1.776353063963053,TIME,299702
1788277740000,VALID,1.0,2.0,1.0037641154329557,TIME,299249
1788303150000,VALID,1.0,2.0,0.2323192414066036,TIME,295504
1788321570000,VALID,1.0,2.0,-0.44826423997336523,TIME,297897
1788333960000,VALID,1.0,2.0,0.2521260630314939,TIME,299252
1788353280000,VALID,1.0,2.0,1.5031622297399374,TIME,299551
1788356520000,VALID,1.0,2.0,-1.0,SL,62996
1788377820000,VALID,1.0,2.0,2.0,TP,256801
1788409740000,VALID,1.0,2.0,0.9081567116250799,TIME,299093
1788416880000,VALID,1.0,2.0,0.618921308576509,TIME,299099
1788417360000,VALID,1.0,2.0,0.00914136467535621,TIME,299848
1788439920000,VALID,1.0,2.0,2.0,TP,130355
1788460260000,VALID,1.0,2.0,-1.0,SL,15150
1788461400000,VALID,1.0,2.0,2.0,TP,289054
1788486750000,VALID,1.0,2.0,-1.0,SL,70801
1788488160000,VALID,1.0,2.0,-1.0,SL,124801
1788491310000,VALID,1.0,2.0,2.0,TP,277202
1788518280000,VALID,1.0,2.0,-1.0,SL,98997
1788535440000,VALID,1.0,2.0,-0.31190531445810854,TIME,299700
1788551280000,VALID,1.0,2.0,0.21981591770433323,TIME,299849
1788767580000,POST_CHECK,1.0,2.0,-1.0,SL,167699
1788796560000,POST_CHECK,1.0,2.0,-1.0,SL,9895
1788852930000,POST_CHECK,1.0,2.0,-1.0,SL,129744
1788853320000,POST_CHECK,1.0,2.0,-1.0,SL,237299
1788855180000,POST_CHECK,1.0,2.0,-0.26864369821185125,TIME,299099
1788864030000,POST_CHECK,1.0,2.0,-1.0,SL,37952
1788865590000,POST_CHECK,1.0,2.0,-1.0,SL,164253
1788872040000,POST_CHECK,1.0,2.0,2.0,TP,137401
1788873690000,POST_CHECK,1.0,2.0,-1.0,SL,205203
1788891840000,POST_CHECK,1.0,2.0,-1.0,SL,24299
1788893880000,POST_CHECK,1.0,2.0,0.10961449140736892,TIME,299698
1788894780000,POST_CHECK,1.0,2.0,-1.0,SL,77395
1788912420000,POST_CHECK,1.0,2.0,2.0,TP,214357
1788921270000,POST_CHECK,1.0,2.0,-1.0,SL,50248
1788927510000,POST_CHECK,1.0,2.0,-1.0,SL,11550
1788928650000,POST_CHECK,1.0,2.0,2.0,TP,180450
1788936060000,POST_CHECK,1.0,2.0,-1.0,SL,104398
1788946920000,POST_CHECK,1.0,2.0,-1.0,SL,30601
1788947610000,POST_CHECK,1.0,2.0,2.0,TP,101095
1788948900000,POST_CHECK,1.0,2.0,-1.0,SL,61049
1788999030000,POST_CHECK,1.0,2.0,-1.0,SL,50999
1789004220000,POST_CHECK,1.0,2.0,0.18443113772476136,TIME,299696
1789006830000,POST_CHECK,1.0,2.0,-1.0,SL,128253
1789007910000,POST_CHECK,1.0,2.0,2.0,TP,131399
1789019610000,POST_CHECK,1.0,2.0,-0.49358974358995283,TIME,299846
1789031820000,POST_CHECK,1.0,2.0,0.4579780755179438,TIME,298500
1789047570000,POST_CHECK,1.0,2.0,0.6331074540174741,TIME,299852
1789053690000,POST_CHECK,1.0,2.0,1.0019815829350114,TIME,299395
1789088850000,POST_CHECK,1.0,2.0,-1.0,SL,37198
1789089270000,POST_CHECK,1.0,2.0,-1.0,SL,35850
1789102410000,POST_CHECK,1.0,2.0,-1.0,SL,7498
1789120140000,POST_CHECK,1.0,2.0,-1.0,SL,61805
1789142100000,POST_CHECK,1.0,2.0,-1.0,SL,99904
1789347690000,POST_CHECK,1.0,2.0,-1.0,SL,15746
1789383480000,POST_CHECK,1.0,2.0,-1.0,SL,40500
1789388280000,POST_CHECK,1.0,2.0,2.0,TP,118352
1789394400000,POST_CHECK,1.0,2.0,1.1624313506469786,TIME,299703
1789394850000,POST_CHECK,1.0,2.0,-1.0,SL,151948
1789396470000,POST_CHECK,1.0,2.0,-1.0,SL,110547
1789403580000,POST_CHECK,1.0,2.0,-0.32004942848350837,TIME,299552
1789411020000,POST_CHECK,1.0,2.0,-1.0,SL,178205
1789428060000,POST_CHECK,1.0,2.0,-1.0,SL,50696
1789445400000,POST_CHECK,1.0,2.0,-1.0,SL,68401
1789458150000,POST_CHECK,1.0,2.0,2.0,TP,154347
1789468860000,POST_CHECK,1.0,2.0,2.0,TP,82950
1786060200000,TRAIN,1.0,2.25,2.25,TP,142655
1786061580000,TRAIN,1.0,2.25,-1.0,SL,29402
1786072020000,TRAIN,1.0,2.25,-1.0,SL,248999
1786096110000,TRAIN,1.0,2.25,-1.0,SL,42895
1786105620000,TRAIN,1.0,2.25,-1.0,SL,166353
1786332630000,TRAIN,1.0,2.25,-1.0,SL,105152
1786340220000,TRAIN,1.0,2.25,0.8131609870738293,TIME,299702
1786341540000,TRAIN,1.0,2.25,0.6687054026500479,TIME,299704
1786352040000,TRAIN,1.0,2.25,-1.0,SL,263551
1786358100000,TRAIN,1.0,2.25,-1.0,SL,34202
1786381140000,TRAIN,1.0,2.25,-1.0,SL,55051
1786430640000,TRAIN,1.0,2.25,-1.0,SL,23701
1786438140000,TRAIN,1.0,2.25,-1.0,SL,261899
1786438500000,TRAIN,1.0,2.25,-1.0,SL,243002
1786440810000,TRAIN,1.0,2.25,-0.10119927714813617,TIME,299698
1786451070000,TRAIN,1.0,2.25,0.8958162428221793,TIME,299701
1786454340000,TRAIN,1.0,2.25,-1.0,SL,94798
1786463010000,TRAIN,1.0,2.25,-1.0,SL,160052
1786471950000,TRAIN,1.0,2.25,-1.0,SL,179846
1786493160000,TRAIN,1.0,2.25,-1.0,SL,142655
1786504530000,TRAIN,1.0,2.25,-1.0,SL,81896
1786526850000,TRAIN,1.0,2.25,-1.0,SL,134398
1786550940000,TRAIN,1.0,2.25,-1.0,SL,118503
1786553460000,TRAIN,1.0,2.25,-1.0,SL,178203
1786553820000,TRAIN,1.0,2.25,2.027890238416385,TIME,299856
1786581240000,TRAIN,1.0,2.25,-1.0,SL,5553
1786587240000,TRAIN,1.0,2.25,-0.2708243106684125,TIME,298197
1786593510000,TRAIN,1.0,2.25,2.25,TP,166352
1786624980000,TRAIN,1.0,2.25,-0.7946964988605154,TIME,299702
1786632990000,TRAIN,1.0,2.25,-0.23927765237050413,TIME,299395
1786633320000,TRAIN,1.0,2.25,2.25,TP,171603
1786653840000,TRAIN,1.0,2.25,-1.0,SL,66455
1786670520000,TRAIN,1.0,2.25,2.25,TP,177443
1786687980000,TRAIN,1.0,2.25,-0.39731142643773093,TIME,299701
1786693650000,TRAIN,1.0,2.25,1.680248007085877,TIME,298201
1786952010000,TRAIN,1.0,2.25,2.25,TP,256203
1786953810000,TRAIN,1.0,2.25,1.0370370370367405,TIME,299251
1786961190000,TRAIN,1.0,2.25,-1.0,SL,88349
1786974090000,TRAIN,1.0,2.25,0.07283856159145949,TIME,299706
1787014200000,TRAIN,1.0,2.25,-1.0,SL,68400
1787023770000,TRAIN,1.0,2.25,0.41574803149596457,TIME,299548
1787047590000,TRAIN,1.0,2.25,-1.0,SL,100048
1787049660000,TRAIN,1.0,2.25,-1.0,SL,69748
1787066490000,TRAIN,1.0,2.25,-1.0,SL,169656
1787082420000,TRAIN,1.0,2.25,-1.0,SL,57899
1787084850000,TRAIN,1.0,2.25,0.6252263126128913,TIME,299098
1787098590000,TRAIN,1.0,2.25,-0.716360116166281,TIME,299701
1787104830000,TRAIN,1.0,2.25,0.8113385826768749,TIME,299698
1787117580000,TRAIN,1.0,2.25,-1.0,SL,9900
1787140380000,TRAIN,1.0,2.25,0.9694915254234121,TIME,299695
1787141130000,TRAIN,1.0,2.25,-1.0,SL,10654
1787143260000,TRAIN,1.0,2.25,-1.0,SL,48900
1787149170000,TRAIN,1.0,2.25,1.053423626787021,TIME,299694
1787170380000,TRAIN,1.0,2.25,-1.0,SL,29548
1787184990000,VALID,1.0,2.25,-1.0,SL,45597
1787199990000,VALID,1.0,2.25,2.25,TP,168755
1787220390000,VALID,1.0,2.25,1.1729887453105952,TIME,298952
1787229570000,VALID,1.0,2.25,-1.0,SL,21445
1787232870000,VALID,1.0,2.25,-1.0,SL,45897
1787234520000,VALID,1.0,2.25,2.25,TP,242546
1787246430000,VALID,1.0,2.25,2.25,TP,112504
1787267280000,VALID,1.0,2.25,-1.0,SL,13496
1787288910000,VALID,1.0,2.25,-1.0,SL,115054
1787298090000,VALID,1.0,2.25,-0.5752089136487003,TIME,299698
1787312280000,VALID,1.0,2.25,2.25,TP,129299
1787325840000,VALID,1.0,2.25,-1.0,SL,65556
1787339850000,VALID,1.0,2.25,0.9898305084745311,TIME,298948
1787340270000,VALID,1.0,2.25,-1.0,SL,80100
1787527200000,VALID,1.0,2.25,-1.0,SL,32849
1787534100000,VALID,1.0,2.25,-1.0,SL,95547
1787579790000,VALID,1.0,2.25,0.31744395774290074,TIME,299862
1787583030000,VALID,1.0,2.25,-1.0,SL,44994
1787609970000,VALID,1.0,2.25,-0.41801272638261455,TIME,299399
1787630220000,VALID,1.0,2.25,2.25,TP,221403
1787647740000,VALID,1.0,2.25,-1.0,SL,145644
1787660070000,VALID,1.0,2.25,-1.0,SL,243453
1787661450000,VALID,1.0,2.25,-1.0,SL,123749
1787664090000,VALID,1.0,2.25,-1.0,SL,33601
1787666490000,VALID,1.0,2.25,-1.0,SL,81157
1787687220000,VALID,1.0,2.25,2.25,TP,174902
1787709300000,VALID,1.0,2.25,2.25,TP,165303
1787723070000,VALID,1.0,2.25,-1.0,SL,37205
1787740170000,VALID,1.0,2.25,2.25,TP,223347
1787749530000,VALID,1.0,2.25,-0.2140929535231397,TIME,299859
1787753850000,VALID,1.0,2.25,-1.0,SL,221552
1787788590000,VALID,1.0,2.25,-1.0,SL,28646
1787790000000,VALID,1.0,2.25,-1.0,SL,9449
1787794950000,VALID,1.0,2.25,-1.0,SL,23996
1787798520000,VALID,1.0,2.25,-1.0,SL,164403
1787811390000,VALID,1.0,2.25,1.9358429764173624,TIME,299544
1787823090000,VALID,1.0,2.25,-1.0,SL,111152
1787827440000,VALID,1.0,2.25,-1.0,SL,111748
1787834550000,VALID,1.0,2.25,1.1133046016961303,TIME,299699
1787844150000,VALID,1.0,2.25,-1.0,SL,30455
1787854650000,VALID,1.0,2.25,-1.0,SL,93304
1787883540000,VALID,1.0,2.25,-1.0,SL,155705
1787917320000,VALID,1.0,2.25,-1.0,SL,41405
1787924280000,VALID,1.0,2.25,1.60429447852743,TIME,299850
1787925720000,VALID,1.0,2.25,-1.0,SL,25953
1787934900000,VALID,1.0,2.25,1.480319740969303,TIME,299849
1788141930000,VALID,1.0,2.25,-1.0,SL,167547
1788144150000,VALID,1.0,2.25,0.24379625598607188,TIME,299700
1788181080000,VALID,1.0,2.25,-1.0,SL,15001
1788221790000,VALID,1.0,2.25,2.25,TP,264149
1788228720000,VALID,1.0,2.25,-1.0,SL,40644
1788230910000,VALID,1.0,2.25,-1.0,SL,23099
1788258720000,VALID,1.0,2.25,-1.0,SL,12298
1788262410000,VALID,1.0,2.25,-1.0,SL,132604
1788271980000,VALID,1.0,2.25,1.776353063963053,TIME,299702
1788277740000,VALID,1.0,2.25,1.0037641154329557,TIME,299249
1788303150000,VALID,1.0,2.25,0.2323192414066036,TIME,295504
1788321570000,VALID,1.0,2.25,-0.44826423997336523,TIME,297897
1788333960000,VALID,1.0,2.25,0.2521260630314939,TIME,299252
1788353280000,VALID,1.0,2.25,1.5031622297399374,TIME,299551
1788356520000,VALID,1.0,2.25,-1.0,SL,62996
1788377820000,VALID,1.0,2.25,2.120638355422761,TIME,299245
1788409740000,VALID,1.0,2.25,0.9081567116250799,TIME,299093
1788416880000,VALID,1.0,2.25,0.618921308576509,TIME,299099
1788417360000,VALID,1.0,2.25,0.00914136467535621,TIME,299848
1788439920000,VALID,1.0,2.25,2.25,TP,209098
1788460260000,VALID,1.0,2.25,-1.0,SL,15150
1788461400000,VALID,1.0,2.25,2.1094369547980527,TIME,299704
1788486750000,VALID,1.0,2.25,-1.0,SL,70801
1788488160000,VALID,1.0,2.25,-1.0,SL,124801
1788491310000,VALID,1.0,2.25,1.65328850598901,TIME,299703
1788518280000,VALID,1.0,2.25,-1.0,SL,98997
1788535440000,VALID,1.0,2.25,-0.31190531445810854,TIME,299700
1788551280000,VALID,1.0,2.25,0.21981591770433323,TIME,299849
1788767580000,POST_CHECK,1.0,2.25,-1.0,SL,167699
1788796560000,POST_CHECK,1.0,2.25,-1.0,SL,9895
1788852930000,POST_CHECK,1.0,2.25,-1.0,SL,129744
1788853320000,POST_CHECK,1.0,2.25,-1.0,SL,237299
1788855180000,POST_CHECK,1.0,2.25,-0.26864369821185125,TIME,299099
1788864030000,POST_CHECK,1.0,2.25,-1.0,SL,37952
1788865590000,POST_CHECK,1.0,2.25,-1.0,SL,164253
1788872040000,POST_CHECK,1.0,2.25,2.25,TP,246451
1788873690000,POST_CHECK,1.0,2.25,-1.0,SL,205203
1788891840000,POST_CHECK,1.0,2.25,-1.0,SL,24299
1788893880000,POST_CHECK,1.0,2.25,0.10961449140736892,TIME,299698
1788894780000,POST_CHECK,1.0,2.25,-1.0,SL,77395
1788912420000,POST_CHECK,1.0,2.25,2.25,TP,214956
1788921270000,POST_CHECK,1.0,2.25,-1.0,SL,50248
1788927510000,POST_CHECK,1.0,2.25,-1.0,SL,11550
1788928650000,POST_CHECK,1.0,2.25,2.25,TP,184196
1788936060000,POST_CHECK,1.0,2.25,-1.0,SL,104398
1788946920000,POST_CHECK,1.0,2.25,-1.0,SL,30601
1788947610000,POST_CHECK,1.0,2.25,2.25,TP,148201
1788948900000,POST_CHECK,1.0,2.25,-1.0,SL,61049
1788999030000,POST_CHECK,1.0,2.25,-1.0,SL,50999
1789004220000,POST_CHECK,1.0,2.25,0.18443113772476136,TIME,299696
1789006830000,POST_CHECK,1.0,2.25,-1.0,SL,128253
1789007910000,POST_CHECK,1.0,2.25,1.361379310344815,TIME,299707
1789019610000,POST_CHECK,1.0,2.25,-0.49358974358995283,TIME,299846
1789031820000,POST_CHECK,1.0,2.25,0.4579780755179438,TIME,298500
1789047570000,POST_CHECK,1.0,2.25,0.6331074540174741,TIME,299852
1789053690000,POST_CHECK,1.0,2.25,1.0019815829350114,TIME,299395
1789088850000,POST_CHECK,1.0,2.25,-1.0,SL,37198
1789089270000,POST_CHECK,1.0,2.25,-1.0,SL,35850
1789102410000,POST_CHECK,1.0,2.25,-1.0,SL,7498
1789120140000,POST_CHECK,1.0,2.25,-1.0,SL,61805
1789142100000,POST_CHECK,1.0,2.25,-1.0,SL,99904
1789347690000,POST_CHECK,1.0,2.25,-1.0,SL,15746
1789383480000,POST_CHECK,1.0,2.25,-1.0,SL,40500
1789388280000,POST_CHECK,1.0,2.25,2.25,TP,125246
1789394400000,POST_CHECK,1.0,2.25,1.1624313506469786,TIME,299703
1789394850000,POST_CHECK,1.0,2.25,-1.0,SL,151948
1789396470000,POST_CHECK,1.0,2.25,-1.0,SL,110547
1789403580000,POST_CHECK,1.0,2.25,-0.32004942848350837,TIME,299552
1789411020000,POST_CHECK,1.0,2.25,-1.0,SL,178205
1789428060000,POST_CHECK,1.0,2.25,-1.0,SL,50696
1789445400000,POST_CHECK,1.0,2.25,-1.0,SL,68401
1789458150000,POST_CHECK,1.0,2.25,2.25,TP,155543
1789468860000,POST_CHECK,1.0,2.25,2.25,TP,84447
1786060200000,TRAIN,1.0,2.5,2.5,TP,159604
1786061580000,TRAIN,1.0,2.5,-1.0,SL,29402
1786072020000,TRAIN,1.0,2.5,-1.0,SL,248999
1786096110000,TRAIN,1.0,2.5,-1.0,SL,42895
1786105620000,TRAIN,1.0,2.5,-1.0,SL,166353
1786332630000,TRAIN,1.0,2.5,-1.0,SL,105152
1786340220000,TRAIN,1.0,2.5,0.8131609870738293,TIME,299702
1786341540000,TRAIN,1.0,2.5,0.6687054026500479,TIME,299704
1786352040000,TRAIN,1.0,2.5,-1.0,SL,263551
1786358100000,TRAIN,1.0,2.5,-1.0,SL,34202
1786381140000,TRAIN,1.0,2.5,-1.0,SL,55051
1786430640000,TRAIN,1.0,2.5,-1.0,SL,23701
1786438140000,TRAIN,1.0,2.5,-1.0,SL,261899
1786438500000,TRAIN,1.0,2.5,-1.0,SL,243002
1786440810000,TRAIN,1.0,2.5,-0.10119927714813617,TIME,299698
1786451070000,TRAIN,1.0,2.5,0.8958162428221793,TIME,299701
1786454340000,TRAIN,1.0,2.5,-1.0,SL,94798
1786463010000,TRAIN,1.0,2.5,-1.0,SL,160052
1786471950000,TRAIN,1.0,2.5,-1.0,SL,179846
1786493160000,TRAIN,1.0,2.5,-1.0,SL,142655
1786504530000,TRAIN,1.0,2.5,-1.0,SL,81896
1786526850000,TRAIN,1.0,2.5,-1.0,SL,134398
1786550940000,TRAIN,1.0,2.5,-1.0,SL,118503
1786553460000,TRAIN,1.0,2.5,-1.0,SL,178203
1786553820000,TRAIN,1.0,2.5,2.027890238416385,TIME,299856
1786581240000,TRAIN,1.0,2.5,-1.0,SL,5553
1786587240000,TRAIN,1.0,2.5,-0.2708243106684125,TIME,298197
1786593510000,TRAIN,1.0,2.5,2.5,TP,166352
1786624980000,TRAIN,1.0,2.5,-0.7946964988605154,TIME,299702
1786632990000,TRAIN,1.0,2.5,-0.23927765237050413,TIME,299395
1786633320000,TRAIN,1.0,2.5,2.5,TP,187803
1786653840000,TRAIN,1.0,2.5,-1.0,SL,66455
1786670520000,TRAIN,1.0,2.5,2.5,TP,186897
1786687980000,TRAIN,1.0,2.5,-0.39731142643773093,TIME,299701
1786693650000,TRAIN,1.0,2.5,1.680248007085877,TIME,298201
1786952010000,TRAIN,1.0,2.5,0.6463181991607115,TIME,299250
1786953810000,TRAIN,1.0,2.5,1.0370370370367405,TIME,299251
1786961190000,TRAIN,1.0,2.5,-1.0,SL,88349
1786974090000,TRAIN,1.0,2.5,0.07283856159145949,TIME,299706
1787014200000,TRAIN,1.0,2.5,-1.0,SL,68400
1787023770000,TRAIN,1.0,2.5,0.41574803149596457,TIME,299548
1787047590000,TRAIN,1.0,2.5,-1.0,SL,100048
1787049660000,TRAIN,1.0,2.5,-1.0,SL,69748
1787066490000,TRAIN,1.0,2.5,-1.0,SL,169656
1787082420000,TRAIN,1.0,2.5,-1.0,SL,57899
1787084850000,TRAIN,1.0,2.5,0.6252263126128913,TIME,299098
1787098590000,TRAIN,1.0,2.5,-0.716360116166281,TIME,299701
1787104830000,TRAIN,1.0,2.5,0.8113385826768749,TIME,299698
1787117580000,TRAIN,1.0,2.5,-1.0,SL,9900
1787140380000,TRAIN,1.0,2.5,0.9694915254234121,TIME,299695
1787141130000,TRAIN,1.0,2.5,-1.0,SL,10654
1787143260000,TRAIN,1.0,2.5,-1.0,SL,48900
1787149170000,TRAIN,1.0,2.5,1.053423626787021,TIME,299694
1787170380000,TRAIN,1.0,2.5,-1.0,SL,29548
1787184990000,VALID,1.0,2.5,-1.0,SL,45597
1787199990000,VALID,1.0,2.5,2.5,TP,169353
1787220390000,VALID,1.0,2.5,1.1729887453105952,TIME,298952
1787229570000,VALID,1.0,2.5,-1.0,SL,21445
1787232870000,VALID,1.0,2.5,-1.0,SL,45897
1787234520000,VALID,1.0,2.5,1.5766362012816029,TIME,299848
1787246430000,VALID,1.0,2.5,2.5,TP,118049
1787267280000,VALID,1.0,2.5,-1.0,SL,13496
1787288910000,VALID,1.0,2.5,-1.0,SL,115054
1787298090000,VALID,1.0,2.5,-0.5752089136487003,TIME,299698
1787312280000,VALID,1.0,2.5,2.5,TP,135901
1787325840000,VALID,1.0,2.5,-1.0,SL,65556
1787339850000,VALID,1.0,2.5,0.9898305084745311,TIME,298948
1787340270000,VALID,1.0,2.5,-1.0,SL,80100
1787527200000,VALID,1.0,2.5,-1.0,SL,32849
1787534100000,VALID,1.0,2.5,-1.0,SL,95547
1787579790000,VALID,1.0,2.5,0.31744395774290074,TIME,299862
1787583030000,VALID,1.0,2.5,-1.0,SL,44994
1787609970000,VALID,1.0,2.5,-0.41801272638261455,TIME,299399
1787630220000,VALID,1.0,2.5,2.0624362375025074,TIME,298354
1787647740000,VALID,1.0,2.5,-1.0,SL,145644
1787660070000,VALID,1.0,2.5,-1.0,SL,243453
1787661450000,VALID,1.0,2.5,-1.0,SL,123749
1787664090000,VALID,1.0,2.5,-1.0,SL,33601
1787666490000,VALID,1.0,2.5,-1.0,SL,81157
1787687220000,VALID,1.0,2.5,2.5,TP,182102
1787709300000,VALID,1.0,2.5,2.5,TP,180752
1787723070000,VALID,1.0,2.5,-1.0,SL,37205
1787740170000,VALID,1.0,2.5,2.5,TP,247050
1787749530000,VALID,1.0,2.5,-0.2140929535231397,TIME,299859
1787753850000,VALID,1.0,2.5,-1.0,SL,221552
1787788590000,VALID,1.0,2.5,-1.0,SL,28646
1787790000000,VALID,1.0,2.5,-1.0,SL,9449
1787794950000,VALID,1.0,2.5,-1.0,SL,23996
1787798520000,VALID,1.0,2.5,-1.0,SL,164403
1787811390000,VALID,1.0,2.5,1.9358429764173624,TIME,299544
1787823090000,VALID,1.0,2.5,-1.0,SL,111152
1787827440000,VALID,1.0,2.5,-1.0,SL,111748
1787834550000,VALID,1.0,2.5,1.1133046016961303,TIME,299699
1787844150000,VALID,1.0,2.5,-1.0,SL,30455
1787854650000,VALID,1.0,2.5,-1.0,SL,93304
1787883540000,VALID,1.0,2.5,-1.0,SL,155705
1787917320000,VALID,1.0,2.5,-1.0,SL,41405
1787924280000,VALID,1.0,2.5,1.60429447852743,TIME,299850
1787925720000,VALID,1.0,2.5,-1.0,SL,25953
1787934900000,VALID,1.0,2.5,1.480319740969303,TIME,299849
1788141930000,VALID,1.0,2.5,-1.0,SL,167547
1788144150000,VALID,1.0,2.5,0.24379625598607188,TIME,299700
1788181080000,VALID,1.0,2.5,-1.0,SL,15001
1788221790000,VALID,1.0,2.5,2.5,TP,270901
1788228720000,VALID,1.0,2.5,-1.0,SL,40644
1788230910000,VALID,1.0,2.5,-1.0,SL,23099
1788258720000,VALID,1.0,2.5,-1.0,SL,12298
1788262410000,VALID,1.0,2.5,-1.0,SL,132604
1788271980000,VALID,1.0,2.5,1.776353063963053,TIME,299702
1788277740000,VALID,1.0,2.5,1.0037641154329557,TIME,299249
1788303150000,VALID,1.0,2.5,0.2323192414066036,TIME,295504
1788321570000,VALID,1.0,2.5,-0.44826423997336523,TIME,297897
1788333960000,VALID,1.0,2.5,0.2521260630314939,TIME,299252
1788353280000,VALID,1.0,2.5,1.5031622297399374,TIME,299551
1788356520000,VALID,1.0,2.5,-1.0,SL,62996
1788377820000,VALID,1.0,2.5,2.120638355422761,TIME,299245
1788409740000,VALID,1.0,2.5,0.9081567116250799,TIME,299093
1788416880000,VALID,1.0,2.5,0.618921308576509,TIME,299099
1788417360000,VALID,1.0,2.5,0.00914136467535621,TIME,299848
1788439920000,VALID,1.0,2.5,2.5,TP,218247
1788460260000,VALID,1.0,2.5,-1.0,SL,15150
1788461400000,VALID,1.0,2.5,2.1094369547980527,TIME,299704
1788486750000,VALID,1.0,2.5,-1.0,SL,70801
1788488160000,VALID,1.0,2.5,-1.0,SL,124801
1788491310000,VALID,1.0,2.5,1.65328850598901,TIME,299703
1788518280000,VALID,1.0,2.5,-1.0,SL,98997
1788535440000,VALID,1.0,2.5,-0.31190531445810854,TIME,299700
1788551280000,VALID,1.0,2.5,0.21981591770433323,TIME,299849
1788767580000,POST_CHECK,1.0,2.5,-1.0,SL,167699
1788796560000,POST_CHECK,1.0,2.5,-1.0,SL,9895
1788852930000,POST_CHECK,1.0,2.5,-1.0,SL,129744
1788853320000,POST_CHECK,1.0,2.5,-1.0,SL,237299
1788855180000,POST_CHECK,1.0,2.5,-0.26864369821185125,TIME,299099
1788864030000,POST_CHECK,1.0,2.5,-1.0,SL,37952
1788865590000,POST_CHECK,1.0,2.5,-1.0,SL,164253
1788872040000,POST_CHECK,1.0,2.5,2.462962962962952,TIME,299403
1788873690000,POST_CHECK,1.0,2.5,-1.0,SL,205203
1788891840000,POST_CHECK,1.0,2.5,-1.0,SL,24299
1788893880000,POST_CHECK,1.0,2.5,0.10961449140736892,TIME,299698
1788894780000,POST_CHECK,1.0,2.5,-1.0,SL,77395
1788912420000,POST_CHECK,1.0,2.5,2.5,TP,222005
1788921270000,POST_CHECK,1.0,2.5,-1.0,SL,50248
1788927510000,POST_CHECK,1.0,2.5,-1.0,SL,11550
1788928650000,POST_CHECK,1.0,2.5,2.5,TP,245249
1788936060000,POST_CHECK,1.0,2.5,-1.0,SL,104398
1788946920000,POST_CHECK,1.0,2.5,-1.0,SL,30601
1788947610000,POST_CHECK,1.0,2.5,2.5,TP,148797
1788948900000,POST_CHECK,1.0,2.5,-1.0,SL,61049
1788999030000,POST_CHECK,1.0,2.5,-1.0,SL,50999
1789004220000,POST_CHECK,1.0,2.5,0.18443113772476136,TIME,299696
1789006830000,POST_CHECK,1.0,2.5,-1.0,SL,128253
1789007910000,POST_CHECK,1.0,2.5,1.361379310344815,TIME,299707
1789019610000,POST_CHECK,1.0,2.5,-0.49358974358995283,TIME,299846
1789031820000,POST_CHECK,1.0,2.5,0.4579780755179438,TIME,298500
1789047570000,POST_CHECK,1.0,2.5,0.6331074540174741,TIME,299852
1789053690000,POST_CHECK,1.0,2.5,1.0019815829350114,TIME,299395
1789088850000,POST_CHECK,1.0,2.5,-1.0,SL,37198
1789089270000,POST_CHECK,1.0,2.5,-1.0,SL,35850
1789102410000,POST_CHECK,1.0,2.5,-1.0,SL,7498
1789120140000,POST_CHECK,1.0,2.5,-1.0,SL,61805
1789142100000,POST_CHECK,1.0,2.5,-1.0,SL,99904
1789347690000,POST_CHECK,1.0,2.5,-1.0,SL,15746
1789383480000,POST_CHECK,1.0,2.5,-1.0,SL,40500
1789388280000,POST_CHECK,1.0,2.5,2.5,TP,132750
1789394400000,POST_CHECK,1.0,2.5,1.1624313506469786,TIME,299703
1789394850000,POST_CHECK,1.0,2.5,-1.0,SL,151948
1789396470000,POST_CHECK,1.0,2.5,-1.0,SL,110547
1789403580000,POST_CHECK,1.0,2.5,-0.32004942848350837,TIME,299552
1789411020000,POST_CHECK,1.0,2.5,-1.0,SL,178205
1789428060000,POST_CHECK,1.0,2.5,-1.0,SL,50696
1789445400000,POST_CHECK,1.0,2.5,-1.0,SL,68401
1789458150000,POST_CHECK,1.0,2.5,2.5,TP,156150
1789468860000,POST_CHECK,1.0,2.5,2.5,TP,85804
1786060200000,TRAIN,1.0,2.75,2.315852562181728,TIME,298803
1786061580000,TRAIN,1.0,2.75,-1.0,SL,29402
1786072020000,TRAIN,1.0,2.75,-1.0,SL,248999
1786096110000,TRAIN,1.0,2.75,-1.0,SL,42895
1786105620000,TRAIN,1.0,2.75,-1.0,SL,166353
1786332630000,TRAIN,1.0,2.75,-1.0,SL,105152
1786340220000,TRAIN,1.0,2.75,0.8131609870738293,TIME,299702
1786341540000,TRAIN,1.0,2.75,0.6687054026500479,TIME,299704
1786352040000,TRAIN,1.0,2.75,-1.0,SL,263551
1786358100000,TRAIN,1.0,2.75,-1.0,SL,34202
1786381140000,TRAIN,1.0,2.75,-1.0,SL,55051
1786430640000,TRAIN,1.0,2.75,-1.0,SL,23701
1786438140000,TRAIN,1.0,2.75,-1.0,SL,261899
1786438500000,TRAIN,1.0,2.75,-1.0,SL,243002
1786440810000,TRAIN,1.0,2.75,-0.10119927714813617,TIME,299698
1786451070000,TRAIN,1.0,2.75,0.8958162428221793,TIME,299701
1786454340000,TRAIN,1.0,2.75,-1.0,SL,94798
1786463010000,TRAIN,1.0,2.75,-1.0,SL,160052
1786471950000,TRAIN,1.0,2.75,-1.0,SL,179846
1786493160000,TRAIN,1.0,2.75,-1.0,SL,142655
1786504530000,TRAIN,1.0,2.75,-1.0,SL,81896
1786526850000,TRAIN,1.0,2.75,-1.0,SL,134398
1786550940000,TRAIN,1.0,2.75,-1.0,SL,118503
1786553460000,TRAIN,1.0,2.75,-1.0,SL,178203
1786553820000,TRAIN,1.0,2.75,2.027890238416385,TIME,299856
1786581240000,TRAIN,1.0,2.75,-1.0,SL,5553
1786587240000,TRAIN,1.0,2.75,-0.2708243106684125,TIME,298197
1786593510000,TRAIN,1.0,2.75,2.75,TP,166352
1786624980000,TRAIN,1.0,2.75,-0.7946964988605154,TIME,299702
1786632990000,TRAIN,1.0,2.75,-0.23927765237050413,TIME,299395
1786633320000,TRAIN,1.0,2.75,2.75,TP,216748
1786653840000,TRAIN,1.0,2.75,-1.0,SL,66455
1786670520000,TRAIN,1.0,2.75,1.196747967479714,TIME,299843
1786687980000,TRAIN,1.0,2.75,-0.39731142643773093,TIME,299701
1786693650000,TRAIN,1.0,2.75,1.680248007085877,TIME,298201
1786952010000,TRAIN,1.0,2.75,0.6463181991607115,TIME,299250
1786953810000,TRAIN,1.0,2.75,1.0370370370367405,TIME,299251
1786961190000,TRAIN,1.0,2.75,-1.0,SL,88349
1786974090000,TRAIN,1.0,2.75,0.07283856159145949,TIME,299706
1787014200000,TRAIN,1.0,2.75,-1.0,SL,68400
1787023770000,TRAIN,1.0,2.75,0.41574803149596457,TIME,299548
1787047590000,TRAIN,1.0,2.75,-1.0,SL,100048
1787049660000,TRAIN,1.0,2.75,-1.0,SL,69748
1787066490000,TRAIN,1.0,2.75,-1.0,SL,169656
1787082420000,TRAIN,1.0,2.75,-1.0,SL,57899
1787084850000,TRAIN,1.0,2.75,0.6252263126128913,TIME,299098
1787098590000,TRAIN,1.0,2.75,-0.716360116166281,TIME,299701
1787104830000,TRAIN,1.0,2.75,0.8113385826768749,TIME,299698
1787117580000,TRAIN,1.0,2.75,-1.0,SL,9900
1787140380000,TRAIN,1.0,2.75,0.9694915254234121,TIME,299695
1787141130000,TRAIN,1.0,2.75,-1.0,SL,10654
1787143260000,TRAIN,1.0,2.75,-1.0,SL,48900
1787149170000,TRAIN,1.0,2.75,1.053423626787021,TIME,299694
1787170380000,TRAIN,1.0,2.75,-1.0,SL,29548
1787184990000,VALID,1.0,2.75,-1.0,SL,45597
1787199990000,VALID,1.0,2.75,2.75,TP,169650
1787220390000,VALID,1.0,2.75,1.1729887453105952,TIME,298952
1787229570000,VALID,1.0,2.75,-1.0,SL,21445
1787232870000,VALID,1.0,2.75,-1.0,SL,45897
1787234520000,VALID,1.0,2.75,1.5766362012816029,TIME,299848
1787246430000,VALID,1.0,2.75,0.9765449724658811,TIME,299100
1787267280000,VALID,1.0,2.75,-1.0,SL,13496
1787288910000,VALID,1.0,2.75,-1.0,SL,115054
1787298090000,VALID,1.0,2.75,-0.5752089136487003,TIME,299698
1787312280000,VALID,1.0,2.75,2.75,TP,175349
1787325840000,VALID,1.0,2.75,-1.0,SL,65556
1787339850000,VALID,1.0,2.75,0.9898305084745311,TIME,298948
1787340270000,VALID,1.0,2.75,-1.0,SL,80100
1787527200000,VALID,1.0,2.75,-1.0,SL,32849
1787534100000,VALID,1.0,2.75,-1.0,SL,95547
1787579790000,VALID,1.0,2.75,0.31744395774290074,TIME,299862
1787583030000,VALID,1.0,2.75,-1.0,SL,44994
1787609970000,VALID,1.0,2.75,-0.41801272638261455,TIME,299399
1787630220000,VALID,1.0,2.75,2.0624362375025074,TIME,298354
1787647740000,VALID,1.0,2.75,-1.0,SL,145644
1787660070000,VALID,1.0,2.75,-1.0,SL,243453
1787661450000,VALID,1.0,2.75,-1.0,SL,123749
1787664090000,VALID,1.0,2.75,-1.0,SL,33601
1787666490000,VALID,1.0,2.75,-1.0,SL,81157
1787687220000,VALID,1.0,2.75,2.75,TP,257400
1787709300000,VALID,1.0,2.75,2.75,TP,181202
1787723070000,VALID,1.0,2.75,-1.0,SL,37205
1787740170000,VALID,1.0,2.75,2.75,TP,253500
1787749530000,VALID,1.0,2.75,-0.2140929535231397,TIME,299859
1787753850000,VALID,1.0,2.75,-1.0,SL,221552
1787788590000,VALID,1.0,2.75,-1.0,SL,28646
1787790000000,VALID,1.0,2.75,-1.0,SL,9449
1787794950000,VALID,1.0,2.75,-1.0,SL,23996
1787798520000,VALID,1.0,2.75,-1.0,SL,164403
1787811390000,VALID,1.0,2.75,1.9358429764173624,TIME,299544
1787823090000,VALID,1.0,2.75,-1.0,SL,111152
1787827440000,VALID,1.0,2.75,-1.0,SL,111748
1787834550000,VALID,1.0,2.75,1.1133046016961303,TIME,299699
1787844150000,VALID,1.0,2.75,-1.0,SL,30455
1787854650000,VALID,1.0,2.75,-1.0,SL,93304
1787883540000,VALID,1.0,2.75,-1.0,SL,155705
1787917320000,VALID,1.0,2.75,-1.0,SL,41405
1787924280000,VALID,1.0,2.75,1.60429447852743,TIME,299850
1787925720000,VALID,1.0,2.75,-1.0,SL,25953
1787934900000,VALID,1.0,2.75,1.480319740969303,TIME,299849
1788141930000,VALID,1.0,2.75,-1.0,SL,167547
1788144150000,VALID,1.0,2.75,0.24379625598607188,TIME,299700
1788181080000,VALID,1.0,2.75,-1.0,SL,15001
1788221790000,VALID,1.0,2.75,2.75,TP,286051
1788228720000,VALID,1.0,2.75,-1.0,SL,40644
1788230910000,VALID,1.0,2.75,-1.0,SL,23099
1788258720000,VALID,1.0,2.75,-1.0,SL,12298
1788262410000,VALID,1.0,2.75,-1.0,SL,132604
1788271980000,VALID,1.0,2.75,1.776353063963053,TIME,299702
1788277740000,VALID,1.0,2.75,1.0037641154329557,TIME,299249
1788303150000,VALID,1.0,2.75,0.2323192414066036,TIME,295504
1788321570000,VALID,1.0,2.75,-0.44826423997336523,TIME,297897
1788333960000,VALID,1.0,2.75,0.2521260630314939,TIME,299252
1788353280000,VALID,1.0,2.75,1.5031622297399374,TIME,299551
1788356520000,VALID,1.0,2.75,-1.0,SL,62996
1788377820000,VALID,1.0,2.75,2.120638355422761,TIME,299245
1788409740000,VALID,1.0,2.75,0.9081567116250799,TIME,299093
1788416880000,VALID,1.0,2.75,0.618921308576509,TIME,299099
1788417360000,VALID,1.0,2.75,0.00914136467535621,TIME,299848
1788439920000,VALID,1.0,2.75,2.42041841004175,TIME,299849
1788460260000,VALID,1.0,2.75,-1.0,SL,15150
1788461400000,VALID,1.0,2.75,2.1094369547980527,TIME,299704
1788486750000,VALID,1.0,2.75,-1.0,SL,70801
1788488160000,VALID,1.0,2.75,-1.0,SL,124801
1788491310000,VALID,1.0,2.75,1.65328850598901,TIME,299703
1788518280000,VALID,1.0,2.75,-1.0,SL,98997
1788535440000,VALID,1.0,2.75,-0.31190531445810854,TIME,299700
1788551280000,VALID,1.0,2.75,0.21981591770433323,TIME,299849
1788767580000,POST_CHECK,1.0,2.75,-1.0,SL,167699
1788796560000,POST_CHECK,1.0,2.75,-1.0,SL,9895
1788852930000,POST_CHECK,1.0,2.75,-1.0,SL,129744
1788853320000,POST_CHECK,1.0,2.75,-1.0,SL,237299
1788855180000,POST_CHECK,1.0,2.75,-0.26864369821185125,TIME,299099
1788864030000,POST_CHECK,1.0,2.75,-1.0,SL,37952
1788865590000,POST_CHECK,1.0,2.75,-1.0,SL,164253
1788872040000,POST_CHECK,1.0,2.75,2.462962962962952,TIME,299403
1788873690000,POST_CHECK,1.0,2.75,-1.0,SL,205203
1788891840000,POST_CHECK,1.0,2.75,-1.0,SL,24299
1788893880000,POST_CHECK,1.0,2.75,0.10961449140736892,TIME,299698
1788894780000,POST_CHECK,1.0,2.75,-1.0,SL,77395
1788912420000,POST_CHECK,1.0,2.75,2.75,TP,289054
1788921270000,POST_CHECK,1.0,2.75,-1.0,SL,50248
1788927510000,POST_CHECK,1.0,2.75,-1.0,SL,11550
1788928650000,POST_CHECK,1.0,2.75,2.75,TP,267145
1788936060000,POST_CHECK,1.0,2.75,-1.0,SL,104398
1788946920000,POST_CHECK,1.0,2.75,-1.0,SL,30601
1788947610000,POST_CHECK,1.0,2.75,2.75,TP,149546
1788948900000,POST_CHECK,1.0,2.75,-1.0,SL,61049
1788999030000,POST_CHECK,1.0,2.75,-1.0,SL,50999
1789004220000,POST_CHECK,1.0,2.75,0.18443113772476136,TIME,299696
1789006830000,POST_CHECK,1.0,2.75,-1.0,SL,128253
1789007910000,POST_CHECK,1.0,2.75,1.361379310344815,TIME,299707
1789019610000,POST_CHECK,1.0,2.75,-0.49358974358995283,TIME,299846
1789031820000,POST_CHECK,1.0,2.75,0.4579780755179438,TIME,298500
1789047570000,POST_CHECK,1.0,2.75,0.6331074540174741,TIME,299852
1789053690000,POST_CHECK,1.0,2.75,1.0019815829350114,TIME,299395
1789088850000,POST_CHECK,1.0,2.75,-1.0,SL,37198
1789089270000,POST_CHECK,1.0,2.75,-1.0,SL,35850
1789102410000,POST_CHECK,1.0,2.75,-1.0,SL,7498
1789120140000,POST_CHECK,1.0,2.75,-1.0,SL,61805
1789142100000,POST_CHECK,1.0,2.75,-1.0,SL,99904
1789347690000,POST_CHECK,1.0,2.75,-1.0,SL,15746
1789383480000,POST_CHECK,1.0,2.75,-1.0,SL,40500
1789388280000,POST_CHECK,1.0,2.75,2.75,TP,138450
1789394400000,POST_CHECK,1.0,2.75,1.1624313506469786,TIME,299703
1789394850000,POST_CHECK,1.0,2.75,-1.0,SL,151948
1789396470000,POST_CHECK,1.0,2.75,-1.0,SL,110547
1789403580000,POST_CHECK,1.0,2.75,-0.32004942848350837,TIME,299552
1789411020000,POST_CHECK,1.0,2.75,-1.0,SL,178205
1789428060000,POST_CHECK,1.0,2.75,-1.0,SL,50696
1789445400000,POST_CHECK,1.0,2.75,-1.0,SL,68401
1789458150000,POST_CHECK,1.0,2.75,2.75,TP,156442
1789468860000,POST_CHECK,1.0,2.75,2.75,TP,92402
1786060200000,TRAIN,1.0,3.0,2.315852562181728,TIME,298803
1786061580000,TRAIN,1.0,3.0,-1.0,SL,29402
1786072020000,TRAIN,1.0,3.0,-1.0,SL,248999
1786096110000,TRAIN,1.0,3.0,-1.0,SL,42895
1786105620000,TRAIN,1.0,3.0,-1.0,SL,166353
1786332630000,TRAIN,1.0,3.0,-1.0,SL,105152
1786340220000,TRAIN,1.0,3.0,0.8131609870738293,TIME,299702
1786341540000,TRAIN,1.0,3.0,0.6687054026500479,TIME,299704
1786352040000,TRAIN,1.0,3.0,-1.0,SL,263551
1786358100000,TRAIN,1.0,3.0,-1.0,SL,34202
1786381140000,TRAIN,1.0,3.0,-1.0,SL,55051
1786430640000,TRAIN,1.0,3.0,-1.0,SL,23701
1786438140000,TRAIN,1.0,3.0,-1.0,SL,261899
1786438500000,TRAIN,1.0,3.0,-1.0,SL,243002
1786440810000,TRAIN,1.0,3.0,-0.10119927714813617,TIME,299698
1786451070000,TRAIN,1.0,3.0,0.8958162428221793,TIME,299701
1786454340000,TRAIN,1.0,3.0,-1.0,SL,94798
1786463010000,TRAIN,1.0,3.0,-1.0,SL,160052
1786471950000,TRAIN,1.0,3.0,-1.0,SL,179846
1786493160000,TRAIN,1.0,3.0,-1.0,SL,142655
1786504530000,TRAIN,1.0,3.0,-1.0,SL,81896
1786526850000,TRAIN,1.0,3.0,-1.0,SL,134398
1786550940000,TRAIN,1.0,3.0,-1.0,SL,118503
1786553460000,TRAIN,1.0,3.0,-1.0,SL,178203
1786553820000,TRAIN,1.0,3.0,2.027890238416385,TIME,299856
1786581240000,TRAIN,1.0,3.0,-1.0,SL,5553
1786587240000,TRAIN,1.0,3.0,-0.2708243106684125,TIME,298197
1786593510000,TRAIN,1.0,3.0,3.0,TP,202050
1786624980000,TRAIN,1.0,3.0,-0.7946964988605154,TIME,299702
1786632990000,TRAIN,1.0,3.0,-0.23927765237050413,TIME,299395
1786633320000,TRAIN,1.0,3.0,3.0,TP,217648
1786653840000,TRAIN,1.0,3.0,-1.0,SL,66455
1786670520000,TRAIN,1.0,3.0,1.196747967479714,TIME,299843
1786687980000,TRAIN,1.0,3.0,-0.39731142643773093,TIME,299701
1786693650000,TRAIN,1.0,3.0,1.680248007085877,TIME,298201
1786952010000,TRAIN,1.0,3.0,0.6463181991607115,TIME,299250
1786953810000,TRAIN,1.0,3.0,1.0370370370367405,TIME,299251
1786961190000,TRAIN,1.0,3.0,-1.0,SL,88349
1786974090000,TRAIN,1.0,3.0,0.07283856159145949,TIME,299706
1787014200000,TRAIN,1.0,3.0,-1.0,SL,68400
1787023770000,TRAIN,1.0,3.0,0.41574803149596457,TIME,299548
1787047590000,TRAIN,1.0,3.0,-1.0,SL,100048
1787049660000,TRAIN,1.0,3.0,-1.0,SL,69748
1787066490000,TRAIN,1.0,3.0,-1.0,SL,169656
1787082420000,TRAIN,1.0,3.0,-1.0,SL,57899
1787084850000,TRAIN,1.0,3.0,0.6252263126128913,TIME,299098
1787098590000,TRAIN,1.0,3.0,-0.716360116166281,TIME,299701
1787104830000,TRAIN,1.0,3.0,0.8113385826768749,TIME,299698
1787117580000,TRAIN,1.0,3.0,-1.0,SL,9900
1787140380000,TRAIN,1.0,3.0,0.9694915254234121,TIME,299695
1787141130000,TRAIN,1.0,3.0,-1.0,SL,10654
1787143260000,TRAIN,1.0,3.0,-1.0,SL,48900
1787149170000,TRAIN,1.0,3.0,1.053423626787021,TIME,299694
1787170380000,TRAIN,1.0,3.0,-1.0,SL,29548
1787184990000,VALID,1.0,3.0,-1.0,SL,45597
1787199990000,VALID,1.0,3.0,3.0,TP,169950
1787220390000,VALID,1.0,3.0,1.1729887453105952,TIME,298952
1787229570000,VALID,1.0,3.0,-1.0,SL,21445
1787232870000,VALID,1.0,3.0,-1.0,SL,45897
1787234520000,VALID,1.0,3.0,1.5766362012816029,TIME,299848
1787246430000,VALID,1.0,3.0,0.9765449724658811,TIME,299100
1787267280000,VALID,1.0,3.0,-1.0,SL,13496
1787288910000,VALID,1.0,3.0,-1.0,SL,115054
1787298090000,VALID,1.0,3.0,-0.5752089136487003,TIME,299698
1787312280000,VALID,1.0,3.0,3.0,TP,183597
1787325840000,VALID,1.0,3.0,-1.0,SL,65556
1787339850000,VALID,1.0,3.0,0.9898305084745311,TIME,298948
1787340270000,VALID,1.0,3.0,-1.0,SL,80100
1787527200000,VALID,1.0,3.0,-1.0,SL,32849
1787534100000,VALID,1.0,3.0,-1.0,SL,95547
1787579790000,VALID,1.0,3.0,0.31744395774290074,TIME,299862
1787583030000,VALID,1.0,3.0,-1.0,SL,44994
1787609970000,VALID,1.0,3.0,-0.41801272638261455,TIME,299399
1787630220000,VALID,1.0,3.0,2.0624362375025074,TIME,298354
1787647740000,VALID,1.0,3.0,-1.0,SL,145644
1787660070000,VALID,1.0,3.0,-1.0,SL,243453
1787661450000,VALID,1.0,3.0,-1.0,SL,123749
1787664090000,VALID,1.0,3.0,-1.0,SL,33601
1787666490000,VALID,1.0,3.0,-1.0,SL,81157
1787687220000,VALID,1.0,3.0,1.2647342995167343,TIME,299553
1787709300000,VALID,1.0,3.0,3.0,TP,182402
1787723070000,VALID,1.0,3.0,-1.0,SL,37205
1787740170000,VALID,1.0,3.0,2.118811881188321,TIME,299845
1787749530000,VALID,1.0,3.0,-0.2140929535231397,TIME,299859
1787753850000,VALID,1.0,3.0,-1.0,SL,221552
1787788590000,VALID,1.0,3.0,-1.0,SL,28646
1787790000000,VALID,1.0,3.0,-1.0,SL,9449
1787794950000,VALID,1.0,3.0,-1.0,SL,23996
1787798520000,VALID,1.0,3.0,-1.0,SL,164403
1787811390000,VALID,1.0,3.0,1.9358429764173624,TIME,299544
1787823090000,VALID,1.0,3.0,-1.0,SL,111152
1787827440000,VALID,1.0,3.0,-1.0,SL,111748
1787834550000,VALID,1.0,3.0,1.1133046016961303,TIME,299699
1787844150000,VALID,1.0,3.0,-1.0,SL,30455
1787854650000,VALID,1.0,3.0,-1.0,SL,93304
1787883540000,VALID,1.0,3.0,-1.0,SL,155705
1787917320000,VALID,1.0,3.0,-1.0,SL,41405
1787924280000,VALID,1.0,3.0,1.60429447852743,TIME,299850
1787925720000,VALID,1.0,3.0,-1.0,SL,25953
1787934900000,VALID,1.0,3.0,1.480319740969303,TIME,299849
1788141930000,VALID,1.0,3.0,-1.0,SL,167547
1788144150000,VALID,1.0,3.0,0.24379625598607188,TIME,299700
1788181080000,VALID,1.0,3.0,-1.0,SL,15001
1788221790000,VALID,1.0,3.0,3.0,TP,292499
1788228720000,VALID,1.0,3.0,-1.0,SL,40644
1788230910000,VALID,1.0,3.0,-1.0,SL,23099
1788258720000,VALID,1.0,3.0,-1.0,SL,12298
1788262410000,VALID,1.0,3.0,-1.0,SL,132604
1788271980000,VALID,1.0,3.0,1.776353063963053,TIME,299702
1788277740000,VALID,1.0,3.0,1.0037641154329557,TIME,299249
1788303150000,VALID,1.0,3.0,0.2323192414066036,TIME,295504
1788321570000,VALID,1.0,3.0,-0.44826423997336523,TIME,297897
1788333960000,VALID,1.0,3.0,0.2521260630314939,TIME,299252
1788353280000,VALID,1.0,3.0,1.5031622297399374,TIME,299551
1788356520000,VALID,1.0,3.0,-1.0,SL,62996
1788377820000,VALID,1.0,3.0,2.120638355422761,TIME,299245
1788409740000,VALID,1.0,3.0,0.9081567116250799,TIME,299093
1788416880000,VALID,1.0,3.0,0.618921308576509,TIME,299099
1788417360000,VALID,1.0,3.0,0.00914136467535621,TIME,299848
1788439920000,VALID,1.0,3.0,2.42041841004175,TIME,299849
1788460260000,VALID,1.0,3.0,-1.0,SL,15150
1788461400000,VALID,1.0,3.0,2.1094369547980527,TIME,299704
1788486750000,VALID,1.0,3.0,-1.0,SL,70801
1788488160000,VALID,1.0,3.0,-1.0,SL,124801
1788491310000,VALID,1.0,3.0,1.65328850598901,TIME,299703
1788518280000,VALID,1.0,3.0,-1.0,SL,98997
1788535440000,VALID,1.0,3.0,-0.31190531445810854,TIME,299700
1788551280000,VALID,1.0,3.0,0.21981591770433323,TIME,299849
1788767580000,POST_CHECK,1.0,3.0,-1.0,SL,167699
1788796560000,POST_CHECK,1.0,3.0,-1.0,SL,9895
1788852930000,POST_CHECK,1.0,3.0,-1.0,SL,129744
1788853320000,POST_CHECK,1.0,3.0,-1.0,SL,237299
1788855180000,POST_CHECK,1.0,3.0,-0.26864369821185125,TIME,299099
1788864030000,POST_CHECK,1.0,3.0,-1.0,SL,37952
1788865590000,POST_CHECK,1.0,3.0,-1.0,SL,164253
1788872040000,POST_CHECK,1.0,3.0,2.462962962962952,TIME,299403
1788873690000,POST_CHECK,1.0,3.0,-1.0,SL,205203
1788891840000,POST_CHECK,1.0,3.0,-1.0,SL,24299
1788893880000,POST_CHECK,1.0,3.0,0.10961449140736892,TIME,299698
1788894780000,POST_CHECK,1.0,3.0,-1.0,SL,77395
1788912420000,POST_CHECK,1.0,3.0,3.0,TP,291458
1788921270000,POST_CHECK,1.0,3.0,-1.0,SL,50248
1788927510000,POST_CHECK,1.0,3.0,-1.0,SL,11550
1788928650000,POST_CHECK,1.0,3.0,2.6393442622963517,TIME,298646
1788936060000,POST_CHECK,1.0,3.0,-1.0,SL,104398
1788946920000,POST_CHECK,1.0,3.0,-1.0,SL,30601
1788947610000,POST_CHECK,1.0,3.0,3.0,TP,165146
1788948900000,POST_CHECK,1.0,3.0,-1.0,SL,61049
1788999030000,POST_CHECK,1.0,3.0,-1.0,SL,50999
1789004220000,POST_CHECK,1.0,3.0,0.18443113772476136,TIME,299696
1789006830000,POST_CHECK,1.0,3.0,-1.0,SL,128253
1789007910000,POST_CHECK,1.0,3.0,1.361379310344815,TIME,299707
1789019610000,POST_CHECK,1.0,3.0,-0.49358974358995283,TIME,299846
1789031820000,POST_CHECK,1.0,3.0,0.4579780755179438,TIME,298500
1789047570000,POST_CHECK,1.0,3.0,0.6331074540174741,TIME,299852
1789053690000,POST_CHECK,1.0,3.0,1.0019815829350114,TIME,299395
1789088850000,POST_CHECK,1.0,3.0,-1.0,SL,37198
1789089270000,POST_CHECK,1.0,3.0,-1.0,SL,35850
1789102410000,POST_CHECK,1.0,3.0,-1.0,SL,7498
1789120140000,POST_CHECK,1.0,3.0,-1.0,SL,61805
1789142100000,POST_CHECK,1.0,3.0,-1.0,SL,99904
1789347690000,POST_CHECK,1.0,3.0,-1.0,SL,15746
1789383480000,POST_CHECK,1.0,3.0,-1.0,SL,40500
1789388280000,POST_CHECK,1.0,3.0,3.0,TP,173543
1789394400000,POST_CHECK,1.0,3.0,1.1624313506469786,TIME,299703
1789394850000,POST_CHECK,1.0,3.0,-1.0,SL,151948
1789396470000,POST_CHECK,1.0,3.0,-1.0,SL,110547
1789403580000,POST_CHECK,1.0,3.0,-0.32004942848350837,TIME,299552
1789411020000,POST_CHECK,1.0,3.0,-1.0,SL,178205
1789428060000,POST_CHECK,1.0,3.0,-1.0,SL,50696
1789445400000,POST_CHECK,1.0,3.0,-1.0,SL,68401
1789458150000,POST_CHECK,1.0,3.0,3.0,TP,157952
1789468860000,POST_CHECK,1.0,3.0,3.0,TP,95250
1786060200000,TRAIN,1.0,3.25,2.315852562181728,TIME,298803
1786061580000,TRAIN,1.0,3.25,-1.0,SL,29402
1786072020000,TRAIN,1.0,3.25,-1.0,SL,248999
1786096110000,TRAIN,1.0,3.25,-1.0,SL,42895
1786105620000,TRAIN,1.0,3.25,-1.0,SL,166353
1786332630000,TRAIN,1.0,3.25,-1.0,SL,105152
1786340220000,TRAIN,1.0,3.25,0.8131609870738293,TIME,299702
1786341540000,TRAIN,1.0,3.25,0.6687054026500479,TIME,299704
1786352040000,TRAIN,1.0,3.25,-1.0,SL,263551
1786358100000,TRAIN,1.0,3.25,-1.0,SL,34202
1786381140000,TRAIN,1.0,3.25,-1.0,SL,55051
1786430640000,TRAIN,1.0,3.25,-1.0,SL,23701
1786438140000,TRAIN,1.0,3.25,-1.0,SL,261899
1786438500000,TRAIN,1.0,3.25,-1.0,SL,243002
1786440810000,TRAIN,1.0,3.25,-0.10119927714813617,TIME,299698
1786451070000,TRAIN,1.0,3.25,0.8958162428221793,TIME,299701
1786454340000,TRAIN,1.0,3.25,-1.0,SL,94798
1786463010000,TRAIN,1.0,3.25,-1.0,SL,160052
1786471950000,TRAIN,1.0,3.25,-1.0,SL,179846
1786493160000,TRAIN,1.0,3.25,-1.0,SL,142655
1786504530000,TRAIN,1.0,3.25,-1.0,SL,81896
1786526850000,TRAIN,1.0,3.25,-1.0,SL,134398
1786550940000,TRAIN,1.0,3.25,-1.0,SL,118503
1786553460000,TRAIN,1.0,3.25,-1.0,SL,178203
1786553820000,TRAIN,1.0,3.25,2.027890238416385,TIME,299856
1786581240000,TRAIN,1.0,3.25,-1.0,SL,5553
1786587240000,TRAIN,1.0,3.25,-0.2708243106684125,TIME,298197
1786593510000,TRAIN,1.0,3.25,3.25,TP,202050
1786624980000,TRAIN,1.0,3.25,-0.7946964988605154,TIME,299702
1786632990000,TRAIN,1.0,3.25,-0.23927765237050413,TIME,299395
1786633320000,TRAIN,1.0,3.25,3.25,TP,217947
1786653840000,TRAIN,1.0,3.25,-1.0,SL,66455
1786670520000,TRAIN,1.0,3.25,1.196747967479714,TIME,299843
1786687980000,TRAIN,1.0,3.25,-0.39731142643773093,TIME,299701
1786693650000,TRAIN,1.0,3.25,1.680248007085877,TIME,298201
1786952010000,TRAIN,1.0,3.25,0.6463181991607115,TIME,299250
1786953810000,TRAIN,1.0,3.25,1.0370370370367405,TIME,299251
1786961190000,TRAIN,1.0,3.25,-1.0,SL,88349
1786974090000,TRAIN,1.0,3.25,0.07283856159145949,TIME,299706
1787014200000,TRAIN,1.0,3.25,-1.0,SL,68400
1787023770000,TRAIN,1.0,3.25,0.41574803149596457,TIME,299548
1787047590000,TRAIN,1.0,3.25,-1.0,SL,100048
1787049660000,TRAIN,1.0,3.25,-1.0,SL,69748
1787066490000,TRAIN,1.0,3.25,-1.0,SL,169656
1787082420000,TRAIN,1.0,3.25,-1.0,SL,57899
1787084850000,TRAIN,1.0,3.25,0.6252263126128913,TIME,299098
1787098590000,TRAIN,1.0,3.25,-0.716360116166281,TIME,299701
1787104830000,TRAIN,1.0,3.25,0.8113385826768749,TIME,299698
1787117580000,TRAIN,1.0,3.25,-1.0,SL,9900
1787140380000,TRAIN,1.0,3.25,0.9694915254234121,TIME,299695
1787141130000,TRAIN,1.0,3.25,-1.0,SL,10654
1787143260000,TRAIN,1.0,3.25,-1.0,SL,48900
1787149170000,TRAIN,1.0,3.25,1.053423626787021,TIME,299694
1787170380000,TRAIN,1.0,3.25,-1.0,SL,29548
1787184990000,VALID,1.0,3.25,-1.0,SL,45597
1787199990000,VALID,1.0,3.25,3.25,TP,189450
1787220390000,VALID,1.0,3.25,1.1729887453105952,TIME,298952
1787229570000,VALID,1.0,3.25,-1.0,SL,21445
1787232870000,VALID,1.0,3.25,-1.0,SL,45897
1787234520000,VALID,1.0,3.25,1.5766362012816029,TIME,299848
1787246430000,VALID,1.0,3.25,0.9765449724658811,TIME,299100
1787267280000,VALID,1.0,3.25,-1.0,SL,13496
1787288910000,VALID,1.0,3.25,-1.0,SL,115054
1787298090000,VALID,1.0,3.25,-0.5752089136487003,TIME,299698
1787312280000,VALID,1.0,3.25,3.25,TP,200696
1787325840000,VALID,1.0,3.25,-1.0,SL,65556
1787339850000,VALID,1.0,3.25,0.9898305084745311,TIME,298948
1787340270000,VALID,1.0,3.25,-1.0,SL,80100
1787527200000,VALID,1.0,3.25,-1.0,SL,32849
1787534100000,VALID,1.0,3.25,-1.0,SL,95547
1787579790000,VALID,1.0,3.25,0.31744395774290074,TIME,299862
1787583030000,VALID,1.0,3.25,-1.0,SL,44994
1787609970000,VALID,1.0,3.25,-0.41801272638261455,TIME,299399
1787630220000,VALID,1.0,3.25,2.0624362375025074,TIME,298354
1787647740000,VALID,1.0,3.25,-1.0,SL,145644
1787660070000,VALID,1.0,3.25,-1.0,SL,243453
1787661450000,VALID,1.0,3.25,-1.0,SL,123749
1787664090000,VALID,1.0,3.25,-1.0,SL,33601
1787666490000,VALID,1.0,3.25,-1.0,SL,81157
1787687220000,VALID,1.0,3.25,1.2647342995167343,TIME,299553
1787709300000,VALID,1.0,3.25,3.25,TP,211354
1787723070000,VALID,1.0,3.25,-1.0,SL,37205
1787740170000,VALID,1.0,3.25,2.118811881188321,TIME,299845
1787749530000,VALID,1.0,3.25,-0.2140929535231397,TIME,299859
1787753850000,VALID,1.0,3.25,-1.0,SL,221552
1787788590000,VALID,1.0,3.25,-1.0,SL,28646
1787790000000,VALID,1.0,3.25,-1.0,SL,9449
1787794950000,VALID,1.0,3.25,-1.0,SL,23996
1787798520000,VALID,1.0,3.25,-1.0,SL,164403
1787811390000,VALID,1.0,3.25,1.9358429764173624,TIME,299544
1787823090000,VALID,1.0,3.25,-1.0,SL,111152
1787827440000,VALID,1.0,3.25,-1.0,SL,111748
1787834550000,VALID,1.0,3.25,1.1133046016961303,TIME,299699
1787844150000,VALID,1.0,3.25,-1.0,SL,30455
1787854650000,VALID,1.0,3.25,-1.0,SL,93304
1787883540000,VALID,1.0,3.25,-1.0,SL,155705
1787917320000,VALID,1.0,3.25,-1.0,SL,41405
1787924280000,VALID,1.0,3.25,1.60429447852743,TIME,299850
1787925720000,VALID,1.0,3.25,-1.0,SL,25953
1787934900000,VALID,1.0,3.25,1.480319740969303,TIME,299849
1788141930000,VALID,1.0,3.25,-1.0,SL,167547
1788144150000,VALID,1.0,3.25,0.24379625598607188,TIME,299700
1788181080000,VALID,1.0,3.25,-1.0,SL,15001
1788221790000,VALID,1.0,3.25,3.1720650971718287,TIME,299099
1788228720000,VALID,1.0,3.25,-1.0,SL,40644
1788230910000,VALID,1.0,3.25,-1.0,SL,23099
1788258720000,VALID,1.0,3.25,-1.0,SL,12298
1788262410000,VALID,1.0,3.25,-1.0,SL,132604
1788271980000,VALID,1.0,3.25,1.776353063963053,TIME,299702
1788277740000,VALID,1.0,3.25,1.0037641154329557,TIME,299249
1788303150000,VALID,1.0,3.25,0.2323192414066036,TIME,295504
1788321570000,VALID,1.0,3.25,-0.44826423997336523,TIME,297897
1788333960000,VALID,1.0,3.25,0.2521260630314939,TIME,299252
1788353280000,VALID,1.0,3.25,1.5031622297399374,TIME,299551
1788356520000,VALID,1.0,3.25,-1.0,SL,62996
1788377820000,VALID,1.0,3.25,2.120638355422761,TIME,299245
1788409740000,VALID,1.0,3.25,0.9081567116250799,TIME,299093
1788416880000,VALID,1.0,3.25,0.618921308576509,TIME,299099
1788417360000,VALID,1.0,3.25,0.00914136467535621,TIME,299848
1788439920000,VALID,1.0,3.25,2.42041841004175,TIME,299849
1788460260000,VALID,1.0,3.25,-1.0,SL,15150
1788461400000,VALID,1.0,3.25,2.1094369547980527,TIME,299704
1788486750000,VALID,1.0,3.25,-1.0,SL,70801
1788488160000,VALID,1.0,3.25,-1.0,SL,124801
1788491310000,VALID,1.0,3.25,1.65328850598901,TIME,299703
1788518280000,VALID,1.0,3.25,-1.0,SL,98997
1788535440000,VALID,1.0,3.25,-0.31190531445810854,TIME,299700
1788551280000,VALID,1.0,3.25,0.21981591770433323,TIME,299849
1788767580000,POST_CHECK,1.0,3.25,-1.0,SL,167699
1788796560000,POST_CHECK,1.0,3.25,-1.0,SL,9895
1788852930000,POST_CHECK,1.0,3.25,-1.0,SL,129744
1788853320000,POST_CHECK,1.0,3.25,-1.0,SL,237299
1788855180000,POST_CHECK,1.0,3.25,-0.26864369821185125,TIME,299099
1788864030000,POST_CHECK,1.0,3.25,-1.0,SL,37952
1788865590000,POST_CHECK,1.0,3.25,-1.0,SL,164253
1788872040000,POST_CHECK,1.0,3.25,2.462962962962952,TIME,299403
1788873690000,POST_CHECK,1.0,3.25,-1.0,SL,205203
1788891840000,POST_CHECK,1.0,3.25,-1.0,SL,24299
1788893880000,POST_CHECK,1.0,3.25,0.10961449140736892,TIME,299698
1788894780000,POST_CHECK,1.0,3.25,-1.0,SL,77395
1788912420000,POST_CHECK,1.0,3.25,3.0813397129185938,TIME,299404
1788921270000,POST_CHECK,1.0,3.25,-1.0,SL,50248
1788927510000,POST_CHECK,1.0,3.25,-1.0,SL,11550
1788928650000,POST_CHECK,1.0,3.25,2.6393442622963517,TIME,298646
1788936060000,POST_CHECK,1.0,3.25,-1.0,SL,104398
1788946920000,POST_CHECK,1.0,3.25,-1.0,SL,30601
1788947610000,POST_CHECK,1.0,3.25,3.25,TP,266845
1788948900000,POST_CHECK,1.0,3.25,-1.0,SL,61049
1788999030000,POST_CHECK,1.0,3.25,-1.0,SL,50999
1789004220000,POST_CHECK,1.0,3.25,0.18443113772476136,TIME,299696
1789006830000,POST_CHECK,1.0,3.25,-1.0,SL,128253
1789007910000,POST_CHECK,1.0,3.25,1.361379310344815,TIME,299707
1789019610000,POST_CHECK,1.0,3.25,-0.49358974358995283,TIME,299846
1789031820000,POST_CHECK,1.0,3.25,0.4579780755179438,TIME,298500
1789047570000,POST_CHECK,1.0,3.25,0.6331074540174741,TIME,299852
1789053690000,POST_CHECK,1.0,3.25,1.0019815829350114,TIME,299395
1789088850000,POST_CHECK,1.0,3.25,-1.0,SL,37198
1789089270000,POST_CHECK,1.0,3.25,-1.0,SL,35850
1789102410000,POST_CHECK,1.0,3.25,-1.0,SL,7498
1789120140000,POST_CHECK,1.0,3.25,-1.0,SL,61805
1789142100000,POST_CHECK,1.0,3.25,-1.0,SL,99904
1789347690000,POST_CHECK,1.0,3.25,-1.0,SL,15746
1789383480000,POST_CHECK,1.0,3.25,-1.0,SL,40500
1789388280000,POST_CHECK,1.0,3.25,3.25,TP,177302
1789394400000,POST_CHECK,1.0,3.25,1.1624313506469786,TIME,299703
1789394850000,POST_CHECK,1.0,3.25,-1.0,SL,151948
1789396470000,POST_CHECK,1.0,3.25,-1.0,SL,110547
1789403580000,POST_CHECK,1.0,3.25,-0.32004942848350837,TIME,299552
1789411020000,POST_CHECK,1.0,3.25,-1.0,SL,178205
1789428060000,POST_CHECK,1.0,3.25,-1.0,SL,50696
1789445400000,POST_CHECK,1.0,3.25,-1.0,SL,68401
1789458150000,POST_CHECK,1.0,3.25,3.25,TP,271801
1789468860000,POST_CHECK,1.0,3.25,2.5327136217373805,TIME,299697
1786060200000,TRAIN,1.0,3.5,2.315852562181728,TIME,298803
1786061580000,TRAIN,1.0,3.5,-1.0,SL,29402
1786072020000,TRAIN,1.0,3.5,-1.0,SL,248999
1786096110000,TRAIN,1.0,3.5,-1.0,SL,42895
1786105620000,TRAIN,1.0,3.5,-1.0,SL,166353
1786332630000,TRAIN,1.0,3.5,-1.0,SL,105152
1786340220000,TRAIN,1.0,3.5,0.8131609870738293,TIME,299702
1786341540000,TRAIN,1.0,3.5,0.6687054026500479,TIME,299704
1786352040000,TRAIN,1.0,3.5,-1.0,SL,263551
1786358100000,TRAIN,1.0,3.5,-1.0,SL,34202
1786381140000,TRAIN,1.0,3.5,-1.0,SL,55051
1786430640000,TRAIN,1.0,3.5,-1.0,SL,23701
1786438140000,TRAIN,1.0,3.5,-1.0,SL,261899
1786438500000,TRAIN,1.0,3.5,-1.0,SL,243002
1786440810000,TRAIN,1.0,3.5,-0.10119927714813617,TIME,299698
1786451070000,TRAIN,1.0,3.5,0.8958162428221793,TIME,299701
1786454340000,TRAIN,1.0,3.5,-1.0,SL,94798
1786463010000,TRAIN,1.0,3.5,-1.0,SL,160052
1786471950000,TRAIN,1.0,3.5,-1.0,SL,179846
1786493160000,TRAIN,1.0,3.5,-1.0,SL,142655
1786504530000,TRAIN,1.0,3.5,-1.0,SL,81896
1786526850000,TRAIN,1.0,3.5,-1.0,SL,134398
1786550940000,TRAIN,1.0,3.5,-1.0,SL,118503
1786553460000,TRAIN,1.0,3.5,-1.0,SL,178203
1786553820000,TRAIN,1.0,3.5,2.027890238416385,TIME,299856
1786581240000,TRAIN,1.0,3.5,-1.0,SL,5553
1786587240000,TRAIN,1.0,3.5,-0.2708243106684125,TIME,298197
1786593510000,TRAIN,1.0,3.5,0.38328037154757416,TIME,298656
1786624980000,TRAIN,1.0,3.5,-0.7946964988605154,TIME,299702
1786632990000,TRAIN,1.0,3.5,-0.23927765237050413,TIME,299395
1786633320000,TRAIN,1.0,3.5,3.5,TP,220647
1786653840000,TRAIN,1.0,3.5,-1.0,SL,66455
1786670520000,TRAIN,1.0,3.5,1.196747967479714,TIME,299843
1786687980000,TRAIN,1.0,3.5,-0.39731142643773093,TIME,299701
1786693650000,TRAIN,1.0,3.5,1.680248007085877,TIME,298201
1786952010000,TRAIN,1.0,3.5,0.6463181991607115,TIME,299250
1786953810000,TRAIN,1.0,3.5,1.0370370370367405,TIME,299251
1786961190000,TRAIN,1.0,3.5,-1.0,SL,88349
1786974090000,TRAIN,1.0,3.5,0.07283856159145949,TIME,299706
1787014200000,TRAIN,1.0,3.5,-1.0,SL,68400
1787023770000,TRAIN,1.0,3.5,0.41574803149596457,TIME,299548
1787047590000,TRAIN,1.0,3.5,-1.0,SL,100048
1787049660000,TRAIN,1.0,3.5,-1.0,SL,69748
1787066490000,TRAIN,1.0,3.5,-1.0,SL,169656
1787082420000,TRAIN,1.0,3.5,-1.0,SL,57899
1787084850000,TRAIN,1.0,3.5,0.6252263126128913,TIME,299098
1787098590000,TRAIN,1.0,3.5,-0.716360116166281,TIME,299701
1787104830000,TRAIN,1.0,3.5,0.8113385826768749,TIME,299698
1787117580000,TRAIN,1.0,3.5,-1.0,SL,9900
1787140380000,TRAIN,1.0,3.5,0.9694915254234121,TIME,299695
1787141130000,TRAIN,1.0,3.5,-1.0,SL,10654
1787143260000,TRAIN,1.0,3.5,-1.0,SL,48900
1787149170000,TRAIN,1.0,3.5,1.053423626787021,TIME,299694
1787170380000,TRAIN,1.0,3.5,-1.0,SL,29548
1787184990000,VALID,1.0,3.5,-1.0,SL,45597
1787199990000,VALID,1.0,3.5,3.5,TP,189450
1787220390000,VALID,1.0,3.5,1.1729887453105952,TIME,298952
1787229570000,VALID,1.0,3.5,-1.0,SL,21445
1787232870000,VALID,1.0,3.5,-1.0,SL,45897
1787234520000,VALID,1.0,3.5,1.5766362012816029,TIME,299848
1787246430000,VALID,1.0,3.5,0.9765449724658811,TIME,299100
1787267280000,VALID,1.0,3.5,-1.0,SL,13496
1787288910000,VALID,1.0,3.5,-1.0,SL,115054
1787298090000,VALID,1.0,3.5,-0.5752089136487003,TIME,299698
1787312280000,VALID,1.0,3.5,3.162777930277051,TIME,299850
1787325840000,VALID,1.0,3.5,-1.0,SL,65556
1787339850000,VALID,1.0,3.5,0.9898305084745311,TIME,298948
1787340270000,VALID,1.0,3.5,-1.0,SL,80100
1787527200000,VALID,1.0,3.5,-1.0,SL,32849
1787534100000,VALID,1.0,3.5,-1.0,SL,95547
1787579790000,VALID,1.0,3.5,0.31744395774290074,TIME,299862
1787583030000,VALID,1.0,3.5,-1.0,SL,44994
1787609970000,VALID,1.0,3.5,-0.41801272638261455,TIME,299399
1787630220000,VALID,1.0,3.5,2.0624362375025074,TIME,298354
1787647740000,VALID,1.0,3.5,-1.0,SL,145644
1787660070000,VALID,1.0,3.5,-1.0,SL,243453
1787661450000,VALID,1.0,3.5,-1.0,SL,123749
1787664090000,VALID,1.0,3.5,-1.0,SL,33601
1787666490000,VALID,1.0,3.5,-1.0,SL,81157
1787687220000,VALID,1.0,3.5,1.2647342995167343,TIME,299553
1787709300000,VALID,1.0,3.5,1.8400664084117153,TIME,299097
1787723070000,VALID,1.0,3.5,-1.0,SL,37205
1787740170000,VALID,1.0,3.5,2.118811881188321,TIME,299845
1787749530000,VALID,1.0,3.5,-0.2140929535231397,TIME,299859
1787753850000,VALID,1.0,3.5,-1.0,SL,221552
1787788590000,VALID,1.0,3.5,-1.0,SL,28646
1787790000000,VALID,1.0,3.5,-1.0,SL,9449
1787794950000,VALID,1.0,3.5,-1.0,SL,23996
1787798520000,VALID,1.0,3.5,-1.0,SL,164403
1787811390000,VALID,1.0,3.5,1.9358429764173624,TIME,299544
1787823090000,VALID,1.0,3.5,-1.0,SL,111152
1787827440000,VALID,1.0,3.5,-1.0,SL,111748
1787834550000,VALID,1.0,3.5,1.1133046016961303,TIME,299699
1787844150000,VALID,1.0,3.5,-1.0,SL,30455
1787854650000,VALID,1.0,3.5,-1.0,SL,93304
1787883540000,VALID,1.0,3.5,-1.0,SL,155705
1787917320000,VALID,1.0,3.5,-1.0,SL,41405
1787924280000,VALID,1.0,3.5,1.60429447852743,TIME,299850
1787925720000,VALID,1.0,3.5,-1.0,SL,25953
1787934900000,VALID,1.0,3.5,1.480319740969303,TIME,299849
1788141930000,VALID,1.0,3.5,-1.0,SL,167547
1788144150000,VALID,1.0,3.5,0.24379625598607188,TIME,299700
1788181080000,VALID,1.0,3.5,-1.0,SL,15001
1788221790000,VALID,1.0,3.5,3.1720650971718287,TIME,299099
1788228720000,VALID,1.0,3.5,-1.0,SL,40644
1788230910000,VALID,1.0,3.5,-1.0,SL,23099
1788258720000,VALID,1.0,3.5,-1.0,SL,12298
1788262410000,VALID,1.0,3.5,-1.0,SL,132604
1788271980000,VALID,1.0,3.5,1.776353063963053,TIME,299702
1788277740000,VALID,1.0,3.5,1.0037641154329557,TIME,299249
1788303150000,VALID,1.0,3.5,0.2323192414066036,TIME,295504
1788321570000,VALID,1.0,3.5,-0.44826423997336523,TIME,297897
1788333960000,VALID,1.0,3.5,0.2521260630314939,TIME,299252
1788353280000,VALID,1.0,3.5,1.5031622297399374,TIME,299551
1788356520000,VALID,1.0,3.5,-1.0,SL,62996
1788377820000,VALID,1.0,3.5,2.120638355422761,TIME,299245
1788409740000,VALID,1.0,3.5,0.9081567116250799,TIME,299093
1788416880000,VALID,1.0,3.5,0.618921308576509,TIME,299099
1788417360000,VALID,1.0,3.5,0.00914136467535621,TIME,299848
1788439920000,VALID,1.0,3.5,2.42041841004175,TIME,299849
1788460260000,VALID,1.0,3.5,-1.0,SL,15150
1788461400000,VALID,1.0,3.5,2.1094369547980527,TIME,299704
1788486750000,VALID,1.0,3.5,-1.0,SL,70801
1788488160000,VALID,1.0,3.5,-1.0,SL,124801
1788491310000,VALID,1.0,3.5,1.65328850598901,TIME,299703
1788518280000,VALID,1.0,3.5,-1.0,SL,98997
1788535440000,VALID,1.0,3.5,-0.31190531445810854,TIME,299700
1788551280000,VALID,1.0,3.5,0.21981591770433323,TIME,299849
1788767580000,POST_CHECK,1.0,3.5,-1.0,SL,167699
1788796560000,POST_CHECK,1.0,3.5,-1.0,SL,9895
1788852930000,POST_CHECK,1.0,3.5,-1.0,SL,129744
1788853320000,POST_CHECK,1.0,3.5,-1.0,SL,237299
1788855180000,POST_CHECK,1.0,3.5,-0.26864369821185125,TIME,299099
1788864030000,POST_CHECK,1.0,3.5,-1.0,SL,37952
1788865590000,POST_CHECK,1.0,3.5,-1.0,SL,164253
1788872040000,POST_CHECK,1.0,3.5,2.462962962962952,TIME,299403
1788873690000,POST_CHECK,1.0,3.5,-1.0,SL,205203
1788891840000,POST_CHECK,1.0,3.5,-1.0,SL,24299
1788893880000,POST_CHECK,1.0,3.5,0.10961449140736892,TIME,299698
1788894780000,POST_CHECK,1.0,3.5,-1.0,SL,77395
1788912420000,POST_CHECK,1.0,3.5,3.0813397129185938,TIME,299404
1788921270000,POST_CHECK,1.0,3.5,-1.0,SL,50248
1788927510000,POST_CHECK,1.0,3.5,-1.0,SL,11550
1788928650000,POST_CHECK,1.0,3.5,2.6393442622963517,TIME,298646
1788936060000,POST_CHECK,1.0,3.5,-1.0,SL,104398
1788946920000,POST_CHECK,1.0,3.5,-1.0,SL,30601
1788947610000,POST_CHECK,1.0,3.5,3.5,TP,271351
1788948900000,POST_CHECK,1.0,3.5,-1.0,SL,61049
1788999030000,POST_CHECK,1.0,3.5,-1.0,SL,50999
1789004220000,POST_CHECK,1.0,3.5,0.18443113772476136,TIME,299696
1789006830000,POST_CHECK,1.0,3.5,-1.0,SL,128253
1789007910000,POST_CHECK,1.0,3.5,1.361379310344815,TIME,299707
1789019610000,POST_CHECK,1.0,3.5,-0.49358974358995283,TIME,299846
1789031820000,POST_CHECK,1.0,3.5,0.4579780755179438,TIME,298500
1789047570000,POST_CHECK,1.0,3.5,0.6331074540174741,TIME,299852
1789053690000,POST_CHECK,1.0,3.5,1.0019815829350114,TIME,299395
1789088850000,POST_CHECK,1.0,3.5,-1.0,SL,37198
1789089270000,POST_CHECK,1.0,3.5,-1.0,SL,35850
1789102410000,POST_CHECK,1.0,3.5,-1.0,SL,7498
1789120140000,POST_CHECK,1.0,3.5,-1.0,SL,61805
1789142100000,POST_CHECK,1.0,3.5,-1.0,SL,99904
1789347690000,POST_CHECK,1.0,3.5,-1.0,SL,15746
1789383480000,POST_CHECK,1.0,3.5,-1.0,SL,40500
1789388280000,POST_CHECK,1.0,3.5,3.5,TP,210148
1789394400000,POST_CHECK,1.0,3.5,1.1624313506469786,TIME,299703
1789394850000,POST_CHECK,1.0,3.5,-1.0,SL,151948
1789396470000,POST_CHECK,1.0,3.5,-1.0,SL,110547
1789403580000,POST_CHECK,1.0,3.5,-0.32004942848350837,TIME,299552
1789411020000,POST_CHECK,1.0,3.5,-1.0,SL,178205
1789428060000,POST_CHECK,1.0,3.5,-1.0,SL,50696
1789445400000,POST_CHECK,1.0,3.5,-1.0,SL,68401
1789458150000,POST_CHECK,1.0,3.5,3.5,TP,271801
1789468860000,POST_CHECK,1.0,3.5,2.5327136217373805,TIME,299697
1786060200000,TRAIN,1.0,3.75,2.315852562181728,TIME,298803
1786061580000,TRAIN,1.0,3.75,-1.0,SL,29402
1786072020000,TRAIN,1.0,3.75,-1.0,SL,248999
1786096110000,TRAIN,1.0,3.75,-1.0,SL,42895
1786105620000,TRAIN,1.0,3.75,-1.0,SL,166353
1786332630000,TRAIN,1.0,3.75,-1.0,SL,105152
1786340220000,TRAIN,1.0,3.75,0.8131609870738293,TIME,299702
1786341540000,TRAIN,1.0,3.75,0.6687054026500479,TIME,299704
1786352040000,TRAIN,1.0,3.75,-1.0,SL,263551
1786358100000,TRAIN,1.0,3.75,-1.0,SL,34202
1786381140000,TRAIN,1.0,3.75,-1.0,SL,55051
1786430640000,TRAIN,1.0,3.75,-1.0,SL,23701
1786438140000,TRAIN,1.0,3.75,-1.0,SL,261899
1786438500000,TRAIN,1.0,3.75,-1.0,SL,243002
1786440810000,TRAIN,1.0,3.75,-0.10119927714813617,TIME,299698
1786451070000,TRAIN,1.0,3.75,0.8958162428221793,TIME,299701
1786454340000,TRAIN,1.0,3.75,-1.0,SL,94798
1786463010000,TRAIN,1.0,3.75,-1.0,SL,160052
1786471950000,TRAIN,1.0,3.75,-1.0,SL,179846
1786493160000,TRAIN,1.0,3.75,-1.0,SL,142655
1786504530000,TRAIN,1.0,3.75,-1.0,SL,81896
1786526850000,TRAIN,1.0,3.75,-1.0,SL,134398
1786550940000,TRAIN,1.0,3.75,-1.0,SL,118503
1786553460000,TRAIN,1.0,3.75,-1.0,SL,178203
1786553820000,TRAIN,1.0,3.75,2.027890238416385,TIME,299856
1786581240000,TRAIN,1.0,3.75,-1.0,SL,5553
1786587240000,TRAIN,1.0,3.75,-0.2708243106684125,TIME,298197
1786593510000,TRAIN,1.0,3.75,0.38328037154757416,TIME,298656
1786624980000,TRAIN,1.0,3.75,-0.7946964988605154,TIME,299702
1786632990000,TRAIN,1.0,3.75,-0.23927765237050413,TIME,299395
1786633320000,TRAIN,1.0,3.75,3.75,TP,236103
1786653840000,TRAIN,1.0,3.75,-1.0,SL,66455
1786670520000,TRAIN,1.0,3.75,1.196747967479714,TIME,299843
1786687980000,TRAIN,1.0,3.75,-0.39731142643773093,TIME,299701
1786693650000,TRAIN,1.0,3.75,1.680248007085877,TIME,298201
1786952010000,TRAIN,1.0,3.75,0.6463181991607115,TIME,299250
1786953810000,TRAIN,1.0,3.75,1.0370370370367405,TIME,299251
1786961190000,TRAIN,1.0,3.75,-1.0,SL,88349
1786974090000,TRAIN,1.0,3.75,0.07283856159145949,TIME,299706
1787014200000,TRAIN,1.0,3.75,-1.0,SL,68400
1787023770000,TRAIN,1.0,3.75,0.41574803149596457,TIME,299548
1787047590000,TRAIN,1.0,3.75,-1.0,SL,100048
1787049660000,TRAIN,1.0,3.75,-1.0,SL,69748
1787066490000,TRAIN,1.0,3.75,-1.0,SL,169656
1787082420000,TRAIN,1.0,3.75,-1.0,SL,57899
1787084850000,TRAIN,1.0,3.75,0.6252263126128913,TIME,299098
1787098590000,TRAIN,1.0,3.75,-0.716360116166281,TIME,299701
1787104830000,TRAIN,1.0,3.75,0.8113385826768749,TIME,299698
1787117580000,TRAIN,1.0,3.75,-1.0,SL,9900
1787140380000,TRAIN,1.0,3.75,0.9694915254234121,TIME,299695
1787141130000,TRAIN,1.0,3.75,-1.0,SL,10654
1787143260000,TRAIN,1.0,3.75,-1.0,SL,48900
1787149170000,TRAIN,1.0,3.75,1.053423626787021,TIME,299694
1787170380000,TRAIN,1.0,3.75,-1.0,SL,29548
1787184990000,VALID,1.0,3.75,-1.0,SL,45597
1787199990000,VALID,1.0,3.75,3.75,TP,208054
1787220390000,VALID,1.0,3.75,1.1729887453105952,TIME,298952
1787229570000,VALID,1.0,3.75,-1.0,SL,21445
1787232870000,VALID,1.0,3.75,-1.0,SL,45897
1787234520000,VALID,1.0,3.75,1.5766362012816029,TIME,299848
1787246430000,VALID,1.0,3.75,0.9765449724658811,TIME,299100
1787267280000,VALID,1.0,3.75,-1.0,SL,13496
1787288910000,VALID,1.0,3.75,-1.0,SL,115054
1787298090000,VALID,1.0,3.75,-0.5752089136487003,TIME,299698
1787312280000,VALID,1.0,3.75,3.162777930277051,TIME,299850
1787325840000,VALID,1.0,3.75,-1.0,SL,65556
1787339850000,VALID,1.0,3.75,0.9898305084745311,TIME,298948
1787340270000,VALID,1.0,3.75,-1.0,SL,80100
1787527200000,VALID,1.0,3.75,-1.0,SL,32849
1787534100000,VALID,1.0,3.75,-1.0,SL,95547
1787579790000,VALID,1.0,3.75,0.31744395774290074,TIME,299862
1787583030000,VALID,1.0,3.75,-1.0,SL,44994
1787609970000,VALID,1.0,3.75,-0.41801272638261455,TIME,299399
1787630220000,VALID,1.0,3.75,2.0624362375025074,TIME,298354
1787647740000,VALID,1.0,3.75,-1.0,SL,145644
1787660070000,VALID,1.0,3.75,-1.0,SL,243453
1787661450000,VALID,1.0,3.75,-1.0,SL,123749
1787664090000,VALID,1.0,3.75,-1.0,SL,33601
1787666490000,VALID,1.0,3.75,-1.0,SL,81157
1787687220000,VALID,1.0,3.75,1.2647342995167343,TIME,299553
1787709300000,VALID,1.0,3.75,1.8400664084117153,TIME,299097
1787723070000,VALID,1.0,3.75,-1.0,SL,37205
1787740170000,VALID,1.0,3.75,2.118811881188321,TIME,299845
1787749530000,VALID,1.0,3.75,-0.2140929535231397,TIME,299859
1787753850000,VALID,1.0,3.75,-1.0,SL,221552
1787788590000,VALID,1.0,3.75,-1.0,SL,28646
1787790000000,VALID,1.0,3.75,-1.0,SL,9449
1787794950000,VALID,1.0,3.75,-1.0,SL,23996
1787798520000,VALID,1.0,3.75,-1.0,SL,164403
1787811390000,VALID,1.0,3.75,1.9358429764173624,TIME,299544
1787823090000,VALID,1.0,3.75,-1.0,SL,111152
1787827440000,VALID,1.0,3.75,-1.0,SL,111748
1787834550000,VALID,1.0,3.75,1.1133046016961303,TIME,299699
1787844150000,VALID,1.0,3.75,-1.0,SL,30455
1787854650000,VALID,1.0,3.75,-1.0,SL,93304
1787883540000,VALID,1.0,3.75,-1.0,SL,155705
1787917320000,VALID,1.0,3.75,-1.0,SL,41405
1787924280000,VALID,1.0,3.75,1.60429447852743,TIME,299850
1787925720000,VALID,1.0,3.75,-1.0,SL,25953
1787934900000,VALID,1.0,3.75,1.480319740969303,TIME,299849
1788141930000,VALID,1.0,3.75,-1.0,SL,167547
1788144150000,VALID,1.0,3.75,0.24379625598607188,TIME,299700
1788181080000,VALID,1.0,3.75,-1.0,SL,15001
1788221790000,VALID,1.0,3.75,3.1720650971718287,TIME,299099
1788228720000,VALID,1.0,3.75,-1.0,SL,40644
1788230910000,VALID,1.0,3.75,-1.0,SL,23099
1788258720000,VALID,1.0,3.75,-1.0,SL,12298
1788262410000,VALID,1.0,3.75,-1.0,SL,132604
1788271980000,VALID,1.0,3.75,1.776353063963053,TIME,299702
1788277740000,VALID,1.0,3.75,1.0037641154329557,TIME,299249
1788303150000,VALID,1.0,3.75,0.2323192414066036,TIME,295504
1788321570000,VALID,1.0,3.75,-0.44826423997336523,TIME,297897
1788333960000,VALID,1.0,3.75,0.2521260630314939,TIME,299252
1788353280000,VALID,1.0,3.75,1.5031622297399374,TIME,299551
1788356520000,VALID,1.0,3.75,-1.0,SL,62996
1788377820000,VALID,1.0,3.75,2.120638355422761,TIME,299245
1788409740000,VALID,1.0,3.75,0.9081567116250799,TIME,299093
1788416880000,VALID,1.0,3.75,0.618921308576509,TIME,299099
1788417360000,VALID,1.0,3.75,0.00914136467535621,TIME,299848
1788439920000,VALID,1.0,3.75,2.42041841004175,TIME,299849
1788460260000,VALID,1.0,3.75,-1.0,SL,15150
1788461400000,VALID,1.0,3.75,2.1094369547980527,TIME,299704
1788486750000,VALID,1.0,3.75,-1.0,SL,70801
1788488160000,VALID,1.0,3.75,-1.0,SL,124801
1788491310000,VALID,1.0,3.75,1.65328850598901,TIME,299703
1788518280000,VALID,1.0,3.75,-1.0,SL,98997
1788535440000,VALID,1.0,3.75,-0.31190531445810854,TIME,299700
1788551280000,VALID,1.0,3.75,0.21981591770433323,TIME,299849
1788767580000,POST_CHECK,1.0,3.75,-1.0,SL,167699
1788796560000,POST_CHECK,1.0,3.75,-1.0,SL,9895
1788852930000,POST_CHECK,1.0,3.75,-1.0,SL,129744
1788853320000,POST_CHECK,1.0,3.75,-1.0,SL,237299
1788855180000,POST_CHECK,1.0,3.75,-0.26864369821185125,TIME,299099
1788864030000,POST_CHECK,1.0,3.75,-1.0,SL,37952
1788865590000,POST_CHECK,1.0,3.75,-1.0,SL,164253
1788872040000,POST_CHECK,1.0,3.75,2.462962962962952,TIME,299403
1788873690000,POST_CHECK,1.0,3.75,-1.0,SL,205203
1788891840000,POST_CHECK,1.0,3.75,-1.0,SL,24299
1788893880000,POST_CHECK,1.0,3.75,0.10961449140736892,TIME,299698
1788894780000,POST_CHECK,1.0,3.75,-1.0,SL,77395
1788912420000,POST_CHECK,1.0,3.75,3.0813397129185938,TIME,299404
1788921270000,POST_CHECK,1.0,3.75,-1.0,SL,50248
1788927510000,POST_CHECK,1.0,3.75,-1.0,SL,11550
1788928650000,POST_CHECK,1.0,3.75,2.6393442622963517,TIME,298646
1788936060000,POST_CHECK,1.0,3.75,-1.0,SL,104398
1788946920000,POST_CHECK,1.0,3.75,-1.0,SL,30601
1788947610000,POST_CHECK,1.0,3.75,2.7531064289578064,TIME,299547
1788948900000,POST_CHECK,1.0,3.75,-1.0,SL,61049
1788999030000,POST_CHECK,1.0,3.75,-1.0,SL,50999
1789004220000,POST_CHECK,1.0,3.75,0.18443113772476136,TIME,299696
1789006830000,POST_CHECK,1.0,3.75,-1.0,SL,128253
1789007910000,POST_CHECK,1.0,3.75,1.361379310344815,TIME,299707
1789019610000,POST_CHECK,1.0,3.75,-0.49358974358995283,TIME,299846
1789031820000,POST_CHECK,1.0,3.75,0.4579780755179438,TIME,298500
1789047570000,POST_CHECK,1.0,3.75,0.6331074540174741,TIME,299852
1789053690000,POST_CHECK,1.0,3.75,1.0019815829350114,TIME,299395
1789088850000,POST_CHECK,1.0,3.75,-1.0,SL,37198
1789089270000,POST_CHECK,1.0,3.75,-1.0,SL,35850
1789102410000,POST_CHECK,1.0,3.75,-1.0,SL,7498
1789120140000,POST_CHECK,1.0,3.75,-1.0,SL,61805
1789142100000,POST_CHECK,1.0,3.75,-1.0,SL,99904
1789347690000,POST_CHECK,1.0,3.75,-1.0,SL,15746
1789383480000,POST_CHECK,1.0,3.75,-1.0,SL,40500
1789388280000,POST_CHECK,1.0,3.75,3.75,TP,240146
1789394400000,POST_CHECK,1.0,3.75,1.1624313506469786,TIME,299703
1789394850000,POST_CHECK,1.0,3.75,-1.0,SL,151948
1789396470000,POST_CHECK,1.0,3.75,-1.0,SL,110547
1789403580000,POST_CHECK,1.0,3.75,-0.32004942848350837,TIME,299552
1789411020000,POST_CHECK,1.0,3.75,-1.0,SL,178205
1789428060000,POST_CHECK,1.0,3.75,-1.0,SL,50696
1789445400000,POST_CHECK,1.0,3.75,-1.0,SL,68401
1789458150000,POST_CHECK,1.0,3.75,3.75,TP,271944
1789468860000,POST_CHECK,1.0,3.75,2.5327136217373805,TIME,299697
1786060200000,TRAIN,1.0,4.0,2.315852562181728,TIME,298803
1786061580000,TRAIN,1.0,4.0,-1.0,SL,29402
1786072020000,TRAIN,1.0,4.0,-1.0,SL,248999
1786096110000,TRAIN,1.0,4.0,-1.0,SL,42895
1786105620000,TRAIN,1.0,4.0,-1.0,SL,166353
1786332630000,TRAIN,1.0,4.0,-1.0,SL,105152
1786340220000,TRAIN,1.0,4.0,0.8131609870738293,TIME,299702
1786341540000,TRAIN,1.0,4.0,0.6687054026500479,TIME,299704
1786352040000,TRAIN,1.0,4.0,-1.0,SL,263551
1786358100000,TRAIN,1.0,4.0,-1.0,SL,34202
1786381140000,TRAIN,1.0,4.0,-1.0,SL,55051
1786430640000,TRAIN,1.0,4.0,-1.0,SL,23701
1786438140000,TRAIN,1.0,4.0,-1.0,SL,261899
1786438500000,TRAIN,1.0,4.0,-1.0,SL,243002
1786440810000,TRAIN,1.0,4.0,-0.10119927714813617,TIME,299698
1786451070000,TRAIN,1.0,4.0,0.8958162428221793,TIME,299701
1786454340000,TRAIN,1.0,4.0,-1.0,SL,94798
1786463010000,TRAIN,1.0,4.0,-1.0,SL,160052
1786471950000,TRAIN,1.0,4.0,-1.0,SL,179846
1786493160000,TRAIN,1.0,4.0,-1.0,SL,142655
1786504530000,TRAIN,1.0,4.0,-1.0,SL,81896
1786526850000,TRAIN,1.0,4.0,-1.0,SL,134398
1786550940000,TRAIN,1.0,4.0,-1.0,SL,118503
1786553460000,TRAIN,1.0,4.0,-1.0,SL,178203
1786553820000,TRAIN,1.0,4.0,2.027890238416385,TIME,299856
1786581240000,TRAIN,1.0,4.0,-1.0,SL,5553
1786587240000,TRAIN,1.0,4.0,-0.2708243106684125,TIME,298197
1786593510000,TRAIN,1.0,4.0,0.38328037154757416,TIME,298656
1786624980000,TRAIN,1.0,4.0,-0.7946964988605154,TIME,299702
1786632990000,TRAIN,1.0,4.0,-0.23927765237050413,TIME,299395
1786633320000,TRAIN,1.0,4.0,4.0,TP,254703
1786653840000,TRAIN,1.0,4.0,-1.0,SL,66455
1786670520000,TRAIN,1.0,4.0,1.196747967479714,TIME,299843
1786687980000,TRAIN,1.0,4.0,-0.39731142643773093,TIME,299701
1786693650000,TRAIN,1.0,4.0,1.680248007085877,TIME,298201
1786952010000,TRAIN,1.0,4.0,0.6463181991607115,TIME,299250
1786953810000,TRAIN,1.0,4.0,1.0370370370367405,TIME,299251
1786961190000,TRAIN,1.0,4.0,-1.0,SL,88349
1786974090000,TRAIN,1.0,4.0,0.07283856159145949,TIME,299706
1787014200000,TRAIN,1.0,4.0,-1.0,SL,68400
1787023770000,TRAIN,1.0,4.0,0.41574803149596457,TIME,299548
1787047590000,TRAIN,1.0,4.0,-1.0,SL,100048
1787049660000,TRAIN,1.0,4.0,-1.0,SL,69748
1787066490000,TRAIN,1.0,4.0,-1.0,SL,169656
1787082420000,TRAIN,1.0,4.0,-1.0,SL,57899
1787084850000,TRAIN,1.0,4.0,0.6252263126128913,TIME,299098
1787098590000,TRAIN,1.0,4.0,-0.716360116166281,TIME,299701
1787104830000,TRAIN,1.0,4.0,0.8113385826768749,TIME,299698
1787117580000,TRAIN,1.0,4.0,-1.0,SL,9900
1787140380000,TRAIN,1.0,4.0,0.9694915254234121,TIME,299695
1787141130000,TRAIN,1.0,4.0,-1.0,SL,10654
1787143260000,TRAIN,1.0,4.0,-1.0,SL,48900
1787149170000,TRAIN,1.0,4.0,1.053423626787021,TIME,299694
1787170380000,TRAIN,1.0,4.0,-1.0,SL,29548
1787184990000,VALID,1.0,4.0,-1.0,SL,45597
1787199990000,VALID,1.0,4.0,4.0,TP,211803
1787220390000,VALID,1.0,4.0,1.1729887453105952,TIME,298952
1787229570000,VALID,1.0,4.0,-1.0,SL,21445
1787232870000,VALID,1.0,4.0,-1.0,SL,45897
1787234520000,VALID,1.0,4.0,1.5766362012816029,TIME,299848
1787246430000,VALID,1.0,4.0,0.9765449724658811,TIME,299100
1787267280000,VALID,1.0,4.0,-1.0,SL,13496
1787288910000,VALID,1.0,4.0,-1.0,SL,115054
1787298090000,VALID,1.0,4.0,-0.5752089136487003,TIME,299698
1787312280000,VALID,1.0,4.0,3.162777930277051,TIME,299850
1787325840000,VALID,1.0,4.0,-1.0,SL,65556
1787339850000,VALID,1.0,4.0,0.9898305084745311,TIME,298948
1787340270000,VALID,1.0,4.0,-1.0,SL,80100
1787527200000,VALID,1.0,4.0,-1.0,SL,32849
1787534100000,VALID,1.0,4.0,-1.0,SL,95547
1787579790000,VALID,1.0,4.0,0.31744395774290074,TIME,299862
1787583030000,VALID,1.0,4.0,-1.0,SL,44994
1787609970000,VALID,1.0,4.0,-0.41801272638261455,TIME,299399
1787630220000,VALID,1.0,4.0,2.0624362375025074,TIME,298354
1787647740000,VALID,1.0,4.0,-1.0,SL,145644
1787660070000,VALID,1.0,4.0,-1.0,SL,243453
1787661450000,VALID,1.0,4.0,-1.0,SL,123749
1787664090000,VALID,1.0,4.0,-1.0,SL,33601
1787666490000,VALID,1.0,4.0,-1.0,SL,81157
1787687220000,VALID,1.0,4.0,1.2647342995167343,TIME,299553
1787709300000,VALID,1.0,4.0,1.8400664084117153,TIME,299097
1787723070000,VALID,1.0,4.0,-1.0,SL,37205
1787740170000,VALID,1.0,4.0,2.118811881188321,TIME,299845
1787749530000,VALID,1.0,4.0,-0.2140929535231397,TIME,299859
1787753850000,VALID,1.0,4.0,-1.0,SL,221552
1787788590000,VALID,1.0,4.0,-1.0,SL,28646
1787790000000,VALID,1.0,4.0,-1.0,SL,9449
1787794950000,VALID,1.0,4.0,-1.0,SL,23996
1787798520000,VALID,1.0,4.0,-1.0,SL,164403
1787811390000,VALID,1.0,4.0,1.9358429764173624,TIME,299544
1787823090000,VALID,1.0,4.0,-1.0,SL,111152
1787827440000,VALID,1.0,4.0,-1.0,SL,111748
1787834550000,VALID,1.0,4.0,1.1133046016961303,TIME,299699
1787844150000,VALID,1.0,4.0,-1.0,SL,30455
1787854650000,VALID,1.0,4.0,-1.0,SL,93304
1787883540000,VALID,1.0,4.0,-1.0,SL,155705
1787917320000,VALID,1.0,4.0,-1.0,SL,41405
1787924280000,VALID,1.0,4.0,1.60429447852743,TIME,299850
1787925720000,VALID,1.0,4.0,-1.0,SL,25953
1787934900000,VALID,1.0,4.0,1.480319740969303,TIME,299849
1788141930000,VALID,1.0,4.0,-1.0,SL,167547
1788144150000,VALID,1.0,4.0,0.24379625598607188,TIME,299700
1788181080000,VALID,1.0,4.0,-1.0,SL,15001
1788221790000,VALID,1.0,4.0,3.1720650971718287,TIME,299099
1788228720000,VALID,1.0,4.0,-1.0,SL,40644
1788230910000,VALID,1.0,4.0,-1.0,SL,23099
1788258720000,VALID,1.0,4.0,-1.0,SL,12298
1788262410000,VALID,1.0,4.0,-1.0,SL,132604
1788271980000,VALID,1.0,4.0,1.776353063963053,TIME,299702
1788277740000,VALID,1.0,4.0,1.0037641154329557,TIME,299249
1788303150000,VALID,1.0,4.0,0.2323192414066036,TIME,295504
1788321570000,VALID,1.0,4.0,-0.44826423997336523,TIME,297897
1788333960000,VALID,1.0,4.0,0.2521260630314939,TIME,299252
1788353280000,VALID,1.0,4.0,1.5031622297399374,TIME,299551
1788356520000,VALID,1.0,4.0,-1.0,SL,62996
1788377820000,VALID,1.0,4.0,2.120638355422761,TIME,299245
1788409740000,VALID,1.0,4.0,0.9081567116250799,TIME,299093
1788416880000,VALID,1.0,4.0,0.618921308576509,TIME,299099
1788417360000,VALID,1.0,4.0,0.00914136467535621,TIME,299848
1788439920000,VALID,1.0,4.0,2.42041841004175,TIME,299849
1788460260000,VALID,1.0,4.0,-1.0,SL,15150
1788461400000,VALID,1.0,4.0,2.1094369547980527,TIME,299704
1788486750000,VALID,1.0,4.0,-1.0,SL,70801
1788488160000,VALID,1.0,4.0,-1.0,SL,124801
1788491310000,VALID,1.0,4.0,1.65328850598901,TIME,299703
1788518280000,VALID,1.0,4.0,-1.0,SL,98997
1788535440000,VALID,1.0,4.0,-0.31190531445810854,TIME,299700
1788551280000,VALID,1.0,4.0,0.21981591770433323,TIME,299849
1788767580000,POST_CHECK,1.0,4.0,-1.0,SL,167699
1788796560000,POST_CHECK,1.0,4.0,-1.0,SL,9895
1788852930000,POST_CHECK,1.0,4.0,-1.0,SL,129744
1788853320000,POST_CHECK,1.0,4.0,-1.0,SL,237299
1788855180000,POST_CHECK,1.0,4.0,-0.26864369821185125,TIME,299099
1788864030000,POST_CHECK,1.0,4.0,-1.0,SL,37952
1788865590000,POST_CHECK,1.0,4.0,-1.0,SL,164253
1788872040000,POST_CHECK,1.0,4.0,2.462962962962952,TIME,299403
1788873690000,POST_CHECK,1.0,4.0,-1.0,SL,205203
1788891840000,POST_CHECK,1.0,4.0,-1.0,SL,24299
1788893880000,POST_CHECK,1.0,4.0,0.10961449140736892,TIME,299698
1788894780000,POST_CHECK,1.0,4.0,-1.0,SL,77395
1788912420000,POST_CHECK,1.0,4.0,3.0813397129185938,TIME,299404
1788921270000,POST_CHECK,1.0,4.0,-1.0,SL,50248
1788927510000,POST_CHECK,1.0,4.0,-1.0,SL,11550
1788928650000,POST_CHECK,1.0,4.0,2.6393442622963517,TIME,298646
1788936060000,POST_CHECK,1.0,4.0,-1.0,SL,104398
1788946920000,POST_CHECK,1.0,4.0,-1.0,SL,30601
1788947610000,POST_CHECK,1.0,4.0,2.7531064289578064,TIME,299547
1788948900000,POST_CHECK,1.0,4.0,-1.0,SL,61049
1788999030000,POST_CHECK,1.0,4.0,-1.0,SL,50999
1789004220000,POST_CHECK,1.0,4.0,0.18443113772476136,TIME,299696
1789006830000,POST_CHECK,1.0,4.0,-1.0,SL,128253
1789007910000,POST_CHECK,1.0,4.0,1.361379310344815,TIME,299707
1789019610000,POST_CHECK,1.0,4.0,-0.49358974358995283,TIME,299846
1789031820000,POST_CHECK,1.0,4.0,0.4579780755179438,TIME,298500
1789047570000,POST_CHECK,1.0,4.0,0.6331074540174741,TIME,299852
1789053690000,POST_CHECK,1.0,4.0,1.0019815829350114,TIME,299395
1789088850000,POST_CHECK,1.0,4.0,-1.0,SL,37198
1789089270000,POST_CHECK,1.0,4.0,-1.0,SL,35850
1789102410000,POST_CHECK,1.0,4.0,-1.0,SL,7498
1789120140000,POST_CHECK,1.0,4.0,-1.0,SL,61805
1789142100000,POST_CHECK,1.0,4.0,-1.0,SL,99904
1789347690000,POST_CHECK,1.0,4.0,-1.0,SL,15746
1789383480000,POST_CHECK,1.0,4.0,-1.0,SL,40500
1789388280000,POST_CHECK,1.0,4.0,3.416752843846179,TIME,299243
1789394400000,POST_CHECK,1.0,4.0,1.1624313506469786,TIME,299703
1789394850000,POST_CHECK,1.0,4.0,-1.0,SL,151948
1789396470000,POST_CHECK,1.0,4.0,-1.0,SL,110547
1789403580000,POST_CHECK,1.0,4.0,-0.32004942848350837,TIME,299552
1789411020000,POST_CHECK,1.0,4.0,-1.0,SL,178205
1789428060000,POST_CHECK,1.0,4.0,-1.0,SL,50696
1789445400000,POST_CHECK,1.0,4.0,-1.0,SL,68401
1789458150000,POST_CHECK,1.0,4.0,4.0,TP,271944
1789468860000,POST_CHECK,1.0,4.0,2.5327136217373805,TIME,299697
1786060200000,TRAIN,1.25,2.0,1.6,TP,139354
1786061580000,TRAIN,1.25,2.0,-1.0,SL,30157
1786072020000,TRAIN,1.25,2.0,-1.0,SL,253501
1786096110000,TRAIN,1.25,2.0,0.48163689960109374,TIME,299248
1786105620000,TRAIN,1.25,2.0,-1.0,SL,166353
1786332630000,TRAIN,1.25,2.0,-1.0,SL,200849
1786340220000,TRAIN,1.25,2.0,0.6505287896590634,TIME,299702
1786341540000,TRAIN,1.25,2.0,0.5349643221200382,TIME,299704
1786352040000,TRAIN,1.25,2.0,0.2563886942306848,TIME,298199
1786358100000,TRAIN,1.25,2.0,-1.0,SL,53550
1786381140000,TRAIN,1.25,2.0,-1.0,SL,60009
1786430640000,TRAIN,1.25,2.0,-1.0,SL,56850
1786438140000,TRAIN,1.25,2.0,1.6,TP,95394
1786438500000,TRAIN,1.25,2.0,-1.0,SL,243002
1786440810000,TRAIN,1.25,2.0,-0.08095942171850894,TIME,299698
1786451070000,TRAIN,1.25,2.0,0.7166529942577434,TIME,299701
1786454340000,TRAIN,1.25,2.0,-1.0,SL,96900
1786463010000,TRAIN,1.25,2.0,-1.0,SL,197253
1786471950000,TRAIN,1.25,2.0,-1.0,SL,186450
1786493160000,TRAIN,1.25,2.0,-1.0,SL,155699
1786504530000,TRAIN,1.25,2.0,-1.0,SL,86849
1786526850000,TRAIN,1.25,2.0,-1.0,SL,138598
1786550940000,TRAIN,1.25,2.0,-1.0,SL,131546
1786553460000,TRAIN,1.25,2.0,0.6100786484123683,TIME,299852
1786553820000,TRAIN,1.25,2.0,1.6,TP,299856
1786581240000,TRAIN,1.25,2.0,-1.0,SL,8549
1786587240000,TRAIN,1.25,2.0,-0.21665944853473,TIME,298197
1786593510000,TRAIN,1.25,2.0,1.6,TP,166352
1786624980000,TRAIN,1.25,2.0,-0.6357571990884123,TIME,299702
1786632990000,TRAIN,1.25,2.0,-0.1914221218964033,TIME,299395
1786633320000,TRAIN,1.25,2.0,1.6,TP,159749
1786653840000,TRAIN,1.25,2.0,-0.8118616144975468,TIME,298501
1786670520000,TRAIN,1.25,2.0,1.6,TP,146098
1786687980000,TRAIN,1.25,2.0,-0.31784914115018476,TIME,299701
1786693650000,TRAIN,1.25,2.0,1.3441984056687015,TIME,298201
1786952010000,TRAIN,1.25,2.0,1.6,TP,255301
1786953810000,TRAIN,1.25,2.0,0.8296296296293925,TIME,299251
1786961190000,TRAIN,1.25,2.0,0.03462132921186624,TIME,298349
1786974090000,TRAIN,1.25,2.0,0.05827084927316759,TIME,299706
1787014200000,TRAIN,1.25,2.0,-1.0,SL,139497
1787023770000,TRAIN,1.25,2.0,0.33259842519677163,TIME,299548
1787047590000,TRAIN,1.25,2.0,-1.0,SL,107101
1787049660000,TRAIN,1.25,2.0,0.2842639593912797,TIME,299843
1787066490000,TRAIN,1.25,2.0,0.11400018506527543,TIME,299852
1787082420000,TRAIN,1.25,2.0,-1.0,SL,59399
1787084850000,TRAIN,1.25,2.0,0.5001810500903131,TIME,299098
1787098590000,TRAIN,1.25,2.0,-0.5730880929330249,TIME,299701
1787104830000,TRAIN,1.25,2.0,1.6,TP,159149
1787117580000,TRAIN,1.25,2.0,-1.0,SL,17253
1787140380000,TRAIN,1.25,2.0,0.7755932203387296,TIME,299695
1787141130000,TRAIN,1.25,2.0,-1.0,SL,115803
1787143260000,TRAIN,1.25,2.0,-1.0,SL,53697
1787149170000,TRAIN,1.25,2.0,0.8427389014296166,TIME,299694
1787170380000,TRAIN,1.25,2.0,-1.0,SL,75304
1787184990000,VALID,1.25,2.0,-1.0,SL,56400
1787199990000,VALID,1.25,2.0,1.6,TP,168154
1787220390000,VALID,1.25,2.0,0.9383909962484761,TIME,298952
1787229570000,VALID,1.25,2.0,-1.0,SL,23248
1787232870000,VALID,1.25,2.0,-1.0,SL,46504
1787234520000,VALID,1.25,2.0,1.6,TP,242400
1787246430000,VALID,1.25,2.0,1.6,TP,112200
1787267280000,VALID,1.25,2.0,-1.0,SL,13496
1787288910000,VALID,1.25,2.0,0.0791286429201533,TIME,299407
1787298090000,VALID,1.25,2.0,-0.46016713091896017,TIME,299698
1787312280000,VALID,1.25,2.0,1.6,TP,110851
1787325840000,VALID,1.25,2.0,-1.0,SL,65556
1787339850000,VALID,1.25,2.0,0.7918644067796249,TIME,298948
1787340270000,VALID,1.25,2.0,-1.0,SL,100945
1787527200000,VALID,1.25,2.0,-1.0,SL,52802
1787534100000,VALID,1.25,2.0,-0.13546780505164174,TIME,299695
1787579790000,VALID,1.25,2.0,0.25395516619432057,TIME,299862
1787583030000,VALID,1.25,2.0,-1.0,SL,45901
1787609970000,VALID,1.25,2.0,-0.33441018110609166,TIME,299399
1787630220000,VALID,1.25,2.0,1.6,TP,218102
1787647740000,VALID,1.25,2.0,-1.0,SL,146394
1787660070000,VALID,1.25,2.0,-1.0,SL,245853
1787661450000,VALID,1.25,2.0,-1.0,SL,124198
1787664090000,VALID,1.25,2.0,-1.0,SL,41251
1787666490000,VALID,1.25,2.0,0.4564235701359593,TIME,299554
1787687220000,VALID,1.25,2.0,1.6,TP,171751
1787709300000,VALID,1.25,2.0,1.6,TP,160199
1787723070000,VALID,1.25,2.0,-1.0,SL,80251
1787740170000,VALID,1.25,2.0,1.6,TP,178949
1787749530000,VALID,1.25,2.0,-0.17127436281851177,TIME,299859
1787753850000,VALID,1.25,2.0,-1.0,SL,244049
1787788590000,VALID,1.25,2.0,-1.0,SL,79798
1787790000000,VALID,1.25,2.0,-0.47254168084373593,TIME,299107
1787794950000,VALID,1.25,2.0,-1.0,SL,91350
1787798520000,VALID,1.25,2.0,-1.0,SL,164698
1787811390000,VALID,1.25,2.0,1.5486743811338899,TIME,299544
1787823090000,VALID,1.25,2.0,-1.0,SL,120597
1787827440000,VALID,1.25,2.0,-1.0,SL,112050
1787834550000,VALID,1.25,2.0,0.8906436813569044,TIME,299699
1787844150000,VALID,1.25,2.0,-1.0,SL,36001
1787854650000,VALID,1.25,2.0,-1.0,SL,100197
1787883540000,VALID,1.25,2.0,-1.0,SL,255903
1787917320000,VALID,1.25,2.0,-1.0,SL,51149
1787924280000,VALID,1.25,2.0,1.283435582821944,TIME,299850
1787925720000,VALID,1.25,2.0,-1.0,SL,27449
1787934900000,VALID,1.25,2.0,1.1842557927754425,TIME,299849
1788141930000,VALID,1.25,2.0,-1.0,SL,183747
1788144150000,VALID,1.25,2.0,0.19503700478885752,TIME,299700
1788181080000,VALID,1.25,2.0,-1.0,SL,15450
1788221790000,VALID,1.25,2.0,1.6,TP,262201
1788228720000,VALID,1.25,2.0,0.507968503937173,TIME,299694
1788230910000,VALID,1.25,2.0,-1.0,SL,240151
1788258720000,VALID,1.25,2.0,-1.0,SL,15899
1788262410000,VALID,1.25,2.0,0.8856088560885914,TIME,299702
1788271980000,VALID,1.25,2.0,1.4210824511704423,TIME,299702
1788277740000,VALID,1.25,2.0,0.8030112923463646,TIME,299249
1788303150000,VALID,1.25,2.0,0.1858553931252829,TIME,295504
1788321570000,VALID,1.25,2.0,-0.3586113919786922,TIME,297897
1788333960000,VALID,1.25,2.0,0.2017008504251951,TIME,299252
1788353280000,VALID,1.25,2.0,1.20252978379195,TIME,299551
1788356520000,VALID,1.25,2.0,-1.0,SL,66599
1788377820000,VALID,1.25,2.0,1.6,TP,256801
1788409740000,VALID,1.25,2.0,0.726525369300064,TIME,299093
1788416880000,VALID,1.25,2.0,0.49513704686120713,TIME,299099
1788417360000,VALID,1.25,2.0,0.007313091740284968,TIME,299848
1788439920000,VALID,1.25,2.0,1.6,TP,130355
1788460260000,VALID,1.25,2.0,-1.0,SL,17550
1788461400000,VALID,1.25,2.0,1.6,TP,289054
1788486750000,VALID,1.25,2.0,-1.0,SL,78001
1788488160000,VALID,1.25,2.0,-1.0,SL,145653
1788491310000,VALID,1.25,2.0,1.6,TP,277202
1788518280000,VALID,1.25,2.0,-1.0,SL,110254
1788535440000,VALID,1.25,2.0,-0.24952425156648683,TIME,299700
1788551280000,VALID,1.25,2.0,0.17585273416346658,TIME,299849
1788767580000,POST_CHECK,1.25,2.0,-1.0,SL,167699
1788796560000,POST_CHECK,1.25,2.0,-1.0,SL,78742
1788852930000,POST_CHECK,1.25,2.0,-1.0,SL,131991
1788853320000,POST_CHECK,1.25,2.0,-1.0,SL,247802
1788855180000,POST_CHECK,1.25,2.0,-0.214914958569481,TIME,299099
1788864030000,POST_CHECK,1.25,2.0,-1.0,SL,41854
1788865590000,POST_CHECK,1.25,2.0,-1.0,SL,164402
1788872040000,POST_CHECK,1.25,2.0,1.6,TP,137401
1788873690000,POST_CHECK,1.25,2.0,-1.0,SL,211200
1788891840000,POST_CHECK,1.25,2.0,-1.0,SL,26400
1788893880000,POST_CHECK,1.25,2.0,0.08769159312589514,TIME,299698
1788894780000,POST_CHECK,1.25,2.0,-1.0,SL,114151
1788912420000,POST_CHECK,1.25,2.0,1.6,TP,214357
1788921270000,POST_CHECK,1.25,2.0,-1.0,SL,86848
1788927510000,POST_CHECK,1.25,2.0,1.3429781687844655,TIME,299698
1788928650000,POST_CHECK,1.25,2.0,1.6,TP,180450
1788936060000,POST_CHECK,1.25,2.0,-1.0,SL,131245
1788946920000,POST_CHECK,1.25,2.0,-1.0,SL,211648
1788947610000,POST_CHECK,1.25,2.0,1.6,TP,101095
1788948900000,POST_CHECK,1.25,2.0,-1.0,SL,63746
1788999030000,POST_CHECK,1.25,2.0,-1.0,SL,51596
1789004220000,POST_CHECK,1.25,2.0,0.14754491017980909,TIME,299696
1789006830000,POST_CHECK,1.25,2.0,-1.0,SL,151500
1789007910000,POST_CHECK,1.25,2.0,1.6,TP,131399
1789019610000,POST_CHECK,1.25,2.0,-0.3948717948719622,TIME,299846
1789031820000,POST_CHECK,1.25,2.0,0.36638246041435507,TIME,298500
1789047570000,POST_CHECK,1.25,2.0,0.5064859632139792,TIME,299852
1789053690000,POST_CHECK,1.25,2.0,0.801585266348009,TIME,299395
1789088850000,POST_CHECK,1.25,2.0,-1.0,SL,38552
1789089270000,POST_CHECK,1.25,2.0,-1.0,SL,40202
1789102410000,POST_CHECK,1.25,2.0,-1.0,SL,49198
1789120140000,POST_CHECK,1.25,2.0,-0.28999052731281083,TIME,299394
1789142100000,POST_CHECK,1.25,2.0,-1.0,SL,101999
1789347690000,POST_CHECK,1.25,2.0,-1.0,SL,22198
1789383480000,POST_CHECK,1.25,2.0,-1.0,SL,43649
1789388280000,POST_CHECK,1.25,2.0,1.6,TP,118352
1789394400000,POST_CHECK,1.25,2.0,0.9299450805175828,TIME,299703
1789394850000,POST_CHECK,1.25,2.0,-1.0,SL,151948
1789396470000,POST_CHECK,1.25,2.0,-1.0,SL,186002
1789403580000,POST_CHECK,1.25,2.0,-0.2560395427868067,TIME,299552
1789411020000,POST_CHECK,1.25,2.0,-1.0,SL,179705
1789428060000,POST_CHECK,1.25,2.0,0.9403659849295909,TIME,297150
1789445400000,POST_CHECK,1.25,2.0,-1.0,SL,69155
1789458150000,POST_CHECK,1.25,2.0,1.6,TP,154347
1789468860000,POST_CHECK,1.25,2.0,1.6,TP,82950
1786060200000,TRAIN,1.25,2.25,1.8,TP,142655
1786061580000,TRAIN,1.25,2.25,-1.0,SL,30157
1786072020000,TRAIN,1.25,2.25,-1.0,SL,253501
1786096110000,TRAIN,1.25,2.25,0.48163689960109374,TIME,299248
1786105620000,TRAIN,1.25,2.25,-1.0,SL,166353
1786332630000,TRAIN,1.25,2.25,-1.0,SL,200849
1786340220000,TRAIN,1.25,2.25,0.6505287896590634,TIME,299702
1786341540000,TRAIN,1.25,2.25,0.5349643221200382,TIME,299704
1786352040000,TRAIN,1.25,2.25,0.2563886942306848,TIME,298199
1786358100000,TRAIN,1.25,2.25,-1.0,SL,53550
1786381140000,TRAIN,1.25,2.25,-1.0,SL,60009
1786430640000,TRAIN,1.25,2.25,-1.0,SL,56850
1786438140000,TRAIN,1.25,2.25,-0.7959067652076212,TIME,299098
1786438500000,TRAIN,1.25,2.25,-1.0,SL,243002
1786440810000,TRAIN,1.25,2.25,-0.08095942171850894,TIME,299698
1786451070000,TRAIN,1.25,2.25,0.7166529942577434,TIME,299701
1786454340000,TRAIN,1.25,2.25,-1.0,SL,96900
1786463010000,TRAIN,1.25,2.25,-1.0,SL,197253
1786471950000,TRAIN,1.25,2.25,-1.0,SL,186450
1786493160000,TRAIN,1.25,2.25,-1.0,SL,155699
1786504530000,TRAIN,1.25,2.25,-1.0,SL,86849
1786526850000,TRAIN,1.25,2.25,-1.0,SL,138598
1786550940000,TRAIN,1.25,2.25,-1.0,SL,131546
1786553460000,TRAIN,1.25,2.25,0.6100786484123683,TIME,299852
1786553820000,TRAIN,1.25,2.25,1.6223121907331082,TIME,299856
1786581240000,TRAIN,1.25,2.25,-1.0,SL,8549
1786587240000,TRAIN,1.25,2.25,-0.21665944853473,TIME,298197
1786593510000,TRAIN,1.25,2.25,1.8,TP,166352
1786624980000,TRAIN,1.25,2.25,-0.6357571990884123,TIME,299702
1786632990000,TRAIN,1.25,2.25,-0.1914221218964033,TIME,299395
1786633320000,TRAIN,1.25,2.25,1.8,TP,171603
1786653840000,TRAIN,1.25,2.25,-0.8118616144975468,TIME,298501
1786670520000,TRAIN,1.25,2.25,1.8,TP,177443
1786687980000,TRAIN,1.25,2.25,-0.31784914115018476,TIME,299701
1786693650000,TRAIN,1.25,2.25,1.3441984056687015,TIME,298201
1786952010000,TRAIN,1.25,2.25,1.8,TP,256203
1786953810000,TRAIN,1.25,2.25,0.8296296296293925,TIME,299251
1786961190000,TRAIN,1.25,2.25,0.03462132921186624,TIME,298349
1786974090000,TRAIN,1.25,2.25,0.05827084927316759,TIME,299706
1787014200000,TRAIN,1.25,2.25,-1.0,SL,139497
1787023770000,TRAIN,1.25,2.25,0.33259842519677163,TIME,299548
1787047590000,TRAIN,1.25,2.25,-1.0,SL,107101
1787049660000,TRAIN,1.25,2.25,0.2842639593912797,TIME,299843
1787066490000,TRAIN,1.25,2.25,0.11400018506527543,TIME,299852
1787082420000,TRAIN,1.25,2.25,-1.0,SL,59399
1787084850000,TRAIN,1.25,2.25,0.5001810500903131,TIME,299098
1787098590000,TRAIN,1.25,2.25,-0.5730880929330249,TIME,299701
1787104830000,TRAIN,1.25,2.25,0.6490708661414999,TIME,299698
1787117580000,TRAIN,1.25,2.25,-1.0,SL,17253
1787140380000,TRAIN,1.25,2.25,0.7755932203387296,TIME,299695
1787141130000,TRAIN,1.25,2.25,-1.0,SL,115803
1787143260000,TRAIN,1.25,2.25,-1.0,SL,53697
1787149170000,TRAIN,1.25,2.25,0.8427389014296166,TIME,299694
1787170380000,TRAIN,1.25,2.25,-1.0,SL,75304
1787184990000,VALID,1.25,2.25,-1.0,SL,56400
1787199990000,VALID,1.25,2.25,1.8,TP,168755
1787220390000,VALID,1.25,2.25,0.9383909962484761,TIME,298952
1787229570000,VALID,1.25,2.25,-1.0,SL,23248
1787232870000,VALID,1.25,2.25,-1.0,SL,46504
1787234520000,VALID,1.25,2.25,1.8,TP,242546
1787246430000,VALID,1.25,2.25,1.8,TP,112504
1787267280000,VALID,1.25,2.25,-1.0,SL,13496
1787288910000,VALID,1.25,2.25,0.0791286429201533,TIME,299407
1787298090000,VALID,1.25,2.25,-0.46016713091896017,TIME,299698
1787312280000,VALID,1.25,2.25,1.8,TP,129299
1787325840000,VALID,1.25,2.25,-1.0,SL,65556
1787339850000,VALID,1.25,2.25,0.7918644067796249,TIME,298948
1787340270000,VALID,1.25,2.25,-1.0,SL,100945
1787527200000,VALID,1.25,2.25,-1.0,SL,52802
1787534100000,VALID,1.25,2.25,-0.13546780505164174,TIME,299695
1787579790000,VALID,1.25,2.25,0.25395516619432057,TIME,299862
1787583030000,VALID,1.25,2.25,-1.0,SL,45901
1787609970000,VALID,1.25,2.25,-0.33441018110609166,TIME,299399
1787630220000,VALID,1.25,2.25,1.8,TP,221403
1787647740000,VALID,1.25,2.25,-1.0,SL,146394
1787660070000,VALID,1.25,2.25,-1.0,SL,245853
1787661450000,VALID,1.25,2.25,-1.0,SL,124198
1787664090000,VALID,1.25,2.25,-1.0,SL,41251
1787666490000,VALID,1.25,2.25,0.4564235701359593,TIME,299554
1787687220000,VALID,1.25,2.25,1.8,TP,174902
1787709300000,VALID,1.25,2.25,1.8,TP,165303
1787723070000,VALID,1.25,2.25,-1.0,SL,80251
1787740170000,VALID,1.25,2.25,1.8,TP,223347
1787749530000,VALID,1.25,2.25,-0.17127436281851177,TIME,299859
1787753850000,VALID,1.25,2.25,-1.0,SL,244049
1787788590000,VALID,1.25,2.25,-1.0,SL,79798
1787790000000,VALID,1.25,2.25,-0.47254168084373593,TIME,299107
1787794950000,VALID,1.25,2.25,-1.0,SL,91350
1787798520000,VALID,1.25,2.25,-1.0,SL,164698
1787811390000,VALID,1.25,2.25,1.5486743811338899,TIME,299544
1787823090000,VALID,1.25,2.25,-1.0,SL,120597
1787827440000,VALID,1.25,2.25,-1.0,SL,112050
1787834550000,VALID,1.25,2.25,0.8906436813569044,TIME,299699
1787844150000,VALID,1.25,2.25,-1.0,SL,36001
1787854650000,VALID,1.25,2.25,-1.0,SL,100197
1787883540000,VALID,1.25,2.25,-1.0,SL,255903
1787917320000,VALID,1.25,2.25,-1.0,SL,51149
1787924280000,VALID,1.25,2.25,1.283435582821944,TIME,299850
1787925720000,VALID,1.25,2.25,-1.0,SL,27449
1787934900000,VALID,1.25,2.25,1.1842557927754425,TIME,299849
1788141930000,VALID,1.25,2.25,-1.0,SL,183747
1788144150000,VALID,1.25,2.25,0.19503700478885752,TIME,299700
1788181080000,VALID,1.25,2.25,-1.0,SL,15450
1788221790000,VALID,1.25,2.25,1.8,TP,264149
1788228720000,VALID,1.25,2.25,0.507968503937173,TIME,299694
1788230910000,VALID,1.25,2.25,-1.0,SL,240151
1788258720000,VALID,1.25,2.25,-1.0,SL,15899
1788262410000,VALID,1.25,2.25,0.8856088560885914,TIME,299702
1788271980000,VALID,1.25,2.25,1.4210824511704423,TIME,299702
1788277740000,VALID,1.25,2.25,0.8030112923463646,TIME,299249
1788303150000,VALID,1.25,2.25,0.1858553931252829,TIME,295504
1788321570000,VALID,1.25,2.25,-0.3586113919786922,TIME,297897
1788333960000,VALID,1.25,2.25,0.2017008504251951,TIME,299252
1788353280000,VALID,1.25,2.25,1.20252978379195,TIME,299551
1788356520000,VALID,1.25,2.25,-1.0,SL,66599
1788377820000,VALID,1.25,2.25,1.696510684338209,TIME,299245
1788409740000,VALID,1.25,2.25,0.726525369300064,TIME,299093
1788416880000,VALID,1.25,2.25,0.49513704686120713,TIME,299099
1788417360000,VALID,1.25,2.25,0.007313091740284968,TIME,299848
1788439920000,VALID,1.25,2.25,1.8,TP,209098
1788460260000,VALID,1.25,2.25,-1.0,SL,17550
1788461400000,VALID,1.25,2.25,1.6875495638384421,TIME,299704
1788486750000,VALID,1.25,2.25,-1.0,SL,78001
1788488160000,VALID,1.25,2.25,-1.0,SL,145653
1788491310000,VALID,1.25,2.25,1.3226308047912079,TIME,299703
1788518280000,VALID,1.25,2.25,-1.0,SL,110254
1788535440000,VALID,1.25,2.25,-0.24952425156648683,TIME,299700
1788551280000,VALID,1.25,2.25,0.17585273416346658,TIME,299849
1788767580000,POST_CHECK,1.25,2.25,-1.0,SL,167699
1788796560000,POST_CHECK,1.25,2.25,-1.0,SL,78742
1788852930000,POST_CHECK,1.25,2.25,-1.0,SL,131991
1788853320000,POST_CHECK,1.25,2.25,-1.0,SL,247802
1788855180000,POST_CHECK,1.25,2.25,-0.214914958569481,TIME,299099
1788864030000,POST_CHECK,1.25,2.25,-1.0,SL,41854
1788865590000,POST_CHECK,1.25,2.25,-1.0,SL,164402
1788872040000,POST_CHECK,1.25,2.25,1.8,TP,246451
1788873690000,POST_CHECK,1.25,2.25,-1.0,SL,211200
1788891840000,POST_CHECK,1.25,2.25,-1.0,SL,26400
1788893880000,POST_CHECK,1.25,2.25,0.08769159312589514,TIME,299698
1788894780000,POST_CHECK,1.25,2.25,-1.0,SL,114151
1788912420000,POST_CHECK,1.25,2.25,1.8,TP,214956
1788921270000,POST_CHECK,1.25,2.25,-1.0,SL,86848
1788927510000,POST_CHECK,1.25,2.25,1.3429781687844655,TIME,299698
1788928650000,POST_CHECK,1.25,2.25,1.8,TP,184196
1788936060000,POST_CHECK,1.25,2.25,-1.0,SL,131245
1788946920000,POST_CHECK,1.25,2.25,-1.0,SL,211648
1788947610000,POST_CHECK,1.25,2.25,1.8,TP,148201
1788948900000,POST_CHECK,1.25,2.25,-1.0,SL,63746
1788999030000,POST_CHECK,1.25,2.25,-1.0,SL,51596
1789004220000,POST_CHECK,1.25,2.25,0.14754491017980909,TIME,299696
1789006830000,POST_CHECK,1.25,2.25,-1.0,SL,151500
1789007910000,POST_CHECK,1.25,2.25,1.089103448275852,TIME,299707
1789019610000,POST_CHECK,1.25,2.25,-0.3948717948719622,TIME,299846
1789031820000,POST_CHECK,1.25,2.25,0.36638246041435507,TIME,298500
1789047570000,POST_CHECK,1.25,2.25,0.5064859632139792,TIME,299852
1789053690000,POST_CHECK,1.25,2.25,0.801585266348009,TIME,299395
1789088850000,POST_CHECK,1.25,2.25,-1.0,SL,38552
1789089270000,POST_CHECK,1.25,2.25,-1.0,SL,40202
1789102410000,POST_CHECK,1.25,2.25,-1.0,SL,49198
1789120140000,POST_CHECK,1.25,2.25,-0.28999052731281083,TIME,299394
1789142100000,POST_CHECK,1.25,2.25,-1.0,SL,101999
1789347690000,POST_CHECK,1.25,2.25,-1.0,SL,22198
1789383480000,POST_CHECK,1.25,2.25,-1.0,SL,43649
1789388280000,POST_CHECK,1.25,2.25,1.8,TP,125246
1789394400000,POST_CHECK,1.25,2.25,0.9299450805175828,TIME,299703
1789394850000,POST_CHECK,1.25,2.25,-1.0,SL,151948
1789396470000,POST_CHECK,1.25,2.25,-1.0,SL,186002
1789403580000,POST_CHECK,1.25,2.25,-0.2560395427868067,TIME,299552
1789411020000,POST_CHECK,1.25,2.25,-1.0,SL,179705
1789428060000,POST_CHECK,1.25,2.25,0.9403659849295909,TIME,297150
1789445400000,POST_CHECK,1.25,2.25,-1.0,SL,69155
1789458150000,POST_CHECK,1.25,2.25,1.8,TP,155543
1789468860000,POST_CHECK,1.25,2.25,1.8,TP,84447
1786060200000,TRAIN,1.25,2.5,2.0,TP,159604
1786061580000,TRAIN,1.25,2.5,-1.0,SL,30157
1786072020000,TRAIN,1.25,2.5,-1.0,SL,253501
1786096110000,TRAIN,1.25,2.5,0.48163689960109374,TIME,299248
1786105620000,TRAIN,1.25,2.5,-1.0,SL,166353
1786332630000,TRAIN,1.25,2.5,-1.0,SL,200849
1786340220000,TRAIN,1.25,2.5,0.6505287896590634,TIME,299702
1786341540000,TRAIN,1.25,2.5,0.5349643221200382,TIME,299704
1786352040000,TRAIN,1.25,2.5,0.2563886942306848,TIME,298199
1786358100000,TRAIN,1.25,2.5,-1.0,SL,53550
1786381140000,TRAIN,1.25,2.5,-1.0,SL,60009
1786430640000,TRAIN,1.25,2.5,-1.0,SL,56850
1786438140000,TRAIN,1.25,2.5,-0.7959067652076212,TIME,299098
1786438500000,TRAIN,1.25,2.5,-1.0,SL,243002
1786440810000,TRAIN,1.25,2.5,-0.08095942171850894,TIME,299698
1786451070000,TRAIN,1.25,2.5,0.7166529942577434,TIME,299701
1786454340000,TRAIN,1.25,2.5,-1.0,SL,96900
1786463010000,TRAIN,1.25,2.5,-1.0,SL,197253
1786471950000,TRAIN,1.25,2.5,-1.0,SL,186450
1786493160000,TRAIN,1.25,2.5,-1.0,SL,155699
1786504530000,TRAIN,1.25,2.5,-1.0,SL,86849
1786526850000,TRAIN,1.25,2.5,-1.0,SL,138598
1786550940000,TRAIN,1.25,2.5,-1.0,SL,131546
1786553460000,TRAIN,1.25,2.5,0.6100786484123683,TIME,299852
1786553820000,TRAIN,1.25,2.5,1.6223121907331082,TIME,299856
1786581240000,TRAIN,1.25,2.5,-1.0,SL,8549
1786587240000,TRAIN,1.25,2.5,-0.21665944853473,TIME,298197
1786593510000,TRAIN,1.25,2.5,2.0,TP,166352
1786624980000,TRAIN,1.25,2.5,-0.6357571990884123,TIME,299702
1786632990000,TRAIN,1.25,2.5,-0.1914221218964033,TIME,299395
1786633320000,TRAIN,1.25,2.5,2.0,TP,187803
1786653840000,TRAIN,1.25,2.5,-0.8118616144975468,TIME,298501
1786670520000,TRAIN,1.25,2.5,2.0,TP,186897
1786687980000,TRAIN,1.25,2.5,-0.31784914115018476,TIME,299701
1786693650000,TRAIN,1.25,2.5,1.3441984056687015,TIME,298201
1786952010000,TRAIN,1.25,2.5,0.5170545593285693,TIME,299250
1786953810000,TRAIN,1.25,2.5,0.8296296296293925,TIME,299251
1786961190000,TRAIN,1.25,2.5,0.03462132921186624,TIME,298349
1786974090000,TRAIN,1.25,2.5,0.05827084927316759,TIME,299706
1787014200000,TRAIN,1.25,2.5,-1.0,SL,139497
1787023770000,TRAIN,1.25,2.5,0.33259842519677163,TIME,299548
1787047590000,TRAIN,1.25,2.5,-1.0,SL,107101
1787049660000,TRAIN,1.25,2.5,0.2842639593912797,TIME,299843
1787066490000,TRAIN,1.25,2.5,0.11400018506527543,TIME,299852
1787082420000,TRAIN,1.25,2.5,-1.0,SL,59399
1787084850000,TRAIN,1.25,2.5,0.5001810500903131,TIME,299098
1787098590000,TRAIN,1.25,2.5,-0.5730880929330249,TIME,299701
1787104830000,TRAIN,1.25,2.5,0.6490708661414999,TIME,299698
1787117580000,TRAIN,1.25,2.5,-1.0,SL,17253
1787140380000,TRAIN,1.25,2.5,0.7755932203387296,TIME,299695
1787141130000,TRAIN,1.25,2.5,-1.0,SL,115803
1787143260000,TRAIN,1.25,2.5,-1.0,SL,53697
1787149170000,TRAIN,1.25,2.5,0.8427389014296166,TIME,299694
1787170380000,TRAIN,1.25,2.5,-1.0,SL,75304
1787184990000,VALID,1.25,2.5,-1.0,SL,56400
1787199990000,VALID,1.25,2.5,2.0,TP,169353
1787220390000,VALID,1.25,2.5,0.9383909962484761,TIME,298952
1787229570000,VALID,1.25,2.5,-1.0,SL,23248
1787232870000,VALID,1.25,2.5,-1.0,SL,46504
1787234520000,VALID,1.25,2.5,1.2613089610252823,TIME,299848
1787246430000,VALID,1.25,2.5,2.0,TP,118049
1787267280000,VALID,1.25,2.5,-1.0,SL,13496
1787288910000,VALID,1.25,2.5,0.0791286429201533,TIME,299407
1787298090000,VALID,1.25,2.5,-0.46016713091896017,TIME,299698
1787312280000,VALID,1.25,2.5,2.0,TP,135901
1787325840000,VALID,1.25,2.5,-1.0,SL,65556
1787339850000,VALID,1.25,2.5,0.7918644067796249,TIME,298948
1787340270000,VALID,1.25,2.5,-1.0,SL,100945
1787527200000,VALID,1.25,2.5,-1.0,SL,52802
1787534100000,VALID,1.25,2.5,-0.13546780505164174,TIME,299695
1787579790000,VALID,1.25,2.5,0.25395516619432057,TIME,299862
1787583030000,VALID,1.25,2.5,-1.0,SL,45901
1787609970000,VALID,1.25,2.5,-0.33441018110609166,TIME,299399
1787630220000,VALID,1.25,2.5,1.649948990002006,TIME,298354
1787647740000,VALID,1.25,2.5,-1.0,SL,146394
1787660070000,VALID,1.25,2.5,-1.0,SL,245853
1787661450000,VALID,1.25,2.5,-1.0,SL,124198
1787664090000,VALID,1.25,2.5,-1.0,SL,41251
1787666490000,VALID,1.25,2.5,0.4564235701359593,TIME,299554
1787687220000,VALID,1.25,2.5,2.0,TP,182102
1787709300000,VALID,1.25,2.5,2.0,TP,180752
1787723070000,VALID,1.25,2.5,-1.0,SL,80251
1787740170000,VALID,1.25,2.5,2.0,TP,247050
1787749530000,VALID,1.25,2.5,-0.17127436281851177,TIME,299859
1787753850000,VALID,1.25,2.5,-1.0,SL,244049
1787788590000,VALID,1.25,2.5,-1.0,SL,79798
1787790000000,VALID,1.25,2.5,-0.47254168084373593,TIME,299107
1787794950000,VALID,1.25,2.5,-1.0,SL,91350
1787798520000,VALID,1.25,2.5,-1.0,SL,164698
1787811390000,VALID,1.25,2.5,1.5486743811338899,TIME,299544
1787823090000,VALID,1.25,2.5,-1.0,SL,120597
1787827440000,VALID,1.25,2.5,-1.0,SL,112050
1787834550000,VALID,1.25,2.5,0.8906436813569044,TIME,299699
1787844150000,VALID,1.25,2.5,-1.0,SL,36001
1787854650000,VALID,1.25,2.5,-1.0,SL,100197
1787883540000,VALID,1.25,2.5,-1.0,SL,255903
1787917320000,VALID,1.25,2.5,-1.0,SL,51149
1787924280000,VALID,1.25,2.5,1.283435582821944,TIME,299850
1787925720000,VALID,1.25,2.5,-1.0,SL,27449
1787934900000,VALID,1.25,2.5,1.1842557927754425,TIME,299849
1788141930000,VALID,1.25,2.5,-1.0,SL,183747
1788144150000,VALID,1.25,2.5,0.19503700478885752,TIME,299700
1788181080000,VALID,1.25,2.5,-1.0,SL,15450
1788221790000,VALID,1.25,2.5,2.0,TP,270901
1788228720000,VALID,1.25,2.5,0.507968503937173,TIME,299694
1788230910000,VALID,1.25,2.5,-1.0,SL,240151
1788258720000,VALID,1.25,2.5,-1.0,SL,15899
1788262410000,VALID,1.25,2.5,0.8856088560885914,TIME,299702
1788271980000,VALID,1.25,2.5,1.4210824511704423,TIME,299702
1788277740000,VALID,1.25,2.5,0.8030112923463646,TIME,299249
1788303150000,VALID,1.25,2.5,0.1858553931252829,TIME,295504
1788321570000,VALID,1.25,2.5,-0.3586113919786922,TIME,297897
1788333960000,VALID,1.25,2.5,0.2017008504251951,TIME,299252
1788353280000,VALID,1.25,2.5,1.20252978379195,TIME,299551
1788356520000,VALID,1.25,2.5,-1.0,SL,66599
1788377820000,VALID,1.25,2.5,1.696510684338209,TIME,299245
1788409740000,VALID,1.25,2.5,0.726525369300064,TIME,299093
1788416880000,VALID,1.25,2.5,0.49513704686120713,TIME,299099
1788417360000,VALID,1.25,2.5,0.007313091740284968,TIME,299848
1788439920000,VALID,1.25,2.5,2.0,TP,218247
1788460260000,VALID,1.25,2.5,-1.0,SL,17550
1788461400000,VALID,1.25,2.5,1.6875495638384421,TIME,299704
1788486750000,VALID,1.25,2.5,-1.0,SL,78001
1788488160000,VALID,1.25,2.5,-1.0,SL,145653
1788491310000,VALID,1.25,2.5,1.3226308047912079,TIME,299703
1788518280000,VALID,1.25,2.5,-1.0,SL,110254
1788535440000,VALID,1.25,2.5,-0.24952425156648683,TIME,299700
1788551280000,VALID,1.25,2.5,0.17585273416346658,TIME,299849
1788767580000,POST_CHECK,1.25,2.5,-1.0,SL,167699
1788796560000,POST_CHECK,1.25,2.5,-1.0,SL,78742
1788852930000,POST_CHECK,1.25,2.5,-1.0,SL,131991
1788853320000,POST_CHECK,1.25,2.5,-1.0,SL,247802
1788855180000,POST_CHECK,1.25,2.5,-0.214914958569481,TIME,299099
1788864030000,POST_CHECK,1.25,2.5,-1.0,SL,41854
1788865590000,POST_CHECK,1.25,2.5,-1.0,SL,164402
1788872040000,POST_CHECK,1.25,2.5,1.970370370370362,TIME,299403
1788873690000,POST_CHECK,1.25,2.5,-1.0,SL,211200
1788891840000,POST_CHECK,1.25,2.5,-1.0,SL,26400
1788893880000,POST_CHECK,1.25,2.5,0.08769159312589514,TIME,299698
1788894780000,POST_CHECK,1.25,2.5,-1.0,SL,114151
1788912420000,POST_CHECK,1.25,2.5,2.0,TP,222005
1788921270000,POST_CHECK,1.25,2.5,-1.0,SL,86848
1788927510000,POST_CHECK,1.25,2.5,1.3429781687844655,TIME,299698
1788928650000,POST_CHECK,1.25,2.5,2.0,TP,245249
1788936060000,POST_CHECK,1.25,2.5,-1.0,SL,131245
1788946920000,POST_CHECK,1.25,2.5,-1.0,SL,211648
1788947610000,POST_CHECK,1.25,2.5,2.0,TP,148797
1788948900000,POST_CHECK,1.25,2.5,-1.0,SL,63746
1788999030000,POST_CHECK,1.25,2.5,-1.0,SL,51596
1789004220000,POST_CHECK,1.25,2.5,0.14754491017980909,TIME,299696
1789006830000,POST_CHECK,1.25,2.5,-1.0,SL,151500
1789007910000,POST_CHECK,1.25,2.5,1.089103448275852,TIME,299707
1789019610000,POST_CHECK,1.25,2.5,-0.3948717948719622,TIME,299846
1789031820000,POST_CHECK,1.25,2.5,0.36638246041435507,TIME,298500
1789047570000,POST_CHECK,1.25,2.5,0.5064859632139792,TIME,299852
1789053690000,POST_CHECK,1.25,2.5,0.801585266348009,TIME,299395
1789088850000,POST_CHECK,1.25,2.5,-1.0,SL,38552
1789089270000,POST_CHECK,1.25,2.5,-1.0,SL,40202
1789102410000,POST_CHECK,1.25,2.5,-1.0,SL,49198
1789120140000,POST_CHECK,1.25,2.5,-0.28999052731281083,TIME,299394
1789142100000,POST_CHECK,1.25,2.5,-1.0,SL,101999
1789347690000,POST_CHECK,1.25,2.5,-1.0,SL,22198
1789383480000,POST_CHECK,1.25,2.5,-1.0,SL,43649
1789388280000,POST_CHECK,1.25,2.5,2.0,TP,132750
1789394400000,POST_CHECK,1.25,2.5,0.9299450805175828,TIME,299703
1789394850000,POST_CHECK,1.25,2.5,-1.0,SL,151948
1789396470000,POST_CHECK,1.25,2.5,-1.0,SL,186002
1789403580000,POST_CHECK,1.25,2.5,-0.2560395427868067,TIME,299552
1789411020000,POST_CHECK,1.25,2.5,-1.0,SL,179705
1789428060000,POST_CHECK,1.25,2.5,0.9403659849295909,TIME,297150
1789445400000,POST_CHECK,1.25,2.5,-1.0,SL,69155
1789458150000,POST_CHECK,1.25,2.5,2.0,TP,156150
1789468860000,POST_CHECK,1.25,2.5,2.0,TP,85804
1786060200000,TRAIN,1.25,2.75,1.8526820497453822,TIME,298803
1786061580000,TRAIN,1.25,2.75,-1.0,SL,30157
1786072020000,TRAIN,1.25,2.75,-1.0,SL,253501
1786096110000,TRAIN,1.25,2.75,0.48163689960109374,TIME,299248
1786105620000,TRAIN,1.25,2.75,-1.0,SL,166353
1786332630000,TRAIN,1.25,2.75,-1.0,SL,200849
1786340220000,TRAIN,1.25,2.75,0.6505287896590634,TIME,299702
1786341540000,TRAIN,1.25,2.75,0.5349643221200382,TIME,299704
1786352040000,TRAIN,1.25,2.75,0.2563886942306848,TIME,298199
1786358100000,TRAIN,1.25,2.75,-1.0,SL,53550
1786381140000,TRAIN,1.25,2.75,-1.0,SL,60009
1786430640000,TRAIN,1.25,2.75,-1.0,SL,56850
1786438140000,TRAIN,1.25,2.75,-0.7959067652076212,TIME,299098
1786438500000,TRAIN,1.25,2.75,-1.0,SL,243002
1786440810000,TRAIN,1.25,2.75,-0.08095942171850894,TIME,299698
1786451070000,TRAIN,1.25,2.75,0.7166529942577434,TIME,299701
1786454340000,TRAIN,1.25,2.75,-1.0,SL,96900
1786463010000,TRAIN,1.25,2.75,-1.0,SL,197253
1786471950000,TRAIN,1.25,2.75,-1.0,SL,186450
1786493160000,TRAIN,1.25,2.75,-1.0,SL,155699
1786504530000,TRAIN,1.25,2.75,-1.0,SL,86849
1786526850000,TRAIN,1.25,2.75,-1.0,SL,138598
1786550940000,TRAIN,1.25,2.75,-1.0,SL,131546
1786553460000,TRAIN,1.25,2.75,0.6100786484123683,TIME,299852
1786553820000,TRAIN,1.25,2.75,1.6223121907331082,TIME,299856
1786581240000,TRAIN,1.25,2.75,-1.0,SL,8549
1786587240000,TRAIN,1.25,2.75,-0.21665944853473,TIME,298197
1786593510000,TRAIN,1.25,2.75,2.2,TP,166352
1786624980000,TRAIN,1.25,2.75,-0.6357571990884123,TIME,299702
1786632990000,TRAIN,1.25,2.75,-0.1914221218964033,TIME,299395
1786633320000,TRAIN,1.25,2.75,2.2,TP,216748
1786653840000,TRAIN,1.25,2.75,-0.8118616144975468,TIME,298501
1786670520000,TRAIN,1.25,2.75,0.957398373983771,TIME,299843
1786687980000,TRAIN,1.25,2.75,-0.31784914115018476,TIME,299701
1786693650000,TRAIN,1.25,2.75,1.3441984056687015,TIME,298201
1786952010000,TRAIN,1.25,2.75,0.5170545593285693,TIME,299250
1786953810000,TRAIN,1.25,2.75,0.8296296296293925,TIME,299251
1786961190000,TRAIN,1.25,2.75,0.03462132921186624,TIME,298349
1786974090000,TRAIN,1.25,2.75,0.05827084927316759,TIME,299706
1787014200000,TRAIN,1.25,2.75,-1.0,SL,139497
1787023770000,TRAIN,1.25,2.75,0.33259842519677163,TIME,299548
1787047590000,TRAIN,1.25,2.75,-1.0,SL,107101
1787049660000,TRAIN,1.25,2.75,0.2842639593912797,TIME,299843
1787066490000,TRAIN,1.25,2.75,0.11400018506527543,TIME,299852
1787082420000,TRAIN,1.25,2.75,-1.0,SL,59399
1787084850000,TRAIN,1.25,2.75,0.5001810500903131,TIME,299098
1787098590000,TRAIN,1.25,2.75,-0.5730880929330249,TIME,299701
1787104830000,TRAIN,1.25,2.75,0.6490708661414999,TIME,299698
1787117580000,TRAIN,1.25,2.75,-1.0,SL,17253
1787140380000,TRAIN,1.25,2.75,0.7755932203387296,TIME,299695
1787141130000,TRAIN,1.25,2.75,-1.0,SL,115803
1787143260000,TRAIN,1.25,2.75,-1.0,SL,53697
1787149170000,TRAIN,1.25,2.75,0.8427389014296166,TIME,299694
1787170380000,TRAIN,1.25,2.75,-1.0,SL,75304
1787184990000,VALID,1.25,2.75,-1.0,SL,56400
1787199990000,VALID,1.25,2.75,2.2,TP,169650
1787220390000,VALID,1.25,2.75,0.9383909962484761,TIME,298952
1787229570000,VALID,1.25,2.75,-1.0,SL,23248
1787232870000,VALID,1.25,2.75,-1.0,SL,46504
1787234520000,VALID,1.25,2.75,1.2613089610252823,TIME,299848
1787246430000,VALID,1.25,2.75,0.7812359779727049,TIME,299100
1787267280000,VALID,1.25,2.75,-1.0,SL,13496
1787288910000,VALID,1.25,2.75,0.0791286429201533,TIME,299407
1787298090000,VALID,1.25,2.75,-0.46016713091896017,TIME,299698
1787312280000,VALID,1.25,2.75,2.2,TP,175349
1787325840000,VALID,1.25,2.75,-1.0,SL,65556
1787339850000,VALID,1.25,2.75,0.7918644067796249,TIME,298948
1787340270000,VALID,1.25,2.75,-1.0,SL,100945
1787527200000,VALID,1.25,2.75,-1.0,SL,52802
1787534100000,VALID,1.25,2.75,-0.13546780505164174,TIME,299695
1787579790000,VALID,1.25,2.75,0.25395516619432057,TIME,299862
1787583030000,VALID,1.25,2.75,-1.0,SL,45901
1787609970000,VALID,1.25,2.75,-0.33441018110609166,TIME,299399
1787630220000,VALID,1.25,2.75,1.649948990002006,TIME,298354
1787647740000,VALID,1.25,2.75,-1.0,SL,146394
1787660070000,VALID,1.25,2.75,-1.0,SL,245853
1787661450000,VALID,1.25,2.75,-1.0,SL,124198
1787664090000,VALID,1.25,2.75,-1.0,SL,41251
1787666490000,VALID,1.25,2.75,0.4564235701359593,TIME,299554
1787687220000,VALID,1.25,2.75,2.2,TP,257400
1787709300000,VALID,1.25,2.75,2.2,TP,181202
1787723070000,VALID,1.25,2.75,-1.0,SL,80251
1787740170000,VALID,1.25,2.75,2.2,TP,253500
1787749530000,VALID,1.25,2.75,-0.17127436281851177,TIME,299859
1787753850000,VALID,1.25,2.75,-1.0,SL,244049
1787788590000,VALID,1.25,2.75,-1.0,SL,79798
1787790000000,VALID,1.25,2.75,-0.47254168084373593,TIME,299107
1787794950000,VALID,1.25,2.75,-1.0,SL,91350
1787798520000,VALID,1.25,2.75,-1.0,SL,164698
1787811390000,VALID,1.25,2.75,1.5486743811338899,TIME,299544
1787823090000,VALID,1.25,2.75,-1.0,SL,120597
1787827440000,VALID,1.25,2.75,-1.0,SL,112050
1787834550000,VALID,1.25,2.75,0.8906436813569044,TIME,299699
1787844150000,VALID,1.25,2.75,-1.0,SL,36001
1787854650000,VALID,1.25,2.75,-1.0,SL,100197
1787883540000,VALID,1.25,2.75,-1.0,SL,255903
1787917320000,VALID,1.25,2.75,-1.0,SL,51149
1787924280000,VALID,1.25,2.75,1.283435582821944,TIME,299850
1787925720000,VALID,1.25,2.75,-1.0,SL,27449
1787934900000,VALID,1.25,2.75,1.1842557927754425,TIME,299849
1788141930000,VALID,1.25,2.75,-1.0,SL,183747
1788144150000,VALID,1.25,2.75,0.19503700478885752,TIME,299700
1788181080000,VALID,1.25,2.75,-1.0,SL,15450
1788221790000,VALID,1.25,2.75,2.2,TP,286051
1788228720000,VALID,1.25,2.75,0.507968503937173,TIME,299694
1788230910000,VALID,1.25,2.75,-1.0,SL,240151
1788258720000,VALID,1.25,2.75,-1.0,SL,15899
1788262410000,VALID,1.25,2.75,0.8856088560885914,TIME,299702
1788271980000,VALID,1.25,2.75,1.4210824511704423,TIME,299702
1788277740000,VALID,1.25,2.75,0.8030112923463646,TIME,299249
1788303150000,VALID,1.25,2.75,0.1858553931252829,TIME,295504
1788321570000,VALID,1.25,2.75,-0.3586113919786922,TIME,297897
1788333960000,VALID,1.25,2.75,0.2017008504251951,TIME,299252
1788353280000,VALID,1.25,2.75,1.20252978379195,TIME,299551
1788356520000,VALID,1.25,2.75,-1.0,SL,66599
1788377820000,VALID,1.25,2.75,1.696510684338209,TIME,299245
1788409740000,VALID,1.25,2.75,0.726525369300064,TIME,299093
1788416880000,VALID,1.25,2.75,0.49513704686120713,TIME,299099
1788417360000,VALID,1.25,2.75,0.007313091740284968,TIME,299848
1788439920000,VALID,1.25,2.75,1.9363347280334,TIME,299849
1788460260000,VALID,1.25,2.75,-1.0,SL,17550
1788461400000,VALID,1.25,2.75,1.6875495638384421,TIME,299704
1788486750000,VALID,1.25,2.75,-1.0,SL,78001
1788488160000,VALID,1.25,2.75,-1.0,SL,145653
1788491310000,VALID,1.25,2.75,1.3226308047912079,TIME,299703
1788518280000,VALID,1.25,2.75,-1.0,SL,110254
1788535440000,VALID,1.25,2.75,-0.24952425156648683,TIME,299700
1788551280000,VALID,1.25,2.75,0.17585273416346658,TIME,299849
1788767580000,POST_CHECK,1.25,2.75,-1.0,SL,167699
1788796560000,POST_CHECK,1.25,2.75,-1.0,SL,78742
1788852930000,POST_CHECK,1.25,2.75,-1.0,SL,131991
1788853320000,POST_CHECK,1.25,2.75,-1.0,SL,247802
1788855180000,POST_CHECK,1.25,2.75,-0.214914958569481,TIME,299099
1788864030000,POST_CHECK,1.25,2.75,-1.0,SL,41854
1788865590000,POST_CHECK,1.25,2.75,-1.0,SL,164402
1788872040000,POST_CHECK,1.25,2.75,1.970370370370362,TIME,299403
1788873690000,POST_CHECK,1.25,2.75,-1.0,SL,211200
1788891840000,POST_CHECK,1.25,2.75,-1.0,SL,26400
1788893880000,POST_CHECK,1.25,2.75,0.08769159312589514,TIME,299698
1788894780000,POST_CHECK,1.25,2.75,-1.0,SL,114151
1788912420000,POST_CHECK,1.25,2.75,2.2,TP,289054
1788921270000,POST_CHECK,1.25,2.75,-1.0,SL,86848
1788927510000,POST_CHECK,1.25,2.75,1.3429781687844655,TIME,299698
1788928650000,POST_CHECK,1.25,2.75,2.2,TP,267145
1788936060000,POST_CHECK,1.25,2.75,-1.0,SL,131245
1788946920000,POST_CHECK,1.25,2.75,-1.0,SL,211648
1788947610000,POST_CHECK,1.25,2.75,2.2,TP,149546
1788948900000,POST_CHECK,1.25,2.75,-1.0,SL,63746
1788999030000,POST_CHECK,1.25,2.75,-1.0,SL,51596
1789004220000,POST_CHECK,1.25,2.75,0.14754491017980909,TIME,299696
1789006830000,POST_CHECK,1.25,2.75,-1.0,SL,151500
1789007910000,POST_CHECK,1.25,2.75,1.089103448275852,TIME,299707
1789019610000,POST_CHECK,1.25,2.75,-0.3948717948719622,TIME,299846
1789031820000,POST_CHECK,1.25,2.75,0.36638246041435507,TIME,298500
1789047570000,POST_CHECK,1.25,2.75,0.5064859632139792,TIME,299852
1789053690000,POST_CHECK,1.25,2.75,0.801585266348009,TIME,299395
1789088850000,POST_CHECK,1.25,2.75,-1.0,SL,38552
1789089270000,POST_CHECK,1.25,2.75,-1.0,SL,40202
1789102410000,POST_CHECK,1.25,2.75,-1.0,SL,49198
1789120140000,POST_CHECK,1.25,2.75,-0.28999052731281083,TIME,299394
1789142100000,POST_CHECK,1.25,2.75,-1.0,SL,101999
1789347690000,POST_CHECK,1.25,2.75,-1.0,SL,22198
1789383480000,POST_CHECK,1.25,2.75,-1.0,SL,43649
1789388280000,POST_CHECK,1.25,2.75,2.2,TP,138450
1789394400000,POST_CHECK,1.25,2.75,0.9299450805175828,TIME,299703
1789394850000,POST_CHECK,1.25,2.75,-1.0,SL,151948
1789396470000,POST_CHECK,1.25,2.75,-1.0,SL,186002
1789403580000,POST_CHECK,1.25,2.75,-0.2560395427868067,TIME,299552
1789411020000,POST_CHECK,1.25,2.75,-1.0,SL,179705
1789428060000,POST_CHECK,1.25,2.75,0.9403659849295909,TIME,297150
1789445400000,POST_CHECK,1.25,2.75,-1.0,SL,69155
1789458150000,POST_CHECK,1.25,2.75,2.2,TP,156442
1789468860000,POST_CHECK,1.25,2.75,2.2,TP,92402
1786060200000,TRAIN,1.25,3.0,1.8526820497453822,TIME,298803
1786061580000,TRAIN,1.25,3.0,-1.0,SL,30157
1786072020000,TRAIN,1.25,3.0,-1.0,SL,253501
1786096110000,TRAIN,1.25,3.0,0.48163689960109374,TIME,299248
1786105620000,TRAIN,1.25,3.0,-1.0,SL,166353
1786332630000,TRAIN,1.25,3.0,-1.0,SL,200849
1786340220000,TRAIN,1.25,3.0,0.6505287896590634,TIME,299702
1786341540000,TRAIN,1.25,3.0,0.5349643221200382,TIME,299704
1786352040000,TRAIN,1.25,3.0,0.2563886942306848,TIME,298199
1786358100000,TRAIN,1.25,3.0,-1.0,SL,53550
1786381140000,TRAIN,1.25,3.0,-1.0,SL,60009
1786430640000,TRAIN,1.25,3.0,-1.0,SL,56850
1786438140000,TRAIN,1.25,3.0,-0.7959067652076212,TIME,299098
1786438500000,TRAIN,1.25,3.0,-1.0,SL,243002
1786440810000,TRAIN,1.25,3.0,-0.08095942171850894,TIME,299698
1786451070000,TRAIN,1.25,3.0,0.7166529942577434,TIME,299701
1786454340000,TRAIN,1.25,3.0,-1.0,SL,96900
1786463010000,TRAIN,1.25,3.0,-1.0,SL,197253
1786471950000,TRAIN,1.25,3.0,-1.0,SL,186450
1786493160000,TRAIN,1.25,3.0,-1.0,SL,155699
1786504530000,TRAIN,1.25,3.0,-1.0,SL,86849
1786526850000,TRAIN,1.25,3.0,-1.0,SL,138598
1786550940000,TRAIN,1.25,3.0,-1.0,SL,131546
1786553460000,TRAIN,1.25,3.0,0.6100786484123683,TIME,299852
1786553820000,TRAIN,1.25,3.0,1.6223121907331082,TIME,299856
1786581240000,TRAIN,1.25,3.0,-1.0,SL,8549
1786587240000,TRAIN,1.25,3.0,-0.21665944853473,TIME,298197
1786593510000,TRAIN,1.25,3.0,2.4,TP,202050
1786624980000,TRAIN,1.25,3.0,-0.6357571990884123,TIME,299702
1786632990000,TRAIN,1.25,3.0,-0.1914221218964033,TIME,299395
1786633320000,TRAIN,1.25,3.0,2.4,TP,217648
1786653840000,TRAIN,1.25,3.0,-0.8118616144975468,TIME,298501
1786670520000,TRAIN,1.25,3.0,0.957398373983771,TIME,299843
1786687980000,TRAIN,1.25,3.0,-0.31784914115018476,TIME,299701
1786693650000,TRAIN,1.25,3.0,1.3441984056687015,TIME,298201
1786952010000,TRAIN,1.25,3.0,0.5170545593285693,TIME,299250
1786953810000,TRAIN,1.25,3.0,0.8296296296293925,TIME,299251
1786961190000,TRAIN,1.25,3.0,0.03462132921186624,TIME,298349
1786974090000,TRAIN,1.25,3.0,0.05827084927316759,TIME,299706
1787014200000,TRAIN,1.25,3.0,-1.0,SL,139497
1787023770000,TRAIN,1.25,3.0,0.33259842519677163,TIME,299548
1787047590000,TRAIN,1.25,3.0,-1.0,SL,107101
1787049660000,TRAIN,1.25,3.0,0.2842639593912797,TIME,299843
1787066490000,TRAIN,1.25,3.0,0.11400018506527543,TIME,299852
1787082420000,TRAIN,1.25,3.0,-1.0,SL,59399
1787084850000,TRAIN,1.25,3.0,0.5001810500903131,TIME,299098
1787098590000,TRAIN,1.25,3.0,-0.5730880929330249,TIME,299701
1787104830000,TRAIN,1.25,3.0,0.6490708661414999,TIME,299698
1787117580000,TRAIN,1.25,3.0,-1.0,SL,17253
1787140380000,TRAIN,1.25,3.0,0.7755932203387296,TIME,299695
1787141130000,TRAIN,1.25,3.0,-1.0,SL,115803
1787143260000,TRAIN,1.25,3.0,-1.0,SL,53697
1787149170000,TRAIN,1.25,3.0,0.8427389014296166,TIME,299694
1787170380000,TRAIN,1.25,3.0,-1.0,SL,75304
1787184990000,VALID,1.25,3.0,-1.0,SL,56400
1787199990000,VALID,1.25,3.0,2.4,TP,169950
1787220390000,VALID,1.25,3.0,0.9383909962484761,TIME,298952
1787229570000,VALID,1.25,3.0,-1.0,SL,23248
1787232870000,VALID,1.25,3.0,-1.0,SL,46504
1787234520000,VALID,1.25,3.0,1.2613089610252823,TIME,299848
1787246430000,VALID,1.25,3.0,0.7812359779727049,TIME,299100
1787267280000,VALID,1.25,3.0,-1.0,SL,13496
1787288910000,VALID,1.25,3.0,0.0791286429201533,TIME,299407
1787298090000,VALID,1.25,3.0,-0.46016713091896017,TIME,299698
1787312280000,VALID,1.25,3.0,2.4,TP,183597
1787325840000,VALID,1.25,3.0,-1.0,SL,65556
1787339850000,VALID,1.25,3.0,0.7918644067796249,TIME,298948
1787340270000,VALID,1.25,3.0,-1.0,SL,100945
1787527200000,VALID,1.25,3.0,-1.0,SL,52802
1787534100000,VALID,1.25,3.0,-0.13546780505164174,TIME,299695
1787579790000,VALID,1.25,3.0,0.25395516619432057,TIME,299862
1787583030000,VALID,1.25,3.0,-1.0,SL,45901
1787609970000,VALID,1.25,3.0,-0.33441018110609166,TIME,299399
1787630220000,VALID,1.25,3.0,1.649948990002006,TIME,298354
1787647740000,VALID,1.25,3.0,-1.0,SL,146394
1787660070000,VALID,1.25,3.0,-1.0,SL,245853
1787661450000,VALID,1.25,3.0,-1.0,SL,124198
1787664090000,VALID,1.25,3.0,-1.0,SL,41251
1787666490000,VALID,1.25,3.0,0.4564235701359593,TIME,299554
1787687220000,VALID,1.25,3.0,1.0117874396133877,TIME,299553
1787709300000,VALID,1.25,3.0,2.4,TP,182402
1787723070000,VALID,1.25,3.0,-1.0,SL,80251
1787740170000,VALID,1.25,3.0,1.6950495049506566,TIME,299845
1787749530000,VALID,1.25,3.0,-0.17127436281851177,TIME,299859
1787753850000,VALID,1.25,3.0,-1.0,SL,244049
1787788590000,VALID,1.25,3.0,-1.0,SL,79798
1787790000000,VALID,1.25,3.0,-0.47254168084373593,TIME,299107
1787794950000,VALID,1.25,3.0,-1.0,SL,91350
1787798520000,VALID,1.25,3.0,-1.0,SL,164698
1787811390000,VALID,1.25,3.0,1.5486743811338899,TIME,299544
1787823090000,VALID,1.25,3.0,-1.0,SL,120597
1787827440000,VALID,1.25,3.0,-1.0,SL,112050
1787834550000,VALID,1.25,3.0,0.8906436813569044,TIME,299699
1787844150000,VALID,1.25,3.0,-1.0,SL,36001
1787854650000,VALID,1.25,3.0,-1.0,SL,100197
1787883540000,VALID,1.25,3.0,-1.0,SL,255903
1787917320000,VALID,1.25,3.0,-1.0,SL,51149
1787924280000,VALID,1.25,3.0,1.283435582821944,TIME,299850
1787925720000,VALID,1.25,3.0,-1.0,SL,27449
1787934900000,VALID,1.25,3.0,1.1842557927754425,TIME,299849
1788141930000,VALID,1.25,3.0,-1.0,SL,183747
1788144150000,VALID,1.25,3.0,0.19503700478885752,TIME,299700
1788181080000,VALID,1.25,3.0,-1.0,SL,15450
1788221790000,VALID,1.25,3.0,2.4,TP,292499
1788228720000,VALID,1.25,3.0,0.507968503937173,TIME,299694
1788230910000,VALID,1.25,3.0,-1.0,SL,240151
1788258720000,VALID,1.25,3.0,-1.0,SL,15899
1788262410000,VALID,1.25,3.0,0.8856088560885914,TIME,299702
1788271980000,VALID,1.25,3.0,1.4210824511704423,TIME,299702
1788277740000,VALID,1.25,3.0,0.8030112923463646,TIME,299249
1788303150000,VALID,1.25,3.0,0.1858553931252829,TIME,295504
1788321570000,VALID,1.25,3.0,-0.3586113919786922,TIME,297897
1788333960000,VALID,1.25,3.0,0.2017008504251951,TIME,299252
1788353280000,VALID,1.25,3.0,1.20252978379195,TIME,299551
1788356520000,VALID,1.25,3.0,-1.0,SL,66599
1788377820000,VALID,1.25,3.0,1.696510684338209,TIME,299245
1788409740000,VALID,1.25,3.0,0.726525369300064,TIME,299093
1788416880000,VALID,1.25,3.0,0.49513704686120713,TIME,299099
1788417360000,VALID,1.25,3.0,0.007313091740284968,TIME,299848
1788439920000,VALID,1.25,3.0,1.9363347280334,TIME,299849
1788460260000,VALID,1.25,3.0,-1.0,SL,17550
1788461400000,VALID,1.25,3.0,1.6875495638384421,TIME,299704
1788486750000,VALID,1.25,3.0,-1.0,SL,78001
1788488160000,VALID,1.25,3.0,-1.0,SL,145653
1788491310000,VALID,1.25,3.0,1.3226308047912079,TIME,299703
1788518280000,VALID,1.25,3.0,-1.0,SL,110254
1788535440000,VALID,1.25,3.0,-0.24952425156648683,TIME,299700
1788551280000,VALID,1.25,3.0,0.17585273416346658,TIME,299849
1788767580000,POST_CHECK,1.25,3.0,-1.0,SL,167699
1788796560000,POST_CHECK,1.25,3.0,-1.0,SL,78742
1788852930000,POST_CHECK,1.25,3.0,-1.0,SL,131991
1788853320000,POST_CHECK,1.25,3.0,-1.0,SL,247802
1788855180000,POST_CHECK,1.25,3.0,-0.214914958569481,TIME,299099
1788864030000,POST_CHECK,1.25,3.0,-1.0,SL,41854
1788865590000,POST_CHECK,1.25,3.0,-1.0,SL,164402
1788872040000,POST_CHECK,1.25,3.0,1.970370370370362,TIME,299403
1788873690000,POST_CHECK,1.25,3.0,-1.0,SL,211200
1788891840000,POST_CHECK,1.25,3.0,-1.0,SL,26400
1788893880000,POST_CHECK,1.25,3.0,0.08769159312589514,TIME,299698
1788894780000,POST_CHECK,1.25,3.0,-1.0,SL,114151
1788912420000,POST_CHECK,1.25,3.0,2.4,TP,291458
1788921270000,POST_CHECK,1.25,3.0,-1.0,SL,86848
1788927510000,POST_CHECK,1.25,3.0,1.3429781687844655,TIME,299698
1788928650000,POST_CHECK,1.25,3.0,2.111475409837081,TIME,298646
1788936060000,POST_CHECK,1.25,3.0,-1.0,SL,131245
1788946920000,POST_CHECK,1.25,3.0,-1.0,SL,211648
1788947610000,POST_CHECK,1.25,3.0,2.4,TP,165146
1788948900000,POST_CHECK,1.25,3.0,-1.0,SL,63746
1788999030000,POST_CHECK,1.25,3.0,-1.0,SL,51596
1789004220000,POST_CHECK,1.25,3.0,0.14754491017980909,TIME,299696
1789006830000,POST_CHECK,1.25,3.0,-1.0,SL,151500
1789007910000,POST_CHECK,1.25,3.0,1.089103448275852,TIME,299707
1789019610000,POST_CHECK,1.25,3.0,-0.3948717948719622,TIME,299846
1789031820000,POST_CHECK,1.25,3.0,0.36638246041435507,TIME,298500
1789047570000,POST_CHECK,1.25,3.0,0.5064859632139792,TIME,299852
1789053690000,POST_CHECK,1.25,3.0,0.801585266348009,TIME,299395
1789088850000,POST_CHECK,1.25,3.0,-1.0,SL,38552
1789089270000,POST_CHECK,1.25,3.0,-1.0,SL,40202
1789102410000,POST_CHECK,1.25,3.0,-1.0,SL,49198
1789120140000,POST_CHECK,1.25,3.0,-0.28999052731281083,TIME,299394
1789142100000,POST_CHECK,1.25,3.0,-1.0,SL,101999
1789347690000,POST_CHECK,1.25,3.0,-1.0,SL,22198
1789383480000,POST_CHECK,1.25,3.0,-1.0,SL,43649
1789388280000,POST_CHECK,1.25,3.0,2.4,TP,173543
1789394400000,POST_CHECK,1.25,3.0,0.9299450805175828,TIME,299703
1789394850000,POST_CHECK,1.25,3.0,-1.0,SL,151948
1789396470000,POST_CHECK,1.25,3.0,-1.0,SL,186002
1789403580000,POST_CHECK,1.25,3.0,-0.2560395427868067,TIME,299552
1789411020000,POST_CHECK,1.25,3.0,-1.0,SL,179705
1789428060000,POST_CHECK,1.25,3.0,0.9403659849295909,TIME,297150
1789445400000,POST_CHECK,1.25,3.0,-1.0,SL,69155
1789458150000,POST_CHECK,1.25,3.0,2.4,TP,157952
1789468860000,POST_CHECK,1.25,3.0,2.4,TP,95250
1786060200000,TRAIN,1.25,3.25,1.8526820497453822,TIME,298803
1786061580000,TRAIN,1.25,3.25,-1.0,SL,30157
1786072020000,TRAIN,1.25,3.25,-1.0,SL,253501
1786096110000,TRAIN,1.25,3.25,0.48163689960109374,TIME,299248
1786105620000,TRAIN,1.25,3.25,-1.0,SL,166353
1786332630000,TRAIN,1.25,3.25,-1.0,SL,200849
1786340220000,TRAIN,1.25,3.25,0.6505287896590634,TIME,299702
1786341540000,TRAIN,1.25,3.25,0.5349643221200382,TIME,299704
1786352040000,TRAIN,1.25,3.25,0.2563886942306848,TIME,298199
1786358100000,TRAIN,1.25,3.25,-1.0,SL,53550
1786381140000,TRAIN,1.25,3.25,-1.0,SL,60009
1786430640000,TRAIN,1.25,3.25,-1.0,SL,56850
1786438140000,TRAIN,1.25,3.25,-0.7959067652076212,TIME,299098
1786438500000,TRAIN,1.25,3.25,-1.0,SL,243002
1786440810000,TRAIN,1.25,3.25,-0.08095942171850894,TIME,299698
1786451070000,TRAIN,1.25,3.25,0.7166529942577434,TIME,299701
1786454340000,TRAIN,1.25,3.25,-1.0,SL,96900
1786463010000,TRAIN,1.25,3.25,-1.0,SL,197253
1786471950000,TRAIN,1.25,3.25,-1.0,SL,186450
1786493160000,TRAIN,1.25,3.25,-1.0,SL,155699
1786504530000,TRAIN,1.25,3.25,-1.0,SL,86849
1786526850000,TRAIN,1.25,3.25,-1.0,SL,138598
1786550940000,TRAIN,1.25,3.25,-1.0,SL,131546
1786553460000,TRAIN,1.25,3.25,0.6100786484123683,TIME,299852
1786553820000,TRAIN,1.25,3.25,1.6223121907331082,TIME,299856
1786581240000,TRAIN,1.25,3.25,-1.0,SL,8549
1786587240000,TRAIN,1.25,3.25,-0.21665944853473,TIME,298197
1786593510000,TRAIN,1.25,3.25,2.6,TP,202050
1786624980000,TRAIN,1.25,3.25,-0.6357571990884123,TIME,299702
1786632990000,TRAIN,1.25,3.25,-0.1914221218964033,TIME,299395
1786633320000,TRAIN,1.25,3.25,2.6,TP,217947
1786653840000,TRAIN,1.25,3.25,-0.8118616144975468,TIME,298501
1786670520000,TRAIN,1.25,3.25,0.957398373983771,TIME,299843
1786687980000,TRAIN,1.25,3.25,-0.31784914115018476,TIME,299701
1786693650000,TRAIN,1.25,3.25,1.3441984056687015,TIME,298201
1786952010000,TRAIN,1.25,3.25,0.5170545593285693,TIME,299250
1786953810000,TRAIN,1.25,3.25,0.8296296296293925,TIME,299251
1786961190000,TRAIN,1.25,3.25,0.03462132921186624,TIME,298349
1786974090000,TRAIN,1.25,3.25,0.05827084927316759,TIME,299706
1787014200000,TRAIN,1.25,3.25,-1.0,SL,139497
1787023770000,TRAIN,1.25,3.25,0.33259842519677163,TIME,299548
1787047590000,TRAIN,1.25,3.25,-1.0,SL,107101
1787049660000,TRAIN,1.25,3.25,0.2842639593912797,TIME,299843
1787066490000,TRAIN,1.25,3.25,0.11400018506527543,TIME,299852
1787082420000,TRAIN,1.25,3.25,-1.0,SL,59399
1787084850000,TRAIN,1.25,3.25,0.5001810500903131,TIME,299098
1787098590000,TRAIN,1.25,3.25,-0.5730880929330249,TIME,299701
1787104830000,TRAIN,1.25,3.25,0.6490708661414999,TIME,299698
1787117580000,TRAIN,1.25,3.25,-1.0,SL,17253
1787140380000,TRAIN,1.25,3.25,0.7755932203387296,TIME,299695
1787141130000,TRAIN,1.25,3.25,-1.0,SL,115803
1787143260000,TRAIN,1.25,3.25,-1.0,SL,53697
1787149170000,TRAIN,1.25,3.25,0.8427389014296166,TIME,299694
1787170380000,TRAIN,1.25,3.25,-1.0,SL,75304
1787184990000,VALID,1.25,3.25,-1.0,SL,56400
1787199990000,VALID,1.25,3.25,2.6,TP,189450
1787220390000,VALID,1.25,3.25,0.9383909962484761,TIME,298952
1787229570000,VALID,1.25,3.25,-1.0,SL,23248
1787232870000,VALID,1.25,3.25,-1.0,SL,46504
1787234520000,VALID,1.25,3.25,1.2613089610252823,TIME,299848
1787246430000,VALID,1.25,3.25,0.7812359779727049,TIME,299100
1787267280000,VALID,1.25,3.25,-1.0,SL,13496
1787288910000,VALID,1.25,3.25,0.0791286429201533,TIME,299407
1787298090000,VALID,1.25,3.25,-0.46016713091896017,TIME,299698
1787312280000,VALID,1.25,3.25,2.6,TP,200696
1787325840000,VALID,1.25,3.25,-1.0,SL,65556
1787339850000,VALID,1.25,3.25,0.7918644067796249,TIME,298948
1787340270000,VALID,1.25,3.25,-1.0,SL,100945
1787527200000,VALID,1.25,3.25,-1.0,SL,52802
1787534100000,VALID,1.25,3.25,-0.13546780505164174,TIME,299695
1787579790000,VALID,1.25,3.25,0.25395516619432057,TIME,299862
1787583030000,VALID,1.25,3.25,-1.0,SL,45901
1787609970000,VALID,1.25,3.25,-0.33441018110609166,TIME,299399
1787630220000,VALID,1.25,3.25,1.649948990002006,TIME,298354
1787647740000,VALID,1.25,3.25,-1.0,SL,146394
1787660070000,VALID,1.25,3.25,-1.0,SL,245853
1787661450000,VALID,1.25,3.25,-1.0,SL,124198
1787664090000,VALID,1.25,3.25,-1.0,SL,41251
1787666490000,VALID,1.25,3.25,0.4564235701359593,TIME,299554
1787687220000,VALID,1.25,3.25,1.0117874396133877,TIME,299553
1787709300000,VALID,1.25,3.25,2.6,TP,211354
1787723070000,VALID,1.25,3.25,-1.0,SL,80251
1787740170000,VALID,1.25,3.25,1.6950495049506566,TIME,299845
1787749530000,VALID,1.25,3.25,-0.17127436281851177,TIME,299859
1787753850000,VALID,1.25,3.25,-1.0,SL,244049
1787788590000,VALID,1.25,3.25,-1.0,SL,79798
1787790000000,VALID,1.25,3.25,-0.47254168084373593,TIME,299107
1787794950000,VALID,1.25,3.25,-1.0,SL,91350
1787798520000,VALID,1.25,3.25,-1.0,SL,164698
1787811390000,VALID,1.25,3.25,1.5486743811338899,TIME,299544
1787823090000,VALID,1.25,3.25,-1.0,SL,120597
1787827440000,VALID,1.25,3.25,-1.0,SL,112050
1787834550000,VALID,1.25,3.25,0.8906436813569044,TIME,299699
1787844150000,VALID,1.25,3.25,-1.0,SL,36001
1787854650000,VALID,1.25,3.25,-1.0,SL,100197
1787883540000,VALID,1.25,3.25,-1.0,SL,255903
1787917320000,VALID,1.25,3.25,-1.0,SL,51149
1787924280000,VALID,1.25,3.25,1.283435582821944,TIME,299850
1787925720000,VALID,1.25,3.25,-1.0,SL,27449
1787934900000,VALID,1.25,3.25,1.1842557927754425,TIME,299849
1788141930000,VALID,1.25,3.25,-1.0,SL,183747
1788144150000,VALID,1.25,3.25,0.19503700478885752,TIME,299700
1788181080000,VALID,1.25,3.25,-1.0,SL,15450
1788221790000,VALID,1.25,3.25,2.5376520777374627,TIME,299099
1788228720000,VALID,1.25,3.25,0.507968503937173,TIME,299694
1788230910000,VALID,1.25,3.25,-1.0,SL,240151
1788258720000,VALID,1.25,3.25,-1.0,SL,15899
1788262410000,VALID,1.25,3.25,0.8856088560885914,TIME,299702
1788271980000,VALID,1.25,3.25,1.4210824511704423,TIME,299702
1788277740000,VALID,1.25,3.25,0.8030112923463646,TIME,299249
1788303150000,VALID,1.25,3.25,0.1858553931252829,TIME,295504
1788321570000,VALID,1.25,3.25,-0.3586113919786922,TIME,297897
1788333960000,VALID,1.25,3.25,0.2017008504251951,TIME,299252
1788353280000,VALID,1.25,3.25,1.20252978379195,TIME,299551
1788356520000,VALID,1.25,3.25,-1.0,SL,66599
1788377820000,VALID,1.25,3.25,1.696510684338209,TIME,299245
1788409740000,VALID,1.25,3.25,0.726525369300064,TIME,299093
1788416880000,VALID,1.25,3.25,0.49513704686120713,TIME,299099
1788417360000,VALID,1.25,3.25,0.007313091740284968,TIME,299848
1788439920000,VALID,1.25,3.25,1.9363347280334,TIME,299849
1788460260000,VALID,1.25,3.25,-1.0,SL,17550
1788461400000,VALID,1.25,3.25,1.6875495638384421,TIME,299704
1788486750000,VALID,1.25,3.25,-1.0,SL,78001
1788488160000,VALID,1.25,3.25,-1.0,SL,145653
1788491310000,VALID,1.25,3.25,1.3226308047912079,TIME,299703
1788518280000,VALID,1.25,3.25,-1.0,SL,110254
1788535440000,VALID,1.25,3.25,-0.24952425156648683,TIME,299700
1788551280000,VALID,1.25,3.25,0.17585273416346658,TIME,299849
1788767580000,POST_CHECK,1.25,3.25,-1.0,SL,167699
1788796560000,POST_CHECK,1.25,3.25,-1.0,SL,78742
1788852930000,POST_CHECK,1.25,3.25,-1.0,SL,131991
1788853320000,POST_CHECK,1.25,3.25,-1.0,SL,247802
1788855180000,POST_CHECK,1.25,3.25,-0.214914958569481,TIME,299099
1788864030000,POST_CHECK,1.25,3.25,-1.0,SL,41854
1788865590000,POST_CHECK,1.25,3.25,-1.0,SL,164402
1788872040000,POST_CHECK,1.25,3.25,1.970370370370362,TIME,299403
1788873690000,POST_CHECK,1.25,3.25,-1.0,SL,211200
1788891840000,POST_CHECK,1.25,3.25,-1.0,SL,26400
1788893880000,POST_CHECK,1.25,3.25,0.08769159312589514,TIME,299698
1788894780000,POST_CHECK,1.25,3.25,-1.0,SL,114151
1788912420000,POST_CHECK,1.25,3.25,2.4650717703348755,TIME,299404
1788921270000,POST_CHECK,1.25,3.25,-1.0,SL,86848
1788927510000,POST_CHECK,1.25,3.25,1.3429781687844655,TIME,299698
1788928650000,POST_CHECK,1.25,3.25,2.111475409837081,TIME,298646
1788936060000,POST_CHECK,1.25,3.25,-1.0,SL,131245
1788946920000,POST_CHECK,1.25,3.25,-1.0,SL,211648
1788947610000,POST_CHECK,1.25,3.25,2.6,TP,266845
1788948900000,POST_CHECK,1.25,3.25,-1.0,SL,63746
1788999030000,POST_CHECK,1.25,3.25,-1.0,SL,51596
1789004220000,POST_CHECK,1.25,3.25,0.14754491017980909,TIME,299696
1789006830000,POST_CHECK,1.25,3.25,-1.0,SL,151500
1789007910000,POST_CHECK,1.25,3.25,1.089103448275852,TIME,299707
1789019610000,POST_CHECK,1.25,3.25,-0.3948717948719622,TIME,299846
1789031820000,POST_CHECK,1.25,3.25,0.36638246041435507,TIME,298500
1789047570000,POST_CHECK,1.25,3.25,0.5064859632139792,TIME,299852
1789053690000,POST_CHECK,1.25,3.25,0.801585266348009,TIME,299395
1789088850000,POST_CHECK,1.25,3.25,-1.0,SL,38552
1789089270000,POST_CHECK,1.25,3.25,-1.0,SL,40202
1789102410000,POST_CHECK,1.25,3.25,-1.0,SL,49198
1789120140000,POST_CHECK,1.25,3.25,-0.28999052731281083,TIME,299394
1789142100000,POST_CHECK,1.25,3.25,-1.0,SL,101999
1789347690000,POST_CHECK,1.25,3.25,-1.0,SL,22198
1789383480000,POST_CHECK,1.25,3.25,-1.0,SL,43649
1789388280000,POST_CHECK,1.25,3.25,2.6,TP,177302
1789394400000,POST_CHECK,1.25,3.25,0.9299450805175828,TIME,299703
1789394850000,POST_CHECK,1.25,3.25,-1.0,SL,151948
1789396470000,POST_CHECK,1.25,3.25,-1.0,SL,186002
1789403580000,POST_CHECK,1.25,3.25,-0.2560395427868067,TIME,299552
1789411020000,POST_CHECK,1.25,3.25,-1.0,SL,179705
1789428060000,POST_CHECK,1.25,3.25,0.9403659849295909,TIME,297150
1789445400000,POST_CHECK,1.25,3.25,-1.0,SL,69155
1789458150000,POST_CHECK,1.25,3.25,2.6,TP,271801
1789468860000,POST_CHECK,1.25,3.25,2.026170897389904,TIME,299697
1786060200000,TRAIN,1.25,3.5,1.8526820497453822,TIME,298803
1786061580000,TRAIN,1.25,3.5,-1.0,SL,30157
1786072020000,TRAIN,1.25,3.5,-1.0,SL,253501
1786096110000,TRAIN,1.25,3.5,0.48163689960109374,TIME,299248
1786105620000,TRAIN,1.25,3.5,-1.0,SL,166353
1786332630000,TRAIN,1.25,3.5,-1.0,SL,200849
1786340220000,TRAIN,1.25,3.5,0.6505287896590634,TIME,299702
1786341540000,TRAIN,1.25,3.5,0.5349643221200382,TIME,299704
1786352040000,TRAIN,1.25,3.5,0.2563886942306848,TIME,298199
1786358100000,TRAIN,1.25,3.5,-1.0,SL,53550
1786381140000,TRAIN,1.25,3.5,-1.0,SL,60009
1786430640000,TRAIN,1.25,3.5,-1.0,SL,56850
1786438140000,TRAIN,1.25,3.5,-0.7959067652076212,TIME,299098
1786438500000,TRAIN,1.25,3.5,-1.0,SL,243002
1786440810000,TRAIN,1.25,3.5,-0.08095942171850894,TIME,299698
1786451070000,TRAIN,1.25,3.5,0.7166529942577434,TIME,299701
1786454340000,TRAIN,1.25,3.5,-1.0,SL,96900
1786463010000,TRAIN,1.25,3.5,-1.0,SL,197253
1786471950000,TRAIN,1.25,3.5,-1.0,SL,186450
1786493160000,TRAIN,1.25,3.5,-1.0,SL,155699
1786504530000,TRAIN,1.25,3.5,-1.0,SL,86849
1786526850000,TRAIN,1.25,3.5,-1.0,SL,138598
1786550940000,TRAIN,1.25,3.5,-1.0,SL,131546
1786553460000,TRAIN,1.25,3.5,0.6100786484123683,TIME,299852
1786553820000,TRAIN,1.25,3.5,1.6223121907331082,TIME,299856
1786581240000,TRAIN,1.25,3.5,-1.0,SL,8549
1786587240000,TRAIN,1.25,3.5,-0.21665944853473,TIME,298197
1786593510000,TRAIN,1.25,3.5,0.30662429723805934,TIME,298656
1786624980000,TRAIN,1.25,3.5,-0.6357571990884123,TIME,299702
1786632990000,TRAIN,1.25,3.5,-0.1914221218964033,TIME,299395
1786633320000,TRAIN,1.25,3.5,2.8,TP,220647
1786653840000,TRAIN,1.25,3.5,-0.8118616144975468,TIME,298501
1786670520000,TRAIN,1.25,3.5,0.957398373983771,TIME,299843
1786687980000,TRAIN,1.25,3.5,-0.31784914115018476,TIME,299701
1786693650000,TRAIN,1.25,3.5,1.3441984056687015,TIME,298201
1786952010000,TRAIN,1.25,3.5,0.5170545593285693,TIME,299250
1786953810000,TRAIN,1.25,3.5,0.8296296296293925,TIME,299251
1786961190000,TRAIN,1.25,3.5,0.03462132921186624,TIME,298349
1786974090000,TRAIN,1.25,3.5,0.05827084927316759,TIME,299706
1787014200000,TRAIN,1.25,3.5,-1.0,SL,139497
1787023770000,TRAIN,1.25,3.5,0.33259842519677163,TIME,299548
1787047590000,TRAIN,1.25,3.5,-1.0,SL,107101
1787049660000,TRAIN,1.25,3.5,0.2842639593912797,TIME,299843
1787066490000,TRAIN,1.25,3.5,0.11400018506527543,TIME,299852
1787082420000,TRAIN,1.25,3.5,-1.0,SL,59399
1787084850000,TRAIN,1.25,3.5,0.5001810500903131,TIME,299098
1787098590000,TRAIN,1.25,3.5,-0.5730880929330249,TIME,299701
1787104830000,TRAIN,1.25,3.5,0.6490708661414999,TIME,299698
1787117580000,TRAIN,1.25,3.5,-1.0,SL,17253
1787140380000,TRAIN,1.25,3.5,0.7755932203387296,TIME,299695
1787141130000,TRAIN,1.25,3.5,-1.0,SL,115803
1787143260000,TRAIN,1.25,3.5,-1.0,SL,53697
1787149170000,TRAIN,1.25,3.5,0.8427389014296166,TIME,299694
1787170380000,TRAIN,1.25,3.5,-1.0,SL,75304
1787184990000,VALID,1.25,3.5,-1.0,SL,56400
1787199990000,VALID,1.25,3.5,2.8,TP,189450
1787220390000,VALID,1.25,3.5,0.9383909962484761,TIME,298952
1787229570000,VALID,1.25,3.5,-1.0,SL,23248
1787232870000,VALID,1.25,3.5,-1.0,SL,46504
1787234520000,VALID,1.25,3.5,1.2613089610252823,TIME,299848
1787246430000,VALID,1.25,3.5,0.7812359779727049,TIME,299100
1787267280000,VALID,1.25,3.5,-1.0,SL,13496
1787288910000,VALID,1.25,3.5,0.0791286429201533,TIME,299407
1787298090000,VALID,1.25,3.5,-0.46016713091896017,TIME,299698
1787312280000,VALID,1.25,3.5,2.5302223442216407,TIME,299850
1787325840000,VALID,1.25,3.5,-1.0,SL,65556
1787339850000,VALID,1.25,3.5,0.7918644067796249,TIME,298948
1787340270000,VALID,1.25,3.5,-1.0,SL,100945
1787527200000,VALID,1.25,3.5,-1.0,SL,52802
1787534100000,VALID,1.25,3.5,-0.13546780505164174,TIME,299695
1787579790000,VALID,1.25,3.5,0.25395516619432057,TIME,299862
1787583030000,VALID,1.25,3.5,-1.0,SL,45901
1787609970000,VALID,1.25,3.5,-0.33441018110609166,TIME,299399
1787630220000,VALID,1.25,3.5,1.649948990002006,TIME,298354
1787647740000,VALID,1.25,3.5,-1.0,SL,146394
1787660070000,VALID,1.25,3.5,-1.0,SL,245853
1787661450000,VALID,1.25,3.5,-1.0,SL,124198
1787664090000,VALID,1.25,3.5,-1.0,SL,41251
1787666490000,VALID,1.25,3.5,0.4564235701359593,TIME,299554
1787687220000,VALID,1.25,3.5,1.0117874396133877,TIME,299553
1787709300000,VALID,1.25,3.5,1.4720531267293722,TIME,299097
1787723070000,VALID,1.25,3.5,-1.0,SL,80251
1787740170000,VALID,1.25,3.5,1.6950495049506566,TIME,299845
1787749530000,VALID,1.25,3.5,-0.17127436281851177,TIME,299859
1787753850000,VALID,1.25,3.5,-1.0,SL,244049
1787788590000,VALID,1.25,3.5,-1.0,SL,79798
1787790000000,VALID,1.25,3.5,-0.47254168084373593,TIME,299107
1787794950000,VALID,1.25,3.5,-1.0,SL,91350
1787798520000,VALID,1.25,3.5,-1.0,SL,164698
1787811390000,VALID,1.25,3.5,1.5486743811338899,TIME,299544
1787823090000,VALID,1.25,3.5,-1.0,SL,120597
1787827440000,VALID,1.25,3.5,-1.0,SL,112050
1787834550000,VALID,1.25,3.5,0.8906436813569044,TIME,299699
1787844150000,VALID,1.25,3.5,-1.0,SL,36001
1787854650000,VALID,1.25,3.5,-1.0,SL,100197
1787883540000,VALID,1.25,3.5,-1.0,SL,255903
1787917320000,VALID,1.25,3.5,-1.0,SL,51149
1787924280000,VALID,1.25,3.5,1.283435582821944,TIME,299850
1787925720000,VALID,1.25,3.5,-1.0,SL,27449
1787934900000,VALID,1.25,3.5,1.1842557927754425,TIME,299849
1788141930000,VALID,1.25,3.5,-1.0,SL,183747
1788144150000,VALID,1.25,3.5,0.19503700478885752,TIME,299700
1788181080000,VALID,1.25,3.5,-1.0,SL,15450
1788221790000,VALID,1.25,3.5,2.5376520777374627,TIME,299099
1788228720000,VALID,1.25,3.5,0.507968503937173,TIME,299694
1788230910000,VALID,1.25,3.5,-1.0,SL,240151
1788258720000,VALID,1.25,3.5,-1.0,SL,15899
1788262410000,VALID,1.25,3.5,0.8856088560885914,TIME,299702
1788271980000,VALID,1.25,3.5,1.4210824511704423,TIME,299702
1788277740000,VALID,1.25,3.5,0.8030112923463646,TIME,299249
1788303150000,VALID,1.25,3.5,0.1858553931252829,TIME,295504
1788321570000,VALID,1.25,3.5,-0.3586113919786922,TIME,297897
1788333960000,VALID,1.25,3.5,0.2017008504251951,TIME,299252
1788353280000,VALID,1.25,3.5,1.20252978379195,TIME,299551
1788356520000,VALID,1.25,3.5,-1.0,SL,66599
1788377820000,VALID,1.25,3.5,1.696510684338209,TIME,299245
1788409740000,VALID,1.25,3.5,0.726525369300064,TIME,299093
1788416880000,VALID,1.25,3.5,0.49513704686120713,TIME,299099
1788417360000,VALID,1.25,3.5,0.007313091740284968,TIME,299848
1788439920000,VALID,1.25,3.5,1.9363347280334,TIME,299849
1788460260000,VALID,1.25,3.5,-1.0,SL,17550
1788461400000,VALID,1.25,3.5,1.6875495638384421,TIME,299704
1788486750000,VALID,1.25,3.5,-1.0,SL,78001
1788488160000,VALID,1.25,3.5,-1.0,SL,145653
1788491310000,VALID,1.25,3.5,1.3226308047912079,TIME,299703
1788518280000,VALID,1.25,3.5,-1.0,SL,110254
1788535440000,VALID,1.25,3.5,-0.24952425156648683,TIME,299700
1788551280000,VALID,1.25,3.5,0.17585273416346658,TIME,299849
1788767580000,POST_CHECK,1.25,3.5,-1.0,SL,167699
1788796560000,POST_CHECK,1.25,3.5,-1.0,SL,78742
1788852930000,POST_CHECK,1.25,3.5,-1.0,SL,131991
1788853320000,POST_CHECK,1.25,3.5,-1.0,SL,247802
1788855180000,POST_CHECK,1.25,3.5,-0.214914958569481,TIME,299099
1788864030000,POST_CHECK,1.25,3.5,-1.0,SL,41854
1788865590000,POST_CHECK,1.25,3.5,-1.0,SL,164402
1788872040000,POST_CHECK,1.25,3.5,1.970370370370362,TIME,299403
1788873690000,POST_CHECK,1.25,3.5,-1.0,SL,211200
1788891840000,POST_CHECK,1.25,3.5,-1.0,SL,26400
1788893880000,POST_CHECK,1.25,3.5,0.08769159312589514,TIME,299698
1788894780000,POST_CHECK,1.25,3.5,-1.0,SL,114151
1788912420000,POST_CHECK,1.25,3.5,2.4650717703348755,TIME,299404
1788921270000,POST_CHECK,1.25,3.5,-1.0,SL,86848
1788927510000,POST_CHECK,1.25,3.5,1.3429781687844655,TIME,299698
1788928650000,POST_CHECK,1.25,3.5,2.111475409837081,TIME,298646
1788936060000,POST_CHECK,1.25,3.5,-1.0,SL,131245
1788946920000,POST_CHECK,1.25,3.5,-1.0,SL,211648
1788947610000,POST_CHECK,1.25,3.5,2.8,TP,271351
1788948900000,POST_CHECK,1.25,3.5,-1.0,SL,63746
1788999030000,POST_CHECK,1.25,3.5,-1.0,SL,51596
1789004220000,POST_CHECK,1.25,3.5,0.14754491017980909,TIME,299696
1789006830000,POST_CHECK,1.25,3.5,-1.0,SL,151500
1789007910000,POST_CHECK,1.25,3.5,1.089103448275852,TIME,299707
1789019610000,POST_CHECK,1.25,3.5,-0.3948717948719622,TIME,299846
1789031820000,POST_CHECK,1.25,3.5,0.36638246041435507,TIME,298500
1789047570000,POST_CHECK,1.25,3.5,0.5064859632139792,TIME,299852
1789053690000,POST_CHECK,1.25,3.5,0.801585266348009,TIME,299395
1789088850000,POST_CHECK,1.25,3.5,-1.0,SL,38552
1789089270000,POST_CHECK,1.25,3.5,-1.0,SL,40202
1789102410000,POST_CHECK,1.25,3.5,-1.0,SL,49198
1789120140000,POST_CHECK,1.25,3.5,-0.28999052731281083,TIME,299394
1789142100000,POST_CHECK,1.25,3.5,-1.0,SL,101999
1789347690000,POST_CHECK,1.25,3.5,-1.0,SL,22198
1789383480000,POST_CHECK,1.25,3.5,-1.0,SL,43649
1789388280000,POST_CHECK,1.25,3.5,2.8,TP,210148
1789394400000,POST_CHECK,1.25,3.5,0.9299450805175828,TIME,299703
1789394850000,POST_CHECK,1.25,3.5,-1.0,SL,151948
1789396470000,POST_CHECK,1.25,3.5,-1.0,SL,186002
1789403580000,POST_CHECK,1.25,3.5,-0.2560395427868067,TIME,299552
1789411020000,POST_CHECK,1.25,3.5,-1.0,SL,179705
1789428060000,POST_CHECK,1.25,3.5,0.9403659849295909,TIME,297150
1789445400000,POST_CHECK,1.25,3.5,-1.0,SL,69155
1789458150000,POST_CHECK,1.25,3.5,2.8,TP,271801
1789468860000,POST_CHECK,1.25,3.5,2.026170897389904,TIME,299697
1786060200000,TRAIN,1.25,3.75,1.8526820497453822,TIME,298803
1786061580000,TRAIN,1.25,3.75,-1.0,SL,30157
1786072020000,TRAIN,1.25,3.75,-1.0,SL,253501
1786096110000,TRAIN,1.25,3.75,0.48163689960109374,TIME,299248
1786105620000,TRAIN,1.25,3.75,-1.0,SL,166353
1786332630000,TRAIN,1.25,3.75,-1.0,SL,200849
1786340220000,TRAIN,1.25,3.75,0.6505287896590634,TIME,299702
1786341540000,TRAIN,1.25,3.75,0.5349643221200382,TIME,299704
1786352040000,TRAIN,1.25,3.75,0.2563886942306848,TIME,298199
1786358100000,TRAIN,1.25,3.75,-1.0,SL,53550
1786381140000,TRAIN,1.25,3.75,-1.0,SL,60009
1786430640000,TRAIN,1.25,3.75,-1.0,SL,56850
1786438140000,TRAIN,1.25,3.75,-0.7959067652076212,TIME,299098
1786438500000,TRAIN,1.25,3.75,-1.0,SL,243002
1786440810000,TRAIN,1.25,3.75,-0.08095942171850894,TIME,299698
1786451070000,TRAIN,1.25,3.75,0.7166529942577434,TIME,299701
1786454340000,TRAIN,1.25,3.75,-1.0,SL,96900
1786463010000,TRAIN,1.25,3.75,-1.0,SL,197253
1786471950000,TRAIN,1.25,3.75,-1.0,SL,186450
1786493160000,TRAIN,1.25,3.75,-1.0,SL,155699
1786504530000,TRAIN,1.25,3.75,-1.0,SL,86849
1786526850000,TRAIN,1.25,3.75,-1.0,SL,138598
1786550940000,TRAIN,1.25,3.75,-1.0,SL,131546
1786553460000,TRAIN,1.25,3.75,0.6100786484123683,TIME,299852
1786553820000,TRAIN,1.25,3.75,1.6223121907331082,TIME,299856
1786581240000,TRAIN,1.25,3.75,-1.0,SL,8549
1786587240000,TRAIN,1.25,3.75,-0.21665944853473,TIME,298197
1786593510000,TRAIN,1.25,3.75,0.30662429723805934,TIME,298656
1786624980000,TRAIN,1.25,3.75,-0.6357571990884123,TIME,299702
1786632990000,TRAIN,1.25,3.75,-0.1914221218964033,TIME,299395
1786633320000,TRAIN,1.25,3.75,3.0,TP,236103
1786653840000,TRAIN,1.25,3.75,-0.8118616144975468,TIME,298501
1786670520000,TRAIN,1.25,3.75,0.957398373983771,TIME,299843
1786687980000,TRAIN,1.25,3.75,-0.31784914115018476,TIME,299701
1786693650000,TRAIN,1.25,3.75,1.3441984056687015,TIME,298201
1786952010000,TRAIN,1.25,3.75,0.5170545593285693,TIME,299250
1786953810000,TRAIN,1.25,3.75,0.8296296296293925,TIME,299251
1786961190000,TRAIN,1.25,3.75,0.03462132921186624,TIME,298349
1786974090000,TRAIN,1.25,3.75,0.05827084927316759,TIME,299706
1787014200000,TRAIN,1.25,3.75,-1.0,SL,139497
1787023770000,TRAIN,1.25,3.75,0.33259842519677163,TIME,299548
1787047590000,TRAIN,1.25,3.75,-1.0,SL,107101
1787049660000,TRAIN,1.25,3.75,0.2842639593912797,TIME,299843
1787066490000,TRAIN,1.25,3.75,0.11400018506527543,TIME,299852
1787082420000,TRAIN,1.25,3.75,-1.0,SL,59399
1787084850000,TRAIN,1.25,3.75,0.5001810500903131,TIME,299098
1787098590000,TRAIN,1.25,3.75,-0.5730880929330249,TIME,299701
1787104830000,TRAIN,1.25,3.75,0.6490708661414999,TIME,299698
1787117580000,TRAIN,1.25,3.75,-1.0,SL,17253
1787140380000,TRAIN,1.25,3.75,0.7755932203387296,TIME,299695
1787141130000,TRAIN,1.25,3.75,-1.0,SL,115803
1787143260000,TRAIN,1.25,3.75,-1.0,SL,53697
1787149170000,TRAIN,1.25,3.75,0.8427389014296166,TIME,299694
1787170380000,TRAIN,1.25,3.75,-1.0,SL,75304
1787184990000,VALID,1.25,3.75,-1.0,SL,56400
1787199990000,VALID,1.25,3.75,3.0,TP,208054
1787220390000,VALID,1.25,3.75,0.9383909962484761,TIME,298952
1787229570000,VALID,1.25,3.75,-1.0,SL,23248
1787232870000,VALID,1.25,3.75,-1.0,SL,46504
1787234520000,VALID,1.25,3.75,1.2613089610252823,TIME,299848
1787246430000,VALID,1.25,3.75,0.7812359779727049,TIME,299100
1787267280000,VALID,1.25,3.75,-1.0,SL,13496
1787288910000,VALID,1.25,3.75,0.0791286429201533,TIME,299407
1787298090000,VALID,1.25,3.75,-0.46016713091896017,TIME,299698
1787312280000,VALID,1.25,3.75,2.5302223442216407,TIME,299850
1787325840000,VALID,1.25,3.75,-1.0,SL,65556
1787339850000,VALID,1.25,3.75,0.7918644067796249,TIME,298948
1787340270000,VALID,1.25,3.75,-1.0,SL,100945
1787527200000,VALID,1.25,3.75,-1.0,SL,52802
1787534100000,VALID,1.25,3.75,-0.13546780505164174,TIME,299695
1787579790000,VALID,1.25,3.75,0.25395516619432057,TIME,299862
1787583030000,VALID,1.25,3.75,-1.0,SL,45901
1787609970000,VALID,1.25,3.75,-0.33441018110609166,TIME,299399
1787630220000,VALID,1.25,3.75,1.649948990002006,TIME,298354
1787647740000,VALID,1.25,3.75,-1.0,SL,146394
1787660070000,VALID,1.25,3.75,-1.0,SL,245853
1787661450000,VALID,1.25,3.75,-1.0,SL,124198
1787664090000,VALID,1.25,3.75,-1.0,SL,41251
1787666490000,VALID,1.25,3.75,0.4564235701359593,TIME,299554
1787687220000,VALID,1.25,3.75,1.0117874396133877,TIME,299553
1787709300000,VALID,1.25,3.75,1.4720531267293722,TIME,299097
1787723070000,VALID,1.25,3.75,-1.0,SL,80251
1787740170000,VALID,1.25,3.75,1.6950495049506566,TIME,299845
1787749530000,VALID,1.25,3.75,-0.17127436281851177,TIME,299859
1787753850000,VALID,1.25,3.75,-1.0,SL,244049
1787788590000,VALID,1.25,3.75,-1.0,SL,79798
1787790000000,VALID,1.25,3.75,-0.47254168084373593,TIME,299107
1787794950000,VALID,1.25,3.75,-1.0,SL,91350
1787798520000,VALID,1.25,3.75,-1.0,SL,164698
1787811390000,VALID,1.25,3.75,1.5486743811338899,TIME,299544
1787823090000,VALID,1.25,3.75,-1.0,SL,120597
1787827440000,VALID,1.25,3.75,-1.0,SL,112050
1787834550000,VALID,1.25,3.75,0.8906436813569044,TIME,299699
1787844150000,VALID,1.25,3.75,-1.0,SL,36001
1787854650000,VALID,1.25,3.75,-1.0,SL,100197
1787883540000,VALID,1.25,3.75,-1.0,SL,255903
1787917320000,VALID,1.25,3.75,-1.0,SL,51149
1787924280000,VALID,1.25,3.75,1.283435582821944,TIME,299850
1787925720000,VALID,1.25,3.75,-1.0,SL,27449
1787934900000,VALID,1.25,3.75,1.1842557927754425,TIME,299849
1788141930000,VALID,1.25,3.75,-1.0,SL,183747
1788144150000,VALID,1.25,3.75,0.19503700478885752,TIME,299700
1788181080000,VALID,1.25,3.75,-1.0,SL,15450
1788221790000,VALID,1.25,3.75,2.5376520777374627,TIME,299099
1788228720000,VALID,1.25,3.75,0.507968503937173,TIME,299694
1788230910000,VALID,1.25,3.75,-1.0,SL,240151
1788258720000,VALID,1.25,3.75,-1.0,SL,15899
1788262410000,VALID,1.25,3.75,0.8856088560885914,TIME,299702
1788271980000,VALID,1.25,3.75,1.4210824511704423,TIME,299702
1788277740000,VALID,1.25,3.75,0.8030112923463646,TIME,299249
1788303150000,VALID,1.25,3.75,0.1858553931252829,TIME,295504
1788321570000,VALID,1.25,3.75,-0.3586113919786922,TIME,297897
1788333960000,VALID,1.25,3.75,0.2017008504251951,TIME,299252
1788353280000,VALID,1.25,3.75,1.20252978379195,TIME,299551
1788356520000,VALID,1.25,3.75,-1.0,SL,66599
1788377820000,VALID,1.25,3.75,1.696510684338209,TIME,299245
1788409740000,VALID,1.25,3.75,0.726525369300064,TIME,299093
1788416880000,VALID,1.25,3.75,0.49513704686120713,TIME,299099
1788417360000,VALID,1.25,3.75,0.007313091740284968,TIME,299848
1788439920000,VALID,1.25,3.75,1.9363347280334,TIME,299849
1788460260000,VALID,1.25,3.75,-1.0,SL,17550
1788461400000,VALID,1.25,3.75,1.6875495638384421,TIME,299704
1788486750000,VALID,1.25,3.75,-1.0,SL,78001
1788488160000,VALID,1.25,3.75,-1.0,SL,145653
1788491310000,VALID,1.25,3.75,1.3226308047912079,TIME,299703
1788518280000,VALID,1.25,3.75,-1.0,SL,110254
1788535440000,VALID,1.25,3.75,-0.24952425156648683,TIME,299700
1788551280000,VALID,1.25,3.75,0.17585273416346658,TIME,299849
1788767580000,POST_CHECK,1.25,3.75,-1.0,SL,167699
1788796560000,POST_CHECK,1.25,3.75,-1.0,SL,78742
1788852930000,POST_CHECK,1.25,3.75,-1.0,SL,131991
1788853320000,POST_CHECK,1.25,3.75,-1.0,SL,247802
1788855180000,POST_CHECK,1.25,3.75,-0.214914958569481,TIME,299099
1788864030000,POST_CHECK,1.25,3.75,-1.0,SL,41854
1788865590000,POST_CHECK,1.25,3.75,-1.0,SL,164402
1788872040000,POST_CHECK,1.25,3.75,1.970370370370362,TIME,299403
1788873690000,POST_CHECK,1.25,3.75,-1.0,SL,211200
1788891840000,POST_CHECK,1.25,3.75,-1.0,SL,26400
1788893880000,POST_CHECK,1.25,3.75,0.08769159312589514,TIME,299698
1788894780000,POST_CHECK,1.25,3.75,-1.0,SL,114151
1788912420000,POST_CHECK,1.25,3.75,2.4650717703348755,TIME,299404
1788921270000,POST_CHECK,1.25,3.75,-1.0,SL,86848
1788927510000,POST_CHECK,1.25,3.75,1.3429781687844655,TIME,299698
1788928650000,POST_CHECK,1.25,3.75,2.111475409837081,TIME,298646
1788936060000,POST_CHECK,1.25,3.75,-1.0,SL,131245
1788946920000,POST_CHECK,1.25,3.75,-1.0,SL,211648
1788947610000,POST_CHECK,1.25,3.75,2.202485143166245,TIME,299547
1788948900000,POST_CHECK,1.25,3.75,-1.0,SL,63746
1788999030000,POST_CHECK,1.25,3.75,-1.0,SL,51596
1789004220000,POST_CHECK,1.25,3.75,0.14754491017980909,TIME,299696
1789006830000,POST_CHECK,1.25,3.75,-1.0,SL,151500
1789007910000,POST_CHECK,1.25,3.75,1.089103448275852,TIME,299707
1789019610000,POST_CHECK,1.25,3.75,-0.3948717948719622,TIME,299846
1789031820000,POST_CHECK,1.25,3.75,0.36638246041435507,TIME,298500
1789047570000,POST_CHECK,1.25,3.75,0.5064859632139792,TIME,299852
1789053690000,POST_CHECK,1.25,3.75,0.801585266348009,TIME,299395
1789088850000,POST_CHECK,1.25,3.75,-1.0,SL,38552
1789089270000,POST_CHECK,1.25,3.75,-1.0,SL,40202
1789102410000,POST_CHECK,1.25,3.75,-1.0,SL,49198
1789120140000,POST_CHECK,1.25,3.75,-0.28999052731281083,TIME,299394
1789142100000,POST_CHECK,1.25,3.75,-1.0,SL,101999
1789347690000,POST_CHECK,1.25,3.75,-1.0,SL,22198
1789383480000,POST_CHECK,1.25,3.75,-1.0,SL,43649
1789388280000,POST_CHECK,1.25,3.75,3.0,TP,240146
1789394400000,POST_CHECK,1.25,3.75,0.9299450805175828,TIME,299703
1789394850000,POST_CHECK,1.25,3.75,-1.0,SL,151948
1789396470000,POST_CHECK,1.25,3.75,-1.0,SL,186002
1789403580000,POST_CHECK,1.25,3.75,-0.2560395427868067,TIME,299552
1789411020000,POST_CHECK,1.25,3.75,-1.0,SL,179705
1789428060000,POST_CHECK,1.25,3.75,0.9403659849295909,TIME,297150
1789445400000,POST_CHECK,1.25,3.75,-1.0,SL,69155
1789458150000,POST_CHECK,1.25,3.75,3.0,TP,271944
1789468860000,POST_CHECK,1.25,3.75,2.026170897389904,TIME,299697
1786060200000,TRAIN,1.25,4.0,1.8526820497453822,TIME,298803
1786061580000,TRAIN,1.25,4.0,-1.0,SL,30157
1786072020000,TRAIN,1.25,4.0,-1.0,SL,253501
1786096110000,TRAIN,1.25,4.0,0.48163689960109374,TIME,299248
1786105620000,TRAIN,1.25,4.0,-1.0,SL,166353
1786332630000,TRAIN,1.25,4.0,-1.0,SL,200849
1786340220000,TRAIN,1.25,4.0,0.6505287896590634,TIME,299702
1786341540000,TRAIN,1.25,4.0,0.5349643221200382,TIME,299704
1786352040000,TRAIN,1.25,4.0,0.2563886942306848,TIME,298199
1786358100000,TRAIN,1.25,4.0,-1.0,SL,53550
1786381140000,TRAIN,1.25,4.0,-1.0,SL,60009
1786430640000,TRAIN,1.25,4.0,-1.0,SL,56850
1786438140000,TRAIN,1.25,4.0,-0.7959067652076212,TIME,299098
1786438500000,TRAIN,1.25,4.0,-1.0,SL,243002
1786440810000,TRAIN,1.25,4.0,-0.08095942171850894,TIME,299698
1786451070000,TRAIN,1.25,4.0,0.7166529942577434,TIME,299701
1786454340000,TRAIN,1.25,4.0,-1.0,SL,96900
1786463010000,TRAIN,1.25,4.0,-1.0,SL,197253
1786471950000,TRAIN,1.25,4.0,-1.0,SL,186450
1786493160000,TRAIN,1.25,4.0,-1.0,SL,155699
1786504530000,TRAIN,1.25,4.0,-1.0,SL,86849
1786526850000,TRAIN,1.25,4.0,-1.0,SL,138598
1786550940000,TRAIN,1.25,4.0,-1.0,SL,131546
1786553460000,TRAIN,1.25,4.0,0.6100786484123683,TIME,299852
1786553820000,TRAIN,1.25,4.0,1.6223121907331082,TIME,299856
1786581240000,TRAIN,1.25,4.0,-1.0,SL,8549
1786587240000,TRAIN,1.25,4.0,-0.21665944853473,TIME,298197
1786593510000,TRAIN,1.25,4.0,0.30662429723805934,TIME,298656
1786624980000,TRAIN,1.25,4.0,-0.6357571990884123,TIME,299702
1786632990000,TRAIN,1.25,4.0,-0.1914221218964033,TIME,299395
1786633320000,TRAIN,1.25,4.0,3.2,TP,254703
1786653840000,TRAIN,1.25,4.0,-0.8118616144975468,TIME,298501
1786670520000,TRAIN,1.25,4.0,0.957398373983771,TIME,299843
1786687980000,TRAIN,1.25,4.0,-0.31784914115018476,TIME,299701
1786693650000,TRAIN,1.25,4.0,1.3441984056687015,TIME,298201
1786952010000,TRAIN,1.25,4.0,0.5170545593285693,TIME,299250
1786953810000,TRAIN,1.25,4.0,0.8296296296293925,TIME,299251
1786961190000,TRAIN,1.25,4.0,0.03462132921186624,TIME,298349
1786974090000,TRAIN,1.25,4.0,0.05827084927316759,TIME,299706
1787014200000,TRAIN,1.25,4.0,-1.0,SL,139497
1787023770000,TRAIN,1.25,4.0,0.33259842519677163,TIME,299548
1787047590000,TRAIN,1.25,4.0,-1.0,SL,107101
1787049660000,TRAIN,1.25,4.0,0.2842639593912797,TIME,299843
1787066490000,TRAIN,1.25,4.0,0.11400018506527543,TIME,299852
1787082420000,TRAIN,1.25,4.0,-1.0,SL,59399
1787084850000,TRAIN,1.25,4.0,0.5001810500903131,TIME,299098
1787098590000,TRAIN,1.25,4.0,-0.5730880929330249,TIME,299701
1787104830000,TRAIN,1.25,4.0,0.6490708661414999,TIME,299698
1787117580000,TRAIN,1.25,4.0,-1.0,SL,17253
1787140380000,TRAIN,1.25,4.0,0.7755932203387296,TIME,299695
1787141130000,TRAIN,1.25,4.0,-1.0,SL,115803
1787143260000,TRAIN,1.25,4.0,-1.0,SL,53697
1787149170000,TRAIN,1.25,4.0,0.8427389014296166,TIME,299694
1787170380000,TRAIN,1.25,4.0,-1.0,SL,75304
1787184990000,VALID,1.25,4.0,-1.0,SL,56400
1787199990000,VALID,1.25,4.0,3.2,TP,211803
1787220390000,VALID,1.25,4.0,0.9383909962484761,TIME,298952
1787229570000,VALID,1.25,4.0,-1.0,SL,23248
1787232870000,VALID,1.25,4.0,-1.0,SL,46504
1787234520000,VALID,1.25,4.0,1.2613089610252823,TIME,299848
1787246430000,VALID,1.25,4.0,0.7812359779727049,TIME,299100
1787267280000,VALID,1.25,4.0,-1.0,SL,13496
1787288910000,VALID,1.25,4.0,0.0791286429201533,TIME,299407
1787298090000,VALID,1.25,4.0,-0.46016713091896017,TIME,299698
1787312280000,VALID,1.25,4.0,2.5302223442216407,TIME,299850
1787325840000,VALID,1.25,4.0,-1.0,SL,65556
1787339850000,VALID,1.25,4.0,0.7918644067796249,TIME,298948
1787340270000,VALID,1.25,4.0,-1.0,SL,100945
1787527200000,VALID,1.25,4.0,-1.0,SL,52802
1787534100000,VALID,1.25,4.0,-0.13546780505164174,TIME,299695
1787579790000,VALID,1.25,4.0,0.25395516619432057,TIME,299862
1787583030000,VALID,1.25,4.0,-1.0,SL,45901
1787609970000,VALID,1.25,4.0,-0.33441018110609166,TIME,299399
1787630220000,VALID,1.25,4.0,1.649948990002006,TIME,298354
1787647740000,VALID,1.25,4.0,-1.0,SL,146394
1787660070000,VALID,1.25,4.0,-1.0,SL,245853
1787661450000,VALID,1.25,4.0,-1.0,SL,124198
1787664090000,VALID,1.25,4.0,-1.0,SL,41251
1787666490000,VALID,1.25,4.0,0.4564235701359593,TIME,299554
1787687220000,VALID,1.25,4.0,1.0117874396133877,TIME,299553
1787709300000,VALID,1.25,4.0,1.4720531267293722,TIME,299097
1787723070000,VALID,1.25,4.0,-1.0,SL,80251
1787740170000,VALID,1.25,4.0,1.6950495049506566,TIME,299845
1787749530000,VALID,1.25,4.0,-0.17127436281851177,TIME,299859
1787753850000,VALID,1.25,4.0,-1.0,SL,244049
1787788590000,VALID,1.25,4.0,-1.0,SL,79798
1787790000000,VALID,1.25,4.0,-0.47254168084373593,TIME,299107
1787794950000,VALID,1.25,4.0,-1.0,SL,91350
1787798520000,VALID,1.25,4.0,-1.0,SL,164698
1787811390000,VALID,1.25,4.0,1.5486743811338899,TIME,299544
1787823090000,VALID,1.25,4.0,-1.0,SL,120597
1787827440000,VALID,1.25,4.0,-1.0,SL,112050
1787834550000,VALID,1.25,4.0,0.8906436813569044,TIME,299699
1787844150000,VALID,1.25,4.0,-1.0,SL,36001
1787854650000,VALID,1.25,4.0,-1.0,SL,100197
1787883540000,VALID,1.25,4.0,-1.0,SL,255903
1787917320000,VALID,1.25,4.0,-1.0,SL,51149
1787924280000,VALID,1.25,4.0,1.283435582821944,TIME,299850
1787925720000,VALID,1.25,4.0,-1.0,SL,27449
1787934900000,VALID,1.25,4.0,1.1842557927754425,TIME,299849
1788141930000,VALID,1.25,4.0,-1.0,SL,183747
1788144150000,VALID,1.25,4.0,0.19503700478885752,TIME,299700
1788181080000,VALID,1.25,4.0,-1.0,SL,15450
1788221790000,VALID,1.25,4.0,2.5376520777374627,TIME,299099
1788228720000,VALID,1.25,4.0,0.507968503937173,TIME,299694
1788230910000,VALID,1.25,4.0,-1.0,SL,240151
1788258720000,VALID,1.25,4.0,-1.0,SL,15899
1788262410000,VALID,1.25,4.0,0.8856088560885914,TIME,299702
1788271980000,VALID,1.25,4.0,1.4210824511704423,TIME,299702
1788277740000,VALID,1.25,4.0,0.8030112923463646,TIME,299249
1788303150000,VALID,1.25,4.0,0.1858553931252829,TIME,295504
1788321570000,VALID,1.25,4.0,-0.3586113919786922,TIME,297897
1788333960000,VALID,1.25,4.0,0.2017008504251951,TIME,299252
1788353280000,VALID,1.25,4.0,1.20252978379195,TIME,299551
1788356520000,VALID,1.25,4.0,-1.0,SL,66599
1788377820000,VALID,1.25,4.0,1.696510684338209,TIME,299245
1788409740000,VALID,1.25,4.0,0.726525369300064,TIME,299093
1788416880000,VALID,1.25,4.0,0.49513704686120713,TIME,299099
1788417360000,VALID,1.25,4.0,0.007313091740284968,TIME,299848
1788439920000,VALID,1.25,4.0,1.9363347280334,TIME,299849
1788460260000,VALID,1.25,4.0,-1.0,SL,17550
1788461400000,VALID,1.25,4.0,1.6875495638384421,TIME,299704
1788486750000,VALID,1.25,4.0,-1.0,SL,78001
1788488160000,VALID,1.25,4.0,-1.0,SL,145653
1788491310000,VALID,1.25,4.0,1.3226308047912079,TIME,299703
1788518280000,VALID,1.25,4.0,-1.0,SL,110254
1788535440000,VALID,1.25,4.0,-0.24952425156648683,TIME,299700
1788551280000,VALID,1.25,4.0,0.17585273416346658,TIME,299849
1788767580000,POST_CHECK,1.25,4.0,-1.0,SL,167699
1788796560000,POST_CHECK,1.25,4.0,-1.0,SL,78742
1788852930000,POST_CHECK,1.25,4.0,-1.0,SL,131991
1788853320000,POST_CHECK,1.25,4.0,-1.0,SL,247802
1788855180000,POST_CHECK,1.25,4.0,-0.214914958569481,TIME,299099
1788864030000,POST_CHECK,1.25,4.0,-1.0,SL,41854
1788865590000,POST_CHECK,1.25,4.0,-1.0,SL,164402
1788872040000,POST_CHECK,1.25,4.0,1.970370370370362,TIME,299403
1788873690000,POST_CHECK,1.25,4.0,-1.0,SL,211200
1788891840000,POST_CHECK,1.25,4.0,-1.0,SL,26400
1788893880000,POST_CHECK,1.25,4.0,0.08769159312589514,TIME,299698
1788894780000,POST_CHECK,1.25,4.0,-1.0,SL,114151
1788912420000,POST_CHECK,1.25,4.0,2.4650717703348755,TIME,299404
1788921270000,POST_CHECK,1.25,4.0,-1.0,SL,86848
1788927510000,POST_CHECK,1.25,4.0,1.3429781687844655,TIME,299698
1788928650000,POST_CHECK,1.25,4.0,2.111475409837081,TIME,298646
1788936060000,POST_CHECK,1.25,4.0,-1.0,SL,131245
1788946920000,POST_CHECK,1.25,4.0,-1.0,SL,211648
1788947610000,POST_CHECK,1.25,4.0,2.202485143166245,TIME,299547
1788948900000,POST_CHECK,1.25,4.0,-1.0,SL,63746
1788999030000,POST_CHECK,1.25,4.0,-1.0,SL,51596
1789004220000,POST_CHECK,1.25,4.0,0.14754491017980909,TIME,299696
1789006830000,POST_CHECK,1.25,4.0,-1.0,SL,151500
1789007910000,POST_CHECK,1.25,4.0,1.089103448275852,TIME,299707
1789019610000,POST_CHECK,1.25,4.0,-0.3948717948719622,TIME,299846
1789031820000,POST_CHECK,1.25,4.0,0.36638246041435507,TIME,298500
1789047570000,POST_CHECK,1.25,4.0,0.5064859632139792,TIME,299852
1789053690000,POST_CHECK,1.25,4.0,0.801585266348009,TIME,299395
1789088850000,POST_CHECK,1.25,4.0,-1.0,SL,38552
1789089270000,POST_CHECK,1.25,4.0,-1.0,SL,40202
1789102410000,POST_CHECK,1.25,4.0,-1.0,SL,49198
1789120140000,POST_CHECK,1.25,4.0,-0.28999052731281083,TIME,299394
1789142100000,POST_CHECK,1.25,4.0,-1.0,SL,101999
1789347690000,POST_CHECK,1.25,4.0,-1.0,SL,22198
1789383480000,POST_CHECK,1.25,4.0,-1.0,SL,43649
1789388280000,POST_CHECK,1.25,4.0,2.733402275076943,TIME,299243
1789394400000,POST_CHECK,1.25,4.0,0.9299450805175828,TIME,299703
1789394850000,POST_CHECK,1.25,4.0,-1.0,SL,151948
1789396470000,POST_CHECK,1.25,4.0,-1.0,SL,186002
1789403580000,POST_CHECK,1.25,4.0,-0.2560395427868067,TIME,299552
1789411020000,POST_CHECK,1.25,4.0,-1.0,SL,179705
1789428060000,POST_CHECK,1.25,4.0,0.9403659849295909,TIME,297150
1789445400000,POST_CHECK,1.25,4.0,-1.0,SL,69155
1789458150000,POST_CHECK,1.25,4.0,3.2,TP,271944
1789468860000,POST_CHECK,1.25,4.0,2.026170897389904,TIME,299697
1786060200000,TRAIN,1.5,2.25,1.5,TP,142655
1786061580000,TRAIN,1.5,2.25,-1.0,SL,30755
1786072020000,TRAIN,1.5,2.25,-1.0,SL,256049
1786096110000,TRAIN,1.5,2.25,0.40136408300091153,TIME,299248
1786105620000,TRAIN,1.5,2.25,-1.0,SL,166353
1786332630000,TRAIN,1.5,2.25,-0.6559802712699548,TIME,298802
1786340220000,TRAIN,1.5,2.25,0.5421073247158862,TIME,299702
1786341540000,TRAIN,1.5,2.25,0.4458036017666986,TIME,299704
1786352040000,TRAIN,1.5,2.25,0.21365724519223728,TIME,298199
1786358100000,TRAIN,1.5,2.25,-1.0,SL,58503
1786381140000,TRAIN,1.5,2.25,-1.0,SL,65697
1786430640000,TRAIN,1.5,2.25,-0.0328194031196755,TIME,299701
1786438140000,TRAIN,1.5,2.25,-0.6632556376730177,TIME,299098
1786438500000,TRAIN,1.5,2.25,-1.0,SL,294748
1786440810000,TRAIN,1.5,2.25,-0.06746618476542413,TIME,299698
1786451070000,TRAIN,1.5,2.25,0.5972108285481196,TIME,299701
1786454340000,TRAIN,1.5,2.25,-1.0,SL,104999
1786463010000,TRAIN,1.5,2.25,-0.6824020199802234,TIME,299701
1786471950000,TRAIN,1.5,2.25,-0.6803269510693221,TIME,299100
1786493160000,TRAIN,1.5,2.25,-1.0,SL,260550
1786504530000,TRAIN,1.5,2.25,-1.0,SL,89853
1786526850000,TRAIN,1.5,2.25,-1.0,SL,180899
1786550940000,TRAIN,1.5,2.25,1.0949286230070923,TIME,299698
1786553460000,TRAIN,1.5,2.25,0.5083988736769736,TIME,299852
1786553820000,TRAIN,1.5,2.25,1.3519268256109234,TIME,299856
1786581240000,TRAIN,1.5,2.25,-1.0,SL,10203
1786587240000,TRAIN,1.5,2.25,-0.1805495404456083,TIME,298197
1786593510000,TRAIN,1.5,2.25,1.5,TP,166352
1786624980000,TRAIN,1.5,2.25,-0.5297976659070103,TIME,299702
1786632990000,TRAIN,1.5,2.25,-0.1595184349136694,TIME,299395
1786633320000,TRAIN,1.5,2.25,1.5,TP,171603
1786653840000,TRAIN,1.5,2.25,-0.6765513454146224,TIME,298501
1786670520000,TRAIN,1.5,2.25,1.5,TP,177443
1786687980000,TRAIN,1.5,2.25,-0.26487428429182064,TIME,299701
1786693650000,TRAIN,1.5,2.25,1.1201653380572512,TIME,298201
1786952010000,TRAIN,1.5,2.25,1.5,TP,256203
1786953810000,TRAIN,1.5,2.25,0.6913580246911604,TIME,299251
1786961190000,TRAIN,1.5,2.25,0.0288511076765552,TIME,298349
1786974090000,TRAIN,1.5,2.25,0.048559041060972995,TIME,299706
1787014200000,TRAIN,1.5,2.25,-1.0,SL,191846
1787023770000,TRAIN,1.5,2.25,0.27716535433064304,TIME,299548
1787047590000,TRAIN,1.5,2.25,-1.0,SL,112953
1787049660000,TRAIN,1.5,2.25,0.23688663282606637,TIME,299843
1787066490000,TRAIN,1.5,2.25,0.09500015422106285,TIME,299852
1787082420000,TRAIN,1.5,2.25,-1.0,SL,61346
1787084850000,TRAIN,1.5,2.25,0.4168175417419276,TIME,299098
1787098590000,TRAIN,1.5,2.25,-0.47757341077752075,TIME,299701
1787104830000,TRAIN,1.5,2.25,0.5408923884512499,TIME,299698
1787117580000,TRAIN,1.5,2.25,-0.3413444792755941,TIME,299551
1787140380000,TRAIN,1.5,2.25,0.6463276836156081,TIME,299695
1787141130000,TRAIN,1.5,2.25,-1.0,SL,132456
1787143260000,TRAIN,1.5,2.25,-1.0,SL,63760
1787149170000,TRAIN,1.5,2.25,0.7022824178580139,TIME,299694
1787170380000,TRAIN,1.5,2.25,-1.0,SL,78298
1787184990000,VALID,1.5,2.25,-1.0,SL,58499
1787199990000,VALID,1.5,2.25,1.5,TP,168755
1787220390000,VALID,1.5,2.25,0.7819924968737301,TIME,298952
1787229570000,VALID,1.5,2.25,-1.0,SL,71698
1787232870000,VALID,1.5,2.25,-1.0,SL,46504
1787234520000,VALID,1.5,2.25,1.5,TP,242546
1787246430000,VALID,1.5,2.25,1.5,TP,112504
1787267280000,VALID,1.5,2.25,-1.0,SL,26249
1787288910000,VALID,1.5,2.25,0.06594053576679441,TIME,299407
1787298090000,VALID,1.5,2.25,-0.38347260909913355,TIME,299698
1787312280000,VALID,1.5,2.25,1.5,TP,129299
1787325840000,VALID,1.5,2.25,-1.0,SL,65708
1787339850000,VALID,1.5,2.25,0.6598870056496875,TIME,298948
1787340270000,VALID,1.5,2.25,-1.0,SL,160801
1787527200000,VALID,1.5,2.25,-1.0,SL,73651
1787534100000,VALID,1.5,2.25,-0.11288983754303478,TIME,299695
1787579790000,VALID,1.5,2.25,0.21162930516193382,TIME,299862
1787583030000,VALID,1.5,2.25,-1.0,SL,48898
1787609970000,VALID,1.5,2.25,-0.278675150921743,TIME,299399
1787630220000,VALID,1.5,2.25,1.5,TP,221403
1787647740000,VALID,1.5,2.25,-1.0,SL,148495
1787660070000,VALID,1.5,2.25,-1.0,SL,246610
1787661450000,VALID,1.5,2.25,-1.0,SL,153000
1787664090000,VALID,1.5,2.25,-1.0,SL,76350
1787666490000,VALID,1.5,2.25,0.38035297511329946,TIME,299554
1787687220000,VALID,1.5,2.25,1.5,TP,174902
1787709300000,VALID,1.5,2.25,1.5,TP,165303
1787723070000,VALID,1.5,2.25,-0.4302235298925716,TIME,299408
1787740170000,VALID,1.5,2.25,1.5,TP,223347
1787749530000,VALID,1.5,2.25,-0.14272863568209315,TIME,299859
1787753850000,VALID,1.5,2.25,-1.0,SL,295203
1787788590000,VALID,1.5,2.25,-1.0,SL,85200
1787790000000,VALID,1.5,2.25,-0.39378473403644665,TIME,299107
1787794950000,VALID,1.5,2.25,-1.0,SL,97950
1787798520000,VALID,1.5,2.25,-0.7465531224655597,TIME,298648
1787811390000,VALID,1.5,2.25,1.2905619842782414,TIME,299544
1787823090000,VALID,1.5,2.25,-1.0,SL,124047
1787827440000,VALID,1.5,2.25,-1.0,SL,112050
1787834550000,VALID,1.5,2.25,0.7422030677974202,TIME,299699
1787844150000,VALID,1.5,2.25,-1.0,SL,36902
1787854650000,VALID,1.5,2.25,-0.10783055198990528,TIME,299698
1787883540000,VALID,1.5,2.25,-1.0,SL,283508
1787917320000,VALID,1.5,2.25,-1.0,SL,67650
1787924280000,VALID,1.5,2.25,1.06952965235162,TIME,299850
1787925720000,VALID,1.5,2.25,-1.0,SL,28504
1787934900000,VALID,1.5,2.25,0.9868798273128687,TIME,299849
1788141930000,VALID,1.5,2.25,-1.0,SL,185551
1788144150000,VALID,1.5,2.25,0.1625308373240479,TIME,299700
1788181080000,VALID,1.5,2.25,-1.0,SL,38551
1788221790000,VALID,1.5,2.25,1.5,TP,264149
1788228720000,VALID,1.5,2.25,0.4233070866143109,TIME,299694
1788230910000,VALID,1.5,2.25,-1.0,SL,289651
1788258720000,VALID,1.5,2.25,-0.23607721322376446,TIME,299550
1788262410000,VALID,1.5,2.25,0.738007380073826,TIME,299702
1788271980000,VALID,1.5,2.25,1.1842353759753685,TIME,299702
1788277740000,VALID,1.5,2.25,0.6691760769553038,TIME,299249
1788303150000,VALID,1.5,2.25,0.15487949427106906,TIME,295504
1788321570000,VALID,1.5,2.25,-0.29884282664891015,TIME,297897
1788333960000,VALID,1.5,2.25,0.16808404202099592,TIME,299252
1788353280000,VALID,1.5,2.25,1.0021081531599583,TIME,299551
1788356520000,VALID,1.5,2.25,-1.0,SL,78594
1788377820000,VALID,1.5,2.25,1.413758903615174,TIME,299245
1788409740000,VALID,1.5,2.25,0.6054378077500533,TIME,299093
1788416880000,VALID,1.5,2.25,0.41261420571767266,TIME,299099
1788417360000,VALID,1.5,2.25,0.006094243116904139,TIME,299848
1788439920000,VALID,1.5,2.25,1.5,TP,209098
1788460260000,VALID,1.5,2.25,-1.0,SL,40806
1788461400000,VALID,1.5,2.25,1.406291303198702,TIME,299704
1788486750000,VALID,1.5,2.25,-1.0,SL,115199
1788488160000,VALID,1.5,2.25,-1.0,SL,296101
1788491310000,VALID,1.5,2.25,1.1021923373260065,TIME,299703
1788518280000,VALID,1.5,2.25,-1.0,SL,119696
1788535440000,VALID,1.5,2.25,-0.2079368763054057,TIME,299700
1788551280000,VALID,1.5,2.25,0.14654394513622213,TIME,299849
1788767580000,POST_CHECK,1.5,2.25,-1.0,SL,168303
1788796560000,POST_CHECK,1.5,2.25,-1.0,SL,82342
1788852930000,POST_CHECK,1.5,2.25,-1.0,SL,132443
1788853320000,POST_CHECK,1.5,2.25,-0.5364796046991459,TIME,299701
1788855180000,POST_CHECK,1.5,2.25,-0.17909579880790083,TIME,299099
1788864030000,POST_CHECK,1.5,2.25,-1.0,SL,65255
1788865590000,POST_CHECK,1.5,2.25,-1.0,SL,165003
1788872040000,POST_CHECK,1.5,2.25,1.5,TP,246451
1788873690000,POST_CHECK,1.5,2.25,-1.0,SL,280202
1788891840000,POST_CHECK,1.5,2.25,0.03692191767952436,TIME,299702
1788893880000,POST_CHECK,1.5,2.25,0.0730763276049126,TIME,299698
1788894780000,POST_CHECK,1.5,2.25,-1.0,SL,174595
1788912420000,POST_CHECK,1.5,2.25,1.5,TP,214956
1788921270000,POST_CHECK,1.5,2.25,-1.0,SL,86848
1788927510000,POST_CHECK,1.5,2.25,1.1191484739870545,TIME,299698
1788928650000,POST_CHECK,1.5,2.25,1.5,TP,184196
1788936060000,POST_CHECK,1.5,2.25,-1.0,SL,156002
1788946920000,POST_CHECK,1.5,2.25,-1.0,SL,221248
1788947610000,POST_CHECK,1.5,2.25,1.5,TP,148201
1788948900000,POST_CHECK,1.5,2.25,1.0806623931622525,TIME,298946
1788999030000,POST_CHECK,1.5,2.25,-1.0,SL,52047
1789004220000,POST_CHECK,1.5,2.25,0.12295409181650759,TIME,299696
1789006830000,POST_CHECK,1.5,2.25,-1.0,SL,151500
1789007910000,POST_CHECK,1.5,2.25,0.9075862068965433,TIME,299707
1789019610000,POST_CHECK,1.5,2.25,-0.32905982905996856,TIME,299846
1789031820000,POST_CHECK,1.5,2.25,0.3053187170119625,TIME,298500
1789047570000,POST_CHECK,1.5,2.25,0.42207163601164943,TIME,299852
1789053690000,POST_CHECK,1.5,2.25,0.6679877219566742,TIME,299395
1789088850000,POST_CHECK,1.5,2.25,-1.0,SL,90003
1789089270000,POST_CHECK,1.5,2.25,-0.8723128723127604,TIME,299847
1789102410000,POST_CHECK,1.5,2.25,-1.0,SL,52502
1789120140000,POST_CHECK,1.5,2.25,-0.2416587727606757,TIME,299394
1789142100000,POST_CHECK,1.5,2.25,-1.0,SL,115054
1789347690000,POST_CHECK,1.5,2.25,1.5,TP,134555
1789383480000,POST_CHECK,1.5,2.25,-1.0,SL,43649
1789388280000,POST_CHECK,1.5,2.25,1.5,TP,125246
1789394400000,POST_CHECK,1.5,2.25,0.7749542337646524,TIME,299703
1789394850000,POST_CHECK,1.5,2.25,-1.0,SL,156296
1789396470000,POST_CHECK,1.5,2.25,-0.23027682394341556,TIME,299695
1789403580000,POST_CHECK,1.5,2.25,-0.21336628565567226,TIME,299552
1789411020000,POST_CHECK,1.5,2.25,-1.0,SL,201002
1789428060000,POST_CHECK,1.5,2.25,0.783638320774659,TIME,297150
1789445400000,POST_CHECK,1.5,2.25,-1.0,SL,88206
1789458150000,POST_CHECK,1.5,2.25,1.5,TP,155543
1789468860000,POST_CHECK,1.5,2.25,1.5,TP,84447
1786060200000,TRAIN,1.5,2.5,1.6666666666666667,TP,159604
1786061580000,TRAIN,1.5,2.5,-1.0,SL,30755
1786072020000,TRAIN,1.5,2.5,-1.0,SL,256049
1786096110000,TRAIN,1.5,2.5,0.40136408300091153,TIME,299248
1786105620000,TRAIN,1.5,2.5,-1.0,SL,166353
1786332630000,TRAIN,1.5,2.5,-0.6559802712699548,TIME,298802
1786340220000,TRAIN,1.5,2.5,0.5421073247158862,TIME,299702
1786341540000,TRAIN,1.5,2.5,0.4458036017666986,TIME,299704
1786352040000,TRAIN,1.5,2.5,0.21365724519223728,TIME,298199
1786358100000,TRAIN,1.5,2.5,-1.0,SL,58503
1786381140000,TRAIN,1.5,2.5,-1.0,SL,65697
1786430640000,TRAIN,1.5,2.5,-0.0328194031196755,TIME,299701
1786438140000,TRAIN,1.5,2.5,-0.6632556376730177,TIME,299098
1786438500000,TRAIN,1.5,2.5,-1.0,SL,294748
1786440810000,TRAIN,1.5,2.5,-0.06746618476542413,TIME,299698
1786451070000,TRAIN,1.5,2.5,0.5972108285481196,TIME,299701
1786454340000,TRAIN,1.5,2.5,-1.0,SL,104999
1786463010000,TRAIN,1.5,2.5,-0.6824020199802234,TIME,299701
1786471950000,TRAIN,1.5,2.5,-0.6803269510693221,TIME,299100
1786493160000,TRAIN,1.5,2.5,-1.0,SL,260550
1786504530000,TRAIN,1.5,2.5,-1.0,SL,89853
1786526850000,TRAIN,1.5,2.5,-1.0,SL,180899
1786550940000,TRAIN,1.5,2.5,1.0949286230070923,TIME,299698
1786553460000,TRAIN,1.5,2.5,0.5083988736769736,TIME,299852
1786553820000,TRAIN,1.5,2.5,1.3519268256109234,TIME,299856
1786581240000,TRAIN,1.5,2.5,-1.0,SL,10203
1786587240000,TRAIN,1.5,2.5,-0.1805495404456083,TIME,298197
1786593510000,TRAIN,1.5,2.5,1.6666666666666667,TP,166352
1786624980000,TRAIN,1.5,2.5,-0.5297976659070103,TIME,299702
1786632990000,TRAIN,1.5,2.5,-0.1595184349136694,TIME,299395
1786633320000,TRAIN,1.5,2.5,1.6666666666666667,TP,187803
1786653840000,TRAIN,1.5,2.5,-0.6765513454146224,TIME,298501
1786670520000,TRAIN,1.5,2.5,1.6666666666666667,TP,186897
1786687980000,TRAIN,1.5,2.5,-0.26487428429182064,TIME,299701
1786693650000,TRAIN,1.5,2.5,1.1201653380572512,TIME,298201
1786952010000,TRAIN,1.5,2.5,0.43087879944047436,TIME,299250
1786953810000,TRAIN,1.5,2.5,0.6913580246911604,TIME,299251
1786961190000,TRAIN,1.5,2.5,0.0288511076765552,TIME,298349
1786974090000,TRAIN,1.5,2.5,0.048559041060972995,TIME,299706
1787014200000,TRAIN,1.5,2.5,-1.0,SL,191846
1787023770000,TRAIN,1.5,2.5,0.27716535433064304,TIME,299548
1787047590000,TRAIN,1.5,2.5,-1.0,SL,112953
1787049660000,TRAIN,1.5,2.5,0.23688663282606637,TIME,299843
1787066490000,TRAIN,1.5,2.5,0.09500015422106285,TIME,299852
1787082420000,TRAIN,1.5,2.5,-1.0,SL,61346
1787084850000,TRAIN,1.5,2.5,0.4168175417419276,TIME,299098
1787098590000,TRAIN,1.5,2.5,-0.47757341077752075,TIME,299701
1787104830000,TRAIN,1.5,2.5,0.5408923884512499,TIME,299698
1787117580000,TRAIN,1.5,2.5,-0.3413444792755941,TIME,299551
1787140380000,TRAIN,1.5,2.5,0.6463276836156081,TIME,299695
1787141130000,TRAIN,1.5,2.5,-1.0,SL,132456
1787143260000,TRAIN,1.5,2.5,-1.0,SL,63760
1787149170000,TRAIN,1.5,2.5,0.7022824178580139,TIME,299694
1787170380000,TRAIN,1.5,2.5,-1.0,SL,78298
1787184990000,VALID,1.5,2.5,-1.0,SL,58499
1787199990000,VALID,1.5,2.5,1.6666666666666667,TP,169353
1787220390000,VALID,1.5,2.5,0.7819924968737301,TIME,298952
1787229570000,VALID,1.5,2.5,-1.0,SL,71698
1787232870000,VALID,1.5,2.5,-1.0,SL,46504
1787234520000,VALID,1.5,2.5,1.0510908008544018,TIME,299848
1787246430000,VALID,1.5,2.5,1.6666666666666667,TP,118049
1787267280000,VALID,1.5,2.5,-1.0,SL,26249
1787288910000,VALID,1.5,2.5,0.06594053576679441,TIME,299407
1787298090000,VALID,1.5,2.5,-0.38347260909913355,TIME,299698
1787312280000,VALID,1.5,2.5,1.6666666666666667,TP,135901
1787325840000,VALID,1.5,2.5,-1.0,SL,65708
1787339850000,VALID,1.5,2.5,0.6598870056496875,TIME,298948
1787340270000,VALID,1.5,2.5,-1.0,SL,160801
1787527200000,VALID,1.5,2.5,-1.0,SL,73651
1787534100000,VALID,1.5,2.5,-0.11288983754303478,TIME,299695
1787579790000,VALID,1.5,2.5,0.21162930516193382,TIME,299862
1787583030000,VALID,1.5,2.5,-1.0,SL,48898
1787609970000,VALID,1.5,2.5,-0.278675150921743,TIME,299399
1787630220000,VALID,1.5,2.5,1.374957491668338,TIME,298354
1787647740000,VALID,1.5,2.5,-1.0,SL,148495
1787660070000,VALID,1.5,2.5,-1.0,SL,246610
1787661450000,VALID,1.5,2.5,-1.0,SL,153000
1787664090000,VALID,1.5,2.5,-1.0,SL,76350
1787666490000,VALID,1.5,2.5,0.38035297511329946,TIME,299554
1787687220000,VALID,1.5,2.5,1.6666666666666667,TP,182102
1787709300000,VALID,1.5,2.5,1.6666666666666667,TP,180752
1787723070000,VALID,1.5,2.5,-0.4302235298925716,TIME,299408
1787740170000,VALID,1.5,2.5,1.6666666666666667,TP,247050
1787749530000,VALID,1.5,2.5,-0.14272863568209315,TIME,299859
1787753850000,VALID,1.5,2.5,-1.0,SL,295203
1787788590000,VALID,1.5,2.5,-1.0,SL,85200
1787790000000,VALID,1.5,2.5,-0.39378473403644665,TIME,299107
1787794950000,VALID,1.5,2.5,-1.0,SL,97950
1787798520000,VALID,1.5,2.5,-0.7465531224655597,TIME,298648
1787811390000,VALID,1.5,2.5,1.2905619842782414,TIME,299544
1787823090000,VALID,1.5,2.5,-1.0,SL,124047
1787827440000,VALID,1.5,2.5,-1.0,SL,112050
1787834550000,VALID,1.5,2.5,0.7422030677974202,TIME,299699
1787844150000,VALID,1.5,2.5,-1.0,SL,36902
1787854650000,VALID,1.5,2.5,-0.10783055198990528,TIME,299698
1787883540000,VALID,1.5,2.5,-1.0,SL,283508
1787917320000,VALID,1.5,2.5,-1.0,SL,67650
1787924280000,VALID,1.5,2.5,1.06952965235162,TIME,299850
1787925720000,VALID,1.5,2.5,-1.0,SL,28504
1787934900000,VALID,1.5,2.5,0.9868798273128687,TIME,299849
1788141930000,VALID,1.5,2.5,-1.0,SL,185551
1788144150000,VALID,1.5,2.5,0.1625308373240479,TIME,299700
1788181080000,VALID,1.5,2.5,-1.0,SL,38551
1788221790000,VALID,1.5,2.5,1.6666666666666667,TP,270901
1788228720000,VALID,1.5,2.5,0.4233070866143109,TIME,299694
1788230910000,VALID,1.5,2.5,-1.0,SL,289651
1788258720000,VALID,1.5,2.5,-0.23607721322376446,TIME,299550
1788262410000,VALID,1.5,2.5,0.738007380073826,TIME,299702
1788271980000,VALID,1.5,2.5,1.1842353759753685,TIME,299702
1788277740000,VALID,1.5,2.5,0.6691760769553038,TIME,299249
1788303150000,VALID,1.5,2.5,0.15487949427106906,TIME,295504
1788321570000,VALID,1.5,2.5,-0.29884282664891015,TIME,297897
1788333960000,VALID,1.5,2.5,0.16808404202099592,TIME,299252
1788353280000,VALID,1.5,2.5,1.0021081531599583,TIME,299551
1788356520000,VALID,1.5,2.5,-1.0,SL,78594
1788377820000,VALID,1.5,2.5,1.413758903615174,TIME,299245
1788409740000,VALID,1.5,2.5,0.6054378077500533,TIME,299093
1788416880000,VALID,1.5,2.5,0.41261420571767266,TIME,299099
1788417360000,VALID,1.5,2.5,0.006094243116904139,TIME,299848
1788439920000,VALID,1.5,2.5,1.6666666666666667,TP,218247
1788460260000,VALID,1.5,2.5,-1.0,SL,40806
1788461400000,VALID,1.5,2.5,1.406291303198702,TIME,299704
1788486750000,VALID,1.5,2.5,-1.0,SL,115199
1788488160000,VALID,1.5,2.5,-1.0,SL,296101
1788491310000,VALID,1.5,2.5,1.1021923373260065,TIME,299703
1788518280000,VALID,1.5,2.5,-1.0,SL,119696
1788535440000,VALID,1.5,2.5,-0.2079368763054057,TIME,299700
1788551280000,VALID,1.5,2.5,0.14654394513622213,TIME,299849
1788767580000,POST_CHECK,1.5,2.5,-1.0,SL,168303
1788796560000,POST_CHECK,1.5,2.5,-1.0,SL,82342
1788852930000,POST_CHECK,1.5,2.5,-1.0,SL,132443
1788853320000,POST_CHECK,1.5,2.5,-0.5364796046991459,TIME,299701
1788855180000,POST_CHECK,1.5,2.5,-0.17909579880790083,TIME,299099
1788864030000,POST_CHECK,1.5,2.5,-1.0,SL,65255
1788865590000,POST_CHECK,1.5,2.5,-1.0,SL,165003
1788872040000,POST_CHECK,1.5,2.5,1.6419753086419684,TIME,299403
1788873690000,POST_CHECK,1.5,2.5,-1.0,SL,280202
1788891840000,POST_CHECK,1.5,2.5,0.03692191767952436,TIME,299702
1788893880000,POST_CHECK,1.5,2.5,0.0730763276049126,TIME,299698
1788894780000,POST_CHECK,1.5,2.5,-1.0,SL,174595
1788912420000,POST_CHECK,1.5,2.5,1.6666666666666667,TP,222005
1788921270000,POST_CHECK,1.5,2.5,-1.0,SL,86848
1788927510000,POST_CHECK,1.5,2.5,1.1191484739870545,TIME,299698
1788928650000,POST_CHECK,1.5,2.5,1.6666666666666667,TP,245249
1788936060000,POST_CHECK,1.5,2.5,-1.0,SL,156002
1788946920000,POST_CHECK,1.5,2.5,-1.0,SL,221248
1788947610000,POST_CHECK,1.5,2.5,1.6666666666666667,TP,148797
1788948900000,POST_CHECK,1.5,2.5,1.0806623931622525,TIME,298946
1788999030000,POST_CHECK,1.5,2.5,-1.0,SL,52047
1789004220000,POST_CHECK,1.5,2.5,0.12295409181650759,TIME,299696
1789006830000,POST_CHECK,1.5,2.5,-1.0,SL,151500
1789007910000,POST_CHECK,1.5,2.5,0.9075862068965433,TIME,299707
1789019610000,POST_CHECK,1.5,2.5,-0.32905982905996856,TIME,299846
1789031820000,POST_CHECK,1.5,2.5,0.3053187170119625,TIME,298500
1789047570000,POST_CHECK,1.5,2.5,0.42207163601164943,TIME,299852
1789053690000,POST_CHECK,1.5,2.5,0.6679877219566742,TIME,299395
1789088850000,POST_CHECK,1.5,2.5,-1.0,SL,90003
1789089270000,POST_CHECK,1.5,2.5,-0.8723128723127604,TIME,299847
1789102410000,POST_CHECK,1.5,2.5,-1.0,SL,52502
1789120140000,POST_CHECK,1.5,2.5,-0.2416587727606757,TIME,299394
1789142100000,POST_CHECK,1.5,2.5,-1.0,SL,115054
1789347690000,POST_CHECK,1.5,2.5,1.6666666666666667,TP,136345
1789383480000,POST_CHECK,1.5,2.5,-1.0,SL,43649
1789388280000,POST_CHECK,1.5,2.5,1.6666666666666667,TP,132750
1789394400000,POST_CHECK,1.5,2.5,0.7749542337646524,TIME,299703
1789394850000,POST_CHECK,1.5,2.5,-1.0,SL,156296
1789396470000,POST_CHECK,1.5,2.5,-0.23027682394341556,TIME,299695
1789403580000,POST_CHECK,1.5,2.5,-0.21336628565567226,TIME,299552
1789411020000,POST_CHECK,1.5,2.5,-1.0,SL,201002
1789428060000,POST_CHECK,1.5,2.5,0.783638320774659,TIME,297150
1789445400000,POST_CHECK,1.5,2.5,-1.0,SL,88206
1789458150000,POST_CHECK,1.5,2.5,1.6666666666666667,TP,156150
1789468860000,POST_CHECK,1.5,2.5,1.6666666666666667,TP,85804
1786060200000,TRAIN,1.5,2.75,1.543901708121152,TIME,298803
1786061580000,TRAIN,1.5,2.75,-1.0,SL,30755
1786072020000,TRAIN,1.5,2.75,-1.0,SL,256049
1786096110000,TRAIN,1.5,2.75,0.40136408300091153,TIME,299248
1786105620000,TRAIN,1.5,2.75,-1.0,SL,166353
1786332630000,TRAIN,1.5,2.75,-0.6559802712699548,TIME,298802
1786340220000,TRAIN,1.5,2.75,0.5421073247158862,TIME,299702
1786341540000,TRAIN,1.5,2.75,0.4458036017666986,TIME,299704
1786352040000,TRAIN,1.5,2.75,0.21365724519223728,TIME,298199
1786358100000,TRAIN,1.5,2.75,-1.0,SL,58503
1786381140000,TRAIN,1.5,2.75,-1.0,SL,65697
1786430640000,TRAIN,1.5,2.75,-0.0328194031196755,TIME,299701
1786438140000,TRAIN,1.5,2.75,-0.6632556376730177,TIME,299098
1786438500000,TRAIN,1.5,2.75,-1.0,SL,294748
1786440810000,TRAIN,1.5,2.75,-0.06746618476542413,TIME,299698
1786451070000,TRAIN,1.5,2.75,0.5972108285481196,TIME,299701
1786454340000,TRAIN,1.5,2.75,-1.0,SL,104999
1786463010000,TRAIN,1.5,2.75,-0.6824020199802234,TIME,299701
1786471950000,TRAIN,1.5,2.75,-0.6803269510693221,TIME,299100
1786493160000,TRAIN,1.5,2.75,-1.0,SL,260550
1786504530000,TRAIN,1.5,2.75,-1.0,SL,89853
1786526850000,TRAIN,1.5,2.75,-1.0,SL,180899
1786550940000,TRAIN,1.5,2.75,1.0949286230070923,TIME,299698
1786553460000,TRAIN,1.5,2.75,0.5083988736769736,TIME,299852
1786553820000,TRAIN,1.5,2.75,1.3519268256109234,TIME,299856
1786581240000,TRAIN,1.5,2.75,-1.0,SL,10203
1786587240000,TRAIN,1.5,2.75,-0.1805495404456083,TIME,298197
1786593510000,TRAIN,1.5,2.75,1.8333333333333333,TP,166352
1786624980000,TRAIN,1.5,2.75,-0.5297976659070103,TIME,299702
1786632990000,TRAIN,1.5,2.75,-0.1595184349136694,TIME,299395
1786633320000,TRAIN,1.5,2.75,1.8333333333333333,TP,216748
1786653840000,TRAIN,1.5,2.75,-0.6765513454146224,TIME,298501
1786670520000,TRAIN,1.5,2.75,0.7978319783198093,TIME,299843
1786687980000,TRAIN,1.5,2.75,-0.26487428429182064,TIME,299701
1786693650000,TRAIN,1.5,2.75,1.1201653380572512,TIME,298201
1786952010000,TRAIN,1.5,2.75,0.43087879944047436,TIME,299250
1786953810000,TRAIN,1.5,2.75,0.6913580246911604,TIME,299251
1786961190000,TRAIN,1.5,2.75,0.0288511076765552,TIME,298349
1786974090000,TRAIN,1.5,2.75,0.048559041060972995,TIME,299706
1787014200000,TRAIN,1.5,2.75,-1.0,SL,191846
1787023770000,TRAIN,1.5,2.75,0.27716535433064304,TIME,299548
1787047590000,TRAIN,1.5,2.75,-1.0,SL,112953
1787049660000,TRAIN,1.5,2.75,0.23688663282606637,TIME,299843
1787066490000,TRAIN,1.5,2.75,0.09500015422106285,TIME,299852
1787082420000,TRAIN,1.5,2.75,-1.0,SL,61346
1787084850000,TRAIN,1.5,2.75,0.4168175417419276,TIME,299098
1787098590000,TRAIN,1.5,2.75,-0.47757341077752075,TIME,299701
1787104830000,TRAIN,1.5,2.75,0.5408923884512499,TIME,299698
1787117580000,TRAIN,1.5,2.75,-0.3413444792755941,TIME,299551
1787140380000,TRAIN,1.5,2.75,0.6463276836156081,TIME,299695
1787141130000,TRAIN,1.5,2.75,-1.0,SL,132456
1787143260000,TRAIN,1.5,2.75,-1.0,SL,63760
1787149170000,TRAIN,1.5,2.75,0.7022824178580139,TIME,299694
1787170380000,TRAIN,1.5,2.75,-1.0,SL,78298
1787184990000,VALID,1.5,2.75,-1.0,SL,58499
1787199990000,VALID,1.5,2.75,1.8333333333333333,TP,169650
1787220390000,VALID,1.5,2.75,0.7819924968737301,TIME,298952
1787229570000,VALID,1.5,2.75,-1.0,SL,71698
1787232870000,VALID,1.5,2.75,-1.0,SL,46504
1787234520000,VALID,1.5,2.75,1.0510908008544018,TIME,299848
1787246430000,VALID,1.5,2.75,0.6510299816439208,TIME,299100
1787267280000,VALID,1.5,2.75,-1.0,SL,26249
1787288910000,VALID,1.5,2.75,0.06594053576679441,TIME,299407
1787298090000,VALID,1.5,2.75,-0.38347260909913355,TIME,299698
1787312280000,VALID,1.5,2.75,1.8333333333333333,TP,175349
1787325840000,VALID,1.5,2.75,-1.0,SL,65708
1787339850000,VALID,1.5,2.75,0.6598870056496875,TIME,298948
1787340270000,VALID,1.5,2.75,-1.0,SL,160801
1787527200000,VALID,1.5,2.75,-1.0,SL,73651
1787534100000,VALID,1.5,2.75,-0.11288983754303478,TIME,299695
1787579790000,VALID,1.5,2.75,0.21162930516193382,TIME,299862
1787583030000,VALID,1.5,2.75,-1.0,SL,48898
1787609970000,VALID,1.5,2.75,-0.278675150921743,TIME,299399
1787630220000,VALID,1.5,2.75,1.374957491668338,TIME,298354
1787647740000,VALID,1.5,2.75,-1.0,SL,148495
1787660070000,VALID,1.5,2.75,-1.0,SL,246610
1787661450000,VALID,1.5,2.75,-1.0,SL,153000
1787664090000,VALID,1.5,2.75,-1.0,SL,76350
1787666490000,VALID,1.5,2.75,0.38035297511329946,TIME,299554
1787687220000,VALID,1.5,2.75,1.8333333333333333,TP,257400
1787709300000,VALID,1.5,2.75,1.8333333333333333,TP,181202
1787723070000,VALID,1.5,2.75,-0.4302235298925716,TIME,299408
1787740170000,VALID,1.5,2.75,1.8333333333333333,TP,253500
1787749530000,VALID,1.5,2.75,-0.14272863568209315,TIME,299859
1787753850000,VALID,1.5,2.75,-1.0,SL,295203
1787788590000,VALID,1.5,2.75,-1.0,SL,85200
1787790000000,VALID,1.5,2.75,-0.39378473403644665,TIME,299107
1787794950000,VALID,1.5,2.75,-1.0,SL,97950
1787798520000,VALID,1.5,2.75,-0.7465531224655597,TIME,298648
1787811390000,VALID,1.5,2.75,1.2905619842782414,TIME,299544
1787823090000,VALID,1.5,2.75,-1.0,SL,124047
1787827440000,VALID,1.5,2.75,-1.0,SL,112050
1787834550000,VALID,1.5,2.75,0.7422030677974202,TIME,299699
1787844150000,VALID,1.5,2.75,-1.0,SL,36902
1787854650000,VALID,1.5,2.75,-0.10783055198990528,TIME,299698
1787883540000,VALID,1.5,2.75,-1.0,SL,283508
1787917320000,VALID,1.5,2.75,-1.0,SL,67650
1787924280000,VALID,1.5,2.75,1.06952965235162,TIME,299850
1787925720000,VALID,1.5,2.75,-1.0,SL,28504
1787934900000,VALID,1.5,2.75,0.9868798273128687,TIME,299849
1788141930000,VALID,1.5,2.75,-1.0,SL,185551
1788144150000,VALID,1.5,2.75,0.1625308373240479,TIME,299700
1788181080000,VALID,1.5,2.75,-1.0,SL,38551
1788221790000,VALID,1.5,2.75,1.8333333333333333,TP,286051
1788228720000,VALID,1.5,2.75,0.4233070866143109,TIME,299694
1788230910000,VALID,1.5,2.75,-1.0,SL,289651
1788258720000,VALID,1.5,2.75,-0.23607721322376446,TIME,299550
1788262410000,VALID,1.5,2.75,0.738007380073826,TIME,299702
1788271980000,VALID,1.5,2.75,1.1842353759753685,TIME,299702
1788277740000,VALID,1.5,2.75,0.6691760769553038,TIME,299249
1788303150000,VALID,1.5,2.75,0.15487949427106906,TIME,295504
1788321570000,VALID,1.5,2.75,-0.29884282664891015,TIME,297897
1788333960000,VALID,1.5,2.75,0.16808404202099592,TIME,299252
1788353280000,VALID,1.5,2.75,1.0021081531599583,TIME,299551
1788356520000,VALID,1.5,2.75,-1.0,SL,78594
1788377820000,VALID,1.5,2.75,1.413758903615174,TIME,299245
1788409740000,VALID,1.5,2.75,0.6054378077500533,TIME,299093
1788416880000,VALID,1.5,2.75,0.41261420571767266,TIME,299099
1788417360000,VALID,1.5,2.75,0.006094243116904139,TIME,299848
1788439920000,VALID,1.5,2.75,1.6136122733611669,TIME,299849
1788460260000,VALID,1.5,2.75,-1.0,SL,40806
1788461400000,VALID,1.5,2.75,1.406291303198702,TIME,299704
1788486750000,VALID,1.5,2.75,-1.0,SL,115199
1788488160000,VALID,1.5,2.75,-1.0,SL,296101
1788491310000,VALID,1.5,2.75,1.1021923373260065,TIME,299703
1788518280000,VALID,1.5,2.75,-1.0,SL,119696
1788535440000,VALID,1.5,2.75,-0.2079368763054057,TIME,299700
1788551280000,VALID,1.5,2.75,0.14654394513622213,TIME,299849
1788767580000,POST_CHECK,1.5,2.75,-1.0,SL,168303
1788796560000,POST_CHECK,1.5,2.75,-1.0,SL,82342
1788852930000,POST_CHECK,1.5,2.75,-1.0,SL,132443
1788853320000,POST_CHECK,1.5,2.75,-0.5364796046991459,TIME,299701
1788855180000,POST_CHECK,1.5,2.75,-0.17909579880790083,TIME,299099
1788864030000,POST_CHECK,1.5,2.75,-1.0,SL,65255
1788865590000,POST_CHECK,1.5,2.75,-1.0,SL,165003
1788872040000,POST_CHECK,1.5,2.75,1.6419753086419684,TIME,299403
1788873690000,POST_CHECK,1.5,2.75,-1.0,SL,280202
1788891840000,POST_CHECK,1.5,2.75,0.03692191767952436,TIME,299702
1788893880000,POST_CHECK,1.5,2.75,0.0730763276049126,TIME,299698
1788894780000,POST_CHECK,1.5,2.75,-1.0,SL,174595
1788912420000,POST_CHECK,1.5,2.75,1.8333333333333333,TP,289054
1788921270000,POST_CHECK,1.5,2.75,-1.0,SL,86848
1788927510000,POST_CHECK,1.5,2.75,1.1191484739870545,TIME,299698
1788928650000,POST_CHECK,1.5,2.75,1.8333333333333333,TP,267145
1788936060000,POST_CHECK,1.5,2.75,-1.0,SL,156002
1788946920000,POST_CHECK,1.5,2.75,-1.0,SL,221248
1788947610000,POST_CHECK,1.5,2.75,1.8333333333333333,TP,149546
1788948900000,POST_CHECK,1.5,2.75,1.0806623931622525,TIME,298946
1788999030000,POST_CHECK,1.5,2.75,-1.0,SL,52047
1789004220000,POST_CHECK,1.5,2.75,0.12295409181650759,TIME,299696
1789006830000,POST_CHECK,1.5,2.75,-1.0,SL,151500
1789007910000,POST_CHECK,1.5,2.75,0.9075862068965433,TIME,299707
1789019610000,POST_CHECK,1.5,2.75,-0.32905982905996856,TIME,299846
1789031820000,POST_CHECK,1.5,2.75,0.3053187170119625,TIME,298500
1789047570000,POST_CHECK,1.5,2.75,0.42207163601164943,TIME,299852
1789053690000,POST_CHECK,1.5,2.75,0.6679877219566742,TIME,299395
1789088850000,POST_CHECK,1.5,2.75,-1.0,SL,90003
1789089270000,POST_CHECK,1.5,2.75,-0.8723128723127604,TIME,299847
1789102410000,POST_CHECK,1.5,2.75,-1.0,SL,52502
1789120140000,POST_CHECK,1.5,2.75,-0.2416587727606757,TIME,299394
1789142100000,POST_CHECK,1.5,2.75,-1.0,SL,115054
1789347690000,POST_CHECK,1.5,2.75,1.8333333333333333,TP,139048
1789383480000,POST_CHECK,1.5,2.75,-1.0,SL,43649
1789388280000,POST_CHECK,1.5,2.75,1.8333333333333333,TP,138450
1789394400000,POST_CHECK,1.5,2.75,0.7749542337646524,TIME,299703
1789394850000,POST_CHECK,1.5,2.75,-1.0,SL,156296
1789396470000,POST_CHECK,1.5,2.75,-0.23027682394341556,TIME,299695
1789403580000,POST_CHECK,1.5,2.75,-0.21336628565567226,TIME,299552
1789411020000,POST_CHECK,1.5,2.75,-1.0,SL,201002
1789428060000,POST_CHECK,1.5,2.75,0.783638320774659,TIME,297150
1789445400000,POST_CHECK,1.5,2.75,-1.0,SL,88206
1789458150000,POST_CHECK,1.5,2.75,1.8333333333333333,TP,156442
1789468860000,POST_CHECK,1.5,2.75,1.8333333333333333,TP,92402
1786060200000,TRAIN,1.5,3.0,1.543901708121152,TIME,298803
1786061580000,TRAIN,1.5,3.0,-1.0,SL,30755
1786072020000,TRAIN,1.5,3.0,-1.0,SL,256049
1786096110000,TRAIN,1.5,3.0,0.40136408300091153,TIME,299248
1786105620000,TRAIN,1.5,3.0,-1.0,SL,166353
1786332630000,TRAIN,1.5,3.0,-0.6559802712699548,TIME,298802
1786340220000,TRAIN,1.5,3.0,0.5421073247158862,TIME,299702
1786341540000,TRAIN,1.5,3.0,0.4458036017666986,TIME,299704
1786352040000,TRAIN,1.5,3.0,0.21365724519223728,TIME,298199
1786358100000,TRAIN,1.5,3.0,-1.0,SL,58503
1786381140000,TRAIN,1.5,3.0,-1.0,SL,65697
1786430640000,TRAIN,1.5,3.0,-0.0328194031196755,TIME,299701
1786438140000,TRAIN,1.5,3.0,-0.6632556376730177,TIME,299098
1786438500000,TRAIN,1.5,3.0,-1.0,SL,294748
1786440810000,TRAIN,1.5,3.0,-0.06746618476542413,TIME,299698
1786451070000,TRAIN,1.5,3.0,0.5972108285481196,TIME,299701
1786454340000,TRAIN,1.5,3.0,-1.0,SL,104999
1786463010000,TRAIN,1.5,3.0,-0.6824020199802234,TIME,299701
1786471950000,TRAIN,1.5,3.0,-0.6803269510693221,TIME,299100
1786493160000,TRAIN,1.5,3.0,-1.0,SL,260550
1786504530000,TRAIN,1.5,3.0,-1.0,SL,89853
1786526850000,TRAIN,1.5,3.0,-1.0,SL,180899
1786550940000,TRAIN,1.5,3.0,1.0949286230070923,TIME,299698
1786553460000,TRAIN,1.5,3.0,0.5083988736769736,TIME,299852
1786553820000,TRAIN,1.5,3.0,1.3519268256109234,TIME,299856
1786581240000,TRAIN,1.5,3.0,-1.0,SL,10203
1786587240000,TRAIN,1.5,3.0,-0.1805495404456083,TIME,298197
1786593510000,TRAIN,1.5,3.0,2.0,TP,202050
1786624980000,TRAIN,1.5,3.0,-0.5297976659070103,TIME,299702
1786632990000,TRAIN,1.5,3.0,-0.1595184349136694,TIME,299395
1786633320000,TRAIN,1.5,3.0,2.0,TP,217648
1786653840000,TRAIN,1.5,3.0,-0.6765513454146224,TIME,298501
1786670520000,TRAIN,1.5,3.0,0.7978319783198093,TIME,299843
1786687980000,TRAIN,1.5,3.0,-0.26487428429182064,TIME,299701
1786693650000,TRAIN,1.5,3.0,1.1201653380572512,TIME,298201
1786952010000,TRAIN,1.5,3.0,0.43087879944047436,TIME,299250
1786953810000,TRAIN,1.5,3.0,0.6913580246911604,TIME,299251
1786961190000,TRAIN,1.5,3.0,0.0288511076765552,TIME,298349
1786974090000,TRAIN,1.5,3.0,0.048559041060972995,TIME,299706
1787014200000,TRAIN,1.5,3.0,-1.0,SL,191846
1787023770000,TRAIN,1.5,3.0,0.27716535433064304,TIME,299548
1787047590000,TRAIN,1.5,3.0,-1.0,SL,112953
1787049660000,TRAIN,1.5,3.0,0.23688663282606637,TIME,299843
1787066490000,TRAIN,1.5,3.0,0.09500015422106285,TIME,299852
1787082420000,TRAIN,1.5,3.0,-1.0,SL,61346
1787084850000,TRAIN,1.5,3.0,0.4168175417419276,TIME,299098
1787098590000,TRAIN,1.5,3.0,-0.47757341077752075,TIME,299701
1787104830000,TRAIN,1.5,3.0,0.5408923884512499,TIME,299698
1787117580000,TRAIN,1.5,3.0,-0.3413444792755941,TIME,299551
1787140380000,TRAIN,1.5,3.0,0.6463276836156081,TIME,299695
1787141130000,TRAIN,1.5,3.0,-1.0,SL,132456
1787143260000,TRAIN,1.5,3.0,-1.0,SL,63760
1787149170000,TRAIN,1.5,3.0,0.7022824178580139,TIME,299694
1787170380000,TRAIN,1.5,3.0,-1.0,SL,78298
1787184990000,VALID,1.5,3.0,-1.0,SL,58499
1787199990000,VALID,1.5,3.0,2.0,TP,169950
1787220390000,VALID,1.5,3.0,0.7819924968737301,TIME,298952
1787229570000,VALID,1.5,3.0,-1.0,SL,71698
1787232870000,VALID,1.5,3.0,-1.0,SL,46504
1787234520000,VALID,1.5,3.0,1.0510908008544018,TIME,299848
1787246430000,VALID,1.5,3.0,0.6510299816439208,TIME,299100
1787267280000,VALID,1.5,3.0,-1.0,SL,26249
1787288910000,VALID,1.5,3.0,0.06594053576679441,TIME,299407
1787298090000,VALID,1.5,3.0,-0.38347260909913355,TIME,299698
1787312280000,VALID,1.5,3.0,2.0,TP,183597
1787325840000,VALID,1.5,3.0,-1.0,SL,65708
1787339850000,VALID,1.5,3.0,0.6598870056496875,TIME,298948
1787340270000,VALID,1.5,3.0,-1.0,SL,160801
1787527200000,VALID,1.5,3.0,-1.0,SL,73651
1787534100000,VALID,1.5,3.0,-0.11288983754303478,TIME,299695
1787579790000,VALID,1.5,3.0,0.21162930516193382,TIME,299862
1787583030000,VALID,1.5,3.0,-1.0,SL,48898
1787609970000,VALID,1.5,3.0,-0.278675150921743,TIME,299399
1787630220000,VALID,1.5,3.0,1.374957491668338,TIME,298354
1787647740000,VALID,1.5,3.0,-1.0,SL,148495
1787660070000,VALID,1.5,3.0,-1.0,SL,246610
1787661450000,VALID,1.5,3.0,-1.0,SL,153000
1787664090000,VALID,1.5,3.0,-1.0,SL,76350
1787666490000,VALID,1.5,3.0,0.38035297511329946,TIME,299554
1787687220000,VALID,1.5,3.0,0.8431561996778228,TIME,299553
1787709300000,VALID,1.5,3.0,2.0,TP,182402
1787723070000,VALID,1.5,3.0,-0.4302235298925716,TIME,299408
1787740170000,VALID,1.5,3.0,1.4125412541255473,TIME,299845
1787749530000,VALID,1.5,3.0,-0.14272863568209315,TIME,299859
1787753850000,VALID,1.5,3.0,-1.0,SL,295203
1787788590000,VALID,1.5,3.0,-1.0,SL,85200
1787790000000,VALID,1.5,3.0,-0.39378473403644665,TIME,299107
1787794950000,VALID,1.5,3.0,-1.0,SL,97950
1787798520000,VALID,1.5,3.0,-0.7465531224655597,TIME,298648
1787811390000,VALID,1.5,3.0,1.2905619842782414,TIME,299544
1787823090000,VALID,1.5,3.0,-1.0,SL,124047
1787827440000,VALID,1.5,3.0,-1.0,SL,112050
1787834550000,VALID,1.5,3.0,0.7422030677974202,TIME,299699
1787844150000,VALID,1.5,3.0,-1.0,SL,36902
1787854650000,VALID,1.5,3.0,-0.10783055198990528,TIME,299698
1787883540000,VALID,1.5,3.0,-1.0,SL,283508
1787917320000,VALID,1.5,3.0,-1.0,SL,67650
1787924280000,VALID,1.5,3.0,1.06952965235162,TIME,299850
1787925720000,VALID,1.5,3.0,-1.0,SL,28504
1787934900000,VALID,1.5,3.0,0.9868798273128687,TIME,299849
1788141930000,VALID,1.5,3.0,-1.0,SL,185551
1788144150000,VALID,1.5,3.0,0.1625308373240479,TIME,299700
1788181080000,VALID,1.5,3.0,-1.0,SL,38551
1788221790000,VALID,1.5,3.0,2.0,TP,292499
1788228720000,VALID,1.5,3.0,0.4233070866143109,TIME,299694
1788230910000,VALID,1.5,3.0,-1.0,SL,289651
1788258720000,VALID,1.5,3.0,-0.23607721322376446,TIME,299550
1788262410000,VALID,1.5,3.0,0.738007380073826,TIME,299702
1788271980000,VALID,1.5,3.0,1.1842353759753685,TIME,299702
1788277740000,VALID,1.5,3.0,0.6691760769553038,TIME,299249
1788303150000,VALID,1.5,3.0,0.15487949427106906,TIME,295504
1788321570000,VALID,1.5,3.0,-0.29884282664891015,TIME,297897
1788333960000,VALID,1.5,3.0,0.16808404202099592,TIME,299252
1788353280000,VALID,1.5,3.0,1.0021081531599583,TIME,299551
1788356520000,VALID,1.5,3.0,-1.0,SL,78594
1788377820000,VALID,1.5,3.0,1.413758903615174,TIME,299245
1788409740000,VALID,1.5,3.0,0.6054378077500533,TIME,299093
1788416880000,VALID,1.5,3.0,0.41261420571767266,TIME,299099
1788417360000,VALID,1.5,3.0,0.006094243116904139,TIME,299848
1788439920000,VALID,1.5,3.0,1.6136122733611669,TIME,299849
1788460260000,VALID,1.5,3.0,-1.0,SL,40806
1788461400000,VALID,1.5,3.0,1.406291303198702,TIME,299704
1788486750000,VALID,1.5,3.0,-1.0,SL,115199
1788488160000,VALID,1.5,3.0,-1.0,SL,296101
1788491310000,VALID,1.5,3.0,1.1021923373260065,TIME,299703
1788518280000,VALID,1.5,3.0,-1.0,SL,119696
1788535440000,VALID,1.5,3.0,-0.2079368763054057,TIME,299700
1788551280000,VALID,1.5,3.0,0.14654394513622213,TIME,299849
1788767580000,POST_CHECK,1.5,3.0,-1.0,SL,168303
1788796560000,POST_CHECK,1.5,3.0,-1.0,SL,82342
1788852930000,POST_CHECK,1.5,3.0,-1.0,SL,132443
1788853320000,POST_CHECK,1.5,3.0,-0.5364796046991459,TIME,299701
1788855180000,POST_CHECK,1.5,3.0,-0.17909579880790083,TIME,299099
1788864030000,POST_CHECK,1.5,3.0,-1.0,SL,65255
1788865590000,POST_CHECK,1.5,3.0,-1.0,SL,165003
1788872040000,POST_CHECK,1.5,3.0,1.6419753086419684,TIME,299403
1788873690000,POST_CHECK,1.5,3.0,-1.0,SL,280202
1788891840000,POST_CHECK,1.5,3.0,0.03692191767952436,TIME,299702
1788893880000,POST_CHECK,1.5,3.0,0.0730763276049126,TIME,299698
1788894780000,POST_CHECK,1.5,3.0,-1.0,SL,174595
1788912420000,POST_CHECK,1.5,3.0,2.0,TP,291458
1788921270000,POST_CHECK,1.5,3.0,-1.0,SL,86848
1788927510000,POST_CHECK,1.5,3.0,1.1191484739870545,TIME,299698
1788928650000,POST_CHECK,1.5,3.0,1.7595628415309013,TIME,298646
1788936060000,POST_CHECK,1.5,3.0,-1.0,SL,156002
1788946920000,POST_CHECK,1.5,3.0,-1.0,SL,221248
1788947610000,POST_CHECK,1.5,3.0,2.0,TP,165146
1788948900000,POST_CHECK,1.5,3.0,1.0806623931622525,TIME,298946
1788999030000,POST_CHECK,1.5,3.0,-1.0,SL,52047
1789004220000,POST_CHECK,1.5,3.0,0.12295409181650759,TIME,299696
1789006830000,POST_CHECK,1.5,3.0,-1.0,SL,151500
1789007910000,POST_CHECK,1.5,3.0,0.9075862068965433,TIME,299707
1789019610000,POST_CHECK,1.5,3.0,-0.32905982905996856,TIME,299846
1789031820000,POST_CHECK,1.5,3.0,0.3053187170119625,TIME,298500
1789047570000,POST_CHECK,1.5,3.0,0.42207163601164943,TIME,299852
1789053690000,POST_CHECK,1.5,3.0,0.6679877219566742,TIME,299395
1789088850000,POST_CHECK,1.5,3.0,-1.0,SL,90003
1789089270000,POST_CHECK,1.5,3.0,-0.8723128723127604,TIME,299847
1789102410000,POST_CHECK,1.5,3.0,-1.0,SL,52502
1789120140000,POST_CHECK,1.5,3.0,-0.2416587727606757,TIME,299394
1789142100000,POST_CHECK,1.5,3.0,-1.0,SL,115054
1789347690000,POST_CHECK,1.5,3.0,2.0,TP,140399
1789383480000,POST_CHECK,1.5,3.0,-1.0,SL,43649
1789388280000,POST_CHECK,1.5,3.0,2.0,TP,173543
1789394400000,POST_CHECK,1.5,3.0,0.7749542337646524,TIME,299703
1789394850000,POST_CHECK,1.5,3.0,-1.0,SL,156296
1789396470000,POST_CHECK,1.5,3.0,-0.23027682394341556,TIME,299695
1789403580000,POST_CHECK,1.5,3.0,-0.21336628565567226,TIME,299552
1789411020000,POST_CHECK,1.5,3.0,-1.0,SL,201002
1789428060000,POST_CHECK,1.5,3.0,0.783638320774659,TIME,297150
1789445400000,POST_CHECK,1.5,3.0,-1.0,SL,88206
1789458150000,POST_CHECK,1.5,3.0,2.0,TP,157952
1789468860000,POST_CHECK,1.5,3.0,2.0,TP,95250
1786060200000,TRAIN,1.5,3.25,1.543901708121152,TIME,298803
1786061580000,TRAIN,1.5,3.25,-1.0,SL,30755
1786072020000,TRAIN,1.5,3.25,-1.0,SL,256049
1786096110000,TRAIN,1.5,3.25,0.40136408300091153,TIME,299248
1786105620000,TRAIN,1.5,3.25,-1.0,SL,166353
1786332630000,TRAIN,1.5,3.25,-0.6559802712699548,TIME,298802
1786340220000,TRAIN,1.5,3.25,0.5421073247158862,TIME,299702
1786341540000,TRAIN,1.5,3.25,0.4458036017666986,TIME,299704
1786352040000,TRAIN,1.5,3.25,0.21365724519223728,TIME,298199
1786358100000,TRAIN,1.5,3.25,-1.0,SL,58503
1786381140000,TRAIN,1.5,3.25,-1.0,SL,65697
1786430640000,TRAIN,1.5,3.25,-0.0328194031196755,TIME,299701
1786438140000,TRAIN,1.5,3.25,-0.6632556376730177,TIME,299098
1786438500000,TRAIN,1.5,3.25,-1.0,SL,294748
1786440810000,TRAIN,1.5,3.25,-0.06746618476542413,TIME,299698
1786451070000,TRAIN,1.5,3.25,0.5972108285481196,TIME,299701
1786454340000,TRAIN,1.5,3.25,-1.0,SL,104999
1786463010000,TRAIN,1.5,3.25,-0.6824020199802234,TIME,299701
1786471950000,TRAIN,1.5,3.25,-0.6803269510693221,TIME,299100
1786493160000,TRAIN,1.5,3.25,-1.0,SL,260550
1786504530000,TRAIN,1.5,3.25,-1.0,SL,89853
1786526850000,TRAIN,1.5,3.25,-1.0,SL,180899
1786550940000,TRAIN,1.5,3.25,1.0949286230070923,TIME,299698
1786553460000,TRAIN,1.5,3.25,0.5083988736769736,TIME,299852
1786553820000,TRAIN,1.5,3.25,1.3519268256109234,TIME,299856
1786581240000,TRAIN,1.5,3.25,-1.0,SL,10203
1786587240000,TRAIN,1.5,3.25,-0.1805495404456083,TIME,298197
1786593510000,TRAIN,1.5,3.25,2.1666666666666665,TP,202050
1786624980000,TRAIN,1.5,3.25,-0.5297976659070103,TIME,299702
1786632990000,TRAIN,1.5,3.25,-0.1595184349136694,TIME,299395
1786633320000,TRAIN,1.5,3.25,2.1666666666666665,TP,217947
1786653840000,TRAIN,1.5,3.25,-0.6765513454146224,TIME,298501
1786670520000,TRAIN,1.5,3.25,0.7978319783198093,TIME,299843
1786687980000,TRAIN,1.5,3.25,-0.26487428429182064,TIME,299701
1786693650000,TRAIN,1.5,3.25,1.1201653380572512,TIME,298201
1786952010000,TRAIN,1.5,3.25,0.43087879944047436,TIME,299250
1786953810000,TRAIN,1.5,3.25,0.6913580246911604,TIME,299251
1786961190000,TRAIN,1.5,3.25,0.0288511076765552,TIME,298349
1786974090000,TRAIN,1.5,3.25,0.048559041060972995,TIME,299706
1787014200000,TRAIN,1.5,3.25,-1.0,SL,191846
1787023770000,TRAIN,1.5,3.25,0.27716535433064304,TIME,299548
1787047590000,TRAIN,1.5,3.25,-1.0,SL,112953
1787049660000,TRAIN,1.5,3.25,0.23688663282606637,TIME,299843
1787066490000,TRAIN,1.5,3.25,0.09500015422106285,TIME,299852
1787082420000,TRAIN,1.5,3.25,-1.0,SL,61346
1787084850000,TRAIN,1.5,3.25,0.4168175417419276,TIME,299098
1787098590000,TRAIN,1.5,3.25,-0.47757341077752075,TIME,299701
1787104830000,TRAIN,1.5,3.25,0.5408923884512499,TIME,299698
1787117580000,TRAIN,1.5,3.25,-0.3413444792755941,TIME,299551
1787140380000,TRAIN,1.5,3.25,0.6463276836156081,TIME,299695
1787141130000,TRAIN,1.5,3.25,-1.0,SL,132456
1787143260000,TRAIN,1.5,3.25,-1.0,SL,63760
1787149170000,TRAIN,1.5,3.25,0.7022824178580139,TIME,299694
1787170380000,TRAIN,1.5,3.25,-1.0,SL,78298
1787184990000,VALID,1.5,3.25,-1.0,SL,58499
1787199990000,VALID,1.5,3.25,2.1666666666666665,TP,189450
1787220390000,VALID,1.5,3.25,0.7819924968737301,TIME,298952
1787229570000,VALID,1.5,3.25,-1.0,SL,71698
1787232870000,VALID,1.5,3.25,-1.0,SL,46504
1787234520000,VALID,1.5,3.25,1.0510908008544018,TIME,299848
1787246430000,VALID,1.5,3.25,0.6510299816439208,TIME,299100
1787267280000,VALID,1.5,3.25,-1.0,SL,26249
1787288910000,VALID,1.5,3.25,0.06594053576679441,TIME,299407
1787298090000,VALID,1.5,3.25,-0.38347260909913355,TIME,299698
1787312280000,VALID,1.5,3.25,2.1666666666666665,TP,200696
1787325840000,VALID,1.5,3.25,-1.0,SL,65708
1787339850000,VALID,1.5,3.25,0.6598870056496875,TIME,298948
1787340270000,VALID,1.5,3.25,-1.0,SL,160801
1787527200000,VALID,1.5,3.25,-1.0,SL,73651
1787534100000,VALID,1.5,3.25,-0.11288983754303478,TIME,299695
1787579790000,VALID,1.5,3.25,0.21162930516193382,TIME,299862
1787583030000,VALID,1.5,3.25,-1.0,SL,48898
1787609970000,VALID,1.5,3.25,-0.278675150921743,TIME,299399
1787630220000,VALID,1.5,3.25,1.374957491668338,TIME,298354
1787647740000,VALID,1.5,3.25,-1.0,SL,148495
1787660070000,VALID,1.5,3.25,-1.0,SL,246610
1787661450000,VALID,1.5,3.25,-1.0,SL,153000
1787664090000,VALID,1.5,3.25,-1.0,SL,76350
1787666490000,VALID,1.5,3.25,0.38035297511329946,TIME,299554
1787687220000,VALID,1.5,3.25,0.8431561996778228,TIME,299553
1787709300000,VALID,1.5,3.25,2.1666666666666665,TP,211354
1787723070000,VALID,1.5,3.25,-0.4302235298925716,TIME,299408
1787740170000,VALID,1.5,3.25,1.4125412541255473,TIME,299845
1787749530000,VALID,1.5,3.25,-0.14272863568209315,TIME,299859
1787753850000,VALID,1.5,3.25,-1.0,SL,295203
1787788590000,VALID,1.5,3.25,-1.0,SL,85200
1787790000000,VALID,1.5,3.25,-0.39378473403644665,TIME,299107
1787794950000,VALID,1.5,3.25,-1.0,SL,97950
1787798520000,VALID,1.5,3.25,-0.7465531224655597,TIME,298648
1787811390000,VALID,1.5,3.25,1.2905619842782414,TIME,299544
1787823090000,VALID,1.5,3.25,-1.0,SL,124047
1787827440000,VALID,1.5,3.25,-1.0,SL,112050
1787834550000,VALID,1.5,3.25,0.7422030677974202,TIME,299699
1787844150000,VALID,1.5,3.25,-1.0,SL,36902
1787854650000,VALID,1.5,3.25,-0.10783055198990528,TIME,299698
1787883540000,VALID,1.5,3.25,-1.0,SL,283508
1787917320000,VALID,1.5,3.25,-1.0,SL,67650
1787924280000,VALID,1.5,3.25,1.06952965235162,TIME,299850
1787925720000,VALID,1.5,3.25,-1.0,SL,28504
1787934900000,VALID,1.5,3.25,0.9868798273128687,TIME,299849
1788141930000,VALID,1.5,3.25,-1.0,SL,185551
1788144150000,VALID,1.5,3.25,0.1625308373240479,TIME,299700
1788181080000,VALID,1.5,3.25,-1.0,SL,38551
1788221790000,VALID,1.5,3.25,2.114710064781219,TIME,299099
1788228720000,VALID,1.5,3.25,0.4233070866143109,TIME,299694
1788230910000,VALID,1.5,3.25,-1.0,SL,289651
1788258720000,VALID,1.5,3.25,-0.23607721322376446,TIME,299550
1788262410000,VALID,1.5,3.25,0.738007380073826,TIME,299702
1788271980000,VALID,1.5,3.25,1.1842353759753685,TIME,299702
1788277740000,VALID,1.5,3.25,0.6691760769553038,TIME,299249
1788303150000,VALID,1.5,3.25,0.15487949427106906,TIME,295504
1788321570000,VALID,1.5,3.25,-0.29884282664891015,TIME,297897
1788333960000,VALID,1.5,3.25,0.16808404202099592,TIME,299252
1788353280000,VALID,1.5,3.25,1.0021081531599583,TIME,299551
1788356520000,VALID,1.5,3.25,-1.0,SL,78594
1788377820000,VALID,1.5,3.25,1.413758903615174,TIME,299245
1788409740000,VALID,1.5,3.25,0.6054378077500533,TIME,299093
1788416880000,VALID,1.5,3.25,0.41261420571767266,TIME,299099
1788417360000,VALID,1.5,3.25,0.006094243116904139,TIME,299848
1788439920000,VALID,1.5,3.25,1.6136122733611669,TIME,299849
1788460260000,VALID,1.5,3.25,-1.0,SL,40806
1788461400000,VALID,1.5,3.25,1.406291303198702,TIME,299704
1788486750000,VALID,1.5,3.25,-1.0,SL,115199
1788488160000,VALID,1.5,3.25,-1.0,SL,296101
1788491310000,VALID,1.5,3.25,1.1021923373260065,TIME,299703
1788518280000,VALID,1.5,3.25,-1.0,SL,119696
1788535440000,VALID,1.5,3.25,-0.2079368763054057,TIME,299700
1788551280000,VALID,1.5,3.25,0.14654394513622213,TIME,299849
1788767580000,POST_CHECK,1.5,3.25,-1.0,SL,168303
1788796560000,POST_CHECK,1.5,3.25,-1.0,SL,82342
1788852930000,POST_CHECK,1.5,3.25,-1.0,SL,132443
1788853320000,POST_CHECK,1.5,3.25,-0.5364796046991459,TIME,299701
1788855180000,POST_CHECK,1.5,3.25,-0.17909579880790083,TIME,299099
1788864030000,POST_CHECK,1.5,3.25,-1.0,SL,65255
1788865590000,POST_CHECK,1.5,3.25,-1.0,SL,165003
1788872040000,POST_CHECK,1.5,3.25,1.6419753086419684,TIME,299403
1788873690000,POST_CHECK,1.5,3.25,-1.0,SL,280202
1788891840000,POST_CHECK,1.5,3.25,0.03692191767952436,TIME,299702
1788893880000,POST_CHECK,1.5,3.25,0.0730763276049126,TIME,299698
1788894780000,POST_CHECK,1.5,3.25,-1.0,SL,174595
1788912420000,POST_CHECK,1.5,3.25,2.0542264752790627,TIME,299404
1788921270000,POST_CHECK,1.5,3.25,-1.0,SL,86848
1788927510000,POST_CHECK,1.5,3.25,1.1191484739870545,TIME,299698
1788928650000,POST_CHECK,1.5,3.25,1.7595628415309013,TIME,298646
1788936060000,POST_CHECK,1.5,3.25,-1.0,SL,156002
1788946920000,POST_CHECK,1.5,3.25,-1.0,SL,221248
1788947610000,POST_CHECK,1.5,3.25,2.1666666666666665,TP,266845
1788948900000,POST_CHECK,1.5,3.25,1.0806623931622525,TIME,298946
1788999030000,POST_CHECK,1.5,3.25,-1.0,SL,52047
1789004220000,POST_CHECK,1.5,3.25,0.12295409181650759,TIME,299696
1789006830000,POST_CHECK,1.5,3.25,-1.0,SL,151500
1789007910000,POST_CHECK,1.5,3.25,0.9075862068965433,TIME,299707
1789019610000,POST_CHECK,1.5,3.25,-0.32905982905996856,TIME,299846
1789031820000,POST_CHECK,1.5,3.25,0.3053187170119625,TIME,298500
1789047570000,POST_CHECK,1.5,3.25,0.42207163601164943,TIME,299852
1789053690000,POST_CHECK,1.5,3.25,0.6679877219566742,TIME,299395
1789088850000,POST_CHECK,1.5,3.25,-1.0,SL,90003
1789089270000,POST_CHECK,1.5,3.25,-0.8723128723127604,TIME,299847
1789102410000,POST_CHECK,1.5,3.25,-1.0,SL,52502
1789120140000,POST_CHECK,1.5,3.25,-0.2416587727606757,TIME,299394
1789142100000,POST_CHECK,1.5,3.25,-1.0,SL,115054
1789347690000,POST_CHECK,1.5,3.25,2.1666666666666665,TP,158244
1789383480000,POST_CHECK,1.5,3.25,-1.0,SL,43649
1789388280000,POST_CHECK,1.5,3.25,2.1666666666666665,TP,177302
1789394400000,POST_CHECK,1.5,3.25,0.7749542337646524,TIME,299703
1789394850000,POST_CHECK,1.5,3.25,-1.0,SL,156296
1789396470000,POST_CHECK,1.5,3.25,-0.23027682394341556,TIME,299695
1789403580000,POST_CHECK,1.5,3.25,-0.21336628565567226,TIME,299552
1789411020000,POST_CHECK,1.5,3.25,-1.0,SL,201002
1789428060000,POST_CHECK,1.5,3.25,0.783638320774659,TIME,297150
1789445400000,POST_CHECK,1.5,3.25,-1.0,SL,88206
1789458150000,POST_CHECK,1.5,3.25,2.1666666666666665,TP,271801
1789468860000,POST_CHECK,1.5,3.25,1.6884757478249204,TIME,299697
1786060200000,TRAIN,1.5,3.5,1.543901708121152,TIME,298803
1786061580000,TRAIN,1.5,3.5,-1.0,SL,30755
1786072020000,TRAIN,1.5,3.5,-1.0,SL,256049
1786096110000,TRAIN,1.5,3.5,0.40136408300091153,TIME,299248
1786105620000,TRAIN,1.5,3.5,-1.0,SL,166353
1786332630000,TRAIN,1.5,3.5,-0.6559802712699548,TIME,298802
1786340220000,TRAIN,1.5,3.5,0.5421073247158862,TIME,299702
1786341540000,TRAIN,1.5,3.5,0.4458036017666986,TIME,299704
1786352040000,TRAIN,1.5,3.5,0.21365724519223728,TIME,298199
1786358100000,TRAIN,1.5,3.5,-1.0,SL,58503
1786381140000,TRAIN,1.5,3.5,-1.0,SL,65697
1786430640000,TRAIN,1.5,3.5,-0.0328194031196755,TIME,299701
1786438140000,TRAIN,1.5,3.5,-0.6632556376730177,TIME,299098
1786438500000,TRAIN,1.5,3.5,-1.0,SL,294748
1786440810000,TRAIN,1.5,3.5,-0.06746618476542413,TIME,299698
1786451070000,TRAIN,1.5,3.5,0.5972108285481196,TIME,299701
1786454340000,TRAIN,1.5,3.5,-1.0,SL,104999
1786463010000,TRAIN,1.5,3.5,-0.6824020199802234,TIME,299701
1786471950000,TRAIN,1.5,3.5,-0.6803269510693221,TIME,299100
1786493160000,TRAIN,1.5,3.5,-1.0,SL,260550
1786504530000,TRAIN,1.5,3.5,-1.0,SL,89853
1786526850000,TRAIN,1.5,3.5,-1.0,SL,180899
1786550940000,TRAIN,1.5,3.5,1.0949286230070923,TIME,299698
1786553460000,TRAIN,1.5,3.5,0.5083988736769736,TIME,299852
1786553820000,TRAIN,1.5,3.5,1.3519268256109234,TIME,299856
1786581240000,TRAIN,1.5,3.5,-1.0,SL,10203
1786587240000,TRAIN,1.5,3.5,-0.1805495404456083,TIME,298197
1786593510000,TRAIN,1.5,3.5,0.2555202476983828,TIME,298656
1786624980000,TRAIN,1.5,3.5,-0.5297976659070103,TIME,299702
1786632990000,TRAIN,1.5,3.5,-0.1595184349136694,TIME,299395
1786633320000,TRAIN,1.5,3.5,2.3333333333333335,TP,220647
1786653840000,TRAIN,1.5,3.5,-0.6765513454146224,TIME,298501
1786670520000,TRAIN,1.5,3.5,0.7978319783198093,TIME,299843
1786687980000,TRAIN,1.5,3.5,-0.26487428429182064,TIME,299701
1786693650000,TRAIN,1.5,3.5,1.1201653380572512,TIME,298201
1786952010000,TRAIN,1.5,3.5,0.43087879944047436,TIME,299250
1786953810000,TRAIN,1.5,3.5,0.6913580246911604,TIME,299251
1786961190000,TRAIN,1.5,3.5,0.0288511076765552,TIME,298349
1786974090000,TRAIN,1.5,3.5,0.048559041060972995,TIME,299706
1787014200000,TRAIN,1.5,3.5,-1.0,SL,191846
1787023770000,TRAIN,1.5,3.5,0.27716535433064304,TIME,299548
1787047590000,TRAIN,1.5,3.5,-1.0,SL,112953
1787049660000,TRAIN,1.5,3.5,0.23688663282606637,TIME,299843
1787066490000,TRAIN,1.5,3.5,0.09500015422106285,TIME,299852
1787082420000,TRAIN,1.5,3.5,-1.0,SL,61346
1787084850000,TRAIN,1.5,3.5,0.4168175417419276,TIME,299098
1787098590000,TRAIN,1.5,3.5,-0.47757341077752075,TIME,299701
1787104830000,TRAIN,1.5,3.5,0.5408923884512499,TIME,299698
1787117580000,TRAIN,1.5,3.5,-0.3413444792755941,TIME,299551
1787140380000,TRAIN,1.5,3.5,0.6463276836156081,TIME,299695
1787141130000,TRAIN,1.5,3.5,-1.0,SL,132456
1787143260000,TRAIN,1.5,3.5,-1.0,SL,63760
1787149170000,TRAIN,1.5,3.5,0.7022824178580139,TIME,299694
1787170380000,TRAIN,1.5,3.5,-1.0,SL,78298
1787184990000,VALID,1.5,3.5,-1.0,SL,58499
1787199990000,VALID,1.5,3.5,2.3333333333333335,TP,189450
1787220390000,VALID,1.5,3.5,0.7819924968737301,TIME,298952
1787229570000,VALID,1.5,3.5,-1.0,SL,71698
1787232870000,VALID,1.5,3.5,-1.0,SL,46504
1787234520000,VALID,1.5,3.5,1.0510908008544018,TIME,299848
1787246430000,VALID,1.5,3.5,0.6510299816439208,TIME,299100
1787267280000,VALID,1.5,3.5,-1.0,SL,26249
1787288910000,VALID,1.5,3.5,0.06594053576679441,TIME,299407
1787298090000,VALID,1.5,3.5,-0.38347260909913355,TIME,299698
1787312280000,VALID,1.5,3.5,2.108518620184701,TIME,299850
1787325840000,VALID,1.5,3.5,-1.0,SL,65708
1787339850000,VALID,1.5,3.5,0.6598870056496875,TIME,298948
1787340270000,VALID,1.5,3.5,-1.0,SL,160801
1787527200000,VALID,1.5,3.5,-1.0,SL,73651
1787534100000,VALID,1.5,3.5,-0.11288983754303478,TIME,299695
1787579790000,VALID,1.5,3.5,0.21162930516193382,TIME,299862
1787583030000,VALID,1.5,3.5,-1.0,SL,48898
1787609970000,VALID,1.5,3.5,-0.278675150921743,TIME,299399
1787630220000,VALID,1.5,3.5,1.374957491668338,TIME,298354
1787647740000,VALID,1.5,3.5,-1.0,SL,148495
1787660070000,VALID,1.5,3.5,-1.0,SL,246610
1787661450000,VALID,1.5,3.5,-1.0,SL,153000
1787664090000,VALID,1.5,3.5,-1.0,SL,76350
1787666490000,VALID,1.5,3.5,0.38035297511329946,TIME,299554
1787687220000,VALID,1.5,3.5,0.8431561996778228,TIME,299553
1787709300000,VALID,1.5,3.5,1.2267109389411437,TIME,299097
1787723070000,VALID,1.5,3.5,-0.4302235298925716,TIME,299408
1787740170000,VALID,1.5,3.5,1.4125412541255473,TIME,299845
1787749530000,VALID,1.5,3.5,-0.14272863568209315,TIME,299859
1787753850000,VALID,1.5,3.5,-1.0,SL,295203
1787788590000,VALID,1.5,3.5,-1.0,SL,85200
1787790000000,VALID,1.5,3.5,-0.39378473403644665,TIME,299107
1787794950000,VALID,1.5,3.5,-1.0,SL,97950
1787798520000,VALID,1.5,3.5,-0.7465531224655597,TIME,298648
1787811390000,VALID,1.5,3.5,1.2905619842782414,TIME,299544
1787823090000,VALID,1.5,3.5,-1.0,SL,124047
1787827440000,VALID,1.5,3.5,-1.0,SL,112050
1787834550000,VALID,1.5,3.5,0.7422030677974202,TIME,299699
1787844150000,VALID,1.5,3.5,-1.0,SL,36902
1787854650000,VALID,1.5,3.5,-0.10783055198990528,TIME,299698
1787883540000,VALID,1.5,3.5,-1.0,SL,283508
1787917320000,VALID,1.5,3.5,-1.0,SL,67650
1787924280000,VALID,1.5,3.5,1.06952965235162,TIME,299850
1787925720000,VALID,1.5,3.5,-1.0,SL,28504
1787934900000,VALID,1.5,3.5,0.9868798273128687,TIME,299849
1788141930000,VALID,1.5,3.5,-1.0,SL,185551
1788144150000,VALID,1.5,3.5,0.1625308373240479,TIME,299700
1788181080000,VALID,1.5,3.5,-1.0,SL,38551
1788221790000,VALID,1.5,3.5,2.114710064781219,TIME,299099
1788228720000,VALID,1.5,3.5,0.4233070866143109,TIME,299694
1788230910000,VALID,1.5,3.5,-1.0,SL,289651
1788258720000,VALID,1.5,3.5,-0.23607721322376446,TIME,299550
1788262410000,VALID,1.5,3.5,0.738007380073826,TIME,299702
1788271980000,VALID,1.5,3.5,1.1842353759753685,TIME,299702
1788277740000,VALID,1.5,3.5,0.6691760769553038,TIME,299249
1788303150000,VALID,1.5,3.5,0.15487949427106906,TIME,295504
1788321570000,VALID,1.5,3.5,-0.29884282664891015,TIME,297897
1788333960000,VALID,1.5,3.5,0.16808404202099592,TIME,299252
1788353280000,VALID,1.5,3.5,1.0021081531599583,TIME,299551
1788356520000,VALID,1.5,3.5,-1.0,SL,78594
1788377820000,VALID,1.5,3.5,1.413758903615174,TIME,299245
1788409740000,VALID,1.5,3.5,0.6054378077500533,TIME,299093
1788416880000,VALID,1.5,3.5,0.41261420571767266,TIME,299099
1788417360000,VALID,1.5,3.5,0.006094243116904139,TIME,299848
1788439920000,VALID,1.5,3.5,1.6136122733611669,TIME,299849
1788460260000,VALID,1.5,3.5,-1.0,SL,40806
1788461400000,VALID,1.5,3.5,1.406291303198702,TIME,299704
1788486750000,VALID,1.5,3.5,-1.0,SL,115199
1788488160000,VALID,1.5,3.5,-1.0,SL,296101
1788491310000,VALID,1.5,3.5,1.1021923373260065,TIME,299703
1788518280000,VALID,1.5,3.5,-1.0,SL,119696
1788535440000,VALID,1.5,3.5,-0.2079368763054057,TIME,299700
1788551280000,VALID,1.5,3.5,0.14654394513622213,TIME,299849
1788767580000,POST_CHECK,1.5,3.5,-1.0,SL,168303
1788796560000,POST_CHECK,1.5,3.5,-1.0,SL,82342
1788852930000,POST_CHECK,1.5,3.5,-1.0,SL,132443
1788853320000,POST_CHECK,1.5,3.5,-0.5364796046991459,TIME,299701
1788855180000,POST_CHECK,1.5,3.5,-0.17909579880790083,TIME,299099
1788864030000,POST_CHECK,1.5,3.5,-1.0,SL,65255
1788865590000,POST_CHECK,1.5,3.5,-1.0,SL,165003
1788872040000,POST_CHECK,1.5,3.5,1.6419753086419684,TIME,299403
1788873690000,POST_CHECK,1.5,3.5,-1.0,SL,280202
1788891840000,POST_CHECK,1.5,3.5,0.03692191767952436,TIME,299702
1788893880000,POST_CHECK,1.5,3.5,0.0730763276049126,TIME,299698
1788894780000,POST_CHECK,1.5,3.5,-1.0,SL,174595
1788912420000,POST_CHECK,1.5,3.5,2.0542264752790627,TIME,299404
1788921270000,POST_CHECK,1.5,3.5,-1.0,SL,86848
1788927510000,POST_CHECK,1.5,3.5,1.1191484739870545,TIME,299698
1788928650000,POST_CHECK,1.5,3.5,1.7595628415309013,TIME,298646
1788936060000,POST_CHECK,1.5,3.5,-1.0,SL,156002
1788946920000,POST_CHECK,1.5,3.5,-1.0,SL,221248
1788947610000,POST_CHECK,1.5,3.5,2.3333333333333335,TP,271351
1788948900000,POST_CHECK,1.5,3.5,1.0806623931622525,TIME,298946
1788999030000,POST_CHECK,1.5,3.5,-1.0,SL,52047
1789004220000,POST_CHECK,1.5,3.5,0.12295409181650759,TIME,299696
1789006830000,POST_CHECK,1.5,3.5,-1.0,SL,151500
1789007910000,POST_CHECK,1.5,3.5,0.9075862068965433,TIME,299707
1789019610000,POST_CHECK,1.5,3.5,-0.32905982905996856,TIME,299846
1789031820000,POST_CHECK,1.5,3.5,0.3053187170119625,TIME,298500
1789047570000,POST_CHECK,1.5,3.5,0.42207163601164943,TIME,299852
1789053690000,POST_CHECK,1.5,3.5,0.6679877219566742,TIME,299395
1789088850000,POST_CHECK,1.5,3.5,-1.0,SL,90003
1789089270000,POST_CHECK,1.5,3.5,-0.8723128723127604,TIME,299847
1789102410000,POST_CHECK,1.5,3.5,-1.0,SL,52502
1789120140000,POST_CHECK,1.5,3.5,-0.2416587727606757,TIME,299394
1789142100000,POST_CHECK,1.5,3.5,-1.0,SL,115054
1789347690000,POST_CHECK,1.5,3.5,2.3333333333333335,TP,161847
1789383480000,POST_CHECK,1.5,3.5,-1.0,SL,43649
1789388280000,POST_CHECK,1.5,3.5,2.3333333333333335,TP,210148
1789394400000,POST_CHECK,1.5,3.5,0.7749542337646524,TIME,299703
1789394850000,POST_CHECK,1.5,3.5,-1.0,SL,156296
1789396470000,POST_CHECK,1.5,3.5,-0.23027682394341556,TIME,299695
1789403580000,POST_CHECK,1.5,3.5,-0.21336628565567226,TIME,299552
1789411020000,POST_CHECK,1.5,3.5,-1.0,SL,201002
1789428060000,POST_CHECK,1.5,3.5,0.783638320774659,TIME,297150
1789445400000,POST_CHECK,1.5,3.5,-1.0,SL,88206
1789458150000,POST_CHECK,1.5,3.5,2.3333333333333335,TP,271801
1789468860000,POST_CHECK,1.5,3.5,1.6884757478249204,TIME,299697
1786060200000,TRAIN,1.5,3.75,1.543901708121152,TIME,298803
1786061580000,TRAIN,1.5,3.75,-1.0,SL,30755
1786072020000,TRAIN,1.5,3.75,-1.0,SL,256049
1786096110000,TRAIN,1.5,3.75,0.40136408300091153,TIME,299248
1786105620000,TRAIN,1.5,3.75,-1.0,SL,166353
1786332630000,TRAIN,1.5,3.75,-0.6559802712699548,TIME,298802
1786340220000,TRAIN,1.5,3.75,0.5421073247158862,TIME,299702
1786341540000,TRAIN,1.5,3.75,0.4458036017666986,TIME,299704
1786352040000,TRAIN,1.5,3.75,0.21365724519223728,TIME,298199
1786358100000,TRAIN,1.5,3.75,-1.0,SL,58503
1786381140000,TRAIN,1.5,3.75,-1.0,SL,65697
1786430640000,TRAIN,1.5,3.75,-0.0328194031196755,TIME,299701
1786438140000,TRAIN,1.5,3.75,-0.6632556376730177,TIME,299098
1786438500000,TRAIN,1.5,3.75,-1.0,SL,294748
1786440810000,TRAIN,1.5,3.75,-0.06746618476542413,TIME,299698
1786451070000,TRAIN,1.5,3.75,0.5972108285481196,TIME,299701
1786454340000,TRAIN,1.5,3.75,-1.0,SL,104999
1786463010000,TRAIN,1.5,3.75,-0.6824020199802234,TIME,299701
1786471950000,TRAIN,1.5,3.75,-0.6803269510693221,TIME,299100
1786493160000,TRAIN,1.5,3.75,-1.0,SL,260550
1786504530000,TRAIN,1.5,3.75,-1.0,SL,89853
1786526850000,TRAIN,1.5,3.75,-1.0,SL,180899
1786550940000,TRAIN,1.5,3.75,1.0949286230070923,TIME,299698
1786553460000,TRAIN,1.5,3.75,0.5083988736769736,TIME,299852
1786553820000,TRAIN,1.5,3.75,1.3519268256109234,TIME,299856
1786581240000,TRAIN,1.5,3.75,-1.0,SL,10203
1786587240000,TRAIN,1.5,3.75,-0.1805495404456083,TIME,298197
1786593510000,TRAIN,1.5,3.75,0.2555202476983828,TIME,298656
1786624980000,TRAIN,1.5,3.75,-0.5297976659070103,TIME,299702
1786632990000,TRAIN,1.5,3.75,-0.1595184349136694,TIME,299395
1786633320000,TRAIN,1.5,3.75,2.5,TP,236103
1786653840000,TRAIN,1.5,3.75,-0.6765513454146224,TIME,298501
1786670520000,TRAIN,1.5,3.75,0.7978319783198093,TIME,299843
1786687980000,TRAIN,1.5,3.75,-0.26487428429182064,TIME,299701
1786693650000,TRAIN,1.5,3.75,1.1201653380572512,TIME,298201
1786952010000,TRAIN,1.5,3.75,0.43087879944047436,TIME,299250
1786953810000,TRAIN,1.5,3.75,0.6913580246911604,TIME,299251
1786961190000,TRAIN,1.5,3.75,0.0288511076765552,TIME,298349
1786974090000,TRAIN,1.5,3.75,0.048559041060972995,TIME,299706
1787014200000,TRAIN,1.5,3.75,-1.0,SL,191846
1787023770000,TRAIN,1.5,3.75,0.27716535433064304,TIME,299548
1787047590000,TRAIN,1.5,3.75,-1.0,SL,112953
1787049660000,TRAIN,1.5,3.75,0.23688663282606637,TIME,299843
1787066490000,TRAIN,1.5,3.75,0.09500015422106285,TIME,299852
1787082420000,TRAIN,1.5,3.75,-1.0,SL,61346
1787084850000,TRAIN,1.5,3.75,0.4168175417419276,TIME,299098
1787098590000,TRAIN,1.5,3.75,-0.47757341077752075,TIME,299701
1787104830000,TRAIN,1.5,3.75,0.5408923884512499,TIME,299698
1787117580000,TRAIN,1.5,3.75,-0.3413444792755941,TIME,299551
1787140380000,TRAIN,1.5,3.75,0.6463276836156081,TIME,299695
1787141130000,TRAIN,1.5,3.75,-1.0,SL,132456
1787143260000,TRAIN,1.5,3.75,-1.0,SL,63760
1787149170000,TRAIN,1.5,3.75,0.7022824178580139,TIME,299694
1787170380000,TRAIN,1.5,3.75,-1.0,SL,78298
1787184990000,VALID,1.5,3.75,-1.0,SL,58499
1787199990000,VALID,1.5,3.75,2.5,TP,208054
1787220390000,VALID,1.5,3.75,0.7819924968737301,TIME,298952
1787229570000,VALID,1.5,3.75,-1.0,SL,71698
1787232870000,VALID,1.5,3.75,-1.0,SL,46504
1787234520000,VALID,1.5,3.75,1.0510908008544018,TIME,299848
1787246430000,VALID,1.5,3.75,0.6510299816439208,TIME,299100
1787267280000,VALID,1.5,3.75,-1.0,SL,26249
1787288910000,VALID,1.5,3.75,0.06594053576679441,TIME,299407
1787298090000,VALID,1.5,3.75,-0.38347260909913355,TIME,299698
1787312280000,VALID,1.5,3.75,2.108518620184701,TIME,299850
1787325840000,VALID,1.5,3.75,-1.0,SL,65708
1787339850000,VALID,1.5,3.75,0.6598870056496875,TIME,298948
1787340270000,VALID,1.5,3.75,-1.0,SL,160801
1787527200000,VALID,1.5,3.75,-1.0,SL,73651
1787534100000,VALID,1.5,3.75,-0.11288983754303478,TIME,299695
1787579790000,VALID,1.5,3.75,0.21162930516193382,TIME,299862
1787583030000,VALID,1.5,3.75,-1.0,SL,48898
1787609970000,VALID,1.5,3.75,-0.278675150921743,TIME,299399
1787630220000,VALID,1.5,3.75,1.374957491668338,TIME,298354
1787647740000,VALID,1.5,3.75,-1.0,SL,148495
1787660070000,VALID,1.5,3.75,-1.0,SL,246610
1787661450000,VALID,1.5,3.75,-1.0,SL,153000
1787664090000,VALID,1.5,3.75,-1.0,SL,76350
1787666490000,VALID,1.5,3.75,0.38035297511329946,TIME,299554
1787687220000,VALID,1.5,3.75,0.8431561996778228,TIME,299553
1787709300000,VALID,1.5,3.75,1.2267109389411437,TIME,299097
1787723070000,VALID,1.5,3.75,-0.4302235298925716,TIME,299408
1787740170000,VALID,1.5,3.75,1.4125412541255473,TIME,299845
1787749530000,VALID,1.5,3.75,-0.14272863568209315,TIME,299859
1787753850000,VALID,1.5,3.75,-1.0,SL,295203
1787788590000,VALID,1.5,3.75,-1.0,SL,85200
1787790000000,VALID,1.5,3.75,-0.39378473403644665,TIME,299107
1787794950000,VALID,1.5,3.75,-1.0,SL,97950
1787798520000,VALID,1.5,3.75,-0.7465531224655597,TIME,298648
1787811390000,VALID,1.5,3.75,1.2905619842782414,TIME,299544
1787823090000,VALID,1.5,3.75,-1.0,SL,124047
1787827440000,VALID,1.5,3.75,-1.0,SL,112050
1787834550000,VALID,1.5,3.75,0.7422030677974202,TIME,299699
1787844150000,VALID,1.5,3.75,-1.0,SL,36902
1787854650000,VALID,1.5,3.75,-0.10783055198990528,TIME,299698
1787883540000,VALID,1.5,3.75,-1.0,SL,283508
1787917320000,VALID,1.5,3.75,-1.0,SL,67650
1787924280000,VALID,1.5,3.75,1.06952965235162,TIME,299850
1787925720000,VALID,1.5,3.75,-1.0,SL,28504
1787934900000,VALID,1.5,3.75,0.9868798273128687,TIME,299849
1788141930000,VALID,1.5,3.75,-1.0,SL,185551
1788144150000,VALID,1.5,3.75,0.1625308373240479,TIME,299700
1788181080000,VALID,1.5,3.75,-1.0,SL,38551
1788221790000,VALID,1.5,3.75,2.114710064781219,TIME,299099
1788228720000,VALID,1.5,3.75,0.4233070866143109,TIME,299694
1788230910000,VALID,1.5,3.75,-1.0,SL,289651
1788258720000,VALID,1.5,3.75,-0.23607721322376446,TIME,299550
1788262410000,VALID,1.5,3.75,0.738007380073826,TIME,299702
1788271980000,VALID,1.5,3.75,1.1842353759753685,TIME,299702
1788277740000,VALID,1.5,3.75,0.6691760769553038,TIME,299249
1788303150000,VALID,1.5,3.75,0.15487949427106906,TIME,295504
1788321570000,VALID,1.5,3.75,-0.29884282664891015,TIME,297897
1788333960000,VALID,1.5,3.75,0.16808404202099592,TIME,299252
1788353280000,VALID,1.5,3.75,1.0021081531599583,TIME,299551
1788356520000,VALID,1.5,3.75,-1.0,SL,78594
1788377820000,VALID,1.5,3.75,1.413758903615174,TIME,299245
1788409740000,VALID,1.5,3.75,0.6054378077500533,TIME,299093
1788416880000,VALID,1.5,3.75,0.41261420571767266,TIME,299099
1788417360000,VALID,1.5,3.75,0.006094243116904139,TIME,299848
1788439920000,VALID,1.5,3.75,1.6136122733611669,TIME,299849
1788460260000,VALID,1.5,3.75,-1.0,SL,40806
1788461400000,VALID,1.5,3.75,1.406291303198702,TIME,299704
1788486750000,VALID,1.5,3.75,-1.0,SL,115199
1788488160000,VALID,1.5,3.75,-1.0,SL,296101
1788491310000,VALID,1.5,3.75,1.1021923373260065,TIME,299703
1788518280000,VALID,1.5,3.75,-1.0,SL,119696
1788535440000,VALID,1.5,3.75,-0.2079368763054057,TIME,299700
1788551280000,VALID,1.5,3.75,0.14654394513622213,TIME,299849
1788767580000,POST_CHECK,1.5,3.75,-1.0,SL,168303
1788796560000,POST_CHECK,1.5,3.75,-1.0,SL,82342
1788852930000,POST_CHECK,1.5,3.75,-1.0,SL,132443
1788853320000,POST_CHECK,1.5,3.75,-0.5364796046991459,TIME,299701
1788855180000,POST_CHECK,1.5,3.75,-0.17909579880790083,TIME,299099
1788864030000,POST_CHECK,1.5,3.75,-1.0,SL,65255
1788865590000,POST_CHECK,1.5,3.75,-1.0,SL,165003
1788872040000,POST_CHECK,1.5,3.75,1.6419753086419684,TIME,299403
1788873690000,POST_CHECK,1.5,3.75,-1.0,SL,280202
1788891840000,POST_CHECK,1.5,3.75,0.03692191767952436,TIME,299702
1788893880000,POST_CHECK,1.5,3.75,0.0730763276049126,TIME,299698
1788894780000,POST_CHECK,1.5,3.75,-1.0,SL,174595
1788912420000,POST_CHECK,1.5,3.75,2.0542264752790627,TIME,299404
1788921270000,POST_CHECK,1.5,3.75,-1.0,SL,86848
1788927510000,POST_CHECK,1.5,3.75,1.1191484739870545,TIME,299698
1788928650000,POST_CHECK,1.5,3.75,1.7595628415309013,TIME,298646
1788936060000,POST_CHECK,1.5,3.75,-1.0,SL,156002
1788946920000,POST_CHECK,1.5,3.75,-1.0,SL,221248
1788947610000,POST_CHECK,1.5,3.75,1.8354042859718709,TIME,299547
1788948900000,POST_CHECK,1.5,3.75,1.0806623931622525,TIME,298946
1788999030000,POST_CHECK,1.5,3.75,-1.0,SL,52047
1789004220000,POST_CHECK,1.5,3.75,0.12295409181650759,TIME,299696
1789006830000,POST_CHECK,1.5,3.75,-1.0,SL,151500
1789007910000,POST_CHECK,1.5,3.75,0.9075862068965433,TIME,299707
1789019610000,POST_CHECK,1.5,3.75,-0.32905982905996856,TIME,299846
1789031820000,POST_CHECK,1.5,3.75,0.3053187170119625,TIME,298500
1789047570000,POST_CHECK,1.5,3.75,0.42207163601164943,TIME,299852
1789053690000,POST_CHECK,1.5,3.75,0.6679877219566742,TIME,299395
1789088850000,POST_CHECK,1.5,3.75,-1.0,SL,90003
1789089270000,POST_CHECK,1.5,3.75,-0.8723128723127604,TIME,299847
1789102410000,POST_CHECK,1.5,3.75,-1.0,SL,52502
1789120140000,POST_CHECK,1.5,3.75,-0.2416587727606757,TIME,299394
1789142100000,POST_CHECK,1.5,3.75,-1.0,SL,115054
1789347690000,POST_CHECK,1.5,3.75,2.5,TP,209248
1789383480000,POST_CHECK,1.5,3.75,-1.0,SL,43649
1789388280000,POST_CHECK,1.5,3.75,2.5,TP,240146
1789394400000,POST_CHECK,1.5,3.75,0.7749542337646524,TIME,299703
1789394850000,POST_CHECK,1.5,3.75,-1.0,SL,156296
1789396470000,POST_CHECK,1.5,3.75,-0.23027682394341556,TIME,299695
1789403580000,POST_CHECK,1.5,3.75,-0.21336628565567226,TIME,299552
1789411020000,POST_CHECK,1.5,3.75,-1.0,SL,201002
1789428060000,POST_CHECK,1.5,3.75,0.783638320774659,TIME,297150
1789445400000,POST_CHECK,1.5,3.75,-1.0,SL,88206
1789458150000,POST_CHECK,1.5,3.75,2.5,TP,271944
1789468860000,POST_CHECK,1.5,3.75,1.6884757478249204,TIME,299697
1786060200000,TRAIN,1.5,4.0,1.543901708121152,TIME,298803
1786061580000,TRAIN,1.5,4.0,-1.0,SL,30755
1786072020000,TRAIN,1.5,4.0,-1.0,SL,256049
1786096110000,TRAIN,1.5,4.0,0.40136408300091153,TIME,299248
1786105620000,TRAIN,1.5,4.0,-1.0,SL,166353
1786332630000,TRAIN,1.5,4.0,-0.6559802712699548,TIME,298802
1786340220000,TRAIN,1.5,4.0,0.5421073247158862,TIME,299702
1786341540000,TRAIN,1.5,4.0,0.4458036017666986,TIME,299704
1786352040000,TRAIN,1.5,4.0,0.21365724519223728,TIME,298199
1786358100000,TRAIN,1.5,4.0,-1.0,SL,58503
1786381140000,TRAIN,1.5,4.0,-1.0,SL,65697
1786430640000,TRAIN,1.5,4.0,-0.0328194031196755,TIME,299701
1786438140000,TRAIN,1.5,4.0,-0.6632556376730177,TIME,299098
1786438500000,TRAIN,1.5,4.0,-1.0,SL,294748
1786440810000,TRAIN,1.5,4.0,-0.06746618476542413,TIME,299698
1786451070000,TRAIN,1.5,4.0,0.5972108285481196,TIME,299701
1786454340000,TRAIN,1.5,4.0,-1.0,SL,104999
1786463010000,TRAIN,1.5,4.0,-0.6824020199802234,TIME,299701
1786471950000,TRAIN,1.5,4.0,-0.6803269510693221,TIME,299100
1786493160000,TRAIN,1.5,4.0,-1.0,SL,260550
1786504530000,TRAIN,1.5,4.0,-1.0,SL,89853
1786526850000,TRAIN,1.5,4.0,-1.0,SL,180899
1786550940000,TRAIN,1.5,4.0,1.0949286230070923,TIME,299698
1786553460000,TRAIN,1.5,4.0,0.5083988736769736,TIME,299852
1786553820000,TRAIN,1.5,4.0,1.3519268256109234,TIME,299856
1786581240000,TRAIN,1.5,4.0,-1.0,SL,10203
1786587240000,TRAIN,1.5,4.0,-0.1805495404456083,TIME,298197
1786593510000,TRAIN,1.5,4.0,0.2555202476983828,TIME,298656
1786624980000,TRAIN,1.5,4.0,-0.5297976659070103,TIME,299702
1786632990000,TRAIN,1.5,4.0,-0.1595184349136694,TIME,299395
1786633320000,TRAIN,1.5,4.0,2.6666666666666665,TP,254703
1786653840000,TRAIN,1.5,4.0,-0.6765513454146224,TIME,298501
1786670520000,TRAIN,1.5,4.0,0.7978319783198093,TIME,299843
1786687980000,TRAIN,1.5,4.0,-0.26487428429182064,TIME,299701
1786693650000,TRAIN,1.5,4.0,1.1201653380572512,TIME,298201
1786952010000,TRAIN,1.5,4.0,0.43087879944047436,TIME,299250
1786953810000,TRAIN,1.5,4.0,0.6913580246911604,TIME,299251
1786961190000,TRAIN,1.5,4.0,0.0288511076765552,TIME,298349
1786974090000,TRAIN,1.5,4.0,0.048559041060972995,TIME,299706
1787014200000,TRAIN,1.5,4.0,-1.0,SL,191846
1787023770000,TRAIN,1.5,4.0,0.27716535433064304,TIME,299548
1787047590000,TRAIN,1.5,4.0,-1.0,SL,112953
1787049660000,TRAIN,1.5,4.0,0.23688663282606637,TIME,299843
1787066490000,TRAIN,1.5,4.0,0.09500015422106285,TIME,299852
1787082420000,TRAIN,1.5,4.0,-1.0,SL,61346
1787084850000,TRAIN,1.5,4.0,0.4168175417419276,TIME,299098
1787098590000,TRAIN,1.5,4.0,-0.47757341077752075,TIME,299701
1787104830000,TRAIN,1.5,4.0,0.5408923884512499,TIME,299698
1787117580000,TRAIN,1.5,4.0,-0.3413444792755941,TIME,299551
1787140380000,TRAIN,1.5,4.0,0.6463276836156081,TIME,299695
1787141130000,TRAIN,1.5,4.0,-1.0,SL,132456
1787143260000,TRAIN,1.5,4.0,-1.0,SL,63760
1787149170000,TRAIN,1.5,4.0,0.7022824178580139,TIME,299694
1787170380000,TRAIN,1.5,4.0,-1.0,SL,78298
1787184990000,VALID,1.5,4.0,-1.0,SL,58499
1787199990000,VALID,1.5,4.0,2.6666666666666665,TP,211803
1787220390000,VALID,1.5,4.0,0.7819924968737301,TIME,298952
1787229570000,VALID,1.5,4.0,-1.0,SL,71698
1787232870000,VALID,1.5,4.0,-1.0,SL,46504
1787234520000,VALID,1.5,4.0,1.0510908008544018,TIME,299848
1787246430000,VALID,1.5,4.0,0.6510299816439208,TIME,299100
1787267280000,VALID,1.5,4.0,-1.0,SL,26249
1787288910000,VALID,1.5,4.0,0.06594053576679441,TIME,299407
1787298090000,VALID,1.5,4.0,-0.38347260909913355,TIME,299698
1787312280000,VALID,1.5,4.0,2.108518620184701,TIME,299850
1787325840000,VALID,1.5,4.0,-1.0,SL,65708
1787339850000,VALID,1.5,4.0,0.6598870056496875,TIME,298948
1787340270000,VALID,1.5,4.0,-1.0,SL,160801
1787527200000,VALID,1.5,4.0,-1.0,SL,73651
1787534100000,VALID,1.5,4.0,-0.11288983754303478,TIME,299695
1787579790000,VALID,1.5,4.0,0.21162930516193382,TIME,299862
1787583030000,VALID,1.5,4.0,-1.0,SL,48898
1787609970000,VALID,1.5,4.0,-0.278675150921743,TIME,299399
1787630220000,VALID,1.5,4.0,1.374957491668338,TIME,298354
1787647740000,VALID,1.5,4.0,-1.0,SL,148495
1787660070000,VALID,1.5,4.0,-1.0,SL,246610
1787661450000,VALID,1.5,4.0,-1.0,SL,153000
1787664090000,VALID,1.5,4.0,-1.0,SL,76350
1787666490000,VALID,1.5,4.0,0.38035297511329946,TIME,299554
1787687220000,VALID,1.5,4.0,0.8431561996778228,TIME,299553
1787709300000,VALID,1.5,4.0,1.2267109389411437,TIME,299097
1787723070000,VALID,1.5,4.0,-0.4302235298925716,TIME,299408
1787740170000,VALID,1.5,4.0,1.4125412541255473,TIME,299845
1787749530000,VALID,1.5,4.0,-0.14272863568209315,TIME,299859
1787753850000,VALID,1.5,4.0,-1.0,SL,295203
1787788590000,VALID,1.5,4.0,-1.0,SL,85200
1787790000000,VALID,1.5,4.0,-0.39378473403644665,TIME,299107
1787794950000,VALID,1.5,4.0,-1.0,SL,97950
1787798520000,VALID,1.5,4.0,-0.7465531224655597,TIME,298648
1787811390000,VALID,1.5,4.0,1.2905619842782414,TIME,299544
1787823090000,VALID,1.5,4.0,-1.0,SL,124047
1787827440000,VALID,1.5,4.0,-1.0,SL,112050
1787834550000,VALID,1.5,4.0,0.7422030677974202,TIME,299699
1787844150000,VALID,1.5,4.0,-1.0,SL,36902
1787854650000,VALID,1.5,4.0,-0.10783055198990528,TIME,299698
1787883540000,VALID,1.5,4.0,-1.0,SL,283508
1787917320000,VALID,1.5,4.0,-1.0,SL,67650
1787924280000,VALID,1.5,4.0,1.06952965235162,TIME,299850
1787925720000,VALID,1.5,4.0,-1.0,SL,28504
1787934900000,VALID,1.5,4.0,0.9868798273128687,TIME,299849
1788141930000,VALID,1.5,4.0,-1.0,SL,185551
1788144150000,VALID,1.5,4.0,0.1625308373240479,TIME,299700
1788181080000,VALID,1.5,4.0,-1.0,SL,38551
1788221790000,VALID,1.5,4.0,2.114710064781219,TIME,299099
1788228720000,VALID,1.5,4.0,0.4233070866143109,TIME,299694
1788230910000,VALID,1.5,4.0,-1.0,SL,289651
1788258720000,VALID,1.5,4.0,-0.23607721322376446,TIME,299550
1788262410000,VALID,1.5,4.0,0.738007380073826,TIME,299702
1788271980000,VALID,1.5,4.0,1.1842353759753685,TIME,299702
1788277740000,VALID,1.5,4.0,0.6691760769553038,TIME,299249
1788303150000,VALID,1.5,4.0,0.15487949427106906,TIME,295504
1788321570000,VALID,1.5,4.0,-0.29884282664891015,TIME,297897
1788333960000,VALID,1.5,4.0,0.16808404202099592,TIME,299252
1788353280000,VALID,1.5,4.0,1.0021081531599583,TIME,299551
1788356520000,VALID,1.5,4.0,-1.0,SL,78594
1788377820000,VALID,1.5,4.0,1.413758903615174,TIME,299245
1788409740000,VALID,1.5,4.0,0.6054378077500533,TIME,299093
1788416880000,VALID,1.5,4.0,0.41261420571767266,TIME,299099
1788417360000,VALID,1.5,4.0,0.006094243116904139,TIME,299848
1788439920000,VALID,1.5,4.0,1.6136122733611669,TIME,299849
1788460260000,VALID,1.5,4.0,-1.0,SL,40806
1788461400000,VALID,1.5,4.0,1.406291303198702,TIME,299704
1788486750000,VALID,1.5,4.0,-1.0,SL,115199
1788488160000,VALID,1.5,4.0,-1.0,SL,296101
1788491310000,VALID,1.5,4.0,1.1021923373260065,TIME,299703
1788518280000,VALID,1.5,4.0,-1.0,SL,119696
1788535440000,VALID,1.5,4.0,-0.2079368763054057,TIME,299700
1788551280000,VALID,1.5,4.0,0.14654394513622213,TIME,299849
1788767580000,POST_CHECK,1.5,4.0,-1.0,SL,168303
1788796560000,POST_CHECK,1.5,4.0,-1.0,SL,82342
1788852930000,POST_CHECK,1.5,4.0,-1.0,SL,132443
1788853320000,POST_CHECK,1.5,4.0,-0.5364796046991459,TIME,299701
1788855180000,POST_CHECK,1.5,4.0,-0.17909579880790083,TIME,299099
1788864030000,POST_CHECK,1.5,4.0,-1.0,SL,65255
1788865590000,POST_CHECK,1.5,4.0,-1.0,SL,165003
1788872040000,POST_CHECK,1.5,4.0,1.6419753086419684,TIME,299403
1788873690000,POST_CHECK,1.5,4.0,-1.0,SL,280202
1788891840000,POST_CHECK,1.5,4.0,0.03692191767952436,TIME,299702
1788893880000,POST_CHECK,1.5,4.0,0.0730763276049126,TIME,299698
1788894780000,POST_CHECK,1.5,4.0,-1.0,SL,174595
1788912420000,POST_CHECK,1.5,4.0,2.0542264752790627,TIME,299404
1788921270000,POST_CHECK,1.5,4.0,-1.0,SL,86848
1788927510000,POST_CHECK,1.5,4.0,1.1191484739870545,TIME,299698
1788928650000,POST_CHECK,1.5,4.0,1.7595628415309013,TIME,298646
1788936060000,POST_CHECK,1.5,4.0,-1.0,SL,156002
1788946920000,POST_CHECK,1.5,4.0,-1.0,SL,221248
1788947610000,POST_CHECK,1.5,4.0,1.8354042859718709,TIME,299547
1788948900000,POST_CHECK,1.5,4.0,1.0806623931622525,TIME,298946
1788999030000,POST_CHECK,1.5,4.0,-1.0,SL,52047
1789004220000,POST_CHECK,1.5,4.0,0.12295409181650759,TIME,299696
1789006830000,POST_CHECK,1.5,4.0,-1.0,SL,151500
1789007910000,POST_CHECK,1.5,4.0,0.9075862068965433,TIME,299707
1789019610000,POST_CHECK,1.5,4.0,-0.32905982905996856,TIME,299846
1789031820000,POST_CHECK,1.5,4.0,0.3053187170119625,TIME,298500
1789047570000,POST_CHECK,1.5,4.0,0.42207163601164943,TIME,299852
1789053690000,POST_CHECK,1.5,4.0,0.6679877219566742,TIME,299395
1789088850000,POST_CHECK,1.5,4.0,-1.0,SL,90003
1789089270000,POST_CHECK,1.5,4.0,-0.8723128723127604,TIME,299847
1789102410000,POST_CHECK,1.5,4.0,-1.0,SL,52502
1789120140000,POST_CHECK,1.5,4.0,-0.2416587727606757,TIME,299394
1789142100000,POST_CHECK,1.5,4.0,-1.0,SL,115054
1789347690000,POST_CHECK,1.5,4.0,2.1991008349390926,TIME,299849
1789383480000,POST_CHECK,1.5,4.0,-1.0,SL,43649
1789388280000,POST_CHECK,1.5,4.0,2.277835229230786,TIME,299243
1789394400000,POST_CHECK,1.5,4.0,0.7749542337646524,TIME,299703
1789394850000,POST_CHECK,1.5,4.0,-1.0,SL,156296
1789396470000,POST_CHECK,1.5,4.0,-0.23027682394341556,TIME,299695
1789403580000,POST_CHECK,1.5,4.0,-0.21336628565567226,TIME,299552
1789411020000,POST_CHECK,1.5,4.0,-1.0,SL,201002
1789428060000,POST_CHECK,1.5,4.0,0.783638320774659,TIME,297150
1789445400000,POST_CHECK,1.5,4.0,-1.0,SL,88206
1789458150000,POST_CHECK,1.5,4.0,2.6666666666666665,TP,271944
1789468860000,POST_CHECK,1.5,4.0,1.6884757478249204,TIME,299697
1786060200000,TRAIN,1.75,2.75,1.3233443212467015,TIME,298803
1786061580000,TRAIN,1.75,2.75,-1.0,SL,35553
1786072020000,TRAIN,1.75,2.75,-1.0,SL,259650
1786096110000,TRAIN,1.75,2.75,0.34402635685792415,TIME,299248
1786105620000,TRAIN,1.75,2.75,-1.0,SL,166353
1786332630000,TRAIN,1.75,2.75,-0.5622688039456756,TIME,298802
1786340220000,TRAIN,1.75,2.75,0.46466342118504533,TIME,299702
1786341540000,TRAIN,1.75,2.75,0.3821173729428845,TIME,299704
1786352040000,TRAIN,1.75,2.75,0.18313478159334626,TIME,298199
1786358100000,TRAIN,1.75,2.75,-1.0,SL,62852
1786381140000,TRAIN,1.75,2.75,0.022201665125032556,TIME,299700
1786430640000,TRAIN,1.75,2.75,-0.02813091695972186,TIME,299701
1786438140000,TRAIN,1.75,2.75,-0.568504832291158,TIME,299098
1786438500000,TRAIN,1.75,2.75,-0.9539192399048408,TIME,299551
1786440810000,TRAIN,1.75,2.75,-0.057828158370363536,TIME,299698
1786451070000,TRAIN,1.75,2.75,0.5118949958983882,TIME,299701
1786454340000,TRAIN,1.75,2.75,-1.0,SL,167548
1786463010000,TRAIN,1.75,2.75,-0.5849160171259057,TIME,299701
1786471950000,TRAIN,1.75,2.75,-0.5831373866308475,TIME,299100
1786493160000,TRAIN,1.75,2.75,-0.5772634445201383,TIME,299099
1786504530000,TRAIN,1.75,2.75,-1.0,SL,110100
1786526850000,TRAIN,1.75,2.75,-1.0,SL,274799
1786550940000,TRAIN,1.75,2.75,0.9385102482917934,TIME,299698
1786553460000,TRAIN,1.75,2.75,0.4357704631516916,TIME,299852
1786553820000,TRAIN,1.75,2.75,1.15879442195222,TIME,299856
1786581240000,TRAIN,1.75,2.75,-1.0,SL,10502
1786587240000,TRAIN,1.75,2.75,-0.15475674895337857,TIME,298197
1786593510000,TRAIN,1.75,2.75,1.5714285714285714,TP,166352
1786624980000,TRAIN,1.75,2.75,-0.45411228506315165,TIME,299702
1786632990000,TRAIN,1.75,2.75,-0.1367300870688595,TIME,299395
1786633320000,TRAIN,1.75,2.75,1.5714285714285714,TP,216748
1786653840000,TRAIN,1.75,2.75,-0.5799011532125334,TIME,298501
1786670520000,TRAIN,1.75,2.75,0.6838559814169793,TIME,299843
1786687980000,TRAIN,1.75,2.75,-0.22703510082156053,TIME,299701
1786693650000,TRAIN,1.75,2.75,0.9601417183347869,TIME,298201
1786952010000,TRAIN,1.75,2.75,0.3693246852346923,TIME,299250
1786953810000,TRAIN,1.75,2.75,0.5925925925924233,TIME,299251
1786961190000,TRAIN,1.75,2.75,0.024729520865618745,TIME,298349
1786974090000,TRAIN,1.75,2.75,0.041622035195119714,TIME,299706
1787014200000,TRAIN,1.75,2.75,-0.2781774580339241,TIME,299852
1787023770000,TRAIN,1.75,2.75,0.23757030371197974,TIME,299548
1787047590000,TRAIN,1.75,2.75,-0.4757768125629323,TIME,299701
1787049660000,TRAIN,1.75,2.75,0.20304568527948544,TIME,299843
1787066490000,TRAIN,1.75,2.75,0.08142870361805388,TIME,299852
1787082420000,TRAIN,1.75,2.75,-1.0,SL,61499
1787084850000,TRAIN,1.75,2.75,0.3572721786359379,TIME,299098
1787098590000,TRAIN,1.75,2.75,-0.4093486378093035,TIME,299701
1787104830000,TRAIN,1.75,2.75,0.4636220472439285,TIME,299698
1787117580000,TRAIN,1.75,2.75,-0.2925809822362235,TIME,299551
1787140380000,TRAIN,1.75,2.75,0.5539951573848069,TIME,299695
1787141130000,TRAIN,1.75,2.75,-1.0,SL,141599
1787143260000,TRAIN,1.75,2.75,-1.0,SL,131547
1787149170000,TRAIN,1.75,2.75,0.6019563581640119,TIME,299694
1787170380000,TRAIN,1.75,2.75,-1.0,SL,84149
1787184990000,VALID,1.75,2.75,-1.0,SL,59999
1787199990000,VALID,1.75,2.75,1.5714285714285714,TP,169650
1787220390000,VALID,1.75,2.75,0.6702792830346258,TIME,298952
1787229570000,VALID,1.75,2.75,-1.0,SL,88204
1787232870000,VALID,1.75,2.75,-1.0,SL,46504
1787234520000,VALID,1.75,2.75,0.9009349721609159,TIME,299848
1787246430000,VALID,1.75,2.75,0.5580256985519321,TIME,299100
1787267280000,VALID,1.75,2.75,-1.0,SL,26249
1787288910000,VALID,1.75,2.75,0.05652045922868092,TIME,299407
1787298090000,VALID,1.75,2.75,-0.3286908077992573,TIME,299698
1787312280000,VALID,1.75,2.75,1.5714285714285714,TP,175349
1787325840000,VALID,1.75,2.75,-1.0,SL,65708
1787339850000,VALID,1.75,2.75,0.5656174334140178,TIME,298948
1787340270000,VALID,1.75,2.75,-1.0,SL,210753
1787527200000,VALID,1.75,2.75,-1.0,SL,73951
1787534100000,VALID,1.75,2.75,-0.09676271789402982,TIME,299695
1787579790000,VALID,1.75,2.75,0.18139654728165758,TIME,299862
1787583030000,VALID,1.75,2.75,-1.0,SL,52798
1787609970000,VALID,1.75,2.75,-0.23886441507577974,TIME,299399
1787630220000,VALID,1.75,2.75,1.1785349928585755,TIME,298354
1787647740000,VALID,1.75,2.75,-0.5725541694025709,TIME,299694
1787660070000,VALID,1.75,2.75,-1.0,SL,249148
1787661450000,VALID,1.75,2.75,1.1152536877939772,TIME,299854
1787664090000,VALID,1.75,2.75,-1.0,SL,87300
1787666490000,VALID,1.75,2.75,0.3260168358113995,TIME,299554
1787687220000,VALID,1.75,2.75,1.5714285714285714,TP,257400
1787709300000,VALID,1.75,2.75,1.5714285714285714,TP,181202
1787723070000,VALID,1.75,2.75,-0.3687630256222042,TIME,299408
1787740170000,VALID,1.75,2.75,1.5714285714285714,TP,253500
1787749530000,VALID,1.75,2.75,-0.12233883058465125,TIME,299859
1787753850000,VALID,1.75,2.75,-0.8630998345283413,TIME,299547
1787788590000,VALID,1.75,2.75,-1.0,SL,85200
1787790000000,VALID,1.75,2.75,-0.33752977203123996,TIME,299107
1787794950000,VALID,1.75,2.75,-1.0,SL,98102
1787798520000,VALID,1.75,2.75,-0.6399026763990512,TIME,298648
1787811390000,VALID,1.75,2.75,1.106195986524207,TIME,299544
1787823090000,VALID,1.75,2.75,-1.0,SL,137550
1787827440000,VALID,1.75,2.75,-0.7605850654350411,TIME,299547
1787834550000,VALID,1.75,2.75,0.6361740581120745,TIME,299699
1787844150000,VALID,1.75,2.75,-1.0,SL,161100
1787854650000,VALID,1.75,2.75,-0.09242618741991881,TIME,299698
1787883540000,VALID,1.75,2.75,-0.8924302788845059,TIME,298800
1787917320000,VALID,1.75,2.75,-1.0,SL,174002
1787924280000,VALID,1.75,2.75,0.9167397020156742,TIME,299850
1787925720000,VALID,1.75,2.75,-1.0,SL,123456
1787934900000,VALID,1.75,2.75,0.8458969948396017,TIME,299849
1788141930000,VALID,1.75,2.75,-1.0,SL,189598
1788144150000,VALID,1.75,2.75,0.13931214627775534,TIME,299700
1788181080000,VALID,1.75,2.75,-1.0,SL,44846
1788221790000,VALID,1.75,2.75,1.5714285714285714,TP,286051
1788228720000,VALID,1.75,2.75,0.3628346456694093,TIME,299694
1788230910000,VALID,1.75,2.75,-0.925771715721435,TIME,299700
1788258720000,VALID,1.75,2.75,-0.202351897048941,TIME,299550
1788262410000,VALID,1.75,2.75,0.6325777543489938,TIME,299702
1788271980000,VALID,1.75,2.75,1.015058893693173,TIME,299702
1788277740000,VALID,1.75,2.75,0.5735794945331175,TIME,299249
1788303150000,VALID,1.75,2.75,0.1327538522323449,TIME,295504
1788321570000,VALID,1.75,2.75,-0.2561509942704944,TIME,297897
1788333960000,VALID,1.75,2.75,0.1440720360179965,TIME,299252
1788353280000,VALID,1.75,2.75,0.8589498455656785,TIME,299551
1788356520000,VALID,1.75,2.75,-1.0,SL,143247
1788377820000,VALID,1.75,2.75,1.2117933459558634,TIME,299245
1788409740000,VALID,1.75,2.75,0.5189466923571885,TIME,299093
1788416880000,VALID,1.75,2.75,0.3536693191865765,TIME,299099
1788417360000,VALID,1.75,2.75,0.0052236369573464055,TIME,299848
1788439920000,VALID,1.75,2.75,1.3830962343095716,TIME,299849
1788460260000,VALID,1.75,2.75,-1.0,SL,53260
1788461400000,VALID,1.75,2.75,1.2053925455988874,TIME,299704
1788486750000,VALID,1.75,2.75,-1.0,SL,117150
1788488160000,VALID,1.75,2.75,-1.0,SL,296855
1788491310000,VALID,1.75,2.75,0.944736289136577,TIME,299703
1788518280000,VALID,1.75,2.75,-1.0,SL,216443
1788535440000,VALID,1.75,2.75,-0.1782316082617763,TIME,299700
1788551280000,VALID,1.75,2.75,0.12560909583104757,TIME,299849
1788767580000,POST_CHECK,1.75,2.75,-1.0,SL,170700
1788796560000,POST_CHECK,1.75,2.75,-1.0,SL,153898
1788852930000,POST_CHECK,1.75,2.75,-1.0,SL,201441
1788853320000,POST_CHECK,1.75,2.75,-0.4598396611706965,TIME,299701
1788855180000,POST_CHECK,1.75,2.75,-0.15351068469248644,TIME,299099
1788864030000,POST_CHECK,1.75,2.75,-1.0,SL,68851
1788865590000,POST_CHECK,1.75,2.75,-1.0,SL,165003
1788872040000,POST_CHECK,1.75,2.75,1.4074074074074014,TIME,299403
1788873690000,POST_CHECK,1.75,2.75,-1.0,SL,280202
1788891840000,POST_CHECK,1.75,2.75,0.03164735801102088,TIME,299702
1788893880000,POST_CHECK,1.75,2.75,0.06263685223278223,TIME,299698
1788894780000,POST_CHECK,1.75,2.75,-1.0,SL,182696
1788912420000,POST_CHECK,1.75,2.75,1.5714285714285714,TP,289054
1788921270000,POST_CHECK,1.75,2.75,-1.0,SL,87595
1788927510000,POST_CHECK,1.75,2.75,0.9592701205603325,TIME,299698
1788928650000,POST_CHECK,1.75,2.75,1.5714285714285714,TP,267145
1788936060000,POST_CHECK,1.75,2.75,-1.0,SL,277499
1788946920000,POST_CHECK,1.75,2.75,-1.0,SL,223349
1788947610000,POST_CHECK,1.75,2.75,1.5714285714285714,TP,149546
1788948900000,POST_CHECK,1.75,2.75,0.9262820512819309,TIME,298946
1788999030000,POST_CHECK,1.75,2.75,-1.0,SL,52047
1789004220000,POST_CHECK,1.75,2.75,0.1053892215570065,TIME,299696
1789006830000,POST_CHECK,1.75,2.75,-1.0,SL,194100
1789007910000,POST_CHECK,1.75,2.75,0.7779310344827515,TIME,299707
1789019610000,POST_CHECK,1.75,2.75,-0.2820512820514016,TIME,299846
1789031820000,POST_CHECK,1.75,2.75,0.261701757438825,TIME,298500
1789047570000,POST_CHECK,1.75,2.75,0.3617756880099852,TIME,299852
1789053690000,POST_CHECK,1.75,2.75,0.5725609045342922,TIME,299395
1789088850000,POST_CHECK,1.75,2.75,-0.03266639444683369,TIME,299553
1789089270000,POST_CHECK,1.75,2.75,-0.7476967476966518,TIME,299847
1789102410000,POST_CHECK,1.75,2.75,-1.0,SL,137246
1789120140000,POST_CHECK,1.75,2.75,-0.20713609093772203,TIME,299394
1789142100000,POST_CHECK,1.75,2.75,-1.0,SL,230999
1789347690000,POST_CHECK,1.75,2.75,1.5714285714285714,TP,139048
1789383480000,POST_CHECK,1.75,2.75,-1.0,SL,53701
1789388280000,POST_CHECK,1.75,2.75,1.5714285714285714,TP,138450
1789394400000,POST_CHECK,1.75,2.75,0.6642464860839877,TIME,299703
1789394850000,POST_CHECK,1.75,2.75,-1.0,SL,158253
1789396470000,POST_CHECK,1.75,2.75,-0.19738013480864192,TIME,299695
1789403580000,POST_CHECK,1.75,2.75,-0.18288538770486196,TIME,299552
1789411020000,POST_CHECK,1.75,2.75,-1.0,SL,213901
1789428060000,POST_CHECK,1.75,2.75,0.671689989235422,TIME,297150
1789445400000,POST_CHECK,1.75,2.75,-1.0,SL,94203
1789458150000,POST_CHECK,1.75,2.75,1.5714285714285714,TP,156442
1789468860000,POST_CHECK,1.75,2.75,1.5714285714285714,TP,92402
1786060200000,TRAIN,1.75,3.0,1.3233443212467015,TIME,298803
1786061580000,TRAIN,1.75,3.0,-1.0,SL,35553
1786072020000,TRAIN,1.75,3.0,-1.0,SL,259650
1786096110000,TRAIN,1.75,3.0,0.34402635685792415,TIME,299248
1786105620000,TRAIN,1.75,3.0,-1.0,SL,166353
1786332630000,TRAIN,1.75,3.0,-0.5622688039456756,TIME,298802
1786340220000,TRAIN,1.75,3.0,0.46466342118504533,TIME,299702
1786341540000,TRAIN,1.75,3.0,0.3821173729428845,TIME,299704
1786352040000,TRAIN,1.75,3.0,0.18313478159334626,TIME,298199
1786358100000,TRAIN,1.75,3.0,-1.0,SL,62852
1786381140000,TRAIN,1.75,3.0,0.022201665125032556,TIME,299700
1786430640000,TRAIN,1.75,3.0,-0.02813091695972186,TIME,299701
1786438140000,TRAIN,1.75,3.0,-0.568504832291158,TIME,299098
1786438500000,TRAIN,1.75,3.0,-0.9539192399048408,TIME,299551
1786440810000,TRAIN,1.75,3.0,-0.057828158370363536,TIME,299698
1786451070000,TRAIN,1.75,3.0,0.5118949958983882,TIME,299701
1786454340000,TRAIN,1.75,3.0,-1.0,SL,167548
1786463010000,TRAIN,1.75,3.0,-0.5849160171259057,TIME,299701
1786471950000,TRAIN,1.75,3.0,-0.5831373866308475,TIME,299100
1786493160000,TRAIN,1.75,3.0,-0.5772634445201383,TIME,299099
1786504530000,TRAIN,1.75,3.0,-1.0,SL,110100
1786526850000,TRAIN,1.75,3.0,-1.0,SL,274799
1786550940000,TRAIN,1.75,3.0,0.9385102482917934,TIME,299698
1786553460000,TRAIN,1.75,3.0,0.4357704631516916,TIME,299852
1786553820000,TRAIN,1.75,3.0,1.15879442195222,TIME,299856
1786581240000,TRAIN,1.75,3.0,-1.0,SL,10502
1786587240000,TRAIN,1.75,3.0,-0.15475674895337857,TIME,298197
1786593510000,TRAIN,1.75,3.0,1.7142857142857142,TP,202050
1786624980000,TRAIN,1.75,3.0,-0.45411228506315165,TIME,299702
1786632990000,TRAIN,1.75,3.0,-0.1367300870688595,TIME,299395
1786633320000,TRAIN,1.75,3.0,1.7142857142857142,TP,217648
1786653840000,TRAIN,1.75,3.0,-0.5799011532125334,TIME,298501
1786670520000,TRAIN,1.75,3.0,0.6838559814169793,TIME,299843
1786687980000,TRAIN,1.75,3.0,-0.22703510082156053,TIME,299701
1786693650000,TRAIN,1.75,3.0,0.9601417183347869,TIME,298201
1786952010000,TRAIN,1.75,3.0,0.3693246852346923,TIME,299250
1786953810000,TRAIN,1.75,3.0,0.5925925925924233,TIME,299251
1786961190000,TRAIN,1.75,3.0,0.024729520865618745,TIME,298349
1786974090000,TRAIN,1.75,3.0,0.041622035195119714,TIME,299706
1787014200000,TRAIN,1.75,3.0,-0.2781774580339241,TIME,299852
1787023770000,TRAIN,1.75,3.0,0.23757030371197974,TIME,299548
1787047590000,TRAIN,1.75,3.0,-0.4757768125629323,TIME,299701
1787049660000,TRAIN,1.75,3.0,0.20304568527948544,TIME,299843
1787066490000,TRAIN,1.75,3.0,0.08142870361805388,TIME,299852
1787082420000,TRAIN,1.75,3.0,-1.0,SL,61499
1787084850000,TRAIN,1.75,3.0,0.3572721786359379,TIME,299098
1787098590000,TRAIN,1.75,3.0,-0.4093486378093035,TIME,299701
1787104830000,TRAIN,1.75,3.0,0.4636220472439285,TIME,299698
1787117580000,TRAIN,1.75,3.0,-0.2925809822362235,TIME,299551
1787140380000,TRAIN,1.75,3.0,0.5539951573848069,TIME,299695
1787141130000,TRAIN,1.75,3.0,-1.0,SL,141599
1787143260000,TRAIN,1.75,3.0,-1.0,SL,131547
1787149170000,TRAIN,1.75,3.0,0.6019563581640119,TIME,299694
1787170380000,TRAIN,1.75,3.0,-1.0,SL,84149
1787184990000,VALID,1.75,3.0,-1.0,SL,59999
1787199990000,VALID,1.75,3.0,1.7142857142857142,TP,169950
1787220390000,VALID,1.75,3.0,0.6702792830346258,TIME,298952
1787229570000,VALID,1.75,3.0,-1.0,SL,88204
1787232870000,VALID,1.75,3.0,-1.0,SL,46504
1787234520000,VALID,1.75,3.0,0.9009349721609159,TIME,299848
1787246430000,VALID,1.75,3.0,0.5580256985519321,TIME,299100
1787267280000,VALID,1.75,3.0,-1.0,SL,26249
1787288910000,VALID,1.75,3.0,0.05652045922868092,TIME,299407
1787298090000,VALID,1.75,3.0,-0.3286908077992573,TIME,299698
1787312280000,VALID,1.75,3.0,1.7142857142857142,TP,183597
1787325840000,VALID,1.75,3.0,-1.0,SL,65708
1787339850000,VALID,1.75,3.0,0.5656174334140178,TIME,298948
1787340270000,VALID,1.75,3.0,-1.0,SL,210753
1787527200000,VALID,1.75,3.0,-1.0,SL,73951
1787534100000,VALID,1.75,3.0,-0.09676271789402982,TIME,299695
1787579790000,VALID,1.75,3.0,0.18139654728165758,TIME,299862
1787583030000,VALID,1.75,3.0,-1.0,SL,52798
1787609970000,VALID,1.75,3.0,-0.23886441507577974,TIME,299399
1787630220000,VALID,1.75,3.0,1.1785349928585755,TIME,298354
1787647740000,VALID,1.75,3.0,-0.5725541694025709,TIME,299694
1787660070000,VALID,1.75,3.0,-1.0,SL,249148
1787661450000,VALID,1.75,3.0,1.1152536877939772,TIME,299854
1787664090000,VALID,1.75,3.0,-1.0,SL,87300
1787666490000,VALID,1.75,3.0,0.3260168358113995,TIME,299554
1787687220000,VALID,1.75,3.0,0.7227053140095625,TIME,299553
1787709300000,VALID,1.75,3.0,1.7142857142857142,TP,182402
1787723070000,VALID,1.75,3.0,-0.3687630256222042,TIME,299408
1787740170000,VALID,1.75,3.0,1.2107496463933263,TIME,299845
1787749530000,VALID,1.75,3.0,-0.12233883058465125,TIME,299859
1787753850000,VALID,1.75,3.0,-0.8630998345283413,TIME,299547
1787788590000,VALID,1.75,3.0,-1.0,SL,85200
1787790000000,VALID,1.75,3.0,-0.33752977203123996,TIME,299107
1787794950000,VALID,1.75,3.0,-1.0,SL,98102
1787798520000,VALID,1.75,3.0,-0.6399026763990512,TIME,298648
1787811390000,VALID,1.75,3.0,1.106195986524207,TIME,299544
1787823090000,VALID,1.75,3.0,-1.0,SL,137550
1787827440000,VALID,1.75,3.0,-0.7605850654350411,TIME,299547
1787834550000,VALID,1.75,3.0,0.6361740581120745,TIME,299699
1787844150000,VALID,1.75,3.0,-1.0,SL,161100
1787854650000,VALID,1.75,3.0,-0.09242618741991881,TIME,299698
1787883540000,VALID,1.75,3.0,-0.8924302788845059,TIME,298800
1787917320000,VALID,1.75,3.0,-1.0,SL,174002
1787924280000,VALID,1.75,3.0,0.9167397020156742,TIME,299850
1787925720000,VALID,1.75,3.0,-1.0,SL,123456
1787934900000,VALID,1.75,3.0,0.8458969948396017,TIME,299849
1788141930000,VALID,1.75,3.0,-1.0,SL,189598
1788144150000,VALID,1.75,3.0,0.13931214627775534,TIME,299700
1788181080000,VALID,1.75,3.0,-1.0,SL,44846
1788221790000,VALID,1.75,3.0,1.7142857142857142,TP,292499
1788228720000,VALID,1.75,3.0,0.3628346456694093,TIME,299694
1788230910000,VALID,1.75,3.0,-0.925771715721435,TIME,299700
1788258720000,VALID,1.75,3.0,-0.202351897048941,TIME,299550
1788262410000,VALID,1.75,3.0,0.6325777543489938,TIME,299702
1788271980000,VALID,1.75,3.0,1.015058893693173,TIME,299702
1788277740000,VALID,1.75,3.0,0.5735794945331175,TIME,299249
1788303150000,VALID,1.75,3.0,0.1327538522323449,TIME,295504
1788321570000,VALID,1.75,3.0,-0.2561509942704944,TIME,297897
1788333960000,VALID,1.75,3.0,0.1440720360179965,TIME,299252
1788353280000,VALID,1.75,3.0,0.8589498455656785,TIME,299551
1788356520000,VALID,1.75,3.0,-1.0,SL,143247
1788377820000,VALID,1.75,3.0,1.2117933459558634,TIME,299245
1788409740000,VALID,1.75,3.0,0.5189466923571885,TIME,299093
1788416880000,VALID,1.75,3.0,0.3536693191865765,TIME,299099
1788417360000,VALID,1.75,3.0,0.0052236369573464055,TIME,299848
1788439920000,VALID,1.75,3.0,1.3830962343095716,TIME,299849
1788460260000,VALID,1.75,3.0,-1.0,SL,53260
1788461400000,VALID,1.75,3.0,1.2053925455988874,TIME,299704
1788486750000,VALID,1.75,3.0,-1.0,SL,117150
1788488160000,VALID,1.75,3.0,-1.0,SL,296855
1788491310000,VALID,1.75,3.0,0.944736289136577,TIME,299703
1788518280000,VALID,1.75,3.0,-1.0,SL,216443
1788535440000,VALID,1.75,3.0,-0.1782316082617763,TIME,299700
1788551280000,VALID,1.75,3.0,0.12560909583104757,TIME,299849
1788767580000,POST_CHECK,1.75,3.0,-1.0,SL,170700
1788796560000,POST_CHECK,1.75,3.0,-1.0,SL,153898
1788852930000,POST_CHECK,1.75,3.0,-1.0,SL,201441
1788853320000,POST_CHECK,1.75,3.0,-0.4598396611706965,TIME,299701
1788855180000,POST_CHECK,1.75,3.0,-0.15351068469248644,TIME,299099
1788864030000,POST_CHECK,1.75,3.0,-1.0,SL,68851
1788865590000,POST_CHECK,1.75,3.0,-1.0,SL,165003
1788872040000,POST_CHECK,1.75,3.0,1.4074074074074014,TIME,299403
1788873690000,POST_CHECK,1.75,3.0,-1.0,SL,280202
1788891840000,POST_CHECK,1.75,3.0,0.03164735801102088,TIME,299702
1788893880000,POST_CHECK,1.75,3.0,0.06263685223278223,TIME,299698
1788894780000,POST_CHECK,1.75,3.0,-1.0,SL,182696
1788912420000,POST_CHECK,1.75,3.0,1.7142857142857142,TP,291458
1788921270000,POST_CHECK,1.75,3.0,-1.0,SL,87595
1788927510000,POST_CHECK,1.75,3.0,0.9592701205603325,TIME,299698
1788928650000,POST_CHECK,1.75,3.0,1.5081967213122012,TIME,298646
1788936060000,POST_CHECK,1.75,3.0,-1.0,SL,277499
1788946920000,POST_CHECK,1.75,3.0,-1.0,SL,223349
1788947610000,POST_CHECK,1.75,3.0,1.7142857142857142,TP,165146
1788948900000,POST_CHECK,1.75,3.0,0.9262820512819309,TIME,298946
1788999030000,POST_CHECK,1.75,3.0,-1.0,SL,52047
1789004220000,POST_CHECK,1.75,3.0,0.1053892215570065,TIME,299696
1789006830000,POST_CHECK,1.75,3.0,-1.0,SL,194100
1789007910000,POST_CHECK,1.75,3.0,0.7779310344827515,TIME,299707
1789019610000,POST_CHECK,1.75,3.0,-0.2820512820514016,TIME,299846
1789031820000,POST_CHECK,1.75,3.0,0.261701757438825,TIME,298500
1789047570000,POST_CHECK,1.75,3.0,0.3617756880099852,TIME,299852
1789053690000,POST_CHECK,1.75,3.0,0.5725609045342922,TIME,299395
1789088850000,POST_CHECK,1.75,3.0,-0.03266639444683369,TIME,299553
1789089270000,POST_CHECK,1.75,3.0,-0.7476967476966518,TIME,299847
1789102410000,POST_CHECK,1.75,3.0,-1.0,SL,137246
1789120140000,POST_CHECK,1.75,3.0,-0.20713609093772203,TIME,299394
1789142100000,POST_CHECK,1.75,3.0,-1.0,SL,230999
1789347690000,POST_CHECK,1.75,3.0,1.7142857142857142,TP,140399
1789383480000,POST_CHECK,1.75,3.0,-1.0,SL,53701
1789388280000,POST_CHECK,1.75,3.0,1.7142857142857142,TP,173543
1789394400000,POST_CHECK,1.75,3.0,0.6642464860839877,TIME,299703
1789394850000,POST_CHECK,1.75,3.0,-1.0,SL,158253
1789396470000,POST_CHECK,1.75,3.0,-0.19738013480864192,TIME,299695
1789403580000,POST_CHECK,1.75,3.0,-0.18288538770486196,TIME,299552
1789411020000,POST_CHECK,1.75,3.0,-1.0,SL,213901
1789428060000,POST_CHECK,1.75,3.0,0.671689989235422,TIME,297150
1789445400000,POST_CHECK,1.75,3.0,-1.0,SL,94203
1789458150000,POST_CHECK,1.75,3.0,1.7142857142857142,TP,157952
1789468860000,POST_CHECK,1.75,3.0,1.7142857142857142,TP,95250
1786060200000,TRAIN,1.75,3.25,1.3233443212467015,TIME,298803
1786061580000,TRAIN,1.75,3.25,-1.0,SL,35553
1786072020000,TRAIN,1.75,3.25,-1.0,SL,259650
1786096110000,TRAIN,1.75,3.25,0.34402635685792415,TIME,299248
1786105620000,TRAIN,1.75,3.25,-1.0,SL,166353
1786332630000,TRAIN,1.75,3.25,-0.5622688039456756,TIME,298802
1786340220000,TRAIN,1.75,3.25,0.46466342118504533,TIME,299702
1786341540000,TRAIN,1.75,3.25,0.3821173729428845,TIME,299704
1786352040000,TRAIN,1.75,3.25,0.18313478159334626,TIME,298199
1786358100000,TRAIN,1.75,3.25,-1.0,SL,62852
1786381140000,TRAIN,1.75,3.25,0.022201665125032556,TIME,299700
1786430640000,TRAIN,1.75,3.25,-0.02813091695972186,TIME,299701
1786438140000,TRAIN,1.75,3.25,-0.568504832291158,TIME,299098
1786438500000,TRAIN,1.75,3.25,-0.9539192399048408,TIME,299551
1786440810000,TRAIN,1.75,3.25,-0.057828158370363536,TIME,299698
1786451070000,TRAIN,1.75,3.25,0.5118949958983882,TIME,299701
1786454340000,TRAIN,1.75,3.25,-1.0,SL,167548
1786463010000,TRAIN,1.75,3.25,-0.5849160171259057,TIME,299701
1786471950000,TRAIN,1.75,3.25,-0.5831373866308475,TIME,299100
1786493160000,TRAIN,1.75,3.25,-0.5772634445201383,TIME,299099
1786504530000,TRAIN,1.75,3.25,-1.0,SL,110100
1786526850000,TRAIN,1.75,3.25,-1.0,SL,274799
1786550940000,TRAIN,1.75,3.25,0.9385102482917934,TIME,299698
1786553460000,TRAIN,1.75,3.25,0.4357704631516916,TIME,299852
1786553820000,TRAIN,1.75,3.25,1.15879442195222,TIME,299856
1786581240000,TRAIN,1.75,3.25,-1.0,SL,10502
1786587240000,TRAIN,1.75,3.25,-0.15475674895337857,TIME,298197
1786593510000,TRAIN,1.75,3.25,1.8571428571428572,TP,202050
1786624980000,TRAIN,1.75,3.25,-0.45411228506315165,TIME,299702
1786632990000,TRAIN,1.75,3.25,-0.1367300870688595,TIME,299395
1786633320000,TRAIN,1.75,3.25,1.8571428571428572,TP,217947
1786653840000,TRAIN,1.75,3.25,-0.5799011532125334,TIME,298501
1786670520000,TRAIN,1.75,3.25,0.6838559814169793,TIME,299843
1786687980000,TRAIN,1.75,3.25,-0.22703510082156053,TIME,299701
1786693650000,TRAIN,1.75,3.25,0.9601417183347869,TIME,298201
1786952010000,TRAIN,1.75,3.25,0.3693246852346923,TIME,299250
1786953810000,TRAIN,1.75,3.25,0.5925925925924233,TIME,299251
1786961190000,TRAIN,1.75,3.25,0.024729520865618745,TIME,298349
1786974090000,TRAIN,1.75,3.25,0.041622035195119714,TIME,299706
1787014200000,TRAIN,1.75,3.25,-0.2781774580339241,TIME,299852
1787023770000,TRAIN,1.75,3.25,0.23757030371197974,TIME,299548
1787047590000,TRAIN,1.75,3.25,-0.4757768125629323,TIME,299701
1787049660000,TRAIN,1.75,3.25,0.20304568527948544,TIME,299843
1787066490000,TRAIN,1.75,3.25,0.08142870361805388,TIME,299852
1787082420000,TRAIN,1.75,3.25,-1.0,SL,61499
1787084850000,TRAIN,1.75,3.25,0.3572721786359379,TIME,299098
1787098590000,TRAIN,1.75,3.25,-0.4093486378093035,TIME,299701
1787104830000,TRAIN,1.75,3.25,0.4636220472439285,TIME,299698
1787117580000,TRAIN,1.75,3.25,-0.2925809822362235,TIME,299551
1787140380000,TRAIN,1.75,3.25,0.5539951573848069,TIME,299695
1787141130000,TRAIN,1.75,3.25,-1.0,SL,141599
1787143260000,TRAIN,1.75,3.25,-1.0,SL,131547
1787149170000,TRAIN,1.75,3.25,0.6019563581640119,TIME,299694
1787170380000,TRAIN,1.75,3.25,-1.0,SL,84149
1787184990000,VALID,1.75,3.25,-1.0,SL,59999
1787199990000,VALID,1.75,3.25,1.8571428571428572,TP,189450
1787220390000,VALID,1.75,3.25,0.6702792830346258,TIME,298952
1787229570000,VALID,1.75,3.25,-1.0,SL,88204
1787232870000,VALID,1.75,3.25,-1.0,SL,46504
1787234520000,VALID,1.75,3.25,0.9009349721609159,TIME,299848
1787246430000,VALID,1.75,3.25,0.5580256985519321,TIME,299100
1787267280000,VALID,1.75,3.25,-1.0,SL,26249
1787288910000,VALID,1.75,3.25,0.05652045922868092,TIME,299407
1787298090000,VALID,1.75,3.25,-0.3286908077992573,TIME,299698
1787312280000,VALID,1.75,3.25,1.8571428571428572,TP,200696
1787325840000,VALID,1.75,3.25,-1.0,SL,65708
1787339850000,VALID,1.75,3.25,0.5656174334140178,TIME,298948
1787340270000,VALID,1.75,3.25,-1.0,SL,210753
1787527200000,VALID,1.75,3.25,-1.0,SL,73951
1787534100000,VALID,1.75,3.25,-0.09676271789402982,TIME,299695
1787579790000,VALID,1.75,3.25,0.18139654728165758,TIME,299862
1787583030000,VALID,1.75,3.25,-1.0,SL,52798
1787609970000,VALID,1.75,3.25,-0.23886441507577974,TIME,299399
1787630220000,VALID,1.75,3.25,1.1785349928585755,TIME,298354
1787647740000,VALID,1.75,3.25,-0.5725541694025709,TIME,299694
1787660070000,VALID,1.75,3.25,-1.0,SL,249148
1787661450000,VALID,1.75,3.25,1.1152536877939772,TIME,299854
1787664090000,VALID,1.75,3.25,-1.0,SL,87300
1787666490000,VALID,1.75,3.25,0.3260168358113995,TIME,299554
1787687220000,VALID,1.75,3.25,0.7227053140095625,TIME,299553
1787709300000,VALID,1.75,3.25,1.8571428571428572,TP,211354
1787723070000,VALID,1.75,3.25,-0.3687630256222042,TIME,299408
1787740170000,VALID,1.75,3.25,1.2107496463933263,TIME,299845
1787749530000,VALID,1.75,3.25,-0.12233883058465125,TIME,299859
1787753850000,VALID,1.75,3.25,-0.8630998345283413,TIME,299547
1787788590000,VALID,1.75,3.25,-1.0,SL,85200
1787790000000,VALID,1.75,3.25,-0.33752977203123996,TIME,299107
1787794950000,VALID,1.75,3.25,-1.0,SL,98102
1787798520000,VALID,1.75,3.25,-0.6399026763990512,TIME,298648
1787811390000,VALID,1.75,3.25,1.106195986524207,TIME,299544
1787823090000,VALID,1.75,3.25,-1.0,SL,137550
1787827440000,VALID,1.75,3.25,-0.7605850654350411,TIME,299547
1787834550000,VALID,1.75,3.25,0.6361740581120745,TIME,299699
1787844150000,VALID,1.75,3.25,-1.0,SL,161100
1787854650000,VALID,1.75,3.25,-0.09242618741991881,TIME,299698
1787883540000,VALID,1.75,3.25,-0.8924302788845059,TIME,298800
1787917320000,VALID,1.75,3.25,-1.0,SL,174002
1787924280000,VALID,1.75,3.25,0.9167397020156742,TIME,299850
1787925720000,VALID,1.75,3.25,-1.0,SL,123456
1787934900000,VALID,1.75,3.25,0.8458969948396017,TIME,299849
1788141930000,VALID,1.75,3.25,-1.0,SL,189598
1788144150000,VALID,1.75,3.25,0.13931214627775534,TIME,299700
1788181080000,VALID,1.75,3.25,-1.0,SL,44846
1788221790000,VALID,1.75,3.25,1.8126086269553308,TIME,299099
1788228720000,VALID,1.75,3.25,0.3628346456694093,TIME,299694
1788230910000,VALID,1.75,3.25,-0.925771715721435,TIME,299700
1788258720000,VALID,1.75,3.25,-0.202351897048941,TIME,299550
1788262410000,VALID,1.75,3.25,0.6325777543489938,TIME,299702
1788271980000,VALID,1.75,3.25,1.015058893693173,TIME,299702
1788277740000,VALID,1.75,3.25,0.5735794945331175,TIME,299249
1788303150000,VALID,1.75,3.25,0.1327538522323449,TIME,295504
1788321570000,VALID,1.75,3.25,-0.2561509942704944,TIME,297897
1788333960000,VALID,1.75,3.25,0.1440720360179965,TIME,299252
1788353280000,VALID,1.75,3.25,0.8589498455656785,TIME,299551
1788356520000,VALID,1.75,3.25,-1.0,SL,143247
1788377820000,VALID,1.75,3.25,1.2117933459558634,TIME,299245
1788409740000,VALID,1.75,3.25,0.5189466923571885,TIME,299093
1788416880000,VALID,1.75,3.25,0.3536693191865765,TIME,299099
1788417360000,VALID,1.75,3.25,0.0052236369573464055,TIME,299848
1788439920000,VALID,1.75,3.25,1.3830962343095716,TIME,299849
1788460260000,VALID,1.75,3.25,-1.0,SL,53260
1788461400000,VALID,1.75,3.25,1.2053925455988874,TIME,299704
1788486750000,VALID,1.75,3.25,-1.0,SL,117150
1788488160000,VALID,1.75,3.25,-1.0,SL,296855
1788491310000,VALID,1.75,3.25,0.944736289136577,TIME,299703
1788518280000,VALID,1.75,3.25,-1.0,SL,216443
1788535440000,VALID,1.75,3.25,-0.1782316082617763,TIME,299700
1788551280000,VALID,1.75,3.25,0.12560909583104757,TIME,299849
1788767580000,POST_CHECK,1.75,3.25,-1.0,SL,170700
1788796560000,POST_CHECK,1.75,3.25,-1.0,SL,153898
1788852930000,POST_CHECK,1.75,3.25,-1.0,SL,201441
1788853320000,POST_CHECK,1.75,3.25,-0.4598396611706965,TIME,299701
1788855180000,POST_CHECK,1.75,3.25,-0.15351068469248644,TIME,299099
1788864030000,POST_CHECK,1.75,3.25,-1.0,SL,68851
1788865590000,POST_CHECK,1.75,3.25,-1.0,SL,165003
1788872040000,POST_CHECK,1.75,3.25,1.4074074074074014,TIME,299403
1788873690000,POST_CHECK,1.75,3.25,-1.0,SL,280202
1788891840000,POST_CHECK,1.75,3.25,0.03164735801102088,TIME,299702
1788893880000,POST_CHECK,1.75,3.25,0.06263685223278223,TIME,299698
1788894780000,POST_CHECK,1.75,3.25,-1.0,SL,182696
1788912420000,POST_CHECK,1.75,3.25,1.7607655502391963,TIME,299404
1788921270000,POST_CHECK,1.75,3.25,-1.0,SL,87595
1788927510000,POST_CHECK,1.75,3.25,0.9592701205603325,TIME,299698
1788928650000,POST_CHECK,1.75,3.25,1.5081967213122012,TIME,298646
1788936060000,POST_CHECK,1.75,3.25,-1.0,SL,277499
1788946920000,POST_CHECK,1.75,3.25,-1.0,SL,223349
1788947610000,POST_CHECK,1.75,3.25,1.8571428571428572,TP,266845
1788948900000,POST_CHECK,1.75,3.25,0.9262820512819309,TIME,298946
1788999030000,POST_CHECK,1.75,3.25,-1.0,SL,52047
1789004220000,POST_CHECK,1.75,3.25,0.1053892215570065,TIME,299696
1789006830000,POST_CHECK,1.75,3.25,-1.0,SL,194100
1789007910000,POST_CHECK,1.75,3.25,0.7779310344827515,TIME,299707
1789019610000,POST_CHECK,1.75,3.25,-0.2820512820514016,TIME,299846
1789031820000,POST_CHECK,1.75,3.25,0.261701757438825,TIME,298500
1789047570000,POST_CHECK,1.75,3.25,0.3617756880099852,TIME,299852
1789053690000,POST_CHECK,1.75,3.25,0.5725609045342922,TIME,299395
1789088850000,POST_CHECK,1.75,3.25,-0.03266639444683369,TIME,299553
1789089270000,POST_CHECK,1.75,3.25,-0.7476967476966518,TIME,299847
1789102410000,POST_CHECK,1.75,3.25,-1.0,SL,137246
1789120140000,POST_CHECK,1.75,3.25,-0.20713609093772203,TIME,299394
1789142100000,POST_CHECK,1.75,3.25,-1.0,SL,230999
1789347690000,POST_CHECK,1.75,3.25,1.8571428571428572,TP,158244
1789383480000,POST_CHECK,1.75,3.25,-1.0,SL,53701
1789388280000,POST_CHECK,1.75,3.25,1.8571428571428572,TP,177302
1789394400000,POST_CHECK,1.75,3.25,0.6642464860839877,TIME,299703
1789394850000,POST_CHECK,1.75,3.25,-1.0,SL,158253
1789396470000,POST_CHECK,1.75,3.25,-0.19738013480864192,TIME,299695
1789403580000,POST_CHECK,1.75,3.25,-0.18288538770486196,TIME,299552
1789411020000,POST_CHECK,1.75,3.25,-1.0,SL,213901
1789428060000,POST_CHECK,1.75,3.25,0.671689989235422,TIME,297150
1789445400000,POST_CHECK,1.75,3.25,-1.0,SL,94203
1789458150000,POST_CHECK,1.75,3.25,1.8571428571428572,TP,271801
1789468860000,POST_CHECK,1.75,3.25,1.4472649267070745,TIME,299697
1786060200000,TRAIN,1.75,3.5,1.3233443212467015,TIME,298803
1786061580000,TRAIN,1.75,3.5,-1.0,SL,35553
1786072020000,TRAIN,1.75,3.5,-1.0,SL,259650
1786096110000,TRAIN,1.75,3.5,0.34402635685792415,TIME,299248
1786105620000,TRAIN,1.75,3.5,-1.0,SL,166353
1786332630000,TRAIN,1.75,3.5,-0.5622688039456756,TIME,298802
1786340220000,TRAIN,1.75,3.5,0.46466342118504533,TIME,299702
1786341540000,TRAIN,1.75,3.5,0.3821173729428845,TIME,299704
1786352040000,TRAIN,1.75,3.5,0.18313478159334626,TIME,298199
1786358100000,TRAIN,1.75,3.5,-1.0,SL,62852
1786381140000,TRAIN,1.75,3.5,0.022201665125032556,TIME,299700
1786430640000,TRAIN,1.75,3.5,-0.02813091695972186,TIME,299701
1786438140000,TRAIN,1.75,3.5,-0.568504832291158,TIME,299098
1786438500000,TRAIN,1.75,3.5,-0.9539192399048408,TIME,299551
1786440810000,TRAIN,1.75,3.5,-0.057828158370363536,TIME,299698
1786451070000,TRAIN,1.75,3.5,0.5118949958983882,TIME,299701
1786454340000,TRAIN,1.75,3.5,-1.0,SL,167548
1786463010000,TRAIN,1.75,3.5,-0.5849160171259057,TIME,299701
1786471950000,TRAIN,1.75,3.5,-0.5831373866308475,TIME,299100
1786493160000,TRAIN,1.75,3.5,-0.5772634445201383,TIME,299099
1786504530000,TRAIN,1.75,3.5,-1.0,SL,110100
1786526850000,TRAIN,1.75,3.5,-1.0,SL,274799
1786550940000,TRAIN,1.75,3.5,0.9385102482917934,TIME,299698
1786553460000,TRAIN,1.75,3.5,0.4357704631516916,TIME,299852
1786553820000,TRAIN,1.75,3.5,1.15879442195222,TIME,299856
1786581240000,TRAIN,1.75,3.5,-1.0,SL,10502
1786587240000,TRAIN,1.75,3.5,-0.15475674895337857,TIME,298197
1786593510000,TRAIN,1.75,3.5,0.2190173551700424,TIME,298656
1786624980000,TRAIN,1.75,3.5,-0.45411228506315165,TIME,299702
1786632990000,TRAIN,1.75,3.5,-0.1367300870688595,TIME,299395
1786633320000,TRAIN,1.75,3.5,2.0,TP,220647
1786653840000,TRAIN,1.75,3.5,-0.5799011532125334,TIME,298501
1786670520000,TRAIN,1.75,3.5,0.6838559814169793,TIME,299843
1786687980000,TRAIN,1.75,3.5,-0.22703510082156053,TIME,299701
1786693650000,TRAIN,1.75,3.5,0.9601417183347869,TIME,298201
1786952010000,TRAIN,1.75,3.5,0.3693246852346923,TIME,299250
1786953810000,TRAIN,1.75,3.5,0.5925925925924233,TIME,299251
1786961190000,TRAIN,1.75,3.5,0.024729520865618745,TIME,298349
1786974090000,TRAIN,1.75,3.5,0.041622035195119714,TIME,299706
1787014200000,TRAIN,1.75,3.5,-0.2781774580339241,TIME,299852
1787023770000,TRAIN,1.75,3.5,0.23757030371197974,TIME,299548
1787047590000,TRAIN,1.75,3.5,-0.4757768125629323,TIME,299701
1787049660000,TRAIN,1.75,3.5,0.20304568527948544,TIME,299843
1787066490000,TRAIN,1.75,3.5,0.08142870361805388,TIME,299852
1787082420000,TRAIN,1.75,3.5,-1.0,SL,61499
1787084850000,TRAIN,1.75,3.5,0.3572721786359379,TIME,299098
1787098590000,TRAIN,1.75,3.5,-0.4093486378093035,TIME,299701
1787104830000,TRAIN,1.75,3.5,0.4636220472439285,TIME,299698
1787117580000,TRAIN,1.75,3.5,-0.2925809822362235,TIME,299551
1787140380000,TRAIN,1.75,3.5,0.5539951573848069,TIME,299695
1787141130000,TRAIN,1.75,3.5,-1.0,SL,141599
1787143260000,TRAIN,1.75,3.5,-1.0,SL,131547
1787149170000,TRAIN,1.75,3.5,0.6019563581640119,TIME,299694
1787170380000,TRAIN,1.75,3.5,-1.0,SL,84149
1787184990000,VALID,1.75,3.5,-1.0,SL,59999
1787199990000,VALID,1.75,3.5,2.0,TP,189450
1787220390000,VALID,1.75,3.5,0.6702792830346258,TIME,298952
1787229570000,VALID,1.75,3.5,-1.0,SL,88204
1787232870000,VALID,1.75,3.5,-1.0,SL,46504
1787234520000,VALID,1.75,3.5,0.9009349721609159,TIME,299848
1787246430000,VALID,1.75,3.5,0.5580256985519321,TIME,299100
1787267280000,VALID,1.75,3.5,-1.0,SL,26249
1787288910000,VALID,1.75,3.5,0.05652045922868092,TIME,299407
1787298090000,VALID,1.75,3.5,-0.3286908077992573,TIME,299698
1787312280000,VALID,1.75,3.5,1.8073016744440291,TIME,299850
1787325840000,VALID,1.75,3.5,-1.0,SL,65708
1787339850000,VALID,1.75,3.5,0.5656174334140178,TIME,298948
1787340270000,VALID,1.75,3.5,-1.0,SL,210753
1787527200000,VALID,1.75,3.5,-1.0,SL,73951
1787534100000,VALID,1.75,3.5,-0.09676271789402982,TIME,299695
1787579790000,VALID,1.75,3.5,0.18139654728165758,TIME,299862
1787583030000,VALID,1.75,3.5,-1.0,SL,52798
1787609970000,VALID,1.75,3.5,-0.23886441507577974,TIME,299399
1787630220000,VALID,1.75,3.5,1.1785349928585755,TIME,298354
1787647740000,VALID,1.75,3.5,-0.5725541694025709,TIME,299694
1787660070000,VALID,1.75,3.5,-1.0,SL,249148
1787661450000,VALID,1.75,3.5,1.1152536877939772,TIME,299854
1787664090000,VALID,1.75,3.5,-1.0,SL,87300
1787666490000,VALID,1.75,3.5,0.3260168358113995,TIME,299554
1787687220000,VALID,1.75,3.5,0.7227053140095625,TIME,299553
1787709300000,VALID,1.75,3.5,1.0514665190924088,TIME,299097
1787723070000,VALID,1.75,3.5,-0.3687630256222042,TIME,299408
1787740170000,VALID,1.75,3.5,1.2107496463933263,TIME,299845
1787749530000,VALID,1.75,3.5,-0.12233883058465125,TIME,299859
1787753850000,VALID,1.75,3.5,-0.8630998345283413,TIME,299547
1787788590000,VALID,1.75,3.5,-1.0,SL,85200
1787790000000,VALID,1.75,3.5,-0.33752977203123996,TIME,299107
1787794950000,VALID,1.75,3.5,-1.0,SL,98102
1787798520000,VALID,1.75,3.5,-0.6399026763990512,TIME,298648
1787811390000,VALID,1.75,3.5,1.106195986524207,TIME,299544
1787823090000,VALID,1.75,3.5,-1.0,SL,137550
1787827440000,VALID,1.75,3.5,-0.7605850654350411,TIME,299547
1787834550000,VALID,1.75,3.5,0.6361740581120745,TIME,299699
1787844150000,VALID,1.75,3.5,-1.0,SL,161100
1787854650000,VALID,1.75,3.5,-0.09242618741991881,TIME,299698
1787883540000,VALID,1.75,3.5,-0.8924302788845059,TIME,298800
1787917320000,VALID,1.75,3.5,-1.0,SL,174002
1787924280000,VALID,1.75,3.5,0.9167397020156742,TIME,299850
1787925720000,VALID,1.75,3.5,-1.0,SL,123456
1787934900000,VALID,1.75,3.5,0.8458969948396017,TIME,299849
1788141930000,VALID,1.75,3.5,-1.0,SL,189598
1788144150000,VALID,1.75,3.5,0.13931214627775534,TIME,299700
1788181080000,VALID,1.75,3.5,-1.0,SL,44846
1788221790000,VALID,1.75,3.5,1.8126086269553308,TIME,299099
1788228720000,VALID,1.75,3.5,0.3628346456694093,TIME,299694
1788230910000,VALID,1.75,3.5,-0.925771715721435,TIME,299700
1788258720000,VALID,1.75,3.5,-0.202351897048941,TIME,299550
1788262410000,VALID,1.75,3.5,0.6325777543489938,TIME,299702
1788271980000,VALID,1.75,3.5,1.015058893693173,TIME,299702
1788277740000,VALID,1.75,3.5,0.5735794945331175,TIME,299249
1788303150000,VALID,1.75,3.5,0.1327538522323449,TIME,295504
1788321570000,VALID,1.75,3.5,-0.2561509942704944,TIME,297897
1788333960000,VALID,1.75,3.5,0.1440720360179965,TIME,299252
1788353280000,VALID,1.75,3.5,0.8589498455656785,TIME,299551
1788356520000,VALID,1.75,3.5,-1.0,SL,143247
1788377820000,VALID,1.75,3.5,1.2117933459558634,TIME,299245
1788409740000,VALID,1.75,3.5,0.5189466923571885,TIME,299093
1788416880000,VALID,1.75,3.5,0.3536693191865765,TIME,299099
1788417360000,VALID,1.75,3.5,0.0052236369573464055,TIME,299848
1788439920000,VALID,1.75,3.5,1.3830962343095716,TIME,299849
1788460260000,VALID,1.75,3.5,-1.0,SL,53260
1788461400000,VALID,1.75,3.5,1.2053925455988874,TIME,299704
1788486750000,VALID,1.75,3.5,-1.0,SL,117150
1788488160000,VALID,1.75,3.5,-1.0,SL,296855
1788491310000,VALID,1.75,3.5,0.944736289136577,TIME,299703
1788518280000,VALID,1.75,3.5,-1.0,SL,216443
1788535440000,VALID,1.75,3.5,-0.1782316082617763,TIME,299700
1788551280000,VALID,1.75,3.5,0.12560909583104757,TIME,299849
1788767580000,POST_CHECK,1.75,3.5,-1.0,SL,170700
1788796560000,POST_CHECK,1.75,3.5,-1.0,SL,153898
1788852930000,POST_CHECK,1.75,3.5,-1.0,SL,201441
1788853320000,POST_CHECK,1.75,3.5,-0.4598396611706965,TIME,299701
1788855180000,POST_CHECK,1.75,3.5,-0.15351068469248644,TIME,299099
1788864030000,POST_CHECK,1.75,3.5,-1.0,SL,68851
1788865590000,POST_CHECK,1.75,3.5,-1.0,SL,165003
1788872040000,POST_CHECK,1.75,3.5,1.4074074074074014,TIME,299403
1788873690000,POST_CHECK,1.75,3.5,-1.0,SL,280202
1788891840000,POST_CHECK,1.75,3.5,0.03164735801102088,TIME,299702
1788893880000,POST_CHECK,1.75,3.5,0.06263685223278223,TIME,299698
1788894780000,POST_CHECK,1.75,3.5,-1.0,SL,182696
1788912420000,POST_CHECK,1.75,3.5,1.7607655502391963,TIME,299404
1788921270000,POST_CHECK,1.75,3.5,-1.0,SL,87595
1788927510000,POST_CHECK,1.75,3.5,0.9592701205603325,TIME,299698
1788928650000,POST_CHECK,1.75,3.5,1.5081967213122012,TIME,298646
1788936060000,POST_CHECK,1.75,3.5,-1.0,SL,277499
1788946920000,POST_CHECK,1.75,3.5,-1.0,SL,223349
1788947610000,POST_CHECK,1.75,3.5,2.0,TP,271351
1788948900000,POST_CHECK,1.75,3.5,0.9262820512819309,TIME,298946
1788999030000,POST_CHECK,1.75,3.5,-1.0,SL,52047
1789004220000,POST_CHECK,1.75,3.5,0.1053892215570065,TIME,299696
1789006830000,POST_CHECK,1.75,3.5,-1.0,SL,194100
1789007910000,POST_CHECK,1.75,3.5,0.7779310344827515,TIME,299707
1789019610000,POST_CHECK,1.75,3.5,-0.2820512820514016,TIME,299846
1789031820000,POST_CHECK,1.75,3.5,0.261701757438825,TIME,298500
1789047570000,POST_CHECK,1.75,3.5,0.3617756880099852,TIME,299852
1789053690000,POST_CHECK,1.75,3.5,0.5725609045342922,TIME,299395
1789088850000,POST_CHECK,1.75,3.5,-0.03266639444683369,TIME,299553
1789089270000,POST_CHECK,1.75,3.5,-0.7476967476966518,TIME,299847
1789102410000,POST_CHECK,1.75,3.5,-1.0,SL,137246
1789120140000,POST_CHECK,1.75,3.5,-0.20713609093772203,TIME,299394
1789142100000,POST_CHECK,1.75,3.5,-1.0,SL,230999
1789347690000,POST_CHECK,1.75,3.5,2.0,TP,161847
1789383480000,POST_CHECK,1.75,3.5,-1.0,SL,53701
1789388280000,POST_CHECK,1.75,3.5,2.0,TP,210148
1789394400000,POST_CHECK,1.75,3.5,0.6642464860839877,TIME,299703
1789394850000,POST_CHECK,1.75,3.5,-1.0,SL,158253
1789396470000,POST_CHECK,1.75,3.5,-0.19738013480864192,TIME,299695
1789403580000,POST_CHECK,1.75,3.5,-0.18288538770486196,TIME,299552
1789411020000,POST_CHECK,1.75,3.5,-1.0,SL,213901
1789428060000,POST_CHECK,1.75,3.5,0.671689989235422,TIME,297150
1789445400000,POST_CHECK,1.75,3.5,-1.0,SL,94203
1789458150000,POST_CHECK,1.75,3.5,2.0,TP,271801
1789468860000,POST_CHECK,1.75,3.5,1.4472649267070745,TIME,299697
1786060200000,TRAIN,1.75,3.75,1.3233443212467015,TIME,298803
1786061580000,TRAIN,1.75,3.75,-1.0,SL,35553
1786072020000,TRAIN,1.75,3.75,-1.0,SL,259650
1786096110000,TRAIN,1.75,3.75,0.34402635685792415,TIME,299248
1786105620000,TRAIN,1.75,3.75,-1.0,SL,166353
1786332630000,TRAIN,1.75,3.75,-0.5622688039456756,TIME,298802
1786340220000,TRAIN,1.75,3.75,0.46466342118504533,TIME,299702
1786341540000,TRAIN,1.75,3.75,0.3821173729428845,TIME,299704
1786352040000,TRAIN,1.75,3.75,0.18313478159334626,TIME,298199
1786358100000,TRAIN,1.75,3.75,-1.0,SL,62852
1786381140000,TRAIN,1.75,3.75,0.022201665125032556,TIME,299700
1786430640000,TRAIN,1.75,3.75,-0.02813091695972186,TIME,299701
1786438140000,TRAIN,1.75,3.75,-0.568504832291158,TIME,299098
1786438500000,TRAIN,1.75,3.75,-0.9539192399048408,TIME,299551
1786440810000,TRAIN,1.75,3.75,-0.057828158370363536,TIME,299698
1786451070000,TRAIN,1.75,3.75,0.5118949958983882,TIME,299701
1786454340000,TRAIN,1.75,3.75,-1.0,SL,167548
1786463010000,TRAIN,1.75,3.75,-0.5849160171259057,TIME,299701
1786471950000,TRAIN,1.75,3.75,-0.5831373866308475,TIME,299100
1786493160000,TRAIN,1.75,3.75,-0.5772634445201383,TIME,299099
1786504530000,TRAIN,1.75,3.75,-1.0,SL,110100
1786526850000,TRAIN,1.75,3.75,-1.0,SL,274799
1786550940000,TRAIN,1.75,3.75,0.9385102482917934,TIME,299698
1786553460000,TRAIN,1.75,3.75,0.4357704631516916,TIME,299852
1786553820000,TRAIN,1.75,3.75,1.15879442195222,TIME,299856
1786581240000,TRAIN,1.75,3.75,-1.0,SL,10502
1786587240000,TRAIN,1.75,3.75,-0.15475674895337857,TIME,298197
1786593510000,TRAIN,1.75,3.75,0.2190173551700424,TIME,298656
1786624980000,TRAIN,1.75,3.75,-0.45411228506315165,TIME,299702
1786632990000,TRAIN,1.75,3.75,-0.1367300870688595,TIME,299395
1786633320000,TRAIN,1.75,3.75,2.142857142857143,TP,236103
1786653840000,TRAIN,1.75,3.75,-0.5799011532125334,TIME,298501
1786670520000,TRAIN,1.75,3.75,0.6838559814169793,TIME,299843
1786687980000,TRAIN,1.75,3.75,-0.22703510082156053,TIME,299701
1786693650000,TRAIN,1.75,3.75,0.9601417183347869,TIME,298201
1786952010000,TRAIN,1.75,3.75,0.3693246852346923,TIME,299250
1786953810000,TRAIN,1.75,3.75,0.5925925925924233,TIME,299251
1786961190000,TRAIN,1.75,3.75,0.024729520865618745,TIME,298349
1786974090000,TRAIN,1.75,3.75,0.041622035195119714,TIME,299706
1787014200000,TRAIN,1.75,3.75,-0.2781774580339241,TIME,299852
1787023770000,TRAIN,1.75,3.75,0.23757030371197974,TIME,299548
1787047590000,TRAIN,1.75,3.75,-0.4757768125629323,TIME,299701
1787049660000,TRAIN,1.75,3.75,0.20304568527948544,TIME,299843
1787066490000,TRAIN,1.75,3.75,0.08142870361805388,TIME,299852
1787082420000,TRAIN,1.75,3.75,-1.0,SL,61499
1787084850000,TRAIN,1.75,3.75,0.3572721786359379,TIME,299098
1787098590000,TRAIN,1.75,3.75,-0.4093486378093035,TIME,299701
1787104830000,TRAIN,1.75,3.75,0.4636220472439285,TIME,299698
1787117580000,TRAIN,1.75,3.75,-0.2925809822362235,TIME,299551
1787140380000,TRAIN,1.75,3.75,0.5539951573848069,TIME,299695
1787141130000,TRAIN,1.75,3.75,-1.0,SL,141599
1787143260000,TRAIN,1.75,3.75,-1.0,SL,131547
1787149170000,TRAIN,1.75,3.75,0.6019563581640119,TIME,299694
1787170380000,TRAIN,1.75,3.75,-1.0,SL,84149
1787184990000,VALID,1.75,3.75,-1.0,SL,59999
1787199990000,VALID,1.75,3.75,2.142857142857143,TP,208054
1787220390000,VALID,1.75,3.75,0.6702792830346258,TIME,298952
1787229570000,VALID,1.75,3.75,-1.0,SL,88204
1787232870000,VALID,1.75,3.75,-1.0,SL,46504
1787234520000,VALID,1.75,3.75,0.9009349721609159,TIME,299848
1787246430000,VALID,1.75,3.75,0.5580256985519321,TIME,299100
1787267280000,VALID,1.75,3.75,-1.0,SL,26249
1787288910000,VALID,1.75,3.75,0.05652045922868092,TIME,299407
1787298090000,VALID,1.75,3.75,-0.3286908077992573,TIME,299698
1787312280000,VALID,1.75,3.75,1.8073016744440291,TIME,299850
1787325840000,VALID,1.75,3.75,-1.0,SL,65708
1787339850000,VALID,1.75,3.75,0.5656174334140178,TIME,298948
1787340270000,VALID,1.75,3.75,-1.0,SL,210753
1787527200000,VALID,1.75,3.75,-1.0,SL,73951
1787534100000,VALID,1.75,3.75,-0.09676271789402982,TIME,299695
1787579790000,VALID,1.75,3.75,0.18139654728165758,TIME,299862
1787583030000,VALID,1.75,3.75,-1.0,SL,52798
1787609970000,VALID,1.75,3.75,-0.23886441507577974,TIME,299399
1787630220000,VALID,1.75,3.75,1.1785349928585755,TIME,298354
1787647740000,VALID,1.75,3.75,-0.5725541694025709,TIME,299694
1787660070000,VALID,1.75,3.75,-1.0,SL,249148
1787661450000,VALID,1.75,3.75,1.1152536877939772,TIME,299854
1787664090000,VALID,1.75,3.75,-1.0,SL,87300
1787666490000,VALID,1.75,3.75,0.3260168358113995,TIME,299554
1787687220000,VALID,1.75,3.75,0.7227053140095625,TIME,299553
1787709300000,VALID,1.75,3.75,1.0514665190924088,TIME,299097
1787723070000,VALID,1.75,3.75,-0.3687630256222042,TIME,299408
1787740170000,VALID,1.75,3.75,1.2107496463933263,TIME,299845
1787749530000,VALID,1.75,3.75,-0.12233883058465125,TIME,299859
1787753850000,VALID,1.75,3.75,-0.8630998345283413,TIME,299547
1787788590000,VALID,1.75,3.75,-1.0,SL,85200
1787790000000,VALID,1.75,3.75,-0.33752977203123996,TIME,299107
1787794950000,VALID,1.75,3.75,-1.0,SL,98102
1787798520000,VALID,1.75,3.75,-0.6399026763990512,TIME,298648
1787811390000,VALID,1.75,3.75,1.106195986524207,TIME,299544
1787823090000,VALID,1.75,3.75,-1.0,SL,137550
1787827440000,VALID,1.75,3.75,-0.7605850654350411,TIME,299547
1787834550000,VALID,1.75,3.75,0.6361740581120745,TIME,299699
1787844150000,VALID,1.75,3.75,-1.0,SL,161100
1787854650000,VALID,1.75,3.75,-0.09242618741991881,TIME,299698
1787883540000,VALID,1.75,3.75,-0.8924302788845059,TIME,298800
1787917320000,VALID,1.75,3.75,-1.0,SL,174002
1787924280000,VALID,1.75,3.75,0.9167397020156742,TIME,299850
1787925720000,VALID,1.75,3.75,-1.0,SL,123456
1787934900000,VALID,1.75,3.75,0.8458969948396017,TIME,299849
1788141930000,VALID,1.75,3.75,-1.0,SL,189598
1788144150000,VALID,1.75,3.75,0.13931214627775534,TIME,299700
1788181080000,VALID,1.75,3.75,-1.0,SL,44846
1788221790000,VALID,1.75,3.75,1.8126086269553308,TIME,299099
1788228720000,VALID,1.75,3.75,0.3628346456694093,TIME,299694
1788230910000,VALID,1.75,3.75,-0.925771715721435,TIME,299700
1788258720000,VALID,1.75,3.75,-0.202351897048941,TIME,299550
1788262410000,VALID,1.75,3.75,0.6325777543489938,TIME,299702
1788271980000,VALID,1.75,3.75,1.015058893693173,TIME,299702
1788277740000,VALID,1.75,3.75,0.5735794945331175,TIME,299249
1788303150000,VALID,1.75,3.75,0.1327538522323449,TIME,295504
1788321570000,VALID,1.75,3.75,-0.2561509942704944,TIME,297897
1788333960000,VALID,1.75,3.75,0.1440720360179965,TIME,299252
1788353280000,VALID,1.75,3.75,0.8589498455656785,TIME,299551
1788356520000,VALID,1.75,3.75,-1.0,SL,143247
1788377820000,VALID,1.75,3.75,1.2117933459558634,TIME,299245
1788409740000,VALID,1.75,3.75,0.5189466923571885,TIME,299093
1788416880000,VALID,1.75,3.75,0.3536693191865765,TIME,299099
1788417360000,VALID,1.75,3.75,0.0052236369573464055,TIME,299848
1788439920000,VALID,1.75,3.75,1.3830962343095716,TIME,299849
1788460260000,VALID,1.75,3.75,-1.0,SL,53260
1788461400000,VALID,1.75,3.75,1.2053925455988874,TIME,299704
1788486750000,VALID,1.75,3.75,-1.0,SL,117150
1788488160000,VALID,1.75,3.75,-1.0,SL,296855
1788491310000,VALID,1.75,3.75,0.944736289136577,TIME,299703
1788518280000,VALID,1.75,3.75,-1.0,SL,216443
1788535440000,VALID,1.75,3.75,-0.1782316082617763,TIME,299700
1788551280000,VALID,1.75,3.75,0.12560909583104757,TIME,299849
1788767580000,POST_CHECK,1.75,3.75,-1.0,SL,170700
1788796560000,POST_CHECK,1.75,3.75,-1.0,SL,153898
1788852930000,POST_CHECK,1.75,3.75,-1.0,SL,201441
1788853320000,POST_CHECK,1.75,3.75,-0.4598396611706965,TIME,299701
1788855180000,POST_CHECK,1.75,3.75,-0.15351068469248644,TIME,299099
1788864030000,POST_CHECK,1.75,3.75,-1.0,SL,68851
1788865590000,POST_CHECK,1.75,3.75,-1.0,SL,165003
1788872040000,POST_CHECK,1.75,3.75,1.4074074074074014,TIME,299403
1788873690000,POST_CHECK,1.75,3.75,-1.0,SL,280202
1788891840000,POST_CHECK,1.75,3.75,0.03164735801102088,TIME,299702
1788893880000,POST_CHECK,1.75,3.75,0.06263685223278223,TIME,299698
1788894780000,POST_CHECK,1.75,3.75,-1.0,SL,182696
1788912420000,POST_CHECK,1.75,3.75,1.7607655502391963,TIME,299404
1788921270000,POST_CHECK,1.75,3.75,-1.0,SL,87595
1788927510000,POST_CHECK,1.75,3.75,0.9592701205603325,TIME,299698
1788928650000,POST_CHECK,1.75,3.75,1.5081967213122012,TIME,298646
1788936060000,POST_CHECK,1.75,3.75,-1.0,SL,277499
1788946920000,POST_CHECK,1.75,3.75,-1.0,SL,223349
1788947610000,POST_CHECK,1.75,3.75,1.5732036736901749,TIME,299547
1788948900000,POST_CHECK,1.75,3.75,0.9262820512819309,TIME,298946
1788999030000,POST_CHECK,1.75,3.75,-1.0,SL,52047
1789004220000,POST_CHECK,1.75,3.75,0.1053892215570065,TIME,299696
1789006830000,POST_CHECK,1.75,3.75,-1.0,SL,194100
1789007910000,POST_CHECK,1.75,3.75,0.7779310344827515,TIME,299707
1789019610000,POST_CHECK,1.75,3.75,-0.2820512820514016,TIME,299846
1789031820000,POST_CHECK,1.75,3.75,0.261701757438825,TIME,298500
1789047570000,POST_CHECK,1.75,3.75,0.3617756880099852,TIME,299852
1789053690000,POST_CHECK,1.75,3.75,0.5725609045342922,TIME,299395
1789088850000,POST_CHECK,1.75,3.75,-0.03266639444683369,TIME,299553
1789089270000,POST_CHECK,1.75,3.75,-0.7476967476966518,TIME,299847
1789102410000,POST_CHECK,1.75,3.75,-1.0,SL,137246
1789120140000,POST_CHECK,1.75,3.75,-0.20713609093772203,TIME,299394
1789142100000,POST_CHECK,1.75,3.75,-1.0,SL,230999
1789347690000,POST_CHECK,1.75,3.75,2.142857142857143,TP,209248
1789383480000,POST_CHECK,1.75,3.75,-1.0,SL,53701
1789388280000,POST_CHECK,1.75,3.75,2.142857142857143,TP,240146
1789394400000,POST_CHECK,1.75,3.75,0.6642464860839877,TIME,299703
1789394850000,POST_CHECK,1.75,3.75,-1.0,SL,158253
1789396470000,POST_CHECK,1.75,3.75,-0.19738013480864192,TIME,299695
1789403580000,POST_CHECK,1.75,3.75,-0.18288538770486196,TIME,299552
1789411020000,POST_CHECK,1.75,3.75,-1.0,SL,213901
1789428060000,POST_CHECK,1.75,3.75,0.671689989235422,TIME,297150
1789445400000,POST_CHECK,1.75,3.75,-1.0,SL,94203
1789458150000,POST_CHECK,1.75,3.75,2.142857142857143,TP,271944
1789468860000,POST_CHECK,1.75,3.75,1.4472649267070745,TIME,299697
1786060200000,TRAIN,1.75,4.0,1.3233443212467015,TIME,298803
1786061580000,TRAIN,1.75,4.0,-1.0,SL,35553
1786072020000,TRAIN,1.75,4.0,-1.0,SL,259650
1786096110000,TRAIN,1.75,4.0,0.34402635685792415,TIME,299248
1786105620000,TRAIN,1.75,4.0,-1.0,SL,166353
1786332630000,TRAIN,1.75,4.0,-0.5622688039456756,TIME,298802
1786340220000,TRAIN,1.75,4.0,0.46466342118504533,TIME,299702
1786341540000,TRAIN,1.75,4.0,0.3821173729428845,TIME,299704
1786352040000,TRAIN,1.75,4.0,0.18313478159334626,TIME,298199
1786358100000,TRAIN,1.75,4.0,-1.0,SL,62852
1786381140000,TRAIN,1.75,4.0,0.022201665125032556,TIME,299700
1786430640000,TRAIN,1.75,4.0,-0.02813091695972186,TIME,299701
1786438140000,TRAIN,1.75,4.0,-0.568504832291158,TIME,299098
1786438500000,TRAIN,1.75,4.0,-0.9539192399048408,TIME,299551
1786440810000,TRAIN,1.75,4.0,-0.057828158370363536,TIME,299698
1786451070000,TRAIN,1.75,4.0,0.5118949958983882,TIME,299701
1786454340000,TRAIN,1.75,4.0,-1.0,SL,167548
1786463010000,TRAIN,1.75,4.0,-0.5849160171259057,TIME,299701
1786471950000,TRAIN,1.75,4.0,-0.5831373866308475,TIME,299100
1786493160000,TRAIN,1.75,4.0,-0.5772634445201383,TIME,299099
1786504530000,TRAIN,1.75,4.0,-1.0,SL,110100
1786526850000,TRAIN,1.75,4.0,-1.0,SL,274799
1786550940000,TRAIN,1.75,4.0,0.9385102482917934,TIME,299698
1786553460000,TRAIN,1.75,4.0,0.4357704631516916,TIME,299852
1786553820000,TRAIN,1.75,4.0,1.15879442195222,TIME,299856
1786581240000,TRAIN,1.75,4.0,-1.0,SL,10502
1786587240000,TRAIN,1.75,4.0,-0.15475674895337857,TIME,298197
1786593510000,TRAIN,1.75,4.0,0.2190173551700424,TIME,298656
1786624980000,TRAIN,1.75,4.0,-0.45411228506315165,TIME,299702
1786632990000,TRAIN,1.75,4.0,-0.1367300870688595,TIME,299395
1786633320000,TRAIN,1.75,4.0,2.2857142857142856,TP,254703
1786653840000,TRAIN,1.75,4.0,-0.5799011532125334,TIME,298501
1786670520000,TRAIN,1.75,4.0,0.6838559814169793,TIME,299843
1786687980000,TRAIN,1.75,4.0,-0.22703510082156053,TIME,299701
1786693650000,TRAIN,1.75,4.0,0.9601417183347869,TIME,298201
1786952010000,TRAIN,1.75,4.0,0.3693246852346923,TIME,299250
1786953810000,TRAIN,1.75,4.0,0.5925925925924233,TIME,299251
1786961190000,TRAIN,1.75,4.0,0.024729520865618745,TIME,298349
1786974090000,TRAIN,1.75,4.0,0.041622035195119714,TIME,299706
1787014200000,TRAIN,1.75,4.0,-0.2781774580339241,TIME,299852
1787023770000,TRAIN,1.75,4.0,0.23757030371197974,TIME,299548
1787047590000,TRAIN,1.75,4.0,-0.4757768125629323,TIME,299701
1787049660000,TRAIN,1.75,4.0,0.20304568527948544,TIME,299843
1787066490000,TRAIN,1.75,4.0,0.08142870361805388,TIME,299852
1787082420000,TRAIN,1.75,4.0,-1.0,SL,61499
1787084850000,TRAIN,1.75,4.0,0.3572721786359379,TIME,299098
1787098590000,TRAIN,1.75,4.0,-0.4093486378093035,TIME,299701
1787104830000,TRAIN,1.75,4.0,0.4636220472439285,TIME,299698
1787117580000,TRAIN,1.75,4.0,-0.2925809822362235,TIME,299551
1787140380000,TRAIN,1.75,4.0,0.5539951573848069,TIME,299695
1787141130000,TRAIN,1.75,4.0,-1.0,SL,141599
1787143260000,TRAIN,1.75,4.0,-1.0,SL,131547
1787149170000,TRAIN,1.75,4.0,0.6019563581640119,TIME,299694
1787170380000,TRAIN,1.75,4.0,-1.0,SL,84149
1787184990000,VALID,1.75,4.0,-1.0,SL,59999
1787199990000,VALID,1.75,4.0,2.2857142857142856,TP,211803
1787220390000,VALID,1.75,4.0,0.6702792830346258,TIME,298952
1787229570000,VALID,1.75,4.0,-1.0,SL,88204
1787232870000,VALID,1.75,4.0,-1.0,SL,46504
1787234520000,VALID,1.75,4.0,0.9009349721609159,TIME,299848
1787246430000,VALID,1.75,4.0,0.5580256985519321,TIME,299100
1787267280000,VALID,1.75,4.0,-1.0,SL,26249
1787288910000,VALID,1.75,4.0,0.05652045922868092,TIME,299407
1787298090000,VALID,1.75,4.0,-0.3286908077992573,TIME,299698
1787312280000,VALID,1.75,4.0,1.8073016744440291,TIME,299850
1787325840000,VALID,1.75,4.0,-1.0,SL,65708
1787339850000,VALID,1.75,4.0,0.5656174334140178,TIME,298948
1787340270000,VALID,1.75,4.0,-1.0,SL,210753
1787527200000,VALID,1.75,4.0,-1.0,SL,73951
1787534100000,VALID,1.75,4.0,-0.09676271789402982,TIME,299695
1787579790000,VALID,1.75,4.0,0.18139654728165758,TIME,299862
1787583030000,VALID,1.75,4.0,-1.0,SL,52798
1787609970000,VALID,1.75,4.0,-0.23886441507577974,TIME,299399
1787630220000,VALID,1.75,4.0,1.1785349928585755,TIME,298354
1787647740000,VALID,1.75,4.0,-0.5725541694025709,TIME,299694
1787660070000,VALID,1.75,4.0,-1.0,SL,249148
1787661450000,VALID,1.75,4.0,1.1152536877939772,TIME,299854
1787664090000,VALID,1.75,4.0,-1.0,SL,87300
1787666490000,VALID,1.75,4.0,0.3260168358113995,TIME,299554
1787687220000,VALID,1.75,4.0,0.7227053140095625,TIME,299553
1787709300000,VALID,1.75,4.0,1.0514665190924088,TIME,299097
1787723070000,VALID,1.75,4.0,-0.3687630256222042,TIME,299408
1787740170000,VALID,1.75,4.0,1.2107496463933263,TIME,299845
1787749530000,VALID,1.75,4.0,-0.12233883058465125,TIME,299859
1787753850000,VALID,1.75,4.0,-0.8630998345283413,TIME,299547
1787788590000,VALID,1.75,4.0,-1.0,SL,85200
1787790000000,VALID,1.75,4.0,-0.33752977203123996,TIME,299107
1787794950000,VALID,1.75,4.0,-1.0,SL,98102
1787798520000,VALID,1.75,4.0,-0.6399026763990512,TIME,298648
1787811390000,VALID,1.75,4.0,1.106195986524207,TIME,299544
1787823090000,VALID,1.75,4.0,-1.0,SL,137550
1787827440000,VALID,1.75,4.0,-0.7605850654350411,TIME,299547
1787834550000,VALID,1.75,4.0,0.6361740581120745,TIME,299699
1787844150000,VALID,1.75,4.0,-1.0,SL,161100
1787854650000,VALID,1.75,4.0,-0.09242618741991881,TIME,299698
1787883540000,VALID,1.75,4.0,-0.8924302788845059,TIME,298800
1787917320000,VALID,1.75,4.0,-1.0,SL,174002
1787924280000,VALID,1.75,4.0,0.9167397020156742,TIME,299850
1787925720000,VALID,1.75,4.0,-1.0,SL,123456
1787934900000,VALID,1.75,4.0,0.8458969948396017,TIME,299849
1788141930000,VALID,1.75,4.0,-1.0,SL,189598
1788144150000,VALID,1.75,4.0,0.13931214627775534,TIME,299700
1788181080000,VALID,1.75,4.0,-1.0,SL,44846
1788221790000,VALID,1.75,4.0,1.8126086269553308,TIME,299099
1788228720000,VALID,1.75,4.0,0.3628346456694093,TIME,299694
1788230910000,VALID,1.75,4.0,-0.925771715721435,TIME,299700
1788258720000,VALID,1.75,4.0,-0.202351897048941,TIME,299550
1788262410000,VALID,1.75,4.0,0.6325777543489938,TIME,299702
1788271980000,VALID,1.75,4.0,1.015058893693173,TIME,299702
1788277740000,VALID,1.75,4.0,0.5735794945331175,TIME,299249
1788303150000,VALID,1.75,4.0,0.1327538522323449,TIME,295504
1788321570000,VALID,1.75,4.0,-0.2561509942704944,TIME,297897
1788333960000,VALID,1.75,4.0,0.1440720360179965,TIME,299252
1788353280000,VALID,1.75,4.0,0.8589498455656785,TIME,299551
1788356520000,VALID,1.75,4.0,-1.0,SL,143247
1788377820000,VALID,1.75,4.0,1.2117933459558634,TIME,299245
1788409740000,VALID,1.75,4.0,0.5189466923571885,TIME,299093
1788416880000,VALID,1.75,4.0,0.3536693191865765,TIME,299099
1788417360000,VALID,1.75,4.0,0.0052236369573464055,TIME,299848
1788439920000,VALID,1.75,4.0,1.3830962343095716,TIME,299849
1788460260000,VALID,1.75,4.0,-1.0,SL,53260
1788461400000,VALID,1.75,4.0,1.2053925455988874,TIME,299704
1788486750000,VALID,1.75,4.0,-1.0,SL,117150
1788488160000,VALID,1.75,4.0,-1.0,SL,296855
1788491310000,VALID,1.75,4.0,0.944736289136577,TIME,299703
1788518280000,VALID,1.75,4.0,-1.0,SL,216443
1788535440000,VALID,1.75,4.0,-0.1782316082617763,TIME,299700
1788551280000,VALID,1.75,4.0,0.12560909583104757,TIME,299849
1788767580000,POST_CHECK,1.75,4.0,-1.0,SL,170700
1788796560000,POST_CHECK,1.75,4.0,-1.0,SL,153898
1788852930000,POST_CHECK,1.75,4.0,-1.0,SL,201441
1788853320000,POST_CHECK,1.75,4.0,-0.4598396611706965,TIME,299701
1788855180000,POST_CHECK,1.75,4.0,-0.15351068469248644,TIME,299099
1788864030000,POST_CHECK,1.75,4.0,-1.0,SL,68851
1788865590000,POST_CHECK,1.75,4.0,-1.0,SL,165003
1788872040000,POST_CHECK,1.75,4.0,1.4074074074074014,TIME,299403
1788873690000,POST_CHECK,1.75,4.0,-1.0,SL,280202
1788891840000,POST_CHECK,1.75,4.0,0.03164735801102088,TIME,299702
1788893880000,POST_CHECK,1.75,4.0,0.06263685223278223,TIME,299698
1788894780000,POST_CHECK,1.75,4.0,-1.0,SL,182696
1788912420000,POST_CHECK,1.75,4.0,1.7607655502391963,TIME,299404
1788921270000,POST_CHECK,1.75,4.0,-1.0,SL,87595
1788927510000,POST_CHECK,1.75,4.0,0.9592701205603325,TIME,299698
1788928650000,POST_CHECK,1.75,4.0,1.5081967213122012,TIME,298646
1788936060000,POST_CHECK,1.75,4.0,-1.0,SL,277499
1788946920000,POST_CHECK,1.75,4.0,-1.0,SL,223349
1788947610000,POST_CHECK,1.75,4.0,1.5732036736901749,TIME,299547
1788948900000,POST_CHECK,1.75,4.0,0.9262820512819309,TIME,298946
1788999030000,POST_CHECK,1.75,4.0,-1.0,SL,52047
1789004220000,POST_CHECK,1.75,4.0,0.1053892215570065,TIME,299696
1789006830000,POST_CHECK,1.75,4.0,-1.0,SL,194100
1789007910000,POST_CHECK,1.75,4.0,0.7779310344827515,TIME,299707
1789019610000,POST_CHECK,1.75,4.0,-0.2820512820514016,TIME,299846
1789031820000,POST_CHECK,1.75,4.0,0.261701757438825,TIME,298500
1789047570000,POST_CHECK,1.75,4.0,0.3617756880099852,TIME,299852
1789053690000,POST_CHECK,1.75,4.0,0.5725609045342922,TIME,299395
1789088850000,POST_CHECK,1.75,4.0,-0.03266639444683369,TIME,299553
1789089270000,POST_CHECK,1.75,4.0,-0.7476967476966518,TIME,299847
1789102410000,POST_CHECK,1.75,4.0,-1.0,SL,137246
1789120140000,POST_CHECK,1.75,4.0,-0.20713609093772203,TIME,299394
1789142100000,POST_CHECK,1.75,4.0,-1.0,SL,230999
1789347690000,POST_CHECK,1.75,4.0,1.8849435728049364,TIME,299849
1789383480000,POST_CHECK,1.75,4.0,-1.0,SL,53701
1789388280000,POST_CHECK,1.75,4.0,1.9524301964835307,TIME,299243
1789394400000,POST_CHECK,1.75,4.0,0.6642464860839877,TIME,299703
1789394850000,POST_CHECK,1.75,4.0,-1.0,SL,158253
1789396470000,POST_CHECK,1.75,4.0,-0.19738013480864192,TIME,299695
1789403580000,POST_CHECK,1.75,4.0,-0.18288538770486196,TIME,299552
1789411020000,POST_CHECK,1.75,4.0,-1.0,SL,213901
1789428060000,POST_CHECK,1.75,4.0,0.671689989235422,TIME,297150
1789445400000,POST_CHECK,1.75,4.0,-1.0,SL,94203
1789458150000,POST_CHECK,1.75,4.0,2.2857142857142856,TP,271944
1789468860000,POST_CHECK,1.75,4.0,1.4472649267070745,TIME,299697
1786060200000,TRAIN,2.0,3.0,1.157926281090864,TIME,298803
1786061580000,TRAIN,2.0,3.0,-1.0,SL,206101
1786072020000,TRAIN,2.0,3.0,-1.0,SL,266400
1786096110000,TRAIN,2.0,3.0,0.3010230622506836,TIME,299248
1786105620000,TRAIN,2.0,3.0,-1.0,SL,166353
1786332630000,TRAIN,2.0,3.0,-0.49198520345246616,TIME,298802
1786340220000,TRAIN,2.0,3.0,0.40658049353691467,TIME,299702
1786341540000,TRAIN,2.0,3.0,0.3343527013250239,TIME,299704
1786352040000,TRAIN,2.0,3.0,0.16024293389417796,TIME,298199
1786358100000,TRAIN,2.0,3.0,-1.0,SL,130352
1786381140000,TRAIN,2.0,3.0,0.019426456984403487,TIME,299700
1786430640000,TRAIN,2.0,3.0,-0.024614552339756627,TIME,299701
1786438140000,TRAIN,2.0,3.0,-0.49744172825476324,TIME,299098
1786438500000,TRAIN,2.0,3.0,-0.8346793349167357,TIME,299551
1786440810000,TRAIN,2.0,3.0,-0.05059963857406809,TIME,299698
1786451070000,TRAIN,2.0,3.0,0.44790812141108965,TIME,299701
1786454340000,TRAIN,2.0,3.0,-1.0,SL,170695
1786463010000,TRAIN,2.0,3.0,-0.5118015149851676,TIME,299701
1786471950000,TRAIN,2.0,3.0,-0.5102452133019916,TIME,299100
1786493160000,TRAIN,2.0,3.0,-0.505105513955121,TIME,299099
1786504530000,TRAIN,2.0,3.0,-1.0,SL,137250
1786526850000,TRAIN,2.0,3.0,-0.3481883600554526,TIME,299851
1786550940000,TRAIN,2.0,3.0,0.8211964672553193,TIME,299698
1786553460000,TRAIN,2.0,3.0,0.38129915525773017,TIME,299852
1786553820000,TRAIN,2.0,3.0,1.0139451192081925,TIME,299856
1786581240000,TRAIN,2.0,3.0,-1.0,SL,11700
1786587240000,TRAIN,2.0,3.0,-0.13541215533420625,TIME,298197
1786593510000,TRAIN,2.0,3.0,1.5,TP,202050
1786624980000,TRAIN,2.0,3.0,-0.3973482494302577,TIME,299702
1786632990000,TRAIN,2.0,3.0,-0.11963882618525207,TIME,299395
1786633320000,TRAIN,2.0,3.0,1.5,TP,217648
1786653840000,TRAIN,2.0,3.0,-0.5074135090609667,TIME,298501
1786670520000,TRAIN,2.0,3.0,0.598373983739857,TIME,299843
1786687980000,TRAIN,2.0,3.0,-0.19865571321886547,TIME,299701
1786693650000,TRAIN,2.0,3.0,0.8401240035429385,TIME,298201
1786952010000,TRAIN,2.0,3.0,0.32315909958035577,TIME,299250
1786953810000,TRAIN,2.0,3.0,0.5185185185183703,TIME,299251
1786961190000,TRAIN,2.0,3.0,0.0216383307574164,TIME,298349
1786974090000,TRAIN,2.0,3.0,0.036419280795729744,TIME,299706
1787014200000,TRAIN,2.0,3.0,-0.24340527577968357,TIME,299852
1787023770000,TRAIN,2.0,3.0,0.20787401574798228,TIME,299548
1787047590000,TRAIN,2.0,3.0,-0.4163047109925658,TIME,299701
1787049660000,TRAIN,2.0,3.0,0.17766497461954978,TIME,299843
1787066490000,TRAIN,2.0,3.0,0.07125011566579714,TIME,299852
1787082420000,TRAIN,2.0,3.0,-1.0,SL,62696
1787084850000,TRAIN,2.0,3.0,0.31261315630644565,TIME,299098
1787098590000,TRAIN,2.0,3.0,-0.3581800580831405,TIME,299701
1787104830000,TRAIN,2.0,3.0,0.40566929133843743,TIME,299698
1787117580000,TRAIN,2.0,3.0,-0.2560083594566956,TIME,299551
1787140380000,TRAIN,2.0,3.0,0.48474576271170605,TIME,299695
1787141130000,TRAIN,2.0,3.0,-1.0,SL,196507
1787143260000,TRAIN,2.0,3.0,0.26161571219733776,TIME,299847
1787149170000,TRAIN,2.0,3.0,0.5267118133935105,TIME,299694
1787170380000,TRAIN,2.0,3.0,0.16543574593813615,TIME,299399
1787184990000,VALID,2.0,3.0,-1.0,SL,61795
1787199990000,VALID,2.0,3.0,1.5,TP,169950
1787220390000,VALID,2.0,3.0,0.5864943726552976,TIME,298952
1787229570000,VALID,2.0,3.0,-1.0,SL,98998
1787232870000,VALID,2.0,3.0,-1.0,SL,46504
1787234520000,VALID,2.0,3.0,0.7883181006408014,TIME,299848
1787246430000,VALID,2.0,3.0,0.48827248623294056,TIME,299100
1787267280000,VALID,2.0,3.0,-1.0,SL,45899
1787288910000,VALID,2.0,3.0,0.04945540182509581,TIME,299407
1787298090000,VALID,2.0,3.0,-0.28760445682435015,TIME,299698
1787312280000,VALID,2.0,3.0,1.5,TP,183597
1787325840000,VALID,2.0,3.0,-1.0,SL,66150
1787339850000,VALID,2.0,3.0,0.49491525423726557,TIME,298948
1787340270000,VALID,2.0,3.0,-1.0,SL,211800
1787527200000,VALID,2.0,3.0,-1.0,SL,76052
1787534100000,VALID,2.0,3.0,-0.08466737815727608,TIME,299695
1787579790000,VALID,2.0,3.0,0.15872197887145037,TIME,299862
1787583030000,VALID,2.0,3.0,-1.0,SL,52798
1787609970000,VALID,2.0,3.0,-0.20900636319130728,TIME,299399
1787630220000,VALID,2.0,3.0,1.0312181187512537,TIME,298354
1787647740000,VALID,2.0,3.0,-0.5009848982272495,TIME,299694
1787660070000,VALID,2.0,3.0,-1.0,SL,250348
1787661450000,VALID,2.0,3.0,0.9758469768197301,TIME,299854
1787664090000,VALID,2.0,3.0,-1.0,SL,89401
1787666490000,VALID,2.0,3.0,0.2852647313349746,TIME,299554
1787687220000,VALID,2.0,3.0,0.6323671497583672,TIME,299553
1787709300000,VALID,2.0,3.0,1.5,TP,182402
1787723070000,VALID,2.0,3.0,-0.32266764741942866,TIME,299408
1787740170000,VALID,2.0,3.0,1.0594059405941605,TIME,299845
1787749530000,VALID,2.0,3.0,-0.10704647676156985,TIME,299859
1787753850000,VALID,2.0,3.0,-0.7552123552122986,TIME,299547
1787788590000,VALID,2.0,3.0,-1.0,SL,212253
1787790000000,VALID,2.0,3.0,-0.295338550527335,TIME,299107
1787794950000,VALID,2.0,3.0,-1.0,SL,98102
1787798520000,VALID,2.0,3.0,-0.5599148418491698,TIME,298648
1787811390000,VALID,2.0,3.0,0.9679214882086812,TIME,299544
1787823090000,VALID,2.0,3.0,-1.0,SL,149249
1787827440000,VALID,2.0,3.0,-0.665511932255661,TIME,299547
1787834550000,VALID,2.0,3.0,0.5566523008480652,TIME,299699
1787844150000,VALID,2.0,3.0,-1.0,SL,163654
1787854650000,VALID,2.0,3.0,-0.08087291399242896,TIME,299698
1787883540000,VALID,2.0,3.0,-0.7808764940239427,TIME,298800
1787917320000,VALID,2.0,3.0,-1.0,SL,207155
1787924280000,VALID,2.0,3.0,0.802147239263715,TIME,299850
1787925720000,VALID,2.0,3.0,-1.0,SL,126599
1787934900000,VALID,2.0,3.0,0.7401598704846515,TIME,299849
1788141930000,VALID,2.0,3.0,-1.0,SL,193650
1788144150000,VALID,2.0,3.0,0.12189812799303594,TIME,299700
1788181080000,VALID,2.0,3.0,-1.0,SL,279897
1788221790000,VALID,2.0,3.0,1.5,TP,292499
1788228720000,VALID,2.0,3.0,0.31748031496073315,TIME,299694
1788230910000,VALID,2.0,3.0,-0.8100502512562556,TIME,299700
1788258720000,VALID,2.0,3.0,-0.17705790991782336,TIME,299550
1788262410000,VALID,2.0,3.0,0.5535055350553696,TIME,299702
1788271980000,VALID,2.0,3.0,0.8881765319815265,TIME,299702
1788277740000,VALID,2.0,3.0,0.5018820577164779,TIME,299249
1788303150000,VALID,2.0,3.0,0.1161596207033018,TIME,295504
1788321570000,VALID,2.0,3.0,-0.22413211998668262,TIME,297897
1788333960000,VALID,2.0,3.0,0.12606303151574694,TIME,299252
1788353280000,VALID,2.0,3.0,0.7515811148699687,TIME,299551
1788356520000,VALID,2.0,3.0,-1.0,SL,171595
1788377820000,VALID,2.0,3.0,1.0603191777113805,TIME,299245
1788409740000,VALID,2.0,3.0,0.45407835581253997,TIME,299093
1788416880000,VALID,2.0,3.0,0.3094606542882545,TIME,299099
1788417360000,VALID,2.0,3.0,0.004570682337678105,TIME,299848
1788439920000,VALID,2.0,3.0,1.210209205020875,TIME,299849
1788460260000,VALID,2.0,3.0,0.26887417218542264,TIME,299701
1788461400000,VALID,2.0,3.0,1.0547184773990264,TIME,299704
1788486750000,VALID,2.0,3.0,-1.0,SL,117150
1788488160000,VALID,2.0,3.0,-0.8517336736864801,TIME,299703
1788491310000,VALID,2.0,3.0,0.826644252994505,TIME,299703
1788518280000,VALID,2.0,3.0,-0.8960494372101906,TIME,299097
1788535440000,VALID,2.0,3.0,-0.15595265722905427,TIME,299700
1788551280000,VALID,2.0,3.0,0.10990795885216662,TIME,299849
1788767580000,POST_CHECK,2.0,3.0,-1.0,SL,170700
1788796560000,POST_CHECK,2.0,3.0,-1.0,SL,183295
1788852930000,POST_CHECK,2.0,3.0,-1.0,SL,208491
1788853320000,POST_CHECK,2.0,3.0,-0.40235970352435946,TIME,299701
1788855180000,POST_CHECK,2.0,3.0,-0.13432184910592562,TIME,299099
1788864030000,POST_CHECK,2.0,3.0,-1.0,SL,88804
1788865590000,POST_CHECK,2.0,3.0,-1.0,SL,165003
1788872040000,POST_CHECK,2.0,3.0,1.231481481481476,TIME,299403
1788873690000,POST_CHECK,2.0,3.0,-1.0,SL,283502
1788891840000,POST_CHECK,2.0,3.0,0.027691438259643267,TIME,299702
1788893880000,POST_CHECK,2.0,3.0,0.05480724570368446,TIME,299698
1788894780000,POST_CHECK,2.0,3.0,-1.0,SL,282147
1788912420000,POST_CHECK,2.0,3.0,1.5,TP,291458
1788921270000,POST_CHECK,2.0,3.0,-1.0,SL,104096
1788927510000,POST_CHECK,2.0,3.0,0.8393613554902909,TIME,299698
1788928650000,POST_CHECK,2.0,3.0,1.3196721311481758,TIME,298646
1788936060000,POST_CHECK,2.0,3.0,-0.7874669686676883,TIME,298954
1788946920000,POST_CHECK,2.0,3.0,-1.0,SL,265049
1788947610000,POST_CHECK,2.0,3.0,1.5,TP,165146
1788948900000,POST_CHECK,2.0,3.0,0.8104967948716896,TIME,298946
1788999030000,POST_CHECK,2.0,3.0,-1.0,SL,52645
1789004220000,POST_CHECK,2.0,3.0,0.09221556886238068,TIME,299696
1789006830000,POST_CHECK,2.0,3.0,-0.7453862485708534,TIME,299102
1789007910000,POST_CHECK,2.0,3.0,0.6806896551724075,TIME,299707
1789019610000,POST_CHECK,2.0,3.0,-0.24679487179497642,TIME,299846
1789031820000,POST_CHECK,2.0,3.0,0.2289890377589719,TIME,298500
1789047570000,POST_CHECK,2.0,3.0,0.3165537270087371,TIME,299852
1789053690000,POST_CHECK,2.0,3.0,0.5009907914675057,TIME,299395
1789088850000,POST_CHECK,2.0,3.0,-0.02858309514097948,TIME,299553
1789089270000,POST_CHECK,2.0,3.0,-0.6542346542345703,TIME,299847
1789102410000,POST_CHECK,2.0,3.0,-0.6740331491712878,TIME,299851
1789120140000,POST_CHECK,2.0,3.0,-0.18124407957050678,TIME,299394
1789142100000,POST_CHECK,2.0,3.0,-0.49164238613728956,TIME,299251
1789347690000,POST_CHECK,2.0,3.0,1.5,TP,140399
1789383480000,POST_CHECK,2.0,3.0,-0.6184738955826182,TIME,299695
1789388280000,POST_CHECK,2.0,3.0,1.5,TP,173543
1789394400000,POST_CHECK,2.0,3.0,0.5812156753234893,TIME,299703
1789394850000,POST_CHECK,2.0,3.0,-1.0,SL,236846
1789396470000,POST_CHECK,2.0,3.0,-0.17270761795756168,TIME,299695
1789403580000,POST_CHECK,2.0,3.0,-0.16002471424175418,TIME,299552
1789411020000,POST_CHECK,2.0,3.0,-1.0,SL,285003
1789428060000,POST_CHECK,2.0,3.0,0.5877287405809943,TIME,297150
1789445400000,POST_CHECK,2.0,3.0,1.5,TP,238954
1789458150000,POST_CHECK,2.0,3.0,1.5,TP,157952
1789468860000,POST_CHECK,2.0,3.0,1.5,TP,95250
1786060200000,TRAIN,2.0,3.25,1.157926281090864,TIME,298803
1786061580000,TRAIN,2.0,3.25,-1.0,SL,206101
1786072020000,TRAIN,2.0,3.25,-1.0,SL,266400
1786096110000,TRAIN,2.0,3.25,0.3010230622506836,TIME,299248
1786105620000,TRAIN,2.0,3.25,-1.0,SL,166353
1786332630000,TRAIN,2.0,3.25,-0.49198520345246616,TIME,298802
1786340220000,TRAIN,2.0,3.25,0.40658049353691467,TIME,299702
1786341540000,TRAIN,2.0,3.25,0.3343527013250239,TIME,299704
1786352040000,TRAIN,2.0,3.25,0.16024293389417796,TIME,298199
1786358100000,TRAIN,2.0,3.25,-1.0,SL,130352
1786381140000,TRAIN,2.0,3.25,0.019426456984403487,TIME,299700
1786430640000,TRAIN,2.0,3.25,-0.024614552339756627,TIME,299701
1786438140000,TRAIN,2.0,3.25,-0.49744172825476324,TIME,299098
1786438500000,TRAIN,2.0,3.25,-0.8346793349167357,TIME,299551
1786440810000,TRAIN,2.0,3.25,-0.05059963857406809,TIME,299698
1786451070000,TRAIN,2.0,3.25,0.44790812141108965,TIME,299701
1786454340000,TRAIN,2.0,3.25,-1.0,SL,170695
1786463010000,TRAIN,2.0,3.25,-0.5118015149851676,TIME,299701
1786471950000,TRAIN,2.0,3.25,-0.5102452133019916,TIME,299100
1786493160000,TRAIN,2.0,3.25,-0.505105513955121,TIME,299099
1786504530000,TRAIN,2.0,3.25,-1.0,SL,137250
1786526850000,TRAIN,2.0,3.25,-0.3481883600554526,TIME,299851
1786550940000,TRAIN,2.0,3.25,0.8211964672553193,TIME,299698
1786553460000,TRAIN,2.0,3.25,0.38129915525773017,TIME,299852
1786553820000,TRAIN,2.0,3.25,1.0139451192081925,TIME,299856
1786581240000,TRAIN,2.0,3.25,-1.0,SL,11700
1786587240000,TRAIN,2.0,3.25,-0.13541215533420625,TIME,298197
1786593510000,TRAIN,2.0,3.25,1.625,TP,202050
1786624980000,TRAIN,2.0,3.25,-0.3973482494302577,TIME,299702
1786632990000,TRAIN,2.0,3.25,-0.11963882618525207,TIME,299395
1786633320000,TRAIN,2.0,3.25,1.625,TP,217947
1786653840000,TRAIN,2.0,3.25,-0.5074135090609667,TIME,298501
1786670520000,TRAIN,2.0,3.25,0.598373983739857,TIME,299843
1786687980000,TRAIN,2.0,3.25,-0.19865571321886547,TIME,299701
1786693650000,TRAIN,2.0,3.25,0.8401240035429385,TIME,298201
1786952010000,TRAIN,2.0,3.25,0.32315909958035577,TIME,299250
1786953810000,TRAIN,2.0,3.25,0.5185185185183703,TIME,299251
1786961190000,TRAIN,2.0,3.25,0.0216383307574164,TIME,298349
1786974090000,TRAIN,2.0,3.25,0.036419280795729744,TIME,299706
1787014200000,TRAIN,2.0,3.25,-0.24340527577968357,TIME,299852
1787023770000,TRAIN,2.0,3.25,0.20787401574798228,TIME,299548
1787047590000,TRAIN,2.0,3.25,-0.4163047109925658,TIME,299701
1787049660000,TRAIN,2.0,3.25,0.17766497461954978,TIME,299843
1787066490000,TRAIN,2.0,3.25,0.07125011566579714,TIME,299852
1787082420000,TRAIN,2.0,3.25,-1.0,SL,62696
1787084850000,TRAIN,2.0,3.25,0.31261315630644565,TIME,299098
1787098590000,TRAIN,2.0,3.25,-0.3581800580831405,TIME,299701
1787104830000,TRAIN,2.0,3.25,0.40566929133843743,TIME,299698
1787117580000,TRAIN,2.0,3.25,-0.2560083594566956,TIME,299551
1787140380000,TRAIN,2.0,3.25,0.48474576271170605,TIME,299695
1787141130000,TRAIN,2.0,3.25,-1.0,SL,196507
1787143260000,TRAIN,2.0,3.25,0.26161571219733776,TIME,299847
1787149170000,TRAIN,2.0,3.25,0.5267118133935105,TIME,299694
1787170380000,TRAIN,2.0,3.25,0.16543574593813615,TIME,299399
1787184990000,VALID,2.0,3.25,-1.0,SL,61795
1787199990000,VALID,2.0,3.25,1.625,TP,189450
1787220390000,VALID,2.0,3.25,0.5864943726552976,TIME,298952
1787229570000,VALID,2.0,3.25,-1.0,SL,98998
1787232870000,VALID,2.0,3.25,-1.0,SL,46504
1787234520000,VALID,2.0,3.25,0.7883181006408014,TIME,299848
1787246430000,VALID,2.0,3.25,0.48827248623294056,TIME,299100
1787267280000,VALID,2.0,3.25,-1.0,SL,45899
1787288910000,VALID,2.0,3.25,0.04945540182509581,TIME,299407
1787298090000,VALID,2.0,3.25,-0.28760445682435015,TIME,299698
1787312280000,VALID,2.0,3.25,1.625,TP,200696
1787325840000,VALID,2.0,3.25,-1.0,SL,66150
1787339850000,VALID,2.0,3.25,0.49491525423726557,TIME,298948
1787340270000,VALID,2.0,3.25,-1.0,SL,211800
1787527200000,VALID,2.0,3.25,-1.0,SL,76052
1787534100000,VALID,2.0,3.25,-0.08466737815727608,TIME,299695
1787579790000,VALID,2.0,3.25,0.15872197887145037,TIME,299862
1787583030000,VALID,2.0,3.25,-1.0,SL,52798
1787609970000,VALID,2.0,3.25,-0.20900636319130728,TIME,299399
1787630220000,VALID,2.0,3.25,1.0312181187512537,TIME,298354
1787647740000,VALID,2.0,3.25,-0.5009848982272495,TIME,299694
1787660070000,VALID,2.0,3.25,-1.0,SL,250348
1787661450000,VALID,2.0,3.25,0.9758469768197301,TIME,299854
1787664090000,VALID,2.0,3.25,-1.0,SL,89401
1787666490000,VALID,2.0,3.25,0.2852647313349746,TIME,299554
1787687220000,VALID,2.0,3.25,0.6323671497583672,TIME,299553
1787709300000,VALID,2.0,3.25,1.625,TP,211354
1787723070000,VALID,2.0,3.25,-0.32266764741942866,TIME,299408
1787740170000,VALID,2.0,3.25,1.0594059405941605,TIME,299845
1787749530000,VALID,2.0,3.25,-0.10704647676156985,TIME,299859
1787753850000,VALID,2.0,3.25,-0.7552123552122986,TIME,299547
1787788590000,VALID,2.0,3.25,-1.0,SL,212253
1787790000000,VALID,2.0,3.25,-0.295338550527335,TIME,299107
1787794950000,VALID,2.0,3.25,-1.0,SL,98102
1787798520000,VALID,2.0,3.25,-0.5599148418491698,TIME,298648
1787811390000,VALID,2.0,3.25,0.9679214882086812,TIME,299544
1787823090000,VALID,2.0,3.25,-1.0,SL,149249
1787827440000,VALID,2.0,3.25,-0.665511932255661,TIME,299547
1787834550000,VALID,2.0,3.25,0.5566523008480652,TIME,299699
1787844150000,VALID,2.0,3.25,-1.0,SL,163654
1787854650000,VALID,2.0,3.25,-0.08087291399242896,TIME,299698
1787883540000,VALID,2.0,3.25,-0.7808764940239427,TIME,298800
1787917320000,VALID,2.0,3.25,-1.0,SL,207155
1787924280000,VALID,2.0,3.25,0.802147239263715,TIME,299850
1787925720000,VALID,2.0,3.25,-1.0,SL,126599
1787934900000,VALID,2.0,3.25,0.7401598704846515,TIME,299849
1788141930000,VALID,2.0,3.25,-1.0,SL,193650
1788144150000,VALID,2.0,3.25,0.12189812799303594,TIME,299700
1788181080000,VALID,2.0,3.25,-1.0,SL,279897
1788221790000,VALID,2.0,3.25,1.5860325485859144,TIME,299099
1788228720000,VALID,2.0,3.25,0.31748031496073315,TIME,299694
1788230910000,VALID,2.0,3.25,-0.8100502512562556,TIME,299700
1788258720000,VALID,2.0,3.25,-0.17705790991782336,TIME,299550
1788262410000,VALID,2.0,3.25,0.5535055350553696,TIME,299702
1788271980000,VALID,2.0,3.25,0.8881765319815265,TIME,299702
1788277740000,VALID,2.0,3.25,0.5018820577164779,TIME,299249
1788303150000,VALID,2.0,3.25,0.1161596207033018,TIME,295504
1788321570000,VALID,2.0,3.25,-0.22413211998668262,TIME,297897
1788333960000,VALID,2.0,3.25,0.12606303151574694,TIME,299252
1788353280000,VALID,2.0,3.25,0.7515811148699687,TIME,299551
1788356520000,VALID,2.0,3.25,-1.0,SL,171595
1788377820000,VALID,2.0,3.25,1.0603191777113805,TIME,299245
1788409740000,VALID,2.0,3.25,0.45407835581253997,TIME,299093
1788416880000,VALID,2.0,3.25,0.3094606542882545,TIME,299099
1788417360000,VALID,2.0,3.25,0.004570682337678105,TIME,299848
1788439920000,VALID,2.0,3.25,1.210209205020875,TIME,299849
1788460260000,VALID,2.0,3.25,0.26887417218542264,TIME,299701
1788461400000,VALID,2.0,3.25,1.0547184773990264,TIME,299704
1788486750000,VALID,2.0,3.25,-1.0,SL,117150
1788488160000,VALID,2.0,3.25,-0.8517336736864801,TIME,299703
1788491310000,VALID,2.0,3.25,0.826644252994505,TIME,299703
1788518280000,VALID,2.0,3.25,-0.8960494372101906,TIME,299097
1788535440000,VALID,2.0,3.25,-0.15595265722905427,TIME,299700
1788551280000,VALID,2.0,3.25,0.10990795885216662,TIME,299849
1788767580000,POST_CHECK,2.0,3.25,-1.0,SL,170700
1788796560000,POST_CHECK,2.0,3.25,-1.0,SL,183295
1788852930000,POST_CHECK,2.0,3.25,-1.0,SL,208491
1788853320000,POST_CHECK,2.0,3.25,-0.40235970352435946,TIME,299701
1788855180000,POST_CHECK,2.0,3.25,-0.13432184910592562,TIME,299099
1788864030000,POST_CHECK,2.0,3.25,-1.0,SL,88804
1788865590000,POST_CHECK,2.0,3.25,-1.0,SL,165003
1788872040000,POST_CHECK,2.0,3.25,1.231481481481476,TIME,299403
1788873690000,POST_CHECK,2.0,3.25,-1.0,SL,283502
1788891840000,POST_CHECK,2.0,3.25,0.027691438259643267,TIME,299702
1788893880000,POST_CHECK,2.0,3.25,0.05480724570368446,TIME,299698
1788894780000,POST_CHECK,2.0,3.25,-1.0,SL,282147
1788912420000,POST_CHECK,2.0,3.25,1.5406698564592969,TIME,299404
1788921270000,POST_CHECK,2.0,3.25,-1.0,SL,104096
1788927510000,POST_CHECK,2.0,3.25,0.8393613554902909,TIME,299698
1788928650000,POST_CHECK,2.0,3.25,1.3196721311481758,TIME,298646
1788936060000,POST_CHECK,2.0,3.25,-0.7874669686676883,TIME,298954
1788946920000,POST_CHECK,2.0,3.25,-1.0,SL,265049
1788947610000,POST_CHECK,2.0,3.25,1.625,TP,266845
1788948900000,POST_CHECK,2.0,3.25,0.8104967948716896,TIME,298946
1788999030000,POST_CHECK,2.0,3.25,-1.0,SL,52645
1789004220000,POST_CHECK,2.0,3.25,0.09221556886238068,TIME,299696
1789006830000,POST_CHECK,2.0,3.25,-0.7453862485708534,TIME,299102
1789007910000,POST_CHECK,2.0,3.25,0.6806896551724075,TIME,299707
1789019610000,POST_CHECK,2.0,3.25,-0.24679487179497642,TIME,299846
1789031820000,POST_CHECK,2.0,3.25,0.2289890377589719,TIME,298500
1789047570000,POST_CHECK,2.0,3.25,0.3165537270087371,TIME,299852
1789053690000,POST_CHECK,2.0,3.25,0.5009907914675057,TIME,299395
1789088850000,POST_CHECK,2.0,3.25,-0.02858309514097948,TIME,299553
1789089270000,POST_CHECK,2.0,3.25,-0.6542346542345703,TIME,299847
1789102410000,POST_CHECK,2.0,3.25,-0.6740331491712878,TIME,299851
1789120140000,POST_CHECK,2.0,3.25,-0.18124407957050678,TIME,299394
1789142100000,POST_CHECK,2.0,3.25,-0.49164238613728956,TIME,299251
1789347690000,POST_CHECK,2.0,3.25,1.625,TP,158244
1789383480000,POST_CHECK,2.0,3.25,-0.6184738955826182,TIME,299695
1789388280000,POST_CHECK,2.0,3.25,1.625,TP,177302
1789394400000,POST_CHECK,2.0,3.25,0.5812156753234893,TIME,299703
1789394850000,POST_CHECK,2.0,3.25,-1.0,SL,236846
1789396470000,POST_CHECK,2.0,3.25,-0.17270761795756168,TIME,299695
1789403580000,POST_CHECK,2.0,3.25,-0.16002471424175418,TIME,299552
1789411020000,POST_CHECK,2.0,3.25,-1.0,SL,285003
1789428060000,POST_CHECK,2.0,3.25,0.5877287405809943,TIME,297150
1789445400000,POST_CHECK,2.0,3.25,1.625,TP,242555
1789458150000,POST_CHECK,2.0,3.25,1.625,TP,271801
1789468860000,POST_CHECK,2.0,3.25,1.2663568108686902,TIME,299697
1786060200000,TRAIN,2.0,3.5,1.157926281090864,TIME,298803
1786061580000,TRAIN,2.0,3.5,-1.0,SL,206101
1786072020000,TRAIN,2.0,3.5,-1.0,SL,266400
1786096110000,TRAIN,2.0,3.5,0.3010230622506836,TIME,299248
1786105620000,TRAIN,2.0,3.5,-1.0,SL,166353
1786332630000,TRAIN,2.0,3.5,-0.49198520345246616,TIME,298802
1786340220000,TRAIN,2.0,3.5,0.40658049353691467,TIME,299702
1786341540000,TRAIN,2.0,3.5,0.3343527013250239,TIME,299704
1786352040000,TRAIN,2.0,3.5,0.16024293389417796,TIME,298199
1786358100000,TRAIN,2.0,3.5,-1.0,SL,130352
1786381140000,TRAIN,2.0,3.5,0.019426456984403487,TIME,299700
1786430640000,TRAIN,2.0,3.5,-0.024614552339756627,TIME,299701
1786438140000,TRAIN,2.0,3.5,-0.49744172825476324,TIME,299098
1786438500000,TRAIN,2.0,3.5,-0.8346793349167357,TIME,299551
1786440810000,TRAIN,2.0,3.5,-0.05059963857406809,TIME,299698
1786451070000,TRAIN,2.0,3.5,0.44790812141108965,TIME,299701
1786454340000,TRAIN,2.0,3.5,-1.0,SL,170695
1786463010000,TRAIN,2.0,3.5,-0.5118015149851676,TIME,299701
1786471950000,TRAIN,2.0,3.5,-0.5102452133019916,TIME,299100
1786493160000,TRAIN,2.0,3.5,-0.505105513955121,TIME,299099
1786504530000,TRAIN,2.0,3.5,-1.0,SL,137250
1786526850000,TRAIN,2.0,3.5,-0.3481883600554526,TIME,299851
1786550940000,TRAIN,2.0,3.5,0.8211964672553193,TIME,299698
1786553460000,TRAIN,2.0,3.5,0.38129915525773017,TIME,299852
1786553820000,TRAIN,2.0,3.5,1.0139451192081925,TIME,299856
1786581240000,TRAIN,2.0,3.5,-1.0,SL,11700
1786587240000,TRAIN,2.0,3.5,-0.13541215533420625,TIME,298197
1786593510000,TRAIN,2.0,3.5,0.19164018577378708,TIME,298656
1786624980000,TRAIN,2.0,3.5,-0.3973482494302577,TIME,299702
1786632990000,TRAIN,2.0,3.5,-0.11963882618525207,TIME,299395
1786633320000,TRAIN,2.0,3.5,1.75,TP,220647
1786653840000,TRAIN,2.0,3.5,-0.5074135090609667,TIME,298501
1786670520000,TRAIN,2.0,3.5,0.598373983739857,TIME,299843
1786687980000,TRAIN,2.0,3.5,-0.19865571321886547,TIME,299701
1786693650000,TRAIN,2.0,3.5,0.8401240035429385,TIME,298201
1786952010000,TRAIN,2.0,3.5,0.32315909958035577,TIME,299250
1786953810000,TRAIN,2.0,3.5,0.5185185185183703,TIME,299251
1786961190000,TRAIN,2.0,3.5,0.0216383307574164,TIME,298349
1786974090000,TRAIN,2.0,3.5,0.036419280795729744,TIME,299706
1787014200000,TRAIN,2.0,3.5,-0.24340527577968357,TIME,299852
1787023770000,TRAIN,2.0,3.5,0.20787401574798228,TIME,299548
1787047590000,TRAIN,2.0,3.5,-0.4163047109925658,TIME,299701
1787049660000,TRAIN,2.0,3.5,0.17766497461954978,TIME,299843
1787066490000,TRAIN,2.0,3.5,0.07125011566579714,TIME,299852
1787082420000,TRAIN,2.0,3.5,-1.0,SL,62696
1787084850000,TRAIN,2.0,3.5,0.31261315630644565,TIME,299098
1787098590000,TRAIN,2.0,3.5,-0.3581800580831405,TIME,299701
1787104830000,TRAIN,2.0,3.5,0.40566929133843743,TIME,299698
1787117580000,TRAIN,2.0,3.5,-0.2560083594566956,TIME,299551
1787140380000,TRAIN,2.0,3.5,0.48474576271170605,TIME,299695
1787141130000,TRAIN,2.0,3.5,-1.0,SL,196507
1787143260000,TRAIN,2.0,3.5,0.26161571219733776,TIME,299847
1787149170000,TRAIN,2.0,3.5,0.5267118133935105,TIME,299694
1787170380000,TRAIN,2.0,3.5,0.16543574593813615,TIME,299399
1787184990000,VALID,2.0,3.5,-1.0,SL,61795
1787199990000,VALID,2.0,3.5,1.75,TP,189450
1787220390000,VALID,2.0,3.5,0.5864943726552976,TIME,298952
1787229570000,VALID,2.0,3.5,-1.0,SL,98998
1787232870000,VALID,2.0,3.5,-1.0,SL,46504
1787234520000,VALID,2.0,3.5,0.7883181006408014,TIME,299848
1787246430000,VALID,2.0,3.5,0.48827248623294056,TIME,299100
1787267280000,VALID,2.0,3.5,-1.0,SL,45899
1787288910000,VALID,2.0,3.5,0.04945540182509581,TIME,299407
1787298090000,VALID,2.0,3.5,-0.28760445682435015,TIME,299698
1787312280000,VALID,2.0,3.5,1.5813889651385256,TIME,299850
1787325840000,VALID,2.0,3.5,-1.0,SL,66150
1787339850000,VALID,2.0,3.5,0.49491525423726557,TIME,298948
1787340270000,VALID,2.0,3.5,-1.0,SL,211800
1787527200000,VALID,2.0,3.5,-1.0,SL,76052
1787534100000,VALID,2.0,3.5,-0.08466737815727608,TIME,299695
1787579790000,VALID,2.0,3.5,0.15872197887145037,TIME,299862
1787583030000,VALID,2.0,3.5,-1.0,SL,52798
1787609970000,VALID,2.0,3.5,-0.20900636319130728,TIME,299399
1787630220000,VALID,2.0,3.5,1.0312181187512537,TIME,298354
1787647740000,VALID,2.0,3.5,-0.5009848982272495,TIME,299694
1787660070000,VALID,2.0,3.5,-1.0,SL,250348
1787661450000,VALID,2.0,3.5,0.9758469768197301,TIME,299854
1787664090000,VALID,2.0,3.5,-1.0,SL,89401
1787666490000,VALID,2.0,3.5,0.2852647313349746,TIME,299554
1787687220000,VALID,2.0,3.5,0.6323671497583672,TIME,299553
1787709300000,VALID,2.0,3.5,0.9200332042058577,TIME,299097
1787723070000,VALID,2.0,3.5,-0.32266764741942866,TIME,299408
1787740170000,VALID,2.0,3.5,1.0594059405941605,TIME,299845
1787749530000,VALID,2.0,3.5,-0.10704647676156985,TIME,299859
1787753850000,VALID,2.0,3.5,-0.7552123552122986,TIME,299547
1787788590000,VALID,2.0,3.5,-1.0,SL,212253
1787790000000,VALID,2.0,3.5,-0.295338550527335,TIME,299107
1787794950000,VALID,2.0,3.5,-1.0,SL,98102
1787798520000,VALID,2.0,3.5,-0.5599148418491698,TIME,298648
1787811390000,VALID,2.0,3.5,0.9679214882086812,TIME,299544
1787823090000,VALID,2.0,3.5,-1.0,SL,149249
1787827440000,VALID,2.0,3.5,-0.665511932255661,TIME,299547
1787834550000,VALID,2.0,3.5,0.5566523008480652,TIME,299699
1787844150000,VALID,2.0,3.5,-1.0,SL,163654
1787854650000,VALID,2.0,3.5,-0.08087291399242896,TIME,299698
1787883540000,VALID,2.0,3.5,-0.7808764940239427,TIME,298800
1787917320000,VALID,2.0,3.5,-1.0,SL,207155
1787924280000,VALID,2.0,3.5,0.802147239263715,TIME,299850
1787925720000,VALID,2.0,3.5,-1.0,SL,126599
1787934900000,VALID,2.0,3.5,0.7401598704846515,TIME,299849
1788141930000,VALID,2.0,3.5,-1.0,SL,193650
1788144150000,VALID,2.0,3.5,0.12189812799303594,TIME,299700
1788181080000,VALID,2.0,3.5,-1.0,SL,279897
1788221790000,VALID,2.0,3.5,1.5860325485859144,TIME,299099
1788228720000,VALID,2.0,3.5,0.31748031496073315,TIME,299694
1788230910000,VALID,2.0,3.5,-0.8100502512562556,TIME,299700
1788258720000,VALID,2.0,3.5,-0.17705790991782336,TIME,299550
1788262410000,VALID,2.0,3.5,0.5535055350553696,TIME,299702
1788271980000,VALID,2.0,3.5,0.8881765319815265,TIME,299702
1788277740000,VALID,2.0,3.5,0.5018820577164779,TIME,299249
1788303150000,VALID,2.0,3.5,0.1161596207033018,TIME,295504
1788321570000,VALID,2.0,3.5,-0.22413211998668262,TIME,297897
1788333960000,VALID,2.0,3.5,0.12606303151574694,TIME,299252
1788353280000,VALID,2.0,3.5,0.7515811148699687,TIME,299551
1788356520000,VALID,2.0,3.5,-1.0,SL,171595
1788377820000,VALID,2.0,3.5,1.0603191777113805,TIME,299245
1788409740000,VALID,2.0,3.5,0.45407835581253997,TIME,299093
1788416880000,VALID,2.0,3.5,0.3094606542882545,TIME,299099
1788417360000,VALID,2.0,3.5,0.004570682337678105,TIME,299848
1788439920000,VALID,2.0,3.5,1.210209205020875,TIME,299849
1788460260000,VALID,2.0,3.5,0.26887417218542264,TIME,299701
1788461400000,VALID,2.0,3.5,1.0547184773990264,TIME,299704
1788486750000,VALID,2.0,3.5,-1.0,SL,117150
1788488160000,VALID,2.0,3.5,-0.8517336736864801,TIME,299703
1788491310000,VALID,2.0,3.5,0.826644252994505,TIME,299703
1788518280000,VALID,2.0,3.5,-0.8960494372101906,TIME,299097
1788535440000,VALID,2.0,3.5,-0.15595265722905427,TIME,299700
1788551280000,VALID,2.0,3.5,0.10990795885216662,TIME,299849
1788767580000,POST_CHECK,2.0,3.5,-1.0,SL,170700
1788796560000,POST_CHECK,2.0,3.5,-1.0,SL,183295
1788852930000,POST_CHECK,2.0,3.5,-1.0,SL,208491
1788853320000,POST_CHECK,2.0,3.5,-0.40235970352435946,TIME,299701
1788855180000,POST_CHECK,2.0,3.5,-0.13432184910592562,TIME,299099
1788864030000,POST_CHECK,2.0,3.5,-1.0,SL,88804
1788865590000,POST_CHECK,2.0,3.5,-1.0,SL,165003
1788872040000,POST_CHECK,2.0,3.5,1.231481481481476,TIME,299403
1788873690000,POST_CHECK,2.0,3.5,-1.0,SL,283502
1788891840000,POST_CHECK,2.0,3.5,0.027691438259643267,TIME,299702
1788893880000,POST_CHECK,2.0,3.5,0.05480724570368446,TIME,299698
1788894780000,POST_CHECK,2.0,3.5,-1.0,SL,282147
1788912420000,POST_CHECK,2.0,3.5,1.5406698564592969,TIME,299404
1788921270000,POST_CHECK,2.0,3.5,-1.0,SL,104096
1788927510000,POST_CHECK,2.0,3.5,0.8393613554902909,TIME,299698
1788928650000,POST_CHECK,2.0,3.5,1.3196721311481758,TIME,298646
1788936060000,POST_CHECK,2.0,3.5,-0.7874669686676883,TIME,298954
1788946920000,POST_CHECK,2.0,3.5,-1.0,SL,265049
1788947610000,POST_CHECK,2.0,3.5,1.75,TP,271351
1788948900000,POST_CHECK,2.0,3.5,0.8104967948716896,TIME,298946
1788999030000,POST_CHECK,2.0,3.5,-1.0,SL,52645
1789004220000,POST_CHECK,2.0,3.5,0.09221556886238068,TIME,299696
1789006830000,POST_CHECK,2.0,3.5,-0.7453862485708534,TIME,299102
1789007910000,POST_CHECK,2.0,3.5,0.6806896551724075,TIME,299707
1789019610000,POST_CHECK,2.0,3.5,-0.24679487179497642,TIME,299846
1789031820000,POST_CHECK,2.0,3.5,0.2289890377589719,TIME,298500
1789047570000,POST_CHECK,2.0,3.5,0.3165537270087371,TIME,299852
1789053690000,POST_CHECK,2.0,3.5,0.5009907914675057,TIME,299395
1789088850000,POST_CHECK,2.0,3.5,-0.02858309514097948,TIME,299553
1789089270000,POST_CHECK,2.0,3.5,-0.6542346542345703,TIME,299847
1789102410000,POST_CHECK,2.0,3.5,-0.6740331491712878,TIME,299851
1789120140000,POST_CHECK,2.0,3.5,-0.18124407957050678,TIME,299394
1789142100000,POST_CHECK,2.0,3.5,-0.49164238613728956,TIME,299251
1789347690000,POST_CHECK,2.0,3.5,1.75,TP,161847
1789383480000,POST_CHECK,2.0,3.5,-0.6184738955826182,TIME,299695
1789388280000,POST_CHECK,2.0,3.5,1.75,TP,210148
1789394400000,POST_CHECK,2.0,3.5,0.5812156753234893,TIME,299703
1789394850000,POST_CHECK,2.0,3.5,-1.0,SL,236846
1789396470000,POST_CHECK,2.0,3.5,-0.17270761795756168,TIME,299695
1789403580000,POST_CHECK,2.0,3.5,-0.16002471424175418,TIME,299552
1789411020000,POST_CHECK,2.0,3.5,-1.0,SL,285003
1789428060000,POST_CHECK,2.0,3.5,0.5877287405809943,TIME,297150
1789445400000,POST_CHECK,2.0,3.5,1.75,TP,242704
1789458150000,POST_CHECK,2.0,3.5,1.75,TP,271801
1789468860000,POST_CHECK,2.0,3.5,1.2663568108686902,TIME,299697
1786060200000,TRAIN,2.0,3.75,1.157926281090864,TIME,298803
1786061580000,TRAIN,2.0,3.75,-1.0,SL,206101
1786072020000,TRAIN,2.0,3.75,-1.0,SL,266400
1786096110000,TRAIN,2.0,3.75,0.3010230622506836,TIME,299248
1786105620000,TRAIN,2.0,3.75,-1.0,SL,166353
1786332630000,TRAIN,2.0,3.75,-0.49198520345246616,TIME,298802
1786340220000,TRAIN,2.0,3.75,0.40658049353691467,TIME,299702
1786341540000,TRAIN,2.0,3.75,0.3343527013250239,TIME,299704
1786352040000,TRAIN,2.0,3.75,0.16024293389417796,TIME,298199
1786358100000,TRAIN,2.0,3.75,-1.0,SL,130352
1786381140000,TRAIN,2.0,3.75,0.019426456984403487,TIME,299700
1786430640000,TRAIN,2.0,3.75,-0.024614552339756627,TIME,299701
1786438140000,TRAIN,2.0,3.75,-0.49744172825476324,TIME,299098
1786438500000,TRAIN,2.0,3.75,-0.8346793349167357,TIME,299551
1786440810000,TRAIN,2.0,3.75,-0.05059963857406809,TIME,299698
1786451070000,TRAIN,2.0,3.75,0.44790812141108965,TIME,299701
1786454340000,TRAIN,2.0,3.75,-1.0,SL,170695
1786463010000,TRAIN,2.0,3.75,-0.5118015149851676,TIME,299701
1786471950000,TRAIN,2.0,3.75,-0.5102452133019916,TIME,299100
1786493160000,TRAIN,2.0,3.75,-0.505105513955121,TIME,299099
1786504530000,TRAIN,2.0,3.75,-1.0,SL,137250
1786526850000,TRAIN,2.0,3.75,-0.3481883600554526,TIME,299851
1786550940000,TRAIN,2.0,3.75,0.8211964672553193,TIME,299698
1786553460000,TRAIN,2.0,3.75,0.38129915525773017,TIME,299852
1786553820000,TRAIN,2.0,3.75,1.0139451192081925,TIME,299856
1786581240000,TRAIN,2.0,3.75,-1.0,SL,11700
1786587240000,TRAIN,2.0,3.75,-0.13541215533420625,TIME,298197
1786593510000,TRAIN,2.0,3.75,0.19164018577378708,TIME,298656
1786624980000,TRAIN,2.0,3.75,-0.3973482494302577,TIME,299702
1786632990000,TRAIN,2.0,3.75,-0.11963882618525207,TIME,299395
1786633320000,TRAIN,2.0,3.75,1.875,TP,236103
1786653840000,TRAIN,2.0,3.75,-0.5074135090609667,TIME,298501
1786670520000,TRAIN,2.0,3.75,0.598373983739857,TIME,299843
1786687980000,TRAIN,2.0,3.75,-0.19865571321886547,TIME,299701
1786693650000,TRAIN,2.0,3.75,0.8401240035429385,TIME,298201
1786952010000,TRAIN,2.0,3.75,0.32315909958035577,TIME,299250
1786953810000,TRAIN,2.0,3.75,0.5185185185183703,TIME,299251
1786961190000,TRAIN,2.0,3.75,0.0216383307574164,TIME,298349
1786974090000,TRAIN,2.0,3.75,0.036419280795729744,TIME,299706
1787014200000,TRAIN,2.0,3.75,-0.24340527577968357,TIME,299852
1787023770000,TRAIN,2.0,3.75,0.20787401574798228,TIME,299548
1787047590000,TRAIN,2.0,3.75,-0.4163047109925658,TIME,299701
1787049660000,TRAIN,2.0,3.75,0.17766497461954978,TIME,299843
1787066490000,TRAIN,2.0,3.75,0.07125011566579714,TIME,299852
1787082420000,TRAIN,2.0,3.75,-1.0,SL,62696
1787084850000,TRAIN,2.0,3.75,0.31261315630644565,TIME,299098
1787098590000,TRAIN,2.0,3.75,-0.3581800580831405,TIME,299701
1787104830000,TRAIN,2.0,3.75,0.40566929133843743,TIME,299698
1787117580000,TRAIN,2.0,3.75,-0.2560083594566956,TIME,299551
1787140380000,TRAIN,2.0,3.75,0.48474576271170605,TIME,299695
1787141130000,TRAIN,2.0,3.75,-1.0,SL,196507
1787143260000,TRAIN,2.0,3.75,0.26161571219733776,TIME,299847
1787149170000,TRAIN,2.0,3.75,0.5267118133935105,TIME,299694
1787170380000,TRAIN,2.0,3.75,0.16543574593813615,TIME,299399
1787184990000,VALID,2.0,3.75,-1.0,SL,61795
1787199990000,VALID,2.0,3.75,1.875,TP,208054
1787220390000,VALID,2.0,3.75,0.5864943726552976,TIME,298952
1787229570000,VALID,2.0,3.75,-1.0,SL,98998
1787232870000,VALID,2.0,3.75,-1.0,SL,46504
1787234520000,VALID,2.0,3.75,0.7883181006408014,TIME,299848
1787246430000,VALID,2.0,3.75,0.48827248623294056,TIME,299100
1787267280000,VALID,2.0,3.75,-1.0,SL,45899
1787288910000,VALID,2.0,3.75,0.04945540182509581,TIME,299407
1787298090000,VALID,2.0,3.75,-0.28760445682435015,TIME,299698
1787312280000,VALID,2.0,3.75,1.5813889651385256,TIME,299850
1787325840000,VALID,2.0,3.75,-1.0,SL,66150
1787339850000,VALID,2.0,3.75,0.49491525423726557,TIME,298948
1787340270000,VALID,2.0,3.75,-1.0,SL,211800
1787527200000,VALID,2.0,3.75,-1.0,SL,76052
1787534100000,VALID,2.0,3.75,-0.08466737815727608,TIME,299695
1787579790000,VALID,2.0,3.75,0.15872197887145037,TIME,299862
1787583030000,VALID,2.0,3.75,-1.0,SL,52798
1787609970000,VALID,2.0,3.75,-0.20900636319130728,TIME,299399
1787630220000,VALID,2.0,3.75,1.0312181187512537,TIME,298354
1787647740000,VALID,2.0,3.75,-0.5009848982272495,TIME,299694
1787660070000,VALID,2.0,3.75,-1.0,SL,250348
1787661450000,VALID,2.0,3.75,0.9758469768197301,TIME,299854
1787664090000,VALID,2.0,3.75,-1.0,SL,89401
1787666490000,VALID,2.0,3.75,0.2852647313349746,TIME,299554
1787687220000,VALID,2.0,3.75,0.6323671497583672,TIME,299553
1787709300000,VALID,2.0,3.75,0.9200332042058577,TIME,299097
1787723070000,VALID,2.0,3.75,-0.32266764741942866,TIME,299408
1787740170000,VALID,2.0,3.75,1.0594059405941605,TIME,299845
1787749530000,VALID,2.0,3.75,-0.10704647676156985,TIME,299859
1787753850000,VALID,2.0,3.75,-0.7552123552122986,TIME,299547
1787788590000,VALID,2.0,3.75,-1.0,SL,212253
1787790000000,VALID,2.0,3.75,-0.295338550527335,TIME,299107
1787794950000,VALID,2.0,3.75,-1.0,SL,98102
1787798520000,VALID,2.0,3.75,-0.5599148418491698,TIME,298648
1787811390000,VALID,2.0,3.75,0.9679214882086812,TIME,299544
1787823090000,VALID,2.0,3.75,-1.0,SL,149249
1787827440000,VALID,2.0,3.75,-0.665511932255661,TIME,299547
1787834550000,VALID,2.0,3.75,0.5566523008480652,TIME,299699
1787844150000,VALID,2.0,3.75,-1.0,SL,163654
1787854650000,VALID,2.0,3.75,-0.08087291399242896,TIME,299698
1787883540000,VALID,2.0,3.75,-0.7808764940239427,TIME,298800
1787917320000,VALID,2.0,3.75,-1.0,SL,207155
1787924280000,VALID,2.0,3.75,0.802147239263715,TIME,299850
1787925720000,VALID,2.0,3.75,-1.0,SL,126599
1787934900000,VALID,2.0,3.75,0.7401598704846515,TIME,299849
1788141930000,VALID,2.0,3.75,-1.0,SL,193650
1788144150000,VALID,2.0,3.75,0.12189812799303594,TIME,299700
1788181080000,VALID,2.0,3.75,-1.0,SL,279897
1788221790000,VALID,2.0,3.75,1.5860325485859144,TIME,299099
1788228720000,VALID,2.0,3.75,0.31748031496073315,TIME,299694
1788230910000,VALID,2.0,3.75,-0.8100502512562556,TIME,299700
1788258720000,VALID,2.0,3.75,-0.17705790991782336,TIME,299550
1788262410000,VALID,2.0,3.75,0.5535055350553696,TIME,299702
1788271980000,VALID,2.0,3.75,0.8881765319815265,TIME,299702
1788277740000,VALID,2.0,3.75,0.5018820577164779,TIME,299249
1788303150000,VALID,2.0,3.75,0.1161596207033018,TIME,295504
1788321570000,VALID,2.0,3.75,-0.22413211998668262,TIME,297897
1788333960000,VALID,2.0,3.75,0.12606303151574694,TIME,299252
1788353280000,VALID,2.0,3.75,0.7515811148699687,TIME,299551
1788356520000,VALID,2.0,3.75,-1.0,SL,171595
1788377820000,VALID,2.0,3.75,1.0603191777113805,TIME,299245
1788409740000,VALID,2.0,3.75,0.45407835581253997,TIME,299093
1788416880000,VALID,2.0,3.75,0.3094606542882545,TIME,299099
1788417360000,VALID,2.0,3.75,0.004570682337678105,TIME,299848
1788439920000,VALID,2.0,3.75,1.210209205020875,TIME,299849
1788460260000,VALID,2.0,3.75,0.26887417218542264,TIME,299701
1788461400000,VALID,2.0,3.75,1.0547184773990264,TIME,299704
1788486750000,VALID,2.0,3.75,-1.0,SL,117150
1788488160000,VALID,2.0,3.75,-0.8517336736864801,TIME,299703
1788491310000,VALID,2.0,3.75,0.826644252994505,TIME,299703
1788518280000,VALID,2.0,3.75,-0.8960494372101906,TIME,299097
1788535440000,VALID,2.0,3.75,-0.15595265722905427,TIME,299700
1788551280000,VALID,2.0,3.75,0.10990795885216662,TIME,299849
1788767580000,POST_CHECK,2.0,3.75,-1.0,SL,170700
1788796560000,POST_CHECK,2.0,3.75,-1.0,SL,183295
1788852930000,POST_CHECK,2.0,3.75,-1.0,SL,208491
1788853320000,POST_CHECK,2.0,3.75,-0.40235970352435946,TIME,299701
1788855180000,POST_CHECK,2.0,3.75,-0.13432184910592562,TIME,299099
1788864030000,POST_CHECK,2.0,3.75,-1.0,SL,88804
1788865590000,POST_CHECK,2.0,3.75,-1.0,SL,165003
1788872040000,POST_CHECK,2.0,3.75,1.231481481481476,TIME,299403
1788873690000,POST_CHECK,2.0,3.75,-1.0,SL,283502
1788891840000,POST_CHECK,2.0,3.75,0.027691438259643267,TIME,299702
1788893880000,POST_CHECK,2.0,3.75,0.05480724570368446,TIME,299698
1788894780000,POST_CHECK,2.0,3.75,-1.0,SL,282147
1788912420000,POST_CHECK,2.0,3.75,1.5406698564592969,TIME,299404
1788921270000,POST_CHECK,2.0,3.75,-1.0,SL,104096
1788927510000,POST_CHECK,2.0,3.75,0.8393613554902909,TIME,299698
1788928650000,POST_CHECK,2.0,3.75,1.3196721311481758,TIME,298646
1788936060000,POST_CHECK,2.0,3.75,-0.7874669686676883,TIME,298954
1788946920000,POST_CHECK,2.0,3.75,-1.0,SL,265049
1788947610000,POST_CHECK,2.0,3.75,1.3765532144789032,TIME,299547
1788948900000,POST_CHECK,2.0,3.75,0.8104967948716896,TIME,298946
1788999030000,POST_CHECK,2.0,3.75,-1.0,SL,52645
1789004220000,POST_CHECK,2.0,3.75,0.09221556886238068,TIME,299696
1789006830000,POST_CHECK,2.0,3.75,-0.7453862485708534,TIME,299102
1789007910000,POST_CHECK,2.0,3.75,0.6806896551724075,TIME,299707
1789019610000,POST_CHECK,2.0,3.75,-0.24679487179497642,TIME,299846
1789031820000,POST_CHECK,2.0,3.75,0.2289890377589719,TIME,298500
1789047570000,POST_CHECK,2.0,3.75,0.3165537270087371,TIME,299852
1789053690000,POST_CHECK,2.0,3.75,0.5009907914675057,TIME,299395
1789088850000,POST_CHECK,2.0,3.75,-0.02858309514097948,TIME,299553
1789089270000,POST_CHECK,2.0,3.75,-0.6542346542345703,TIME,299847
1789102410000,POST_CHECK,2.0,3.75,-0.6740331491712878,TIME,299851
1789120140000,POST_CHECK,2.0,3.75,-0.18124407957050678,TIME,299394
1789142100000,POST_CHECK,2.0,3.75,-0.49164238613728956,TIME,299251
1789347690000,POST_CHECK,2.0,3.75,1.875,TP,209248
1789383480000,POST_CHECK,2.0,3.75,-0.6184738955826182,TIME,299695
1789388280000,POST_CHECK,2.0,3.75,1.875,TP,240146
1789394400000,POST_CHECK,2.0,3.75,0.5812156753234893,TIME,299703
1789394850000,POST_CHECK,2.0,3.75,-1.0,SL,236846
1789396470000,POST_CHECK,2.0,3.75,-0.17270761795756168,TIME,299695
1789403580000,POST_CHECK,2.0,3.75,-0.16002471424175418,TIME,299552
1789411020000,POST_CHECK,2.0,3.75,-1.0,SL,285003
1789428060000,POST_CHECK,2.0,3.75,0.5877287405809943,TIME,297150
1789445400000,POST_CHECK,2.0,3.75,0.6339421613392804,TIME,299407
1789458150000,POST_CHECK,2.0,3.75,1.875,TP,271944
1789468860000,POST_CHECK,2.0,3.75,1.2663568108686902,TIME,299697
1786060200000,TRAIN,2.0,4.0,1.157926281090864,TIME,298803
1786061580000,TRAIN,2.0,4.0,-1.0,SL,206101
1786072020000,TRAIN,2.0,4.0,-1.0,SL,266400
1786096110000,TRAIN,2.0,4.0,0.3010230622506836,TIME,299248
1786105620000,TRAIN,2.0,4.0,-1.0,SL,166353
1786332630000,TRAIN,2.0,4.0,-0.49198520345246616,TIME,298802
1786340220000,TRAIN,2.0,4.0,0.40658049353691467,TIME,299702
1786341540000,TRAIN,2.0,4.0,0.3343527013250239,TIME,299704
1786352040000,TRAIN,2.0,4.0,0.16024293389417796,TIME,298199
1786358100000,TRAIN,2.0,4.0,-1.0,SL,130352
1786381140000,TRAIN,2.0,4.0,0.019426456984403487,TIME,299700
1786430640000,TRAIN,2.0,4.0,-0.024614552339756627,TIME,299701
1786438140000,TRAIN,2.0,4.0,-0.49744172825476324,TIME,299098
1786438500000,TRAIN,2.0,4.0,-0.8346793349167357,TIME,299551
1786440810000,TRAIN,2.0,4.0,-0.05059963857406809,TIME,299698
1786451070000,TRAIN,2.0,4.0,0.44790812141108965,TIME,299701
1786454340000,TRAIN,2.0,4.0,-1.0,SL,170695
1786463010000,TRAIN,2.0,4.0,-0.5118015149851676,TIME,299701
1786471950000,TRAIN,2.0,4.0,-0.5102452133019916,TIME,299100
1786493160000,TRAIN,2.0,4.0,-0.505105513955121,TIME,299099
1786504530000,TRAIN,2.0,4.0,-1.0,SL,137250
1786526850000,TRAIN,2.0,4.0,-0.3481883600554526,TIME,299851
1786550940000,TRAIN,2.0,4.0,0.8211964672553193,TIME,299698
1786553460000,TRAIN,2.0,4.0,0.38129915525773017,TIME,299852
1786553820000,TRAIN,2.0,4.0,1.0139451192081925,TIME,299856
1786581240000,TRAIN,2.0,4.0,-1.0,SL,11700
1786587240000,TRAIN,2.0,4.0,-0.13541215533420625,TIME,298197
1786593510000,TRAIN,2.0,4.0,0.19164018577378708,TIME,298656
1786624980000,TRAIN,2.0,4.0,-0.3973482494302577,TIME,299702
1786632990000,TRAIN,2.0,4.0,-0.11963882618525207,TIME,299395
1786633320000,TRAIN,2.0,4.0,2.0,TP,254703
1786653840000,TRAIN,2.0,4.0,-0.5074135090609667,TIME,298501
1786670520000,TRAIN,2.0,4.0,0.598373983739857,TIME,299843
1786687980000,TRAIN,2.0,4.0,-0.19865571321886547,TIME,299701
1786693650000,TRAIN,2.0,4.0,0.8401240035429385,TIME,298201
1786952010000,TRAIN,2.0,4.0,0.32315909958035577,TIME,299250
1786953810000,TRAIN,2.0,4.0,0.5185185185183703,TIME,299251
1786961190000,TRAIN,2.0,4.0,0.0216383307574164,TIME,298349
1786974090000,TRAIN,2.0,4.0,0.036419280795729744,TIME,299706
1787014200000,TRAIN,2.0,4.0,-0.24340527577968357,TIME,299852
1787023770000,TRAIN,2.0,4.0,0.20787401574798228,TIME,299548
1787047590000,TRAIN,2.0,4.0,-0.4163047109925658,TIME,299701
1787049660000,TRAIN,2.0,4.0,0.17766497461954978,TIME,299843
1787066490000,TRAIN,2.0,4.0,0.07125011566579714,TIME,299852
1787082420000,TRAIN,2.0,4.0,-1.0,SL,62696
1787084850000,TRAIN,2.0,4.0,0.31261315630644565,TIME,299098
1787098590000,TRAIN,2.0,4.0,-0.3581800580831405,TIME,299701
1787104830000,TRAIN,2.0,4.0,0.40566929133843743,TIME,299698
1787117580000,TRAIN,2.0,4.0,-0.2560083594566956,TIME,299551
1787140380000,TRAIN,2.0,4.0,0.48474576271170605,TIME,299695
1787141130000,TRAIN,2.0,4.0,-1.0,SL,196507
1787143260000,TRAIN,2.0,4.0,0.26161571219733776,TIME,299847
1787149170000,TRAIN,2.0,4.0,0.5267118133935105,TIME,299694
1787170380000,TRAIN,2.0,4.0,0.16543574593813615,TIME,299399
1787184990000,VALID,2.0,4.0,-1.0,SL,61795
1787199990000,VALID,2.0,4.0,2.0,TP,211803
1787220390000,VALID,2.0,4.0,0.5864943726552976,TIME,298952
1787229570000,VALID,2.0,4.0,-1.0,SL,98998
1787232870000,VALID,2.0,4.0,-1.0,SL,46504
1787234520000,VALID,2.0,4.0,0.7883181006408014,TIME,299848
1787246430000,VALID,2.0,4.0,0.48827248623294056,TIME,299100
1787267280000,VALID,2.0,4.0,-1.0,SL,45899
1787288910000,VALID,2.0,4.0,0.04945540182509581,TIME,299407
1787298090000,VALID,2.0,4.0,-0.28760445682435015,TIME,299698
1787312280000,VALID,2.0,4.0,1.5813889651385256,TIME,299850
1787325840000,VALID,2.0,4.0,-1.0,SL,66150
1787339850000,VALID,2.0,4.0,0.49491525423726557,TIME,298948
1787340270000,VALID,2.0,4.0,-1.0,SL,211800
1787527200000,VALID,2.0,4.0,-1.0,SL,76052
1787534100000,VALID,2.0,4.0,-0.08466737815727608,TIME,299695
1787579790000,VALID,2.0,4.0,0.15872197887145037,TIME,299862
1787583030000,VALID,2.0,4.0,-1.0,SL,52798
1787609970000,VALID,2.0,4.0,-0.20900636319130728,TIME,299399
1787630220000,VALID,2.0,4.0,1.0312181187512537,TIME,298354
1787647740000,VALID,2.0,4.0,-0.5009848982272495,TIME,299694
1787660070000,VALID,2.0,4.0,-1.0,SL,250348
1787661450000,VALID,2.0,4.0,0.9758469768197301,TIME,299854
1787664090000,VALID,2.0,4.0,-1.0,SL,89401
1787666490000,VALID,2.0,4.0,0.2852647313349746,TIME,299554
1787687220000,VALID,2.0,4.0,0.6323671497583672,TIME,299553
1787709300000,VALID,2.0,4.0,0.9200332042058577,TIME,299097
1787723070000,VALID,2.0,4.0,-0.32266764741942866,TIME,299408
1787740170000,VALID,2.0,4.0,1.0594059405941605,TIME,299845
1787749530000,VALID,2.0,4.0,-0.10704647676156985,TIME,299859
1787753850000,VALID,2.0,4.0,-0.7552123552122986,TIME,299547
1787788590000,VALID,2.0,4.0,-1.0,SL,212253
1787790000000,VALID,2.0,4.0,-0.295338550527335,TIME,299107
1787794950000,VALID,2.0,4.0,-1.0,SL,98102
1787798520000,VALID,2.0,4.0,-0.5599148418491698,TIME,298648
1787811390000,VALID,2.0,4.0,0.9679214882086812,TIME,299544
1787823090000,VALID,2.0,4.0,-1.0,SL,149249
1787827440000,VALID,2.0,4.0,-0.665511932255661,TIME,299547
1787834550000,VALID,2.0,4.0,0.5566523008480652,TIME,299699
1787844150000,VALID,2.0,4.0,-1.0,SL,163654
1787854650000,VALID,2.0,4.0,-0.08087291399242896,TIME,299698
1787883540000,VALID,2.0,4.0,-0.7808764940239427,TIME,298800
1787917320000,VALID,2.0,4.0,-1.0,SL,207155
1787924280000,VALID,2.0,4.0,0.802147239263715,TIME,299850
1787925720000,VALID,2.0,4.0,-1.0,SL,126599
1787934900000,VALID,2.0,4.0,0.7401598704846515,TIME,299849
1788141930000,VALID,2.0,4.0,-1.0,SL,193650
1788144150000,VALID,2.0,4.0,0.12189812799303594,TIME,299700
1788181080000,VALID,2.0,4.0,-1.0,SL,279897
1788221790000,VALID,2.0,4.0,1.5860325485859144,TIME,299099
1788228720000,VALID,2.0,4.0,0.31748031496073315,TIME,299694
1788230910000,VALID,2.0,4.0,-0.8100502512562556,TIME,299700
1788258720000,VALID,2.0,4.0,-0.17705790991782336,TIME,299550
1788262410000,VALID,2.0,4.0,0.5535055350553696,TIME,299702
1788271980000,VALID,2.0,4.0,0.8881765319815265,TIME,299702
1788277740000,VALID,2.0,4.0,0.5018820577164779,TIME,299249
1788303150000,VALID,2.0,4.0,0.1161596207033018,TIME,295504
1788321570000,VALID,2.0,4.0,-0.22413211998668262,TIME,297897
1788333960000,VALID,2.0,4.0,0.12606303151574694,TIME,299252
1788353280000,VALID,2.0,4.0,0.7515811148699687,TIME,299551
1788356520000,VALID,2.0,4.0,-1.0,SL,171595
1788377820000,VALID,2.0,4.0,1.0603191777113805,TIME,299245
1788409740000,VALID,2.0,4.0,0.45407835581253997,TIME,299093
1788416880000,VALID,2.0,4.0,0.3094606542882545,TIME,299099
1788417360000,VALID,2.0,4.0,0.004570682337678105,TIME,299848
1788439920000,VALID,2.0,4.0,1.210209205020875,TIME,299849
1788460260000,VALID,2.0,4.0,0.26887417218542264,TIME,299701
1788461400000,VALID,2.0,4.0,1.0547184773990264,TIME,299704
1788486750000,VALID,2.0,4.0,-1.0,SL,117150
1788488160000,VALID,2.0,4.0,-0.8517336736864801,TIME,299703
1788491310000,VALID,2.0,4.0,0.826644252994505,TIME,299703
1788518280000,VALID,2.0,4.0,-0.8960494372101906,TIME,299097
1788535440000,VALID,2.0,4.0,-0.15595265722905427,TIME,299700
1788551280000,VALID,2.0,4.0,0.10990795885216662,TIME,299849
1788767580000,POST_CHECK,2.0,4.0,-1.0,SL,170700
1788796560000,POST_CHECK,2.0,4.0,-1.0,SL,183295
1788852930000,POST_CHECK,2.0,4.0,-1.0,SL,208491
1788853320000,POST_CHECK,2.0,4.0,-0.40235970352435946,TIME,299701
1788855180000,POST_CHECK,2.0,4.0,-0.13432184910592562,TIME,299099
1788864030000,POST_CHECK,2.0,4.0,-1.0,SL,88804
1788865590000,POST_CHECK,2.0,4.0,-1.0,SL,165003
1788872040000,POST_CHECK,2.0,4.0,1.231481481481476,TIME,299403
1788873690000,POST_CHECK,2.0,4.0,-1.0,SL,283502
1788891840000,POST_CHECK,2.0,4.0,0.027691438259643267,TIME,299702
1788893880000,POST_CHECK,2.0,4.0,0.05480724570368446,TIME,299698
1788894780000,POST_CHECK,2.0,4.0,-1.0,SL,282147
1788912420000,POST_CHECK,2.0,4.0,1.5406698564592969,TIME,299404
1788921270000,POST_CHECK,2.0,4.0,-1.0,SL,104096
1788927510000,POST_CHECK,2.0,4.0,0.8393613554902909,TIME,299698
1788928650000,POST_CHECK,2.0,4.0,1.3196721311481758,TIME,298646
1788936060000,POST_CHECK,2.0,4.0,-0.7874669686676883,TIME,298954
1788946920000,POST_CHECK,2.0,4.0,-1.0,SL,265049
1788947610000,POST_CHECK,2.0,4.0,1.3765532144789032,TIME,299547
1788948900000,POST_CHECK,2.0,4.0,0.8104967948716896,TIME,298946
1788999030000,POST_CHECK,2.0,4.0,-1.0,SL,52645
1789004220000,POST_CHECK,2.0,4.0,0.09221556886238068,TIME,299696
1789006830000,POST_CHECK,2.0,4.0,-0.7453862485708534,TIME,299102
1789007910000,POST_CHECK,2.0,4.0,0.6806896551724075,TIME,299707
1789019610000,POST_CHECK,2.0,4.0,-0.24679487179497642,TIME,299846
1789031820000,POST_CHECK,2.0,4.0,0.2289890377589719,TIME,298500
1789047570000,POST_CHECK,2.0,4.0,0.3165537270087371,TIME,299852
1789053690000,POST_CHECK,2.0,4.0,0.5009907914675057,TIME,299395
1789088850000,POST_CHECK,2.0,4.0,-0.02858309514097948,TIME,299553
1789089270000,POST_CHECK,2.0,4.0,-0.6542346542345703,TIME,299847
1789102410000,POST_CHECK,2.0,4.0,-0.6740331491712878,TIME,299851
1789120140000,POST_CHECK,2.0,4.0,-0.18124407957050678,TIME,299394
1789142100000,POST_CHECK,2.0,4.0,-0.49164238613728956,TIME,299251
1789347690000,POST_CHECK,2.0,4.0,1.6493256262043192,TIME,299849
1789383480000,POST_CHECK,2.0,4.0,-0.6184738955826182,TIME,299695
1789388280000,POST_CHECK,2.0,4.0,1.7083764219230895,TIME,299243
1789394400000,POST_CHECK,2.0,4.0,0.5812156753234893,TIME,299703
1789394850000,POST_CHECK,2.0,4.0,-1.0,SL,236846
1789396470000,POST_CHECK,2.0,4.0,-0.17270761795756168,TIME,299695
1789403580000,POST_CHECK,2.0,4.0,-0.16002471424175418,TIME,299552
1789411020000,POST_CHECK,2.0,4.0,-1.0,SL,285003
1789428060000,POST_CHECK,2.0,4.0,0.5877287405809943,TIME,297150
1789445400000,POST_CHECK,2.0,4.0,0.6339421613392804,TIME,299407
1789458150000,POST_CHECK,2.0,4.0,2.0,TP,271944
1789468860000,POST_CHECK,2.0,4.0,1.2663568108686902,TIME,299697
