signal_time_utc,accepted,busy_skip,filled,status,r,fill_time_msc,exit_time_msc,cohort,candidate,cost_r,adj_r
2026-08-07 01:07:00+00:00,True,False,True,TIMEOUT,0.4104870641603671,1786075773604.0,1786077480309.0,COMMON_CLOCK,D1.00_E3M,0.05,0.36048706416036713
2026-08-07 03:03:00+00:00,True,False,False,NO_FILL,0.0,,,COMMON_CLOCK,D1.00_E3M,0.05,0.0
2026-08-07 07:55:00+00:00,True,False,False,NO_FILL,0.0,,,COMMON_CLOCK,D1.00_E3M,0.05,0.0
2026-08-07 08:33:00+00:00,True,False,True,SL,-1.0,1786102554325.0,1786102579056.0,COMMON_CLOCK,D1.00_E3M,0.05,-1.05
2026-08-07 10:31:00+00:00,True,False,True,TIMEOUT,1.6242981112812214,1786109564707.0,1786111320305.0,COMMON_CLOCK,D1.00_E3M,0.05,1.5742981112812213
2026-08-07 11:03:00+00:00,True,False,False,NO_FILL,0.0,,,COMMON_CLOCK,D1.00_E3M,0.05,0.0
2026-08-07 13:37:00+00:00,True,False,False,NO_FILL,0.0,,,COMMON_CLOCK,D1.00_E3M,0.05,0.0
2026-08-07 13:41:00+00:00,True,False,True,SL,-1.0,1786121004764.0,1786121166154.0,COMMON_CLOCK,D1.00_E3M,0.05,-1.05
2026-08-07 14:22:00+00:00,True,False,False,NO_FILL,0.0,,,COMMON_CLOCK,D1.00_E3M,0.05,0.0
2026-08-07 14:24:00+00:00,False,True,False,NO_FILL,0.0,,,COMMON_CLOCK,D1.00_E3M,0.05,0.0
2026-08-07 19:00:00+00:00,True,False,False,NO_FILL,0.0,,,COMMON_CLOCK,D1.00_E3M,0.05,0.0
2026-08-09 23:02:00+00:00,True,False,False,NO_FILL,0.0,,,COMMON_CLOCK,D1.00_E3M,0.05,0.0
2026-08-10 03:28:00+00:00,True,False,True,TIMEOUT,0.1954022988506318,1786343349457.0,1786345143157.0,COMMON_CLOCK,D1.00_E3M,0.05,0.14540229885063177
2026-08-10 04:10:00+00:00,True,False,False,NO_FILL,0.0,,,COMMON_CLOCK,D1.00_E3M,0.05,0.0
2026-08-10 04:55:00+00:00,True,False,False,NO_FILL,0.0,,,COMMON_CLOCK,D1.00_E3M,0.05,0.0
2026-08-10 05:47:00+00:00,True,False,False,NO_FILL,0.0,,,COMMON_CLOCK,D1.00_E3M,0.05,0.0
2026-08-10 11:25:00+00:00,True,False,True,TIMEOUT,0.5339848956017104,1786372102659.0,1786373760010.0,COMMON_CLOCK,D1.00_E3M,0.05,0.4839848956017104
2026-08-10 12:55:00+00:00,True,False,False,NO_FILL,0.0,,,COMMON_CLOCK,D1.00_E3M,0.05,0.0
2026-08-10 14:17:00+00:00,True,False,False,NO_FILL,0.0,,,COMMON_CLOCK,D1.00_E3M,0.05,0.0
2026-08-10 16:02:00+00:00,True,False,True,SL,-1.0,1786388611803.0,1786388671956.0,COMMON_CLOCK,D1.00_E3M,0.05,-1.05
2026-08-10 19:05:00+00:00,True,False,False,NO_FILL,0.0,,,COMMON_CLOCK,D1.00_E3M,0.05,0.0
2026-08-10 19:21:00+00:00,True,False,True,TP,3.0,1786400565904.0,1786400734653.0,COMMON_CLOCK,D1.00_E3M,0.05,2.95
2026-08-10 19:51:00+00:00,True,False,True,SL,-1.0,1786402358253.0,1786402518003.0,COMMON_CLOCK,D1.00_E3M,0.05,-1.05
2026-08-10 22:45:00+00:00,True,False,False,NO_FILL,0.0,,,COMMON_CLOCK,D1.00_E3M,0.05,0.0
2026-08-11 00:08:00+00:00,True,False,False,NO_FILL,0.0,,,COMMON_CLOCK,D1.00_E3M,0.05,0.0
2026-08-11 00:09:00+00:00,False,True,False,NO_FILL,0.0,,,COMMON_CLOCK,D1.00_E3M,0.05,0.0
2026-08-11 04:33:00+00:00,True,False,True,SL,-1.0,1786433659058.0,1786433732105.0,COMMON_CLOCK,D1.00_E3M,0.05,-1.05
2026-08-11 06:08:00+00:00,True,False,True,SL,-1.0,1786439463755.0,1786439666855.0,COMMON_CLOCK,D1.00_E3M,0.05,-1.05
2026-08-11 06:09:00+00:00,False,True,True,SL,-1.0,1786439433906.0,1786439646458.0,COMMON_CLOCK,D1.00_E3M,0.05,0.0
2026-08-11 07:26:00+00:00,True,False,True,SL,-1.0,1786444167759.0,1786444280258.0,COMMON_CLOCK,D1.00_E3M,0.05,-1.05
2026-08-11 08:28:00+00:00,True,False,False,NO_FILL,0.0,,,COMMON_CLOCK,D1.00_E3M,0.05,0.0
2026-08-11 10:59:00+00:00,True,False,True,TP,3.0,1786456844553.0,1786456869312.0,COMMON_CLOCK,D1.00_E3M,0.05,2.95
2026-08-12 02:50:00+00:00,True,False,False,NO_FILL,0.0,,,COMMON_CLOCK,D1.00_E3M,0.05,0.0
2026-08-12 06:45:00+00:00,True,False,False,NO_FILL,0.0,,,COMMON_CLOCK,D1.00_E3M,0.05,0.0
2026-08-12 06:51:00+00:00,True,False,True,SL,-1.0,1786528411509.0,1786530030755.0,COMMON_CLOCK,D1.00_E3M,0.05,-1.05
2026-08-12 06:55:00+00:00,False,True,False,NO_FILL,0.0,,,COMMON_CLOCK,D1.00_E3M,0.05,0.0
2026-08-12 07:42:00+00:00,True,False,True,SL,-1.0,1786531549202.0,1786532213857.0,COMMON_CLOCK,D1.00_E3M,0.05,-1.05
2026-08-12 07:48:00+00:00,False,True,True,SL,-1.0,1786531848904.0,1786532198103.0,COMMON_CLOCK,D1.00_E3M,0.05,0.0
2026-08-12 09:15:00+00:00,True,False,True,SL,-1.0,1786536968255.0,1786537286552.0,COMMON_CLOCK,D1.00_E3M,0.05,-1.05
2026-08-12 18:33:00+00:00,True,False,False,NO_FILL,0.0,,,COMMON_CLOCK,D1.00_E3M,0.05,0.0
2026-08-12 18:44:00+00:00,True,False,False,NO_FILL,0.0,,,COMMON_CLOCK,D1.00_E3M,0.05,0.0
2026-08-12 22:57:00+00:00,True,False,True,TP,3.0,1786586302660.0,1786586918254.0,COMMON_CLOCK,D1.00_E3M,0.05,2.95
2026-08-12 23:16:00+00:00,True,False,False,NO_FILL,0.0,,,COMMON_CLOCK,D1.00_E3M,0.05,0.0
2026-08-13 04:24:00+00:00,True,False,False,NO_FILL,0.0,,,COMMON_CLOCK,D1.00_E3M,0.05,0.0
2026-08-13 05:11:00+00:00,True,False,False,NO_FILL,0.0,,,COMMON_CLOCK,D1.00_E3M,0.05,0.0
2026-08-13 05:14:00+00:00,True,False,True,SL,-1.0,1786609008456.0,1786609870360.0,COMMON_CLOCK,D1.00_E3M,0.05,-1.05
2026-08-13 05:26:00+00:00,False,True,False,NO_FILL,0.0,,,COMMON_CLOCK,D1.00_E3M,0.05,0.0
2026-08-13 08:48:00+00:00,True,False,True,SL,-1.0,1786621845756.0,1786622031607.0,COMMON_CLOCK,D1.00_E3M,0.05,-1.05
2026-08-13 09:57:00+00:00,True,False,False,NO_FILL,0.0,,,COMMON_CLOCK,D1.00_E3M,0.05,0.0
2026-08-13 10:37:00+00:00,True,False,False,NO_FILL,0.0,,,COMMON_CLOCK,D1.00_E3M,0.05,0.0
2026-08-13 10:43:00+00:00,True,False,True,TIMEOUT,1.5868973772993449,1786628738405.0,1786630440023.0,COMMON_CLOCK,D1.00_E3M,0.05,1.5368973772993448
2026-08-13 10:50:00+00:00,False,True,False,NO_FILL,0.0,,,COMMON_CLOCK,D1.00_E3M,0.05,0.0
2026-08-13 11:14:00+00:00,False,True,True,SL,-1.0,1786630662008.0,1786630938458.0,COMMON_CLOCK,D1.00_E3M,0.05,0.0
2026-08-13 16:29:00+00:00,True,False,False,NO_FILL,0.0,,,COMMON_CLOCK,D1.00_E3M,0.05,0.0
2026-08-13 17:06:00+00:00,True,False,False,NO_FILL,0.0,,,COMMON_CLOCK,D1.00_E3M,0.05,0.0
2026-08-13 19:38:00+00:00,True,False,True,SL,-1.0,1786660827457.0,1786661114103.0,COMMON_CLOCK,D1.00_E3M,0.05,-1.05
2026-08-13 23:09:00+00:00,True,False,True,TIMEOUT,1.2320360970106112,1786673449056.0,1786675200306.0,COMMON_CLOCK,D1.00_E3M,0.05,1.1820360970106112
2026-08-13 23:25:00+00:00,False,True,True,SL,-1.0,1786674448506.0,1786676057855.0,COMMON_CLOCK,D1.00_E3M,0.05,0.0
2026-08-14 04:12:00+00:00,True,False,False,NO_FILL,0.0,,,COMMON_CLOCK,D1.00_E3M,0.05,0.0
2026-08-14 05:36:00+00:00,True,False,False,NO_FILL,0.0,,,COMMON_CLOCK,D1.00_E3M,0.05,0.0
2026-08-14 05:50:00+00:00,True,False,False,NO_FILL,0.0,,,COMMON_CLOCK,D1.00_E3M,0.05,0.0
2026-08-14 07:41:00+00:00,True,False,True,TP,3.0,1786704200260.0,1786705105354.0,COMMON_CLOCK,D1.00_E3M,0.05,2.95
2026-08-14 07:58:00+00:00,False,True,False,NO_FILL,0.0,,,COMMON_CLOCK,D1.00_E3M,0.05,0.0
2026-08-14 09:14:00+00:00,True,False,False,NO_FILL,0.0,,,COMMON_CLOCK,D1.00_E3M,0.05,0.0
2026-08-14 14:12:00+00:00,True,False,True,SL,-1.0,1786727669255.0,1786727973003.0,COMMON_CLOCK,D1.00_E3M,0.05,-1.05
2026-08-14 15:01:00+00:00,True,False,False,NO_FILL,0.0,,,COMMON_CLOCK,D1.00_E3M,0.05,0.0
2026-08-14 18:03:00+00:00,True,False,False,NO_FILL,0.0,,,COMMON_CLOCK,D1.00_E3M,0.05,0.0
2026-08-14 18:38:00+00:00,True,False,False,NO_FILL,0.0,,,COMMON_CLOCK,D1.00_E3M,0.05,0.0
2026-08-14 19:09:00+00:00,True,False,False,NO_FILL,0.0,,,COMMON_CLOCK,D1.00_E3M,0.05,0.0
2026-08-16 22:51:00+00:00,True,False,False,NO_FILL,0.0,,,COMMON_CLOCK,D1.00_E3M,0.05,0.0
2026-08-16 22:52:00+00:00,False,True,False,NO_FILL,0.0,,,COMMON_CLOCK,D1.00_E3M,0.05,0.0
2026-08-17 03:29:00+00:00,True,False,True,TIMEOUT,2.294650594815641,1786948235855.0,1786950000159.0,COMMON_CLOCK,D1.00_E3M,0.05,2.244650594815641
2026-08-17 05:19:00+00:00,True,False,True,TP,3.0,1786954838556.0,1786955396857.0,COMMON_CLOCK,D1.00_E3M,0.05,2.95
2026-08-17 05:28:00+00:00,False,True,False,NO_FILL,0.0,,,COMMON_CLOCK,D1.00_E3M,0.05,0.0
2026-08-17 06:50:00+00:00,True,False,False,NO_FILL,0.0,,,COMMON_CLOCK,D1.00_E3M,0.05,0.0
2026-08-17 09:06:00+00:00,True,False,False,NO_FILL,0.0,,,COMMON_CLOCK,D1.00_E3M,0.05,0.0
2026-08-17 09:09:00+00:00,True,False,False,NO_FILL,0.0,,,COMMON_CLOCK,D1.00_E3M,0.05,0.0
2026-08-17 13:38:00+00:00,True,False,True,SL,-1.0,1786984774803.0,1786984803606.0,COMMON_CLOCK,D1.00_E3M,0.05,-1.05
2026-08-17 15:55:00+00:00,True,False,False,NO_FILL,0.0,,,COMMON_CLOCK,D1.00_E3M,0.05,0.0
2026-08-17 23:16:00+00:00,True,False,True,TP,3.0,1787019433357.0,1787020333808.0,COMMON_CLOCK,D1.00_E3M,0.05,2.95
2026-08-17 23:25:00+00:00,False,True,False,NO_FILL,0.0,,,COMMON_CLOCK,D1.00_E3M,0.05,0.0
2026-08-18 07:29:00+00:00,True,False,True,SL,-1.0,1787049088658.0,1787049151055.0,COMMON_CLOCK,D1.00_E3M,0.05,-1.05
2026-08-18 08:35:00+00:00,True,False,False,NO_FILL,0.0,,,COMMON_CLOCK,D1.00_E3M,0.05,0.0
2026-08-18 12:04:00+00:00,True,False,True,SL,-1.0,1787065613561.0,1787065666509.0,COMMON_CLOCK,D1.00_E3M,0.05,-1.05
2026-08-18 16:08:00+00:00,True,False,True,SL,-1.0,1787080266306.0,1787080554308.0,COMMON_CLOCK,D1.00_E3M,0.05,-1.05
2026-08-18 23:52:00+00:00,True,False,True,TP,3.0,1787108004606.0,1787108629204.0,COMMON_CLOCK,D1.00_E3M,0.05,2.95
2026-08-19 00:13:00+00:00,True,False,False,NO_FILL,0.0,,,COMMON_CLOCK,D1.00_E3M,0.05,0.0
2026-08-19 01:31:00+00:00,True,False,False,NO_FILL,0.0,,,COMMON_CLOCK,D1.00_E3M,0.05,0.0
2026-08-19 01:33:00+00:00,False,True,False,NO_FILL,0.0,,,COMMON_CLOCK,D1.00_E3M,0.05,0.0
2026-08-19 01:37:00+00:00,True,False,False,NO_FILL,0.0,,,COMMON_CLOCK,D1.00_E3M,0.05,0.0
2026-08-19 05:28:00+00:00,True,False,True,SL,-1.0,1787128201506.0,1787128202706.0,COMMON_CLOCK,D1.00_E3M,0.05,-1.05
2026-08-19 07:23:00+00:00,True,False,False,NO_FILL,0.0,,,COMMON_CLOCK,D1.00_E3M,0.05,0.0
2026-08-19 07:26:00+00:00,True,False,False,NO_FILL,0.0,,,COMMON_CLOCK,D1.00_E3M,0.05,0.0
2026-08-19 08:04:00+00:00,True,False,False,NO_FILL,0.0,,,COMMON_CLOCK,D1.00_E3M,0.05,0.0
2026-08-19 08:09:00+00:00,True,False,False,NO_FILL,0.0,,,COMMON_CLOCK,D1.00_E3M,0.05,0.0
2026-08-19 09:41:00+00:00,True,False,True,TIMEOUT,1.22592801959648,1787143383605.0,1787145120161.0,COMMON_CLOCK,D1.00_E3M,0.05,1.1759280195964799
2026-08-19 10:13:00+00:00,True,False,False,NO_FILL,0.0,,,COMMON_CLOCK,D1.00_E3M,0.05,0.0
2026-08-19 12:32:00+00:00,True,False,False,NO_FILL,0.0,,,COMMON_CLOCK,D1.00_E3M,0.05,0.0
2026-08-19 14:12:00+00:00,True,False,False,NO_FILL,0.0,,,COMMON_CLOCK,D1.00_E3M,0.05,0.0
2026-08-19 18:04:00+00:00,True,False,True,SL,-1.0,1787173522058.0,1787173542603.0,COMMON_CLOCK,D1.00_E3M,0.05,-1.05
2026-08-19 18:53:00+00:00,True,False,False,NO_FILL,0.0,,,COMMON_CLOCK,D1.00_E3M,0.05,0.0
2026-08-20 03:34:00+00:00,True,False,True,TIMEOUT,-0.3492845895804252,1787207757908.0,1787209500006.0,COMMON_CLOCK,D1.00_E3M,0.05,-0.3992845895804252
2026-08-20 13:35:00+00:00,True,False,True,TIMEOUT,0.4754653130288259,1787243826758.0,1787245560008.0,COMMON_CLOCK,D1.00_E3M,0.05,0.4254653130288259
2026-08-20 14:23:00+00:00,True,False,False,NO_FILL,0.0,,,COMMON_CLOCK,D1.00_E3M,0.05,0.0
2026-08-20 14:33:00+00:00,True,False,True,TP,3.0,1787247315310.0,1787248193706.0,COMMON_CLOCK,D1.00_E3M,0.05,2.95
2026-08-20 14:35:00+00:00,False,True,False,NO_FILL,0.0,,,COMMON_CLOCK,D1.00_E3M,0.05,0.0
2026-08-20 14:45:00+00:00,False,True,False,NO_FILL,0.0,,,COMMON_CLOCK,D1.00_E3M,0.05,0.0
2026-08-20 15:00:00+00:00,True,False,False,NO_FILL,0.0,,,COMMON_CLOCK,D1.00_E3M,0.05,0.0
2026-08-21 01:12:00+00:00,True,False,False,NO_FILL,0.0,,,COMMON_CLOCK,D1.00_E3M,0.05,0.0
2026-08-21 01:14:00+00:00,False,True,False,NO_FILL,0.0,,,COMMON_CLOCK,D1.00_E3M,0.05,0.0
2026-08-21 01:23:00+00:00,True,False,False,NO_FILL,0.0,,,COMMON_CLOCK,D1.00_E3M,0.05,0.0
2026-08-21 05:44:00+00:00,True,False,False,NO_FILL,0.0,,,COMMON_CLOCK,D1.00_E3M,0.05,0.0
2026-08-21 05:48:00+00:00,True,False,False,NO_FILL,0.0,,,COMMON_CLOCK,D1.00_E3M,0.05,0.0
2026-08-21 05:51:00+00:00,True,False,False,NO_FILL,0.0,,,COMMON_CLOCK,D1.00_E3M,0.05,0.0
2026-08-21 06:35:00+00:00,True,False,False,NO_FILL,0.0,,,COMMON_CLOCK,D1.00_E3M,0.05,0.0
2026-08-21 06:48:00+00:00,True,False,False,NO_FILL,0.0,,,COMMON_CLOCK,D1.00_E3M,0.05,0.0
2026-08-21 07:47:00+00:00,True,False,True,SL,-1.0,1787309311207.0,1787309639554.0,COMMON_CLOCK,D1.00_E3M,0.05,-1.05
2026-08-21 08:17:00+00:00,True,False,False,NO_FILL,0.0,,,COMMON_CLOCK,D1.00_E3M,0.05,0.0
2026-08-21 08:19:00+00:00,False,True,False,NO_FILL,0.0,,,COMMON_CLOCK,D1.00_E3M,0.05,0.0
2026-08-21 09:06:00+00:00,True,False,False,NO_FILL,0.0,,,COMMON_CLOCK,D1.00_E3M,0.05,0.0
2026-08-21 11:36:00+00:00,True,False,True,SL,-1.0,1787323148702.0,1787323215907.0,COMMON_CLOCK,D1.00_E3M,0.05,-1.05
2026-08-21 13:37:00+00:00,True,False,False,NO_FILL,0.0,,,COMMON_CLOCK,D1.00_E3M,0.05,0.0
2026-08-21 15:15:00+00:00,True,False,False,NO_FILL,0.0,,,COMMON_CLOCK,D1.00_E3M,0.05,0.0
2026-08-23 23:21:00+00:00,True,False,False,NO_FILL,0.0,,,COMMON_CLOCK,D1.00_E3M,0.05,0.0
2026-08-23 23:34:00+00:00,True,False,True,SL,-1.0,1787538952507.0,1787539195353.0,COMMON_CLOCK,D1.00_E3M,0.05,-1.05
2026-08-23 23:36:00+00:00,False,True,True,SL,-1.0,1787539158003.0,1787539195353.0,COMMON_CLOCK,D1.00_E3M,0.05,0.0
2026-08-23 23:54:00+00:00,True,False,False,NO_FILL,0.0,,,COMMON_CLOCK,D1.00_E3M,0.05,0.0
2026-08-24 00:53:00+00:00,True,False,False,NO_FILL,0.0,,,COMMON_CLOCK,D1.00_E3M,0.05,0.0
2026-08-24 02:17:00+00:00,True,False,True,SL,-1.0,1787548821309.0,1787549994905.0,COMMON_CLOCK,D1.00_E3M,0.05,-1.05
2026-08-24 06:06:00+00:00,True,False,True,TP,3.0,1787562476254.0,1787563024205.0,COMMON_CLOCK,D1.00_E3M,0.05,2.95
2026-08-24 10:03:00+00:00,True,False,True,SL,-1.0,1787576662053.0,1787576808755.0,COMMON_CLOCK,D1.00_E3M,0.05,-1.05
2026-08-24 23:00:00+00:00,True,False,True,SL,-1.0,1787623285803.0,1787623645510.0,COMMON_CLOCK,D1.00_E3M,0.05,-1.05
2026-08-24 23:15:00+00:00,True,False,False,NO_FILL,0.0,,,COMMON_CLOCK,D1.00_E3M,0.05,0.0
2026-08-25 05:05:00+00:00,True,False,False,NO_FILL,0.0,,,COMMON_CLOCK,D1.00_E3M,0.05,0.0
2026-08-25 05:15:00+00:00,True,False,False,NO_FILL,0.0,,,COMMON_CLOCK,D1.00_E3M,0.05,0.0
2026-08-25 05:19:00+00:00,True,False,False,NO_FILL,0.0,,,COMMON_CLOCK,D1.00_E3M,0.05,0.0
2026-08-25 05:20:00+00:00,False,True,True,SL,-1.0,1787646132006.0,1787646642304.0,COMMON_CLOCK,D1.00_E3M,0.05,0.0
2026-08-25 08:22:00+00:00,True,False,False,NO_FILL,0.0,,,COMMON_CLOCK,D1.00_E3M,0.05,0.0
2026-08-25 14:37:00+00:00,True,False,False,NO_FILL,0.0,,,COMMON_CLOCK,D1.00_E3M,0.05,0.0
2026-08-25 15:33:00+00:00,True,False,False,NO_FILL,0.0,,,COMMON_CLOCK,D1.00_E3M,0.05,0.0
2026-08-25 18:57:00+00:00,True,False,True,TP,3.0,1787695099057.0,1787695650005.0,COMMON_CLOCK,D1.00_E3M,0.05,2.95
2026-08-25 19:07:00+00:00,False,True,False,NO_FILL,0.0,,,COMMON_CLOCK,D1.00_E3M,0.05,0.0
2026-08-26 02:41:00+00:00,True,False,False,NO_FILL,0.0,,,COMMON_CLOCK,D1.00_E3M,0.05,0.0
2026-08-26 05:02:00+00:00,True,False,True,TP,3.0,1787731417357.0,1787733026708.0,COMMON_CLOCK,D1.00_E3M,0.05,2.95
2026-08-26 05:09:00+00:00,False,True,True,SL,-1.0,1787731919704.0,1787731959909.0,COMMON_CLOCK,D1.00_E3M,0.05,0.0
2026-08-26 06:04:00+00:00,True,False,True,SL,-1.0,1787735112154.0,1787735477257.0,COMMON_CLOCK,D1.00_E3M,0.05,-1.05
2026-08-26 11:18:00+00:00,True,False,True,SL,-1.0,1787754054009.0,1787754091806.0,COMMON_CLOCK,D1.00_E3M,0.05,-1.05
2026-08-26 23:17:00+00:00,True,False,False,NO_FILL,0.0,,,COMMON_CLOCK,D1.00_E3M,0.05,0.0
2026-08-27 01:03:00+00:00,True,False,False,NO_FILL,0.0,,,COMMON_CLOCK,D1.00_E3M,0.05,0.0
2026-08-27 01:14:00+00:00,True,False,True,TIMEOUT,0.4042379788102158,1787804199906.0,1787805900460.0,COMMON_CLOCK,D1.00_E3M,0.05,0.3542379788102158
2026-08-27 01:37:00+00:00,False,True,False,NO_FILL,0.0,,,COMMON_CLOCK,D1.00_E3M,0.05,0.0
2026-08-27 08:56:00+00:00,True,False,True,SL,-1.0,1787831980956.0,1787832148053.0,COMMON_CLOCK,D1.00_E3M,0.05,-1.05
2026-08-27 10:57:00+00:00,True,False,True,TP,3.0,1787839236012.0,1787840548507.0,COMMON_CLOCK,D1.00_E3M,0.05,2.95
2026-08-27 12:02:00+00:00,True,False,True,SL,-1.0,1787843059952.0,1787843137952.0,COMMON_CLOCK,D1.00_E3M,0.05,-1.05
2026-08-27 14:35:00+00:00,True,False,False,NO_FILL,0.0,,,COMMON_CLOCK,D1.00_E3M,0.05,0.0
2026-08-27 15:41:00+00:00,True,False,True,TIMEOUT,1.2566507913597311,1787856247506.0,1787857920154.0,COMMON_CLOCK,D1.00_E3M,0.05,1.206650791359731
2026-08-27 15:42:00+00:00,False,True,True,TIMEOUT,0.783998440773733,1787856216451.0,1787857980156.0,COMMON_CLOCK,D1.00_E3M,0.05,0.0
2026-08-27 15:53:00+00:00,False,True,False,NO_FILL,0.0,,,COMMON_CLOCK,D1.00_E3M,0.05,0.0
2026-08-27 16:33:00+00:00,True,False,False,NO_FILL,0.0,,,COMMON_CLOCK,D1.00_E3M,0.05,0.0
2026-08-27 16:37:00+00:00,True,False,True,SL,-1.0,1787859486304.0,1787859499809.0,COMMON_CLOCK,D1.00_E3M,0.05,-1.05
2026-08-27 18:52:00+00:00,True,False,True,TP,3.0,1787867662658.0,1787868182103.0,COMMON_CLOCK,D1.00_E3M,0.05,2.95
2026-08-27 19:02:00+00:00,False,True,True,SL,-1.0,1787868206108.0,1787868933154.0,COMMON_CLOCK,D1.00_E3M,0.05,0.0
2026-08-27 19:08:00+00:00,True,False,True,SL,-1.0,1787868650706.0,1787868917255.0,COMMON_CLOCK,D1.00_E3M,0.05,-1.05
2026-08-28 03:24:00+00:00,True,False,True,SL,-1.0,1787898365705.0,1787898648904.0,COMMON_CLOCK,D1.00_E3M,0.05,-1.05
2026-08-28 04:56:00+00:00,True,False,False,NO_FILL,0.0,,,COMMON_CLOCK,D1.00_E3M,0.05,0.0
2026-08-28 19:01:00+00:00,True,False,True,TIMEOUT,1.1123744551827175,1787954547305.0,1787956320155.0,COMMON_CLOCK,D1.00_E3M,0.05,1.0623744551827174
2026-08-30 23:08:00+00:00,True,False,True,SL,-1.0,1788142190556.0,1788142412555.0,COMMON_CLOCK,D1.00_E3M,0.05,-1.05
2026-08-31 04:37:00+00:00,True,False,True,TIMEOUT,1.0656011893702573,1788162046808.0,1788163680155.0,COMMON_CLOCK,D1.00_E3M,0.05,1.0156011893702572
2026-08-31 05:20:00+00:00,True,False,True,TP,3.0,1788164489104.0,1788164914505.0,COMMON_CLOCK,D1.00_E3M,0.05,2.95
2026-08-31 06:45:00+00:00,True,False,False,NO_FILL,0.0,,,COMMON_CLOCK,D1.00_E3M,0.05,0.0
2026-08-31 08:02:00+00:00,True,False,False,NO_FILL,0.0,,,COMMON_CLOCK,D1.00_E3M,0.05,0.0
2026-08-31 09:12:00+00:00,True,False,False,NO_FILL,0.0,,,COMMON_CLOCK,D1.00_E3M,0.05,0.0
2026-08-31 11:25:00+00:00,True,False,False,NO_FILL,0.0,,,COMMON_CLOCK,D1.00_E3M,0.05,0.0
2026-08-31 11:28:00+00:00,True,False,True,SL,-1.0,1788186658507.0,1788186831306.0,COMMON_CLOCK,D1.00_E3M,0.05,-1.05
2026-08-31 16:29:00+00:00,True,False,True,SL,-1.0,1788204676809.0,1788204944555.0,COMMON_CLOCK,D1.00_E3M,0.05,-1.05
2026-08-31 19:23:00+00:00,True,False,False,NO_FILL,0.0,,,COMMON_CLOCK,D1.00_E3M,0.05,0.0
2026-08-31 23:32:00+00:00,True,False,True,SL,-1.0,1788229991408.0,1788230119809.0,COMMON_CLOCK,D1.00_E3M,0.05,-1.05
2026-09-01 00:20:00+00:00,True,False,False,NO_FILL,0.0,,,COMMON_CLOCK,D1.00_E3M,0.05,0.0
2026-09-01 02:04:00+00:00,True,False,False,NO_FILL,0.0,,,COMMON_CLOCK,D1.00_E3M,0.05,0.0
2026-09-01 03:45:00+00:00,True,False,False,NO_FILL,0.0,,,COMMON_CLOCK,D1.00_E3M,0.05,0.0
2026-09-01 05:44:00+00:00,True,False,False,NO_FILL,0.0,,,COMMON_CLOCK,D1.00_E3M,0.05,0.0
2026-09-01 11:46:00+00:00,True,False,False,NO_FILL,0.0,,,COMMON_CLOCK,D1.00_E3M,0.05,0.0
2026-09-01 19:12:00+00:00,True,False,False,NO_FILL,0.0,,,COMMON_CLOCK,D1.00_E3M,0.05,0.0
2026-09-01 20:05:00+00:00,True,False,True,SL,-1.0,1788303979208.0,1788304540955.0,COMMON_CLOCK,D1.00_E3M,0.05,-1.05
2026-09-02 01:15:00+00:00,True,False,False,NO_FILL,0.0,,,COMMON_CLOCK,D1.00_E3M,0.05,0.0
2026-09-02 02:20:00+00:00,True,False,True,TP,3.0,1788326559758.0,1788327489752.0,COMMON_CLOCK,D1.00_E3M,0.05,2.95
2026-09-02 02:37:00+00:00,False,True,False,NO_FILL,0.0,,,COMMON_CLOCK,D1.00_E3M,0.05,0.0
2026-09-02 05:12:00+00:00,True,False,False,NO_FILL,0.0,,,COMMON_CLOCK,D1.00_E3M,0.05,0.0
2026-09-02 07:10:00+00:00,True,False,False,NO_FILL,0.0,,,COMMON_CLOCK,D1.00_E3M,0.05,0.0
2026-09-03 02:50:00+00:00,True,False,True,TP,3.0,1788414705754.0,1788415935758.0,COMMON_CLOCK,D1.00_E3M,0.05,2.95
2026-09-03 03:07:00+00:00,False,True,True,TP,3.0,1788415838706.0,1788417048007.0,COMMON_CLOCK,D1.00_E3M,0.05,0.0
2026-09-03 05:00:00+00:00,True,False,True,SL,-1.0,1788422470359.0,1788422476207.0,COMMON_CLOCK,D1.00_E3M,0.05,-1.05
2026-09-03 11:40:00+00:00,True,False,False,NO_FILL,0.0,,,COMMON_CLOCK,D1.00_E3M,0.05,0.0
2026-09-03 11:45:00+00:00,True,False,True,SL,-1.0,1788446806954.0,1788446898455.0,COMMON_CLOCK,D1.00_E3M,0.05,-1.05
2026-09-03 19:41:00+00:00,True,False,False,NO_FILL,0.0,,,COMMON_CLOCK,D1.00_E3M,0.05,0.0
2026-09-04 07:29:00+00:00,True,False,False,NO_FILL,0.0,,,COMMON_CLOCK,D1.00_E3M,0.05,0.0
2026-09-04 07:34:00+00:00,True,False,False,NO_FILL,0.0,,,COMMON_CLOCK,D1.00_E3M,0.05,0.0
2026-09-04 07:35:00+00:00,False,True,False,NO_FILL,0.0,,,COMMON_CLOCK,D1.00_E3M,0.05,0.0
2026-09-04 07:41:00+00:00,True,False,False,NO_FILL,0.0,,,COMMON_CLOCK,D1.00_E3M,0.05,0.0
2026-09-04 07:42:00+00:00,False,True,False,NO_FILL,0.0,,,COMMON_CLOCK,D1.00_E3M,0.05,0.0
2026-09-04 10:32:00+00:00,True,False,True,SL,-1.0,1788528922509.0,1788529084055.0,COMMON_CLOCK,D1.00_E3M,0.05,-1.05
2026-09-04 11:51:00+00:00,True,False,True,SL,-1.0,1788533558557.0,1788533941954.0,COMMON_CLOCK,D1.00_E3M,0.05,-1.05
2026-09-04 13:23:00+00:00,True,False,False,NO_FILL,0.0,,,COMMON_CLOCK,D1.00_E3M,0.05,0.0
2026-09-04 13:44:00+00:00,True,False,False,NO_FILL,0.0,,,COMMON_CLOCK,D1.00_E3M,0.05,0.0
2026-09-04 14:25:00+00:00,True,False,True,SL,-1.0,1788542803060.0,1788544025861.0,COMMON_CLOCK,D1.00_E3M,0.05,-1.05
2026-09-04 15:14:00+00:00,True,False,False,NO_FILL,0.0,,,COMMON_CLOCK,D1.00_E3M,0.05,0.0
2026-09-04 19:11:00+00:00,True,False,False,NO_FILL,0.0,,,COMMON_CLOCK,D1.00_E3M,0.05,0.0
2026-09-04 19:33:00+00:00,True,False,True,SL,-1.0,1788561329860.0,1788562045505.0,COMMON_CLOCK,D1.00_E3M,0.05,-1.05
2026-09-07 00:11:00+00:00,True,False,True,SL,-1.0,1788750848409.0,1788751816202.0,COMMON_CLOCK,D1.00_E3M,0.05,-1.05
2026-09-07 04:09:00+00:00,True,False,False,NO_FILL,0.0,,,COMMON_CLOCK,D1.00_E3M,0.05,0.0
2026-09-07 05:04:00+00:00,True,False,False,NO_FILL,0.0,,,COMMON_CLOCK,D1.00_E3M,0.05,0.0
2026-09-07 05:27:00+00:00,True,False,True,SL,-1.0,1788769828053.0,1788770009715.0,COMMON_CLOCK,D1.00_E3M,0.05,-1.05
2026-09-07 07:55:00+00:00,True,False,True,TP,3.0,1788778588812.0,1788778981508.0,COMMON_CLOCK,D1.00_E3M,0.05,2.95
2026-09-07 11:46:00+00:00,True,False,False,NO_FILL,0.0,,,COMMON_CLOCK,D1.00_E3M,0.05,0.0
2026-09-07 12:10:00+00:00,True,False,True,TIMEOUT,2.178748180494891,1788793970107.0,1788795660005.0,COMMON_CLOCK,D1.00_E3M,0.05,2.1287481804948913
2026-09-07 13:25:00+00:00,True,False,False,NO_FILL,0.0,,,COMMON_CLOCK,D1.00_E3M,0.05,0.0
2026-09-08 06:43:00+00:00,True,False,False,NO_FILL,0.0,,,COMMON_CLOCK,D1.00_E3M,0.05,0.0
2026-09-08 11:25:00+00:00,True,False,False,NO_FILL,0.0,,,COMMON_CLOCK,D1.00_E3M,0.05,0.0
2026-09-08 23:26:00+00:00,True,False,False,NO_FILL,0.0,,,COMMON_CLOCK,D1.00_E3M,0.05,0.0
2026-09-09 05:01:00+00:00,True,False,True,SL,-1.0,1788940990654.0,1788941076904.0,COMMON_CLOCK,D1.00_E3M,0.05,-1.05
2026-09-09 07:36:00+00:00,True,False,True,TIMEOUT,1.1007751937981778,1788950315402.0,1788952020158.0,COMMON_CLOCK,D1.00_E3M,0.05,1.0507751937981777
2026-09-09 10:53:00+00:00,True,False,False,NO_FILL,0.0,,,COMMON_CLOCK,D1.00_E3M,0.05,0.0
2026-09-09 11:24:00+00:00,True,False,False,NO_FILL,0.0,,,COMMON_CLOCK,D1.00_E3M,0.05,0.0
2026-09-09 12:57:00+00:00,True,False,True,TP,3.0,1788969571358.0,1788969930004.0,COMMON_CLOCK,D1.00_E3M,0.05,2.95
2026-09-09 13:19:00+00:00,True,False,True,TP,3.0,1788970810206.0,1788971067459.0,COMMON_CLOCK,D1.00_E3M,0.05,2.95
2026-09-09 13:24:00+00:00,False,True,False,NO_FILL,0.0,,,COMMON_CLOCK,D1.00_E3M,0.05,0.0
2026-09-09 14:29:00+00:00,True,False,True,SL,-1.0,1788975073503.0,1788976521155.0,COMMON_CLOCK,D1.00_E3M,0.05,-1.05
2026-09-09 14:39:00+00:00,False,True,True,SL,-1.0,1788975646808.0,1788975813157.0,COMMON_CLOCK,D1.00_E3M,0.05,0.0
2026-09-09 16:25:00+00:00,True,False,False,NO_FILL,0.0,,,COMMON_CLOCK,D1.00_E3M,0.05,0.0
2026-09-10 00:18:00+00:00,True,False,True,SL,-1.0,1789010385905.0,1789010822708.0,COMMON_CLOCK,D1.00_E3M,0.05,-1.05
2026-09-10 00:51:00+00:00,True,False,False,NO_FILL,0.0,,,COMMON_CLOCK,D1.00_E3M,0.05,0.0
2026-09-10 01:07:00+00:00,True,False,False,NO_FILL,0.0,,,COMMON_CLOCK,D1.00_E3M,0.05,0.0
2026-09-10 10:05:00+00:00,True,False,True,SL,-1.0,1789045647303.0,1789045690358.0,COMMON_CLOCK,D1.00_E3M,0.05,-1.05
2026-09-10 11:25:00+00:00,True,False,False,NO_FILL,0.0,,,COMMON_CLOCK,D1.00_E3M,0.05,0.0
2026-09-10 11:26:00+00:00,False,True,False,NO_FILL,0.0,,,COMMON_CLOCK,D1.00_E3M,0.05,0.0
2026-09-10 19:24:00+00:00,True,False,False,NO_FILL,0.0,,,COMMON_CLOCK,D1.00_E3M,0.05,0.0
2026-09-11 00:06:00+00:00,True,False,True,SL,-1.0,1789096132805.0,1789096239904.0,COMMON_CLOCK,D1.00_E3M,0.05,-1.05
2026-09-11 00:44:00+00:00,True,False,False,NO_FILL,0.0,,,COMMON_CLOCK,D1.00_E3M,0.05,0.0
2026-09-11 03:42:00+00:00,True,False,True,SL,-1.0,1789109051259.0,1789109085607.0,COMMON_CLOCK,D1.00_E3M,0.05,-1.05
2026-09-11 05:09:00+00:00,True,False,True,TIMEOUT,1.647228915662626,1789114272908.0,1789116000009.0,COMMON_CLOCK,D1.00_E3M,0.05,1.597228915662626
2026-09-11 05:46:00+00:00,True,False,False,NO_FILL,0.0,,,COMMON_CLOCK,D1.00_E3M,0.05,0.0
2026-09-11 05:55:00+00:00,True,False,True,TIMEOUT,0.9265794422438408,1789117034405.0,1789118760012.0,COMMON_CLOCK,D1.00_E3M,0.05,0.8765794422438408
2026-09-11 08:00:00+00:00,True,False,True,SL,-1.0,1789124499153.0,1789124622304.0,COMMON_CLOCK,D1.00_E3M,0.05,-1.05
2026-09-11 09:58:00+00:00,True,False,False,NO_FILL,0.0,,,COMMON_CLOCK,D1.00_E3M,0.05,0.0
2026-09-11 15:27:00+00:00,True,False,False,NO_FILL,0.0,,,COMMON_CLOCK,D1.00_E3M,0.05,0.0
2026-08-07 01:07:00+00:00,True,False,True,TIMEOUT,0.4104870641603671,1786075773604.0,1786077480309.0,COMMON_CLOCK,D1.00_E5M,0.05,0.36048706416036713
2026-08-07 03:03:00+00:00,True,False,False,NO_FILL,0.0,,,COMMON_CLOCK,D1.00_E5M,0.05,0.0
2026-08-07 07:55:00+00:00,True,False,False,NO_FILL,0.0,,,COMMON_CLOCK,D1.00_E5M,0.05,0.0
2026-08-07 08:33:00+00:00,True,False,True,SL,-1.0,1786102554325.0,1786102579056.0,COMMON_CLOCK,D1.00_E5M,0.05,-1.05
2026-08-07 10:31:00+00:00,True,False,True,TIMEOUT,1.6242981112812214,1786109564707.0,1786111320305.0,COMMON_CLOCK,D1.00_E5M,0.05,1.5742981112812213
2026-08-07 11:03:00+00:00,True,False,True,SL,-1.0,1786111631708.0,1786112089354.0,COMMON_CLOCK,D1.00_E5M,0.05,-1.05
2026-08-07 13:37:00+00:00,True,False,False,NO_FILL,0.0,,,COMMON_CLOCK,D1.00_E5M,0.05,0.0
2026-08-07 13:41:00+00:00,False,True,True,SL,-1.0,1786121004764.0,1786121166154.0,COMMON_CLOCK,D1.00_E5M,0.05,0.0
2026-08-07 14:22:00+00:00,True,False,False,NO_FILL,0.0,,,COMMON_CLOCK,D1.00_E5M,0.05,0.0
2026-08-07 14:24:00+00:00,False,True,False,NO_FILL,0.0,,,COMMON_CLOCK,D1.00_E5M,0.05,0.0
2026-08-07 19:00:00+00:00,True,False,False,NO_FILL,0.0,,,COMMON_CLOCK,D1.00_E5M,0.05,0.0
2026-08-09 23:02:00+00:00,True,False,False,NO_FILL,0.0,,,COMMON_CLOCK,D1.00_E5M,0.05,0.0
2026-08-10 03:28:00+00:00,True,False,True,TIMEOUT,0.1954022988506318,1786343349457.0,1786345143157.0,COMMON_CLOCK,D1.00_E5M,0.05,0.14540229885063177
2026-08-10 04:10:00+00:00,True,False,False,NO_FILL,0.0,,,COMMON_CLOCK,D1.00_E5M,0.05,0.0
2026-08-10 04:55:00+00:00,True,False,True,SL,-1.0,1786348855510.0,1786349530052.0,COMMON_CLOCK,D1.00_E5M,0.05,-1.05
2026-08-10 05:47:00+00:00,True,False,False,NO_FILL,0.0,,,COMMON_CLOCK,D1.00_E5M,0.05,0.0
2026-08-10 11:25:00+00:00,True,False,True,TIMEOUT,0.5339848956017104,1786372102659.0,1786373760010.0,COMMON_CLOCK,D1.00_E5M,0.05,0.4839848956017104
2026-08-10 12:55:00+00:00,True,False,True,SL,-1.0,1786377625357.0,1786377741158.0,COMMON_CLOCK,D1.00_E5M,0.05,-1.05
2026-08-10 14:17:00+00:00,True,False,False,NO_FILL,0.0,,,COMMON_CLOCK,D1.00_E5M,0.05,0.0
2026-08-10 16:02:00+00:00,True,False,True,SL,-1.0,1786388611803.0,1786388671956.0,COMMON_CLOCK,D1.00_E5M,0.05,-1.05
2026-08-10 19:05:00+00:00,True,False,True,TP,3.0,1786399839908.0,1786400717556.0,COMMON_CLOCK,D1.00_E5M,0.05,2.95
2026-08-10 19:21:00+00:00,False,True,True,TP,3.0,1786400565904.0,1786400734653.0,COMMON_CLOCK,D1.00_E5M,0.05,0.0
2026-08-10 19:51:00+00:00,True,False,True,SL,-1.0,1786402358253.0,1786402518003.0,COMMON_CLOCK,D1.00_E5M,0.05,-1.05
2026-08-10 22:45:00+00:00,True,False,False,NO_FILL,0.0,,,COMMON_CLOCK,D1.00_E5M,0.05,0.0
2026-08-11 00:08:00+00:00,True,False,False,NO_FILL,0.0,,,COMMON_CLOCK,D1.00_E5M,0.05,0.0
2026-08-11 00:09:00+00:00,False,True,False,NO_FILL,0.0,,,COMMON_CLOCK,D1.00_E5M,0.05,0.0
2026-08-11 04:33:00+00:00,True,False,True,SL,-1.0,1786433659058.0,1786433732105.0,COMMON_CLOCK,D1.00_E5M,0.05,-1.05
2026-08-11 06:08:00+00:00,True,False,True,SL,-1.0,1786439463755.0,1786439666855.0,COMMON_CLOCK,D1.00_E5M,0.05,-1.05
2026-08-11 06:09:00+00:00,False,True,True,SL,-1.0,1786439433906.0,1786439646458.0,COMMON_CLOCK,D1.00_E5M,0.05,0.0
2026-08-11 07:26:00+00:00,True,False,True,SL,-1.0,1786444167759.0,1786444280258.0,COMMON_CLOCK,D1.00_E5M,0.05,-1.05
2026-08-11 08:28:00+00:00,True,False,False,NO_FILL,0.0,,,COMMON_CLOCK,D1.00_E5M,0.05,0.0
2026-08-11 10:59:00+00:00,True,False,True,TP,3.0,1786456844553.0,1786456869312.0,COMMON_CLOCK,D1.00_E5M,0.05,2.95
2026-08-12 02:50:00+00:00,True,False,False,NO_FILL,0.0,,,COMMON_CLOCK,D1.00_E5M,0.05,0.0
2026-08-12 06:45:00+00:00,True,False,False,NO_FILL,0.0,,,COMMON_CLOCK,D1.00_E5M,0.05,0.0
2026-08-12 06:51:00+00:00,True,False,True,SL,-1.0,1786528411509.0,1786530030755.0,COMMON_CLOCK,D1.00_E5M,0.05,-1.05
2026-08-12 06:55:00+00:00,False,True,False,NO_FILL,0.0,,,COMMON_CLOCK,D1.00_E5M,0.05,0.0
2026-08-12 07:42:00+00:00,True,False,True,SL,-1.0,1786531549202.0,1786532213857.0,COMMON_CLOCK,D1.00_E5M,0.05,-1.05
2026-08-12 07:48:00+00:00,False,True,True,SL,-1.0,1786531848904.0,1786532198103.0,COMMON_CLOCK,D1.00_E5M,0.05,0.0
2026-08-12 09:15:00+00:00,True,False,True,SL,-1.0,1786536968255.0,1786537286552.0,COMMON_CLOCK,D1.00_E5M,0.05,-1.05
2026-08-12 18:33:00+00:00,True,False,True,TP,3.0,1786570718104.0,1786571354108.0,COMMON_CLOCK,D1.00_E5M,0.05,2.95
2026-08-12 18:44:00+00:00,False,True,False,NO_FILL,0.0,,,COMMON_CLOCK,D1.00_E5M,0.05,0.0
2026-08-12 22:57:00+00:00,True,False,True,TP,3.0,1786586302660.0,1786586918254.0,COMMON_CLOCK,D1.00_E5M,0.05,2.95
2026-08-12 23:16:00+00:00,True,False,False,NO_FILL,0.0,,,COMMON_CLOCK,D1.00_E5M,0.05,0.0
2026-08-13 04:24:00+00:00,True,False,False,NO_FILL,0.0,,,COMMON_CLOCK,D1.00_E5M,0.05,0.0
2026-08-13 05:11:00+00:00,True,False,False,NO_FILL,0.0,,,COMMON_CLOCK,D1.00_E5M,0.05,0.0
2026-08-13 05:14:00+00:00,False,True,True,SL,-1.0,1786609008456.0,1786609870360.0,COMMON_CLOCK,D1.00_E5M,0.05,0.0
2026-08-13 05:26:00+00:00,True,False,True,SL,-1.0,1786609803157.0,1786609818158.0,COMMON_CLOCK,D1.00_E5M,0.05,-1.05
2026-08-13 08:48:00+00:00,True,False,True,SL,-1.0,1786621845756.0,1786622031607.0,COMMON_CLOCK,D1.00_E5M,0.05,-1.05
2026-08-13 09:57:00+00:00,True,False,False,NO_FILL,0.0,,,COMMON_CLOCK,D1.00_E5M,0.05,0.0
2026-08-13 10:37:00+00:00,True,False,False,NO_FILL,0.0,,,COMMON_CLOCK,D1.00_E5M,0.05,0.0
2026-08-13 10:43:00+00:00,True,False,True,TIMEOUT,1.5868973772993449,1786628738405.0,1786630440023.0,COMMON_CLOCK,D1.00_E5M,0.05,1.5368973772993448
2026-08-13 10:50:00+00:00,False,True,False,NO_FILL,0.0,,,COMMON_CLOCK,D1.00_E5M,0.05,0.0
2026-08-13 11:14:00+00:00,False,True,True,SL,-1.0,1786630662008.0,1786630938458.0,COMMON_CLOCK,D1.00_E5M,0.05,0.0
2026-08-13 16:29:00+00:00,True,False,False,NO_FILL,0.0,,,COMMON_CLOCK,D1.00_E5M,0.05,0.0
2026-08-13 17:06:00+00:00,True,False,False,NO_FILL,0.0,,,COMMON_CLOCK,D1.00_E5M,0.05,0.0
2026-08-13 19:38:00+00:00,True,False,True,SL,-1.0,1786660827457.0,1786661114103.0,COMMON_CLOCK,D1.00_E5M,0.05,-1.05
2026-08-13 23:09:00+00:00,True,False,True,TIMEOUT,1.2320360970106112,1786673449056.0,1786675200306.0,COMMON_CLOCK,D1.00_E5M,0.05,1.1820360970106112
2026-08-13 23:25:00+00:00,False,True,True,SL,-1.0,1786674448506.0,1786676057855.0,COMMON_CLOCK,D1.00_E5M,0.05,0.0
2026-08-14 04:12:00+00:00,True,False,False,NO_FILL,0.0,,,COMMON_CLOCK,D1.00_E5M,0.05,0.0
2026-08-14 05:36:00+00:00,True,False,False,NO_FILL,0.0,,,COMMON_CLOCK,D1.00_E5M,0.05,0.0
2026-08-14 05:50:00+00:00,True,False,False,NO_FILL,0.0,,,COMMON_CLOCK,D1.00_E5M,0.05,0.0
2026-08-14 07:41:00+00:00,True,False,True,TP,3.0,1786704200260.0,1786705105354.0,COMMON_CLOCK,D1.00_E5M,0.05,2.95
2026-08-14 07:58:00+00:00,False,True,True,TIMEOUT,0.9658692185010193,1786705423060.0,1786706940153.0,COMMON_CLOCK,D1.00_E5M,0.05,0.0
2026-08-14 09:14:00+00:00,True,False,True,TIMEOUT,2.1035336484354668,1786709936103.0,1786711500159.0,COMMON_CLOCK,D1.00_E5M,0.05,2.053533648435467
2026-08-14 14:12:00+00:00,True,False,True,SL,-1.0,1786727669255.0,1786727973003.0,COMMON_CLOCK,D1.00_E5M,0.05,-1.05
2026-08-14 15:01:00+00:00,True,False,False,NO_FILL,0.0,,,COMMON_CLOCK,D1.00_E5M,0.05,0.0
2026-08-14 18:03:00+00:00,True,False,False,NO_FILL,0.0,,,COMMON_CLOCK,D1.00_E5M,0.05,0.0
2026-08-14 18:38:00+00:00,True,False,True,SL,-1.0,1786743823804.0,1786743836108.0,COMMON_CLOCK,D1.00_E5M,0.05,-1.05
2026-08-14 19:09:00+00:00,True,False,False,NO_FILL,0.0,,,COMMON_CLOCK,D1.00_E5M,0.05,0.0
2026-08-16 22:51:00+00:00,True,False,False,NO_FILL,0.0,,,COMMON_CLOCK,D1.00_E5M,0.05,0.0
2026-08-16 22:52:00+00:00,False,True,False,NO_FILL,0.0,,,COMMON_CLOCK,D1.00_E5M,0.05,0.0
2026-08-17 03:29:00+00:00,True,False,True,TIMEOUT,2.294650594815641,1786948235855.0,1786950000159.0,COMMON_CLOCK,D1.00_E5M,0.05,2.244650594815641
2026-08-17 05:19:00+00:00,True,False,True,TP,3.0,1786954838556.0,1786955396857.0,COMMON_CLOCK,D1.00_E5M,0.05,2.95
2026-08-17 05:28:00+00:00,False,True,False,NO_FILL,0.0,,,COMMON_CLOCK,D1.00_E5M,0.05,0.0
2026-08-17 06:50:00+00:00,True,False,False,NO_FILL,0.0,,,COMMON_CLOCK,D1.00_E5M,0.05,0.0
2026-08-17 09:06:00+00:00,True,False,False,NO_FILL,0.0,,,COMMON_CLOCK,D1.00_E5M,0.05,0.0
2026-08-17 09:09:00+00:00,False,True,False,NO_FILL,0.0,,,COMMON_CLOCK,D1.00_E5M,0.05,0.0
2026-08-17 13:38:00+00:00,True,False,True,SL,-1.0,1786984774803.0,1786984803606.0,COMMON_CLOCK,D1.00_E5M,0.05,-1.05
2026-08-17 15:55:00+00:00,True,False,True,TIMEOUT,-0.8654970760230195,1786993160852.0,1786994760454.0,COMMON_CLOCK,D1.00_E5M,0.05,-0.9154970760230196
2026-08-17 23:16:00+00:00,True,False,True,TP,3.0,1787019433357.0,1787020333808.0,COMMON_CLOCK,D1.00_E5M,0.05,2.95
2026-08-17 23:25:00+00:00,False,True,False,NO_FILL,0.0,,,COMMON_CLOCK,D1.00_E5M,0.05,0.0
2026-08-18 07:29:00+00:00,True,False,True,SL,-1.0,1787049088658.0,1787049151055.0,COMMON_CLOCK,D1.00_E5M,0.05,-1.05
2026-08-18 08:35:00+00:00,True,False,False,NO_FILL,0.0,,,COMMON_CLOCK,D1.00_E5M,0.05,0.0
2026-08-18 12:04:00+00:00,True,False,True,SL,-1.0,1787065613561.0,1787065666509.0,COMMON_CLOCK,D1.00_E5M,0.05,-1.05
2026-08-18 16:08:00+00:00,True,False,True,SL,-1.0,1787080266306.0,1787080554308.0,COMMON_CLOCK,D1.00_E5M,0.05,-1.05
2026-08-18 23:52:00+00:00,True,False,True,TP,3.0,1787108004606.0,1787108629204.0,COMMON_CLOCK,D1.00_E5M,0.05,2.95
2026-08-19 00:13:00+00:00,True,False,False,NO_FILL,0.0,,,COMMON_CLOCK,D1.00_E5M,0.05,0.0
2026-08-19 01:31:00+00:00,True,False,False,NO_FILL,0.0,,,COMMON_CLOCK,D1.00_E5M,0.05,0.0
2026-08-19 01:33:00+00:00,False,True,False,NO_FILL,0.0,,,COMMON_CLOCK,D1.00_E5M,0.05,0.0
2026-08-19 01:37:00+00:00,True,False,False,NO_FILL,0.0,,,COMMON_CLOCK,D1.00_E5M,0.05,0.0
2026-08-19 05:28:00+00:00,True,False,True,SL,-1.0,1787128201506.0,1787128202706.0,COMMON_CLOCK,D1.00_E5M,0.05,-1.05
2026-08-19 07:23:00+00:00,True,False,False,NO_FILL,0.0,,,COMMON_CLOCK,D1.00_E5M,0.05,0.0
2026-08-19 07:26:00+00:00,False,True,False,NO_FILL,0.0,,,COMMON_CLOCK,D1.00_E5M,0.05,0.0
2026-08-19 08:04:00+00:00,True,False,False,NO_FILL,0.0,,,COMMON_CLOCK,D1.00_E5M,0.05,0.0
2026-08-19 08:09:00+00:00,True,False,False,NO_FILL,0.0,,,COMMON_CLOCK,D1.00_E5M,0.05,0.0
2026-08-19 09:41:00+00:00,True,False,True,TIMEOUT,1.22592801959648,1787143383605.0,1787145120161.0,COMMON_CLOCK,D1.00_E5M,0.05,1.1759280195964799
2026-08-19 10:13:00+00:00,True,False,False,NO_FILL,0.0,,,COMMON_CLOCK,D1.00_E5M,0.05,0.0
2026-08-19 12:32:00+00:00,True,False,False,NO_FILL,0.0,,,COMMON_CLOCK,D1.00_E5M,0.05,0.0
2026-08-19 14:12:00+00:00,True,False,False,NO_FILL,0.0,,,COMMON_CLOCK,D1.00_E5M,0.05,0.0
2026-08-19 18:04:00+00:00,True,False,True,SL,-1.0,1787173522058.0,1787173542603.0,COMMON_CLOCK,D1.00_E5M,0.05,-1.05
2026-08-19 18:53:00+00:00,True,False,False,NO_FILL,0.0,,,COMMON_CLOCK,D1.00_E5M,0.05,0.0
2026-08-20 03:34:00+00:00,True,False,True,TIMEOUT,-0.3492845895804252,1787207757908.0,1787209500006.0,COMMON_CLOCK,D1.00_E5M,0.05,-0.3992845895804252
2026-08-20 13:35:00+00:00,True,False,True,TIMEOUT,0.4754653130288259,1787243826758.0,1787245560008.0,COMMON_CLOCK,D1.00_E5M,0.05,0.4254653130288259
2026-08-20 14:23:00+00:00,True,False,True,TP,3.0,1787246864408.0,1787247996004.0,COMMON_CLOCK,D1.00_E5M,0.05,2.95
2026-08-20 14:33:00+00:00,False,True,True,TP,3.0,1787247315310.0,1787248193706.0,COMMON_CLOCK,D1.00_E5M,0.05,0.0
2026-08-20 14:35:00+00:00,False,True,True,TP,3.0,1787247623711.0,1787248407309.0,COMMON_CLOCK,D1.00_E5M,0.05,0.0
2026-08-20 14:45:00+00:00,False,True,False,NO_FILL,0.0,,,COMMON_CLOCK,D1.00_E5M,0.05,0.0
2026-08-20 15:00:00+00:00,True,False,False,NO_FILL,0.0,,,COMMON_CLOCK,D1.00_E5M,0.05,0.0
2026-08-21 01:12:00+00:00,True,False,False,NO_FILL,0.0,,,COMMON_CLOCK,D1.00_E5M,0.05,0.0
2026-08-21 01:14:00+00:00,False,True,False,NO_FILL,0.0,,,COMMON_CLOCK,D1.00_E5M,0.05,0.0
2026-08-21 01:23:00+00:00,True,False,False,NO_FILL,0.0,,,COMMON_CLOCK,D1.00_E5M,0.05,0.0
2026-08-21 05:44:00+00:00,True,False,False,NO_FILL,0.0,,,COMMON_CLOCK,D1.00_E5M,0.05,0.0
2026-08-21 05:48:00+00:00,False,True,False,NO_FILL,0.0,,,COMMON_CLOCK,D1.00_E5M,0.05,0.0
2026-08-21 05:51:00+00:00,True,False,False,NO_FILL,0.0,,,COMMON_CLOCK,D1.00_E5M,0.05,0.0
2026-08-21 06:35:00+00:00,True,False,True,TIMEOUT,0.333630686886841,1787305227606.0,1787306760007.0,COMMON_CLOCK,D1.00_E5M,0.05,0.283630686886841
2026-08-21 06:48:00+00:00,False,True,False,NO_FILL,0.0,,,COMMON_CLOCK,D1.00_E5M,0.05,0.0
2026-08-21 07:47:00+00:00,True,False,True,SL,-1.0,1787309311207.0,1787309639554.0,COMMON_CLOCK,D1.00_E5M,0.05,-1.05
2026-08-21 08:17:00+00:00,True,False,False,NO_FILL,0.0,,,COMMON_CLOCK,D1.00_E5M,0.05,0.0
2026-08-21 08:19:00+00:00,False,True,False,NO_FILL,0.0,,,COMMON_CLOCK,D1.00_E5M,0.05,0.0
2026-08-21 09:06:00+00:00,True,False,False,NO_FILL,0.0,,,COMMON_CLOCK,D1.00_E5M,0.05,0.0
2026-08-21 11:36:00+00:00,True,False,True,SL,-1.0,1787323148702.0,1787323215907.0,COMMON_CLOCK,D1.00_E5M,0.05,-1.05
2026-08-21 13:37:00+00:00,True,False,False,NO_FILL,0.0,,,COMMON_CLOCK,D1.00_E5M,0.05,0.0
2026-08-21 15:15:00+00:00,True,False,False,NO_FILL,0.0,,,COMMON_CLOCK,D1.00_E5M,0.05,0.0
2026-08-23 23:21:00+00:00,True,False,False,NO_FILL,0.0,,,COMMON_CLOCK,D1.00_E5M,0.05,0.0
2026-08-23 23:34:00+00:00,True,False,True,SL,-1.0,1787538952507.0,1787539195353.0,COMMON_CLOCK,D1.00_E5M,0.05,-1.05
2026-08-23 23:36:00+00:00,False,True,True,SL,-1.0,1787539158003.0,1787539195353.0,COMMON_CLOCK,D1.00_E5M,0.05,0.0
2026-08-23 23:54:00+00:00,True,False,False,NO_FILL,0.0,,,COMMON_CLOCK,D1.00_E5M,0.05,0.0
2026-08-24 00:53:00+00:00,True,False,False,NO_FILL,0.0,,,COMMON_CLOCK,D1.00_E5M,0.05,0.0
2026-08-24 02:17:00+00:00,True,False,True,SL,-1.0,1787548821309.0,1787549994905.0,COMMON_CLOCK,D1.00_E5M,0.05,-1.05
2026-08-24 06:06:00+00:00,True,False,True,TP,3.0,1787562476254.0,1787563024205.0,COMMON_CLOCK,D1.00_E5M,0.05,2.95
2026-08-24 10:03:00+00:00,True,False,True,SL,-1.0,1787576662053.0,1787576808755.0,COMMON_CLOCK,D1.00_E5M,0.05,-1.05
2026-08-24 23:00:00+00:00,True,False,True,SL,-1.0,1787623285803.0,1787623645510.0,COMMON_CLOCK,D1.00_E5M,0.05,-1.05
2026-08-24 23:15:00+00:00,True,False,False,NO_FILL,0.0,,,COMMON_CLOCK,D1.00_E5M,0.05,0.0
2026-08-25 05:05:00+00:00,True,False,False,NO_FILL,0.0,,,COMMON_CLOCK,D1.00_E5M,0.05,0.0
2026-08-25 05:15:00+00:00,True,False,False,NO_FILL,0.0,,,COMMON_CLOCK,D1.00_E5M,0.05,0.0
2026-08-25 05:19:00+00:00,False,True,False,NO_FILL,0.0,,,COMMON_CLOCK,D1.00_E5M,0.05,0.0
2026-08-25 05:20:00+00:00,True,False,True,SL,-1.0,1787646132006.0,1787646642304.0,COMMON_CLOCK,D1.00_E5M,0.05,-1.05
2026-08-25 08:22:00+00:00,True,False,False,NO_FILL,0.0,,,COMMON_CLOCK,D1.00_E5M,0.05,0.0
2026-08-25 14:37:00+00:00,True,False,False,NO_FILL,0.0,,,COMMON_CLOCK,D1.00_E5M,0.05,0.0
2026-08-25 15:33:00+00:00,True,False,False,NO_FILL,0.0,,,COMMON_CLOCK,D1.00_E5M,0.05,0.0
2026-08-25 18:57:00+00:00,True,False,True,TP,3.0,1787695099057.0,1787695650005.0,COMMON_CLOCK,D1.00_E5M,0.05,2.95
2026-08-25 19:07:00+00:00,False,True,False,NO_FILL,0.0,,,COMMON_CLOCK,D1.00_E5M,0.05,0.0
2026-08-26 02:41:00+00:00,True,False,False,NO_FILL,0.0,,,COMMON_CLOCK,D1.00_E5M,0.05,0.0
2026-08-26 05:02:00+00:00,True,False,True,TP,3.0,1787731417357.0,1787733026708.0,COMMON_CLOCK,D1.00_E5M,0.05,2.95
2026-08-26 05:09:00+00:00,False,True,True,SL,-1.0,1787731919704.0,1787731959909.0,COMMON_CLOCK,D1.00_E5M,0.05,0.0
2026-08-26 06:04:00+00:00,True,False,True,SL,-1.0,1787735112154.0,1787735477257.0,COMMON_CLOCK,D1.00_E5M,0.05,-1.05
2026-08-26 11:18:00+00:00,True,False,True,SL,-1.0,1787754054009.0,1787754091806.0,COMMON_CLOCK,D1.00_E5M,0.05,-1.05
2026-08-26 23:17:00+00:00,True,False,False,NO_FILL,0.0,,,COMMON_CLOCK,D1.00_E5M,0.05,0.0
2026-08-27 01:03:00+00:00,True,False,False,NO_FILL,0.0,,,COMMON_CLOCK,D1.00_E5M,0.05,0.0
2026-08-27 01:14:00+00:00,True,False,True,TIMEOUT,0.4042379788102158,1787804199906.0,1787805900460.0,COMMON_CLOCK,D1.00_E5M,0.05,0.3542379788102158
2026-08-27 01:37:00+00:00,False,True,False,NO_FILL,0.0,,,COMMON_CLOCK,D1.00_E5M,0.05,0.0
2026-08-27 08:56:00+00:00,True,False,True,SL,-1.0,1787831980956.0,1787832148053.0,COMMON_CLOCK,D1.00_E5M,0.05,-1.05
2026-08-27 10:57:00+00:00,True,False,True,TP,3.0,1787839236012.0,1787840548507.0,COMMON_CLOCK,D1.00_E5M,0.05,2.95
2026-08-27 12:02:00+00:00,True,False,True,SL,-1.0,1787843059952.0,1787843137952.0,COMMON_CLOCK,D1.00_E5M,0.05,-1.05
2026-08-27 14:35:00+00:00,True,False,False,NO_FILL,0.0,,,COMMON_CLOCK,D1.00_E5M,0.05,0.0
2026-08-27 15:41:00+00:00,True,False,True,TIMEOUT,1.2566507913597311,1787856247506.0,1787857920154.0,COMMON_CLOCK,D1.00_E5M,0.05,1.206650791359731
2026-08-27 15:42:00+00:00,False,True,True,TIMEOUT,0.783998440773733,1787856216451.0,1787857980156.0,COMMON_CLOCK,D1.00_E5M,0.05,0.0
2026-08-27 15:53:00+00:00,False,True,False,NO_FILL,0.0,,,COMMON_CLOCK,D1.00_E5M,0.05,0.0
2026-08-27 16:33:00+00:00,True,False,False,NO_FILL,0.0,,,COMMON_CLOCK,D1.00_E5M,0.05,0.0
2026-08-27 16:37:00+00:00,False,True,True,SL,-1.0,1787859486304.0,1787859499809.0,COMMON_CLOCK,D1.00_E5M,0.05,0.0
2026-08-27 18:52:00+00:00,True,False,True,TP,3.0,1787867662658.0,1787868182103.0,COMMON_CLOCK,D1.00_E5M,0.05,2.95
2026-08-27 19:02:00+00:00,False,True,True,SL,-1.0,1787868206108.0,1787868933154.0,COMMON_CLOCK,D1.00_E5M,0.05,0.0
2026-08-27 19:08:00+00:00,True,False,True,SL,-1.0,1787868650706.0,1787868917255.0,COMMON_CLOCK,D1.00_E5M,0.05,-1.05
2026-08-28 03:24:00+00:00,True,False,True,SL,-1.0,1787898365705.0,1787898648904.0,COMMON_CLOCK,D1.00_E5M,0.05,-1.05
2026-08-28 04:56:00+00:00,True,False,False,NO_FILL,0.0,,,COMMON_CLOCK,D1.00_E5M,0.05,0.0
2026-08-28 19:01:00+00:00,True,False,True,TIMEOUT,1.1123744551827175,1787954547305.0,1787956320155.0,COMMON_CLOCK,D1.00_E5M,0.05,1.0623744551827174
2026-08-30 23:08:00+00:00,True,False,True,SL,-1.0,1788142190556.0,1788142412555.0,COMMON_CLOCK,D1.00_E5M,0.05,-1.05
2026-08-31 04:37:00+00:00,True,False,True,TIMEOUT,1.0656011893702573,1788162046808.0,1788163680155.0,COMMON_CLOCK,D1.00_E5M,0.05,1.0156011893702572
2026-08-31 05:20:00+00:00,True,False,True,TP,3.0,1788164489104.0,1788164914505.0,COMMON_CLOCK,D1.00_E5M,0.05,2.95
2026-08-31 06:45:00+00:00,True,False,True,SL,-1.0,1788169822205.0,1788170008803.0,COMMON_CLOCK,D1.00_E5M,0.05,-1.05
2026-08-31 08:02:00+00:00,True,False,True,SL,-1.0,1788174367951.0,1788174423157.0,COMMON_CLOCK,D1.00_E5M,0.05,-1.05
2026-08-31 09:12:00+00:00,True,False,False,NO_FILL,0.0,,,COMMON_CLOCK,D1.00_E5M,0.05,0.0
2026-08-31 11:25:00+00:00,True,False,False,NO_FILL,0.0,,,COMMON_CLOCK,D1.00_E5M,0.05,0.0
2026-08-31 11:28:00+00:00,False,True,True,SL,-1.0,1788186658507.0,1788186831306.0,COMMON_CLOCK,D1.00_E5M,0.05,0.0
2026-08-31 16:29:00+00:00,True,False,True,SL,-1.0,1788204676809.0,1788204944555.0,COMMON_CLOCK,D1.00_E5M,0.05,-1.05
2026-08-31 19:23:00+00:00,True,False,False,NO_FILL,0.0,,,COMMON_CLOCK,D1.00_E5M,0.05,0.0
2026-08-31 23:32:00+00:00,True,False,True,SL,-1.0,1788229991408.0,1788230119809.0,COMMON_CLOCK,D1.00_E5M,0.05,-1.05
2026-09-01 00:20:00+00:00,True,False,True,SL,-1.0,1788233130907.0,1788233851053.0,COMMON_CLOCK,D1.00_E5M,0.05,-1.05
2026-09-01 02:04:00+00:00,True,False,True,SL,-1.0,1788239282707.0,1788239345408.0,COMMON_CLOCK,D1.00_E5M,0.05,-1.05
2026-09-01 03:45:00+00:00,True,False,False,NO_FILL,0.0,,,COMMON_CLOCK,D1.00_E5M,0.05,0.0
2026-09-01 05:44:00+00:00,True,False,False,NO_FILL,0.0,,,COMMON_CLOCK,D1.00_E5M,0.05,0.0
2026-09-01 11:46:00+00:00,True,False,False,NO_FILL,0.0,,,COMMON_CLOCK,D1.00_E5M,0.05,0.0
2026-09-01 19:12:00+00:00,True,False,False,NO_FILL,0.0,,,COMMON_CLOCK,D1.00_E5M,0.05,0.0
2026-09-01 20:05:00+00:00,True,False,True,SL,-1.0,1788303979208.0,1788304540955.0,COMMON_CLOCK,D1.00_E5M,0.05,-1.05
2026-09-02 01:15:00+00:00,True,False,True,SL,-1.0,1788322747808.0,1788323637459.0,COMMON_CLOCK,D1.00_E5M,0.05,-1.05
2026-09-02 02:20:00+00:00,True,False,True,TP,3.0,1788326559758.0,1788327489752.0,COMMON_CLOCK,D1.00_E5M,0.05,2.95
2026-09-02 02:37:00+00:00,False,True,False,NO_FILL,0.0,,,COMMON_CLOCK,D1.00_E5M,0.05,0.0
2026-09-02 05:12:00+00:00,True,False,False,NO_FILL,0.0,,,COMMON_CLOCK,D1.00_E5M,0.05,0.0
2026-09-02 07:10:00+00:00,True,False,True,TIMEOUT,-0.2378972520908011,1788344073458.0,1788345660008.0,COMMON_CLOCK,D1.00_E5M,0.05,-0.2878972520908011
2026-09-03 02:50:00+00:00,True,False,True,TP,3.0,1788414705754.0,1788415935758.0,COMMON_CLOCK,D1.00_E5M,0.05,2.95
2026-09-03 03:07:00+00:00,False,True,True,TP,3.0,1788415838706.0,1788417048007.0,COMMON_CLOCK,D1.00_E5M,0.05,0.0
2026-09-03 05:00:00+00:00,True,False,True,SL,-1.0,1788422470359.0,1788422476207.0,COMMON_CLOCK,D1.00_E5M,0.05,-1.05
2026-09-03 11:40:00+00:00,True,False,False,NO_FILL,0.0,,,COMMON_CLOCK,D1.00_E5M,0.05,0.0
2026-09-03 11:45:00+00:00,True,False,True,SL,-1.0,1788446806954.0,1788446898455.0,COMMON_CLOCK,D1.00_E5M,0.05,-1.05
2026-09-03 19:41:00+00:00,True,False,False,NO_FILL,0.0,,,COMMON_CLOCK,D1.00_E5M,0.05,0.0
2026-09-04 07:29:00+00:00,True,False,False,NO_FILL,0.0,,,COMMON_CLOCK,D1.00_E5M,0.05,0.0
2026-09-04 07:34:00+00:00,True,False,False,NO_FILL,0.0,,,COMMON_CLOCK,D1.00_E5M,0.05,0.0
2026-09-04 07:35:00+00:00,False,True,False,NO_FILL,0.0,,,COMMON_CLOCK,D1.00_E5M,0.05,0.0
2026-09-04 07:41:00+00:00,True,False,False,NO_FILL,0.0,,,COMMON_CLOCK,D1.00_E5M,0.05,0.0
2026-09-04 07:42:00+00:00,False,True,False,NO_FILL,0.0,,,COMMON_CLOCK,D1.00_E5M,0.05,0.0
2026-09-04 10:32:00+00:00,True,False,True,SL,-1.0,1788528922509.0,1788529084055.0,COMMON_CLOCK,D1.00_E5M,0.05,-1.05
2026-09-04 11:51:00+00:00,True,False,True,SL,-1.0,1788533558557.0,1788533941954.0,COMMON_CLOCK,D1.00_E5M,0.05,-1.05
2026-09-04 13:23:00+00:00,True,False,False,NO_FILL,0.0,,,COMMON_CLOCK,D1.00_E5M,0.05,0.0
2026-09-04 13:44:00+00:00,True,False,False,NO_FILL,0.0,,,COMMON_CLOCK,D1.00_E5M,0.05,0.0
2026-09-04 14:25:00+00:00,True,False,True,SL,-1.0,1788542803060.0,1788544025861.0,COMMON_CLOCK,D1.00_E5M,0.05,-1.05
2026-09-04 15:14:00+00:00,True,False,False,NO_FILL,0.0,,,COMMON_CLOCK,D1.00_E5M,0.05,0.0
2026-09-04 19:11:00+00:00,True,False,False,NO_FILL,0.0,,,COMMON_CLOCK,D1.00_E5M,0.05,0.0
2026-09-04 19:33:00+00:00,True,False,True,SL,-1.0,1788561329860.0,1788562045505.0,COMMON_CLOCK,D1.00_E5M,0.05,-1.05
2026-09-07 00:11:00+00:00,True,False,True,SL,-1.0,1788750848409.0,1788751816202.0,COMMON_CLOCK,D1.00_E5M,0.05,-1.05
2026-09-07 04:09:00+00:00,True,False,False,NO_FILL,0.0,,,COMMON_CLOCK,D1.00_E5M,0.05,0.0
2026-09-07 05:04:00+00:00,True,False,True,SL,-1.0,1788768553507.0,1788768685657.0,COMMON_CLOCK,D1.00_E5M,0.05,-1.05
2026-09-07 05:27:00+00:00,True,False,True,SL,-1.0,1788769828053.0,1788770009715.0,COMMON_CLOCK,D1.00_E5M,0.05,-1.05
2026-09-07 07:55:00+00:00,True,False,True,TP,3.0,1788778588812.0,1788778981508.0,COMMON_CLOCK,D1.00_E5M,0.05,2.95
2026-09-07 11:46:00+00:00,True,False,False,NO_FILL,0.0,,,COMMON_CLOCK,D1.00_E5M,0.05,0.0
2026-09-07 12:10:00+00:00,True,False,True,TIMEOUT,2.178748180494891,1788793970107.0,1788795660005.0,COMMON_CLOCK,D1.00_E5M,0.05,2.1287481804948913
2026-09-07 13:25:00+00:00,True,False,True,TIMEOUT,-0.1249903437618839,1788798550811.0,1788800160157.0,COMMON_CLOCK,D1.00_E5M,0.05,-0.1749903437618839
2026-09-08 06:43:00+00:00,True,False,False,NO_FILL,0.0,,,COMMON_CLOCK,D1.00_E5M,0.05,0.0
2026-09-08 11:25:00+00:00,True,False,False,NO_FILL,0.0,,,COMMON_CLOCK,D1.00_E5M,0.05,0.0
2026-09-08 23:26:00+00:00,True,False,False,NO_FILL,0.0,,,COMMON_CLOCK,D1.00_E5M,0.05,0.0
2026-09-09 05:01:00+00:00,True,False,True,SL,-1.0,1788940990654.0,1788941076904.0,COMMON_CLOCK,D1.00_E5M,0.05,-1.05
2026-09-09 07:36:00+00:00,True,False,True,TIMEOUT,1.1007751937981778,1788950315402.0,1788952020158.0,COMMON_CLOCK,D1.00_E5M,0.05,1.0507751937981777
2026-09-09 10:53:00+00:00,True,False,False,NO_FILL,0.0,,,COMMON_CLOCK,D1.00_E5M,0.05,0.0
2026-09-09 11:24:00+00:00,True,False,False,NO_FILL,0.0,,,COMMON_CLOCK,D1.00_E5M,0.05,0.0
2026-09-09 12:57:00+00:00,True,False,True,TP,3.0,1788969571358.0,1788969930004.0,COMMON_CLOCK,D1.00_E5M,0.05,2.95
2026-09-09 13:19:00+00:00,True,False,True,TP,3.0,1788970810206.0,1788971067459.0,COMMON_CLOCK,D1.00_E5M,0.05,2.95
2026-09-09 13:24:00+00:00,False,True,False,NO_FILL,0.0,,,COMMON_CLOCK,D1.00_E5M,0.05,0.0
2026-09-09 14:29:00+00:00,True,False,True,SL,-1.0,1788975073503.0,1788976521155.0,COMMON_CLOCK,D1.00_E5M,0.05,-1.05
2026-09-09 14:39:00+00:00,False,True,True,SL,-1.0,1788975646808.0,1788975813157.0,COMMON_CLOCK,D1.00_E5M,0.05,0.0
2026-09-09 16:25:00+00:00,True,False,True,TIMEOUT,2.233707865168556,1788982225059.0,1788983760159.0,COMMON_CLOCK,D1.00_E5M,0.05,2.183707865168556
2026-09-10 00:18:00+00:00,True,False,True,SL,-1.0,1789010385905.0,1789010822708.0,COMMON_CLOCK,D1.00_E5M,0.05,-1.05
2026-09-10 00:51:00+00:00,True,False,False,NO_FILL,0.0,,,COMMON_CLOCK,D1.00_E5M,0.05,0.0
2026-09-10 01:07:00+00:00,True,False,False,NO_FILL,0.0,,,COMMON_CLOCK,D1.00_E5M,0.05,0.0
2026-09-10 10:05:00+00:00,True,False,True,SL,-1.0,1789045647303.0,1789045690358.0,COMMON_CLOCK,D1.00_E5M,0.05,-1.05
2026-09-10 11:25:00+00:00,True,False,False,NO_FILL,0.0,,,COMMON_CLOCK,D1.00_E5M,0.05,0.0
2026-09-10 11:26:00+00:00,False,True,True,SL,-1.0,1789050615155.0,1789051647458.0,COMMON_CLOCK,D1.00_E5M,0.05,0.0
2026-09-10 19:24:00+00:00,True,False,True,SL,-1.0,1789079362808.0,1789079897106.0,COMMON_CLOCK,D1.00_E5M,0.05,-1.05
2026-09-11 00:06:00+00:00,True,False,True,SL,-1.0,1789096132805.0,1789096239904.0,COMMON_CLOCK,D1.00_E5M,0.05,-1.05
2026-09-11 00:44:00+00:00,True,False,False,NO_FILL,0.0,,,COMMON_CLOCK,D1.00_E5M,0.05,0.0
2026-09-11 03:42:00+00:00,True,False,True,SL,-1.0,1789109051259.0,1789109085607.0,COMMON_CLOCK,D1.00_E5M,0.05,-1.05
2026-09-11 05:09:00+00:00,True,False,True,TIMEOUT,1.647228915662626,1789114272908.0,1789116000009.0,COMMON_CLOCK,D1.00_E5M,0.05,1.597228915662626
2026-09-11 05:46:00+00:00,True,False,False,NO_FILL,0.0,,,COMMON_CLOCK,D1.00_E5M,0.05,0.0
2026-09-11 05:55:00+00:00,True,False,True,TIMEOUT,0.9265794422438408,1789117034405.0,1789118760012.0,COMMON_CLOCK,D1.00_E5M,0.05,0.8765794422438408
2026-09-11 08:00:00+00:00,True,False,True,SL,-1.0,1789124499153.0,1789124622304.0,COMMON_CLOCK,D1.00_E5M,0.05,-1.05
2026-09-11 09:58:00+00:00,True,False,True,SL,-1.0,1789131726164.0,1789131727071.0,COMMON_CLOCK,D1.00_E5M,0.05,-1.05
2026-09-11 15:27:00+00:00,True,False,False,NO_FILL,0.0,,,COMMON_CLOCK,D1.00_E5M,0.05,0.0
2026-08-07 01:07:00+00:00,True,False,True,TIMEOUT,0.2438203974936864,1786075756656.0,1786077480309.0,COMMON_CLOCK,D0.75_E3M,0.05,0.1938203974936864
2026-08-07 03:03:00+00:00,True,False,False,NO_FILL,0.0,,,COMMON_CLOCK,D0.75_E3M,0.05,0.0
2026-08-07 07:55:00+00:00,True,False,False,NO_FILL,0.0,,,COMMON_CLOCK,D0.75_E3M,0.05,0.0
2026-08-07 08:33:00+00:00,True,False,True,SL,-1.0,1786102553254.0,1786102578458.0,COMMON_CLOCK,D0.75_E3M,0.05,-1.05
2026-08-07 10:31:00+00:00,True,False,True,TIMEOUT,1.4576314446144387,1786109560052.0,1786111320305.0,COMMON_CLOCK,D0.75_E3M,0.05,1.4076314446144387
2026-08-07 11:03:00+00:00,True,False,True,SL,-1.0,1786111510506.0,1786112087707.0,COMMON_CLOCK,D0.75_E3M,0.05,-1.05
2026-08-07 13:37:00+00:00,True,False,False,NO_FILL,0.0,,,COMMON_CLOCK,D0.75_E3M,0.05,0.0
2026-08-07 13:41:00+00:00,True,False,True,SL,-1.0,1786121000411.0,1786121162410.0,COMMON_CLOCK,D0.75_E3M,0.05,-1.05
2026-08-07 14:22:00+00:00,True,False,False,NO_FILL,0.0,,,COMMON_CLOCK,D0.75_E3M,0.05,0.0
2026-08-07 14:24:00+00:00,False,True,False,NO_FILL,0.0,,,COMMON_CLOCK,D0.75_E3M,0.05,0.0
2026-08-07 19:00:00+00:00,True,False,False,NO_FILL,0.0,,,COMMON_CLOCK,D0.75_E3M,0.05,0.0
2026-08-09 23:02:00+00:00,True,False,False,NO_FILL,0.0,,,COMMON_CLOCK,D0.75_E3M,0.05,0.0
2026-08-10 03:28:00+00:00,True,False,True,SL,-1.0,1786343346303.0,1786344391054.0,COMMON_CLOCK,D0.75_E3M,0.05,-1.05
2026-08-10 04:10:00+00:00,True,False,False,NO_FILL,0.0,,,COMMON_CLOCK,D0.75_E3M,0.05,0.0
2026-08-10 04:55:00+00:00,True,False,False,NO_FILL,0.0,,,COMMON_CLOCK,D0.75_E3M,0.05,0.0
2026-08-10 05:47:00+00:00,True,False,False,NO_FILL,0.0,,,COMMON_CLOCK,D0.75_E3M,0.05,0.0
2026-08-10 11:25:00+00:00,True,False,True,SL,-1.0,1786372051057.0,1786373396408.0,COMMON_CLOCK,D0.75_E3M,0.05,-1.05
2026-08-10 12:55:00+00:00,True,False,False,NO_FILL,0.0,,,COMMON_CLOCK,D0.75_E3M,0.05,0.0
2026-08-10 14:17:00+00:00,True,False,False,NO_FILL,0.0,,,COMMON_CLOCK,D0.75_E3M,0.05,0.0
2026-08-10 16:02:00+00:00,True,False,True,SL,-1.0,1786388611504.0,1786388668802.0,COMMON_CLOCK,D0.75_E3M,0.05,-1.05
2026-08-10 19:05:00+00:00,True,False,False,NO_FILL,0.0,,,COMMON_CLOCK,D0.75_E3M,0.05,0.0
2026-08-10 19:21:00+00:00,True,False,True,TP,3.0,1786400565904.0,1786400735858.0,COMMON_CLOCK,D0.75_E3M,0.05,2.95
2026-08-10 19:51:00+00:00,True,False,True,SL,-1.0,1786402339208.0,1786402410907.0,COMMON_CLOCK,D0.75_E3M,0.05,-1.05
2026-08-10 22:45:00+00:00,True,False,False,NO_FILL,0.0,,,COMMON_CLOCK,D0.75_E3M,0.05,0.0
2026-08-11 00:08:00+00:00,True,False,False,NO_FILL,0.0,,,COMMON_CLOCK,D0.75_E3M,0.05,0.0
2026-08-11 00:09:00+00:00,False,True,True,TP,3.0,1786417955412.0,1786418751304.0,COMMON_CLOCK,D0.75_E3M,0.05,0.0
2026-08-11 04:33:00+00:00,True,False,True,SL,-1.0,1786433655454.0,1786433712456.0,COMMON_CLOCK,D0.75_E3M,0.05,-1.05
2026-08-11 06:08:00+00:00,True,False,True,SL,-1.0,1786439434207.0,1786439647657.0,COMMON_CLOCK,D0.75_E3M,0.05,-1.05
2026-08-11 06:09:00+00:00,False,True,True,SL,-1.0,1786439432853.0,1786439645854.0,COMMON_CLOCK,D0.75_E3M,0.05,0.0
2026-08-11 07:26:00+00:00,True,False,True,SL,-1.0,1786444150654.0,1786444280105.0,COMMON_CLOCK,D0.75_E3M,0.05,-1.05
2026-08-11 08:28:00+00:00,True,False,False,NO_FILL,0.0,,,COMMON_CLOCK,D0.75_E3M,0.05,0.0
2026-08-11 10:59:00+00:00,True,False,True,TP,3.0,1786456827156.0,1786456869459.0,COMMON_CLOCK,D0.75_E3M,0.05,2.95
2026-08-12 02:50:00+00:00,True,False,False,NO_FILL,0.0,,,COMMON_CLOCK,D0.75_E3M,0.05,0.0
2026-08-12 06:45:00+00:00,True,False,False,NO_FILL,0.0,,,COMMON_CLOCK,D0.75_E3M,0.05,0.0
2026-08-12 06:51:00+00:00,True,False,True,SL,-1.0,1786528399953.0,1786529911804.0,COMMON_CLOCK,D0.75_E3M,0.05,-1.05
2026-08-12 06:55:00+00:00,False,True,True,SL,-1.0,1786528739711.0,1786529756558.0,COMMON_CLOCK,D0.75_E3M,0.05,0.0
2026-08-12 07:42:00+00:00,True,False,True,SL,-1.0,1786531461761.0,1786532213106.0,COMMON_CLOCK,D0.75_E3M,0.05,-1.05
2026-08-12 07:48:00+00:00,False,True,True,SL,-1.0,1786531781852.0,1786532167058.0,COMMON_CLOCK,D0.75_E3M,0.05,0.0
2026-08-12 09:15:00+00:00,True,False,True,SL,-1.0,1786536966906.0,1786537245904.0,COMMON_CLOCK,D0.75_E3M,0.05,-1.05
2026-08-12 18:33:00+00:00,True,False,False,NO_FILL,0.0,,,COMMON_CLOCK,D0.75_E3M,0.05,0.0
2026-08-12 18:44:00+00:00,True,False,False,NO_FILL,0.0,,,COMMON_CLOCK,D0.75_E3M,0.05,0.0
2026-08-12 22:57:00+00:00,True,False,True,SL,-1.0,1786586302660.0,1786586304010.0,COMMON_CLOCK,D0.75_E3M,0.05,-1.05
2026-08-12 23:16:00+00:00,True,False,True,TIMEOUT,1.822460074753108,1786587433358.0,1786589221356.0,COMMON_CLOCK,D0.75_E3M,0.05,1.7724600747531079
2026-08-13 04:24:00+00:00,True,False,False,NO_FILL,0.0,,,COMMON_CLOCK,D0.75_E3M,0.05,0.0
2026-08-13 05:11:00+00:00,True,False,False,NO_FILL,0.0,,,COMMON_CLOCK,D0.75_E3M,0.05,0.0
2026-08-13 05:14:00+00:00,True,False,True,SL,-1.0,1786608998105.0,1786609869756.0,COMMON_CLOCK,D0.75_E3M,0.05,-1.05
2026-08-13 05:26:00+00:00,False,True,False,NO_FILL,0.0,,,COMMON_CLOCK,D0.75_E3M,0.05,0.0
2026-08-13 08:48:00+00:00,True,False,True,SL,-1.0,1786621844405.0,1786622016607.0,COMMON_CLOCK,D0.75_E3M,0.05,-1.05
2026-08-13 09:57:00+00:00,True,False,False,NO_FILL,0.0,,,COMMON_CLOCK,D0.75_E3M,0.05,0.0
2026-08-13 10:37:00+00:00,True,False,False,NO_FILL,0.0,,,COMMON_CLOCK,D0.75_E3M,0.05,0.0
2026-08-13 10:43:00+00:00,True,False,True,TIMEOUT,1.420230710632381,1786628732105.0,1786630440023.0,COMMON_CLOCK,D0.75_E3M,0.05,1.370230710632381
2026-08-13 10:50:00+00:00,False,True,False,NO_FILL,0.0,,,COMMON_CLOCK,D0.75_E3M,0.05,0.0
2026-08-13 11:14:00+00:00,False,True,True,SL,-1.0,1786630651954.0,1786630937858.0,COMMON_CLOCK,D0.75_E3M,0.05,0.0
2026-08-13 16:29:00+00:00,True,False,False,NO_FILL,0.0,,,COMMON_CLOCK,D0.75_E3M,0.05,0.0
2026-08-13 17:06:00+00:00,True,False,False,NO_FILL,0.0,,,COMMON_CLOCK,D0.75_E3M,0.05,0.0
2026-08-13 19:38:00+00:00,True,False,True,SL,-1.0,1786660781253.0,1786661076904.0,COMMON_CLOCK,D0.75_E3M,0.05,-1.05
2026-08-13 23:09:00+00:00,True,False,True,SL,-1.0,1786673439607.0,1786673563207.0,COMMON_CLOCK,D0.75_E3M,0.05,-1.05
2026-08-13 23:25:00+00:00,True,False,True,SL,-1.0,1786674432453.0,1786676042403.0,COMMON_CLOCK,D0.75_E3M,0.05,-1.05
2026-08-14 04:12:00+00:00,True,False,False,NO_FILL,0.0,,,COMMON_CLOCK,D0.75_E3M,0.05,0.0
2026-08-14 05:36:00+00:00,True,False,False,NO_FILL,0.0,,,COMMON_CLOCK,D0.75_E3M,0.05,0.0
2026-08-14 05:50:00+00:00,True,False,False,NO_FILL,0.0,,,COMMON_CLOCK,D0.75_E3M,0.05,0.0
2026-08-14 07:41:00+00:00,True,False,True,TP,3.0,1786704200260.0,1786705167307.0,COMMON_CLOCK,D0.75_E3M,0.05,2.95
2026-08-14 07:58:00+00:00,False,True,False,NO_FILL,0.0,,,COMMON_CLOCK,D0.75_E3M,0.05,0.0
2026-08-14 09:14:00+00:00,True,False,False,NO_FILL,0.0,,,COMMON_CLOCK,D0.75_E3M,0.05,0.0
2026-08-14 14:12:00+00:00,True,False,True,SL,-1.0,1786727668057.0,1786727972402.0,COMMON_CLOCK,D0.75_E3M,0.05,-1.05
2026-08-14 15:01:00+00:00,True,False,False,NO_FILL,0.0,,,COMMON_CLOCK,D0.75_E3M,0.05,0.0
2026-08-14 18:03:00+00:00,True,False,False,NO_FILL,0.0,,,COMMON_CLOCK,D0.75_E3M,0.05,0.0
2026-08-14 18:38:00+00:00,True,False,False,NO_FILL,0.0,,,COMMON_CLOCK,D0.75_E3M,0.05,0.0
2026-08-14 19:09:00+00:00,True,False,False,NO_FILL,0.0,,,COMMON_CLOCK,D0.75_E3M,0.05,0.0
2026-08-16 22:51:00+00:00,True,False,False,NO_FILL,0.0,,,COMMON_CLOCK,D0.75_E3M,0.05,0.0
2026-08-16 22:52:00+00:00,False,True,False,NO_FILL,0.0,,,COMMON_CLOCK,D0.75_E3M,0.05,0.0
2026-08-17 03:29:00+00:00,True,False,True,TIMEOUT,2.1279839281492188,1786948234504.0,1786950000159.0,COMMON_CLOCK,D0.75_E3M,0.05,2.077983928149219
2026-08-17 05:19:00+00:00,True,False,True,TP,3.0,1786954838105.0,1786955399105.0,COMMON_CLOCK,D0.75_E3M,0.05,2.95
2026-08-17 05:28:00+00:00,False,True,True,SL,-1.0,1786955414860.0,1786955704360.0,COMMON_CLOCK,D0.75_E3M,0.05,0.0
2026-08-17 06:50:00+00:00,True,False,False,NO_FILL,0.0,,,COMMON_CLOCK,D0.75_E3M,0.05,0.0
2026-08-17 09:06:00+00:00,True,False,False,NO_FILL,0.0,,,COMMON_CLOCK,D0.75_E3M,0.05,0.0
2026-08-17 09:09:00+00:00,True,False,False,NO_FILL,0.0,,,COMMON_CLOCK,D0.75_E3M,0.05,0.0
2026-08-17 13:38:00+00:00,True,False,True,SL,-1.0,1786984772558.0,1786984782005.0,COMMON_CLOCK,D0.75_E3M,0.05,-1.05
2026-08-17 15:55:00+00:00,True,False,True,SL,-1.0,1786993051804.0,1786993424865.0,COMMON_CLOCK,D0.75_E3M,0.05,-1.05
2026-08-17 23:16:00+00:00,True,False,True,TP,3.0,1787019420457.0,1787021012853.0,COMMON_CLOCK,D0.75_E3M,0.05,2.95
2026-08-17 23:25:00+00:00,False,True,False,NO_FILL,0.0,,,COMMON_CLOCK,D0.75_E3M,0.05,0.0
2026-08-18 07:29:00+00:00,True,False,True,SL,-1.0,1787049080408.0,1787049130956.0,COMMON_CLOCK,D0.75_E3M,0.05,-1.05
2026-08-18 08:35:00+00:00,True,False,True,SL,-1.0,1787053019258.0,1787053743305.0,COMMON_CLOCK,D0.75_E3M,0.05,-1.05
2026-08-18 12:04:00+00:00,True,False,True,SL,-1.0,1787065601109.0,1787065662008.0,COMMON_CLOCK,D0.75_E3M,0.05,-1.05
2026-08-18 16:08:00+00:00,True,False,True,SL,-1.0,1787080237657.0,1787080522505.0,COMMON_CLOCK,D0.75_E3M,0.05,-1.05
2026-08-18 23:52:00+00:00,True,False,True,TP,3.0,1787108004606.0,1787108629355.0,COMMON_CLOCK,D0.75_E3M,0.05,2.95
2026-08-19 00:13:00+00:00,True,False,False,NO_FILL,0.0,,,COMMON_CLOCK,D0.75_E3M,0.05,0.0
2026-08-19 01:31:00+00:00,True,False,False,NO_FILL,0.0,,,COMMON_CLOCK,D0.75_E3M,0.05,0.0
2026-08-19 01:33:00+00:00,False,True,False,NO_FILL,0.0,,,COMMON_CLOCK,D0.75_E3M,0.05,0.0
2026-08-19 01:37:00+00:00,True,False,False,NO_FILL,0.0,,,COMMON_CLOCK,D0.75_E3M,0.05,0.0
2026-08-19 05:28:00+00:00,True,False,True,SL,-1.0,1787128200904.0,1787128202706.0,COMMON_CLOCK,D0.75_E3M,0.05,-1.05
2026-08-19 07:23:00+00:00,True,False,True,TP,3.0,1787135063558.0,1787135784306.0,COMMON_CLOCK,D0.75_E3M,0.05,2.95
2026-08-19 07:26:00+00:00,False,True,True,TIMEOUT,-0.1372639478376838,1787135310454.0,1787137020155.0,COMMON_CLOCK,D0.75_E3M,0.05,0.0
2026-08-19 08:04:00+00:00,True,False,False,NO_FILL,0.0,,,COMMON_CLOCK,D0.75_E3M,0.05,0.0
2026-08-19 08:09:00+00:00,True,False,False,NO_FILL,0.0,,,COMMON_CLOCK,D0.75_E3M,0.05,0.0
2026-08-19 09:41:00+00:00,True,False,True,TIMEOUT,1.0592613529298045,1787143369359.0,1787145120161.0,COMMON_CLOCK,D0.75_E3M,0.05,1.0092613529298045
2026-08-19 10:13:00+00:00,True,False,False,NO_FILL,0.0,,,COMMON_CLOCK,D0.75_E3M,0.05,0.0
2026-08-19 12:32:00+00:00,True,False,False,NO_FILL,0.0,,,COMMON_CLOCK,D0.75_E3M,0.05,0.0
2026-08-19 14:12:00+00:00,True,False,False,NO_FILL,0.0,,,COMMON_CLOCK,D0.75_E3M,0.05,0.0
2026-08-19 18:04:00+00:00,True,False,True,SL,-1.0,1787173519057.0,1787173534207.0,COMMON_CLOCK,D0.75_E3M,0.05,-1.05
2026-08-19 18:53:00+00:00,True,False,True,TP,3.0,1787176468807.0,1787177329659.0,COMMON_CLOCK,D0.75_E3M,0.05,2.95
2026-08-20 03:34:00+00:00,True,False,True,TIMEOUT,-0.5159512562473036,1787207707653.0,1787209500006.0,COMMON_CLOCK,D0.75_E3M,0.05,-0.5659512562473037
2026-08-20 13:35:00+00:00,True,False,True,TIMEOUT,0.308798646362063,1787243826311.0,1787245560008.0,COMMON_CLOCK,D0.75_E3M,0.05,0.258798646362063
2026-08-20 14:23:00+00:00,True,False,True,TP,3.0,1787246774854.0,1787247997359.0,COMMON_CLOCK,D0.75_E3M,0.05,2.95
2026-08-20 14:33:00+00:00,False,True,True,TP,3.0,1787247279008.0,1787248412407.0,COMMON_CLOCK,D0.75_E3M,0.05,0.0
2026-08-20 14:35:00+00:00,False,True,False,NO_FILL,0.0,,,COMMON_CLOCK,D0.75_E3M,0.05,0.0
2026-08-20 14:45:00+00:00,False,True,False,NO_FILL,0.0,,,COMMON_CLOCK,D0.75_E3M,0.05,0.0
2026-08-20 15:00:00+00:00,True,False,False,NO_FILL,0.0,,,COMMON_CLOCK,D0.75_E3M,0.05,0.0
2026-08-21 01:12:00+00:00,True,False,False,NO_FILL,0.0,,,COMMON_CLOCK,D0.75_E3M,0.05,0.0
2026-08-21 01:14:00+00:00,False,True,False,NO_FILL,0.0,,,COMMON_CLOCK,D0.75_E3M,0.05,0.0
2026-08-21 01:23:00+00:00,True,False,True,TP,3.0,1787286376951.0,1787286888156.0,COMMON_CLOCK,D0.75_E3M,0.05,2.95
2026-08-21 05:44:00+00:00,True,False,False,NO_FILL,0.0,,,COMMON_CLOCK,D0.75_E3M,0.05,0.0
2026-08-21 05:48:00+00:00,True,False,False,NO_FILL,0.0,,,COMMON_CLOCK,D0.75_E3M,0.05,0.0
2026-08-21 05:51:00+00:00,True,False,False,NO_FILL,0.0,,,COMMON_CLOCK,D0.75_E3M,0.05,0.0
2026-08-21 06:35:00+00:00,True,False,False,NO_FILL,0.0,,,COMMON_CLOCK,D0.75_E3M,0.05,0.0
2026-08-21 06:48:00+00:00,True,False,False,NO_FILL,0.0,,,COMMON_CLOCK,D0.75_E3M,0.05,0.0
2026-08-21 07:47:00+00:00,True,False,True,SL,-1.0,1787309310455.0,1787309629956.0,COMMON_CLOCK,D0.75_E3M,0.05,-1.05
2026-08-21 08:17:00+00:00,True,False,False,NO_FILL,0.0,,,COMMON_CLOCK,D0.75_E3M,0.05,0.0
2026-08-21 08:19:00+00:00,False,True,False,NO_FILL,0.0,,,COMMON_CLOCK,D0.75_E3M,0.05,0.0
2026-08-21 09:06:00+00:00,True,False,False,NO_FILL,0.0,,,COMMON_CLOCK,D0.75_E3M,0.05,0.0
2026-08-21 11:36:00+00:00,True,False,True,SL,-1.0,1787323138206.0,1787323209305.0,COMMON_CLOCK,D0.75_E3M,0.05,-1.05
2026-08-21 13:37:00+00:00,True,False,False,NO_FILL,0.0,,,COMMON_CLOCK,D0.75_E3M,0.05,0.0
2026-08-21 15:15:00+00:00,True,False,False,NO_FILL,0.0,,,COMMON_CLOCK,D0.75_E3M,0.05,0.0
2026-08-23 23:21:00+00:00,True,False,True,TP,3.0,1787538129914.0,1787538405606.0,COMMON_CLOCK,D0.75_E3M,0.05,2.95
2026-08-23 23:34:00+00:00,True,False,True,SL,-1.0,1787538945754.0,1787539192661.0,COMMON_CLOCK,D0.75_E3M,0.05,-1.05
2026-08-23 23:36:00+00:00,False,True,True,SL,-1.0,1787539099053.0,1787539193106.0,COMMON_CLOCK,D0.75_E3M,0.05,0.0
2026-08-23 23:54:00+00:00,True,False,False,NO_FILL,0.0,,,COMMON_CLOCK,D0.75_E3M,0.05,0.0
2026-08-24 00:53:00+00:00,True,False,False,NO_FILL,0.0,,,COMMON_CLOCK,D0.75_E3M,0.05,0.0
2026-08-24 02:17:00+00:00,True,False,True,SL,-1.0,1787548818158.0,1787549966252.0,COMMON_CLOCK,D0.75_E3M,0.05,-1.05
2026-08-24 06:06:00+00:00,True,False,True,TP,3.0,1787562475503.0,1787563142107.0,COMMON_CLOCK,D0.75_E3M,0.05,2.95
2026-08-24 10:03:00+00:00,True,False,True,SL,-1.0,1787576657560.0,1787576803806.0,COMMON_CLOCK,D0.75_E3M,0.05,-1.05
2026-08-24 23:00:00+00:00,True,False,True,SL,-1.0,1787623281455.0,1787623643256.0,COMMON_CLOCK,D0.75_E3M,0.05,-1.05
2026-08-24 23:15:00+00:00,True,False,False,NO_FILL,0.0,,,COMMON_CLOCK,D0.75_E3M,0.05,0.0
2026-08-25 05:05:00+00:00,True,False,False,NO_FILL,0.0,,,COMMON_CLOCK,D0.75_E3M,0.05,0.0
2026-08-25 05:15:00+00:00,True,False,False,NO_FILL,0.0,,,COMMON_CLOCK,D0.75_E3M,0.05,0.0
2026-08-25 05:19:00+00:00,True,False,False,NO_FILL,0.0,,,COMMON_CLOCK,D0.75_E3M,0.05,0.0
2026-08-25 05:20:00+00:00,False,True,True,SL,-1.0,1787646110252.0,1787646610658.0,COMMON_CLOCK,D0.75_E3M,0.05,0.0
2026-08-25 08:22:00+00:00,True,False,False,NO_FILL,0.0,,,COMMON_CLOCK,D0.75_E3M,0.05,0.0
2026-08-25 14:37:00+00:00,True,False,False,NO_FILL,0.0,,,COMMON_CLOCK,D0.75_E3M,0.05,0.0
2026-08-25 15:33:00+00:00,True,False,True,TIMEOUT,0.2335048231510901,1787682852607.0,1787684640156.0,COMMON_CLOCK,D0.75_E3M,0.05,0.18350482315109012
2026-08-25 18:57:00+00:00,True,False,True,TP,3.0,1787695082107.0,1787695650755.0,COMMON_CLOCK,D0.75_E3M,0.05,2.95
2026-08-25 19:07:00+00:00,False,True,False,NO_FILL,0.0,,,COMMON_CLOCK,D0.75_E3M,0.05,0.0
2026-08-26 02:41:00+00:00,True,False,False,NO_FILL,0.0,,,COMMON_CLOCK,D0.75_E3M,0.05,0.0
2026-08-26 05:02:00+00:00,True,False,True,TP,3.0,1787731412858.0,1787733027013.0,COMMON_CLOCK,D0.75_E3M,0.05,2.95
2026-08-26 05:09:00+00:00,False,True,True,SL,-1.0,1787731910405.0,1787731959759.0,COMMON_CLOCK,D0.75_E3M,0.05,0.0
2026-08-26 06:04:00+00:00,True,False,True,SL,-1.0,1787735109154.0,1787735425955.0,COMMON_CLOCK,D0.75_E3M,0.05,-1.05
2026-08-26 11:18:00+00:00,True,False,True,SL,-1.0,1787754046054.0,1787754072153.0,COMMON_CLOCK,D0.75_E3M,0.05,-1.05
2026-08-26 23:17:00+00:00,True,False,False,NO_FILL,0.0,,,COMMON_CLOCK,D0.75_E3M,0.05,0.0
2026-08-27 01:03:00+00:00,True,False,False,NO_FILL,0.0,,,COMMON_CLOCK,D0.75_E3M,0.05,0.0
2026-08-27 01:14:00+00:00,True,False,True,SL,-1.0,1787804141553.0,1787804279558.0,COMMON_CLOCK,D0.75_E3M,0.05,-1.05
2026-08-27 01:37:00+00:00,True,False,False,NO_FILL,0.0,,,COMMON_CLOCK,D0.75_E3M,0.05,0.0
2026-08-27 08:56:00+00:00,True,False,True,SL,-1.0,1787831979908.0,1787832138606.0,COMMON_CLOCK,D0.75_E3M,0.05,-1.05
2026-08-27 10:57:00+00:00,True,False,True,TP,3.0,1787839235710.0,1787840558553.0,COMMON_CLOCK,D0.75_E3M,0.05,2.95
2026-08-27 12:02:00+00:00,True,False,True,SL,-1.0,1787843057257.0,1787843137506.0,COMMON_CLOCK,D0.75_E3M,0.05,-1.05
2026-08-27 14:35:00+00:00,True,False,False,NO_FILL,0.0,,,COMMON_CLOCK,D0.75_E3M,0.05,0.0
2026-08-27 15:41:00+00:00,True,False,True,TIMEOUT,1.0899841246931563,1787856242852.0,1787857920154.0,COMMON_CLOCK,D0.75_E3M,0.05,1.0399841246931563
2026-08-27 15:42:00+00:00,False,True,True,SL,-1.0,1787856210154.0,1787856333901.0,COMMON_CLOCK,D0.75_E3M,0.05,0.0
2026-08-27 15:53:00+00:00,False,True,False,NO_FILL,0.0,,,COMMON_CLOCK,D0.75_E3M,0.05,0.0
2026-08-27 16:33:00+00:00,True,False,False,NO_FILL,0.0,,,COMMON_CLOCK,D0.75_E3M,0.05,0.0
2026-08-27 16:37:00+00:00,True,False,True,SL,-1.0,1787859486154.0,1787859497257.0,COMMON_CLOCK,D0.75_E3M,0.05,-1.05
2026-08-27 18:52:00+00:00,True,False,True,TP,3.0,1787867616007.0,1787868183458.0,COMMON_CLOCK,D0.75_E3M,0.05,2.95
2026-08-27 19:02:00+00:00,False,True,True,SL,-1.0,1787868191256.0,1787868925808.0,COMMON_CLOCK,D0.75_E3M,0.05,0.0
2026-08-27 19:08:00+00:00,True,False,True,SL,-1.0,1787868646957.0,1787868916808.0,COMMON_CLOCK,D0.75_E3M,0.05,-1.05
2026-08-28 03:24:00+00:00,True,False,True,SL,-1.0,1787898346205.0,1787898648760.0,COMMON_CLOCK,D0.75_E3M,0.05,-1.05
2026-08-28 04:56:00+00:00,True,False,False,NO_FILL,0.0,,,COMMON_CLOCK,D0.75_E3M,0.05,0.0
2026-08-28 19:01:00+00:00,True,False,True,TIMEOUT,0.9457077885161094,1787954544460.0,1787956320155.0,COMMON_CLOCK,D0.75_E3M,0.05,0.8957077885161093
2026-08-30 23:08:00+00:00,True,False,True,SL,-1.0,1788142163256.0,1788142358106.0,COMMON_CLOCK,D0.75_E3M,0.05,-1.05
2026-08-31 04:37:00+00:00,True,False,True,TIMEOUT,0.8989345227035004,1788162039008.0,1788163680155.0,COMMON_CLOCK,D0.75_E3M,0.05,0.8489345227035003
2026-08-31 05:20:00+00:00,True,False,True,TP,3.0,1788164489104.0,1788164944357.0,COMMON_CLOCK,D0.75_E3M,0.05,2.95
2026-08-31 06:45:00+00:00,True,False,True,SL,-1.0,1788169717358.0,1788169918657.0,COMMON_CLOCK,D0.75_E3M,0.05,-1.05
2026-08-31 08:02:00+00:00,True,False,True,SL,-1.0,1788174329857.0,1788174416405.0,COMMON_CLOCK,D0.75_E3M,0.05,-1.05
2026-08-31 09:12:00+00:00,True,False,False,NO_FILL,0.0,,,COMMON_CLOCK,D0.75_E3M,0.05,0.0
2026-08-31 11:25:00+00:00,True,False,False,NO_FILL,0.0,,,COMMON_CLOCK,D0.75_E3M,0.05,0.0
2026-08-31 11:28:00+00:00,True,False,True,SL,-1.0,1788186623564.0,1788186801609.0,COMMON_CLOCK,D0.75_E3M,0.05,-1.05
2026-08-31 16:29:00+00:00,True,False,True,SL,-1.0,1788204650105.0,1788204843761.0,COMMON_CLOCK,D0.75_E3M,0.05,-1.05
2026-08-31 19:23:00+00:00,True,False,False,NO_FILL,0.0,,,COMMON_CLOCK,D0.75_E3M,0.05,0.0
2026-08-31 23:32:00+00:00,True,False,True,SL,-1.0,1788229990955.0,1788230012407.0,COMMON_CLOCK,D0.75_E3M,0.05,-1.05
2026-09-01 00:20:00+00:00,True,False,False,NO_FILL,0.0,,,COMMON_CLOCK,D0.75_E3M,0.05,0.0
2026-09-01 02:04:00+00:00,True,False,True,SL,-1.0,1788239277757.0,1788239330259.0,COMMON_CLOCK,D0.75_E3M,0.05,-1.05
2026-09-01 03:45:00+00:00,True,False,False,NO_FILL,0.0,,,COMMON_CLOCK,D0.75_E3M,0.05,0.0
2026-09-01 05:44:00+00:00,True,False,False,NO_FILL,0.0,,,COMMON_CLOCK,D0.75_E3M,0.05,0.0
2026-09-01 11:46:00+00:00,True,False,True,SL,-1.0,1788274063958.0,1788274371757.0,COMMON_CLOCK,D0.75_E3M,0.05,-1.05
2026-09-01 19:12:00+00:00,True,False,False,NO_FILL,0.0,,,COMMON_CLOCK,D0.75_E3M,0.05,0.0
2026-09-01 20:05:00+00:00,True,False,True,SL,-1.0,1788303977404.0,1788304480056.0,COMMON_CLOCK,D0.75_E3M,0.05,-1.05
2026-09-02 01:15:00+00:00,True,False,False,NO_FILL,0.0,,,COMMON_CLOCK,D0.75_E3M,0.05,0.0
2026-09-02 02:20:00+00:00,True,False,True,TIMEOUT,1.398635998930331,1788326512807.0,1788328260158.0,COMMON_CLOCK,D0.75_E3M,0.05,1.348635998930331
2026-09-02 02:37:00+00:00,False,True,False,NO_FILL,0.0,,,COMMON_CLOCK,D0.75_E3M,0.05,0.0
2026-09-02 05:12:00+00:00,True,False,True,TP,3.0,1788336805960.0,1788337800758.0,COMMON_CLOCK,D0.75_E3M,0.05,2.95
2026-09-02 07:10:00+00:00,True,False,False,NO_FILL,0.0,,,COMMON_CLOCK,D0.75_E3M,0.05,0.0
2026-09-03 02:50:00+00:00,True,False,True,TP,3.0,1788414679651.0,1788415936954.0,COMMON_CLOCK,D0.75_E3M,0.05,2.95
2026-09-03 03:07:00+00:00,False,True,True,TP,3.0,1788415760256.0,1788417049057.0,COMMON_CLOCK,D0.75_E3M,0.05,0.0
2026-09-03 05:00:00+00:00,True,False,True,SL,-1.0,1788422470206.0,1788422475612.0,COMMON_CLOCK,D0.75_E3M,0.05,-1.05
2026-09-03 11:40:00+00:00,True,False,False,NO_FILL,0.0,,,COMMON_CLOCK,D0.75_E3M,0.05,0.0
2026-09-03 11:45:00+00:00,True,False,True,SL,-1.0,1788446802460.0,1788446890656.0,COMMON_CLOCK,D0.75_E3M,0.05,-1.05
2026-09-03 19:41:00+00:00,True,False,True,SL,-1.0,1788475454405.0,1788476334902.0,COMMON_CLOCK,D0.75_E3M,0.05,-1.05
2026-09-04 07:29:00+00:00,True,False,False,NO_FILL,0.0,,,COMMON_CLOCK,D0.75_E3M,0.05,0.0
2026-09-04 07:34:00+00:00,True,False,False,NO_FILL,0.0,,,COMMON_CLOCK,D0.75_E3M,0.05,0.0
2026-09-04 07:35:00+00:00,False,True,False,NO_FILL,0.0,,,COMMON_CLOCK,D0.75_E3M,0.05,0.0
2026-09-04 07:41:00+00:00,True,False,False,NO_FILL,0.0,,,COMMON_CLOCK,D0.75_E3M,0.05,0.0
2026-09-04 07:42:00+00:00,False,True,False,NO_FILL,0.0,,,COMMON_CLOCK,D0.75_E3M,0.05,0.0
2026-09-04 10:32:00+00:00,True,False,True,SL,-1.0,1788528919359.0,1788529072060.0,COMMON_CLOCK,D0.75_E3M,0.05,-1.05
2026-09-04 11:51:00+00:00,True,False,True,SL,-1.0,1788533555270.0,1788533940304.0,COMMON_CLOCK,D0.75_E3M,0.05,-1.05
2026-09-04 13:23:00+00:00,True,False,False,NO_FILL,0.0,,,COMMON_CLOCK,D0.75_E3M,0.05,0.0
2026-09-04 13:44:00+00:00,True,False,True,TIMEOUT,1.5965050824120357,1788540336758.0,1788542100009.0,COMMON_CLOCK,D0.75_E3M,0.05,1.5465050824120357
2026-09-04 14:25:00+00:00,True,False,True,SL,-1.0,1788542790603.0,1788543781961.0,COMMON_CLOCK,D0.75_E3M,0.05,-1.05
2026-09-04 15:14:00+00:00,True,False,False,NO_FILL,0.0,,,COMMON_CLOCK,D0.75_E3M,0.05,0.0
2026-09-04 19:11:00+00:00,True,False,False,NO_FILL,0.0,,,COMMON_CLOCK,D0.75_E3M,0.05,0.0
2026-09-04 19:33:00+00:00,True,False,True,SL,-1.0,1788561327904.0,1788562026907.0,COMMON_CLOCK,D0.75_E3M,0.05,-1.05
2026-09-07 00:11:00+00:00,True,False,True,SL,-1.0,1788750788108.0,1788751799556.0,COMMON_CLOCK,D0.75_E3M,0.05,-1.05
2026-09-07 04:09:00+00:00,True,False,False,NO_FILL,0.0,,,COMMON_CLOCK,D0.75_E3M,0.05,0.0
2026-09-07 05:04:00+00:00,True,False,False,NO_FILL,0.0,,,COMMON_CLOCK,D0.75_E3M,0.05,0.0
2026-09-07 05:27:00+00:00,True,False,True,SL,-1.0,1788769818159.0,1788770008207.0,COMMON_CLOCK,D0.75_E3M,0.05,-1.05
2026-09-07 07:55:00+00:00,True,False,True,TP,3.0,1788778569457.0,1788778986309.0,COMMON_CLOCK,D0.75_E3M,0.05,2.95
2026-09-07 11:46:00+00:00,True,False,False,NO_FILL,0.0,,,COMMON_CLOCK,D0.75_E3M,0.05,0.0
2026-09-07 12:10:00+00:00,True,False,True,TIMEOUT,2.012081513828423,1788793915808.0,1788795660005.0,COMMON_CLOCK,D0.75_E3M,0.05,1.962081513828423
2026-09-07 13:25:00+00:00,True,False,False,NO_FILL,0.0,,,COMMON_CLOCK,D0.75_E3M,0.05,0.0
2026-09-08 06:43:00+00:00,True,False,False,NO_FILL,0.0,,,COMMON_CLOCK,D0.75_E3M,0.05,0.0
2026-09-08 11:25:00+00:00,True,False,False,NO_FILL,0.0,,,COMMON_CLOCK,D0.75_E3M,0.05,0.0
2026-09-08 23:26:00+00:00,True,False,False,NO_FILL,0.0,,,COMMON_CLOCK,D0.75_E3M,0.05,0.0
2026-09-09 05:01:00+00:00,True,False,True,SL,-1.0,1788940984659.0,1788941072259.0,COMMON_CLOCK,D0.75_E3M,0.05,-1.05
2026-09-09 07:36:00+00:00,True,False,True,SL,-1.0,1788950279856.0,1788951796802.0,COMMON_CLOCK,D0.75_E3M,0.05,-1.05
2026-09-09 10:53:00+00:00,True,False,False,NO_FILL,0.0,,,COMMON_CLOCK,D0.75_E3M,0.05,0.0
2026-09-09 11:24:00+00:00,True,False,False,NO_FILL,0.0,,,COMMON_CLOCK,D0.75_E3M,0.05,0.0
2026-09-09 12:57:00+00:00,True,False,True,TP,3.0,1788969564310.0,1788969965557.0,COMMON_CLOCK,D0.75_E3M,0.05,2.95
2026-09-09 13:19:00+00:00,True,False,True,TP,3.0,1788970809157.0,1788971068512.0,COMMON_CLOCK,D0.75_E3M,0.05,2.95
2026-09-09 13:24:00+00:00,False,True,True,SL,-1.0,1788971143958.0,1788971977358.0,COMMON_CLOCK,D0.75_E3M,0.05,0.0
2026-09-09 14:29:00+00:00,True,False,True,SL,-1.0,1788975073359.0,1788975910059.0,COMMON_CLOCK,D0.75_E3M,0.05,-1.05
2026-09-09 14:39:00+00:00,False,True,True,SL,-1.0,1788975640359.0,1788975801307.0,COMMON_CLOCK,D0.75_E3M,0.05,0.0
2026-09-09 16:25:00+00:00,True,False,False,NO_FILL,0.0,,,COMMON_CLOCK,D0.75_E3M,0.05,0.0
2026-09-10 00:18:00+00:00,True,False,True,SL,-1.0,1789010384106.0,1789010783708.0,COMMON_CLOCK,D0.75_E3M,0.05,-1.05
2026-09-10 00:51:00+00:00,True,False,False,NO_FILL,0.0,,,COMMON_CLOCK,D0.75_E3M,0.05,0.0
2026-09-10 01:07:00+00:00,True,False,False,NO_FILL,0.0,,,COMMON_CLOCK,D0.75_E3M,0.05,0.0
2026-09-10 10:05:00+00:00,True,False,True,SL,-1.0,1789045639203.0,1789045689908.0,COMMON_CLOCK,D0.75_E3M,0.05,-1.05
2026-09-10 11:25:00+00:00,True,False,False,NO_FILL,0.0,,,COMMON_CLOCK,D0.75_E3M,0.05,0.0
2026-09-10 11:26:00+00:00,False,True,True,SL,-1.0,1789050517507.0,1789051645508.0,COMMON_CLOCK,D0.75_E3M,0.05,0.0
2026-09-10 19:24:00+00:00,True,False,False,NO_FILL,0.0,,,COMMON_CLOCK,D0.75_E3M,0.05,0.0
2026-09-11 00:06:00+00:00,True,False,True,SL,-1.0,1789096132203.0,1789096224153.0,COMMON_CLOCK,D0.75_E3M,0.05,-1.05
2026-09-11 00:44:00+00:00,True,False,False,NO_FILL,0.0,,,COMMON_CLOCK,D0.75_E3M,0.05,0.0
2026-09-11 03:42:00+00:00,True,False,True,SL,-1.0,1789109049304.0,1789109081406.0,COMMON_CLOCK,D0.75_E3M,0.05,-1.05
2026-09-11 05:09:00+00:00,True,False,True,TIMEOUT,1.4805622489957253,1789114272456.0,1789116000009.0,COMMON_CLOCK,D0.75_E3M,0.05,1.4305622489957253
2026-09-11 05:46:00+00:00,True,False,False,NO_FILL,0.0,,,COMMON_CLOCK,D0.75_E3M,0.05,0.0
2026-09-11 05:55:00+00:00,True,False,True,TIMEOUT,0.7599127755770614,1789117032003.0,1789118760012.0,COMMON_CLOCK,D0.75_E3M,0.05,0.7099127755770613
2026-09-11 08:00:00+00:00,True,False,True,SL,-1.0,1789124497801.0,1789124593506.0,COMMON_CLOCK,D0.75_E3M,0.05,-1.05
2026-09-11 09:58:00+00:00,True,False,False,NO_FILL,0.0,,,COMMON_CLOCK,D0.75_E3M,0.05,0.0
2026-09-11 15:27:00+00:00,True,False,False,NO_FILL,0.0,,,COMMON_CLOCK,D0.75_E3M,0.05,0.0
2026-08-07 01:07:00+00:00,True,False,True,TIMEOUT,0.2438203974936864,1786075756656.0,1786077480309.0,COMMON_CLOCK,D0.75_E5M,0.05,0.1938203974936864
2026-08-07 03:03:00+00:00,True,False,False,NO_FILL,0.0,,,COMMON_CLOCK,D0.75_E5M,0.05,0.0
2026-08-07 07:55:00+00:00,True,False,False,NO_FILL,0.0,,,COMMON_CLOCK,D0.75_E5M,0.05,0.0
2026-08-07 08:33:00+00:00,True,False,True,SL,-1.0,1786102553254.0,1786102578458.0,COMMON_CLOCK,D0.75_E5M,0.05,-1.05
2026-08-07 10:31:00+00:00,True,False,True,TIMEOUT,1.4576314446144387,1786109560052.0,1786111320305.0,COMMON_CLOCK,D0.75_E5M,0.05,1.4076314446144387
2026-08-07 11:03:00+00:00,True,False,True,SL,-1.0,1786111510506.0,1786112087707.0,COMMON_CLOCK,D0.75_E5M,0.05,-1.05
2026-08-07 13:37:00+00:00,True,False,False,NO_FILL,0.0,,,COMMON_CLOCK,D0.75_E5M,0.05,0.0
2026-08-07 13:41:00+00:00,False,True,True,SL,-1.0,1786121000411.0,1786121162410.0,COMMON_CLOCK,D0.75_E5M,0.05,0.0
2026-08-07 14:22:00+00:00,True,False,False,NO_FILL,0.0,,,COMMON_CLOCK,D0.75_E5M,0.05,0.0
2026-08-07 14:24:00+00:00,False,True,False,NO_FILL,0.0,,,COMMON_CLOCK,D0.75_E5M,0.05,0.0
2026-08-07 19:00:00+00:00,True,False,False,NO_FILL,0.0,,,COMMON_CLOCK,D0.75_E5M,0.05,0.0
2026-08-09 23:02:00+00:00,True,False,False,NO_FILL,0.0,,,COMMON_CLOCK,D0.75_E5M,0.05,0.0
2026-08-10 03:28:00+00:00,True,False,True,SL,-1.0,1786343346303.0,1786344391054.0,COMMON_CLOCK,D0.75_E5M,0.05,-1.05
2026-08-10 04:10:00+00:00,True,False,False,NO_FILL,0.0,,,COMMON_CLOCK,D0.75_E5M,0.05,0.0
2026-08-10 04:55:00+00:00,True,False,True,SL,-1.0,1786348854306.0,1786349526453.0,COMMON_CLOCK,D0.75_E5M,0.05,-1.05
2026-08-10 05:47:00+00:00,True,False,False,NO_FILL,0.0,,,COMMON_CLOCK,D0.75_E5M,0.05,0.0
2026-08-10 11:25:00+00:00,True,False,True,SL,-1.0,1786372051057.0,1786373396408.0,COMMON_CLOCK,D0.75_E5M,0.05,-1.05
2026-08-10 12:55:00+00:00,True,False,True,SL,-1.0,1786377580504.0,1786377651908.0,COMMON_CLOCK,D0.75_E5M,0.05,-1.05
2026-08-10 14:17:00+00:00,True,False,False,NO_FILL,0.0,,,COMMON_CLOCK,D0.75_E5M,0.05,0.0
2026-08-10 16:02:00+00:00,True,False,True,SL,-1.0,1786388611504.0,1786388668802.0,COMMON_CLOCK,D0.75_E5M,0.05,-1.05
2026-08-10 19:05:00+00:00,True,False,True,TP,3.0,1786399755455.0,1786400732406.0,COMMON_CLOCK,D0.75_E5M,0.05,2.95
2026-08-10 19:21:00+00:00,False,True,True,TP,3.0,1786400565904.0,1786400735858.0,COMMON_CLOCK,D0.75_E5M,0.05,0.0
2026-08-10 19:51:00+00:00,True,False,True,SL,-1.0,1786402339208.0,1786402410907.0,COMMON_CLOCK,D0.75_E5M,0.05,-1.05
2026-08-10 22:45:00+00:00,True,False,False,NO_FILL,0.0,,,COMMON_CLOCK,D0.75_E5M,0.05,0.0
2026-08-11 00:08:00+00:00,True,False,False,NO_FILL,0.0,,,COMMON_CLOCK,D0.75_E5M,0.05,0.0
2026-08-11 00:09:00+00:00,False,True,True,TP,3.0,1786417955412.0,1786418751304.0,COMMON_CLOCK,D0.75_E5M,0.05,0.0
2026-08-11 04:33:00+00:00,True,False,True,SL,-1.0,1786433655454.0,1786433712456.0,COMMON_CLOCK,D0.75_E5M,0.05,-1.05
2026-08-11 06:08:00+00:00,True,False,True,SL,-1.0,1786439434207.0,1786439647657.0,COMMON_CLOCK,D0.75_E5M,0.05,-1.05
2026-08-11 06:09:00+00:00,False,True,True,SL,-1.0,1786439432853.0,1786439645854.0,COMMON_CLOCK,D0.75_E5M,0.05,0.0
2026-08-11 07:26:00+00:00,True,False,True,SL,-1.0,1786444150654.0,1786444280105.0,COMMON_CLOCK,D0.75_E5M,0.05,-1.05
2026-08-11 08:28:00+00:00,True,False,False,NO_FILL,0.0,,,COMMON_CLOCK,D0.75_E5M,0.05,0.0
2026-08-11 10:59:00+00:00,True,False,True,TP,3.0,1786456827156.0,1786456869459.0,COMMON_CLOCK,D0.75_E5M,0.05,2.95
2026-08-12 02:50:00+00:00,True,False,False,NO_FILL,0.0,,,COMMON_CLOCK,D0.75_E5M,0.05,0.0
2026-08-12 06:45:00+00:00,True,False,False,NO_FILL,0.0,,,COMMON_CLOCK,D0.75_E5M,0.05,0.0
2026-08-12 06:51:00+00:00,True,False,True,SL,-1.0,1786528399953.0,1786529911804.0,COMMON_CLOCK,D0.75_E5M,0.05,-1.05
2026-08-12 06:55:00+00:00,False,True,True,SL,-1.0,1786528739711.0,1786529756558.0,COMMON_CLOCK,D0.75_E5M,0.05,0.0
2026-08-12 07:42:00+00:00,True,False,True,SL,-1.0,1786531461761.0,1786532213106.0,COMMON_CLOCK,D0.75_E5M,0.05,-1.05
2026-08-12 07:48:00+00:00,False,True,True,SL,-1.0,1786531781852.0,1786532167058.0,COMMON_CLOCK,D0.75_E5M,0.05,0.0
2026-08-12 09:15:00+00:00,True,False,True,SL,-1.0,1786536966906.0,1786537245904.0,COMMON_CLOCK,D0.75_E5M,0.05,-1.05
2026-08-12 18:33:00+00:00,True,False,True,TIMEOUT,1.873323079551984,1786570629608.0,1786572240755.0,COMMON_CLOCK,D0.75_E5M,0.05,1.823323079551984
2026-08-12 18:44:00+00:00,False,True,False,NO_FILL,0.0,,,COMMON_CLOCK,D0.75_E5M,0.05,0.0
2026-08-12 22:57:00+00:00,True,False,True,SL,-1.0,1786586302660.0,1786586304010.0,COMMON_CLOCK,D0.75_E5M,0.05,-1.05
2026-08-12 23:16:00+00:00,True,False,True,TIMEOUT,1.822460074753108,1786587433358.0,1786589221356.0,COMMON_CLOCK,D0.75_E5M,0.05,1.7724600747531079
2026-08-13 04:24:00+00:00,True,False,False,NO_FILL,0.0,,,COMMON_CLOCK,D0.75_E5M,0.05,0.0
2026-08-13 05:11:00+00:00,True,False,False,NO_FILL,0.0,,,COMMON_CLOCK,D0.75_E5M,0.05,0.0
2026-08-13 05:14:00+00:00,False,True,True,SL,-1.0,1786608998105.0,1786609869756.0,COMMON_CLOCK,D0.75_E5M,0.05,0.0
2026-08-13 05:26:00+00:00,True,False,True,SL,-1.0,1786609802403.0,1786609804804.0,COMMON_CLOCK,D0.75_E5M,0.05,-1.05
2026-08-13 08:48:00+00:00,True,False,True,SL,-1.0,1786621844405.0,1786622016607.0,COMMON_CLOCK,D0.75_E5M,0.05,-1.05
2026-08-13 09:57:00+00:00,True,False,False,NO_FILL,0.0,,,COMMON_CLOCK,D0.75_E5M,0.05,0.0
2026-08-13 10:37:00+00:00,True,False,False,NO_FILL,0.0,,,COMMON_CLOCK,D0.75_E5M,0.05,0.0
2026-08-13 10:43:00+00:00,True,False,True,TIMEOUT,1.420230710632381,1786628732105.0,1786630440023.0,COMMON_CLOCK,D0.75_E5M,0.05,1.370230710632381
2026-08-13 10:50:00+00:00,False,True,False,NO_FILL,0.0,,,COMMON_CLOCK,D0.75_E5M,0.05,0.0
2026-08-13 11:14:00+00:00,False,True,True,SL,-1.0,1786630651954.0,1786630937858.0,COMMON_CLOCK,D0.75_E5M,0.05,0.0
2026-08-13 16:29:00+00:00,True,False,False,NO_FILL,0.0,,,COMMON_CLOCK,D0.75_E5M,0.05,0.0
2026-08-13 17:06:00+00:00,True,False,False,NO_FILL,0.0,,,COMMON_CLOCK,D0.75_E5M,0.05,0.0
2026-08-13 19:38:00+00:00,True,False,True,SL,-1.0,1786660781253.0,1786661076904.0,COMMON_CLOCK,D0.75_E5M,0.05,-1.05
2026-08-13 23:09:00+00:00,True,False,True,SL,-1.0,1786673439607.0,1786673563207.0,COMMON_CLOCK,D0.75_E5M,0.05,-1.05
2026-08-13 23:25:00+00:00,True,False,True,SL,-1.0,1786674432453.0,1786676042403.0,COMMON_CLOCK,D0.75_E5M,0.05,-1.05
2026-08-14 04:12:00+00:00,True,False,False,NO_FILL,0.0,,,COMMON_CLOCK,D0.75_E5M,0.05,0.0
2026-08-14 05:36:00+00:00,True,False,False,NO_FILL,0.0,,,COMMON_CLOCK,D0.75_E5M,0.05,0.0
2026-08-14 05:50:00+00:00,True,False,False,NO_FILL,0.0,,,COMMON_CLOCK,D0.75_E5M,0.05,0.0
2026-08-14 07:41:00+00:00,True,False,True,TP,3.0,1786704200260.0,1786705167307.0,COMMON_CLOCK,D0.75_E5M,0.05,2.95
2026-08-14 07:58:00+00:00,False,True,True,TIMEOUT,0.7992025518343163,1786705399357.0,1786706940153.0,COMMON_CLOCK,D0.75_E5M,0.05,0.0
2026-08-14 09:14:00+00:00,True,False,True,SL,-1.0,1786709936103.0,1786710004653.0,COMMON_CLOCK,D0.75_E5M,0.05,-1.05
2026-08-14 14:12:00+00:00,True,False,True,SL,-1.0,1786727668057.0,1786727972402.0,COMMON_CLOCK,D0.75_E5M,0.05,-1.05
2026-08-14 15:01:00+00:00,True,False,False,NO_FILL,0.0,,,COMMON_CLOCK,D0.75_E5M,0.05,0.0
2026-08-14 18:03:00+00:00,True,False,False,NO_FILL,0.0,,,COMMON_CLOCK,D0.75_E5M,0.05,0.0
2026-08-14 18:38:00+00:00,True,False,True,SL,-1.0,1786743823804.0,1786743836108.0,COMMON_CLOCK,D0.75_E5M,0.05,-1.05
2026-08-14 19:09:00+00:00,True,False,False,NO_FILL,0.0,,,COMMON_CLOCK,D0.75_E5M,0.05,0.0
2026-08-16 22:51:00+00:00,True,False,False,NO_FILL,0.0,,,COMMON_CLOCK,D0.75_E5M,0.05,0.0
2026-08-16 22:52:00+00:00,False,True,False,NO_FILL,0.0,,,COMMON_CLOCK,D0.75_E5M,0.05,0.0
2026-08-17 03:29:00+00:00,True,False,True,TIMEOUT,2.1279839281492188,1786948234504.0,1786950000159.0,COMMON_CLOCK,D0.75_E5M,0.05,2.077983928149219
2026-08-17 05:19:00+00:00,True,False,True,TP,3.0,1786954838105.0,1786955399105.0,COMMON_CLOCK,D0.75_E5M,0.05,2.95
2026-08-17 05:28:00+00:00,False,True,True,SL,-1.0,1786955414860.0,1786955704360.0,COMMON_CLOCK,D0.75_E5M,0.05,0.0
2026-08-17 06:50:00+00:00,True,False,False,NO_FILL,0.0,,,COMMON_CLOCK,D0.75_E5M,0.05,0.0
2026-08-17 09:06:00+00:00,True,False,False,NO_FILL,0.0,,,COMMON_CLOCK,D0.75_E5M,0.05,0.0
2026-08-17 09:09:00+00:00,False,True,False,NO_FILL,0.0,,,COMMON_CLOCK,D0.75_E5M,0.05,0.0
2026-08-17 13:38:00+00:00,True,False,True,SL,-1.0,1786984772558.0,1786984782005.0,COMMON_CLOCK,D0.75_E5M,0.05,-1.05
2026-08-17 15:55:00+00:00,True,False,True,SL,-1.0,1786993051804.0,1786993424865.0,COMMON_CLOCK,D0.75_E5M,0.05,-1.05
2026-08-17 23:16:00+00:00,True,False,True,TP,3.0,1787019420457.0,1787021012853.0,COMMON_CLOCK,D0.75_E5M,0.05,2.95
2026-08-17 23:25:00+00:00,False,True,False,NO_FILL,0.0,,,COMMON_CLOCK,D0.75_E5M,0.05,0.0
2026-08-18 07:29:00+00:00,True,False,True,SL,-1.0,1787049080408.0,1787049130956.0,COMMON_CLOCK,D0.75_E5M,0.05,-1.05
2026-08-18 08:35:00+00:00,True,False,True,SL,-1.0,1787053019258.0,1787053743305.0,COMMON_CLOCK,D0.75_E5M,0.05,-1.05
2026-08-18 12:04:00+00:00,True,False,True,SL,-1.0,1787065601109.0,1787065662008.0,COMMON_CLOCK,D0.75_E5M,0.05,-1.05
2026-08-18 16:08:00+00:00,True,False,True,SL,-1.0,1787080237657.0,1787080522505.0,COMMON_CLOCK,D0.75_E5M,0.05,-1.05
2026-08-18 23:52:00+00:00,True,False,True,TP,3.0,1787108004606.0,1787108629355.0,COMMON_CLOCK,D0.75_E5M,0.05,2.95
2026-08-19 00:13:00+00:00,True,False,False,NO_FILL,0.0,,,COMMON_CLOCK,D0.75_E5M,0.05,0.0
2026-08-19 01:31:00+00:00,True,False,False,NO_FILL,0.0,,,COMMON_CLOCK,D0.75_E5M,0.05,0.0
2026-08-19 01:33:00+00:00,False,True,False,NO_FILL,0.0,,,COMMON_CLOCK,D0.75_E5M,0.05,0.0
2026-08-19 01:37:00+00:00,True,False,False,NO_FILL,0.0,,,COMMON_CLOCK,D0.75_E5M,0.05,0.0
2026-08-19 05:28:00+00:00,True,False,True,SL,-1.0,1787128200904.0,1787128202706.0,COMMON_CLOCK,D0.75_E5M,0.05,-1.05
2026-08-19 07:23:00+00:00,True,False,True,TP,3.0,1787135063558.0,1787135784306.0,COMMON_CLOCK,D0.75_E5M,0.05,2.95
2026-08-19 07:26:00+00:00,False,True,True,TIMEOUT,-0.1372639478376838,1787135310454.0,1787137020155.0,COMMON_CLOCK,D0.75_E5M,0.05,0.0
2026-08-19 08:04:00+00:00,True,False,False,NO_FILL,0.0,,,COMMON_CLOCK,D0.75_E5M,0.05,0.0
2026-08-19 08:09:00+00:00,True,False,False,NO_FILL,0.0,,,COMMON_CLOCK,D0.75_E5M,0.05,0.0
2026-08-19 09:41:00+00:00,True,False,True,TIMEOUT,1.0592613529298045,1787143369359.0,1787145120161.0,COMMON_CLOCK,D0.75_E5M,0.05,1.0092613529298045
2026-08-19 10:13:00+00:00,True,False,False,NO_FILL,0.0,,,COMMON_CLOCK,D0.75_E5M,0.05,0.0
2026-08-19 12:32:00+00:00,True,False,False,NO_FILL,0.0,,,COMMON_CLOCK,D0.75_E5M,0.05,0.0
2026-08-19 14:12:00+00:00,True,False,False,NO_FILL,0.0,,,COMMON_CLOCK,D0.75_E5M,0.05,0.0
2026-08-19 18:04:00+00:00,True,False,True,SL,-1.0,1787173519057.0,1787173534207.0,COMMON_CLOCK,D0.75_E5M,0.05,-1.05
2026-08-19 18:53:00+00:00,True,False,True,TP,3.0,1787176468807.0,1787177329659.0,COMMON_CLOCK,D0.75_E5M,0.05,2.95
2026-08-20 03:34:00+00:00,True,False,True,TIMEOUT,-0.5159512562473036,1787207707653.0,1787209500006.0,COMMON_CLOCK,D0.75_E5M,0.05,-0.5659512562473037
2026-08-20 13:35:00+00:00,True,False,True,TIMEOUT,0.308798646362063,1787243826311.0,1787245560008.0,COMMON_CLOCK,D0.75_E5M,0.05,0.258798646362063
2026-08-20 14:23:00+00:00,True,False,True,TP,3.0,1787246774854.0,1787247997359.0,COMMON_CLOCK,D0.75_E5M,0.05,2.95
2026-08-20 14:33:00+00:00,False,True,True,TP,3.0,1787247279008.0,1787248412407.0,COMMON_CLOCK,D0.75_E5M,0.05,0.0
2026-08-20 14:35:00+00:00,False,True,True,TP,3.0,1787247621458.0,1787248412407.0,COMMON_CLOCK,D0.75_E5M,0.05,0.0
2026-08-20 14:45:00+00:00,False,True,False,NO_FILL,0.0,,,COMMON_CLOCK,D0.75_E5M,0.05,0.0
2026-08-20 15:00:00+00:00,True,False,False,NO_FILL,0.0,,,COMMON_CLOCK,D0.75_E5M,0.05,0.0
2026-08-21 01:12:00+00:00,True,False,False,NO_FILL,0.0,,,COMMON_CLOCK,D0.75_E5M,0.05,0.0
2026-08-21 01:14:00+00:00,False,True,False,NO_FILL,0.0,,,COMMON_CLOCK,D0.75_E5M,0.05,0.0
2026-08-21 01:23:00+00:00,True,False,True,TP,3.0,1787286376951.0,1787286888156.0,COMMON_CLOCK,D0.75_E5M,0.05,2.95
2026-08-21 05:44:00+00:00,True,False,False,NO_FILL,0.0,,,COMMON_CLOCK,D0.75_E5M,0.05,0.0
2026-08-21 05:48:00+00:00,False,True,False,NO_FILL,0.0,,,COMMON_CLOCK,D0.75_E5M,0.05,0.0
2026-08-21 05:51:00+00:00,True,False,False,NO_FILL,0.0,,,COMMON_CLOCK,D0.75_E5M,0.05,0.0
2026-08-21 06:35:00+00:00,True,False,True,SL,-1.0,1787305226259.0,1787306418910.0,COMMON_CLOCK,D0.75_E5M,0.05,-1.05
2026-08-21 06:48:00+00:00,False,True,False,NO_FILL,0.0,,,COMMON_CLOCK,D0.75_E5M,0.05,0.0
2026-08-21 07:47:00+00:00,True,False,True,SL,-1.0,1787309310455.0,1787309629956.0,COMMON_CLOCK,D0.75_E5M,0.05,-1.05
2026-08-21 08:17:00+00:00,True,False,False,NO_FILL,0.0,,,COMMON_CLOCK,D0.75_E5M,0.05,0.0
2026-08-21 08:19:00+00:00,False,True,False,NO_FILL,0.0,,,COMMON_CLOCK,D0.75_E5M,0.05,0.0
2026-08-21 09:06:00+00:00,True,False,False,NO_FILL,0.0,,,COMMON_CLOCK,D0.75_E5M,0.05,0.0
2026-08-21 11:36:00+00:00,True,False,True,SL,-1.0,1787323138206.0,1787323209305.0,COMMON_CLOCK,D0.75_E5M,0.05,-1.05
2026-08-21 13:37:00+00:00,True,False,False,NO_FILL,0.0,,,COMMON_CLOCK,D0.75_E5M,0.05,0.0
2026-08-21 15:15:00+00:00,True,False,True,TP,3.0,1787336439607.0,1787337711458.0,COMMON_CLOCK,D0.75_E5M,0.05,2.95
2026-08-23 23:21:00+00:00,True,False,True,TP,3.0,1787538129914.0,1787538405606.0,COMMON_CLOCK,D0.75_E5M,0.05,2.95
2026-08-23 23:34:00+00:00,True,False,True,SL,-1.0,1787538945754.0,1787539192661.0,COMMON_CLOCK,D0.75_E5M,0.05,-1.05
2026-08-23 23:36:00+00:00,False,True,True,SL,-1.0,1787539099053.0,1787539193106.0,COMMON_CLOCK,D0.75_E5M,0.05,0.0
2026-08-23 23:54:00+00:00,True,False,False,NO_FILL,0.0,,,COMMON_CLOCK,D0.75_E5M,0.05,0.0
2026-08-24 00:53:00+00:00,True,False,False,NO_FILL,0.0,,,COMMON_CLOCK,D0.75_E5M,0.05,0.0
2026-08-24 02:17:00+00:00,True,False,True,SL,-1.0,1787548818158.0,1787549966252.0,COMMON_CLOCK,D0.75_E5M,0.05,-1.05
2026-08-24 06:06:00+00:00,True,False,True,TP,3.0,1787562475503.0,1787563142107.0,COMMON_CLOCK,D0.75_E5M,0.05,2.95
2026-08-24 10:03:00+00:00,True,False,True,SL,-1.0,1787576657560.0,1787576803806.0,COMMON_CLOCK,D0.75_E5M,0.05,-1.05
2026-08-24 23:00:00+00:00,True,False,True,SL,-1.0,1787623281455.0,1787623643256.0,COMMON_CLOCK,D0.75_E5M,0.05,-1.05
2026-08-24 23:15:00+00:00,True,False,True,SL,-1.0,1787624404812.0,1787624803657.0,COMMON_CLOCK,D0.75_E5M,0.05,-1.05
2026-08-25 05:05:00+00:00,True,False,False,NO_FILL,0.0,,,COMMON_CLOCK,D0.75_E5M,0.05,0.0
2026-08-25 05:15:00+00:00,True,False,False,NO_FILL,0.0,,,COMMON_CLOCK,D0.75_E5M,0.05,0.0
2026-08-25 05:19:00+00:00,False,True,False,NO_FILL,0.0,,,COMMON_CLOCK,D0.75_E5M,0.05,0.0
2026-08-25 05:20:00+00:00,True,False,True,SL,-1.0,1787646110252.0,1787646610658.0,COMMON_CLOCK,D0.75_E5M,0.05,-1.05
2026-08-25 08:22:00+00:00,True,False,False,NO_FILL,0.0,,,COMMON_CLOCK,D0.75_E5M,0.05,0.0
2026-08-25 14:37:00+00:00,True,False,True,TIMEOUT,-0.1420502444782929,1787679768911.0,1787681280008.0,COMMON_CLOCK,D0.75_E5M,0.05,-0.1920502444782929
2026-08-25 15:33:00+00:00,True,False,True,TIMEOUT,0.2335048231510901,1787682852607.0,1787684640156.0,COMMON_CLOCK,D0.75_E5M,0.05,0.18350482315109012
2026-08-25 18:57:00+00:00,True,False,True,TP,3.0,1787695082107.0,1787695650755.0,COMMON_CLOCK,D0.75_E5M,0.05,2.95
2026-08-25 19:07:00+00:00,False,True,False,NO_FILL,0.0,,,COMMON_CLOCK,D0.75_E5M,0.05,0.0
2026-08-26 02:41:00+00:00,True,False,False,NO_FILL,0.0,,,COMMON_CLOCK,D0.75_E5M,0.05,0.0
2026-08-26 05:02:00+00:00,True,False,True,TP,3.0,1787731412858.0,1787733027013.0,COMMON_CLOCK,D0.75_E5M,0.05,2.95
2026-08-26 05:09:00+00:00,False,True,True,SL,-1.0,1787731910405.0,1787731959759.0,COMMON_CLOCK,D0.75_E5M,0.05,0.0
2026-08-26 06:04:00+00:00,True,False,True,SL,-1.0,1787735109154.0,1787735425955.0,COMMON_CLOCK,D0.75_E5M,0.05,-1.05
2026-08-26 11:18:00+00:00,True,False,True,SL,-1.0,1787754046054.0,1787754072153.0,COMMON_CLOCK,D0.75_E5M,0.05,-1.05
2026-08-26 23:17:00+00:00,True,False,False,NO_FILL,0.0,,,COMMON_CLOCK,D0.75_E5M,0.05,0.0
2026-08-27 01:03:00+00:00,True,False,False,NO_FILL,0.0,,,COMMON_CLOCK,D0.75_E5M,0.05,0.0
2026-08-27 01:14:00+00:00,True,False,True,SL,-1.0,1787804141553.0,1787804279558.0,COMMON_CLOCK,D0.75_E5M,0.05,-1.05
2026-08-27 01:37:00+00:00,True,False,False,NO_FILL,0.0,,,COMMON_CLOCK,D0.75_E5M,0.05,0.0
2026-08-27 08:56:00+00:00,True,False,True,SL,-1.0,1787831979908.0,1787832138606.0,COMMON_CLOCK,D0.75_E5M,0.05,-1.05
2026-08-27 10:57:00+00:00,True,False,True,TP,3.0,1787839235710.0,1787840558553.0,COMMON_CLOCK,D0.75_E5M,0.05,2.95
2026-08-27 12:02:00+00:00,True,False,True,SL,-1.0,1787843057257.0,1787843137506.0,COMMON_CLOCK,D0.75_E5M,0.05,-1.05
2026-08-27 14:35:00+00:00,True,False,False,NO_FILL,0.0,,,COMMON_CLOCK,D0.75_E5M,0.05,0.0
2026-08-27 15:41:00+00:00,True,False,True,TIMEOUT,1.0899841246931563,1787856242852.0,1787857920154.0,COMMON_CLOCK,D0.75_E5M,0.05,1.0399841246931563
2026-08-27 15:42:00+00:00,False,True,True,SL,-1.0,1787856210154.0,1787856333901.0,COMMON_CLOCK,D0.75_E5M,0.05,0.0
2026-08-27 15:53:00+00:00,False,True,False,NO_FILL,0.0,,,COMMON_CLOCK,D0.75_E5M,0.05,0.0
2026-08-27 16:33:00+00:00,True,False,False,NO_FILL,0.0,,,COMMON_CLOCK,D0.75_E5M,0.05,0.0
2026-08-27 16:37:00+00:00,False,True,True,SL,-1.0,1787859486154.0,1787859497257.0,COMMON_CLOCK,D0.75_E5M,0.05,0.0
2026-08-27 18:52:00+00:00,True,False,True,TP,3.0,1787867616007.0,1787868183458.0,COMMON_CLOCK,D0.75_E5M,0.05,2.95
2026-08-27 19:02:00+00:00,False,True,True,SL,-1.0,1787868191256.0,1787868925808.0,COMMON_CLOCK,D0.75_E5M,0.05,0.0
2026-08-27 19:08:00+00:00,True,False,True,SL,-1.0,1787868646957.0,1787868916808.0,COMMON_CLOCK,D0.75_E5M,0.05,-1.05
2026-08-28 03:24:00+00:00,True,False,True,SL,-1.0,1787898346205.0,1787898648760.0,COMMON_CLOCK,D0.75_E5M,0.05,-1.05
2026-08-28 04:56:00+00:00,True,False,False,NO_FILL,0.0,,,COMMON_CLOCK,D0.75_E5M,0.05,0.0
2026-08-28 19:01:00+00:00,True,False,True,TIMEOUT,0.9457077885161094,1787954544460.0,1787956320155.0,COMMON_CLOCK,D0.75_E5M,0.05,0.8957077885161093
2026-08-30 23:08:00+00:00,True,False,True,SL,-1.0,1788142163256.0,1788142358106.0,COMMON_CLOCK,D0.75_E5M,0.05,-1.05
2026-08-31 04:37:00+00:00,True,False,True,TIMEOUT,0.8989345227035004,1788162039008.0,1788163680155.0,COMMON_CLOCK,D0.75_E5M,0.05,0.8489345227035003
2026-08-31 05:20:00+00:00,True,False,True,TP,3.0,1788164489104.0,1788164944357.0,COMMON_CLOCK,D0.75_E5M,0.05,2.95
2026-08-31 06:45:00+00:00,True,False,True,SL,-1.0,1788169717358.0,1788169918657.0,COMMON_CLOCK,D0.75_E5M,0.05,-1.05
2026-08-31 08:02:00+00:00,True,False,True,SL,-1.0,1788174329857.0,1788174416405.0,COMMON_CLOCK,D0.75_E5M,0.05,-1.05
2026-08-31 09:12:00+00:00,True,False,False,NO_FILL,0.0,,,COMMON_CLOCK,D0.75_E5M,0.05,0.0
2026-08-31 11:25:00+00:00,True,False,False,NO_FILL,0.0,,,COMMON_CLOCK,D0.75_E5M,0.05,0.0
2026-08-31 11:28:00+00:00,False,True,True,SL,-1.0,1788186623564.0,1788186801609.0,COMMON_CLOCK,D0.75_E5M,0.05,0.0
2026-08-31 16:29:00+00:00,True,False,True,SL,-1.0,1788204650105.0,1788204843761.0,COMMON_CLOCK,D0.75_E5M,0.05,-1.05
2026-08-31 19:23:00+00:00,True,False,False,NO_FILL,0.0,,,COMMON_CLOCK,D0.75_E5M,0.05,0.0
2026-08-31 23:32:00+00:00,True,False,True,SL,-1.0,1788229990955.0,1788230012407.0,COMMON_CLOCK,D0.75_E5M,0.05,-1.05
2026-09-01 00:20:00+00:00,True,False,True,SL,-1.0,1788233091154.0,1788233839355.0,COMMON_CLOCK,D0.75_E5M,0.05,-1.05
2026-09-01 02:04:00+00:00,True,False,True,SL,-1.0,1788239277757.0,1788239330259.0,COMMON_CLOCK,D0.75_E5M,0.05,-1.05
2026-09-01 03:45:00+00:00,True,False,False,NO_FILL,0.0,,,COMMON_CLOCK,D0.75_E5M,0.05,0.0
2026-09-01 05:44:00+00:00,True,False,False,NO_FILL,0.0,,,COMMON_CLOCK,D0.75_E5M,0.05,0.0
2026-09-01 11:46:00+00:00,True,False,True,SL,-1.0,1788274063958.0,1788274371757.0,COMMON_CLOCK,D0.75_E5M,0.05,-1.05
2026-09-01 19:12:00+00:00,True,False,False,NO_FILL,0.0,,,COMMON_CLOCK,D0.75_E5M,0.05,0.0
2026-09-01 20:05:00+00:00,True,False,True,SL,-1.0,1788303977404.0,1788304480056.0,COMMON_CLOCK,D0.75_E5M,0.05,-1.05
2026-09-02 01:15:00+00:00,True,False,True,SL,-1.0,1788322744806.0,1788323603854.0,COMMON_CLOCK,D0.75_E5M,0.05,-1.05
2026-09-02 02:20:00+00:00,True,False,True,TIMEOUT,1.398635998930331,1788326512807.0,1788328260158.0,COMMON_CLOCK,D0.75_E5M,0.05,1.348635998930331
2026-09-02 02:37:00+00:00,False,True,False,NO_FILL,0.0,,,COMMON_CLOCK,D0.75_E5M,0.05,0.0
2026-09-02 05:12:00+00:00,True,False,True,TP,3.0,1788336805960.0,1788337800758.0,COMMON_CLOCK,D0.75_E5M,0.05,2.95
2026-09-02 07:10:00+00:00,True,False,True,TIMEOUT,-0.4045639187575416,1788344065958.0,1788345660008.0,COMMON_CLOCK,D0.75_E5M,0.05,-0.4545639187575416
2026-09-03 02:50:00+00:00,True,False,True,TP,3.0,1788414679651.0,1788415936954.0,COMMON_CLOCK,D0.75_E5M,0.05,2.95
2026-09-03 03:07:00+00:00,False,True,True,TP,3.0,1788415760256.0,1788417049057.0,COMMON_CLOCK,D0.75_E5M,0.05,0.0
2026-09-03 05:00:00+00:00,True,False,True,SL,-1.0,1788422470206.0,1788422475612.0,COMMON_CLOCK,D0.75_E5M,0.05,-1.05
2026-09-03 11:40:00+00:00,True,False,False,NO_FILL,0.0,,,COMMON_CLOCK,D0.75_E5M,0.05,0.0
2026-09-03 11:45:00+00:00,True,False,True,SL,-1.0,1788446802460.0,1788446890656.0,COMMON_CLOCK,D0.75_E5M,0.05,-1.05
2026-09-03 19:41:00+00:00,True,False,True,SL,-1.0,1788475454405.0,1788476334902.0,COMMON_CLOCK,D0.75_E5M,0.05,-1.05
2026-09-04 07:29:00+00:00,True,False,False,NO_FILL,0.0,,,COMMON_CLOCK,D0.75_E5M,0.05,0.0
2026-09-04 07:34:00+00:00,True,False,False,NO_FILL,0.0,,,COMMON_CLOCK,D0.75_E5M,0.05,0.0
2026-09-04 07:35:00+00:00,False,True,False,NO_FILL,0.0,,,COMMON_CLOCK,D0.75_E5M,0.05,0.0
2026-09-04 07:41:00+00:00,True,False,False,NO_FILL,0.0,,,COMMON_CLOCK,D0.75_E5M,0.05,0.0
2026-09-04 07:42:00+00:00,False,True,False,NO_FILL,0.0,,,COMMON_CLOCK,D0.75_E5M,0.05,0.0
2026-09-04 10:32:00+00:00,True,False,True,SL,-1.0,1788528919359.0,1788529072060.0,COMMON_CLOCK,D0.75_E5M,0.05,-1.05
2026-09-04 11:51:00+00:00,True,False,True,SL,-1.0,1788533555270.0,1788533940304.0,COMMON_CLOCK,D0.75_E5M,0.05,-1.05
2026-09-04 13:23:00+00:00,True,False,False,NO_FILL,0.0,,,COMMON_CLOCK,D0.75_E5M,0.05,0.0
2026-09-04 13:44:00+00:00,True,False,True,TIMEOUT,1.5965050824120357,1788540336758.0,1788542100009.0,COMMON_CLOCK,D0.75_E5M,0.05,1.5465050824120357
2026-09-04 14:25:00+00:00,True,False,True,SL,-1.0,1788542790603.0,1788543781961.0,COMMON_CLOCK,D0.75_E5M,0.05,-1.05
2026-09-04 15:14:00+00:00,True,False,False,NO_FILL,0.0,,,COMMON_CLOCK,D0.75_E5M,0.05,0.0
2026-09-04 19:11:00+00:00,True,False,False,NO_FILL,0.0,,,COMMON_CLOCK,D0.75_E5M,0.05,0.0
2026-09-04 19:33:00+00:00,True,False,True,SL,-1.0,1788561327904.0,1788562026907.0,COMMON_CLOCK,D0.75_E5M,0.05,-1.05
2026-09-07 00:11:00+00:00,True,False,True,SL,-1.0,1788750788108.0,1788751799556.0,COMMON_CLOCK,D0.75_E5M,0.05,-1.05
2026-09-07 04:09:00+00:00,True,False,False,NO_FILL,0.0,,,COMMON_CLOCK,D0.75_E5M,0.05,0.0
2026-09-07 05:04:00+00:00,True,False,True,SL,-1.0,1788768550059.0,1788768682356.0,COMMON_CLOCK,D0.75_E5M,0.05,-1.05
2026-09-07 05:27:00+00:00,True,False,True,SL,-1.0,1788769818159.0,1788770008207.0,COMMON_CLOCK,D0.75_E5M,0.05,-1.05
2026-09-07 07:55:00+00:00,True,False,True,TP,3.0,1788778569457.0,1788778986309.0,COMMON_CLOCK,D0.75_E5M,0.05,2.95
2026-09-07 11:46:00+00:00,True,False,False,NO_FILL,0.0,,,COMMON_CLOCK,D0.75_E5M,0.05,0.0
2026-09-07 12:10:00+00:00,True,False,True,TIMEOUT,2.012081513828423,1788793915808.0,1788795660005.0,COMMON_CLOCK,D0.75_E5M,0.05,1.962081513828423
2026-09-07 13:25:00+00:00,True,False,True,TIMEOUT,-0.2916570104285576,1788798547955.0,1788800160157.0,COMMON_CLOCK,D0.75_E5M,0.05,-0.34165701042855756
2026-09-08 06:43:00+00:00,True,False,False,NO_FILL,0.0,,,COMMON_CLOCK,D0.75_E5M,0.05,0.0
2026-09-08 11:25:00+00:00,True,False,False,NO_FILL,0.0,,,COMMON_CLOCK,D0.75_E5M,0.05,0.0
2026-09-08 23:26:00+00:00,True,False,False,NO_FILL,0.0,,,COMMON_CLOCK,D0.75_E5M,0.05,0.0
2026-09-09 05:01:00+00:00,True,False,True,SL,-1.0,1788940984659.0,1788941072259.0,COMMON_CLOCK,D0.75_E5M,0.05,-1.05
2026-09-09 07:36:00+00:00,True,False,True,SL,-1.0,1788950279856.0,1788951796802.0,COMMON_CLOCK,D0.75_E5M,0.05,-1.05
2026-09-09 10:53:00+00:00,True,False,False,NO_FILL,0.0,,,COMMON_CLOCK,D0.75_E5M,0.05,0.0
2026-09-09 11:24:00+00:00,True,False,False,NO_FILL,0.0,,,COMMON_CLOCK,D0.75_E5M,0.05,0.0
2026-09-09 12:57:00+00:00,True,False,True,TP,3.0,1788969564310.0,1788969965557.0,COMMON_CLOCK,D0.75_E5M,0.05,2.95
2026-09-09 13:19:00+00:00,True,False,True,TP,3.0,1788970809157.0,1788971068512.0,COMMON_CLOCK,D0.75_E5M,0.05,2.95
2026-09-09 13:24:00+00:00,False,True,True,SL,-1.0,1788971143958.0,1788971977358.0,COMMON_CLOCK,D0.75_E5M,0.05,0.0
2026-09-09 14:29:00+00:00,True,False,True,SL,-1.0,1788975073359.0,1788975910059.0,COMMON_CLOCK,D0.75_E5M,0.05,-1.05
2026-09-09 14:39:00+00:00,False,True,True,SL,-1.0,1788975640359.0,1788975801307.0,COMMON_CLOCK,D0.75_E5M,0.05,0.0
2026-09-09 16:25:00+00:00,True,False,True,TIMEOUT,2.0670411985017427,1788982178708.0,1788983760159.0,COMMON_CLOCK,D0.75_E5M,0.05,2.017041198501743
2026-09-10 00:18:00+00:00,True,False,True,SL,-1.0,1789010384106.0,1789010783708.0,COMMON_CLOCK,D0.75_E5M,0.05,-1.05
2026-09-10 00:51:00+00:00,True,False,False,NO_FILL,0.0,,,COMMON_CLOCK,D0.75_E5M,0.05,0.0
2026-09-10 01:07:00+00:00,True,False,True,SL,-1.0,1789013551360.0,1789014640206.0,COMMON_CLOCK,D0.75_E5M,0.05,-1.05
2026-09-10 10:05:00+00:00,True,False,True,SL,-1.0,1789045639203.0,1789045689908.0,COMMON_CLOCK,D0.75_E5M,0.05,-1.05
2026-09-10 11:25:00+00:00,True,False,False,NO_FILL,0.0,,,COMMON_CLOCK,D0.75_E5M,0.05,0.0
2026-09-10 11:26:00+00:00,False,True,True,SL,-1.0,1789050517507.0,1789051645508.0,COMMON_CLOCK,D0.75_E5M,0.05,0.0
2026-09-10 19:24:00+00:00,True,False,True,SL,-1.0,1789079356959.0,1789079890802.0,COMMON_CLOCK,D0.75_E5M,0.05,-1.05
2026-09-11 00:06:00+00:00,True,False,True,SL,-1.0,1789096132203.0,1789096224153.0,COMMON_CLOCK,D0.75_E5M,0.05,-1.05
2026-09-11 00:44:00+00:00,True,False,False,NO_FILL,0.0,,,COMMON_CLOCK,D0.75_E5M,0.05,0.0
2026-09-11 03:42:00+00:00,True,False,True,SL,-1.0,1789109049304.0,1789109081406.0,COMMON_CLOCK,D0.75_E5M,0.05,-1.05
2026-09-11 05:09:00+00:00,True,False,True,TIMEOUT,1.4805622489957253,1789114272456.0,1789116000009.0,COMMON_CLOCK,D0.75_E5M,0.05,1.4305622489957253
2026-09-11 05:46:00+00:00,True,False,True,TP,3.0,1789116639759.0,1789117663205.0,COMMON_CLOCK,D0.75_E5M,0.05,2.95
2026-09-11 05:55:00+00:00,False,True,True,TIMEOUT,0.7599127755770614,1789117032003.0,1789118760012.0,COMMON_CLOCK,D0.75_E5M,0.05,0.0
2026-09-11 08:00:00+00:00,True,False,True,SL,-1.0,1789124497801.0,1789124593506.0,COMMON_CLOCK,D0.75_E5M,0.05,-1.05
2026-09-11 09:58:00+00:00,True,False,True,SL,-1.0,1789131726158.0,1789131727071.0,COMMON_CLOCK,D0.75_E5M,0.05,-1.05
2026-09-11 15:27:00+00:00,True,False,False,NO_FILL,0.0,,,COMMON_CLOCK,D0.75_E5M,0.05,0.0
2026-08-07 01:07:00+00:00,True,False,True,TIMEOUT,0.4104870641603671,1786075773604.0,1786077480309.0,AMP_ALL,D1.00_E3M,0.05,0.36048706416036713
2026-08-07 03:03:00+00:00,True,False,False,NO_FILL,0.0,,,AMP_ALL,D1.00_E3M,0.05,0.0
2026-08-07 07:55:00+00:00,True,False,False,NO_FILL,0.0,,,AMP_ALL,D1.00_E3M,0.05,0.0
2026-08-07 08:33:00+00:00,True,False,True,SL,-1.0,1786102554325.0,1786102579056.0,AMP_ALL,D1.00_E3M,0.05,-1.05
2026-08-07 10:31:00+00:00,True,False,True,TIMEOUT,1.6242981112812214,1786109564707.0,1786111320305.0,AMP_ALL,D1.00_E3M,0.05,1.5742981112812213
2026-08-07 11:03:00+00:00,True,False,False,NO_FILL,0.0,,,AMP_ALL,D1.00_E3M,0.05,0.0
2026-08-07 13:37:00+00:00,True,False,False,NO_FILL,0.0,,,AMP_ALL,D1.00_E3M,0.05,0.0
2026-08-07 13:41:00+00:00,True,False,True,SL,-1.0,1786121004764.0,1786121166154.0,AMP_ALL,D1.00_E3M,0.05,-1.05
2026-08-07 14:22:00+00:00,True,False,False,NO_FILL,0.0,,,AMP_ALL,D1.00_E3M,0.05,0.0
2026-08-07 14:24:00+00:00,False,True,False,NO_FILL,0.0,,,AMP_ALL,D1.00_E3M,0.05,0.0
2026-08-07 19:00:00+00:00,True,False,False,NO_FILL,0.0,,,AMP_ALL,D1.00_E3M,0.05,0.0
2026-08-09 23:02:00+00:00,True,False,False,NO_FILL,0.0,,,AMP_ALL,D1.00_E3M,0.05,0.0
2026-08-10 03:21:00+00:00,True,False,True,TIMEOUT,1.1894839046979169,1786343096556.0,1786344720161.0,AMP_ALL,D1.00_E3M,0.05,1.1394839046979168
2026-08-10 03:28:00+00:00,False,True,True,TIMEOUT,0.1954022988506318,1786343349457.0,1786345143157.0,AMP_ALL,D1.00_E3M,0.05,0.0
2026-08-10 04:10:00+00:00,True,False,False,NO_FILL,0.0,,,AMP_ALL,D1.00_E3M,0.05,0.0
2026-08-10 04:55:00+00:00,True,False,False,NO_FILL,0.0,,,AMP_ALL,D1.00_E3M,0.05,0.0
2026-08-10 04:59:00+00:00,True,False,True,SL,-1.0,1786348837653.0,1786348853557.0,AMP_ALL,D1.00_E3M,0.05,-1.05
2026-08-10 05:47:00+00:00,True,False,False,NO_FILL,0.0,,,AMP_ALL,D1.00_E3M,0.05,0.0
2026-08-10 11:25:00+00:00,True,False,True,TIMEOUT,0.5339848956017104,1786372102659.0,1786373760010.0,AMP_ALL,D1.00_E3M,0.05,0.4839848956017104
2026-08-10 12:55:00+00:00,True,False,False,NO_FILL,0.0,,,AMP_ALL,D1.00_E3M,0.05,0.0
2026-08-10 14:17:00+00:00,True,False,False,NO_FILL,0.0,,,AMP_ALL,D1.00_E3M,0.05,0.0
2026-08-10 16:02:00+00:00,True,False,True,SL,-1.0,1786388611803.0,1786388671956.0,AMP_ALL,D1.00_E3M,0.05,-1.05
2026-08-10 19:05:00+00:00,True,False,False,NO_FILL,0.0,,,AMP_ALL,D1.00_E3M,0.05,0.0
2026-08-10 19:21:00+00:00,True,False,True,TP,3.0,1786400565904.0,1786400734653.0,AMP_ALL,D1.00_E3M,0.05,2.95
2026-08-10 19:51:00+00:00,True,False,True,SL,-1.0,1786402358253.0,1786402518003.0,AMP_ALL,D1.00_E3M,0.05,-1.05
2026-08-10 22:45:00+00:00,True,False,False,NO_FILL,0.0,,,AMP_ALL,D1.00_E3M,0.05,0.0
2026-08-11 00:08:00+00:00,True,False,False,NO_FILL,0.0,,,AMP_ALL,D1.00_E3M,0.05,0.0
2026-08-11 00:09:00+00:00,False,True,False,NO_FILL,0.0,,,AMP_ALL,D1.00_E3M,0.05,0.0
2026-08-11 04:33:00+00:00,True,False,True,SL,-1.0,1786433659058.0,1786433732105.0,AMP_ALL,D1.00_E3M,0.05,-1.05
2026-08-11 06:08:00+00:00,True,False,True,SL,-1.0,1786439463755.0,1786439666855.0,AMP_ALL,D1.00_E3M,0.05,-1.05
2026-08-11 06:09:00+00:00,False,True,True,SL,-1.0,1786439433906.0,1786439646458.0,AMP_ALL,D1.00_E3M,0.05,0.0
2026-08-11 07:26:00+00:00,True,False,True,SL,-1.0,1786444167759.0,1786444280258.0,AMP_ALL,D1.00_E3M,0.05,-1.05
2026-08-11 08:28:00+00:00,True,False,False,NO_FILL,0.0,,,AMP_ALL,D1.00_E3M,0.05,0.0
2026-08-11 10:59:00+00:00,True,False,True,TP,3.0,1786456844553.0,1786456869312.0,AMP_ALL,D1.00_E3M,0.05,2.95
2026-08-12 02:42:00+00:00,True,False,True,TP,3.0,1786513483958.0,1786514001006.0,AMP_ALL,D1.00_E3M,0.05,2.95
2026-08-12 02:50:00+00:00,False,True,False,NO_FILL,0.0,,,AMP_ALL,D1.00_E3M,0.05,0.0
2026-08-12 06:45:00+00:00,True,False,False,NO_FILL,0.0,,,AMP_ALL,D1.00_E3M,0.05,0.0
2026-08-12 06:51:00+00:00,True,False,True,SL,-1.0,1786528411509.0,1786530030755.0,AMP_ALL,D1.00_E3M,0.05,-1.05
2026-08-12 06:55:00+00:00,False,True,False,NO_FILL,0.0,,,AMP_ALL,D1.00_E3M,0.05,0.0
2026-08-12 07:42:00+00:00,True,False,True,SL,-1.0,1786531549202.0,1786532213857.0,AMP_ALL,D1.00_E3M,0.05,-1.05
2026-08-12 07:48:00+00:00,False,True,True,SL,-1.0,1786531848904.0,1786532198103.0,AMP_ALL,D1.00_E3M,0.05,0.0
2026-08-12 09:15:00+00:00,True,False,True,SL,-1.0,1786536968255.0,1786537286552.0,AMP_ALL,D1.00_E3M,0.05,-1.05
2026-08-12 18:33:00+00:00,True,False,False,NO_FILL,0.0,,,AMP_ALL,D1.00_E3M,0.05,0.0
2026-08-12 18:44:00+00:00,True,False,False,NO_FILL,0.0,,,AMP_ALL,D1.00_E3M,0.05,0.0
2026-08-12 22:57:00+00:00,True,False,True,TP,3.0,1786586302660.0,1786586918254.0,AMP_ALL,D1.00_E3M,0.05,2.95
2026-08-12 23:00:00+00:00,False,True,False,NO_FILL,0.0,,,AMP_ALL,D1.00_E3M,0.05,0.0
2026-08-12 23:16:00+00:00,True,False,False,NO_FILL,0.0,,,AMP_ALL,D1.00_E3M,0.05,0.0
2026-08-13 04:24:00+00:00,True,False,False,NO_FILL,0.0,,,AMP_ALL,D1.00_E3M,0.05,0.0
2026-08-13 05:11:00+00:00,True,False,False,NO_FILL,0.0,,,AMP_ALL,D1.00_E3M,0.05,0.0
2026-08-13 05:14:00+00:00,True,False,True,SL,-1.0,1786609008456.0,1786609870360.0,AMP_ALL,D1.00_E3M,0.05,-1.05
2026-08-13 05:26:00+00:00,False,True,False,NO_FILL,0.0,,,AMP_ALL,D1.00_E3M,0.05,0.0
2026-08-13 08:48:00+00:00,True,False,True,SL,-1.0,1786621845756.0,1786622031607.0,AMP_ALL,D1.00_E3M,0.05,-1.05
2026-08-13 09:57:00+00:00,True,False,False,NO_FILL,0.0,,,AMP_ALL,D1.00_E3M,0.05,0.0
2026-08-13 10:37:00+00:00,True,False,False,NO_FILL,0.0,,,AMP_ALL,D1.00_E3M,0.05,0.0
2026-08-13 10:43:00+00:00,True,False,True,TIMEOUT,1.5868973772993449,1786628738405.0,1786630440023.0,AMP_ALL,D1.00_E3M,0.05,1.5368973772993448
2026-08-13 10:50:00+00:00,False,True,False,NO_FILL,0.0,,,AMP_ALL,D1.00_E3M,0.05,0.0
2026-08-13 11:14:00+00:00,False,True,True,SL,-1.0,1786630662008.0,1786630938458.0,AMP_ALL,D1.00_E3M,0.05,0.0
2026-08-13 16:29:00+00:00,True,False,False,NO_FILL,0.0,,,AMP_ALL,D1.00_E3M,0.05,0.0
2026-08-13 17:06:00+00:00,True,False,False,NO_FILL,0.0,,,AMP_ALL,D1.00_E3M,0.05,0.0
2026-08-13 19:38:00+00:00,True,False,True,SL,-1.0,1786660827457.0,1786661114103.0,AMP_ALL,D1.00_E3M,0.05,-1.05
2026-08-13 23:09:00+00:00,True,False,True,TIMEOUT,1.2320360970106112,1786673449056.0,1786675200306.0,AMP_ALL,D1.00_E3M,0.05,1.1820360970106112
2026-08-13 23:25:00+00:00,False,True,True,SL,-1.0,1786674448506.0,1786676057855.0,AMP_ALL,D1.00_E3M,0.05,0.0
2026-08-14 03:13:00+00:00,True,False,True,TIMEOUT,1.1208666553229147,1786688046156.0,1786689840015.0,AMP_ALL,D1.00_E3M,0.05,1.0708666553229147
2026-08-14 04:12:00+00:00,True,False,False,NO_FILL,0.0,,,AMP_ALL,D1.00_E3M,0.05,0.0
2026-08-14 05:36:00+00:00,True,False,False,NO_FILL,0.0,,,AMP_ALL,D1.00_E3M,0.05,0.0
2026-08-14 05:50:00+00:00,True,False,False,NO_FILL,0.0,,,AMP_ALL,D1.00_E3M,0.05,0.0
2026-08-14 07:41:00+00:00,True,False,True,TP,3.0,1786704200260.0,1786705105354.0,AMP_ALL,D1.00_E3M,0.05,2.95
2026-08-14 07:58:00+00:00,False,True,False,NO_FILL,0.0,,,AMP_ALL,D1.00_E3M,0.05,0.0
2026-08-14 09:14:00+00:00,True,False,False,NO_FILL,0.0,,,AMP_ALL,D1.00_E3M,0.05,0.0
2026-08-14 14:12:00+00:00,True,False,True,SL,-1.0,1786727669255.0,1786727973003.0,AMP_ALL,D1.00_E3M,0.05,-1.05
2026-08-14 15:01:00+00:00,True,False,False,NO_FILL,0.0,,,AMP_ALL,D1.00_E3M,0.05,0.0
2026-08-14 18:03:00+00:00,True,False,False,NO_FILL,0.0,,,AMP_ALL,D1.00_E3M,0.05,0.0
2026-08-14 18:38:00+00:00,True,False,False,NO_FILL,0.0,,,AMP_ALL,D1.00_E3M,0.05,0.0
2026-08-14 19:09:00+00:00,True,False,False,NO_FILL,0.0,,,AMP_ALL,D1.00_E3M,0.05,0.0
2026-08-16 22:51:00+00:00,True,False,False,NO_FILL,0.0,,,AMP_ALL,D1.00_E3M,0.05,0.0
2026-08-16 22:52:00+00:00,False,True,False,NO_FILL,0.0,,,AMP_ALL,D1.00_E3M,0.05,0.0
2026-08-17 03:29:00+00:00,True,False,True,TIMEOUT,2.294650594815641,1786948235855.0,1786950000159.0,AMP_ALL,D1.00_E3M,0.05,2.244650594815641
2026-08-17 05:19:00+00:00,True,False,True,TP,3.0,1786954838556.0,1786955396857.0,AMP_ALL,D1.00_E3M,0.05,2.95
2026-08-17 05:28:00+00:00,False,True,False,NO_FILL,0.0,,,AMP_ALL,D1.00_E3M,0.05,0.0
2026-08-17 06:50:00+00:00,True,False,False,NO_FILL,0.0,,,AMP_ALL,D1.00_E3M,0.05,0.0
2026-08-17 09:06:00+00:00,True,False,False,NO_FILL,0.0,,,AMP_ALL,D1.00_E3M,0.05,0.0
2026-08-17 09:09:00+00:00,True,False,False,NO_FILL,0.0,,,AMP_ALL,D1.00_E3M,0.05,0.0
2026-08-17 13:38:00+00:00,True,False,True,SL,-1.0,1786984774803.0,1786984803606.0,AMP_ALL,D1.00_E3M,0.05,-1.05
2026-08-17 15:55:00+00:00,True,False,False,NO_FILL,0.0,,,AMP_ALL,D1.00_E3M,0.05,0.0
2026-08-17 23:16:00+00:00,True,False,True,TP,3.0,1787019433357.0,1787020333808.0,AMP_ALL,D1.00_E3M,0.05,2.95
2026-08-17 23:25:00+00:00,False,True,False,NO_FILL,0.0,,,AMP_ALL,D1.00_E3M,0.05,0.0
2026-08-18 07:29:00+00:00,True,False,True,SL,-1.0,1787049088658.0,1787049151055.0,AMP_ALL,D1.00_E3M,0.05,-1.05
2026-08-18 08:35:00+00:00,True,False,False,NO_FILL,0.0,,,AMP_ALL,D1.00_E3M,0.05,0.0
2026-08-18 12:04:00+00:00,True,False,True,SL,-1.0,1787065613561.0,1787065666509.0,AMP_ALL,D1.00_E3M,0.05,-1.05
2026-08-18 16:08:00+00:00,True,False,True,SL,-1.0,1787080266306.0,1787080554308.0,AMP_ALL,D1.00_E3M,0.05,-1.05
2026-08-18 23:52:00+00:00,True,False,True,TP,3.0,1787108004606.0,1787108629204.0,AMP_ALL,D1.00_E3M,0.05,2.95
2026-08-19 00:13:00+00:00,True,False,False,NO_FILL,0.0,,,AMP_ALL,D1.00_E3M,0.05,0.0
2026-08-19 01:31:00+00:00,True,False,False,NO_FILL,0.0,,,AMP_ALL,D1.00_E3M,0.05,0.0
2026-08-19 01:33:00+00:00,False,True,False,NO_FILL,0.0,,,AMP_ALL,D1.00_E3M,0.05,0.0
2026-08-19 01:37:00+00:00,True,False,False,NO_FILL,0.0,,,AMP_ALL,D1.00_E3M,0.05,0.0
2026-08-19 05:28:00+00:00,True,False,True,SL,-1.0,1787128201506.0,1787128202706.0,AMP_ALL,D1.00_E3M,0.05,-1.05
2026-08-19 06:53:00+00:00,True,False,False,NO_FILL,0.0,,,AMP_ALL,D1.00_E3M,0.05,0.0
2026-08-19 07:23:00+00:00,True,False,False,NO_FILL,0.0,,,AMP_ALL,D1.00_E3M,0.05,0.0
2026-08-19 07:26:00+00:00,True,False,False,NO_FILL,0.0,,,AMP_ALL,D1.00_E3M,0.05,0.0
2026-08-19 08:04:00+00:00,True,False,False,NO_FILL,0.0,,,AMP_ALL,D1.00_E3M,0.05,0.0
2026-08-19 08:09:00+00:00,True,False,False,NO_FILL,0.0,,,AMP_ALL,D1.00_E3M,0.05,0.0
2026-08-19 09:41:00+00:00,True,False,True,TIMEOUT,1.22592801959648,1787143383605.0,1787145120161.0,AMP_ALL,D1.00_E3M,0.05,1.1759280195964799
2026-08-19 10:13:00+00:00,True,False,False,NO_FILL,0.0,,,AMP_ALL,D1.00_E3M,0.05,0.0
2026-08-19 12:32:00+00:00,True,False,False,NO_FILL,0.0,,,AMP_ALL,D1.00_E3M,0.05,0.0
2026-08-19 14:12:00+00:00,True,False,False,NO_FILL,0.0,,,AMP_ALL,D1.00_E3M,0.05,0.0
2026-08-19 18:04:00+00:00,True,False,True,SL,-1.0,1787173522058.0,1787173542603.0,AMP_ALL,D1.00_E3M,0.05,-1.05
2026-08-19 18:53:00+00:00,True,False,False,NO_FILL,0.0,,,AMP_ALL,D1.00_E3M,0.05,0.0
2026-08-20 03:34:00+00:00,True,False,True,TIMEOUT,-0.3492845895804252,1787207757908.0,1787209500006.0,AMP_ALL,D1.00_E3M,0.05,-0.3992845895804252
2026-08-20 13:35:00+00:00,True,False,True,TIMEOUT,0.4754653130288259,1787243826758.0,1787245560008.0,AMP_ALL,D1.00_E3M,0.05,0.4254653130288259
2026-08-20 14:23:00+00:00,True,False,False,NO_FILL,0.0,,,AMP_ALL,D1.00_E3M,0.05,0.0
2026-08-20 14:33:00+00:00,True,False,True,TP,3.0,1787247315310.0,1787248193706.0,AMP_ALL,D1.00_E3M,0.05,2.95
2026-08-20 14:35:00+00:00,False,True,False,NO_FILL,0.0,,,AMP_ALL,D1.00_E3M,0.05,0.0
2026-08-20 14:45:00+00:00,False,True,False,NO_FILL,0.0,,,AMP_ALL,D1.00_E3M,0.05,0.0
2026-08-20 15:00:00+00:00,True,False,False,NO_FILL,0.0,,,AMP_ALL,D1.00_E3M,0.05,0.0
2026-08-21 01:12:00+00:00,True,False,False,NO_FILL,0.0,,,AMP_ALL,D1.00_E3M,0.05,0.0
2026-08-21 01:14:00+00:00,False,True,False,NO_FILL,0.0,,,AMP_ALL,D1.00_E3M,0.05,0.0
2026-08-21 01:23:00+00:00,True,False,False,NO_FILL,0.0,,,AMP_ALL,D1.00_E3M,0.05,0.0
2026-08-21 04:30:00+00:00,True,False,True,SL,-1.0,1787297566210.0,1787297785057.0,AMP_ALL,D1.00_E3M,0.05,-1.05
2026-08-21 05:44:00+00:00,True,False,False,NO_FILL,0.0,,,AMP_ALL,D1.00_E3M,0.05,0.0
2026-08-21 05:48:00+00:00,True,False,False,NO_FILL,0.0,,,AMP_ALL,D1.00_E3M,0.05,0.0
2026-08-21 05:51:00+00:00,True,False,False,NO_FILL,0.0,,,AMP_ALL,D1.00_E3M,0.05,0.0
2026-08-21 06:35:00+00:00,True,False,False,NO_FILL,0.0,,,AMP_ALL,D1.00_E3M,0.05,0.0
2026-08-21 06:48:00+00:00,True,False,False,NO_FILL,0.0,,,AMP_ALL,D1.00_E3M,0.05,0.0
2026-08-21 07:47:00+00:00,True,False,True,SL,-1.0,1787309311207.0,1787309639554.0,AMP_ALL,D1.00_E3M,0.05,-1.05
2026-08-21 08:17:00+00:00,True,False,False,NO_FILL,0.0,,,AMP_ALL,D1.00_E3M,0.05,0.0
2026-08-21 08:19:00+00:00,False,True,False,NO_FILL,0.0,,,AMP_ALL,D1.00_E3M,0.05,0.0
2026-08-21 09:04:00+00:00,True,False,False,NO_FILL,0.0,,,AMP_ALL,D1.00_E3M,0.05,0.0
2026-08-21 09:06:00+00:00,False,True,False,NO_FILL,0.0,,,AMP_ALL,D1.00_E3M,0.05,0.0
2026-08-21 11:36:00+00:00,True,False,True,SL,-1.0,1787323148702.0,1787323215907.0,AMP_ALL,D1.00_E3M,0.05,-1.05
2026-08-21 13:37:00+00:00,True,False,False,NO_FILL,0.0,,,AMP_ALL,D1.00_E3M,0.05,0.0
2026-08-21 15:15:00+00:00,True,False,False,NO_FILL,0.0,,,AMP_ALL,D1.00_E3M,0.05,0.0
2026-08-23 23:21:00+00:00,True,False,False,NO_FILL,0.0,,,AMP_ALL,D1.00_E3M,0.05,0.0
2026-08-23 23:34:00+00:00,True,False,True,SL,-1.0,1787538952507.0,1787539195353.0,AMP_ALL,D1.00_E3M,0.05,-1.05
2026-08-23 23:36:00+00:00,False,True,True,SL,-1.0,1787539158003.0,1787539195353.0,AMP_ALL,D1.00_E3M,0.05,0.0
2026-08-23 23:54:00+00:00,True,False,False,NO_FILL,0.0,,,AMP_ALL,D1.00_E3M,0.05,0.0
2026-08-24 00:53:00+00:00,True,False,False,NO_FILL,0.0,,,AMP_ALL,D1.00_E3M,0.05,0.0
2026-08-24 02:10:00+00:00,True,False,False,NO_FILL,0.0,,,AMP_ALL,D1.00_E3M,0.05,0.0
2026-08-24 02:17:00+00:00,True,False,True,SL,-1.0,1787548821309.0,1787549994905.0,AMP_ALL,D1.00_E3M,0.05,-1.05
2026-08-24 06:06:00+00:00,True,False,True,TP,3.0,1787562476254.0,1787563024205.0,AMP_ALL,D1.00_E3M,0.05,2.95
2026-08-24 10:03:00+00:00,True,False,True,SL,-1.0,1787576662053.0,1787576808755.0,AMP_ALL,D1.00_E3M,0.05,-1.05
2026-08-24 13:05:00+00:00,True,False,False,NO_FILL,0.0,,,AMP_ALL,D1.00_E3M,0.05,0.0
2026-08-24 23:00:00+00:00,True,False,True,SL,-1.0,1787623285803.0,1787623645510.0,AMP_ALL,D1.00_E3M,0.05,-1.05
2026-08-24 23:15:00+00:00,True,False,False,NO_FILL,0.0,,,AMP_ALL,D1.00_E3M,0.05,0.0
2026-08-25 05:05:00+00:00,True,False,False,NO_FILL,0.0,,,AMP_ALL,D1.00_E3M,0.05,0.0
2026-08-25 05:15:00+00:00,True,False,False,NO_FILL,0.0,,,AMP_ALL,D1.00_E3M,0.05,0.0
2026-08-25 05:19:00+00:00,True,False,False,NO_FILL,0.0,,,AMP_ALL,D1.00_E3M,0.05,0.0
2026-08-25 05:20:00+00:00,False,True,True,SL,-1.0,1787646132006.0,1787646642304.0,AMP_ALL,D1.00_E3M,0.05,0.0
2026-08-25 06:24:00+00:00,True,False,False,NO_FILL,0.0,,,AMP_ALL,D1.00_E3M,0.05,0.0
2026-08-25 08:22:00+00:00,True,False,False,NO_FILL,0.0,,,AMP_ALL,D1.00_E3M,0.05,0.0
2026-08-25 14:37:00+00:00,True,False,False,NO_FILL,0.0,,,AMP_ALL,D1.00_E3M,0.05,0.0
2026-08-25 15:33:00+00:00,True,False,False,NO_FILL,0.0,,,AMP_ALL,D1.00_E3M,0.05,0.0
2026-08-25 18:57:00+00:00,True,False,True,TP,3.0,1787695099057.0,1787695650005.0,AMP_ALL,D1.00_E3M,0.05,2.95
2026-08-25 19:07:00+00:00,False,True,False,NO_FILL,0.0,,,AMP_ALL,D1.00_E3M,0.05,0.0
2026-08-26 02:41:00+00:00,True,False,False,NO_FILL,0.0,,,AMP_ALL,D1.00_E3M,0.05,0.0
2026-08-26 05:02:00+00:00,True,False,True,TP,3.0,1787731417357.0,1787733026708.0,AMP_ALL,D1.00_E3M,0.05,2.95
2026-08-26 05:09:00+00:00,False,True,True,SL,-1.0,1787731919704.0,1787731959909.0,AMP_ALL,D1.00_E3M,0.05,0.0
2026-08-26 06:04:00+00:00,True,False,True,SL,-1.0,1787735112154.0,1787735477257.0,AMP_ALL,D1.00_E3M,0.05,-1.05
2026-08-26 11:18:00+00:00,True,False,True,SL,-1.0,1787754054009.0,1787754091806.0,AMP_ALL,D1.00_E3M,0.05,-1.05
2026-08-26 17:30:00+00:00,True,False,True,SL,-1.0,1787776323909.0,1787777757303.0,AMP_ALL,D1.00_E3M,0.05,-1.05
2026-08-26 23:17:00+00:00,True,False,False,NO_FILL,0.0,,,AMP_ALL,D1.00_E3M,0.05,0.0
2026-08-27 01:03:00+00:00,True,False,False,NO_FILL,0.0,,,AMP_ALL,D1.00_E3M,0.05,0.0
2026-08-27 01:14:00+00:00,True,False,True,TIMEOUT,0.4042379788102158,1787804199906.0,1787805900460.0,AMP_ALL,D1.00_E3M,0.05,0.3542379788102158
2026-08-27 01:37:00+00:00,False,True,False,NO_FILL,0.0,,,AMP_ALL,D1.00_E3M,0.05,0.0
2026-08-27 08:56:00+00:00,True,False,True,SL,-1.0,1787831980956.0,1787832148053.0,AMP_ALL,D1.00_E3M,0.05,-1.05
2026-08-27 10:57:00+00:00,True,False,True,TP,3.0,1787839236012.0,1787840548507.0,AMP_ALL,D1.00_E3M,0.05,2.95
2026-08-27 12:02:00+00:00,True,False,True,SL,-1.0,1787843059952.0,1787843137952.0,AMP_ALL,D1.00_E3M,0.05,-1.05
2026-08-27 14:35:00+00:00,True,False,False,NO_FILL,0.0,,,AMP_ALL,D1.00_E3M,0.05,0.0
2026-08-27 15:41:00+00:00,True,False,True,TIMEOUT,1.2566507913597311,1787856247506.0,1787857920154.0,AMP_ALL,D1.00_E3M,0.05,1.206650791359731
2026-08-27 15:42:00+00:00,False,True,True,TIMEOUT,0.783998440773733,1787856216451.0,1787857980156.0,AMP_ALL,D1.00_E3M,0.05,0.0
2026-08-27 15:53:00+00:00,False,True,False,NO_FILL,0.0,,,AMP_ALL,D1.00_E3M,0.05,0.0
2026-08-27 16:33:00+00:00,True,False,False,NO_FILL,0.0,,,AMP_ALL,D1.00_E3M,0.05,0.0
2026-08-27 16:37:00+00:00,True,False,True,SL,-1.0,1787859486304.0,1787859499809.0,AMP_ALL,D1.00_E3M,0.05,-1.05
2026-08-27 18:52:00+00:00,True,False,True,TP,3.0,1787867662658.0,1787868182103.0,AMP_ALL,D1.00_E3M,0.05,2.95
2026-08-27 19:02:00+00:00,False,True,True,SL,-1.0,1787868206108.0,1787868933154.0,AMP_ALL,D1.00_E3M,0.05,0.0
2026-08-27 19:08:00+00:00,True,False,True,SL,-1.0,1787868650706.0,1787868917255.0,AMP_ALL,D1.00_E3M,0.05,-1.05
2026-08-28 02:24:00+00:00,True,False,False,NO_FILL,0.0,,,AMP_ALL,D1.00_E3M,0.05,0.0
2026-08-28 03:24:00+00:00,True,False,True,SL,-1.0,1787898365705.0,1787898648904.0,AMP_ALL,D1.00_E3M,0.05,-1.05
2026-08-28 04:56:00+00:00,True,False,False,NO_FILL,0.0,,,AMP_ALL,D1.00_E3M,0.05,0.0
2026-08-28 06:59:00+00:00,True,False,True,SL,-1.0,1787911243355.0,1787911570652.0,AMP_ALL,D1.00_E3M,0.05,-1.05
2026-08-28 08:00:00+00:00,True,False,False,NO_FILL,0.0,,,AMP_ALL,D1.00_E3M,0.05,0.0
2026-08-28 09:31:00+00:00,True,False,True,TIMEOUT,0.6808834729628682,1787920418557.0,1787922120158.0,AMP_ALL,D1.00_E3M,0.05,0.6308834729628682
2026-08-28 14:35:00+00:00,True,False,False,NO_FILL,0.0,,,AMP_ALL,D1.00_E3M,0.05,0.0
2026-08-28 19:01:00+00:00,True,False,True,TIMEOUT,1.1123744551827175,1787954547305.0,1787956320155.0,AMP_ALL,D1.00_E3M,0.05,1.0623744551827174
2026-08-30 23:08:00+00:00,True,False,True,SL,-1.0,1788142190556.0,1788142412555.0,AMP_ALL,D1.00_E3M,0.05,-1.05
2026-08-31 04:37:00+00:00,True,False,True,TIMEOUT,1.0656011893702573,1788162046808.0,1788163680155.0,AMP_ALL,D1.00_E3M,0.05,1.0156011893702572
2026-08-31 05:20:00+00:00,True,False,True,TP,3.0,1788164489104.0,1788164914505.0,AMP_ALL,D1.00_E3M,0.05,2.95
2026-08-31 06:45:00+00:00,True,False,False,NO_FILL,0.0,,,AMP_ALL,D1.00_E3M,0.05,0.0
2026-08-31 08:02:00+00:00,True,False,False,NO_FILL,0.0,,,AMP_ALL,D1.00_E3M,0.05,0.0
2026-08-31 09:12:00+00:00,True,False,False,NO_FILL,0.0,,,AMP_ALL,D1.00_E3M,0.05,0.0
2026-08-31 11:25:00+00:00,True,False,False,NO_FILL,0.0,,,AMP_ALL,D1.00_E3M,0.05,0.0
2026-08-31 11:28:00+00:00,True,False,True,SL,-1.0,1788186658507.0,1788186831306.0,AMP_ALL,D1.00_E3M,0.05,-1.05
2026-08-31 16:29:00+00:00,True,False,True,SL,-1.0,1788204676809.0,1788204944555.0,AMP_ALL,D1.00_E3M,0.05,-1.05
2026-08-31 17:42:00+00:00,True,False,False,NO_FILL,0.0,,,AMP_ALL,D1.00_E3M,0.05,0.0
2026-08-31 19:23:00+00:00,True,False,False,NO_FILL,0.0,,,AMP_ALL,D1.00_E3M,0.05,0.0
2026-08-31 23:32:00+00:00,True,False,True,SL,-1.0,1788229991408.0,1788230119809.0,AMP_ALL,D1.00_E3M,0.05,-1.05
2026-09-01 00:20:00+00:00,True,False,False,NO_FILL,0.0,,,AMP_ALL,D1.00_E3M,0.05,0.0
2026-09-01 02:04:00+00:00,True,False,False,NO_FILL,0.0,,,AMP_ALL,D1.00_E3M,0.05,0.0
2026-09-01 03:45:00+00:00,True,False,False,NO_FILL,0.0,,,AMP_ALL,D1.00_E3M,0.05,0.0
2026-09-01 05:44:00+00:00,True,False,False,NO_FILL,0.0,,,AMP_ALL,D1.00_E3M,0.05,0.0
2026-09-01 11:46:00+00:00,True,False,False,NO_FILL,0.0,,,AMP_ALL,D1.00_E3M,0.05,0.0
2026-09-01 19:12:00+00:00,True,False,False,NO_FILL,0.0,,,AMP_ALL,D1.00_E3M,0.05,0.0
2026-09-01 20:05:00+00:00,True,False,True,SL,-1.0,1788303979208.0,1788304540955.0,AMP_ALL,D1.00_E3M,0.05,-1.05
2026-09-02 01:15:00+00:00,True,False,False,NO_FILL,0.0,,,AMP_ALL,D1.00_E3M,0.05,0.0
2026-09-02 02:20:00+00:00,True,False,True,TP,3.0,1788326559758.0,1788327489752.0,AMP_ALL,D1.00_E3M,0.05,2.95
2026-09-02 02:37:00+00:00,False,True,False,NO_FILL,0.0,,,AMP_ALL,D1.00_E3M,0.05,0.0
2026-09-02 05:12:00+00:00,True,False,False,NO_FILL,0.0,,,AMP_ALL,D1.00_E3M,0.05,0.0
2026-09-02 07:10:00+00:00,True,False,False,NO_FILL,0.0,,,AMP_ALL,D1.00_E3M,0.05,0.0
2026-09-03 02:50:00+00:00,True,False,True,TP,3.0,1788414705754.0,1788415935758.0,AMP_ALL,D1.00_E3M,0.05,2.95
2026-09-03 03:07:00+00:00,False,True,True,TP,3.0,1788415838706.0,1788417048007.0,AMP_ALL,D1.00_E3M,0.05,0.0
2026-09-03 05:00:00+00:00,True,False,True,SL,-1.0,1788422470359.0,1788422476207.0,AMP_ALL,D1.00_E3M,0.05,-1.05
2026-09-03 11:40:00+00:00,True,False,False,NO_FILL,0.0,,,AMP_ALL,D1.00_E3M,0.05,0.0
2026-09-03 11:45:00+00:00,True,False,True,SL,-1.0,1788446806954.0,1788446898455.0,AMP_ALL,D1.00_E3M,0.05,-1.05
2026-09-03 19:41:00+00:00,True,False,False,NO_FILL,0.0,,,AMP_ALL,D1.00_E3M,0.05,0.0
2026-09-04 07:29:00+00:00,True,False,False,NO_FILL,0.0,,,AMP_ALL,D1.00_E3M,0.05,0.0
2026-09-04 07:34:00+00:00,True,False,False,NO_FILL,0.0,,,AMP_ALL,D1.00_E3M,0.05,0.0
2026-09-04 07:35:00+00:00,False,True,False,NO_FILL,0.0,,,AMP_ALL,D1.00_E3M,0.05,0.0
2026-09-04 07:41:00+00:00,True,False,False,NO_FILL,0.0,,,AMP_ALL,D1.00_E3M,0.05,0.0
2026-09-04 07:42:00+00:00,False,True,False,NO_FILL,0.0,,,AMP_ALL,D1.00_E3M,0.05,0.0
2026-09-04 10:32:00+00:00,True,False,True,SL,-1.0,1788528922509.0,1788529084055.0,AMP_ALL,D1.00_E3M,0.05,-1.05
2026-09-04 11:51:00+00:00,True,False,True,SL,-1.0,1788533558557.0,1788533941954.0,AMP_ALL,D1.00_E3M,0.05,-1.05
2026-09-04 13:23:00+00:00,True,False,False,NO_FILL,0.0,,,AMP_ALL,D1.00_E3M,0.05,0.0
2026-09-04 13:44:00+00:00,True,False,False,NO_FILL,0.0,,,AMP_ALL,D1.00_E3M,0.05,0.0
2026-09-04 14:25:00+00:00,True,False,True,SL,-1.0,1788542803060.0,1788544025861.0,AMP_ALL,D1.00_E3M,0.05,-1.05
2026-09-04 15:14:00+00:00,True,False,False,NO_FILL,0.0,,,AMP_ALL,D1.00_E3M,0.05,0.0
2026-09-04 19:11:00+00:00,True,False,False,NO_FILL,0.0,,,AMP_ALL,D1.00_E3M,0.05,0.0
2026-09-04 19:33:00+00:00,True,False,True,SL,-1.0,1788561329860.0,1788562045505.0,AMP_ALL,D1.00_E3M,0.05,-1.05
2026-09-07 00:11:00+00:00,True,False,True,SL,-1.0,1788750848409.0,1788751816202.0,AMP_ALL,D1.00_E3M,0.05,-1.05
2026-09-07 04:09:00+00:00,True,False,False,NO_FILL,0.0,,,AMP_ALL,D1.00_E3M,0.05,0.0
2026-09-07 05:04:00+00:00,True,False,False,NO_FILL,0.0,,,AMP_ALL,D1.00_E3M,0.05,0.0
2026-09-07 05:27:00+00:00,True,False,True,SL,-1.0,1788769828053.0,1788770009715.0,AMP_ALL,D1.00_E3M,0.05,-1.05
2026-09-07 07:55:00+00:00,True,False,True,TP,3.0,1788778588812.0,1788778981508.0,AMP_ALL,D1.00_E3M,0.05,2.95
2026-09-07 11:46:00+00:00,True,False,False,NO_FILL,0.0,,,AMP_ALL,D1.00_E3M,0.05,0.0
2026-09-07 12:10:00+00:00,True,False,True,TIMEOUT,2.178748180494891,1788793970107.0,1788795660005.0,AMP_ALL,D1.00_E3M,0.05,2.1287481804948913
2026-09-07 13:25:00+00:00,True,False,False,NO_FILL,0.0,,,AMP_ALL,D1.00_E3M,0.05,0.0
2026-09-08 06:43:00+00:00,True,False,False,NO_FILL,0.0,,,AMP_ALL,D1.00_E3M,0.05,0.0
2026-09-08 11:25:00+00:00,True,False,False,NO_FILL,0.0,,,AMP_ALL,D1.00_E3M,0.05,0.0
2026-09-08 15:11:00+00:00,True,False,True,SL,-1.0,1788891151356.0,1788891690610.0,AMP_ALL,D1.00_E3M,0.05,-1.05
2026-09-08 23:26:00+00:00,True,False,False,NO_FILL,0.0,,,AMP_ALL,D1.00_E3M,0.05,0.0
2026-09-09 05:01:00+00:00,True,False,True,SL,-1.0,1788940990654.0,1788941076904.0,AMP_ALL,D1.00_E3M,0.05,-1.05
2026-09-09 07:36:00+00:00,True,False,True,TIMEOUT,1.1007751937981778,1788950315402.0,1788952020158.0,AMP_ALL,D1.00_E3M,0.05,1.0507751937981777
2026-09-09 10:53:00+00:00,True,False,False,NO_FILL,0.0,,,AMP_ALL,D1.00_E3M,0.05,0.0
2026-09-09 11:24:00+00:00,True,False,False,NO_FILL,0.0,,,AMP_ALL,D1.00_E3M,0.05,0.0
2026-09-09 12:57:00+00:00,True,False,True,TP,3.0,1788969571358.0,1788969930004.0,AMP_ALL,D1.00_E3M,0.05,2.95
2026-09-09 13:19:00+00:00,True,False,True,TP,3.0,1788970810206.0,1788971067459.0,AMP_ALL,D1.00_E3M,0.05,2.95
2026-09-09 13:24:00+00:00,False,True,False,NO_FILL,0.0,,,AMP_ALL,D1.00_E3M,0.05,0.0
2026-09-09 14:29:00+00:00,True,False,True,SL,-1.0,1788975073503.0,1788976521155.0,AMP_ALL,D1.00_E3M,0.05,-1.05
2026-09-09 14:39:00+00:00,False,True,True,SL,-1.0,1788975646808.0,1788975813157.0,AMP_ALL,D1.00_E3M,0.05,0.0
2026-09-09 16:25:00+00:00,True,False,False,NO_FILL,0.0,,,AMP_ALL,D1.00_E3M,0.05,0.0
2026-09-10 00:18:00+00:00,True,False,True,SL,-1.0,1789010385905.0,1789010822708.0,AMP_ALL,D1.00_E3M,0.05,-1.05
2026-09-10 00:51:00+00:00,True,False,False,NO_FILL,0.0,,,AMP_ALL,D1.00_E3M,0.05,0.0
2026-09-10 01:07:00+00:00,True,False,False,NO_FILL,0.0,,,AMP_ALL,D1.00_E3M,0.05,0.0
2026-09-10 10:05:00+00:00,True,False,True,SL,-1.0,1789045647303.0,1789045690358.0,AMP_ALL,D1.00_E3M,0.05,-1.05
2026-09-10 11:25:00+00:00,True,False,False,NO_FILL,0.0,,,AMP_ALL,D1.00_E3M,0.05,0.0
2026-09-10 11:26:00+00:00,False,True,False,NO_FILL,0.0,,,AMP_ALL,D1.00_E3M,0.05,0.0
2026-09-10 19:24:00+00:00,True,False,False,NO_FILL,0.0,,,AMP_ALL,D1.00_E3M,0.05,0.0
2026-09-11 00:06:00+00:00,True,False,True,SL,-1.0,1789096132805.0,1789096239904.0,AMP_ALL,D1.00_E3M,0.05,-1.05
2026-09-11 00:44:00+00:00,True,False,False,NO_FILL,0.0,,,AMP_ALL,D1.00_E3M,0.05,0.0
2026-09-11 03:42:00+00:00,True,False,True,SL,-1.0,1789109051259.0,1789109085607.0,AMP_ALL,D1.00_E3M,0.05,-1.05
2026-09-11 05:09:00+00:00,True,False,True,TIMEOUT,1.647228915662626,1789114272908.0,1789116000009.0,AMP_ALL,D1.00_E3M,0.05,1.597228915662626
2026-09-11 05:46:00+00:00,True,False,False,NO_FILL,0.0,,,AMP_ALL,D1.00_E3M,0.05,0.0
2026-09-11 05:55:00+00:00,True,False,True,TIMEOUT,0.9265794422438408,1789117034405.0,1789118760012.0,AMP_ALL,D1.00_E3M,0.05,0.8765794422438408
2026-09-11 08:00:00+00:00,True,False,True,SL,-1.0,1789124499153.0,1789124622304.0,AMP_ALL,D1.00_E3M,0.05,-1.05
2026-09-11 09:58:00+00:00,True,False,False,NO_FILL,0.0,,,AMP_ALL,D1.00_E3M,0.05,0.0
2026-09-11 15:27:00+00:00,True,False,False,NO_FILL,0.0,,,AMP_ALL,D1.00_E3M,0.05,0.0
2026-09-13 22:33:00+00:00,True,False,True,SL,-1.0,1789349710361.0,1789350207607.0,AMP_ALL,D1.00_E3M,0.05,-1.05
2026-09-14 00:06:00+00:00,True,False,False,NO_FILL,0.0,,,AMP_ALL,D1.00_E3M,0.05,0.0
2026-09-14 05:59:00+00:00,True,False,False,NO_FILL,0.0,,,AMP_ALL,D1.00_E3M,0.05,0.0
2026-09-14 10:18:00+00:00,True,False,True,TIMEOUT,1.5208415516104443,1789391962654.0,1789393740159.0,AMP_ALL,D1.00_E3M,0.05,1.4708415516104443
2026-09-14 15:28:00+00:00,True,False,False,NO_FILL,0.0,,,AMP_ALL,D1.00_E3M,0.05,0.0
2026-09-14 16:43:00+00:00,True,False,True,TP,3.0,1789415120262.0,1789415513408.0,AMP_ALL,D1.00_E3M,0.05,2.95
2026-09-15 02:00:00+00:00,True,False,False,NO_FILL,0.0,,,AMP_ALL,D1.00_E3M,0.05,0.0
2026-09-15 02:38:00+00:00,True,False,False,NO_FILL,0.0,,,AMP_ALL,D1.00_E3M,0.05,0.0
2026-09-15 09:41:00+00:00,True,False,False,NO_FILL,0.0,,,AMP_ALL,D1.00_E3M,0.05,0.0
2026-09-15 12:53:00+00:00,True,False,True,SL,-1.0,1789487813420.0,1789487839059.0,AMP_ALL,D1.00_E3M,0.05,-1.05
2026-09-15 14:00:00+00:00,True,False,True,SL,-1.0,1789491686409.0,1789492604406.0,AMP_ALL,D1.00_E3M,0.05,-1.05
2026-09-15 15:55:00+00:00,True,False,True,SL,-1.0,1789498570358.0,1789498826858.0,AMP_ALL,D1.00_E3M,0.05,-1.05
2026-09-15 18:06:00+00:00,True,False,True,TP,3.0,1789506493053.0,1789506801606.0,AMP_ALL,D1.00_E3M,0.05,2.95
2026-09-15 18:12:00+00:00,False,True,False,NO_FILL,0.0,,,AMP_ALL,D1.00_E3M,0.05,0.0
2026-09-15 18:15:00+00:00,True,False,False,NO_FILL,0.0,,,AMP_ALL,D1.00_E3M,0.05,0.0
2026-08-07 01:07:00+00:00,True,False,True,TIMEOUT,0.4104870641603671,1786075773604.0,1786077480309.0,AMP_ALL,D1.00_E5M,0.05,0.36048706416036713
2026-08-07 03:03:00+00:00,True,False,False,NO_FILL,0.0,,,AMP_ALL,D1.00_E5M,0.05,0.0
2026-08-07 07:55:00+00:00,True,False,False,NO_FILL,0.0,,,AMP_ALL,D1.00_E5M,0.05,0.0
2026-08-07 08:33:00+00:00,True,False,True,SL,-1.0,1786102554325.0,1786102579056.0,AMP_ALL,D1.00_E5M,0.05,-1.05
2026-08-07 10:31:00+00:00,True,False,True,TIMEOUT,1.6242981112812214,1786109564707.0,1786111320305.0,AMP_ALL,D1.00_E5M,0.05,1.5742981112812213
2026-08-07 11:03:00+00:00,True,False,True,SL,-1.0,1786111631708.0,1786112089354.0,AMP_ALL,D1.00_E5M,0.05,-1.05
2026-08-07 13:37:00+00:00,True,False,False,NO_FILL,0.0,,,AMP_ALL,D1.00_E5M,0.05,0.0
2026-08-07 13:41:00+00:00,False,True,True,SL,-1.0,1786121004764.0,1786121166154.0,AMP_ALL,D1.00_E5M,0.05,0.0
2026-08-07 14:22:00+00:00,True,False,False,NO_FILL,0.0,,,AMP_ALL,D1.00_E5M,0.05,0.0
2026-08-07 14:24:00+00:00,False,True,False,NO_FILL,0.0,,,AMP_ALL,D1.00_E5M,0.05,0.0
2026-08-07 19:00:00+00:00,True,False,False,NO_FILL,0.0,,,AMP_ALL,D1.00_E5M,0.05,0.0
2026-08-09 23:02:00+00:00,True,False,False,NO_FILL,0.0,,,AMP_ALL,D1.00_E5M,0.05,0.0
2026-08-10 03:21:00+00:00,True,False,True,TIMEOUT,1.1894839046979169,1786343096556.0,1786344720161.0,AMP_ALL,D1.00_E5M,0.05,1.1394839046979168
2026-08-10 03:28:00+00:00,False,True,True,TIMEOUT,0.1954022988506318,1786343349457.0,1786345143157.0,AMP_ALL,D1.00_E5M,0.05,0.0
2026-08-10 04:10:00+00:00,True,False,False,NO_FILL,0.0,,,AMP_ALL,D1.00_E5M,0.05,0.0
2026-08-10 04:55:00+00:00,True,False,True,SL,-1.0,1786348855510.0,1786349530052.0,AMP_ALL,D1.00_E5M,0.05,-1.05
2026-08-10 04:59:00+00:00,False,True,True,SL,-1.0,1786348837653.0,1786348853557.0,AMP_ALL,D1.00_E5M,0.05,0.0
2026-08-10 05:47:00+00:00,True,False,False,NO_FILL,0.0,,,AMP_ALL,D1.00_E5M,0.05,0.0
2026-08-10 11:25:00+00:00,True,False,True,TIMEOUT,0.5339848956017104,1786372102659.0,1786373760010.0,AMP_ALL,D1.00_E5M,0.05,0.4839848956017104
2026-08-10 12:55:00+00:00,True,False,True,SL,-1.0,1786377625357.0,1786377741158.0,AMP_ALL,D1.00_E5M,0.05,-1.05
2026-08-10 14:17:00+00:00,True,False,False,NO_FILL,0.0,,,AMP_ALL,D1.00_E5M,0.05,0.0
2026-08-10 16:02:00+00:00,True,False,True,SL,-1.0,1786388611803.0,1786388671956.0,AMP_ALL,D1.00_E5M,0.05,-1.05
2026-08-10 19:05:00+00:00,True,False,True,TP,3.0,1786399839908.0,1786400717556.0,AMP_ALL,D1.00_E5M,0.05,2.95
2026-08-10 19:21:00+00:00,False,True,True,TP,3.0,1786400565904.0,1786400734653.0,AMP_ALL,D1.00_E5M,0.05,0.0
2026-08-10 19:51:00+00:00,True,False,True,SL,-1.0,1786402358253.0,1786402518003.0,AMP_ALL,D1.00_E5M,0.05,-1.05
2026-08-10 22:45:00+00:00,True,False,False,NO_FILL,0.0,,,AMP_ALL,D1.00_E5M,0.05,0.0
2026-08-11 00:08:00+00:00,True,False,False,NO_FILL,0.0,,,AMP_ALL,D1.00_E5M,0.05,0.0
2026-08-11 00:09:00+00:00,False,True,False,NO_FILL,0.0,,,AMP_ALL,D1.00_E5M,0.05,0.0
2026-08-11 04:33:00+00:00,True,False,True,SL,-1.0,1786433659058.0,1786433732105.0,AMP_ALL,D1.00_E5M,0.05,-1.05
2026-08-11 06:08:00+00:00,True,False,True,SL,-1.0,1786439463755.0,1786439666855.0,AMP_ALL,D1.00_E5M,0.05,-1.05
2026-08-11 06:09:00+00:00,False,True,True,SL,-1.0,1786439433906.0,1786439646458.0,AMP_ALL,D1.00_E5M,0.05,0.0
2026-08-11 07:26:00+00:00,True,False,True,SL,-1.0,1786444167759.0,1786444280258.0,AMP_ALL,D1.00_E5M,0.05,-1.05
2026-08-11 08:28:00+00:00,True,False,False,NO_FILL,0.0,,,AMP_ALL,D1.00_E5M,0.05,0.0
2026-08-11 10:59:00+00:00,True,False,True,TP,3.0,1786456844553.0,1786456869312.0,AMP_ALL,D1.00_E5M,0.05,2.95
2026-08-12 02:42:00+00:00,True,False,True,TP,3.0,1786513483958.0,1786514001006.0,AMP_ALL,D1.00_E5M,0.05,2.95
2026-08-12 02:50:00+00:00,False,True,False,NO_FILL,0.0,,,AMP_ALL,D1.00_E5M,0.05,0.0
2026-08-12 06:45:00+00:00,True,False,False,NO_FILL,0.0,,,AMP_ALL,D1.00_E5M,0.05,0.0
2026-08-12 06:51:00+00:00,True,False,True,SL,-1.0,1786528411509.0,1786530030755.0,AMP_ALL,D1.00_E5M,0.05,-1.05
2026-08-12 06:55:00+00:00,False,True,False,NO_FILL,0.0,,,AMP_ALL,D1.00_E5M,0.05,0.0
2026-08-12 07:42:00+00:00,True,False,True,SL,-1.0,1786531549202.0,1786532213857.0,AMP_ALL,D1.00_E5M,0.05,-1.05
2026-08-12 07:48:00+00:00,False,True,True,SL,-1.0,1786531848904.0,1786532198103.0,AMP_ALL,D1.00_E5M,0.05,0.0
2026-08-12 09:15:00+00:00,True,False,True,SL,-1.0,1786536968255.0,1786537286552.0,AMP_ALL,D1.00_E5M,0.05,-1.05
2026-08-12 18:33:00+00:00,True,False,True,TP,3.0,1786570718104.0,1786571354108.0,AMP_ALL,D1.00_E5M,0.05,2.95
2026-08-12 18:44:00+00:00,False,True,False,NO_FILL,0.0,,,AMP_ALL,D1.00_E5M,0.05,0.0
2026-08-12 22:57:00+00:00,True,False,True,TP,3.0,1786586302660.0,1786586918254.0,AMP_ALL,D1.00_E5M,0.05,2.95
2026-08-12 23:00:00+00:00,False,True,False,NO_FILL,0.0,,,AMP_ALL,D1.00_E5M,0.05,0.0
2026-08-12 23:16:00+00:00,True,False,False,NO_FILL,0.0,,,AMP_ALL,D1.00_E5M,0.05,0.0
2026-08-13 04:24:00+00:00,True,False,False,NO_FILL,0.0,,,AMP_ALL,D1.00_E5M,0.05,0.0
2026-08-13 05:11:00+00:00,True,False,False,NO_FILL,0.0,,,AMP_ALL,D1.00_E5M,0.05,0.0
2026-08-13 05:14:00+00:00,False,True,True,SL,-1.0,1786609008456.0,1786609870360.0,AMP_ALL,D1.00_E5M,0.05,0.0
2026-08-13 05:26:00+00:00,True,False,True,SL,-1.0,1786609803157.0,1786609818158.0,AMP_ALL,D1.00_E5M,0.05,-1.05
2026-08-13 08:48:00+00:00,True,False,True,SL,-1.0,1786621845756.0,1786622031607.0,AMP_ALL,D1.00_E5M,0.05,-1.05
2026-08-13 09:57:00+00:00,True,False,False,NO_FILL,0.0,,,AMP_ALL,D1.00_E5M,0.05,0.0
2026-08-13 10:37:00+00:00,True,False,False,NO_FILL,0.0,,,AMP_ALL,D1.00_E5M,0.05,0.0
2026-08-13 10:43:00+00:00,True,False,True,TIMEOUT,1.5868973772993449,1786628738405.0,1786630440023.0,AMP_ALL,D1.00_E5M,0.05,1.5368973772993448
2026-08-13 10:50:00+00:00,False,True,False,NO_FILL,0.0,,,AMP_ALL,D1.00_E5M,0.05,0.0
2026-08-13 11:14:00+00:00,False,True,True,SL,-1.0,1786630662008.0,1786630938458.0,AMP_ALL,D1.00_E5M,0.05,0.0
2026-08-13 16:29:00+00:00,True,False,False,NO_FILL,0.0,,,AMP_ALL,D1.00_E5M,0.05,0.0
2026-08-13 17:06:00+00:00,True,False,False,NO_FILL,0.0,,,AMP_ALL,D1.00_E5M,0.05,0.0
2026-08-13 19:38:00+00:00,True,False,True,SL,-1.0,1786660827457.0,1786661114103.0,AMP_ALL,D1.00_E5M,0.05,-1.05
2026-08-13 23:09:00+00:00,True,False,True,TIMEOUT,1.2320360970106112,1786673449056.0,1786675200306.0,AMP_ALL,D1.00_E5M,0.05,1.1820360970106112
2026-08-13 23:25:00+00:00,False,True,True,SL,-1.0,1786674448506.0,1786676057855.0,AMP_ALL,D1.00_E5M,0.05,0.0
2026-08-14 03:13:00+00:00,True,False,True,TIMEOUT,1.1208666553229147,1786688046156.0,1786689840015.0,AMP_ALL,D1.00_E5M,0.05,1.0708666553229147
2026-08-14 04:12:00+00:00,True,False,False,NO_FILL,0.0,,,AMP_ALL,D1.00_E5M,0.05,0.0
2026-08-14 05:36:00+00:00,True,False,False,NO_FILL,0.0,,,AMP_ALL,D1.00_E5M,0.05,0.0
2026-08-14 05:50:00+00:00,True,False,False,NO_FILL,0.0,,,AMP_ALL,D1.00_E5M,0.05,0.0
2026-08-14 07:41:00+00:00,True,False,True,TP,3.0,1786704200260.0,1786705105354.0,AMP_ALL,D1.00_E5M,0.05,2.95
2026-08-14 07:58:00+00:00,False,True,True,TIMEOUT,0.9658692185010193,1786705423060.0,1786706940153.0,AMP_ALL,D1.00_E5M,0.05,0.0
2026-08-14 09:14:00+00:00,True,False,True,TIMEOUT,2.1035336484354668,1786709936103.0,1786711500159.0,AMP_ALL,D1.00_E5M,0.05,2.053533648435467
2026-08-14 14:12:00+00:00,True,False,True,SL,-1.0,1786727669255.0,1786727973003.0,AMP_ALL,D1.00_E5M,0.05,-1.05
2026-08-14 15:01:00+00:00,True,False,False,NO_FILL,0.0,,,AMP_ALL,D1.00_E5M,0.05,0.0
2026-08-14 18:03:00+00:00,True,False,False,NO_FILL,0.0,,,AMP_ALL,D1.00_E5M,0.05,0.0
2026-08-14 18:38:00+00:00,True,False,True,SL,-1.0,1786743823804.0,1786743836108.0,AMP_ALL,D1.00_E5M,0.05,-1.05
2026-08-14 19:09:00+00:00,True,False,False,NO_FILL,0.0,,,AMP_ALL,D1.00_E5M,0.05,0.0
2026-08-16 22:51:00+00:00,True,False,False,NO_FILL,0.0,,,AMP_ALL,D1.00_E5M,0.05,0.0
2026-08-16 22:52:00+00:00,False,True,False,NO_FILL,0.0,,,AMP_ALL,D1.00_E5M,0.05,0.0
2026-08-17 03:29:00+00:00,True,False,True,TIMEOUT,2.294650594815641,1786948235855.0,1786950000159.0,AMP_ALL,D1.00_E5M,0.05,2.244650594815641
2026-08-17 05:19:00+00:00,True,False,True,TP,3.0,1786954838556.0,1786955396857.0,AMP_ALL,D1.00_E5M,0.05,2.95
2026-08-17 05:28:00+00:00,False,True,False,NO_FILL,0.0,,,AMP_ALL,D1.00_E5M,0.05,0.0
2026-08-17 06:50:00+00:00,True,False,False,NO_FILL,0.0,,,AMP_ALL,D1.00_E5M,0.05,0.0
2026-08-17 09:06:00+00:00,True,False,False,NO_FILL,0.0,,,AMP_ALL,D1.00_E5M,0.05,0.0
2026-08-17 09:09:00+00:00,False,True,False,NO_FILL,0.0,,,AMP_ALL,D1.00_E5M,0.05,0.0
2026-08-17 13:38:00+00:00,True,False,True,SL,-1.0,1786984774803.0,1786984803606.0,AMP_ALL,D1.00_E5M,0.05,-1.05
2026-08-17 15:55:00+00:00,True,False,True,TIMEOUT,-0.8654970760230195,1786993160852.0,1786994760454.0,AMP_ALL,D1.00_E5M,0.05,-0.9154970760230196
2026-08-17 23:16:00+00:00,True,False,True,TP,3.0,1787019433357.0,1787020333808.0,AMP_ALL,D1.00_E5M,0.05,2.95
2026-08-17 23:25:00+00:00,False,True,False,NO_FILL,0.0,,,AMP_ALL,D1.00_E5M,0.05,0.0
2026-08-18 07:29:00+00:00,True,False,True,SL,-1.0,1787049088658.0,1787049151055.0,AMP_ALL,D1.00_E5M,0.05,-1.05
2026-08-18 08:35:00+00:00,True,False,False,NO_FILL,0.0,,,AMP_ALL,D1.00_E5M,0.05,0.0
2026-08-18 12:04:00+00:00,True,False,True,SL,-1.0,1787065613561.0,1787065666509.0,AMP_ALL,D1.00_E5M,0.05,-1.05
2026-08-18 16:08:00+00:00,True,False,True,SL,-1.0,1787080266306.0,1787080554308.0,AMP_ALL,D1.00_E5M,0.05,-1.05
2026-08-18 23:52:00+00:00,True,False,True,TP,3.0,1787108004606.0,1787108629204.0,AMP_ALL,D1.00_E5M,0.05,2.95
2026-08-19 00:13:00+00:00,True,False,False,NO_FILL,0.0,,,AMP_ALL,D1.00_E5M,0.05,0.0
2026-08-19 01:31:00+00:00,True,False,False,NO_FILL,0.0,,,AMP_ALL,D1.00_E5M,0.05,0.0
2026-08-19 01:33:00+00:00,False,True,False,NO_FILL,0.0,,,AMP_ALL,D1.00_E5M,0.05,0.0
2026-08-19 01:37:00+00:00,True,False,False,NO_FILL,0.0,,,AMP_ALL,D1.00_E5M,0.05,0.0
2026-08-19 05:28:00+00:00,True,False,True,SL,-1.0,1787128201506.0,1787128202706.0,AMP_ALL,D1.00_E5M,0.05,-1.05
2026-08-19 06:53:00+00:00,True,False,False,NO_FILL,0.0,,,AMP_ALL,D1.00_E5M,0.05,0.0
2026-08-19 07:23:00+00:00,True,False,False,NO_FILL,0.0,,,AMP_ALL,D1.00_E5M,0.05,0.0
2026-08-19 07:26:00+00:00,False,True,False,NO_FILL,0.0,,,AMP_ALL,D1.00_E5M,0.05,0.0
2026-08-19 08:04:00+00:00,True,False,False,NO_FILL,0.0,,,AMP_ALL,D1.00_E5M,0.05,0.0
2026-08-19 08:09:00+00:00,True,False,False,NO_FILL,0.0,,,AMP_ALL,D1.00_E5M,0.05,0.0
2026-08-19 09:41:00+00:00,True,False,True,TIMEOUT,1.22592801959648,1787143383605.0,1787145120161.0,AMP_ALL,D1.00_E5M,0.05,1.1759280195964799
2026-08-19 10:13:00+00:00,True,False,False,NO_FILL,0.0,,,AMP_ALL,D1.00_E5M,0.05,0.0
2026-08-19 12:32:00+00:00,True,False,False,NO_FILL,0.0,,,AMP_ALL,D1.00_E5M,0.05,0.0
2026-08-19 14:12:00+00:00,True,False,False,NO_FILL,0.0,,,AMP_ALL,D1.00_E5M,0.05,0.0
2026-08-19 18:04:00+00:00,True,False,True,SL,-1.0,1787173522058.0,1787173542603.0,AMP_ALL,D1.00_E5M,0.05,-1.05
2026-08-19 18:53:00+00:00,True,False,False,NO_FILL,0.0,,,AMP_ALL,D1.00_E5M,0.05,0.0
2026-08-20 03:34:00+00:00,True,False,True,TIMEOUT,-0.3492845895804252,1787207757908.0,1787209500006.0,AMP_ALL,D1.00_E5M,0.05,-0.3992845895804252
2026-08-20 13:35:00+00:00,True,False,True,TIMEOUT,0.4754653130288259,1787243826758.0,1787245560008.0,AMP_ALL,D1.00_E5M,0.05,0.4254653130288259
2026-08-20 14:23:00+00:00,True,False,True,TP,3.0,1787246864408.0,1787247996004.0,AMP_ALL,D1.00_E5M,0.05,2.95
2026-08-20 14:33:00+00:00,False,True,True,TP,3.0,1787247315310.0,1787248193706.0,AMP_ALL,D1.00_E5M,0.05,0.0
2026-08-20 14:35:00+00:00,False,True,True,TP,3.0,1787247623711.0,1787248407309.0,AMP_ALL,D1.00_E5M,0.05,0.0
2026-08-20 14:45:00+00:00,False,True,False,NO_FILL,0.0,,,AMP_ALL,D1.00_E5M,0.05,0.0
2026-08-20 15:00:00+00:00,True,False,False,NO_FILL,0.0,,,AMP_ALL,D1.00_E5M,0.05,0.0
2026-08-21 01:12:00+00:00,True,False,False,NO_FILL,0.0,,,AMP_ALL,D1.00_E5M,0.05,0.0
2026-08-21 01:14:00+00:00,False,True,False,NO_FILL,0.0,,,AMP_ALL,D1.00_E5M,0.05,0.0
2026-08-21 01:23:00+00:00,True,False,False,NO_FILL,0.0,,,AMP_ALL,D1.00_E5M,0.05,0.0
2026-08-21 04:30:00+00:00,True,False,True,SL,-1.0,1787297566210.0,1787297785057.0,AMP_ALL,D1.00_E5M,0.05,-1.05
2026-08-21 05:44:00+00:00,True,False,False,NO_FILL,0.0,,,AMP_ALL,D1.00_E5M,0.05,0.0
2026-08-21 05:48:00+00:00,False,True,False,NO_FILL,0.0,,,AMP_ALL,D1.00_E5M,0.05,0.0
2026-08-21 05:51:00+00:00,True,False,False,NO_FILL,0.0,,,AMP_ALL,D1.00_E5M,0.05,0.0
2026-08-21 06:35:00+00:00,True,False,True,TIMEOUT,0.333630686886841,1787305227606.0,1787306760007.0,AMP_ALL,D1.00_E5M,0.05,0.283630686886841
2026-08-21 06:48:00+00:00,False,True,False,NO_FILL,0.0,,,AMP_ALL,D1.00_E5M,0.05,0.0
2026-08-21 07:47:00+00:00,True,False,True,SL,-1.0,1787309311207.0,1787309639554.0,AMP_ALL,D1.00_E5M,0.05,-1.05
2026-08-21 08:17:00+00:00,True,False,False,NO_FILL,0.0,,,AMP_ALL,D1.00_E5M,0.05,0.0
2026-08-21 08:19:00+00:00,False,True,False,NO_FILL,0.0,,,AMP_ALL,D1.00_E5M,0.05,0.0
2026-08-21 09:04:00+00:00,True,False,False,NO_FILL,0.0,,,AMP_ALL,D1.00_E5M,0.05,0.0
2026-08-21 09:06:00+00:00,False,True,False,NO_FILL,0.0,,,AMP_ALL,D1.00_E5M,0.05,0.0
2026-08-21 11:36:00+00:00,True,False,True,SL,-1.0,1787323148702.0,1787323215907.0,AMP_ALL,D1.00_E5M,0.05,-1.05
2026-08-21 13:37:00+00:00,True,False,False,NO_FILL,0.0,,,AMP_ALL,D1.00_E5M,0.05,0.0
2026-08-21 15:15:00+00:00,True,False,False,NO_FILL,0.0,,,AMP_ALL,D1.00_E5M,0.05,0.0
2026-08-23 23:21:00+00:00,True,False,False,NO_FILL,0.0,,,AMP_ALL,D1.00_E5M,0.05,0.0
2026-08-23 23:34:00+00:00,True,False,True,SL,-1.0,1787538952507.0,1787539195353.0,AMP_ALL,D1.00_E5M,0.05,-1.05
2026-08-23 23:36:00+00:00,False,True,True,SL,-1.0,1787539158003.0,1787539195353.0,AMP_ALL,D1.00_E5M,0.05,0.0
2026-08-23 23:54:00+00:00,True,False,False,NO_FILL,0.0,,,AMP_ALL,D1.00_E5M,0.05,0.0
2026-08-24 00:53:00+00:00,True,False,False,NO_FILL,0.0,,,AMP_ALL,D1.00_E5M,0.05,0.0
2026-08-24 02:10:00+00:00,True,False,False,NO_FILL,0.0,,,AMP_ALL,D1.00_E5M,0.05,0.0
2026-08-24 02:17:00+00:00,True,False,True,SL,-1.0,1787548821309.0,1787549994905.0,AMP_ALL,D1.00_E5M,0.05,-1.05
2026-08-24 06:06:00+00:00,True,False,True,TP,3.0,1787562476254.0,1787563024205.0,AMP_ALL,D1.00_E5M,0.05,2.95
2026-08-24 10:03:00+00:00,True,False,True,SL,-1.0,1787576662053.0,1787576808755.0,AMP_ALL,D1.00_E5M,0.05,-1.05
2026-08-24 13:05:00+00:00,True,False,False,NO_FILL,0.0,,,AMP_ALL,D1.00_E5M,0.05,0.0
2026-08-24 23:00:00+00:00,True,False,True,SL,-1.0,1787623285803.0,1787623645510.0,AMP_ALL,D1.00_E5M,0.05,-1.05
2026-08-24 23:15:00+00:00,True,False,False,NO_FILL,0.0,,,AMP_ALL,D1.00_E5M,0.05,0.0
2026-08-25 05:05:00+00:00,True,False,False,NO_FILL,0.0,,,AMP_ALL,D1.00_E5M,0.05,0.0
2026-08-25 05:15:00+00:00,True,False,False,NO_FILL,0.0,,,AMP_ALL,D1.00_E5M,0.05,0.0
2026-08-25 05:19:00+00:00,False,True,False,NO_FILL,0.0,,,AMP_ALL,D1.00_E5M,0.05,0.0
2026-08-25 05:20:00+00:00,True,False,True,SL,-1.0,1787646132006.0,1787646642304.0,AMP_ALL,D1.00_E5M,0.05,-1.05
2026-08-25 06:24:00+00:00,True,False,True,SL,-1.0,1787650192056.0,1787651100158.0,AMP_ALL,D1.00_E5M,0.05,-1.05
2026-08-25 08:22:00+00:00,True,False,False,NO_FILL,0.0,,,AMP_ALL,D1.00_E5M,0.05,0.0
2026-08-25 14:37:00+00:00,True,False,False,NO_FILL,0.0,,,AMP_ALL,D1.00_E5M,0.05,0.0
2026-08-25 15:33:00+00:00,True,False,False,NO_FILL,0.0,,,AMP_ALL,D1.00_E5M,0.05,0.0
2026-08-25 18:57:00+00:00,True,False,True,TP,3.0,1787695099057.0,1787695650005.0,AMP_ALL,D1.00_E5M,0.05,2.95
2026-08-25 19:07:00+00:00,False,True,False,NO_FILL,0.0,,,AMP_ALL,D1.00_E5M,0.05,0.0
2026-08-26 02:41:00+00:00,True,False,False,NO_FILL,0.0,,,AMP_ALL,D1.00_E5M,0.05,0.0
2026-08-26 05:02:00+00:00,True,False,True,TP,3.0,1787731417357.0,1787733026708.0,AMP_ALL,D1.00_E5M,0.05,2.95
2026-08-26 05:09:00+00:00,False,True,True,SL,-1.0,1787731919704.0,1787731959909.0,AMP_ALL,D1.00_E5M,0.05,0.0
2026-08-26 06:04:00+00:00,True,False,True,SL,-1.0,1787735112154.0,1787735477257.0,AMP_ALL,D1.00_E5M,0.05,-1.05
2026-08-26 11:18:00+00:00,True,False,True,SL,-1.0,1787754054009.0,1787754091806.0,AMP_ALL,D1.00_E5M,0.05,-1.05
2026-08-26 17:30:00+00:00,True,False,True,SL,-1.0,1787776323909.0,1787777757303.0,AMP_ALL,D1.00_E5M,0.05,-1.05
2026-08-26 23:17:00+00:00,True,False,False,NO_FILL,0.0,,,AMP_ALL,D1.00_E5M,0.05,0.0
2026-08-27 01:03:00+00:00,True,False,False,NO_FILL,0.0,,,AMP_ALL,D1.00_E5M,0.05,0.0
2026-08-27 01:14:00+00:00,True,False,True,TIMEOUT,0.4042379788102158,1787804199906.0,1787805900460.0,AMP_ALL,D1.00_E5M,0.05,0.3542379788102158
2026-08-27 01:37:00+00:00,False,True,False,NO_FILL,0.0,,,AMP_ALL,D1.00_E5M,0.05,0.0
2026-08-27 08:56:00+00:00,True,False,True,SL,-1.0,1787831980956.0,1787832148053.0,AMP_ALL,D1.00_E5M,0.05,-1.05
2026-08-27 10:57:00+00:00,True,False,True,TP,3.0,1787839236012.0,1787840548507.0,AMP_ALL,D1.00_E5M,0.05,2.95
2026-08-27 12:02:00+00:00,True,False,True,SL,-1.0,1787843059952.0,1787843137952.0,AMP_ALL,D1.00_E5M,0.05,-1.05
2026-08-27 14:35:00+00:00,True,False,False,NO_FILL,0.0,,,AMP_ALL,D1.00_E5M,0.05,0.0
2026-08-27 15:41:00+00:00,True,False,True,TIMEOUT,1.2566507913597311,1787856247506.0,1787857920154.0,AMP_ALL,D1.00_E5M,0.05,1.206650791359731
2026-08-27 15:42:00+00:00,False,True,True,TIMEOUT,0.783998440773733,1787856216451.0,1787857980156.0,AMP_ALL,D1.00_E5M,0.05,0.0
2026-08-27 15:53:00+00:00,False,True,False,NO_FILL,0.0,,,AMP_ALL,D1.00_E5M,0.05,0.0
2026-08-27 16:33:00+00:00,True,False,False,NO_FILL,0.0,,,AMP_ALL,D1.00_E5M,0.05,0.0
2026-08-27 16:37:00+00:00,False,True,True,SL,-1.0,1787859486304.0,1787859499809.0,AMP_ALL,D1.00_E5M,0.05,0.0
2026-08-27 18:52:00+00:00,True,False,True,TP,3.0,1787867662658.0,1787868182103.0,AMP_ALL,D1.00_E5M,0.05,2.95
2026-08-27 19:02:00+00:00,False,True,True,SL,-1.0,1787868206108.0,1787868933154.0,AMP_ALL,D1.00_E5M,0.05,0.0
2026-08-27 19:08:00+00:00,True,False,True,SL,-1.0,1787868650706.0,1787868917255.0,AMP_ALL,D1.00_E5M,0.05,-1.05
2026-08-28 02:24:00+00:00,True,False,False,NO_FILL,0.0,,,AMP_ALL,D1.00_E5M,0.05,0.0
2026-08-28 03:24:00+00:00,True,False,True,SL,-1.0,1787898365705.0,1787898648904.0,AMP_ALL,D1.00_E5M,0.05,-1.05
2026-08-28 04:56:00+00:00,True,False,False,NO_FILL,0.0,,,AMP_ALL,D1.00_E5M,0.05,0.0
2026-08-28 06:59:00+00:00,True,False,True,SL,-1.0,1787911243355.0,1787911570652.0,AMP_ALL,D1.00_E5M,0.05,-1.05
2026-08-28 08:00:00+00:00,True,False,False,NO_FILL,0.0,,,AMP_ALL,D1.00_E5M,0.05,0.0
2026-08-28 09:31:00+00:00,True,False,True,TIMEOUT,0.6808834729628682,1787920418557.0,1787922120158.0,AMP_ALL,D1.00_E5M,0.05,0.6308834729628682
2026-08-28 14:35:00+00:00,True,False,True,SL,-1.0,1787938797908.0,1787939417405.0,AMP_ALL,D1.00_E5M,0.05,-1.05
2026-08-28 19:01:00+00:00,True,False,True,TIMEOUT,1.1123744551827175,1787954547305.0,1787956320155.0,AMP_ALL,D1.00_E5M,0.05,1.0623744551827174
2026-08-30 23:08:00+00:00,True,False,True,SL,-1.0,1788142190556.0,1788142412555.0,AMP_ALL,D1.00_E5M,0.05,-1.05
2026-08-31 04:37:00+00:00,True,False,True,TIMEOUT,1.0656011893702573,1788162046808.0,1788163680155.0,AMP_ALL,D1.00_E5M,0.05,1.0156011893702572
2026-08-31 05:20:00+00:00,True,False,True,TP,3.0,1788164489104.0,1788164914505.0,AMP_ALL,D1.00_E5M,0.05,2.95
2026-08-31 06:45:00+00:00,True,False,True,SL,-1.0,1788169822205.0,1788170008803.0,AMP_ALL,D1.00_E5M,0.05,-1.05
2026-08-31 08:02:00+00:00,True,False,True,SL,-1.0,1788174367951.0,1788174423157.0,AMP_ALL,D1.00_E5M,0.05,-1.05
2026-08-31 09:12:00+00:00,True,False,False,NO_FILL,0.0,,,AMP_ALL,D1.00_E5M,0.05,0.0
2026-08-31 11:25:00+00:00,True,False,False,NO_FILL,0.0,,,AMP_ALL,D1.00_E5M,0.05,0.0
2026-08-31 11:28:00+00:00,False,True,True,SL,-1.0,1788186658507.0,1788186831306.0,AMP_ALL,D1.00_E5M,0.05,0.0
2026-08-31 16:29:00+00:00,True,False,True,SL,-1.0,1788204676809.0,1788204944555.0,AMP_ALL,D1.00_E5M,0.05,-1.05
2026-08-31 17:42:00+00:00,True,False,False,NO_FILL,0.0,,,AMP_ALL,D1.00_E5M,0.05,0.0
2026-08-31 19:23:00+00:00,True,False,False,NO_FILL,0.0,,,AMP_ALL,D1.00_E5M,0.05,0.0
2026-08-31 23:32:00+00:00,True,False,True,SL,-1.0,1788229991408.0,1788230119809.0,AMP_ALL,D1.00_E5M,0.05,-1.05
2026-09-01 00:20:00+00:00,True,False,True,SL,-1.0,1788233130907.0,1788233851053.0,AMP_ALL,D1.00_E5M,0.05,-1.05
2026-09-01 02:04:00+00:00,True,False,True,SL,-1.0,1788239282707.0,1788239345408.0,AMP_ALL,D1.00_E5M,0.05,-1.05
2026-09-01 03:45:00+00:00,True,False,False,NO_FILL,0.0,,,AMP_ALL,D1.00_E5M,0.05,0.0
2026-09-01 05:44:00+00:00,True,False,False,NO_FILL,0.0,,,AMP_ALL,D1.00_E5M,0.05,0.0
2026-09-01 11:46:00+00:00,True,False,False,NO_FILL,0.0,,,AMP_ALL,D1.00_E5M,0.05,0.0
2026-09-01 19:12:00+00:00,True,False,False,NO_FILL,0.0,,,AMP_ALL,D1.00_E5M,0.05,0.0
2026-09-01 20:05:00+00:00,True,False,True,SL,-1.0,1788303979208.0,1788304540955.0,AMP_ALL,D1.00_E5M,0.05,-1.05
2026-09-02 01:15:00+00:00,True,False,True,SL,-1.0,1788322747808.0,1788323637459.0,AMP_ALL,D1.00_E5M,0.05,-1.05
2026-09-02 02:20:00+00:00,True,False,True,TP,3.0,1788326559758.0,1788327489752.0,AMP_ALL,D1.00_E5M,0.05,2.95
2026-09-02 02:37:00+00:00,False,True,False,NO_FILL,0.0,,,AMP_ALL,D1.00_E5M,0.05,0.0
2026-09-02 05:12:00+00:00,True,False,False,NO_FILL,0.0,,,AMP_ALL,D1.00_E5M,0.05,0.0
2026-09-02 07:10:00+00:00,True,False,True,TIMEOUT,-0.2378972520908011,1788344073458.0,1788345660008.0,AMP_ALL,D1.00_E5M,0.05,-0.2878972520908011
2026-09-03 02:50:00+00:00,True,False,True,TP,3.0,1788414705754.0,1788415935758.0,AMP_ALL,D1.00_E5M,0.05,2.95
2026-09-03 03:07:00+00:00,False,True,True,TP,3.0,1788415838706.0,1788417048007.0,AMP_ALL,D1.00_E5M,0.05,0.0
2026-09-03 05:00:00+00:00,True,False,True,SL,-1.0,1788422470359.0,1788422476207.0,AMP_ALL,D1.00_E5M,0.05,-1.05
2026-09-03 11:40:00+00:00,True,False,False,NO_FILL,0.0,,,AMP_ALL,D1.00_E5M,0.05,0.0
2026-09-03 11:45:00+00:00,True,False,True,SL,-1.0,1788446806954.0,1788446898455.0,AMP_ALL,D1.00_E5M,0.05,-1.05
2026-09-03 19:41:00+00:00,True,False,False,NO_FILL,0.0,,,AMP_ALL,D1.00_E5M,0.05,0.0
2026-09-04 07:29:00+00:00,True,False,False,NO_FILL,0.0,,,AMP_ALL,D1.00_E5M,0.05,0.0
2026-09-04 07:34:00+00:00,True,False,False,NO_FILL,0.0,,,AMP_ALL,D1.00_E5M,0.05,0.0
2026-09-04 07:35:00+00:00,False,True,False,NO_FILL,0.0,,,AMP_ALL,D1.00_E5M,0.05,0.0
2026-09-04 07:41:00+00:00,True,False,False,NO_FILL,0.0,,,AMP_ALL,D1.00_E5M,0.05,0.0
2026-09-04 07:42:00+00:00,False,True,False,NO_FILL,0.0,,,AMP_ALL,D1.00_E5M,0.05,0.0
2026-09-04 10:32:00+00:00,True,False,True,SL,-1.0,1788528922509.0,1788529084055.0,AMP_ALL,D1.00_E5M,0.05,-1.05
2026-09-04 11:51:00+00:00,True,False,True,SL,-1.0,1788533558557.0,1788533941954.0,AMP_ALL,D1.00_E5M,0.05,-1.05
2026-09-04 13:23:00+00:00,True,False,False,NO_FILL,0.0,,,AMP_ALL,D1.00_E5M,0.05,0.0
2026-09-04 13:44:00+00:00,True,False,False,NO_FILL,0.0,,,AMP_ALL,D1.00_E5M,0.05,0.0
2026-09-04 14:25:00+00:00,True,False,True,SL,-1.0,1788542803060.0,1788544025861.0,AMP_ALL,D1.00_E5M,0.05,-1.05
2026-09-04 15:14:00+00:00,True,False,False,NO_FILL,0.0,,,AMP_ALL,D1.00_E5M,0.05,0.0
2026-09-04 19:11:00+00:00,True,False,False,NO_FILL,0.0,,,AMP_ALL,D1.00_E5M,0.05,0.0
2026-09-04 19:33:00+00:00,True,False,True,SL,-1.0,1788561329860.0,1788562045505.0,AMP_ALL,D1.00_E5M,0.05,-1.05
2026-09-07 00:11:00+00:00,True,False,True,SL,-1.0,1788750848409.0,1788751816202.0,AMP_ALL,D1.00_E5M,0.05,-1.05
2026-09-07 04:09:00+00:00,True,False,False,NO_FILL,0.0,,,AMP_ALL,D1.00_E5M,0.05,0.0
2026-09-07 05:04:00+00:00,True,False,True,SL,-1.0,1788768553507.0,1788768685657.0,AMP_ALL,D1.00_E5M,0.05,-1.05
2026-09-07 05:27:00+00:00,True,False,True,SL,-1.0,1788769828053.0,1788770009715.0,AMP_ALL,D1.00_E5M,0.05,-1.05
2026-09-07 07:55:00+00:00,True,False,True,TP,3.0,1788778588812.0,1788778981508.0,AMP_ALL,D1.00_E5M,0.05,2.95
2026-09-07 11:46:00+00:00,True,False,False,NO_FILL,0.0,,,AMP_ALL,D1.00_E5M,0.05,0.0
2026-09-07 12:10:00+00:00,True,False,True,TIMEOUT,2.178748180494891,1788793970107.0,1788795660005.0,AMP_ALL,D1.00_E5M,0.05,2.1287481804948913
2026-09-07 13:25:00+00:00,True,False,True,TIMEOUT,-0.1249903437618839,1788798550811.0,1788800160157.0,AMP_ALL,D1.00_E5M,0.05,-0.1749903437618839
2026-09-08 06:43:00+00:00,True,False,False,NO_FILL,0.0,,,AMP_ALL,D1.00_E5M,0.05,0.0
2026-09-08 11:25:00+00:00,True,False,False,NO_FILL,0.0,,,AMP_ALL,D1.00_E5M,0.05,0.0
2026-09-08 15:11:00+00:00,True,False,True,SL,-1.0,1788891151356.0,1788891690610.0,AMP_ALL,D1.00_E5M,0.05,-1.05
2026-09-08 23:26:00+00:00,True,False,False,NO_FILL,0.0,,,AMP_ALL,D1.00_E5M,0.05,0.0
2026-09-09 05:01:00+00:00,True,False,True,SL,-1.0,1788940990654.0,1788941076904.0,AMP_ALL,D1.00_E5M,0.05,-1.05
2026-09-09 07:36:00+00:00,True,False,True,TIMEOUT,1.1007751937981778,1788950315402.0,1788952020158.0,AMP_ALL,D1.00_E5M,0.05,1.0507751937981777
2026-09-09 10:53:00+00:00,True,False,False,NO_FILL,0.0,,,AMP_ALL,D1.00_E5M,0.05,0.0
2026-09-09 11:24:00+00:00,True,False,False,NO_FILL,0.0,,,AMP_ALL,D1.00_E5M,0.05,0.0
2026-09-09 12:57:00+00:00,True,False,True,TP,3.0,1788969571358.0,1788969930004.0,AMP_ALL,D1.00_E5M,0.05,2.95
2026-09-09 13:19:00+00:00,True,False,True,TP,3.0,1788970810206.0,1788971067459.0,AMP_ALL,D1.00_E5M,0.05,2.95
2026-09-09 13:24:00+00:00,False,True,False,NO_FILL,0.0,,,AMP_ALL,D1.00_E5M,0.05,0.0
2026-09-09 14:29:00+00:00,True,False,True,SL,-1.0,1788975073503.0,1788976521155.0,AMP_ALL,D1.00_E5M,0.05,-1.05
2026-09-09 14:39:00+00:00,False,True,True,SL,-1.0,1788975646808.0,1788975813157.0,AMP_ALL,D1.00_E5M,0.05,0.0
2026-09-09 16:25:00+00:00,True,False,True,TIMEOUT,2.233707865168556,1788982225059.0,1788983760159.0,AMP_ALL,D1.00_E5M,0.05,2.183707865168556
2026-09-10 00:18:00+00:00,True,False,True,SL,-1.0,1789010385905.0,1789010822708.0,AMP_ALL,D1.00_E5M,0.05,-1.05
2026-09-10 00:51:00+00:00,True,False,False,NO_FILL,0.0,,,AMP_ALL,D1.00_E5M,0.05,0.0
2026-09-10 01:07:00+00:00,True,False,False,NO_FILL,0.0,,,AMP_ALL,D1.00_E5M,0.05,0.0
2026-09-10 10:05:00+00:00,True,False,True,SL,-1.0,1789045647303.0,1789045690358.0,AMP_ALL,D1.00_E5M,0.05,-1.05
2026-09-10 11:25:00+00:00,True,False,False,NO_FILL,0.0,,,AMP_ALL,D1.00_E5M,0.05,0.0
2026-09-10 11:26:00+00:00,False,True,True,SL,-1.0,1789050615155.0,1789051647458.0,AMP_ALL,D1.00_E5M,0.05,0.0
2026-09-10 19:24:00+00:00,True,False,True,SL,-1.0,1789079362808.0,1789079897106.0,AMP_ALL,D1.00_E5M,0.05,-1.05
2026-09-11 00:06:00+00:00,True,False,True,SL,-1.0,1789096132805.0,1789096239904.0,AMP_ALL,D1.00_E5M,0.05,-1.05
2026-09-11 00:44:00+00:00,True,False,False,NO_FILL,0.0,,,AMP_ALL,D1.00_E5M,0.05,0.0
2026-09-11 03:42:00+00:00,True,False,True,SL,-1.0,1789109051259.0,1789109085607.0,AMP_ALL,D1.00_E5M,0.05,-1.05
2026-09-11 05:09:00+00:00,True,False,True,TIMEOUT,1.647228915662626,1789114272908.0,1789116000009.0,AMP_ALL,D1.00_E5M,0.05,1.597228915662626
2026-09-11 05:46:00+00:00,True,False,False,NO_FILL,0.0,,,AMP_ALL,D1.00_E5M,0.05,0.0
2026-09-11 05:55:00+00:00,True,False,True,TIMEOUT,0.9265794422438408,1789117034405.0,1789118760012.0,AMP_ALL,D1.00_E5M,0.05,0.8765794422438408
2026-09-11 08:00:00+00:00,True,False,True,SL,-1.0,1789124499153.0,1789124622304.0,AMP_ALL,D1.00_E5M,0.05,-1.05
2026-09-11 09:58:00+00:00,True,False,True,SL,-1.0,1789131726164.0,1789131727071.0,AMP_ALL,D1.00_E5M,0.05,-1.05
2026-09-11 15:27:00+00:00,True,False,False,NO_FILL,0.0,,,AMP_ALL,D1.00_E5M,0.05,0.0
2026-09-13 22:33:00+00:00,True,False,True,SL,-1.0,1789349710361.0,1789350207607.0,AMP_ALL,D1.00_E5M,0.05,-1.05
2026-09-14 00:06:00+00:00,True,False,False,NO_FILL,0.0,,,AMP_ALL,D1.00_E5M,0.05,0.0
2026-09-14 05:59:00+00:00,True,False,True,SL,-1.0,1789376693707.0,1789376825861.0,AMP_ALL,D1.00_E5M,0.05,-1.05
2026-09-14 10:18:00+00:00,True,False,True,TIMEOUT,1.5208415516104443,1789391962654.0,1789393740159.0,AMP_ALL,D1.00_E5M,0.05,1.4708415516104443
2026-09-14 15:28:00+00:00,True,False,False,NO_FILL,0.0,,,AMP_ALL,D1.00_E5M,0.05,0.0
2026-09-14 16:43:00+00:00,True,False,True,TP,3.0,1789415120262.0,1789415513408.0,AMP_ALL,D1.00_E5M,0.05,2.95
2026-09-15 02:00:00+00:00,True,False,False,NO_FILL,0.0,,,AMP_ALL,D1.00_E5M,0.05,0.0
2026-09-15 02:38:00+00:00,True,False,True,SL,-1.0,1789451002659.0,1789452093758.0,AMP_ALL,D1.00_E5M,0.05,-1.05
2026-09-15 09:41:00+00:00,True,False,True,TIMEOUT,1.5838246679769952,1789476313810.0,1789477920009.0,AMP_ALL,D1.00_E5M,0.05,1.5338246679769951
2026-09-15 12:53:00+00:00,True,False,True,SL,-1.0,1789487813420.0,1789487839059.0,AMP_ALL,D1.00_E5M,0.05,-1.05
2026-09-15 14:00:00+00:00,True,False,True,SL,-1.0,1789491686409.0,1789492604406.0,AMP_ALL,D1.00_E5M,0.05,-1.05
2026-09-15 15:55:00+00:00,True,False,True,SL,-1.0,1789498570358.0,1789498826858.0,AMP_ALL,D1.00_E5M,0.05,-1.05
2026-09-15 18:06:00+00:00,True,False,True,TP,3.0,1789506493053.0,1789506801606.0,AMP_ALL,D1.00_E5M,0.05,2.95
2026-09-15 18:12:00+00:00,False,True,False,NO_FILL,0.0,,,AMP_ALL,D1.00_E5M,0.05,0.0
2026-09-15 18:15:00+00:00,True,False,False,NO_FILL,0.0,,,AMP_ALL,D1.00_E5M,0.05,0.0
2026-08-07 01:07:00+00:00,True,False,True,TIMEOUT,0.2438203974936864,1786075756656.0,1786077480309.0,AMP_ALL,D0.75_E3M,0.05,0.1938203974936864
2026-08-07 03:03:00+00:00,True,False,False,NO_FILL,0.0,,,AMP_ALL,D0.75_E3M,0.05,0.0
2026-08-07 07:55:00+00:00,True,False,False,NO_FILL,0.0,,,AMP_ALL,D0.75_E3M,0.05,0.0
2026-08-07 08:33:00+00:00,True,False,True,SL,-1.0,1786102553254.0,1786102578458.0,AMP_ALL,D0.75_E3M,0.05,-1.05
2026-08-07 10:31:00+00:00,True,False,True,TIMEOUT,1.4576314446144387,1786109560052.0,1786111320305.0,AMP_ALL,D0.75_E3M,0.05,1.4076314446144387
2026-08-07 11:03:00+00:00,True,False,True,SL,-1.0,1786111510506.0,1786112087707.0,AMP_ALL,D0.75_E3M,0.05,-1.05
2026-08-07 13:37:00+00:00,True,False,False,NO_FILL,0.0,,,AMP_ALL,D0.75_E3M,0.05,0.0
2026-08-07 13:41:00+00:00,True,False,True,SL,-1.0,1786121000411.0,1786121162410.0,AMP_ALL,D0.75_E3M,0.05,-1.05
2026-08-07 14:22:00+00:00,True,False,False,NO_FILL,0.0,,,AMP_ALL,D0.75_E3M,0.05,0.0
2026-08-07 14:24:00+00:00,False,True,False,NO_FILL,0.0,,,AMP_ALL,D0.75_E3M,0.05,0.0
2026-08-07 19:00:00+00:00,True,False,False,NO_FILL,0.0,,,AMP_ALL,D0.75_E3M,0.05,0.0
2026-08-09 23:02:00+00:00,True,False,False,NO_FILL,0.0,,,AMP_ALL,D0.75_E3M,0.05,0.0
2026-08-10 03:21:00+00:00,True,False,True,TIMEOUT,1.0228172380314404,1786342990802.0,1786344720161.0,AMP_ALL,D0.75_E3M,0.05,0.9728172380314404
2026-08-10 03:28:00+00:00,False,True,True,SL,-1.0,1786343346303.0,1786344391054.0,AMP_ALL,D0.75_E3M,0.05,0.0
2026-08-10 04:10:00+00:00,True,False,False,NO_FILL,0.0,,,AMP_ALL,D0.75_E3M,0.05,0.0
2026-08-10 04:55:00+00:00,True,False,False,NO_FILL,0.0,,,AMP_ALL,D0.75_E3M,0.05,0.0
2026-08-10 04:59:00+00:00,True,False,True,SL,-1.0,1786348820854.0,1786348848757.0,AMP_ALL,D0.75_E3M,0.05,-1.05
2026-08-10 05:47:00+00:00,True,False,False,NO_FILL,0.0,,,AMP_ALL,D0.75_E3M,0.05,0.0
2026-08-10 11:25:00+00:00,True,False,True,SL,-1.0,1786372051057.0,1786373396408.0,AMP_ALL,D0.75_E3M,0.05,-1.05
2026-08-10 12:55:00+00:00,True,False,False,NO_FILL,0.0,,,AMP_ALL,D0.75_E3M,0.05,0.0
2026-08-10 14:17:00+00:00,True,False,False,NO_FILL,0.0,,,AMP_ALL,D0.75_E3M,0.05,0.0
2026-08-10 16:02:00+00:00,True,False,True,SL,-1.0,1786388611504.0,1786388668802.0,AMP_ALL,D0.75_E3M,0.05,-1.05
2026-08-10 19:05:00+00:00,True,False,False,NO_FILL,0.0,,,AMP_ALL,D0.75_E3M,0.05,0.0
2026-08-10 19:21:00+00:00,True,False,True,TP,3.0,1786400565904.0,1786400735858.0,AMP_ALL,D0.75_E3M,0.05,2.95
2026-08-10 19:51:00+00:00,True,False,True,SL,-1.0,1786402339208.0,1786402410907.0,AMP_ALL,D0.75_E3M,0.05,-1.05
2026-08-10 22:45:00+00:00,True,False,False,NO_FILL,0.0,,,AMP_ALL,D0.75_E3M,0.05,0.0
2026-08-11 00:08:00+00:00,True,False,False,NO_FILL,0.0,,,AMP_ALL,D0.75_E3M,0.05,0.0
2026-08-11 00:09:00+00:00,False,True,True,TP,3.0,1786417955412.0,1786418751304.0,AMP_ALL,D0.75_E3M,0.05,0.0
2026-08-11 04:33:00+00:00,True,False,True,SL,-1.0,1786433655454.0,1786433712456.0,AMP_ALL,D0.75_E3M,0.05,-1.05
2026-08-11 06:08:00+00:00,True,False,True,SL,-1.0,1786439434207.0,1786439647657.0,AMP_ALL,D0.75_E3M,0.05,-1.05
2026-08-11 06:09:00+00:00,False,True,True,SL,-1.0,1786439432853.0,1786439645854.0,AMP_ALL,D0.75_E3M,0.05,0.0
2026-08-11 07:26:00+00:00,True,False,True,SL,-1.0,1786444150654.0,1786444280105.0,AMP_ALL,D0.75_E3M,0.05,-1.05
2026-08-11 08:28:00+00:00,True,False,False,NO_FILL,0.0,,,AMP_ALL,D0.75_E3M,0.05,0.0
2026-08-11 10:59:00+00:00,True,False,True,TP,3.0,1786456827156.0,1786456869459.0,AMP_ALL,D0.75_E3M,0.05,2.95
2026-08-12 02:42:00+00:00,True,False,True,TP,3.0,1786513483958.0,1786514007154.0,AMP_ALL,D0.75_E3M,0.05,2.95
2026-08-12 02:50:00+00:00,False,True,False,NO_FILL,0.0,,,AMP_ALL,D0.75_E3M,0.05,0.0
2026-08-12 06:45:00+00:00,True,False,False,NO_FILL,0.0,,,AMP_ALL,D0.75_E3M,0.05,0.0
2026-08-12 06:51:00+00:00,True,False,True,SL,-1.0,1786528399953.0,1786529911804.0,AMP_ALL,D0.75_E3M,0.05,-1.05
2026-08-12 06:55:00+00:00,False,True,True,SL,-1.0,1786528739711.0,1786529756558.0,AMP_ALL,D0.75_E3M,0.05,0.0
2026-08-12 07:42:00+00:00,True,False,True,SL,-1.0,1786531461761.0,1786532213106.0,AMP_ALL,D0.75_E3M,0.05,-1.05
2026-08-12 07:48:00+00:00,False,True,True,SL,-1.0,1786531781852.0,1786532167058.0,AMP_ALL,D0.75_E3M,0.05,0.0
2026-08-12 09:15:00+00:00,True,False,True,SL,-1.0,1786536966906.0,1786537245904.0,AMP_ALL,D0.75_E3M,0.05,-1.05
2026-08-12 18:33:00+00:00,True,False,False,NO_FILL,0.0,,,AMP_ALL,D0.75_E3M,0.05,0.0
2026-08-12 18:44:00+00:00,True,False,False,NO_FILL,0.0,,,AMP_ALL,D0.75_E3M,0.05,0.0
2026-08-12 22:57:00+00:00,True,False,True,SL,-1.0,1786586302660.0,1786586304010.0,AMP_ALL,D0.75_E3M,0.05,-1.05
2026-08-12 23:00:00+00:00,True,False,True,TP,3.0,1786586463454.0,1786587001954.0,AMP_ALL,D0.75_E3M,0.05,2.95
2026-08-12 23:16:00+00:00,True,False,True,TIMEOUT,1.822460074753108,1786587433358.0,1786589221356.0,AMP_ALL,D0.75_E3M,0.05,1.7724600747531079
2026-08-13 04:24:00+00:00,True,False,False,NO_FILL,0.0,,,AMP_ALL,D0.75_E3M,0.05,0.0
2026-08-13 05:11:00+00:00,True,False,False,NO_FILL,0.0,,,AMP_ALL,D0.75_E3M,0.05,0.0
2026-08-13 05:14:00+00:00,True,False,True,SL,-1.0,1786608998105.0,1786609869756.0,AMP_ALL,D0.75_E3M,0.05,-1.05
2026-08-13 05:26:00+00:00,False,True,False,NO_FILL,0.0,,,AMP_ALL,D0.75_E3M,0.05,0.0
2026-08-13 08:48:00+00:00,True,False,True,SL,-1.0,1786621844405.0,1786622016607.0,AMP_ALL,D0.75_E3M,0.05,-1.05
2026-08-13 09:57:00+00:00,True,False,False,NO_FILL,0.0,,,AMP_ALL,D0.75_E3M,0.05,0.0
2026-08-13 10:37:00+00:00,True,False,False,NO_FILL,0.0,,,AMP_ALL,D0.75_E3M,0.05,0.0
2026-08-13 10:43:00+00:00,True,False,True,TIMEOUT,1.420230710632381,1786628732105.0,1786630440023.0,AMP_ALL,D0.75_E3M,0.05,1.370230710632381
2026-08-13 10:50:00+00:00,False,True,False,NO_FILL,0.0,,,AMP_ALL,D0.75_E3M,0.05,0.0
2026-08-13 11:14:00+00:00,False,True,True,SL,-1.0,1786630651954.0,1786630937858.0,AMP_ALL,D0.75_E3M,0.05,0.0
2026-08-13 16:29:00+00:00,True,False,False,NO_FILL,0.0,,,AMP_ALL,D0.75_E3M,0.05,0.0
2026-08-13 17:06:00+00:00,True,False,False,NO_FILL,0.0,,,AMP_ALL,D0.75_E3M,0.05,0.0
2026-08-13 19:38:00+00:00,True,False,True,SL,-1.0,1786660781253.0,1786661076904.0,AMP_ALL,D0.75_E3M,0.05,-1.05
2026-08-13 23:09:00+00:00,True,False,True,SL,-1.0,1786673439607.0,1786673563207.0,AMP_ALL,D0.75_E3M,0.05,-1.05
2026-08-13 23:25:00+00:00,True,False,True,SL,-1.0,1786674432453.0,1786676042403.0,AMP_ALL,D0.75_E3M,0.05,-1.05
2026-08-14 03:13:00+00:00,True,False,True,TIMEOUT,0.954199988656305,1786688042855.0,1786689840015.0,AMP_ALL,D0.75_E3M,0.05,0.9041999886563049
2026-08-14 04:12:00+00:00,True,False,False,NO_FILL,0.0,,,AMP_ALL,D0.75_E3M,0.05,0.0
2026-08-14 05:36:00+00:00,True,False,False,NO_FILL,0.0,,,AMP_ALL,D0.75_E3M,0.05,0.0
2026-08-14 05:50:00+00:00,True,False,False,NO_FILL,0.0,,,AMP_ALL,D0.75_E3M,0.05,0.0
2026-08-14 07:41:00+00:00,True,False,True,TP,3.0,1786704200260.0,1786705167307.0,AMP_ALL,D0.75_E3M,0.05,2.95
2026-08-14 07:58:00+00:00,False,True,False,NO_FILL,0.0,,,AMP_ALL,D0.75_E3M,0.05,0.0
2026-08-14 09:14:00+00:00,True,False,False,NO_FILL,0.0,,,AMP_ALL,D0.75_E3M,0.05,0.0
2026-08-14 14:12:00+00:00,True,False,True,SL,-1.0,1786727668057.0,1786727972402.0,AMP_ALL,D0.75_E3M,0.05,-1.05
2026-08-14 15:01:00+00:00,True,False,False,NO_FILL,0.0,,,AMP_ALL,D0.75_E3M,0.05,0.0
2026-08-14 18:03:00+00:00,True,False,False,NO_FILL,0.0,,,AMP_ALL,D0.75_E3M,0.05,0.0
2026-08-14 18:38:00+00:00,True,False,False,NO_FILL,0.0,,,AMP_ALL,D0.75_E3M,0.05,0.0
2026-08-14 19:09:00+00:00,True,False,False,NO_FILL,0.0,,,AMP_ALL,D0.75_E3M,0.05,0.0
2026-08-16 22:51:00+00:00,True,False,False,NO_FILL,0.0,,,AMP_ALL,D0.75_E3M,0.05,0.0
2026-08-16 22:52:00+00:00,False,True,False,NO_FILL,0.0,,,AMP_ALL,D0.75_E3M,0.05,0.0
2026-08-17 03:29:00+00:00,True,False,True,TIMEOUT,2.1279839281492188,1786948234504.0,1786950000159.0,AMP_ALL,D0.75_E3M,0.05,2.077983928149219
2026-08-17 05:19:00+00:00,True,False,True,TP,3.0,1786954838105.0,1786955399105.0,AMP_ALL,D0.75_E3M,0.05,2.95
2026-08-17 05:28:00+00:00,False,True,True,SL,-1.0,1786955414860.0,1786955704360.0,AMP_ALL,D0.75_E3M,0.05,0.0
2026-08-17 06:50:00+00:00,True,False,False,NO_FILL,0.0,,,AMP_ALL,D0.75_E3M,0.05,0.0
2026-08-17 09:06:00+00:00,True,False,False,NO_FILL,0.0,,,AMP_ALL,D0.75_E3M,0.05,0.0
2026-08-17 09:09:00+00:00,True,False,False,NO_FILL,0.0,,,AMP_ALL,D0.75_E3M,0.05,0.0
2026-08-17 13:38:00+00:00,True,False,True,SL,-1.0,1786984772558.0,1786984782005.0,AMP_ALL,D0.75_E3M,0.05,-1.05
2026-08-17 15:55:00+00:00,True,False,True,SL,-1.0,1786993051804.0,1786993424865.0,AMP_ALL,D0.75_E3M,0.05,-1.05
2026-08-17 23:16:00+00:00,True,False,True,TP,3.0,1787019420457.0,1787021012853.0,AMP_ALL,D0.75_E3M,0.05,2.95
2026-08-17 23:25:00+00:00,False,True,False,NO_FILL,0.0,,,AMP_ALL,D0.75_E3M,0.05,0.0
2026-08-18 07:29:00+00:00,True,False,True,SL,-1.0,1787049080408.0,1787049130956.0,AMP_ALL,D0.75_E3M,0.05,-1.05
2026-08-18 08:35:00+00:00,True,False,True,SL,-1.0,1787053019258.0,1787053743305.0,AMP_ALL,D0.75_E3M,0.05,-1.05
2026-08-18 12:04:00+00:00,True,False,True,SL,-1.0,1787065601109.0,1787065662008.0,AMP_ALL,D0.75_E3M,0.05,-1.05
2026-08-18 16:08:00+00:00,True,False,True,SL,-1.0,1787080237657.0,1787080522505.0,AMP_ALL,D0.75_E3M,0.05,-1.05
2026-08-18 23:52:00+00:00,True,False,True,TP,3.0,1787108004606.0,1787108629355.0,AMP_ALL,D0.75_E3M,0.05,2.95
2026-08-19 00:13:00+00:00,True,False,False,NO_FILL,0.0,,,AMP_ALL,D0.75_E3M,0.05,0.0
2026-08-19 01:31:00+00:00,True,False,False,NO_FILL,0.0,,,AMP_ALL,D0.75_E3M,0.05,0.0
2026-08-19 01:33:00+00:00,False,True,False,NO_FILL,0.0,,,AMP_ALL,D0.75_E3M,0.05,0.0
2026-08-19 01:37:00+00:00,True,False,False,NO_FILL,0.0,,,AMP_ALL,D0.75_E3M,0.05,0.0
2026-08-19 05:28:00+00:00,True,False,True,SL,-1.0,1787128200904.0,1787128202706.0,AMP_ALL,D0.75_E3M,0.05,-1.05
2026-08-19 06:53:00+00:00,True,False,False,NO_FILL,0.0,,,AMP_ALL,D0.75_E3M,0.05,0.0
2026-08-19 07:23:00+00:00,True,False,True,TP,3.0,1787135063558.0,1787135784306.0,AMP_ALL,D0.75_E3M,0.05,2.95
2026-08-19 07:26:00+00:00,False,True,True,TIMEOUT,-0.1372639478376838,1787135310454.0,1787137020155.0,AMP_ALL,D0.75_E3M,0.05,0.0
2026-08-19 08:04:00+00:00,True,False,False,NO_FILL,0.0,,,AMP_ALL,D0.75_E3M,0.05,0.0
2026-08-19 08:09:00+00:00,True,False,False,NO_FILL,0.0,,,AMP_ALL,D0.75_E3M,0.05,0.0
2026-08-19 09:41:00+00:00,True,False,True,TIMEOUT,1.0592613529298045,1787143369359.0,1787145120161.0,AMP_ALL,D0.75_E3M,0.05,1.0092613529298045
2026-08-19 10:13:00+00:00,True,False,False,NO_FILL,0.0,,,AMP_ALL,D0.75_E3M,0.05,0.0
2026-08-19 12:32:00+00:00,True,False,False,NO_FILL,0.0,,,AMP_ALL,D0.75_E3M,0.05,0.0
2026-08-19 14:12:00+00:00,True,False,False,NO_FILL,0.0,,,AMP_ALL,D0.75_E3M,0.05,0.0
2026-08-19 18:04:00+00:00,True,False,True,SL,-1.0,1787173519057.0,1787173534207.0,AMP_ALL,D0.75_E3M,0.05,-1.05
2026-08-19 18:53:00+00:00,True,False,True,TP,3.0,1787176468807.0,1787177329659.0,AMP_ALL,D0.75_E3M,0.05,2.95
2026-08-20 03:34:00+00:00,True,False,True,TIMEOUT,-0.5159512562473036,1787207707653.0,1787209500006.0,AMP_ALL,D0.75_E3M,0.05,-0.5659512562473037
2026-08-20 13:35:00+00:00,True,False,True,TIMEOUT,0.308798646362063,1787243826311.0,1787245560008.0,AMP_ALL,D0.75_E3M,0.05,0.258798646362063
2026-08-20 14:23:00+00:00,True,False,True,TP,3.0,1787246774854.0,1787247997359.0,AMP_ALL,D0.75_E3M,0.05,2.95
2026-08-20 14:33:00+00:00,False,True,True,TP,3.0,1787247279008.0,1787248412407.0,AMP_ALL,D0.75_E3M,0.05,0.0
2026-08-20 14:35:00+00:00,False,True,False,NO_FILL,0.0,,,AMP_ALL,D0.75_E3M,0.05,0.0
2026-08-20 14:45:00+00:00,False,True,False,NO_FILL,0.0,,,AMP_ALL,D0.75_E3M,0.05,0.0
2026-08-20 15:00:00+00:00,True,False,False,NO_FILL,0.0,,,AMP_ALL,D0.75_E3M,0.05,0.0
2026-08-21 01:12:00+00:00,True,False,False,NO_FILL,0.0,,,AMP_ALL,D0.75_E3M,0.05,0.0
2026-08-21 01:14:00+00:00,False,True,False,NO_FILL,0.0,,,AMP_ALL,D0.75_E3M,0.05,0.0
2026-08-21 01:23:00+00:00,True,False,True,TP,3.0,1787286376951.0,1787286888156.0,AMP_ALL,D0.75_E3M,0.05,2.95
2026-08-21 04:30:00+00:00,True,False,True,SL,-1.0,1787297561555.0,1787297585556.0,AMP_ALL,D0.75_E3M,0.05,-1.05
2026-08-21 05:44:00+00:00,True,False,False,NO_FILL,0.0,,,AMP_ALL,D0.75_E3M,0.05,0.0
2026-08-21 05:48:00+00:00,True,False,False,NO_FILL,0.0,,,AMP_ALL,D0.75_E3M,0.05,0.0
2026-08-21 05:51:00+00:00,True,False,False,NO_FILL,0.0,,,AMP_ALL,D0.75_E3M,0.05,0.0
2026-08-21 06:35:00+00:00,True,False,False,NO_FILL,0.0,,,AMP_ALL,D0.75_E3M,0.05,0.0
2026-08-21 06:48:00+00:00,True,False,False,NO_FILL,0.0,,,AMP_ALL,D0.75_E3M,0.05,0.0
2026-08-21 07:47:00+00:00,True,False,True,SL,-1.0,1787309310455.0,1787309629956.0,AMP_ALL,D0.75_E3M,0.05,-1.05
2026-08-21 08:17:00+00:00,True,False,False,NO_FILL,0.0,,,AMP_ALL,D0.75_E3M,0.05,0.0
2026-08-21 08:19:00+00:00,False,True,False,NO_FILL,0.0,,,AMP_ALL,D0.75_E3M,0.05,0.0
2026-08-21 09:04:00+00:00,True,False,True,TP,3.0,1787313923253.0,1787314132956.0,AMP_ALL,D0.75_E3M,0.05,2.95
2026-08-21 09:06:00+00:00,False,True,False,NO_FILL,0.0,,,AMP_ALL,D0.75_E3M,0.05,0.0
2026-08-21 11:36:00+00:00,True,False,True,SL,-1.0,1787323138206.0,1787323209305.0,AMP_ALL,D0.75_E3M,0.05,-1.05
2026-08-21 13:37:00+00:00,True,False,False,NO_FILL,0.0,,,AMP_ALL,D0.75_E3M,0.05,0.0
2026-08-21 15:15:00+00:00,True,False,False,NO_FILL,0.0,,,AMP_ALL,D0.75_E3M,0.05,0.0
2026-08-23 23:21:00+00:00,True,False,True,TP,3.0,1787538129914.0,1787538405606.0,AMP_ALL,D0.75_E3M,0.05,2.95
2026-08-23 23:34:00+00:00,True,False,True,SL,-1.0,1787538945754.0,1787539192661.0,AMP_ALL,D0.75_E3M,0.05,-1.05
2026-08-23 23:36:00+00:00,False,True,True,SL,-1.0,1787539099053.0,1787539193106.0,AMP_ALL,D0.75_E3M,0.05,0.0
2026-08-23 23:54:00+00:00,True,False,False,NO_FILL,0.0,,,AMP_ALL,D0.75_E3M,0.05,0.0
2026-08-24 00:53:00+00:00,True,False,False,NO_FILL,0.0,,,AMP_ALL,D0.75_E3M,0.05,0.0
2026-08-24 02:10:00+00:00,True,False,False,NO_FILL,0.0,,,AMP_ALL,D0.75_E3M,0.05,0.0
2026-08-24 02:17:00+00:00,True,False,True,SL,-1.0,1787548818158.0,1787549966252.0,AMP_ALL,D0.75_E3M,0.05,-1.05
2026-08-24 06:06:00+00:00,True,False,True,TP,3.0,1787562475503.0,1787563142107.0,AMP_ALL,D0.75_E3M,0.05,2.95
2026-08-24 10:03:00+00:00,True,False,True,SL,-1.0,1787576657560.0,1787576803806.0,AMP_ALL,D0.75_E3M,0.05,-1.05
2026-08-24 13:05:00+00:00,True,False,False,NO_FILL,0.0,,,AMP_ALL,D0.75_E3M,0.05,0.0
2026-08-24 23:00:00+00:00,True,False,True,SL,-1.0,1787623281455.0,1787623643256.0,AMP_ALL,D0.75_E3M,0.05,-1.05
2026-08-24 23:15:00+00:00,True,False,False,NO_FILL,0.0,,,AMP_ALL,D0.75_E3M,0.05,0.0
2026-08-25 05:05:00+00:00,True,False,False,NO_FILL,0.0,,,AMP_ALL,D0.75_E3M,0.05,0.0
2026-08-25 05:15:00+00:00,True,False,False,NO_FILL,0.0,,,AMP_ALL,D0.75_E3M,0.05,0.0
2026-08-25 05:19:00+00:00,True,False,False,NO_FILL,0.0,,,AMP_ALL,D0.75_E3M,0.05,0.0
2026-08-25 05:20:00+00:00,False,True,True,SL,-1.0,1787646110252.0,1787646610658.0,AMP_ALL,D0.75_E3M,0.05,0.0
2026-08-25 06:24:00+00:00,True,False,False,NO_FILL,0.0,,,AMP_ALL,D0.75_E3M,0.05,0.0
2026-08-25 08:22:00+00:00,True,False,False,NO_FILL,0.0,,,AMP_ALL,D0.75_E3M,0.05,0.0
2026-08-25 14:37:00+00:00,True,False,False,NO_FILL,0.0,,,AMP_ALL,D0.75_E3M,0.05,0.0
2026-08-25 15:33:00+00:00,True,False,True,TIMEOUT,0.2335048231510901,1787682852607.0,1787684640156.0,AMP_ALL,D0.75_E3M,0.05,0.18350482315109012
2026-08-25 18:57:00+00:00,True,False,True,TP,3.0,1787695082107.0,1787695650755.0,AMP_ALL,D0.75_E3M,0.05,2.95
2026-08-25 19:07:00+00:00,False,True,False,NO_FILL,0.0,,,AMP_ALL,D0.75_E3M,0.05,0.0
2026-08-26 02:41:00+00:00,True,False,False,NO_FILL,0.0,,,AMP_ALL,D0.75_E3M,0.05,0.0
2026-08-26 05:02:00+00:00,True,False,True,TP,3.0,1787731412858.0,1787733027013.0,AMP_ALL,D0.75_E3M,0.05,2.95
2026-08-26 05:09:00+00:00,False,True,True,SL,-1.0,1787731910405.0,1787731959759.0,AMP_ALL,D0.75_E3M,0.05,0.0
2026-08-26 06:04:00+00:00,True,False,True,SL,-1.0,1787735109154.0,1787735425955.0,AMP_ALL,D0.75_E3M,0.05,-1.05
2026-08-26 11:18:00+00:00,True,False,True,SL,-1.0,1787754046054.0,1787754072153.0,AMP_ALL,D0.75_E3M,0.05,-1.05
2026-08-26 17:30:00+00:00,True,False,True,SL,-1.0,1787776270359.0,1787777012554.0,AMP_ALL,D0.75_E3M,0.05,-1.05
2026-08-26 23:17:00+00:00,True,False,False,NO_FILL,0.0,,,AMP_ALL,D0.75_E3M,0.05,0.0
2026-08-27 01:03:00+00:00,True,False,False,NO_FILL,0.0,,,AMP_ALL,D0.75_E3M,0.05,0.0
2026-08-27 01:14:00+00:00,True,False,True,SL,-1.0,1787804141553.0,1787804279558.0,AMP_ALL,D0.75_E3M,0.05,-1.05
2026-08-27 01:37:00+00:00,True,False,False,NO_FILL,0.0,,,AMP_ALL,D0.75_E3M,0.05,0.0
2026-08-27 08:56:00+00:00,True,False,True,SL,-1.0,1787831979908.0,1787832138606.0,AMP_ALL,D0.75_E3M,0.05,-1.05
2026-08-27 10:57:00+00:00,True,False,True,TP,3.0,1787839235710.0,1787840558553.0,AMP_ALL,D0.75_E3M,0.05,2.95
2026-08-27 12:02:00+00:00,True,False,True,SL,-1.0,1787843057257.0,1787843137506.0,AMP_ALL,D0.75_E3M,0.05,-1.05
2026-08-27 14:35:00+00:00,True,False,False,NO_FILL,0.0,,,AMP_ALL,D0.75_E3M,0.05,0.0
2026-08-27 15:41:00+00:00,True,False,True,TIMEOUT,1.0899841246931563,1787856242852.0,1787857920154.0,AMP_ALL,D0.75_E3M,0.05,1.0399841246931563
2026-08-27 15:42:00+00:00,False,True,True,SL,-1.0,1787856210154.0,1787856333901.0,AMP_ALL,D0.75_E3M,0.05,0.0
2026-08-27 15:53:00+00:00,False,True,False,NO_FILL,0.0,,,AMP_ALL,D0.75_E3M,0.05,0.0
2026-08-27 16:33:00+00:00,True,False,False,NO_FILL,0.0,,,AMP_ALL,D0.75_E3M,0.05,0.0
2026-08-27 16:37:00+00:00,True,False,True,SL,-1.0,1787859486154.0,1787859497257.0,AMP_ALL,D0.75_E3M,0.05,-1.05
2026-08-27 18:52:00+00:00,True,False,True,TP,3.0,1787867616007.0,1787868183458.0,AMP_ALL,D0.75_E3M,0.05,2.95
2026-08-27 19:02:00+00:00,False,True,True,SL,-1.0,1787868191256.0,1787868925808.0,AMP_ALL,D0.75_E3M,0.05,0.0
2026-08-27 19:08:00+00:00,True,False,True,SL,-1.0,1787868646957.0,1787868916808.0,AMP_ALL,D0.75_E3M,0.05,-1.05
2026-08-28 02:24:00+00:00,True,False,False,NO_FILL,0.0,,,AMP_ALL,D0.75_E3M,0.05,0.0
2026-08-28 03:24:00+00:00,True,False,True,SL,-1.0,1787898346205.0,1787898648760.0,AMP_ALL,D0.75_E3M,0.05,-1.05
2026-08-28 04:56:00+00:00,True,False,False,NO_FILL,0.0,,,AMP_ALL,D0.75_E3M,0.05,0.0
2026-08-28 06:59:00+00:00,True,False,True,SL,-1.0,1787911230603.0,1787911283555.0,AMP_ALL,D0.75_E3M,0.05,-1.05
2026-08-28 08:00:00+00:00,True,False,False,NO_FILL,0.0,,,AMP_ALL,D0.75_E3M,0.05,0.0
2026-08-28 09:31:00+00:00,True,False,True,SL,-1.0,1787920417958.0,1787920521008.0,AMP_ALL,D0.75_E3M,0.05,-1.05
2026-08-28 14:35:00+00:00,True,False,False,NO_FILL,0.0,,,AMP_ALL,D0.75_E3M,0.05,0.0
2026-08-28 19:01:00+00:00,True,False,True,TIMEOUT,0.9457077885161094,1787954544460.0,1787956320155.0,AMP_ALL,D0.75_E3M,0.05,0.8957077885161093
2026-08-30 23:08:00+00:00,True,False,True,SL,-1.0,1788142163256.0,1788142358106.0,AMP_ALL,D0.75_E3M,0.05,-1.05
2026-08-31 04:37:00+00:00,True,False,True,TIMEOUT,0.8989345227035004,1788162039008.0,1788163680155.0,AMP_ALL,D0.75_E3M,0.05,0.8489345227035003
2026-08-31 05:20:00+00:00,True,False,True,TP,3.0,1788164489104.0,1788164944357.0,AMP_ALL,D0.75_E3M,0.05,2.95
2026-08-31 06:45:00+00:00,True,False,True,SL,-1.0,1788169717358.0,1788169918657.0,AMP_ALL,D0.75_E3M,0.05,-1.05
2026-08-31 08:02:00+00:00,True,False,True,SL,-1.0,1788174329857.0,1788174416405.0,AMP_ALL,D0.75_E3M,0.05,-1.05
2026-08-31 09:12:00+00:00,True,False,False,NO_FILL,0.0,,,AMP_ALL,D0.75_E3M,0.05,0.0
2026-08-31 11:25:00+00:00,True,False,False,NO_FILL,0.0,,,AMP_ALL,D0.75_E3M,0.05,0.0
2026-08-31 11:28:00+00:00,True,False,True,SL,-1.0,1788186623564.0,1788186801609.0,AMP_ALL,D0.75_E3M,0.05,-1.05
2026-08-31 16:29:00+00:00,True,False,True,SL,-1.0,1788204650105.0,1788204843761.0,AMP_ALL,D0.75_E3M,0.05,-1.05
2026-08-31 17:42:00+00:00,True,False,False,NO_FILL,0.0,,,AMP_ALL,D0.75_E3M,0.05,0.0
2026-08-31 19:23:00+00:00,True,False,False,NO_FILL,0.0,,,AMP_ALL,D0.75_E3M,0.05,0.0
2026-08-31 23:32:00+00:00,True,False,True,SL,-1.0,1788229990955.0,1788230012407.0,AMP_ALL,D0.75_E3M,0.05,-1.05
2026-09-01 00:20:00+00:00,True,False,False,NO_FILL,0.0,,,AMP_ALL,D0.75_E3M,0.05,0.0
2026-09-01 02:04:00+00:00,True,False,True,SL,-1.0,1788239277757.0,1788239330259.0,AMP_ALL,D0.75_E3M,0.05,-1.05
2026-09-01 03:45:00+00:00,True,False,False,NO_FILL,0.0,,,AMP_ALL,D0.75_E3M,0.05,0.0
2026-09-01 05:44:00+00:00,True,False,False,NO_FILL,0.0,,,AMP_ALL,D0.75_E3M,0.05,0.0
2026-09-01 11:46:00+00:00,True,False,True,SL,-1.0,1788274063958.0,1788274371757.0,AMP_ALL,D0.75_E3M,0.05,-1.05
2026-09-01 19:12:00+00:00,True,False,False,NO_FILL,0.0,,,AMP_ALL,D0.75_E3M,0.05,0.0
2026-09-01 20:05:00+00:00,True,False,True,SL,-1.0,1788303977404.0,1788304480056.0,AMP_ALL,D0.75_E3M,0.05,-1.05
2026-09-02 01:15:00+00:00,True,False,False,NO_FILL,0.0,,,AMP_ALL,D0.75_E3M,0.05,0.0
2026-09-02 02:20:00+00:00,True,False,True,TIMEOUT,1.398635998930331,1788326512807.0,1788328260158.0,AMP_ALL,D0.75_E3M,0.05,1.348635998930331
2026-09-02 02:37:00+00:00,False,True,False,NO_FILL,0.0,,,AMP_ALL,D0.75_E3M,0.05,0.0
2026-09-02 05:12:00+00:00,True,False,True,TP,3.0,1788336805960.0,1788337800758.0,AMP_ALL,D0.75_E3M,0.05,2.95
2026-09-02 07:10:00+00:00,True,False,False,NO_FILL,0.0,,,AMP_ALL,D0.75_E3M,0.05,0.0
2026-09-03 02:50:00+00:00,True,False,True,TP,3.0,1788414679651.0,1788415936954.0,AMP_ALL,D0.75_E3M,0.05,2.95
2026-09-03 03:07:00+00:00,False,True,True,TP,3.0,1788415760256.0,1788417049057.0,AMP_ALL,D0.75_E3M,0.05,0.0
2026-09-03 05:00:00+00:00,True,False,True,SL,-1.0,1788422470206.0,1788422475612.0,AMP_ALL,D0.75_E3M,0.05,-1.05
2026-09-03 11:40:00+00:00,True,False,False,NO_FILL,0.0,,,AMP_ALL,D0.75_E3M,0.05,0.0
2026-09-03 11:45:00+00:00,True,False,True,SL,-1.0,1788446802460.0,1788446890656.0,AMP_ALL,D0.75_E3M,0.05,-1.05
2026-09-03 19:41:00+00:00,True,False,True,SL,-1.0,1788475454405.0,1788476334902.0,AMP_ALL,D0.75_E3M,0.05,-1.05
2026-09-04 07:29:00+00:00,True,False,False,NO_FILL,0.0,,,AMP_ALL,D0.75_E3M,0.05,0.0
2026-09-04 07:34:00+00:00,True,False,False,NO_FILL,0.0,,,AMP_ALL,D0.75_E3M,0.05,0.0
2026-09-04 07:35:00+00:00,False,True,False,NO_FILL,0.0,,,AMP_ALL,D0.75_E3M,0.05,0.0
2026-09-04 07:41:00+00:00,True,False,False,NO_FILL,0.0,,,AMP_ALL,D0.75_E3M,0.05,0.0
2026-09-04 07:42:00+00:00,False,True,False,NO_FILL,0.0,,,AMP_ALL,D0.75_E3M,0.05,0.0
2026-09-04 10:32:00+00:00,True,False,True,SL,-1.0,1788528919359.0,1788529072060.0,AMP_ALL,D0.75_E3M,0.05,-1.05
2026-09-04 11:51:00+00:00,True,False,True,SL,-1.0,1788533555270.0,1788533940304.0,AMP_ALL,D0.75_E3M,0.05,-1.05
2026-09-04 13:23:00+00:00,True,False,False,NO_FILL,0.0,,,AMP_ALL,D0.75_E3M,0.05,0.0
2026-09-04 13:44:00+00:00,True,False,True,TIMEOUT,1.5965050824120357,1788540336758.0,1788542100009.0,AMP_ALL,D0.75_E3M,0.05,1.5465050824120357
2026-09-04 14:25:00+00:00,True,False,True,SL,-1.0,1788542790603.0,1788543781961.0,AMP_ALL,D0.75_E3M,0.05,-1.05
2026-09-04 15:14:00+00:00,True,False,False,NO_FILL,0.0,,,AMP_ALL,D0.75_E3M,0.05,0.0
2026-09-04 19:11:00+00:00,True,False,False,NO_FILL,0.0,,,AMP_ALL,D0.75_E3M,0.05,0.0
2026-09-04 19:33:00+00:00,True,False,True,SL,-1.0,1788561327904.0,1788562026907.0,AMP_ALL,D0.75_E3M,0.05,-1.05
2026-09-07 00:11:00+00:00,True,False,True,SL,-1.0,1788750788108.0,1788751799556.0,AMP_ALL,D0.75_E3M,0.05,-1.05
2026-09-07 04:09:00+00:00,True,False,False,NO_FILL,0.0,,,AMP_ALL,D0.75_E3M,0.05,0.0
2026-09-07 05:04:00+00:00,True,False,False,NO_FILL,0.0,,,AMP_ALL,D0.75_E3M,0.05,0.0
2026-09-07 05:27:00+00:00,True,False,True,SL,-1.0,1788769818159.0,1788770008207.0,AMP_ALL,D0.75_E3M,0.05,-1.05
2026-09-07 07:55:00+00:00,True,False,True,TP,3.0,1788778569457.0,1788778986309.0,AMP_ALL,D0.75_E3M,0.05,2.95
2026-09-07 11:46:00+00:00,True,False,False,NO_FILL,0.0,,,AMP_ALL,D0.75_E3M,0.05,0.0
2026-09-07 12:10:00+00:00,True,False,True,TIMEOUT,2.012081513828423,1788793915808.0,1788795660005.0,AMP_ALL,D0.75_E3M,0.05,1.962081513828423
2026-09-07 13:25:00+00:00,True,False,False,NO_FILL,0.0,,,AMP_ALL,D0.75_E3M,0.05,0.0
2026-09-08 06:43:00+00:00,True,False,False,NO_FILL,0.0,,,AMP_ALL,D0.75_E3M,0.05,0.0
2026-09-08 11:25:00+00:00,True,False,False,NO_FILL,0.0,,,AMP_ALL,D0.75_E3M,0.05,0.0
2026-09-08 15:11:00+00:00,True,False,True,SL,-1.0,1788891146855.0,1788891671553.0,AMP_ALL,D0.75_E3M,0.05,-1.05
2026-09-08 23:26:00+00:00,True,False,False,NO_FILL,0.0,,,AMP_ALL,D0.75_E3M,0.05,0.0
2026-09-09 05:01:00+00:00,True,False,True,SL,-1.0,1788940984659.0,1788941072259.0,AMP_ALL,D0.75_E3M,0.05,-1.05
2026-09-09 07:36:00+00:00,True,False,True,SL,-1.0,1788950279856.0,1788951796802.0,AMP_ALL,D0.75_E3M,0.05,-1.05
2026-09-09 10:53:00+00:00,True,False,False,NO_FILL,0.0,,,AMP_ALL,D0.75_E3M,0.05,0.0
2026-09-09 11:24:00+00:00,True,False,False,NO_FILL,0.0,,,AMP_ALL,D0.75_E3M,0.05,0.0
2026-09-09 12:57:00+00:00,True,False,True,TP,3.0,1788969564310.0,1788969965557.0,AMP_ALL,D0.75_E3M,0.05,2.95
2026-09-09 13:19:00+00:00,True,False,True,TP,3.0,1788970809157.0,1788971068512.0,AMP_ALL,D0.75_E3M,0.05,2.95
2026-09-09 13:24:00+00:00,False,True,True,SL,-1.0,1788971143958.0,1788971977358.0,AMP_ALL,D0.75_E3M,0.05,0.0
2026-09-09 14:29:00+00:00,True,False,True,SL,-1.0,1788975073359.0,1788975910059.0,AMP_ALL,D0.75_E3M,0.05,-1.05
2026-09-09 14:39:00+00:00,False,True,True,SL,-1.0,1788975640359.0,1788975801307.0,AMP_ALL,D0.75_E3M,0.05,0.0
2026-09-09 16:25:00+00:00,True,False,False,NO_FILL,0.0,,,AMP_ALL,D0.75_E3M,0.05,0.0
2026-09-10 00:18:00+00:00,True,False,True,SL,-1.0,1789010384106.0,1789010783708.0,AMP_ALL,D0.75_E3M,0.05,-1.05
2026-09-10 00:51:00+00:00,True,False,False,NO_FILL,0.0,,,AMP_ALL,D0.75_E3M,0.05,0.0
2026-09-10 01:07:00+00:00,True,False,False,NO_FILL,0.0,,,AMP_ALL,D0.75_E3M,0.05,0.0
2026-09-10 10:05:00+00:00,True,False,True,SL,-1.0,1789045639203.0,1789045689908.0,AMP_ALL,D0.75_E3M,0.05,-1.05
2026-09-10 11:25:00+00:00,True,False,False,NO_FILL,0.0,,,AMP_ALL,D0.75_E3M,0.05,0.0
2026-09-10 11:26:00+00:00,False,True,True,SL,-1.0,1789050517507.0,1789051645508.0,AMP_ALL,D0.75_E3M,0.05,0.0
2026-09-10 19:24:00+00:00,True,False,False,NO_FILL,0.0,,,AMP_ALL,D0.75_E3M,0.05,0.0
2026-09-11 00:06:00+00:00,True,False,True,SL,-1.0,1789096132203.0,1789096224153.0,AMP_ALL,D0.75_E3M,0.05,-1.05
2026-09-11 00:44:00+00:00,True,False,False,NO_FILL,0.0,,,AMP_ALL,D0.75_E3M,0.05,0.0
2026-09-11 03:42:00+00:00,True,False,True,SL,-1.0,1789109049304.0,1789109081406.0,AMP_ALL,D0.75_E3M,0.05,-1.05
2026-09-11 05:09:00+00:00,True,False,True,TIMEOUT,1.4805622489957253,1789114272456.0,1789116000009.0,AMP_ALL,D0.75_E3M,0.05,1.4305622489957253
2026-09-11 05:46:00+00:00,True,False,False,NO_FILL,0.0,,,AMP_ALL,D0.75_E3M,0.05,0.0
2026-09-11 05:55:00+00:00,True,False,True,TIMEOUT,0.7599127755770614,1789117032003.0,1789118760012.0,AMP_ALL,D0.75_E3M,0.05,0.7099127755770613
2026-09-11 08:00:00+00:00,True,False,True,SL,-1.0,1789124497801.0,1789124593506.0,AMP_ALL,D0.75_E3M,0.05,-1.05
2026-09-11 09:58:00+00:00,True,False,False,NO_FILL,0.0,,,AMP_ALL,D0.75_E3M,0.05,0.0
2026-09-11 15:27:00+00:00,True,False,False,NO_FILL,0.0,,,AMP_ALL,D0.75_E3M,0.05,0.0
2026-09-13 22:33:00+00:00,True,False,True,SL,-1.0,1789349692058.0,1789350193358.0,AMP_ALL,D0.75_E3M,0.05,-1.05
2026-09-14 00:06:00+00:00,True,False,False,NO_FILL,0.0,,,AMP_ALL,D0.75_E3M,0.05,0.0
2026-09-14 05:59:00+00:00,True,False,True,SL,-1.0,1789376480554.0,1789376800812.0,AMP_ALL,D0.75_E3M,0.05,-1.05
2026-09-14 10:18:00+00:00,True,False,True,SL,-1.0,1789391961310.0,1789392077702.0,AMP_ALL,D0.75_E3M,0.05,-1.05
2026-09-14 15:28:00+00:00,True,False,False,NO_FILL,0.0,,,AMP_ALL,D0.75_E3M,0.05,0.0
2026-09-14 16:43:00+00:00,True,False,True,TP,3.0,1789415105411.0,1789415516256.0,AMP_ALL,D0.75_E3M,0.05,2.95
2026-09-15 02:00:00+00:00,True,False,False,NO_FILL,0.0,,,AMP_ALL,D0.75_E3M,0.05,0.0
2026-09-15 02:38:00+00:00,True,False,False,NO_FILL,0.0,,,AMP_ALL,D0.75_E3M,0.05,0.0
2026-09-15 09:41:00+00:00,True,False,False,NO_FILL,0.0,,,AMP_ALL,D0.75_E3M,0.05,0.0
2026-09-15 12:53:00+00:00,True,False,True,SL,-1.0,1789487741405.0,1789487830061.0,AMP_ALL,D0.75_E3M,0.05,-1.05
2026-09-15 14:00:00+00:00,True,False,True,SL,-1.0,1789491685809.0,1789492580105.0,AMP_ALL,D0.75_E3M,0.05,-1.05
2026-09-15 15:55:00+00:00,True,False,True,SL,-1.0,1789498564057.0,1789498802108.0,AMP_ALL,D0.75_E3M,0.05,-1.05
2026-09-15 18:06:00+00:00,True,False,True,TP,3.0,1789506491559.0,1789506820207.0,AMP_ALL,D0.75_E3M,0.05,2.95
2026-09-15 18:12:00+00:00,False,True,False,NO_FILL,0.0,,,AMP_ALL,D0.75_E3M,0.05,0.0
2026-09-15 18:15:00+00:00,True,False,False,NO_FILL,0.0,,,AMP_ALL,D0.75_E3M,0.05,0.0
2026-08-07 01:07:00+00:00,True,False,True,TIMEOUT,0.2438203974936864,1786075756656.0,1786077480309.0,AMP_ALL,D0.75_E5M,0.05,0.1938203974936864
2026-08-07 03:03:00+00:00,True,False,False,NO_FILL,0.0,,,AMP_ALL,D0.75_E5M,0.05,0.0
2026-08-07 07:55:00+00:00,True,False,False,NO_FILL,0.0,,,AMP_ALL,D0.75_E5M,0.05,0.0
2026-08-07 08:33:00+00:00,True,False,True,SL,-1.0,1786102553254.0,1786102578458.0,AMP_ALL,D0.75_E5M,0.05,-1.05
2026-08-07 10:31:00+00:00,True,False,True,TIMEOUT,1.4576314446144387,1786109560052.0,1786111320305.0,AMP_ALL,D0.75_E5M,0.05,1.4076314446144387
2026-08-07 11:03:00+00:00,True,False,True,SL,-1.0,1786111510506.0,1786112087707.0,AMP_ALL,D0.75_E5M,0.05,-1.05
2026-08-07 13:37:00+00:00,True,False,False,NO_FILL,0.0,,,AMP_ALL,D0.75_E5M,0.05,0.0
2026-08-07 13:41:00+00:00,False,True,True,SL,-1.0,1786121000411.0,1786121162410.0,AMP_ALL,D0.75_E5M,0.05,0.0
2026-08-07 14:22:00+00:00,True,False,False,NO_FILL,0.0,,,AMP_ALL,D0.75_E5M,0.05,0.0
2026-08-07 14:24:00+00:00,False,True,False,NO_FILL,0.0,,,AMP_ALL,D0.75_E5M,0.05,0.0
2026-08-07 19:00:00+00:00,True,False,False,NO_FILL,0.0,,,AMP_ALL,D0.75_E5M,0.05,0.0
2026-08-09 23:02:00+00:00,True,False,False,NO_FILL,0.0,,,AMP_ALL,D0.75_E5M,0.05,0.0
2026-08-10 03:21:00+00:00,True,False,True,TIMEOUT,1.0228172380314404,1786342990802.0,1786344720161.0,AMP_ALL,D0.75_E5M,0.05,0.9728172380314404
2026-08-10 03:28:00+00:00,False,True,True,SL,-1.0,1786343346303.0,1786344391054.0,AMP_ALL,D0.75_E5M,0.05,0.0
2026-08-10 04:10:00+00:00,True,False,False,NO_FILL,0.0,,,AMP_ALL,D0.75_E5M,0.05,0.0
2026-08-10 04:55:00+00:00,True,False,True,SL,-1.0,1786348854306.0,1786349526453.0,AMP_ALL,D0.75_E5M,0.05,-1.05
2026-08-10 04:59:00+00:00,False,True,True,SL,-1.0,1786348820854.0,1786348848757.0,AMP_ALL,D0.75_E5M,0.05,0.0
2026-08-10 05:47:00+00:00,True,False,False,NO_FILL,0.0,,,AMP_ALL,D0.75_E5M,0.05,0.0
2026-08-10 11:25:00+00:00,True,False,True,SL,-1.0,1786372051057.0,1786373396408.0,AMP_ALL,D0.75_E5M,0.05,-1.05
2026-08-10 12:55:00+00:00,True,False,True,SL,-1.0,1786377580504.0,1786377651908.0,AMP_ALL,D0.75_E5M,0.05,-1.05
2026-08-10 14:17:00+00:00,True,False,False,NO_FILL,0.0,,,AMP_ALL,D0.75_E5M,0.05,0.0
2026-08-10 16:02:00+00:00,True,False,True,SL,-1.0,1786388611504.0,1786388668802.0,AMP_ALL,D0.75_E5M,0.05,-1.05
2026-08-10 19:05:00+00:00,True,False,True,TP,3.0,1786399755455.0,1786400732406.0,AMP_ALL,D0.75_E5M,0.05,2.95
2026-08-10 19:21:00+00:00,False,True,True,TP,3.0,1786400565904.0,1786400735858.0,AMP_ALL,D0.75_E5M,0.05,0.0
2026-08-10 19:51:00+00:00,True,False,True,SL,-1.0,1786402339208.0,1786402410907.0,AMP_ALL,D0.75_E5M,0.05,-1.05
2026-08-10 22:45:00+00:00,True,False,False,NO_FILL,0.0,,,AMP_ALL,D0.75_E5M,0.05,0.0
2026-08-11 00:08:00+00:00,True,False,False,NO_FILL,0.0,,,AMP_ALL,D0.75_E5M,0.05,0.0
2026-08-11 00:09:00+00:00,False,True,True,TP,3.0,1786417955412.0,1786418751304.0,AMP_ALL,D0.75_E5M,0.05,0.0
2026-08-11 04:33:00+00:00,True,False,True,SL,-1.0,1786433655454.0,1786433712456.0,AMP_ALL,D0.75_E5M,0.05,-1.05
2026-08-11 06:08:00+00:00,True,False,True,SL,-1.0,1786439434207.0,1786439647657.0,AMP_ALL,D0.75_E5M,0.05,-1.05
2026-08-11 06:09:00+00:00,False,True,True,SL,-1.0,1786439432853.0,1786439645854.0,AMP_ALL,D0.75_E5M,0.05,0.0
2026-08-11 07:26:00+00:00,True,False,True,SL,-1.0,1786444150654.0,1786444280105.0,AMP_ALL,D0.75_E5M,0.05,-1.05
2026-08-11 08:28:00+00:00,True,False,False,NO_FILL,0.0,,,AMP_ALL,D0.75_E5M,0.05,0.0
2026-08-11 10:59:00+00:00,True,False,True,TP,3.0,1786456827156.0,1786456869459.0,AMP_ALL,D0.75_E5M,0.05,2.95
2026-08-12 02:42:00+00:00,True,False,True,TP,3.0,1786513483958.0,1786514007154.0,AMP_ALL,D0.75_E5M,0.05,2.95
2026-08-12 02:50:00+00:00,False,True,False,NO_FILL,0.0,,,AMP_ALL,D0.75_E5M,0.05,0.0
2026-08-12 06:45:00+00:00,True,False,False,NO_FILL,0.0,,,AMP_ALL,D0.75_E5M,0.05,0.0
2026-08-12 06:51:00+00:00,True,False,True,SL,-1.0,1786528399953.0,1786529911804.0,AMP_ALL,D0.75_E5M,0.05,-1.05
2026-08-12 06:55:00+00:00,False,True,True,SL,-1.0,1786528739711.0,1786529756558.0,AMP_ALL,D0.75_E5M,0.05,0.0
2026-08-12 07:42:00+00:00,True,False,True,SL,-1.0,1786531461761.0,1786532213106.0,AMP_ALL,D0.75_E5M,0.05,-1.05
2026-08-12 07:48:00+00:00,False,True,True,SL,-1.0,1786531781852.0,1786532167058.0,AMP_ALL,D0.75_E5M,0.05,0.0
2026-08-12 09:15:00+00:00,True,False,True,SL,-1.0,1786536966906.0,1786537245904.0,AMP_ALL,D0.75_E5M,0.05,-1.05
2026-08-12 18:33:00+00:00,True,False,True,TIMEOUT,1.873323079551984,1786570629608.0,1786572240755.0,AMP_ALL,D0.75_E5M,0.05,1.823323079551984
2026-08-12 18:44:00+00:00,False,True,False,NO_FILL,0.0,,,AMP_ALL,D0.75_E5M,0.05,0.0
2026-08-12 22:57:00+00:00,True,False,True,SL,-1.0,1786586302660.0,1786586304010.0,AMP_ALL,D0.75_E5M,0.05,-1.05
2026-08-12 23:00:00+00:00,True,False,True,TP,3.0,1786586463454.0,1786587001954.0,AMP_ALL,D0.75_E5M,0.05,2.95
2026-08-12 23:16:00+00:00,True,False,True,TIMEOUT,1.822460074753108,1786587433358.0,1786589221356.0,AMP_ALL,D0.75_E5M,0.05,1.7724600747531079
2026-08-13 04:24:00+00:00,True,False,False,NO_FILL,0.0,,,AMP_ALL,D0.75_E5M,0.05,0.0
2026-08-13 05:11:00+00:00,True,False,False,NO_FILL,0.0,,,AMP_ALL,D0.75_E5M,0.05,0.0
2026-08-13 05:14:00+00:00,False,True,True,SL,-1.0,1786608998105.0,1786609869756.0,AMP_ALL,D0.75_E5M,0.05,0.0
2026-08-13 05:26:00+00:00,True,False,True,SL,-1.0,1786609802403.0,1786609804804.0,AMP_ALL,D0.75_E5M,0.05,-1.05
2026-08-13 08:48:00+00:00,True,False,True,SL,-1.0,1786621844405.0,1786622016607.0,AMP_ALL,D0.75_E5M,0.05,-1.05
2026-08-13 09:57:00+00:00,True,False,False,NO_FILL,0.0,,,AMP_ALL,D0.75_E5M,0.05,0.0
2026-08-13 10:37:00+00:00,True,False,False,NO_FILL,0.0,,,AMP_ALL,D0.75_E5M,0.05,0.0
2026-08-13 10:43:00+00:00,True,False,True,TIMEOUT,1.420230710632381,1786628732105.0,1786630440023.0,AMP_ALL,D0.75_E5M,0.05,1.370230710632381
2026-08-13 10:50:00+00:00,False,True,False,NO_FILL,0.0,,,AMP_ALL,D0.75_E5M,0.05,0.0
2026-08-13 11:14:00+00:00,False,True,True,SL,-1.0,1786630651954.0,1786630937858.0,AMP_ALL,D0.75_E5M,0.05,0.0
2026-08-13 16:29:00+00:00,True,False,False,NO_FILL,0.0,,,AMP_ALL,D0.75_E5M,0.05,0.0
2026-08-13 17:06:00+00:00,True,False,False,NO_FILL,0.0,,,AMP_ALL,D0.75_E5M,0.05,0.0
2026-08-13 19:38:00+00:00,True,False,True,SL,-1.0,1786660781253.0,1786661076904.0,AMP_ALL,D0.75_E5M,0.05,-1.05
2026-08-13 23:09:00+00:00,True,False,True,SL,-1.0,1786673439607.0,1786673563207.0,AMP_ALL,D0.75_E5M,0.05,-1.05
2026-08-13 23:25:00+00:00,True,False,True,SL,-1.0,1786674432453.0,1786676042403.0,AMP_ALL,D0.75_E5M,0.05,-1.05
2026-08-14 03:13:00+00:00,True,False,True,TIMEOUT,0.954199988656305,1786688042855.0,1786689840015.0,AMP_ALL,D0.75_E5M,0.05,0.9041999886563049
2026-08-14 04:12:00+00:00,True,False,False,NO_FILL,0.0,,,AMP_ALL,D0.75_E5M,0.05,0.0
2026-08-14 05:36:00+00:00,True,False,False,NO_FILL,0.0,,,AMP_ALL,D0.75_E5M,0.05,0.0
2026-08-14 05:50:00+00:00,True,False,False,NO_FILL,0.0,,,AMP_ALL,D0.75_E5M,0.05,0.0
2026-08-14 07:41:00+00:00,True,False,True,TP,3.0,1786704200260.0,1786705167307.0,AMP_ALL,D0.75_E5M,0.05,2.95
2026-08-14 07:58:00+00:00,False,True,True,TIMEOUT,0.7992025518343163,1786705399357.0,1786706940153.0,AMP_ALL,D0.75_E5M,0.05,0.0
2026-08-14 09:14:00+00:00,True,False,True,SL,-1.0,1786709936103.0,1786710004653.0,AMP_ALL,D0.75_E5M,0.05,-1.05
2026-08-14 14:12:00+00:00,True,False,True,SL,-1.0,1786727668057.0,1786727972402.0,AMP_ALL,D0.75_E5M,0.05,-1.05
2026-08-14 15:01:00+00:00,True,False,False,NO_FILL,0.0,,,AMP_ALL,D0.75_E5M,0.05,0.0
2026-08-14 18:03:00+00:00,True,False,False,NO_FILL,0.0,,,AMP_ALL,D0.75_E5M,0.05,0.0
2026-08-14 18:38:00+00:00,True,False,True,SL,-1.0,1786743823804.0,1786743836108.0,AMP_ALL,D0.75_E5M,0.05,-1.05
2026-08-14 19:09:00+00:00,True,False,False,NO_FILL,0.0,,,AMP_ALL,D0.75_E5M,0.05,0.0
2026-08-16 22:51:00+00:00,True,False,False,NO_FILL,0.0,,,AMP_ALL,D0.75_E5M,0.05,0.0
2026-08-16 22:52:00+00:00,False,True,False,NO_FILL,0.0,,,AMP_ALL,D0.75_E5M,0.05,0.0
2026-08-17 03:29:00+00:00,True,False,True,TIMEOUT,2.1279839281492188,1786948234504.0,1786950000159.0,AMP_ALL,D0.75_E5M,0.05,2.077983928149219
2026-08-17 05:19:00+00:00,True,False,True,TP,3.0,1786954838105.0,1786955399105.0,AMP_ALL,D0.75_E5M,0.05,2.95
2026-08-17 05:28:00+00:00,False,True,True,SL,-1.0,1786955414860.0,1786955704360.0,AMP_ALL,D0.75_E5M,0.05,0.0
2026-08-17 06:50:00+00:00,True,False,False,NO_FILL,0.0,,,AMP_ALL,D0.75_E5M,0.05,0.0
2026-08-17 09:06:00+00:00,True,False,False,NO_FILL,0.0,,,AMP_ALL,D0.75_E5M,0.05,0.0
2026-08-17 09:09:00+00:00,False,True,False,NO_FILL,0.0,,,AMP_ALL,D0.75_E5M,0.05,0.0
2026-08-17 13:38:00+00:00,True,False,True,SL,-1.0,1786984772558.0,1786984782005.0,AMP_ALL,D0.75_E5M,0.05,-1.05
2026-08-17 15:55:00+00:00,True,False,True,SL,-1.0,1786993051804.0,1786993424865.0,AMP_ALL,D0.75_E5M,0.05,-1.05
2026-08-17 23:16:00+00:00,True,False,True,TP,3.0,1787019420457.0,1787021012853.0,AMP_ALL,D0.75_E5M,0.05,2.95
2026-08-17 23:25:00+00:00,False,True,False,NO_FILL,0.0,,,AMP_ALL,D0.75_E5M,0.05,0.0
2026-08-18 07:29:00+00:00,True,False,True,SL,-1.0,1787049080408.0,1787049130956.0,AMP_ALL,D0.75_E5M,0.05,-1.05
2026-08-18 08:35:00+00:00,True,False,True,SL,-1.0,1787053019258.0,1787053743305.0,AMP_ALL,D0.75_E5M,0.05,-1.05
2026-08-18 12:04:00+00:00,True,False,True,SL,-1.0,1787065601109.0,1787065662008.0,AMP_ALL,D0.75_E5M,0.05,-1.05
2026-08-18 16:08:00+00:00,True,False,True,SL,-1.0,1787080237657.0,1787080522505.0,AMP_ALL,D0.75_E5M,0.05,-1.05
2026-08-18 23:52:00+00:00,True,False,True,TP,3.0,1787108004606.0,1787108629355.0,AMP_ALL,D0.75_E5M,0.05,2.95
2026-08-19 00:13:00+00:00,True,False,False,NO_FILL,0.0,,,AMP_ALL,D0.75_E5M,0.05,0.0
2026-08-19 01:31:00+00:00,True,False,False,NO_FILL,0.0,,,AMP_ALL,D0.75_E5M,0.05,0.0
2026-08-19 01:33:00+00:00,False,True,False,NO_FILL,0.0,,,AMP_ALL,D0.75_E5M,0.05,0.0
2026-08-19 01:37:00+00:00,True,False,False,NO_FILL,0.0,,,AMP_ALL,D0.75_E5M,0.05,0.0
2026-08-19 05:28:00+00:00,True,False,True,SL,-1.0,1787128200904.0,1787128202706.0,AMP_ALL,D0.75_E5M,0.05,-1.05
2026-08-19 06:53:00+00:00,True,False,False,NO_FILL,0.0,,,AMP_ALL,D0.75_E5M,0.05,0.0
2026-08-19 07:23:00+00:00,True,False,True,TP,3.0,1787135063558.0,1787135784306.0,AMP_ALL,D0.75_E5M,0.05,2.95
2026-08-19 07:26:00+00:00,False,True,True,TIMEOUT,-0.1372639478376838,1787135310454.0,1787137020155.0,AMP_ALL,D0.75_E5M,0.05,0.0
2026-08-19 08:04:00+00:00,True,False,False,NO_FILL,0.0,,,AMP_ALL,D0.75_E5M,0.05,0.0
2026-08-19 08:09:00+00:00,True,False,False,NO_FILL,0.0,,,AMP_ALL,D0.75_E5M,0.05,0.0
2026-08-19 09:41:00+00:00,True,False,True,TIMEOUT,1.0592613529298045,1787143369359.0,1787145120161.0,AMP_ALL,D0.75_E5M,0.05,1.0092613529298045
2026-08-19 10:13:00+00:00,True,False,False,NO_FILL,0.0,,,AMP_ALL,D0.75_E5M,0.05,0.0
2026-08-19 12:32:00+00:00,True,False,False,NO_FILL,0.0,,,AMP_ALL,D0.75_E5M,0.05,0.0
2026-08-19 14:12:00+00:00,True,False,False,NO_FILL,0.0,,,AMP_ALL,D0.75_E5M,0.05,0.0
2026-08-19 18:04:00+00:00,True,False,True,SL,-1.0,1787173519057.0,1787173534207.0,AMP_ALL,D0.75_E5M,0.05,-1.05
2026-08-19 18:53:00+00:00,True,False,True,TP,3.0,1787176468807.0,1787177329659.0,AMP_ALL,D0.75_E5M,0.05,2.95
2026-08-20 03:34:00+00:00,True,False,True,TIMEOUT,-0.5159512562473036,1787207707653.0,1787209500006.0,AMP_ALL,D0.75_E5M,0.05,-0.5659512562473037
2026-08-20 13:35:00+00:00,True,False,True,TIMEOUT,0.308798646362063,1787243826311.0,1787245560008.0,AMP_ALL,D0.75_E5M,0.05,0.258798646362063
2026-08-20 14:23:00+00:00,True,False,True,TP,3.0,1787246774854.0,1787247997359.0,AMP_ALL,D0.75_E5M,0.05,2.95
2026-08-20 14:33:00+00:00,False,True,True,TP,3.0,1787247279008.0,1787248412407.0,AMP_ALL,D0.75_E5M,0.05,0.0
2026-08-20 14:35:00+00:00,False,True,True,TP,3.0,1787247621458.0,1787248412407.0,AMP_ALL,D0.75_E5M,0.05,0.0
2026-08-20 14:45:00+00:00,False,True,False,NO_FILL,0.0,,,AMP_ALL,D0.75_E5M,0.05,0.0
2026-08-20 15:00:00+00:00,True,False,False,NO_FILL,0.0,,,AMP_ALL,D0.75_E5M,0.05,0.0
2026-08-21 01:12:00+00:00,True,False,False,NO_FILL,0.0,,,AMP_ALL,D0.75_E5M,0.05,0.0
2026-08-21 01:14:00+00:00,False,True,False,NO_FILL,0.0,,,AMP_ALL,D0.75_E5M,0.05,0.0
2026-08-21 01:23:00+00:00,True,False,True,TP,3.0,1787286376951.0,1787286888156.0,AMP_ALL,D0.75_E5M,0.05,2.95
2026-08-21 04:30:00+00:00,True,False,True,SL,-1.0,1787297561555.0,1787297585556.0,AMP_ALL,D0.75_E5M,0.05,-1.05
2026-08-21 05:44:00+00:00,True,False,False,NO_FILL,0.0,,,AMP_ALL,D0.75_E5M,0.05,0.0
2026-08-21 05:48:00+00:00,False,True,False,NO_FILL,0.0,,,AMP_ALL,D0.75_E5M,0.05,0.0
2026-08-21 05:51:00+00:00,True,False,False,NO_FILL,0.0,,,AMP_ALL,D0.75_E5M,0.05,0.0
2026-08-21 06:35:00+00:00,True,False,True,SL,-1.0,1787305226259.0,1787306418910.0,AMP_ALL,D0.75_E5M,0.05,-1.05
2026-08-21 06:48:00+00:00,False,True,False,NO_FILL,0.0,,,AMP_ALL,D0.75_E5M,0.05,0.0
2026-08-21 07:47:00+00:00,True,False,True,SL,-1.0,1787309310455.0,1787309629956.0,AMP_ALL,D0.75_E5M,0.05,-1.05
2026-08-21 08:17:00+00:00,True,False,False,NO_FILL,0.0,,,AMP_ALL,D0.75_E5M,0.05,0.0
2026-08-21 08:19:00+00:00,False,True,False,NO_FILL,0.0,,,AMP_ALL,D0.75_E5M,0.05,0.0
2026-08-21 09:04:00+00:00,True,False,True,TP,3.0,1787313923253.0,1787314132956.0,AMP_ALL,D0.75_E5M,0.05,2.95
2026-08-21 09:06:00+00:00,False,True,False,NO_FILL,0.0,,,AMP_ALL,D0.75_E5M,0.05,0.0
2026-08-21 11:36:00+00:00,True,False,True,SL,-1.0,1787323138206.0,1787323209305.0,AMP_ALL,D0.75_E5M,0.05,-1.05
2026-08-21 13:37:00+00:00,True,False,False,NO_FILL,0.0,,,AMP_ALL,D0.75_E5M,0.05,0.0
2026-08-21 15:15:00+00:00,True,False,True,TP,3.0,1787336439607.0,1787337711458.0,AMP_ALL,D0.75_E5M,0.05,2.95
2026-08-23 23:21:00+00:00,True,False,True,TP,3.0,1787538129914.0,1787538405606.0,AMP_ALL,D0.75_E5M,0.05,2.95
2026-08-23 23:34:00+00:00,True,False,True,SL,-1.0,1787538945754.0,1787539192661.0,AMP_ALL,D0.75_E5M,0.05,-1.05
2026-08-23 23:36:00+00:00,False,True,True,SL,-1.0,1787539099053.0,1787539193106.0,AMP_ALL,D0.75_E5M,0.05,0.0
2026-08-23 23:54:00+00:00,True,False,False,NO_FILL,0.0,,,AMP_ALL,D0.75_E5M,0.05,0.0
2026-08-24 00:53:00+00:00,True,False,False,NO_FILL,0.0,,,AMP_ALL,D0.75_E5M,0.05,0.0
2026-08-24 02:10:00+00:00,True,False,False,NO_FILL,0.0,,,AMP_ALL,D0.75_E5M,0.05,0.0
2026-08-24 02:17:00+00:00,True,False,True,SL,-1.0,1787548818158.0,1787549966252.0,AMP_ALL,D0.75_E5M,0.05,-1.05
2026-08-24 06:06:00+00:00,True,False,True,TP,3.0,1787562475503.0,1787563142107.0,AMP_ALL,D0.75_E5M,0.05,2.95
2026-08-24 10:03:00+00:00,True,False,True,SL,-1.0,1787576657560.0,1787576803806.0,AMP_ALL,D0.75_E5M,0.05,-1.05
2026-08-24 13:05:00+00:00,True,False,False,NO_FILL,0.0,,,AMP_ALL,D0.75_E5M,0.05,0.0
2026-08-24 23:00:00+00:00,True,False,True,SL,-1.0,1787623281455.0,1787623643256.0,AMP_ALL,D0.75_E5M,0.05,-1.05
2026-08-24 23:15:00+00:00,True,False,True,SL,-1.0,1787624404812.0,1787624803657.0,AMP_ALL,D0.75_E5M,0.05,-1.05
2026-08-25 05:05:00+00:00,True,False,False,NO_FILL,0.0,,,AMP_ALL,D0.75_E5M,0.05,0.0
2026-08-25 05:15:00+00:00,True,False,False,NO_FILL,0.0,,,AMP_ALL,D0.75_E5M,0.05,0.0
2026-08-25 05:19:00+00:00,False,True,False,NO_FILL,0.0,,,AMP_ALL,D0.75_E5M,0.05,0.0
2026-08-25 05:20:00+00:00,True,False,True,SL,-1.0,1787646110252.0,1787646610658.0,AMP_ALL,D0.75_E5M,0.05,-1.05
2026-08-25 06:24:00+00:00,True,False,True,SL,-1.0,1787650183805.0,1787650739405.0,AMP_ALL,D0.75_E5M,0.05,-1.05
2026-08-25 08:22:00+00:00,True,False,False,NO_FILL,0.0,,,AMP_ALL,D0.75_E5M,0.05,0.0
2026-08-25 14:37:00+00:00,True,False,True,TIMEOUT,-0.1420502444782929,1787679768911.0,1787681280008.0,AMP_ALL,D0.75_E5M,0.05,-0.1920502444782929
2026-08-25 15:33:00+00:00,True,False,True,TIMEOUT,0.2335048231510901,1787682852607.0,1787684640156.0,AMP_ALL,D0.75_E5M,0.05,0.18350482315109012
2026-08-25 18:57:00+00:00,True,False,True,TP,3.0,1787695082107.0,1787695650755.0,AMP_ALL,D0.75_E5M,0.05,2.95
2026-08-25 19:07:00+00:00,False,True,False,NO_FILL,0.0,,,AMP_ALL,D0.75_E5M,0.05,0.0
2026-08-26 02:41:00+00:00,True,False,False,NO_FILL,0.0,,,AMP_ALL,D0.75_E5M,0.05,0.0
2026-08-26 05:02:00+00:00,True,False,True,TP,3.0,1787731412858.0,1787733027013.0,AMP_ALL,D0.75_E5M,0.05,2.95
2026-08-26 05:09:00+00:00,False,True,True,SL,-1.0,1787731910405.0,1787731959759.0,AMP_ALL,D0.75_E5M,0.05,0.0
2026-08-26 06:04:00+00:00,True,False,True,SL,-1.0,1787735109154.0,1787735425955.0,AMP_ALL,D0.75_E5M,0.05,-1.05
2026-08-26 11:18:00+00:00,True,False,True,SL,-1.0,1787754046054.0,1787754072153.0,AMP_ALL,D0.75_E5M,0.05,-1.05
2026-08-26 17:30:00+00:00,True,False,True,SL,-1.0,1787776270359.0,1787777012554.0,AMP_ALL,D0.75_E5M,0.05,-1.05
2026-08-26 23:17:00+00:00,True,False,False,NO_FILL,0.0,,,AMP_ALL,D0.75_E5M,0.05,0.0
2026-08-27 01:03:00+00:00,True,False,False,NO_FILL,0.0,,,AMP_ALL,D0.75_E5M,0.05,0.0
2026-08-27 01:14:00+00:00,True,False,True,SL,-1.0,1787804141553.0,1787804279558.0,AMP_ALL,D0.75_E5M,0.05,-1.05
2026-08-27 01:37:00+00:00,True,False,False,NO_FILL,0.0,,,AMP_ALL,D0.75_E5M,0.05,0.0
2026-08-27 08:56:00+00:00,True,False,True,SL,-1.0,1787831979908.0,1787832138606.0,AMP_ALL,D0.75_E5M,0.05,-1.05
2026-08-27 10:57:00+00:00,True,False,True,TP,3.0,1787839235710.0,1787840558553.0,AMP_ALL,D0.75_E5M,0.05,2.95
2026-08-27 12:02:00+00:00,True,False,True,SL,-1.0,1787843057257.0,1787843137506.0,AMP_ALL,D0.75_E5M,0.05,-1.05
2026-08-27 14:35:00+00:00,True,False,False,NO_FILL,0.0,,,AMP_ALL,D0.75_E5M,0.05,0.0
2026-08-27 15:41:00+00:00,True,False,True,TIMEOUT,1.0899841246931563,1787856242852.0,1787857920154.0,AMP_ALL,D0.75_E5M,0.05,1.0399841246931563
2026-08-27 15:42:00+00:00,False,True,True,SL,-1.0,1787856210154.0,1787856333901.0,AMP_ALL,D0.75_E5M,0.05,0.0
2026-08-27 15:53:00+00:00,False,True,False,NO_FILL,0.0,,,AMP_ALL,D0.75_E5M,0.05,0.0
2026-08-27 16:33:00+00:00,True,False,False,NO_FILL,0.0,,,AMP_ALL,D0.75_E5M,0.05,0.0
2026-08-27 16:37:00+00:00,False,True,True,SL,-1.0,1787859486154.0,1787859497257.0,AMP_ALL,D0.75_E5M,0.05,0.0
2026-08-27 18:52:00+00:00,True,False,True,TP,3.0,1787867616007.0,1787868183458.0,AMP_ALL,D0.75_E5M,0.05,2.95
2026-08-27 19:02:00+00:00,False,True,True,SL,-1.0,1787868191256.0,1787868925808.0,AMP_ALL,D0.75_E5M,0.05,0.0
2026-08-27 19:08:00+00:00,True,False,True,SL,-1.0,1787868646957.0,1787868916808.0,AMP_ALL,D0.75_E5M,0.05,-1.05
2026-08-28 02:24:00+00:00,True,False,False,NO_FILL,0.0,,,AMP_ALL,D0.75_E5M,0.05,0.0
2026-08-28 03:24:00+00:00,True,False,True,SL,-1.0,1787898346205.0,1787898648760.0,AMP_ALL,D0.75_E5M,0.05,-1.05
2026-08-28 04:56:00+00:00,True,False,False,NO_FILL,0.0,,,AMP_ALL,D0.75_E5M,0.05,0.0
2026-08-28 06:59:00+00:00,True,False,True,SL,-1.0,1787911230603.0,1787911283555.0,AMP_ALL,D0.75_E5M,0.05,-1.05
2026-08-28 08:00:00+00:00,True,False,False,NO_FILL,0.0,,,AMP_ALL,D0.75_E5M,0.05,0.0
2026-08-28 09:31:00+00:00,True,False,True,SL,-1.0,1787920417958.0,1787920521008.0,AMP_ALL,D0.75_E5M,0.05,-1.05
2026-08-28 14:35:00+00:00,True,False,True,SL,-1.0,1787938777658.0,1787939149360.0,AMP_ALL,D0.75_E5M,0.05,-1.05
2026-08-28 19:01:00+00:00,True,False,True,TIMEOUT,0.9457077885161094,1787954544460.0,1787956320155.0,AMP_ALL,D0.75_E5M,0.05,0.8957077885161093
2026-08-30 23:08:00+00:00,True,False,True,SL,-1.0,1788142163256.0,1788142358106.0,AMP_ALL,D0.75_E5M,0.05,-1.05
2026-08-31 04:37:00+00:00,True,False,True,TIMEOUT,0.8989345227035004,1788162039008.0,1788163680155.0,AMP_ALL,D0.75_E5M,0.05,0.8489345227035003
2026-08-31 05:20:00+00:00,True,False,True,TP,3.0,1788164489104.0,1788164944357.0,AMP_ALL,D0.75_E5M,0.05,2.95
2026-08-31 06:45:00+00:00,True,False,True,SL,-1.0,1788169717358.0,1788169918657.0,AMP_ALL,D0.75_E5M,0.05,-1.05
2026-08-31 08:02:00+00:00,True,False,True,SL,-1.0,1788174329857.0,1788174416405.0,AMP_ALL,D0.75_E5M,0.05,-1.05
2026-08-31 09:12:00+00:00,True,False,False,NO_FILL,0.0,,,AMP_ALL,D0.75_E5M,0.05,0.0
2026-08-31 11:25:00+00:00,True,False,False,NO_FILL,0.0,,,AMP_ALL,D0.75_E5M,0.05,0.0
2026-08-31 11:28:00+00:00,False,True,True,SL,-1.0,1788186623564.0,1788186801609.0,AMP_ALL,D0.75_E5M,0.05,0.0
2026-08-31 16:29:00+00:00,True,False,True,SL,-1.0,1788204650105.0,1788204843761.0,AMP_ALL,D0.75_E5M,0.05,-1.05
2026-08-31 17:42:00+00:00,True,False,False,NO_FILL,0.0,,,AMP_ALL,D0.75_E5M,0.05,0.0
2026-08-31 19:23:00+00:00,True,False,False,NO_FILL,0.0,,,AMP_ALL,D0.75_E5M,0.05,0.0
2026-08-31 23:32:00+00:00,True,False,True,SL,-1.0,1788229990955.0,1788230012407.0,AMP_ALL,D0.75_E5M,0.05,-1.05
2026-09-01 00:20:00+00:00,True,False,True,SL,-1.0,1788233091154.0,1788233839355.0,AMP_ALL,D0.75_E5M,0.05,-1.05
2026-09-01 02:04:00+00:00,True,False,True,SL,-1.0,1788239277757.0,1788239330259.0,AMP_ALL,D0.75_E5M,0.05,-1.05
2026-09-01 03:45:00+00:00,True,False,False,NO_FILL,0.0,,,AMP_ALL,D0.75_E5M,0.05,0.0
2026-09-01 05:44:00+00:00,True,False,False,NO_FILL,0.0,,,AMP_ALL,D0.75_E5M,0.05,0.0
2026-09-01 11:46:00+00:00,True,False,True,SL,-1.0,1788274063958.0,1788274371757.0,AMP_ALL,D0.75_E5M,0.05,-1.05
2026-09-01 19:12:00+00:00,True,False,False,NO_FILL,0.0,,,AMP_ALL,D0.75_E5M,0.05,0.0
2026-09-01 20:05:00+00:00,True,False,True,SL,-1.0,1788303977404.0,1788304480056.0,AMP_ALL,D0.75_E5M,0.05,-1.05
2026-09-02 01:15:00+00:00,True,False,True,SL,-1.0,1788322744806.0,1788323603854.0,AMP_ALL,D0.75_E5M,0.05,-1.05
2026-09-02 02:20:00+00:00,True,False,True,TIMEOUT,1.398635998930331,1788326512807.0,1788328260158.0,AMP_ALL,D0.75_E5M,0.05,1.348635998930331
2026-09-02 02:37:00+00:00,False,True,False,NO_FILL,0.0,,,AMP_ALL,D0.75_E5M,0.05,0.0
2026-09-02 05:12:00+00:00,True,False,True,TP,3.0,1788336805960.0,1788337800758.0,AMP_ALL,D0.75_E5M,0.05,2.95
2026-09-02 07:10:00+00:00,True,False,True,TIMEOUT,-0.4045639187575416,1788344065958.0,1788345660008.0,AMP_ALL,D0.75_E5M,0.05,-0.4545639187575416
2026-09-03 02:50:00+00:00,True,False,True,TP,3.0,1788414679651.0,1788415936954.0,AMP_ALL,D0.75_E5M,0.05,2.95
2026-09-03 03:07:00+00:00,False,True,True,TP,3.0,1788415760256.0,1788417049057.0,AMP_ALL,D0.75_E5M,0.05,0.0
2026-09-03 05:00:00+00:00,True,False,True,SL,-1.0,1788422470206.0,1788422475612.0,AMP_ALL,D0.75_E5M,0.05,-1.05
2026-09-03 11:40:00+00:00,True,False,False,NO_FILL,0.0,,,AMP_ALL,D0.75_E5M,0.05,0.0
2026-09-03 11:45:00+00:00,True,False,True,SL,-1.0,1788446802460.0,1788446890656.0,AMP_ALL,D0.75_E5M,0.05,-1.05
2026-09-03 19:41:00+00:00,True,False,True,SL,-1.0,1788475454405.0,1788476334902.0,AMP_ALL,D0.75_E5M,0.05,-1.05
2026-09-04 07:29:00+00:00,True,False,False,NO_FILL,0.0,,,AMP_ALL,D0.75_E5M,0.05,0.0
2026-09-04 07:34:00+00:00,True,False,False,NO_FILL,0.0,,,AMP_ALL,D0.75_E5M,0.05,0.0
2026-09-04 07:35:00+00:00,False,True,False,NO_FILL,0.0,,,AMP_ALL,D0.75_E5M,0.05,0.0
2026-09-04 07:41:00+00:00,True,False,False,NO_FILL,0.0,,,AMP_ALL,D0.75_E5M,0.05,0.0
2026-09-04 07:42:00+00:00,False,True,False,NO_FILL,0.0,,,AMP_ALL,D0.75_E5M,0.05,0.0
2026-09-04 10:32:00+00:00,True,False,True,SL,-1.0,1788528919359.0,1788529072060.0,AMP_ALL,D0.75_E5M,0.05,-1.05
2026-09-04 11:51:00+00:00,True,False,True,SL,-1.0,1788533555270.0,1788533940304.0,AMP_ALL,D0.75_E5M,0.05,-1.05
2026-09-04 13:23:00+00:00,True,False,False,NO_FILL,0.0,,,AMP_ALL,D0.75_E5M,0.05,0.0
2026-09-04 13:44:00+00:00,True,False,True,TIMEOUT,1.5965050824120357,1788540336758.0,1788542100009.0,AMP_ALL,D0.75_E5M,0.05,1.5465050824120357
2026-09-04 14:25:00+00:00,True,False,True,SL,-1.0,1788542790603.0,1788543781961.0,AMP_ALL,D0.75_E5M,0.05,-1.05
2026-09-04 15:14:00+00:00,True,False,False,NO_FILL,0.0,,,AMP_ALL,D0.75_E5M,0.05,0.0
2026-09-04 19:11:00+00:00,True,False,False,NO_FILL,0.0,,,AMP_ALL,D0.75_E5M,0.05,0.0
2026-09-04 19:33:00+00:00,True,False,True,SL,-1.0,1788561327904.0,1788562026907.0,AMP_ALL,D0.75_E5M,0.05,-1.05
2026-09-07 00:11:00+00:00,True,False,True,SL,-1.0,1788750788108.0,1788751799556.0,AMP_ALL,D0.75_E5M,0.05,-1.05
2026-09-07 04:09:00+00:00,True,False,False,NO_FILL,0.0,,,AMP_ALL,D0.75_E5M,0.05,0.0
2026-09-07 05:04:00+00:00,True,False,True,SL,-1.0,1788768550059.0,1788768682356.0,AMP_ALL,D0.75_E5M,0.05,-1.05
2026-09-07 05:27:00+00:00,True,False,True,SL,-1.0,1788769818159.0,1788770008207.0,AMP_ALL,D0.75_E5M,0.05,-1.05
2026-09-07 07:55:00+00:00,True,False,True,TP,3.0,1788778569457.0,1788778986309.0,AMP_ALL,D0.75_E5M,0.05,2.95
2026-09-07 11:46:00+00:00,True,False,False,NO_FILL,0.0,,,AMP_ALL,D0.75_E5M,0.05,0.0
2026-09-07 12:10:00+00:00,True,False,True,TIMEOUT,2.012081513828423,1788793915808.0,1788795660005.0,AMP_ALL,D0.75_E5M,0.05,1.962081513828423
2026-09-07 13:25:00+00:00,True,False,True,TIMEOUT,-0.2916570104285576,1788798547955.0,1788800160157.0,AMP_ALL,D0.75_E5M,0.05,-0.34165701042855756
2026-09-08 06:43:00+00:00,True,False,False,NO_FILL,0.0,,,AMP_ALL,D0.75_E5M,0.05,0.0
2026-09-08 11:25:00+00:00,True,False,False,NO_FILL,0.0,,,AMP_ALL,D0.75_E5M,0.05,0.0
2026-09-08 15:11:00+00:00,True,False,True,SL,-1.0,1788891146855.0,1788891671553.0,AMP_ALL,D0.75_E5M,0.05,-1.05
2026-09-08 23:26:00+00:00,True,False,False,NO_FILL,0.0,,,AMP_ALL,D0.75_E5M,0.05,0.0
2026-09-09 05:01:00+00:00,True,False,True,SL,-1.0,1788940984659.0,1788941072259.0,AMP_ALL,D0.75_E5M,0.05,-1.05
2026-09-09 07:36:00+00:00,True,False,True,SL,-1.0,1788950279856.0,1788951796802.0,AMP_ALL,D0.75_E5M,0.05,-1.05
2026-09-09 10:53:00+00:00,True,False,False,NO_FILL,0.0,,,AMP_ALL,D0.75_E5M,0.05,0.0
2026-09-09 11:24:00+00:00,True,False,False,NO_FILL,0.0,,,AMP_ALL,D0.75_E5M,0.05,0.0
2026-09-09 12:57:00+00:00,True,False,True,TP,3.0,1788969564310.0,1788969965557.0,AMP_ALL,D0.75_E5M,0.05,2.95
2026-09-09 13:19:00+00:00,True,False,True,TP,3.0,1788970809157.0,1788971068512.0,AMP_ALL,D0.75_E5M,0.05,2.95
2026-09-09 13:24:00+00:00,False,True,True,SL,-1.0,1788971143958.0,1788971977358.0,AMP_ALL,D0.75_E5M,0.05,0.0
2026-09-09 14:29:00+00:00,True,False,True,SL,-1.0,1788975073359.0,1788975910059.0,AMP_ALL,D0.75_E5M,0.05,-1.05
2026-09-09 14:39:00+00:00,False,True,True,SL,-1.0,1788975640359.0,1788975801307.0,AMP_ALL,D0.75_E5M,0.05,0.0
2026-09-09 16:25:00+00:00,True,False,True,TIMEOUT,2.0670411985017427,1788982178708.0,1788983760159.0,AMP_ALL,D0.75_E5M,0.05,2.017041198501743
2026-09-10 00:18:00+00:00,True,False,True,SL,-1.0,1789010384106.0,1789010783708.0,AMP_ALL,D0.75_E5M,0.05,-1.05
2026-09-10 00:51:00+00:00,True,False,False,NO_FILL,0.0,,,AMP_ALL,D0.75_E5M,0.05,0.0
2026-09-10 01:07:00+00:00,True,False,True,SL,-1.0,1789013551360.0,1789014640206.0,AMP_ALL,D0.75_E5M,0.05,-1.05
2026-09-10 10:05:00+00:00,True,False,True,SL,-1.0,1789045639203.0,1789045689908.0,AMP_ALL,D0.75_E5M,0.05,-1.05
2026-09-10 11:25:00+00:00,True,False,False,NO_FILL,0.0,,,AMP_ALL,D0.75_E5M,0.05,0.0
2026-09-10 11:26:00+00:00,False,True,True,SL,-1.0,1789050517507.0,1789051645508.0,AMP_ALL,D0.75_E5M,0.05,0.0
2026-09-10 19:24:00+00:00,True,False,True,SL,-1.0,1789079356959.0,1789079890802.0,AMP_ALL,D0.75_E5M,0.05,-1.05
2026-09-11 00:06:00+00:00,True,False,True,SL,-1.0,1789096132203.0,1789096224153.0,AMP_ALL,D0.75_E5M,0.05,-1.05
2026-09-11 00:44:00+00:00,True,False,False,NO_FILL,0.0,,,AMP_ALL,D0.75_E5M,0.05,0.0
2026-09-11 03:42:00+00:00,True,False,True,SL,-1.0,1789109049304.0,1789109081406.0,AMP_ALL,D0.75_E5M,0.05,-1.05
2026-09-11 05:09:00+00:00,True,False,True,TIMEOUT,1.4805622489957253,1789114272456.0,1789116000009.0,AMP_ALL,D0.75_E5M,0.05,1.4305622489957253
2026-09-11 05:46:00+00:00,True,False,True,TP,3.0,1789116639759.0,1789117663205.0,AMP_ALL,D0.75_E5M,0.05,2.95
2026-09-11 05:55:00+00:00,False,True,True,TIMEOUT,0.7599127755770614,1789117032003.0,1789118760012.0,AMP_ALL,D0.75_E5M,0.05,0.0
2026-09-11 08:00:00+00:00,True,False,True,SL,-1.0,1789124497801.0,1789124593506.0,AMP_ALL,D0.75_E5M,0.05,-1.05
2026-09-11 09:58:00+00:00,True,False,True,SL,-1.0,1789131726158.0,1789131727071.0,AMP_ALL,D0.75_E5M,0.05,-1.05
2026-09-11 15:27:00+00:00,True,False,False,NO_FILL,0.0,,,AMP_ALL,D0.75_E5M,0.05,0.0
2026-09-13 22:33:00+00:00,True,False,True,SL,-1.0,1789349692058.0,1789350193358.0,AMP_ALL,D0.75_E5M,0.05,-1.05
2026-09-14 00:06:00+00:00,True,False,False,NO_FILL,0.0,,,AMP_ALL,D0.75_E5M,0.05,0.0
2026-09-14 05:59:00+00:00,True,False,True,SL,-1.0,1789376480554.0,1789376800812.0,AMP_ALL,D0.75_E5M,0.05,-1.05
2026-09-14 10:18:00+00:00,True,False,True,SL,-1.0,1789391961310.0,1789392077702.0,AMP_ALL,D0.75_E5M,0.05,-1.05
2026-09-14 15:28:00+00:00,True,False,False,NO_FILL,0.0,,,AMP_ALL,D0.75_E5M,0.05,0.0
2026-09-14 16:43:00+00:00,True,False,True,TP,3.0,1789415105411.0,1789415516256.0,AMP_ALL,D0.75_E5M,0.05,2.95
2026-09-15 02:00:00+00:00,True,False,False,NO_FILL,0.0,,,AMP_ALL,D0.75_E5M,0.05,0.0
2026-09-15 02:38:00+00:00,True,False,True,SL,-1.0,1789450992158.0,1789452091809.0,AMP_ALL,D0.75_E5M,0.05,-1.05
2026-09-15 09:41:00+00:00,True,False,True,TIMEOUT,1.417158001310291,1789476304659.0,1789477920009.0,AMP_ALL,D0.75_E5M,0.05,1.3671580013102909
2026-09-15 12:53:00+00:00,True,False,True,SL,-1.0,1789487741405.0,1789487830061.0,AMP_ALL,D0.75_E5M,0.05,-1.05
2026-09-15 14:00:00+00:00,True,False,True,SL,-1.0,1789491685809.0,1789492580105.0,AMP_ALL,D0.75_E5M,0.05,-1.05
2026-09-15 15:55:00+00:00,True,False,True,SL,-1.0,1789498564057.0,1789498802108.0,AMP_ALL,D0.75_E5M,0.05,-1.05
2026-09-15 18:06:00+00:00,True,False,True,TP,3.0,1789506491559.0,1789506820207.0,AMP_ALL,D0.75_E5M,0.05,2.95
2026-09-15 18:12:00+00:00,False,True,False,NO_FILL,0.0,,,AMP_ALL,D0.75_E5M,0.05,0.0
2026-09-15 18:15:00+00:00,True,False,False,NO_FILL,0.0,,,AMP_ALL,D0.75_E5M,0.05,0.0
