R,signal_ts,entry_ts,exit_ts,side,exit_reason,confirm_age_min,confirm_z,max_adverse_atr,response_ratio
1.4574775548849894,1609480800,1609482300,1609485060,-1,PROTECTED_STOP,25.0,1.4240585681081994,0.5364192574956477,0.7052023108240627
0.09275799200905904,1609490700,1609490880,1609492260,1,PROTECTED_STOP,3.0,-1.9884704183796038,0.22516719013738884,1.726336757527329
0.09351726088182001,1609493400,1609493520,1609496460,1,PROTECTED_STOP,2.0,-1.7224638168540618,0.0,513829150.88159883
0.09085716963784134,1609547400,1609547460,1609549980,1,PROTECTED_STOP,1.0,-1.9034293452730253,0.031362260343104235,29.55855761605503
0.09179295246213534,1609550400,1609551420,1609557000,1,PROTECTED_STOP,17.0,-2.3433600945112993,0.37003775895498603,1.1803315889065957
0.09043630947834841,1609563900,1609565040,1609565880,1,PROTECTED_STOP,19.0,-1.5733486487599648,0.3769675676801529,2.2251160332928785
-1.0033624051905379,1609634700,1609635780,1609638420,-1,SL,18.0,1.1899215295762524,0.2854213518832656,2.102656601357313
0.09617168128119007,1609638600,1609639020,1609645680,-1,PROTECTED_STOP,7.0,1.0264394556305774,0.16812142688637258,2.0721003011546193
1.6868730577549886,1609649700,1609649760,1609650120,1,PROTECTED_STOP,1.0,-1.565602998603524,0.0,532728951.95477664
0.09625063158717129,1609731300,1609732200,1609737240,-1,PROTECTED_STOP,15.0,2.31233964604482,0.11609744556649243,2.663755435571262
0.09563901425607638,1609744200,1609744560,1609744680,-1,PROTECTED_STOP,6.0,2.2474312524194455,0.3260378004910628,2.606595554099094
-1.0031704525979575,1609745400,1609747860,1609749480,1,SL,41.0,-1.0925814302380472,1.4973708810469777,0.4091068708493397
0.09812783285453949,1609832700,1609834140,1609842780,1,PROTECTED_STOP,24.0,-1.938513538934479,0.5854631483539271,0.7637910964729131
0.09653759603767666,1609857900,1609858200,1609858380,1,PROTECTED_STOP,5.0,-1.4092382752338581,0.30966903286540504,1.1665795214864454
-1.003057012544919,1609866900,1609867680,1609869600,-1,SL,13.0,0.880066099130665,0.1120310850808224,3.768354396743024
-1.0035180087893065,1609891200,1609891260,1609891740,1,SL,1.0,-1.2140208468334812,0.0,509655855.40975654
-1.0034913994800716,1609891800,1609891860,1609892580,1,SL,1.0,-1.317819805664546,0.0,659569200.2971123
0.09673944615597085,1609892700,1609892940,1609893300,1,PROTECTED_STOP,4.0,-2.046257339463418,0.0,724738343.4469143
0.09747193431157587,1609977600,1609977720,1609980360,1,PROTECTED_STOP,2.0,-1.4956414409214378,0.0,402375769.14574367
-1.0031731925839031,1609990800,1609990920,1609993200,1,SL,2.0,-1.0684391469675054,0.0,505135938.6134754
0.0964525050803982,1610000400,1610000460,1610001060,-1,PROTECTED_STOP,1.0,2.154038632857088,0.0,632238808.4178336
-1.002319852055254,1610068500,1610068800,1610069640,1,SL,5.0,-1.5749959471374086,0.0,350624969.7513107
0.09808241064736586,1610073600,1610074200,1610086080,1,PROTECTED_STOP,10.0,-0.8506419844101971,1.097995021230414,0.49310860018488495
0.097714530584077,1610086500,1610086920,1610093340,1,PROTECTED_STOP,7.0,-1.4745512857936995,0.0,538798442.4159287
0.09742704773437394,1610150400,1610152920,1610153460,-1,PROTECTED_STOP,42.0,1.2625161339727864,0.7802351696273045,0.6271837525604954
0.09671713838902697,1610169900,1610170200,1610170380,-1,PROTECTED_STOP,5.0,1.770402845307576,0.19428970470163362,1.9630906667797605
0.09695911631505809,1610173200,1610173260,1610175960,-1,PROTECTED_STOP,1.0,1.505619449205204,0.0,475455048.72305727
-1.0043627850326622,1610242500,1610242620,1610247960,1,SL,2.0,-2.351315934755114,0.03356555497054666,10.883128799232905
-1.004851368368528,1610248200,1610248260,1610248680,1,SL,1.0,-1.5010065356466686,0.0,591022158.1751939
-1.0042067868751787,1610251200,1610253060,1610258700,-1,SL,31.0,1.2153568131832344,0.8567018600285518,0.6284229015947731
-1.0018112499783893,1610334000,1610334060,1610334840,1,SL,1.0,-1.0619167824102627,0.0,385927065.2170435
0.09879294413186779,1610339400,1610339940,1610342520,1,PROTECTED_STOP,9.0,-1.9023558849764004,0.287451607907908,1.6842407641451214
-1.0011046324177642,1610345700,1610345760,1610347680,1,SL,1.0,-1.1108251045586641,0.0,601626027.4566875
-1.002594617178753,1610431200,1610431920,1610437200,-1,SL,12.0,3.340989859309164,0.4854024132354843,0.8630818889744334
0.09739960171116725,1610437800,1610438580,1610438820,-1,PROTECTED_STOP,13.0,1.5265799727863523,0.1490817229679952,5.033477599714208
0.09750977904267591,1610443500,1610443800,1610444940,1,PROTECTED_STOP,5.0,-2.2215229317398717,0.13625223180465776,2.645451751036085
0.09787856788819867,1610496000,1610496120,1610496360,-1,PROTECTED_STOP,2.0,1.473423430573144,0.0,617827857.8124511
0.09811351471103583,1610497800,1610498280,1610499720,-1,PROTECTED_STOP,8.0,1.0979350299940989,0.29661716577066927,1.959990715878573
-1.0019314690837988,1610511000,1610512080,1610515860,1,SL,18.0,-1.6706328665612582,0.13219335583332584,2.70836040078366
0.0971276104955224,1610583000,1610583480,1610587740,-1,PROTECTED_STOP,8.0,1.2216760480315132,0.2641444954165821,1.7559082217463844
-1.0033297481123502,1610593800,1610594820,1610597160,1,SL,17.0,-1.2741610971192276,0.38172252718503813,1.0788555449755002
1.3567712393599998,1610597400,1610597820,1610605320,1,PROTECTED_STOP,7.0,-2.6400372885747383,0.4457266403294113,0.8861283624011816
1.4462158054394358,1610689200,1610689440,1610691060,-1,PROTECTED_STOP,4.0,1.1778181207279481,0.0,346895391.12969124
0.0963192086108206,1610691300,1610691900,1610701260,1,PROTECTED_STOP,10.0,-2.2475477646113737,0.4750284050855517,1.2853039997384665
-1.0041193436987832,1610703900,1610705340,1610708520,1,SL,24.0,-1.3086952577206163,0.45307700876871404,1.0986301345614884
-1.0035073559246686,1610755500,1610757540,1610760000,-1,SL,34.0,1.593978351354485,0.5569330543678901,0.8841199515716828
1.3442245842458393,1610760300,1610760540,1610763660,-1,PROTECTED_STOP,4.0,1.2500265742545411,0.1106359241353662,3.2640522580790177
-1.0033323410136548,1610764800,1610764980,1610765760,1,SL,3.0,-1.203888665187097,0.0,312948778.6210444
0.09628318389615076,1610842200,1610843400,1610855040,1,PROTECTED_STOP,20.0,-1.489323764281173,1.1291879990450224,0.31403826097278514
0.0960535352083413,1610864700,1610865060,1610866320,1,PROTECTED_STOP,6.0,-2.3555392567595095,0.28025489914236595,1.665629481849841
-1.003411166684118,1610868900,1610869740,1610870940,1,SL,14.0,-2.7865890930274713,0.736872970991732,0.5769200151343064
-1.0039402051274808,1610928000,1610928180,1610935080,-1,SL,3.0,1.0784447162554252,0.5419442414610876,1.037509925387227
0.096129633287056,1610940900,1610941080,1610944200,1,PROTECTED_STOP,3.0,-2.869174095938635,0.23014322379631472,2.0283870879606534
0.09608429796638669,1610947500,1610947920,1610951880,1,PROTECTED_STOP,7.0,-1.9548921387305631,0.25623608817405436,2.393226092399213
-1.0055162115820986,1611014400,1611014460,1611015060,1,SL,1.0,-2.1901658280026344,0.0,1318098843.0269926
1.5864796671663928,1611015600,1611017820,1611020940,1,PROTECTED_STOP,37.0,-2.3234926698996192,1.1562355152495476,0.3818702582236981
0.09531565268601555,1611030900,1611031140,1611038700,1,PROTECTED_STOP,4.0,-1.4189012797271912,0.0,366223690.27499884
0.09560869166959822,1611101100,1611101520,1611101880,1,PROTECTED_STOP,7.0,-1.19838866439022,0.14260797017376844,3.61709749191278
-1.0041868420744453,1611113100,1611113160,1611113760,1,SL,1.0,-1.0783819743558127,0.0,332736150.63055956
0.09657456909772488,1611120600,1611121320,1611125820,-1,PROTECTED_STOP,12.0,1.0549797585017082,0.03245190060879488,14.53136155938223
0.0952591804910715,1611191400,1611192900,1611194160,-1,PROTECTED_STOP,25.0,1.9228546403552333,0.6399122704682856,1.0879913204028993
-1.0040898692286175,1611196500,1611196560,1611198300,-1,SL,1.0,1.0944557422320131,0.1243427267703949,3.069954103751193
0.09620788341427353,1611210000,1611211920,1611214920,1,PROTECTED_STOP,32.0,-2.4717428792704434,0.5135366613535981,0.9526021103730539
0.0982763230712808,1611275700,1611275940,1611276840,1,PROTECTED_STOP,4.0,-3.35460214808436,0.18309279376193077,2.286801052553894
0.09854676287918059,1611278400,1611278460,1611279480,1,PROTECTED_STOP,1.0,-2.5604785400872436,0.0,603887295.9275445
0.09845220761617522,1611281700,1611282720,1611290100,1,PROTECTED_STOP,17.0,-1.4296451915131583,0.3524366606225387,1.4217197630095328
-1.0036402115393341,1611360600,1611361680,1611364500,1,SL,18.0,-1.5211057437024589,0.5542397239216309,0.6856300029770052
0.09693845809614181,1611364800,1611365160,1611368220,1,PROTECTED_STOP,6.0,-1.130026468333024,0.13105739304316585,2.9773901581604303
0.09639790939250313,1611381000,1611383160,1611386820,-1,PROTECTED_STOP,36.0,0.9169694737388304,0.7773535650187678,0.7820082266827032
0.09484903206899244,1611446700,1611446880,1611447180,1,PROTECTED_STOP,3.0,-1.3671406557063248,0.31237322515212607,2.1849208741720623
0.09486056608471306,1611455100,1611455580,1611460020,1,PROTECTED_STOP,8.0,-1.3435373497986267,0.3294123264451471,1.7996811077414598
-1.005433895604621,1611464400,1611464460,1611468000,-1,SL,1.0,1.1183951872565332,0.0,388063204.8395811
-1.004417714774283,1611537000,1611538620,1611539340,-1,SL,27.0,1.2101892585234877,0.8627621484868501,0.4128983375109169
0.09566710517754477,1611546000,1611546060,1611551520,1,PROTECTED_STOP,1.0,-1.3342433548221133,0.0,642190732.7165619
-1.0044396647070108,1611579000,1611579780,1611581100,-1,SL,13.0,2.7000737156811088,0.14329376920680356,2.897198783153366
-1.0026034204067158,1611619200,1611619260,1611619800,-1,SL,1.0,2.0680337230136745,0.0,1282918498.1941376
0.7877965171113538,1611620100,1611621600,1611643200,-1,TIME,25.0,1.1779399368809669,0.26186544757671487,1.407207353897008
-1.003443967470731,1611643500,1611643740,1611645600,1,SL,4.0,-1.5022109997801674,0.6632838964294564,0.8908339876419821
0.09582446024676161,1611705900,1611706140,1611709140,-1,PROTECTED_STOP,4.0,1.5981637029406832,0.03882784289145388,8.669999776706707
0.09540476788677993,1611722700,1611722880,1611723540,1,PROTECTED_STOP,3.0,-1.030022059802825,0.03867439125644245,14.63798844832122
0.09557762212342086,1611726600,1611728280,1611734460,1,PROTECTED_STOP,28.0,-1.3768143779885913,0.7310628302994683,0.5920826153691154
0.09729426532093699,1611792000,1611792720,1611793560,-1,PROTECTED_STOP,12.0,1.6869982030240285,0.6629137650704033,0.631843212522742
-1.0026658447864247,1611795600,1611795780,1611799620,-1,SL,3.0,1.535338368389491,0.0,372965089.10039777
0.09700538436233583,1611804300,1611805500,1611806040,1,PROTECTED_STOP,20.0,-1.4173100948272306,0.6613281681893174,0.6915608329016643
1.8344332750713572,1611878400,1611878460,1611880380,1,PROTECTED_STOP,1.0,-1.020929075498109,0.14319083202376315,3.9260517102355252
0.0963855427289668,1611896400,1611896820,1611898140,-1,PROTECTED_STOP,7.0,1.4659672887426725,0.41760125891043237,1.321496059827647
0.0966816926277025,1611902400,1611902460,1611903480,-1,PROTECTED_STOP,1.0,1.135625557585264,0.0,324266256.7631942
0.09775916747949437,1611971400,1611971760,1611973080,-1,PROTECTED_STOP,6.0,1.14779801349188,0.19897372103872088,1.697035997040916
0.09762556290545965,1611979800,1611980160,1611986220,1,PROTECTED_STOP,6.0,-1.1320831550460102,0.09288509351652947,4.152596615096564
-1.0028494561807415,1611993600,1611993840,1612006560,1,SL,4.0,-1.5829942688866465,0.0,613947392.3209429
0.0946069915905483,1612068000,1612068060,1612069260,1,PROTECTED_STOP,1.0,-1.6695132627357467,0.0,488141129.23805875
-1.0055344975859628,1612071900,1612071960,1612079520,1,SL,1.0,-1.0419414018245592,0.0,498408558.72907865
0.0947115598482095,1612083000,1612083540,1612084500,1,PROTECTED_STOP,9.0,-0.9059479759185008,0.0835091361286399,5.142937791522794
0.09501210031464338,1612138500,1612138560,1612138680,-1,PROTECTED_STOP,1.0,1.0382719868441466,0.0,683470587.6546792
0.09571773632134993,1612143600,1612143660,1612143960,1,PROTECTED_STOP,1.0,-1.1315039467941423,0.0,848714572.7565626
0.09614491886496966,1612146000,1612146060,1612153500,1,PROTECTED_STOP,1.0,-3.3797142772967974,0.0,520433132.5919119
0.09247677821703157,1612248000,1612248060,1612248360,1,PROTECTED_STOP,1.0,-1.8134109650526875,0.0,387013991.7540072
0.09334790262279652,1612249200,1612249380,1612253460,1,PROTECTED_STOP,3.0,-2.053542174662469,0.14750763391987973,3.7443963568412957
1.5628209255528798,1612256400,1612256460,1612256880,1,PROTECTED_STOP,1.0,-1.1885768579102562,0.0,1318606455.314111
1.8904310396041548,1612310700,1612310820,1612312020,1,PROTECTED_STOP,2.0,-1.123965378435355,0.05339628593811398,8.49442363273742
-1.0049863828090537,1612312800,1612314000,1612317660,1,SL,20.0,-1.889581856281005,0.2767670637177008,1.6289120656496028
0.09483506831697142,1612317900,1612318680,1612320600,1,PROTECTED_STOP,13.0,-0.9284888678174049,0.2270849141519622,1.598863629322697
0.09442712908283762,1612398000,1612398600,1612401000,1,PROTECTED_STOP,10.0,-2.693308184263615,0.49968861390942493,1.608943442637147
0.09559478281109658,1612405200,1612405920,1612408140,1,PROTECTED_STOP,12.0,-2.3154052981034923,0.5702365366151488,0.7895059068993725
0.09579545514700868,1612410600,1612411620,1612414740,1,PROTECTED_STOP,17.0,-1.7174459796617014,0.6364245158019096,0.6037249424932708
-1.0044463368604255,1612490100,1612490280,1612494600,-1,SL,3.0,1.9664722685404143,0.11842303281282685,8.417484591497155
0.09547321596524631,1612495500,1612495680,1612497660,1,PROTECTED_STOP,3.0,-1.6377474373758276,0.0,331916463.57622707
0.09478813948296835,1612517400,1612518900,1612519860,-1,PROTECTED_STOP,25.0,1.0898236410129218,0.2219047193820599,1.8499530433065308
-1.006988850942373,1612569900,1612570020,1612570560,1,SL,2.0,-2.2675044463009972,0.4676756229911845,0.9078383678632485
1.3644543983993305,1612570800,1612571640,1612574100,1,PROTECTED_STOP,14.0,-2.1096074564014953,0.3560430202052357,1.6305698036836913
0.09499950871968453,1612574400,1612574460,1612575120,1,PROTECTED_STOP,1.0,-1.0015709365662895,0.0,632350042.7041585
0.09606730416956642,1612658100,1612660440,1612660980,-1,PROTECTED_STOP,39.0,2.021331385325028,0.34965722814536376,2.168236295168775
0.09629759306803214,1612662900,1612664340,1612664520,-1,PROTECTED_STOP,24.0,1.5017585802612785,0.42950775155524157,1.157647687239683
0.09621903923659082,1612668300,1612668480,1612669320,-1,PROTECTED_STOP,3.0,1.2981845763387008,0.0,434489706.1062667
-1.005061726867194,1612750800,1612751040,1612756260,1,SL,4.0,-1.2187263189998008,0.0,460321657.00043315
0.09499973992623806,1612766700,1612769400,1612770060,1,PROTECTED_STOP,45.0,-1.2441469035135215,0.633058811021249,1.3755350554023695
1.400698967089431,1612778100,1612778940,1612785960,1,PROTECTED_STOP,14.0,-1.7915902503244674,0.5114031143989837,0.8535198118508451
0.09782575446374009,1612829100,1612829400,1612830060,-1,PROTECTED_STOP,5.0,3.1908311227063324,0.6064100174861904,0.9773663477108684
1.7302849936370572,1612853400,1612853460,1612863360,-1,PROTECTED_STOP,1.0,1.2624272738320517,0.0,428413718.5034417
1.3934847058498805,1612872900,1612873320,1612875540,-1,PROTECTED_STOP,7.0,1.0594255457278254,0.004868691608124869,86.23410927227063
-1.0046408593271845,1612930200,1612930320,1612933680,-1,SL,2.0,2.5198663259183607,0.11803435425515572,4.042010275034496
-1.0048304904134961,1612942500,1612945020,1612948680,-1,SL,42.0,2.258928429903887,1.3374602122458328,0.3550955782113045
1.7972418867507496,1612952100,1612952520,1612958580,-1,PROTECTED_STOP,7.0,2.2678066898937677,0.46968669440670824,1.065999232521875
0.09486614713314155,1613003100,1613004300,1613007120,-1,PROTECTED_STOP,20.0,1.7109062556572703,0.8490398832900948,1.0280039063111852
0.09605007402405838,1613016300,1613016360,1613016960,-1,PROTECTED_STOP,1.0,1.5560588670227913,0.0,1098525770.8755295
-1.0039286527519002,1613019000,1613021280,1613027340,-1,SL,38.0,2.0408961266432457,0.8119618913862907,0.5427678680986331
0.09571796801810264,1613105100,1613105400,1613110740,-1,PROTECTED_STOP,5.0,2.1732915760801315,0.20210804510779848,3.791683523834162
0.09607281816463747,1613111400,1613113380,1613113920,-1,PROTECTED_STOP,33.0,1.1549103562763845,0.4582196443839215,0.8726443254729866
-1.0055600193214238,1613133600,1613135640,1613138460,1,SL,34.0,-1.3478780061009525,0.7909354158269147,1.4779392435135392
-1.0056887863583892,1613179200,1613179560,1613185620,-1,SL,6.0,0.7937892332479433,0.04736432228165799,7.3011319213232
0.09377779052386635,1613202000,1613202780,1613203260,-1,PROTECTED_STOP,13.0,1.3717012205650685,0.6196976161346881,1.1689646349066654
0.09526664013295938,1613205300,1613205480,1613209620,-1,PROTECTED_STOP,3.0,1.3501830398774113,0.0,331988102.6255526
1.9726141062123181,1613280600,1613280840,1613281980,1,PROTECTED_STOP,4.0,-1.143086716719366,0.3968902041430438,1.344656755281534
0.09257968747632793,1613282100,1613282160,1613282340,1,PROTECTED_STOP,1.0,-1.5045320979820573,0.16259719001501344,7.974552523661596
-1.0060380477631463,1613282700,1613282760,1613283720,1,SL,1.0,-1.9503149683819583,0.13058208383811207,2.9597975595660255
0.0931610415738087,1613347500,1613347740,1613347860,-1,PROTECTED_STOP,4.0,1.6853984848607393,0.28228866749387327,1.942494391923972
0.0932591919973887,1613349600,1613349720,1613350980,-1,PROTECTED_STOP,2.0,1.2595930620009577,0.0,442599941.4933284
1.7373153857132753,1613351400,1613351460,1613353080,-1,PROTECTED_STOP,1.0,1.153320369894322,0.0,820860561.1138383
-1.0049677822094762,1613434200,1613434380,1613435460,1,SL,3.0,-1.3401793545980323,0.562819394241564,0.937769901998925
0.09555806051840783,1613435700,1613435820,1613436120,1,PROTECTED_STOP,2.0,-1.0216767641355902,0.5014090165004708,0.6150524355407524
0.09557859070328094,1613447400,1613447940,1613449080,1,PROTECTED_STOP,9.0,-2.7328388477569105,0.3201561142195045,1.962499993870178
0.0937858782927616,1613520000,1613520060,1613520420,1,PROTECTED_STOP,1.0,-1.422330253978724,0.0,1026945994.7693293
0.09437561579205614,1613528100,1613528280,1613528760,1,PROTECTED_STOP,3.0,-2.1620153499721457,0.0,550020743.4851145
0.09508673289211926,1613531700,1613534220,1613534940,1,PROTECTED_STOP,42.0,-1.1544830973386477,0.921465259164216,0.45277920691986145
0.09313074388000735,1613611200,1613612880,1613620680,-1,PROTECTED_STOP,28.0,0.9734252673080227,0.9032143381149692,0.5569647927356279
0.09138950920369843,1613631900,1613632680,1613632800,-1,PROTECTED_STOP,13.0,1.6604981443112035,0.6253971310291674,1.3850574690496704
0.09236159345842648,1613634900,1613636280,1613636940,-1,PROTECTED_STOP,23.0,1.840714418025714,1.258444316985719,0.5194404511526203
0.09323811201153373,1613693700,1613696340,1613697000,-1,PROTECTED_STOP,44.0,1.2432211242073357,1.410086936981217,0.43690213874251627
-1.0052449152629401,1613709300,1613709420,1613714160,-1,SL,2.0,1.5849724788605903,0.15092538416531304,3.465007118441153
0.09332686949909817,1613716800,1613717040,1613718180,1,PROTECTED_STOP,4.0,-1.1146650030948755,0.01932964781381685,22.4019988410554
0.09584309222349696,1613784600,1613786460,1613792160,-1,PROTECTED_STOP,31.0,2.079691313884842,0.699807690169957,0.642469103507405
-1.007200644030119,1613822700,1613822760,1613823060,-1,SL,1.0,3.165115116257177,0.0,533499206.10237306
-1.0058158002909965,1613824200,1613824620,1613825040,-1,SL,7.0,2.867503876841706,0.04535881078111338,9.384252821374417
0.09665464888824744,1613866200,1613866980,1613870580,1,PROTECTED_STOP,13.0,-1.526634730304047,0.3238519103422269,1.3076027888250403
-1.0068676134895735,1613889300,1613890740,1613892240,1,SL,24.0,-1.7818414853733713,0.6150673317486501,0.580773100340315
0.09282329500447675,1613892300,1613892420,1613892840,1,PROTECTED_STOP,2.0,-1.1387434066134239,0.0,539018781.1421891
1.4993775765771433,1613952000,1613952240,1613955240,-1,PROTECTED_STOP,4.0,1.9168696230749829,0.304192065242273,2.3329184143912465
0.09505704407951979,1613955300,1613955360,1613955720,-1,PROTECTED_STOP,1.0,2.0417115518944065,0.0,617349968.0583273
-1.0043736328857846,1613956800,1613959440,1613960820,-1,SL,44.0,1.8899405180520181,0.723474870319012,1.2201976115560718
-1.003092062256424,1614043800,1614044100,1614046860,1,SL,5.0,-1.6238740486065468,0.1780590527802391,2.8170671739778004
-1.002728291763868,1614047400,1614047460,1614048660,1,SL,1.0,-1.8714937494670028,0.0,480420861.4507771
0.09736116369454614,1614048900,1614049260,1614050940,1,PROTECTED_STOP,6.0,-2.883783576555885,0.8438883958432651,0.6018385878890227
1.731901869862977,1614129600,1614129900,1614140220,1,PROTECTED_STOP,5.0,-1.055688668022478,0.25420611748124755,1.5495474115225405
0.09713665623325854,1614140400,1614140820,1614141960,-1,PROTECTED_STOP,7.0,1.7855561810331873,0.26650875560443976,1.7845987744108613
0.09711081445019601,1614152700,1614153060,1614156180,1,PROTECTED_STOP,6.0,-1.6074904319148287,0.19297193099784818,2.391901521675666
-1.0031211034118155,1614211800,1614212040,1614212760,-1,SL,4.0,1.6709533146344016,0.24177255820101376,1.3471300217611526
0.09688520838637443,1614213900,1614213960,1614232800,-1,PROTECTED_STOP,1.0,2.721005922467731,0.0,393036302.45494705
0.09492089105403195,1614243000,1614243240,1614243600,-1,PROTECTED_STOP,4.0,1.1270543509293267,0.07425207729026649,9.339506047057194
-1.0021683641215011,1614297600,1614298140,1614299640,1,SL,9.0,-1.607551555395115,0.7547978305973736,0.5338685300483402
0.09797816982732006,1614299700,1614301140,1614301500,1,PROTECTED_STOP,24.0,-2.0624130885270118,0.5926830239009124,1.0024268113128838
1.483203755316495,1614312300,1614312720,1614318900,-1,PROTECTED_STOP,7.0,1.3055106840483064,0.054649933857343055,6.100665871974661
0.0963461586074604,1614415200,1614415620,1614417180,-1,PROTECTED_STOP,7.0,1.211001265130939,0.18141242700500074,3.2290234551613035
0.09598233995585041,1614425700,1614426420,1614426900,-1,PROTECTED_STOP,12.0,1.1387484066407896,0.3247576042692147,1.2560488568324089
-1.003537742000887,1614440700,1614441600,1614446220,-1,SL,15.0,2.5376535028834346,0.4481104308923941,1.230957851659129
-1.0029505985830103,1614480600,1614480660,1614483540,1,SL,1.0,-2.0117235777987568,0.0,320953522.0339109
0.09690468228529185,1614484800,1614484860,1614486960,1,PROTECTED_STOP,1.0,-1.0209722852989151,0.0,484438810.6018032
0.09777873409455302,1614495900,1614496320,1614500280,1,PROTECTED_STOP,7.0,-2.3513180373991887,0.19012748593291823,2.3194488066981958
0.09634299741786388,1614559200,1614559440,1614562140,-1,PROTECTED_STOP,4.0,1.8288063800494725,0.0,444163249.1271953
1.3638962249199664,1614581400,1614581460,1614585840,1,PROTECTED_STOP,1.0,-1.7116339607295419,0.0,619930208.3144698
0.09450687216767918,1614585900,1614586080,1614586380,1,PROTECTED_STOP,3.0,-1.6682251660273026,0.036748197141227776,11.592092259293375
0.09508574258865257,1614643500,1614645300,1614645840,-1,PROTECTED_STOP,30.0,2.443275903412016,1.1766034106963836,0.4468583810502718
-1.0047227063530368,1614648000,1614650580,1614652320,-1,SL,43.0,0.8631996339359942,0.6806673176680956,1.1463983034005312
0.09542027666532749,1614665700,1614666600,1614682380,1,PROTECTED_STOP,15.0,-1.3648417042505576,0.6789529107847962,0.5776799792205675
0.0930743606972294,1614748500,1614748800,1614749460,1,PROTECTED_STOP,5.0,-1.0718309975261948,0.15118489838349225,3.9017856884771662
0.09406079448206785,1614754500,1614755820,1614756180,1,PROTECTED_STOP,22.0,-1.2835407770192946,0.48088499786375183,1.4497244122988435
2.1632485160245087,1614759300,1614759480,1614763800,1,PROTECTED_STOP,3.0,-1.1842868808587783,0.03189308223857561,48.08494472888997
-1.0038901693525342,1614818700,1614818760,1614820260,-1,SL,1.0,1.7379467783721405,0.0,475856917.4223081
0.09607785059578236,1614824100,1614824880,1614825600,-1,PROTECTED_STOP,13.0,1.1264242410239365,0.16732355637029517,3.259517920810173
1.4811663265912225,1614826800,1614828000,1614830400,-1,PROTECTED_STOP,20.0,1.7970606509335871,0.5151920163949003,1.052101346972041
0.0948554437809522,1614903000,1614903180,1614903480,-1,PROTECTED_STOP,3.0,1.4033750609454736,0.40983243143595544,2.18070944067349
-1.0038396090903758,1614904200,1614904320,1614907320,1,SL,2.0,-1.8087388987604913,0.0,525014381.1054033
0.09656767973542318,1614907500,1614907920,1614911100,1,PROTECTED_STOP,7.0,-2.490727219840061,0.2511580063259729,1.9089075848948198
0.09475381042427303,1614988800,1614988920,1614989340,1,PROTECTED_STOP,2.0,-1.2628590920946512,0.0,715691494.2444385
-1.0051177217696614,1614994200,1614994800,1614996540,1,SL,10.0,-1.4282359403444873,0.22585624915613517,1.5805551610866677
0.09478304637435757,1614996600,1614996660,1615003500,1,PROTECTED_STOP,1.0,-1.1351927190664821,0.0,455513265.7827412
0.09349232499928842,1615081200,1615083660,1615083840,1,PROTECTED_STOP,41.0,-0.8784320647458337,1.6366735101386598,0.4773142799239216
0.09393175362353498,1615093500,1615095480,1615100520,1,PROTECTED_STOP,33.0,-3.095873906330668,0.5896641493441784,0.7504530954087344
1.3691518940539185,1615104000,1615104060,1615104420,1,PROTECTED_STOP,1.0,-1.0382364420109826,0.0,848069630.3878728
-1.005426965074199,1615161900,1615161960,1615162500,-1,SL,1.0,1.5765662582620794,0.0,871056700.6200924
0.09489020574100351,1615162800,1615163220,1615164840,-1,PROTECTED_STOP,7.0,1.843643054783168,0.2291648935264791,2.1301182800588507
0.09583275971371968,1615171200,1615171680,1615173840,-1,PROTECTED_STOP,8.0,1.0258717422392507,0.24994393302335788,1.7148367883913904
2.2665860990055884,1615249800,1615250100,1615253580,1,PROTECTED_STOP,5.0,-1.1653085020185434,0.7606898808310198,0.4390382259893971
-1.0051419920273694,1615254000,1615254300,1615257000,-1,SL,5.0,3.6870230846287044,0.3021235082323779,1.3544679583555865
-1.0045029522219846,1615257600,1615257660,1615260780,-1,SL,1.0,1.4852540409766568,0.0,427108560.6454845
1.5592754566546376,1615335600,1615335840,1615340700,-1,PROTECTED_STOP,4.0,3.049477656639279,0.0,546831150.8904579
0.09536254124018544,1615341900,1615341960,1615342680,-1,PROTECTED_STOP,1.0,1.2414711967112908,0.17026519811817062,3.1707685152743434
-1.003506623443223,1615347900,1615348080,1615358580,-1,SL,3.0,1.2561068914324367,0.28608694793868145,1.8806927894515857
0.09575778595320387,1615434600,1615435380,1615444980,-1,PROTECTED_STOP,13.0,1.9330617958955525,0.1348793238948919,2.6941394834877945
1.3438405420903168,1615446600,1615449180,1615450620,-1,PROTECTED_STOP,43.0,1.987487110237291,1.2630861019364068,0.4204446036286354
-1.0045587596610872,1615451400,1615453620,1615458240,-1,SL,37.0,1.9976245368103296,0.787267758390021,0.6125123238935972
0.09585549264119364,1615509000,1615510080,1615510800,1,PROTECTED_STOP,18.0,-2.269012662022409,0.6549876384378747,0.7796441693692621
0.09546107823857065,1615522500,1615522920,1615526520,-1,PROTECTED_STOP,7.0,2.4482170524830527,0.1252561339024339,3.3490112998125987
0.09426251159323455,1615529400,1615529940,1615531560,-1,PROTECTED_STOP,9.0,1.7189602318209523,0.07829789064012513,4.879277138759141
0.09483072761430068,1615596600,1615597200,1615598100,-1,PROTECTED_STOP,10.0,2.694949681996873,0.1693227793814166,3.7480569726830066
0.0928472062728343,1615622100,1615622220,1615624020,1,PROTECTED_STOP,2.0,-1.2715907777422621,0.025335471798972296,24.663219115172176
2.4065450714744165,1615628100,1615630140,1615630380,1,PROTECTED_STOP,34.0,-2.026084953767981,0.9527743742342171,1.3809523795029492
0.09304895848016727,1615690800,1615691100,1615693560,1,PROTECTED_STOP,5.0,-0.9470230586824132,0.5919384079984177,0.8105529357498562
-1.0086391060244058,1615701900,1615702020,1615703400,1,SL,2.0,-1.2139311334021758,0.14002207746522963,2.614918113525977
-1.0084489471394682,1615706400,1615706580,1615708920,1,SL,3.0,-1.4032349363224863,0.2267710262454549,1.9941273540254325
-1.0047397620217497,1615766400,1615766520,1615767120,-1,SL,2.0,3.2716453614947723,0.842087841041329,0.44682985500710104
-1.004469581102163,1615767600,1615769880,1615771800,-1,SL,38.0,1.0327305733560834,0.6258092527377187,0.6907691189767605
0.09386087339591069,1615789500,1615789980,1615790100,-1,PROTECTED_STOP,8.0,2.3696376389294165,0.9450847760327722,0.38761202379701293
0.09623606179256489,1615856100,1615858680,1615860360,1,PROTECTED_STOP,43.0,-1.905584019074245,1.7420570013862875,0.3358859662889748
-1.004246592893814,1615877700,1615879920,1615881840,-1,SL,37.0,1.4941286377286138,0.9047382323016346,0.5293981891120326
0.09624609357987822,1615882800,1615883100,1615890600,-1,PROTECTED_STOP,5.0,3.7705922392521534,0.0,425388876.8976251
0.09454919070396754,1615940700,1615942020,1615944300,-1,PROTECTED_STOP,22.0,1.781448385303865,0.4956080591390043,0.7466073920359021
0.09465755399612578,1615947000,1615947720,1615948620,-1,PROTECTED_STOP,12.0,1.0381600109522806,0.6162174784008645,0.8229791973242413
0.09452296577035967,1615974600,1615974720,1615975980,1,PROTECTED_STOP,2.0,-1.706204143606249,0.15852062248154938,3.1898375318229677
0.09546173594272528,1616025600,1616025660,1616025840,1,PROTECTED_STOP,1.0,-1.4986392442997454,0.0,875670830.5082785
0.0942339129953714,1616038200,1616038500,1616041860,1,PROTECTED_STOP,5.0,-2.271828329973289,0.0,400674836.70086604
-1.007162201492994,1616053200,1616055360,1616057220,1,SL,36.0,-1.439603239025139,1.0272451274952565,0.35194911889131214
0.09522797611233029,1616122200,1616123640,1616126880,1,PROTECTED_STOP,24.0,-2.1817187885600546,0.4710896000624603,0.9611937130286674
0.0936846598438004,1616133000,1616133060,1616133660,1,PROTECTED_STOP,1.0,-1.5676440797222146,0.0,563168105.2007916
1.4745118720885342,1616141100,1616141220,1616141580,1,PROTECTED_STOP,2.0,-2.2673936448946055,0.0,578336565.4703233
-1.0071370468017053,1616209500,1616209740,1616215920,1,SL,4.0,-1.8551984242395458,0.11383449509608416,3.602309140901316
0.09160206023346254,1616216100,1616216280,1616218920,-1,PROTECTED_STOP,3.0,2.7979290469723925,0.0,452977431.7623746
-1.0092442646930886,1616225700,1616225760,1616227200,-1,SL,1.0,1.6024272459317945,0.0,479635647.69788575
0.0932095713342785,1616291700,1616292060,1616293800,-1,PROTECTED_STOP,6.0,1.3357128025196412,0.16937266598159226,2.8477314934417315
0.09339675873666994,1616296200,1616296260,1616297040,-1,PROTECTED_STOP,1.0,1.5661021779632882,0.0,347255077.1012741
0.09301353168383611,1616301000,1616301060,1616301540,-1,PROTECTED_STOP,1.0,1.8207313927025979,0.09047169292995925,4.458704404158848
0.09478164088094942,1616373900,1616373960,1616379840,1,PROTECTED_STOP,1.0,-2.239487154748544,0.0,399372721.2446492
-1.005556150565571,1616383200,1616383440,1616392980,-1,SL,4.0,1.657670758980597,0.0,373490975.9427628
-1.0077252135249406,1616393400,1616395620,1616400420,1,SL,37.0,-0.9826721542333324,0.78724310540506,0.6697508888289353
1.6833502674564378,1616463900,1616464980,1616476860,-1,PROTECTED_STOP,18.0,2.15847533991497,0.3756573393142284,1.1145438433813577
-1.0046043127589541,1616477700,1616478780,1616480520,1,SL,18.0,-1.5451777002073501,1.0139296551495875,0.34967643665551423
0.0959022007162642,1616487900,1616488560,1616492100,1,PROTECTED_STOP,11.0,-1.1805408726969089,0.6334211164068215,0.9747178959044012
-1.005790943608901,1616568000,1616568720,1616569380,-1,SL,12.0,0.9895546333920009,0.45182989293515197,0.7566713466399557
0.09523552279708916,1616569500,1616569560,1616569860,-1,PROTECTED_STOP,1.0,1.0018771917631453,0.0,647781436.706658
-1.0039939973683514,1616574000,1616574180,1616587200,-1,SL,3.0,1.6281671932587265,0.0,445641078.0689021
0.09697993447882217,1616633400,1616633520,1616636400,-1,PROTECTED_STOP,2.0,1.0408447460411119,0.0,375682375.4114635
0.09516601912027343,1616652900,1616653740,1616654280,-1,PROTECTED_STOP,14.0,2.8883539700611274,0.0,465318946.8871223
-1.0051913222558135,1616673600,1616673720,1616674020,1,SL,2.0,-1.4416027380540275,0.0,538009658.3050749
1.4659031486702,1616716800,1616716860,1616729460,1,PROTECTED_STOP,1.0,-1.104174870152582,0.0,653897946.6500968
0.09458839053665151,1616731200,1616733600,1616734920,1,PROTECTED_STOP,40.0,-0.811126421698319,0.7120157879400604,0.6373540509300122
0.09456427697946869,1616745600,1616745660,1616749260,-1,PROTECTED_STOP,1.0,1.9867493115895147,0.003720905914239726,110.35242935887678
-1.0060820543281521,1616805000,1616805060,1616806560,1,SL,1.0,-2.118772404835294,0.0,545316547.5935116
0.09420820688677614,1616806800,1616806860,1616821440,1,PROTECTED_STOP,1.0,-3.6072302643530487,0.0,566480578.3516396
0.09142264144995602,1616843100,1616843160,1616843460,1,PROTECTED_STOP,1.0,-1.2613923525574455,0.0,717210401.891264
0.09169575634625243,1616904000,1616904060,1616904840,1,PROTECTED_STOP,1.0,-1.234839980016081,0.0,424559790.7916566
-1.0102779348949624,1616922600,1616922780,1616925300,1,SL,3.0,-1.1310429002261335,0.0,519412533.4009535
-1.0089275483349842,1616927100,1616927340,1616928480,-1,SL,4.0,2.292063965725112,0.0,546279186.9645582
0.093004705797354,1616984700,1616986860,1616991120,-1,PROTECTED_STOP,36.0,0.8655141727711458,0.4673304344292229,0.8748478189217688
3.7112001527469407,1617001800,1617002100,1617007800,1,PROTECTED_STOP,5.0,-1.5053984980660022,0.47217683930976123,1.3509601438145755
0.09210517832870689,1617008100,1617008340,1617008760,1,PROTECTED_STOP,4.0,-1.037892136638813,0.34832837181225496,3.2350142628344662
0.09321350507198359,1617062400,1617062460,1617067680,-1,PROTECTED_STOP,1.0,1.5549016721101376,0.06097008904749202,10.410568934941377
-1.0089163536674066,1617076500,1617076860,1617078420,-1,SL,6.0,1.8617599277141639,0.4334072490961098,0.9068712165765965
-1.008823914632943,1617078600,1617078840,1617079620,-1,SL,4.0,1.4654043347746333,0.06907090867175332,5.216955865723553
-1.010709605384389,1617149100,1617150360,1617150960,-1,SL,21.0,2.921176108457298,1.1697456158158805,0.5021026068037144
0.08988274771707838,1617151500,1617153480,1617156960,-1,PROTECTED_STOP,33.0,2.07246508249817,0.6275568965834434,0.5102610400668658
0.09013020636002012,1617159600,1617159660,1617162360,-1,PROTECTED_STOP,1.0,1.614897757972611,0.0,763254274.9614648
0.09290979336285386,1617235500,1617235980,1617253740,-1,PROTECTED_STOP,8.0,1.1412902138753176,0.0,445530805.27282226
0.09397736191772418,1617272400,1617273360,1617275040,-1,PROTECTED_STOP,16.0,2.029681167356264,0.22683382188337775,1.7904451604021971
0.09206316662305342,1617288300,1617289380,1617290400,1,PROTECTED_STOP,18.0,-1.321046384655933,0.5111164153694271,0.929893657101541
-1.0105243994174957,1617321600,1617322080,1617324420,1,SL,8.0,-1.0136168187090977,0.5575299509528122,1.2662243992286706
2.248368860393065,1617329400,1617329460,1617330720,1,PROTECTED_STOP,1.0,-1.457163646690249,0.0,422370198.19704723
0.0924985474968288,1617332100,1617332400,1617332520,1,PROTECTED_STOP,5.0,-2.530159620525986,1.1946322051590323,1.0440251563587741
0.09031591995699621,1617415800,1617418260,1617425520,1,PROTECTED_STOP,41.0,-2.1005782048842048,0.529569423408458,1.0599686297910342
1.4854985614628666,1617439500,1617439620,1617445260,1,PROTECTED_STOP,2.0,-1.9071201560244082,0.49235420736337343,1.225455507859424
-1.0072932630173426,1617447600,1617447780,1617462060,1,SL,3.0,-2.535607198408727,0.0,400727660.2782045
-1.0044723688233128,1617499200,1617499440,1617505320,-1,SL,4.0,1.4285298502967754,0.0,340757050.5644562
-0.6090917703025771,1617505500,1617506220,1617527820,-1,TIME,12.0,2.2646794124993184,0.017777080163879043,19.600632811849973
2.0192342424973204,1617533400,1617534540,1617537840,-1,PROTECTED_STOP,19.0,1.0029356374809453,0.5523472668810485,0.7436837802346596
0.08703077001599036,1617581400,1617581460,1617583380,-1,PROTECTED_STOP,1.0,1.13674553343855,0.0,502758544.78988796
0.08906332399861569,1617584700,1617584820,1617585000,-1,PROTECTED_STOP,2.0,1.2271918140205313,0.0,455377732.0272534
0.09002297415469199,1617594900,1617594960,1617595080,-1,PROTECTED_STOP,1.0,1.7307613346476256,0.0,384966965.6725393
-1.0092368219855103,1617667200,1617668460,1617670800,-1,SL,21.0,1.1662460975360964,1.7928554223316542,0.2176127901814063
0.09286235205806112,1617676500,1617677340,1617681600,-1,PROTECTED_STOP,14.0,1.7231979404453432,0.08828409014078645,3.8882473786380016
-1.0124144355534461,1617695700,1617695760,1617696480,-1,SL,1.0,2.4955018162253837,0.0,839211547.4722656
-1.0098888493506126,1617753600,1617753840,1617754380,-1,SL,4.0,1.1276548990721065,0.08413861132932489,3.5696048207957194
1.3992593956816,1617754500,1617754680,1617756540,-1,PROTECTED_STOP,3.0,1.1459137070420844,0.026814021140368176,14.089766081360942
0.09147994135392544,1617756600,1617757020,1617757140,-1,PROTECTED_STOP,7.0,2.1232725803739427,0.2229669008290689,1.9175441996255547
-1.008706980046967,1617840300,1617840360,1617840780,-1,SL,1.0,2.1628124920659952,0.0,880679823.0213125
-1.0084999944765507,1617840900,1617841500,1617842640,-1,SL,10.0,3.0331277540145547,1.0187764597324802,0.5480644723825141
-1.0078407837099068,1617842700,1617844020,1617844920,-1,SL,22.0,1.1712685998734544,0.7551771881453043,0.5417934384594164
0.08977785715809783,1617926400,1617926460,1617926580,1,PROTECTED_STOP,1.0,-1.7512089688970844,0.0,409667669.1672609
-1.009578959562715,1617937200,1617937260,1617939720,-1,SL,1.0,1.5462780608320938,0.0,417044938.7199268
0.09004824223762162,1617941400,1617941820,1617944760,1,PROTECTED_STOP,7.0,-0.9796020196441124,0.2622530151398809,1.532485317052524
0.08877888390465294,1618020900,1618021860,1618022160,1,PROTECTED_STOP,16.0,-2.104399355784735,0.33870178569224185,0.9157036002877271
2.27536621933841,1618023600,1618023660,1618027560,1,PROTECTED_STOP,1.0,-1.9941894475845563,0.0,737293426.8033296
1.8316609136457693,1618027800,1618027860,1618028400,1,PROTECTED_STOP,1.0,-2.1749453886093932,0.0,890639440.8020911
0.09247487355703525,1618109100,1618109760,1618110420,1,PROTECTED_STOP,11.0,-1.3202117865108687,0.4987965201479811,0.8337563435061517
-1.0071998039025447,1618111800,1618112160,1618116180,1,SL,6.0,-1.53042984046607,0.0073281210901897575,44.809749982731056
0.09233536213076328,1618116300,1618116360,1618117080,1,PROTECTED_STOP,1.0,-1.3810036979797549,0.0,648634737.0640297
0.08990739396365689,1618199400,1618199580,1618200060,1,PROTECTED_STOP,3.0,-1.2606398691281386,0.03219265526823194,28.542767387091896
1.813431610794562,1618203600,1618204440,1618210920,1,PROTECTED_STOP,14.0,-1.34598715708839,0.45991784815157216,1.39738787749566
0.09228403717019108,1618211100,1618211460,1618211640,1,PROTECTED_STOP,6.0,-1.6365339306923332,0.13659092450654245,3.521412654975889
-1.0107079422707805,1618272900,1618273020,1618278000,-1,SL,2.0,1.443207674321682,0.0,559111303.9308717
0.08967487212036376,1618278300,1618278360,1618279020,1,PROTECTED_STOP,1.0,-1.870121588363509,0.09340108188553463,4.896118044900509
0.09026256051370725,1618281600,1618281660,1618283160,1,PROTECTED_STOP,1.0,-2.447834149358215,0.0,394728380.9575943
0.09106127083144107,1618363800,1618363860,1618369620,-1,PROTECTED_STOP,1.0,1.2821130814894808,0.0,399951548.92046595
-1.0091345939723553,1618371000,1618371060,1618372200,-1,SL,1.0,1.875832399384691,0.0,641621998.9605701
-1.0089603451437195,1618376100,1618376160,1618376640,-1,SL,1.0,2.0510057276736138,0.0,353360756.693415
-1.007628592628262,1618447200,1618449900,1618451940,1,SL,45.0,-2.1144062519582865,1.3115136832242367,0.26529991967173455
0.09339611846142469,1618452000,1618452060,1618455420,1,PROTECTED_STOP,1.0,-1.2366217918991433,0.0,535106713.424592
0.09357049474319636,1618457400,1618459500,1618460640,1,PROTECTED_STOP,35.0,-1.7667107617640376,0.44897009446600067,1.1103953321711202
-1.0087198291655783,1618537500,1618537560,1618538100,-1,SL,1.0,2.7617512576364223,0.0,634228746.8176724
0.09157965372675247,1618538400,1618539660,1618542000,-1,PROTECTED_STOP,21.0,2.3833299032148236,0.26973345093411977,1.7835909565267303
1.5835192820271404,1618546200,1618547460,1618547880,-1,PROTECTED_STOP,21.0,1.818667806971712,0.6074458993578774,0.6463198964907001
-1.0079410757454932,1618619400,1618619580,1618621500,-1,SL,3.0,1.0060314945083815,0.2010460617137412,2.2495164298169255
0.09225683677667264,1618622400,1618622520,1618623240,1,PROTECTED_STOP,2.0,-1.3240109565995386,0.0,396334853.76979566
0.09239141011938065,1618625100,1618626000,1618627680,1,PROTECTED_STOP,15.0,-1.9725410585741945,0.34305383825471386,1.4766944579575358
1.5325575203605588,1618704000,1618705380,1618705920,-1,PROTECTED_STOP,23.0,2.8601468105787795,1.4605215858622178,0.2504863000563597
0.0935048123944284,1618706400,1618707300,1618709160,-1,PROTECTED_STOP,15.0,2.446045778350095,0.4796646721137174,0.8728177832322251
0.09538061725996576,1618712100,1618712160,1618712520,-1,PROTECTED_STOP,1.0,1.9604142063688772,0.0,482006725.706404
0.09422346668317139,1618790400,1618790520,1618790760,-1,PROTECTED_STOP,2.0,1.1016877324802092,0.5206831471798329,0.7668310639500883
0.09529892754959786,1618793700,1618793820,1618795020,1,PROTECTED_STOP,2.0,-1.014601839485184,0.16254876924168585,2.471208171752955
0.09460853680322759,1618804200,1618804380,1618805460,-1,PROTECTED_STOP,3.0,1.1838315156424952,0.0,333760058.8921656
-1.0048762069517916,1618877100,1618877700,1618878180,1,SL,10.0,-2.512652442938788,0.5721306687018901,0.8790463878391762
0.09543334343059365,1618878300,1618878420,1618881060,1,PROTECTED_STOP,2.0,-2.4204731666751758,0.0,652342803.381279
0.09642521751589825,1618885800,1618887480,1618888320,1,PROTECTED_STOP,28.0,-1.9352246279761882,0.7173132285486454,0.6442764093016179
0.09428666263008839,1618966200,1618966260,1618966500,-1,PROTECTED_STOP,1.0,1.2308472216492063,0.0,531858228.4701318
1.4582605302037759,1618972800,1618974000,1618977600,-1,PROTECTED_STOP,20.0,1.0837315461686396,0.22113052670854863,1.6626391453456362
-1.0054430509319554,1618979100,1618981260,1618986120,-1,SL,36.0,2.056453853910532,0.6847761799347656,0.5489290024804767
-1.0041247796681434,1619049600,1619049660,1619050080,1,SL,1.0,-1.729907268899878,0.0,575247581.5237361
0.09590758321661198,1619050200,1619050560,1619051100,1,PROTECTED_STOP,6.0,-2.6102075372611573,0.43352855890760245,1.3317109269885448
0.09626831357339789,1619052000,1619053260,1619055060,1,PROTECTED_STOP,21.0,-1.160980478662702,0.5376204972842997,1.079122057775608
0.09676359456855566,1619139900,1619140020,1619141220,-1,PROTECTED_STOP,2.0,1.2873190313220797,0.06078582528126121,9.15267397877969
0.0975731462528655,1619144400,1619146440,1619150640,1,PROTECTED_STOP,34.0,-3.021433590005118,2.0591323444103766,0.2077317480996415
0.09802748193790696,1619155500,1619155620,1619157600,1,PROTECTED_STOP,2.0,-1.1423938898826358,0.0,480885981.7979728
-1.0038455276111231,1619233500,1619235120,1619248740,1,SL,27.0,-1.1979559851802708,0.5021737888249433,1.0262163740886352
0.09419381673134573,1619249400,1619249580,1619257560,-1,PROTECTED_STOP,3.0,1.097954279493104,0.0777030483772278,4.395683396667621
0.09427976324788236,1619258400,1619258520,1619260620,-1,PROTECTED_STOP,2.0,1.4868540168497955,0.0,444205300.88694996
0.09443013733362397,1619308800,1619309040,1619318820,1,PROTECTED_STOP,4.0,-1.5911340169517607,0.6402616572736648,1.1538461520439973
0.09355538683578617,1619321100,1619322120,1619322600,-1,PROTECTED_STOP,17.0,1.9730451133985245,0.6460266773109865,0.6180092499594299
0.09308666244176042,1619333700,1619334540,1619335440,-1,PROTECTED_STOP,14.0,1.0723590449711522,0.3834424097528852,1.4378769564431941
0.09696790800291627,1619402700,1619403000,1619404560,-1,PROTECTED_STOP,5.0,3.8613667329701102,0.11257695910084184,3.41590306019917
0.0945750359396109,1619419800,1619420460,1619421900,-1,PROTECTED_STOP,11.0,0.7967894373804552,0.708497205433223,1.2624689077612457
0.09394493753151956,1619430600,1619430840,1619436360,1,PROTECTED_STOP,4.0,-2.235273032600173,0.3014103907189644,1.9160846974050776
0.09601588685389374,1619481600,1619481900,1619483460,-1,PROTECTED_STOP,5.0,1.1422925196841058,0.3974998175165113,1.1754876179001232
0.09306872325738015,1619504700,1619505660,1619510340,-1,PROTECTED_STOP,16.0,3.1487149916671835,0.340714454824765,0.9357038997472712
0.0935697335033417,1619511900,1619512020,1619520960,-1,PROTECTED_STOP,2.0,1.2695672288685902,0.03626386615063358,12.627184117812705
0.09218427188993863,1619572800,1619573700,1619575560,-1,PROTECTED_STOP,15.0,1.4909549959727617,0.4769753108755103,0.838481279771487
0.09178278137085477,1619578800,1619578860,1619580720,-1,PROTECTED_STOP,1.0,1.0844050753200092,0.0,513419417.95372146
-1.0094146015883876,1619586000,1619586060,1619587980,1,SL,1.0,-1.063524859272906,0.0,575667285.1185672
0.0929873900055653,1619655000,1619655180,1619656200,-1,PROTECTED_STOP,3.0,1.163835533856072,0.1693611605033401,2.6358094222329984
0.09262066004456496,1619661300,1619662320,1619663280,-1,PROTECTED_STOP,17.0,2.47510932931212,0.6945495265503236,0.49622829002876834
1.3426269099807107,1619667600,1619668200,1619671680,-1,PROTECTED_STOP,10.0,1.4836617224051085,0.3178012643706282,1.1544354802383667
0.0927269063209398,1619740800,1619741160,1619741520,-1,PROTECTED_STOP,6.0,1.8560144040554198,0.31413279666331406,1.6824385751719302
0.09160745354420277,1619757000,1619757180,1619761380,-1,PROTECTED_STOP,3.0,1.1452797753112824,0.03729099881616812,16.458176837052633
0.09119991590680677,1619765100,1619767140,1619770440,-1,PROTECTED_STOP,34.0,1.5600207444142102,1.160715278549995,0.34372773347306573
-1.0070301729403337,1619827200,1619827260,1619827800,-1,SL,1.0,3.1565311450242013,0.0,1004722265.849969
0.09374718993618103,1619828100,1619828160,1619830500,-1,PROTECTED_STOP,1.0,2.3807424015864442,0.0,517193527.0882297
0.0946415246171052,1619833800,1619834760,1619839080,-1,PROTECTED_STOP,16.0,1.5844287255466212,0.24424768290278442,2.4013789886987738
-1.010751592442003,1619919000,1619919180,1619920920,-1,SL,3.0,1.3228194079143996,0.1649844907667925,3.4745993652336518
1.7824543440510912,1619922000,1619922600,1619926380,-1,PROTECTED_STOP,10.0,1.8815215399534175,0.25784129046226345,1.6444862386257253
0.08891606378353838,1619926800,1619926860,1619927100,1,PROTECTED_STOP,1.0,-1.1101863524536912,0.0,1207639306.977098
1.3947281079320282,1620003900,1620004080,1620006120,1,PROTECTED_STOP,3.0,-1.1616349026606962,0.0,462244240.20626783
1.161258543312943,1620008400,1620008760,1620030360,1,TIME,6.0,-1.2654403369183609,0.0,433177008.7857746
0.09194827429676591,1620031500,1620032640,1620033780,-1,PROTECTED_STOP,19.0,1.6392879055560863,0.5205316673872653,0.5952851819906536
2.8129067105772814,1620086400,1620086460,1620089520,-1,PROTECTED_STOP,1.0,1.654289817009692,0.0,475939669.6193536
0.09629586171045165,1620090000,1620090060,1620091260,1,PROTECTED_STOP,1.0,-2.110012706772971,0.0,412055743.146567
0.09371127621538061,1620109800,1620109860,1620114960,-1,PROTECTED_STOP,1.0,1.0931343971926093,0.0,345350915.9762527
1.5626168693716442,1620172800,1620172980,1620175200,1,PROTECTED_STOP,3.0,-2.071713667399598,0.9333528320084743,0.5423303906029389
0.09602995065210568,1620175500,1620176640,1620177120,1,PROTECTED_STOP,19.0,-1.1694028331877404,0.27786853074819773,1.8179615379313874
1.9428093328378722,1620197100,1620197160,1620203700,1,PROTECTED_STOP,1.0,-1.0829809456143704,0.0,448376213.9773471
0.09364943833013802,1620259200,1620259560,1620260460,-1,PROTECTED_STOP,6.0,1.7189978344553218,0.5883340566152067,0.8042435514798733
-1.0062145727806113,1620260700,1620260760,1620264900,-1,SL,1.0,1.4911706790778454,0.0,832281873.998493
0.09369904850416612,1620278700,1620281400,1620283020,-1,PROTECTED_STOP,45.0,1.4703296555803935,1.098745353159848,0.42887351560520387
0.09309788731535312,1620346200,1620346260,1620348000,1,PROTECTED_STOP,1.0,-1.2059321216207695,0.0847879386687094,7.1709105757625915
-1.0047856763919227,1620354600,1620356580,1620360420,1,SL,33.0,-2.3018300349975247,1.0566978944541174,0.482363763554452
0.09514765663864111,1620360600,1620360840,1620364860,1,PROTECTED_STOP,4.0,-1.5435458549065795,0.09379780112497932,8.023637289317648
0.09352619352920111,1620432000,1620432600,1620432900,-1,PROTECTED_STOP,10.0,2.2015808537226094,0.9573798148592638,0.42847015409660777
0.09420057660732163,1620435000,1620435060,1620437700,-1,PROTECTED_STOP,1.0,1.4449386026368076,0.0,374816308.76503503
0.09369659855732738,1620444900,1620445020,1620449100,1,PROTECTED_STOP,2.0,-1.3362922384800224,0.0,389646390.18966895
0.09311668537411225,1620521100,1620521280,1620524400,-1,PROTECTED_STOP,3.0,1.003632030843481,0.07569501513299594,5.613067581082363
0.09434851445317874,1620533400,1620533580,1620533760,-1,PROTECTED_STOP,3.0,1.1116994044929724,0.29131769234770805,3.421799988254063
0.0946208141393804,1620541500,1620542340,1620552000,-1,PROTECTED_STOP,14.0,1.2743470224628088,0.1356368713321059,2.238957850376897
0.09296197961573775,1620609300,1620611280,1620615300,1,PROTECTED_STOP,33.0,-2.716446212159609,0.5757860291615593,0.6652566084869277
0.09231869199025645,1620616200,1620617340,1620617700,1,PROTECTED_STOP,19.0,-2.0397202826334797,0.2644620769740416,1.811472997845002
0.09266752006469225,1620624300,1620624360,1620626460,1,PROTECTED_STOP,1.0,-1.4271925062627435,0.0,308372505.04777414
-1.0040961730515026,1620692700,1620692760,1620694560,1,SL,1.0,-1.0844594110811738,0.11899915936373705,2.6911926379352025
0.09620443758333513,1620694800,1620694920,1620700080,1,PROTECTED_STOP,2.0,-1.3987541940578259,0.0,410780242.9395819
0.09649973026886358,1620701700,1620702540,1620704940,1,PROTECTED_STOP,14.0,-1.8681212400095317,0.558801477704915,0.6416325125129909
2.7399931579341437,1620777600,1620777780,1620791700,1,PROTECTED_STOP,3.0,-1.0948983505148278,0.46301193453227796,1.0918228718608687
0.09325685730943313,1620797700,1620798420,1620800280,-1,PROTECTED_STOP,12.0,1.5287184394193567,0.32608027258201144,1.0905648094666425
0.09259517707593233,1620808500,1620809940,1620813180,1,PROTECTED_STOP,24.0,-1.442034921782785,0.6362484862825881,0.49831546629182055
0.0984097071475716,1620864000,1620865860,1620868200,1,PROTECTED_STOP,31.0,-1.031550029270584,3.816168507430646,0.1077000779826989
0.0961226216239205,1620885900,1620886440,1620888000,-1,PROTECTED_STOP,9.0,1.880384751865724,0.12682030831458765,3.7219126077186355
0.0951228368753083,1620896400,1620896460,1620897420,1,PROTECTED_STOP,1.0,-1.0058265284658303,0.0,495341740.8722419
0.09671403392880594,1620957900,1620958440,1620962880,-1,PROTECTED_STOP,9.0,1.4194596245362205,0.09789946104406398,4.569024887446413
0.09600086575083448,1620979500,1620979920,1620983940,1,PROTECTED_STOP,7.0,-1.5253257037358892,0.2072464704222487,2.9583189660908515
0.09468725151075584,1620990300,1620990960,1620992640,-1,PROTECTED_STOP,11.0,1.913613547699027,0.3639041515067867,1.1579128903067022
0.0949448000250161,1621036800,1621038120,1621038540,-1,PROTECTED_STOP,22.0,1.7164703718045558,1.4217554211793146,0.5009347397469276
0.09439396084327241,1621056900,1621059360,1621059720,-1,PROTECTED_STOP,41.0,1.6870368041104553,1.5023968523616962,0.31810221281167667
-1.0044293172301122,1621061700,1621061760,1621065600,1,SL,1.0,-1.2497371065983323,0.0,450881162.4125371
0.09686340377104051,1621124400,1621124520,1621125360,-1,PROTECTED_STOP,2.0,1.6459532866767874,0.0,453900729.33089584
0.09719301582783497,1621129500,1621129560,1621139520,1,PROTECTED_STOP,1.0,-1.0350363524469555,0.0,349476580.3080246
-1.0047623223141298,1621149900,1621150200,1621151940,-1,SL,5.0,1.8365713383228108,0.0,345278110.6596831
1.5165040765075204,1621209600,1621209960,1621219560,-1,PROTECTED_STOP,6.0,1.747349516127183,0.3295663600525642,1.1392876095148714
-1.0025186925166154,1621222500,1621222620,1621223820,1,SL,2.0,-1.2761950128388777,0.08976323342426075,5.723245045560906
0.09785620715012434,1621224000,1621224660,1621226040,1,PROTECTED_STOP,11.0,-1.9757976394073635,1.174786632696265,0.3881435017371603
0.09762441549924836,1621304700,1621305120,1621306260,1,PROTECTED_STOP,7.0,-1.2583354864004432,0.01927622915708377,21.728393934513942
0.09652949169156724,1621345200,1621345260,1621350420,-1,PROTECTED_STOP,1.0,1.329490223812704,0.016058652543579535,22.093470434297696
-1.0025247004177211,1621352700,1621353360,1621357920,-1,SL,11.0,2.522321060129618,0.3311925586841393,1.0991519514521721
0.09711398941723937,1621386900,1621387020,1621387320,-1,PROTECTED_STOP,2.0,1.6380002418332464,0.22696737755098617,5.6662401505057565
0.09757152855623678,1621389000,1621389180,1621389960,1,PROTECTED_STOP,3.0,-3.6348314655513985,0.32028313610518466,2.2587993943109796
0.09788910844816184,1621393200,1621393560,1621395360,1,PROTECTED_STOP,6.0,-1.9431805480768711,0.32620044313079977,1.2804458011067392
0.09867515159477191,1621468800,1621468920,1621469340,1,PROTECTED_STOP,2.0,-1.5820434882665195,0.0,845701384.078021
0.09884625594154128,1621471500,1621471560,1621472580,1,PROTECTED_STOP,1.0,-1.788946005434211,0.0,625326598.6324428
0.09892761030844237,1621474200,1621476300,1621478280,1,PROTECTED_STOP,35.0,-1.9377378546519304,0.6450440487542588,0.651121110942473
-1.002052493013093,1621556100,1621556220,1621557660,-1,SL,2.0,2.33940357664273,0.0,427146849.66200864
1.5917259877684897,1621557900,1621558080,1621572480,-1,PROTECTED_STOP,3.0,1.2730773364061858,0.13954589213740587,2.527902997614529
-1.0032927591249226,1621572600,1621573380,1621573920,1,SL,13.0,-2.391614960837434,0.44858220975128305,1.597144728963357
0.09765565595815427,1621660800,1621661040,1621661460,-1,PROTECTED_STOP,4.0,8.426149772921546,0.2003377477557559,1.9128462883913213
0.09778694326466886,1621662600,1621662960,1621665360,-1,PROTECTED_STOP,6.0,1.266683891255618,0.06944379143354773,5.325697658959042
-1.0019685537427474,1621673100,1621674600,1621677600,-1,SL,25.0,1.5046932562487432,0.32208603778447664,1.4634963450911256
0.09639699439919912,1621728000,1621728060,1621728360,-1,PROTECTED_STOP,1.0,1.739643797715884,0.0,1927634284.4737089
0.09642680345347548,1621740600,1621742400,1621744140,-1,PROTECTED_STOP,30.0,1.7686627316448371,0.5835009977745175,0.7333136286136716
0.09560728239228433,1621746300,1621746420,1621746600,-1,PROTECTED_STOP,2.0,1.6339982978326877,0.0,628582113.2547207
0.09769378276775446,1621815000,1621815060,1621817100,-1,PROTECTED_STOP,1.0,1.3693591504048377,0.0,529561965.497373
1.3946895762760003,1621831500,1621831560,1621838520,1,PROTECTED_STOP,1.0,-1.7630819687923933,0.0,391548594.3296963
1.4076716903009634,1621838700,1621838940,1621842780,1,PROTECTED_STOP,4.0,-1.5052926801936355,0.0,502606547.13231885
-1.002962950330252,1621900800,1621900860,1621902240,-1,SL,1.0,1.0364967916960228,0.0,682682550.9856741
1.6317917365436752,1621902600,1621902660,1621911720,-1,PROTECTED_STOP,1.0,1.5957982828596537,0.0,365105734.2173067
0.09719461989337251,1621912200,1621912320,1621913880,1,PROTECTED_STOP,2.0,-2.1109827491497875,0.0,480302010.08907336
0.09579626360921996,1621987500,1621987560,1621988160,-1,PROTECTED_STOP,1.0,1.8465573104033774,0.0,679022224.5166465
0.09621416131104177,1621995600,1621996560,1622002620,-1,PROTECTED_STOP,16.0,1.3362968257991692,0.39426059337806096,0.8363315934436963
1.682030709270764,1622010000,1622010120,1622011020,1,PROTECTED_STOP,2.0,-2.590541352474179,0.0,376310303.582603
1.4717570429253721,1622073600,1622073660,1622076120,-1,PROTECTED_STOP,1.0,2.400600679198206,0.0,647529802.8270559
0.0954931181348301,1622076300,1622078040,1622078340,-1,PROTECTED_STOP,29.0,1.6625531875885866,0.7311976487135637,1.0547779908354864
0.09580036766725118,1622080200,1622080380,1622080860,-1,PROTECTED_STOP,3.0,1.204034063581737,0.34340120852703276,4.347284394581862
0.09609848808187617,1622160000,1622160060,1622160420,-1,PROTECTED_STOP,1.0,1.7628493377285501,0.0,1163375145.8257072
1.5569818195243268,1622161200,1622161500,1622163960,-1,PROTECTED_STOP,5.0,1.6227380402258802,0.11773006587961182,3.3209755815477933
0.09651818229344547,1622165400,1622166300,1622172720,-1,PROTECTED_STOP,15.0,1.8865782686660573,0.19923307050182762,1.5748725640750088
-1.0027146195013583,1622247600,1622248260,1622250120,-1,SL,11.0,1.8143745356541616,0.04798249160217227,7.076740733612887
0.09708702142479818,1622250300,1622250960,1622264880,-1,PROTECTED_STOP,11.0,3.0663455091944947,0.0,379797513.8473407
-1.0034532209143783,1622265600,1622265960,1622270820,1,SL,6.0,-2.252542983600964,0.476305757297488,1.9347432336549215
1.4840857432973678,1622332800,1622332920,1622335080,-1,PROTECTED_STOP,2.0,2.1881589799667447,0.0,807249455.0332726
0.09668604775588978,1622346900,1622349060,1622349300,1,PROTECTED_STOP,36.0,-2.2202603848099525,0.7182637315423005,0.7438277690612177
-1.003747903758711,1622358000,1622358840,1622360460,-1,SL,14.0,1.749335699499528,0.612834424527431,0.679460793293408
0.09551337955323601,1622422800,1622423700,1622424180,-1,PROTECTED_STOP,15.0,1.156181175145223,0.4631278750860409,1.491577205697586
0.09593749879500264,1622430000,1622430060,1622431440,-1,PROTECTED_STOP,1.0,1.477346632357746,0.0,440471669.8813794
-1.0037314831435067,1622446200,1622446260,1622449380,-1,SL,1.0,2.090293358932705,0.0,442946123.26222765
-1.005258479693772,1622505900,1622506020,1622509020,-1,SL,2.0,1.3921779122400828,0.07620054609187918,6.412803447853796
1.816116832962338,1622509200,1622509620,1622513520,-1,PROTECTED_STOP,7.0,3.0315179384397672,0.03738936432016602,10.555345034626226
0.09603193730167893,1622515200,1622515260,1622519700,-1,PROTECTED_STOP,1.0,1.0392486642387704,0.0,331395939.3206449
0.09514755143755793,1622593500,1622594100,1622595000,1,PROTECTED_STOP,10.0,-1.1090566794506869,0.3174538797030672,1.1672754718237786
0.09489046218921311,1622607900,1622610060,1622613060,1,PROTECTED_STOP,36.0,-2.3147001234889446,0.40126300502347156,1.3507423909852403
0.09422026406180638,1622618100,1622618160,1622620440,1,PROTECTED_STOP,1.0,-1.3639361578703588,0.0,602384751.9798025
0.09374405316995998,1622679300,1622679360,1622685300,-1,PROTECTED_STOP,1.0,1.0273792172955478,0.009641181618619394,71.11978429006606
-1.0080029142362412,1622694900,1622695440,1622696460,-1,SL,9.0,1.9988694756494534,0.0,453360889.4085705
0.09210268358084991,1622697000,1622697120,1622698260,-1,PROTECTED_STOP,2.0,1.6924892420087976,0.5599628712871625,0.7391977000833375
1.460150483065013,1622764800,1622764920,1622766360,-1,PROTECTED_STOP,2.0,1.314483103145984,0.0,704515313.1403006
0.09383186003745723,1622766600,1622767080,1622767620,-1,PROTECTED_STOP,8.0,0.9215875856464981,0.07876304557720289,4.882352879189335
0.09438354265014959,1622769900,1622769960,1622770140,1,PROTECTED_STOP,1.0,-2.216806639329264,0.0,917386657.1657526
1.5768181538851465,1622851200,1622851620,1622853420,1,PROTECTED_STOP,7.0,-1.34977925320305,0.9433417516483538,0.4081567111922616
0.09599710251453326,1622860800,1622861640,1622862360,1,PROTECTED_STOP,14.0,-1.375630060889782,0.17567070929805628,2.1726396092440647
0.09364642668692674,1622886900,1622886960,1622887200,1,PROTECTED_STOP,1.0,-2.344976505102584,0.0,1325200118.255966
-1.003579008323972,1622939700,1622940480,1622942580,-1,SL,13.0,2.331550584916882,0.1365160286874603,2.9875941296440627
0.09548372113893037,1622942700,1622943000,1622949600,-1,PROTECTED_STOP,5.0,3.4333526338737,0.0,497435717.95857316
-1.0072794767692619,1622959200,1622959260,1622959980,1,SL,1.0,-1.6226249225700748,0.0,1255933669.6674151
0.0938273969212136,1623024000,1623024300,1623024420,-1,PROTECTED_STOP,5.0,1.5629555034023495,0.8693702222766811,1.164773405332441
0.09530475045410233,1623028500,1623029160,1623037200,1,PROTECTED_STOP,11.0,-1.4024521355954163,0.18422634630674645,2.0528420941200047
0.09333178271165005,1623049500,1623050160,1623050340,-1,PROTECTED_STOP,11.0,1.5283056742953114,0.14746269131133843,4.179554856605456
0.09748780859256304,1623110400,1623110460,1623111900,1,PROTECTED_STOP,1.0,-1.5251024283208894,0.0,658016437.0293553
0.0972536742530732,1623120600,1623120900,1623127140,1,PROTECTED_STOP,5.0,-4.799959933896074,0.5778117407885357,0.6534061124062936
0.09631675817716685,1623140700,1623141780,1623146760,-1,PROTECTED_STOP,18.0,2.503828754567924,0.46785217242103627,0.813734577166718
0.09600691047213235,1623204000,1623204060,1623207660,1,PROTECTED_STOP,1.0,-1.9982529896039616,0.0,521239701.26795334
0.09640632419461803,1623221400,1623223620,1623226200,-1,PROTECTED_STOP,37.0,1.3523285287486548,0.9856931760155138,0.45181476800220505
1.4349702110181315,1623235200,1623237540,1623240780,1,PROTECTED_STOP,39.0,-1.2925003385882234,0.7755814550495327,0.419303587437671
0.09599477400219618,1623283200,1623283260,1623285000,-1,PROTECTED_STOP,1.0,2.069983442454851,0.0,494454832.6777845
0.09526707954638378,1623300300,1623300360,1623302040,1,PROTECTED_STOP,1.0,-1.2939276143200777,0.0,530912256.63193184
1.3972894972237198,1623315300,1623317400,1623318900,1,PROTECTED_STOP,35.0,-1.800650107257926,0.7842724586333139,1.6972836592620502
0.09626646482611805,1623373200,1623373380,1623374040,-1,PROTECTED_STOP,3.0,1.5596707893057513,0.254751601520863,2.4683482803908396
-1.0034178443734327,1623381000,1623382200,1623387180,-1,SL,20.0,1.071093117735038,0.46176562978316893,0.9282377899218557
-1.004594643835657,1623390000,1623390120,1623391260,1,SL,2.0,-2.2543513933118366,0.0,452130198.2245521
0.09584443275529943,1623462300,1623463140,1623463260,-1,PROTECTED_STOP,14.0,2.17178817342862,0.3370653950618714,1.902909642134009
0.09585685660977038,1623464400,1623464520,1623464640,-1,PROTECTED_STOP,2.0,2.0940973254704267,0.0,1055661787.7133856
0.0965609318591963,1623469800,1623472380,1623477600,-1,PROTECTED_STOP,43.0,1.9905154396008995,1.0735761907747705,0.4308686049787127
0.09401737467940331,1623545400,1623545880,1623546660,1,PROTECTED_STOP,8.0,-2.1004123459312374,0.28217443549690013,1.7990745620526558
-1.0054260530030623,1623556500,1623556980,1623559860,-1,SL,8.0,1.9332709558364924,0.11171293839670918,4.693851902775035
0.09447851922840675,1623560100,1623560820,1623562080,-1,PROTECTED_STOP,12.0,3.1257605098249535,0.4606180042586081,1.0780512797108426
1.6645665285939837,1623634800,1623634860,1623637200,-1,PROTECTED_STOP,1.0,1.3584633338259424,0.0,546849863.7512586
0.09493366649151136,1623642300,1623642540,1623643320,1,PROTECTED_STOP,4.0,-1.275357351178863,0.0,396810401.6904012
0.09492884140588224,1623644400,1623644460,1623647760,1,PROTECTED_STOP,1.0,-1.0313488461895548,0.0,778415480.6685395
0.09436382676596657,1623715200,1623715380,1623715860,-1,PROTECTED_STOP,3.0,1.2812603882628681,0.7196142382670715,0.5523438401071676
0.0949050350760952,1623722400,1623722580,1623724920,1,PROTECTED_STOP,3.0,-1.0480280609740018,0.0,370543181.3778859
0.09543748089614454,1623726900,1623727020,1623729300,1,PROTECTED_STOP,2.0,-1.0621993890693189,0.0,460974907.515153
0.09312938086211422,1623807300,1623807540,1623809280,1,PROTECTED_STOP,4.0,-1.0984571256508777,0.004225326192972244,140.93899103452773
0.09327761961248472,1623818700,1623819300,1623825660,1,PROTECTED_STOP,10.0,-2.6735215118676714,0.14626477440008193,2.9548563409472615
0.09241811259113633,1623832500,1623834060,1623835140,-1,PROTECTED_STOP,26.0,2.0525263461662417,0.42968134127609076,0.9253276822103147
-1.0058695037465841,1623888000,1623888120,1623888900,-1,SL,2.0,1.2232424316375048,0.5758612642284022,1.0268499262973996
-1.0054466588539448,1623890700,1623890820,1623900600,-1,SL,2.0,1.4503995952116284,0.01174329484511,29.797831397619166
0.09276041307080965,1623900900,1623901560,1623906780,-1,PROTECTED_STOP,11.0,2.441817923210615,0.3678881928019165,1.044093048705094
0.09339115631042602,1623974400,1623974520,1623974940,-1,PROTECTED_STOP,2.0,2.167484220475352,0.0,686732974.4561007
0.0944510816595416,1623978000,1623978240,1623983700,-1,PROTECTED_STOP,4.0,1.270092919381476,0.4610722758184511,1.0049942352386434
0.09506357667439737,1623987000,1623988080,1623991320,1,PROTECTED_STOP,18.0,-1.3586556605319973,0.41990754544010506,0.864920101990743
-1.005007477540023,1624061400,1624062660,1624065060,-1,SL,21.0,0.8265814853043014,0.49073197416312203,0.8722346063515951
0.09495325314646878,1624065600,1624065900,1624067520,-1,PROTECTED_STOP,5.0,1.9329388450172111,0.006066311055347207,69.4482644136707
2.4556064181777173,1624069200,1624069860,1624073340,-1,PROTECTED_STOP,11.0,0.7874512082665248,0.13950523581941088,3.507587002527209
0.09401908320028488,1624147200,1624147260,1624147740,-1,PROTECTED_STOP,1.0,2.5488144612300196,0.11520151758144288,3.651561780884809
0.09522109755746648,1624152000,1624154700,1624157460,-1,PROTECTED_STOP,45.0,0.878703210108494,0.8045447991463992,0.4550381367286789
3.3320182200381825,1624180200,1624182660,1624183560,-1,PROTECTED_STOP,41.0,2.0834481564100957,1.5080650407914495,0.5467063935817467
-1.0051802271154697,1624238400,1624238520,1624243200,1,SL,2.0,-1.1698246050513275,0.0,360516528.7960533
-1.0051387017965645,1624243500,1624244160,1624246860,1,SL,11.0,-3.1307531660899675,0.4397891954838143,1.0240807330832078
-1.0045049763890543,1624248900,1624251600,1624252260,1,SL,45.0,-1.1395896016056875,2.266290991097393,0.2277654251357454
1.418702163397447,1624320000,1624320300,1624324620,1,PROTECTED_STOP,5.0,-1.281010432372774,0.5243445692883895,1.033898303112954
0.09726887575273369,1624334100,1624334760,1624342920,-1,PROTECTED_STOP,11.0,2.052025277095632,0.3762807157738526,0.9524820787004674
-1.0046701699622735,1624349400,1624349460,1624350600,1,SL,1.0,-1.6618912705105564,0.0,513682076.38720375
2.5127182110927553,1624407000,1624407900,1624408980,1,PROTECTED_STOP,15.0,-1.8254299052845857,1.0034320579636395,0.4203825686208395
0.09745981596363301,1624409100,1624409340,1624411800,1,PROTECTED_STOP,4.0,-1.4822702764907483,0.694080025311598,0.7224537629601476
0.09547621243062669,1624445700,1624446000,1624446180,1,PROTECTED_STOP,5.0,-2.1866715809702084,0.10105615676600951,5.505485838938149
2.017005750185834,1624492800,1624492980,1624499400,-1,PROTECTED_STOP,3.0,1.5488849598577141,0.7280051794834959,0.6321146236376527
0.09571552247377978,1624499700,1624499760,1624502880,-1,PROTECTED_STOP,1.0,1.2761317207580498,0.0,585280985.5467409
0.09515353480795802,1624516500,1624517220,1624517340,1,PROTECTED_STOP,12.0,-1.8198001422500212,0.3246643136171175,3.793635736453347
0.09383133928888839,1624579500,1624579620,1624579800,1,PROTECTED_STOP,2.0,-1.2052453141314061,0.0,462777836.8605696
0.09470222005303562,1624582800,1624582860,1624583100,-1,PROTECTED_STOP,1.0,1.8012161696771312,0.0,803519371.0509325
-1.004297514253293,1624587900,1624588740,1624590600,1,SL,14.0,-2.0253089584887363,0.38542019632271196,1.2403900744186052
0.09707924212260793,1624668600,1624668780,1624672560,-1,PROTECTED_STOP,3.0,1.3283922021801013,0.0,478616049.9759706
1.6915807179917821,1624683900,1624683960,1624689780,-1,PROTECTED_STOP,1.0,2.00273719058387,0.0,390192844.0752042
0.09578386731649854,1624689900,1624690020,1624691220,-1,PROTECTED_STOP,2.0,1.9602387253771325,0.0,637583892.6174439
0.09615812656559919,1624752900,1624754400,1624754940,-1,PROTECTED_STOP,25.0,1.8048219586901293,0.7831102871894686,0.6655710755675054
-1.0036670020255165,1624756800,1624756860,1624760520,-1,SL,1.0,1.4554359220136142,0.0,502989960.97950083
0.09677921455236273,1624761000,1624761060,1624764960,-1,PROTECTED_STOP,1.0,2.1063544566655783,0.0,418135650.43813294
0.09686783522532781,1624838400,1624838760,1624844880,-1,PROTECTED_STOP,6.0,1.4219145052877131,0.44157368663478314,0.9434345902597979
0.09337010745115078,1624865700,1624866180,1624866420,1,PROTECTED_STOP,8.0,-3.2553912886308427,0.5100090273532729,3.4449383197261594
-1.0041360947979932,1624875300,1624875420,1624881660,1,SL,2.0,-3.7958896094627503,0.23756733203518945,1.3360255963267682
0.09448097725799677,1624926900,1624926960,1624927560,1,PROTECTED_STOP,1.0,-1.5543098399254256,0.0,900855789.6234618
-1.004416079473939,1624929900,1624931460,1624933800,1,SL,26.0,-1.2924689176605813,0.41212286466072606,1.14477584012707
-1.0043043720608267,1624935000,1624935300,1624939320,-1,SL,5.0,1.4086117847935555,0.0,530074278.0613493
0.0936548972913736,1625011200,1625012700,1625013660,1,PROTECTED_STOP,25.0,-1.6202736738861263,1.5885481438361648,0.28895995717700895
0.09441752671376255,1625016300,1625016780,1625017200,1,PROTECTED_STOP,8.0,-0.9246012661822869,0.10074900866499184,3.587662302053093
-1.006188690554421,1625023500,1625023800,1625025480,1,SL,5.0,-1.5015515042851104,0.17124530087541653,2.1068467792229506
0.09469405843899459,1625097600,1625097660,1625103180,-1,PROTECTED_STOP,1.0,1.584042447874254,0.0,324502557.5322772
3.1875946213795054,1625105700,1625105760,1625121960,-1,PROTECTED_STOP,1.0,1.1490767347048243,0.0,611615629.9287028
-1.0058800192335242,1625123100,1625125020,1625126220,1,SL,32.0,-2.15825619372047,1.4708405927424435,0.31180456469529205
0.09504124712113285,1625193600,1625195520,1625195760,-1,PROTECTED_STOP,32.0,1.7328881335796462,0.483514504985025,1.5992366379138823
0.09405356981002597,1625213100,1625213340,1625213640,1,PROTECTED_STOP,4.0,-1.9589338513726506,0.1266097370953712,2.885979706935252
0.09426089553128976,1625217900,1625218800,1625224080,1,PROTECTED_STOP,15.0,-1.479414895299799,0.5752667753874124,0.7251721625668752
-1.0070640589416393,1625271300,1625272200,1625273820,1,SL,15.0,-1.6309668636184278,0.11305628125363487,4.8293495959726345
0.09283910539120539,1625274000,1625274120,1625275500,1,PROTECTED_STOP,2.0,-1.837171581690499,0.0,472516875.6026924
1.5532186897579947,1625297100,1625297280,1625297760,1,PROTECTED_STOP,3.0,-2.1776828046847787,0.08380486790093947,7.3857514322902285
-1.0065735173869796,1625357100,1625358000,1625360820,1,SL,15.0,-1.603211921218389,0.8365157020766876,0.45912889800383894
2.35574029160974,1625377500,1625377560,1625385240,1,PROTECTED_STOP,1.0,-1.4993503882980992,0.0,979438758.5145766
0.09263708848125828,1625385300,1625386800,1625387400,-1,PROTECTED_STOP,25.0,1.817460755365625,0.8896412729626825,0.45627669205869364
1.6110855741459063,1625443200,1625443260,1625448240,-1,PROTECTED_STOP,1.0,1.198085325443081,0.0,1863915789.4737194
-1.005687357396521,1625448900,1625449020,1625451540,1,SL,2.0,-2.34159773628921,0.0,535934847.3291988
-1.005310257552205,1625451600,1625452500,1625458200,1,SL,15.0,-1.498141244150445,0.48448979457184554,0.6372735925835787
0.09365806099909715,1625529600,1625529660,1625536560,1,PROTECTED_STOP,1.0,-1.7049356043321946,0.3892288171436853,0.9390031850693291
0.09156877249792035,1625544600,1625544660,1625544960,-1,PROTECTED_STOP,1.0,1.12005518632693,0.0,643842578.765668
-1.005788714125951,1625546700,1625546760,1625558160,-1,SL,1.0,3.02786007386856,0.0,436994045.8075413
0.09370942805479057,1625616900,1625617140,1625619840,-1,PROTECTED_STOP,4.0,1.8674171666955814,0.05687696341261617,7.602713044625243
0.0928646449450967,1625630400,1625631720,1625631840,1,PROTECTED_STOP,22.0,-2.6504785413163345,0.4513211687875025,2.129151793251056
0.09291851690289354,1625633700,1625635080,1625635740,1,PROTECTED_STOP,23.0,-3.0158280129121726,1.0755231394035152,0.41388904623376016
1.3752959918996295,1625702400,1625702580,1625703780,-1,PROTECTED_STOP,3.0,2.4562203446406907,0.3659149701717453,1.3931013013512399
0.09394517751770598,1625703900,1625703960,1625704080,-1,PROTECTED_STOP,1.0,2.008305838595285,0.039057521642500266,21.284122017730216
1.4459367176862241,1625717700,1625719500,1625724000,-1,PROTECTED_STOP,30.0,1.0346119680749808,0.31639953238335383,1.0864789260648542
0.09247248170555347,1625789400,1625789580,1625790240,1,PROTECTED_STOP,3.0,-1.0225181855128345,0.2780293863440117,1.9875652751191528
0.09413319362452925,1625791800,1625792520,1625794800,1,PROTECTED_STOP,12.0,-1.3080900009091183,0.29892003284834834,1.557510880130682
0.09449284742553071,1625796000,1625796960,1625798100,1,PROTECTED_STOP,16.0,-2.6003290207782825,0.3411113194214186,1.619414023071355
-1.0074187783412087,1625880000,1625880180,1625882340,1,SL,3.0,-1.2267807432326436,0.0,368462416.49670947
-1.0072259257054401,1625882400,1625883000,1625893200,1,SL,10.0,-2.3719353543825283,0.5902382511459182,0.6833930693320812
0.09034049489676034,1625893500,1625893620,1625893860,1,PROTECTED_STOP,2.0,-1.3344614676558457,0.0,402100035.12383145
-1.0088534506461206,1625995800,1625998500,1625999640,1,SL,45.0,-0.8750952822423747,0.7070976864763094,0.5553827344661636
0.09116426654372539,1625999700,1625999940,1626001440,1,PROTECTED_STOP,4.0,-1.182446117102595,0.1110698783258033,3.394046744778699
0.0888199379946135,1626011100,1626011580,1626012360,1,PROTECTED_STOP,8.0,-1.9568612907582148,0.6105267628363997,0.5984418104140854
-1.0071000348755559,1626048000,1626048240,1626048720,1,SL,4.0,-1.0093732573196852,0.6443138089411309,0.839707156003432
-1.0066625467332506,1626051000,1626051780,1626059040,-1,SL,13.0,1.1587932169760835,0.2107346362039341,3.533147615545876
-1.0102318803582646,1626060000,1626060840,1626061800,-1,SL,14.0,1.9572428765551801,1.3075244112578652,0.32561158920021643
0.09148699817385288,1626134400,1626134460,1626136260,-1,PROTECTED_STOP,1.0,2.162588562507058,0.4645223999292705,0.7964380808422303
0.09212570173787529,1626136500,1626136560,1626137040,-1,PROTECTED_STOP,1.0,1.2557413505556119,0.0,383232618.4015396
1.4136191406870646,1626153600,1626153660,1626159780,1,PROTECTED_STOP,1.0,-1.6508279276578797,0.0,541805701.2108065
2.7085550975777677,1626227400,1626227640,1626233100,-1,PROTECTED_STOP,4.0,1.1627958357922017,0.0,356707170.64501774
0.09467480096362152,1626236700,1626237060,1626241680,-1,PROTECTED_STOP,6.0,1.4698416284927092,0.08886457182295725,3.5380281292003355
0.09460028453630778,1626258900,1626259620,1626265200,-1,PROTECTED_STOP,12.0,3.295830509372685,0.31954664515990444,1.0548780454793496
1.6841131941956875,1626308400,1626308520,1626310920,1,PROTECTED_STOP,2.0,-1.1069644452360026,0.030577929807116124,14.27248630573263
-1.0081817777965862,1626311400,1626311580,1626312240,1,SL,3.0,-1.7191794174757111,0.19228529993964072,2.0816955575748035
0.09312604271245065,1626314400,1626316200,1626319440,-1,PROTECTED_STOP,30.0,1.6988053401548033,0.7952962574452671,0.47012204727702217
0.09344837860082035,1626399000,1626399300,1626402420,1,PROTECTED_STOP,5.0,-1.4566759053210396,0.0,386543209.8765381
0.09008972272857313,1626416400,1626416760,1626422460,1,PROTECTED_STOP,6.0,-2.966924588933402,0.01867092000859328,24.522611751894473
-1.0079584651962656,1626424200,1626424320,1626424920,1,SL,2.0,-1.4172150031633992,0.0,435511610.2284366
-1.007125000284128,1626482400,1626482460,1626483300,-1,SL,1.0,2.7452319150938314,0.0,417948105.9702063
0.09332242016135946,1626483600,1626483660,1626485220,-1,PROTECTED_STOP,1.0,3.2263523567306374,0.0,626811627.0838927
0.09397895866926206,1626486600,1626487500,1626495300,-1,PROTECTED_STOP,15.0,1.3262239880742221,0.19895171367184228,2.8160185581035058
-1.011211719334858,1626568800,1626568920,1626569640,-1,SL,2.0,3.7290972463293515,0.19913341348881908,2.827219549863873
-1.0067230306938537,1626578700,1626580980,1626588420,1,SL,38.0,-2.0061982325406884,0.4126608807802867,1.0182315380977112
0.08754563623656456,1626588900,1626588960,1626589800,1,PROTECTED_STOP,1.0,-1.189887678027348,0.0,350710425.41996795
-1.0080796009669437,1626652800,1626653160,1626655140,1,SL,6.0,-2.2302695584088505,0.9292153353172531,0.540983605975183
-1.0071166818484882,1626655800,1626656100,1626657540,1,SL,5.0,-2.033153331821968,0.24230185314600972,2.3185742037420707
0.09327264529287847,1626657600,1626657720,1626659580,1,PROTECTED_STOP,2.0,-1.5315335401535124,0.0,532524842.34883344
0.08894247511672725,1626739200,1626739920,1626740400,1,PROTECTED_STOP,12.0,-2.2010206332994775,0.9528446792823614,0.5007898888899256
-1.0078653681297298,1626743700,1626743760,1626747540,1,SL,1.0,-2.3452227403418546,0.0,480986888.07820827
-1.0062151933786625,1626749100,1626749220,1626750480,1,SL,2.0,-1.251258956978787,0.22965447217008492,1.4115755565544645
-1.0088560160373996,1626826200,1626826380,1626827040,1,SL,3.0,-1.3502039680834734,0.0,684696024.7680879
0.09241283857166793,1626827700,1626827940,1626829680,1,PROTECTED_STOP,4.0,-1.434335816018882,0.23037683067303008,1.3443333274980245
2.759826315818776,1626835200,1626835260,1626840960,1,PROTECTED_STOP,1.0,-2.0569432032660826,0.0,448109614.02651614
1.3411689865068532,1626913800,1626913920,1626921660,-1,PROTECTED_STOP,2.0,1.349643295869506,0.30584821530304857,1.5902294801969845
0.09390029246472945,1626921900,1626922440,1626924120,1,PROTECTED_STOP,9.0,-1.6046130683090032,0.25461635508660124,1.2722972923003728
0.0917988409793011,1626942000,1626942840,1626945780,-1,PROTECTED_STOP,14.0,2.4493015536653404,0.5505858926246404,0.6553067174076723
0.09181837561433479,1626998400,1626998520,1627003560,1,PROTECTED_STOP,2.0,-1.4331533508339094,0.0,854813529.9219403
0.09106377648987009,1627004400,1627005300,1627005660,1,PROTECTED_STOP,15.0,-2.3245122891551206,0.6120236511629147,1.518364608779197
0.09296507076459545,1627007700,1627007760,1627015260,1,PROTECTED_STOP,1.0,-2.6555555658843852,0.0,671249722.6126357
0.09430418035920121,1627084800,1627084860,1627085040,-1,PROTECTED_STOP,1.0,2.740099828516349,0.45619666284549903,1.1361402700133907
0.0897566263390128,1627101900,1627102020,1627102140,1,PROTECTED_STOP,2.0,-1.0000624840625385,0.12225644224398788,3.6860118746114936
2.0412074098769315,1627116300,1627116600,1627125420,1,PROTECTED_STOP,5.0,-2.1734960101756338,0.5150952058238394,0.6390374319144153
0.093545261939976,1627175700,1627175760,1627176840,-1,PROTECTED_STOP,1.0,1.0956712991901778,0.0,495618527.3699685
0.09322324346751815,1627183500,1627183740,1627187820,1,PROTECTED_STOP,4.0,-2.15541651183997,0.03099862830432283,13.269598042303414
-1.0074134002749868,1627203300,1627203840,1627206060,1,SL,9.0,-0.8371738166999182,0.09086733240850473,3.9547062551346452
1.4293178733645797,1627257600,1627258080,1627260420,1,PROTECTED_STOP,8.0,-0.7741632292997652,1.0769633420851816,0.4824755625481361
0.09582509650946296,1627261500,1627261560,1627261680,-1,PROTECTED_STOP,1.0,6.239170195848455,0.0,2121403377.636583
0.09485937848207045,1627281000,1627281300,1627281600,-1,PROTECTED_STOP,5.0,1.5135228363203725,0.8686086629725583,0.3778749369425728
0.0965471679402387,1627354800,1627355760,1627358460,1,PROTECTED_STOP,16.0,-2.390794115763179,0.4146103201482366,0.8924555284137905
0.09534024302804278,1627365300,1627365780,1627368900,-1,PROTECTED_STOP,8.0,1.1401850973511687,0.15604362428770377,3.2948004625613923
0.09420915052703671,1627374900,1627374960,1627377180,-1,PROTECTED_STOP,1.0,1.1209103050445324,0.0,428443935.31716263
1.5185938855554038,1627431300,1627431600,1627438500,1,PROTECTED_STOP,5.0,-1.1054708098394415,0.0,341606907.654031
0.09640676910785421,1627440300,1627443000,1627443360,1,PROTECTED_STOP,45.0,-1.984309642673328,1.4035518322837721,0.3721767779574679
0.09663467708360053,1627446300,1627447860,1627449480,1,PROTECTED_STOP,26.0,-1.673199430790538,0.3520058504726391,1.0347012209625897
-1.0071157851121444,1627552500,1627554060,1627555080,1,SL,26.0,-1.887581102995839,0.991999337044881,0.6130455578318499
-1.0060179369177298,1627555800,1627556460,1627558680,1,SL,11.0,-0.8175224601203518,0.17407116399145525,2.09130770013469
0.09447248713129945,1627559700,1627560000,1627560420,-1,PROTECTED_STOP,5.0,2.4375392977577337,0.0,827342879.4211313
0.09295378836400911,1627603200,1627604340,1627611300,1,PROTECTED_STOP,19.0,-2.6175528969910493,1.3656195133713689,0.3364233292244785
0.09062710556003181,1627620600,1627620720,1627620840,-1,PROTECTED_STOP,2.0,1.2496166041372343,0.1696892436728187,2.2074290354054233
0.09068328401626236,1627629300,1627629600,1627629900,-1,PROTECTED_STOP,5.0,1.9677420713331277,0.15685841817541216,2.3231870935155747
0.0969173848659587,1627691700,1627693380,1627698720,1,PROTECTED_STOP,28.0,-1.6890344143619465,0.41980942789024256,0.9788506930239385
0.0932958969904863,1627709400,1627709820,1627712040,1,PROTECTED_STOP,7.0,-1.5648293177760295,1.1386690566573157,0.48851259317206536
0.09345535383035163,1627720500,1627720560,1627725180,-1,PROTECTED_STOP,1.0,1.9157102862339845,0.0,325630690.3443195
0.09333752751347156,1627787400,1627787580,1627788300,1,PROTECTED_STOP,3.0,-1.869191838003429,0.0,403025035.125392
0.09299644195420995,1627788600,1627789380,1627790400,1,PROTECTED_STOP,13.0,-1.9005669284382425,0.5210468456328091,0.7664602176810201
-1.0071095832112555,1627794000,1627794060,1627794660,1,SL,1.0,-1.5075630585558286,0.0,337585492.26545084
-1.0035484818740459,1627862400,1627862700,1627866060,1,SL,5.0,-0.8405029237910541,0.24809964770244697,1.4999999939540811
0.09671204743582011,1627866300,1627866360,1627875120,1,PROTECTED_STOP,1.0,-1.2064846645471745,0.0,376195793.65136534
-1.0085373662941415,1627887000,1627887720,1627888080,-1,SL,12.0,2.439750359083174,0.482916920946912,1.0437021367350445
0.09547010800591975,1627954800,1627954980,1627956120,-1,PROTECTED_STOP,3.0,1.0377969240609934,0.0,306486335.6389679
0.09538311173398092,1627963800,1627965720,1627975080,-1,PROTECTED_STOP,32.0,1.5979478871982253,0.7105433376455212,0.5625347688436926
1.7642787628465086,1627992300,1627992360,1627992900,1,PROTECTED_STOP,1.0,-1.052258793812263,0.0,1168792568.6564972
0.09404739772451183,1628035200,1628035380,1628036100,-1,PROTECTED_STOP,3.0,1.2046753464015574,0.60786656359078,0.7958994899809685
1.356924573700685,1628038500,1628039040,1628051520,-1,PROTECTED_STOP,9.0,1.8668302414550912,0.29178638410195523,1.4123617585286847
-1.0074368644287912,1628051700,1628051820,1628053740,-1,SL,2.0,1.6837728530163814,0.0,399831632.1161677
-1.0074971942544781,1628121600,1628121960,1628125320,1,SL,6.0,-2.2638132596779204,0.6046361412319166,0.6344176471093278
0.09246702775232483,1628125500,1628126160,1628128800,1,PROTECTED_STOP,11.0,-2.4783426128208483,0.39529061395468607,1.0268038223807605
-1.0096812008270513,1628148600,1628149080,1628149560,1,SL,8.0,-2.228705835177353,0.6052764688656169,0.7855911317070605
-1.0062543674165148,1628208000,1628208120,1628209440,1,SL,2.0,-1.1246137570880799,0.37725112903911845,1.3058252392569842
-1.0055084771634477,1628209800,1628210100,1628210940,1,SL,5.0,-2.0536173725057836,0.16373388812050255,2.9915527767601398
0.09465944931069568,1628211000,1628213640,1628213760,1,PROTECTED_STOP,44.0,-1.905794100263615,1.393253394563024,0.3269433443974598
0.09287703611353729,1628296200,1628296380,1628296920,1,PROTECTED_STOP,3.0,-1.042720870253272,0.3191621992270292,0.9823437469221583
-1.0058452061833694,1628301000,1628301660,1628307960,-1,SL,11.0,1.0218986429863939,0.7236506846924389,0.5749254395296373
0.09426027537584697,1628308500,1628308800,1628310720,-1,PROTECTED_STOP,5.0,3.2291225728966193,0.1951839770391584,2.1983821929836975
-1.0049014769874198,1628380800,1628381460,1628382600,1,SL,11.0,-2.729737905001262,0.7728216157328289,0.6926970345339029
0.09573402898073402,1628383200,1628383860,1628384460,1,PROTECTED_STOP,11.0,-1.6861097881658023,0.1981607587384615,1.9959302224857731
0.09567385024481721,1628386800,1628387100,1628393940,1,PROTECTED_STOP,5.0,-1.6563799189607171,0.1372052633128275,2.9330615533921276
-1.0039499220412293,1628473800,1628474040,1628480700,-1,SL,4.0,1.2826750308216734,0.0,421692714.06560135
0.09458439014045271,1628481000,1628481960,1628483160,-1,PROTECTED_STOP,16.0,1.3377699765186142,0.35491502859114216,0.9918802038909074
0.09295337521141464,1628495400,1628495880,1628496000,1,PROTECTED_STOP,8.0,-1.590773237978784,0.48567286784248703,0.8011143153338429
0.09636628310465133,1628553600,1628553900,1628554020,1,PROTECTED_STOP,5.0,-2.1379586905522534,0.3611435297737058,2.8137153149986642
0.09543300785495888,1628562600,1628562900,1628566980,-1,PROTECTED_STOP,5.0,1.2170234003737905,0.0,350732432.9047079
-1.0075783290482312,1628570700,1628571540,1628573580,-1,SL,14.0,1.7988790011908624,0.4061419797171739,1.2192269787804673
0.093933969162293,1628640900,1628641860,1628645580,1,PROTECTED_STOP,16.0,-1.1024036567091733,1.2398267366078422,0.36478733263310786
0.09096955055788652,1628663700,1628663760,1628663940,1,PROTECTED_STOP,1.0,-1.663040932268693,0.0,598662782.167649
0.09217384402559209,1628664300,1628664660,1628664900,1,PROTECTED_STOP,6.0,-1.9458933048044644,0.4641484272237937,1.0222002395825436
-1.005899288031635,1628727000,1628728260,1628731860,-1,SL,21.0,2.4478634049142127,0.6209509975411446,0.8421874986437135
1.5898972070795045,1628732100,1628732220,1628745300,-1,PROTECTED_STOP,2.0,2.205283185973476,0.0,405480511.1856857
0.093884736402708,1628748300,1628748360,1628748720,-1,PROTECTED_STOP,1.0,2.837499563203571,0.0,399815209.7485612
-1.0061766524833817,1628813700,1628813760,1628815260,-1,SL,1.0,1.6441627807247066,0.0,963331748.5520277
-1.0062710746931818,1628817900,1628818320,1628822040,-1,SL,7.0,1.7258859244713887,0.08416471033813142,4.351999948291911
0.092943263927384,1628823300,1628823360,1628826240,-1,PROTECTED_STOP,1.0,2.55867963260074,0.0,436743064.4158992
0.08902419993642875,1628907300,1628908380,1628915280,1,PROTECTED_STOP,18.0,-0.9286699719156465,0.20065115038215586,2.1089279453667253
-1.0130256470510182,1628932500,1628933400,1628934000,-1,SL,15.0,0.9381046836936742,0.27079984333993207,1.641583553925734
1.384376226560017,1628934300,1628934420,1628934720,-1,PROTECTED_STOP,2.0,1.0539241045359597,0.5727225042618567,0.8314825400478214
0.09163003281894014,1628988900,1628989140,1628990520,1,PROTECTED_STOP,4.0,-1.2802995057765472,0.0,364415699.8947432
0.09063319103734428,1629000300,1629000420,1629001980,1,PROTECTED_STOP,2.0,-4.1237209277901865,0.02801827801825523,20.946351183751652
-1.0061186177518144,1629017100,1629018000,1629020640,-1,SL,15.0,1.8194435338721884,0.4539142211153333,1.1237168116837055
-1.0071702511905336,1629072000,1629072060,1629072660,1,SL,1.0,-2.4282553303184766,0.0,556346706.8328372
0.09374047918395366,1629072900,1629073020,1629073320,1,PROTECTED_STOP,2.0,-1.8356173966380491,0.5895172064634943,1.555674301014854
0.09319934404903515,1629086100,1629086400,1629090780,1,PROTECTED_STOP,5.0,-1.739433791147121,0.038228011989979924,11.94494350775678
1.485736383956497,1629160200,1629161280,1629165060,1,PROTECTED_STOP,18.0,-1.360595349547432,0.5431733514615918,0.7954163147677243
-1.0074595245230709,1629174900,1629175080,1629177300,1,SL,3.0,-1.2430485515558751,0.0,415604278.2590733
-1.0068411871332013,1629180300,1629181680,1629183720,1,SL,23.0,-1.7215074947417242,0.5527523958101257,0.7717119573168449
0.09456233786128665,1629244800,1629245340,1629249480,-1,PROTECTED_STOP,9.0,1.3871394139730484,1.2249095191589767,0.27768160903729355
0.09515503133971812,1629252600,1629254040,1629254700,-1,PROTECTED_STOP,24.0,1.3102183886293801,0.37998202116327673,1.02673477805564
0.09396565948420645,1629264900,1629264960,1629272400,-1,PROTECTED_STOP,1.0,1.0214792752556832,0.0,350388721.23135924
0.09324893902401216,1629331200,1629332100,1629332340,-1,PROTECTED_STOP,15.0,1.4071518589575243,1.1911831938549717,0.39369688622105636
0.09349330451954847,1629334500,1629335100,1629338700,-1,PROTECTED_STOP,10.0,1.1057276009954422,0.5042413403380663,0.6810344814080085
1.4167667930165857,1629341100,1629342120,1629345840,-1,PROTECTED_STOP,17.0,1.5424894188940723,0.2930781700717564,1.181352309136387
0.09298246676084576,1629418500,1629418680,1629421620,1,PROTECTED_STOP,3.0,-1.0022735237150158,0.152373265173441,2.5111830323713966
-0.6653657538276504,1629422700,1629423780,1629445380,1,TIME,18.0,-1.2191114454122338,0.5569844335580137,0.5432098755679723
1.4076978619250553,1629445800,1629446460,1629452760,1,PROTECTED_STOP,11.0,-3.683693943671308,0.8985035456777684,0.5471966938413455
-1.0062102990021236,1629506100,1629506220,1629519540,1,SL,2.0,-1.3336323019759977,0.0,381630891.0332001
-1.0100077856180196,1629528000,1629528180,1629530160,-1,SL,3.0,2.3164373878421705,0.06092479540507785,6.275303540725545
-1.0101878339344341,1629530400,1629531360,1629533280,-1,SL,16.0,1.43905166822801,0.525753154063072,0.7947161712838509
0.09166443486932492,1629596400,1629597240,1629608100,-1,PROTECTED_STOP,14.0,1.1536698444302211,0.17159535056371375,2.024049869439819
0.09051486323095234,1629637500,1629638100,1629638460,-1,PROTECTED_STOP,10.0,1.637827256678043,0.31267881311815326,1.678165200674419
0.09117904915701099,1629639000,1629639480,1629640620,-1,PROTECTED_STOP,8.0,3.321765101935829,0.4385344068241978,0.9435125780162019
0.09227204364925458,1629676800,1629676860,1629677640,1,PROTECTED_STOP,1.0,-3.4451314170964733,0.0,410174688.75075203
1.8970441754249698,1629678900,1629678960,1629682320,1,PROTECTED_STOP,1.0,-2.4680411598617873,0.0,407902567.80257845
0.09294082799384329,1629682800,1629683400,1629686520,1,PROTECTED_STOP,10.0,-1.8946300057780476,0.18190792262689082,1.9773945358557101
-1.0103923019509335,1629763200,1629763380,1629763740,-1,SL,3.0,1.1673094083698317,0.2506566468884036,2.3887770413004503
1.564376785122465,1629778800,1629779400,1629789060,1,PROTECTED_STOP,10.0,-1.9777631494405012,0.24482353449732558,2.575730326557948
0.08816746764496128,1629791700,1629791760,1629792420,1,PROTECTED_STOP,1.0,-1.2436749376830654,0.0,380495261.3879329
0.09340821354955964,1629857100,1629857760,1629864120,-1,PROTECTED_STOP,11.0,2.1467599481576385,0.24875327083064325,1.3774145561269295
0.0916218852624918,1629871200,1629871560,1629872880,-1,PROTECTED_STOP,6.0,2.7378957039431895,0.5237114623920343,0.6245544542529353
0.0915470241390512,1629876900,1629877320,1629879000,-1,PROTECTED_STOP,7.0,1.606108692484239,0.1060290512218941,7.9144703380855725
0.09146533640316298,1629936000,1629936180,1629936960,1,PROTECTED_STOP,3.0,-1.3371348001959669,0.09763875746038475,6.402243524172395
-1.0076552433193435,1629942900,1629943680,1629947220,1,SL,13.0,-2.480157170084697,0.2820331199414623,1.0939843320650748
-1.007079704113194,1629948000,1629948120,1629949380,1,SL,2.0,-3.8127925923409043,0.0,338649034.91276383
0.09215263558200933,1630022400,1630022520,1630022820,1,PROTECTED_STOP,2.0,-3.100876370607071,0.3956686355771941,1.3173637482549483
1.4846964827404856,1630023300,1630024080,1630025880,1,PROTECTED_STOP,13.0,-3.4263155549440305,1.225504628757351,0.6597110749031195
-1.005541164990385,1630026000,1630026060,1630033320,1,SL,1.0,-1.2912902937726278,0.0,1233372432.5538442
0.09095152799258306,1630108800,1630108980,1630109220,1,PROTECTED_STOP,3.0,-1.5437617711434937,0.3536899087781663,1.1522723690674836
0.09023536120265144,1630110300,1630110480,1630116540,1,PROTECTED_STOP,3.0,-1.833079594663145,0.06616403968646851,5.352303442140923
1.758929423028877,1630131000,1630131060,1630132260,1,PROTECTED_STOP,1.0,-1.3718857578204453,0.0,473482640.91251636
2.5455826285281877,1630197900,1630197960,1630198320,1,PROTECTED_STOP,1.0,-1.3039108206390173,0.0,401722238.91058487
-1.011044266435271,1630198500,1630198560,1630200960,1,SL,1.0,-1.7042566605296305,0.0,713527585.8616147
-1.007827125890729,1630202100,1630202400,1630204740,1,SL,5.0,-1.8364264944391224,0.10175771971498988,3.493930871358765
-1.006815321504951,1630281600,1630281660,1630284480,1,SL,1.0,-1.936392465488528,0.15220893015640552,2.139362272915005
0.0933830007792746,1630284600,1630285380,1630287720,1,PROTECTED_STOP,13.0,-0.8953827502431854,0.3276212741087148,1.3392857101977766
0.09081372196037608,1630293600,1630293660,1630294020,-1,PROTECTED_STOP,1.0,1.0690848246030813,0.0,1044317884.2628896
0.09439907140038316,1630368000,1630368120,1630369920,-1,PROTECTED_STOP,2.0,1.5078653930607548,0.13549438210869852,2.982293846910978
0.08981562495665255,1630383000,1630385220,1630386900,-1,PROTECTED_STOP,37.0,1.5319797658614147,0.5498194060981444,0.8804757402732198
0.09155341047065274,1630396800,1630396980,1630398900,1,PROTECTED_STOP,3.0,-1.3323993368636984,0.3785200679333086,1.1338836008096795
-1.0074508898038375,1630454400,1630454520,1630454700,-1,SL,2.0,2.0279632682989592,0.0,714904950.1990662
0.09252294964648664,1630455000,1630455060,1630455300,-1,PROTECTED_STOP,1.0,1.4250004560847562,0.0,520484285.1901784
0.09330020855281235,1630457400,1630458000,1630458240,-1,PROTECTED_STOP,10.0,1.833359419925197,0.3062071337963021,1.9609605328460884
1.4112299375990105,1630545300,1630545720,1630546620,1,PROTECTED_STOP,7.0,-1.2779578735172945,0.1869462230847772,2.559166843715522
0.09328605174592451,1630546800,1630546980,1630555680,1,PROTECTED_STOP,3.0,-1.5074925031667539,0.09038603336064213,4.569694194045597
0.09088656831182865,1630566300,1630567500,1630567740,1,PROTECTED_STOP,20.0,-1.1783908407925756,0.603325009805721,0.6195368107240464
2.752891454746037,1630627200,1630627620,1630629780,-1,PROTECTED_STOP,7.0,1.5089260349911877,0.556400786608472,1.0416364934211328
0.09234882529517538,1630629900,1630632060,1630632240,-1,PROTECTED_STOP,36.0,2.7428769212434028,0.5729177222458742,0.9601320660088107
-1.0067000772058479,1630635900,1630636320,1630640520,-1,SL,7.0,2.751646243037073,0.0,412202835.8454852
0.09233107635746905,1630713600,1630713660,1630714560,-1,PROTECTED_STOP,1.0,3.0986365035101957,0.0,483362233.76777256
0.09283146096593116,1630715100,1630715280,1630723740,-1,PROTECTED_STOP,3.0,2.4705750024354955,0.0,436780763.0965261
0.09116353789752357,1630727100,1630727340,1630732500,-1,PROTECTED_STOP,4.0,1.3673155312832213,0.13921510303515883,2.590306683400099
0.0909305768704118,1630804500,1630807020,1630809720,1,PROTECTED_STOP,42.0,-0.7592868498009406,0.7453688632593758,0.5126655983804885
0.09055830227153919,1630812600,1630812660,1630814040,-1,PROTECTED_STOP,1.0,1.0613975573111813,0.0,334727557.2628071
0.08940213106051083,1630832100,1630832220,1630837500,1,PROTECTED_STOP,2.0,-1.0298608567811949,0.0,590025695.7765061
-1.0075884412131824,1630886400,1630886820,1630888020,1,SL,7.0,-1.459536253123093,0.42591623446828675,1.1375154485035224
0.088338492528423,1630928400,1630928460,1630930620,-1,PROTECTED_STOP,1.0,4.097777972353944,0.0,2351517567.6135383
-1.0068637043583173,1630937700,1630938900,1630955160,-1,SL,20.0,1.5316527766680819,0.2591786992032245,1.744225432136716
-1.007865696831056,1630972800,1630973160,1630974960,1,SL,6.0,-1.879979639622586,0.5473873229086256,0.8235678664369186
0.09274109202121696,1630975200,1630976460,1630978140,1,PROTECTED_STOP,21.0,-1.6947520184064857,0.32568257491675384,1.3977099193725229
-1.0124523217323445,1630998600,1630998660,1631000220,-1,SL,1.0,1.1388950053277411,0.2348152466276196,2.427743892099776
0.09615338670322227,1631061900,1631063100,1631074560,-1,PROTECTED_STOP,20.0,1.9831324255026037,0.1664789054193079,2.498078613430747
0.09459988779541902,1631077200,1631079720,1631081100,-1,PROTECTED_STOP,42.0,1.1758553099463638,0.9438119757578158,0.4116383297486795
0.09559259334248564,1631081700,1631081940,1631082240,-1,PROTECTED_STOP,4.0,1.7147872380125375,0.8636472571608106,0.5300914291058896
-1.0061744645580912,1631145600,1631145960,1631147880,-1,SL,6.0,3.1779504357521087,0.43345324776240235,0.9508272891244717
0.09417265057602124,1631148000,1631148060,1631150760,-1,PROTECTED_STOP,1.0,3.0138567958818125,0.0,590337492.595284
-1.0056350561372969,1631154900,1631156640,1631156880,-1,SL,29.0,1.3446427834692822,0.8031838222825328,1.1524108613030135
-1.0093342054794792,1631232000,1631232660,1631234580,-1,SL,11.0,1.4249073024121715,0.5919918511452906,0.7441053371118682
-1.0087204552527445,1631235000,1631235180,1631237700,-1,SL,3.0,1.1778525191416396,0.0,408341046.8783219
1.3723637080007793,1631256900,1631257680,1631259780,-1,PROTECTED_STOP,13.0,1.6547946933227586,0.3583803776523273,1.5855513263742655
-1.004579642600982,1631319300,1631319720,1631325060,-1,SL,7.0,1.808416146088607,0.0,357887347.58657044
-1.0067372202247042,1631325600,1631325960,1631330100,1,SL,6.0,-1.7094488900090863,0.0,506930592.4354278
0.09147257497654315,1631330400,1631332800,1631333100,1,PROTECTED_STOP,40.0,-1.6298319438925817,1.6389670944894341,0.3835101982224398
0.09235565270401488,1631406600,1631406720,1631407020,-1,PROTECTED_STOP,2.0,2.3451931863271382,0.0,497278629.04107153
-1.0077715231560382,1631413200,1631413260,1631421120,-1,SL,1.0,2.360725121923129,0.0,353815198.8856301
0.09186796054933827,1631435400,1631435760,1631439720,1,PROTECTED_STOP,6.0,-3.0257037865396845,0.07592749102732506,6.679245195051345
0.09504457567660253,1631498100,1631499660,1631500320,-1,PROTECTED_STOP,26.0,1.9683654661960555,0.4085975388472804,0.9184497353379898
0.09500782296028235,1631506200,1631507400,1631510160,-1,PROTECTED_STOP,20.0,1.2599202925675888,0.3197081868468222,2.0437158406019758
0.09467703001917534,1631512200,1631512380,1631513580,-1,PROTECTED_STOP,3.0,1.1035509292156285,0.01638380852313695,19.982607476002293
-1.006862281879193,1631578500,1631578560,1631579040,1,SL,1.0,-1.879493936579866,0.0,812831304.7434872
0.09316489136616314,1631579100,1631579580,1631585520,1,PROTECTED_STOP,8.0,-1.486418817871942,1.235126834262304,0.3800699941664007
0.09152466054792899,1631603100,1631603160,1631607360,1,PROTECTED_STOP,1.0,-1.2362801381958324,0.0,303519724.5778022
-1.0062854563183459,1631664000,1631664240,1631668260,-1,SL,4.0,1.6980281310620422,0.32373814210280166,0.9545285560900952
0.09085750334690403,1631700900,1631701620,1631701860,1,PROTECTED_STOP,12.0,-1.9892898777881165,0.41879279956081383,1.1292948779436505
0.09190978314598053,1631712600,1631712660,1631713140,-1,PROTECTED_STOP,1.0,2.0518588704681826,0.37349656592155916,1.0647364079659618
0.08977908638641416,1631750700,1631750760,1631751840,-1,PROTECTED_STOP,1.0,1.5021295882594528,0.0,572434681.0684478
-1.0092866969009817,1631760300,1631760360,1631762220,1,SL,1.0,-1.8614682170994428,0.0,364556078.841775
0.09025667539629484,1631762400,1631763960,1631764740,1,PROTECTED_STOP,26.0,-1.2496080796404037,1.3182633719221506,0.41625902600614656
0.09046984071605424,1631841900,1631842200,1631842560,1,PROTECTED_STOP,5.0,-1.340001352115364,0.1808442290591479,2.067193664458559
-1.0084528047559802,1631875500,1631875620,1631877960,-1,SL,2.0,1.0793202247488354,0.33858803212423466,1.5480252718891896
0.09178666355637985,1631878200,1631878380,1631881620,-1,PROTECTED_STOP,3.0,3.816121118293859,0.0,506561213.30608857
1.3265283397796435,1631923800,1631923860,1631934840,1,PROTECTED_STOP,1.0,-1.364113353291424,0.0,510922145.43278754
0.09031760291817302,1631934900,1631934960,1631935080,1,PROTECTED_STOP,1.0,-1.5166452976020268,0.0,442409240.92411524
1.3520746387003795,1631937900,1631938560,1631941500,1,PROTECTED_STOP,11.0,-1.4046568274406408,0.24295991603314052,2.4444172279412206
1.452431358202459,1632009600,1632010320,1632013440,-1,PROTECTED_STOP,12.0,1.904437488193096,0.46581890633893147,1.011573780694236
0.09119858200222192,1632013500,1632013800,1632014520,-1,PROTECTED_STOP,5.0,1.8777307771213883,0.16029185564980558,2.4230106634914628
0.09029259447228824,1632020400,1632020940,1632023100,-1,PROTECTED_STOP,9.0,1.5538214330552473,0.25402650356779877,1.4592397743176768
0.09235786293588094,1632096000,1632096180,1632096840,-1,PROTECTED_STOP,3.0,1.7166943833387847,0.4279240516870284,0.7595640804137429
0.09273533616513732,1632097500,1632097560,1632097920,-1,PROTECTED_STOP,1.0,1.0970945750562249,0.0,435415145.6826218
2.8768863806813276,1632102000,1632104520,1632105300,-1,PROTECTED_STOP,42.0,0.930560246891266,0.501136432033336,0.7823684827049624
1.399267190353139,1632182400,1632182520,1632183300,-1,PROTECTED_STOP,2.0,2.5864042451818685,0.0,308759689.9224749
0.09689614266330548,1632183900,1632183960,1632184200,1,PROTECTED_STOP,1.0,-4.036879527907617,0.0,705426268.2006395
1.0294414975508805,1632184800,1632187260,1632208860,1,TIME,41.0,-2.342474091512893,0.399638023037381,1.437448142772322
0.09384275107681435,1632297300,1632297780,1632299220,-1,PROTECTED_STOP,8.0,1.1919871817543601,0.0870821513902312,6.62537454929136
0.09346820255238449,1632302400,1632302460,1632303720,1,PROTECTED_STOP,1.0,-1.0336037750570906,0.0,383214301.0870093
0.09383069954630902,1632307500,1632307560,1632308580,1,PROTECTED_STOP,1.0,-1.3581311665568776,0.0,531911216.1427236
1.4100250866889843,1632360300,1632360480,1632367560,1,PROTECTED_STOP,3.0,-1.02255073688955,0.0,439678499.1281019
0.09441061653624368,1632368400,1632370080,1632372120,1,PROTECTED_STOP,28.0,-1.2298537091237836,0.4887608131722475,0.7572672143685862
0.0927383022744883,1632374700,1632376140,1632381180,1,PROTECTED_STOP,24.0,-1.4233814921320858,0.7095231346985197,0.641803564282412
-1.007590399903394,1632441600,1632441960,1632444840,1,SL,6.0,-1.3565001072058218,0.36361199166743324,1.4787278519800748
-1.0071536285451503,1632444900,1632445800,1632448740,1,SL,15.0,-0.872071335714183,0.11198847953918983,4.233176130223359
1.5889645232915406,1632453000,1632453480,1632460860,-1,PROTECTED_STOP,8.0,1.338115404240173,0.1831154631250328,2.138373740105172
-1.0060498473470827,1632528000,1632529560,1632530880,1,SL,26.0,-1.8170027478267305,0.9635536753040498,0.45007903009139866
0.09378530557610243,1632531000,1632531180,1632531720,1,PROTECTED_STOP,3.0,-1.1687399848794826,0.0,428280141.0135174
0.09412918957345302,1632532800,1632535320,1632537960,1,PROTECTED_STOP,42.0,-0.8971081976665358,1.5936611374407437,0.21920374693506836
-1.006194757680988,1632624600,1632625080,1632627180,-1,SL,8.0,1.7907006022262177,0.07790484195625047,4.49006240687342
0.09456057815806675,1632627300,1632627780,1632630000,-1,PROTECTED_STOP,8.0,3.9174626946097417,0.059199558377034715,6.679503803619029
0.09237959288802003,1632639900,1632640980,1632641100,-1,PROTECTED_STOP,18.0,1.1912480904437135,0.6604330247732916,1.0367306403891512
1.6380206838842823,1632702600,1632702780,1632704220,1,PROTECTED_STOP,3.0,-1.2109609145230162,0.0,473913495.83432156
0.09534289419719885,1632704700,1632705240,1632714240,1,PROTECTED_STOP,9.0,-4.079574841342795,0.35895396377007566,1.226201024770424
-1.0058980895126701,1632735900,1632735960,1632737760,-1,SL,1.0,1.882093560727833,0.0,502622123.5130631
-1.0050197482834362,1632787200,1632787500,1632793320,-1,SL,5.0,2.7654082796327173,0.4561867807854438,1.7439321303379274
0.09535041226215411,1632794700,1632795480,1632797760,-1,PROTECTED_STOP,13.0,1.850271108239669,0.15104828126943687,2.1882071221537864
0.09396130636858985,1632814800,1632815100,1632816780,-1,PROTECTED_STOP,5.0,1.9833745629744814,0.25288133071292657,2.577655730324903
0.09288229892943253,1632873600,1632874320,1632874440,-1,PROTECTED_STOP,12.0,4.682641173552881,0.8932238652379334,0.73819541759337
-1.0054261489851792,1632875700,1632876540,1632877980,-1,SL,14.0,1.5896740979750008,0.944236643688372,0.5480833327528858
0.09347861905392384,1632892200,1632894720,1632895380,1,PROTECTED_STOP,42.0,-1.2181494465119376,0.8831546200688387,0.4706993331850927
-1.0080295237897428,1632960000,1632960300,1632960900,-1,SL,5.0,1.8493255608458956,0.41374010923969146,1.0556570599924098
-1.008186505518418,1632961200,1632961380,1632962640,-1,SL,3.0,1.5808240198194499,0.0,356027067.51729673
0.09424694511358529,1632965100,1632966900,1632967320,1,PROTECTED_STOP,30.0,-2.1682498001545154,0.3352790355136235,1.4517443908263945
-1.0070620753995703,1633058400,1633058760,1633065420,-1,SL,6.0,1.2052747174448257,0.0,523389112.1513343
0.09173655923972208,1633065600,1633066800,1633069200,1,PROTECTED_STOP,20.0,-2.067926116205941,0.6344992018750978,0.5799375826793935
0.09119549368869222,1633072800,1633072860,1633072980,1,PROTECTED_STOP,1.0,-2.356328472204136,0.3401357659838965,5.293368221784469
0.09374915751079933,1633133700,1633133760,1633137960,1,PROTECTED_STOP,1.0,-1.1231119502169353,0.0,546069675.1498946
0.09165227087640458,1633147200,1633147500,1633162740,1,PROTECTED_STOP,5.0,-1.2856782065087748,0.24284908851716538,1.7453954424339242
0.08838542654892272,1633167300,1633167480,1633169880,-1,PROTECTED_STOP,3.0,1.0324366463734125,0.0,433554696.0519305
1.3334835870944608,1633222200,1633222380,1633227180,1,PROTECTED_STOP,3.0,-1.3727558188175264,0.6356715606307661,1.06375484158128
0.5749855714333838,1633229100,1633229640,1633251240,1,TIME,9.0,-1.1553329065419362,0.270206243032342,1.482441740493204
-1.0119898634309474,1633260000,1633260240,1633263840,1,SL,4.0,-1.048752079669184,0.0,752378099.0187756
0.09418368656477313,1633305600,1633305720,1633310580,-1,PROTECTED_STOP,2.0,1.5698801934275026,0.0,377841012.16484165
0.09266551211977934,1633314300,1633316280,1633317300,-1,PROTECTED_STOP,33.0,1.2261216602339107,0.4248389311364681,1.627583202607875
-1.0066780555858112,1633320300,1633320360,1633321740,-1,SL,1.0,1.2601979208390544,0.0,713803246.5410321
0.09397663609395465,1633392000,1633392060,1633393380,1,PROTECTED_STOP,1.0,-2.4594086540750815,0.001099675072209574,335.93302784617225
-1.005135456559219,1633394700,1633394760,1633397640,1,SL,1.0,-2.2958174838112577,0.0,489777402.0726125
-1.0055170751165747,1633398900,1633399680,1633418340,-1,SL,13.0,1.2290723333999884,0.31882690038766764,1.2500528613783628
0.09224880484221862,1633482900,1633483020,1633485960,1,PROTECTED_STOP,2.0,-1.4879961025350221,0.030591370484310758,16.267061782791604
0.09211641160869602,1633500300,1633500660,1633504020,-1,PROTECTED_STOP,6.0,0.9107072362892815,0.07939048468668602,4.341237654976318
0.091520489600946,1633507500,1633507620,1633507740,-1,PROTECTED_STOP,2.0,1.9514736486478779,0.2790327395760858,2.865905838516519
0.09354498998112486,1633564800,1633564860,1633565520,-1,PROTECTED_STOP,1.0,1.795096428713024,0.0,517374672.2351132
0.09366159621479775,1633567200,1633567260,1633568340,1,PROTECTED_STOP,1.0,-2.265683447775984,0.0,306899423.8911651
1.342013519628722,1633570500,1633570680,1633574880,1,PROTECTED_STOP,3.0,-2.8284039289059355,0.0,577791732.4882158
0.09158574009416702,1633661700,1633662480,1633662780,-1,PROTECTED_STOP,13.0,1.5251223283668145,0.11322940134772846,3.864238376469138
-1.007239538982695,1633681500,1633681560,1633682100,-1,SL,1.0,1.2523926023479297,0.0,519214514.57550925
-1.0057614975188487,1633684200,1633684320,1633684980,1,SL,2.0,-1.3082414730221372,0.0,369333256.55870205
0.09287429454800147,1633737600,1633737660,1633738080,-1,PROTECTED_STOP,1.0,1.183669330255267,0.09745110871246442,3.9308098904738227
0.09352079507488911,1633739100,1633739400,1633744140,-1,PROTECTED_STOP,5.0,2.0164467252358915,0.0,332337609.3907513
-1.0090220321646297,1633754700,1633755600,1633756680,1,SL,15.0,-1.8335902672077924,0.29365547390612573,1.1441077402116127
-1.012028862034904,1633824000,1633824060,1633825260,-1,SL,1.0,1.205686183660396,0.0,568952804.091649
0.09097298107816111,1633829400,1633829640,1633830780,-1,PROTECTED_STOP,4.0,1.5418624731293147,0.0,468903323.7665617
-1.007689188933897,1633834500,1633834680,1633838100,-1,SL,3.0,2.472171181584056,0.004135918583913575,98.25507828396519
-1.0062721746729162,1633914900,1633915020,1633921080,-1,SL,2.0,1.5103490442473366,0.0,356822098.6965054
1.3534588717668266,1633921800,1633922100,1633923600,1,PROTECTED_STOP,5.0,-2.6798459692440373,0.0,500666279.42733675
0.09350511041600204,1633923900,1633924200,1633924320,1,PROTECTED_STOP,5.0,-3.7491474614615887,0.19339595941199145,2.585070358983273
0.0909281975057863,1633996800,1633996860,1633997040,-1,PROTECTED_STOP,1.0,2.191230136920935,0.0,497667174.538709
0.09098768150781779,1633997400,1633997460,1633997580,-1,PROTECTED_STOP,1.0,1.7645621972123884,0.017111901134250304,27.13850256917744
-1.0078655359973427,1633998900,1633998960,1634001720,-1,SL,1.0,3.253043515044828,0.0,438867427.38528955
-1.0125486615991428,1634100000,1634100060,1634102940,1,SL,1.0,-1.1163018123632793,0.0,806542194.6680872
0.08731433471646677,1634103300,1634103360,1634103480,1,PROTECTED_STOP,1.0,-1.511528912245666,0.19211130095192,3.9014585353656708
-1.0126698439508677,1634103600,1634103660,1634103840,1,SL,1.0,-4.098145302419804,0.0,1190119599.7070985
0.09313865776591695,1634169600,1634169780,1634173080,1,PROTECTED_STOP,3.0,-1.4781964377653216,0.005724829916320272,104.39373176483947
0.09234858004760495,1634173500,1634173560,1634174220,1,PROTECTED_STOP,1.0,-1.6570495554032159,0.0,947525907.3927206
0.09287790164498406,1634186400,1634187240,1634187780,1,PROTECTED_STOP,14.0,-1.0685899598932138,0.4913781749021328,0.7355148589054521
-1.0092560549839673,1634260200,1634260380,1634261520,-1,SL,3.0,1.2808580273528822,0.14199158934836834,2.1435932518219705
-1.008454201679345,1634261700,1634261940,1634264340,-1,SL,4.0,2.188757101863314,0.14932753478023036,2.0713224229789646
0.09424256504484571,1634265000,1634265240,1634265540,1,PROTECTED_STOP,4.0,-1.4573650945038559,0.567050097745554,0.9575349542927465
0.09574558302421032,1634342400,1634342700,1634345640,-1,PROTECTED_STOP,5.0,1.4092620903691666,0.031703640909432,13.229057174351516
0.09290620329304897,1634362200,1634362260,1634364600,-1,PROTECTED_STOP,1.0,2.0379853261133607,0.0,408356541.8815647
0.0925978303438984,1634367300,1634368860,1634370000,-1,PROTECTED_STOP,26.0,1.18940362442652,0.29946792825364404,1.707144563947052
-1.0090964694681896,1634428800,1634429040,1634429340,-1,SL,4.0,1.1704846035603336,0.2676764597339737,3.091809320439949
0.0915430355896129,1634429700,1634429760,1634431440,-1,PROTECTED_STOP,1.0,1.2013193860550961,0.0,824602532.3686048
0.09082981945389919,1634444100,1634444700,1634445120,-1,PROTECTED_STOP,10.0,2.061404526275018,0.44320767085254625,0.7096021096454458
0.09468675701196877,1634520900,1634521320,1634542620,1,PROTECTED_STOP,7.0,-1.6396796828844964,0.004849041676240862,72.31577456021382
0.09187457320484892,1634544000,1634544060,1634546040,1,PROTECTED_STOP,1.0,-1.1254256827640075,0.0,485881382.2831066
1.4379957088079653,1634547900,1634550600,1634551020,-1,PROTECTED_STOP,45.0,1.465578389759281,1.2867411133373505,0.485670107205645
-1.0084270586495931,1634603400,1634603760,1634604660,1,SL,6.0,-1.3672514544515213,0.30455693193444433,2.3742004186438934
1.9735558765394945,1634604900,1634607240,1634613480,1,PROTECTED_STOP,39.0,-1.4297933584284976,0.9055242152441437,0.4779383383084371
0.09237781861247361,1634613600,1634613660,1634613780,1,PROTECTED_STOP,1.0,-2.3526543710744012,0.0,419109601.3245019
-1.0079466460968594,1634688600,1634688900,1634694780,1,SL,5.0,-1.5239492222789544,0.0,385726251.9482825
0.09138799747097201,1634694900,1634695200,1634700060,1,PROTECTED_STOP,5.0,-1.2822774058104873,0.0,447471974.1784228
-1.0065666816725403,1634738100,1634738400,1634738520,-1,SL,5.0,2.6296271563992124,0.5133676832975823,1.2455925966311543
0.0906547625384917,1634779800,1634780340,1634780580,-1,PROTECTED_STOP,9.0,2.111755915163378,0.4311784303707513,2.365352135171804
0.09016527008710011,1634781300,1634781360,1634781480,-1,PROTECTED_STOP,1.0,1.8643754507375994,0.0,760931197.0450481
0.09205844595334717,1634782200,1634783280,1634783400,-1,PROTECTED_STOP,18.0,3.0785265274488838,1.7523157587348752,0.2863358343785049
-1.0049785017714505,1634861100,1634861760,1634863380,-1,SL,11.0,1.1620350252258147,0.8749535517301064,0.8586733146335848
0.0954643316519162,1634865000,1634866920,1634868300,-1,PROTECTED_STOP,32.0,1.5331771334800577,0.27162915308665414,1.7166547014852966
0.09384558726660598,1634874000,1634874840,1634878800,-1,PROTECTED_STOP,14.0,2.0056592098155406,0.20627974867650592,1.825378832674795
0.09127855032261083,1634947200,1634947440,1634948520,-1,PROTECTED_STOP,4.0,1.4293816538581359,0.34659104919245326,1.6286105530699613
-1.0074531717137742,1634949300,1634949420,1634951640,-1,SL,2.0,1.4251514895882509,0.0,456038028.54242635
0.0926586040800025,1634951700,1634951760,1634954460,-1,PROTECTED_STOP,1.0,1.1903966278755176,0.0,466127617.3178343
1.1316005352505412,1635034200,1635034500,1635056100,-1,TIME,5.0,1.0710496976973194,0.24778987906511135,1.6556896484905645
0.08742879297813422,1635056400,1635058020,1635060060,-1,PROTECTED_STOP,27.0,1.1530377332037296,1.1773936040829298,0.3575936050812161
0.08950900830737026,1635064500,1635064740,1635066060,-1,PROTECTED_STOP,4.0,1.246638092536394,0.09610591900312528,4.890869749217037
0.09125888459610385,1635123900,1635124920,1635127380,-1,PROTECTED_STOP,17.0,3.2411311008457866,0.7088757718687323,0.6907863278974126
0.0875233941817662,1635146100,1635146160,1635146400,1,PROTECTED_STOP,1.0,-1.8174154084744196,0.0,1017387722.174099
0.0898503648052874,1635147900,1635148920,1635149640,1,PROTECTED_STOP,17.0,-2.988043104630555,0.5972798716032813,0.8229284889741024
0.09128520024681641,1635206400,1635206580,1635207300,-1,PROTECTED_STOP,3.0,1.7438527639470818,0.35101073676416744,0.9508564650996734
0.0916564299094871,1635207900,1635208380,1635209940,-1,PROTECTED_STOP,8.0,1.6340600308486453,0.1431799733573777,2.384679186885044
0.08970828139266428,1635210900,1635212340,1635212880,-1,PROTECTED_STOP,24.0,0.8640887701837652,0.7906461219006712,0.5456803918320301
-1.0039930158883563,1635292800,1635293160,1635308220,-1,SL,6.0,1.8603155368959279,0.10835944118766955,3.2828282525327293
1.3376479444711258,1635309000,1635310500,1635317220,-1,PROTECTED_STOP,25.0,1.139896257863036,0.8768353557927443,0.38321185226170607
1.380867532683279,1635317400,1635318180,1635321000,-1,PROTECTED_STOP,13.0,2.1269451375272252,0.28602711314931945,1.4863865908364036
-1.0070125182788017,1635379500,1635379740,1635380280,-1,SL,4.0,1.8266161143822068,0.5052139518158943,1.2207829157331271
0.09347516721218958,1635390600,1635391080,1635391920,-1,PROTECTED_STOP,8.0,1.026523667006507,0.12289265215123285,5.417724895120359
-1.0067911003957388,1635410100,1635410220,1635410640,-1,SL,2.0,1.4074718123265186,0.0,413803348.5540446
0.0948245900026514,1635465600,1635465780,1635466620,-1,PROTECTED_STOP,3.0,1.1565927933274947,0.5251754905393755,0.7435245807365058
-1.0061190669150033,1635469200,1635469920,1635470760,-1,SL,12.0,1.1923707648425812,0.15881433456003483,2.2084825497129694
0.0920888830713559,1635486300,1635486540,1635491640,1,PROTECTED_STOP,4.0,-2.8589820628750213,0.0,692771285.6617697
0.09056856500155369,1635560100,1635561900,1635567120,-1,PROTECTED_STOP,30.0,2.582461942347201,0.4415488637402013,0.9022245194258576
0.08927620038742028,1635568500,1635568860,1635570000,-1,PROTECTED_STOP,6.0,3.399020791052181,0.37238431296488317,1.9209087032974423
0.08947585366624777,1635575700,1635576300,1635578640,-1,PROTECTED_STOP,10.0,2.9516087701554454,0.5977112226044093,0.7030448157926249
-1.0084758482429572,1635639900,1635640200,1635648480,1,SL,5.0,-1.5738457864515445,0.4033547395448294,1.0477922576831573
0.08987475792581875,1635656700,1635657060,1635657540,-1,PROTECTED_STOP,6.0,1.0648392142334098,0.07386164731840465,5.979222439156226
0.08993757195332856,1635668700,1635668820,1635669060,-1,PROTECTED_STOP,2.0,1.637286341955631,0.0,667347616.792385
0.09103693391992385,1635724800,1635725160,1635727260,1,PROTECTED_STOP,6.0,-1.9843085704994914,0.9574277146671871,0.45109962917539054
1.8181758156738337,1635739800,1635739920,1635750240,1,PROTECTED_STOP,2.0,-2.3745328127737215,0.034866358771888026,29.032427523291968
0.09411229676360301,1635750300,1635750360,1635750480,1,PROTECTED_STOP,1.0,-1.892145975608741,0.0,582494683.0219798
-1.0075261713930455,1635814800,1635814920,1635816000,-1,SL,2.0,1.058351117503808,0.0,518460816.9656579
0.09255019828617153,1635816300,1635816600,1635817020,-1,PROTECTED_STOP,5.0,0.805852718997335,0.2021608031045456,2.4581831168962363
-1.0102866556562748,1635831300,1635831780,1635840480,1,SL,8.0,-2.1813970033898236,0.3036801609468364,1.8263443452440093
0.08979658813541302,1635897600,1635898140,1635900000,-1,PROTECTED_STOP,9.0,2.573024120644265,0.7521489971346702,0.5445410620779576
0.09119706280640943,1635901200,1635901260,1635902040,-1,PROTECTED_STOP,1.0,2.155396244972216,0.0,556897848.0722948
0.09171830043493671,1635903900,1635903960,1635907140,-1,PROTECTED_STOP,1.0,1.85063773486944,0.0,443272390.9235933
-1.0100916590085784,1635989700,1635990000,1635991380,1,SL,5.0,-2.2822263744773834,0.0,521298721.0402937
1.411200206480441,1636010700,1636011780,1636012800,-1,PROTECTED_STOP,18.0,1.4992119146651717,0.9375326985455688,1.3124999986000487
-1.0098686435697064,1636013100,1636013160,1636013940,-1,SL,1.0,1.5738146483916176,0.12668750620564195,4.925085091657509
1.3596982523106953,1636070400,1636071240,1636074000,-1,PROTECTED_STOP,14.0,1.096452177441479,0.5944877032822626,0.6554729545498114
0.09207755067359796,1636079400,1636081980,1636090500,1,PROTECTED_STOP,43.0,-2.5010672308309867,0.7479764825194887,0.4982043908791872
0.09056767855637812,1636092000,1636092060,1636092900,1,PROTECTED_STOP,1.0,-1.490899970937809,0.0,483521116.7110914
-1.0111637252225272,1636160100,1636160400,1636161420,1,SL,5.0,-1.3959805982165205,0.24157702178779195,2.31012657271583
0.08928009323623681,1636161600,1636162020,1636164360,1,PROTECTED_STOP,7.0,-1.8438624469704206,0.07375232025974092,5.527817328756283
0.08520627224627669,1636175700,1636176600,1636178760,1,PROTECTED_STOP,15.0,-1.8626844593935419,0.6328282828282784,1.8858738996536657
2.2311191756206195,1636245000,1636245420,1636246560,1,PROTECTED_STOP,7.0,-1.7842467213934257,0.0,348437821.11749953
0.08671250506732815,1636246800,1636246860,1636246980,1,PROTECTED_STOP,1.0,-1.8178491697686259,0.0,2085514945.9130738
0.0894052606138834,1636249800,1636249860,1636253700,1,PROTECTED_STOP,1.0,-1.063601304728301,0.0,648257325.5311362
0.09143081487315333,1636329600,1636329660,1636329780,1,PROTECTED_STOP,1.0,-1.714462066595467,0.0,825286710.6950736
1.882556581534116,1636330200,1636330380,1636331100,1,PROTECTED_STOP,3.0,-1.3985808512587494,0.5605545148429434,1.2055824694669197
0.09286510053578136,1636331700,1636331760,1636332000,1,PROTECTED_STOP,1.0,-1.581782535381591,0.0,733618840.658184
-1.0065533148016195,1636416000,1636416240,1636429260,-1,SL,4.0,1.5788017324209451,0.0,1262776673.3764246
0.09209708109164534,1636429800,1636429920,1636437600,-1,PROTECTED_STOP,2.0,1.824794371640153,0.13630061043822028,2.283821639295171
-1.0103790678275182,1636456500,1636456560,1636457760,1,SL,1.0,-1.140960164008515,0.0,529286523.80989915
0.09275437915116418,1636502400,1636502580,1636504500,1,PROTECTED_STOP,3.0,-1.472120817070919,0.0,530306708.1868445
0.09252510012998114,1636514100,1636515120,1636529700,1,PROTECTED_STOP,17.0,-0.8659540993908419,0.4218409500996015,1.3716609488255742
0.09042649162823016,1636539900,1636540200,1636544040,-1,PROTECTED_STOP,5.0,1.125784684493124,0.12584616893950012,3.001705296747201
-0.0467153500891405,1636588800,1636589220,1636610820,-1,TIME,7.0,1.8599267025220818,0.024663630285810433,14.277424241105274
-1.0044345114367934,1636722600,1636723200,1636725960,-1,SL,10.0,2.9771540323458,0.2502220458170803,1.46375596498731
0.0946438990137026,1636726500,1636726680,1636727400,-1,PROTECTED_STOP,3.0,1.1308406768671597,0.01707169898065695,20.12518291539155
0.09442975407776295,1636729800,1636730100,1636730640,-1,PROTECTED_STOP,5.0,2.486992664706276,0.23999576680380283,3.622643574366346
-1.0100216951118288,1636778400,1636778700,1636781760,1,SL,5.0,-1.6910810731799386,0.09149466359489894,7.683967028042272
0.08988828546798969,1636782900,1636783020,1636783980,1,PROTECTED_STOP,2.0,-1.3988285458218206,0.0,382965836.39580464
-1.0107711382025597,1636786800,1636787100,1636790280,-1,SL,5.0,1.4232402454800492,0.20023572456378969,1.8106673317057758
-1.0090648118038188,1636851600,1636852080,1636853700,1,SL,8.0,-1.8066337240280521,0.10805182716720851,3.7359875958837847
-1.0080943491252052,1636860600,1636862100,1636864860,-1,SL,25.0,0.986264915012242,0.510589517599078,0.9580419561656344
0.08893412931169273,1636866900,1636867200,1636867500,-1,PROTECTED_STOP,5.0,1.1867639182472112,0.06443250843026663,10.924423060364408
0.09262287980099974,1636934400,1636934460,1636934820,1,PROTECTED_STOP,1.0,-3.277701534717112,0.0,947254611.2871723
0.08417101135058719,1636964400,1636964580,1636964880,1,PROTECTED_STOP,3.0,-2.8037647573385627,0.12010684924402128,4.758161991822433
1.7680202045168707,1636965900,1636965960,1636967280,1,PROTECTED_STOP,1.0,-1.8727105425292108,0.0,786702284.4159722
0.09251187390525421,1637020800,1637020860,1637020980,-1,PROTECTED_STOP,1.0,1.4896217986673996,0.0,1132174714.2264063
0.09258979854945049,1637021400,1637021460,1637021580,-1,PROTECTED_STOP,1.0,1.6769179201891227,0.22502455273522576,3.2519684894853915
-1.0058604560963287,1637025000,1637027160,1637031180,1,SL,36.0,-2.3911957991860278,1.3391834807973981,0.33702391471733023
-1.0053670043063483,1637110800,1637111040,1637112360,-1,SL,4.0,1.1548842484624242,0.5088095017595928,0.8298561325729711
2.2092811955819855,1637112600,1637112660,1637119080,-1,PROTECTED_STOP,1.0,1.4691252068441532,0.0,333646188.38263613
0.09643404446768662,1637120100,1637120220,1637121780,-1,PROTECTED_STOP,2.0,1.383592923642903,0.0,414162241.6637658
-1.0065849506318028,1637193600,1637193720,1637194740,-1,SL,2.0,1.263463533815936,0.3462773462585931,1.5828674264911855
0.09288715499818267,1637199600,1637199660,1637200800,-1,PROTECTED_STOP,1.0,1.0425692148445767,0.0,756072760.1400898
0.09387998931504618,1637205300,1637206200,1637206740,-1,PROTECTED_STOP,15.0,2.931305849148461,0.2908454246722155,1.7825995745837095
-1.0040728596632325,1637280000,1637280300,1637282580,-1,SL,5.0,1.3004807280565018,0.658905564719312,0.708943035244956
1.4973205055716128,1637282700,1637282820,1637290560,-1,PROTECTED_STOP,2.0,1.6027068130376154,0.0,350582388.6560782
0.09563540188750085,1637292300,1637294700,1637299500,1,PROTECTED_STOP,40.0,-2.375553603683266,0.6804896694697641,0.47324862567819503
0.09197443729224003,1637367600,1637368260,1637369040,-1,PROTECTED_STOP,11.0,2.5980460612709337,0.3864956031168484,0.938320347588254
0.09310864441805443,1637374800,1637375340,1637389320,-1,PROTECTED_STOP,9.0,1.7860219754082844,0.24055321061525614,1.4696770361233569
0.09037604444647321,1637396100,1637396700,1637398140,1,PROTECTED_STOP,10.0,-1.2496184546792355,0.2407964267962127,1.6775978614487272
-1.0107323100404753,1637456100,1637456400,1637461500,1,SL,5.0,-1.2035743208213148,0.19816147607868573,2.4683059984731295
0.08908466286161003,1637462100,1637463420,1637464380,1,PROTECTED_STOP,22.0,-1.1720331018064511,1.7512329504524209,0.25836154780678244
-1.0081626235116652,1637472900,1637473020,1637477760,-1,SL,2.0,1.2452240272212751,0.0,341697934.81555814
0.09309637643773838,1637540100,1637540160,1637540640,1,PROTECTED_STOP,1.0,-4.3812453006881285,0.0,533248956.0857184
0.09351097373801147,1637544000,1637544120,1637547300,1,PROTECTED_STOP,2.0,-2.0835025648971714,0.08216898814374336,4.2453911814354495
0.09411137640152047,1637552100,1637552220,1637552460,1,PROTECTED_STOP,2.0,-2.332833260980107,0.6980691833958204,0.7256030570913918
-1.005374427462119,1637625600,1637626260,1637627040,-1,SL,11.0,1.1990326543330518,0.49656066849442154,1.180860909447852
0.09476293854332919,1637627100,1637627700,1637628480,-1,PROTECTED_STOP,10.0,1.295247275316968,0.7175014605415431,0.507618936130937
1.3316724181172086,1637632500,1637632920,1637652300,-1,PROTECTED_STOP,7.0,1.1049317660021163,0.02629376176211672,15.672080622238713
0.09039519169914562,1637712000,1637712180,1637714520,1,PROTECTED_STOP,3.0,-2.2797860268228867,0.0,598381133.2067261
0.08921642536618328,1637716800,1637717460,1637718360,1,PROTECTED_STOP,11.0,-1.3302758094188023,0.6474755171732522,0.6652427851290018
0.09278253107009782,1637721600,1637721780,1637722020,-1,PROTECTED_STOP,3.0,1.0253083266691407,0.19313019816103402,3.8015509844918443
0.09114174685775485,1637800200,1637800320,1637800500,1,PROTECTED_STOP,2.0,-1.002337709699549,0.08984480632118698,4.946043110416885
-1.007229098015918,1637805600,1637805660,1637814240,1,SL,1.0,-2.037112319776676,0.0,425367482.7598239
0.09119318951014158,1637815200,1637816640,1637819160,-1,PROTECTED_STOP,24.0,1.638043824086698,0.17433613722579583,2.6426489914640228
0.09177076622376497,1637888100,1637888400,1637892540,-1,PROTECTED_STOP,5.0,1.69313946939001,0.18046626814174718,2.6439729394178295
0.09289965844533919,1637894400,1637895240,1637897160,-1,PROTECTED_STOP,14.0,1.305239644057173,0.5509748140415003,0.9031102841888557
0.09197805984418325,1637899200,1637899800,1637902140,-1,PROTECTED_STOP,10.0,2.0738489072839137,0.4021278808862253,1.4391101878335169
-1.006169564089171,1637971200,1637971500,1637971980,-1,SL,5.0,2.2145184546517256,0.351203673594078,1.1289403876329738
0.09457755281539323,1637972100,1637972160,1637976120,-1,PROTECTED_STOP,1.0,2.5603259475292774,0.0,547443752.2524811
-1.0080804545771835,1637986800,1637987640,1637992800,1,SL,14.0,-2.156481596278337,0.3092317747165036,1.57138752723684
0.09288912726268363,1638066300,1638066660,1638067620,-1,PROTECTED_STOP,6.0,1.2020625797588858,0.374176755925374,1.188764752303635
0.09288689825867855,1638079200,1638081900,1638085920,1,PROTECTED_STOP,45.0,-1.0170089488774747,0.7515110512219895,0.9165668442571459
0.08997777417423636,1638091200,1638091560,1638093600,1,PROTECTED_STOP,6.0,-0.9628099311110963,0.2917520309446885,1.5374833881636427
0.09581911071619582,1638144000,1638144060,1638146760,1,PROTECTED_STOP,1.0,-2.291717538794965,0.0,518433646.66634583
0.09053085892047981,1638179100,1638179220,1638186240,1,PROTECTED_STOP,2.0,-2.056630394245504,0.0,957369808.3636333
-1.0080849482696426,1638202200,1638202260,1638204420,-1,SL,1.0,1.751664286602046,0.0715939750589476,7.091394559704043
2.038984769363564,1638232800,1638233220,1638243600,-1,PROTECTED_STOP,7.0,0.9228538873502478,0.4989395176863222,1.1582874377211325
1.401390847818628,1638244800,1638244860,1638251940,-1,PROTECTED_STOP,1.0,2.669365559924782,0.0,415724961.6444218
0.09270885758286014,1638252000,1638252120,1638252480,-1,PROTECTED_STOP,2.0,1.5807571263699622,0.092760564397606,5.33836472232459
-1.0052481782352183,1638316800,1638316860,1638317400,-1,SL,1.0,1.3417937492512113,0.0,607331958.6158547
0.09489109487389127,1638323400,1638323580,1638325860,-1,PROTECTED_STOP,3.0,1.4633630488945981,0.0,423653220.12894726
0.09154426548340894,1638365700,1638365760,1638366060,1,PROTECTED_STOP,1.0,-1.6719283391119657,0.1125915783986482,3.1628269926038186
0.09434953751320438,1638403200,1638403320,1638403920,-1,PROTECTED_STOP,2.0,1.2681903127464984,0.015438611373243078,33.22884400154415
0.09319406542542809,1638414600,1638414960,1638415140,-1,PROTECTED_STOP,6.0,1.053548305445182,0.3776679841897418,1.2296124895145002
-1.0054803694903003,1638417300,1638417360,1638421920,-1,SL,1.0,2.8757925684339543,0.0,400016675.0041739
-1.0079598127490021,1638510900,1638513180,1638520080,1,SL,38.0,-1.843780323973876,0.5720963261930543,0.6704795412829658
1.767386202526187,1638520200,1638520980,1638525780,1,PROTECTED_STOP,13.0,-1.2372819407127473,0.20660710079197786,1.6578237329829886
-1.011180177995907,1638526200,1638526260,1638526980,1,SL,1.0,-1.048364821663483,0.0,1212729758.0877829
1.4254264501395406,1638576000,1638577800,1638588600,-1,PROTECTED_STOP,30.0,1.2672037014390283,0.657164445781733,0.5987972190103028
0.09720657417301551,1638594300,1638594360,1638594660,1,PROTECTED_STOP,1.0,-5.867820053663039,0.5020370722758061,1.1973603622656694
0.09810145376546194,1638595500,1638597360,1638600420,1,PROTECTED_STOP,31.0,-3.1927770094301686,7.480674628648728,0.06559665149586912
0.09515751482330055,1638662400,1638662460,1638663120,1,PROTECTED_STOP,1.0,-1.2083390345906027,0.0,436925176.026664
0.0958814209764044,1638665400,1638665580,1638674940,1,PROTECTED_STOP,3.0,-1.1926652476258746,0.4804908107913654,0.8882889476165603
-1.0067340662796131,1638685800,1638687660,1638691320,1,SL,31.0,-1.790261938697746,0.7916868052199142,0.7855009772798595
0.09577908709246338,1638752100,1638752640,1638757680,1,PROTECTED_STOP,9.0,-1.190054313808094,0.30280597412890903,1.0424621145266066
0.09339721126283299,1638774900,1638775140,1638775920,-1,PROTECTED_STOP,4.0,1.8438427096173968,0.14519360618551225,2.764255300110593
0.0944746999968939,1638777600,1638778920,1638779340,-1,PROTECTED_STOP,22.0,1.4705937373983418,3.7980319730794134,0.13756565917777136
-1.0040695041456937,1638835500,1638835680,1638840060,-1,SL,3.0,1.2937317160984556,0.0,565674449.8688644
0.09244125763233618,1638854700,1638854820,1638859320,1,PROTECTED_STOP,2.0,-1.1317009301499819,0.0,402454205.93987584
0.09152565877644445,1638867900,1638869040,1638869580,1,PROTECTED_STOP,19.0,-1.7519943805587868,1.0344017215017542,1.2124928135433373
0.09473331350914119,1638921600,1638921780,1638933180,-1,PROTECTED_STOP,3.0,1.5240592353519995,0.19657250176070987,1.6671974437478398
0.08882202194092828,1638957600,1638959820,1638960120,-1,PROTECTED_STOP,37.0,2.9498028433579115,1.350210970464135,3.1399999976744377
-1.007159597379294,1638961200,1638962280,1638963600,1,SL,18.0,-2.020638336328731,1.797402306642235,0.47175934870092967
1.9273259480233613,1639010100,1639010280,1639016460,-1,PROTECTED_STOP,3.0,1.043075651068776,0.1526714957197252,2.6546069581454357
-1.006463543415226,1639017000,1639017480,1639021620,1,SL,8.0,-2.8013794828781693,0.08534051024513821,4.402821978449646
0.09348210800248222,1639021800,1639021980,1639027080,1,PROTECTED_STOP,3.0,-1.6258208154796443,0.0,528449083.7810609
-1.0047496382636318,1639095000,1639095120,1639096320,-1,SL,2.0,1.091066055727636,0.33575579228886443,1.401136460356871
0.09533226389992316,1639096500,1639096620,1639099620,-1,PROTECTED_STOP,2.0,1.066927564240836,0.41286290364167405,1.3716164197035803
-1.0065527473750124,1639119600,1639121280,1639122780,1,SL,28.0,-2.212589153165269,0.6741214431697624,0.8018242615044097
-1.0045680331885318,1639180800,1639180860,1639181820,1,SL,1.0,-1.5458585270274574,0.0,417236395.8606872
0.09650786757407964,1639182900,1639182960,1639194120,1,PROTECTED_STOP,1.0,-1.354662957455886,0.0,730355346.6284064
0.09319971153903843,1639238700,1639238760,1639238880,1,PROTECTED_STOP,1.0,-2.4949232491377713,0.0,403761912.42467666
0.09403305277249449,1639267200,1639267680,1639269180,1,PROTECTED_STOP,8.0,-1.6743765102515547,0.3022769618800871,1.3028126827037045
-0.022228464038960904,1639272300,1639272780,1639294380,1,TIME,8.0,-2.125767747541893,0.24908598460887946,1.4285518130706145
0.09085188129413069,1639304100,1639304400,1639305240,1,PROTECTED_STOP,5.0,-1.9548032212107094,0.29610358325805813,1.581814725105913
0.090846127450983,1639354800,1639354980,1639355280,-1,PROTECTED_STOP,3.0,1.1334153343644955,0.0,1370659012.2679954
1.7427819760839736,1639357200,1639357260,1639358940,-1,PROTECTED_STOP,1.0,1.0482862546591831,0.0,979947383.0971329
0.09405987923573375,1639359000,1639359660,1639360560,-1,PROTECTED_STOP,11.0,4.33162040392395,0.3512968434876514,1.4447559668114884
0.09292253276375267,1639463100,1639465200,1639467720,1,PROTECTED_STOP,35.0,-2.018245139680305,1.3259971953879663,0.44135992838056065
0.09332572045213122,1639468500,1639469040,1639474680,1,PROTECTED_STOP,9.0,-1.4936281397014197,0.3963237010339556,2.751900624815738
0.09406464589633519,1639475700,1639477260,1639478400,1,PROTECTED_STOP,26.0,-0.8988977219668772,0.5275552213452105,1.1964683058219445
0.0951193689247193,1639526400,1639527660,1639527900,1,PROTECTED_STOP,21.0,-1.253519519209454,0.3328534172467974,2.4821865576773554
0.09463251670449518,1639529100,1639529220,1639542240,1,PROTECTED_STOP,2.0,-1.0759706650919405,0.0,308505464.3245421
0.09180938183434623,1639557300,1639557480,1639557660,1,PROTECTED_STOP,3.0,-2.115587183562174,0.0,429728218.7235048
0.0936930627587838,1639612800,1639613820,1639614180,1,PROTECTED_STOP,17.0,-1.0143794081200077,0.5306864083157709,1.300989232346188
0.08949675376746691,1639628400,1639629120,1639630560,1,PROTECTED_STOP,12.0,-2.555946769478196,0.7799361866195181,0.4389556562958599
1.6418752426669645,1639634400,1639634460,1639638480,1,PROTECTED_STOP,1.0,-1.4810239888436236,0.0,529723235.9636725
-1.0068504670834113,1639699200,1639699380,1639699800,-1,SL,3.0,1.4254502771272153,0.23638051618492512,4.866385609911695
0.5047502673791652,1639700100,1639700520,1639722120,-1,TIME,7.0,1.6496201284294578,0.13552723356689989,4.414531170321403
1.5996358956317716,1639724400,1639724460,1639725060,-1,PROTECTED_STOP,1.0,1.3511011723081494,0.0,1152365875.1099343
0.09621622593110597,1639785600,1639786020,1639786500,-1,PROTECTED_STOP,7.0,1.1125501400945808,0.28392500533182813,1.6393186106003483
0.09532052379549957,1639798800,1639798920,1639801080,-1,PROTECTED_STOP,2.0,1.1771456593935596,0.0,442117074.1851111
0.09193973773389634,1639821600,1639821660,1639822920,1,PROTECTED_STOP,1.0,-2.2459759825187646,0.0,583041108.0005783
0.09145807204672705,1639874100,1639874400,1639877520,-1,PROTECTED_STOP,5.0,1.3802076287312928,0.2951903350809282,1.9356943084471354
1.4257773880404843,1639882800,1639882860,1639883940,1,PROTECTED_STOP,1.0,-1.2751810259374765,0.0,640013557.534782
0.09232718921601735,1639884000,1639884060,1639885860,1,PROTECTED_STOP,1.0,-2.5964861794644976,0.0,370878541.9926788
0.09357367703549871,1639958400,1639958460,1639960080,-1,PROTECTED_STOP,1.0,1.6080540971645616,0.009149487965787847,53.678727164838364
-1.007958293263107,1639977600,1639977660,1639978980,1,SL,1.0,-2.139402138676448,0.0,367702794.1251315
0.09286488661013279,1639980900,1639981320,1639982820,-1,PROTECTED_STOP,7.0,1.2680883529677665,0.07191875369748355,5.763275671624592
1.7244861911885432,1640044800,1640044980,1640057700,1,PROTECTED_STOP,3.0,-1.241222305765495,0.18901871992884026,2.500962553613587
1.5182075280047103,1640058000,1640058420,1640058780,1,PROTECTED_STOP,7.0,-2.2915341255572312,0.35969304564273036,1.186535986418493
1.5068814012649052,1640058900,1640058960,1640060460,1,PROTECTED_STOP,1.0,-2.6334569258252016,0.0,1174232077.629234
0.09100526891124931,1640140800,1640140920,1640143020,-1,PROTECTED_STOP,2.0,3.387451594529228,0.1367512024486058,5.3501198649544275
0.09133732615251379,1640145300,1640145720,1640153700,-1,PROTECTED_STOP,7.0,1.5909466255324238,0.6871652900063472,0.7591308356959937
-1.0090977978794506,1640176800,1640176860,1640179680,1,SL,1.0,-1.4465809735399213,0.0,507626108.72502875
0.09046807437613275,1640217600,1640218020,1640218500,-1,PROTECTED_STOP,7.0,1.7464603072081786,0.4746333679491262,3.1590088340865883
-1.008387208495441,1640218800,1640219700,1640221740,-1,SL,15.0,1.7272072604743867,0.3857334534296269,1.4991861057175004
0.09234702646841911,1640221800,1640221860,1640222760,-1,PROTECTED_STOP,1.0,2.2888865626200583,0.0,534848144.8997375
0.09177154044901481,1640311800,1640311980,1640312700,-1,PROTECTED_STOP,3.0,2.3981287781645086,0.0,339848827.6924387
-1.0080225220196373,1640314800,1640316120,1640326320,1,SL,22.0,-1.8024989795590312,0.48818707000328154,0.8567984553327715
0.08811245422159257,1640346900,1640346960,1640347200,1,PROTECTED_STOP,1.0,-1.6320017460387917,0.0,988083877.5112656
-1.0076099360740092,1640390400,1640390520,1640392440,-1,SL,2.0,1.7971141136436968,0.0,859408977.1303316
0.09240256664385647,1640392800,1640392920,1640402940,-1,PROTECTED_STOP,2.0,1.8649905227425405,0.1020519083578783,3.399999966684452
-1.01489817291059,1640428500,1640429580,1640430540,-1,SL,18.0,3.266045041113782,1.0898140081063918,0.7745336570346155
0.08986983584878762,1640476800,1640479320,1640479500,-1,PROTECTED_STOP,42.0,2.430911667113885,1.0128417421302593,0.5271502647236187
1.7534811418720753,1640482800,1640483760,1640486100,-1,PROTECTED_STOP,16.0,1.7106829518781013,0.4729366808876112,1.443952296776545
0.09154699925062285,1640486400,1640488200,1640489820,-1,PROTECTED_STOP,30.0,0.7663043260347259,1.1784734701598503,1.1376404484728442
-1.0067455018927258,1640563200,1640564040,1640566860,1,SL,14.0,-1.1609397880198022,0.006122617049617704,134.94802990706876
-1.0125548418731838,1640609700,1640610360,1640610840,1,SL,11.0,-2.9266696397031446,0.47028784877827884,1.2874569881913507
1.372595061693841,1640610900,1640610960,1640611560,1,PROTECTED_STOP,1.0,-2.493300521708021,0.0,535221262.0738272
0.0927131878607559,1640649600,1640649720,1640650320,-1,PROTECTED_STOP,2.0,1.7595066886523558,0.0,413427572.73886
0.092953666082742,1640650800,1640650860,1640652060,-1,PROTECTED_STOP,1.0,1.7304348520497896,0.0,669032430.5970838
0.09398797188832385,1640655300,1640655480,1640655780,-1,PROTECTED_STOP,3.0,2.1304030044016034,0.038175409603234754,15.568181410378855
-1.0074070850864258,1640736000,1640736240,1640736660,-1,SL,4.0,1.444752836141544,0.5555782419943718,0.8605769215279551
0.09289694199454074,1640736900,1640737560,1640738880,-1,PROTECTED_STOP,11.0,1.3971406605419057,0.1730881485143867,2.250257984935281
0.09131659569953181,1640746500,1640746800,1640752440,-1,PROTECTED_STOP,5.0,1.7568076038409797,0.029724683753126126,14.334551620130146
0.09498932590179487,1640822400,1640822760,1640823720,-1,PROTECTED_STOP,6.0,2.5106824335640807,0.3252814672495485,2.080894830315121
0.09564949129001016,1640824800,1640825640,1640826720,-1,PROTECTED_STOP,14.0,2.0408415309811425,0.2812573727292083,1.3178741991359446
0.09016399818111258,1640847900,1640848140,1640849100,-1,PROTECTED_STOP,4.0,2.0040779691551776,0.34232301838022905,1.3641035012455573
0.09412082745622988,1642598700,1642599000,1642605600,1,PROTECTED_STOP,5.0,-4.460248929747781,0.020582034406769274,17.133873406882703
0.09372728289487867,1642607100,1642607580,1642614060,1,PROTECTED_STOP,8.0,-1.3141741727075884,0.3451804278016767,1.7036748424867227
-1.0062674961501272,1642624200,1642624320,1642632180,-1,SL,2.0,1.577961312050133,0.02228241393893951,22.160242413189472
0.08959092068676217,1642638900,1642639080,1642643040,-1,PROTECTED_STOP,3.0,1.5489311187286228,0.004931392798271252,80.57574123598401
0.08965144814173456,1642646100,1642646700,1642649460,-1,PROTECTED_STOP,10.0,1.437161349378996,0.2742907276647898,1.4580523281074282
0.08820130856967791,1642674300,1642676580,1642676760,1,PROTECTED_STOP,38.0,-2.8400199285149106,0.9938810769304315,0.5092107481779011
-1.0036351178706775,1642723200,1642723380,1642724940,-1,SL,3.0,1.8884890912039378,0.23839568935945718,4.60264823782316
1.403628260064993,1642725000,1642727220,1642730520,-1,PROTECTED_STOP,37.0,1.6610795480319047,0.4618608219027763,0.7828235521960039
0.09631529488306702,1642730700,1642730820,1642731720,-1,PROTECTED_STOP,2.0,1.1535456102818151,0.0,448978377.42413485
-1.0019269688771084,1642809600,1642809660,1642830960,1,SL,1.0,-2.073660328459996,0.0,392563319.8450765
-1.004902250803865,1642831200,1642831500,1642833420,1,SL,5.0,-3.830177917050788,0.2101980215416378,3.5876730861114536
-1.0044808738498228,1642836300,1642838700,1642844040,1,SL,40.0,-2.4297522133776677,1.8509659712533757,0.3398666231085212
-1.0038915142881384,1642896000,1642896240,1642897620,-1,SL,4.0,1.1068566885996474,0.1746170751436975,1.8882724207915362
0.09575520702634172,1642897800,1642898640,1642905000,-1,PROTECTED_STOP,14.0,1.604053425103775,0.2528979558116624,1.7264541878281818
0.09452778298663654,1642924500,1642925400,1642925520,1,PROTECTED_STOP,15.0,-1.9864942319244392,0.3763344288397787,1.1157752999356418
-1.0041318840365816,1642985700,1642987080,1642989900,1,SL,23.0,-0.934076161059572,0.3778748567183809,0.8894559349467703
0.09377954283139618,1642996500,1642997340,1643005260,-1,PROTECTED_STOP,14.0,1.8145318970319275,0.4742384823643556,0.6949058061370141
-1.006732103240526,1643010900,1643010960,1643012100,-1,SL,1.0,1.1253207265386125,0.0,915195678.3807395
0.09506695354014796,1643072400,1643072580,1643076960,1,PROTECTED_STOP,3.0,-1.0905264820824456,0.0045080119667167415,95.66361514296035
0.0932959676269605,1643088600,1643088660,1643089620,1,PROTECTED_STOP,1.0,-1.0156378110651538,0.0,562704113.6520938
1.564972650068,1643094900,1643095200,1643097780,1,PROTECTED_STOP,5.0,-1.3128898944907779,0.08866435352880915,5.14990963487272
0.09461309189757815,1643155200,1643155260,1643156700,-1,PROTECTED_STOP,1.0,2.277347852136627,0.0014468607505895706,255.33315686371986
1.3835549281674346,1643171100,1643171820,1643172540,1,PROTECTED_STOP,12.0,-2.861507073991099,0.12619294681612056,3.747466528877285
-1.0058013563861563,1643186100,1643186760,1643188860,-1,SL,11.0,1.2751651625192777,0.2354649235623933,1.9901458330932906
0.09538806567299923,1643241600,1643241720,1643246640,-1,PROTECTED_STOP,2.0,1.6028973185154876,0.0,430536110.45297396
0.09490815145759052,1643252400,1643254800,1643256600,-1,PROTECTED_STOP,40.0,1.0139862526070176,0.871040194514091,0.5485320691274804
0.09316906198323968,1643273100,1643273160,1643274480,1,PROTECTED_STOP,1.0,-1.1530829459107208,0.0,1247286781.092707
0.0964738500478841,1643328900,1643329020,1643339160,-1,PROTECTED_STOP,2.0,1.1778117423108472,0.0,383757499.4670483
0.09427739751929065,1643360100,1643360700,1643362680,-1,PROTECTED_STOP,10.0,1.9890821947963726,0.2764511992910743,1.5118136950244816
-1.0061923579596075,1643372700,1643373540,1643375760,-1,SL,14.0,1.5904505211588504,0.6442202655444655,0.7641997916919658
0.09344214803457986,1643414400,1643414580,1643414880,1,PROTECTED_STOP,3.0,-1.387363860043464,0.3969517912691287,1.0864829368955335
0.09365087652488734,1643472600,1643473320,1643476560,1,PROTECTED_STOP,12.0,-2.4510537690677916,0.7319650816562834,0.610640953660734
2.736896414100556,1643486700,1643488140,1643488260,1,PROTECTED_STOP,24.0,-1.395681972422166,0.2702078391185696,7.266060401388324
0.087616265376615,1643519700,1643519760,1643526360,-1,PROTECTED_STOP,1.0,1.285105079551446,0.0,387417839.0721852
0.0890649649939919,1643532900,1643534640,1643537940,-1,PROTECTED_STOP,29.0,3.502981923970338,0.3817907041297765,1.1289301033537915
-1.0091710608378188,1643552100,1643552220,1643556180,-1,SL,2.0,1.3308463157456798,0.2199860557561946,4.123178789203408
0.09494018900393555,1643591100,1643591700,1643594580,-1,PROTECTED_STOP,10.0,4.400761729991616,0.3940997728412793,1.214630053509741
0.09383515563425714,1643598900,1643599920,1643603760,-1,PROTECTED_STOP,17.0,2.0460955345068226,0.11663536692243545,3.9141262008764146
-1.011740788203848,1643615100,1643615520,1643626200,-1,SL,7.0,1.31059585464682,0.3356590251079837,0.9686085943993598
0.09208619126558981,1643680500,1643680920,1643695980,1,PROTECTED_STOP,7.0,-3.4458022595262445,0.0,390636773.84464824
-1.0109911208713793,1643700300,1643700540,1643705760,-1,SL,4.0,3.3908749524922244,0.0,368079794.3798007
1.3662904758159893,1643706600,1643706780,1643707380,-1,PROTECTED_STOP,3.0,2.511487572706071,0.6119691002909271,1.1270412381252368
0.09266289294319682,1643768700,1643769120,1643775960,-1,PROTECTED_STOP,7.0,0.9415588148906912,0.0,381704988.65844053
0.08873281512234882,1643784000,1643784180,1643784360,-1,PROTECTED_STOP,3.0,2.0564211979710127,0.45905838706828983,1.3180681133496241
-1.0100663053612424,1643790000,1643791740,1643795220,-1,SL,29.0,1.2042185941865986,0.6071506958787364,0.7381261342631145
-0.29745832784855314,1643846400,1643847420,1643869020,1,TIME,17.0,-1.4027002056362148,0.5146965181050928,0.7784731809342326
-1.0106081550126371,1643883000,1643883240,1643887200,1,SL,4.0,-2.97574389002991,0.24008237386504977,2.1659388556068033
-1.0066794362153213,1643890500,1643890680,1643891220,1,SL,3.0,-1.6628262516780987,0.04713289823244437,11.327925599746722
0.09079059895008676,1643943900,1643944020,1643951700,1,PROTECTED_STOP,2.0,-1.0863615246037839,0.022936264665458037,21.04193456647292
0.08923180463415345,1643952000,1643952060,1643952900,1,PROTECTED_STOP,1.0,-1.6050058562647238,0.19271060270391538,3.664288879781847
0.09021559585626716,1643955000,1643955480,1643956920,1,PROTECTED_STOP,8.0,-1.2981323352732876,0.5110439432690237,1.5423111889746601
-1.0070560481020512,1644019200,1644019260,1644020820,-1,SL,1.0,4.493078049982405,0.0,638749073.8138438
0.09376797425724356,1644021300,1644022200,1644034320,-1,PROTECTED_STOP,15.0,2.838028684856309,1.1608011950463342,0.3638124754711723
0.09264315105625412,1644080100,1644082260,1644091440,1,PROTECTED_STOP,36.0,-1.0936198017963665,2.1771935905297792,0.1756061718517371
0.08918245220311559,1644110100,1644110160,1644116340,-1,PROTECTED_STOP,1.0,2.8409692251561878,0.0,576957002.3335546
-1.0136876288781704,1644120900,1644120960,1644121680,-1,SL,1.0,1.0728829515308929,0.0,422992553.04804474
0.08517158290084767,1644128100,1644128760,1644129420,1,PROTECTED_STOP,11.0,-2.189625235800992,0.3549241438434293,1.9057970960800323
1.5251584440416779,1644192000,1644192120,1644193560,-1,PROTECTED_STOP,2.0,2.7777503405700084,0.37965333183854394,1.266306840945629
-1.0049436623824561,1644193800,1644194820,1644197820,-1,SL,17.0,2.5756757080468864,0.28476627553679695,1.1688749958953433
-1.0045990481099583,1644198000,1644199020,1644201840,-1,SL,17.0,2.0700669812931136,0.21862699156514107,2.2031507776197197
0.09355809918581558,1644278400,1644278700,1644279600,-1,PROTECTED_STOP,5.0,1.0412391385082158,0.44168314926452107,0.7401259857255184
0.09180215882192186,1644285000,1644285300,1644289560,-1,PROTECTED_STOP,5.0,3.2558138773378364,0.0,373490561.1420138
-1.0110450028575564,1644295200,1644295320,1644297060,-1,SL,2.0,1.2713314868996652,0.0,445863694.81356364
0.09221681282717419,1644370200,1644370560,1644371820,-1,PROTECTED_STOP,6.0,1.5345248440822052,0.562616077023899,1.1104810489665318
0.09359991190516755,1644376800,1644378780,1644384180,-1,PROTECTED_STOP,33.0,2.026848938784578,0.5071727577803898,0.6744226718682604
0.09215750551024773,1644385500,1644385620,1644386520,-1,PROTECTED_STOP,2.0,1.0427437104156827,0.14684258388693447,2.673769269080196
0.0916039715098458,1644452400,1644453660,1644461280,1,PROTECTED_STOP,21.0,-0.8012253315139123,0.40882406860448556,1.0368303546067204
0.09137112159107401,1644462000,1644462120,1644462420,-1,PROTECTED_STOP,2.0,1.6149096186678331,0.37030200916100503,1.7429577417721556
-1.008444604169859,1644472800,1644473760,1644479640,-1,SL,16.0,1.4866049783929973,0.3815030813042747,1.076293035249472
1.3299666989787429,1644537600,1644537720,1644540360,-1,PROTECTED_STOP,2.0,1.549342185299392,0.014251173061000995,23.271148041688605
-1.0037351507151921,1644545700,1644546060,1644551760,-1,SL,6.0,1.3482466355670495,0.12338652986134846,3.1181586510119392
0.09530048098848799,1644552000,1644553260,1644560880,-1,PROTECTED_STOP,21.0,1.623126565834093,0.11182457865920421,3.05865185476068
0.8630227870236388,1644627000,1644627120,1644648720,-1,TIME,2.0,1.6910892053761548,0.14498914616496775,2.615096675662895
0.09016761593246078,1644648900,1644648960,1644650880,1,PROTECTED_STOP,1.0,-2.378398426025326,0.0,1139709118.5532303
0.09177995076342371,1644651600,1644652080,1644664680,1,PROTECTED_STOP,8.0,-2.7257546165205166,0.23754275367176397,1.860424893354122
-1.006097816391551,1644710400,1644710520,1644712740,-1,SL,2.0,1.0975005764097427,0.0,399218071.24240386
0.09428164288357477,1644713100,1644713160,1644734160,-1,PROTECTED_STOP,1.0,1.075703806837264,0.0,317434895.23104846
-1.0078214897631286,1644778800,1644781260,1644783360,-1,SL,41.0,0.9379138263746456,1.1405748114962149,0.3207639806683565
0.09191687496908851,1644797700,1644798180,1644798780,-1,PROTECTED_STOP,8.0,1.6965282517786187,0.4958366996982539,0.8507914321761227
-1.007269615899125,1644802500,1644802740,1644808560,-1,SL,4.0,2.3104743354703747,0.38789837266101396,2.115280772084525
0.09302210306822606,1644809100,1644811740,1644819180,-1,PROTECTED_STOP,44.0,0.7558625467285297,0.284403932082225,1.0652824175106943
0.0909688635347668,1644883200,1644883380,1644883800,1,PROTECTED_STOP,3.0,-1.1159847082552323,0.031182526875620214,11.128571071683046
0.09280798907919324,1644891900,1644892560,1644893460,1,PROTECTED_STOP,11.0,-1.0517625711658558,0.32145802583186595,1.4709418791918814
-1.0082282232610085,1644922200,1644922440,1644925740,-1,SL,4.0,1.1188056426827255,0.3350513404450897,1.026711182244483
1.5062948470668,1644969600,1644969660,1644975540,-1,PROTECTED_STOP,1.0,2.3847039480403214,0.0,966185147.5076184
0.09305624146378119,1644976200,1644978600,1644987780,-1,PROTECTED_STOP,40.0,1.58036082962067,0.17019403338864858,1.9721448352090325
0.08887193077337668,1644992700,1644992820,1644994860,-1,PROTECTED_STOP,2.0,1.205803809956747,0.0,490643591.13035893
0.09018181321243476,1645069500,1645070100,1645071360,-1,PROTECTED_STOP,10.0,1.2598182140120937,0.5604591713693178,1.8168674666378053
-1.0087739437225827,1645079400,1645079460,1645085340,-1,SL,1.0,1.6390831092892493,0.0,530074864.46949387
0.09006636914980469,1645087500,1645087560,1645087680,-1,PROTECTED_STOP,1.0,1.5225402124886505,0.0,519739100.58362293
0.09527108390589008,1645143300,1645144020,1645154340,1,PROTECTED_STOP,12.0,-1.0322123175451468,0.5092816989381604,0.9642857123923109
0.091113618443888,1645184400,1645184640,1645185000,1,PROTECTED_STOP,4.0,-2.40108224181215,0.5066704513198971,0.9686274490686229
-1.0066746590346989,1645187700,1645189680,1645191120,1,SL,33.0,-1.8333503067327974,0.6920358985230805,0.7555396701019175
0.09158530464340384,1645231200,1645231860,1645234980,-1,PROTECTED_STOP,11.0,2.3005178989310324,0.0,339607385.11297697
0.08434645180938456,1645252800,1645252860,1645253700,1,PROTECTED_STOP,1.0,-1.6278880646172473,0.0,655868427.6102827
1.9639756429909412,1645255500,1645257300,1645260780,-1,PROTECTED_STOP,30.0,2.0795696505578976,0.4578436382217997,0.7366071412482332
1.7592600928074278,1645315200,1645315980,1645327740,-1,PROTECTED_STOP,13.0,1.1404573315178146,0.51430781129157,0.686315788139208
0.086959188169411,1645327800,1645328040,1645328700,-1,PROTECTED_STOP,4.0,1.6821121523861988,0.4941292273079235,2.1832669278522845
0.08808427372498595,1645331700,1645331760,1645332840,-1,PROTECTED_STOP,1.0,1.2008343268847752,0.0,832408005.1646051
-1.0068963503649757,1645401600,1645401720,1645404780,-1,SL,2.0,1.9846971149955726,0.20870505542037637,3.0414507626292635
-1.005768349607804,1645405200,1645405260,1645405920,-1,SL,1.0,1.77329247806092,0.0,494829518.16869724
-1.0050074296580125,1645406100,1645406160,1645407540,-1,SL,1.0,1.3235016918849285,0.0,457960151.018262
0.0971966586751314,1645491000,1645492260,1645493640,-1,PROTECTED_STOP,21.0,0.9313680198300516,0.005442882135686579,67.7499875525112
0.09481608026000296,1645507200,1645507320,1645508160,1,PROTECTED_STOP,2.0,-1.0705696544490573,0.0,382365409.07162833
0.09481529155237603,1645509300,1645509360,1645511760,-1,PROTECTED_STOP,1.0,1.8688788236862102,0.0,454948301.3294073
1.572434145947675,1645582200,1645582920,1645584240,-1,PROTECTED_STOP,12.0,2.436260029654761,0.6277849531804893,0.6219621952288922
-1.0058656883064687,1645585200,1645585260,1645589580,-1,SL,1.0,1.8763211232399741,0.0,454904058.30048263
-1.0072027470659553,1645589700,1645590480,1645592700,-1,SL,13.0,1.6640767982482072,0.4146709640569447,0.8333333313237246
2.277616162146413,1645660800,1645660920,1645671420,-1,PROTECTED_STOP,2.0,1.2939009832614918,0.0,465850102.0706002
1.6727393663047685,1645671600,1645671660,1645674120,-1,PROTECTED_STOP,1.0,1.946640793471459,0.0,1518214716.5259323
-1.002867950359208,1645675200,1645675440,1645681020,1,SL,4.0,-2.0979945493622605,0.5907090121530042,1.1155444702644157
0.09528136482938858,1645759800,1645760280,1645763640,1,PROTECTED_STOP,8.0,-0.8891949620296489,0.08240249038637619,5.257777713971853
0.09372580607504508,1645765800,1645765860,1645768680,1,PROTECTED_STOP,1.0,-1.8291228172050662,0.0,655529873.2226851
-1.0058637477009622,1645769700,1645772100,1645775760,1,SL,40.0,-1.5841581519526762,0.6057124310288957,0.6009002240641848
0.0942166177052643,1645836000,1645837200,1645843740,-1,PROTECTED_STOP,20.0,2.8904299095786885,2.98831176948559,0.15827232791189497
1.4638208476517731,1645854600,1645856760,1645863720,1,PROTECTED_STOP,36.0,-1.0917474162401213,1.1312343271106111,0.43333333295027926
1.6662514087837217,1645863900,1645864680,1645865280,-1,PROTECTED_STOP,13.0,1.7830275347392588,0.22616813875797037,2.5042492807118197
1.8876427741547017,1645920300,1645921680,1645924020,-1,PROTECTED_STOP,23.0,2.7978690681150393,1.1255296415017666,0.3153070574650644
0.0937748877987724,1645924200,1645924380,1645927260,-1,PROTECTED_STOP,3.0,1.0419414034201198,0.07695786800265803,5.58860752231635
0.09330143548967254,1645935000,1645936140,1645940880,1,PROTECTED_STOP,19.0,-1.194288424443245,0.06554453238215001,5.650793564577768
-1.0036537785930677,1646006400,1646006520,1646011200,-1,SL,2.0,1.2761589214052669,0.17305928458268155,1.8937605286861185
0.09519801151512655,1646011500,1646013540,1646021280,-1,PROTECTED_STOP,34.0,0.8279173636068193,1.1008975297594812,0.6103448270318002
-1.007301018457905,1646028600,1646028660,1646028840,-1,SL,1.0,1.4244621083158018,0.0,1155345757.2131045
0.09708848789072481,1646093100,1646093820,1646101140,-1,PROTECTED_STOP,12.0,1.9778785840275752,0.38893937426976183,1.0773624063681173
0.0950602275907836,1646136900,1646136960,1646137320,1,PROTECTED_STOP,1.0,-1.741397216849064,0.22268070916199367,3.6938159713459524
0.09548054135907524,1646137800,1646137860,1646138160,-1,PROTECTED_STOP,1.0,1.2357425391932104,0.0,463853579.69686335
0.09452058990458562,1646181300,1646181540,1646183760,1,PROTECTED_STOP,4.0,-3.4169624049892637,0.3653825689049633,1.3261977537608085
-1.0060003371771515,1646195400,1646195700,1646198820,1,SL,5.0,-1.4565845460526328,0.1865264009710648,2.379609531711064
0.0936694139306522,1646199000,1646199240,1646201400,1,PROTECTED_STOP,4.0,-1.1682304548680575,0.13402884320345598,2.7083333131258613
0.09266698060808962,1646280600,1646280720,1646283300,-1,PROTECTED_STOP,2.0,1.0258908008822418,0.0,351445337.9699827
0.09200289878113611,1646287800,1646287860,1646288100,-1,PROTECTED_STOP,1.0,1.77823861251078,0.0,701112877.5834637
0.09324913790229311,1646291700,1646291880,1646296620,-1,PROTECTED_STOP,3.0,2.5321583839185404,0.0,596698349.1746023
0.09406694887267598,1646352000,1646352480,1646354100,-1,PROTECTED_STOP,8.0,1.4549070656562455,0.31859257257799406,1.8403693873632099
0.09379049760192004,1646355300,1646355660,1646356620,-1,PROTECTED_STOP,6.0,1.1515903885148333,0.3565647482014513,2.0315258455003944
3.5508420274039274,1646381400,1646381700,1646382720,-1,PROTECTED_STOP,5.0,2.2895623023738896,0.5682066205892959,0.9193341853219176
0.0946876463294329,1646447100,1646447640,1646455020,-1,PROTECTED_STOP,9.0,1.2632524876157156,0.0,355935678.5096912
1.817766159787612,1646469900,1646469960,1646474940,-1,PROTECTED_STOP,1.0,1.6322442115557152,0.0,461259956.5532703
-1.0078426289943916,1646485500,1646487300,1646492220,-1,SL,30.0,1.2970626523068545,0.42217133969846715,1.2893982777480324
0.08791119266054155,1646525700,1646527140,1646528820,1,PROTECTED_STOP,24.0,-1.706615745299371,0.5440366972476663,0.7807757152597263
0.08803343973249336,1646536800,1646537640,1646537760,-1,PROTECTED_STOP,14.0,0.9031964573555153,0.13223894208846154,3.4413792843209805
0.08826746267371123,1646539800,1646540760,1646541300,1,PROTECTED_STOP,16.0,-2.6796063732449587,0.62708145088422,0.8501440908632868
0.0952526560812779,1646611200,1646611380,1646612400,-1,PROTECTED_STOP,3.0,1.742955698099052,0.18251818809409454,2.356415465704503
1.4289883700460255,1646650800,1646651520,1646655720,1,PROTECTED_STOP,12.0,-1.2100797597880906,0.18016512350837335,3.5324675128606997
1.3846541675208124,1646657700,1646658720,1646660880,1,PROTECTED_STOP,17.0,-1.8807106442404216,0.6618014841540083,0.6643538584930784
-1.0041468179629371,1646702100,1646703540,1646707380,-1,SL,24.0,1.7521999235331456,0.5382357052984776,1.1351515130425098
0.09547383449590234,1646707500,1646708160,1646711400,-1,PROTECTED_STOP,11.0,1.4439216060085733,0.6509258794600135,0.662709119327315
0.09302865753424658,1646721600,1646721720,1646722380,1,PROTECTED_STOP,2.0,-1.137848820190178,0.0,437808219.1780901
-1.009354970093018,1646784000,1646784660,1646786760,-1,SL,11.0,1.4839248348237393,0.712996577118536,0.6099796325457395
-1.0097617572726667,1646787000,1646787180,1646789520,-1,SL,3.0,1.3556536558390033,0.3101575522934128,1.4004854323775846
0.09138701147800427,1646791800,1646791860,1646792160,1,PROTECTED_STOP,1.0,-1.3072940000342215,0.0,618587780.8658155
0.09292444814760031,1646870400,1646870520,1646873580,-1,PROTECTED_STOP,2.0,1.9191719112466106,0.19475438342269966,2.203124988687553
1.6238101332464865,1646876400,1646876460,1646876940,-1,PROTECTED_STOP,1.0,1.349436300074532,0.0,673044044.614502
-1.0064010684332556,1646877300,1646877360,1646879400,1,SL,1.0,-1.6936249465917526,0.0,709649357.6017158
-1.0075671978150245,1646957400,1646957460,1646958540,1,SL,1.0,-3.613518652786007,0.0,393132128.29907256
0.09217689503957868,1646958600,1646958720,1646959020,1,PROTECTED_STOP,2.0,-3.171780084945917,0.5106782846403631,0.7049180314064828
-1.0074703353396457,1646960700,1646960880,1646961960,1,SL,3.0,-1.65689974886175,0.6345657781599119,0.9250225821014811
-1.0112797556719142,1647096000,1647096060,1647099660,-1,SL,1.0,2.6742298579145003,0.0,684991273.996512
0.09142376855203166,1647100200,1647100260,1647101460,-1,PROTECTED_STOP,1.0,2.139536825176958,0.0,412713338.6618828
0.09153179005201768,1647105000,1647105060,1647117540,-1,PROTECTED_STOP,1.0,1.0974675558789007,0.0,816704477.0591226
0.08695084048771123,1647129600,1647129660,1647129780,-1,PROTECTED_STOP,1.0,1.2678878939361524,0.07373205396439068,6.506849226815961
-1.0117583815028712,1647130500,1647131460,1647133620,-1,SL,16.0,3.435215805218018,0.7010456582451075,1.1945525274789248
-1.0111536598338664,1647133800,1647135960,1647137040,-1,SL,36.0,0.9750262678644156,2.566466183871359,0.2018747906813129
0.09422060370906055,1647216000,1647216360,1647216900,-1,PROTECTED_STOP,6.0,2.170028716833547,0.15513613047483243,2.7774480533129187
0.09480023817193489,1647219900,1647220980,1647222660,-1,PROTECTED_STOP,18.0,1.9108541804198131,0.84617411930071,0.3953488367420733
0.09393382096830113,1647232500,1647234660,1647239340,1,PROTECTED_STOP,36.0,-1.6547005165377326,0.33882765362188183,1.1016713059407146
-1.0047391209769918,1647303600,1647303960,1647306900,1,SL,6.0,-2.6820223999625328,0.14099994861516923,3.0969387535463584
0.09443914356244025,1647312000,1647313440,1647325020,-1,PROTECTED_STOP,24.0,1.929168195009721,0.25876736642386916,1.809602642013681
1.8013284841520543,1647327900,1647328260,1647328440,-1,PROTECTED_STOP,6.0,1.3999897096110878,0.44561907497846803,3.2364620865998073
0.09314252916495856,1647388800,1647389220,1647395700,1,PROTECTED_STOP,7.0,-1.0783469464298994,0.41310275277331593,0.8962025294761643
4.2056016714979965,1647396900,1647397500,1647400380,-1,PROTECTED_STOP,10.0,2.6213231608562078,1.2150737680093369,0.41350947124493453
0.09753172283286586,1647400800,1647401820,1647409440,-1,PROTECTED_STOP,17.0,3.5015071122565185,0.37559554965039005,0.8999499725914331
-1.008170797343148,1647489300,1647489780,1647492840,-1,SL,8.0,1.2593639815128754,0.2819635679466253,1.2823779147726377
0.09190538457179377,1647500100,1647500820,1647501660,1,PROTECTED_STOP,12.0,-1.0680013906404686,0.812361843223946,0.6051282043832946
0.0921174707903863,1647519300,1647519780,1647520200,-1,PROTECTED_STOP,8.0,1.7432619922091959,1.2510515463917395,0.5413013378229966
0.08750333639424064,1647562200,1647562440,1647563160,1,PROTECTED_STOP,4.0,-1.0422730415989272,0.0,539944903.5812969
-1.0078950649858422,1647566100,1647566340,1647579600,-1,SL,4.0,2.2627401440614836,0.0,390501319.2612459
-1.0125024582621078,1647586200,1647586860,1647589680,1,SL,11.0,-2.1649025995613216,0.2134875772315383,1.7931034398763621
0.08941627473343383,1647656100,1647657000,1647659100,1,PROTECTED_STOP,15.0,-1.1081985099066114,0.03725628631945937,16.306122011300666
-1.0132236016370961,1647674400,1647676140,1647679440,-1,SL,29.0,1.566901738116425,1.2242837653478515,0.682527300534568
0.08419795221841248,1647679500,1647679740,1647685440,-1,PROTECTED_STOP,4.0,1.4541540307576784,0.32878270762231504,1.1003460174145638
-1.0072940771706669,1647734400,1647734700,1647736440,1,SL,5.0,-1.6254296361995624,0.03314712737224606,11.95312463940271
-1.0079166700289162,1647736500,1647736560,1647740520,1,SL,1.0,-2.052418292805536,0.0,797579180.9562047
0.09173663974743777,1647740700,1647740760,1647741000,1,PROTECTED_STOP,1.0,-1.2013254338477524,0.0,592533085.2817943
2.2854264504287403,1647820800,1647820860,1647830040,-1,PROTECTED_STOP,1.0,1.2344196586358376,0.0,317387937.7096951
-1.0094602365817347,1647830100,1647830160,1647830520,-1,SL,1.0,1.2579497717562982,0.9438910856399554,0.6993318478113911
-1.0075154162533926,1647830700,1647830880,1647833880,-1,SL,3.0,3.685641056187576,0.07054155921446582,14.070865942258052
-1.0108423770258868,1647909000,1647909060,1647909960,-1,SL,1.0,1.1596740818761841,0.0,608245663.918121
-1.0103558281987521,1647910500,1647912360,1647914520,-1,SL,31.0,1.247037415022867,0.5818830396713965,0.654096227744489
0.08836700567690134,1647914700,1647914760,1647914880,-1,PROTECTED_STOP,1.0,1.0486040316824852,0.0,2980802792.321072
1.4048105437702039,1647993600,1647993720,1647997620,-1,PROTECTED_STOP,2.0,2.4407605555034917,0.17784903798714008,1.6925566247878039
-1.0070538145096426,1647998700,1647999120,1648000560,-1,SL,7.0,1.329571062332048,0.19443744827833645,2.5103626813897493
0.0926068793980574,1648000800,1648001100,1648005420,-1,PROTECTED_STOP,5.0,1.6153412582577333,0.0,361693351.8317231
0.09002494191063018,1648080000,1648080120,1648080900,1,PROTECTED_STOP,2.0,-2.985852528124598,0.09689304919339749,7.474820066739155
1.5755465485055449,1648085400,1648085520,1648103340,1,PROTECTED_STOP,2.0,-2.05946971384418,0.0,349375346.1751419
-1.0096455890550546,1648103400,1648103460,1648103640,1,SL,1.0,-2.3964230253870777,0.0,825457499.1638515
0.08765875115225004,1648170000,1648170360,1648171380,1,PROTECTED_STOP,6.0,-0.931751833481479,0.30467716724784083,1.124309388574811
0.08723674052009776,1648172400,1648172700,1648184280,-1,PROTECTED_STOP,5.0,5.321506016268009,0.8436666046050264,1.3491246122010045
0.08713855404018533,1648194600,1648195260,1648196040,-1,PROTECTED_STOP,11.0,1.2798001753297163,0.35635723713154455,1.856790118246244
0.08720338717329645,1648254900,1648255500,1648258860,-1,PROTECTED_STOP,10.0,1.1081414381797312,0.2616498545701831,2.5662251557553013
-1.0115686502393284,1648267800,1648268160,1648282740,-1,SL,6.0,1.5361469395582372,0.0,499860311.7841121
-1.0138684694380946,1648301400,1648301580,1648314660,-1,SL,3.0,1.9413024659550566,0.15067940266379748,2.1874999854824217
-1.0152005828779724,1648343700,1648343760,1648344600,1,SL,1.0,-1.488565684001719,0.0,643642987.2496074
2.006211535115534,1648345200,1648345260,1648347000,1,PROTECTED_STOP,1.0,-2.4301221086156923,0.0,356492911.0531005
0.08845798484008494,1648356000,1648356060,1648360380,1,PROTECTED_STOP,1.0,-1.0788465708888864,0.0,667775929.0072048
0.09462950259800751,1648428000,1648428120,1648443360,-1,PROTECTED_STOP,2.0,2.0767126143039443,0.0,487009977.31319445
0.09082530214908298,1648476600,1648479060,1648480500,1,PROTECTED_STOP,41.0,-2.5036418382563084,1.3842346244276935,0.4263662908892941
-1.006665244932423,1648487100,1648487580,1648491960,-1,SL,8.0,0.9103366733271274,0.04856418918918912,7.660869407469971
-1.0117899240048958,1648530300,1648530360,1648535160,-1,SL,1.0,1.337300325464031,0.0,463517032.47066236
-1.0134492543672982,1648540200,1648540680,1648541700,-1,SL,8.0,0.9978408290930717,0.19599488708990442,2.3869565095605267
-1.0147273122284313,1648542600,1648542720,1648543860,-1,SL,2.0,1.5439820538058624,0.0,322160148.97584903
1.4922599692715934,1648605000,1648605360,1648610340,1,PROTECTED_STOP,6.0,-0.886288242847247,0.3769117955164382,1.269779503764732
-1.007476878742861,1648610700,1648612380,1648615440,1,SL,28.0,-2.2449779336979487,0.4869647440226928,0.7980582507883143
0.09212309580845215,1648615500,1648615800,1648627560,1,PROTECTED_STOP,5.0,-2.3108418922036544,0.0,410954985.8772148
-1.0157014432496805,1648702500,1648703520,1648704240,-1,SL,17.0,3.050806104233404,1.0326881720430254,0.9232264325364987
-1.0149824678721577,1648704300,1648706760,1648713780,-1,SL,41.0,2.205581611646269,0.5311497782327407,0.6618705023508656
0.08186182237598938,1648713900,1648714440,1648716240,-1,PROTECTED_STOP,9.0,1.1383922778417186,0.2606689734717258,1.9557522048868798
0.09120270870398785,1648772100,1648772160,1648773360,-1,PROTECTED_STOP,1.0,1.1106948056376809,0.0,301212296.7437616
0.0919388742606363,1648775700,1648776300,1648776720,-1,PROTECTED_STOP,10.0,1.6678571821310275,0.43220759397062286,1.0927070432072745
1.4066237815843787,1648778100,1648779720,1648781700,-1,PROTECTED_STOP,27.0,2.675106986666229,0.7916779066630889,0.7698270711802255
-1.008961013986013,1648857600,1648857660,1648859820,-1,SL,1.0,1.8705701820310965,0.0,786713286.7132815
0.09100153272463994,1648860900,1648861140,1648861680,-1,PROTECTED_STOP,4.0,2.9219373484036173,1.6525458583532062,0.23205574898851694
0.09329007724667565,1648866600,1648866720,1648871760,-1,PROTECTED_STOP,2.0,2.128950635915436,0.21859474804825507,2.2924901080897433
0.09087849150905822,1648944000,1648944360,1648945440,1,PROTECTED_STOP,6.0,-1.3240215221167788,0.2128982790935238,2.57142855935066
-1.0101684547158916,1648959300,1648959660,1648961940,-1,SL,6.0,3.068012703049335,0.0,352001512.3587876
0.08806549223179792,1648962000,1648962060,1648963860,-1,PROTECTED_STOP,1.0,2.89103941829375,0.0,416721890.876971
-0.787943295272516,1649031900,1649031960,1649053560,-1,TIME,1.0,2.29592010247465,0.0,1166820967.2441838
-1.0150666852977663,1649058300,1649058480,1649059380,1,SL,3.0,-1.1259735089254996,0.39027457556069056,1.3859649087292856
0.08470347898163172,1649059800,1649060100,1649061600,1,PROTECTED_STOP,5.0,-1.5750699686636067,0.06067495559508423,6.3114753058089486
0.09214275307255967,1649118900,1649119800,1649125680,1,PROTECTED_STOP,15.0,-1.6890117643434106,0.3231899265477222,1.0391849497627728
-1.0133374450415242,1649134500,1649134920,1649141220,1,SL,7.0,-1.1559969910352186,0.12652662432830972,3.162162137169177
0.08463951957880664,1649141400,1649143860,1649145060,1,PROTECTED_STOP,41.0,-2.3628029793517635,1.103652517275373,0.4320214665137837
0.0917555494983426,1649203200,1649203260,1649203680,-1,PROTECTED_STOP,1.0,1.1749433660215447,0.0,863517775.7875557
-1.005965959949529,1649205600,1649205840,1649207940,-1,SL,4.0,2.5734123276509253,0.029482910725979774,10.675675313576516
-0.6231069312408939,1649208000,1649208600,1649230200,-1,TIME,10.0,3.4158404601470402,0.21090488406016322,2.602671106190349
0.09261472054610884,1649289600,1649289720,1649292480,1,PROTECTED_STOP,2.0,-1.2462411819574601,0.004607789358170955,175.4444063699673
0.08884153510461193,1649316900,1649317380,1649319720,-1,PROTECTED_STOP,8.0,1.8785918864484399,0.11628802464380802,2.662251632736084
0.08656179725543346,1649324100,1649324160,1649324760,1,PROTECTED_STOP,1.0,-1.2322854897021454,0.0,316069057.10491514
0.08998433330038816,1649376600,1649377500,1649378520,-1,PROTECTED_STOP,15.0,2.3958417462920565,0.21864188988829578,1.6740506252549288
-0.38097064946820336,1649380500,1649380560,1649402160,-1,TIME,1.0,2.1063200516541007,0.0,434487440.5974178
0.08717814015721831,1649404800,1649404920,1649406420,1,PROTECTED_STOP,2.0,-1.1994535619339362,0.6717260411440035,1.2980392137539187
-1.0067235760142141,1649463000,1649463300,1649479500,-1,SL,5.0,1.8578697314484092,0.403496790056009,1.5592417022967706
0.08887423467955269,1649483100,1649485080,1649490360,-1,PROTECTED_STOP,33.0,2.121429532889813,1.105656350053344,0.35988620166596297
-1.0172874591503245,1649518500,1649518800,1649519700,1,SL,5.0,-2.6985544749660035,0.5845588235293679,0.851153038376246
0.08486154040980821,1649548800,1649548920,1649550120,-1,PROTECTED_STOP,2.0,3.1051239552162286,0.09148241015126633,6.151162723454086
0.08513243941202166,1649559600,1649559660,1649564400,-1,PROTECTED_STOP,1.0,1.7734950192435204,0.0,422377830.75090027
0.07914892889540104,1649569800,1649572320,1649574480,1,PROTECTED_STOP,42.0,-1.8411172954792239,0.6418254134394485,0.5388127845485583
0.09413890133078648,1649635200,1649635500,1649635920,-1,PROTECTED_STOP,5.0,1.5192475901565363,0.30099435635581817,1.3930555509274176
0.09527626687099068,1649640300,1649640600,1649652480,-1,PROTECTED_STOP,5.0,1.0989798088603422,0.08514713981275773,4.23228341486116
-1.011665360333516,1649669700,1649669820,1649670540,1,SL,2.0,-1.052097745943598,0.251816557474662,2.592715221492378
0.09529433638396034,1649724600,1649724960,1649725620,-1,PROTECTED_STOP,6.0,1.1161445045132707,0.0,699875086.037672
0.09156616861522238,1649741100,1649741220,1649742060,-1,PROTECTED_STOP,2.0,1.9109056850709956,0.035390240599503964,10.55357113035451
0.09079860635139224,1649760900,1649762940,1649763360,1,PROTECTED_STOP,34.0,-1.439012651211966,0.8149417409184536,0.6677880563714904
0.09444725211566393,1649808600,1649809800,1649817300,-1,PROTECTED_STOP,20.0,1.4570996917191203,0.27302455556215494,1.5762195064220004
0.08998656252806714,1649847300,1649847600,1649849760,1,PROTECTED_STOP,5.0,-1.8532241616366885,0.31672502019929977,1.5071428523844046
0.09106091295627324,1649851200,1649851380,1649851740,1,PROTECTED_STOP,3.0,-1.08194408816981,0.590998796630548,1.1083238293676199
-1.010313463743201,1649896800,1649897100,1649899680,-1,SL,5.0,1.0965307041647063,0.0,674118658.6414325
-1.0105634386195896,1649899800,1649900340,1649901540,-1,SL,9.0,2.5992998916173224,0.22263654310155753,1.9517241291645702
0.08941004185628607,1649901600,1649901660,1649903040,-1,PROTECTED_STOP,1.0,3.5589843328111392,0.0,455228381.86101705
0.0862089330269819,1649980800,1649983140,1649983260,-1,PROTECTED_STOP,39.0,2.7118415861677954,3.4665382049951603,0.1230170607247606
-1.0107749412534983,1649989500,1649991480,1649993280,-1,SL,33.0,1.2943684889260985,0.3041719634808609,1.247340421431228
0.08978578010889043,1649993400,1649993880,1650005460,-1,PROTECTED_STOP,8.0,1.3645323140633834,0.42452057039829305,0.7873873855325663
-1.016870949321913,1650070500,1650070680,1650072240,-1,SL,3.0,1.1088360277643727,0.0,469664525.3390302
0.08336229388158858,1650072300,1650072420,1650073320,-1,PROTECTED_STOP,2.0,1.7601939953836627,0.0,471136104.0329874
0.08293830908706173,1650078900,1650080040,1650083760,1,PROTECTED_STOP,19.0,-1.607728728526589,0.5692599620493412,0.8511111096160573
0.08861523717289092,1650153600,1650155100,1650169080,-1,PROTECTED_STOP,25.0,1.2736053672368906,0.33896253253434605,1.4124999958328726
0.07846081404627973,1650186600,1650186660,1650186900,1,PROTECTED_STOP,1.0,-1.5129761081814732,0.014365522745434263,36.9999974243244
0.07912652654864466,1650188700,1650189960,1650197040,1,PROTECTED_STOP,21.0,-2.905031959277606,0.19977876106196946,1.8372092931289292
-1.0077328752775465,1650240000,1650240120,1650244200,-1,SL,2.0,2.5569345618282813,0.04926892622230506,11.559523574900657
3.7504215367920253,1650244500,1650244680,1650255600,-1,PROTECTED_STOP,3.0,2.2335276334579692,0.0,372219207.81333053
0.08731324283983986,1650255900,1650255960,1650256440,1,PROTECTED_STOP,1.0,-1.2303632578960102,0.13909879652957005,5.774647845807446
0.09066426729342753,1650326400,1650326580,1650327480,1,PROTECTED_STOP,3.0,-1.6152184256197863,0.056899422191723746,13.686746747416024
0.09120990004466051,1650335100,1650337560,1650344760,1,PROTECTED_STOP,41.0,-2.5658649796463133,0.8325093563738626,0.6736596728505311
-1.0100600602494123,1650371700,1650372060,1650373560,1,SL,6.0,-2.128307623831241,0.2883564522908576,2.4311224405488834
0.08468508368974102,1650412800,1650412860,1650433020,-1,PROTECTED_STOP,1.0,1.6703334159989085,0.0,422461587.2010006
-1.0170529876718135,1650439500,1650439620,1650443760,-1,SL,2.0,2.6532751222061592,0.23907273049021385,2.041450768662427
-1.0148033443108682,1650444300,1650444360,1650447480,-1,SL,1.0,1.9159452541436623,0.0,448188711.0362579
-1.011122906012365,1650503400,1650503460,1650504900,-1,SL,1.0,1.0642021509298865,0.0,476239728.7823696
0.08925160291842885,1650505500,1650505680,1650506040,-1,PROTECTED_STOP,3.0,1.0506868350409866,0.0,402387795.7108088
0.08792218901755343,1650516000,1650516900,1650518760,1,PROTECTED_STOP,15.0,-2.8009186871018463,0.26845971859042195,1.1493506450695816
0.09507118836329886,1650585600,1650585660,1650585840,-1,PROTECTED_STOP,1.0,1.6112573263396324,0.0,433548859.9774992
1.4076648299826033,1650604800,1650605160,1650612240,-1,PROTECTED_STOP,6.0,2.0682410383234053,0.16015704325459953,2.153846140397716
0.08755535107896972,1650613200,1650613260,1650615360,1,PROTECTED_STOP,1.0,-1.1138555580403813,0.0,1338810384.4890037
-1.0097242301558191,1650675000,1650677460,1650682440,1,SL,41.0,-2.3644758148747997,0.3702613176297612,0.9940357826035257
0.08653101330603122,1650682500,1650682560,1650684300,1,PROTECTED_STOP,1.0,-1.8811239942254527,0.0,661207778.9150332
1.3457750359195118,1650687900,1650688140,1650693000,1,PROTECTED_STOP,4.0,-1.0719247435536539,0.6853448275861928,0.6210691814837371
0.08762973347643098,1650758700,1650759000,1650761400,1,PROTECTED_STOP,5.0,-1.5533644231383625,0.32210893480013403,1.6034985372957915
-0.3131795077189252,1650769800,1650770040,1650791640,-1,TIME,4.0,1.781950650597004,0.0,391718846.95661217
-1.016688054071973,1650805800,1650806100,1650807480,1,SL,5.0,-1.1507421500421515,0.0,594369512.0847331
2.3841208798600895,1650845100,1650845280,1650846240,-1,PROTECTED_STOP,3.0,1.1614611450041488,0.10641732813133385,5.858407024593
-1.0082334459253695,1650846900,1650848040,1650848160,-1,SL,19.0,2.1337359392960913,0.5681029760817586,3.962879633069651
-1.0069870595656576,1650848400,1650848700,1650850740,-1,SL,5.0,1.38050372065367,0.25898891592323003,1.9081419550540255
0.0910434135003162,1650931200,1650931260,1650931440,1,PROTECTED_STOP,1.0,-1.3006825338220092,0.0,464873582.8471122
-1.0134838072220453,1650951900,1650952200,1650953880,1,SL,5.0,-1.2973650302567046,0.07065680978104914,4.690140778691593
-1.0143161267534528,1650954000,1650955740,1650956760,1,SL,29.0,-1.4850487051822998,0.7417499243112338,0.5271428564322034
0.09401914080073089,1651017600,1651020240,1651020420,-1,PROTECTED_STOP,44.0,1.6168049834767944,0.706140350877193,0.8896321057635598
-1.0059314239406862,1651022400,1651022640,1651038300,-1,SL,4.0,1.4515731272579773,0.13054917241149677,3.292857117633921
-1.0139651801029406,1651038900,1651039080,1651041240,-1,SL,3.0,2.1339947110807365,0.02728832059878344,20.599999245098314
0.09011073294200164,1651106700,1651106880,1651107060,1,PROTECTED_STOP,3.0,-1.0375304949220576,0.0,689105498.4113438
0.0905200885502326,1651108500,1651108560,1651108860,-1,PROTECTED_STOP,1.0,4.011466961698463,0.0,462726523.887954
-1.0089006019307212,1651110600,1651110780,1651113060,-1,SL,3.0,1.8790262403822757,0.13287904599659284,5.610256368035337
-1.0091758587660313,1651190400,1651192980,1651195200,-1,SL,43.0,1.8795703214217896,0.9322235434007194,0.4627976185511475
0.08950027685180517,1651195500,1651196460,1651197360,-1,PROTECTED_STOP,16.0,1.7157141593496714,0.45008192553252707,0.9701230206917155
1.813267702187443,1651199100,1651199220,1651202040,-1,PROTECTED_STOP,2.0,1.4857161606316747,0.02191450933171561,17.961537641931677
-1.0126761112677398,1651276800,1651279320,1651280760,-1,SL,42.0,3.1217347086047638,2.076120665351022,0.2005703421086997
0.08863632543285457,1651281000,1651281360,1651290180,-1,PROTECTED_STOP,6.0,2.2578049569577034,0.11296016137168469,3.523437468807226
0.07911355302855838,1651323900,1651323960,1651324620,1,PROTECTED_STOP,1.0,-1.527800521223625,0.0,1161522394.9872224
-1.0076110763073167,1651363200,1651365060,1651365360,-1,SL,31.0,2.411630448759526,0.8496476115896638,1.267383511053166
0.09275819753087616,1651365600,1651365660,1651367400,-1,PROTECTED_STOP,1.0,2.11597805671391,0.0,360082304.5267489
0.09459823286304424,1651370100,1651370280,1651374480,-1,PROTECTED_STOP,3.0,1.2483370208043432,0.0,428388200.08549345
-1.0067005414225212,1651452900,1651453740,1651456800,1,SL,14.0,-1.3878857712276595,0.10487280278871931,4.450495007066985
1.6291291218274888,1651457100,1651457280,1651467120,1,PROTECTED_STOP,3.0,-2.53385648077262,0.12166238912154557,4.1191709505979475
0.0900759609617668,1651467900,1651470000,1651471800,1,PROTECTED_STOP,35.0,-2.123624690050504,0.7083583228831892,0.4719827579543227
0.08867910830705787,1651542600,1651545120,1651546200,-1,PROTECTED_STOP,42.0,2.09180230629661,1.021072555205039,0.5051903109239397
0.08932598658831523,1651548600,1651548840,1651550400,-1,PROTECTED_STOP,4.0,1.1213485402563648,0.0,351433149.36801296
0.08306324123137493,1651573500,1651575000,1651577100,-1,PROTECTED_STOP,25.0,1.6701414602989157,0.5404996214989053,1.5882352911791475
-1.0087603163526282,1651622400,1651622580,1651624800,-1,SL,3.0,1.1391694025047903,0.20865317515702372,1.836120392537884
-1.0113024004434243,1651626600,1651628160,1651634640,-1,SL,26.0,1.2292550206283965,0.3823228447172951,1.0585480065991277
0.08192168330955212,1651641000,1651641960,1651642500,1,PROTECTED_STOP,16.0,-2.235414014283477,0.6219686162624605,0.5435779807773639
0.08179179356192709,1651718700,1651719000,1651721760,-1,PROTECTED_STOP,5.0,2.329910247065893,0.111405835543748,3.1358024409889858
0.07963483529802672,1651729200,1651729740,1651730160,-1,PROTECTED_STOP,9.0,1.3000429923265642,0.08020271014647955,9.32692296063643
1.574900903251768,1651731600,1651731960,1651740240,-1,PROTECTED_STOP,6.0,1.6829721522333303,0.0028101164190679154,199.49992900943568
0.09295257774647858,1651795200,1651796040,1651803300,-1,PROTECTED_STOP,14.0,1.1481405584088702,0.838295581597615,0.5408022123562201
0.08934299723408744,1651810800,1651811100,1651812780,1,PROTECTED_STOP,5.0,-0.8576593617433564,0.0,379306009.5549256
0.08771974124042128,1651814700,1651816080,1651817280,1,PROTECTED_STOP,23.0,-0.9154939042038117,0.369670297958284,0.9699453525674833
1.434936634930792,1651886100,1651886520,1651899660,-1,PROTECTED_STOP,7.0,1.2197702737561373,0.1792143371469726,2.0374999886308407
0.08737888083005535,1651899900,1651900140,1651901580,1,PROTECTED_STOP,4.0,-1.972531499104437,0.2993351465699885,1.4487632460433062
-1.0143002133287597,1651911600,1651911900,1651913220,-1,SL,5.0,1.9997008377867331,0.13857837699460657,3.64655169782401
-1.0044475494178202,1651971600,1651971900,1651974660,1,SL,5.0,-0.87885359351307,0.0,518981857.56835055
0.09492794760739187,1651974900,1651975500,1651976220,-1,PROTECTED_STOP,10.0,2.0385757471460693,0.44071307513653946,3.8634097619215537
0.0958716834662727,1651980900,1651981560,1651984500,1,PROTECTED_STOP,11.0,-1.5847251028650808,0.3583574854445961,1.4188376713915416
2.509232358368587,1652057400,1652057760,1652063340,-1,PROTECTED_STOP,6.0,1.9674844420137927,0.08543655464016421,4.371428520262578
0.09454716230899919,1652066700,1652066940,1652069220,-1,PROTECTED_STOP,4.0,1.534667442510566,0.0,397114917.8167853
0.09486244426960025,1652075400,1652076180,1652080620,1,PROTECTED_STOP,13.0,-1.9345602494482284,0.0,527799632.8350378
-1.002144903029743,1652140800,1652142420,1652143380,-1,SL,27.0,1.301793315176566,1.60279668586565,0.31154156558447765
0.09796924513938585,1652145000,1652145120,1652145900,-1,PROTECTED_STOP,2.0,1.1065619588805762,0.0,423885783.1392793
-1.003524293758426,1652161800,1652161920,1652163060,-1,SL,2.0,3.4932849791181284,0.11958125148703812,4.988857896999022
0.09722548811476524,1652227200,1652227860,1652234760,-1,PROTECTED_STOP,11.0,1.5590998288456641,0.22804207275885757,2.4383886148996523
-1.0029101455856435,1652253000,1652254680,1652256600,-1,SL,28.0,3.7649683927915656,1.314811756935272,0.33274725249417997
-1.0024206157559452,1652256900,1652257080,1652261280,-1,SL,3.0,2.421463232045953,0.19708680643260595,1.8337320481120267
0.09829273374237263,1652313600,1652314380,1652318640,1,PROTECTED_STOP,13.0,-0.7867726513205516,0.23412480670424873,2.425801630205549
-1.0019512922692706,1652329800,1652329860,1652332020,1,SL,1.0,-3.10321115940762,0.0,666139311.3535608
0.09819102977503617,1652332200,1652332680,1652337360,1,PROTECTED_STOP,8.0,-2.3481330388044057,0.9965209028681329,0.5676534864162601
-1.0031621220300302,1652400000,1652400300,1652402580,-1,SL,5.0,1.1837948273461638,0.06275964043466556,8.157067932854662
-1.003088051702394,1652403000,1652403120,1652408700,-1,SL,2.0,1.43552362916108,0.0,327238335.4350542
0.09718555160142507,1652412300,1652412480,1652417760,-1,PROTECTED_STOP,3.0,2.7894536244444934,0.0,444523527.08580095
-1.0048308286113223,1652487300,1652487600,1652491920,-1,SL,5.0,2.6411734892254026,0.29219019462921436,1.5733558124905818
0.09545999232835088,1652492100,1652494500,1652497440,-1,PROTECTED_STOP,40.0,1.7864327993738456,0.42439585730725154,1.2830802572803595
0.09028012228067227,1652523600,1652525580,1652525700,-1,PROTECTED_STOP,33.0,1.3738614723963218,0.8509881984928183,0.9122807006823608
0.0957373193821662,1652577300,1652579160,1652580660,1,PROTECTED_STOP,31.0,-1.7749825437428417,0.24257954302797052,1.3274647832601505
0.09367233660504236,1652584800,1652586540,1652588640,1,PROTECTED_STOP,29.0,-1.15545009877262,0.7541657155900454,0.517796609482928
1.342594663286526,1652591400,1652591580,1652597820,1,PROTECTED_STOP,3.0,-1.1307081568740533,0.0,445007800.3119917
-1.0054904045747655,1652660400,1652662800,1652664600,1,SL,40.0,-2.088310365892871,0.18674425634824274,1.934844182273753
-1.0067161129309006,1652665800,1652665860,1652667060,1,SL,1.0,-2.41192106762927,0.0,416658867.57135147
-1.0060323468394121,1652667300,1652668200,1652670720,1,SL,15.0,-1.1264855698247602,0.3236377492696685,1.4322344278088972
0.09421615517360042,1652745600,1652746140,1652750040,1,PROTECTED_STOP,9.0,-2.008407383629691,0.4273348519362216,0.8561736750656518
0.09397195127164629,1652757600,1652757780,1652761620,1,PROTECTED_STOP,3.0,-1.3136416047466035,0.0,679803376.7899036
0.09333993819645667,1652766600,1652767080,1652771100,1,PROTECTED_STOP,8.0,-1.4764079718939858,0.0694821612510678,5.377358413173003
-1.0069093559787945,1652839200,1652839500,1652843580,1,SL,5.0,-1.109884088621755,0.25839387394462027,1.2499999951624723
0.09330254656390558,1652844300,1652846160,1652846280,-1,PROTECTED_STOP,31.0,2.2826717997342265,0.5415221579961425,1.0983810689555082
0.09329686585073957,1652850600,1652850720,1652860860,-1,PROTECTED_STOP,2.0,2.2254786601959426,0.0,366882649.38806427
0.09478744739905308,1652929500,1652929920,1652939100,-1,PROTECTED_STOP,7.0,0.930984190973019,0.6586086489390203,0.8491027719571201
0.09293474472903861,1652952600,1652953740,1652954100,1,PROTECTED_STOP,19.0,-1.714023824886154,0.5305802404600125,1.1310344806269272
0.09277357236307247,1652957100,1652957220,1652957820,1,PROTECTED_STOP,2.0,-1.654237295319263,0.0,516070860.2948982
0.09212121684867192,1653006000,1653007260,1653009960,1,PROTECTED_STOP,21.0,-0.906195313147193,0.7683307332293311,0.6639593899988007
1.3749236794438846,1653011100,1653011160,1653013620,-1,PROTECTED_STOP,1.0,2.518620236747806,0.0034268370294218424,131.7999615388913
0.09416545008137475,1653013800,1653016320,1653019080,-1,PROTECTED_STOP,42.0,1.8094185158130789,0.44955722916493296,1.2152061828639058
-1.0081990179573506,1653095400,1653095700,1653096480,1,SL,5.0,-1.1265136757781105,0.149831649831643,2.7808988578444516
0.09275188734808214,1653096600,1653096660,1653097140,1,PROTECTED_STOP,1.0,-1.6107097076774062,0.0,627402687.7978289
0.09293724921441243,1653097800,1653100140,1653111840,1,PROTECTED_STOP,39.0,-2.569761655711783,0.7360406091370522,0.6807881764149543
0.08394592488701699,1653186000,1653186060,1653189120,1,PROTECTED_STOP,1.0,-1.5447382262353946,0.0,505610098.17668754
-1.0146895178871405,1653191400,1653191760,1653193080,1,SL,6.0,-1.2160503141186205,0.39026482255816874,1.0692307664909841
1.8920808859495135,1653195300,1653195360,1653208500,1,PROTECTED_STOP,1.0,-2.0212841708149902,0.0,509248734.11182547
-1.007574985761076,1653264000,1653264480,1653265740,1,SL,8.0,-3.206263150961486,0.8432293891499292,1.0283687931066878
0.7071231573636665,1653265800,1653266100,1653287700,1,TIME,5.0,-2.36980885181307,0.1322753749484152,2.9029125994129013
0.08806542342643875,1653288000,1653288060,1653288180,1,PROTECTED_STOP,1.0,-2.03143442141098,0.0,1998494731.5604775
-1.006183858214049,1653351000,1653351120,1653367260,-1,SL,2.0,1.4449551613436633,0.0,400181776.8689027
0.08773349450811659,1653367500,1653368100,1653368520,-1,PROTECTED_STOP,10.0,1.2409131282217656,0.5829154727793701,0.6494623644771731
-1.0135128711567571,1653381900,1653383700,1653385980,1,SL,30.0,-1.5101884125080383,2.217657515307146,0.5243142142273994
0.09174091995221548,1653438600,1653439320,1653441420,1,PROTECTED_STOP,12.0,-1.1948109804339624,0.3052568697729988,1.1534246537556687
1.6249879650309615,1653444000,1653444060,1653445440,1,PROTECTED_STOP,1.0,-1.6346355794365568,0.0,458298768.4257506
0.09164479866769794,1653445500,1653447000,1653447300,1,PROTECTED_STOP,25.0,-2.569121915990787,0.8468447035032516,0.9724680421161681
0.09059922035196054,1653526500,1653526860,1653533880,1,PROTECTED_STOP,6.0,-1.5299312918236634,0.2167241262759213,1.5938864555277996
0.09069329216450668,1653535200,1653535320,1653542520,1,PROTECTED_STOP,2.0,-1.2916898236164533,0.0,315747080.1449724
1.975545119032072,1653553500,1653553560,1653554760,-1,PROTECTED_STOP,1.0,1.2359317100348377,0.0,1647865256.560895
-1.0062438197564043,1653614100,1653616800,1653622200,-1,SL,45.0,3.4293134926542392,1.0749780021303157,0.5790108559149352
0.09437978255456948,1653622500,1653622860,1653628080,-1,PROTECTED_STOP,6.0,2.5983226434932627,0.059838990787634334,7.38834939109039
0.09238640993599971,1653630000,1653630120,1653630300,-1,PROTECTED_STOP,2.0,1.2611986344292763,0.0,476314892.6502438
-0.2574084645982498,1653713700,1653716400,1653738000,1,TIME,45.0,-2.095799638869424,1.0157517899761475,0.572368420489145
1.4889098621609647,1653743700,1653743760,1653743940,1,PROTECTED_STOP,1.0,-1.4808309206106958,0.0,573943975.1000264
0.09016406860247805,1653749400,1653750480,1653752880,1,PROTECTED_STOP,18.0,-2.156489130005727,0.6031584309730069,0.6233108097774163
0.0779306627743353,1653812700,1653812820,1653813120,1,PROTECTED_STOP,2.0,-1.8464669138874237,0.5222186182289928,3.291304341523577
-1.0161814510037779,1653814500,1653814620,1653815940,1,SL,2.0,-2.027835967073737,0.0,348956469.8866645
2.121555570688133,1653816000,1653816480,1653819480,1,PROTECTED_STOP,8.0,-1.199770839391632,0.5338781069117904,0.749999998595239
1.9237590295287725,1653869400,1653869700,1653874680,1,PROTECTED_STOP,5.0,-1.9748689914666129,0.21062363422425598,2.0055865826565547
-1.010185779583538,1653876600,1653876660,1653877560,-1,SL,1.0,1.0735411786880196,0.1736922295581362,4.637426873886256
0.09270261437908378,1653879600,1653879720,1653882480,1,PROTECTED_STOP,2.0,-1.1129067747585963,0.0,1743137254.901952
-1.0109027101674453,1653978300,1653978600,1653979800,1,SL,5.0,-1.9883420865049655,0.149145520455737,2.0138888753858404
0.0891173733935253,1653980100,1653980280,1653980760,1,PROTECTED_STOP,3.0,-1.8585747304997202,0.05801820469176293,10.624999816870588
-1.0115391589295484,1653995700,1653995820,1653996960,-1,SL,2.0,1.162906231957071,0.0,451119606.77224606
0.0890121782424724,1654056600,1654056900,1654058580,1,PROTECTED_STOP,5.0,-3.4469544485662147,0.9734129947722029,0.9720730387436044
0.09011718512558423,1654063800,1654064160,1654066980,-1,PROTECTED_STOP,6.0,1.5757677551759444,0.06288549208903835,5.999999904587945
-1.009144769202244,1654087500,1654087860,1654090320,-1,SL,6.0,1.7254678945516584,0.4463943644565455,1.062015501496813
0.09389255603536367,1654128000,1654128120,1654129560,-1,PROTECTED_STOP,2.0,1.825798594915849,0.0,597779148.6736667
0.08722327567798788,1654152600,1654152780,1654153620,1,PROTECTED_STOP,3.0,-1.4756092305637967,0.0,1224855861.6271424
0.08888865591825881,1654155000,1654155120,1654157340,-1,PROTECTED_STOP,2.0,1.4436335391672117,0.1289810181875779,6.982758566552654
0.09227191864160642,1654214400,1654214880,1654215420,-1,PROTECTED_STOP,8.0,1.125025328683123,0.1472078452737887,2.725388582521902
-1.011172520813564,1654248000,1654248060,1654248960,1,SL,1.0,-1.7547940781822675,0.0,1139740752.4502015
-1.0100107067697672,1654249200,1654249800,1654251300,1,SL,10.0,-1.6180380996386141,0.46577285947365993,0.9232409361840972
-1.0117090549624348,1654305300,1654305360,1654309080,1,SL,1.0,-1.074696410874464,0.0,581257413.9976236
0.0863702311471728,1654309200,1654311120,1654314720,1,PROTECTED_STOP,32.0,-1.6951194451715985,0.3780789395587956,1.575091570925578
0.08581503482177777,1654315800,1654315980,1654316160,1,PROTECTED_STOP,3.0,-1.121189636937942,0.22224498156492958,2.5806451496786083
-1.0139002093510265,1654387200,1654388400,1654390260,1,SL,20.0,-1.2528167499743046,0.7369155617585849,0.5852272719330412
0.0878189473068317,1654391400,1654392660,1654398060,1,PROTECTED_STOP,21.0,-0.9266285063756935,0.5984376371456193,0.5462012311201042
-1.014322820114054,1654422600,1654423440,1654430220,-1,SL,14.0,0.945500772778482,0.2293416277864073,1.759493663214408
-1.0105325250395452,1654475100,1654475340,1654476420,-1,SL,4.0,1.1374424389715199,0.011597258829715799,42.63635996000433
-1.0105647818499128,1654476900,1654476960,1654477500,-1,SL,1.0,2.5633609814408342,0.11623036649213137,4.288288251394315
1.4070129345282247,1654479900,1654480020,1654480440,1,PROTECTED_STOP,2.0,-1.4117835128380045,0.1590273417432326,2.3015075232164395
0.09246145057129138,1654562400,1654562580,1654562760,-1,PROTECTED_STOP,3.0,4.095220468716971,0.5827123695976189,1.1214833740344867
2.2890410320939374,1654563600,1654563660,1654566780,-1,PROTECTED_STOP,1.0,5.015281427228181,0.0,1572414352.9793801
0.09546270519873137,1654566900,1654567620,1654568640,-1,PROTECTED_STOP,12.0,3.3452634790343336,0.9163518260754276,0.41215189828440985
-1.003389593548837,1654646400,1654647240,1654650360,1,SL,14.0,-1.2593185279313759,0.24889033487485712,1.9228758092676972
0.096563993580166,1654650600,1654650900,1654652460,1,PROTECTED_STOP,5.0,-1.117600261553482,0.10061431180474582,6.745874520412087
-1.0040330040248837,1654660800,1654660920,1654661580,-1,SL,2.0,1.5827778303191036,0.0,507135016.4654281
0.09074985680242204,1654736700,1654738740,1654743660,-1,PROTECTED_STOP,34.0,1.8861527201849757,0.4086049714697962,1.0382022446500998
0.0875694734685472,1654752300,1654752780,1654755000,-1,PROTECTED_STOP,8.0,2.216041358735755,0.3921327596804133,0.8746081482397232
0.08636860748143034,1654761000,1654762080,1654762740,-1,PROTECTED_STOP,18.0,0.987625319957555,1.9679093005380255,0.19685577570310725
4.34644382089548,1654819200,1654819260,1654820220,-1,PROTECTED_STOP,1.0,1.8738811520114138,0.0,398805970.14922273
0.08935514463285917,1654820700,1654821000,1654821180,-1,PROTECTED_STOP,5.0,1.4356677363976924,0.8776183534105325,0.47490820019331376
0.09193104649137643,1654821600,1654822500,1654822860,-1,PROTECTED_STOP,15.0,2.5434199871593197,0.38678971501536646,1.308823526028054
-1.0092049676561325,1654907100,1654907340,1654921380,-1,SL,4.0,1.2969766439281032,0.0,337953884.6439987
-1.0160594167156183,1654921500,1654921680,1654924020,-1,SL,3.0,1.4830563710547524,0.05261303581915443,6.031249885364265
1.3326694522272127,1654924200,1654924260,1654926720,-1,PROTECTED_STOP,1.0,1.9029238249657006,0.0,509928127.6647799
0.09189465545805171,1654998000,1654998060,1654999320,-1,PROTECTED_STOP,1.0,1.0690218009106296,0.0,371111247.46883494
-1.004457214154507,1655001900,1655001960,1655002920,1,SL,1.0,-3.0312386707625403,0.0,609434027.657429
0.09608020868428543,1655010600,1655010720,1655025360,1,PROTECTED_STOP,2.0,-1.7145569595695513,0.0,370057275.8736831
-1.0027476455020519,1655082900,1655083080,1655085300,1,SL,3.0,-1.3898324418606434,0.38100807449225205,0.9958677659812705
-1.0025383531428218,1655085900,1655086080,1655089260,1,SL,3.0,-3.015633834648241,0.0,478841776.95355153
0.09759157328552473,1655089500,1655089800,1655092800,1,PROTECTED_STOP,5.0,-2.223476145017345,0.4364125341265643,1.7882352900200573
0.09745867809274517,1655165100,1655165160,1655165760,1,PROTECTED_STOP,1.0,-1.124946615217865,0.0,609697644.5810779
-1.0020506182572873,1655169000,1655169060,1655170020,1,SL,1.0,-2.289857939706083,0.0,672731315.8267156
0.09813408595092801,1655170200,1655170260,1655172540,1,PROTECTED_STOP,1.0,-2.863279250508941,0.0,458134083.4505391
0.09696557928268132,1655251200,1655251260,1655252220,-1,PROTECTED_STOP,1.0,2.802092246141386,0.07267579046719538,7.53977262352808
1.9753545726652673,1655262600,1655263500,1655266440,-1,PROTECTED_STOP,15.0,1.2011071563785982,0.28741195713856554,2.0617886107125316
-1.0030196832649056,1655266800,1655267160,1655268420,-1,SL,6.0,1.8363398277128258,0.054888401815210146,10.551180910131903
0.09705236444295158,1655339100,1655339400,1655339940,1,PROTECTED_STOP,5.0,-1.6249645863093392,0.0,573449644.9141644
-1.003681765586152,1655349600,1655350320,1655356320,1,SL,12.0,-1.9459295483430412,0.2301247834847463,1.7462365515515847
-1.004614335091329,1655356500,1655356680,1655360640,1,SL,3.0,-1.446136978787484,0.004380084026106282,111.28568887839657
-1.0033056288539877,1655424000,1655424120,1655425020,-1,SL,2.0,2.4220514300333233,0.0,463246073.2984441
0.09641428017656686,1655425200,1655425680,1655427960,-1,PROTECTED_STOP,8.0,3.634419929373446,0.4406347300896471,0.7234803320887543
-1.0034541681574298,1655430300,1655430540,1655431260,-1,SL,4.0,1.6675933259682454,0.3381037567084092,1.5496296250463117
0.0942252512384914,1655515200,1655515980,1655517960,-1,PROTECTED_STOP,13.0,1.469920896473458,0.3932059447982953,1.6414686783308479
-1.0041722280806287,1655535600,1655536320,1655536620,1,SL,12.0,-4.167513067503332,1.158589702443722,0.9229916889540535
-1.0036628962876069,1655536800,1655538540,1655539740,1,SL,29.0,-2.9038393284064585,1.8627776204539088,0.255092733216653
0.09710941535572029,1655605200,1655606520,1655610000,1,PROTECTED_STOP,22.0,-2.007319553190398,0.7062690772481856,0.813829786081726
-1.0026848954348333,1655618100,1655618520,1655619480,-1,SL,7.0,1.009334940761086,0.0,481573578.16884047
1.708795522949585,1655628600,1655628900,1655631300,1,PROTECTED_STOP,5.0,-1.5252582791333797,0.14379232505642978,2.8095237899851506
-1.003240850653154,1655686800,1655686860,1655687700,1,SL,1.0,-2.9876336469971876,0.0,486402647.08923125
0.09691280976615424,1655688000,1655690400,1655691300,1,PROTECTED_STOP,40.0,-2.0077264187154977,0.7441705751255646,0.626408009170779
0.09647221792557796,1655713800,1655714160,1655714640,1,PROTECTED_STOP,6.0,-1.4581398271873554,0.3578241814900814,2.040345815623494
1.5534529831815673,1655788800,1655788860,1655791680,1,PROTECTED_STOP,1.0,-2.1244317024884602,0.0,966876347.1605142
0.09619594058137945,1655793900,1655794800,1655801280,1,PROTECTED_STOP,15.0,-1.0118420855843684,0.42112946600076323,2.763729239925252
0.09549450337512239,1655812800,1655813700,1655816640,1,PROTECTED_STOP,15.0,-1.9309855804392757,0.7193828351012628,0.9419124204958175
0.09555475663036009,1655856000,1655856180,1655856600,-1,PROTECTED_STOP,3.0,1.2459221265089562,0.0,494277275.24459964
0.09586250943505714,1655862900,1655863320,1655870700,-1,PROTECTED_STOP,7.0,0.8253480841995009,0.29872844452185915,2.0448979523383475
1.9637716230661124,1655875500,1655876160,1655878980,-1,PROTECTED_STOP,11.0,3.5228582826021735,0.48202531645570196,0.7647058807664767
-1.0046021908928897,1655944200,1655944500,1655945760,-1,SL,5.0,3.6023819153045453,0.4886728245016948,0.7228412241475759
0.09569914630114282,1655948100,1655948580,1655949840,-1,PROTECTED_STOP,8.0,0.9647888040068363,0.0,373072414.1040797
-1.0059949452958543,1655975700,1655976120,1655976300,1,SL,7.0,-1.3736149964074467,0.23540361109386382,4.073800720702052
0.09503792479388624,1656028800,1656029880,1656039420,1,PROTECTED_STOP,18.0,-1.032128707586923,0.770661572491455,0.6840182639526231
0.09372786647933325,1656045600,1656046320,1656048480,1,PROTECTED_STOP,12.0,-1.606191548405987,0.1359049687060993,3.526315763526497
-1.005767702742549,1656050400,1656052320,1656054840,1,SL,32.0,-1.053001953192988,0.718372161604245,0.564367815306317
0.09463855044286482,1656115200,1656116160,1656123180,1,PROTECTED_STOP,16.0,-1.660468373273185,0.818103262043644,0.4953789273057374
0.09140203353041305,1656141600,1656142200,1656142620,1,PROTECTED_STOP,10.0,-3.361828679699886,0.19432782109503144,2.3580246792237016
0.09263862542954877,1656146100,1656147300,1656149340,1,PROTECTED_STOP,20.0,-1.5897215684531998,0.10000000000000804,5.288659740927364
0.08946081591626728,1656244500,1656244560,1656245340,1,PROTECTED_STOP,1.0,-1.0554093367765665,0.0,1497972340.6467857
1.7231577678083971,1656246300,1656246540,1656248820,-1,PROTECTED_STOP,4.0,3.5240712750134158,0.09171829381187063,8.27173904024761
0.09480501765923824,1656249300,1656250920,1656257820,-1,PROTECTED_STOP,27.0,3.2547849307954233,0.270369017172086,1.962162154904873
0.09412694560669049,1656289500,1656289560,1656291000,-1,PROTECTED_STOP,1.0,1.0783675015475458,0.0,343096234.3096234
0.09133884803922807,1656303900,1656303960,1656308220,-1,PROTECTED_STOP,1.0,1.6007228548730574,0.0,558823529.4117873
0.08956723494752625,1656315300,1656316800,1656319500,1,PROTECTED_STOP,25.0,-2.9928527839299552,0.6618554544503348,0.6084070787268122
0.09217140012378189,1656374400,1656374820,1656375780,1,PROTECTED_STOP,7.0,-1.0745531000297766,0.14692823121013956,3.8461538199767547
-1.0064792238672033,1656386100,1656386400,1656393600,-1,SL,5.0,2.758930131920655,0.09327052489907113,3.37373733756513
-1.0090833942803414,1656394200,1656394680,1656397500,-1,SL,8.0,1.0558118048533631,0.11420534458510136,3.7816091622893655
0.0921579078455678,1656460800,1656461400,1656461580,-1,PROTECTED_STOP,10.0,1.2977312805295227,0.39286010792863135,0.8461538439999002
0.09264433235035041,1656462600,1656462780,1656463320,-1,PROTECTED_STOP,3.0,1.1691896106013226,0.0,438925966.1648426
0.09285357179096067,1656483000,1656483780,1656484500,1,PROTECTED_STOP,13.0,-1.4855849258508458,0.6627092846270988,1.16398713650721
0.08832335459131252,1656564900,1656565020,1656566400,-1,PROTECTED_STOP,2.0,1.2117368922609877,0.0,472677253.9702384
2.1836844288862634,1656570300,1656570420,1656570600,-1,PROTECTED_STOP,2.0,1.305399379637541,0.16699079476210177,2.130434769850571
-1.0058269824966897,1656572400,1656574020,1656577440,1,SL,27.0,-3.2540481155307006,0.9759917832841036,0.4861878448057533
0.0966204433077605,1656633600,1656633660,1656634020,-1,PROTECTED_STOP,1.0,3.950997363907005,0.0,870076726.3427047
0.09735382912180213,1656635700,1656635820,1656639660,-1,PROTECTED_STOP,2.0,4.242898678480782,0.0,504110044.00652635
-1.0033012134497632,1656648300,1656649980,1656650940,1,SL,28.0,-1.841289010933855,0.4804686096237454,1.4513088975029336
0.09395830640818353,1656720000,1656720120,1656723960,-1,PROTECTED_STOP,2.0,1.4603339866182528,0.16774367259019216,2.5842696475153906
0.08948630692330291,1656751200,1656752220,1656754260,-1,PROTECTED_STOP,17.0,1.4569278618924892,0.6066831975439949,1.0899182543342492
-1.0082587571666235,1656756000,1656757320,1656758400,-1,SL,22.0,1.1099071820106752,0.34048455705565983,0.9733840275595408
0.0874803316100685,1656807900,1656807960,1656808320,-1,PROTECTED_STOP,1.0,1.0927795025500717,0.25625261981274333,1.6946564819366359
0.09172105149752949,1656824700,1656825000,1656825120,-1,PROTECTED_STOP,5.0,2.269071027998935,0.6929541047188379,1.1772388042712043
0.09369643059491253,1656827400,1656827760,1656828240,-1,PROTECTED_STOP,6.0,3.821400071107224,0.43328611898017716,0.8695652153843823
0.09177964222263316,1656899700,1656901500,1656915120,-1,PROTECTED_STOP,30.0,1.4169833882936926,0.45929057158607084,0.7787114828985167
0.08933813615853757,1656928800,1656928860,1656929100,1,PROTECTED_STOP,1.0,-1.4927990340880415,0.0,1036609770.4532229
0.09043867871654049,1656931200,1656931320,1656931440,1,PROTECTED_STOP,2.0,-4.042874773812082,0.11034047919293753,4.586666625098557
0.09461704252087581,1656979800,1656979860,1656980220,1,PROTECTED_STOP,1.0,-1.8568581378847926,0.0,433712984.0546523
-1.0065441996653703,1657008600,1657008780,1657009560,1,SL,3.0,-2.633991726011431,0.15616285554935846,3.0249999806292878
0.09439708704523236,1657013100,1657013580,1657013700,-1,PROTECTED_STOP,8.0,1.5366970125648112,0.09417611053877382,12.054053926056804
0.09528008400420762,1657065600,1657065780,1657069140,1,PROTECTED_STOP,3.0,-1.1042245403702855,0.0007000350017399001,787.9988743550675
0.09511063508771163,1657072200,1657072260,1657074060,1,PROTECTED_STOP,1.0,-1.168913063891449,0.0,551894736.842089
0.09494040393130895,1657080600,1657082460,1657086240,-1,PROTECTED_STOP,31.0,2.3733207032049046,1.478777405767351,0.24999999983095073
-1.0063976425584862,1657152300,1657152960,1657161540,1,SL,11.0,-2.5260480810413517,0.38951160928743783,1.2973621069809524
0.09210200789902286,1657161600,1657163640,1657165680,1,PROTECTED_STOP,34.0,-1.3993378696687104,0.229679343773337,2.0909090818050724
0.08889830892404509,1657173300,1657173780,1657176180,1,PROTECTED_STOP,8.0,-1.7492669413217143,0.20831868775630952,2.3700787287800527
0.09301451378808968,1657238400,1657240740,1657241760,1,PROTECTED_STOP,39.0,-1.0120381478490066,0.4160619254958853,1.3046511596549497
0.09522733631569413,1657244100,1657244160,1657245600,-1,PROTECTED_STOP,1.0,3.8233964679169317,0.08070838906055398,6.9439999139617985
-1.0039043560100234,1657248600,1657248900,1657253880,-1,SL,5.0,1.682512860308576,0.0,362165668.28188324
-1.005512154766445,1657324800,1657324920,1657325100,1,SL,2.0,-2.2764505866588673,0.059564719358555916,9.756410092611313
0.09450904925544974,1657325400,1657326000,1657327800,1,PROTECTED_STOP,10.0,-2.9541291658561297,0.43604429171438297,1.2854640951256007
0.09476871856454074,1657330500,1657330560,1657337100,1,PROTECTED_STOP,1.0,-1.0226698160443888,0.0,518247794.0792653
0.09399035842727561,1657421400,1657424040,1657426020,-1,PROTECTED_STOP,44.0,0.8240181859577097,0.3886531700812151,1.5327510877593464
-1.0121105228597136,1657460400,1657460460,1657461840,1,SL,1.0,-2.091805219703199,0.0,472297463.6789194
-1.009219876670738,1657462200,1657462680,1657463160,1,SL,8.0,-2.2614529354554564,0.6718001690299836,0.5068493143139644
0.09342773300827573,1657497600,1657497660,1657500000,-1,PROTECTED_STOP,1.0,1.401133115491297,0.0,701564298.7742884
0.09323051613358352,1657504200,1657504680,1657505160,-1,PROTECTED_STOP,8.0,1.3794189840193862,0.2678810986372787,1.2656826521018167
-1.0072677414425457,1657520700,1657521660,1657527420,-1,SL,16.0,1.02071703464574,0.2535146699266583,1.6075949303675194
0.0940671011714685,1657584000,1657585260,1657586700,-1,PROTECTED_STOP,21.0,2.4595097690518832,0.36230031948881875,1.4765432058010575
1.3355201621598585,1657603500,1657603800,1657605720,-1,PROTECTED_STOP,5.0,1.654468869227076,0.1847587009962642,1.8529411664416195
-1.012082219321141,1657605900,1657606080,1657606860,-1,SL,3.0,1.1933853742025573,0.3929503916449105,3.9767441759262914
-1.0061107624029082,1657670400,1657670460,1657672740,-1,SL,1.0,1.1662705645660434,0.018069424631458098,29.421051003390613
-1.0062156450911768,1657672800,1657672860,1657681800,-1,SL,1.0,1.0236357618098253,0.0,457409568.26136243
0.09159599224305878,1657682100,1657682220,1657684980,-1,PROTECTED_STOP,2.0,1.3462182741603563,0.0,435681965.0937401
-1.0047442562344584,1657756800,1657758540,1657761420,-1,SL,29.0,1.009665675786668,1.5061504335551692,0.31302717879872227
-1.0072453761107647,1657780200,1657781100,1657787760,1,SL,15.0,-0.9600532574678962,1.0632362058276492,0.5663265300796007
0.09349003305005865,1657789800,1657791360,1657798500,-1,PROTECTED_STOP,26.0,3.038148714672702,0.6930594900849985,0.8354792548745715
2.9137565409772836,1657846800,1657846860,1657850460,1,PROTECTED_STOP,1.0,-1.2065400567472073,0.0,360908041.55448246
0.09095850811486307,1657850700,1657850760,1657850940,-1,PROTECTED_STOP,1.0,1.8706095996899077,0.0,537453183.5205956
1.9634262821069528,1657851600,1657851660,1657853760,-1,PROTECTED_STOP,1.0,2.1180904806996206,0.0,909738510.9894749
0.0926133790128277,1657929600,1657930800,1657931040,-1,PROTECTED_STOP,20.0,1.3571363981944446,0.33148077655122327,1.8681671969363456
0.0918977370236391,1657936200,1657937760,1657958580,-1,PROTECTED_STOP,26.0,2.364191642181778,0.6595440397072407,1.4410714263864906
0.08703621212120868,1657977600,1657977660,1657978380,-1,PROTECTED_STOP,1.0,2.6141488634861414,0.1366310160427658,3.6438355897693513
0.09354544465479693,1658016300,1658017260,1658021040,-1,PROTECTED_STOP,16.0,1.385041325471952,0.8581500097917744,0.6219382314370984
0.0929653162055351,1658028600,1658029020,1658030820,-1,PROTECTED_STOP,7.0,2.8996966941096356,0.507905138339897,0.8424124497032874
-1.0073532931490747,1658040000,1658040420,1658040900,-1,SL,7.0,1.0436183498396612,0.3396059982358135,1.0060606030981933
-1.007820936106195,1658102700,1658105340,1658106900,-1,SL,44.0,1.0007552697443935,1.0596485571497838,0.33120340756814387
-1.007813654169011,1658108100,1658108280,1658112180,-1,SL,3.0,1.9681864597882361,0.0,434247341.91381466
0.09257007516169638,1658112900,1658113800,1658114160,-1,PROTECTED_STOP,15.0,2.2730484611225976,0.7278447823807191,0.6815561950289899
-1.00362739267016,1658188800,1658188860,1658189340,-1,SL,1.0,1.5955248219548313,0.0,853193717.2774986
0.0960726593778908,1658205600,1658206140,1658214240,-1,PROTECTED_STOP,9.0,1.2462999230323197,0.08246073298428921,4.993463991732256
-1.0059528098582007,1658227800,1658227980,1658229900,-1,SL,3.0,1.0313935245011618,0.21205965991528647,2.9501915569688966
0.09582721595127167,1658275200,1658275860,1658275980,-1,PROTECTED_STOP,11.0,1.2676758472747058,0.2203793288796739,2.731707304677692
0.0938436296873234,1658300400,1658300460,1658301420,-1,PROTECTED_STOP,1.0,1.050711292712259,0.0,591187270.5018457
-1.0053859484081775,1658304600,1658307120,1658308680,-1,SL,42.0,2.456224064895654,0.8962717235232902,0.5784996126569721
0.09496423706889787,1658370300,1658370540,1658370660,-1,PROTECTED_STOP,4.0,1.5815674570248328,0.2133807097106127,2.6257668588598744
0.09542214969725796,1658379300,1658381520,1658386440,-1,PROTECTED_STOP,37.0,2.6998891715729596,0.31923390733026075,1.131826738450859
0.0936660678760666,1658389200,1658389380,1658390640,-1,PROTECTED_STOP,3.0,1.3828362187575578,0.0,426047391.1245053
0.0940576308418835,1658448000,1658449200,1658451180,1,PROTECTED_STOP,20.0,-2.1086095473011657,0.46361689274533696,0.7147595341133396
1.4501590360341663,1658461200,1658462100,1658471760,1,PROTECTED_STOP,15.0,-2.2404140734824214,0.2761322245893469,1.2996515632378562
0.09401286181912573,1658480100,1658480220,1658480460,1,PROTECTED_STOP,2.0,-1.0427961468999123,0.0,566148074.5889819
-1.0082022170662506,1658536800,1658536980,1658543040,-1,SL,3.0,1.7404117190294177,0.1721577726217861,2.9245282848997047
0.09078609067035573,1658543100,1658545260,1658550840,-1,PROTECTED_STOP,36.0,1.764101183576306,0.6787291143623916,0.6071428562483282
0.091657668003869,1658560200,1658560260,1658561460,1,PROTECTED_STOP,1.0,-1.3804216019837519,0.0,442696452.450256
-1.0077107344632856,1658626500,1658626620,1658627280,1,SL,2.0,-1.1606233180553833,0.18798151001540064,2.0710382403490377
0.09267054399365114,1658627400,1658627460,1658632140,1,PROTECTED_STOP,1.0,-2.5464537220125214,0.0,378670030.1310201
0.09185924334281065,1658643300,1658644140,1658646780,1,PROTECTED_STOP,14.0,-1.2357883412131676,0.4050341493362043,1.6127320915089467
1.381740453108548,1658707800,1658708460,1658713020,-1,PROTECTED_STOP,11.0,2.119319335225467,0.4042149631190681,1.1313868585149103
1.4209954635376534,1658713200,1658713260,1658722440,-1,PROTECTED_STOP,1.0,3.4723192988513127,0.0,904453404.6119835
-1.005937030982402,1658723100,1658724120,1658733180,-1,SL,17.0,2.155322204741476,0.009808500700613102,44.99999541211604
0.09576768069040542,1658798700,1658799540,1658805240,-1,PROTECTED_STOP,14.0,1.2518863407122196,0.02839266450917376,13.361701657053345
0.09390487945363203,1658806500,1658806560,1658809440,-1,PROTECTED_STOP,1.0,1.2298394627572429,0.0,501974821.0318635
0.09026359014986549,1658823900,1658824260,1658830320,1,PROTECTED_STOP,6.0,-1.5427150946679546,0.0,461675579.3226788
0.0938890384734076,1658880000,1658880240,1658882760,-1,PROTECTED_STOP,4.0,1.3828513916700387,0.16426851108503757,2.789473667229343
2.9096740970513766,1658893200,1658895240,1658905380,1,PROTECTED_STOP,34.0,-1.518730258027087,0.3294469996791121,1.8454545398528057
0.08720416987098542,1658905500,1658905560,1658906520,1,PROTECTED_STOP,1.0,-1.6634616047294215,0.0,1033581133.0427921
2.017858055118568,1658969100,1658969340,1658976420,1,PROTECTED_STOP,4.0,-1.1524859541384644,0.0,715376099.7494688
0.09227014847492217,1658976900,1658976960,1658977500,-1,PROTECTED_STOP,1.0,1.402989060532743,0.0,1349793653.0525138
0.09413479829572072,1658979300,1658979660,1658985840,-1,PROTECTED_STOP,6.0,0.9499882971827089,0.045689420723415926,8.016666491206408
0.09502565221911094,1659053100,1659055620,1659069420,1,PROTECTED_STOP,42.0,-2.416109943149347,0.9348300592454121,0.6531020673467108
1.4558000333481442,1659077100,1659077160,1659082320,-1,PROTECTED_STOP,1.0,4.0449721420372065,0.0,1100266785.2378922
0.09285220207253508,1659095100,1659095220,1659096840,1,PROTECTED_STOP,2.0,-1.6723246721041216,0.0,601165803.1088016
0.09428597491057751,1659140400,1659140700,1659141300,-1,PROTECTED_STOP,5.0,1.3997705732788426,0.0,337834368.7426181
1.451359586875939,1659181500,1659183780,1659184500,1,PROTECTED_STOP,38.0,-2.5904435103938552,1.3299542184434385,0.5929432009310764
0.09185696499545187,1659184800,1659185160,1659185280,1,PROTECTED_STOP,6.0,-3.030380627194839,0.6315184599913746,1.57165604846675
0.09362724886108781,1659225600,1659225780,1659225900,-1,PROTECTED_STOP,3.0,1.3682868446164302,0.0,396455872.13343793
-1.0066618284106914,1659227700,1659228780,1659233220,-1,SL,18.0,1.8722231431235339,0.1468354430379873,3.3390804370294624
0.09151629329459705,1659233400,1659234120,1659236760,-1,PROTECTED_STOP,12.0,1.7867636075109703,0.21087239085557813,2.5329949118458686
0.09360068179146502,1659315300,1659315720,1659332760,-1,PROTECTED_STOP,7.0,2.101724502275119,0.0189255906900139,17.78260775605195
-1.0120410062613423,1659335700,1659336660,1659338160,1,SL,16.0,-2.7828176626636734,0.5415138379459703,0.7701149411065789
0.08791158365978198,1659338400,1659338460,1659339180,1,PROTECTED_STOP,1.0,-1.7979545147933296,0.0,329043088.97593594
0.0929229917979399,1659398400,1659398760,1659399540,1,PROTECTED_STOP,6.0,-2.8025811740906468,0.44929045697174164,0.9797160221602592
-1.0064559123131023,1659401400,1659402720,1659404280,1,SL,22.0,-1.633417528329116,0.2235062846250321,1.5932835749606855
0.09338172330248824,1659409500,1659409560,1659415860,-1,PROTECTED_STOP,1.0,1.0556064337029527,0.0,671429458.9053906
1.59395044530716,1659511200,1659511380,1659515100,1,PROTECTED_STOP,3.0,-1.1233078560133631,0.11509477049555913,3.9999999652455265
1.5717268705657985,1659515400,1659515580,1659521520,1,PROTECTED_STOP,3.0,-1.959582081704173,0.18154176354856064,1.8068965417711258
0.09118178053831072,1659522000,1659524640,1659524820,1,PROTECTED_STOP,44.0,-2.2689358769035457,0.8639186900056435,0.6196078424200677
-1.0070008548686171,1659573000,1659573240,1659575040,-1,SL,4.0,2.84277217896488,0.18776578344782466,2.3658536459365602
0.5135429117763546,1659575100,1659575400,1659597000,-1,TIME,5.0,2.0451358470770975,0.16431491494130915,2.1741572901392674
0.09171344802645445,1659599700,1659600000,1659600960,-1,PROTECTED_STOP,5.0,1.272941704515091,0.007594544327308796,53.71427864176673
2.0358895787755515,1659663000,1659663180,1659664860,1,PROTECTED_STOP,3.0,-1.0436180599428866,0.0,399624960.93345267
1.666625941920163,1659665100,1659666480,1659670020,1,PROTECTED_STOP,23.0,-4.386589122070928,1.0225309800976274,0.44987146485567525
-1.0085192192664778,1659670200,1659672600,1659676260,1,SL,40.0,-2.1988642676072967,0.6511884149221107,0.6226734338999299
-1.0082608112553473,1659744300,1659746760,1659750420,1,SL,41.0,-2.164835812693274,1.0787216275715514,0.4068965513469282
0.09133946898883626,1659751500,1659751680,1659754860,1,PROTECTED_STOP,3.0,-1.6898294759828931,0.10737397139892153,3.656249965947469
1.4543039007829235,1659805800,1659805860,1659806280,1,PROTECTED_STOP,1.0,-1.759963020277557,0.0,1111619205.9862974
-1.0139737252340708,1659830400,1659830580,1659832260,-1,SL,3.0,4.071637358322892,0.21580666231220091,2.6271186318944766
1.5116341839513736,1659832500,1659833340,1659833940,-1,PROTECTED_STOP,14.0,3.041396944371189,0.4082966687617338,1.0517241353553468
-1.0101479594423368,1659836100,1659836340,1659840840,-1,SL,4.0,2.0867075194545315,0.21692015209124507,1.8650306662490233
0.08984920293247435,1659917700,1659918540,1659918840,-1,PROTECTED_STOP,14.0,0.7523931950555253,0.7992512868507253,0.6459016385361528
0.08560635214309983,1659934200,1659934440,1659935580,1,PROTECTED_STOP,4.0,-2.037581058113096,0.0,366327474.56057465
0.08520611065982624,1659936900,1659937380,1659937620,1,PROTECTED_STOP,8.0,-1.559406840727062,0.7847278635256064,0.41787439560272477
0.09249549976314814,1660003200,1660003800,1660010820,-1,PROTECTED_STOP,10.0,1.618183918287144,0.1913784936048989,2.0495049397862464
0.0864587753446783,1660021200,1660021680,1660028280,-1,PROTECTED_STOP,8.0,1.9513800706213238,0.22311435523118073,2.1755725093326768
1.701756484168418,1660037700,1660037760,1660039140,-1,PROTECTED_STOP,1.0,1.0956003002015644,0.0,468562584.63917583
1.338453953138657,1660112400,1660112640,1660119780,1,PROTECTED_STOP,4.0,-1.3091594624114071,0.30522490915921274,1.5172413743397222
0.0857665738899891,1660119900,1660120140,1660124160,1,PROTECTED_STOP,4.0,-1.9766556520620362,0.0,434194831.0139414
0.08735908256162969,1660129500,1660130460,1660131060,1,PROTECTED_STOP,16.0,-1.7101829713771304,0.1197983823702273,6.479452000705532
1.4055815871683897,1660180800,1660180980,1660182720,1,PROTECTED_STOP,3.0,-1.1963205755080144,0.12435305637152767,3.2362204464161906
1.5434114936734322,1660188300,1660190700,1660203180,1,PROTECTED_STOP,40.0,-1.4472755778890336,0.19761052578514926,1.7142857056106418
0.0920952479481343,1660216200,1660217580,1660218960,1,PROTECTED_STOP,23.0,-1.1570728877205407,0.12938823367130128,4.4104477271065115
0.09247245691112649,1660262400,1660262820,1660264080,-1,PROTECTED_STOP,7.0,1.8277927900883775,0.38607637715443716,1.2941176437068556
0.09364866401364594,1660265700,1660266000,1660267020,-1,PROTECTED_STOP,5.0,1.9203990756826192,0.0,434565093.80331284
1.373636678924212,1660298100,1660298220,1660300020,-1,PROTECTED_STOP,2.0,2.2730824148304722,0.009085009733916944,191.33331227346517
0.09130710507577071,1660348800,1660351380,1660352580,1,PROTECTED_STOP,43.0,-1.9222821010617503,0.7284101312175832,0.5571847499681992
1.4588805286911684,1660355400,1660355580,1660364700,1,PROTECTED_STOP,3.0,-2.077943793176533,0.12379110251449986,3.445312472168702
0.09141194029851357,1660368000,1660370460,1660371720,1,PROTECTED_STOP,41.0,-2.0097412416729736,0.7370609638375455,0.9802538773724282
0.08783384988067267,1660435200,1660435620,1660436520,-1,PROTECTED_STOP,7.0,1.8864216473230082,0.032916533076851856,18.22727217352388
0.08838435048394261,1660438200,1660440600,1660440720,-1,PROTECTED_STOP,40.0,2.145699411473469,2.3278655119714395,0.2408088234259877
0.09140331881664461,1660441500,1660443180,1660443780,-1,PROTECTED_STOP,28.0,1.5067511204339652,0.3479501426640476,1.341389724241659
0.09021762604436481,1660521600,1660521900,1660522680,-1,PROTECTED_STOP,5.0,1.1354350184747926,0.0,533621434.74501085
-1.0081338392878398,1660525200,1660525560,1660527060,-1,SL,6.0,1.4995677054295506,0.005011813560535532,90.79998188281223
0.09204723020106742,1660532100,1660532400,1660532700,1,PROTECTED_STOP,5.0,-3.2661271521016317,0.0,407878539.18751055
0.09327378373525883,1660620600,1660620780,1660641720,-1,PROTECTED_STOP,3.0,3.7112402734416783,0.0,363592843.0375327
0.08763912144702017,1660655400,1660655880,1660657140,-1,PROTECTED_STOP,8.0,2.1077787240232175,0.12558139534881363,4.382716014484098
-1.0102691325978856,1660659000,1660659420,1660659600,-1,SL,7.0,2.5321245726803983,0.4308890330954017,3.0783132458679052
0.09001597884541271,1660698300,1660699320,1660700280,1,PROTECTED_STOP,17.0,-1.252100690754012,0.33318477582673006,1.2509363258334167
0.08635574229690986,1660716600,1660716660,1660718160,1,PROTECTED_STOP,1.0,-1.7826772356635083,0.0,722689075.6302457
-1.0077569038528296,1660721700,1660721760,1660722480,1,SL,1.0,-2.093775177227114,0.0,469420340.15969384
-1.0108165223449712,1660782300,1660782360,1660782720,-1,SL,1.0,1.0931781292037221,0.0,872300189.1112039
0.09032945516792082,1660786800,1660787580,1660798140,-1,PROTECTED_STOP,13.0,1.1038563277181666,0.16858508942804223,3.058823511267074
0.08546209973055945,1660816200,1660816320,1660817340,1,PROTECTED_STOP,2.0,-1.713514080589887,0.2114747581820184,4.052631559784542
-1.0097498591037202,1660868700,1660868940,1660871280,1,SL,4.0,-2.2302462312334494,0.5459503681483694,0.7202797189603315
2.8640430106126678,1660873200,1660874040,1660891080,-1,PROTECTED_STOP,14.0,2.5168440290234253,0.24610977277166518,1.7370370299791142
-1.0049862809597514,1660891500,1660892640,1660894680,1,SL,19.0,-2.6460447720417917,1.535313467492262,0.3145125714757786
0.9302876706574237,1660953600,1660953900,1660975500,1,TIME,5.0,-0.9950229816935985,0.25897920604916275,2.2116788235766314
0.09120055550632351,1660978500,1660978560,1660996080,-1,PROTECTED_STOP,1.0,1.2541300362724421,0.0,582040599.2376733
0.08888385211821545,1661015400,1661016000,1661021100,1,PROTECTED_STOP,10.0,-1.8133878892480606,0.3146420946173709,1.3849999955982095
0.08632335550626719,1661064300,1661066940,1661067840,1,PROTECTED_STOP,44.0,-1.9989431920948644,1.1718403547672147,0.5513245028407554
2.6032042411073846,1661068500,1661068680,1661069460,1,PROTECTED_STOP,3.0,-1.4091898797549725,0.13689039111544044,3.0987654094609143
0.0907428245240599,1661069700,1661069760,1661069880,1,PROTECTED_STOP,1.0,-1.4450440125443558,0.0,724428399.5186243
-1.0092475586241076,1661153400,1661153520,1661154780,1,SL,2.0,-2.3912765119598225,0.07967904459785352,8.54098349936743
0.09175452174644552,1661155500,1661155560,1661155680,1,PROTECTED_STOP,1.0,-2.596417042895537,0.0,623033566.080607
1.407385707382812,1661156400,1661156460,1661158860,1,PROTECTED_STOP,1.0,-2.376488201775035,0.0,747692072.9381222
0.09113743125774941,1661214000,1661214360,1661214600,1,PROTECTED_STOP,6.0,-1.7317906836330037,0.17136774880259212,2.985507228954331
0.09188930674262959,1661215800,1661217000,1661217480,1,PROTECTED_STOP,20.0,-2.3777673795356002,0.5652421652421521,0.8407258049642794
0.08919221750336492,1661227500,1661228700,1661230080,1,PROTECTED_STOP,20.0,-0.9894947685874478,0.495480779701623,0.8984615366482481
0.09050763849137447,1661301900,1661304300,1661306640,-1,PROTECTED_STOP,40.0,1.9853646494656725,1.1432932646441278,0.5186915883313904
-1.007398207777955,1661308800,1661308920,1661316660,-1,SL,2.0,2.5619178359757684,0.1415306275273317,3.8148147878608274
0.09008942250446889,1661319000,1661320380,1661324100,-1,PROTECTED_STOP,23.0,1.1322011640941312,0.9376860488192108,0.4725925920885615
0.0910224364696692,1661391300,1661392500,1661395380,-1,PROTECTED_STOP,20.0,1.5173622702354441,0.5549009105517086,0.6846846834508087
-1.0136588967009228,1661408700,1661408820,1661411280,-1,SL,2.0,1.1215258688933802,0.2782585181179159,2.4897959094193447
0.08710302491103555,1661411700,1661414400,1661414640,1,PROTECTED_STOP,45.0,-2.9782264554497155,0.8754448398576651,0.9715447143373526
-1.011702673213317,1661473200,1661475060,1661478420,-1,SL,31.0,1.4052313948047024,1.3469721767594447,0.5176184686314769
0.08903692151090076,1661479500,1661479920,1661488920,-1,PROTECTED_STOP,7.0,1.7220961568924278,0.21071000109067475,2.0652173815026815
0.08164163751304672,1661491500,1661491560,1661491800,-1,PROTECTED_STOP,1.0,1.2507823835307244,0.0,2085435463.082334
0.09387502267133399,1661558400,1661560140,1661560680,1,PROTECTED_STOP,29.0,-2.1712830690587377,0.8950641274776637,0.3404255315345399
0.09145349779200118,1661577300,1661577360,1661577540,1,PROTECTED_STOP,1.0,-1.9008573757271594,0.0,1165280950.2055585
-0.37655103073603424,1661580600,1661582100,1661603700,1,TIME,25.0,-1.7754856942909665,0.4771898489246059,2.4454148420369943
0.09070298259597366,1661644800,1661644920,1661648280,-1,PROTECTED_STOP,2.0,1.695777311248646,0.0,464527700.2790352
0.08814282457250976,1661653800,1661654700,1661656200,-1,PROTECTED_STOP,15.0,4.205674902250739,1.347688410386308,0.274999999795966
0.08992278426284508,1661657700,1661658540,1661660400,-1,PROTECTED_STOP,14.0,2.28913797601353,0.10592304366623383,3.2857142546944607
0.09272138139572163,1661731200,1661731260,1661734620,1,PROTECTED_STOP,1.0,-2.858652826464432,0.0,895679159.7040049
0.09181608156027277,1661742000,1661743200,1661747160,1,PROTECTED_STOP,20.0,-1.2557112720998218,0.35620567375887197,1.3101045259386968
-1.0118545841310331,1661759400,1661760000,1661761560,1,SL,10.0,-1.421781598903784,0.19655392469687483,3.481818164103801
0.08870041841005809,1661817600,1661817720,1661818560,-1,PROTECTED_STOP,2.0,1.4511206090879558,0.03849372384936021,21.999999428484603
-1.0095954847277533,1661824500,1661825520,1661830800,-1,SL,17.0,1.6277140159009043,0.17591173766471505,1.9105690948302172
0.08946921941861759,1661836800,1661837340,1661839440,1,PROTECTED_STOP,9.0,-3.0298562103976137,0.08986277113766078,7.706896465962279
0.09276533434844475,1661913000,1661913060,1661913240,1,PROTECTED_STOP,1.0,-2.880370462185774,0.0,447658926.53216594
0.09102478867887148,1661927700,1661927940,1661930820,1,PROTECTED_STOP,4.0,-1.3784664965306275,0.13429575458261028,2.4554455262699872
0.09252257455347057,1661951400,1661953440,1661953740,1,PROTECTED_STOP,34.0,-2.957039854698232,1.2712251160594963,0.37261698410895855
0.09115742933837061,1661990400,1661992740,1661993340,-1,PROTECTED_STOP,39.0,1.9808894900537333,1.123448602558039,0.6009445095005206
0.0932124345328643,1661994300,1661994600,1662007620,-1,PROTECTED_STOP,5.0,1.9755264977578322,0.0,381145463.7607561
0.09029033670384404,1662013200,1662015480,1662016500,-1,PROTECTED_STOP,38.0,2.4283518587113537,0.6713228395705181,0.9565217377056037
-1.0102606359288953,1662078900,1662080280,1662085140,1,SL,23.0,-1.372050212838546,0.2637170079947548,1.4302325527160287
3.0064780469997374,1662085200,1662086820,1662087840,1,PROTECTED_STOP,27.0,-1.4182114821191558,0.5960301163586306,0.7717041787696045
0.09110016426585749,1662096600,1662097920,1662110820,1,PROTECTED_STOP,22.0,-0.8898514853851522,0.39802880970432253,1.179999997035439
-1.0128934774574816,1662171300,1662171840,1662175740,1,SL,9.0,-1.7167567322034611,0.6383037694013535,0.6808510627630341
0.08682675183345392,1662175800,1662175860,1662177300,1,PROTECTED_STOP,1.0,-2.2064163515914688,0.0,359687721.7884717
1.64462829298567,1662184500,1662184620,1662186240,-1,PROTECTED_STOP,2.0,1.3219493814050653,0.12253258845439347,2.7446808286633417
1.4055942282750058,1662270000,1662270900,1662273540,-1,PROTECTED_STOP,15.0,2.042791123800963,0.7592412451361673,0.5515695059999682
0.07835590106007592,1662273600,1662274080,1662274200,-1,PROTECTED_STOP,8.0,3.502485398631697,1.0421672555948984,0.48734177168417253
0.0837702323931349,1662278400,1662278460,1662278580,-1,PROTECTED_STOP,1.0,2.5568826916537963,0.10679439418128459,4.697674374617591
1.4568444690674067,1662340500,1662340560,1662354660,-1,PROTECTED_STOP,1.0,1.206539134383738,0.02481994459831538,22.812499080901087
0.08691526195901325,1662355800,1662355980,1662356220,-1,PROTECTED_STOP,3.0,1.2799831270125797,0.24515945330295008,2.317073161280554
0.0877442551681176,1662358500,1662358560,1662362940,-1,PROTECTED_STOP,1.0,3.12214731938295,0.0,309289326.5903399
0.08853784516767096,1662424200,1662424260,1662424500,1,PROTECTED_STOP,1.0,-2.355205546260065,0.0,478057199.21099466
0.08909912577224989,1662425100,1662425460,1662427440,1,PROTECTED_STOP,6.0,-5.164734983197934,0.29210863737034737,2.1508379814634964
-1.00738042954371,1662428700,1662428820,1662429480,1,SL,2.0,-2.8329255271295906,0.0,469373162.7870102
0.09152801683664082,1662510000,1662510060,1662510240,-1,PROTECTED_STOP,1.0,1.0030719835777793,0.0,746576007.7707901
0.09226312533146089,1662510900,1662511200,1662516900,-1,PROTECTED_STOP,5.0,1.7478376293907272,0.15591302810675367,2.1746031606560017
0.09077435897435104,1662562800,1662563040,1662568800,1,PROTECTED_STOP,4.0,-1.8520724054571822,0.11998327759198307,3.3536585086340187
0.09209473622681245,1662595200,1662595380,1662595620,1,PROTECTED_STOP,3.0,-1.6158036497900894,0.11170539237174927,6.175824120538528
0.0902471647426259,1662601500,1662601560,1662604980,1,PROTECTED_STOP,1.0,-1.1281346903418163,0.0,356785014.1581602
-1.012949899454166,1662614700,1662617040,1662618600,1,SL,39.0,-2.2561810866872825,0.42229244469980065,1.2190476161608117
0.08278543172307247,1662689400,1662690300,1662690960,1,PROTECTED_STOP,15.0,-1.9703131794480777,0.5112209965766581,1.2291666642621701
1.4749611189753922,1662694200,1662694260,1662694500,1,PROTECTED_STOP,1.0,-2.5141353323480953,0.0,876238624.8736303
3.4881853659914532,1662695100,1662695520,1662696120,1,PROTECTED_STOP,7.0,-2.4658670012603605,0.5814052038308324,0.63061224381328
0.08961458225756666,1662787800,1662788940,1662789780,-1,PROTECTED_STOP,19.0,1.5620014154457398,1.3807704223897561,0.28272251288424816
-1.0094528787593384,1662792600,1662792840,1662795720,1,SL,4.0,-1.0711610927233914,0.10548125824072338,4.524999957101476
0.09133727882855022,1662796200,1662796260,1662797880,1,PROTECTED_STOP,1.0,-2.7351172695837156,0.0,510067114.09399396
0.08864858463967351,1662872400,1662873060,1662875100,1,PROTECTED_STOP,11.0,-0.9924738290258643,0.5068230517649499,0.8255451697107387
2.0544762256776266,1662878400,1662878580,1662881580,1,PROTECTED_STOP,3.0,-2.488215126676222,0.14631659444304154,2.9999999794960726
0.09021567333202415,1662882000,1662882060,1662884820,1,PROTECTED_STOP,1.0,-1.3386458689699252,0.13997282081148293,3.145631045488373
-1.006534802252633,1662941100,1662941160,1662944340,1,SL,1.0,-2.409234231584753,0.004496691719663378,102.19997727218214
1.6265942999459548,1662944400,1662945300,1662946200,1,PROTECTED_STOP,15.0,-1.5167574377229207,0.7036018890533475,0.7573632527805415
0.0943565802637506,1662947400,1662947520,1662947760,-1,PROTECTED_STOP,2.0,1.6178635869899478,0.17342428376535277,2.3215858896967574
-1.0088738749502109,1663043100,1663044480,1663047480,-1,SL,23.0,1.1293603350559307,0.6176821983273668,0.5029013531510017
1.6311322232277545,1663049100,1663049340,1663051260,1,PROTECTED_STOP,4.0,-1.1322475989168725,0.0,476380090.4977191
0.09297600126142902,1663052400,1663054680,1663059720,-1,PROTECTED_STOP,38.0,1.1452036576887987,1.192999053926193,0.33941316387092624
0.09434151898735017,1663113600,1663113720,1663114920,-1,PROTECTED_STOP,2.0,1.2477227152824073,0.0,397468354.4303683
-1.0070697205588732,1663118100,1663119900,1663121880,-1,SL,30.0,2.2277421083281017,0.27455089820360196,1.4923664067779794
0.09184922557186455,1663122000,1663124700,1663128060,-1,PROTECTED_STOP,45.0,2.4356635629448546,1.6653783389160932,0.5487364617643662
0.09312008998434496,1663205700,1663205880,1663208580,-1,PROTECTED_STOP,3.0,1.0872990227049384,0.0,465228873.2394289
0.09471130372788147,1663228800,1663229280,1663230900,-1,PROTECTED_STOP,8.0,0.9291465345080766,0.14262396577924244,3.4143646169445847
-1.0076399155632356,1663252800,1663253100,1663253400,1,SL,5.0,-1.0912479124498133,0.8105929763960962,1.3465909074296292
0.09210902156456673,1663286400,1663286760,1663287660,-1,PROTECTED_STOP,6.0,2.456009381828458,0.34445973847215244,1.241258737655152
0.09291721183202122,1663288200,1663288260,1663288680,-1,PROTECTED_STOP,1.0,1.280504485835271,0.0,362041099.0533189
-1.0117580701086588,1663328400,1663328580,1663331640,1,SL,3.0,-2.328978857180134,0.10655841684637837,4.866666620994833
2.5429147507210055,1663372800,1663373340,1663374840,1,PROTECTED_STOP,9.0,-1.468901862532759,0.6039555006180668,0.902578795067121
0.09128974935934714,1663382400,1663384980,1663390260,1,PROTECTED_STOP,43.0,-0.9862982289634485,0.26907931745734054,1.3414634096487634
0.08576067456044219,1663396500,1663398000,1663402500,1,PROTECTED_STOP,25.0,-1.2572762623086702,0.9709364908503411,0.5543237244845337
-1.009300133040633,1663461000,1663462560,1663481400,-1,SL,26.0,1.59491045480985,0.5559768509279519,0.8291457271518999
0.08168808405115563,1663481700,1663482060,1663484400,-1,PROTECTED_STOP,6.0,1.5960055534571767,0.2932654659358074,2.5420560660981444
1.384266738973234,1663494000,1663494360,1663495140,-1,PROTECTED_STOP,6.0,1.342422300164013,0.19486623282711335,15.44155836232263
2.189178318178638,1663545900,1663546140,1663553820,-1,PROTECTED_STOP,4.0,1.60517471847752,0.12927327835340838,2.923664099521522
0.09470402802101963,1663561200,1663561740,1663566240,-1,PROTECTED_STOP,9.0,1.8745106394414865,0.2866115103569183,1.401179936114112
1.3548921062073969,1663571400,1663571760,1663585740,1,PROTECTED_STOP,6.0,-1.6647414251298192,0.14768568353066688,2.6683673288710557
-1.0063674283591102,1663632000,1663632120,1663634820,1,SL,2.0,-1.3863865270354987,0.0,574474014.2120829
-1.006461332007961,1663635000,1663635300,1663643820,1,SL,5.0,-1.905799332814897,0.0,362823061.6302183
0.09091255795203111,1663644000,1663644960,1663646400,1,PROTECTED_STOP,16.0,-1.2518243427074838,1.4815561378754163,0.5419047615390085
-1.0064943872044048,1663722600,1663723320,1663738140,-1,SL,12.0,1.334807473993777,0.03090962614071216,15.099999511478822
0.08802503258279018,1663738800,1663738860,1663739580,-1,PROTECTED_STOP,1.0,3.0854716635141375,0.033976001078589606,12.722221847778854
-1.0110948414695309,1663740000,1663740120,1663740300,-1,SL,2.0,2.082139208871472,0.288877705083067,2.621951210435626
-1.0034674346226942,1663804800,1663805880,1663814520,-1,SL,18.0,1.8206111583856601,0.4923002303868076,1.028735630094257
0.0944437592899311,1663815600,1663815720,1663816440,-1,PROTECTED_STOP,2.0,1.4419663390884625,0.0,408459676.3918898
1.7037172631974034,1663831200,1663831560,1663835460,1,PROTECTED_STOP,6.0,-1.3246657745575956,0.09346095069576194,4.734939708372171
-1.007584611097175,1663891200,1663891320,1663894620,1,SL,2.0,-1.6156486921383288,0.08778530223225493,6.533333258909335
0.09293881278538814,1663894800,1663894980,1663905900,1,PROTECTED_STOP,3.0,-1.7733321434260132,0.0,327671232.87672824
-1.0096344344344517,1663919100,1663919220,1663921620,1,SL,2.0,-1.842506040243229,0.07507507507507526,5.099999932068001
-0.6080293996691929,1663978800,1663979100,1664000700,1,TIME,5.0,-2.7670897032699235,0.0037548612042512673,103.7499723687817
0.0905941478257965,1664003700,1664003820,1664009400,1,PROTECTED_STOP,2.0,-2.9491531313987176,0.0,720730283.4094056
-1.0093039017089607,1664010000,1664010180,1664011620,1,SL,3.0,-1.0202671191839803,0.23243186801709317,1.3396226357460652
-1.007844886952925,1664064300,1664065320,1664076900,-1,SL,17.0,2.546544885173478,0.4455507156191565,0.8491620092673716
0.08434276141774233,1664077500,1664078760,1664082660,-1,PROTECTED_STOP,21.0,1.1798120904026939,0.44930347381416125,1.0659340635616887
-1.015320311515774,1664091000,1664092920,1664098800,1,SL,32.0,-1.7167484452669561,1.0630475863253872,0.5814479632539485
-1.006592413066394,1664150400,1664150580,1664152740,-1,SL,3.0,2.0847058762300272,0.13804004214961488,2.9999999782674536
0.09404010201549023,1664152800,1664152860,1664156280,-1,PROTECTED_STOP,1.0,1.7507649316159317,0.0,521362312.9528022
0.08918705101240872,1664170200,1664172600,1664172900,-1,PROTECTED_STOP,40.0,1.8504992391049104,1.1881727081528841,0.3017492708830824
0.08732684257558712,1664236800,1664237400,1664238360,1,PROTECTED_STOP,10.0,-1.671136875954658,0.6775786651615449,0.9446064126001406
1.4238097254734883,1664239800,1664240700,1664241540,1,PROTECTED_STOP,15.0,-2.799577436513799,0.4915939561608838,0.7424242409140037
2.0187056899934737,1664241600,1664241660,1664242320,1,PROTECTED_STOP,1.0,-2.679970463058411,0.0,1362982341.3996136
0.09215431555477363,1664323800,1664325300,1664327100,-1,PROTECTED_STOP,25.0,2.2576626249840026,1.2149269494807104,0.4817444215101795
2.00850447926558,1664328300,1664328480,1664331540,-1,PROTECTED_STOP,3.0,1.5276761417346785,0.13406141183917364,5.157024754921541
0.09359803645872225,1664331600,1664331780,1664333040,-1,PROTECTED_STOP,3.0,1.0031424128829605,0.2641900392214906,7.235294090260355
0.09337150086368777,1664409600,1664409900,1664411820,1,PROTECTED_STOP,5.0,-1.8167860660086024,0.11546602437777595,5.831858356573012
-1.008722283609561,1664435100,1664436720,1664442420,-1,SL,27.0,1.8565117095024588,0.7761946302219784,0.9300699288716243
1.7197237155922127,1664454600,1664454720,1664454960,-1,PROTECTED_STOP,2.0,1.3079167323855008,0.40043037747688626,2.7523510903054804
0.09031602618241788,1664496000,1664497920,1664498040,1,PROTECTED_STOP,32.0,-1.921698270387226,1.404138513513507,1.015789472960785
-1.0098132672840783,1664498400,1664498760,1664504040,1,SL,6.0,-1.578411687672334,0.8141287960370399,0.6277777770066335
-1.010010593001851,1664512800,1664513580,1664521740,-1,SL,13.0,1.8544542281910994,0.4083977900552165,0.935606058315247
0.08295884913874174,1664601900,1664601960,1664602140,-1,PROTECTED_STOP,1.0,1.205863782493734,0.0,1229604391.4442074
0.08442636033856515,1664612700,1664614680,1664619660,-1,PROTECTED_STOP,33.0,1.9752761818225026,0.17412333736398658,2.6249999849239107
0.08860768679070208,1664628600,1664629140,1664635080,1,PROTECTED_STOP,9.0,-1.1030685725953322,0.0,480192380.71128184
0.07337287302057056,1664689200,1664689260,1664689500,-1,PROTECTED_STOP,1.0,5.392351495827325,0.0,1123635290.6462576
0.08206557812293824,1664693400,1664693580,1664694480,-1,PROTECTED_STOP,3.0,2.2091458102012145,0.3568299482277795,1.078124996978607
0.08635056737587621,1664700600,1664703120,1664703780,-1,PROTECTED_STOP,42.0,1.5833913701841211,0.4085106382978878,1.3541666633517282
0.09274612387257494,1664755200,1664755320,1664755680,-1,PROTECTED_STOP,2.0,2.68788911766153,0.15793345867734038,2.652173896250793
-1.0067141715061578,1664756700,1664757300,1664760240,-1,SL,10.0,1.859171741105581,0.1298740478165703,2.7804877834691624
-1.0110456471935825,1664777100,1664777220,1664777880,1,SL,2.0,-1.576650067776716,0.025773195876288797,37.13333189256054
0.08887250950878067,1664841600,1664842020,1664842800,1,PROTECTED_STOP,7.0,-1.5785400387494508,0.4690458849235029,0.8369565199547409
0.08990649570760836,1664844900,1664845500,1664855520,1,PROTECTED_STOP,10.0,-1.864725681330854,0.0696363435392953,6.444444351900178
-1.0153290211153887,1664860800,1664860860,1664861580,1,SL,1.0,-2.192136670707504,0.0,521811800.1002677
0.09046190139183712,1664929200,1664929800,1664933640,1,PROTECTED_STOP,10.0,-1.20125507788129,0.4784147204529824,0.8313609450077063
0.08675676209279194,1664944500,1664944560,1664947740,1,PROTECTED_STOP,1.0,-3.6654574402122417,0.0,552813425.4689053
-1.0132193427756657,1664952600,1664954220,1664955900,-1,SL,27.0,1.9968343090815017,1.4626279624176088,0.3006711407340477
-1.0092177872643104,1665017400,1665017520,1665018180,1,SL,2.0,-1.2269554661754123,0.0,825846512.0792084
0.09140726294146569,1665018300,1665018360,1665023040,1,PROTECTED_STOP,1.0,-1.707818860864041,0.0,680696661.8287178
-1.0081810145425378,1665029700,1665029760,1665032760,1,SL,1.0,-1.6303238879646123,0.0,679319821.3672268
0.08974047016538958,1665101700,1665104340,1665121260,-1,PROTECTED_STOP,44.0,1.390604685952757,0.6407745626581882,0.5504807683716014
-1.0144708978167079,1665124800,1665125100,1665126540,-1,SL,5.0,5.263985541048397,0.23854931999370038,2.1834862293796284
-1.013994089264161,1665126600,1665127620,1665130680,-1,SL,17.0,3.0096306350665687,0.4053075995175059,1.1406249971856224
-1.0191465547394551,1665197400,1665197640,1665201360,1,SL,4.0,-1.1570594248220245,0.06757607555087157,5.608695569178077
-1.020975053763458,1665201600,1665201720,1665203580,1,SL,2.0,-2.3111716153502257,0.0,396774193.54837024
-1.02469199275367,1665204000,1665204060,1665204660,1,SL,1.0,-2.269527585459767,0.0,658152173.9131671
0.08862668678232352,1665273600,1665275760,1665280020,-1,PROTECTED_STOP,36.0,1.1689935767194812,0.6688458637163679,0.5657894728382915
-1.0218557240272474,1665312600,1665312660,1665313440,-1,SL,1.0,5.459899474389679,0.0,1084957882.0698388
-1.018400202265392,1665313500,1665313560,1665314220,-1,SL,1.0,3.8762134779808286,0.0,580501618.1229842
0.08328890938156092,1665360000,1665360060,1665361560,-1,PROTECTED_STOP,1.0,1.7907281040733636,0.0,413131685.72482425
0.08521072959044819,1665363000,1665363180,1665368460,-1,PROTECTED_STOP,3.0,1.807807978691922,0.3007323026851264,2.363636355776686
0.07611772675291847,1665380100,1665380160,1665381900,-1,PROTECTED_STOP,1.0,2.2457290088999735,0.0,1256268144.629197
0.08876536665402789,1665446400,1665446460,1665446640,-1,PROTECTED_STOP,1.0,1.28030525341142,0.0,1079641549.9179356
-1.0082049286640837,1665452100,1665452400,1665470220,-1,SL,5.0,0.9620058411211043,0.1673151750972949,4.565891445578368
0.08316637034236718,1665470700,1665471180,1665472620,-1,PROTECTED_STOP,8.0,2.6188036245197703,0.3839606582182681,0.951724135452282
0.0844617494914376,1665535800,1665535860,1665547440,-1,PROTECTED_STOP,1.0,1.0383574514869423,0.0,593199651.2642422
0.07939114799444416,1665556200,1665556500,1665556800,1,PROTECTED_STOP,5.0,-0.859967129499078,0.5357307514983358,2.0120481890156405
0.08376013595530744,1665559800,1665561480,1665563520,1,PROTECTED_STOP,28.0,-1.9000786959349993,0.6474872541879416,0.5393700779069917
0.0769067878787886,1665627900,1665628080,1665628320,-1,PROTECTED_STOP,3.0,1.3761540489342279,0.0,905454545.4544746
0.07934994586233857,1665629700,1665629880,1665637740,-1,PROTECTED_STOP,3.0,3.885431767672101,0.15916473317870292,3.3673469176181468
-1.022274602377392,1665645300,1665645960,1665646140,-1,SL,11.0,1.1990140719744826,0.935208437970816,0.9360902245630729
0.08513445065176975,1665705600,1665705900,1665707520,1,PROTECTED_STOP,5.0,-1.6904533598825844,0.02760433782453192,17.833332687290028
1.84374995360353,1665710400,1665711000,1665711180,1,PROTECTED_STOP,10.0,-1.388602186447218,0.47417259511285204,4.9132419987712925
2.388031739768256,1665711300,1665711480,1665712020,1,PROTECTED_STOP,3.0,-1.349344712978593,0.3208377599028368,4.258278132423354
0.08540204292314199,1665792600,1665792900,1665794340,-1,PROTECTED_STOP,5.0,2.58135223329955,0.0,504319478.40264577
0.07103187466234782,1665819000,1665819060,1665820980,1,PROTECTED_STOP,1.0,-1.3623045074980167,0.0,748784440.8427876
-1.02771443651043,1665822900,1665822960,1665823560,1,SL,1.0,-2.3846733729493383,0.0,851909344.9240161
-1.015762182890847,1665878700,1665878820,1665883860,-1,SL,2.0,1.949548132929513,0.0,384070796.460177
0.0854470121686398,1665884100,1665884400,1665893340,-1,PROTECTED_STOP,5.0,2.3638992423974483,0.002281616688363166,175.99992286433107
-1.0207453176614976,1665949800,1665949860,1665950280,-1,SL,1.0,4.908409903175733,0.0,1126065913.8050861
-1.0086276051655902,1665964800,1665964980,1665971940,1,SL,3.0,-1.111204997728517,0.13291139240508384,3.767676739328859
0.08271441682600822,1666001100,1666001340,1666003080,1,PROTECTED_STOP,4.0,-1.6982809108144243,0.41491395793498465,1.9161290276399754
-1.0135377063810942,1666005300,1666005360,1666007460,1,SL,1.0,-2.821372249861192,0.0,1022460211.2151965
0.08783781863397878,1666053600,1666053780,1666064520,-1,PROTECTED_STOP,3.0,1.013571580124757,0.0,445776711.96379036
-1.0176107382550335,1666075200,1666075260,1666075980,1,SL,1.0,-1.5782517530286346,0.0,1989261744.9665015
-1.012026796269545,1666080900,1666081680,1666082460,1,SL,13.0,-1.3564648241874253,0.3199789833180342,1.091954019575834
0.08321741293532632,1666151100,1666151940,1666154760,-1,PROTECTED_STOP,14.0,1.423292951560116,0.23246268656720534,1.6966292061842039
0.08458144578311022,1666161900,1666161960,1666164540,1,PROTECTED_STOP,1.0,-1.097625940078353,0.0,546987951.8071656
1.565887651720344,1666173300,1666174800,1666182780,-1,PROTECTED_STOP,25.0,1.4459311735429814,0.429732169726106,1.1029411739041282
0.08241353591160885,1666224000,1666226400,1666226520,-1,PROTECTED_STOP,40.0,2.000882240970151,1.1629834254143427,0.44418052218342136
0.08529654981449719,1666227000,1666227120,1666227480,-1,PROTECTED_STOP,2.0,1.7351064930901237,0.0,558232264.4957688
-1.0108685219239146,1666228800,1666228860,1666239480,-1,SL,1.0,3.636935625985295,0.0,671080053.9414428
1.4128718752015152,1666319400,1666319460,1666335960,-1,PROTECTED_STOP,1.0,2.0364971201909583,0.0,354670276.542224
-1.0206896873541427,1666340700,1666340760,1666341300,1,SL,1.0,-1.9593750522717504,0.0,565095660.2893018
-1.0194178761967623,1666341600,1666342020,1666343940,1,SL,7.0,-3.2623021925406968,0.887086165314574,0.788927334750826
0.07132484498609552,1666396800,1666396860,1666400940,1,PROTECTED_STOP,1.0,-1.2180688504216377,0.0,507376523.41241235
-1.0420871287128144,1666407000,1666407300,1666407720,1,SL,5.0,-2.1090204936318666,0.8052805280528589,0.6721311467060502
0.06265494628162735,1666407900,1666407960,1666409580,1,PROTECTED_STOP,1.0,-2.221460085863241,0.0,603599832.5658901
-1.0391861244716543,1666484400,1666485540,1666487160,1,SL,19.0,-1.107268070304487,0.41626585045910397,0.8382352921041419
-1.050024892863756,1666493700,1666495680,1666499100,-1,SL,33.0,1.2545457515263951,0.4460592509782534,1.649122803320495
1.2956055555553982,1666499400,1666499580,1666500660,-1,PROTECTED_STOP,3.0,1.4715031373687915,0.19718309859165875,2.4583333208651874
-1.0089757313677459,1666570500,1666571220,1666574160,1,SL,12.0,-1.4674252272894956,0.20776412776415779,2.1059602547640064
-1.0099055488847584,1666574400,1666575060,1666581120,1,SL,11.0,-1.3184290712616322,0.27813557471892764,1.571428565778563
0.08787800599631794,1666584300,1666584360,1666590660,-1,PROTECTED_STOP,1.0,1.1347591695253139,0.0,364612699.69126034
0.07963045379162839,1666656300,1666656360,1666656840,1,PROTECTED_STOP,1.0,-1.057047594338673,0.0,740841248.3039796
1.5583317010722515,1666660200,1666660260,1666671060,1,PROTECTED_STOP,1.0,-1.113695923700269,0.0,672107537.2059553
-1.0242814854682258,1666672200,1666674000,1666675020,1,SL,30.0,-1.3307900033918225,0.01506996770726694,29.749998025761446
0.09106274546947193,1666749300,1666749480,1666750440,-1,PROTECTED_STOP,3.0,1.317758748399055,0.0,457473006.25118417
-1.0114409748237514,1666769700,1666769820,1666771500,-1,SL,2.0,2.5517929422339773,0.0,593836858.0060123
0.08959045318105498,1666771800,1666771860,1666772520,-1,PROTECTED_STOP,1.0,2.432197301521063,0.0,656490226.2244743
0.0893851494555133,1666829400,1666830420,1666831800,-1,PROTECTED_STOP,17.0,2.6433945075695746,0.9975882481911774,0.42769230726357027
1.7027000686498948,1666847700,1666847820,1666861740,-1,PROTECTED_STOP,2.0,1.5150954117708475,0.0,304347826.0869578
0.08813041476548165,1666861800,1666861980,1666862280,-1,PROTECTED_STOP,3.0,1.7807031392392778,0.0,379824885.92921036
0.09102178537513099,1666915200,1666915860,1666916340,-1,PROTECTED_STOP,11.0,1.6930117574244086,0.21006647673313444,1.8544303709190486
1.3173713610399613,1666942500,1666942680,1666943460,-1,PROTECTED_STOP,3.0,1.8776340708889618,0.493598581839705,1.513966477379521
-1.016010108962291,1666943700,1666945380,1666945860,-1,SL,28.0,3.087143164357891,1.6197158993667207,0.767751478815975
0.08488627512728378,1667001900,1667001960,1667002560,1,PROTECTED_STOP,1.0,-1.4943035197633878,0.0,436466698.1578356
2.0591151808785213,1667006400,1667009040,1667011320,1,PROTECTED_STOP,44.0,-1.0015352850083494,0.5724806201549993,0.7962085294149034
0.08267804819851224,1667011500,1667011560,1667011860,1,PROTECTED_STOP,1.0,-1.682906814303784,0.0,425912670.00716144
0.08091646397283112,1667110500,1667110620,1667110800,-1,PROTECTED_STOP,2.0,2.5281341594271183,0.3542565712043395,1.2248061980931397
0.0827071449713048,1667112600,1667112780,1667117400,-1,PROTECTED_STOP,3.0,2.118429732401214,0.0,544485881.7261164
0.0850534319769839,1667118300,1667118420,1667118600,-1,PROTECTED_STOP,2.0,1.0038657192424645,0.2805178791615324,2.746153836364316
1.7451249178368258,1667174400,1667176140,1667180640,-1,PROTECTED_STOP,29.0,1.7731439903767292,1.018524051389317,0.32032854177991843
0.08785472674813108,1667180700,1667182620,1667183160,-1,PROTECTED_STOP,32.0,1.2714946677778567,1.4417006109980053,0.37824474633835675
-1.0138154756748814,1667189700,1667190480,1667192880,-1,SL,13.0,2.0394821945056205,0.22636061787211034,1.517857136151562
1.6080002570693774,1667262600,1667263020,1667271360,1,PROTECTED_STOP,7.0,-2.1703659129089576,0.07455012853474148,7.8965516182117605
1.5591347792997996,1667281200,1667281560,1667283540,1,PROTECTED_STOP,6.0,-0.8773613816933705,0.0,831050228.3105066
0.08360568994891199,1667284200,1667284860,1667286960,1,PROTECTED_STOP,11.0,-4.884491956068893,0.42930153321975884,0.9388888867019547
0.07923850275120739,1667348400,1667349120,1667354460,1,PROTECTED_STOP,12.0,-1.8546258497825177,0.3557775847089754,1.0170940142352864
-1.0241842791088995,1667363400,1667365380,1667366340,1,SL,33.0,-1.9163112617128988,0.9815889029003346,0.7985611502656444
-1.0205086086086057,1667367300,1667367420,1667373120,1,SL,2.0,-2.0885138065183764,0.0,567567567.5676014
-1.0117879320445073,1667433600,1667434020,1667436360,-1,SL,7.0,1.4742273421402214,0.15992970123026712,1.9999999874937058
-1.0146560912390066,1667437500,1667437920,1667439000,-1,SL,7.0,1.6943478276467354,0.4441679626749136,1.058823527028149
0.08423055231748622,1667440500,1667440800,1667444460,-1,PROTECTED_STOP,5.0,1.536419329053893,0.13755203996672918,2.3220338814228882
-1.0200655733049708,1667520000,1667520240,1667521140,-1,SL,4.0,2.5224959130391302,0.19680511182104593,2.1818181707326967
0.08010559876673533,1667521500,1667521560,1667523000,-1,PROTECTED_STOP,1.0,2.2535237000902457,0.0,629808702.9641045
0.0787509439593924,1667536500,1667538840,1667539860,1,PROTECTED_STOP,39.0,-1.9919874053962001,0.8242668457577685,0.47908745189035057
0.0866550869604208,1667606400,1667606460,1667606580,1,PROTECTED_STOP,1.0,-1.5474407024738912,0.0,338740200.05409485
1.5180018383346556,1667607000,1667607060,1667608740,1,PROTECTED_STOP,1.0,-1.5494042595581534,0.0,567721005.6772078
0.08749738570295322,1667608800,1667608860,1667610300,1,PROTECTED_STOP,1.0,-1.6733244098257942,0.0,3207930731.5849237
0.08519991035411902,1667702400,1667703060,1667704560,-1,PROTECTED_STOP,11.0,2.947981484907279,0.19243986254296866,3.7499999805130964
0.07866953265642597,1667712900,1667713560,1667714040,-1,PROTECTED_STOP,11.0,1.43916662542057,0.5504428602290028,0.7142857129880295
0.07359038204644161,1667720400,1667720460,1667722440,-1,PROTECTED_STOP,1.0,2.5298108213972443,0.0,590969810.3125516
0.08970682713962613,1667779800,1667779860,1667782500,-1,PROTECTED_STOP,1.0,2.6337032524233863,0.0,505489864.8648791
-1.0086520008269155,1667785500,1667785560,1667787000,-1,SL,1.0,2.939970370699519,0.0,606538495.6144491
0.09151132646880525,1667787300,1667787420,1667788680,-1,PROTECTED_STOP,2.0,2.7154636158962377,0.0,386432465.17264366
0.0912754306162079,1667865600,1667866680,1667869500,-1,PROTECTED_STOP,18.0,2.217309457497744,0.5018195050946291,0.72588832342652
0.09232214973088075,1667879700,1667879760,1667880060,-1,PROTECTED_STOP,1.0,1.060078654882452,0.0,664491926.2762729
0.09330390517054395,1667880600,1667880660,1667880840,-1,PROTECTED_STOP,1.0,3.0475692466214936,0.15475238164497968,31.592105059010265
0.09683215363108182,1667953800,1667954760,1667956200,-1,PROTECTED_STOP,16.0,0.9301491685433766,0.23486130527556087,1.8947368340376534
0.0958172924787433,1667962800,1667963160,1667969820,1,PROTECTED_STOP,6.0,-3.859810395625577,0.046972911629737726,7.57352925053367
-1.0043058399999958,1667971800,1667972580,1667979360,1,SL,13.0,-1.467767583686108,0.5480999999999939,0.7586206882711063
0.09840101843623601,1668038400,1668039120,1668042660,1,PROTECTED_STOP,12.0,-1.2577112575540899,0.518386864711608,1.6839999967514652
0.09712151413512315,1668061500,1668061560,1668062520,1,PROTECTED_STOP,1.0,-1.1264220524185122,0.0,537171501.2347426
0.09684148833149754,1668068700,1668068820,1668075060,1,PROTECTED_STOP,2.0,-3.34047878744525,0.0,380948483.9805221
0.09691064799084396,1668125400,1668125460,1668126420,-1,PROTECTED_STOP,1.0,1.3158734130654308,0.0,349378940.61238784
0.09567146457875357,1668130500,1668131820,1668132120,-1,PROTECTED_STOP,22.0,1.4997370193127166,0.47750308360596005,1.3852201228851273
0.09647971823498847,1668133500,1668136020,1668137940,-1,PROTECTED_STOP,42.0,1.8933508630188378,0.5079744816587018,1.4615384586612115
-1.0062242964599384,1668222900,1668224280,1668227520,1,SL,23.0,-0.951997808943027,1.0725895534164258,0.5818743557911904
-1.0072221628920262,1668227700,1668227760,1668229320,1,SL,1.0,-1.0249347141279495,0.0,683115448.3520548
-1.006739712643674,1668229800,1668230280,1668232140,1,SL,8.0,-1.6829282183442429,0.8943103448275685,0.48448043130714574
-1.012557196122287,1668300300,1668300600,1668308520,-1,SL,5.0,3.404011293072705,0.0,355704697.9866101
0.08587886062341936,1668309000,1668309060,1668309240,-1,PROTECTED_STOP,1.0,1.886631691516125,0.0,461483339.30494756
2.4355816497633556,1668318300,1668318840,1668322080,-1,PROTECTED_STOP,9.0,2.3868940679938957,0.15902636916831567,1.9821428446795217
-1.0058735581813871,1668384000,1668385440,1668385680,-1,SL,24.0,1.5664250343413078,0.8578136004382113,3.0804597665239206
0.09522305925973253,1668386400,1668388740,1668389400,-1,PROTECTED_STOP,39.0,0.7600439373963815,0.5583012071035708,0.7083993648167584
0.0955894416283528,1668392400,1668392640,1668399360,1,PROTECTED_STOP,4.0,-1.2758061982988214,0.0,372156076.8595906
-1.0054492066820513,1668477300,1668477420,1668483300,-1,SL,2.0,1.1456020465949415,0.0,488292444.2580339
-1.0066828282828406,1668483600,1668483900,1668488820,1,SL,5.0,-2.842751562779796,0.1925133689839649,2.2592592475234716
0.09111993773017098,1668490800,1668492420,1668494100,1,PROTECTED_STOP,27.0,-1.649401036222543,0.9042032122109681,0.5114638442315201
0.09111023520971775,1668558600,1668558780,1668564240,1,PROTECTED_STOP,3.0,-1.1495293552406436,0.0,429720240.11776805
0.09113055773763352,1668567900,1668568260,1668571380,1,PROTECTED_STOP,6.0,-1.5347034280380643,0.1398271798900461,2.640449419318152
0.08856877121522862,1668581400,1668582780,1668585840,-1,PROTECTED_STOP,23.0,2.1277687885683214,0.8961303462321774,0.3636363632305786
-1.0080822767269313,1668651000,1668651960,1668654000,1,SL,16.0,-2.882443444816118,0.013094990646456415,27.777775656480824
0.0889118301314401,1668657900,1668658140,1668658800,1,PROTECTED_STOP,4.0,-1.828675751451047,0.5500505561173055,0.7463235280548909
0.08910504481674893,1668668100,1668668400,1668668880,1,PROTECTED_STOP,5.0,-1.3512022348035009,0.8278192313107104,0.43809523756605667
2.780076443116075,1668729600,1668729720,1668730260,1,PROTECTED_STOP,2.0,-1.4469690991078,0.10722959088358021,4.365853617823483
-1.0097565649044382,1668731700,1668731760,1668733140,-1,SL,1.0,1.1802318350840086,0.0,592454703.4003912
-1.0081632473340074,1668739200,1668739260,1668743820,1,SL,1.0,-1.5638280823697293,0.0,689164086.6873144
1.3368813034188365,1668816000,1668816360,1668823560,-1,PROTECTED_STOP,6.0,1.4338754295299467,0.2275641025640563,1.8169014004671515
-1.0208228545861167,1668823800,1668823920,1668824280,1,SL,2.0,-2.116675106450196,0.0,451006711.40939593
-1.0160729855193213,1668835800,1668836100,1668847020,-1,SL,5.0,1.930714129893047,0.2968197879858878,1.352941171912297
0.08516266412941592,1668902400,1668902700,1668904920,1,PROTECTED_STOP,5.0,-2.1191861184236784,0.3436726926736853,1.255813949833906
-1.0188324008757017,1668934500,1668934920,1668939300,-1,SL,7.0,2.7548134525863976,0.5585015811238508,0.7804878034804678
0.0845538165405649,1668940500,1668940980,1668941100,-1,PROTECTED_STOP,8.0,1.0404759480794146,0.7554759060134822,1.0664206627951653
0.09334867924528062,1668988800,1668989040,1668991800,-1,PROTECTED_STOP,4.0,1.9202773152601325,0.1437472575690961,2.692307673578489
0.09258937226857905,1668996600,1668997020,1668997500,-1,PROTECTED_STOP,7.0,0.7520944531308135,0.6132300357568601,1.3809523787004292
0.09397753953649839,1669003800,1669006380,1669014420,-1,PROTECTED_STOP,43.0,1.3104550123866106,1.6319705576445973,0.2306108440591078
0.09511393516384362,1669076700,1669077420,1669085880,-1,PROTECTED_STOP,12.0,2.0634546057520433,0.009218410482649675,40.59999559577084
-1.0097444003177043,1669097100,1669097160,1669099860,1,SL,1.0,-1.528495956570981,0.0,617156473.3915689
0.08997531100478026,1669100100,1669101360,1669104540,1,PROTECTED_STOP,21.0,-0.9894284497293028,1.542583732057427,0.2828784117273026
0.08950362962963615,1669161600,1669161900,1669162800,-1,PROTECTED_STOP,5.0,1.6326310751184372,0.24305555555555494,2.0959999913765155
-1.0086210140043614,1669170900,1669171260,1669174020,-1,SL,6.0,1.0084119968194354,0.41676027858908077,1.1132075444987133
-1.0073316336524283,1669174500,1669175280,1669182960,1,SL,13.0,-2.7172716383863413,0.3065112311629518,2.337662330035439
0.09056247983220227,1669254300,1669254360,1669254480,1,PROTECTED_STOP,1.0,-1.297065668625269,0.0,1302758954.501463
0.08754431988039772,1669269600,1669270080,1669273080,1,PROTECTED_STOP,8.0,-1.6929619769257451,0.39686098654701435,1.3163841774743505
-1.0125140132536137,1669277400,1669277580,1669278480,1,SL,3.0,-1.4660013756736208,0.0,601907224.8262149
0.08580938362468357,1669335300,1669335660,1669337760,-1,PROTECTED_STOP,6.0,0.8890152152347618,0.517755289788371,1.2636815895992721
0.08665076007168639,1669341900,1669341960,1669345440,1,PROTECTED_STOP,1.0,-1.10140138477277,0.0,747702444.945365
-1.0153940940136503,1669351500,1669351560,1669352220,1,SL,1.0,-1.5079133243204514,0.0,677782241.8641477
0.08767186408385237,1669426200,1669426260,1669427760,-1,PROTECTED_STOP,1.0,3.240144626980886,0.0,597967608.7646359
-1.0197875500980582,1669443300,1669443540,1669445760,1,SL,4.0,-1.289640263339973,0.44052187260166076,0.9918699164477255
0.07820673230187579,1669457700,1669457940,1669468260,-1,PROTECTED_STOP,4.0,1.4390743418196863,0.8663853727144867,0.4318181813197683
-1.0160640725244137,1669507800,1669507920,1669515060,-1,SL,2.0,2.1256108124713795,0.0,456903765.6903322
-1.016186543313728,1669515300,1669515780,1669518060,-1,SL,8.0,1.4818260939453098,0.017661900756895887,17.16666569474683
0.08262752059928363,1669526100,1669527060,1669530300,1,PROTECTED_STOP,16.0,-1.6638180335947126,0.12269662921352893,4.205128170853511
1.6561504367816189,1669593900,1669594200,1669597920,-1,PROTECTED_STOP,5.0,4.372099954157008,0.4137931034482699,0.959999997680097
1.4626305413105314,1669598100,1669598220,1669598580,-1,PROTECTED_STOP,2.0,1.998690560691768,0.1754985754985587,2.3977272590649314
0.09137850396100579,1669599000,1669599060,1669599540,-1,PROTECTED_STOP,1.0,1.4270879024290646,0.0,892595978.0621355
-1.013530585296204,1669686600,1669686660,1669694580,-1,SL,1.0,2.6325912819930735,0.0,312276945.0392568
1.3276451069219133,1669696200,1669696380,1669698720,1,PROTECTED_STOP,3.0,-1.5434539348894234,0.09820254274447025,5.020833282202661
0.09028941552166266,1669698900,1669699080,1669711920,1,PROTECTED_STOP,3.0,-3.5825944957866636,0.0,585906970.8811414
0.08048993982542511,1669766400,1669766460,1669768140,1,PROTECTED_STOP,1.0,-2.0260642305200562,0.0,384439359.26770574
2.2047041738135627,1669768500,1669768620,1669768800,1,PROTECTED_STOP,2.0,-1.2744457631296593,0.0,552315608.9194543
-1.0093823003908315,1669769400,1669769460,1669770000,-1,SL,1.0,6.068446602143239,0.44891122278055573,1.014925370873523
-1.008887217600297,1669855500,1669855620,1669873560,1,SL,2.0,-1.2600675646516817,0.0,338546866.33387524
0.07912789400279162,1669873800,1669874160,1669878180,1,PROTECTED_STOP,6.0,-1.3696293333638652,0.1757322175731978,2.124999987908212
0.08065434976130963,1669881600,1669881660,1669892400,1,PROTECTED_STOP,1.0,-1.4401930608654026,0.0,435057052.68278736
-1.017753327351583,1669939200,1669939380,1669942620,-1,SL,3.0,1.6504556215808797,0.17272319425751625,1.9999999884207793
0.08178425522146654,1669942800,1669942860,1669943040,-1,PROTECTED_STOP,1.0,2.4128654167623274,0.0,793665366.0776116
1.3664865365577548,1669945200,1669945440,1669947240,-1,PROTECTED_STOP,4.0,2.0893811185414854,0.08018667798050626,6.8148147298253
-1.0183504823151488,1670025600,1670025780,1670025960,1,SL,3.0,-1.3561152306758397,0.34083601286169124,7.264150922084478
-1.015777790989541,1670028000,1670028060,1670037540,1,SL,1.0,-1.2381603362814815,0.0,349583828.77532655
-1.0196761975553508,1670037600,1670037840,1670047500,1,SL,4.0,-1.4382508475101132,0.0,364222001.9821651
-1.0151336010709666,1670120700,1670122320,1670129640,-1,SL,27.0,2.215737608098431,0.12315930388215529,3.652173883390411
-1.0233499216607653,1670131200,1670131740,1670132580,1,SL,9.0,-4.579691562274972,0.2755581668625346,1.5074626810962044
0.07919524932320893,1670132700,1670133180,1670133900,1,PROTECTED_STOP,8.0,-3.3803111839393867,0.0,473146450.09173393
0.08746455604074199,1670201100,1670201220,1670203860,-1,PROTECTED_STOP,2.0,2.240319866627653,0.3034934497816908,1.4964028727670389
-1.0125002615787007,1670216100,1670216220,1670217120,1,SL,2.0,-1.1798764877562145,0.25419295276194714,10.923728770585956
0.09008557884845321,1670218500,1670219940,1670229540,1,PROTECTED_STOP,24.0,-1.5080698662181122,0.3106534265048172,1.2430939186504877
-1.0192686121919288,1670285400,1670285880,1670287020,-1,SL,8.0,1.2998555220316856,0.3472762645913369,1.127450977145925
0.08089126353790074,1670287200,1670287260,1670287980,-1,PROTECTED_STOP,1.0,1.4763249119280901,0.0,774969915.7641327
0.08250712977212167,1670289000,1670290080,1670292600,-1,PROTECTED_STOP,18.0,1.2628599475250029,0.8648054517475823,0.7437722411329273
-1.0162509468539913,1670373600,1670373660,1670374560,1,SL,1.0,-1.741780925394397,0.0,1049073508.4503844
-1.0145301094890533,1670375700,1670376180,1670390820,1,SL,8.0,-1.115813231031584,0.2963503649634645,1.4137930986778973
0.07353710776107936,1670396100,1670396700,1670396940,-1,PROTECTED_STOP,10.0,3.7788602743422497,0.5112227805694118,1.0642201814049368
0.07569710279412477,1670457600,1670458380,1670460420,1,PROTECTED_STOP,13.0,-2.166065082548583,0.26415094339616996,1.426229502797883
0.08003910794534867,1670461200,1670461260,1670462160,1,PROTECTED_STOP,1.0,-2.9315962672652263,0.12465021622996739,2.971428547590853
1.3771724637681009,1670463900,1670464020,1670467500,1,PROTECTED_STOP,2.0,-2.8171395006090196,0.0,488801054.01848847
0.08612494961708136,1670546700,1670546820,1670550600,1,PROTECTED_STOP,2.0,-1.0202356543649678,0.0024183796856634535,166.99993094185422
1.818667983122177,1670580600,1670580660,1670581200,-1,PROTECTED_STOP,1.0,2.7542776871157066,0.0,1070379746.835578
-1.037340279069745,1670581500,1670581560,1670585640,-1,SL,1.0,1.6495533935974038,0.0,761860465.1163263
-1.0265089279788029,1670630400,1670630820,1670631840,-1,SL,7.0,1.608861624732178,0.23697311649512048,1.6274509735248177
0.07229683748850789,1670631900,1670632080,1670633760,-1,PROTECTED_STOP,3.0,1.39056381117641,0.0,441135734.0719527
-1.043369074778176,1670664300,1670664360,1670664840,-1,SL,1.0,1.4855094165660288,0.0,577946768.0607531
-1.028184297132171,1670718600,1670719140,1670723880,-1,SL,9.0,3.021854739101706,0.0,320874471.0860383
0.06679037344400857,1670724000,1670724120,1670726160,-1,PROTECTED_STOP,2.0,2.036216603600233,0.0,365975103.734403
-1.0375816533833937,1670744100,1670745000,1670748180,1,SL,15.0,-2.317460610595729,0.426629160806392,1.292307689278244
1.439494718909755,1670803200,1670803260,1670804160,-1,PROTECTED_STOP,1.0,1.0000059244069288,0.04429301533217267,68.15384461517907
0.0846470557818081,1670805600,1670805720,1670808780,-1,PROTECTED_STOP,2.0,1.327085573970614,0.010859026565872338,41.74999615512261
0.0863561361015123,1670811300,1670813460,1670813940,-1,PROTECTED_STOP,36.0,2.3993855422258195,0.7193771626297708,1.4713804693351067
-1.0147487913836248,1670889600,1670889660,1670891460,1,SL,1.0,-1.5064972821653972,0.07710666421883493,5.033333268055309
0.08368844507845183,1670892900,1670893020,1670907180,1,PROTECTED_STOP,2.0,-1.584429734792173,0.0,370898716.11982006
0.07606522867984614,1670915700,1670916480,1670917140,1,PROTECTED_STOP,13.0,-4.095290219372063,1.3924505692031188,0.3554216864917092
-1.017311101830607,1670976000,1670977260,1670978580,-1,SL,21.0,1.8660216155576623,0.616830235957469,0.6161137430769272
0.08413689703448202,1670978700,1670978760,1670986440,-1,PROTECTED_STOP,1.0,1.7790140660961395,0.0,716303932.7987597
0.07877755674573166,1671009000,1671009360,1671012540,-1,PROTECTED_STOP,6.0,2.709982419932006,0.0,474878857.43429935
-1.0130394764619093,1671069300,1671069600,1671069840,1,SL,5.0,-2.670354760910918,0.3657378087397074,1.666666662109668
1.3924138974888243,1671069900,1671069960,1671076320,1,PROTECTED_STOP,1.0,-2.257861371699056,0.0,1238390092.8792517
0.0883630255255227,1671076500,1671076980,1671078180,-1,PROTECTED_STOP,8.0,2.2207352908225935,0.0,329110360.3603723
-0.4746433658873413,1671149100,1671149160,1671170760,-1,TIME,1.0,1.2098334995038271,0.0,490973660.84634185
-1.031768488160315,1671174300,1671174360,1671174720,-1,SL,1.0,1.1172340162410053,0.0,1163934426.2294652
0.07310378687800761,1671174900,1671175260,1671175560,-1,PROTECTED_STOP,6.0,4.33558457335635,0.37912813738444673,1.2926829234193558
0.09283710448858216,1671237000,1671237660,1671246300,-1,PROTECTED_STOP,11.0,0.9914434573013575,0.04635761589402096,7.9722220502534284
1.516292105749618,1671321000,1671321540,1671327060,-1,PROTECTED_STOP,9.0,2.676104480781168,0.438713255684943,0.8141592901797259
0.07148328452909944,1671355800,1671356520,1671356940,1,PROTECTED_STOP,12.0,-4.719054046709865,1.3682284040995945,0.6029962542408638
0.07037678843220828,1671376500,1671376620,1671378420,1,PROTECTED_STOP,2.0,-1.4909379000600307,0.015981735159778635,32.666664622743596
-1.032344094922792,1671386700,1671386760,1671387060,-1,SL,1.0,1.7325047059297733,0.0,1240066225.165636
1.9886588968296854,1671409500,1671410880,1671419160,-1,PROTECTED_STOP,23.0,0.9789058245454831,0.8363569726955763,0.4662576681542131
0.08504811471734487,1671422100,1671423000,1671428520,1,PROTECTED_STOP,15.0,-1.2974070206618036,0.16938736316495281,2.0476190355311337
-1.017690111714968,1671432900,1671433320,1671436320,1,SL,7.0,-1.136226392035398,0.06974637681161808,6.136363548380498
-1.0074253806455644,1671501600,1671501900,1671504120,-1,SL,5.0,0.8370749522772079,0.15213001250119149,2.336283170483839
0.09164203844370271,1671504300,1671504420,1671505260,-1,PROTECTED_STOP,2.0,1.281086745788187,0.053921044185277836,9.02777761035556
0.08506116394064683,1671526200,1671526440,1671529260,1,PROTECTED_STOP,4.0,-1.819605813817807,0.21034613921637427,2.215189862887169
-1.0148770479426246,1671582600,1671582660,1671583680,1,SL,1.0,-1.035895666966932,0.0,369950924.8773152
0.08539243156197417,1671584100,1671584640,1671585600,1,PROTECTED_STOP,9.0,-1.3406306777213712,0.24451876625784122,1.7659574395869775
-1.0146847645775139,1671593400,1671593640,1671598860,1,SL,4.0,-1.85915146227607,0.0,377174929.8409156
0.07055589859440468,1671716700,1671717960,1671718500,-1,PROTECTED_STOP,21.0,2.9835820183950954,0.7484939759034549,0.8521126749182302
0.07524244161353869,1671719700,1671720480,1671720660,-1,PROTECTED_STOP,13.0,4.182528851136874,1.2707006369426752,0.35087719270632717
1.4465191808517162,1671722100,1671722880,1671730500,-1,PROTECTED_STOP,13.0,4.264817650717601,0.41909606730579224,0.9281045729489514
1.458312643678114,1671754800,1671754980,1671764220,1,PROTECTED_STOP,3.0,-1.0678745271093033,0.0,393240465.85976076
0.07793011326402469,1671774900,1671777480,1671782700,1,PROTECTED_STOP,43.0,-2.7200350006328056,1.061499578770002,0.48148148102789534
-1.032808611111147,1671800700,1671801360,1671802140,1,SL,11.0,-1.2557189596271676,0.9450000000000568,0.35185185147955095
-1.0296413610586193,1671841500,1671841920,1671851400,-1,SL,7.0,2.2880310417999556,0.12703213610593714,2.9166666437048288
0.0581417910446958,1671851700,1671852420,1671857700,-1,PROTECTED_STOP,12.0,1.06544437151367,0.08208955223896791,6.4545453759032245
0.0509798750000303,1671859500,1671859560,1671860580,1,PROTECTED_STOP,1.0,-3.0751291182196883,0.0,358750000.000191
0.05744662332975818,1671926400,1671928020,1671931020,1,PROTECTED_STOP,27.0,-0.8155057215932633,0.4398699891659966,0.6896551708455857
0.04944674822931902,1671936000,1671936540,1671940020,1,PROTECTED_STOP,9.0,-1.368332180486108,0.36960721184822587,1.2195121918218204
1.2939400896244868,1671943500,1671945420,1671945600,-1,PROTECTED_STOP,32.0,1.8329151776697028,2.374353671148162,0.2804878047598029
-1.0340864818024422,1672020600,1672020780,1672021800,-1,SL,3.0,3.0244790734474285,0.0606585788561527,7.6999998730607295
0.07100534903690446,1672022100,1672022160,1672023480,-1,PROTECTED_STOP,1.0,1.0491415026504292,0.0,370997423.629044
-1.0261308535370626,1672032600,1672032660,1672042380,1,SL,1.0,-1.814743725965973,0.0,339422118.8973359
0.079215754692073,1672102200,1672102260,1672102920,1,PROTECTED_STOP,1.0,-3.6765534192270266,0.0,484800422.94469523
0.06753915322025913,1672141500,1672144200,1672146180,-1,PROTECTED_STOP,45.0,1.9526235384022208,0.671907323127979,0.7499999988836963
0.0707280668912887,1672151700,1672151760,1672151880,-1,PROTECTED_STOP,1.0,1.5432991483938623,0.0,2893298390.1160755
0.0730950143926721,1672185600,1672185660,1672190820,-1,PROTECTED_STOP,1.0,1.2045595715312138,0.0,367530224.52515334
-1.0137470744210735,1672202100,1672202640,1672206000,1,SL,9.0,-1.7396134530700684,0.18561074774615496,1.706666657472185
1.11422888586784,1672206300,1672206420,1672228020,1,TIME,2.0,-2.6541072725483015,0.38881336181790127,1.0139860113779084
0.08611057934511591,1672272600,1672273980,1672281660,-1,PROTECTED_STOP,23.0,1.8375469212586986,0.025188916876573847,16.499999344950023
-1.0213305234159347,1672312800,1672313220,1672320480,-1,SL,7.0,0.8407446136981868,0.15812672176303086,2.1463414498425526
-1.029643757159263,1672321200,1672321440,1672322580,1,SL,4.0,-1.5720882984481925,0.6307751050020699,0.5677966092689479
0.06595383714116076,1672368300,1672368600,1672369200,-1,PROTECTED_STOP,5.0,1.3690653821482759,0.3444639718804048,0.8749999974603085
0.06185461133065183,1672377600,1672379340,1672379520,-1,PROTECTED_STOP,29.0,1.3330246376490122,0.670948616600836,5.2783505075966
0.07174925627897963,1672380600,1672380780,1672381560,-1,PROTECTED_STOP,3.0,1.8561639742448959,0.20482809070958466,2.149999989503029
1.2345885458358021,1672445100,1672445340,1672466940,-1,TIME,4.0,1.0166825930906278,0.0,376214979.9884861
-1.0522294343024725,1672472700,1672472760,1672475700,-1,SL,1.0,1.458128549512167,0.0,473292765.38201016
0.05073201614614991,1672476000,1672476420,1672481820,-1,PROTECTED_STOP,7.0,2.71210779053419,0.16061185468444975,4.833333303242437
0.07852254710850617,1672531200,1672531380,1672532280,-1,PROTECTED_STOP,3.0,2.5466764322354876,0.015594541910387704,27.49999823646257
1.6984934756821048,1672540500,1672540680,1672557480,-1,PROTECTED_STOP,3.0,1.5433372046870102,0.0,303914590.7472584
0.05656948515601166,1672558200,1672558260,1672558620,-1,PROTECTED_STOP,1.0,2.878761483000953,0.0,363021420.5184768
-1.043563595505521,1672617600,1672617660,1672618680,1,SL,1.0,-1.570438340628684,0.0,479775280.8990285
-1.0408217651194718,1672619400,1672619520,1672621560,1,SL,2.0,-1.5449430733934029,0.19936708860764255,1.851851842562699
1.7188294403893394,1672621800,1672621860,1672631100,1,PROTECTED_STOP,1.0,-1.5941626363501367,0.0,795620437.9562985
-1.0222774532264642,1672711500,1672712520,1672724280,-1,SL,17.0,1.1191930484001513,0.044100801832702624,8.181817996303627
0.054938677431847154,1672725900,1672725960,1672727160,-1,PROTECTED_STOP,1.0,2.2703024986041527,0.13725490196083903,3.8823529128882384
0.06727010626400776,1672729500,1672730040,1672733100,1,PROTECTED_STOP,9.0,-2.776841626573204,0.0,317114093.9596014
0.05680403703709437,1672791000,1672791060,1672792500,1,PROTECTED_STOP,1.0,-1.1178321276861225,0.0,326666666.66674304
0.059758621877773,1672794600,1672794660,1672794900,1,PROTECTED_STOP,1.0,-2.039092081278285,0.0,564341085.271539
0.0724272416636646,1672795800,1672795860,1672799940,1,PROTECTED_STOP,1.0,-1.2238975578487012,0.0,435489572.2869945
0.07355325257968393,1672877100,1672879380,1672882320,-1,PROTECTED_STOP,38.0,1.594065979268425,0.9327052489905308,0.3232323228858551
0.03457053099805779,1672902900,1672904220,1672906680,1,PROTECTED_STOP,22.0,-2.690277558977597,2.825688073394207,0.16942148754345876
0.05028535193398416,1672908000,1672908420,1672908720,1,PROTECTED_STOP,7.0,-2.4909406062105925,0.7368421052630728,0.62650602324627
1.4151913486005154,1672963800,1672964460,1672966260,1,PROTECTED_STOP,11.0,-0.9631771668419259,0.5114503816791428,0.6268656704165092
-1.0421641742871914,1672978800,1672979400,1672980660,-1,SL,10.0,1.542510039586051,0.6024744486282783,1.1874999980289622
1.3721113268608207,1672980900,1672981260,1672986900,-1,PROTECTED_STOP,6.0,1.6989742138648416,0.0,343382728.6665265
0.0774383233532847,1673049600,1673052180,1673053800,1,PROTECTED_STOP,43.0,-1.2141345784090873,0.7584830339321262,0.5999999992090239
0.06577306193153659,1673060100,1673060160,1673063040,1,PROTECTED_STOP,1.0,-1.7098878253815866,0.0,424426158.51018155
1.7124935473085605,1673071500,1673071560,1673078760,1,PROTECTED_STOP,1.0,-1.5913414089499656,0.0,758274824.473619
0.019075605595451864,1673136000,1673136060,1673136600,1,PROTECTED_STOP,1.0,-1.12914223346714,0.0,831115660.1841578
0.0489761689291824,1673142300,1673142360,1673145360,1,PROTECTED_STOP,1.0,-1.5776809625525825,0.0,533936651.5838647
0.051971914893656,1673147100,1673148900,1673151540,1,PROTECTED_STOP,30.0,-1.4807113248068793,0.19574468085099322,1.9565217291357797
-1.0150513642650483,1673222700,1673223720,1673225220,-1,SL,17.0,2.5172647336987857,1.4866088268578745,0.41030195354278204
0.08867193552946576,1673226600,1673228280,1673228400,1,PROTECTED_STOP,28.0,-2.122007988956703,0.20585324473352257,2.019230759421408
-1.0144215647600545,1673238600,1673239560,1673247180,1,SL,16.0,-1.663593675906385,0.22341760803293756,2.0449438110722915
0.07931038871688956,1673313900,1673314260,1673317800,-1,PROTECTED_STOP,6.0,1.8703181082966467,0.04695562435497906,7.999999829631974
0.07104865969469812,1673327100,1673328480,1673333640,-1,PROTECTED_STOP,23.0,1.2480672004200946,0.1817526144968689,2.5277777638716126
-1.0316281819372826,1673339700,1673339760,1673342340,-1,SL,1.0,1.8088576997493298,0.0,379866299.6459682
0.07747015503873476,1673395200,1673396100,1673400480,1,PROTECTED_STOP,15.0,-1.410590852853718,0.31782945736437507,1.1341463378948133
-1.0210090462651629,1673403900,1673403960,1673405940,1,SL,1.0,-1.7592628944338105,0.0,347376583.09635663
0.07994485881290167,1673406000,1673406060,1673408700,1,PROTECTED_STOP,1.0,-1.79562391449694,0.0,715732279.5752392
-1.0084288019362742,1673481600,1673481720,1673484840,-1,SL,2.0,2.0783082457386213,0.026825332795451465,15.789473095625603
0.09404526662462817,1673485200,1673485260,1673486460,-1,PROTECTED_STOP,1.0,1.9936700688951938,0.0,824048770.2333431
0.08718584571831155,1673502600,1673502660,1673504040,1,PROTECTED_STOP,1.0,-2.0444629720548266,0.0,590233545.6475449
-1.0065868800957538,1673568000,1673568180,1673570640,1,SL,3.0,-1.8044797040298242,0.0,335103597.8756813
0.09124714195247052,1673570700,1673570760,1673573520,1,PROTECTED_STOP,1.0,-2.533432520609619,0.0,713928607.1392819
-1.0117874899544634,1673578800,1673580780,1673589480,1,SL,33.0,-1.015107024145531,0.27189927672113634,1.9448275790539455
0.09609828693790468,1673656800,1673657040,1673658420,-1,PROTECTED_STOP,4.0,2.848837428545819,1.916408914267594,0.360081112210713
-1.009103713527847,1673688300,1673688360,1673688660,1,SL,1.0,-6.456905815172515,0.0,1823607427.0557177
-1.006235364769643,1673688900,1673688960,1673691780,1,SL,1.0,-4.0702846345528245,0.0,998894308.9431007
0.09169575424431381,1673742900,1673742960,1673743920,1,PROTECTED_STOP,1.0,-2.059106941418793,0.0,893412350.7686912
0.09330091003820883,1673753100,1673753220,1673766180,1,PROTECTED_STOP,2.0,-1.5051053034148902,0.13907606807922213,2.951048929829191
0.08997253805529917,1673776800,1673777100,1673779980,-1,PROTECTED_STOP,5.0,2.4064061349041364,0.06668737703218373,6.891304244490963
-1.0110819551718777,1673827200,1673827560,1673828400,1,SL,6.0,-1.6053135877210614,0.7473875511131292,0.5148936163323675
3.245560379976555,1673828700,1673829360,1673831280,1,PROTECTED_STOP,11.0,-1.5357597768709956,0.5020813320525455,0.955357140954244
0.09177825630832515,1673831400,1673831580,1673831820,1,PROTECTED_STOP,3.0,-2.6503609454818027,0.570482027497109,2.4390243859684917
0.09318357783494144,1673918400,1673919000,1673921160,1,PROTECTED_STOP,10.0,-1.9000297944972142,0.39421539317249354,0.795061726378259
0.08694426359666892,1673936100,1673936160,1673940300,1,PROTECTED_STOP,1.0,-1.1313768290963173,0.0,518724361.51912576
-1.0136753651232637,1673956800,1673956980,1673957220,-1,SL,3.0,1.6308029976737641,0.21865929509335277,1.8230088412197123
0.09040825924495786,1674009900,1674010380,1674015060,-1,PROTECTED_STOP,8.0,1.0891166811696753,0.7508697332817968,0.6378378369883331
-1.0127011571097877,1674038700,1674039480,1674045960,-1,SL,13.0,2.1330027787416395,0.3023913602468387,1.5357142806359598
1.36404103409043,1674050400,1674050700,1674051660,1,PROTECTED_STOP,5.0,-2.2228360730225356,0.5601977168412329,1.579411761886521
0.09062369910416128,1674090900,1674093300,1674094500,-1,PROTECTED_STOP,40.0,1.7241280964037535,0.6533423886678754,0.48024947951439895
-1.0109512869794433,1674097500,1674097560,1674102660,-1,SL,1.0,1.6295900096414258,0.0,498586772.1876787
0.08637317631667324,1674102900,1674103200,1674106440,-1,PROTECTED_STOP,5.0,2.6512232422168305,0.0,327772325.8096319
0.08873988483394002,1674174300,1674174360,1674178440,1,PROTECTED_STOP,1.0,-1.0092537588191373,0.0,493307401.8990874
-1.0128917817225715,1674190800,1674191220,1674195480,1,SL,7.0,-2.178261472785101,0.7087442472057822,0.47792207724779345
0.08598314944835654,1674195600,1674195720,1674196560,1,PROTECTED_STOP,2.0,-1.192223822408222,0.2186559679036669,2.018348614622911
0.09452888082273912,1674265800,1674266880,1674287580,1,PROTECTED_STOP,18.0,-1.3547625492471793,0.07114337568057522,4.816326462913802
0.08609121657053412,1674290700,1674290760,1674291840,-1,PROTECTED_STOP,1.0,2.6623581972267036,0.0,512060828.5265061
-1.009381682979176,1674294300,1674294360,1674294600,-1,SL,1.0,1.8432317346424718,0.0,669076800.987577
0.42916835849664015,1674364800,1674365040,1674386640,-1,TIME,4.0,2.45466292434632,0.0,421619017.0253796
1.3722022652737298,1674399300,1674400920,1674401040,-1,PROTECTED_STOP,27.0,3.8656631184347545,1.6898265544172812,1.7327731082182887
0.09346203743392628,1674409800,1674411900,1674412620,-1,PROTECTED_STOP,35.0,0.8405619705503498,0.29147021003000323,1.0999999962260723
0.08766264602009677,1674446100,1674447300,1674452040,1,PROTECTED_STOP,20.0,-1.2465159731377198,0.5118174409128183,0.7738853488063784
-1.0119096263079155,1674466200,1674466260,1674468720,-1,SL,1.0,1.3563271246249033,0.0,334304932.73541594
0.08906653019446031,1674469200,1674469920,1674472380,-1,PROTECTED_STOP,12.0,4.834334513495851,0.41269191402250904,1.052083330784142
-1.0110935293714554,1674526500,1674526620,1674529920,1,SL,2.0,-1.133865130134589,0.0,413119473.5759945
0.08819561162917133,1674530100,1674531360,1674534960,1,PROTECTED_STOP,21.0,-1.8539029315522517,0.5037849698299415,0.7225609741755298
-1.0149692208212227,1674540300,1674540420,1674543420,1,SL,2.0,-1.4042533035295615,0.0,467507274.49075925
0.09433803180059835,1674604800,1674605880,1674606240,-1,PROTECTED_STOP,18.0,2.9107766038348566,0.24516544907605284,1.6779141035855378
1.7832132277596333,1674629700,1674629820,1674638400,-1,PROTECTED_STOP,2.0,1.39416221018571,0.0,432541530.81814456
0.08347377972464541,1674638700,1674638760,1674640380,1,PROTECTED_STOP,1.0,-2.798331880102775,0.0,545369211.5143446
0.3552237623577147,1674694500,1674695520,1674717120,-1,TIME,17.0,1.4280182134148167,0.0,355509413.8443838
-1.011409912702639,1674728100,1674730020,1674733320,-1,SL,32.0,1.5320185417994825,1.0056654195617427,0.9583333323803558
1.5589945033372599,1674736500,1674738900,1674739860,-1,PROTECTED_STOP,40.0,0.864920450911981,1.1767855230752786,0.43949044548640565
1.6412852653994006,1674784800,1674785220,1674798060,1,PROTECTED_STOP,7.0,-1.1514727302790313,0.4842630102835897,0.7387387372132074
0.08760401170401941,1674799800,1674800340,1674801120,1,PROTECTED_STOP,9.0,-1.933719025990527,0.06629706629710165,5.634146256476718
0.08217008005336311,1674822600,1674822900,1674823680,-1,PROTECTED_STOP,5.0,1.241259758840456,0.37825216811209034,1.4753086380747766
0.08434751876057797,1674877500,1674879660,1674882480,-1,PROTECTED_STOP,36.0,0.9856732288976239,0.5042846768336816,0.6370967729301705
0.07794705520214529,1674884100,1674886740,1674887400,-1,PROTECTED_STOP,44.0,2.792402824374343,0.9624461317463517,0.4686567159308803
-1.0215606761923586,1674890400,1674890880,1674895620,-1,SL,8.0,1.7620365732667482,0.7804387200644175,0.7039711182315358
0.07719908328042398,1674952500,1674952560,1674952680,1,PROTECTED_STOP,1.0,-1.621914708552735,0.0,1815527818.912619
0.08099863085834946,1674954300,1674954360,1674954480,1,PROTECTED_STOP,1.0,-2.804493229531405,0.0,1314727049.324221
-1.0162330315174835,1674955200,1674955260,1674955380,1,SL,1.0,-5.318445136829034,0.0,2643313047.3504796
0.0887,1675038600,1675038780,1675040400,1,PROTECTED_STOP,3.0,-1.3709003074330859,0.12428571428572469,3.0114942286425634
-1.0111233024691433,1675041900,1675042020,1675044660,1,SL,2.0,-1.7635522687044942,0.0,452294685.99031836
0.08970549279558297,1675044900,1675044960,1675063260,1,PROTECTED_STOP,1.0,-2.333983416480838,0.0,448324152.7401662
0.09049312708632759,1675123200,1675123920,1675125960,-1,PROTECTED_STOP,12.0,2.066732969651361,0.4018240343347439,1.336448594804992
0.0885469070873854,1675131300,1675131360,1675139580,-1,PROTECTED_STOP,1.0,1.407678581235553,0.0,372652141.2471713
0.07874052287580953,1675144800,1675144860,1675146540,1,PROTECTED_STOP,1.0,-1.1296271225462946,0.0,750700280.1121328
-1.0180130376792182,1675227900,1675228380,1675232220,1,SL,8.0,-1.389031641035948,0.11437145715233263,2.816326505989711
0.07722396449703436,1675232400,1675232520,1675233720,1,PROTECTED_STOP,2.0,-2.749786037187501,0.0,627218934.9112535
0.07937674774950379,1675234800,1675235640,1675237020,1,PROTECTED_STOP,14.0,-3.3193456208972725,1.297835663665998,0.3367768592446159
1.6914250520303924,1675296000,1675297380,1675298520,1,PROTECTED_STOP,23.0,-1.4547572454379305,0.3608247422680418,1.9718309804507042
-1.0067402930402989,1675305300,1675306320,1675318440,1,SL,17.0,-1.073497925182874,0.38884192730346645,0.878260867306591
0.08651704352053802,1675319400,1675319580,1675320720,1,PROTECTED_STOP,3.0,-1.3069016513512974,0.0,481643569.17096967
-0.4426812225844184,1675382400,1675384560,1675406160,-1,TIME,36.0,1.5283799626290187,0.7512978389472543,0.42857142800096376
0.08841969228581258,1675432200,1675434300,1675434420,-1,PROTECTED_STOP,35.0,1.8038097777391955,1.199872081867619,0.35820895492532573
-1.0082661225312317,1675435500,1675436760,1675437420,-1,SL,21.0,1.2069786226879802,1.2421402660217766,0.4608177168351279
0.07747241997795935,1675486800,1675486860,1675491720,-1,PROTECTED_STOP,1.0,1.0802906681305848,0.0,330298013.2450747
0.07314746180383673,1675509600,1675509660,1675513560,-1,PROTECTED_STOP,1.0,1.2776252072960483,0.0,379497289.3050771
-1.0286011361650504,1675515000,1675515120,1675515720,-1,SL,2.0,1.3410296552430632,0.0,392763502.8841363
0.07978442668647531,1675556100,1675556160,1675556280,-1,PROTECTED_STOP,1.0,2.36288092161366,0.0,653038468.6860728
-1.025950623164205,1675572000,1675572120,1675579020,-1,SL,2.0,1.791750348061817,0.07668492498211409,5.652173839338813
-1.0383632466619903,1675592400,1675592460,1675592940,1,SL,1.0,-1.6674467031770608,0.0,782150386.5072752
0.08838478723019788,1675643400,1675643460,1675647780,-1,PROTECTED_STOP,1.0,1.6608241566651043,0.0,357150578.31583345
0.08713932557011504,1675661400,1675661580,1675664100,1,PROTECTED_STOP,3.0,-1.7511195823727814,1.2974284327996457,0.2814136123485386
0.08764784559450736,1675665900,1675668060,1675675380,1,PROTECTED_STOP,36.0,-1.3037606087459135,0.6579252726850838,0.48148148074966357
-1.020166075471689,1675747800,1675748580,1675750860,-1,SL,13.0,1.2599065676124024,0.6101886792453407,0.649350648286408
0.07925579443478695,1675751400,1675751520,1675754280,-1,PROTECTED_STOP,2.0,2.32490188448336,0.0,393182258.37690765
-1.020443747609919,1675755600,1675756260,1675759980,1,SL,11.0,-3.421771876090353,0.46845124282982137,0.7885714268880284
1.658077044816395,1675814400,1675814520,1675818780,1,PROTECTED_STOP,2.0,-1.2574692611949576,0.0,304780658.57129264
0.07397494590048317,1675836600,1675836660,1675837440,1,PROTECTED_STOP,1.0,-2.0104490273805022,0.0,333253185.86203384
1.4220811594202685,1675853700,1675854120,1675863000,-1,PROTECTED_STOP,7.0,1.3989960841151319,0.18840579710144645,1.7999999904457062
0.08469416023627305,1675905000,1675905240,1675905900,1,PROTECTED_STOP,4.0,-1.0085504109936352,0.0,472134895.6844527
-1.0140402013569725,1675908900,1675908960,1675911300,1,SL,1.0,-1.9217521541714622,0.0,511096520.02624816
0.08673016152717408,1675912200,1675912260,1675912500,1,PROTECTED_STOP,1.0,-1.551778526107907,0.0,877533039.6475602
0.0935120717504079,1675987800,1675989120,1676002800,-1,PROTECTED_STOP,22.0,1.9892064447653752,0.08569242540170285,4.624999946026623
0.0902922391979867,1676044500,1676044740,1676045640,1,PROTECTED_STOP,4.0,-1.6583026347303575,0.46007494955314426,0.9210526295770635
0.09222127385912805,1676049600,1676050440,1676063700,1,PROTECTED_STOP,14.0,-1.7186549231914083,0.1663837011884699,2.1753246622503246
0.060253359477066254,1676117400,1676117460,1676117580,-1,PROTECTED_STOP,1.0,1.8841269635941298,0.21960784313725176,2.0249999907795635
0.06477323144608058,1676118000,1676118060,1676118180,-1,PROTECTED_STOP,1.0,5.215182523795191,0.384161167071787,1.2911392371458468
0.06965855558886647,1676118600,1676119380,1676119920,-1,PROTECTED_STOP,13.0,3.5571250450634055,0.44471081810017565,1.4716981098977693
0.08436856368564769,1676160000,1676160420,1676163960,-1,PROTECTED_STOP,7.0,1.2944158788860793,0.5025310630465096,0.6538461525449762
0.07564776665076335,1676196000,1676196240,1676196720,-1,PROTECTED_STOP,4.0,2.6772972336565726,0.1068192656174495,3.343749968700395
0.0783646359584058,1676197200,1676197320,1676205720,-1,PROTECTED_STOP,2.0,1.715051333069902,0.0,505200594.3536342
0.09090421661598329,1676249100,1676249160,1676249940,1,PROTECTED_STOP,1.0,-1.4240913262702375,0.0,628735015.208405
0.084219562058938,1676277900,1676277960,1676278560,1,PROTECTED_STOP,1.0,-1.9893354359271032,0.0,536114570.36110973
0.08684897318510904,1676280300,1676280420,1676280780,1,PROTECTED_STOP,2.0,-1.467495816967304,0.08790058861999892,8.020833242085637
0.08568507076692901,1676332800,1676333220,1676337180,-1,PROTECTED_STOP,7.0,1.3753408912040332,0.3337565241923687,2.1065088694285325
0.07569253922506745,1676364000,1676364180,1676364960,1,PROTECTED_STOP,3.0,-1.3797134527165826,0.0941402497598215,4.607142808204136
0.08271794697485688,1676368800,1676368860,1676373360,-1,PROTECTED_STOP,1.0,2.3900039821653274,0.23079537729437288,2.0206185479460825
-1.0127981529581578,1676420700,1676421000,1676426160,1,SL,5.0,-1.5308206121829722,0.02770562770566563,18.812499320959777
0.0818442528735654,1676428500,1676431080,1676439600,1,PROTECTED_STOP,43.0,-1.0067975506309275,1.145320197044332,0.8193548379942525
-1.0238733040732984,1676455200,1676455500,1676457420,-1,SL,5.0,1.8889386830069932,0.016170016170016118,32.19999800866449
1.3326435896348574,1676505600,1676506140,1676506620,1,PROTECTED_STOP,9.0,-1.840973336235289,0.27074939564866163,3.407894724255349
0.09532675736040214,1676508900,1676509440,1676515260,1,PROTECTED_STOP,9.0,-1.1311124380767348,0.10404060913705171,3.2786884930767486
0.09018578190895277,1676556300,1676556360,1676556960,1,PROTECTED_STOP,1.0,-1.4216735147940702,0.0,892847921.507859
0.09593255559247202,1676592000,1676592360,1676592660,1,PROTECTED_STOP,6.0,-1.5210696470026288,0.9127625798353388,0.5084937706773556
0.09594681226640749,1676599200,1676599680,1676614500,-1,PROTECTED_STOP,8.0,2.3679839895248898,0.0,361491545.2320996
1.6279724435524547,1676644500,1676645220,1676645760,-1,PROTECTED_STOP,12.0,2.5253324696996415,2.353236327145016,1.059104477161886
0.09589844789883507,1676678400,1676679300,1676680620,1,PROTECTED_STOP,15.0,-0.9144433607758884,0.17370222475755465,2.0114942412934758
0.08143097321667037,1676820000,1676820060,1676820180,1,PROTECTED_STOP,1.0,-2.445096278576716,0.0,3327923627.6849966
0.08152460355345106,1676820300,1676820660,1676821320,1,PROTECTED_STOP,6.0,-4.651159550297371,1.81097852028638,0.44034440320087664
1.6389916872584767,1676822100,1676822400,1676823300,1,PROTECTED_STOP,5.0,-2.762320194364876,0.39118038395744303,1.479591832952243
0.09149005400540236,1676851800,1676853720,1676854080,-1,PROTECTED_STOP,32.0,1.990573864285654,0.626912691269136,0.7537688430187458
0.09199282553653694,1676854800,1676854980,1676855220,-1,PROTECTED_STOP,3.0,1.124825131027844,0.2762830978917034,1.6330935192686638
1.5172760921518045,1676856000,1676856120,1676859420,1,PROTECTED_STOP,2.0,-1.2716569882348634,0.0,605448809.8652266
0.08787911827283662,1676937600,1676937840,1676938860,-1,PROTECTED_STOP,4.0,2.683276430240814,0.0,398451396.88187706
0.08795048449612114,1676939700,1676940900,1676941800,-1,PROTECTED_STOP,20.0,2.166846228043555,0.8328488372092911,0.41884816703636213
-1.0106460382638252,1676948100,1676950080,1676953020,1,SL,33.0,-1.5228310861227288,1.5853636280682335,0.2651087830721153
0.09265036884099441,1677024000,1677025320,1677027480,-1,PROTECTED_STOP,22.0,1.4943214123913813,0.2267243047938443,1.4302788781538427
0.0926994381288494,1677033000,1677033060,1677033180,-1,PROTECTED_STOP,1.0,1.0609658861957232,0.0,774728864.4975882
0.09361144402830134,1677034200,1677034320,1677041520,-1,PROTECTED_STOP,2.0,1.4738929390470636,0.0,416297809.556219
-1.0088047333947283,1677121200,1677121260,1677124140,1,SL,1.0,-1.2059160704179628,0.0,681301811.4829738
-1.0088606196978989,1677124200,1677124260,1677134220,1,SL,1.0,-2.1679077542715173,0.0,401924270.6393535
0.08717259552041358,1677134400,1677134460,1677144780,1,PROTECTED_STOP,1.0,-1.442452433727311,0.0,615019762.8458701
-1.0103786857780963,1677196800,1677198780,1677200640,-1,SL,33.0,1.0550559346245822,1.1518987341772364,0.40497737521402216
0.08472573967207625,1677219000,1677219480,1677223080,1,PROTECTED_STOP,8.0,-0.7693492500875614,0.6771090959054833,0.7272727261985859
0.08944998896978067,1677227700,1677227820,1677229200,-1,PROTECTED_STOP,2.0,2.071955881508203,0.07544672402383461,5.543859575641389
0.09038919143382933,1677283200,1677285420,1677286260,-1,PROTECTED_STOP,37.0,1.2762896064540818,0.20181526962093688,2.277777766491092
0.08495750792763383,1677303300,1677303600,1677316680,1,PROTECTED_STOP,5.0,-1.4724107975735505,0.29966424174600176,1.2352941135244204
-1.0206183775470854,1677321300,1677321360,1677321960,1,SL,1.0,-2.4046966015706737,0.0,519415609.3809797
0.08502639561150464,1677380400,1677380460,1677380700,-1,PROTECTED_STOP,1.0,1.4851803449942858,0.0,489835430.7841812
0.07898873751137137,1677395700,1677398100,1677399720,-1,PROTECTED_STOP,40.0,1.598280267118975,1.4659400544958847,0.2825278808481814
0.08208992350451261,1677406500,1677407460,1677413100,1,PROTECTED_STOP,16.0,-1.8530322885538508,0.3813769192669634,1.0242424215568688
0.09137613505295426,1677457800,1677458040,1677471240,1,PROTECTED_STOP,4.0,-1.32729794059498,0.10018873859706696,4.351648308212642
0.08459993413313968,1677482700,1677485400,1677486840,-1,PROTECTED_STOP,45.0,1.724817406566836,0.7864502470007633,0.9522613053217042
0.08300505961637854,1677498600,1677498780,1677499560,-1,PROTECTED_STOP,3.0,1.8683938571640035,0.0,391912908.24261266
-1.0107777253668704,1677544200,1677544320,1677546180,1,SL,2.0,-1.1381406827222877,0.0,449882075.47170717
0.08949035441902584,1677546300,1677546480,1677551580,1,PROTECTED_STOP,3.0,-3.0813127869767407,0.08882907133241642,5.454545393141699
0.08473545211643349,1677573000,1677573060,1677574320,-1,PROTECTED_STOP,1.0,3.365659028233746,0.0,507945436.6474343
0.0914415596766579,1677629100,1677629160,1677632880,-1,PROTECTED_STOP,1.0,1.3622864987585674,0.0,312886352.8292979
-1.0102362318840477,1677634500,1677634560,1677639540,-1,SL,1.0,1.4053479271511713,0.0,649716446.1247466
0.09030352010858494,1677642000,1677642180,1677645540,1,PROTECTED_STOP,3.0,-1.7169238096729804,0.032220943613330826,13.11538420834748
0.08818346558010426,1677715800,1677718380,1677719220,-1,PROTECTED_STOP,43.0,0.8474812797374474,2.293802273214679,0.17212041877312642
0.0904887885105362,1677722100,1677723480,1677726780,-1,PROTECTED_STOP,23.0,1.36169563496949,0.15687977762336813,4.813953457685816
-1.0175417955326442,1677741900,1677742020,1677743040,-1,SL,2.0,1.4929717943251817,0.2435567010309117,2.58333332272694
-1.0126534890893473,1677802500,1677803640,1677806280,1,SL,19.0,-1.509651680238428,0.5019662271570677,0.8225806435225732
2.743370616887266,1677807000,1677807060,1677807180,-1,PROTECTED_STOP,1.0,1.123093697434791,0.0,5094024940.708428
0.07747573124816654,1677961200,1677961260,1677961680,1,PROTECTED_STOP,1.0,-1.4505212093045856,0.0,431798436.1425124
0.08148677626874093,1677963000,1677963060,1677964140,1,PROTECTED_STOP,1.0,-1.7805904077568693,0.0,452823445.31814307
-1.0115219085574965,1677969900,1677970080,1677978960,-1,SL,3.0,2.1986604038292987,0.0,474261042.8429473
1.7483293290164357,1677980100,1677981180,1677983700,-1,PROTECTED_STOP,18.0,2.1204967268692423,0.7158646868370958,0.5109170298540193
0.0915407263399576,1677985800,1677986760,1678007700,-1,PROTECTED_STOP,16.0,1.3864361295261212,0.24722559740784775,2.160550449976416
0.08725146611509593,1678053600,1678053660,1678059240,-1,PROTECTED_STOP,1.0,2.681436144626487,0.0,354301009.8552005
0.08846257840750504,1678068000,1678068060,1678068480,-1,PROTECTED_STOP,1.0,1.917668233628937,0.0,531547487.2703607
0.08951340565153154,1678071900,1678072080,1678082400,-1,PROTECTED_STOP,3.0,1.259987756016734,0.0,438730413.820824
2.205366398127061,1678115100,1678115220,1678117980,1,PROTECTED_STOP,2.0,-2.2352127052350848,0.05494732493280174,8.210526166374652
0.06729016666669621,1678170000,1678170060,1678173600,1,PROTECTED_STOP,1.0,-1.8065897296189222,0.0,341249999.9999643
0.06483837091883671,1678178400,1678180740,1678181220,-1,PROTECTED_STOP,39.0,3.0943307956258637,1.0414002019522743,0.5882352935527385
1.78915060670946,1678185000,1678185060,1678190280,-1,PROTECTED_STOP,1.0,2.5738220531599127,0.0,629550321.1991876
1.6538171370840467,1678233900,1678234020,1678253700,-1,PROTECTED_STOP,2.0,2.2591458718258792,0.0,655048304.6031619
0.0890460098907565,1678256100,1678256160,1678263720,-1,PROTECTED_STOP,1.0,1.4732525687527405,0.0,337709467.3924435
-1.0164086500238532,1678273200,1678273260,1678278480,1,SL,1.0,-1.5854699075053849,0.0,300524725.7115609
0.09313250989706148,1678320600,1678321140,1678324260,-1,PROTECTED_STOP,9.0,2.6753838784563735,0.0,388598574.8218329
0.08710803722505214,1678371600,1678371660,1678372500,-1,PROTECTED_STOP,1.0,3.2106367967941543,0.0,797715736.0405703
0.08826328194428248,1678375200,1678375500,1678376040,1,PROTECTED_STOP,5.0,-1.9046053272744967,0.0,483598006.25940585
0.094916948967331,1678411500,1678411620,1678421160,1,PROTECTED_STOP,2.0,-1.350606282598171,0.2707900775871605,1.2994350234498535
-1.0075945483377018,1678444500,1678444560,1678444800,1,SL,1.0,-1.2089948858130872,0.0,460465879.26507896
0.09279144721327887,1678445400,1678445460,1678447080,1,PROTECTED_STOP,1.0,-3.11783752082722,0.0,663627073.3432871
1.7969227942313204,1678494900,1678496760,1678498920,1,PROTECTED_STOP,31.0,-2.3936002010311914,0.6159146624263027,0.9834337333430221
0.09411294406883337,1678499100,1678499160,1678502880,-1,PROTECTED_STOP,1.0,2.3195705842162364,0.0,759803318.9920018
-1.005073721810517,1678508700,1678511340,1678516560,1,SL,44.0,-1.2441330035895122,0.4493255851148957,0.7840531544012265
1.534577240952148,1678645200,1678645260,1678646220,1,PROTECTED_STOP,1.0,-2.0702184965114427,0.0,1094504911.0698442
-1.0032230928283863,1678653300,1678653540,1678659480,-1,SL,4.0,3.34238549084027,0.14991838067254012,3.051829247936212
1.9067744949494958,1678659600,1678659780,1678664820,1,PROTECTED_STOP,3.0,-1.5868203623571195,0.038269290846610446,13.728571069835253
1.3706646857902838,1678666500,1678666680,1678668360,1,PROTECTED_STOP,3.0,-1.532622971042506,0.015234410422280515,23.472220681470933
-0.02744032548065776,1678670100,1678671180,1678692780,1,TIME,18.0,-1.6379439193852645,0.0,356857924.182752
0.09384590157378371,1678700100,1678700700,1678701960,1,PROTECTED_STOP,10.0,-2.4801870677024205,1.1850740896274363,0.3182140323324875
0.0932912910406301,1678752300,1678753080,1678754100,1,PROTECTED_STOP,13.0,-1.4160587188807885,0.6936560934891391,0.8327316474156521
0.0934526257026338,1678755000,1678757340,1678759800,1,PROTECTED_STOP,39.0,-0.8624364556589909,0.935435435435446,0.5790838368917475
1.556343966919742,1678768200,1678770420,1678770720,1,PROTECTED_STOP,37.0,-1.533751315630477,0.9338394793926381,0.38109756056750665
0.09705560774449548,1678838400,1678839240,1678841100,-1,PROTECTED_STOP,14.0,1.4221604500222922,0.17248017248017236,2.183333320674859
0.09615151836275163,1678843200,1678843980,1678856640,-1,PROTECTED_STOP,13.0,2.3129098169136495,0.5582011458091929,0.7051495003978495
0.09170249584027361,1678873200,1678873260,1678873620,-1,PROTECTED_STOP,1.0,1.0669620407818698,0.0,1278159589.0906506
0.09366957544528576,1678925700,1678926840,1678927560,-1,PROTECTED_STOP,19.0,1.5183676702714515,0.810798700571313,0.6624758212332151
0.09325498881696775,1678933200,1678935840,1678936980,-1,PROTECTED_STOP,44.0,0.9065144883888103,0.4613740276705653,0.949549547491472
-1.00831151761517,1678950000,1678951080,1678952400,-1,SL,18.0,2.158411240650013,0.7083333333333434,0.5552367280540177
2.2501993446204405,1679013000,1679015700,1679016600,1,PROTECTED_STOP,45.0,-1.6907573995249405,0.48510225135022356,1.0963222394212115
-1.0060571587856662,1679018400,1679018460,1679018820,-1,SL,1.0,1.6276346742953784,0.1944148801378388,1.6204379478696136
0.09391462504011944,1679019000,1679019480,1679020500,-1,PROTECTED_STOP,8.0,1.9843006963570726,0.7407632659267253,0.8342911866131792
0.09665824528285728,1679097900,1679098080,1679099520,-1,PROTECTED_STOP,3.0,1.0122829186506377,0.0,392019087.0716519
0.09691125990510523,1679101500,1679101860,1679106060,-1,PROTECTED_STOP,6.0,1.0535271021127457,0.414412678532724,1.0829943016991013
0.09227734324237014,1679127300,1679127420,1679129340,1,PROTECTED_STOP,2.0,-1.907676682594324,0.2311159844054764,2.1180811716469763
-1.006132331511832,1679185500,1679185620,1679187840,-1,SL,2.0,1.0704749038120926,0.0,691939890.7103769
0.9140963569701146,1679187900,1679187960,1679209560,-1,TIME,1.0,1.8646584253666139,0.0,407582494.7343827
0.08929181231705986,1679209800,1679210040,1679210400,1,PROTECTED_STOP,4.0,-2.3853063633139433,0.6254582658367879,1.0362595403279617
-1.0057720764467346,1679274600,1679274960,1679277960,1,SL,6.0,-1.5563385162961376,0.15654653183052525,2.410358550340118
0.09530367783985359,1679280300,1679280420,1679281860,1,PROTECTED_STOP,2.0,-2.570020930602391,0.0,573728315.2014122
0.09353560766159683,1679293200,1679293380,1679294880,-1,PROTECTED_STOP,3.0,2.288256975670406,0.0,383214249.7735841
3.32219579672696,1679372400,1679374860,1679382540,-1,PROTECTED_STOP,41.0,1.9750309196622975,0.8558139534883623,0.6183574872001824
-1.0098844210199949,1679382600,1679382720,1679383680,-1,SL,2.0,2.2316713743624303,0.10416989614011717,7.270833263536904
0.09290480225989313,1679387400,1679387460,1679389920,1,PROTECTED_STOP,1.0,-1.1163546327776115,0.0,1134822804.314326
0.09018685150493488,1679443200,1679443860,1679447340,-1,PROTECTED_STOP,11.0,1.9965329043560678,0.09022105657551958,3.38372089272675
0.08873300824135291,1679455800,1679456460,1679462820,1,PROTECTED_STOP,11.0,-2.490362892616735,0.3928479767302911,1.0152438998545945
-1.013005924013782,1679471400,1679471580,1679472660,-1,SL,3.0,1.041755802255141,0.21961874503573317,2.2721518883884815
-1.0054028141017495,1679529600,1679530320,1679549580,-1,SL,12.0,1.121434317098936,0.22064147889423683,1.5081081012729816
0.08896734833575363,1679550900,1679551020,1679551560,-1,PROTECTED_STOP,2.0,1.5704486438820011,0.0,521091811.41439176
-1.0129548699334532,1679570100,1679570160,1679570400,1,SL,1.0,-1.4799436446339231,0.0,656382335.1482158
0.09131046790180272,1679621400,1679623020,1679628480,-1,PROTECTED_STOP,27.0,1.3548128572630853,0.32491593591350143,1.1732954509343354
0.0866691752262764,1679645400,1679646960,1679647080,-1,PROTECTED_STOP,26.0,2.258512672127337,1.4422861791925683,0.7018756164925939
2.0992082128013294,1679650200,1679650260,1679658420,-1,PROTECTED_STOP,1.0,2.979766707374622,0.01795511221944407,26.999998496260186
0.09408571296894193,1679704500,1679706240,1679709180,-1,PROTECTED_STOP,29.0,1.5639864484814727,0.1406581251728221,2.344036680582938
0.08937411397088316,1679759700,1679759760,1679761620,-1,PROTECTED_STOP,1.0,2.621481675202249,0.0,504234849.1077958
1.348634898697195,1679766900,1679767260,1679770920,-1,PROTECTED_STOP,6.0,1.1080600871435444,0.008322187546433192,47.12499433747079
0.08776859614104453,1679793600,1679793840,1679794500,1,PROTECTED_STOP,4.0,-1.5348953480240224,0.021290751829703282,16.43749922792833
0.08649268258476936,1679802900,1679803140,1679810580,1,PROTECTED_STOP,4.0,-1.965615246224263,0.0,331334805.93247056
-1.0212400548696863,1679820000,1679820120,1679820600,-1,SL,2.0,1.8478956207765276,1.1084773662551877,0.5841995836724985
-1.008784467021011,1679875800,1679877540,1679879940,1,SL,29.0,-1.94796649650748,0.3682971136379162,1.468030686550951
0.09098230149916908,1679880000,1679880240,1679887020,1,PROTECTED_STOP,4.0,-1.426326889526301,0.20113825652416192,2.16425119696934
0.08329900452486892,1679896500,1679896560,1679896860,-1,PROTECTED_STOP,1.0,1.06195123669589,0.30588235294120136,1.615384610103368
-1.0110225575715144,1679963700,1679963940,1679964780,1,SL,4.0,-1.4034351962658922,0.04030006978366155,15.424242041511395
0.08826687777468664,1679964900,1679966760,1679970180,1,PROTECTED_STOP,31.0,-2.202827246658485,2.1683896805438954,0.18340348758830063
0.08626848689218813,1679983800,1679983980,1679989140,-1,PROTECTED_STOP,3.0,2.570557195689796,0.0,476667029.2614411
-1.0120364241112165,1680054000,1680054060,1680054540,1,SL,1.0,-1.2284806891186404,0.0,607549656.405895
0.08781417056929863,1680054600,1680056460,1680061560,1,PROTECTED_STOP,31.0,-1.4081115406900349,0.23148236643409237,1.5028901669180073
0.08478546300678241,1680064500,1680064560,1680066600,1,PROTECTED_STOP,1.0,-1.4270685405992694,0.17226691907243286,3.1249999818591094
0.09009122282065359,1680134400,1680135360,1680135840,1,PROTECTED_STOP,16.0,-1.040050372404776,0.4032016756433265,1.2935064902983864
-0.3520826809015502,1680147300,1680148860,1680170460,-1,TIME,26.0,3.2223480523002572,0.1637010676156549,2.122282595731375
0.09292890566037754,1680192900,1680193140,1680193260,-1,PROTECTED_STOP,4.0,1.304001817146473,0.19924528301885183,5.602272699155779
0.09198655380306675,1680224700,1680226200,1680230160,-1,PROTECTED_STOP,25.0,2.334067299915566,1.0384264052128607,0.43267651846671557
-1.011303410015107,1680247500,1680247560,1680248280,1,SL,1.0,-2.1552609694485128,0.0,680724991.2861522
0.08887864146251581,1680265500,1680265800,1680265920,1,PROTECTED_STOP,5.0,-1.0250826749677595,0.4806306688141065,6.960493812678528
0.08904623540721734,1680307200,1680307680,1680308520,1,PROTECTED_STOP,8.0,-2.1564626258162742,0.19497321796458267,1.733727801758562
0.08656623653761387,1680314400,1680314460,1680314640,1,PROTECTED_STOP,1.0,-1.1906254535326388,0.0,3418425527.65825
0.08944155576680103,1680316500,1680317580,1680324240,1,PROTECTED_STOP,18.0,-0.9087045116208214,0.8716730038022618,0.4987277347968252
0.07863207445664139,1680396600,1680397020,1680400740,1,PROTECTED_STOP,7.0,-2.6242107383987747,0.3118140735958526,1.0869565182532754
0.07696770797177027,1680414300,1680414360,1680417360,-1,PROTECTED_STOP,1.0,1.2877395576484687,0.11662617146822384,3.4791666368355627
-1.0238252070579716,1680423300,1680425220,1680428820,-1,SL,32.0,3.553916292677679,0.6881526827512419,0.9743589729429121
0.08983998658515795,1680480000,1680481140,1680481680,-1,PROTECTED_STOP,19.0,1.0338357434140604,0.10943425431466557,2.999999972586641
0.0917696753205387,1680486900,1680487260,1680497220,-1,PROTECTED_STOP,6.0,4.096374374868264,0.19200102060343124,1.804651153391489
-1.0132676834885712,1680505500,1680505560,1680506580,-1,SL,1.0,1.3119845906005876,0.0,543146688.5044689
1.7092725564677445,1680589800,1680590100,1680590280,1,PROTECTED_STOP,5.0,-0.9420859766876069,0.4820487685332396,1.1352313143710757
0.08717920459363952,1680591000,1680591120,1680591300,-1,PROTECTED_STOP,2.0,1.503607171580822,0.1644318293041003,3.2166666471042342
0.08839668737060616,1680594000,1680594540,1680599580,1,PROTECTED_STOP,9.0,-2.854275977985703,0.4670807453415953,1.0159574446334476
1.451089084175106,1680654900,1680655560,1680656160,1,PROTECTED_STOP,11.0,-2.8518955455132633,1.3872727272727068,0.4882772677418348
0.09097551194731258,1680656700,1680656760,1680662280,1,PROTECTED_STOP,1.0,-3.8988156666353664,0.0,877065210.0613447
0.09335105493663128,1680664500,1680666660,1680672780,1,PROTECTED_STOP,36.0,-1.3387428219426656,0.34970275266023804,1.147999996717241
-1.0125997301985084,1680742800,1680743400,1680744120,1,SL,10.0,-0.8214026710736305,0.9065330506841531,0.559523808906569
0.0901036013590156,1680753600,1680754500,1680765180,-1,PROTECTED_STOP,15.0,1.89953021592286,0.0,310758776.89695674
0.0812730295625317,1680767700,1680767820,1680768060,-1,PROTECTED_STOP,2.0,1.311380324317626,0.0,605720856.6911362
0.08364140833332083,1680825600,1680827160,1680829680,1,PROTECTED_STOP,26.0,-4.070164590912656,0.7244999999999585,0.509661835045405
0.07826039791039124,1680834900,1680834960,1680835500,1,PROTECTED_STOP,1.0,-1.9574807449516176,0.0,473824608.202715
-1.0202391131735151,1680841500,1680841560,1680844980,1,SL,1.0,-1.004995762154785,0.0,835885537.50971
0.07775188415711072,1680912000,1680912660,1680914760,-1,PROTECTED_STOP,11.0,1.6555761946786522,0.12450829485207739,3.0192307449812525
-1.033438019497146,1680922800,1680923340,1680924480,-1,SL,9.0,0.8437074287985582,0.21549512570548437,1.7166666587003947
0.07723410015102124,1680928500,1680930720,1680931500,1,PROTECTED_STOP,37.0,-1.5822552605612374,0.629487626350616,0.4883720922475294
-1.029981051016525,1680998400,1680998460,1680999780,-1,SL,1.0,1.1867955970407302,0.0,383429228.99889934
-1.0265758980615522,1681000500,1681000740,1681001280,-1,SL,4.0,1.358825238591859,0.40992273281815417,0.9305555532857221
-1.0211352700666885,1681004700,1681005180,1681019460,1,SL,8.0,-2.1839292506641512,0.16268560361525342,3.583333311306746
0.0902131883307319,1681084800,1681085280,1681087800,1,PROTECTED_STOP,8.0,-1.5486031616827458,0.4049715173485465,1.0102301765335056
0.08778580024068183,1681090200,1681090260,1681095540,1,PROTECTED_STOP,1.0,-1.169612170588826,0.0,387484957.88208884
0.07629434143413942,1681104000,1681104480,1681112040,1,PROTECTED_STOP,8.0,-1.2303017137871037,0.41584158415841316,1.7272727231190474
0.09444633556548,1681174800,1681174860,1681176540,-1,PROTECTED_STOP,1.0,1.1203776902574236,0.0,385044642.8571429
-1.0056729537414486,1681178400,1681178580,1681178940,-1,SL,3.0,1.1801954252365199,0.04576086517895956,9.370370165604031
0.780806309785508,1681192800,1681192920,1681214520,1,TIME,2.0,-1.0722788290678564,0.0,324401402.1745577
-1.0133168852407493,1681261200,1681262100,1681264020,1,SL,15.0,-1.8475623132061798,0.8321539767902592,0.8253968244049456
-1.011779638364785,1681266000,1681266060,1681266600,1,SL,1.0,-1.9864007673992623,0.0,512971698.11320716
-1.0122913878836035,1681278600,1681280100,1681283640,-1,SL,25.0,1.5475184095301087,0.6697855062229778,0.7712177110256582
0.08599116498045889,1681346100,1681346160,1681348320,-1,PROTECTED_STOP,1.0,1.604419985062876,0.0,408093759.3909955
0.08766435832089453,1681356000,1681356300,1681365180,1,PROTECTED_STOP,5.0,-2.8599113841162818,0.09596625362508948,4.679487130725817
0.08095098198199549,1681376100,1681376160,1681376400,-1,PROTECTED_STOP,1.0,2.2232234645519635,0.0,908108108.1081126
0.08020140733493532,1681430400,1681430820,1681431840,-1,PROTECTED_STOP,7.0,1.1306303210596025,0.1487487767370028,2.0657894597969277
0.08782798934602655,1681433100,1681433160,1681433280,-1,PROTECTED_STOP,1.0,2.845219935909658,0.0,855661339.6803943
0.0887557867834952,1681434300,1681434360,1681435800,-1,PROTECTED_STOP,1.0,1.36715449578454,0.0,920043811.6100734
0.08372009158558714,1681516800,1681518120,1681518660,1,PROTECTED_STOP,22.0,-2.356970012873948,0.6635374928448392,0.4685990331102716
-1.0141126868887638,1681519500,1681519560,1681521780,1,SL,1.0,-1.3233917290802288,0.0,449726504.22674274
0.08652016758711623,1681521900,1681521960,1681526220,1,PROTECTED_STOP,1.0,-2.7748804039974027,0.0,426585412.3024183
1.8810245614035372,1681607100,1681607220,1681607580,-1,PROTECTED_STOP,2.0,2.841201551642032,0.0,468679896.46241784
0.0803747238466502,1681608000,1681608060,1681609500,1,PROTECTED_STOP,1.0,-1.9518746316254332,0.0,491228070.17545474
0.08160333593953645,1681611600,1681612200,1681616100,-1,PROTECTED_STOP,10.0,1.7206540985407914,0.18425853531402053,2.188118800006455
0.08256957639062613,1681691100,1681691340,1681691460,-1,PROTECTED_STOP,4.0,1.660763778597136,0.46829146978366293,6.992565040829571
0.08643293995253819,1681692000,1681692660,1681692780,-1,PROTECTED_STOP,11.0,1.6934844663560462,0.8493123963718072,0.8327974266721568
-1.0095825575541164,1681694700,1681696980,1681699200,-1,SL,38.0,2.347099440225718,0.33351640807360333,1.6541786693917804
-1.0183547634999184,1681778700,1681779060,1681780260,1,SL,6.0,-2.1688604444314468,0.11443119388982943,5.557377000616665
1.5220849404573629,1681780800,1681781340,1681784640,1,PROTECTED_STOP,9.0,-3.021135813981537,0.8999894614817178,0.5098360650072555
-1.022533791523475,1681795200,1681797000,1681797720,-1,SL,30.0,2.481172963266366,1.6036655211913173,0.2428571427057041
-1.0123649174802278,1681862400,1681863420,1681864620,1,SL,17.0,-1.3818514945329976,0.5113319386331701,1.0548925993690246
0.08599117142103671,1681864800,1681865160,1681865340,1,PROTECTED_STOP,6.0,-1.6756120439437054,0.059627575277378435,6.511627797767362
-1.0140307090788554,1681869600,1681871400,1681877700,1,SL,30.0,-1.3084837627856085,1.6059642147116993,0.23743500851768257
0.09490079187663304,1681951200,1681953060,1681960560,-1,PROTECTED_STOP,31.0,1.7483040995793895,0.2875004736104306,1.405904054150492
-1.0114764379645593,1681991400,1681992300,1681993020,1,SL,15.0,-1.6756313185144809,1.1826758147512864,0.3736040605978009
0.09258329898056578,1682007000,1682007240,1682008140,1,PROTECTED_STOP,4.0,-1.5661002168101383,0.2643863851596116,1.6637168078665159
0.08947330239504278,1682035200,1682036580,1682037420,-1,PROTECTED_STOP,23.0,1.5939621431895172,1.0059209473515687,0.42204899735328333
0.09110470868119935,1682038200,1682038380,1682047680,-1,PROTECTED_STOP,3.0,1.066506157301283,0.0,355373013.73552877
0.08091732211095716,1682056500,1682056620,1682056920,-1,PROTECTED_STOP,2.0,1.1164305985628382,0.0,485560876.50561756
1.3314420973595162,1682135400,1682135940,1682153880,-1,PROTECTED_STOP,9.0,2.2445871073111365,0.571142535352239,0.6595092012992981
0.08258495890409628,1682160900,1682161020,1682170620,1,PROTECTED_STOP,2.0,-1.1506011570674304,0.1073972602739447,4.232142817737655
0.08375417406749126,1682175600,1682175900,1682176380,-1,PROTECTED_STOP,5.0,4.858059938097114,1.6110124333925364,0.34619625116324937
0.08997283430800003,1682211000,1682211840,1682213880,1,PROTECTED_STOP,14.0,-1.5533719276538367,0.46502923976606736,0.654929576056483
-1.018413245914113,1682236500,1682237040,1682237580,-1,SL,9.0,1.0754291853273552,0.5347776510832222,1.3059701468116862
-1.016021217391295,1682242500,1682243520,1682245080,1,SL,17.0,-2.2708657238320438,0.7756521739130112,0.42825112052417863
0.08513092913746091,1682297700,1682299860,1682300040,-1,PROTECTED_STOP,36.0,2.100032350805121,3.633857815550688,0.1858407079134603
-1.014970038064181,1682319300,1682319480,1682320140,1,SL,3.0,-1.8948298053730628,0.6867862969005302,0.6698337282407322
0.08759658881674386,1682320800,1682320860,1682321220,-1,PROTECTED_STOP,1.0,1.1218502192182018,0.0,615951158.0579252
-1.0147337152897278,1682381100,1682381520,1682382540,1,SL,7.0,-1.3713755032932886,0.45399335395902235,1.6819787948814946
-1.0131815827338093,1682382900,1682384640,1682387100,1,SL,29.0,-3.3667944029475763,0.6172661870503784,0.6573426562776414
-1.0139646981770483,1682388000,1682388060,1682388960,1,SL,1.0,-2.6680986315384527,0.0,417203362.0783636
0.0917421189598755,1682467200,1682467920,1682468160,1,PROTECTED_STOP,12.0,-1.680613969813317,0.32002997938918715,1.2459016354510701
0.08485630233086004,1682497500,1682497560,1682497860,1,PROTECTED_STOP,1.0,-1.5581479205448971,0.0,4460737723.466809
0.0918486944562469,1682501400,1682501640,1682502120,1,PROTECTED_STOP,4.0,-1.6763526064942589,0.16904314058614162,5.030150724011794
0.09612360252575423,1682555100,1682555880,1682558220,-1,PROTECTED_STOP,13.0,1.1429899630702427,0.8781655034895351,0.6516802899027735
0.09211141739981302,1682578500,1682578560,1682579640,1,PROTECTED_STOP,1.0,-2.005128499140621,0.0,1280938416.4222872
0.09373569414266013,1682584200,1682584440,1682594100,1,PROTECTED_STOP,4.0,-1.5063846029507824,0.2575932689196016,1.992462303822982
0.0919064524986224,1682642100,1682643180,1682644080,1,PROTECTED_STOP,18.0,-1.2267645611779832,0.3006589785831963,1.4794520498738224
0.08996770856209434,1682652300,1682652360,1682653260,1,PROTECTED_STOP,1.0,-1.2368290882473212,0.0,591318351.5116105
-1.0134632373113996,1682657100,1682657280,1682660820,-1,SL,3.0,2.9897058437432364,0.05898491083675237,6.55813942370166
-1.016610014965827,1682726400,1682726820,1682729520,1,SL,7.0,-1.3573842462469814,0.028879990292452393,22.941175676216112
1.4261132863482417,1682729700,1682729760,1682737140,1,PROTECTED_STOP,1.0,-2.6398161781514906,0.0,617593317.6716094
0.07983858565054715,1682738100,1682739000,1682742660,1,PROTECTED_STOP,15.0,-1.1957171999884308,0.6055612770340084,0.5646258494076578
1.4566322743796158,1682813100,1682813760,1682820060,-1,PROTECTED_STOP,11.0,0.8775265964553048,0.028765607713040334,14.999999478510393
-1.0203298607992815,1682821500,1682821740,1682824020,-1,SL,4.0,1.3048790482236474,0.0,339470139.20073074
-1.021394578155322,1682824200,1682824500,1682831400,-1,SL,5.0,3.0008964994529346,0.0,380997325.7825875
0.08947455003599257,1682901000,1682903460,1682904480,-1,PROTECTED_STOP,41.0,1.3377710495609734,0.38444924406045794,1.5280898836658021
3.0844100128369623,1682905200,1682905260,1682905920,-1,PROTECTED_STOP,1.0,1.4647528933814464,0.08087291399228859,10.063491939057581
0.09388917415489506,1682907300,1682907960,1682911560,-1,PROTECTED_STOP,11.0,3.983996984494146,0.23234916559692373,1.6795580038210751
0.09214767856428278,1682985600,1682985660,1682992140,-1,PROTECTED_STOP,1.0,1.5842293810836423,0.0,482033409.4460043
0.08670970053405125,1683032700,1683032760,1683033720,-1,PROTECTED_STOP,1.0,3.560419758707641,0.0,630298113.9728452
-1.013115915492954,1683034800,1683036300,1683036900,-1,SL,25.0,1.2573793808020424,1.2929577464788584,0.7189542478099648
-1.012780453952175,1683072300,1683072420,1683072720,1,SL,2.0,-1.4157743960444074,0.0,544169611.3073803
-1.0122165904239244,1683072900,1683072960,1683074280,1,SL,1.0,-1.3353034421276369,0.0,691674290.9423581
0.08878498427673838,1683075600,1683075660,1683078780,1,PROTECTED_STOP,1.0,-1.9253893916719196,0.0,459905660.37735677
0.09436453046476273,1683158400,1683159180,1683166020,1,PROTECTED_STOP,13.0,-1.7699293215450518,0.22328363168169663,1.4843749933520092
0.09287690864354226,1683207900,1683207960,1683208500,1,PROTECTED_STOP,1.0,-1.157423641370712,0.0,372470925.6013907
0.09299288032630292,1683213000,1683215040,1683226920,-1,PROTECTED_STOP,34.0,1.6721862511841692,0.39073158031761507,0.9328358185081392
-1.0122349570200422,1683251100,1683251220,1683252060,-1,SL,2.0,2.625715083862737,0.24068767908310462,2.0468749914956064
-1.0085121106259098,1683258000,1683260460,1683270780,1,SL,41.0,-1.783153575911229,0.5973799126637682,0.6081871334847987
-1.0151796151264252,1683278700,1683278760,1683287700,-1,SL,1.0,1.1890046696569119,0.0,437010516.89418286
0.0849938404614314,1683331200,1683332580,1683332700,1,PROTECTED_STOP,23.0,-0.8185423835955666,0.3991729241484504,2.1641221319830324
1.3627047251363746,1683333900,1683334620,1683340260,-1,PROTECTED_STOP,12.0,0.9280677430167924,0.7296684851027945,0.5603864726619516
0.08777087500000029,1683346500,1683348180,1683353340,-1,PROTECTED_STOP,28.0,2.7380796338566427,0.2674999999999736,1.5560747605381626
0.09014318098720624,1683425400,1683425640,1683426000,-1,PROTECTED_STOP,4.0,1.2561061842652623,0.07371115173675315,5.66666658978934
0.0908120495649447,1683428700,1683428880,1683450180,1,PROTECTED_STOP,3.0,-1.5684804253312057,0.0,309963099.6309767
0.0853529900632231,1683466500,1683466860,1683470280,1,PROTECTED_STOP,6.0,-1.2152515631787042,0.04552845528455266,7.533333167868566
-1.0090477492877428,1683504000,1683504120,1683504660,-1,SL,2.0,1.836701786301217,0.05456410256407471,11.298245406977404
0.09196128941271985,1683504900,1683505020,1683509460,-1,PROTECTED_STOP,2.0,4.827688199750851,0.31816258688424276,1.6063829736745676
0.09387437428100316,1683511200,1683511320,1683517140,-1,PROTECTED_STOP,2.0,2.1524994350544384,0.0,489040201.4737533
0.08910093531664103,1683590400,1683590700,1683591780,-1,PROTECTED_STOP,5.0,1.1693403098300075,0.0,308823529.41174823
0.08564997395251576,1683612300,1683614760,1683615420,1,PROTECTED_STOP,41.0,-2.832402605614315,1.1908908238445637,0.7808398943574759
0.08324767708198144,1683633000,1683633060,1683633240,1,PROTECTED_STOP,1.0,-1.0102969523393108,0.0,664332944.3795835
-1.0175757468606688,1683678600,1683678660,1683679500,-1,SL,1.0,2.229100780125885,0.0,1464164286.6857429
0.08424522850283789,1683692700,1683692880,1683696240,1,PROTECTED_STOP,3.0,-1.0857488222832155,0.06494933463556274,5.105263079292319
-1.0220723659414206,1683700800,1683701760,1683703380,1,SL,16.0,-1.273586117952596,0.6739763577179658,0.5551601415251523
-0.24034313064813959,1683765300,1683766920,1683788520,1,TIME,27.0,-2.1407475389579957,0.521797729511181,0.7899860902801625
0.08962232880796,1683810000,1683810060,1683810780,-1,PROTECTED_STOP,1.0,2.3277530009787046,0.04666287293718462,9.8536583254126
0.09136072669826684,1683812700,1683812880,1683813000,-1,PROTECTED_STOP,3.0,1.5081088795624038,0.0,1103317535.5450375
1.839008923363664,1683853500,1683854220,1683858900,-1,PROTECTED_STOP,12.0,1.1182311965792577,0.960945251195068,0.5703022333093091
2.5697885821448763,1683865800,1683868080,1683870720,-1,PROTECTED_STOP,38.0,2.102648448165057,0.3938244144969238,0.9488372068930188
0.09326967517613065,1683871800,1683874440,1683875400,1,PROTECTED_STOP,44.0,-1.8180930407652531,0.9607466373867654,0.35919999962613575
0.08910429836018079,1683944100,1683944580,1683955620,1,PROTECTED_STOP,8.0,-1.174807916942516,0.0,443709185.89466286
-1.0181301965340324,1683957300,1683959400,1683961980,1,SL,35.0,-1.880235234295716,0.6790589602091546,0.5988023943277427
0.08009472624156976,1683978000,1683980700,1683981840,1,PROTECTED_STOP,45.0,-2.7539708670282472,1.320082684051507,0.2344013488949744
-1.0148538357901327,1684023300,1684023960,1684024920,1,SL,11.0,-2.211794932722375,0.39942938659058974,1.0958333305898058
0.08777419397031719,1684025100,1684025220,1684026000,1,PROTECTED_STOP,2.0,-1.506577507839555,0.24033745340396537,1.9028571349396621
0.08893296181629975,1684031400,1684033020,1684037460,1,PROTECTED_STOP,27.0,-1.1896433294212567,0.4866873065015405,0.7709923648280458
2.408941509530379,1684108800,1684109460,1684109820,-1,PROTECTED_STOP,11.0,1.4211305508244816,0.379886555265922,1.011299432366388
-1.0112715197956503,1684114800,1684114860,1684115580,-1,SL,1.0,2.1181699583758316,0.0,528913837.6547925
0.09110368758482054,1684116000,1684116540,1684117260,-1,PROTECTED_STOP,9.0,3.3404181349786906,0.46679769759932777,1.1936842079691543
1.948344076473873,1684196700,1684197180,1684198320,-1,PROTECTED_STOP,8.0,4.401400819621045,0.17638588912887015,2.780952365186153
1.9408363663395884,1684199700,1684199760,1684200480,-1,PROTECTED_STOP,1.0,2.4895101965192405,0.0,755575379.125783
-1.008299435102749,1684202400,1684202700,1684209600,-1,SL,5.0,3.2836538125423234,0.0,357270029.6735972
-1.0157249533291957,1684284900,1684285560,1684287480,-1,SL,11.0,3.510777197354208,0.23173615432481726,1.3308270619264457
0.08361735985531381,1684287600,1684287720,1684288800,-1,PROTECTED_STOP,2.0,3.9932222301563307,0.0,725135623.8698432
0.08604325755903253,1684290300,1684290660,1684291200,-1,PROTECTED_STOP,6.0,2.0676800941470304,0.0,330611344.074178
0.08695449358059315,1684368000,1684369020,1684369200,1,PROTECTED_STOP,17.0,-1.3042790463160914,0.6291012838801472,0.9365079350193067
-1.0145119391116677,1684371600,1684371900,1684376160,1,SL,5.0,-1.366785088770295,0.10337384982392289,4.599999955501543
0.08340293288210332,1684376400,1684376880,1684378920,1,PROTECTED_STOP,8.0,-1.7071554066403034,0.22777560848626643,1.5999999929755429
0.08868897118597882,1684454400,1684454700,1684456200,1,PROTECTED_STOP,5.0,-1.3098755455561042,0.288320838225988,1.188596487105725
0.08563720983683595,1684461000,1684461060,1684462320,1,PROTECTED_STOP,1.0,-1.8506228359972052,0.0,503562399.44839686
0.0827771213994561,1684471500,1684472100,1684478460,1,PROTECTED_STOP,10.0,-0.860630693277568,0.15386728946283568,2.4999999837522324
-1.0254756120527522,1684605300,1684605420,1684605540,-1,SL,2.0,1.389426950694035,0.5338983050847768,0.6402116390123873
0.08276417679458152,1684609200,1684610580,1684613100,1,PROTECTED_STOP,23.0,-2.0238756303417422,1.1279530247166418,0.47118644026021783
0.0857154174698706,1684616700,1684617060,1684619100,1,PROTECTED_STOP,6.0,-1.2102939310355572,0.13652341535324963,2.5232557954707127
0.07569581329742019,1684628400,1684628700,1684629420,1,PROTECTED_STOP,5.0,-1.4696330916516378,0.0,325831890.7481807
-1.0189463040446285,1684634400,1684634760,1684646340,1,SL,6.0,-3.3148759637265974,0.21129707112975024,1.9702970203775563
0.06584622726452635,1684646400,1684646460,1684647240,1,PROTECTED_STOP,1.0,-1.51735306865389,0.0,597514856.8341149
1.7149975648978117,1684713600,1684715100,1684715460,-1,PROTECTED_STOP,25.0,1.532917606271848,0.6368022053756419,1.4217171694844866
0.0863339864245217,1684716000,1684716060,1684721460,-1,PROTECTED_STOP,1.0,1.3456729156310065,0.0,460759493.67085606
-1.016701220657277,1684730400,1684731180,1684734060,-1,SL,13.0,2.732773017889946,0.16525821596242765,2.022727260487559
-1.0184979044261724,1684805700,1684805820,1684806480,-1,SL,2.0,1.7723137994828102,0.822561692126906,0.7774999990547458
1.3944609478422136,1684807500,1684808100,1684811460,1,PROTECTED_STOP,10.0,-3.813024172787827,0.21763304209691314,2.613138674124109
2.0684952468928444,1684811700,1684811880,1684819680,1,PROTECTED_STOP,3.0,-2.482753356686426,0.02468928451459493,39.04761746608479
2.784012152777754,1684897800,1684898520,1684898700,-1,PROTECTED_STOP,12.0,1.73653409520086,0.899305555555527,0.4324324319516341
2.0480297827363283,1684899000,1684899060,1684899420,-1,PROTECTED_STOP,1.0,2.131708950433688,0.0,1224897240.1644104
-1.0146177099236824,1684899600,1684899660,1684900080,-1,SL,1.0,3.989494827177597,0.0,1152554315.9130654
0.08543105934552934,1684975200,1684976460,1684976760,1,PROTECTED_STOP,21.0,-1.8513299233545717,1.1797004991680857,0.29619181921295396
1.5183490351872957,1684978200,1684978260,1684988820,1,PROTECTED_STOP,1.0,-2.406545529264855,0.05221339387058517,10.999999789330044
0.08284175680103063,1685000100,1685001900,1685002140,1,PROTECTED_STOP,30.0,-2.423808548156788,0.8770894788594225,0.5134529142127269
-1.0218129191669738,1685059200,1685060580,1685062080,1,SL,23.0,-1.6030496298501538,0.896929050476511,0.743801652063301
0.0799635458921602,1685062200,1685062740,1685064240,1,PROTECTED_STOP,9.0,-1.3206142190154688,1.7695927308128787,0.2978177148509758
0.08251372549017312,1685064300,1685064360,1685064960,1,PROTECTED_STOP,1.0,-1.065904747622406,0.0,502055279.94329077
1.6076191500255268,1685147400,1685149260,1685158800,1,PROTECTED_STOP,31.0,-1.0079017555523553,0.79569892473122,0.513513512868095
0.0729218944323744,1685159100,1685159160,1685161980,-1,PROTECTED_STOP,1.0,2.3987094416938004,0.0,385683297.1800654
0.0628830353595766,1685177700,1685179080,1685180520,1,PROTECTED_STOP,23.0,-1.5633815699313292,0.4213349225267542,0.9306930670982937
0.07381621357871408,1685232000,1685232120,1685234100,-1,PROTECTED_STOP,2.0,1.3582067198618855,0.38937682977842897,0.8120300731022767
-1.0135659684176501,1685235900,1685235960,1685245020,-1,SL,1.0,4.174607960984097,0.0,1004619185.734231
0.08842513312033459,1685245200,1685245620,1685246220,1,PROTECTED_STOP,7.0,-1.6618463657153006,0.24920127795527156,1.953846146005832
1.449907046476756,1685318400,1685318460,1685319660,1,PROTECTED_STOP,1.0,-1.0959346881912766,0.0,465967016.49175406
-1.0112687316652276,1685332500,1685332560,1685334120,1,SL,1.0,-1.7015527863818116,0.0,815358067.2993884
0.08731999480485975,1685334300,1685334360,1685334780,1,PROTECTED_STOP,1.0,-2.2816674698422994,0.0,661406584.8431633
0.08572874806802425,1685404800,1685405580,1685407560,-1,PROTECTED_STOP,13.0,1.9453061275710424,0.6120556414219255,0.555555554647888
1.3866762040897835,1685417100,1685418120,1685423460,-1,PROTECTED_STOP,17.0,2.5587530175776436,0.36688505062537385,1.2681818147252653
0.07973324990873638,1685433900,1685434680,1685436540,1,PROTECTED_STOP,13.0,-0.9636573659591622,0.8124511184108151,0.8032345003589862
0.08209220821206915,1685492400,1685492700,1685493960,1,PROTECTED_STOP,5.0,-0.8638248612504523,0.0058195926285018835,63.66665572677467
-1.0192732290890842,1685495100,1685495340,1685496360,-1,SL,4.0,1.2371351801781434,0.0,435740878.62996095
1.6507868923610942,1685496600,1685496660,1685498820,-1,PROTECTED_STOP,1.0,1.6571349459796287,0.0,521809895.8333652
0.082724053391456,1685577600,1685579580,1685579760,-1,PROTECTED_STOP,33.0,2.1794007924553633,2.7992372650504063,0.1566757492628271
0.0857665090800056,1685580000,1685580060,1685580600,-1,PROTECTED_STOP,1.0,1.3745318011527934,0.16704187303019935,2.7547169646404006
0.09015887428856668,1685587500,1685587740,1685589540,-1,PROTECTED_STOP,4.0,1.0944312813883808,0.0,2769376032.7326818
-1.01435060393419,1685665800,1685665860,1685666280,1,SL,1.0,-2.4470110218279317,0.0,492810307.1436516
1.3262047317764794,1685666400,1685666520,1685667720,1,PROTECTED_STOP,2.0,-1.563070359573059,0.1385022431841467,5.232558101756178
-1.0112211758350664,1685667900,1685668080,1685669340,-1,SL,3.0,3.2345385522579653,0.0,332763122.3552415
-1.023536607970347,1685751000,1685751060,1685752980,1,SL,1.0,-1.9717541139545818,0.0,365894346.6171955
-1.0259935056056697,1685753400,1685753820,1685756220,1,SL,7.0,-2.1734257711999434,0.2698933552092244,1.14893616595551
0.07550929722761603,1685756400,1685756880,1685759280,1,PROTECTED_STOP,8.0,-1.7373757041897444,0.48742746615086013,0.7555555540055886
0.08046156704860166,1685836800,1685837340,1685841120,-1,PROTECTED_STOP,9.0,1.6443519176438226,0.052028491793077246,7.708333185184346
-1.0333387995429948,1685861400,1685861460,1685862000,-1,SL,1.0,1.5288591543592034,0.0,324808858.42337906
0.06628193519748278,1685862300,1685862360,1685864520,-1,PROTECTED_STOP,1.0,1.7380681372438165,0.25352862849530994,1.5147058763785
0.09006135451898449,1685923200,1685923440,1685924520,-1,PROTECTED_STOP,4.0,1.7212404983673608,0.0,524187839.2197192
0.08852013647717635,1685933700,1685933880,1685934120,-1,PROTECTED_STOP,3.0,1.5951958623274674,0.2661305063059666,1.6826923013695576
0.08843642357580105,1685937600,1685939820,1685940720,-1,PROTECTED_STOP,37.0,2.239208960220979,0.3299750439042421,1.4078431329884449
0.0893707059066722,1686009900,1686010020,1686018060,-1,PROTECTED_STOP,2.0,1.7306881405086227,0.10424607747541964,4.333333291764013
-1.0258946296694706,1686034200,1686036720,1686037200,1,SL,42.0,-1.0342249450496497,0.9847278984728011,0.4281345561401395
-1.0230944775832047,1686037800,1686037860,1686039840,1,SL,1.0,-1.4500158420557334,0.1346930921685586,3.2599999757966835
0.09031387661843698,1686096000,1686096360,1686098880,1,PROTECTED_STOP,6.0,-1.17411153918883,0.6312261995430389,0.5979729720256706
-1.008332522356655,1686100500,1686100560,1686104160,1,SL,1.0,-1.485552635554266,0.0,317596002.10415435
-1.0080449722275433,1686105300,1686105720,1686108180,1,SL,7.0,-2.016439499060379,0.5121624209921384,0.9092495619244969
0.09165690902514473,1686184800,1686185100,1686194160,-1,PROTECTED_STOP,5.0,2.227009114484347,0.0,343733043.95008713
0.08637741010369343,1686209400,1686209580,1686221040,-1,PROTECTED_STOP,3.0,2.118247188951424,0.11427310831681066,3.513513482766188
0.08682523314394751,1686229800,1686229860,1686231360,-1,PROTECTED_STOP,1.0,1.6990491027684849,0.1230571336692143,3.6585365556351395
-1.022122420989889,1686268800,1686268920,1686269400,1,SL,2.0,-1.988906524683086,0.21037567084082356,1.976190466796334
1.6965533403165893,1686270300,1686270660,1686274560,1,PROTECTED_STOP,6.0,-2.0264026037118588,0.4986033519553435,0.9117647040535791
0.08812191503709857,1686278700,1686278940,1686280020,1,PROTECTED_STOP,4.0,-1.1305558454771745,0.29804450438298713,1.3076923033048857
-1.0070649699375496,1686371400,1686371460,1686372120,1,SL,1.0,-2.450680928505237,0.0,929192691.6117067
0.09340085470085523,1686372900,1686373440,1686374760,-1,PROTECTED_STOP,9.0,4.017440171185933,0.4360074832177739,1.9045936352077486
-1.0055525338810252,1686375300,1686376200,1686381900,-1,SL,15.0,3.1525413354705414,0.6450077020025278,1.0790273539502018
-1.0117526531408447,1686442200,1686443100,1686445560,1,SL,15.0,-3.2199175621157026,0.5626219274288079,0.5509708728071242
-1.0150953589678993,1686453300,1686453360,1686457260,1,SL,1.0,-1.0873644611810782,0.0,328977129.93215233
1.334348228674938,1686457500,1686457560,1686463200,1,PROTECTED_STOP,1.0,-1.8174288498539326,0.0,959233299.9571137
0.09012672050465316,1686528000,1686528720,1686531540,1,PROTECTED_STOP,12.0,-1.1855709693029681,0.22155151317401295,1.798969064044833
0.09127521379910544,1686542700,1686542880,1686552900,1,PROTECTED_STOP,3.0,-1.0297668921901058,0.1643716480649075,2.3209876402011744
0.08514471087186416,1686561000,1686561060,1686561300,-1,PROTECTED_STOP,1.0,1.1088961921613487,0.0,700513824.3210385
1.435157182017527,1686614400,1686615000,1686615600,1,PROTECTED_STOP,10.0,-2.427946625855702,0.39374999999996413,0.8596491206238974
0.08183969090270833,1686617700,1686617760,1686618240,1,PROTECTED_STOP,1.0,-1.4845799227692436,0.0,615384615.3845513
0.08506349794239919,1686619200,1686619560,1686620760,1,PROTECTED_STOP,6.0,-1.3193437615083845,0.23333333333333436,1.6296296226455027
0.08042983050848553,1686703500,1686703620,1686704280,-1,PROTECTED_STOP,2.0,1.8587621955088438,0.0,463276836.15819204
1.7390389078161277,1686708000,1686708060,1686721440,-1,PROTECTED_STOP,1.0,1.7045368854814025,0.07465560657677302,4.83333326859396
-1.0262884827386105,1686721500,1686721620,1686721920,1,SL,2.0,-2.1455461618061693,0.16449086161873167,2.981481463357577
0.09155847073223712,1686789300,1686792000,1686796020,-1,PROTECTED_STOP,45.0,1.1804640308759928,0.44150046799624826,0.842465751516517
0.08295660772566664,1686802200,1686802620,1686803580,-1,PROTECTED_STOP,7.0,0.906040658912038,0.433727897121082,1.6981132036322448
0.08817915269736137,1686813000,1686813060,1686813600,1,PROTECTED_STOP,1.0,-1.6099489736035748,0.0,844864370.6186864
0.09146260524301225,1686875100,1686876240,1686880200,1,PROTECTED_STOP,19.0,-1.5425295146968023,0.20895522388058885,1.8461538373188158
0.09329467949074069,1686931800,1686931860,1686932400,1,PROTECTED_STOP,1.0,-1.1116796560697018,0.0,404736754.3225661
1.781132156203302,1686935100,1686935160,1686938880,1,PROTECTED_STOP,1.0,-2.750719142670458,0.0,498972346.7862444
-1.019229731561091,1686960000,1686960960,1686966240,1,SL,16.0,-1.2251586747690333,0.4268960125097757,1.010256407889931
0.07462312530236226,1686966600,1686966660,1686966780,1,PROTECTED_STOP,1.0,-1.4623576305591015,0.2322206095791005,1.587499993163919
2.2462442461762575,1686967200,1686967380,1686978000,1,PROTECTED_STOP,3.0,-1.9139458449336628,0.47414420975970545,1.2419354812514236
0.08000726447216464,1687049100,1687049580,1687050660,1,PROTECTED_STOP,8.0,-2.193779106301248,0.8853575482406398,0.5589743583429859
0.07947642600279088,1687053300,1687053780,1687063920,1,PROTECTED_STOP,8.0,-1.1608891092070783,0.2579253112032872,2.333333324287224
1.4284089451476447,1687066200,1687067280,1687068120,-1,PROTECTED_STOP,18.0,2.659242403198112,1.3763713080169422,0.3390557937450444
0.08705273946157598,1687134300,1687135440,1687136220,-1,PROTECTED_STOP,19.0,2.314198499710168,0.2653469516689499,1.5777777718317652
0.08730414778190526,1687139700,1687141740,1687147440,-1,PROTECTED_STOP,34.0,2.6355463487958124,0.3677379480840561,0.9215686249449332
0.06996758112814627,1687177500,1687177560,1687177800,1,PROTECTED_STOP,1.0,-1.84185821112704,0.3568827385287679,1.904761899424684
0.08678914712377334,1687219200,1687220580,1687220880,1,PROTECTED_STOP,23.0,-1.4662295909714704,0.6757808392049816,3.73638343673669
0.08808178700645998,1687223400,1687223460,1687223760,1,PROTECTED_STOP,1.0,-1.5224394771987169,0.0,671260028.3152288
0.09106303280437894,1687225800,1687226220,1687238820,1,PROTECTED_STOP,7.0,-2.4692490039245882,0.009962285632960914,36.89999629603254
0.09277480056824874,1687305600,1687306500,1687307100,1,PROTECTED_STOP,15.0,-1.4586788821006529,0.30597748879903824,1.2099999960454968
2.2562695640061103,1687308900,1687309380,1687309920,1,PROTECTED_STOP,8.0,-1.3850932552250825,0.7789385708315989,1.734978538545164
0.09390165759224961,1687310100,1687310220,1687310760,-1,PROTECTED_STOP,2.0,1.6342160759703224,0.0019056261342966518,245.66653775082466
0.09238000288974672,1687396800,1687397340,1687397520,-1,PROTECTED_STOP,9.0,1.0607971501155256,0.22529258777633857,2.013468004530815
-1.0078534333611244,1687401300,1687401360,1687402200,-1,SL,1.0,1.3233958044869512,0.0,473020283.4120532
1.459866691967114,1687402500,1687403220,1687416600,-1,PROTECTED_STOP,12.0,2.818564200404399,0.48197343453510344,0.9811023601691186
0.08763254769920639,1687478400,1687478460,1687485540,1,PROTECTED_STOP,1.0,-1.5011377104442125,0.0,431685273.7905284
0.0825736750435366,1687494300,1687494420,1687496580,-1,PROTECTED_STOP,2.0,1.3346612939266944,0.040059716347337265,11.869564921097965
0.07949314372279832,1687505100,1687505220,1687505580,1,PROTECTED_STOP,2.0,-1.141558509337814,0.0,554170942.677031
0.09055386506839888,1687574700,1687574760,1687580220,-1,PROTECTED_STOP,1.0,3.059244397136589,0.0,390041493.77592796
0.08262629187961651,1687595100,1687595340,1687596960,-1,PROTECTED_STOP,4.0,1.1739945453048726,0.0,364565587.7342638
0.08359771694727276,1687602600,1687602660,1687605600,-1,PROTECTED_STOP,1.0,3.9961424018416483,0.0,439354025.88479877
-1.014593521463982,1687651200,1687652520,1687655640,-1,SL,22.0,1.533510244419042,0.821754746023603,0.9930069917985695
-1.0152710027100333,1687656900,1687657020,1687662720,-1,SL,2.0,1.2482895616432972,0.0,458279845.9563292
-1.0148542635659055,1687662900,1687663020,1687665120,-1,SL,2.0,1.164633196324897,0.0,454941860.4651088
0.08471165644169978,1687737600,1687737720,1687738440,-1,PROTECTED_STOP,2.0,2.006459643112841,0.11451942740283988,3.5394736533042064
0.08610463541666985,1687739100,1687739160,1687739340,-1,PROTECTED_STOP,1.0,1.4139612347966635,0.06835937499999951,5.739999916032147
0.0863769955760632,1687741200,1687741320,1687741560,-1,PROTECTED_STOP,2.0,1.3643989436469628,0.2154260434698967,3.124999985493862
1.8231760833790516,1687844100,1687845060,1687852380,1,PROTECTED_STOP,16.0,-2.0623785127555023,0.7948436642896596,0.5410628012515795
1.6124092010824491,1687855200,1687855260,1687860420,1,PROTECTED_STOP,1.0,-1.125704087881218,0.0,360748323.33218163
0.08908120342818777,1687863900,1687866480,1687867260,1,PROTECTED_STOP,43.0,-1.1519197896471374,1.190966659037155,0.29506726432624963
0.08505476989789984,1687911600,1687911960,1687915500,1,PROTECTED_STOP,6.0,-1.945226373116354,0.8004616030213979,0.4311926600117787
0.08932846078652865,1687923000,1687925280,1687929360,-1,PROTECTED_STOP,38.0,2.303436235497107,0.1505376344085935,2.699300681369666
0.08716190389404785,1687938600,1687938660,1687939260,-1,PROTECTED_STOP,1.0,1.3134071897041755,0.0,775651540.0036294
0.08543295981185539,1687999500,1687999620,1688000040,-1,PROTECTED_STOP,2.0,1.0588112327449997,0.03340942104169923,9.956521441118833
0.08482158743845587,1688001600,1688002980,1688003940,-1,PROTECTED_STOP,23.0,1.2636965567773668,0.6157162875929556,0.5931372539386603
-1.0146520768106866,1688007000,1688007780,1688013360,-1,SL,13.0,1.5110185281266169,0.20162805259860933,1.5362318764389673
0.08111048201312039,1688085300,1688085480,1688090940,-1,PROTECTED_STOP,3.0,1.082211470770751,0.0,483785220.6273249
0.08607668231610495,1688091300,1688091360,1688091720,-1,PROTECTED_STOP,1.0,2.03452568809065,0.0,535406885.75897765
0.08647059491155883,1688092800,1688092920,1688093760,-1,PROTECTED_STOP,2.0,2.8110844050482626,0.12181972949967869,6.1739129927969625
-1.0177700374531715,1688169900,1688170020,1688170440,1,SL,2.0,-1.262149916117761,0.138077403245968,2.3797468182076322
0.0827585983652985,1688174400,1688175180,1688177460,1,PROTECTED_STOP,13.0,-2.3561284320787848,0.7715464918669183,0.5550660785757767
0.08338176704946207,1688183100,1688183700,1688188860,1,PROTECTED_STOP,10.0,-2.4810639035546505,0.05577689243030266,5.794117543175237
0.061230544993653546,1688256000,1688257680,1688257920,1,PROTECTED_STOP,28.0,-1.8709424120886395,1.3878326996197279,0.42465753394058925
0.07380865467007802,1688259900,1688259960,1688260620,1,PROTECTED_STOP,1.0,-1.452819684188972,0.0,570694087.4036078
0.0746369238061367,1688264400,1688264460,1688265960,1,PROTECTED_STOP,1.0,-2.146268415238095,0.0,1709562744.4009957
0.08941940084887742,1688343600,1688343660,1688345400,-1,PROTECTED_STOP,1.0,1.1228378466486184,0.0,749333728.1611203
-1.0112026217228407,1688350200,1688351400,1688364840,1,SL,20.0,-1.7725064696049642,0.38233458177278445,0.9914285688355005
1.3596369157916786,1688365500,1688365560,1688370060,1,PROTECTED_STOP,1.0,-1.245830100290698,0.0,367510809.1414482
0.08067753276654077,1688433600,1688433900,1688434200,1,PROTECTED_STOP,5.0,-1.3327051890626982,0.1673751328374096,2.9111110937184588
-1.0151083091987314,1688436000,1688436120,1688438580,1,SL,2.0,-1.1858282431201335,0.0,409805544.06293494
0.08571639547801033,1688438700,1688439240,1688442060,1,PROTECTED_STOP,9.0,-2.5064381736410497,0.25112722995495146,1.590163928093792
0.07761140869927222,1688523300,1688525460,1688536740,-1,PROTECTED_STOP,36.0,2.587073888322381,0.7303020865773894,0.597014924555644
1.520695539906152,1688545200,1688545260,1688547360,1,PROTECTED_STOP,1.0,-1.6689033447173407,0.15096830985908719,3.081632632650596
-1.0236100247320452,1688551200,1688551320,1688552100,1,SL,2.0,-1.3162636090444866,0.2700741962077662,1.7008546945566771
0.08021365808399283,1688602500,1688602800,1688603460,1,PROTECTED_STOP,5.0,-1.695435603093785,0.0,426722338.20462126
0.08314769255123869,1688605800,1688608200,1688620440,1,PROTECTED_STOP,40.0,-1.9481623460434392,1.499406316789372,0.21507760517803995
1.3833703416933878,1688621700,1688621760,1688622540,1,PROTECTED_STOP,1.0,-1.4890867399580539,0.0,640969533.74846
0.09046234372853229,1688688000,1688688120,1688688240,-1,PROTECTED_STOP,2.0,1.4695616800357463,0.5241104547327946,3.566972470258482
-1.0074541528947705,1688691000,1688692800,1688702700,-1,SL,30.0,3.0316694535115123,0.2455485659452086,2.267477194412939
0.08672259486694672,1688703000,1688703060,1688704620,-1,PROTECTED_STOP,1.0,1.522559758743916,0.0,342560226.73591936
0.07632008711677415,1688776800,1688776860,1688783160,1,PROTECTED_STOP,1.0,-1.022772517407952,0.0,304908694.9237739
-1.02670888302549,1688784600,1688784660,1688785260,1,SL,1.0,-1.2903334187702393,0.06860158311341873,11.538461370272733
-1.0245506434782883,1688789400,1688789460,1688792760,1,SL,1.0,-1.0676762959034376,0.0,326260869.5651621
0.07015173625758403,1688862900,1688863920,1688864700,1,PROTECTED_STOP,17.0,-1.6095868763288026,0.8502741459299712,1.3923611094735522
-1.0256203877649261,1688865000,1688865060,1688865540,1,SL,1.0,-1.1404918900695962,0.15426300578031144,2.803278670353543
0.07805167365098796,1688866800,1688866860,1688869500,1,PROTECTED_STOP,1.0,-2.0342577985733055,0.0,488902685.0845912
1.5603262373603253,1688947200,1688947380,1688947860,-1,PROTECTED_STOP,3.0,1.6536518530584439,0.005588078765287177,73.33332021033893
0.08390781088231149,1688948100,1688948160,1688948280,-1,PROTECTED_STOP,1.0,1.5297951317991447,0.0,1373748993.443054
0.08565819382059392,1688949600,1688949660,1688950440,-1,PROTECTED_STOP,1.0,1.2807066541709322,0.0,563086974.275236
1.5981594667385102,1689051900,1689052920,1689057060,1,PROTECTED_STOP,17.0,-0.8044204218537695,0.1583625100996098,2.178571414815045
-1.0194957297641993,1689060000,1689060360,1689063720,1,SL,6.0,-1.7766126571758172,0.3479923518164606,1.67032966552958
-1.0158313265571994,1689068700,1689068760,1689082740,-1,SL,1.0,1.3881296596363795,0.0,372165754.49574554
-1.0208871937530537,1689121200,1689122400,1689123240,1,SL,20.0,-1.0235133380815038,0.3648609077599387,1.0337078623350915
0.07377922014420742,1689138000,1689139200,1689139440,1,PROTECTED_STOP,20.0,-1.1512337705157323,0.3080308030803093,1.7333333277061298
0.0741298213854529,1689140100,1689140160,1689142500,1,PROTECTED_STOP,1.0,-1.2362550313508247,0.0,529688631.4265415
0.069406970547981,1689206400,1689208680,1689209640,-1,PROTECTED_STOP,38.0,1.2488682708858079,1.6362065240872394,0.4288354895715751
0.07657593237196528,1689217800,1689218760,1689219480,-1,PROTECTED_STOP,16.0,1.2332917420741372,0.7889938670644796,0.5647058816372336
-1.0238142937282806,1689228900,1689229080,1689231360,-1,SL,3.0,2.718555803207845,0.0,336923594.7492251
0.08889175572906113,1689301800,1689302640,1689303960,1,PROTECTED_STOP,14.0,-1.1110393053506737,0.05518077768514366,6.692307571026927
-1.0150301597093776,1689317700,1689318120,1689319920,1,SL,7.0,-1.7548618466606185,0.12379189800532574,4.069767408985276
-1.0196219977553442,1689320100,1689320460,1689321120,1,SL,6.0,-1.6414489900013143,0.9446464646465058,0.32135728508891076
0.085517686865588,1689379200,1689379320,1689380820,-1,PROTECTED_STOP,2.0,1.107154536213157,0.0,399056700.50239635
0.07965354798522392,1689385200,1689385740,1689392520,-1,PROTECTED_STOP,9.0,1.303534791060643,0.5533994537875457,0.7381818168478878
0.07040932635255087,1689398700,1689399960,1689402300,1,PROTECTED_STOP,21.0,-2.197881762992725,0.7476439790575917,0.4352941170647806
1.4728623379274624,1689470100,1689470160,1689471780,-1,PROTECTED_STOP,1.0,2.7005651080811304,0.0,505972434.9159038
0.06254284956217315,1689471900,1689472380,1689473400,-1,PROTECTED_STOP,8.0,3.1562869068618977,0.0,482886707.34943235
-1.0414304103927212,1689474000,1689474060,1689474120,-1,SL,1.0,2.585193314495425,0.0,5175081192.79606
-1.0206855325602782,1689552000,1689552240,1689553020,-1,SL,4.0,1.326081769147689,0.3863202700719068,1.6117021234876656
-0.25781092066413613,1689561300,1689562200,1689583800,-1,TIME,15.0,1.0981298761767326,0.3124352927643168,1.0876288624980914
0.0686462166778348,1689587400,1689587700,1689587820,-1,PROTECTED_STOP,5.0,1.220259247190584,0.47716640677207767,0.960784311712063
1.5344860031595868,1689645000,1689646260,1689654300,-1,PROTECTED_STOP,21.0,1.576922473293715,0.5232227488151356,0.8913043461227239
0.0785131211100844,1689654600,1689654840,1689656640,1,PROTECTED_STOP,4.0,-2.6641733564503545,0.20783593510867518,1.8969072073675328
0.07688927335638013,1689659100,1689659460,1689660840,1,PROTECTED_STOP,6.0,-1.1158164090212555,0.1384083044982679,4.799999965319879
-1.0197271829595351,1689726900,1689727200,1689728100,-1,SL,5.0,2.3682495824300687,1.2323317816334585,0.2932692305312502
0.08255531747018519,1689728400,1689728460,1689731460,-1,PROTECTED_STOP,1.0,1.9233156459474086,0.0,746480627.8809487
-1.0202861199345405,1689743400,1689744240,1689747960,1,SL,14.0,-1.3047818779087634,0.6286456829338343,0.60771704083401
-1.0176806337135507,1689811500,1689811920,1689814020,-1,SL,7.0,1.8179562977474115,0.10823827629908649,3.147540954527687
-1.0183466334164508,1689814200,1689816120,1689819000,-1,SL,32.0,1.2405960733812305,0.7019293870586778,0.6858638733684433
1.8168653857664196,1689830700,1689831120,1689831840,1,PROTECTED_STOP,7.0,-1.9438370853130837,0.41228227688995917,1.0853658510258164
0.7917768942667925,1689906000,1689907380,1689928980,-1,TIME,23.0,2.1667545153129253,1.007778738115807,0.39279588297218687
0.07253605845179623,1689930600,1689930960,1689931500,1,PROTECTED_STOP,6.0,-1.2557869581111891,0.0,301342812.0062579
0.07358519363628072,1689933300,1689933780,1689935400,1,PROTECTED_STOP,8.0,-1.2954809436486248,0.4791785510553324,0.6333333320115057
0.07221196070623781,1689984000,1689984780,1689989880,1,PROTECTED_STOP,13.0,-1.3866752281437034,0.08641975308648048,4.161290274424938
-1.0331981789390086,1689993600,1689994080,1689994920,1,SL,8.0,-1.418162070576952,0.23610451306408667,1.4084506982602711
0.06782098224578176,1689995100,1689995760,1689996780,1,PROTECTED_STOP,11.0,-0.977901065622467,0.7101683191146001,0.46363636298354255
0.07730380656753282,1690070400,1690070640,1690073100,-1,PROTECTED_STOP,4.0,3.359134771590852,0.617546152589444,0.5259259250743147
0.08266393490265458,1690075200,1690075260,1690078500,-1,PROTECTED_STOP,1.0,2.002865718658808,0.0,476024411.50826895
-1.0289654239160606,1690090200,1690090500,1690091460,1,SL,5.0,-2.8092616836489914,0.4030654515326661,1.0503597096246093
0.07809191966861811,1690163400,1690164360,1690164660,-1,PROTECTED_STOP,16.0,2.8794400116162375,1.1782287242409994,0.414953270675867
0.08161796296294539,1690164900,1690165260,1690166280,-1,PROTECTED_STOP,6.0,3.915073312298599,0.3907407407407157,1.6635071047476406
0.08250780822495352,1690168200,1690170000,1690170420,-1,PROTECTED_STOP,30.0,2.7698060039158494,0.7937870943301201,0.43652561192218603
1.6663734096692429,1690243200,1690243560,1690247460,-1,PROTECTED_STOP,6.0,1.0143085642945964,0.10390161153519964,2.9428571145334366
0.07211556377587708,1690247700,1690247760,1690255680,1,PROTECTED_STOP,1.0,-1.9859622177419534,0.0,445951500.2055089
0.06537984219901628,1690270800,1690272120,1690274640,1,PROTECTED_STOP,22.0,-2.0576312367953875,0.9620768643420682,0.31851851818739074
0.08419617878645953,1690342200,1690343460,1690353780,1,PROTECTED_STOP,21.0,-1.4715094403485243,0.3971746178786499,0.9510204057687713
0.07668287979916147,1690363800,1690364100,1690375740,1,PROTECTED_STOP,5.0,-1.6858898682285521,0.4169091220263046,0.8333333313346009
0.07144280936454205,1690377600,1690378860,1690379100,1,PROTECTED_STOP,21.0,-2.8702293874279685,0.8574414715718954,0.9999999988337397
-1.0219561886470412,1690427700,1690430160,1690432620,-1,SL,41.0,1.1145566290412212,0.497439180537786,0.8243243226671286
0.07149509783586835,1690432800,1690433160,1690443240,-1,PROTECTED_STOP,6.0,1.242857297993844,0.3049159925326613,1.038095234690848
0.07012764722946796,1690444500,1690446480,1690447140,1,PROTECTED_STOP,33.0,-1.2767925766937358,0.8894691035683453,0.36986301328277155
-1.0326616331096432,1690502400,1690502640,1690503720,-1,SL,4.0,1.321749218338849,0.0,345637583.89259547
1.3789748841746081,1690505400,1690505460,1690512300,-1,PROTECTED_STOP,1.0,1.366304053859968,0.0,477932211.6556912
0.07407307862892477,1690517700,1690517760,1690519860,1,PROTECTED_STOP,1.0,-1.1350488393284353,0.0,423113476.52541816
-1.0413997175141607,1690590300,1690590360,1690595220,-1,SL,1.0,1.3982280364685291,0.0,377118644.0678566
-1.0531151350652612,1690595700,1690596480,1690604760,-1,SL,13.0,2.4816061618365155,1.0911205893758396,0.5422885567167613
-1.0547711733332985,1690611300,1690611420,1690616460,1,SL,2.0,-2.5324220004192943,0.03359999999991802,16.999999494090076
0.02447314201626964,1690676700,1690677480,1690679280,1,PROTECTED_STOP,13.0,-2.094145124395733,1.1898454746137943,0.39610389577086047
-1.0626198321891465,1690680300,1690680360,1690683840,1,SL,1.0,-1.6705856272307738,0.0,563844393.5926307
0.041455507990807376,1690683900,1690686120,1690692960,1,PROTECTED_STOP,37.0,-1.7905444779627226,0.43749999999995226,0.8904109568689732
0.08477077970112322,1690766400,1690766580,1690767780,1,PROTECTED_STOP,3.0,-1.1883951383087883,0.0,338659565.0244003
-1.0321391733207796,1690796100,1690796700,1690797540,-1,SL,10.0,1.481761265156725,0.47674964772194006,1.0137931013218575
-1.0321252852008385,1690797600,1690799940,1690806660,-1,SL,39.0,2.608876877655371,0.7613689639006423,0.42241379254859546
-1.020858657279877,1690848000,1690848300,1690851420,-1,SL,5.0,1.2115760306248062,0.0,336394245.48517317
1.9024751554225805,1690851600,1690853040,1690854960,-1,PROTECTED_STOP,24.0,1.0986554024067947,2.0953258116509534,0.17692307683863992
0.08685479896238492,1690856400,1690856580,1690856700,-1,PROTECTED_STOP,3.0,1.3346019634540902,0.0,709533073.9299933
0.08882681258549056,1690934400,1690934640,1690934940,1,PROTECTED_STOP,4.0,-1.1005190095979287,0.3109358654542763,2.449275354441486
0.09101402334363246,1690938600,1690938900,1690940160,1,PROTECTED_STOP,5.0,-2.2269555188429093,0.12976313079301016,4.590277742402929
-1.0076069496803823,1690941900,1690942200,1690948260,1,SL,5.0,-2.4451781031042334,0.0,367152925.74987715
-1.0239478612920303,1691020800,1691021040,1691023080,-1,SL,4.0,1.2363721422395915,0.07393064601302607,5.69999992290023
0.07692565362246688,1691023200,1691023260,1691024940,-1,PROTECTED_STOP,1.0,1.750236752992485,0.0,535998644.7569589
1.3146779250650986,1691027400,1691027460,1691029800,-1,PROTECTED_STOP,1.0,1.4039290042401449,0.0,696568004.3581303
-1.0204640778647456,1691116500,1691118000,1691125380,-1,SL,25.0,1.7206025040866806,0.3940397350993501,1.5668449158096336
0.07496381792559587,1691125800,1691125980,1691131980,-1,PROTECTED_STOP,3.0,2.4345329023220845,0.23929424738106686,1.4193548327774996
0.06582519896121927,1691146500,1691146920,1691149920,-1,PROTECTED_STOP,7.0,1.4519167496562608,0.34481025383258496,1.0510204051151566
0.08420486499070422,1691193600,1691194860,1691213340,-1,PROTECTED_STOP,21.0,1.1830903645113227,0.2427839851024454,1.3422818736657913
-1.0443019980346717,1691240700,1691242860,1691243820,-1,SL,36.0,2.2843836995628846,1.0776285620700847,0.6297872334581026
-1.0389242363305806,1691244300,1691246100,1691247300,-1,SL,30.0,2.8075577917777346,1.0738293593795112,0.3857677899028895
0.024120835665043153,1691289000,1691289060,1691294520,-1,PROTECTED_STOP,1.0,1.6444962638341343,0.0,705092333.5198629
-1.0789451688008345,1691297400,1691297760,1691301480,-1,SL,6.0,2.0107537853329434,0.0,529685681.02446043
2.4632409531725505,1691301600,1691301660,1691302440,-1,PROTECTED_STOP,1.0,1.2824930084572612,0.0,1035743973.4000093
-1.020185693039841,1691367000,1691367180,1691368500,1,SL,3.0,-1.4131337342667913,0.0,422665080.3093213
0.07716044325050764,1691373000,1691373600,1691377680,1,PROTECTED_STOP,10.0,-1.1020431595435276,0.2491605104096358,1.433962258396034
-1.0319818852523632,1691388600,1691389440,1691390280,1,SL,14.0,-1.2009920300789585,0.09230044737471237,3.749999959367914
0.07839914448669902,1691452800,1691453280,1691456580,1,PROTECTED_STOP,8.0,-1.353339218573208,0.36375158428393134,0.8536585342384727
0.07201151315786233,1691458500,1691461080,1691463180,1,PROTECTED_STOP,43.0,-1.6293652749925918,0.7253289473683243,0.6706349197104616
1.3483140059600454,1691469300,1691469360,1691473380,1,PROTECTED_STOP,1.0,-1.3287628913891523,0.0,464878671.77523214
0.08241063892764096,1691551500,1691551680,1691563440,-1,PROTECTED_STOP,3.0,1.2322820701190191,0.005327920842370656,58.33332238415836
-1.0268546274813377,1691566200,1691566380,1691568720,-1,SL,3.0,2.136298906323236,0.0,387084300.0774204
0.07407267188858145,1691570700,1691572140,1691572980,-1,PROTECTED_STOP,24.0,1.8636160920345815,0.7728459530025772,0.5067567561010795
-1.0210661984017804,1691626200,1691628600,1691631360,-1,SL,40.0,1.1340533591531439,0.959841197129284,0.5746102443902245
0.07385595396191479,1691644200,1691646060,1691648280,1,PROTECTED_STOP,31.0,-2.126054676304229,0.5312084993359908,0.7349999986163989
-1.0286360191546646,1691659200,1691659980,1691660640,-1,SL,13.0,1.0553702425652844,0.11659379554445068,3.5499999695525934
1.3148940084388114,1691718300,1691719320,1691722140,-1,PROTECTED_STOP,17.0,1.4003509127549758,0.7189873417721981,0.45774647823656156
0.06687072463770283,1691723700,1691723880,1691731200,-1,PROTECTED_STOP,3.0,1.7281363190823027,0.10821256038649898,4.5624999578361205
0.06779857790278185,1691733300,1691733720,1691736720,-1,PROTECTED_STOP,7.0,2.11793510770788,0.0754805438349493,4.782608632291549
0.041694222599803904,1691798700,1691799960,1691803380,1,PROTECTED_STOP,21.0,-2.490794204602081,0.767204757859069,0.3953488366938342
0.0475569062181961,1691805600,1691806140,1691808300,1,PROTECTED_STOP,9.0,-0.8524001826048739,0.5672782874617069,0.5660377348513211
-1.0557278883922785,1691809200,1691811720,1691811840,1,SL,42.0,-2.0098125704978713,1.0182852498985193,0.5530726251550159
-1.1461904153354943,1691884800,1691885160,1691887200,-1,SL,6.0,1.7525207604458506,0.014909478168046341,51.99999651304992
-1.1383048674051168,1691887500,1691889960,1691891400,-1,SL,41.0,1.1302993785056004,1.8610271903323745,0.21969696957901635
5.732641198501604,1691892600,1691893860,1691895960,-1,PROTECTED_STOP,21.0,0.8502138997040187,0.0,314606741.5731213
0.07344698412699732,1691973300,1691973420,1691973960,-1,PROTECTED_STOP,2.0,1.0950246062079503,0.0,663945578.2313321
0.08023421854591978,1691977800,1691978820,1691979180,-1,PROTECTED_STOP,17.0,2.414298526548726,1.021912639674915,1.421471171571256
0.08527931726906701,1691981100,1691981160,1691982000,-1,PROTECTED_STOP,1.0,2.619067309814843,0.03463855421685629,11.608695317039917
-1.0419051860890538,1692061200,1692061500,1692063000,1,SL,5.0,-1.257575390970097,0.20500305064060848,2.3749999884154693
-1.0387483530962174,1692063300,1692064320,1692065580,1,SL,17.0,-1.4359528681830334,1.2252964426877697,0.5193548382857699
0.05976023872423181,1692065700,1692066180,1692067800,1,PROTECTED_STOP,8.0,-2.0934542234941125,0.0,324625770.47262603
0.06560333249178446,1692148500,1692149460,1692150000,-1,PROTECTED_STOP,16.0,1.5176632754872244,0.5867205251199985,1.259036142432129
0.06710692400486429,1692150900,1692153000,1692160920,-1,PROTECTED_STOP,35.0,1.7007797668206757,0.7059107358262168,0.5693779896241647
-1.0547678724545018,1692163500,1692163560,1692164100,1,SL,1.0,-2.3497665204920555,0.0,1350482315.112544
2.9204083092659303,1692230400,1692230520,1692233100,-1,PROTECTED_STOP,2.0,1.4377033152309124,0.0,725270758.1227549
-0.45235066919992534,1692234600,1692234720,1692256320,-1,TIME,2.0,2.2313497641172577,0.0,330715642.8118975
0.08095305917754453,1692275100,1692275160,1692277140,1,PROTECTED_STOP,1.0,-1.2514068314272193,0.0,1057171514.5436488
-0.3603376898922157,1692316800,1692317280,1692338880,1,TIME,8.0,-1.0483664283454366,0.051769498429941406,6.0688523417880065
0.09035852248845189,1692368100,1692368700,1692370140,1,PROTECTED_STOP,10.0,-2.6805945209597035,0.7558322824716271,0.6335766414974843
0.09180222747216271,1692370500,1692370560,1692373200,1,PROTECTED_STOP,1.0,-1.3104386234796674,0.0,1037597030.0371201
-1.0176850551165668,1692425100,1692425220,1692427320,1,SL,2.0,-1.0636114868027273,0.0,360550190.2253095
0.08253642984612511,1692427800,1692430380,1692430560,1,PROTECTED_STOP,43.0,-2.221562691146878,1.2924323542178877,0.5125391845564259
0.08563340057750243,1692433800,1692433920,1692438420,-1,PROTECTED_STOP,2.0,1.234500694581525,0.04651714726473235,8.32142839254099
-1.028865971399232,1692490800,1692491400,1692492240,-1,SL,10.0,2.231711376929365,0.45461009717946466,0.8905109469462698
-1.0265137868579064,1692492300,1692492360,1692493200,-1,SL,1.0,2.0603530987806487,0.0,785046728.9720722
0.07656118598380535,1692494100,1692494160,1692494400,-1,PROTECTED_STOP,1.0,2.4655453054905156,0.0,342318059.2991191
-1.022453073242558,1692578700,1692579900,1692580380,1,SL,20.0,-1.6732692573533383,0.5513433934486963,0.7149532697312071
0.07771540851763264,1692580500,1692580680,1692581460,1,PROTECTED_STOP,3.0,-1.3610788694766498,0.6550904770608309,1.1835937481934173
0.07811042716581351,1692589800,1692590460,1692590580,-1,PROTECTED_STOP,11.0,0.9061102355673546,0.030237580993538734,24.333332528581117
0.07032262428687369,1692677400,1692679080,1692680580,-1,PROTECTED_STOP,28.0,1.1510107380590247,0.4073349633252187,0.7983193257711353
-1.0300656930692762,1692684900,1692685500,1692688140,-1,SL,10.0,2.648244152713716,1.4069306930692311,0.5197044331282206
-1.0269502068558207,1692688200,1692689220,1692690180,-1,SL,17.0,2.0700602279541713,0.7229609929077659,0.6952789689954243
0.09387286649874806,1692749100,1692750420,1692754380,-1,PROTECTED_STOP,22.0,1.63554076030271,0.507808564231739,0.5986111099322783
0.08151392081738397,1692795600,1692795840,1692797640,1,PROTECTED_STOP,4.0,-1.4987554208999831,0.034329501915677595,10.68749968868767
0.08242619462176702,1692798900,1692799860,1692800220,-1,PROTECTED_STOP,16.0,3.244623569595446,2.2872896111433967,0.19360568375193532
0.08503462161722254,1692841500,1692842820,1692856860,1,PROTECTED_STOP,22.0,-1.9053602093412103,0.49343704423918155,1.0034482738284294
0.08113910833207995,1692868500,1692868560,1692875580,-1,PROTECTED_STOP,1.0,3.1011102632394194,0.0,766509074.2717966
0.08309582646898228,1692880500,1692880560,1692882060,-1,PROTECTED_STOP,1.0,1.29680417985836,0.0,534321801.2081876
0.08038762057879591,1692921600,1692921900,1692923280,-1,PROTECTED_STOP,5.0,2.5668811909661398,0.27909967845662115,1.951612896232812
-1.0221808518384,1692933300,1692933360,1692934020,1,SL,1.0,-2.023567789371712,0.0,438296323.26175743
-1.0209806158796007,1692934200,1692934260,1692937800,1,SL,1.0,-2.184669067000183,0.0,1023095484.3157871
0.07335151249453031,1693008300,1693009020,1693010100,1,PROTECTED_STOP,12.0,-1.287431117713351,0.15651030249885786,2.098039202281897
0.03658280243682059,1693038900,1693038960,1693040520,1,PROTECTED_STOP,1.0,-1.2458469680937103,0.0,2134725848.5640216
0.05516276320654597,1693042500,1693043100,1693052520,1,PROTECTED_STOP,10.0,-1.182217468681329,0.2068710749907669,2.2499999891236606
0.04545668016194919,1693098000,1693098120,1693098480,-1,PROTECTED_STOP,2.0,2.477362670539867,0.0,346378767.4314171
1.283109101814441,1693098600,1693098660,1693100340,-1,PROTECTED_STOP,1.0,1.731926644190783,0.0,314889788.5740156
-1.0483764110756093,1693100400,1693100460,1693101420,-1,SL,1.0,1.360066754589959,0.0,441693290.73471886
0.0657459307237533,1693180800,1693180860,1693181100,-1,PROTECTED_STOP,1.0,1.5326132183396737,0.007885102787975856,123.49998433710991
0.07047462517225384,1693182600,1693182900,1693184220,-1,PROTECTED_STOP,5.0,1.745732563998446,0.010211524434818356,73.99999275255882
2.3647125157049778,1693200600,1693200660,1693200780,-1,PROTECTED_STOP,1.0,1.0198941878205148,0.0,1717019425.9205017
0.07861860546603176,1693270800,1693271760,1693271880,1,PROTECTED_STOP,16.0,-1.4869080810750424,0.9271198318149679,0.7910052901521593
-1.0190527929901176,1693275300,1693275360,1693289700,1,SL,1.0,-1.605993795021301,0.0,453450164.29355216
0.06747091932460958,1693290300,1693291920,1693292100,-1,PROTECTED_STOP,27.0,1.4409306137647084,0.7804878048780094,0.8605769219744089
0.09071616212459847,1693353600,1693355160,1693356780,-1,PROTECTED_STOP,26.0,1.3760897454824592,0.5848853095563632,0.8313252997834281
1.6058852744198864,1693360800,1693361040,1693365960,-1,PROTECTED_STOP,4.0,1.1208656532266528,0.0,350145894.1225521
0.08181645809632454,1693375500,1693377300,1693378920,-1,PROTECTED_STOP,30.0,1.3281688002274994,0.6151877133106086,0.7119741088750007
1.3494812283308113,1693451100,1693451640,1693467360,1,PROTECTED_STOP,9.0,-1.078075011791684,0.10995542347698906,4.432432392120778
0.07213152165972592,1693467600,1693467660,1693468560,-1,PROTECTED_STOP,1.0,2.1200813198730803,0.0,368178829.7172889
-1.0264598540146144,1693471800,1693472700,1693480320,-1,SL,15.0,1.2765050389200732,0.2802919708029877,3.6041666538070802
0.08708816060154802,1693529100,1693530120,1693533180,-1,PROTECTED_STOP,17.0,1.8339324881296493,0.3262396254522484,1.579908670956129
0.08201770417465466,1693536300,1693536720,1693537500,-1,PROTECTED_STOP,7.0,1.5011614698346936,0.3767558775690683,0.8681318658279378
0.0732496582139149,1693560000,1693560300,1693565400,-1,PROTECTED_STOP,5.0,2.5282890034031698,0.2624035281146616,2.023529404053274
0.07625398078697028,1693620600,1693621620,1693627680,1,PROTECTED_STOP,17.0,-2.2009044567289364,0.334386103434616,1.14876032714334
0.06400786304372517,1693648500,1693649580,1693651740,1,PROTECTED_STOP,18.0,-1.176802040280982,0.7775455359808341,0.9784946223975894
0.07148173926770103,1693659900,1693661400,1693662420,1,PROTECTED_STOP,25.0,-2.057179650991483,0.7855113636363918,0.7763713070285511
0.0638779874213678,1693699200,1693699260,1693701720,-1,PROTECTED_STOP,1.0,1.1042305177738185,0.2976939203355232,1.5915492904277952
0.06405096754984022,1693704300,1693704360,1693717860,-1,PROTECTED_STOP,1.0,1.0716515045611945,0.0,383447454.5996077
0.04839610352678594,1693723200,1693723320,1693725540,-1,PROTECTED_STOP,2.0,1.2124867752899116,0.3583617747440251,1.3333333296126983
0.07393452714849993,1693789200,1693790700,1693791240,-1,PROTECTED_STOP,25.0,2.225748753186938,0.4832793959007589,0.724999998499969
-1.0183792859667948,1693799700,1693800720,1693807080,1,SL,17.0,-1.865974385021782,0.2693531283139049,1.3858267665083308
0.08119812542073733,1693807200,1693807440,1693807860,1,PROTECTED_STOP,4.0,-1.6738393882866356,0.060897933820086646,5.249999913791804
0.08809683780130967,1693872000,1693872900,1693874100,-1,PROTECTED_STOP,15.0,1.8197903336336252,0.26451676723709394,1.837696328131226
-1.0187126534022704,1693884000,1693884060,1693886160,-1,SL,1.0,1.3485389600737014,0.0,662384458.7184914
-1.0183808252799544,1693887000,1693887900,1693890840,-1,SL,15.0,3.4300318041448126,0.6163522012577978,1.153310102658623
-1.0283829596412468,1693958400,1693958460,1693963500,-1,SL,1.0,1.201979748145037,0.0,333726693.4152237
0.06664263565888759,1693967100,1693967820,1693969860,1,PROTECTED_STOP,12.0,-2.045399592728935,0.6860465116277858,0.8700564959071486
-1.026711979282303,1693971300,1693971480,1693976820,1,SL,3.0,-1.472775693950573,0.1926748057713862,1.7258064426557236
0.07233443906935771,1694050200,1694050800,1694053020,1,PROTECTED_STOP,10.0,-1.289584976065242,0.40313291868232926,0.9759999975790205
0.07126580747808547,1694057400,1694057940,1694058060,1,PROTECTED_STOP,9.0,-1.2206837862266402,0.5379474940334859,0.7018633527324207
-1.0255840743104359,1694067000,1694067180,1694075160,1,SL,3.0,-1.7386099677915923,0.10423314188470571,3.571428537164723
0.09341095238095677,1694131200,1694133120,1694134140,1,PROTECTED_STOP,32.0,-1.4060049754956145,0.24812030075188166,1.7848484776549385
-1.0186650259859167,1694163900,1694164200,1694165340,1,SL,5.0,-1.4938666769491116,0.7554264750840558,0.5410764865359446
-1.0183471762463747,1694165400,1694165820,1694167020,1,SL,7.0,-1.2823649867816656,0.648811315076724,0.49350649274589703
0.06645214007780915,1694220000,1694220180,1694228160,1,PROTECTED_STOP,3.0,-2.215817449708977,0.04669260700391898,10.49999977512046
1.4866480328831513,1694238900,1694239200,1694242020,1,PROTECTED_STOP,5.0,-1.437136154557322,0.789195537287041,0.7604166657035513
0.035027843559445965,1694242200,1694242500,1694243700,1,PROTECTED_STOP,5.0,-1.065999785289128,0.0,324004305.7050183
-1.0497469359714309,1694306700,1694307420,1694309160,1,SL,12.0,-1.0429446250691918,0.1558120362737445,3.1851851647426503
0.05020159713623644,1694310000,1694310480,1694316720,-1,PROTECTED_STOP,8.0,1.9801071456701336,0.42792234613804625,0.716216214542271
0.05289199531431171,1694317500,1694317860,1694318880,-1,PROTECTED_STOP,6.0,1.8745809826549473,0.1038656774698141,4.368421010569481
1.3564491256032631,1694391900,1694392080,1694393220,-1,PROTECTED_STOP,3.0,1.0796069122639915,0.05950325408415407,10.656249820923533
-1.0139782730455005,1694393400,1694396100,1694402160,-1,SL,45.0,2.3276594732983296,0.87561260210033,0.37313432793207824
-1.0168827776996194,1694402400,1694404860,1694410500,-1,SL,41.0,1.1367659910736971,0.06695737797161383,5.4411763893226235
0.08467586837296388,1694477400,1694477820,1694483100,-1,PROTECTED_STOP,7.0,1.5392978502037653,0.31078610603290413,1.2294117607501547
-1.0200621266427927,1694486400,1694486460,1694487780,-1,SL,1.0,1.408065759134923,0.0,427718040.6213001
0.08417906089701328,1694489100,1694489640,1694490360,-1,PROTECTED_STOP,9.0,1.8864705965304056,2.7197159016178114,0.2037914691193708
0.08906173196995694,1694565900,1694566680,1694576040,-1,PROTECTED_STOP,13.0,2.131605301168796,0.019002805176002134,20.133332273841177
1.6012889677153985,1694590800,1694590980,1694591160,-1,PROTECTED_STOP,3.0,2.1171908813571974,1.0169648365206383,1.9617834375614795
-1.0147663199967476,1694591700,1694591760,1694593440,-1,SL,1.0,2.426059596283693,0.058240548146360475,9.9411762998921
0.07682969972241704,1694649600,1694651760,1694652240,1,PROTECTED_STOP,36.0,-2.0789824439366433,1.001514004542095,0.7301587294295805
0.0789863706233794,1694652600,1694652660,1694652780,1,PROTECTED_STOP,1.0,-1.4752338646425722,0.0,1360546541.417635
0.07891224594361851,1694652900,1694652960,1694653140,1,PROTECTED_STOP,1.0,-1.170202622243116,0.6551665243382113,0.6605839405974825
-1.0167507544025698,1694744700,1694746980,1694751060,-1,SL,38.0,2.3121447903337877,0.4748007026077956,0.6812748989634242
0.08180519734271995,1694751300,1694751720,1694767620,-1,PROTECTED_STOP,7.0,1.849612853309922,0.36107854630712255,1.329545450863497
0.0815816800714977,1694776500,1694776620,1694778060,-1,PROTECTED_STOP,2.0,2.2037984330475293,0.41286863270775426,2.247474742031271
0.08962735242548606,1694822400,1694822820,1694827200,1,PROTECTED_STOP,7.0,-2.3968843923748513,0.38340151957918706,0.9237804853955537
-1.0186986630341721,1694845200,1694845380,1694856780,-1,SL,3.0,1.1187977149886028,0.1483275314060843,2.8999999804485697
1.6970838801038608,1694856900,1694857860,1694858700,-1,PROTECTED_STOP,16.0,2.264016032864198,1.1796082133585406,0.3529411761713382
0.0695817868570138,1694912100,1694913480,1694915880,1,PROTECTED_STOP,23.0,-5.228680162117015,2.394782180654693,0.20143884883674756
0.07156891747054427,1694924700,1694925900,1694926440,1,PROTECTED_STOP,20.0,-1.218099053742076,0.34726688102891723,1.2592592556330091
1.803354887737415,1694937600,1694937720,1694941320,1,PROTECTED_STOP,2.0,-1.7375868164434465,0.029015544041380407,15.333332804919372
1.7782785419016227,1694995200,1694996400,1694997120,-1,PROTECTED_STOP,20.0,3.0172070988504123,0.6854565952648992,0.4671052624765009
-1.0174005642544774,1694998800,1695000060,1695003480,-1,SL,21.0,1.7666072225424447,0.5272958104105165,0.7902621707858608
0.08601496904896618,1695004500,1695004560,1695004680,-1,PROTECTED_STOP,1.0,1.2070896314619564,0.0,486888013.5059357
0.0819204039232532,1695081600,1695082500,1695086400,-1,PROTECTED_STOP,15.0,1.4355841504334812,0.4870271053775899,0.9124999981264482
-1.0186908900523395,1695091800,1695093660,1695099060,-1,SL,31.0,2.0174863254157627,0.7790575916230391,0.44623655856694694
0.07452127255459405,1695099300,1695099840,1695102420,-1,PROTECTED_STOP,9.0,1.551339584806078,0.20227920227915872,2.197183087730177
0.08501693446755482,1695168000,1695168300,1695171540,-1,PROTECTED_STOP,5.0,1.5844582692455484,0.011578449905494207,37.142853934888784
-1.0151895315487414,1695172200,1695172260,1695174240,-1,SL,1.0,1.7815934078384523,0.0,331261950.2867979
-1.0153570434712482,1695174300,1695174480,1695175200,-1,SL,3.0,1.8061861072819578,0.0,548920255.7606529
-1.0171037933378424,1695265800,1695266280,1695269760,-1,SL,8.0,1.8866164879306233,0.14466349422159167,2.7236841916992103
0.08297869870410651,1695270000,1695270120,1695277860,-1,PROTECTED_STOP,2.0,1.0107998025912095,0.0,387419006.4794839
0.07748633762519297,1695283800,1695283860,1695284340,1,PROTECTED_STOP,1.0,-1.022997713336147,0.0,358011444.92138857
1.3677568460812066,1695342300,1695342600,1695342960,1,PROTECTED_STOP,5.0,-1.5595486676549553,1.8158640226628455,0.5865834630154914
-1.0218689655172692,1695343200,1695343980,1695344820,1,SL,13.0,-2.1924746419837464,0.6847290640393936,0.7913669053191036
-1.0162692233604556,1695349500,1695351780,1695352680,-1,SL,38.0,1.2315526364305849,0.433937483582844,0.8940677945498021
0.05631931058745076,1695493200,1695493440,1695494100,-1,PROTECTED_STOP,4.0,1.3208451832746015,0.0,743580724.5866247
0.04239476212616463,1695505500,1695506520,1695510000,-1,PROTECTED_STOP,17.0,1.8496447353178076,0.2538354253836433,1.435897430239722
1.3314609792843088,1695523500,1695524460,1695534060,-1,PROTECTED_STOP,16.0,1.1082879073654976,0.2768361581920904,1.1999999956655139
-1.0691138020833235,1695539400,1695539820,1695542820,-1,SL,7.0,2.479640721421337,0.28906250000004396,1.4594594544096415
-1.079574454428835,1695544800,1695544860,1695546060,-1,SL,1.0,2.1989465479588315,0.0,377406931.9641324
0.08712017700978655,1695600000,1695600180,1695600960,-1,PROTECTED_STOP,3.0,1.0540777740743537,0.0,634285112.211565
-1.010359292085676,1695602100,1695602280,1695602880,-1,SL,3.0,1.6398895789802006,0.2624850860746537,1.7818181750299504
0.09066307336535837,1695603900,1695606060,1695608340,-1,PROTECTED_STOP,36.0,1.724495323068278,0.5678127620645007,0.7932330813097722
-1.0236754656390727,1695697200,1695697860,1695699600,-1,SL,11.0,2.5825487718373696,0.4774566473988569,0.7118644052885986
0.07621750789661437,1695699900,1695699960,1695701160,-1,PROTECTED_STOP,1.0,1.5196013120191056,0.0,500870237.8650108
-1.032142857142863,1695706800,1695706920,1695709260,1,SL,2.0,-1.7253166045014225,0.19780219780211558,2.4814814689374867
-1.0193107846234708,1695772800,1695774840,1695781680,-1,SL,34.0,1.0377076440176596,0.911216429699858,0.46601941696431204
0.07319136774566906,1695784800,1695786420,1695787080,1,PROTECTED_STOP,27.0,-2.0143439076787213,0.14698162729656541,2.9791666463979936
0.06409212121211189,1695791100,1695791160,1695793200,1,PROTECTED_STOP,1.0,-1.7472040897146315,0.0,509090909.0909852
-1.020754929101956,1695859200,1695859560,1695860040,-1,SL,6.0,1.8421629310181393,0.24341661039844614,1.2427184414962051
0.08613465064929278,1695864300,1695866460,1695866880,1,PROTECTED_STOP,36.0,-1.2442378211389815,0.9352194902885287,0.5647058817491561
0.08881370552222076,1695870600,1695872640,1695893880,1,PROTECTED_STOP,34.0,-1.8987891863389181,0.13875250045459953,2.3394495244242783
0.0872197087936105,1695947100,1695947940,1695948600,-1,PROTECTED_STOP,14.0,1.469776261328829,0.9492246883551466,0.6442451413242472
0.08690715601432814,1695954900,1695954960,1695955380,-1,PROTECTED_STOP,1.0,1.7269963384187952,0.0,449588155.5624982
-1.024955397202452,1695970200,1695970380,1695972780,-1,SL,3.0,1.5907504600665026,0.15241488519398128,2.9090908900042507
-1.0276977846471158,1696032000,1696032060,1696034760,-1,SL,1.0,1.3744042689655454,0.0,315301391.0355702
0.07293403735632961,1696035000,1696035660,1696043160,-1,PROTECTED_STOP,11.0,1.3089181364597524,0.40129310344836056,0.7819548852691219
-1.051430865712314,1696069500,1696069920,1696071180,-1,SL,7.0,2.233301212249507,0.5038854805725629,1.4431818153179137
-1.025621701636455,1696119600,1696119660,1696123680,-1,SL,1.0,1.6937795159516056,0.0,399266653.0861671
0.06862157497305096,1696125900,1696127580,1696130220,-1,PROTECTED_STOP,28.0,0.8016410123213672,0.5436893203882978,0.8397435881992797
-1.0433828643330996,1696142400,1696142460,1696143300,-1,SL,1.0,2.5112801193453653,0.0,658201784.4886987
0.09454485249010576,1696206300,1696206360,1696225320,1,PROTECTED_STOP,1.0,-2.522363928508004,0.0,354860297.8082566
0.08693778351709483,1696231200,1696231320,1696231680,1,PROTECTED_STOP,2.0,-1.5653449890946118,0.19747690473826227,3.5352112497036066
0.09011118425973529,1696234200,1696234320,1696235220,1,PROTECTED_STOP,2.0,-1.0525871251846228,0.027231241116166312,12.34615339277824
0.09271617390645938,1696291500,1696293360,1696295580,-1,PROTECTED_STOP,31.0,1.6222043951631402,0.5317261769388153,0.6811377232699123
-1.0126119939833984,1696301400,1696302000,1696315800,-1,SL,10.0,1.4541647500302612,0.29115165783795555,1.7971698051479996
0.08120539279990563,1696316100,1696316160,1696321860,-1,PROTECTED_STOP,1.0,1.1315531306713122,0.0,301996793.4703996
0.0864058704668814,1696377600,1696377780,1696378800,-1,PROTECTED_STOP,3.0,1.4626988189267918,0.16675529086462862,1.8571428460057366
-1.0133219147449426,1696379700,1696380000,1696382940,-1,SL,5.0,1.2527398592680312,0.38008385744237083,2.9382239304932543
-1.0107433285549776,1696383000,1696383060,1696385520,-1,SL,1.0,1.9420048358763196,0.0,452146049.41398376
0.08421439642927785,1696464000,1696466700,1696467480,1,PROTECTED_STOP,45.0,-2.115806690016901,0.9628727936701241,0.5168141587553063
-1.0151574338562355,1696468200,1696468320,1696473480,1,SL,2.0,-1.4560740898846487,0.0,406462186.8414768
-1.015765096028646,1696474500,1696474980,1696490400,1,SL,8.0,-1.4472183907438507,0.14697265625003783,2.709302307146566
-1.0206272693031955,1696550400,1696551420,1696552440,-1,SL,17.0,1.8269394696716743,0.3163841807909586,1.1214285678841078
-1.0214309615492119,1696552500,1696553220,1696554720,-1,SL,12.0,2.096613881444926,0.3023606228026426,1.3720930187177798
-1.0220718222528482,1696554900,1696555260,1696556760,-1,SL,6.0,1.9192959805256096,0.01687909059595272,18.857141739929663
-0.2932597299297167,1696638000,1696640520,1696662120,1,TIME,42.0,-1.3127878040114032,0.6467813540510746,0.5105105097211845
0.05924391155399045,1696731600,1696731720,1696732080,1,PROTECTED_STOP,2.0,-3.352362782265828,0.05232014948601533,8.41666650582035
1.3776780386020564,1696733400,1696733460,1696736160,1,PROTECTED_STOP,1.0,-1.0083914043187783,0.0,497652582.1596748
-1.023911703487295,1696736400,1696736460,1696738140,1,SL,1.0,-1.7350874020731406,0.0,355303998.5392901
0.08455084503688454,1696811700,1696812600,1696813320,-1,PROTECTED_STOP,15.0,2.0500661407387812,0.3949059747679293,0.9113924027554832
-1.0194384856163492,1696817400,1696817460,1696829280,1,SL,1.0,-1.7642819707034878,0.0,413176330.30256927
1.367680396077275,1696832700,1696832940,1696836300,-1,PROTECTED_STOP,4.0,1.2365316558932569,0.07597829191665298,5.631578873243598
0.07663956442830462,1696896900,1696897140,1696898400,1,PROTECTED_STOP,4.0,-1.280690353160126,0.13212341197823904,3.076923053634396
0.07760430819254698,1696899600,1696901100,1696901700,1,PROTECTED_STOP,25.0,-2.6602386716232034,1.380247343668301,0.2561837453974383
0.07725319211532632,1696905600,1696905840,1696907340,1,PROTECTED_STOP,4.0,-1.9168635121414461,0.019770520741376547,22.499998861962485
-1.0251068500327272,1696983300,1696983480,1696985760,-1,SL,3.0,1.7458769870929918,0.22829076620822983,1.3734939698874864
2.1343351578947347,1696986000,1696986060,1696991100,-1,PROTECTED_STOP,1.0,2.169022622945294,0.0,478128654.9707126
2.0552398635478335,1696991400,1696991460,1696991640,-1,PROTECTED_STOP,1.0,1.7134954310970345,0.0,885964912.2806885
0.0802123308587488,1697068800,1697068860,1697070060,-1,PROTECTED_STOP,1.0,1.4647626611721782,0.0,435634181.0140724
-1.0187907793963094,1697071800,1697072160,1697073660,1,SL,6.0,-1.742846067410845,0.021024177804475103,18.59999911530287
0.08034070225162067,1697073900,1697073960,1697076420,1,PROTECTED_STOP,1.0,-2.8979798142126847,0.0,476145488.8994324
0.07550169049018149,1697156700,1697156820,1697158500,-1,PROTECTED_STOP,2.0,1.9560814751285693,0.0,540043078.1279827
0.07747174866341458,1697162700,1697162760,1697167200,1,PROTECTED_STOP,1.0,-1.8985710081709675,0.0,391061452.51396537
0.06881720109373796,1697181300,1697181540,1697182680,1,PROTECTED_STOP,4.0,-1.076431849877333,0.532438478747184,2.7777777725608233
-1.0299820249741363,1697260200,1697261520,1697262540,1,SL,22.0,-1.6653338963978839,0.253877356239511,1.9736842027525294
-1.0333158612143423,1697262900,1697263440,1697264520,1,SL,9.0,-1.8132875042923182,0.3457249070631713,1.5806451567185507
0.06655775524721994,1697264700,1697265180,1697270820,1,PROTECTED_STOP,8.0,-1.9842231620787725,0.05229455709717343,8.928571257826
0.06008616071430331,1697328300,1697329380,1697330580,-1,PROTECTED_STOP,18.0,0.9181425724406306,0.29464285714279354,1.4090909043092916
0.04856946836130784,1697334300,1697334600,1697334720,-1,PROTECTED_STOP,5.0,2.3875706819215843,0.6199261992619473,0.7499999987900943
0.05331769669888102,1697342100,1697342160,1697343060,1,PROTECTED_STOP,1.0,-1.702962185787334,0.0,396128071.4816836
0.08592437601536376,1697420700,1697421000,1697423580,1,PROTECTED_STOP,5.0,-1.1792086412225546,0.013956579530372598,34.11110866696876
0.08449184280188121,1697425500,1697426700,1697429160,1,PROTECTED_STOP,20.0,-1.9829206079923278,0.3472205253512429,2.2019704370081628
12.337398012069569,1697432700,1697433240,1697433420,1,PROTECTED_STOP,9.0,-1.74529800577076,0.0979765708200679,4.086956480023423
-1.0097635470148123,1697500800,1697501040,1697502480,1,SL,4.0,-1.4021702840492138,0.1386240281648825,2.962962941588869
-1.0102191101160476,1697502600,1697502660,1697504220,1,SL,1.0,-1.763087258008698,0.10808306955917585,3.529999967339863
0.08958612753210839,1697504400,1697504520,1697508000,1,PROTECTED_STOP,2.0,-1.5046993926340246,0.05296760463469764,10.354166471178667
-1.0163459863610267,1697596200,1697597220,1697604420,-1,SL,17.0,1.7600800052409808,0.8230219373921691,0.5492662467120845
6.263881237759474,1697604600,1697604900,1697605020,1,PROTECTED_STOP,5.0,-1.9165714052820402,0.09505157331245599,8.173076837090072
0.08952348822075697,1697605200,1697605320,1697607840,1,PROTECTED_STOP,2.0,-3.294649774114725,0.6538071065989769,0.5217391296367995
0.08460071029935072,1697680500,1697681820,1697682720,-1,PROTECTED_STOP,22.0,1.4219210322570308,0.9523475002927473,0.3666092939351581
-1.0127831877305495,1697685600,1697686860,1697693340,-1,SL,21.0,2.1909936153553953,0.0475635798874003,8.857142670925953
0.07898225122005392,1697693400,1697693700,1697697240,-1,PROTECTED_STOP,5.0,1.0996962265037054,0.08911521323997329,6.174999930706952
2.5540159122084773,1697764500,1697764800,1697768460,1,PROTECTED_STOP,5.0,-1.2818371171510552,0.1109586953208504,3.403846123168422
1.372215662755274,1697769000,1697769060,1697769300,1,PROTECTED_STOP,1.0,-2.3173153478032673,0.0,901694915.2542553
-1.017644502390268,1697769600,1697769900,1697770020,1,SL,5.0,-4.548051072136072,0.8159061277705402,6.816554801488723
0.08367783570299503,1697853900,1697854080,1697864400,1,PROTECTED_STOP,3.0,-3.140991945013897,0.1409952606635077,4.270588205005154
0.0771723247637777,1697872800,1697872860,1697873640,1,PROTECTED_STOP,1.0,-1.0529996916053954,0.0,973632168.7541496
0.07946805143422972,1697879400,1697880000,1697881140,1,PROTECTED_STOP,10.0,-1.8870586940786969,0.0664688427299858,5.499999917252761
0.08151346221750658,1697932800,1697933520,1697935200,1,PROTECTED_STOP,12.0,-1.8762957024925375,0.4560381355932604,0.8577235753548216
-1.020037755150837,1697950200,1697950320,1697951040,-1,SL,2.0,2.8850163328197014,0.0,965724939.0505805
-1.0233893458152392,1697951100,1697951280,1697952300,-1,SL,3.0,2.4387126093646496,0.7067870277499197,1.1754966870785382
-1.0098550234082404,1698022800,1698022920,1698024000,-1,SL,2.0,1.2535050403717412,0.005898876404515887,69.49998821784561
2.302331256031536,1698027300,1698027480,1698033000,1,PROTECTED_STOP,3.0,-3.1482434074162198,0.0,314637617.15491027
0.09344144374837962,1698033300,1698033420,1698033660,1,PROTECTED_STOP,2.0,-1.1242299486640213,0.14788056152543808,3.0043289840133407
-1.0015265162542475,1698113100,1698113160,1698114360,-1,SL,1.0,1.1631708830729812,0.0,430494905.38573307
0.09414957720611233,1698248100,1698250380,1698250500,1,PROTECTED_STOP,38.0,-1.55048232636593,1.215213424451675,0.5671887876618941
-0.35482983412168595,1698251400,1698251460,1698273060,1,TIME,1.0,-1.0607384592304725,0.0,460070260.8503337
0.09172563733552949,1698275400,1698276600,1698281100,1,PROTECTED_STOP,20.0,-2.9618880047543725,0.5051398026315547,0.6310541298049324
0.09136899241334787,1698282000,1698282120,1698284520,1,PROTECTED_STOP,2.0,-1.3845738635148306,0.12238153616546056,3.408536557513918
-1.0156084462510986,1698299400,1698299520,1698300180,1,SL,2.0,-2.470523307790985,0.31436314363149415,1.1767241341874248
0.08491207430342039,1698300300,1698300480,1698301560,1,PROTECTED_STOP,3.0,-2.0671926673987358,0.027582324795927936,19.904761183127935
0.08233452380955877,1698364800,1698364980,1698365640,-1,PROTECTED_STOP,3.0,1.3266436466347706,0.3975155279502822,1.6523437458435302
0.08808875902199577,1698381000,1698381480,1698382800,1,PROTECTED_STOP,8.0,-1.327493748917369,0.08286506331012213,5.784810056770845
0.08673675825698006,1698411000,1698411360,1698415500,-1,PROTECTED_STOP,6.0,1.487891509624808,0.6201498751040423,0.6353383448402595
2.9238563775842104,1698452700,1698452940,1698461520,1,PROTECTED_STOP,4.0,-1.041495122277324,0.0,365882199.9739663
0.07848647722146258,1698464100,1698464340,1698469080,1,PROTECTED_STOP,4.0,-1.0767289265642617,0.0,322056833.5588633
0.07928351743555338,1698469500,1698470280,1698470640,1,PROTECTED_STOP,13.0,-0.8028406398736841,0.11280051981800966,5.774193497200853
0.07015854436319016,1698538200,1698538560,1698540780,1,PROTECTED_STOP,6.0,-1.4878262232182715,0.2258488088538329,1.9999999911453643
0.07143457501047529,1698542700,1698543300,1698543540,1,PROTECTED_STOP,10.0,-1.7360905845226253,1.1563793413712862,0.41612200399740445
-1.0247076459275435,1698551700,1698552180,1698553140,-1,SL,8.0,1.303146161486485,0.4125994074536491,0.8994708972908201
-1.0124922437387078,1698624000,1698624120,1698630660,1,SL,2.0,-1.5983386860552862,0.0,336173508.9078272
-1.0161502300124214,1698631800,1698631860,1698632760,1,SL,1.0,-1.6667985087764168,0.16359423793702102,2.198275848630495
0.08563275800070955,1698636300,1698636600,1698646500,-1,PROTECTED_STOP,5.0,2.2542122906394804,0.0,449298813.37644017
0.08327376328450184,1698710400,1698711120,1698711660,1,PROTECTED_STOP,12.0,-1.1091464650121738,0.41873507113931485,0.9861111087558331
-1.0176430718595377,1698715500,1698715740,1698719520,1,SL,4.0,-1.4194193636232537,0.25650027427313343,1.1976047857503507
0.08252556973067393,1698720000,1698720180,1698721800,1,PROTECTED_STOP,3.0,-1.9411104082459196,0.0,526660124.3048706
-1.0133955713851626,1698797100,1698797220,1698798420,1,SL,2.0,-1.1606228267257326,0.22148596040750484,3.020942394737611
-1.0128732015726376,1698798600,1698798960,1698800760,1,SL,6.0,-1.267833935747974,0.20863882690465424,2.9625668307208257
-1.014502770780839,1698801000,1698801660,1698808980,1,SL,11.0,-1.4025386364874803,0.1725440806045881,1.8978102079785095
0.09512657515993833,1698883200,1698883620,1698884760,1,PROTECTED_STOP,7.0,-1.410727765253899,0.0,419304588.0727808
0.09243000276777279,1698903600,1698904500,1698906180,-1,PROTECTED_STOP,15.0,3.6960603577221445,0.4029892056462835,1.4038461503625153
0.0906723028653327,1698910500,1698911160,1698912960,-1,PROTECTED_STOP,11.0,2.146120078552919,0.30244953504194955,1.8188976317815335
-1.0129638342491687,1698969900,1698970020,1698971580,1,SL,2.0,-1.2811184253182337,0.254200844150706,1.5438596430490967
-1.012868686868708,1698971700,1698972300,1698972720,1,SL,10.0,-1.573226266282532,0.9584324924639395,0.5689455382244195
0.09109606892244979,1698978900,1698979620,1698999180,-1,PROTECTED_STOP,12.0,1.0679638247586787,0.010029758624456533,35.923073341552076
3.7116257046736627,1699077600,1699077660,1699078140,1,PROTECTED_STOP,1.0,-1.4957196072167145,0.0,842062193.1260067
0.08684473627325896,1699079400,1699079640,1699080180,1,PROTECTED_STOP,4.0,-1.881322444045692,0.3552204928664428,1.1980830637197533
0.07856680783484164,1699111500,1699111860,1699114320,1,PROTECTED_STOP,6.0,-0.8261618428123388,0.3538909475912851,1.1151832429223298
0.08768812052732984,1699143000,1699145160,1699150140,1,PROTECTED_STOP,36.0,-1.9177111876813127,0.5969114877589365,0.6024734972238873
-1.0138096460325305,1699157700,1699157760,1699159260,1,SL,1.0,-1.3350345040484155,0.0,598892803.2209265
0.08632408163267412,1699159500,1699160160,1699161540,1,PROTECTED_STOP,11.0,-2.3259256141338938,0.11895043731774815,3.8333333011086905
0.08562967476084392,1699247700,1699247820,1699252440,-1,PROTECTED_STOP,2.0,1.0398680020160465,0.12485651214126077,2.990098985953571
0.08371213746525932,1699263300,1699264740,1699266240,1,PROTECTED_STOP,24.0,-2.255857820322345,0.8885578069130221,0.4053208133153757
-1.0162175286507318,1699266900,1699266960,1699267560,1,SL,1.0,-2.670168749318266,0.0,562703181.952562
0.08417281772953594,1699315500,1699315740,1699317000,-1,PROTECTED_STOP,4.0,1.0162821156260293,0.278154681139753,1.4097560924928014
0.08575919640775014,1699318200,1699320120,1699324140,-1,PROTECTED_STOP,32.0,3.08321807262028,0.808257522743174,0.4439393933900729
0.0790487821582784,1699340100,1699340520,1699343940,-1,PROTECTED_STOP,7.0,1.782544800565637,0.053936047258250124,7.333333197369844
0.08193042078304066,1699414800,1699414860,1699415640,-1,PROTECTED_STOP,1.0,1.4585956764660284,0.0,428759604.8298865
1.6320227630101585,1699418700,1699419000,1699424400,-1,PROTECTED_STOP,5.0,3.094663329046805,0.12579558217903614,2.8611110883650444
-1.0189306777189484,1699424700,1699427280,1699428540,-1,SL,43.0,1.9757644137620962,1.1411466728068453,0.4364406775835435
0.09376220312287206,1699491900,1699493700,1699494600,1,PROTECTED_STOP,30.0,-1.630649965877501,0.4417159653235277,1.050707544791063
0.09306436847258674,1699496700,1699496760,1699496880,1,PROTECTED_STOP,1.0,-1.7159530582786406,0.0,2628998041.7754683
0.09434886076506319,1699504500,1699504620,1699504860,1,PROTECTED_STOP,2.0,-1.0143337693941983,0.0,870212906.2026134
-1.0129318770226776,1699602900,1699603920,1699604220,1,SL,17.0,-1.0150431013408108,0.5829793689320536,0.7559198529838407
0.08621932429524796,1699611600,1699611780,1699613220,-1,PROTECTED_STOP,3.0,1.794569270339177,0.0,556972240.1549793
0.08711616524473602,1699614300,1699614360,1699615500,-1,PROTECTED_STOP,1.0,1.1645177670708002,0.0,764855560.5448385
-1.0098054565555548,1699660800,1699661100,1699665840,1,SL,5.0,-1.4556800154744494,0.20383382989489096,1.9420849325568792
0.09011990407673542,1699671600,1699671960,1699677360,-1,PROTECTED_STOP,6.0,2.921630524437217,0.10551558753001082,3.8712120845221984
0.07965478927205377,1699710000,1699710060,1699710840,-1,PROTECTED_STOP,1.0,1.72665787750232,0.0,837438423.6453288
0.808694299783904,1699749600,1699752300,1699773900,1,TIME,45.0,-0.9267781190461186,1.4976086725475861,0.21410829593253206
-1.0231090102086524,1699774200,1699774440,1699776720,1,SL,4.0,-1.9262111605786063,0.529427430093231,1.1091549274823995
0.07816215330308453,1699777200,1699777500,1699778940,1,PROTECTED_STOP,5.0,-2.2821293358858177,0.1076651538073363,4.852458971324451
-1.0203356946732762,1699833900,1699834200,1699834440,-1,SL,5.0,2.770547770282001,0.13179571663920764,2.5999999802719547
0.08165611729373905,1699834500,1699834740,1699835400,-1,PROTECTED_STOP,4.0,2.5119272824792565,0.43031266560677994,1.234482755751735
1.469441450339245,1699839600,1699840980,1699847940,-1,PROTECTED_STOP,23.0,0.9785332165293831,0.9940607273940646,0.5780075182155237
0.09197931392439675,1699920000,1699920420,1699921740,-1,PROTECTED_STOP,7.0,1.2893832136345322,0.0,549615439.0600489
-1.021570507804286,1699940700,1699940880,1699943220,-1,SL,3.0,1.3847083761389976,0.0,560141360.5956856
0.07987208710296059,1699944900,1699945380,1699947840,1,PROTECTED_STOP,8.0,-1.6395533463530418,0.3043120667371668,1.6054054001297244
0.08572140865315676,1700012400,1700012640,1700013000,-1,PROTECTED_STOP,4.0,1.1496473518542865,0.0,517981888.74516636
0.08218063063060883,1700029500,1700030100,1700031300,1,PROTECTED_STOP,10.0,-1.5739255289130936,0.24474474474467497,1.5337423250220525
-1.0174495172365563,1700037000,1700037060,1700038560,-1,SL,1.0,4.087567208211034,0.0,550454878.176388
-1.006604537482751,1700093100,1700093160,1700097420,1,SL,1.0,-1.4749355600448337,0.0,509347363.70759934
-1.0074232096477507,1700097600,1700097720,1700099400,1,SL,2.0,-1.6811556824522706,0.0,370888261.80348593
0.09257252407005956,1700100000,1700100780,1700118900,1,PROTECTED_STOP,13.0,-1.6487906706990465,0.6086440174746565,0.686829267164168
-1.0078237587006904,1700179200,1700179500,1700181780,-1,SL,5.0,1.283583570079162,0.0,339767981.43853515
-1.0088862558082534,1700182800,1700182980,1700185800,-1,SL,3.0,1.3981731148658099,0.14159941305944931,2.383419672286682
0.09055965650967952,1700186100,1700187120,1700192820,-1,PROTECTED_STOP,17.0,1.4559475360555694,0.3575623268697963,0.9349240754763877
0.07171235967547893,1700284800,1700284860,1700286360,1,PROTECTED_STOP,1.0,-1.1745007762894009,0.0,595198399.4664714
0.07185857411717583,1700290200,1700291820,1700292120,1,PROTECTED_STOP,27.0,-2.614741368320107,2.4015277316506647,0.152952565279923
0.07627313627065793,1700294100,1700294700,1700297160,1,PROTECTED_STOP,10.0,-1.2872563771623624,0.7105409927496201,1.1126373610714166
0.07694473719763478,1700352000,1700352060,1700352960,-1,PROTECTED_STOP,1.0,2.2554418389616093,0.0,321578165.1128169
0.06693423667576148,1700374200,1700374260,1700374740,-1,PROTECTED_STOP,1.0,1.6447389970259234,0.0,588075880.7589109
0.07648364753909265,1700376600,1700376720,1700377560,-1,PROTECTED_STOP,2.0,1.2566598857444575,0.0,626118067.9785167
0.0908633629061891,1700439600,1700441100,1700445240,1,PROTECTED_STOP,25.0,-1.877126028100654,0.731271982781245,0.4824120596418186
0.08706032718307659,1700451900,1700452560,1700457960,1,PROTECTED_STOP,11.0,-0.958738139172108,0.4193620676775788,1.0149625910961015
0.08174123711337682,1700466900,1700467680,1700472060,-1,PROTECTED_STOP,13.0,2.795104312793634,0.9189985272459446,0.39423076880175806
0.09031445225316628,1700524800,1700526060,1700533440,1,PROTECTED_STOP,21.0,-1.58259866056236,0.20530131149355255,1.8981131983017798
0.07570581730318365,1700550300,1700550360,1700554920,-1,PROTECTED_STOP,1.0,1.7696351085096391,0.0,772790632.8407763
0.07999376075236994,1700555400,1700555460,1700555700,-1,PROTECTED_STOP,1.0,1.49842865848084,0.0,346828764.76668876
-1.0054353305495336,1700612700,1700613900,1700622840,-1,SL,20.0,2.671331666866568,0.35800990515650677,0.9949367060816651
-1.0111458990536213,1700625000,1700627100,1700634840,-1,SL,35.0,1.0313011584548222,0.5060462670872746,0.6199999987747892
0.08441541746740827,1700640900,1700641020,1700645040,1,PROTECTED_STOP,2.0,-1.350203811238661,0.0,347213324.7918756
-0.7002648255546425,1700697600,1700698140,1700719740,1,TIME,9.0,-1.1538277527969316,0.11764705882354494,3.685445978062877
-1.0194222321461988,1700719800,1700720580,1700723160,-1,SL,13.0,1.5082177400371675,0.15317628670318195,2.2346938629614725
-1.0211713927023998,1700723700,1700724360,1700726460,-1,SL,11.0,1.9302946051724788,0.12586562993563205,3.3243242979117813
0.08098260679561642,1700784600,1700785020,1700785800,1,PROTECTED_STOP,7.0,-1.2016105325459217,0.2844968862667746,1.295698920176854
-1.0213918287462158,1700788200,1700788500,1700790720,1,SL,5.0,-0.8801186824162227,0.5223241590214021,1.970491799506095
-1.0174662197765862,1700790900,1700791200,1700798580,1,SL,5.0,-1.5363538049310939,0.0,400600300.1500517
-0.6361555967658191,1700872200,1700873520,1700895120,-1,TIME,22.0,1.8480035182748182,0.15265929827168706,2.40816324953075
0.06915681128995264,1700899800,1700900340,1700900520,-1,PROTECTED_STOP,9.0,3.3145525602750103,0.23757872638201472,4.051546374700603
0.06900774647885274,1700903700,1700904360,1700904780,-1,PROTECTED_STOP,11.0,1.1994841646109429,0.4264084507042971,0.815028899822502
0.040168579513373825,1700977800,1700978760,1700980260,-1,PROTECTED_STOP,16.0,1.9089727719914442,0.05704584040733475,8.333333187272197
0.043992437241763105,1700982000,1700982060,1700983080,-1,PROTECTED_STOP,1.0,1.2146771870405497,0.0,569431204.3217503
0.05321422127880932,1700987700,1700987940,1700988240,-1,PROTECTED_STOP,4.0,2.4397119823988307,0.0,408596444.68029284
0.08940245356616715,1701044100,1701044160,1701046680,1,PROTECTED_STOP,1.0,-1.2183003256647147,0.0,606924149.6392424
0.08617383147851218,1701053100,1701053220,1701054360,1,PROTECTED_STOP,2.0,-1.7493062220205495,0.1713831478537513,2.1623376497206674
0.08472283501386355,1701060900,1701062400,1701065460,-1,PROTECTED_STOP,25.0,2.457973367825085,0.28355984217455454,1.1861471819635774
-1.0165042803281998,1701134700,1701135360,1701143340,1,SL,11.0,-3.195433680381044,0.19693945442442246,2.851351336874173
-1.0192699224978463,1701143400,1701143520,1701146820,1,SL,2.0,-1.3870722173911465,0.0,384692401.82440925
-1.022153944836418,1701147000,1701147060,1701148080,1,SL,1.0,-1.3610086168979083,0.362796664528495,0.8415841560962497
-1.0208304822245917,1701239700,1701239820,1701240180,-1,SL,2.0,1.251128934466044,0.11662560131406897,3.732394334194732
-1.0188683305013082,1701240300,1701240360,1701240660,-1,SL,1.0,1.6795341471103034,0.0,630416312.6593356
0.08109197111297332,1701240900,1701240960,1701242820,-1,PROTECTED_STOP,1.0,2.5015084022365657,0.0,578377230.2464206
-1.0175071523354249,1701310800,1701310920,1701311340,-1,SL,2.0,1.0082003902566667,0.03343949044587981,12.583332957022916
1.8884428124803925,1701313800,1701315240,1701317820,1,PROTECTED_STOP,24.0,-2.0161851049221413,0.29806790470826844,1.15418501815455
-1.015524112607114,1701318600,1701318960,1701321120,1,SL,6.0,-2.8755910540260547,0.4883720930232693,0.6917293218918108
-1.0209746376811306,1701391200,1701391680,1701393480,-1,SL,8.0,1.960351570980579,0.2842809364548505,1.241176466222129
-1.0167075850758418,1701394200,1701394380,1701394800,-1,SL,3.0,1.693151281203255,0.5192544233134283,0.9795918348482683
0.08445885480571462,1701396000,1701398700,1701399300,1,PROTECTED_STOP,45.0,-2.2616208100956,0.922699386503127,0.9654255308685127
0.08077745390069951,1701480000,1701481740,1701486000,-1,PROTECTED_STOP,29.0,1.9137044513080232,0.6240425531915158,0.706443912949042
0.07292739787519999,1701493200,1701493320,1701497340,-1,PROTECTED_STOP,2.0,1.1706790324494107,0.0,869370043.3936721
0.0753852104354365,1701502200,1701503940,1701505380,-1,PROTECTED_STOP,29.0,2.1387692269439444,0.5421325334060807,0.7887323929113379
0.08205674188399997,1701576300,1701578280,1701580260,-1,PROTECTED_STOP,33.0,1.9000814709695784,0.38565986128753915,1.049645387349021
0.07696879929889083,1701584400,1701585060,1701586020,-1,PROTECTED_STOP,11.0,1.7948906395910682,0.06660823838743014,5.710526230051302
0.07003668998430795,1701590100,1701590220,1701591960,-1,PROTECTED_STOP,2.0,1.77001233781963,0.0,330242394.6640653
0.0924038491772994,1701648000,1701648120,1701649260,1,PROTECTED_STOP,2.0,-1.827834230731998,0.0,383101569.48851055
0.09296193611952187,1701651300,1701652500,1701652680,1,PROTECTED_STOP,20.0,-2.3236895502647994,0.2849552886594153,2.667279402404264
1.4922086265577328,1701662700,1701663000,1701666660,1,PROTECTED_STOP,5.0,-1.106997310216139,0.12535344015077599,2.407894717633786
0.09232895470793029,1701734400,1701734460,1701735060,-1,PROTECTED_STOP,1.0,2.2810524829052072,0.0,808422045.0170884
0.08337899543378932,1701759900,1701759960,1701760080,-1,PROTECTED_STOP,1.0,2.0723406472191295,0.0,548972602.7397678
0.08525510224790697,1701762000,1701762120,1701762600,1,PROTECTED_STOP,2.0,-1.5601119262358987,0.44968792814740927,1.2511848313406495
1.0639667145606853,1701825300,1701825600,1701847200,-1,TIME,5.0,1.0738349423360887,0.0,377260281.39995927
-1.0093982081174382,1701847500,1701847980,1701849720,-1,SL,8.0,2.6748552806035923,0.25323834196890266,1.7493606069028829
-1.0094694489628424,1701849900,1701849960,1701853080,-1,SL,1.0,2.47108953173515,0.0,311009899.1495291
-1.0118874339162178,1701910500,1701910620,1701923220,-1,SL,2.0,1.434699550367708,0.0,364375762.5051126
-1.0209782879298128,1701923700,1701923880,1701925260,1,SL,3.0,-1.3586453702990118,0.2085501479440653,1.9452054701250692
-1.0209707290496457,1701929700,1701929760,1701931560,1,SL,1.0,-1.633803858292636,0.0,364695065.8902844
-1.0116684708597863,1701993900,1701994260,1702001400,-1,SL,6.0,1.6341012346555528,0.16884016156954434,2.4928229517425384
0.08545496438645155,1702001700,1702001820,1702005480,-1,PROTECTED_STOP,2.0,1.200132368211419,0.10139107987952138,3.2475247204463145
0.08213392941451722,1702020300,1702021200,1702021680,1,PROTECTED_STOP,15.0,-1.7558713911696213,1.0646246458922737,0.681024446391793
0.29787451733921,1702080000,1702080240,1702101840,1,TIME,4.0,-1.5569248506338218,0.0,315673895.14136624
0.08084040574282984,1702111200,1702111320,1702111500,-1,PROTECTED_STOP,2.0,1.5223174916870525,0.9044943820224843,0.7536231875725988
0.08710881761008159,1702113900,1702114080,1702115280,-1,PROTECTED_STOP,3.0,3.4640906575934305,0.05899371069179854,6.925373016939866
0.08594099210720811,1702166400,1702166460,1702170420,1,PROTECTED_STOP,1.0,-1.606866917539571,0.0,321861233.4801211
0.07631367521368322,1702183200,1702185000,1702188000,-1,PROTECTED_STOP,30.0,0.7804094340066959,0.44305844305846886,1.1496350339015187
-1.023515613268969,1702197900,1702197960,1702200180,1,SL,1.0,-1.2164238693243428,0.0,476212364.9735395
2.6105428629857337,1702253700,1702255320,1702256940,-1,PROTECTED_STOP,27.0,1.4916403028976495,0.1880027266530075,3.03045683667333
0.08468806565655142,1702257000,1702257420,1702258920,-1,PROTECTED_STOP,7.0,0.8381818016998083,0.851666666666625,1.5442092136290149
2.6570945303022486,1702260300,1702260360,1702260480,-1,PROTECTED_STOP,1.0,2.984526871458364,0.0,1228756790.970007
-1.0087869913499035,1702339800,1702339860,1702340460,-1,SL,1.0,1.0872605298935145,0.0,469480994.152057
0.09094181281094708,1702340700,1702340760,1702341360,-1,PROTECTED_STOP,1.0,1.2460742318807612,0.0,675839552.2388059
0.09167251672158629,1702343400,1702344180,1702345680,-1,PROTECTED_STOP,13.0,1.6974877260903256,0.6205450733752546,0.8561776047979417
0.09017523780507573,1702425600,1702425660,1702426500,-1,PROTECTED_STOP,1.0,1.9497133911931364,0.0,435767238.75294006
0.08932823984168979,1702430400,1702430460,1702431180,-1,PROTECTED_STOP,1.0,1.3457506140746642,0.0,991954724.5187068
0.0900204454180519,1702447200,1702449540,1702450080,-1,PROTECTED_STOP,39.0,1.3712278099550372,0.28185469149323683,1.1787564725018396
-0.2789753219739934,1702512000,1702512720,1702534320,1,TIME,12.0,-2.0093899945203955,0.2652526754825514,1.2798634764036276
0.09612371797376215,1702567500,1702569660,1702570440,1,PROTECTED_STOP,36.0,-1.5608200308181006,0.4338243913875916,0.8789407293737361
-0.10193490254223304,1702577400,1702577940,1702599540,1,TIME,9.0,-3.1177674394827455,0.18855218855218123,2.0596330165996606
-1.0123342077714086,1702606500,1702606560,1702610160,1,SL,1.0,-2.3049162325261325,0.0,460373175.68817234
0.08601368610160147,1702610400,1702610700,1702616880,1,PROTECTED_STOP,5.0,-2.3570222861864,0.5987261146496684,1.0949263484167893
-1.0143994164315322,1702625100,1702626000,1702629900,-1,SL,15.0,2.578558895114991,0.4172755552340021,0.9150485414965789
0.08889660549765772,1702684800,1702684860,1702685940,1,PROTECTED_STOP,1.0,-2.048365828671766,0.08563661078389265,3.7962962519649777
0.08963158043688824,1702686900,1702687740,1702687980,1,PROTECTED_STOP,14.0,-2.193119233250249,1.3966569381798886,0.4010638295000819
0.09112009097345347,1702689000,1702689300,1702692900,1,PROTECTED_STOP,5.0,-1.2978609912994687,0.0,396638199.81020147
0.08492056791821222,1702771200,1702772940,1702775220,-1,PROTECTED_STOP,29.0,2.1554921082750074,0.37256251433810295,1.26149424948777
0.0842657748584831,1702777200,1702777380,1702777620,-1,PROTECTED_STOP,3.0,1.5158818755710448,0.22540852290930868,4.079601971951344
0.08603953504954888,1702781100,1702781220,1702781700,-1,PROTECTED_STOP,2.0,1.8549783678249017,0.0,550096270.4129556
-1.010551752366321,1702858200,1702858260,1702859640,-1,SL,1.0,1.1986228812875526,0.0,672294704.5280021
0.09108282408688323,1702859700,1702859880,1702861440,-1,PROTECTED_STOP,3.0,2.0374122840729383,0.07430997876857755,4.43478254901615
0.09177164704872326,1702863300,1702863360,1702863480,-1,PROTECTED_STOP,1.0,2.4179586588779336,0.019245639659790818,30.999998389202414
0.09326024731400133,1702944000,1702944480,1702944660,1,PROTECTED_STOP,8.0,-1.6225591604818073,0.2809649300628143,1.3922558873008362
0.09170959770114356,1702950600,1702950840,1702950960,1,PROTECTED_STOP,4.0,-1.1950156152620588,0.5574712643678145,2.808247417642953
0.0611880785923457,1702952700,1702953360,1702974960,1,TIME,11.0,-1.7337194639434705,0.09563209543965678,3.1643192157385434
0.08878442855519973,1703031600,1703031660,1703037180,-1,PROTECTED_STOP,1.0,1.2541155800502026,0.0,419475655.4306794
0.08413095086151551,1703046000,1703046180,1703046540,1,PROTECTED_STOP,3.0,-1.0384699208897885,0.5840778557753188,0.7686424461028927
0.08690697786542409,1703047200,1703047260,1703047620,-1,PROTECTED_STOP,1.0,2.142066087183375,0.0,537541091.3872586
0.09151796495320871,1703116800,1703117100,1703126160,-1,PROTECTED_STOP,5.0,1.5240766691824856,0.0,474714654.6696718
0.08630634963162673,1703142000,1703142060,1703142360,-1,PROTECTED_STOP,1.0,1.5912961051766097,0.0,790488948.4260229
0.08620838890761513,1703147100,1703148300,1703152920,-1,PROTECTED_STOP,20.0,1.9669129286621454,0.4262714718760251,1.3893805277142253
-1.0124602706621613,1703210100,1703210700,1703212020,1,SL,10.0,-1.4291242812799618,0.5751570807153173,0.7676470574889198
0.08956332385018319,1703212200,1703212260,1703213040,1,PROTECTED_STOP,1.0,-1.776960181544494,0.0,550497866.2872941
0.08930642414191625,1703220900,1703222820,1703227020,1,PROTECTED_STOP,32.0,-1.229682837922034,0.4135357827641546,0.9578947345257269
-1.0164880269814756,1703290200,1703290260,1703291640,1,SL,1.0,-2.891102954189751,0.0,417088251.8268541
0.08306827023748972,1703291700,1703291820,1703292480,1,PROTECTED_STOP,2.0,-2.7359248110888923,0.0,560092577.2855206
-1.0148581312031195,1703294400,1703294640,1703296440,1,SL,4.0,-1.7784057138022782,0.04066811909949165,14.374999646529027
1.5939420337139938,1703377500,1703377560,1703380200,1,PROTECTED_STOP,1.0,-2.3477097155214,0.0,569331158.2380847
0.08106159299672017,1703380500,1703380620,1703380980,1,PROTECTED_STOP,2.0,-1.8548806930631094,0.02848159792857392,14.454544947061194
0.08348055802427724,1703382300,1703382900,1703386080,1,PROTECTED_STOP,10.0,-1.135889851985495,0.25224206188902415,1.704035867683681
0.09401443637776905,1703462400,1703463660,1703465520,-1,PROTECTED_STOP,21.0,2.248344145314549,0.4730662364434825,0.6887709976598768
-1.012347760125935,1703476200,1703478900,1703485200,-1,SL,45.0,1.2758227987549777,0.5238299699441881,0.9081967195776177
0.07625325967714053,1703485500,1703486400,1703486940,-1,PROTECTED_STOP,15.0,1.5904422355174983,0.6252938410907414,0.7578947356301201
0.08395957839263049,1703554500,1703554740,1703559780,-1,PROTECTED_STOP,4.0,1.0402089527309606,0.011067193675889455,51.2999953646819
0.0851362265448469,1703567700,1703567880,1703568000,-1,PROTECTED_STOP,3.0,1.9892547690514197,0.26201002063072165,1.7362204658142457
1.441560955239433,1703568600,1703568660,1703568960,-1,PROTECTED_STOP,1.0,1.9867343779983484,0.0,2004175910.217917
-1.0149326655117874,1703637900,1703638080,1703639700,1,SL,3.0,-1.0105943216455744,0.10966332755887657,3.682692274112845
-1.0145765716670332,1703644200,1703644320,1703645520,1,SL,2.0,-1.802503027077227,0.0,668090433.7580451
-1.0138530603659957,1703645700,1703646180,1703647920,1,SL,8.0,-1.938270337919936,0.7783776204164972,0.46910466522325356
0.09093835131840919,1703721600,1703722860,1703725080,1,PROTECTED_STOP,21.0,-1.4796309601388362,0.27780255061089554,2.134831452989449
0.09070852257956022,1703729400,1703729460,1703730120,1,PROTECTED_STOP,1.0,-1.870435753493288,0.0,353901913.10729825
-1.0116370797310126,1703740500,1703740560,1703744940,1,SL,1.0,-1.110757802944626,0.0,493832853.02591103
0.08912353820356525,1703808300,1703809380,1703810040,-1,PROTECTED_STOP,18.0,2.0423172879087566,0.4975940507436543,0.7399999985128215
0.08879939277364425,1703811300,1703811420,1703812020,-1,PROTECTED_STOP,2.0,1.3052481585657465,0.28354831409823206,1.617318430050041
0.0923747949120318,1703819400,1703820780,1703823060,1,PROTECTED_STOP,23.0,-2.9826896634615365,0.5299498602977831,1.022244689678709
-1.0147650635959888,1703904300,1703904360,1703904720,1,SL,1.0,-1.3456952145475434,0.0,380371791.97710186
0.08525140864506647,1703904900,1703905260,1703905860,1,PROTECTED_STOP,6.0,-3.619865308083105,0.20651764882966603,3.1428571276389556
1.3747786997050049,1703907000,1703907060,1703913600,1,PROTECTED_STOP,1.0,-2.367068611586429,0.0,468814159.2920618
-1.014261674030078,1703981100,1703981160,1703981760,-1,SL,1.0,1.9386945604729997,0.0,421815021.3659599
-1.014705542730884,1703982000,1703982240,1703983080,-1,SL,4.0,2.8236252600576734,0.010425199195770393,35.39999660438321
0.08744465424852026,1703988000,1703990040,1703990460,-1,PROTECTED_STOP,34.0,1.4295518381477812,0.5921153355448084,0.5972850668645241
-1.0109952206290986,1704067500,1704069300,1704072720,-1,SL,30.0,1.3064233854761245,1.292319662109585,0.3064419022312785
-1.0160904576436043,1704094200,1704094860,1704100500,-1,SL,11.0,1.2580085514831079,0.12495942875689549,3.3363636096644584
0.08147625515553554,1704100800,1704100980,1704102060,1,PROTECTED_STOP,3.0,-1.9030477002599646,0.0,540515396.7810878
0.09152480316034138,1704153900,1704153960,1704154080,1,PROTECTED_STOP,1.0,-1.0815533777017299,0.0,1112219043.7270243
1.6346025995393014,1704154500,1704154980,1704157740,1,PROTECTED_STOP,8.0,-1.0180023606623692,0.9679170779861744,0.8424273321230115
0.09522999014274469,1704162600,1704163200,1704164460,1,PROTECTED_STOP,10.0,-1.4023323974145603,0.14758798167002937,2.5653104751234523
0.09201864980521061,1704280500,1704280980,1704281100,-1,PROTECTED_STOP,8.0,3.057000382497404,0.7822188158651218,0.8724279824237327
1.4367333647343818,1704281400,1704282660,1704283020,-1,PROTECTED_STOP,21.0,4.190030950915857,1.0348215186892133,1.5853436489004447
-1.0049310620910905,1704283200,1704283260,1704283380,-1,SL,1.0,3.5746223177753773,0.0,5762785042.554771
-1.0095294332144145,1704330000,1704330060,1704331200,1,SL,1.0,-1.1017022904091813,0.16513674197385947,2.657258048424617
1.4703308329381883,1704331500,1704331560,1704336480,1,PROTECTED_STOP,1.0,-1.5535894830158812,0.0,579516358.4637443
0.09016407277223848,1704336600,1704337020,1704347280,1,PROTECTED_STOP,7.0,-1.3481499670354897,0.4920913884007026,1.4069444415852714
-1.0053649322521454,1704412800,1704414060,1704419220,1,SL,21.0,-1.6033281564658852,0.09132966004784288,3.5577688853465497
0.09240160512839066,1704419400,1704419640,1704419820,1,PROTECTED_STOP,4.0,-1.527655075990023,1.9004620065357078,0.5271167678465979
0.09566875840430694,1704422700,1704423300,1704429240,-1,PROTECTED_STOP,10.0,1.107393432278986,0.028387867921709213,14.157894238111652
-1.0060928680656225,1704500700,1704502500,1704518280,1,SL,30.0,-2.027020926583137,0.29792523751739464,1.093184975468322
0.08383052870650731,1704519000,1704519060,1704519600,1,PROTECTED_STOP,1.0,-1.0634989791579337,0.0,851845983.2038782
0.08670271850593075,1704523500,1704523800,1704524880,-1,PROTECTED_STOP,5.0,1.6727969349289278,0.3482131169001172,1.2315789438316436
0.08623455317247632,1704585600,1704586500,1704590520,1,PROTECTED_STOP,15.0,-1.8805688633824917,0.15013404825737192,5.474999963532953
0.08794977769941778,1704595200,1704595260,1704597960,1,PROTECTED_STOP,1.0,-1.8596338596048227,0.0,872789235.5602397
0.08351290512039042,1704613500,1704614520,1704616260,1,PROTECTED_STOP,17.0,-1.2060150884211887,0.36328688130708064,1.1604938239659686
0.09134203928535913,1704672000,1704672660,1704673620,-1,PROTECTED_STOP,11.0,1.2789143190813115,0.3440923896949857,1.0481927680381347
0.09216170343845097,1704675300,1704675540,1704688740,-1,PROTECTED_STOP,4.0,1.8584886033991859,0.23233606715181485,1.6310904802187085
0.08905720473628989,1704710700,1704710940,1704711300,1,PROTECTED_STOP,4.0,-1.0690389966117342,0.09319912659104167,6.447999930814686
0.09248199648376763,1704758400,1704758580,1704759480,1,PROTECTED_STOP,3.0,-1.334934242718619,0.333242002876909,1.0158273350812628
0.09246032242372901,1704760800,1704760860,1704761160,1,PROTECTED_STOP,1.0,-1.350708194172116,0.0,895003821.8330865
-1.0063172114550112,1704762300,1704762900,1704764040,1,SL,10.0,-1.5828421130447001,0.05750650853339856,5.809859053901177
-0.03086293752252684,1704844800,1704846660,1704868260,-1,TIME,31.0,1.2240866232582517,0.20553753524560633,2.0700360910116826
0.09361227178159513,1704890100,1704890160,1704890940,-1,PROTECTED_STOP,1.0,1.077904732451979,0.0,953935149.9467317
0.09601702267085042,1704893400,1704893460,1704896100,-1,PROTECTED_STOP,1.0,1.7892191548435052,0.0,453064156.3646105
-1.007546316521728,1704945000,1704945060,1704951420,1,SL,1.0,-1.2047591762813148,0.0,432904347.82605964
-1.0096646120257833,1704951600,1704951660,1704951840,1,SL,1.0,-1.2015692453215754,0.0,434614866.9866582
0.08999504273504896,1704971100,1704971160,1704973140,1,PROTECTED_STOP,1.0,-1.5227475088355293,0.0,470512820.5128298
0.09329428515216862,1705017600,1705018320,1705019700,-1,PROTECTED_STOP,12.0,1.254951936519254,0.30399801186664493,1.1630901249295238
-1.0070672358098658,1705030200,1705032360,1705039980,-1,SL,36.0,1.3462028211333992,0.7803414859252386,0.48669426312554526
1.6147942084374558,1705040100,1705042380,1705045920,-1,PROTECTED_STOP,38.0,2.229378532587069,1.1668381596354358,0.4091710754870709
0.438746925889002,1705108800,1705110120,1705131720,1,TIME,22.0,-1.3554710372268477,0.3267073778664073,1.1695594089701868
-1.005603664332764,1705271700,1705271760,1705273920,1,SL,1.0,-1.3407527772320533,0.0,675454261.9837177
1.4851466586893223,1705275300,1705277760,1705299360,1,TIME,41.0,-1.637669202042375,1.000454708627493,0.39618218312711734
0.08803463863862078,1705299600,1705299660,1705301280,-1,PROTECTED_STOP,1.0,1.3046269414754321,0.0,489369369.3694039
0.08711849501358848,1705304100,1705304520,1705309320,1,PROTECTED_STOP,7.0,-2.4099115413803216,0.439709882139618,1.2701030898949726
0.08614553573494825,1705325400,1705326000,1705327320,1,PROTECTED_STOP,10.0,-0.9722015285298712,0.3848129381550482,0.8914141390977607
-1.0084328194674512,1705364400,1705364520,1705375200,-1,SL,2.0,1.812437416074274,0.0,393595787.14913124
0.08645030405787318,1705375500,1705375560,1705381380,-1,PROTECTED_STOP,1.0,1.1963821901287983,0.0,693116310.6137605
0.08625412413795068,1705386000,1705386600,1705386960,1,PROTECTED_STOP,10.0,-1.703549562226791,0.16896551724137845,2.222857129701541
0.088406455825043,1705451400,1705452360,1705455120,1,PROTECTED_STOP,16.0,-0.785141617918024,0.15968661789270042,3.222222202044669
-1.0153101274209897,1705456500,1705456920,1705459560,-1,SL,7.0,1.2373424640856565,0.21941896024464955,2.9609755962613353
0.08491335638750296,1705459800,1705460100,1705461060,-1,PROTECTED_STOP,5.0,2.0194233867757743,0.042098932491354775,11.149999735147322
-1.0126898807249822,1705537800,1705539000,1705541760,1,SL,20.0,-1.1611186564335176,0.42251368903598374,0.9451476770881085
0.08699359469423519,1705542000,1705542780,1705548600,1,PROTECTED_STOP,13.0,-1.0370633878759143,0.3161201649322597,1.0927536197315548
0.07797100489381929,1705555200,1705556400,1705556520,1,PROTECTED_STOP,20.0,-1.8295821126924952,1.0462523457334865,0.35450516952824246
0.09328910037416774,1705622400,1705622460,1705624440,-1,PROTECTED_STOP,1.0,1.6974776238305629,0.0,386530014.6412724
1.8484647331907544,1705635000,1705635840,1705647000,1,PROTECTED_STOP,14.0,-1.5138349086471627,1.4787960982734236,0.3733333330808686
0.08794094690099742,1705655100,1705656360,1705657260,-1,PROTECTED_STOP,21.0,0.9411136568949398,1.0069422728125623,0.34869565182760875
0.08743409105629282,1705711800,1705712700,1705715340,1,PROTECTED_STOP,15.0,-1.4803488981157473,0.5367528009843613,0.6114864853473573
-1.022911386138637,1705734900,1705735440,1705736280,-1,SL,9.0,1.797194592486769,0.30858085808588276,2.294117639623563
0.07547055415621351,1705736400,1705736520,1705736820,-1,PROTECTED_STOP,2.0,2.088763356486972,0.3209068010076366,1.7692307637169618
-1.016472614412304,1705796400,1705796880,1705817940,1,SL,8.0,-2.3105610913629295,0.13390892161845397,3.0619468797880582
1.7157773226586954,1705821000,1705821600,1705828020,1,PROTECTED_STOP,10.0,-0.8215152416152607,0.46918637125301405,0.9777777756937109
0.06667358522827864,1705832700,1705832820,1705833000,1,PROTECTED_STOP,2.0,-1.1820566326242137,0.0,536160027.35514355
0.0799487730906994,1705881600,1705883220,1705884240,-1,PROTECTED_STOP,27.0,1.696975825643072,1.243382961124912,0.3201396970649878
-1.015988655980291,1705885200,1705885380,1705885920,1,SL,3.0,-1.902060250626152,0.09897246198107537,3.058139503985684
0.0878414525608712,1705887000,1705887060,1705888380,1,PROTECTED_STOP,1.0,-2.3243875010098773,0.0,767002518.8916805
-1.0054349598505556,1705969200,1705969680,1705977180,-1,SL,8.0,1.2527124095924367,0.22428919339223763,1.7161172084656207
1.500581583309841,1705978500,1705980600,1705997700,-1,PROTECTED_STOP,35.0,1.0726515274842088,0.5616027024490923,0.6538011684264049
-1.0086521819869882,1706001000,1706001360,1706001900,1,SL,6.0,-2.021271343112141,0.8242292620744877,0.664795508415594
-1.0078855756855838,1706054400,1706055060,1706057220,-1,SL,11.0,3.134421402865368,0.34452034452034536,1.1551724104401158
1.744919859754568,1706057400,1706058180,1706067000,-1,PROTECTED_STOP,13.0,3.1675716151153313,1.0321187077385465,0.39999999961246624
0.09186954394293118,1706067300,1706067600,1706071260,1,PROTECTED_STOP,5.0,-1.3068517169486298,0.10952401881072406,3.584269630195048
0.08859594542385536,1706142900,1706142960,1706143560,1,PROTECTED_STOP,1.0,-1.140433846288507,0.0,327944854.5110215
0.0865753461473803,1706151300,1706151720,1706155440,1,PROTECTED_STOP,7.0,-2.0487475622207345,0.28723634007630566,1.084210522541212
1.5947252845978865,1706159400,1706161500,1706167620,1,PROTECTED_STOP,35.0,-1.1058283516107583,0.8334871700203054,0.4868217048421881
0.0793540354367296,1706234700,1706235000,1706235300,1,PROTECTED_STOP,5.0,-1.4056263732725907,0.31252072052156155,3.237623752017067
0.08125487882122602,1706235900,1706236140,1706236320,1,PROTECTED_STOP,4.0,-1.696113645271175,0.663666366636688,1.297468352475339
0.08383551756884855,1706237700,1706237760,1706238960,1,PROTECTED_STOP,1.0,-3.609326847149986,0.0,506431839.7651046
0.08584481715433706,1706316900,1706317080,1706318100,1,PROTECTED_STOP,3.0,-1.0962118935965535,0.0,323241123.9380982
0.08286514526461333,1706322900,1706323320,1706326500,-1,PROTECTED_STOP,7.0,1.329096562377983,0.01966119547088538,28.56249854729413
0.07573815991696255,1706335200,1706337420,1706337720,-1,PROTECTED_STOP,37.0,1.5675966838177546,0.9664797507788416,0.5090252702313771
1.3650834101973215,1706401200,1706403900,1706405280,1,PROTECTED_STOP,45.0,-1.8059538740039187,1.3868178324366809,0.37245392795637944
-1.0157279712459968,1706405400,1706405460,1706405940,1,SL,1.0,-1.3446813885583102,0.0,774920127.7955642
0.08431343982961574,1706406000,1706406180,1706406960,1,PROTECTED_STOP,3.0,-1.0274098710604649,0.0,347763578.2747461
-1.010787620256419,1706486700,1706486820,1706491320,-1,SL,2.0,1.7879161611844951,0.02858561889518188,12.756756310503143
-1.010235646244343,1706491800,1706493000,1706497860,-1,SL,20.0,2.492200555195947,0.9349851647493311,0.4255650813843417
1.6405930061497804,1706498400,1706499900,1706514180,-1,PROTECTED_STOP,25.0,1.5263383159789858,0.6195586639334534,0.7166212522492964
0.08528201459854677,1706573100,1706573820,1706574780,1,PROTECTED_STOP,12.0,-2.163059826192608,0.5957664233576165,0.7032590039654228
0.08852310618901257,1706578800,1706580360,1706584140,1,PROTECTED_STOP,26.0,-2.621394372541642,0.9271104079557342,0.380546074674833
-1.0129374528723831,1706593800,1706595420,1706601780,1,SL,27.0,-1.252660026427069,0.23886510320145626,1.26966291603311
0.09137672509079887,1706659500,1706660220,1706669880,-1,PROTECTED_STOP,12.0,1.3286064199159433,0.3774169932388689,1.265175715497627
0.0867130210073836,1706695200,1706697900,1706700960,-1,PROTECTED_STOP,45.0,1.9748644430891797,1.3735213526699503,0.4284741141294157
0.09041135509968423,1706709000,1706709900,1706710500,-1,PROTECTED_STOP,15.0,1.4383820580458087,0.5197919676394029,1.197146560602252
0.091137058797161,1706747100,1706747820,1706748120,-1,PROTECTED_STOP,12.0,1.1124995658903727,0.5707494281742019,0.7887788765057385
0.08987963898917599,1706750400,1706750460,1706750580,-1,PROTECTED_STOP,1.0,1.0361296389224177,0.0,1245487364.6209292
0.08801448233862483,1706769600,1706770020,1706771400,-1,PROTECTED_STOP,7.0,1.3978857622091094,0.04689403166869692,7.127272575285425
1.4236674834864795,1706832000,1706832720,1706833500,1,PROTECTED_STOP,12.0,-1.2275351241044123,0.4060761392761259,1.2327586176539285
0.08631656789955122,1706845500,1706847660,1706861460,1,PROTECTED_STOP,36.0,-2.2860416085178143,0.4653633948640689,0.7622950803293065
-1.0165755934636396,1706880900,1706880960,1706881500,1,SL,1.0,-1.90990575877202,0.0,1002815501.8218025
0.08163899107629397,1706918400,1706919300,1706921760,1,PROTECTED_STOP,15.0,-1.821795685874387,0.687124385357865,0.538033394393216
-1.0262640048712373,1706938200,1706938260,1706944260,1,SL,1.0,-1.007544460131616,0.0,926148225.4696736
0.07317025353120378,1706949300,1706950560,1706950740,-1,PROTECTED_STOP,21.0,2.4019815880373176,0.29381098783593307,1.885350312053839
-1.0301953457981206,1707005400,1707005460,1707005760,-1,SL,1.0,1.9221179228297836,0.19420989143539957,3.293478243912579
0.06982044257113053,1707006000,1707006060,1707007020,-1,PROTECTED_STOP,1.0,1.5985659697201609,0.0,659641728.13493
1.4674354042741085,1707010800,1707011220,1707027960,-1,PROTECTED_STOP,7.0,2.3187771516932334,0.0663141661159287,5.534883637462589
0.08984233016361383,1707094200,1707094320,1707095460,-1,PROTECTED_STOP,2.0,1.0605959383905232,0.0,402981238.7561008
0.09022488489871537,1707098400,1707098640,1707101100,-1,PROTECTED_STOP,4.0,2.2856413237783415,0.0,374999999.9999663
-1.0134136018680855,1707105600,1707105720,1707113520,-1,SL,2.0,1.8668073721078895,0.0,420584669.2711708
-1.013706227306999,1707190800,1707192120,1707199980,1,SL,22.0,-2.2662737689858288,0.8785366856203163,0.3482532747127902
0.08184362521994668,1707200100,1707201960,1707202800,1,PROTECTED_STOP,31.0,-1.6298996873290843,1.0385945749135277,0.4625766866712308
0.07866714224875564,1707207000,1707207060,1707207240,1,PROTECTED_STOP,1.0,-1.149473227959947,0.0,336882453.1515925
-1.0182308711433534,1707264000,1707264960,1707265620,-1,SL,16.0,2.187952615328268,0.38366606170603945,0.9337748320030329
0.0826381075639864,1707265800,1707265980,1707267720,-1,PROTECTED_STOP,3.0,2.265281410182154,0.1292493528903868,3.878504642890329
0.082844833874712,1707271200,1707273480,1707275460,-1,PROTECTED_STOP,38.0,1.9115699083711573,0.6354932467089072,0.4783427487763172
1.3829508279300868,1707350400,1707350460,1707351960,1,PROTECTED_STOP,1.0,-1.4773647903598288,0.0,876295502.118795
0.0901481628599854,1707352500,1707352800,1707358020,1,PROTECTED_STOP,5.0,-1.0649688995762971,0.2383316782522347,3.086111098162263
0.08709991098968221,1707368100,1707369060,1707370860,1,PROTECTED_STOP,16.0,-2.055441170708648,0.15475377258892103,2.1123595369124244
2.6259114532775376,1707436800,1707437040,1707445140,1,PROTECTED_STOP,4.0,-1.1248479250203538,0.0,613891213.3891075
2.8992264433550963,1707445200,1707445440,1707446760,1,PROTECTED_STOP,4.0,-1.8021284531065842,0.4251089324618568,1.2376681585237017
-1.010853730038678,1707447300,1707448020,1707448380,-1,SL,12.0,4.965624184264806,1.3971759959657137,0.35725113668213493
0.4200841593618716,1707523200,1707523260,1707544860,1,TIME,1.0,-1.3237058373857533,0.0,347804411.9480001
0.08317566121310842,1707562500,1707562980,1707563340,1,PROTECTED_STOP,8.0,-3.7270163514500094,0.6720946309240372,0.5983999991096725
0.08605216435113885,1707564300,1707564540,1707571380,1,PROTECTED_STOP,4.0,-2.2020504254456577,0.13322337118568775,4.933333296302794
1.7463589691854082,1707609900,1707611940,1707622560,1,PROTECTED_STOP,34.0,-1.372561295375519,0.43077647375323713,0.8830601072397227
0.09060927579571453,1707624000,1707624060,1707624480,-1,PROTECTED_STOP,1.0,1.1604141304107034,0.012210823607583824,37.66666358199732
-1.0085645462836326,1707628500,1707629040,1707648420,1,SL,9.0,-1.7635353476238496,0.0,310153518.77182674
0.08784266638065145,1707698100,1707698160,1707701100,-1,PROTECTED_STOP,1.0,1.7375876262474692,0.0,833378023.2745193
0.09141189238765739,1707708900,1707709740,1707714480,-1,PROTECTED_STOP,14.0,3.3438646697678713,0.07008560073371271,4.5496182556959175
0.08828455125228536,1707749100,1707749160,1707750060,1,PROTECTED_STOP,1.0,-1.8223850004916098,0.003609922128822625,250.7999305248393
0.09012979176358385,1707782400,1707782700,1707784740,1,PROTECTED_STOP,5.0,-1.0110530700475764,0.14566679355410958,2.540650389062695
0.09033258588711388,1707795600,1707797460,1707800520,1,PROTECTED_STOP,31.0,-1.8355551880259648,0.47379785732081536,0.6392638023317305
0.08561129323802955,1707804000,1707804120,1707810540,-1,PROTECTED_STOP,2.0,1.740083761119779,0.0,315750554.5970411
0.09076449808182911,1707870900,1707871800,1707881280,1,PROTECTED_STOP,15.0,-2.314333018024533,0.43302429667519593,0.9043927627693144
0.08572754646839786,1707885300,1707885600,1707886560,1,PROTECTED_STOP,5.0,-1.3193796360957228,0.8040892193308298,0.49298813315171564
0.08530752975054398,1707888000,1707888600,1707890160,1,PROTECTED_STOP,10.0,-1.3051791507180932,0.1200609833566247,5.281481437491707
-1.0104998794039117,1707957000,1707957060,1707957420,-1,SL,1.0,5.098472307061812,0.0,818244465.5008883
1.780241726246867,1707957600,1707957660,1707960540,-1,PROTECTED_STOP,1.0,3.3903902474529963,0.0,624084761.8227248
0.09171537733374041,1707960600,1707960660,1707960900,-1,PROTECTED_STOP,1.0,2.1342611097062436,0.0,461764806.5145316
-1.0105668904384622,1708058100,1708058340,1708065780,1,SL,4.0,-2.567035549311796,0.0,323184200.2685436
0.08454733150543686,1708067100,1708067340,1708068060,1,PROTECTED_STOP,4.0,-1.0121072394038095,0.40795766116173887,1.3982494495267315
0.0855166007115324,1708071900,1708074420,1708074780,-1,PROTECTED_STOP,42.0,1.4375682370532092,2.209377623216175,0.2659574466881369
1.512195374344398,1708149600,1708149720,1708159800,-1,PROTECTED_STOP,2.0,2.410740611201539,0.005722460658103844,55.24999034485955
0.0744587940937943,1708160100,1708160160,1708161180,-1,PROTECTED_STOP,1.0,2.8271492795282125,0.03552172534096661,8.708333088173534
0.07939249686178514,1708164900,1708165020,1708165140,-1,PROTECTED_STOP,2.0,2.1518605686783143,0.21328312221836446,4.887640426523192
0.08965796009250124,1708214400,1708215600,1708218540,1,PROTECTED_STOP,20.0,-1.1883242934188671,0.24578230709942606,1.8780487728466984
0.08652212750045066,1708222200,1708222260,1708223520,1,PROTECTED_STOP,1.0,-1.2298409630880238,0.0,372966909.70275116
1.4319454744174174,1708224600,1708225260,1708230780,1,PROTECTED_STOP,11.0,-0.8339291559141737,0.8395020562409866,0.5199258566559078
0.09003864710609086,1708300800,1708301100,1708303380,1,PROTECTED_STOP,5.0,-1.6097201410380462,0.2288423031343217,1.4849999935108515
0.09175865210707702,1708306800,1708307280,1708313100,1,PROTECTED_STOP,8.0,-1.3269696378304474,0.10065111231686123,4.207547128008477
-1.0153739617983502,1708323600,1708324020,1708324620,1,SL,7.0,-2.42452937836242,0.6634030000627585,0.5933774825493022
0.08680384251165338,1708387200,1708388640,1708389960,-1,PROTECTED_STOP,24.0,1.977518594373302,0.4466783216782732,1.0547945181867313
0.0886937378488533,1708392000,1708392060,1708392480,-1,PROTECTED_STOP,1.0,1.6141285365787064,0.0,636124176.8579373
-1.0107168861991302,1708394400,1708396800,1708404120,-1,SL,40.0,1.4101503305116458,0.44606621573512567,0.8491620092694725
-1.0104796814230268,1708473600,1708474080,1708479840,1,SL,8.0,-1.515258685978956,0.2246053534660344,1.6096256612825959
-1.0112706697530873,1708479900,1708480200,1708489920,1,SL,5.0,-1.6040614124588393,0.25148148148149946,1.3221649431958922
0.08068125914691571,1708494300,1708494420,1708495800,-1,PROTECTED_STOP,2.0,1.0148587844027006,0.2391634070408059,1.4018691530168557
-1.0096057632522908,1708562700,1708564200,1708566000,1,SL,25.0,-1.904782354392652,0.6054204862495036,0.6497695841802028
0.0900767524828776,1708566300,1708568160,1708577580,1,PROTECTED_STOP,31.0,-1.3230032582822358,1.3051778999132182,0.26108156008366085
-1.0141287064151923,1708579800,1708580940,1708581180,1,SL,19.0,-1.4324395433440515,0.6403888953964941,0.6325224061826089
0.0898033333333347,1708649400,1708651260,1708653300,-1,PROTECTED_STOP,31.0,1.5680175758061412,0.17187765505523328,1.9584774972557681
0.08342537344543291,1708656900,1708656960,1708657200,-1,PROTECTED_STOP,1.0,1.198307852243252,0.0,894879455.2907599
0.08750974219527201,1708662300,1708664460,1708673820,-1,PROTECTED_STOP,36.0,1.4901350692472388,0.8982900172566771,0.38712306395373175
-1.0138026394557824,1708732800,1708733460,1708735080,-1,SL,11.0,2.549325780873479,0.4767346938775629,0.8886986282728523
0.08595497850860884,1708735200,1708735260,1708746600,-1,PROTECTED_STOP,1.0,2.1562659548536964,0.04388974328643114,12.962263855598758
0.08026131874807906,1708751100,1708752120,1708752540,1,PROTECTED_STOP,17.0,-3.054107155150583,0.7425209248363278,0.5015624993244913
0.07783580531245865,1708820400,1708820700,1708823040,1,PROTECTED_STOP,5.0,-1.8995483507396587,0.38949792722253185,0.8178807926019386
1.4719971538416525,1708823700,1708823880,1708826220,1,PROTECTED_STOP,3.0,-1.8816568072417765,0.09158202788774146,3.644736802309024
0.0797459471538102,1708826400,1708826580,1708827300,1,PROTECTED_STOP,3.0,-1.6002156460201,0.4410926763868537,2.1595744631887293
0.08252410867929583,1708913100,1708914240,1708917060,-1,PROTECTED_STOP,19.0,3.0647026653560014,0.5110157783756678,1.0398406354152003
0.07841986731214792,1708926300,1708927980,1708930140,-1,PROTECTED_STOP,28.0,1.3524037605000754,0.4970414201183275,0.6515151502044626
1.5913630267085586,1708931400,1708931700,1708935480,-1,PROTECTED_STOP,5.0,1.2651249228108594,0.0,481916501.9188032
0.09054542305360791,1708992000,1708992060,1708993020,1,PROTECTED_STOP,1.0,-2.2011885713605026,0.0,395427383.7360273
1.8922191953780065,1708997400,1708997940,1708998300,1,PROTECTED_STOP,9.0,-1.3637876409689207,0.4101458465440882,1.0072150047591535
0.09503101633233733,1709000100,1709001000,1709001120,-1,PROTECTED_STOP,15.0,2.39640166998634,0.5487136866759853,1.032289154745238
1.4226938077689837,1709098200,1709098260,1709105580,1,PROTECTED_STOP,1.0,-1.4421657626489839,0.0,669848365.8551092
1.983723494794029,1709105700,1709105760,1709106240,1,PROTECTED_STOP,1.0,-1.587626231665669,0.0,1412516976.0072684
1.4295983263972925,1709106300,1709106360,1709106780,1,PROTECTED_STOP,1.0,-2.146443423957309,0.2286660401843651,1.4465753361396847
-1.0041623948814347,1709168400,1709169060,1709181360,-1,SL,11.0,1.3764388742046543,0.23383323859909597,2.6029668300550717
0.09489018740824298,1709188500,1709188860,1709189280,1,PROTECTED_STOP,6.0,-2.1509846857180976,0.11703946800242199,3.5103305485196135
-1.0045943382873266,1709190300,1709190480,1709199060,1,SL,3.0,-1.9152054211152578,0.16610465842387934,2.3657894594414848
0.09519548886467522,1709254200,1709255160,1709266680,-1,PROTECTED_STOP,16.0,1.2552203551786474,0.35842065554530333,1.0956123086655936
0.09026085247815824,1709281200,1709281920,1709283420,1,PROTECTED_STOP,12.0,-1.6020668719759774,0.5230074782725896,0.726780882289349
0.08987501393145908,1709295600,1709296500,1709297820,1,PROTECTED_STOP,15.0,-1.6518981956909435,0.2384368904987535,2.0368098074084866
-1.009184319949215,1709342400,1709342640,1709350380,-1,SL,4.0,1.3416449731777902,0.07865418187591193,4.728813499199125
0.0902718716911401,1709350500,1709350800,1709352840,-1,PROTECTED_STOP,5.0,2.228983617154704,0.3726217942287685,0.8291457264180642
0.08984186579646056,1709355600,1709356380,1709357100,-1,PROTECTED_STOP,13.0,1.5454330950704622,0.24562265342643524,1.4839999939581539
-1.0106174157994412,1709455200,1709456160,1709458560,-1,SL,16.0,1.1685891494245038,0.3378847147391032,1.2155963266775365
0.08634334584116042,1709468100,1709468280,1709469180,1,PROTECTED_STOP,3.0,-3.6755683134604413,0.0,821482176.3602127
0.08928585041550866,1709472000,1709472300,1709476560,1,PROTECTED_STOP,5.0,-1.905720127964875,0.2285503231763463,2.409502251901052
1.7084117773907301,1709511000,1709511060,1709512260,1,PROTECTED_STOP,1.0,-1.1192073604880441,0.0,436426971.8835393
3.619012337223067,1709513100,1709513160,1709513400,-1,PROTECTED_STOP,1.0,1.7316309747405785,0.0,1900050735.6671774
0.09495188730667149,1709514600,1709514720,1709517240,1,PROTECTED_STOP,2.0,-1.5734080525105216,0.006200177147915047,71.26921927456483
0.09547811081863797,1709597700,1709598000,1709604060,1,PROTECTED_STOP,5.0,-1.0523208464836729,0.11471512269679875,2.970639006918958
-1.0043708637259061,1709606400,1709608320,1709611440,-1,SL,32.0,1.7230742567746231,0.8553197968138092,0.7702763923934778
1.7950228600477454,1709611500,1709611680,1709614380,-1,PROTECTED_STOP,3.0,1.4347465852488641,0.0,403029576.064977
0.096920157296823,1709684100,1709686620,1709690820,-1,PROTECTED_STOP,42.0,1.4459785179007068,0.7245849111564234,0.5388944716180776
0.09567585276764053,1709703300,1709703360,1709703660,1,PROTECTED_STOP,1.0,-1.2444723493499643,0.0,631947176.1730874
0.09629969332781066,1709712000,1709712540,1709714460,1,PROTECTED_STOP,9.0,-1.5192941051287971,0.19610443431411198,1.7827556967420297
0.0928354045548229,1709769600,1709769900,1709771400,-1,PROTECTED_STOP,5.0,2.1896085082262062,0.012371517603794572,28.52631348375786
0.09430566444795244,1709776800,1709777160,1709781000,-1,PROTECTED_STOP,6.0,1.8288427039780508,0.14183797300777456,2.201451890104798
-1.005606782821727,1709783100,1709784180,1709796960,-1,SL,18.0,1.4841369825648796,0.3560341517816475,1.5895039495253356
-1.0083035129761801,1709856300,1709858100,1709859780,-1,SL,30.0,2.8309017166668293,0.40968154223024716,0.8626023636816076
0.08971433484478343,1709859900,1709860260,1709861280,-1,PROTECTED_STOP,6.0,2.3454353642538854,0.5915752119340463,1.003110418210982
0.08841052203789236,1709868300,1709868660,1709880180,-1,PROTECTED_STOP,6.0,1.102431045899924,0.0,478442383.7144842
0.0929677879939848,1709943300,1709943840,1709947560,-1,PROTECTED_STOP,9.0,1.5060263440778079,0.0,362965255.06145525
1.434095568110543,1710032700,1710032820,1710033300,1,PROTECTED_STOP,2.0,-1.3332860902292756,0.42184557438795117,2.2937499945627047
-1.0155555405903716,1710033600,1710033660,1710033780,1,SL,1.0,-4.0667986313314,0.0,1051229015.3446954
-1.0132116447251283,1710034200,1710034560,1710034860,1,SL,6.0,-3.9175445318235873,0.7917811590042735,0.8665699771505939
0.09118879944319128,1710116400,1710116460,1710116820,-1,PROTECTED_STOP,1.0,1.6032941281256128,0.0,342335906.80550617
1.9767701379791025,1710117900,1710118140,1710118380,-1,PROTECTED_STOP,4.0,1.4246191468678175,0.6190903031556491,0.9916839900821962
-1.004743898007187,1710123300,1710123360,1710140100,-1,SL,1.0,1.86502229757516,0.0,331674712.2168592
0.08873689903844711,1710203700,1710204300,1710205740,-1,PROTECTED_STOP,10.0,1.254689694204604,0.295873397435907,1.131121639147032
0.08893392550521266,1710213600,1710213660,1710213840,-1,PROTECTED_STOP,1.0,2.1042040906021287,0.0,1262977149.6499631
-1.008753385553563,1710215700,1710216300,1710216720,-1,SL,10.0,2.200984546660058,0.7245820628745432,1.046216352035065
0.09173607099582516,1710294000,1710294900,1710300540,1,PROTECTED_STOP,15.0,-2.577044041520423,0.2623538658021513,1.916120569367351
0.085479521033392,1710311100,1710311160,1710311520,1,PROTECTED_STOP,1.0,-1.5610994953634674,0.05881344307272046,11.224489605065985
1.3625120765514251,1710312000,1710313560,1710314220,1,PROTECTED_STOP,26.0,-2.1854652662886753,1.2635031176613296,0.5957828617985722
0.0883996522014141,1710386700,1710389160,1710390540,1,PROTECTED_STOP,41.0,-2.303658375225902,0.4500829973914816,0.7924130646250939
0.09086056774515022,1710397800,1710399600,1710399960,1,PROTECTED_STOP,30.0,-2.608237804877478,1.373744886574965,0.3159177041555064
-1.007851275712629,1710400800,1710400980,1710411300,1,SL,3.0,-2.1575448587155788,0.12369529390223469,2.8575129302659175
0.09383406600843486,1710460800,1710460980,1710468060,1,PROTECTED_STOP,3.0,-1.0831254335885967,0.0,373350558.2725866
0.09476299734748848,1710471300,1710472980,1710473160,-1,PROTECTED_STOP,28.0,2.512532833287288,2.318633952254642,0.976976976555618
0.0970427315163344,1710474000,1710474120,1710475620,-1,PROTECTED_STOP,2.0,2.4908441713993734,0.10862999823441402,4.335329301408231
0.09472757668596132,1710547200,1710547500,1710547680,1,PROTECTED_STOP,5.0,-0.9951434417444199,0.2053784182457726,1.6397789975407748
0.09410303494657667,1710555300,1710555360,1710559260,1,PROTECTED_STOP,1.0,-1.683120782421304,0.0,328182862.98046154
0.08829606741571457,1710583800,1710583920,1710584700,-1,PROTECTED_STOP,2.0,1.573952068264894,0.0,709908069.458632
0.09640273021298253,1710633900,1710634260,1710637440,-1,PROTECTED_STOP,6.0,2.1133564764691277,0.1443603038425173,3.0090805693939946
1.5949299405006323,1710642600,1710644580,1710660180,-1,PROTECTED_STOP,33.0,1.53999835752782,0.2684959300500038,1.3507556624754489
0.09372035936382131,1710660300,1710660360,1710660840,1,PROTECTED_STOP,1.0,-1.9261022051300225,0.0,820249298.3325148
0.0930283601088446,1710720900,1710720960,1710721380,1,PROTECTED_STOP,1.0,-1.7827404371553321,0.0,493152488.80695665
-1.0066853462703622,1710722400,1710722460,1710723720,1,SL,1.0,-2.0881855712120365,0.0,518441624.47303385
-1.0055965720810678,1710730200,1710730380,1710737160,-1,SL,3.0,2.5339559612651623,0.18762912083059666,2.95125163117487
0.09351969410966829,1710810000,1710810240,1710810840,-1,PROTECTED_STOP,4.0,1.9871152954541544,0.24132423406419534,2.9711191212619976
0.09450045488016101,1710811800,1710811920,1710812220,-1,PROTECTED_STOP,2.0,3.6731968773602204,0.0,753972778.4508002
0.09535668125022245,1710816600,1710819240,1710819780,-1,PROTECTED_STOP,44.0,1.8142018411057685,0.7872985868687216,1.1493629695349208
-1.0041434940795104,1710894300,1710894660,1710896280,-1,SL,6.0,2.4206359134526214,0.5278825163722957,0.7593984948020267
0.09654594503694089,1710896400,1710896460,1710901740,-1,PROTECTED_STOP,1.0,1.5347925752652372,0.0,342472985.8153528
0.09680392939507085,1710907500,1710907620,1710910140,-1,PROTECTED_STOP,2.0,1.2045002960250124,0.0,391475962.39134985
-1.004644447366365,1710979200,1710981720,1710991500,1,SL,42.0,-1.858718034807734,0.8312295465170536,0.6683070858101989
-1.006718704257439,1710991800,1710992100,1710992700,1,SL,5.0,-1.1019492803378366,0.33460059803505493,1.370866841300493
-1.006419498148901,1710993000,1710993420,1710997920,1,SL,7.0,-1.2729929727170084,1.0325791855203819,0.39319576091312447
0.0930755952917243,1711066800,1711066860,1711067280,-1,PROTECTED_STOP,1.0,1.0614125006681183,0.0,449914422.12412584
0.0929284354683644,1711074900,1711076160,1711076820,1,PROTECTED_STOP,21.0,-1.8967058214362826,0.45821119446046216,0.9929478116553269
0.09299640146361643,1711077900,1711078200,1711083360,1,PROTECTED_STOP,5.0,-3.419050318057781,0.3819740542502155,1.5827098877932368
-1.005273181783232,1711152000,1711152120,1711158420,-1,SL,2.0,1.6018213786863245,0.0,375645507.62186337
0.09202306826876386,1711164900,1711165200,1711165560,1,PROTECTED_STOP,5.0,-1.1880469428276361,0.6203321182665242,0.7391834235493658
0.0933968326191695,1711169700,1711170180,1711176540,1,PROTECTED_STOP,8.0,-1.8502600684541974,0.2572779078499702,1.1778846108063987
0.09180592273743428,1711240500,1711240560,1711245840,-1,PROTECTED_STOP,1.0,3.2322268079910708,0.0,338309813.10958946
0.09102030187394415,1711251300,1711252620,1711254600,-1,PROTECTED_STOP,22.0,1.412371824193518,0.7037649109101399,0.49073520551906064
0.09078124070598867,1711256700,1711256760,1711266060,-1,PROTECTED_STOP,1.0,1.574603700430949,0.0,422114881.703227
-1.006796861074265,1711325400,1711325520,1711331520,1,SL,2.0,-3.6329894272970846,0.20298676173292213,2.839580195906097
0.09297967762327505,1711331700,1711332000,1711334280,1,PROTECTED_STOP,5.0,-1.348475761757588,0.0,357142857.14285666
-1.0090316777168282,1711344600,1711344720,1711345740,1,SL,2.0,-1.4208321761180822,0.23365340649289248,3.2191780684145233
-1.0060891317728329,1711413900,1711414260,1711421580,-1,SL,6.0,1.0418767126665545,0.0,528508812.83225113
0.09079371023417593,1711421700,1711422180,1711422840,-1,PROTECTED_STOP,8.0,2.526079544280012,0.03095438007280194,18.69620192763241
0.0869682678886566,1711437000,1711439640,1711440060,-1,PROTECTED_STOP,44.0,1.5365048857031223,4.6932132416844325,0.33985387690141616
-1.008600045306436,1711511100,1711511220,1711515180,1,SL,2.0,-1.3152508985352558,0.0,397041141.721991
0.08830740554880454,1711525200,1711525380,1711525800,-1,PROTECTED_STOP,3.0,1.168802197047025,0.09785647716682036,5.379487124514392
0.08875428861718836,1711529700,1711529820,1711530420,-1,PROTECTED_STOP,2.0,2.1213772373988493,0.04218766236013916,16.252873177971352
-1.0104875536572526,1711585200,1711585560,1711586100,1,SL,6.0,-2.223509356359739,0.2598670477536356,3.034602064446796
0.0906954104829671,1711586400,1711586760,1711587000,1,PROTECTED_STOP,6.0,-1.7341067272843682,0.2650195876583939,2.232628390366582
-1.0083874352945281,1711590900,1711591320,1711593240,1,SL,7.0,-1.781303423258989,0.19679078059996463,1.8051470496510116
0.08674101555179818,1711670400,1711670820,1711673700,-1,PROTECTED_STOP,7.0,3.301736330394009,0.2658797077009682,1.7124735664978004
1.7724754954379758,1711675500,1711675800,1711683000,-1,PROTECTED_STOP,5.0,2.210146196294724,0.0,328465405.7935633
0.08421960784313726,1711683300,1711683540,1711685820,-1,PROTECTED_STOP,4.0,2.538828873199495,0.16941176470586278,3.6547618831893107
0.08441960784314785,1711757100,1711757160,1711760580,1,PROTECTED_STOP,1.0,-1.664939456424234,0.0,380347593.582947
0.0838116374904896,1711761600,1711761960,1711762620,1,PROTECTED_STOP,6.0,-1.2721391233830923,0.07823162891901993,6.778760975295795
0.08307078820541686,1711765200,1711765800,1711768620,1,PROTECTED_STOP,10.0,-2.261104516966199,0.06529512359434168,7.666666549251059
0.0792454662528979,1711861500,1711861680,1711862280,1,PROTECTED_STOP,3.0,-1.2265240058020297,0.19152574577242548,2.2407407290404446
-1.0206449957085018,1711864500,1711864560,1711866360,1,SL,1.0,-2.8129364788525555,0.3006971048169081,1.169590639385356
0.08217179737850765,1711866600,1711867080,1711871520,1,PROTECTED_STOP,8.0,-2.277215853773886,0.38931131870516766,1.1914062469397757
-1.012265045151434,1711931400,1711931460,1711935540,1,SL,1.0,-2.0310501853313623,0.0,301764228.2424643
0.08747287027215903,1711939800,1711940760,1711941480,-1,PROTECTED_STOP,16.0,1.155042385491918,0.07582184517498951,4.510489451000599
0.08495460442168207,1711945200,1711946160,1711947780,-1,PROTECTED_STOP,16.0,1.0254115331813831,0.44765211035995245,0.8142857124666997
-1.0124110695187225,1712016600,1712016720,1712017380,1,SL,2.0,-1.6776088963355635,0.0,452406417.1123331
0.08831558154084336,1712018100,1712018880,1712020620,1,PROTECTED_STOP,13.0,-1.5509235731059716,0.9382849718492697,0.5713516418251419
2.2445528319726273,1712025300,1712025360,1712025480,-1,PROTECTED_STOP,1.0,1.009370033629777,0.0,1844313444.9842994
-1.0077440963002364,1712102400,1712102520,1712103960,1,SL,2.0,-1.2178799858791327,0.0,405027438.48466665
0.09267658888621866,1712104200,1712104920,1712105160,1,PROTECTED_STOP,12.0,-2.24213145038227,2.1392350252585866,0.2326826195385917
-1.0068888315379865,1712109900,1712110560,1712116320,-1,SL,11.0,0.8292419496323232,0.5960053859963993,0.7190300462368966
0.08913731794836001,1712190300,1712190480,1712194800,-1,PROTECTED_STOP,3.0,1.0163178333007319,0.05910082319003702,6.274999893824537
0.08950033609986276,1712198100,1712200260,1712203860,-1,PROTECTED_STOP,36.0,2.3788462756395226,0.937718636394767,0.38812083931988195
0.09026114466674647,1712216400,1712218380,1712226480,1,PROTECTED_STOP,33.0,-2.239561667200516,1.0777022775890208,0.4895790759658435
0.0915377744762643,1712276400,1712277960,1712279880,1,PROTECTED_STOP,26.0,-1.5165398837006088,0.3859071976228774,0.8979788234671816
-1.0082042544403076,1712280900,1712281320,1712284500,1,SL,7.0,-1.5239024575197042,0.6133312680710838,0.9451974056479704
0.092479775958377,1712291400,1712291760,1712292360,-1,PROTECTED_STOP,6.0,0.8066902711852063,0.0,347534272.658043
-1.013916744626617,1712381700,1712382000,1712382720,1,SL,5.0,-2.500170290528309,0.2900983606557039,3.15611813258095
0.08687540961033623,1712382900,1712385300,1712389980,1,PROTECTED_STOP,40.0,-1.7885171810885658,0.9159851301114905,0.3737373733294441
0.08631562171879782,1712391600,1712392680,1712394060,1,PROTECTED_STOP,18.0,-1.0386960098721751,0.16189859762677056,2.496268641297213
0.09067693792835839,1712448000,1712448060,1712449440,1,PROTECTED_STOP,1.0,-2.409194561940583,0.0320301187373658,10.443037648633947
0.0925815591151938,1712452800,1712452860,1712454120,1,PROTECTED_STOP,1.0,-1.795099880136905,0.0,592356979.4050236
0.09068107245204317,1712464500,1712464680,1712470620,1,PROTECTED_STOP,3.0,-1.2991864839627922,0.0,483468928.50959766
0.08686428129124857,1712553300,1712554980,1712555760,1,PROTECTED_STOP,28.0,-1.824732382721194,0.6705435748323638,0.7150084306369696
3.5223042961150886,1712559900,1712560920,1712561880,1,PROTECTED_STOP,17.0,-2.5053743956476864,0.8613255507437343,0.9051262422544691
0.085684592554151,1712562000,1712563380,1712563500,1,PROTECTED_STOP,23.0,-2.9342192087882744,1.642894190871396,0.5057090236332629
0.08744138440911853,1712620800,1712622240,1712622660,-1,PROTECTED_STOP,24.0,2.3015832521529425,0.748392917559554,0.6441631496314217
-1.0114180610156938,1712625000,1712625060,1712625780,-1,SL,1.0,1.2866508701739163,0.0,1275536243.8789303
-1.0089128103383702,1712627400,1712628300,1712629560,-1,SL,15.0,1.105795444072536,0.16703308488390656,1.9280898760973535
-1.0125655120579315,1712707200,1712707680,1712711100,1,SL,8.0,-1.9837527238616517,0.26777592038251935,1.6097560915494327
1.9813221760940793,1712711400,1712712600,1712714640,1,PROTECTED_STOP,20.0,-2.840846253286678,1.2703684483653483,0.4003267970704896
-1.0103370490827555,1712728500,1712730360,1712736180,1,SL,31.0,-1.7278376450049733,0.539697723359514,0.7344913137755167
0.09277280944233351,1712793900,1712794200,1712798700,1,PROTECTED_STOP,5.0,-1.768385260611803,0.3200386117326917,1.1871401114537876
-1.0097419511526347,1712801400,1712803560,1712808180,1,SL,36.0,-0.9049838720047938,0.7839473529584815,0.7229800620368394
0.09002266581981751,1712808300,1712808660,1712816520,1,PROTECTED_STOP,6.0,-1.5678754821152936,0.24770891933581324,1.3555555500832324
0.08778915813508674,1712892600,1712894160,1712898540,1,PROTECTED_STOP,26.0,-2.973682872481065,0.8110039036605312,0.4990464075220102
-1.012284022907469,1712903700,1712903880,1712907660,1,SL,3.0,-1.6635976953363607,0.11117295632495622,5.415887801748934
0.08672774810235326,1712908200,1712908620,1712909460,1,PROTECTED_STOP,7.0,-1.0461695459246496,0.19791959516444851,2.8721590763977467
0.09078054581698766,1712966400,1712966640,1712968140,-1,PROTECTED_STOP,4.0,1.6987385538583528,0.0,342751082.6974271
0.08960802584669927,1712970600,1712970660,1712970900,-1,PROTECTED_STOP,1.0,1.234625703031857,0.0,862366310.1604372
-1.0066442689536959,1712980800,1712981100,1712983200,-1,SL,5.0,2.330527973158972,0.1527618562391465,2.402723719679594
1.431168614669003,1713064200,1713064680,1713069180,1,PROTECTED_STOP,8.0,-1.635881488980713,0.5625525196710006,0.9081115319725487
0.09548099360368573,1713074700,1713075840,1713077520,1,PROTECTED_STOP,19.0,-2.6801264928368203,0.24575037882765985,2.9752136631070134
0.09340851743138284,1713087600,1713087720,1713088380,1,PROTECTED_STOP,2.0,-2.042333418314449,0.0,529275451.8770143
0.09570120647081827,1713139200,1713139260,1713146460,-1,PROTECTED_STOP,1.0,1.4408327990101917,0.0,408726023.15296364
-1.0078149365494251,1713154200,1713154500,1713158580,-1,SL,5.0,1.3356533599460163,0.057610186599037425,9.201257701918749
-1.0087343702557872,1713160800,1713161040,1713161760,-1,SL,4.0,2.063643287098453,0.5931081893958985,0.61528059395923
0.09423066773473099,1713225600,1713227220,1713228660,-1,PROTECTED_STOP,27.0,1.6865346353458288,0.8405525272063077,0.5008135366641682
1.4911549873567822,1713231300,1713231480,1713234780,-1,PROTECTED_STOP,3.0,1.2489093186144558,0.03241075673328499,12.508928185481796
0.09505354165247189,1713242700,1713242940,1713243300,1,PROTECTED_STOP,4.0,-1.1851951533223055,0.9171607714850387,0.6855656689534196
0.09256438851016968,1713312300,1713313320,1713316080,1,PROTECTED_STOP,17.0,-2.403966879388555,0.5736759307813507,0.6270566716674038
0.09088015165799838,1713329400,1713330240,1713331200,1,PROTECTED_STOP,14.0,-1.8904521155793383,0.6390924850217392,0.9040639559471424
-1.0081566998770666,1713338400,1713338460,1713343560,1,SL,1.0,-1.406353881825654,0.0,321351901.79994506
1.585058903883635,1713399300,1713400800,1713409620,1,PROTECTED_STOP,25.0,-2.0846325413227285,0.6244264507422485,0.6933938465950373
-1.0073100521096008,1713410100,1713410580,1713415500,1,SL,8.0,-1.4625714380205812,0.5203227433182099,1.0678426031037678
-1.0075779775989986,1713415800,1713418320,1713418560,1,SL,42.0,-1.5851591561955967,0.44502287427039483,1.2903225777456935
-1.0083521045321893,1713485400,1713487320,1713488220,1,SL,32.0,-1.2701705169524817,0.7158527252628666,0.6147450102277433
1.5458068466560955,1713489900,1713490380,1713491040,-1,PROTECTED_STOP,8.0,2.3409933335329325,0.7030655950719398,1.1892668885815774
0.09465363044378505,1713491100,1713491220,1713491340,-1,PROTECTED_STOP,2.0,4.685059184044946,0.8305040087326517,0.6380076134449671
0.0938874242954305,1713571200,1713571920,1713572460,-1,PROTECTED_STOP,12.0,2.755000773910599,0.4891458671989008,1.021201411339873
0.09424438440061139,1713581400,1713581460,1713601680,-1,PROTECTED_STOP,1.0,1.8916247381037037,0.0,364225884.89598185
-1.0109524909604692,1713608400,1713608520,1713609900,-1,SL,2.0,1.477367814770241,0.0,654622190.9592524
0.08704660698734826,1713657600,1713657660,1713657840,-1,PROTECTED_STOP,1.0,1.6319662570444213,0.0,762753244.5281812
-1.0129635161083725,1713666300,1713667140,1713668760,-1,SL,14.0,1.2566393456674787,1.1368465969703174,0.44088281621756564
1.9259733323496515,1713669000,1713669300,1713672840,-1,PROTECTED_STOP,5.0,2.13001682593253,0.46840532664427387,1.6582138884114315
0.09122414407090797,1713749700,1713749820,1713749940,-1,PROTECTED_STOP,2.0,1.4670868517544136,0.11461417871449812,3.92553188064421
0.09255449228099637,1713757200,1713757260,1713758400,1,PROTECTED_STOP,1.0,-1.055953574850908,0.0,521648129.6697609
0.09223541041483474,1713763200,1713763620,1713764940,1,PROTECTED_STOP,7.0,-1.0210001221165974,0.2213592233009606,2.459330132430606
-1.0107178115208617,1713831300,1713831540,1713834060,-1,SL,4.0,1.25106656861349,0.07905519402269846,4.158536532760511
0.09004316684173669,1713834300,1713834420,1713836100,-1,PROTECTED_STOP,2.0,1.4664645967880052,0.0,496928023.429792
0.08750977625481444,1713846000,1713846120,1713846660,-1,PROTECTED_STOP,2.0,1.2658139740546357,0.0,520943358.193932
0.08667225841476965,1713919500,1713919860,1713926400,-1,PROTECTED_STOP,6.0,1.0182571750800904,0.2256128921653018,2.5585106269571307
-1.014595553273605,1713934200,1713934680,1713936120,1,SL,8.0,-2.580423370544019,0.3293502613890547,1.851190470570013
0.08689917070093124,1713936900,1713937020,1713942180,1,PROTECTED_STOP,2.0,-1.8486741645711524,0.0,381898547.67409825
0.0903048131558782,1714005300,1714007280,1714007880,-1,PROTECTED_STOP,33.0,1.8148358543824488,0.6979022331066856,0.6147382020926622
0.09119184034430133,1714010100,1714010340,1714010700,-1,PROTECTED_STOP,4.0,1.3911510145834787,0.09368275211507267,4.867841357731341
0.09202340614455815,1714011900,1714012620,1714018620,-1,PROTECTED_STOP,12.0,1.3813448751546373,0.1402237613212522,3.018616999749569
0.09065650882368381,1714096200,1714096320,1714096860,-1,PROTECTED_STOP,2.0,1.4128354878410554,0.028691197019090023,15.348484313534195
-1.0122346265073408,1714128600,1714128660,1714133040,-1,SL,1.0,1.1353449811478113,0.0,691520707.1533577
-1.0144677925754253,1714133100,1714133280,1714134660,-1,SL,3.0,1.901527373307743,0.0020266357846172134,171.99991512865412
1.4642884172737514,1714177800,1714177860,1714178700,-1,PROTECTED_STOP,1.0,1.0611444475805396,0.0,1265758631.6123075
0.0888388549144616,1714179000,1714179060,1714179540,-1,PROTECTED_STOP,1.0,4.473763157200846,0.20473278383408633,2.181818171161275
0.08977441206099462,1714179600,1714179720,1714180440,-1,PROTECTED_STOP,2.0,3.9841578114259963,0.20620418939105134,2.1132075369215735
0.08121829402317586,1714262400,1714262460,1714267140,1,PROTECTED_STOP,1.0,-1.9600658457771452,0.0,495308141.00940585
1.3620061827648366,1714272000,1714272180,1714272840,1,PROTECTED_STOP,3.0,-1.5276264745875634,0.21947858045253543,2.2930402825923233
1.6062775086893297,1714272900,1714272960,1714274040,1,PROTECTED_STOP,1.0,-1.1798651786540149,0.0,721269200.5830411
0.09020687209830189,1714349400,1714350600,1714357440,-1,PROTECTED_STOP,20.0,1.90235602110052,0.34484592627064575,1.2159244229247532
0.09020497169084053,1714359300,1714359360,1714360680,-1,PROTECTED_STOP,1.0,1.0574704967399784,0.10084089919260247,3.9162790309310895
-1.0096787434624792,1714361700,1714363140,1714365600,-1,SL,24.0,2.558566934148365,1.025550484693029,1.727148702272227
1.5237995910020314,1714435200,1714436760,1714438140,1,PROTECTED_STOP,26.0,-1.8422884230825234,0.8207225630538494,0.5674418597737148
0.09094484073238898,1714438200,1714438320,1714438680,1,PROTECTED_STOP,2.0,-1.2476469966524342,0.22627539503387842,2.567970193492661
-1.007631167440205,1714440900,1714441080,1714442340,1,SL,3.0,-1.4405189447847033,0.0,311317386.6476159
1.35068518648897,1714521600,1714522680,1714526340,-1,PROTECTED_STOP,18.0,1.5061563125795048,0.5825999497108384,0.6737160109281966
-1.0090440874408328,1714541100,1714541760,1714543560,1,SL,11.0,-1.805854880983109,0.48678407005569596,1.4805555525140652
-1.0109177718832987,1714544100,1714544280,1714544940,1,SL,3.0,-2.1852689387565434,0.12997347480103613,2.9747898930793855
-1.0055528579757924,1714610700,1714611600,1714613640,1,SL,15.0,-2.1043233626897644,0.21981685358576825,2.152031444993517
0.09327260134002846,1714613700,1714615680,1714618620,1,PROTECTED_STOP,33.0,-1.1038420306030927,1.1762814070351788,0.314294258106007
0.09023257778744449,1714637100,1714637160,1714638720,1,PROTECTED_STOP,1.0,-1.1327395879567452,0.0,613368093.2725011
1.8897764860028121,1714695300,1714695360,1714702440,1,PROTECTED_STOP,1.0,-2.247675397455904,0.0,355234564.7449896
-1.0081727949983925,1714706100,1714706160,1714710840,1,SL,1.0,-1.071786873116621,0.0,744807034.9703437
-1.0087051203373263,1714712700,1714713720,1714719120,1,SL,17.0,-2.3821957105427902,0.334898866553924,0.9528795783066675
0.09264175095977152,1714780800,1714783200,1714784340,1,PROTECTED_STOP,40.0,-1.533513770943412,0.4237856785177563,1.0942928013881155
0.6508818858849849,1714788600,1714789260,1714810860,1,TIME,11.0,-1.4731049658963296,0.235902044484385,2.41777776752866
1.7671830818406504,1714812300,1714812420,1714819380,1,PROTECTED_STOP,2.0,-1.0660614799577337,0.19149629093538487,1.7539682448092528
0.08865971990073201,1714867200,1714867260,1714868940,1,PROTECTED_STOP,1.0,-1.8250694593884118,0.0,722230664.0328388
-1.0096815189928598,1714869900,1714869960,1714871760,1,SL,1.0,-1.3551687105376664,0.0,311029796.1317307
-1.0104724799886557,1714872300,1714874580,1714879680,1,SL,38.0,-1.5795250523951394,2.183750088545737,0.2098092642091022
-1.0141531243092992,1714954200,1714954500,1714954860,-1,SL,5.0,1.5802895759362674,0.0,472103817.3723367
0.0854649384274454,1714955100,1714955160,1714956420,-1,PROTECTED_STOP,1.0,1.5697675657007197,0.0,496820233.99192756
0.0861399223731777,1714957800,1714957860,1714958700,-1,PROTECTED_STOP,1.0,1.207498656845065,0.0,468348581.461979
0.08935720093747451,1715043600,1715043840,1715045040,1,PROTECTED_STOP,4.0,-1.6249411859213994,0.3440235327880616,0.9167883185030256
-1.007375937298949,1715052900,1715053080,1715060520,-1,SL,3.0,1.5806354409735837,0.05755395683453754,6.499999887061837
0.09207953060170468,1715062200,1715062740,1715064540,1,PROTECTED_STOP,9.0,-1.652358430637364,0.36048934237937924,0.9813277981077848
-1.00844605629836,1715126400,1715128320,1715128620,-1,SL,32.0,2.071144382486109,1.138629147368102,0.8631805150012337
0.09158841030664373,1715128800,1715128860,1715132220,-1,PROTECTED_STOP,1.0,1.9807385459117393,0.0,418681033.73765886
0.09101344343483968,1715136600,1715137020,1715138880,-1,PROTECTED_STOP,7.0,1.3575474199711823,0.0,420309430.2553851
-1.0078827880590426,1715215500,1715215860,1715223840,-1,SL,6.0,2.3271709430704988,0.0,314992289.05044067
-1.012790415259752,1715235600,1715235720,1715239740,1,SL,2.0,-1.016220744690787,0.03234405544693415,9.61538431810556
0.08732088223569696,1715241000,1715241840,1715243760,1,PROTECTED_STOP,14.0,-0.75240711349426,1.2965144603392518,0.3782879002342867
0.0914491684153274,1715301600,1715302860,1715309160,1,PROTECTED_STOP,21.0,-1.6005759748917527,0.26888552110049524,1.6874051530566878
-1.013229054619349,1715324400,1715324460,1715324880,1,SL,1.0,-1.674733774400439,0.0,778056651.1294482
0.08679186088203138,1715325000,1715325300,1715326020,1,PROTECTED_STOP,5.0,-3.0530151419261418,0.5101290785227479,1.3013530109792142
0.08805494050119647,1715390100,1715390640,1715395320,-1,PROTECTED_STOP,9.0,1.091053848149939,0.2545989080218139,2.1593533402486167
0.08562177953501335,1715398800,1715400240,1715403180,1,PROTECTED_STOP,24.0,-1.8462472817412319,0.34063260340632423,1.2249999964038107
0.0802378531073664,1715410800,1715412660,1715414460,1,PROTECTED_STOP,31.0,-2.485070763161366,0.9754098360656079,0.3788634093822624
-1.018683748079872,1715478900,1715479620,1715487300,-1,SL,12.0,1.469319127719019,0.3152073732719281,1.023391809618641
-1.023434503405837,1715487600,1715487960,1715489640,-1,SL,6.0,1.5576701190034523,0.23071852340144913,1.6849999926969468
0.07552730240550115,1715489700,1715490000,1715493420,-1,PROTECTED_STOP,5.0,2.5112317738707555,0.3536082474226957,0.8741496573917181
0.08543050245905821,1715559000,1715559120,1715560620,1,PROTECTED_STOP,2.0,-1.4316173609716811,0.0,1059777924.2508937
-1.0139947404371492,1715562900,1715563620,1715564400,1,SL,12.0,-2.852266559958996,0.963114754098358,0.4751773044711634
0.08700228694320973,1715564700,1715564760,1715565780,1,PROTECTED_STOP,1.0,-2.8276932346929557,0.05788541051387139,11.999999792696281
0.08743194891839241,1715651400,1715651460,1715653980,-1,PROTECTED_STOP,1.0,1.5051343668247923,0.07335824421249822,4.819672065448446
-1.0116489647453717,1715655600,1715655720,1715664420,-1,SL,2.0,2.319735484972328,0.0,443200895.3553299
1.4656199266183245,1715664600,1715666520,1715667000,-1,PROTECTED_STOP,32.0,1.6120112249118899,0.5515855682711855,0.7494456749161807
0.08529419758119786,1715739900,1715742600,1715743020,1,PROTECTED_STOP,45.0,-1.9983856646642983,0.5892784345699014,0.5641646479530218
-1.0184343699754619,1715758800,1715759700,1715760900,1,SL,15.0,-1.1873365593193397,0.9818481848184691,0.8597285059117078
0.08434400302687309,1715761200,1715761320,1715763540,1,PROTECTED_STOP,2.0,-1.903432432707577,0.09004918653046819,5.798319263339804
0.09067965461849142,1715817600,1715817660,1715818440,1,PROTECTED_STOP,1.0,-1.7970824946413315,0.0,587831325.3012415
-1.0084933050707297,1715820300,1715820420,1715837220,1,SL,2.0,-1.8087991757143183,0.011947365523282964,26.25806231839389
1.6679748929389915,1715837400,1715837460,1715845440,1,PROTECTED_STOP,1.0,-1.2077201635598298,0.1045712578428445,4.66666662204
0.08685079433603964,1715904600,1715906340,1715909460,-1,PROTECTED_STOP,29.0,1.851902739547191,0.652737005698491,0.47407407334776064
-1.0124020592334124,1715916600,1715916660,1715917320,-1,SL,1.0,1.6219005924340189,0.0,737021552.948801
0.08875836819574025,1715917500,1715917560,1715924640,-1,PROTECTED_STOP,1.0,2.3864435943519506,0.0,759339449.5413014
-1.0201653417644854,1715990700,1715990820,1715992140,1,SL,2.0,-1.9235081484573215,0.40560072267398295,1.6570155861146567
0.08059812498702601,1715992200,1715992560,1715994060,1,PROTECTED_STOP,6.0,-1.6179344700670002,0.6132785763175433,0.7017045443103352
-1.0182622622037583,1715996400,1715997720,1715999820,1,SL,22.0,-1.312140063950648,0.8039020970850245,0.4679552384820402
0.07127214603468741,1716078900,1716080400,1716082260,1,PROTECTED_STOP,25.0,-0.9781546553344214,0.6442705936493155,0.5399999991618428
0.07260123575530929,1716087300,1716087420,1716087780,-1,PROTECTED_STOP,2.0,1.3028018521451195,0.11873743114449407,4.144329862004846
0.07947419404196472,1716091500,1716094200,1716097200,1,PROTECTED_STOP,45.0,-1.5806670038257278,0.8426988394203895,0.45424836547398584
0.0827785584178841,1716163200,1716163380,1716164820,-1,PROTECTED_STOP,3.0,1.3162465904319012,0.07103825136616532,6.406593316402907
0.08239786193564447,1716165600,1716165660,1716166260,-1,PROTECTED_STOP,1.0,1.3453494254999185,0.0,626521096.3265982
1.6539638057503654,1716166500,1716166620,1716168840,-1,PROTECTED_STOP,2.0,1.8557043790674794,0.0,369545430.208297
-1.0053042524612412,1716249600,1716250620,1716252120,1,SL,17.0,-3.04597714421955,0.7311831355383092,1.6081694380426503
0.09479882728931652,1716254700,1716254760,1716256860,1,PROTECTED_STOP,1.0,-2.6536925966821023,0.0,1250458989.1254823
0.09316685402615155,1716302700,1716303180,1716309060,-1,PROTECTED_STOP,8.0,1.5396231877445326,0.201390623698908,2.117221407721298
-1.013289371509145,1716349500,1716349620,1716352440,1,SL,2.0,-1.2581083919274578,0.03985684073531823,11.299999716486145
0.0886780494582042,1716362700,1716363780,1716368880,1,PROTECTED_STOP,18.0,-1.726342716841298,0.7196443456515706,0.610135134287326
1.6482842404228732,1716375900,1716376500,1716379260,-1,PROTECTED_STOP,10.0,0.9458925035515086,0.08390068898037416,6.333333257848913
-0.28285937987248333,1716423600,1716423660,1716445260,-1,TIME,1.0,2.1885612654070288,0.0,315412398.60260296
0.08184877412623126,1716447000,1716447540,1716447900,-1,PROTECTED_STOP,9.0,1.4853243460447214,0.6361502347418182,0.571955718658086
0.08181003500152134,1716450000,1716450120,1716450660,-1,PROTECTED_STOP,2.0,2.0093027099075607,0.42147006255580927,1.0946196634512089
0.09350018945224049,1716508800,1716508980,1716510120,-1,PROTECTED_STOP,3.0,1.166167673763524,0.0,339536696.96533436
0.0884271656833801,1716531900,1716531960,1716532200,-1,PROTECTED_STOP,1.0,3.028217791769193,0.0,1223967551.6224554
0.0916925808654665,1716536700,1716538620,1716539640,-1,PROTECTED_STOP,32.0,1.5448123196367685,0.7293723225926176,0.6664964240096364
0.08055181474055897,1716595200,1716595740,1716596160,1,PROTECTED_STOP,9.0,-1.526951848997167,0.5135118722293822,0.6887417205128225
1.6548578123650097,1716621900,1716622080,1716625920,1,PROTECTED_STOP,3.0,-1.2613316788623543,0.0,1329182879.3775005
1.9032561474215945,1716630300,1716630900,1716633960,1,PROTECTED_STOP,10.0,-0.9113562476846511,0.42224759857587657,1.222717146324784
0.07347242832130026,1716681600,1716681720,1716686160,-1,PROTECTED_STOP,2.0,1.0903390611228019,0.28956007879198986,2.249999992228437
1.9204233791493208,1716698100,1716698520,1716708780,1,PROTECTED_STOP,7.0,-2.00234014078261,0.18788900414934834,2.0869565106318926
1.5764383183938528,1716709800,1716709920,1716711360,1,PROTECTED_STOP,2.0,-1.7358967302772248,0.0,411699952.82270116
-1.0158389317762255,1716768600,1716769560,1716771000,-1,SL,16.0,2.1332846158121304,0.12885985748222542,3.01612900885116
-1.0144258435548237,1716771600,1716771660,1716773940,-1,SL,1.0,1.5544852775475329,0.0,311991732.93799114
0.08072869977488303,1716774000,1716774780,1716775860,-1,PROTECTED_STOP,13.0,0.9731085247576815,1.5787963903664504,0.2273449919068306
0.08376259168297195,1716854400,1716854940,1716855540,-1,PROTECTED_STOP,9.0,1.205887317643688,0.3045461380381563,1.2119815628409412
0.08297913788825144,1716861000,1716861060,1716861540,-1,PROTECTED_STOP,1.0,2.7464241376065646,0.0,910423971.9476789
0.08853202030311272,1716863100,1716863700,1716864060,-1,PROTECTED_STOP,10.0,2.6339157207591386,0.14712610809262064,2.9591836533567273
0.08537050935883402,1716940800,1716942780,1716944160,1,PROTECTED_STOP,33.0,-1.385958079833792,0.8822479520387815,0.43645606341238674
0.08580965291883824,1716947100,1716949680,1716949800,1,PROTECTED_STOP,43.0,-1.0922496586397978,1.4645411993288502,0.6146053182801565
0.08805570412304085,1716950400,1716950760,1716959280,1,PROTECTED_STOP,6.0,-1.2675407658891922,0.041714775224403235,10.349999751886843
0.08525261946960555,1717028400,1717028760,1717031520,-1,PROTECTED_STOP,6.0,2.0257935951335084,0.21807667195220556,1.5209580768582684
0.08349594383773674,1717035000,1717035360,1717035720,1,PROTECTED_STOP,6.0,-1.8011713958659685,0.2751950078003311,1.57142856571806
0.08519118490612405,1717041300,1717042800,1717044060,1,PROTECTED_STOP,25.0,-2.2760696803067084,0.9467466629459702,0.5763411273140968
-1.016685884158044,1717113600,1717113720,1717117380,-1,SL,2.0,1.041178254337286,0.1208285385500592,2.739393916722017
0.082867812276981,1717117500,1717117620,1717118820,-1,PROTECTED_STOP,2.0,1.17334658548386,0.0,439186295.503259
-1.0168684786632352,1717120200,1717120320,1717121160,-1,SL,2.0,1.4074213322811786,0.0,527840939.1359766
0.08577684175753285,1717201800,1717201860,1717204020,1,PROTECTED_STOP,1.0,-1.0076958827263136,0.0,398594467.9700659
0.06725369622960894,1717248900,1717249380,1717250820,-1,PROTECTED_STOP,8.0,1.1022505429878724,0.5230259753700506,0.7285318545627248
-1.0262210631064053,1717257600,1717257720,1717263900,1,SL,2.0,-1.0905786154584647,0.0,456256737.7063079
0.06828690166237114,1717290300,1717290360,1717290900,-1,PROTECTED_STOP,1.0,2.0346433427576978,0.0,566392950.1300973
0.07066964721892416,1717293600,1717293660,1717297080,-1,PROTECTED_STOP,1.0,4.0745095022958395,0.18439847880526683,2.1619718192616975
-1.032609225575261,1717321200,1717322400,1717323300,1,SL,20.0,-2.076130967176888,1.9735427862751949,0.29252199398664536
0.07777208333330801,1717373100,1717373220,1717373820,1,PROTECTED_STOP,2.0,-1.801507258348344,0.0,626264044.9437852
2.725683523392745,1717374600,1717374780,1717377180,1,PROTECTED_STOP,3.0,-2.02063410433825,0.15447204586076302,2.815642439873628
1.4704713353096757,1717377300,1717377600,1717380180,1,PROTECTED_STOP,5.0,-1.43635306753028,0.027214851533265142,49.27499818940925
-1.014570085392426,1717459200,1717460340,1717461180,-1,SL,19.0,2.3925840413022095,0.8126816860465119,1.505477306441649
-1.013929805126415,1717461600,1717462920,1717464780,-1,SL,22.0,2.109333639968883,0.6409623956034517,0.47637050965369604
-1.0141431757724724,1717464900,1717465020,1717470540,-1,SL,2.0,1.9726102269529813,0.0,336402701.04359984
0.08375873873870955,1717548000,1717548060,1717548780,-1,PROTECTED_STOP,1.0,1.0019928401633043,0.0,414840294.8403119
-1.0121792240453364,1717551300,1717551420,1717551960,1,SL,2.0,-1.5770716346481573,0.0,1327497802.5197432
0.08987670854169238,1717554000,1717554660,1717562880,1,PROTECTED_STOP,11.0,-1.6042466967591413,0.38888888888891304,1.4335894584429678
-1.023033751277037,1717653000,1717655580,1717658220,-1,SL,43.0,1.6437738836187394,1.94455280022302,0.24774322956162345
-1.0186803844128298,1717658400,1717658820,1717664940,-1,SL,7.0,1.7656743610557968,0.1461295418641407,2.913513493576104
0.08181769303820621,1717665000,1717665300,1717671660,-1,PROTECTED_STOP,5.0,0.9864157435149896,0.3781503396888272,1.2799188607124277
1.7101410580267074,1717726500,1717728720,1717732980,1,PROTECTED_STOP,37.0,-2.9247542160855833,1.1253432180121237,0.33988044376276166
0.07847014770662526,1717733100,1717733220,1717733820,1,PROTECTED_STOP,2.0,-1.5105943077881985,0.0018139414357106573,301.499833769841
0.08229154398086902,1717738200,1717738980,1717739460,1,PROTECTED_STOP,13.0,-2.3747085059681403,0.4338028169014334,0.9485420218271505
0.08017798715201835,1717806600,1717806840,1717810020,-1,PROTECTED_STOP,4.0,1.2315011393320738,0.1944325481798483,2.8017621001274757
1.5832051904345652,1717818000,1717818360,1717822620,-1,PROTECTED_STOP,6.0,1.3622443205404846,0.0638772934666138,6.446808409718025
0.061070228640188934,1717823700,1717823880,1717824360,1,PROTECTED_STOP,3.0,-1.2684194620053928,0.14993983152818374,2.269662906212314
-1.0464964200019433,1717900500,1717900620,1717901160,-1,SL,2.0,1.9077629831150607,0.0,604664555.1396816
0.055810330051053694,1717901400,1717901520,1717901820,-1,PROTECTED_STOP,2.0,1.6321018901451931,0.0,524617067.8336096
-1.036806473891931,1717905000,1717905720,1717911840,-1,SL,12.0,2.3139682215265567,0.12112932604745441,3.4210526033333517
1.362229996093532,1717978800,1717981140,1717986420,1,PROTECTED_STOP,39.0,-1.8404577190842493,1.2563201071488115,0.40111940266580426
-1.027684643940075,1717988100,1717989660,1717991280,1,SL,26.0,-2.4174995953395797,0.5677123182862887,0.7651991600775254
0.07132374312354853,1717991400,1717991460,1717996560,1,PROTECTED_STOP,1.0,-2.099760945957053,0.0,431206424.85228664
0.07709063331688251,1718065800,1718066340,1718068380,-1,PROTECTED_STOP,9.0,1.7036771908896824,0.5608704868225691,1.0811287458679306
0.07863749639203396,1718070900,1718070960,1718071140,-1,PROTECTED_STOP,1.0,2.0682912268085234,0.0,2797575434.623402
1.7790480008771479,1718072100,1718072220,1718072340,-1,PROTECTED_STOP,2.0,3.724337316855024,0.0,529566552.1526293
0.08088196488669726,1718150400,1718150580,1718151540,1,PROTECTED_STOP,3.0,-1.809757133715451,0.005960345456732262,53.71427670257717
-1.0178457428668617,1718152200,1718152980,1718155080,1,SL,13.0,-2.0035794687607553,0.3015800841195384,1.1108179382695043
1.6400954283376485,1718155200,1718157540,1718158980,1,PROTECTED_STOP,39.0,-1.9149419228157347,1.2389242272068324,0.8474148795177052
0.08628434332573054,1718240100,1718240220,1718241240,-1,PROTECTED_STOP,2.0,1.0375774247157499,0.0,382951270.91302544
0.08457423007247215,1718241600,1718241780,1718242680,-1,PROTECTED_STOP,3.0,1.333482098446599,0.0020380434782806527,185.99990873425006
0.08602327976927937,1718244300,1718246460,1718247000,-1,PROTECTED_STOP,36.0,1.4554214751166274,1.6835599505562084,0.3296622611845281
-1.0133089034169183,1718330400,1718330760,1718333760,-1,SL,6.0,1.5087619681040298,0.19441951886510253,2.076923066240389
0.0867244480367586,1718334000,1718334180,1718343000,-1,PROTECTED_STOP,3.0,3.305783954788386,0.15782532862551696,3.2943396017682933
-1.019055716723555,1718343600,1718343660,1718343900,-1,SL,1.0,2.0739755535286455,0.0,635665529.0102321
1.4053861372296816,1718415900,1718416200,1718429520,1,PROTECTED_STOP,5.0,-1.0078087559882516,0.0,313468172.9012191
0.07329432746519679,1718429700,1718430240,1718431980,1,PROTECTED_STOP,9.0,-1.1618834100514583,0.39506385916461195,1.0642201807926295
-1.021734753168833,1718433600,1718433720,1718436540,1,SL,2.0,-1.3014612778578958,0.0,355240036.5502721
0.06523943217660277,1718501700,1718502180,1718509080,-1,PROTECTED_STOP,8.0,1.0140150353899753,0.0,406940063.09130967
0.06194362636464502,1718517900,1718518020,1718520420,-1,PROTECTED_STOP,2.0,1.212429666674536,0.0,322334400.3939484
0.06341742728781796,1718520900,1718521020,1718525880,-1,PROTECTED_STOP,2.0,1.0707923064208167,0.04634665405538104,19.928570998562332
-1.0197538947145677,1718582400,1718582640,1718584200,-1,SL,4.0,1.4963252229573543,0.11032729583725358,4.2903225417608875
0.08477939018797563,1718588700,1718588820,1718589660,1,PROTECTED_STOP,2.0,-1.0838833148170308,0.0,532324621.7331045
0.08755147781265493,1718597100,1718597400,1718603820,1,PROTECTED_STOP,5.0,-1.3719060294308731,0.19843762583553096,1.874999990551342
0.08848301026798061,1718671800,1718672160,1718673060,1,PROTECTED_STOP,6.0,-1.5652627936601733,0.5464312546957252,1.146294511857843
-1.00966642405063,1718673900,1718673960,1718674980,1,SL,1.0,-2.3324606820046223,0.06468354430379102,4.7260273241969175
0.09293728529959444,1718675100,1718675160,1718676360,1,PROTECTED_STOP,1.0,-1.6031312915926608,0.017977633022810555,52.745451611505665
0.08751165209300853,1718758500,1718758860,1718760240,1,PROTECTED_STOP,6.0,-1.630464551178448,0.1316145983004315,3.628820933126827
0.08911504445790924,1718776200,1718776500,1718781060,1,PROTECTED_STOP,5.0,-1.0858200433080374,0.06581430962643361,6.015151423753837
0.08476936161697239,1718786100,1718787720,1718791500,1,PROTECTED_STOP,27.0,-1.2530380512878758,0.7277366419852003,0.45043310813949256
0.08207645317863278,1718841600,1718841660,1718842380,-1,PROTECTED_STOP,1.0,1.8791912772515218,0.0,415176985.91214395
-1.0171913961437664,1718845200,1718845500,1718846700,-1,SL,5.0,2.0859341137610046,0.38150812985098714,1.0457380429970742
0.08428130198916413,1718847000,1718847300,1718850180,-1,PROTECTED_STOP,5.0,3.2681966217249854,0.9721518987341877,0.6860119040562125
-1.026139457250539,1718928000,1718928120,1718928780,1,SL,2.0,-2.6603416171064267,0.01208667875334539,33.29999724490385
0.07706337404848733,1718928900,1718929380,1718929860,1,PROTECTED_STOP,8.0,-2.7573784301005237,1.0398300584174298,0.8835546467498676
2.1911909406982844,1718934000,1718936160,1718942340,-1,PROTECTED_STOP,36.0,1.765169564177758,0.9700798197933438,0.4261484094547214
0.07979825225226575,1719016200,1719016380,1719019140,1,PROTECTED_STOP,3.0,-1.0812356593023615,0.0,438918918.918866
0.07964336139014962,1719024600,1719024660,1719028920,1,PROTECTED_STOP,1.0,-1.0621609744509501,0.0,397230518.5989967
0.07031143384049243,1719035700,1719035820,1719039000,1,PROTECTED_STOP,2.0,-2.6134759960476504,0.0,340248962.65559226
1.8470534328795474,1719100800,1719100860,1719101940,1,PROTECTED_STOP,1.0,-2.781431820561705,0.0,949934123.8472393
0.051637830304953,1719104100,1719104160,1719105060,1,PROTECTED_STOP,1.0,-2.6771148433950214,0.0,310660877.9545634
0.06930364014031762,1719109800,1719110040,1719115080,1,PROTECTED_STOP,4.0,-2.6986332262646244,0.008581060373868235,45.49999469774082
0.08851290461129445,1719187500,1719187800,1719189300,-1,PROTECTED_STOP,5.0,2.5231751666346103,0.5105618679473747,1.6488222665778278
0.08850873130351526,1719189600,1719190140,1719192300,-1,PROTECTED_STOP,9.0,2.6164182553768476,0.40824919106465224,0.983957216841187
0.09076785429016616,1719197700,1719197760,1719202500,-1,PROTECTED_STOP,1.0,1.1991133791792197,0.0,915941480.6406907
0.08943279294120786,1719276900,1719276960,1719277980,-1,PROTECTED_STOP,1.0,3.1913470785195077,0.0,824516080.7218665
-1.010628060116404,1719285000,1719285060,1719286620,-1,SL,1.0,3.117945106317057,0.022413343758159298,20.44185955306138
0.09157016868896792,1719294600,1719294900,1719299340,1,PROTECTED_STOP,5.0,-2.7920388771033573,0.12885469073692826,2.836012839726322
-1.0161947220662453,1719361500,1719361680,1719362580,1,SL,3.0,-1.0000184792744418,0.0,448848961.2577071
0.08431561388224584,1719362700,1719362760,1719363840,1,PROTECTED_STOP,1.0,-2.233691930081955,0.0,538989326.9439961
0.0851298133772038,1719364500,1719364680,1719364920,1,PROTECTED_STOP,3.0,-2.27738705492313,0.20081229756825827,3.301075252378369
-1.0168864670753555,1719446700,1719446880,1719448500,-1,SL,3.0,1.1160144584891347,0.1458246532944488,4.24571425659925
0.08317084713677174,1719448800,1719448860,1719449520,-1,PROTECTED_STOP,1.0,1.5529597930227026,0.0,718054898.2489135
0.0856101877578673,1719452100,1719453180,1719454380,-1,PROTECTED_STOP,18.0,2.5717012485475275,0.39818135892899303,1.5239786817856102
0.07820494348155296,1719537900,1719538020,1719538260,-1,PROTECTED_STOP,2.0,1.9154517760489969,1.2944988696307083,0.5452322734174638
0.08569940646949348,1719539400,1719539700,1719540300,1,PROTECTED_STOP,5.0,-1.1972560141662196,0.5837372638242839,0.905100828817288
-1.0110109779067342,1719541800,1719544500,1719548820,1,SL,45.0,-0.7560668695842035,0.9658674404398144,0.355838405829727
-1.0226881978949716,1719620700,1719620760,1719621360,-1,SL,1.0,1.716307438853823,0.0,433082224.71548444
0.08346747338412157,1719623700,1719623820,1719627660,-1,PROTECTED_STOP,2.0,1.3525425897169978,0.0,427599045.9014518
0.5964482494004517,1719630600,1719632520,1719654120,1,TIME,32.0,-1.2759270528960982,0.34172661870503596,1.1663157860607065
0.07420242819607205,1719705600,1719706920,1719707640,1,PROTECTED_STOP,22.0,-2.264114887277672,0.9006070490169394,0.4507042248516677
-1.0240407329104795,1719714300,1719714720,1719715740,1,SL,7.0,-1.314782797258302,0.41082452431294303,0.9884726200720657
0.07640422242542247,1719716100,1719716280,1719717180,1,PROTECTED_STOP,3.0,-1.3064314668555086,0.034909816307870954,11.466666338201765
2.2848411842871164,1719792000,1719794460,1719796380,1,PROTECTED_STOP,41.0,-1.569686079218403,0.9409284090534744,0.3549019604071381
0.09208111995157979,1719796800,1719797760,1719799080,1,PROTECTED_STOP,16.0,-1.841521602255857,0.22240615154589707,2.1798319229719287
0.09109821030430111,1719808800,1719810300,1719814500,1,PROTECTED_STOP,25.0,-1.2613445794974278,0.15396203675806,2.3698629983061146
0.0836040898424513,1719879300,1719879600,1719880560,1,PROTECTED_STOP,5.0,-1.4082925009928684,0.6062129846910235,0.5135483862496699
0.0830489729252049,1719886500,1719886560,1719888300,-1,PROTECTED_STOP,1.0,2.2756011738467565,0.0,468092465.55600077
2.377065073680272,1719891000,1719892260,1719904860,-1,PROTECTED_STOP,21.0,2.784207067861672,0.9714605484051443,0.40322580603654123
1.4628640878701393,1719965400,1719968040,1719968820,-1,PROTECTED_STOP,44.0,1.7087688071932778,0.8395415472778798,0.5460750846738239
1.398162720756164,1719974700,1719976200,1719976620,-1,PROTECTED_STOP,25.0,1.634179407614813,0.5897835967709295,0.9734299500403121
1.4255294091459945,1719980100,1719981780,1720002060,-1,PROTECTED_STOP,28.0,2.1001207678729745,0.06994286844902903,4.940593988769231
0.08493466773991319,1720055700,1720055880,1720056600,1,PROTECTED_STOP,3.0,-1.3715055073335074,1.539361416689025,0.2835529524756233
0.08625846860139896,1720056900,1720056960,1720057080,1,PROTECTED_STOP,1.0,-1.452196051057602,0.33536645351694755,2.1457905480165667
0.08748147101713995,1720074300,1720074900,1720075140,1,PROTECTED_STOP,10.0,-1.4628056265816278,1.4067626686110088,0.7446712012846948
0.09401218737831969,1720137900,1720137960,1720139100,1,PROTECTED_STOP,1.0,-1.3806789221649831,0.0,1084374157.606265
-1.0030914626138678,1720149000,1720149180,1720153020,1,SL,3.0,-2.7663745737663117,0.6179248098757125,0.789559100696825
0.0965080081946456,1720153200,1720153260,1720153980,1,PROTECTED_STOP,1.0,-2.758139359673388,0.0,897368966.2316109
0.08921267988790636,1720224300,1720225980,1720226760,1,PROTECTED_STOP,28.0,-1.230211360893563,0.9483391822410899,0.9331325291365259
-1.0082279865471389,1720230600,1720233180,1720240800,1,SL,43.0,-2.7583737908236725,0.7666260581638529,0.6674272666707709
0.08873957814601852,1720241100,1720242240,1720243080,1,PROTECTED_STOP,19.0,-2.132307088206915,0.7470593285824846,0.8230088484558032
-1.0103225354609928,1720310700,1720310760,1720313640,1,SL,1.0,-1.9210984584789794,0.0,636170212.7659497
1.5122154043858658,1720314000,1720315020,1720321200,1,PROTECTED_STOP,17.0,-2.291926119147236,0.3476350371015305,1.0901502472814797
-1.0091078238312774,1720328100,1720329540,1720336920,1,SL,24.0,-2.290902308980651,1.1212316020977962,0.27207435548189024
-1.006237914556053,1720396800,1720398180,1720399080,1,SL,23.0,-1.6815011353989966,1.1069005065468793,0.3402840734308629
-1.0048233946845821,1720401600,1720401660,1720403820,-1,SL,1.0,1.445023579671053,0.0,535602124.13635564
-1.0044159862241397,1720404000,1720404900,1720405920,-1,SL,15.0,2.6054255794238417,0.5442388431037162,0.7955555540937791
0.09189371150264643,1720483200,1720483860,1720485900,-1,PROTECTED_STOP,11.0,0.8206056152296656,0.2612806188224987,1.5855263097213221
0.09273822415665953,1720487700,1720487940,1720488120,-1,PROTECTED_STOP,4.0,1.2575357514210261,0.792532369768152,1.062379108910935
0.09434757020085703,1720497600,1720498140,1720505400,1,PROTECTED_STOP,9.0,-1.207308253050044,0.19394682853577463,2.076335867156899
1.4497611647721131,1720575000,1720575060,1720584180,1,PROTECTED_STOP,1.0,-1.07617013813996,0.0,1015572639.4638118
2.6607880318394925,1720584300,1720584360,1720584480,1,PROTECTED_STOP,1.0,-1.4654700257401074,0.0,434151128.5573902
0.09383257943521252,1720585800,1720585860,1720590420,-1,PROTECTED_STOP,1.0,1.1467233390104634,0.0,594751795.2618567
0.08863346738348679,1720656300,1720656720,1720657200,-1,PROTECTED_STOP,7.0,1.8238885953741477,0.0,397663294.2471241
1.9708221859740653,1720664700,1720665540,1720668120,-1,PROTECTED_STOP,14.0,1.2198153511346306,0.5190878007465611,0.7554991525209186
0.08846000396587914,1720682400,1720682760,1720684680,1,PROTECTED_STOP,6.0,-1.9086758391697365,0.34562760261747966,1.203098103231711
1.7391598819835976,1720743900,1720745820,1720747260,-1,PROTECTED_STOP,32.0,2.364863241907763,1.3154291334115193,0.537842189607222
-1.0075456199384152,1720748400,1720748700,1720750620,-1,SL,5.0,2.515491095691515,0.03632941713242258,13.340658973447955
0.0926793217489882,1720751100,1720751160,1720765200,-1,PROTECTED_STOP,1.0,2.530965015626392,0.0,308885599.95614773
0.08435093070455879,1720828800,1720829040,1720830900,-1,PROTECTED_STOP,4.0,1.5369707613322916,0.0,333661930.9944793
0.08379115019544112,1720853700,1720854600,1720855800,1,PROTECTED_STOP,15.0,-2.017686402998494,0.13567839195977474,3.327160469305443
1.4729564720225583,1720861200,1720861560,1720863060,1,PROTECTED_STOP,6.0,-4.019032360534172,0.42022953714212863,0.9558823506665384
0.09304837334004253,1720915200,1720915320,1720917000,1,PROTECTED_STOP,2.0,-2.7006150460647445,0.0,320573080.30664366
-1.0061136279926315,1720918200,1720918680,1720924080,1,SL,8.0,-2.005845752002683,0.39410681399632275,1.0155763214105757
0.09333043387567636,1720924200,1720924620,1720926960,1,PROTECTED_STOP,7.0,-1.6979356897151094,0.0,329209588.9092057
-1.0058871787405501,1721001600,1721002200,1721004840,-1,SL,10.0,1.2088163481841865,0.24459743339087706,1.4999999938674746
-1.0068215918760066,1721005800,1721007120,1721010420,-1,SL,22.0,1.6012919678806246,1.3947563041248092,0.23491379293501918
-1.0064117455258994,1721010600,1721010660,1721012100,-1,SL,1.0,1.339782183073056,0.0,617801974.0627645
1.6167556752543586,1721088000,1721088960,1721108700,-1,PROTECTED_STOP,16.0,1.976263977381777,0.7467952732890745,0.45244618334717723
0.09089702760084582,1721109000,1721109720,1721112000,1,PROTECTED_STOP,12.0,-0.9201638128501958,0.7673934345908888,0.4301675972048064
0.09327393248175303,1721113800,1721114040,1721115360,-1,PROTECTED_STOP,4.0,1.1694895488201982,0.0,439735401.45984614
0.0919976542267023,1721174400,1721174700,1721175060,1,PROTECTED_STOP,5.0,-1.2415044992436517,0.4597961494903645,0.8492381697649115
0.09292243916307412,1721181600,1721182020,1721194200,1,PROTECTED_STOP,7.0,-1.2617455074548032,0.0,587676632.627207
-1.0109972509826548,1721199900,1721200020,1721200800,1,SL,2.0,-1.518331698776947,0.0,512366983.03133106
2.104137144059154,1721260800,1721261040,1721268120,1,PROTECTED_STOP,4.0,-1.02433549003438,0.0,392453832.8683451
1.6607856835461143,1721268300,1721268360,1721269140,-1,PROTECTED_STOP,1.0,3.699333603465631,0.0,443838760.57954854
-1.0091424921947219,1721269200,1721269260,1721269560,-1,SL,1.0,1.326646157463919,0.0,690667236.1716893
0.08532356426542582,1721347200,1721347320,1721347800,-1,PROTECTED_STOP,2.0,1.236117697966067,0.27022502338862514,2.4209183583882576
0.08618755253649973,1721350500,1721352360,1721357460,1,PROTECTED_STOP,31.0,-1.175650279815971,1.9104824826687987,0.19502216150718185
1.4528168310947234,1721358000,1721358060,1721360760,1,PROTECTED_STOP,1.0,-1.9712890773179734,0.08320456436467367,3.7333332884640007
-1.01346355121332,1721433600,1721433660,1721435220,1,SL,1.0,-1.6046711217493832,0.0,699031644.4751954
0.08817709595864756,1721435400,1721436420,1721438340,1,PROTECTED_STOP,17.0,-0.9002013957106987,0.9188550520257608,0.4094076650596706
0.08853905534058629,1721445000,1721445180,1721446800,-1,PROTECTED_STOP,3.0,1.2263142857234268,0.0,344131195.8724725
0.08802018154466085,1721520300,1721520780,1721521500,1,PROTECTED_STOP,8.0,-1.285896579436347,0.055687294423590536,6.009615276701577
0.08018335446780342,1721538300,1721538720,1721539500,1,PROTECTED_STOP,7.0,-2.573466340514436,0.5512300278974634,1.3333333309147348
-1.019589497946529,1721542800,1721542980,1721543820,1,SL,3.0,-2.3604508373619346,0.4549911993965036,1.4235976757881739
0.09100816929784245,1721606400,1721606820,1721609700,1,PROTECTED_STOP,7.0,-1.4311801285806496,0.14629049111807696,2.9729729526505793
0.08931228944886273,1721611200,1721611260,1721611440,1,PROTECTED_STOP,1.0,-1.7444779081378265,0.0,880541705.9695939
0.08849680110586153,1721630700,1721632320,1721638980,-1,PROTECTED_STOP,27.0,2.4868218140113014,0.878050570663111,0.4025746045737265
-1.0117529291875083,1721706300,1721706420,1721708880,1,SL,2.0,-2.444001661813903,0.0,419655506.67359847
-1.0119275920708537,1721709600,1721710200,1721710980,1,SL,10.0,-1.3643184620130384,0.611360694433852,0.6120313852239547
0.08881235180590932,1721711700,1721711940,1721714520,-1,PROTECTED_STOP,4.0,1.727917758189282,0.27288092926240015,2.485239843291189
0.08847852240111082,1721779800,1721780700,1721783040,-1,PROTECTED_STOP,15.0,2.143708102916611,0.5105204043429857,0.7474332634228157
0.08863437952681422,1721786400,1721786520,1721788200,-1,PROTECTED_STOP,2.0,1.0161481790787796,0.043160123314653596,9.566264838590998
-1.0112795300574333,1721790000,1721790480,1721792580,-1,SL,8.0,2.8994769370076128,0.42397736043217865,1.116504851735604
2.3383429839505916,1721865900,1721866260,1721869800,-1,PROTECTED_STOP,6.0,2.0461434929915843,0.0337588131995024,13.23913004260774
0.09283622121060113,1721870100,1721870460,1721871360,-1,PROTECTED_STOP,6.0,1.7604904899904228,0.6112925137640793,0.9492358063074512
0.09310440170250228,1721875500,1721877540,1721879220,-1,PROTECTED_STOP,34.0,1.7961313209482241,0.4212057540003311,1.4105909406264963
0.09046094623119895,1721952000,1721952300,1721953860,1,PROTECTED_STOP,5.0,-1.5278186313526725,0.3685583012542048,0.8926886768231083
0.09073333133427046,1721954700,1721954820,1721956800,1,PROTECTED_STOP,2.0,-1.4453543384020473,0.036103031575184255,13.197674053039878
1.5108812455388843,1721959800,1721960580,1721962620,1,PROTECTED_STOP,13.0,-1.4325716639155714,0.25388115631690505,1.4354243485897509
-1.0116537961805319,1722038700,1722039300,1722045480,1,SL,10.0,-1.6927124517276848,0.043759652864602816,8.70588215399348
2.0232160141948334,1722045600,1722045780,1722048900,1,PROTECTED_STOP,3.0,-1.9964906489313716,0.041506637019014136,8.4999997952234
0.0799916298260923,1722049800,1722051420,1722058920,1,PROTECTED_STOP,27.0,-1.1774536887771616,0.9106984969053968,0.38252427142456974
1.9550510399527246,1722129900,1722132300,1722143400,-1,PROTECTED_STOP,40.0,0.9125714714309975,0.5230730287305573,0.6131436302640951
-1.0135945222506717,1722143700,1722143820,1722144720,-1,SL,2.0,1.3041592269289137,0.02610241512372016,18.069766749647922
0.0865789344834211,1722144900,1722144960,1722156600,-1,PROTECTED_STOP,1.0,2.9819865679248405,0.0,542807122.4219737
0.08511001514170637,1722211800,1722212160,1722212520,1,PROTECTED_STOP,6.0,-2.2135682678519673,1.259571706684021,0.8598660477459238
-1.0096455006108749,1722213900,1722213960,1722215700,1,SL,1.0,-3.231346208881515,0.0,544673436.2795184
0.09071817821013638,1722216000,1722216060,1722218340,1,PROTECTED_STOP,1.0,-2.6206948625383952,0.0,315492957.74644333
0.0906004231013305,1722297600,1722297900,1722298680,-1,PROTECTED_STOP,5.0,1.7491837958730174,0.24539877300613325,1.9655172333698276
-1.0075017919930116,1722299700,1722299760,1722301560,-1,SL,1.0,2.0644891196710504,0.020029583646528296,18.101694011524696
0.09246811130501187,1722301800,1722303240,1722308820,-1,PROTECTED_STOP,24.0,2.531298722873925,0.5941923598991831,0.5939463153910283
0.08504270838380874,1722384300,1722385980,1722386760,1,PROTECTED_STOP,28.0,-2.281167069603788,1.6497311958153946,0.44060830224009667
0.08655042162914797,1722387900,1722388020,1722391200,-1,PROTECTED_STOP,2.0,2.4895739782411908,0.007302442840980318,68.83332390743696
1.4175627161429627,1722392100,1722393360,1722400680,-1,PROTECTED_STOP,21.0,2.128573731816148,1.5679246076822717,0.19834710731152666
0.09206795766916162,1722470400,1722471960,1722473280,-1,PROTECTED_STOP,26.0,1.0171120151084985,0.6941904887366525,0.47768331493357863
0.09098052499924297,1722476400,1722477420,1722478200,-1,PROTECTED_STOP,17.0,1.0139321273341186,0.8797203218709506,0.539088728403998
0.0925430611580104,1722486000,1722486780,1722487740,-1,PROTECTED_STOP,13.0,2.1273928521184677,0.2981484729286206,1.470588230361715
-1.005765778113393,1722556800,1722557760,1722560340,1,SL,16.0,-1.738168310246049,0.0,320067962.9979204
-1.0072511367175276,1722561300,1722563100,1722565140,1,SL,30.0,-1.3214698468867627,0.6898881249550769,0.5877491483945423
-1.0075909956316433,1722575700,1722576240,1722579000,1,SL,9.0,-1.241134481272389,0.2792717723404785,1.4784810073642065
0.09535436540781672,1722643200,1722645480,1722650040,-1,PROTECTED_STOP,38.0,2.0890771216750093,0.4914552801986516,0.7896440113382066
0.0943296569640405,1722657300,1722658740,1722661620,-1,PROTECTED_STOP,24.0,1.1938712305514818,0.24742673830468584,1.4576837357568189
0.08551390346712345,1722688800,1722688860,1722693960,-1,PROTECTED_STOP,1.0,1.1751555923594172,0.0,333083420.80270934
0.09288556117443332,1722729600,1722730860,1722734040,-1,PROTECTED_STOP,21.0,2.205413046349693,0.29164465242660814,1.2028985466000428
0.0904536811672224,1722737400,1722737460,1722741420,-1,PROTECTED_STOP,1.0,1.7993896287778282,0.0,338398440.1264089
0.08859831210018675,1722747600,1722747900,1722756360,1,PROTECTED_STOP,5.0,-1.5059233686005769,0.11852926947266598,2.9095237849768596
-1.0050345570674821,1722816000,1722816240,1722816660,1,SL,4.0,-1.3683830030730766,0.13555493844303226,2.5468451054944983
0.09534434507429342,1722816900,1722816960,1722817080,1,PROTECTED_STOP,1.0,-2.1923877404629253,0.0,1440836543.7534392
-1.004159050519251,1722818400,1722818700,1722819300,1,SL,5.0,-1.50883498654648,0.23743265401734645,3.059852657462459
1.3690110097177637,1722902400,1722902520,1722903540,1,PROTECTED_STOP,2.0,-1.5519802597162964,0.011847505676929793,32.63333057888647
0.0965058550942465,1722906000,1722907440,1722909000,-1,PROTECTED_STOP,24.0,1.184640297524991,0.45970317490137935,0.9554556579133731
-1.0053114339165798,1722933300,1722934560,1722935220,1,SL,21.0,-2.3628439881542875,1.22627104655002,0.48339222575422325
0.09540920889264103,1722991200,1722991440,1722993180,-1,PROTECTED_STOP,4.0,1.7485525611210042,0.0,571403471.782985
-1.004572826347715,1722996000,1722997560,1722998820,1,SL,26.0,-3.34321727262131,0.8941019226155723,0.7104910107428009
-1.0042044743869525,1722999600,1723000560,1723020540,-1,SL,16.0,1.3970223720594035,0.4905474063102237,0.763636362079661
0.0949216691745157,1723075200,1723076460,1723077300,-1,PROTECTED_STOP,21.0,1.1870056122754251,0.6560940841054798,0.6248415706572805
-1.0052217889447297,1723079700,1723079820,1723081440,-1,SL,2.0,1.3682626881998348,0.0,541708542.7135679
-1.0039447847089673,1723081500,1723081560,1723083660,-1,SL,1.0,3.470420731007915,0.0,1614324904.5801563
0.5660913564827552,1723167600,1723168140,1723189740,-1,TIME,9.0,1.4171816825506056,0.0,426158560.494936
-1.007957639982002,1723190100,1723190760,1723192320,-1,SL,11.0,1.5236417119159928,0.4017877220598092,1.4877570971786804
0.0912588401784335,1723193100,1723195260,1723196700,-1,PROTECTED_STOP,36.0,1.4406357740783824,0.977695739117059,0.45330396429407044
1.0807312879207343,1723249500,1723249560,1723271160,-1,TIME,1.0,2.732551714168799,0.22252169097287794,2.0255516749853495
-1.0152449155444982,1723272000,1723272480,1723274340,-1,SL,8.0,2.856536535902506,0.2680222811097445,1.4745762656846049
-1.0155695032729928,1723275600,1723275960,1723277040,-1,SL,6.0,1.9868597572630518,0.05621871390067787,6.58904097868389
0.08227182865190213,1723335000,1723335060,1723335360,1,PROTECTED_STOP,1.0,-1.002625891212181,0.0,437608749.68931264
0.08526820046185864,1723336200,1723336380,1723336680,1,PROTECTED_STOP,3.0,-1.7890358851285515,0.26129666011786806,1.3268698010162558
-1.0149924150431866,1723349700,1723351500,1723355160,-1,SL,30.0,2.496624354076987,1.2136634813367668,0.2978075515207739
0.09464439556410996,1723420800,1723422660,1723422840,-1,PROTECTED_STOP,31.0,1.3974607106269874,0.9950508660984347,0.7822602921124325
0.09341283990938754,1723450200,1723450320,1723458900,-1,PROTECTED_STOP,2.0,2.964785624131768,0.0,605508993.5400169
0.09626757195479704,1723473000,1723473180,1723476180,1,PROTECTED_STOP,3.0,-1.0010870053849705,0.371417868514709,1.2768532492096893
-1.0085947435336293,1723542000,1723542060,1723544580,1,SL,1.0,-1.0558669618217438,0.0,428499968.7363277
-1.0077355856110808,1723545900,1723547400,1723551180,-1,SL,25.0,2.589226130813144,0.39454473431044673,1.848393569612324
-1.0085462185397445,1723551300,1723551600,1723552200,-1,SL,5.0,2.1430915505540398,0.23243209568902276,1.7711069342185535
-1.0092290479772346,1723593600,1723593720,1723596780,-1,SL,2.0,1.2768768158899673,0.0,365372665.7291547
0.09113637226971544,1723596900,1723597620,1723599240,-1,PROTECTED_STOP,12.0,1.7148640229472127,0.2336182336182454,1.6829268220643985
-1.010981945031159,1723607100,1723607160,1723607520,1,SL,1.0,-1.4361337482178522,0.0,1072084181.4201787
1.9371506084397678,1723680900,1723680960,1723687140,-1,PROTECTED_STOP,1.0,1.8449673540586247,0.0,439162053.6198676
-1.00873475711892,1723687200,1723687380,1723687980,-1,SL,3.0,2.3597736655686337,0.9285530215178496,0.9786304020543676
0.09192763600396203,1723688100,1723688220,1723697160,-1,PROTECTED_STOP,2.0,2.8496409513071796,0.39798219584567834,0.9655532334820642
-1.0117656030503732,1723801800,1723802100,1723803120,1,SL,5.0,-1.7370305115109999,0.21252257676100408,2.940509901177575
-1.0111233830845792,1723803300,1723803600,1723806660,1,SL,5.0,-1.5931591938103078,0.16328195090122344,3.4195803986376463
-1.010001640149291,1723810800,1723810860,1723811400,1,SL,1.0,-1.788349796100251,0.08301414260458916,3.925465791223232
0.08890349507791404,1723856100,1723857780,1723866660,-1,PROTECTED_STOP,28.0,1.9391325993448219,0.4286633942222943,0.9434953985872897
1.3811607593802697,1723887300,1723887780,1723890300,-1,PROTECTED_STOP,8.0,1.388340636017093,0.9390167457687976,0.5153538045245789
1.4219188812471297,1723892700,1723893540,1723901400,1,PROTECTED_STOP,14.0,-0.7871184688318704,0.03466299862454005,14.999999567237666
-1.0195387202066677,1723939200,1723939800,1723941240,-1,SL,10.0,2.4249510997888404,0.6262768580486054,0.6503936997489391
1.3250442134521272,1723949400,1723949460,1723949940,1,PROTECTED_STOP,1.0,-1.4232223180233419,0.0,2178079844.651323
1.6490105082711852,1723950000,1723950060,1723951680,-1,PROTECTED_STOP,1.0,3.7402045137642563,0.0,660581126.2535243
-1.0090410674113715,1724025600,1724025780,1724026440,-1,SL,3.0,3.5959509974379458,0.5515475913427944,1.1814345970140825
0.09176600412204908,1724026500,1724026800,1724027220,-1,PROTECTED_STOP,5.0,4.653521101759839,0.2550444880108324,2.049668866135916
0.08463815463702916,1724061000,1724061120,1724061360,-1,PROTECTED_STOP,2.0,1.4541191907174584,0.25639281056871327,3.4334365191161615
1.5468993132703022,1724112000,1724113020,1724113620,1,PROTECTED_STOP,17.0,-2.040029694742831,0.3577644024075807,1.1144010736011096
-1.0079726974272223,1724113800,1724113860,1724114700,1,SL,1.0,-4.862561845638552,0.0,1238605898.1233242
0.09265371705143008,1724115000,1724115060,1724115360,1,PROTECTED_STOP,1.0,-4.158411112022474,0.0,423378251.33185446
0.08995365646258999,1724198400,1724198460,1724199120,1,PROTECTED_STOP,1.0,-1.829790899217113,0.0,466326530.6122523
0.08955401527715624,1724207100,1724208120,1724208720,1,PROTECTED_STOP,17.0,-1.4268436423667394,0.34509271822705556,1.4770642159032357
1.9549417951626826,1724213700,1724213940,1724227320,1,PROTECTED_STOP,4.0,-2.262338792101528,0.0,629973530.5239213
-1.0104970097622874,1724288400,1724288940,1724294220,1,SL,9.0,-1.2641940593713612,0.5382427890829801,1.190201726895386
-1.0085853830367328,1724295600,1724295660,1724297340,-1,SL,1.0,2.3624412557080787,0.0,406101632.615543
-1.0085175548935188,1724302200,1724303100,1724313360,-1,SL,15.0,1.5404866645627897,0.4398302789564034,0.7701149407778021
0.08063091899250174,1724390400,1724390460,1724390820,1,PROTECTED_STOP,1.0,-2.1515345379921884,0.012389380530931908,31.23076671010396
0.08249608906417441,1724391600,1724392140,1724393340,1,PROTECTED_STOP,9.0,-2.5485526515565304,0.07591816613257285,6.5795453678825995
-1.0153148537134153,1724395800,1724395860,1724397600,1,SL,1.0,-2.5792545973565373,0.0,1211552888.2220573
-1.0059955158626805,1724457600,1724457900,1724463780,1,SL,5.0,-1.2943538227187905,0.07457097659143745,5.567669098269899
0.09231683811493648,1724463900,1724464140,1724471280,1,PROTECTED_STOP,4.0,-2.0863662533909197,0.024243990695259517,15.56716353700767
0.07848190298060768,1724481600,1724482020,1724482920,-1,PROTECTED_STOP,7.0,4.133356461050355,1.3757283648658236,0.25183016087113386
-1.009813154567249,1724548500,1724548800,1724557380,1,SL,5.0,-2.455645640778921,0.10255068672335527,3.6562499643467263
0.08474007865570726,1724557500,1724557680,1724557920,1,PROTECTED_STOP,3.0,-1.7311997921983784,0.0,495530925.99210656
0.07632769356931676,1724570100,1724570520,1724570940,1,PROTECTED_STOP,7.0,-2.3595411004466422,0.9321482422030225,0.6376638848939782
0.09234718566132137,1724630400,1724630580,1724630940,1,PROTECTED_STOP,3.0,-1.842607763104896,0.0,389245995.3065998
-1.0064937116475596,1724634300,1724634720,1724655000,1,SL,7.0,-2.051239584604666,0.20393365751996742,2.0119224938602525
0.08465715317920094,1724656500,1724657700,1724659320,-1,PROTECTED_STOP,20.0,1.5178083962383528,0.6986994219653,0.5522233704609654
0.08974510133558489,1724716800,1724716920,1724719980,-1,PROTECTED_STOP,2.0,1.7394216666375553,0.09120201737180579,4.010752644195701
0.08964768244575348,1724720700,1724720760,1724727480,-1,PROTECTED_STOP,1.0,1.5113289495393305,0.0,415680473.3727947
-1.0094941583655128,1724727900,1724728320,1724733480,-1,SL,7.0,1.928380379557354,0.27937311398812276,1.3219512147802757
-0.09778426362358528,1724803200,1724804460,1724826060,-1,TIME,21.0,1.223523850459687,0.046452493177869376,7.990654033590075
-1.0080335056085226,1724850300,1724851140,1724853420,1,SL,14.0,-1.9440156461230589,0.44458481681404954,1.0723327281485926
0.09141219406406795,1724853600,1724853720,1724853960,1,PROTECTED_STOP,2.0,-2.8064549690730907,0.3044798314641738,1.9814814749735783
-1.008759381336057,1724891400,1724891460,1724893680,-1,SL,1.0,1.4425145193209892,0.0,463679500.65284455
0.09079817263392242,1724893800,1724893860,1724905920,-1,PROTECTED_STOP,1.0,2.4184884205677197,0.0,454154870.9408883
0.08304856002279075,1724911500,1724911560,1724912400,-1,PROTECTED_STOP,1.0,2.709632684341011,0.0,741659538.0667683
0.0901137211436442,1724976000,1724976300,1724977380,-1,PROTECTED_STOP,5.0,1.6004130731256858,0.0835925488934393,5.209580776000878
-1.0088505405405357,1724981400,1724981580,1724982660,-1,SL,3.0,1.5828734656965724,0.20180180180181395,2.455357130689812
0.08931430341035727,1724982900,1724983200,1724984640,-1,PROTECTED_STOP,5.0,1.4777259436424612,0.0,443308945.92185616
-1.028478110018971,1725094800,1725094860,1725095400,1,SL,1.0,-2.5060119078771796,0.0,479461976.2027689
0.07436598563296257,1725095700,1725096300,1725097260,1,PROTECTED_STOP,10.0,-2.26876836978397,0.6804739248063939,0.7312859874090062
0.07862103710605212,1725099300,1725099360,1725112320,1,PROTECTED_STOP,1.0,-1.272438859522756,0.0,721627076.5409231
0.07633421793323382,1725151500,1725153060,1725153420,-1,PROTECTED_STOP,26.0,1.2653118466771984,0.8057901085645667,0.43712574796045045
-1.0148380687902567,1725158400,1725158820,1725160440,-1,SL,7.0,3.4119268465859425,0.41546419820310204,1.50642201472272
0.08806901121305384,1725160500,1725160800,1725163620,-1,PROTECTED_STOP,5.0,3.6236783043967233,0.34801223241591106,1.2724077292084521
0.09342739461247809,1725236100,1725237780,1725238440,-1,PROTECTED_STOP,28.0,2.6452345094678944,0.7351040566107435,0.6223678044879295
0.08967897117449919,1725254700,1725255420,1725257220,1,PROTECTED_STOP,12.0,-1.5216534628873462,0.30374118368601677,1.0547703145484457
1.9886056264818448,1725262200,1725262260,1725265260,1,PROTECTED_STOP,1.0,-1.9579125172820395,0.0,379171986.1389848
0.09120227357238025,1725321900,1725323580,1725326580,1,PROTECTED_STOP,28.0,-0.9879297716405426,0.3493864541832799,0.9029374175943772
0.08677418445111486,1725329100,1725329340,1725330240,1,PROTECTED_STOP,4.0,-1.1886984326703862,0.2861352725890022,4.999999982525747
-1.0105033824144813,1725334200,1725334320,1725344760,1,SL,2.0,-1.9056596822305925,0.0,362211315.298864
0.08861938736600397,1725408000,1725408120,1725411240,1,PROTECTED_STOP,2.0,-2.1356222859319125,0.0,645341693.8524497
-1.0080979300632629,1725412200,1725412260,1725412620,-1,SL,1.0,2.6166181114391964,0.2709452952688755,2.2905296865700775
0.09510943838668663,1725420600,1725422160,1725434340,-1,PROTECTED_STOP,26.0,0.9478817509062029,0.07256974656126769,6.664285622452827
0.08940174525533441,1725498000,1725498420,1725501000,1,PROTECTED_STOP,7.0,-1.1922225517722416,0.2054392486793185,1.746666658164559
-1.0106888568799381,1725505800,1725505860,1725506580,1,SL,1.0,-2.431749584816469,0.6441803705037366,0.5460869556740408
0.09138187106051468,1725507000,1725507360,1725519180,-1,PROTECTED_STOP,6.0,3.2103548507529442,0.41639907884919525,2.002181020273593
-1.0094893857452336,1725580800,1725582900,1725586620,-1,SL,35.0,1.5454251556521725,0.8526732242024035,0.743146602227348
0.09009617596787257,1725588600,1725588900,1725595560,-1,PROTECTED_STOP,5.0,1.823387018910861,0.3081184264700144,1.3248299276731694
-1.0115644450298515,1725600300,1725601680,1725606840,1,SL,23.0,-1.5969601163950646,0.7228661749210034,0.4855442170153454
0.09384787253126461,1725667800,1725668100,1725675480,-1,PROTECTED_STOP,5.0,1.915273320617067,0.10959440285728277,3.156249971200628
0.08114065682912916,1725685800,1725685860,1725686160,-1,PROTECTED_STOP,1.0,2.31102072015169,0.27649426143985484,2.241509425855426
-1.0131334954973468,1725698700,1725699660,1725700920,1,SL,16.0,-1.9572285304254036,0.5187868750646852,0.9511173166024045
0.08815397593002675,1725753600,1725753900,1725756660,-1,PROTECTED_STOP,5.0,1.2275878843505956,0.17813042865861398,2.797047954777716
-1.0125047289504112,1725757800,1725757980,1725762120,-1,SL,3.0,3.281469275167452,0.1515570934256167,2.200913227486846
0.08614665427848027,1725762300,1725762900,1725766800,-1,PROTECTED_STOP,10.0,2.4113013798246214,0.4017051975733749,2.203809518323332
-1.005595038284839,1725840900,1725842640,1725843780,-1,SL,29.0,0.78253828197544,0.8171516079632332,0.41379310294190336
0.08859159257455647,1725870900,1725872580,1725873180,1,PROTECTED_STOP,28.0,-3.0771479643469277,0.6651037289335195,0.5959031648396047
0.08912331360946116,1725875700,1725875760,1725880740,1,PROTECTED_STOP,1.0,-2.95002110856162,0.0,305325443.7870148
0.09310857509272562,1725927300,1725928620,1725931200,1,PROTECTED_STOP,22.0,-2.2429407553367247,0.4647499220130891,0.7971808910020571
0.08905731653403177,1725940500,1725941160,1725942720,1,PROTECTED_STOP,11.0,-1.0184184363583444,0.20308355437665698,1.6714285631983206
-1.0119472390056343,1725946200,1725946620,1725952920,-1,SL,7.0,2.933596046574072,0.2619713229326373,1.9084337276547931
0.08902581628626051,1726013100,1726015080,1726017300,1,PROTECTED_STOP,33.0,-2.0279324675042005,0.7659956718794687,0.49029850682258486
0.08942157745805002,1726018500,1726018560,1726018680,1,PROTECTED_STOP,1.0,-1.2215414817133505,0.46869395400741193,1.4809523777926554
1.399919195136564,1726022700,1726022820,1726028520,-1,PROTECTED_STOP,2.0,1.8341272838102676,0.0,464269201.13022673
0.08911595257344314,1726104000,1726104360,1726105320,1,PROTECTED_STOP,6.0,-1.1758448848516,0.15165723524657984,3.1604477403541655
-1.0087595335988633,1726106400,1726106460,1726107000,1,SL,1.0,-1.028767383077793,0.0,1550109212.3859832
0.09246724882733715,1726107300,1726107360,1726110540,1,PROTECTED_STOP,1.0,-1.9993049349086738,0.0,543912342.1769713
-1.0197907672715696,1726209600,1726210200,1726211340,-1,SL,10.0,1.1863504776509433,0.3168025861435889,1.126623373066944
-1.0181631438501895,1726212000,1726212300,1726214040,-1,SL,5.0,1.0819597876796445,0.0009418096198988365,397.99957741555517
0.0823310449838971,1726215900,1726216080,1726219140,1,PROTECTED_STOP,3.0,-1.3130409722362897,0.0,371835030.01824504
-1.0092839506172901,1726272000,1726272180,1726289400,1,SL,3.0,-2.4868189205057765,0.10858063031975426,3.5974575939872575
-1.0215288483641158,1726290600,1726290660,1726291620,1,SL,1.0,-1.4720900331538715,0.0,411922458.0492077
-1.0223874115456237,1726291800,1726292160,1726293360,1,SL,6.0,-1.7189327417849793,0.6715083798882518,0.8635607308271884
0.07834049676025491,1726364100,1726364160,1726367400,-1,PROTECTED_STOP,1.0,2.806999092122345,0.0,498920086.3930565
0.062407421316150555,1726389000,1726389060,1726389960,1,PROTECTED_STOP,1.0,-1.0734052241741403,0.0,379291845.493512
-1.035487419232237,1726394100,1726394580,1726395300,1,SL,8.0,-2.9303558551141524,0.33168630432036,1.4545454501596546
0.09177997154144471,1726444800,1726445400,1726446060,-1,PROTECTED_STOP,10.0,2.210429589950034,0.341443028150081,1.23011015551609
0.09237274865872586,1726446900,1726449000,1726449480,-1,PROTECTED_STOP,35.0,2.2931394526621784,0.4487154453401815,0.8816362034311471
-1.005913517046067,1726454100,1726455300,1726466880,-1,SL,20.0,1.9566149255654388,0.5852521511817929,1.044293901290169
0.08608820674674528,1726553100,1726553280,1726558860,1,PROTECTED_STOP,3.0,-2.5013498330863015,0.15821624923643904,3.671171147966947
0.08603942925976402,1726560900,1726562520,1726564380,1,PROTECTED_STOP,27.0,-2.2472780758021784,0.9163740011197548,0.39968895757318357
0.08657121108837758,1726566900,1726568220,1726569600,1,PROTECTED_STOP,22.0,-1.914091582077156,0.8609406952965483,0.9469517011961835
0.0885612425192267,1726617600,1726617900,1726620300,-1,PROTECTED_STOP,5.0,0.9884120957869916,0.11114277571957876,4.0923076554875655
-1.0105834790111488,1726628700,1726628760,1726631100,-1,SL,1.0,3.5210502207709853,0.0,785684810.7438921
0.08736921634454324,1726653900,1726654260,1726654440,-1,PROTECTED_STOP,6.0,2.0779749944806367,0.3016967607295188,1.7873684151281217
0.09231131094910358,1726704000,1726704060,1726704180,1,PROTECTED_STOP,1.0,-1.9760912484942625,0.1650082477518337,4.528216676846243
0.09311993753992359,1726705800,1726706400,1726707360,1,PROTECTED_STOP,10.0,-2.8415741564209,0.46206260202995436,0.8351254462212878
0.09411288999361196,1726709100,1726710660,1726715880,1,PROTECTED_STOP,26.0,-1.9331365544749493,0.7282099343955123,0.565609086571477
1.7545948880870244,1726794600,1726794720,1726801560,1,PROTECTED_STOP,2.0,-1.2006921300345348,0.136727329777228,4.550200769933323
-1.0121474537609454,1726801800,1726802040,1726804080,-1,SL,4.0,2.9954740502903063,0.4074532113117221,0.8413597713062191
0.0897336390699233,1726805100,1726806060,1726806180,-1,PROTECTED_STOP,16.0,1.8558220263461995,1.214096065652903,0.4115308147703833
-1.01601798849637,1726881300,1726881720,1726883580,1,SL,7.0,-1.8850343999996635,1.6361656959337945,0.24406148098731284
0.08587423804940555,1726883700,1726884180,1726888800,1,PROTECTED_STOP,8.0,-2.9381421306129036,0.2587102983638212,1.3177083282398712
0.07818399109792945,1726899900,1726900260,1726902480,-1,PROTECTED_STOP,6.0,2.1852973613909508,0.12566765578641195,4.024793356400294
0.07439813802874656,1726963200,1726963860,1726963980,-1,PROTECTED_STOP,11.0,2.7942850065434106,1.2519732847601588,1.040737147568307
-1.022136857407818,1726964700,1726965000,1726968000,-1,SL,5.0,1.5058264641461994,0.3810812843071384,1.820441984173053
1.631427223268478,1726968300,1726968480,1726971300,-1,PROTECTED_STOP,3.0,1.5514601548814313,0.037790332705548574,9.162790455220186
2.1348789657031477,1727050500,1727051100,1727061120,1,PROTECTED_STOP,10.0,-0.7548169861146588,1.3914071247874467,0.26663884812884336
-1.0061860579000488,1727063700,1727064060,1727065740,1,SL,6.0,-1.922270851831521,0.06798214028517474,5.61864398514807
-1.0070579426128012,1727066100,1727066340,1727075400,1,SL,4.0,-1.6156164368003954,0.0,476817116.75463635
1.4444684774143557,1727137200,1727137260,1727138520,-1,PROTECTED_STOP,1.0,1.000819860843272,0.0,664719626.1682
0.08971257010272185,1727139000,1727139060,1727141040,1,PROTECTED_STOP,1.0,-1.564921255583381,0.0,626814509.076919
1.4956282306825284,1727144100,1727144400,1727163060,1,PROTECTED_STOP,5.0,-1.2697383619563154,0.05062472438628219,8.040650247678514
0.08944287642452847,1727222700,1727222940,1727225160,1,PROTECTED_STOP,4.0,-1.0124045608547265,0.023661138692313864,13.874999413586734
-1.0182300219941482,1727245500,1727245560,1727247360,1,SL,1.0,-1.47370002394464,0.021383186705767408,38.99999817613723
0.08296794945214153,1727247600,1727248380,1727248620,-1,PROTECTED_STOP,13.0,3.3158326043288726,0.39926697972743375,0.9056224876915444
0.08834845044329119,1727311800,1727311980,1727313300,1,PROTECTED_STOP,3.0,-2.4185022413991546,0.059468042874140065,7.056074647703841
0.08840829546048173,1727321700,1727321760,1727324280,1,PROTECTED_STOP,1.0,-2.777230741866017,0.0,378467324.87070966
0.08108571853174053,1727331000,1727331060,1727331720,1,PROTECTED_STOP,1.0,-1.0536447571456653,0.0,446723138.6535764
-1.0107901010747329,1727395200,1727395380,1727399340,-1,SL,3.0,1.139699507133451,0.033841669332779066,14.735293682221684
0.08822886111218745,1727399400,1727399460,1727400120,-1,PROTECTED_STOP,1.0,1.3635706140138566,0.0,554235517.2013627
0.08785200951280274,1727409300,1727409600,1727413500,-1,PROTECTED_STOP,5.0,1.3346117058704787,0.0,406233807.64480054
0.07999048364310504,1727481900,1727482080,1727483520,-1,PROTECTED_STOP,3.0,2.6075662429157083,0.0365177698076296,10.124999722737732
0.07949090180899579,1727485200,1727485380,1727487540,-1,PROTECTED_STOP,3.0,2.1010841893131658,0.0,353247446.76593274
-1.021562911555041,1727488800,1727488920,1727490660,-1,SL,2.0,1.699069752093734,0.0,542726954.0834606
0.08155640948542514,1727570400,1727570580,1727570820,-1,PROTECTED_STOP,3.0,1.064272024967171,0.1431234590173804,2.5411764528329286
0.08142061273474008,1727576100,1727577300,1727580420,-1,PROTECTED_STOP,20.0,1.0578152253112616,0.48454044896240356,1.0996503473805532
0.0750579317842279,1727585400,1727588040,1727589180,-1,PROTECTED_STOP,44.0,1.4515557143158795,0.6152466367713928,2.9276437800275987
0.08626822390573197,1727656200,1727656740,1727658660,1,PROTECTED_STOP,9.0,-2.1073386389342983,0.9835858585858711,0.30616174551668923
1.7293469092225557,1727661300,1727661480,1727665860,-1,PROTECTED_STOP,3.0,1.7496282368874263,0.06299212598424374,9.258620542675859
-1.0087823507036862,1727666100,1727666160,1727676720,-1,SL,1.0,3.5306777748754747,0.0,430113819.2351576
0.08941522531893417,1727740800,1727741460,1727742300,-1,PROTECTED_STOP,11.0,1.2601324318144898,0.913949567775032,0.43021977974903036
0.0913468517436237,1727744700,1727745180,1727751360,-1,PROTECTED_STOP,8.0,2.6979751258708387,0.11250730566920002,9.24727264508019
-1.0109382528752624,1727754300,1727754600,1727763840,-1,SL,5.0,1.977532864390614,0.03660198107301229,9.197182847318297
-1.0065701418801043,1727827800,1727827920,1727831580,-1,SL,2.0,1.299718219392379,0.005511555740808483,79.23527974157155
-1.0086716820497288,1727834100,1727834580,1727837400,-1,SL,8.0,1.805014534880563,0.07414132243909786,4.439999940114203
0.09058165025571231,1727837700,1727838720,1727842440,-1,PROTECTED_STOP,17.0,0.9424051639690794,0.21662468513855124,2.321353054823017
0.09056924725481771,1727916000,1727916060,1727916360,-1,PROTECTED_STOP,1.0,1.5477105470412873,0.07887585338370798,4.988235230876217
0.08989903022581844,1727924100,1727924340,1727925480,-1,PROTECTED_STOP,4.0,1.4456858037842744,0.14072343738940332,2.3943661801682823
-1.0111560946745553,1727943300,1727943360,1727943540,1,SL,1.0,-1.5396259207540013,0.0,482682445.7593727
0.08991039960287564,1728005400,1728005700,1728013080,-1,PROTECTED_STOP,5.0,2.0726730002704423,0.6105733432613577,0.644715446098518
0.08316225732926014,1728023100,1728023340,1728026100,-1,PROTECTED_STOP,4.0,1.734251036199018,0.24593256307477032,2.7013422708948536
0.08559600274746834,1728029100,1728029880,1728032100,1,PROTECTED_STOP,13.0,-1.405045279107631,0.40458360556867634,1.076521736469646
-1.0173970769353853,1728086400,1728086640,1728091620,1,SL,4.0,-1.0744854022770005,0.0,879198656.429931
-1.0188252380022818,1728094500,1728094680,1728096540,1,SL,3.0,-1.0741044082128328,0.0,499121722.724643
-1.017865201056892,1728099300,1728100680,1728103620,-1,SL,23.0,0.9755994292555488,0.48897696309141847,0.9663120547613723
0.0786304593030614,1728172800,1728172980,1728174300,-1,PROTECTED_STOP,3.0,1.6233337205447993,0.4602881418544589,0.9842696607828729
0.07869878631848701,1728178200,1728178560,1728179940,-1,PROTECTED_STOP,6.0,1.593640693729959,0.37072453107760406,0.9861111084511546
0.07798716444444488,1728180600,1728182160,1728187320,-1,PROTECTED_STOP,26.0,1.3961112571994294,0.7989333333333534,0.4552736976944723
0.08749912613495292,1728260100,1728260160,1728260700,1,PROTECTED_STOP,1.0,-1.0164169744847402,0.19455219745086233,2.420245386333076
0.0913353856608863,1728262800,1728262860,1728263700,1,PROTECTED_STOP,1.0,-1.0963088799190073,0.0,416309887.86951494
0.09132336720450886,1728272100,1728272820,1728276000,1,PROTECTED_STOP,12.0,-1.3342984671088458,0.47269319745821065,0.706851689744854
-1.008657513530719,1728345900,1728346080,1728347580,-1,SL,3.0,1.5975154855652343,0.3418099331423219,1.4938875261917375
0.09178799237193831,1728347700,1728348480,1728351120,-1,PROTECTED_STOP,13.0,2.5819654794698264,0.15584927993687073,2.402531630153735
0.08965848916540464,1728356400,1728356760,1728357720,-1,PROTECTED_STOP,6.0,0.8739058575745045,0.2014210470500751,1.577395569564463
0.08332912829955406,1728432000,1728432120,1728434580,-1,PROTECTED_STOP,2.0,1.9762035457118199,0.2666896869245429,2.123867061522085
0.08618045360302017,1728438600,1728438660,1728439080,1,PROTECTED_STOP,1.0,-1.126396199431907,0.0,442714021.17657596
0.07982403192502202,1728458700,1728461160,1728462720,-1,PROTECTED_STOP,41.0,2.4636064704014733,1.1196491960743478,0.6527415137773175
0.08993468747773277,1728518400,1728518880,1728520260,-1,PROTECTED_STOP,8.0,1.2982317559950485,0.24495759389921487,1.6863543719345757
-1.0127184323587828,1728524400,1728526380,1728531420,-1,SL,33.0,1.8123424222186524,0.718013203395139,0.6147110324188824
-1.0130279080438773,1728531600,1728532560,1728542100,-1,SL,16.0,1.0694732853638422,0.08030101408709235,5.839999927273647
-1.012768946166295,1728605100,1728605340,1728610560,1,SL,4.0,-1.3599014317944433,0.1213413804057181,2.7068062604141727
1.9940046152458022,1728610800,1728611160,1728611820,1,PROTECTED_STOP,6.0,-2.165206350114926,0.0,803247631.9350473
0.0877577199204311,1728617100,1728618660,1728623340,1,PROTECTED_STOP,26.0,-1.4803166454151664,0.20223164086152623,2.0748502891412057
0.08737431063061776,1728691200,1728691500,1728692220,1,PROTECTED_STOP,5.0,-0.8528635456593053,0.27243243243243154,1.2399999954484773
0.07874231132420456,1728712800,1728712920,1728714780,-1,PROTECTED_STOP,2.0,2.4484595199345964,0.0,330500472.14353234
-1.031617623363579,1728727200,1728727380,1728727860,-1,SL,3.0,1.9343409299624215,0.5226586102718838,0.6560693629067494
-1.0216771826708733,1728777600,1728777660,1728778800,1,SL,1.0,-1.174316225091815,0.0,606862096.8334376
0.08052772775422976,1728781500,1728781860,1728783600,-1,PROTECTED_STOP,6.0,1.8871159197723515,0.5663400423729348,1.036006544815373
0.08466209027122272,1728788700,1728788760,1728790140,-1,PROTECTED_STOP,1.0,1.1215960732268946,0.0,494816211.1215827
0.0878967062687131,1728865200,1728865260,1728870120,1,PROTECTED_STOP,1.0,-3.817672186755895,0.0,323384526.2242569
0.08689665723566262,1728871500,1728871680,1728874020,1,PROTECTED_STOP,3.0,-1.2827031511598597,0.06098711097137422,8.329896770634749
1.8131568922115444,1728876600,1728876840,1728877440,1,PROTECTED_STOP,4.0,-1.1036644917454457,0.6805813821107285,2.3036690052022015
-1.0085797314887128,1728956400,1728957000,1728963180,1,SL,10.0,-1.4389428819687702,0.3112239205623587,1.121706395391821
0.0878727541863492,1728963300,1728963960,1728968280,1,PROTECTED_STOP,11.0,-2.0244666441637014,0.6999722453510826,0.6169706573263802
-1.013570650026001,1728970200,1728970320,1728973140,-1,SL,2.0,1.5700520781779763,0.03931357254291988,22.22222165695624
0.09109924181962373,1729037100,1729037280,1729039200,-1,PROTECTED_STOP,3.0,3.0450216006265594,0.23543495610534754,1.8271186363072371
0.08956668880181508,1729041900,1729041960,1729042320,-1,PROTECTED_STOP,1.0,1.3508150842535867,0.0,363968390.9954312
-1.009958592881848,1729050300,1729050360,1729053420,1,SL,1.0,-1.0195054565832238,0.0,533384131.82207876
2.0281352074821135,1729125300,1729125900,1729128900,-1,PROTECTED_STOP,10.0,1.7492894996110895,0.2356850994279044,1.8478964322894549
0.08784154663991371,1729132200,1729132740,1729132920,-1,PROTECTED_STOP,9.0,1.2245228946672955,0.3530138626095081,0.9157733511579652
-1.015402405616373,1729144500,1729145100,1729146060,-1,SL,10.0,0.9286137436368656,0.5244243703667553,0.7758846643133572
-1.0160209393877813,1729209900,1729210920,1729211520,1,SL,17.0,-2.3183972191199054,1.0162899613112901,0.45511921413852013
1.5722037308898502,1729211700,1729211820,1729215000,1,PROTECTED_STOP,2.0,-2.0374594902129024,0.3048426030838787,1.3076923034027301
1.840149515445607,1729215300,1729215660,1729216680,1,PROTECTED_STOP,6.0,-1.4046228598115973,0.2442154228656231,1.935632175982058
0.08143784863645608,1729296000,1729296420,1729298700,-1,PROTECTED_STOP,7.0,2.383984335319374,0.40404980798316964,0.9838709653071434
1.4727920539358546,1729307400,1729307460,1729314300,-1,PROTECTED_STOP,1.0,1.9559014735807259,0.0,643035919.6373712
0.07920548058327137,1729314900,1729317180,1729322520,-1,PROTECTED_STOP,38.0,1.3817557032362715,0.30575656822478475,1.3373134284621229
0.07591412207000982,1729389300,1729389840,1729401600,1,PROTECTED_STOP,9.0,-1.505687313467061,0.18015290288395758,2.3117646930494313
0.06735290307185451,1729409100,1729409280,1729413420,1,PROTECTED_STOP,3.0,-1.3859545723654372,0.07302853636072208,7.098039118505291
0.06951879780375171,1729433400,1729433460,1729433700,-1,PROTECTED_STOP,1.0,2.324777756572212,0.0,1157002761.115859
0.08937272867093711,1729468800,1729469580,1729471860,1,PROTECTED_STOP,13.0,-1.7701743739927054,0.29022477094460725,1.3561208220360315
-1.0088239848245684,1729473900,1729474320,1729477980,1,SL,7.0,-2.2896146073116426,0.15705494744866325,2.2330096945200064
0.08862415075625388,1729479000,1729479060,1729483800,1,PROTECTED_STOP,1.0,-1.6362981263776397,0.0,460203322.5885897
-1.0151254175289681,1729555800,1729555860,1729556220,1,SL,1.0,-2.9644946118957374,0.0,528276459.54667366
-1.0146976921514421,1729556400,1729556460,1729556820,1,SL,1.0,-2.6654167430052182,0.0,670697979.6559122
0.08707780256709242,1729557000,1729557900,1729558860,1,PROTECTED_STOP,15.0,-0.9396700157458415,2.2766484878532864,0.26371951207925176
0.08517516352227826,1729645500,1729645860,1729650840,-1,PROTECTED_STOP,6.0,2.0387437468222194,0.04435197881704253,7.149253570136428
0.08523057696247174,1729653600,1729653660,1729654200,-1,PROTECTED_STOP,1.0,2.0488926246056773,0.0,429577797.74002284
0.08474167479357485,1729656900,1729657380,1729657620,-1,PROTECTED_STOP,8.0,2.0631218709810684,0.05393017359075403,7.86075934791932
1.5200720332243738,1729728000,1729730460,1729730940,1,PROTECTED_STOP,41.0,-1.3980812659486475,1.0218255721480805,0.43583535066306983
-1.0113867239698267,1729731900,1729732020,1729733280,1,SL,2.0,-1.3941713406596545,0.0,996569034.634645
0.09020234571755806,1729733700,1729735140,1729737420,1,PROTECTED_STOP,24.0,-1.644385187580735,0.6871058382766604,0.701017810684517
-1.0115568488014721,1729814400,1729814580,1729816380,1,SL,3.0,-1.0444966013297095,0.0,420071112.40111095
0.08610730389582905,1729818300,1729819560,1729821960,1,PROTECTED_STOP,21.0,-1.5355694622585785,0.38882074645177656,1.0536277575424633
1.9763478934324314,1729826700,1729826760,1729830300,-1,PROTECTED_STOP,1.0,1.097291748271154,0.0,340458488.2280414
-1.0059444257424508,1729902300,1729904940,1729920660,-1,SL,44.0,0.9005320130271061,0.29616311541258605,1.1853526180591087
0.08329262675266216,1729922700,1729923420,1729935000,1,PROTECTED_STOP,12.0,-2.2385965830021926,0.29482326598070097,2.4911392320565797
0.07651546680684165,1729939500,1729939680,1729944900,1,PROTECTED_STOP,3.0,-1.0035485622956057,0.07672096689440838,5.6164382829561035
0.06953471734895698,1729991700,1729991760,1729993320,1,PROTECTED_STOP,1.0,-1.5096420249463371,0.0,745029239.7661084
0.07409724310776027,1730001000,1730003400,1730006040,-1,PROTECTED_STOP,40.0,1.4231785017599812,0.9404279930596035,0.4563345628602684
0.05954211024986488,1730022000,1730022180,1730023380,1,PROTECTED_STOP,3.0,-2.4644536176977234,0.0,329198966.4084793
-1.0122178244480493,1730073600,1730074260,1730077260,1,SL,11.0,-2.225035253962466,0.3231017770597753,1.6283333282935932
0.08774975160968988,1730078700,1730079120,1730085420,1,PROTECTED_STOP,7.0,-1.6321570529272824,0.024929353927179102,15.239129823468819
0.08372633755314411,1730100000,1730100060,1730100360,1,PROTECTED_STOP,1.0,-2.3404852164569636,0.0,687579439.7274349
0.09089668179912541,1730168700,1730168760,1730170200,-1,PROTECTED_STOP,1.0,2.1086948733113995,0.0,900125799.9234542
1.4022944563992477,1730188200,1730188740,1730201580,1,PROTECTED_STOP,9.0,-0.9283580311635878,0.055948355364315486,6.6153844971391536
-1.0163368068818193,1730203200,1730203560,1730203980,1,SL,6.0,-1.4337810266469087,0.4661867685226112,0.7161764690519488
1.3548687561991735,1730246400,1730246640,1730250780,-1,PROTECTED_STOP,4.0,1.5953550990981606,0.22971632612574674,1.5060448984526291
-1.0116559288605846,1730260200,1730260380,1730266020,-1,SL,3.0,1.201903456588225,0.08428774090859029,3.9999999525451875
0.08551796167794566,1730266200,1730266560,1730272260,-1,PROTECTED_STOP,6.0,2.7972110692050824,0.12473228818634143,3.245192281676865
0.07728156233854902,1730357400,1730357460,1730362860,1,PROTECTED_STOP,1.0,-1.3667813296887064,0.0,399973047.6382428
0.08152242761331285,1730371500,1730371560,1730371680,1,PROTECTED_STOP,1.0,-2.2456744944616895,0.0,932875293.0913256
0.08495609211819924,1730374800,1730375160,1730377680,-1,PROTECTED_STOP,6.0,1.6702514142724432,0.2061947692582352,1.6060605982715597
0.08835903270677184,1730424900,1730424960,1730425620,1,PROTECTED_STOP,1.0,-1.3938436946187547,0.0,1051610372.0084475
-1.0076482593075282,1730427900,1730429340,1730430480,-1,SL,24.0,3.1518428103030467,0.6466895653203816,0.7353846142474332
0.09323015806756713,1730430600,1730432400,1730443020,-1,PROTECTED_STOP,30.0,2.021787452216453,0.2705793955585403,1.52699783452919
1.5493529282852714,1730514600,1730514900,1730523060,-1,PROTECTED_STOP,5.0,1.4328401722655029,0.0,438789390.1608667
0.07920424506163096,1730523300,1730524500,1730526600,1,PROTECTED_STOP,20.0,-1.9612771001050935,1.0159989760654853,0.6410934737959452
0.0767934782608319,1730541900,1730542680,1730544420,1,PROTECTED_STOP,13.0,-1.3310751234329683,0.5956807780320329,0.6722689064344528
0.0778459118204109,1730592000,1730592180,1730592600,-1,PROTECTED_STOP,3.0,2.9051452428705966,0.09493800945264586,6.141414076729371
0.07956676799666239,1730594400,1730596200,1730597100,-1,PROTECTED_STOP,30.0,2.064769722313544,0.8467384420519395,0.40418848119810613
1.5099247182086843,1730599200,1730599260,1730600160,-1,PROTECTED_STOP,1.0,2.7014200941041393,0.0,532319391.63498485
-1.0092875604879719,1730679000,1730679300,1730680620,1,SL,5.0,-1.386876650137301,0.06977485439423978,5.069767369202208
0.09020230753481312,1730680800,1730680920,1730681280,1,PROTECTED_STOP,2.0,-2.0122983031127437,0.0,409336609.3366005
0.0911666101602154,1730689500,1730689680,1730691540,-1,PROTECTED_STOP,3.0,1.0499837395446463,0.0,320391534.9701867
0.09325175791361184,1730766900,1730766960,1730771100,-1,PROTECTED_STOP,1.0,1.8257909996587365,0.0,355980168.9469554
1.8601821887739078,1730782800,1730782920,1730792820,1,PROTECTED_STOP,2.0,-1.89849952388781,0.0,473032298.5261656
0.08653216956907823,1730793000,1730793660,1730797200,1,PROTECTED_STOP,11.0,-2.0466739037644968,0.3246818486268931,1.3086642558973305
-1.0059075115788032,1730854800,1730854860,1730855820,1,SL,1.0,-3.0433576153504465,0.0,811385374.3367457
1.9402743696324385,1730856300,1730856600,1730860140,1,PROTECTED_STOP,5.0,-2.7635959370663907,0.5867399519065598,0.9151639328664979
2.7587475754864252,1730860200,1730860260,1730862480,1,PROTECTED_STOP,1.0,-2.384568456730705,0.0,642218987.4601016
-1.0085133547550713,1730938200,1730938260,1730940600,1,SL,1.0,-1.0754259108930087,0.0,568577710.1302403
1.564222981215397,1730940900,1730941080,1730943420,1,PROTECTED_STOP,3.0,-1.4501367346116272,0.05186349348898747,12.71969672444596
1.408753875549813,1730943600,1730943660,1730948760,-1,PROTECTED_STOP,1.0,1.1749222646199948,0.0,503460956.0891224
0.08486755449321913,1731044100,1731045360,1731046260,-1,PROTECTED_STOP,21.0,1.2815009951700391,0.5222810312446291,0.762013728518223
0.08365640034363918,1731051600,1731051780,1731057660,-1,PROTECTED_STOP,3.0,1.1596562025909298,0.0,382731958.76295
-1.0144083736958338,1731071700,1731072780,1731073560,-1,SL,18.0,2.0707527362749087,0.6228173714844015,0.49130832492016985
0.08444514346379087,1731113400,1731113460,1731116340,-1,PROTECTED_STOP,1.0,1.0131958418083848,0.035426028532804445,13.568965134211592
-1.0159100158175904,1731118500,1731118860,1731120720,-1,SL,6.0,1.996766267497746,0.08084877786727525,4.689922422613696
-1.016324669172707,1731120900,1731121500,1731130800,-1,SL,10.0,1.8110233661921729,0.1617309984414431,4.321428544706491
0.0857206959342026,1731196800,1731197760,1731198540,1,PROTECTED_STOP,16.0,-2.5181511354500405,0.9713305953187779,0.36264367778752205
-1.0120769433995929,1731199800,1731200220,1731200940,1,SL,7.0,-1.9041150903819906,0.21440085975284592,4.296052611540793
1.4916230656034606,1731201000,1731201060,1731205200,1,PROTECTED_STOP,1.0,-3.417480951435001,0.0,393826357.75639135
-1.0046261182637808,1731283500,1731283860,1731289080,-1,SL,6.0,1.6805851759343622,0.03266223105505697,12.756613366045796
0.09294900909622066,1731295800,1731295860,1731299340,1,PROTECTED_STOP,1.0,-2.06788829580784,0.0,454487919.28817236
0.09255525405901648,1731303600,1731303900,1731307380,1,PROTECTED_STOP,5.0,-2.5608291596412114,0.05576809307828043,7.07920779385299
0.09650497597552037,1731369600,1731369780,1731372420,-1,PROTECTED_STOP,3.0,1.5208630853396883,0.213306909226427,2.120066693785112
0.09676936022487788,1731373500,1731373560,1731377100,-1,PROTECTED_STOP,1.0,1.6481172808007565,0.0,437088563.3233544
-1.0035588131300004,1731381000,1731382200,1731386520,-1,SL,20.0,1.4819540060616996,0.08252908341593546,4.595870150801678
-1.0049413295104677,1731477600,1731479400,1731482280,-1,SL,30.0,2.8826969216660374,0.6801529149410657,0.46910466513627264
-1.0054520470428212,1731482400,1731482460,1731496380,-1,SL,1.0,2.58797730679403,0.0,364398243.2813633
0.09067606057155547,1731496500,1731496920,1731497340,-1,PROTECTED_STOP,7.0,2.8386882636574753,0.8087897073892683,0.6271186432924476
0.09596191371705788,1731542400,1731543000,1731545460,-1,PROTECTED_STOP,10.0,1.466833181336937,0.13593928403518943,2.740118556918277
0.09393924639331337,1731581100,1731581280,1731585900,1,PROTECTED_STOP,3.0,-1.31598071828358,0.0,389863325.74033123
1.8930782443810608,1731595200,1731595260,1731596520,-1,PROTECTED_STOP,1.0,1.158543845472316,0.0,1273827011.1466076
0.09515501413178157,1731633300,1731633540,1731644040,1,PROTECTED_STOP,4.0,-1.051423940880494,0.03351533662745588,11.901477477414012
0.0928006334726957,1731663900,1731664500,1731668700,1,PROTECTED_STOP,10.0,-3.5603384696504756,0.404650841366893,1.0514046596851476
0.09235808487144223,1731672000,1731672180,1731674040,1,PROTECTED_STOP,3.0,-1.4389760262077185,0.3812297498998647,1.3422459857840783
0.09224411923724854,1731715200,1731715440,1731715680,1,PROTECTED_STOP,4.0,-1.7063310084293002,0.3995553206612016,1.0108556807394127
1.4325554741205153,1731753300,1731753540,1731757680,-1,PROTECTED_STOP,4.0,1.663793020805685,0.18993411562903575,3.3132183733603644
0.08454577434888882,1731757800,1731758820,1731759000,-1,PROTECTED_STOP,17.0,3.9589226104041337,1.4922668219367172,0.4260839874236061
1.414054962819242,1731804300,1731807000,1731807960,-1,PROTECTED_STOP,45.0,1.0132031299622908,0.915615906886456,0.5704449146313164
0.0875644512923641,1731808200,1731809040,1731810060,-1,PROTECTED_STOP,14.0,0.8910098184604766,0.8259207680227818,1.3656454026658862
-1.0083368294820312,1731817200,1731817260,1731819960,-1,SL,1.0,1.76527220653954,0.0,417877404.17877686
-1.0079318221128042,1731888000,1731888660,1731892680,-1,SL,11.0,1.7629584938507512,0.33591515954931694,1.456984999608767
0.09001689088192033,1731899100,1731901620,1731902880,1,PROTECTED_STOP,42.0,-1.2560563933857836,0.6278026905829575,0.5231578939034957
1.3557673111240154,1731911400,1731911460,1731912600,1,PROTECTED_STOP,1.0,-1.0525926115305377,0.0,584307975.5856135
-1.00709113983549,1731975600,1731975660,1731977520,-1,SL,1.0,1.1121099638514982,0.0,361927144.53584105
0.08939246356673769,1731991800,1731992340,1732003200,1,PROTECTED_STOP,9.0,-1.6732325494280513,0.2990918564835697,1.4645760694353969
1.5088990149456698,1732008600,1732008840,1732018560,1,PROTECTED_STOP,4.0,-1.1071046339785438,0.1494565217391302,3.2045454331041325
0.0933784964111151,1732060800,1732060980,1732066560,-1,PROTECTED_STOP,3.0,1.7103185449564724,0.03340054487524815,9.799999706591247
-1.0099135904393055,1732072500,1732072740,1732074300,-1,SL,4.0,1.274788945622336,0.2383061617309704,1.3651226100751723
-1.0099335214873428,1732074600,1732075200,1732080540,-1,SL,10.0,1.3925445477905447,0.0,442084808.1060421
-1.0100359088264992,1732149300,1732149660,1732154820,1,SL,6.0,-1.2880717663312635,0.20656830080911123,2.443932399843654
-1.0104886416936092,1732155000,1732155120,1732156080,1,SL,2.0,-2.299201704947326,0.08718387526144664,5.091602995034716
2.116298340868735,1732158900,1732159500,1732161900,1,PROTECTED_STOP,10.0,-1.7759893355414462,0.17892092836328297,7.386792411546015
1.8158167560406346,1732236300,1732238400,1732245660,1,PROTECTED_STOP,35.0,-1.0317303856184885,0.9253254263663382,0.39070951278172894
-1.008305850536371,1732248000,1732248900,1732260240,-1,SL,15.0,1.7572137133663284,0.3642296944018824,1.1843381810864955
0.09110246263122643,1732283400,1732283640,1732285920,-1,PROTECTED_STOP,4.0,1.012944586822152,0.6389962143386653,1.1145788781190016
0.08935200978919666,1732320000,1732320180,1732321080,-1,PROTECTED_STOP,3.0,1.4026975398515436,0.0,305451019.32445306
-1.0127503240020843,1732325100,1732325400,1732331880,-1,SL,5.0,1.428934464495081,0.0,458786936.2363933
0.08537752088164499,1732332000,1732333260,1732335660,-1,PROTECTED_STOP,21.0,1.4810871059805313,0.4708609902499211,0.8404154845230354
-1.0147378073175595,1732407600,1732408500,1732410420,-1,SL,15.0,1.3769498220208272,0.46660643995613676,0.9332042574384644
-1.0143835546208892,1732410600,1732411200,1732414320,-1,SL,10.0,2.583482320157916,0.9825794908816654,0.5290697669034443
-1.017055540229876,1732441200,1732441380,1732444740,1,SL,3.0,-1.195285427020114,0.05062441752095433,9.371133835509822
0.09056034267847754,1732493100,1732493160,1732496100,1,PROTECTED_STOP,1.0,-2.4854952071057976,0.0,544057186.5380393
0.09167393999292392,1732497600,1732500180,1732501980,1,PROTECTED_STOP,43.0,-1.3351230747633676,1.0479885793769899,0.35158924171830724
0.08978012200299607,1732507500,1732507620,1732513020,1,PROTECTED_STOP,2.0,-1.0814835255797581,0.0,443903202.0199578
-0.5304831248586586,1732581000,1732582440,1732604040,-1,TIME,24.0,1.8546956664199552,0.1426100583856391,3.139774837270917
0.09139554644048092,1732609200,1732609260,1732609860,-1,PROTECTED_STOP,1.0,1.022734970405711,0.11178368045877939,4.511221904779644
0.09483042253520468,1732635900,1732638000,1732640940,1,PROTECTED_STOP,35.0,-1.6620717632044117,1.0659486329743195,0.32224467558763764
0.09375218454950537,1732666200,1732667520,1732668420,-1,PROTECTED_STOP,22.0,0.8072362510302112,0.39756427211555395,1.1335721568212076
0.09221949939322323,1732674900,1732675740,1732681800,1,PROTECTED_STOP,14.0,-1.4255808462337203,0.24028407970013105,1.731452448384553
1.5092716535324242,1732683900,1732684500,1732692420,1,PROTECTED_STOP,10.0,-1.7411165107031132,0.3097884695147157,1.0159325178078302
0.09033893836478046,1732752000,1732752240,1732761900,1,PROTECTED_STOP,4.0,-1.6230051656677917,0.41056603773585165,0.7970588215881103
-1.0095747343886332,1732763100,1732763460,1732764480,1,SL,6.0,-2.1789541695866506,0.36484921281798205,0.9646090508540616
0.08898808768099911,1732785300,1732787760,1732789860,-1,PROTECTED_STOP,41.0,1.5811542127095668,0.814768895060499,0.39838091131335623
1.8975625886232077,1732838400,1732840560,1732846320,1,PROTECTED_STOP,36.0,-2.6499210883548487,0.9618026930475367,0.42839999955460967
0.0900198821351419,1732846500,1732848120,1732849320,1,PROTECTED_STOP,27.0,-2.4462591267020333,0.6833801694952956,0.6577515856194948
0.08840016838052764,1732856400,1732857420,1732858200,1,PROTECTED_STOP,17.0,-1.3603597113600239,0.24896265560166034,2.146376802973007
0.0830218920406217,1732928400,1732928460,1732928880,-1,PROTECTED_STOP,1.0,1.3055039875801802,0.0,308344589.52429813
-1.0165817016488299,1732929900,1732929960,1732931160,1,SL,1.0,-2.0871271622277723,0.0,413033905.76835227
-1.0155223286915558,1732931400,1732931940,1732939320,-1,SL,9.0,2.2729110195041176,0.5477043981800612,0.6264317169179848
1.7017485043840752,1733013300,1733013360,1733015280,-1,PROTECTED_STOP,1.0,2.0252052800553964,0.0,480259752.4822923
0.08416031170417204,1733017200,1733017860,1733019000,-1,PROTECTED_STOP,11.0,1.4183372482322272,0.4943843960145168,0.9441674955976369
0.08716482971192373,1733019900,1733020260,1733021160,-1,PROTECTED_STOP,6.0,1.8008633571693946,0.4043972402736567,1.0693756167809523
0.0877141639409392,1733097600,1733098320,1733100540,1,PROTECTED_STOP,12.0,-1.3467162516407207,0.4454356229557363,1.4944774817764013
-1.0105703019100487,1733103300,1733103540,1733106060,1,SL,4.0,-1.6948971313081156,0.35258780036968457,1.3862385281783993
1.9322295611776124,1733109600,1733110080,1733111880,-1,PROTECTED_STOP,8.0,1.1671353538189924,0.14997727617027734,2.6565656388525354
0.0890511510162853,1733184000,1733184060,1733192100,-1,PROTECTED_STOP,1.0,1.7734547119971813,0.0,417403660.06025666
-1.0117583243917556,1733193600,1733193660,1733208960,1,SL,1.0,-1.204223358664997,0.0,686974954.8559331
-1.016637612436592,1733209200,1733209260,1733210280,1,SL,1.0,-1.6235195333590993,0.3282837681914602,1.3476190435141429
-1.0124823915826895,1733271300,1733272320,1733272740,1,SL,17.0,-1.1222560059134215,0.6383120859544722,0.5213675205506856
1.5913479612430865,1733273100,1733273640,1733276160,1,PROTECTED_STOP,9.0,-1.360004660976312,0.32755266978984593,1.4999999954207541
0.08584515344880723,1733291100,1733291460,1733292240,1,PROTECTED_STOP,6.0,-1.4176804265903102,0.1843900292333065,2.0190930678092487
-1.0066580886103929,1733356800,1733357460,1733361180,1,SL,11.0,-1.2141065636994277,0.43417747105195464,0.7108938531112453
0.09198689409943528,1733361300,1733361360,1733363160,1,PROTECTED_STOP,1.0,-1.1563249429423967,0.0,755765839.6913216
1.6723763363820308,1733365800,1733365860,1733366040,1,PROTECTED_STOP,1.0,-1.0828798358950402,0.0,482888709.24280703
-1.0021924316168622,1733443200,1733443500,1733449740,-1,SL,5.0,1.3707536426896376,0.04190596709821869,8.720324995159402
0.09781792576588903,1733449800,1733450220,1733460840,-1,PROTECTED_STOP,7.0,1.4768369400327546,0.06748930459652706,5.009871594079719
0.09384770777408839,1733506800,1733506860,1733507160,1,PROTECTED_STOP,1.0,-1.564445267938647,0.0,870624769.7247323
0.08885901065157552,1733542500,1733542920,1733544240,-1,PROTECTED_STOP,7.0,1.278939958443988,0.15180884751942286,2.2411504277151084
0.08562354152508382,1733563800,1733563860,1733565480,-1,PROTECTED_STOP,1.0,1.5779931195827221,0.0,553963056.773983
-1.0147307681794628,1733597400,1733599800,1733602860,-1,SL,40.0,0.8944419817625767,0.4945280222032994,1.2392857117797431
0.0867611433007633,1733616600,1733617320,1733621580,1,PROTECTED_STOP,12.0,-1.0017048064011655,0.4684162690297733,0.7071307285413205
-1.0135509418675168,1733625000,1733625960,1733630220,1,SL,16.0,-2.177165807692044,0.5254202957261386,1.0084811083350984
-1.0161241140384247,1733630400,1733630820,1733634480,1,SL,7.0,-1.1894825038040127,0.21608369876729652,1.9261744877305305
0.09115339631984908,1733705100,1733705700,1733711640,-1,PROTECTED_STOP,10.0,2.006576258453537,0.76616252047698,0.5979812035355614
0.09265013369834352,1733714700,1733716080,1733716500,-1,PROTECTED_STOP,23.0,1.7189376965133762,0.5029286305468855,0.7997341587997541
0.09030708624122913,1733720400,1733721480,1733726880,-1,PROTECTED_STOP,18.0,1.539430513192415,0.322662877679813,1.011786034942126
0.09621709289617325,1733790900,1733793120,1733798700,-1,PROTECTED_STOP,37.0,1.0265696083467242,0.29504876530401514,1.1988971995600228
-1.0050526372431343,1733806200,1733808360,1733813880,-1,SL,36.0,1.077314015448727,0.4829209779940081,0.7712057182600598
0.09313284347076911,1733814000,1733814120,1733817660,-1,PROTECTED_STOP,2.0,1.5938329146963361,0.0,350312211.78996426
-1.0082231933140295,1733875200,1733875500,1733877240,1,SL,5.0,-1.7599345650752827,0.26689244551263913,1.8338108813812264
0.09188710759904938,1733877300,1733878380,1733880060,1,PROTECTED_STOP,18.0,-1.7474516095535024,0.8693800967020247,0.7844276574358983
0.09254276133467088,1733880600,1733880660,1733881440,1,PROTECTED_STOP,1.0,-1.2872494500981968,0.0,524010641.8357314
-1.011027729881695,1733961900,1733961960,1733964480,1,SL,1.0,-2.0527534634843994,0.0,360458867.7834567
-1.0125831438126962,1733964600,1733964780,1733968380,1,SL,3.0,-2.26534343799822,0.13335117056858473,5.716292091964069
3.079018978935829,1733968500,1733968680,1733972400,1,PROTECTED_STOP,3.0,-1.439267024673487,0.0,570970683.3190833
1.380836154714259,1734051000,1734051600,1734054840,-1,PROTECTED_STOP,10.0,1.1242247873220717,0.2930132348414794,1.1376050381344365
-1.0104810262907846,1734054900,1734055080,1734061740,-1,SL,3.0,1.8379083846663495,0.03484320557491276,11.427272399309745
-1.0117078092744427,1734061800,1734062520,1734066600,-1,SL,12.0,1.9826204297761298,0.06590806102410716,4.732620249049957
-1.0162978079236271,1734135600,1734135780,1734137580,1,SL,3.0,-1.0989977389043575,0.0,388996006.0597581
1.329480240249003,1734137700,1734137820,1734138060,1,PROTECTED_STOP,2.0,-1.5458566712283441,0.1680040852056901,1.9240121466029654
1.4736886955194062,1734138300,1734138960,1734139560,1,PROTECTED_STOP,11.0,-1.8030158078764342,1.8770322876116607,0.32109308266412495
-1.0170503653295113,1734228300,1734228420,1734233520,1,SL,2.0,-4.872015516241688,0.0,598710601.7191716
1.8716912898630804,1734233700,1734234300,1734236400,1,PROTECTED_STOP,10.0,-2.026225633101026,0.05162668872344929,10.037382983151272
-1.013658466371544,1734237300,1734237540,1734241920,1,SL,4.0,-2.585639613674197,0.3166642867342451,1.1199494914129737
0.09366909892136217,1734309300,1734309840,1734310440,-1,PROTECTED_STOP,9.0,3.4703220743498373,0.7466116676487975,0.8556329558561276
0.0947455498990815,1734311100,1734311460,1734318840,-1,PROTECTED_STOP,6.0,2.0461701288518834,0.25537752532020397,1.4647473503159194
0.08711810383748447,1734351000,1734351060,1734352380,-1,PROTECTED_STOP,1.0,1.1103731058330295,0.0,323091222.9451396
0.0889959067061501,1734393600,1734393900,1734394380,-1,PROTECTED_STOP,5.0,1.6425572049260977,0.061399407822961244,5.538070975792757
-1.0104046716615116,1734399600,1734400200,1734406980,-1,SL,10.0,2.2483299458052053,0.21507271925957677,1.7937158386546028
0.08831421357099187,1734407100,1734407520,1734414540,-1,PROTECTED_STOP,7.0,1.107288445120748,0.17138836772986937,2.601532551869839
0.0913733317037483,1734480000,1734481860,1734482580,-1,PROTECTED_STOP,31.0,2.001444324823386,0.8675140552432012,0.6339814024813804
1.5467977152880985,1734483900,1734485940,1734486960,-1,PROTECTED_STOP,34.0,1.3531813199160778,0.2334538645315485,2.8867376449433544
0.09333804296634096,1734487200,1734487260,1734491520,-1,PROTECTED_STOP,1.0,2.1581023441124354,0.0,468074122.3779846
0.09510190847270344,1734567300,1734568800,1734572760,-1,PROTECTED_STOP,25.0,1.3386967974658708,0.30871922365796706,1.4353386973875757
0.09519659067361039,1734579300,1734579600,1734584820,-1,PROTECTED_STOP,5.0,1.4701366052820883,0.11185960478176595,3.005102013950937
1.4021964616345222,1734603300,1734603360,1734605700,1,PROTECTED_STOP,1.0,-1.1722407528976933,0.0,504515249.6166569
0.09579093947891885,1734652800,1734653820,1734654840,-1,PROTECTED_STOP,17.0,1.2375654169774608,0.4694051885828973,1.0340625843381703
-1.004828856697352,1734659700,1734660000,1734661020,-1,SL,5.0,1.5374825778003194,0.16915648106232956,2.799286334923149
-1.0045125840865154,1734661200,1734661320,1734663420,-1,SL,2.0,2.2891731588169573,0.07477103749574557,4.795497121605178
0.08692945473368507,1734753000,1734753480,1734754140,1,PROTECTED_STOP,8.0,-0.9677201732870834,0.4126883699528325,0.8585365832855029
0.08338808967996854,1734758100,1734758160,1734759180,-1,PROTECTED_STOP,1.0,2.319434503325421,0.0,548949518.5293247
-1.0155396269448707,1734760500,1734762240,1734763620,-1,SL,29.0,2.7472186892331885,1.7636339001422323,0.39392309738353093
0.09070877171402632,1734825600,1734825720,1734832380,-1,PROTECTED_STOP,2.0,1.34707929190693,0.10963959161916481,3.8193716929135126
-1.0099942970303033,1734835200,1734836220,1734837660,-1,SL,17.0,0.8663307614427908,0.26037995167473943,1.8414779428682604
0.09085918469714824,1734843300,1734843420,1734852840,1,PROTECTED_STOP,2.0,-2.228260946814626,0.0,635431918.0087776
0.09317963335708106,1734915000,1734915060,1734916200,-1,PROTECTED_STOP,1.0,1.370992230697722,0.0,673056080.2650723
0.09361767875009895,1734918000,1734918180,1734922620,-1,PROTECTED_STOP,3.0,1.6197104307736925,0.10687485569151414,4.402646461641504
-1.0059730099269553,1734930900,1734931440,1734935760,1,SL,9.0,-1.2861431176827287,0.38452893800337506,0.9347296614755932
-1.006454032195201,1734999300,1734999420,1735006320,1,SL,2.0,-1.2670144400499677,0.07960126286247667,4.853470376046517
0.09207970661323477,1735006500,1735007640,1735008840,1,PROTECTED_STOP,19.0,-1.167855094663345,0.9383201862849251,0.4392674382606778
-1.012624578970444,1735027500,1735027560,1735031460,1,SL,1.0,-1.206705821741235,0.0,622418035.131921
-1.0088801047826412,1735084800,1735087500,1735089180,1,SL,45.0,-1.6829052555311617,0.44359265751102617,1.0182370797714366
-1.0102394898954978,1735090800,1735090980,1735092720,1,SL,3.0,-1.713602230048776,0.1539252273793739,2.8048780305583123
0.08892537583361773,1735092900,1735092960,1735094580,1,PROTECTED_STOP,1.0,-1.3177503655738427,0.0,489318413.0213758
0.09112389509099907,1735171200,1735171260,1735172460,1,PROTECTED_STOP,1.0,-1.1384058529245829,0.0,391803027.9859541
0.09188551956316718,1735177800,1735178400,1735178520,-1,PROTECTED_STOP,10.0,1.4507433897718174,0.48232540953319947,0.9295199163567858
0.09099617780925971,1735187700,1735189920,1735199280,-1,PROTECTED_STOP,37.0,1.1476926689919065,0.7073545036005287,0.7920560736465794
0.09003263326265873,1735258200,1735258260,1735259100,-1,PROTECTED_STOP,1.0,1.0534415080923993,0.0,541814529.6283733
-1.0091924575104665,1735265700,1735266000,1735267740,1,SL,5.0,-1.283550974033848,0.16428834280572424,2.106271764183017
0.0903571787906372,1735267800,1735267980,1735283820,1,PROTECTED_STOP,3.0,-2.4689012469690623,0.22336251131904702,1.4283783719834504
0.08816330681288723,1735345200,1735345260,1735349760,-1,PROTECTED_STOP,1.0,1.508303997757687,0.0,318729168.9065587
0.07841250691933216,1735383000,1735385400,1735387020,1,PROTECTED_STOP,40.0,-1.8882681657481704,0.7945687213050634,0.6351118752764561
0.07875976397777025,1735390500,1735391220,1735391820,1,PROTECTED_STOP,12.0,-1.8026932748175193,0.5656837750733577,0.8785714270183492
0.08629476412327619,1735430400,1735430580,1735432260,-1,PROTECTED_STOP,3.0,1.5516763316654623,0.0,325259942.6120925
0.07565284704678032,1735452600,1735452720,1735473300,1,PROTECTED_STOP,2.0,-1.205371898865929,0.1022739756124567,3.1503759090451977
1.350802244313887,1735479000,1735479240,1735481220,1,PROTECTED_STOP,4.0,-1.2156697613178271,0.9347040216900934,0.36548223311146355
0.09111793035149934,1735516800,1735516860,1735521360,-1,PROTECTED_STOP,1.0,1.3296547862221104,0.0,597126694.0702641
0.09066827788553682,1735522500,1735522980,1735523640,-1,PROTECTED_STOP,8.0,3.7970216860832857,0.9213784872445279,0.5446891185798023
-1.009524534627789,1735534200,1735534560,1735539360,-1,SL,6.0,1.0470337652902821,0.08816198014602565,4.097222175750079
0.09418021355316596,1735603200,1735604580,1735609740,-1,PROTECTED_STOP,23.0,1.405333420734739,0.21895037448136792,1.6976744108511341
0.08840745646309499,1735633800,1735633860,1735633980,1,PROTECTED_STOP,1.0,-4.057811663935495,0.0,2262693156.732876
1.3513930701023915,1735635600,1735636200,1735648500,1,PROTECTED_STOP,10.0,-3.373349005043262,0.29449143257811455,2.018749993144992
-1.0108241107307718,1735689900,1735690200,1735691520,-1,SL,5.0,1.975807822145384,0.05209108498288424,9.466666484933718
0.08807199644076259,1735692600,1735694580,1735699020,-1,PROTECTED_STOP,33.0,2.24988949926238,1.8971998256700746,0.23276381897279513
0.08022717304170865,1735722900,1735725060,1735726200,1,PROTECTED_STOP,36.0,-1.5907524644905242,3.1806343300512414,0.17116037542051785
1.6473921744891462,1735776000,1735777380,1735778880,1,PROTECTED_STOP,23.0,-1.861261618416305,0.9567344442745758,0.31722595045146523
-1.0106071167651427,1735779000,1735779960,1735781040,1,SL,16.0,-1.578806690302793,0.8998475319230121,0.38065233463997605
0.09029988834644519,1735781700,1735781820,1735784100,1,PROTECTED_STOP,2.0,-1.4708880566651779,0.0,525034481.2487778
0.08468495900577189,1735870500,1735872720,1735875300,-1,PROTECTED_STOP,37.0,1.5097951357566282,1.221098217004447,0.2633824668129857
0.08268433790478982,1735883700,1735885320,1735887000,-1,PROTECTED_STOP,27.0,1.4486002445445934,0.8804118166801728,0.8118509459317815
0.0827776500344927,1735891500,1735892940,1735893060,-1,PROTECTED_STOP,24.0,4.446769840145025,0.7135740016862209,0.4812030068444409
-1.0203850711743856,1735948800,1735948860,1735950900,1,SL,1.0,-1.1116948784196772,0.0,518772241.9929006
0.07906428527811847,1735951200,1735951320,1735955100,1,PROTECTED_STOP,2.0,-1.478029574384068,0.13015204249864443,2.940886676911046
0.08128333606157584,1735962000,1735963200,1735963560,-1,PROTECTED_STOP,20.0,1.4400088962077848,0.4491733507939676,2.311224484650117
-1.0209027370211776,1736035800,1736036100,1736040960,1,SL,5.0,-1.2435536871269666,0.0,539050396.4275935
0.07673425827109735,1736041200,1736041260,1736043900,1,PROTECTED_STOP,1.0,-1.504096551662578,0.010672358591248682,35.79999664553838
0.07247083733204875,1736053800,1736054700,1736055120,1,PROTECTED_STOP,15.0,-1.313465677277004,0.6289587332053265,0.664886514296773
0.08341725413874951,1736122200,1736123040,1736123160,1,PROTECTED_STOP,14.0,-2.4077531092827718,1.306350464931857,0.2877558900848689
-1.0136753653444632,1736125200,1736125380,1736126460,1,SL,3.0,-2.0199144850727553,0.105636743215043,4.877470309558334
1.4216675715743352,1736126700,1736127000,1736128620,1,PROTECTED_STOP,5.0,-2.0029149931188543,0.0,564027031.7102722
0.08599496309330441,1736208000,1736209680,1736210220,1,PROTECTED_STOP,28.0,-1.4809517184294365,1.1912010558732644,0.6480523951815986
0.08796119564209137,1736210700,1736211660,1736212560,-1,PROTECTED_STOP,16.0,2.3674411207758004,0.6029013392744336,0.7166372710041214
-1.0126802926480982,1736220300,1736221620,1736233380,-1,SL,22.0,2.576381738704153,0.6400428265524735,0.5199063223727207
0.09122879488274095,1736294400,1736294580,1736301300,-1,PROTECTED_STOP,3.0,1.5345541809590793,0.0,408421706.8717626
0.08969072107838408,1736318400,1736318460,1736318580,1,PROTECTED_STOP,1.0,-4.229310441295842,0.0,356753762.34879524
0.09016089212762265,1736319300,1736319900,1736320560,1,PROTECTED_STOP,10.0,-3.57853330144341,0.3604725626587361,1.334476840208644
2.5504270675095086,1736385600,1736387100,1736388480,-1,PROTECTED_STOP,25.0,2.400602681324446,0.7261723918263252,0.4888993852502281
0.08787021201872143,1736388600,1736388660,1736388780,-1,PROTECTED_STOP,1.0,1.478790136797484,0.0,916486441.5239015
0.09100491921249601,1736390100,1736390400,1736390760,1,PROTECTED_STOP,5.0,-1.1768019288386,0.11006109979635127,8.373056918740872
-1.0075010960222095,1736468100,1736468700,1736473320,-1,SL,10.0,1.2123657180702458,0.3335014171202053,1.381751820674373
-1.0089831858468352,1736473500,1736473620,1736476080,-1,SL,2.0,1.3402360411133598,0.0,519926222.2038326
-1.0097621960784282,1736476200,1736476740,1736482260,-1,SL,9.0,1.6766214691890096,0.5753725490195878,0.6837513619523826
0.08471627025402842,1736555100,1736555340,1736555880,1,PROTECTED_STOP,4.0,-1.1791505257545778,0.09756604951115745,6.064676554753675
0.08410627091308798,1736562000,1736563020,1736564400,1,PROTECTED_STOP,17.0,-3.0444489613035954,0.6020798728966071,0.7607052884091864
-1.0149452499150013,1736566200,1736566440,1736569920,1,SL,4.0,-1.9887580948875256,0.0,323699421.9653179
0.08205622254756328,1736640300,1736640420,1736642460,-1,PROTECTED_STOP,2.0,1.4607420833509919,0.11387668781519562,3.229999971636277
0.06897693030690692,1736666100,1736666160,1736667840,1,PROTECTED_STOP,1.0,-1.6472601543124408,0.0,343437191.59738034
-1.0279741780749296,1736671800,1736672340,1736674140,1,SL,9.0,-1.6694838870648165,0.3137854186564587,1.3068181776536023
-1.0128956807649336,1736726400,1736726700,1736727960,-1,SL,5.0,1.2911571089270433,0.36838870188793116,0.9977753031868251
0.08933993591945763,1736756700,1736756760,1736757480,1,PROTECTED_STOP,1.0,-1.7700884582217273,0.0,587366975.6265223
1.642769568272519,1736762400,1736762580,1736764500,-1,PROTECTED_STOP,3.0,2.171235940796642,0.01868219003232107,24.31883927796735
0.09300605600218907,1736812800,1736813880,1736817360,1,PROTECTED_STOP,18.0,-1.8609256118085415,0.35582705577009566,1.5236612659545117
-1.0132837183390169,1736831100,1736831220,1736833680,1,SL,2.0,-1.7115796731707749,0.0,841103086.0144595
0.08633084544863812,1736834700,1736836740,1736839260,1,PROTECTED_STOP,34.0,-1.6733510549890336,0.4088032842547405,0.9471458750614103
0.08953993062764289,1736905500,1736905740,1736905860,-1,PROTECTED_STOP,4.0,1.7715760879211868,0.3963452619920978,0.8443357761908722
0.0908230870159332,1736908500,1736908680,1736911080,1,PROTECTED_STOP,3.0,-2.682787970465049,0.2562188045286601,1.4379157371817437
-1.008930131575516,1736913600,1736913660,1736917620,1,SL,1.0,-2.6400463750014387,0.0,848426587.1459085
-1.0114473720490882,1736985600,1736985660,1736985780,1,SL,1.0,-1.8367957104245063,0.0,1328370191.9567811
-1.0111809514715946,1736986500,1736987040,1736987760,1,SL,9.0,-1.4832312947370023,0.7839973265223469,0.6538789420474274
0.08915926675820107,1736988000,1736988660,1736989920,1,PROTECTED_STOP,11.0,-1.8557368560832876,0.3606786287788757,1.4525745217179844
2.4679675017161213,1737072600,1737072720,1737078120,1,PROTECTED_STOP,2.0,-1.2881307906602264,0.012672837131412812,43.249996587189116
0.09094451294385057,1737078900,1737078960,1737081180,1,PROTECTED_STOP,1.0,-1.0513314890638934,0.0,698757467.6006314
0.09166293968073663,1737082200,1737082920,1737093540,1,PROTECTED_STOP,12.0,-1.7548960866198606,0.6321161180957677,0.7520531861391822
0.08879417056549423,1737159000,1737160140,1737170880,-1,PROTECTED_STOP,19.0,2.1126980592951363,0.4920601995897584,0.8419672114036099
-1.011528802558091,1737171900,1737171960,1737173940,1,SL,1.0,-2.0206202736469376,0.0,938767718.2265153
-1.011344608062569,1737174000,1737174060,1737174300,1,SL,1.0,-1.324770772792131,0.0,568998421.4122486
-1.0153882151161966,1737245100,1737245280,1737248220,1,SL,3.0,-1.3852258769817523,0.016793459389513824,26.07894581547982
2.945921731487632,1737248400,1737248460,1737253740,1,PROTECTED_STOP,1.0,-1.0982027763024902,0.0,327840035.1571372
0.0902986626652043,1737267300,1737268140,1737270240,1,PROTECTED_STOP,14.0,-2.221337137997592,0.31815668930660346,1.8627280566994049
0.09739151777797393,1737331200,1737331260,1737333780,-1,PROTECTED_STOP,1.0,2.8111172633750057,0.0,429974286.22095954
-1.0029293578566585,1737340500,1737340680,1737355200,-1,SL,3.0,1.481349677760887,0.1069368263232934,3.7237479457918643
0.09411622017240757,1737356100,1737356460,1737356580,1,PROTECTED_STOP,6.0,-4.609709346224558,2.2272357629127044,1.2636921273718673
0.09535312036847195,1737417600,1737417780,1737420780,-1,PROTECTED_STOP,3.0,3.015836277198342,0.42342157466311015,1.1954765722977911
0.09685460357916614,1737429600,1737432300,1737435000,-1,PROTECTED_STOP,45.0,1.467524305630263,0.31635716303298195,0.9558139504670253
0.09177445276449751,1737460200,1737461700,1737462120,1,PROTECTED_STOP,25.0,-3.322939569574022,0.6836598434779869,2.154378674591835
0.09049621060207585,1737515400,1737518040,1737521940,-1,PROTECTED_STOP,44.0,1.2158161665111162,0.42407064630574126,0.8204964971103158
0.08827350770653697,1737531300,1737531660,1737533520,-1,PROTECTED_STOP,6.0,1.6070941710726825,0.21120833931049593,2.0729001486639795
-1.0116186716762088,1737534600,1737535020,1737535560,-1,SL,7.0,2.0295155320987286,0.5056951941597743,0.8551678719098922
0.09066603567058505,1737590400,1737590580,1737592380,-1,PROTECTED_STOP,3.0,1.4911974206566532,0.21336681475760463,1.6666666588552081
0.09043764407330981,1737594600,1737596940,1737597060,-1,PROTECTED_STOP,39.0,1.800314669938785,1.3760886461924713,0.9801297640890337
-1.007951392984279,1737598200,1737598500,1737601680,-1,SL,5.0,2.9568708219586717,0.4895463707997958,0.8194378258630733
0.09262952184620428,1737696000,1737697800,1737698520,1,PROTECTED_STOP,30.0,-2.506844246925859,0.3389560166724526,1.2504661243405768
-1.0110336458916107,1737708900,1737710400,1737711600,1,SL,25.0,-1.6114086813018405,0.4392525455969488,1.288159768822087
0.08839205685158719,1737712200,1737713520,1737717000,1,PROTECTED_STOP,22.0,-1.372057208110096,0.3709376255642737,1.5084745722047026
0.09090101284845403,1737763200,1737763260,1737764220,-1,PROTECTED_STOP,1.0,1.4740624101442363,0.0,517726400.50673497
1.7225141106003794,1737777600,1737777660,1737781980,-1,PROTECTED_STOP,1.0,2.0823592169653313,0.0,378604262.43205905
0.08499901984956991,1737782100,1737784500,1737794520,-1,PROTECTED_STOP,40.0,1.6524763236388795,0.882875107878154,1.4780058634286624
-1.0215473710492176,1737849600,1737849660,1737851400,1,SL,1.0,-1.4046233775874821,0.0,645840676.7712176
0.0780048329651316,1737851700,1737852900,1737853320,-1,PROTECTED_STOP,20.0,1.6874375615820292,0.5888823768089056,0.7127545539880228
0.07834486224430301,1737855300,1737855420,1737856380,-1,PROTECTED_STOP,2.0,2.330436683328891,0.0,423997871.5856872
-1.0091760894899167,1737936000,1737936060,1737936300,-1,SL,1.0,3.4370381085534167,0.0,632256329.4786755
1.633358731927228,1737936600,1737936720,1737938880,-1,PROTECTED_STOP,2.0,2.5031556160711683,0.054324023204879154,9.376237451165075
0.09250505117338796,1737939000,1737939060,1737939720,-1,PROTECTED_STOP,1.0,2.340410719065294,0.0,810088693.5425516
-1.0063148818389114,1738022700,1738022760,1738025520,1,SL,1.0,-1.5842549701396695,0.09798210119807023,4.124293743219095
1.7724834732210977,1738026600,1738026900,1738039320,1,PROTECTED_STOP,5.0,-1.781718186785458,0.0,586422192.3654469
-1.0090528313241682,1738039800,1738042440,1738046520,1,SL,44.0,-2.102715822868723,0.6745528745791975,0.5468384066835061
0.08552149871430897,1738126800,1738127160,1738127580,1,PROTECTED_STOP,6.0,-1.3386881308818455,0.09736985968533012,9.908296841474323
0.08380830004739129,1738131600,1738131780,1738133100,1,PROTECTED_STOP,3.0,-1.2186590179655894,0.2189425225103107,3.103896089719726
0.08424653662596537,1738137600,1738137720,1738137960,1,PROTECTED_STOP,2.0,-2.167804001984441,0.11677393931430353,3.716535401245308
1.6399983492251113,1738195500,1738198020,1738209360,1,PROTECTED_STOP,42.0,-0.7768923346626748,0.9220193658067874,0.44309764261705703
0.08979764960375594,1738209900,1738210860,1738215540,1,PROTECTED_STOP,16.0,-2.3481235133977476,0.3165338935457601,1.612695487085524
0.08694924681758671,1738281300,1738281960,1738283040,-1,PROTECTED_STOP,11.0,3.030694832075188,0.20877094524173334,2.179211459095491
0.08535456831515446,1738284600,1738284960,1738285260,-1,PROTECTED_STOP,6.0,2.734501057880545,0.260687342833183,1.7475884177335623
-1.0150714450699978,1738286700,1738286820,1738288980,-1,SL,2.0,1.9548664212562483,0.0900822867041512,5.31730763328372
1.4013227571475426,1738289100,1738289760,1738293780,-1,PROTECTED_STOP,11.0,2.023975912906419,0.3630737211085463,1.7434002063915766
0.09010027588209032,1738368000,1738368120,1738383060,-1,PROTECTED_STOP,2.0,1.2375055071308776,0.0,321475243.21184134
0.0818486263701294,1738403700,1738403760,1738407060,1,PROTECTED_STOP,1.0,-2.5806433112987235,0.0,546108793.0176215
-1.0162419863583267,1738408800,1738408860,1738413480,-1,SL,1.0,3.1597858220712483,0.0,476821644.51889503
-1.0094429117076478,1738454400,1738454520,1738456020,-1,SL,2.0,2.1510982798615834,0.0,424874640.0306418
0.09018752876910771,1738457100,1738457580,1738463220,-1,PROTECTED_STOP,8.0,2.6013229136395855,0.11675401380914166,2.8902742894600655
0.0906642242218092,1738467600,1738467660,1738468920,-1,PROTECTED_STOP,1.0,1.0588112205162037,0.0,412867121.6055686
-1.004286592107697,1738542000,1738542180,1738542360,-1,SL,3.0,1.112804625348764,0.14294711529286036,3.6102803485757464
1.346705005030545,1738545600,1738545840,1738547400,-1,PROTECTED_STOP,4.0,1.9624992309093554,0.20880273207782493,2.277434668427778
0.09717815472635803,1738547700,1738547760,1738547940,1,PROTECTED_STOP,1.0,-4.495437743568263,0.726974111292873,0.8126015740791193
-1.0071977377079104,1738627200,1738627260,1738631580,1,SL,1.0,-1.379703024504748,0.0,344817100.98215127
0.09158475223574222,1738631700,1738631820,1738637640,1,PROTECTED_STOP,2.0,-1.6705015644855081,0.0,536007292.6162205
-1.009604078399246,1738642200,1738642680,1738645320,1,SL,8.0,-1.5755636790011953,0.6063511575496676,0.6385998097320741
-1.0048659468072243,1738713900,1738714680,1738717380,-1,SL,13.0,1.338485009083891,0.23960222786538013,1.6278054794906018
1.5486816316087297,1738717500,1738717920,1738722420,-1,PROTECTED_STOP,7.0,1.1835823438079476,0.3423738856419351,1.1029735650604602
0.092763084665479,1738724100,1738724640,1738737600,-1,PROTECTED_STOP,9.0,0.9701388916755286,0.27664298401422227,1.5650080200249699
-1.006660092093268,1738800300,1738800540,1738807980,-1,SL,4.0,2.115033804984997,0.0,467045874.2705259
0.09149430446193207,1738808100,1738808220,1738812480,-1,PROTECTED_STOP,2.0,1.5193067772604396,0.0,414173228.3464643
1.5122321848775806,1738821900,1738822140,1738824000,1,PROTECTED_STOP,4.0,-1.3279785893137561,0.2225538541396329,1.8897959098760562
0.0922097172289928,1738886700,1738888500,1738889760,-1,PROTECTED_STOP,30.0,1.8755994148615398,0.437500000000011,1.162610616811596
0.09024200789961034,1738893300,1738893420,1738893660,-1,PROTECTED_STOP,2.0,1.5807240084396303,0.0,542372881.355945
-1.008253018104981,1738894500,1738894560,1738897860,-1,SL,1.0,1.2084149605418595,0.0,315689774.50731313
-1.009583573149164,1738972800,1738972980,1738984320,-1,SL,3.0,1.9521625147550712,0.0,446760887.6382859
-1.0177770115854778,1738998000,1738998060,1738998960,1,SL,1.0,-1.0105578136367275,0.12997936835419596,3.9444444140988533
0.08426607291044386,1739001300,1739001540,1739003340,-1,PROTECTED_STOP,4.0,2.584176531132849,0.06136260037168153,5.0399999178652815
0.07831985743870477,1739059200,1739059380,1739062680,1,PROTECTED_STOP,3.0,-1.5722432260451735,0.28252179357506596,1.1384248169733109
0.0792695372750474,1739063700,1739064300,1739067120,1,PROTECTED_STOP,10.0,-1.5237809242408742,0.6137532133675945,1.4931937148445062
0.08540808061298573,1739073000,1739073120,1739075940,-1,PROTECTED_STOP,2.0,2.1043247126250844,0.1600025754941746,2.087323930616571
1.5112221182082581,1739146800,1739147340,1739152140,-1,PROTECTED_STOP,9.0,1.003763353030918,0.15591332768430502,2.690821238780145
-1.0073811981637888,1739155800,1739155860,1739158020,-1,SL,1.0,1.2121387405538153,0.0,381437333.6419465
0.09298423770605271,1739159400,1739160720,1739164620,1,PROTECTED_STOP,22.0,-2.210583049906545,0.417939611990758,0.8774025953032902
-1.0176983482958109,1739232900,1739232960,1739234220,-1,SL,1.0,1.293944510184936,0.21763631417356447,2.439999988788781
-1.0174150260188104,1739234400,1739234820,1739237100,-1,SL,7.0,1.6127705653533233,1.1024084888736332,0.6626272412796602
0.08704738350029358,1739241300,1739241420,1739243040,1,PROTECTED_STOP,2.0,-2.5224404554593196,0.0637522768670306,6.874999892160716
0.09143433557047033,1739318700,1739319480,1739330700,-1,PROTECTED_STOP,13.0,1.1713210477789109,0.24053691275169484,1.5647321363518445
0.08376768647283885,1739348100,1739349120,1739350500,1,PROTECTED_STOP,17.0,-2.477112804819478,0.5992414664981036,0.8810126567577088
0.08225326105595909,1739352300,1739352480,1739361060,1,PROTECTED_STOP,3.0,-3.81323993643259,0.011079017132908625,28.999997382439528
0.0907267121988358,1739405100,1739406720,1739412120,1,PROTECTED_STOP,27.0,-1.79962586611587,0.46129766647696535,0.7211597763514771
0.08567401106807346,1739415300,1739415360,1739416740,1,PROTECTED_STOP,1.0,-1.2585963719998592,0.0,425605645.3391315
0.08480995289365904,1739422800,1739422860,1739423580,-1,PROTECTED_STOP,1.0,1.4914191569556075,0.0,826244952.8936508
0.08394191233261926,1739496900,1739497920,1739500620,1,PROTECTED_STOP,17.0,-1.7514617478489765,0.6118418707446966,0.8058727556158567
-1.0138727246758206,1739505000,1739505180,1739508060,1,SL,3.0,-1.5435283589505269,0.2635203378936711,1.2682926781139459
0.08567825223228175,1739508600,1739510340,1739520360,1,PROTECTED_STOP,29.0,-1.7182476059001806,0.12959264542715282,3.5445205205943116
0.09011589277165585,1739577600,1739577720,1739579880,-1,PROTECTED_STOP,2.0,1.225682347855196,0.0,326559032.1598323
0.0824442323726168,1739585700,1739585880,1739587560,-1,PROTECTED_STOP,3.0,1.0125887354960257,0.0,450917766.5755778
-1.021359331363098,1739595300,1739597760,1739603760,1,SL,41.0,-0.8899586525545901,0.6863067035699264,0.4918660279913929
0.059702087398692955,1739689500,1739689740,1739690700,-1,PROTECTED_STOP,4.0,2.253335266024981,0.029803086748379316,18.91666603187372
0.06506913180798166,1739692800,1739694360,1739695620,-1,PROTECTED_STOP,26.0,3.0463328301731454,0.9318234342501687,0.6863425918558299
0.07287849044573227,1739699100,1739700960,1739704680,-1,PROTECTED_STOP,31.0,1.9457147728941084,0.7791260685038472,0.4403866804229256
0.08634395829529255,1739751000,1739751120,1739755620,-1,PROTECTED_STOP,2.0,3.288024121765872,0.0,351001034.5037186
0.08841070425438395,1739757300,1739758260,1739772300,-1,PROTECTED_STOP,16.0,1.4590202860508785,0.5158863091710262,0.6195804183793567
-1.0148957049361949,1739777700,1739778060,1739782200,-1,SL,6.0,1.1157840231725895,0.34662229617302115,1.653225801682211
1.7010796061396212,1739838300,1739838780,1739844240,1,PROTECTED_STOP,8.0,-1.165709301465098,0.24132059079057802,2.1391128943621047
-1.0147662163198605,1739844300,1739844480,1739854380,1,SL,3.0,-1.3690563434336966,0.22596232865457638,1.7352342082063745
-1.0192965923118926,1739854500,1739854560,1739856000,1,SL,1.0,-1.8496378220237466,0.0,466023598.31196666
-1.0079910393816212,1739923500,1739923740,1739927700,1,SL,4.0,-1.5302205719410866,0.1167313782676165,2.98497851520187
1.5259450115400932,1739928000,1739928540,1739933640,1,PROTECTED_STOP,9.0,-2.068090726024756,0.16853755770035683,2.154684083076437
-1.0136661385855827,1739934600,1739936820,1739940000,1,SL,37.0,-1.5020590499902118,0.5733247698565322,0.6579536956411096
0.08434204298085297,1740010200,1740012420,1740015360,1,PROTECTED_STOP,37.0,-1.256385505298419,0.7435737112685551,0.47612818771811727
0.08368887046580617,1740017700,1740019740,1740021540,1,PROTECTED_STOP,34.0,-1.7637965711345047,1.0400461377644306,0.5060650164955037
-1.0162833709934114,1740025500,1740026040,1740029340,1,SL,9.0,-1.8395066663547575,0.12754205372831665,4.921259803935423
-1.0163521190314966,1740097500,1740097920,1740099000,1,SL,7.0,-1.0726164588976952,0.13964589790174742,2.749999980307334
0.08330879199603371,1740099300,1740099480,1740103260,1,PROTECTED_STOP,3.0,-1.7241785951287654,0.0,450806833.49728906
-1.0306472687626713,1740121800,1740121860,1740122580,-1,SL,1.0,1.0342281108642455,0.0,542019891.8630296
0.09006506510504601,1740182400,1740182460,1740184560,-1,PROTECTED_STOP,1.0,1.30653661079395,0.0006211042346360986,889.4985678237332
-0.3361658562910127,1740187800,1740189360,1740210960,-1,TIME,26.0,1.1085728277256501,0.36302351504855834,1.6233367406664245
0.07452997737557063,1740218100,1740218880,1740225180,1,PROTECTED_STOP,13.0,-1.2560351190583963,0.3983031674208408,1.3101391617204472
0.05727551207777077,1740274800,1740275100,1740275220,1,PROTECTED_STOP,5.0,-1.7376146481336832,0.14493304207419447,2.788990806445723
0.0635655174274771,1740281100,1740281700,1740282360,-1,PROTECTED_STOP,10.0,2.3843371440017185,0.27759792813208684,1.1224489755484024
0.06687921516624407,1740283200,1740283380,1740288600,-1,PROTECTED_STOP,3.0,2.904480978505359,0.0,358921467.5114581
-1.0185186221506946,1740355200,1740355380,1740355800,-1,SL,3.0,2.2676150475997487,0.3379967809830354,1.2871794833710286
0.08307981634111687,1740356100,1740356160,1740357900,-1,PROTECTED_STOP,1.0,2.2072382442811085,0.0,494223025.10256964
-1.0111868091623422,1740363900,1740364560,1740367500,1,SL,11.0,-1.3498842151019215,0.05033959248899316,10.604166456018143
0.09480874230324225,1740441600,1740442200,1740442500,-1,PROTECTED_STOP,10.0,2.9385796899383974,0.7176248247271729,0.7480970493857114
0.09520770236548083,1740442800,1740443340,1740445980,-1,PROTECTED_STOP,9.0,3.1098965087550146,0.35804904290132616,1.1546888661878643
0.09589123759977132,1740447900,1740448080,1740450300,-1,PROTECTED_STOP,3.0,2.1710341275872453,0.0,368850891.2860535
0.09324736317107384,1740529200,1740529500,1740535320,1,PROTECTED_STOP,5.0,-2.5872832789966824,0.1263715598580545,3.8224637378683273
-1.0097928868157153,1740541500,1740543900,1740546060,1,SL,40.0,-1.4051485264453574,0.3911701651470948,0.9873524426699513
0.09045372533659658,1740546300,1740546420,1740555120,1,PROTECTED_STOP,2.0,-1.7840533424605947,0.0,362894864.1736372
0.09391354965645303,1740627000,1740627180,1740627840,1,PROTECTED_STOP,3.0,-1.1629993431726962,0.0,348832562.21468514
1.5863033943187268,1740633000,1740633120,1740638520,1,PROTECTED_STOP,2.0,-2.2989591069289332,0.02311025517574828,15.10416601308766
0.09296173141135985,1740639000,1740640800,1740655920,1,PROTECTED_STOP,30.0,-2.4303618015263626,0.5382360127046277,0.6409441658540934
1.839570265703114,1740700800,1740701580,1740706140,-1,PROTECTED_STOP,13.0,1.509788858632318,0.41095890410959107,0.8146981607472875
-1.006930958534389,1740706800,1740706980,1740707160,-1,SL,3.0,1.2209659754630628,0.5819522509985385,1.0913043459508398
1.3468254288669341,1740708000,1740709860,1740710700,-1,PROTECTED_STOP,31.0,1.8315573537042054,2.076607582296087,0.5502123905341143
-1.0079028594738393,1740787200,1740787980,1740790320,1,SL,13.0,-1.6961858572355044,0.26036191469730074,1.2427184418287118
1.586587775788711,1740790500,1740790920,1740794280,1,PROTECTED_STOP,7.0,-2.6110788219543455,0.18617627228976388,1.989510478824476
1.4864944696645346,1740794400,1740795300,1740797640,1,PROTECTED_STOP,15.0,-1.153148264721401,0.9068522483940014,0.48528925566317266
0.0899394060794242,1740873600,1740874020,1740876660,1,PROTECTED_STOP,7.0,-2.588254213794069,0.33161400170260824,1.2716701864401991
0.09073529919270192,1740882900,1740884640,1740887580,1,PROTECTED_STOP,29.0,-1.2845235899433167,0.6092161212793611,0.8629845976275162
0.09001743082610623,1740889500,1740889560,1740891000,1,PROTECTED_STOP,1.0,-1.963033845478752,0.0,489811207.67158055
-1.0057454941593462,1740960900,1740961260,1740964320,1,SL,6.0,-1.7530083244584573,0.10106313164457278,4.52181813707562
0.09442347021295605,1740964500,1740964860,1740970140,1,PROTECTED_STOP,6.0,-2.0167191634006567,0.37775181957048753,1.565176018692019
-1.0056946911498357,1740992400,1740992460,1740994560,-1,SL,1.0,1.4686839117587318,0.0,496908375.4918699
0.09576339192288456,1741046400,1741046580,1741050660,-1,PROTECTED_STOP,3.0,1.2802983798912055,0.0,545569847.6953455
0.09617793997900703,1741053000,1741053060,1741056060,1,PROTECTED_STOP,1.0,-1.005929193774625,0.0,1062247991.2882355
0.09358070076324504,1741095000,1741095060,1741096260,1,PROTECTED_STOP,1.0,-4.527690298217437,0.0,994716028.04827
0.0954951161467271,1741134000,1741134600,1741138260,1,PROTECTED_STOP,10.0,-1.3720367001729634,0.22396399192920827,1.8974358889640128
-1.0119411524315602,1741162800,1741163040,1741165620,-1,SL,4.0,1.0174052029227578,0.2501021659174389,1.792483652963751
-1.0105833993994031,1741166100,1741166280,1741166640,-1,SL,3.0,1.5084883856226083,0.3722522522522641,0.9554695037255713
-1.0078832963880575,1741219200,1741219260,1741221300,1,SL,1.0,-1.6349588981058505,0.0,418829052.02761966
0.09216661150877678,1741221600,1741223520,1741223820,1,PROTECTED_STOP,32.0,-1.941896504490445,0.5372501626847468,0.9374999982550295
0.09409349686382364,1741230000,1741230180,1741236300,1,PROTECTED_STOP,3.0,-1.3517075655080484,0.17922281718446745,1.848387086460784
0.09501892315651528,1741305600,1741305840,1741306440,1,PROTECTED_STOP,4.0,-2.4335361857740976,0.11743936683215149,3.055084719748482
1.6601716922988266,1741307100,1741307160,1741308960,-1,PROTECTED_STOP,1.0,2.0719385710301994,0.0,1230624675.9979398
0.09753360405686094,1741311900,1741312020,1741315020,-1,PROTECTED_STOP,2.0,1.7747130463735128,0.0,377503593.6751296
0.09598331854834699,1741393800,1741396260,1741399320,-1,PROTECTED_STOP,41.0,1.4281209315437258,0.3237413657340502,1.255603444397459
-1.0072949781379783,1741403700,1741403940,1741405560,-1,SL,4.0,1.2448761716707906,0.37137996011781765,1.4220689616880728
0.09288809473112072,1741405800,1741405980,1741406820,-1,PROTECTED_STOP,3.0,2.052003406589079,0.0002484207537940047,1401.9943562902251
-1.0140694768894623,1741482000,1741482300,1741484040,1,SL,5.0,-1.3534386439431185,0.11617447090409799,3.8025209756717726
-1.0141578996784353,1741484400,1741484460,1741500420,1,SL,1.0,-2.0020101657534117,0.0,321385817.9001371
-1.0195296142780375,1741502100,1741503600,1741504980,-1,SL,25.0,0.7646214090117999,0.8383478812113208,0.4657980450469569
0.09585724202847835,1741564800,1741566000,1741567320,-1,PROTECTED_STOP,20.0,1.9998202516764105,1.085642428521007,0.3300142244470863
-1.003792285926434,1741568100,1741569300,1741572960,-1,SL,20.0,1.7402464493813812,0.8283799241436041,0.5248431399463807
0.2359991677149542,1741573500,1741576020,1741597620,-1,TIME,42.0,1.1948706901161419,0.7057791308576119,0.5680436142088088
-1.004825411113185,1741653300,1741653360,1741654260,1,SL,1.0,-2.422241932094205,0.33467774246107185,2.4301675905041464
-1.0036995293145357,1741657500,1741657620,1741662720,-1,SL,2.0,1.8320407297733132,0.0,486247316.48811084
0.09654279727086608,1741663500,1741664460,1741668060,1,PROTECTED_STOP,16.0,-2.502276562941206,0.12759111326036204,2.504081613027171
0.09078577828525082,1741737600,1741739520,1741742820,1,PROTECTED_STOP,32.0,-1.6490522796915543,0.8418849163871723,0.4861550627136504
-1.0068307778723764,1741748400,1741748880,1741752120,1,SL,8.0,-1.2933701690803412,0.3593373066553058,1.2011057326630152
-1.006812155515604,1741752300,1741752420,1741762020,1,SL,2.0,-1.7709150748921116,0.12359610558355395,4.322580610187228
0.088552696738925,1741824000,1741824180,1741825380,1,PROTECTED_STOP,3.0,-1.9264049134994592,0.3256004686584413,1.3161209027589693
0.08991238962472367,1741827300,1741828200,1741828680,1,PROTECTED_STOP,15.0,-2.240552683604052,0.7268729304635673,0.496761334642928
0.09052639059923023,1741830600,1741830660,1741831740,1,PROTECTED_STOP,1.0,-1.8401835262311192,0.0,984377640.951343
-1.0103880685973556,1741912500,1741914360,1741916040,-1,SL,31.0,0.9942962705690985,1.3361123299692923,0.47758620653909867
-1.009744000947934,1741920900,1741921080,1741923120,1,SL,3.0,-1.210430835647869,0.2893560836888391,2.121621614289141
0.09117411714040102,1741923300,1741925460,1741932300,1,PROTECTED_STOP,36.0,-2.210920083427394,0.5584625322997686,0.6599190271583262
0.08419753473901084,1741999800,1742002500,1742003100,-1,PROTECTED_STOP,45.0,1.599061591010027,1.6635280862706492,0.35590924462184553
-1.0145685452097857,1742004900,1742005380,1742007180,-1,SL,8.0,1.8576918686366815,0.0,458557189.9662459
0.08597077934408101,1742007300,1742007840,1742013300,-1,PROTECTED_STOP,9.0,1.514902938995181,0.2850633632351401,1.3356643309784622
-1.027246770580727,1742084400,1742085660,1742087520,1,SL,21.0,-2.590946713340252,0.610045029442265,0.6295707461859499
-1.0288610743841942,1742087700,1742087760,1742088720,1,SL,1.0,-2.633959102367545,0.0,743499338.9158471
-1.0280580953063114,1742088900,1742089260,1742089920,1,SL,6.0,-3.20607448487725,1.5043310186842784,0.41905396374536397
-1.0091612677782131,1742171700,1742171940,1742173260,-1,SL,4.0,2.6077444562512535,0.2689561938192252,1.2024691313315234
0.09065212732581886,1742173500,1742173560,1742174640,-1,PROTECTED_STOP,1.0,1.2473530109315416,0.0,439220986.07524705
-1.0120700435258152,1742187000,1742187420,1742188380,1,SL,7.0,-1.7076800443091211,0.12649297605048546,2.5376712128154084
-1.0151093350828013,1742256900,1742257080,1742260200,1,SL,3.0,-1.62512286604756,0.04862424265812521,6.777777638386863
0.08519812858361947,1742261400,1742261460,1742261760,-1,PROTECTED_STOP,1.0,1.1184349916829495,0.0,836187497.6162561
1.5817778737039336,1742265000,1742265540,1742278860,-1,PROTECTED_STOP,9.0,3.0691525320658033,0.38874602008325687,1.1135611878742393
0.08603948224743621,1742342400,1742343360,1742347260,1,PROTECTED_STOP,16.0,-1.7048119667613646,0.5608503868681927,0.6985559554330996
0.08770397308959678,1742361000,1742362020,1742367960,1,PROTECTED_STOP,17.0,-1.2171655885972847,0.3860751459761752,1.371691595986616
0.08370212034861585,1742369400,1742371800,1742373600,1,PROTECTED_STOP,40.0,-1.7021607821388263,1.0718236674488626,0.6081007109815978
0.09123209737990363,1742428800,1742428920,1742429160,1,PROTECTED_STOP,2.0,-1.5896436544601988,0.009366771701144201,112.99998793586839
-1.0075221124695637,1742431200,1742431320,1742431860,1,SL,2.0,-2.354280869457826,0.0,390599373.7885721
0.0930506323568424,1742432400,1742432880,1742434200,1,PROTECTED_STOP,8.0,-1.7252001391391751,0.5733061252723768,0.7411317554640147
-1.0139355461093538,1742515800,1742516520,1742521620,-1,SL,12.0,2.2749339468973626,0.36500177116538357,0.907608693165734
0.08486551138032096,1742529900,1742530260,1742532960,1,PROTECTED_STOP,6.0,-1.280199858198569,0.025227159452501313,14.106382419558333
-1.0167158622444874,1742535000,1742535120,1742537220,1,SL,2.0,-1.41265347603337,0.22563406565442054,2.1105263064356397
0.07977590998881791,1742601600,1742602200,1742604360,1,PROTECTED_STOP,10.0,-1.2568031894177567,0.3946405565575643,0.8793418624883138
0.07915072848149385,1742605800,1742606100,1742610960,-1,PROTECTED_STOP,5.0,1.1625518889047368,0.0,395077445.363863
0.06821073291394342,1742636400,1742636520,1742636640,1,PROTECTED_STOP,2.0,-2.3105824898005687,0.0,601871269.5596448
-1.0226066531986446,1742689500,1742689740,1742697120,-1,SL,4.0,3.4464482676979795,0.2561616161615905,1.4384857988011792
2.444916582182434,1742707500,1742707980,1742726820,1,PROTECTED_STOP,8.0,-1.1027123606064433,0.0,702324768.3970371
1.595068213648407,1742727000,1742727060,1742727780,1,PROTECTED_STOP,1.0,-2.3316384025715644,0.0,891940134.5598541
0.08684181838026842,1742774400,1742775600,1742775780,1,PROTECTED_STOP,20.0,-2.939133203022337,0.9938441388343384,0.3081180808707945
0.08831684716509286,1742776200,1742776320,1742776560,1,PROTECTED_STOP,2.0,-2.285755709739957,0.536746394857224,0.7915407840238446
1.9406239436619932,1742778300,1742778960,1742789220,1,PROTECTED_STOP,11.0,-2.481794940903016,0.4154929577464834,0.8610169470803136
1.6684439547436436,1742862000,1742862600,1742872920,-1,PROTECTED_STOP,10.0,1.8382790958572492,0.5462985718576564,0.8530440852125657
0.08889695020841318,1742873100,1742873820,1742874300,-1,PROTECTED_STOP,12.0,1.598021611354449,0.44133571526727106,1.030514383018106
0.08518578844354528,1742895600,1742895660,1742898420,-1,PROTECTED_STOP,1.0,1.7581217127117703,0.0,674495787.5925057
-1.014690062693657,1742958000,1742958060,1742960220,1,SL,1.0,-2.0516866104218545,0.0,407076457.4475591
-1.015805626644905,1742962800,1742962860,1742963940,-1,SL,1.0,1.660992058899925,0.0,444867955.34983337
0.08399131790258073,1742964000,1742964360,1742964840,-1,PROTECTED_STOP,6.0,2.4925110852558916,0.23987110464891037,1.7844036622855886
0.08706894738507623,1743042000,1743042180,1743056100,-1,PROTECTED_STOP,3.0,1.5363764200906385,0.174284899743434,2.0610686904640647
0.08095435098065142,1743072600,1743072720,1743073800,1,PROTECTED_STOP,2.0,-1.0031198229769442,0.0,488882647.5682629
0.08394287070739438,1743075000,1743075180,1743078720,1,PROTECTED_STOP,3.0,-3.1643702684468202,0.46526349105871345,0.7857142840255343
0.08507549364612699,1743122700,1743122880,1743123120,1,PROTECTED_STOP,3.0,-1.0497569680823378,0.34948680351901495,1.0983847251980086
0.08675381799163333,1743131100,1743131160,1743131640,-1,PROTECTED_STOP,1.0,1.1476857179208113,0.0,462669979.0795272
1.431104480628006,1743136500,1743136620,1743136920,-1,PROTECTED_STOP,2.0,1.6856276894196944,0.0723584502390089,4.593984898915087
0.08714329749808326,1743206400,1743206640,1743211860,-1,PROTECTED_STOP,4.0,1.4957775860260567,0.0,317027742.37821573
0.08564540312040077,1743217500,1743217620,1743222660,1,PROTECTED_STOP,2.0,-1.237848933060302,0.0,563940915.5884341
0.08372481046402472,1743229200,1743229440,1743231120,1,PROTECTED_STOP,4.0,-1.3404805314425001,0.0,445555277.8471671
0.08313013078765484,1743292800,1743293160,1743295260,-1,PROTECTED_STOP,6.0,1.4204509306812263,0.11954808197582582,2.9589743342228774
-1.0179984710050498,1743296100,1743296160,1743296760,-1,SL,1.0,3.1271633198637243,0.0,580179004.2886864
0.08317320107890974,1743297000,1743297360,1743299520,-1,PROTECTED_STOP,6.0,3.6002349014828665,0.29600626468287955,1.8950617219928543
1.6231386649845614,1743379200,1743379620,1743381960,-1,PROTECTED_STOP,7.0,2.003468924064096,0.18923607199981876,3.50499998147821
0.09340367385061327,1743383400,1743383880,1743391440,-1,PROTECTED_STOP,8.0,2.0638877183760793,0.31189677240807384,1.020962729645832
-1.0091402716584503,1743398100,1743398700,1743406620,1,SL,10.0,-2.1522806129691032,0.39543690014048716,0.7757166928107311
-1.0115645995531048,1743465900,1743466320,1743473640,-1,SL,7.0,1.7837757799338632,0.3749661827035421,1.7059483680656002
-1.0108709324337126,1743474000,1743474300,1743484620,-1,SL,5.0,1.4169535873885042,0.0,427045262.86196584
0.08402148728678713,1743490200,1743490500,1743491940,1,PROTECTED_STOP,5.0,-1.8121442860330603,0.04653071273229555,7.753086253138818
-1.0116135685289382,1743552000,1743552300,1743556140,1,SL,5.0,-1.8607511806583055,0.15577816068452546,2.4435695381202733
0.0875791675810272,1743556200,1743556500,1743559620,1,PROTECTED_STOP,5.0,-3.0828636880203826,0.06319947333769733,7.40277766064764
0.08841054339012454,1743561900,1743561960,1743563940,1,PROTECTED_STOP,1.0,-1.0795918623478886,0.0,620525899.2173
-1.0042815830411846,1743638400,1743638580,1743639720,-1,SL,3.0,2.1056192728986924,0.004220351472652483,117.5555277012453
-1.0046407217874518,1743639900,1743640080,1743645060,-1,SL,3.0,2.0849637830584955,0.07483131793723481,5.585201719083826
0.09356099839872571,1743645300,1743646020,1743647880,-1,PROTECTED_STOP,12.0,1.2245579352382132,0.3064529441867175,1.2043740533852454
0.08915178062278464,1743727800,1743729000,1743729720,1,PROTECTED_STOP,20.0,-3.3628913187118536,0.4066081511712163,0.9258902768374498
-1.0102397779833407,1743730800,1743732660,1743740160,1,SL,31.0,-2.411099775539916,1.2410730804810048,0.38700059599110986
0.08957104684684196,1743740400,1743740640,1743741840,1,PROTECTED_STOP,4.0,-1.4115270377662976,0.11389189189191436,2.900332200447497
-1.01272972049151,1743817800,1743818520,1743823560,1,SL,12.0,-1.0501402919442082,0.3043873312564896,1.6671641736273197
0.08756738419732989,1743826200,1743828480,1743844260,-1,PROTECTED_STOP,38.0,1.6842960169000138,0.445357279327516,0.822822820975165
3.026536945848941,1743855900,1743856080,1743859260,-1,PROTECTED_STOP,3.0,1.3896804912273244,0.0,428555726.5332837
0.08438750883371272,1743901800,1743902580,1743903060,1,PROTECTED_STOP,13.0,-2.5578848957414047,0.12824512980523917,5.15283838776603
-1.0156079539382532,1743904200,1743904260,1743910560,1,SL,1.0,-2.7976629248322182,0.0,373677460.7246199
0.080964870161702,1743910800,1743910860,1743912540,1,PROTECTED_STOP,1.0,-1.6639161753701612,0.0,624889759.9216425
0.09634569583308798,1743984000,1743984180,1743984360,-1,PROTECTED_STOP,3.0,1.4164761674762938,0.13955398825863066,2.27135676764377
1.532286068519372,1743988800,1743989700,1744001160,-1,PROTECTED_STOP,15.0,2.4982821447749752,0.41398237217013045,0.8368704446050304
2.001253591389377,1744005600,1744006560,1744008420,-1,PROTECTED_STOP,16.0,1.6860280478549914,0.6179793275923757,0.678202622402403
0.09332692765651586,1744070400,1744070700,1744072140,1,PROTECTED_STOP,5.0,-2.1275586756432525,0.2399422695291365,1.526315783112505
0.0936103031653288,1744075800,1744075860,1744080840,1,PROTECTED_STOP,1.0,-1.2852681267362276,0.0,548953745.4371039
0.09123072694531854,1744097700,1744098540,1744111020,-1,PROTECTED_STOP,14.0,1.2645559241160202,0.38678798218180754,0.8670668931269528
-1.0071143609273716,1744156800,1744156920,1744157580,-1,SL,2.0,1.9018856262156272,0.3204650230507461,2.170753058024567
1.734543721450255,1744157700,1744157820,1744161300,-1,PROTECTED_STOP,2.0,1.9465928801151147,0.13174892189747683,4.443991819629138
0.09461589200938542,1744161600,1744161780,1744162260,-1,PROTECTED_STOP,3.0,1.7329000039232452,0.06998062075117673,6.461538369205208
-1.0071027580453276,1744243500,1744243560,1744245660,1,SL,1.0,-1.818267736007364,0.10821156465088941,2.94047616330279
0.09140913268579635,1744245900,1744246560,1744246980,1,PROTECTED_STOP,11.0,-1.308285040280442,0.22716082538830043,2.182068955911569
0.09001898775068766,1744255200,1744255260,1744258260,1,PROTECTED_STOP,1.0,-1.0352630051222815,0.0,521805180.85859656
-1.0122128484768993,1744329600,1744330200,1744331580,1,SL,10.0,-2.490649070757773,0.8393009657709831,0.6449315060808841
-1.0115683283969834,1744332000,1744332060,1744332900,1,SL,1.0,-2.4356226352478263,0.0,699236165.2377812
1.676689994711308,1744333200,1744333260,1744335240,1,PROTECTED_STOP,1.0,-3.516883957833847,0.0,427693639.1173023
-1.0135158094444763,1744416000,1744416660,1744421040,1,SL,11.0,-1.38117781998755,0.6272645241896533,0.6855151034772053
-1.0151237798546018,1744421100,1744421940,1744426140,1,SL,14.0,-1.307788943495422,0.20062305295951513,2.239130423621786
-1.012095265640368,1744436100,1744436640,1744439100,-1,SL,9.0,2.743100930168554,0.0,456289846.0581623
0.08924223596891309,1744502400,1744502820,1744503660,1,PROTECTED_STOP,7.0,-1.8914470463284812,0.02949836570410918,15.294871276367523
0.0875516405342706,1744506600,1744506660,1744507860,1,PROTECTED_STOP,1.0,-1.7387410677318595,0.0,349303135.88849443
-1.010512734893726,1744509300,1744509600,1744510680,1,SL,5.0,-1.1489708565146928,0.23263063348653334,1.9793322649416272
0.09365601754300702,1744603500,1744603740,1744611120,-1,PROTECTED_STOP,4.0,1.1953340271017576,0.0,329896575.5738203
-1.0108843268800585,1744635300,1744635660,1744637460,1,SL,6.0,-1.6290851364941157,0.3588269120184243,1.1688034155459934
-1.0079219886540085,1744641600,1744642080,1744642860,1,SL,8.0,-2.528470507185844,0.6329720840845516,0.5223488160021064
0.08884235280911751,1744683300,1744685940,1744688460,1,PROTECTED_STOP,44.0,-1.5763816919991789,1.7848683841275477,0.36275588797634944
0.08889787245862692,1744693500,1744694280,1744695960,1,PROTECTED_STOP,13.0,-2.475712251560611,0.30796578157981613,1.0353535319916625
0.0888799215926821,1744698300,1744698420,1744698840,1,PROTECTED_STOP,2.0,-1.9731354673936852,0.0,429196510.68810725
0.08649634070277129,1744761600,1744761900,1744762980,-1,PROTECTED_STOP,5.0,1.9381644936556888,0.2629426848707347,2.4188191789928144
0.08936082406800237,1744769400,1744769940,1744779900,-1,PROTECTED_STOP,9.0,2.3168194722363884,0.2483649444081307,1.780337934459782
-1.0127411827710038,1744781400,1744781460,1744785180,-1,SL,1.0,1.0190686870383643,0.0,390635758.54948807
0.08633501939200955,1744848000,1744848240,1744850520,1,PROTECTED_STOP,4.0,-1.7768855782830781,0.2067860377621115,1.5872641432678063
0.08431680768409655,1744852500,1744852920,1744857000,-1,PROTECTED_STOP,7.0,1.6017685827675088,0.25925925925922616,1.2327586159348207
0.08488058376125564,1744860000,1744860240,1744860660,-1,PROTECTED_STOP,4.0,1.3160692020061693,0.0,430253658.1599471
-1.0182049702367373,1744934400,1744934520,1744937340,1,SL,2.0,-1.0704940094055506,0.0,400403984.7587669
0.07947393033793854,1744937400,1744937940,1744938120,1,PROTECTED_STOP,9.0,-1.2067467442188164,0.25713396285146634,2.031073438429372
-1.0197012528341711,1744938900,1744939560,1744942080,1,SL,11.0,-1.6196524121272826,0.45250980586866535,0.9984638994831165
-1.0300616250350072,1745020800,1745021220,1745024820,-1,SL,7.0,2.0264561612926943,0.20319303338170946,4.831578923590303
-1.0268942423621648,1745025000,1745027160,1745028660,-1,SL,36.0,1.2586732667681317,0.7767692622671388,0.40221402162236747
-1.0231233114702498,1745030400,1745030580,1745031720,-1,SL,3.0,1.0305187703670822,0.0713281799017115,4.988505677181718
-1.0309701570953422,1745107800,1745109900,1745111460,-1,SL,35.0,3.356896271264367,1.1404494382021526,0.29980842885593234
0.07123893954749966,1745111700,1745112600,1745123040,-1,PROTECTED_STOP,15.0,2.906772941259935,0.7821681864236054,0.5816062168728351
1.5691387048514838,1745128800,1745131260,1745131680,-1,PROTECTED_STOP,41.0,1.265612423002816,1.1848685616584267,0.5151515147167955
3.002838305153711,1745193600,1745193840,1745195280,1,PROTECTED_STOP,4.0,-1.6190517389934385,0.19499587177371622,1.577319579539683
0.08892920892496192,1745195400,1745195460,1745195580,1,PROTECTED_STOP,1.0,-2.9784008582572135,0.0,2069184803.4647129
0.08984129196642382,1745196600,1745197500,1745199660,1,PROTECTED_STOP,15.0,-2.953822394217603,1.4331534772182366,0.7974621761151097
0.08561992431720743,1745280000,1745280720,1745282460,-1,PROTECTED_STOP,12.0,3.157007719899292,0.9708785784797458,0.3248601928529662
-1.0109594096336993,1745283600,1745283660,1745284500,-1,SL,1.0,1.3741537075934034,0.0,755883536.8307954
-1.0113339039441553,1745284800,1745284860,1745285160,1,SL,1.0,-1.2788478157268655,0.0,1957450299.4339607
0.09473481950469767,1745366700,1745367060,1745370660,-1,PROTECTED_STOP,6.0,1.0509230575062547,0.0,391938426.5915878
-1.010581761856469,1745395200,1745395260,1745396040,-1,SL,1.0,1.8872245865325021,0.0,588374450.8280054
1.3694312819039385,1745396100,1745396160,1745403000,-1,PROTECTED_STOP,1.0,1.7087896527468505,0.0,642565133.8033235
-1.0134535888601808,1745452800,1745452920,1745453640,1,SL,2.0,-1.15489774710967,0.0,410852713.1782673
0.08736470463279178,1745453700,1745453880,1745455680,1,PROTECTED_STOP,3.0,-1.3678553057753697,0.23115694339841183,1.3087719241628308
0.08817255189520536,1745457300,1745458200,1745460120,1,PROTECTED_STOP,15.0,-1.9790180693965256,0.6961788110045583,0.8017476777124225
0.08644427441506496,1745539800,1745541300,1745543160,1,PROTECTED_STOP,25.0,-1.1441025729537002,0.9892199987609455,0.46339324810671867
-1.0135799193813604,1745543400,1745543460,1745543880,1,SL,1.0,-2.291529013574302,0.0,1188980750.246802
0.0904574003420727,1745548500,1745548560,1745555100,1,PROTECTED_STOP,1.0,-2.382221964589983,0.0,364995833.88148963
0.0847901282051193,1745630700,1745632800,1745634960,-1,PROTECTED_STOP,35.0,2.069613832321578,0.6913461538461714,0.7211404718358676
0.08544212967542697,1745638800,1745641260,1745642520,-1,PROTECTED_STOP,41.0,1.5461231094686543,0.4320902166386682,0.8525641005909647
0.08104825090468584,1745657100,1745657340,1745658420,-1,PROTECTED_STOP,4.0,1.4956004487941739,0.09650180940892654,4.956249948641042
0.08141406527607134,1745715900,1745715960,1745716740,1,PROTECTED_STOP,1.0,-1.3246069484803336,0.0,622822848.0295509
0.08704558439774467,1745717700,1745717760,1745717880,1,PROTECTED_STOP,1.0,-3.1424189629658392,0.058508446641933,7.697182967036549
0.08890213120549487,1745719200,1745719260,1745721960,1,PROTECTED_STOP,1.0,-2.38463047803086,0.0,494217463.76441735
0.08407105327111489,1745798400,1745798580,1745800260,-1,PROTECTED_STOP,3.0,2.1557431903612474,0.0,400627004.9577161
-1.0124741511573558,1745801700,1745802180,1745803200,1,SL,8.0,-1.5803283170556315,0.29377626575943533,1.438692093195599
0.0886685106419851,1745803500,1745803560,1745806200,1,PROTECTED_STOP,1.0,-1.0698224136552719,0.0,580121597.9959984
0.08342750958998155,1745884800,1745886300,1745887620,1,PROTECTED_STOP,25.0,-1.8486621426232233,0.9802720071738034,0.5074706504962374
-1.0108750356422822,1745892300,1745893260,1745902080,1,SL,16.0,-1.7395215796005505,0.47524703800208684,0.8399710337140589
-1.0132326000822438,1745904600,1745905140,1745907540,-1,SL,9.0,1.5678171797979323,0.26752129036140904,1.2708661369817142
0.0892563114687361,1745973300,1745973900,1745977980,-1,PROTECTED_STOP,10.0,1.9924149316343978,0.290514508656442,1.385428902398994
0.08568107642255511,1745986800,1745988780,1745990100,1,PROTECTED_STOP,33.0,-1.8028984198343838,0.2257772606812485,1.9819639190774225
-1.0188039274025422,1745996400,1745996460,1745998920,1,SL,1.0,-1.5728028017677025,0.0,520083308.539088
0.0831458064516331,1746064200,1746064440,1746069600,1,PROTECTED_STOP,4.0,-1.538058157031758,0.12185531589999782,2.736842082803424
0.08311640356897378,1746072600,1746075300,1746081120,1,PROTECTED_STOP,45.0,-1.7045405524394688,0.7297338519026789,0.632772493646419
2.204754651124864,1746087600,1746089640,1746093060,1,PROTECTED_STOP,34.0,-1.5738664669165212,0.4772259770789941,0.6652298836636449
-1.0144652865286605,1746144300,1746144480,1746145380,-1,SL,3.0,2.42981188094273,0.20207020702074116,2.5256124596610476
-1.0144239630943441,1746145800,1746146280,1746147600,-1,SL,8.0,3.3861315369690437,0.9951737143222128,0.3911870499666383
0.08597525504668303,1746147900,1746148200,1746150780,-1,PROTECTED_STOP,5.0,1.8299607701798113,0.06121120034732269,8.361701991051593
0.07804675337330465,1746233100,1746234240,1746235560,-1,PROTECTED_STOP,19.0,1.60167740575163,0.38189877733937466,0.8196428549967822
0.07006886373720891,1746242400,1746242880,1746243720,-1,PROTECTED_STOP,8.0,1.3538088864619997,0.09786950732356953,6.714285645681246
0.07303899107303066,1746246300,1746246360,1746249300,-1,PROTECTED_STOP,1.0,2.3123944406055563,0.0,338026481.33727676
0.07543343035494687,1746316800,1746316980,1746318240,1,PROTECTED_STOP,3.0,-1.9032060468787486,0.6442967763194373,0.6408114548526079
-1.0130459574551087,1746328500,1746328680,1746337560,-1,SL,3.0,1.1023628471159104,0.17926155465256702,1.7579908577729437
0.0829015236567593,1746337800,1746338820,1746341220,-1,PROTECTED_STOP,17.0,1.5154584421683195,0.5233894680567137,0.6588355452171508
0.08725757400333642,1746403200,1746403260,1746407340,1,PROTECTED_STOP,1.0,-1.23983758786217,0.08590945930298723,4.896226358102282
0.08274312583849315,1746424800,1746424980,1746426660,-1,PROTECTED_STOP,3.0,2.0343583049476215,0.1137900042984018,3.0961538189437676
-1.0224658336308339,1746440700,1746441000,1746441540,1,SL,5.0,-2.853939241413393,0.15637272402709185,2.61187212941642
0.08522157695782595,1746490800,1746491220,1746495060,1,PROTECTED_STOP,7.0,-1.8346465898822304,0.14003278359479276,3.528428068449015
-1.0149751001827632,1746500400,1746501240,1746505920,-1,SL,14.0,1.9518010640828574,0.2908422163947837,1.6016393387553463
0.08442685325887601,1746506100,1746506460,1746511620,-1,PROTECTED_STOP,6.0,1.2723088300615324,0.0,396791179.27694523
0.0906456764094012,1746576000,1746576420,1746583680,1,PROTECTED_STOP,7.0,-2.5873394317688563,0.23961304725285043,3.032608682996395
0.6836085382086531,1746587400,1746588780,1746610380,1,TIME,23.0,-1.0498007762583292,0.8163579504450648,0.495462045597649
0.07674143792194492,1746612300,1746614280,1746615420,1,PROTECTED_STOP,33.0,-2.058943276498674,0.8419862239128226,0.4991452985524305
2.7677622687875667,1746665700,1746665760,1746666060,1,PROTECTED_STOP,1.0,-1.8306572554824383,0.0,758742071.5305575
-1.0127804550492385,1746666300,1746666360,1746666900,1,SL,1.0,-1.5410742988889234,0.22843731664388373,2.3373287568911216
1.4673712037341269,1746667200,1746667260,1746671580,1,PROTECTED_STOP,1.0,-1.7658883437129944,0.0,1007102595.8597363
0.09451628476380573,1746748800,1746749400,1746751920,-1,PROTECTED_STOP,10.0,0.967823563172033,0.0,364231536.926157
0.08330883466214394,1746775500,1746775560,1746776100,-1,PROTECTED_STOP,1.0,3.85592968740463,0.0,465812998.30874395
0.08561369222696243,1746776700,1746777180,1746778920,-1,PROTECTED_STOP,8.0,3.0354338273875414,2.1092129890965636,0.2561624924835451
0.07826502534393659,1746836100,1746836940,1746838140,-1,PROTECTED_STOP,14.0,1.8894317419738733,0.7444786386676302,0.6825531905725165
0.07445943868969543,1746840900,1746840960,1746843300,-1,PROTECTED_STOP,1.0,1.222483200149344,0.0,374820717.13142794
0.07471477471796388,1746845400,1746845460,1746848220,-1,PROTECTED_STOP,1.0,1.5207234795069469,0.0,835085137.6918213
1.4540810562843596,1746921600,1746921660,1746928440,-1,PROTECTED_STOP,1.0,2.229103343915595,0.0,532019267.0528892
-1.00779050672822,1746929400,1746930000,1746931980,1,SL,10.0,-1.2703096003404373,0.06913136883958719,5.944805108811475
0.09217911110393741,1746932100,1746932220,1746934680,1,PROTECTED_STOP,2.0,-1.4115874151327277,0.0,362519598.493537
1.3816587946862597,1747012500,1747012560,1747018740,-1,PROTECTED_STOP,1.0,1.298020291913759,0.0,410201063.27698714
-1.0100490264886401,1747018800,1747019100,1747031400,-1,SL,5.0,1.8003342652328895,0.0,465125937.00035214
0.08388239960660572,1747033800,1747033860,1747034220,1,PROTECTED_STOP,1.0,-1.2173387689676047,0.0,959645959.6787723
0.08602469294781087,1747100400,1747100880,1747101540,1,PROTECTED_STOP,8.0,-2.0600859304051493,0.8096227574702468,0.5435222665351045
-1.0113471492480384,1747102500,1747103100,1747106820,1,SL,10.0,-2.253240583188125,1.3848753093470272,0.30959826775819094
1.374451631387638,1747107000,1747107600,1747113660,1,PROTECTED_STOP,10.0,-0.9592022185193008,0.29737010904428074,1.353753230995315
0.08495604884611964,1747187100,1747187340,1747197360,-1,PROTECTED_STOP,4.0,1.341147246565169,0.14299906861220824,4.896656500712874
0.07866849210206972,1747206900,1747206960,1747207800,-1,PROTECTED_STOP,1.0,1.2893105224885584,0.0,476703617.0119123
0.0877771014054339,1747218900,1747220580,1747223700,1,PROTECTED_STOP,28.0,-1.8700062554525205,0.6149889045794229,0.610792191888495
-1.0228881638726837,1747273200,1747273260,1747273560,1,SL,1.0,-1.95685967275883,0.0,433490050.81443125
-1.0216023168103554,1747274100,1747274580,1747276620,1,SL,8.0,-2.021704324411943,0.5644755747125638,1.419821823765514
0.08274264887483818,1747278600,1747278840,1747281840,-1,PROTECTED_STOP,4.0,1.755279449997149,0.2643599611552694,1.3390476139824308
0.08865972368493366,1747353600,1747353900,1747355940,1,PROTECTED_STOP,5.0,-1.5322664686531975,0.3623768400852089,1.0804701597669666
1.387151847573195,1747358400,1747358700,1747361280,1,PROTECTED_STOP,5.0,-2.018714809971278,0.0,419494584.8375466
0.08764153294061533,1747361400,1747362300,1747363080,1,PROTECTED_STOP,15.0,-1.7856453332783255,0.9985273207393638,0.5343538620494395
0.08008668593447915,1747440000,1747441140,1747441680,-1,PROTECTED_STOP,19.0,1.6934095753549354,0.48265895953757804,0.7449101780973368
0.08286616704140765,1747445400,1747445460,1747446180,-1,PROTECTED_STOP,1.0,1.550846678322283,0.11341493879588947,2.964757683110806
-1.0132273398563592,1747449300,1747450200,1747453500,-1,SL,15.0,2.202612183105278,0.38439973614773704,0.9839839814242768
0.06592944664027006,1747543200,1747545600,1747549620,1,PROTECTED_STOP,40.0,-0.9196024352217869,1.1551383399208888,0.434559452147374
-1.0330514631087047,1747553100,1747553700,1747554780,-1,SL,10.0,1.8103800793835783,0.13698255217245348,2.4055943880321893
0.06840684005819014,1747554900,1747554960,1747555140,1,PROTECTED_STOP,1.0,-1.7995393775217288,0.0,741020793.9508283
1.8199322400298166,1747617300,1747617420,1747627740,-1,PROTECTED_STOP,2.0,1.1128827428227162,0.0,498238611.08773
0.0920355890388333,1747627800,1747629600,1747631160,-1,PROTECTED_STOP,30.0,2.5498734415419624,1.1182382647570082,0.37956053034052306
0.09219376399261257,1747635900,1747636260,1747636740,-1,PROTECTED_STOP,6.0,2.0778829128423846,0.20613468860818784,2.5394006536073217
1.9890165192953724,1747699200,1747699320,1747700400,1,PROTECTED_STOP,2.0,-1.8363734630009863,0.07855233395026029,4.581151774139596
0.08839293873311033,1747701600,1747704060,1747705320,1,PROTECTED_STOP,41.0,-1.7570510567736826,1.3930152484013858,0.42655367201016553
-1.0092593166874302,1747706100,1747706220,1747709100,1,SL,2.0,-1.7706339236157305,0.013795154963102754,35.98112946720744
2.0099460538421603,1747793100,1747793700,1747802400,1,PROTECTED_STOP,10.0,-1.5989618675634458,0.3710148405936214,1.481509429969159
1.5209833643426487,1747839000,1747839060,1747839840,1,PROTECTED_STOP,1.0,-1.1446064213455092,0.0,1036590977.2932101
-1.0083720646488497,1747839900,1747839960,1747841700,1,SL,1.0,-2.379481255815271,0.0,1076357428.9278681
-1.0072789385366618,1747872300,1747872660,1747874400,1,SL,6.0,-2.05812211684302,0.48798196230803464,1.3653376701068223
1.5427085001614544,1747874700,1747874760,1747881600,1,PROTECTED_STOP,1.0,-1.9050610189475508,0.0,393660531.6973413
0.09420876805336438,1747881900,1747883160,1747885020,1,PROTECTED_STOP,21.0,-1.3694910125696886,0.2510851643729514,1.5340837962667446
0.08477521320039669,1747958400,1747958520,1747958700,-1,PROTECTED_STOP,2.0,1.3154284110805021,0.0,414256893.07329106
0.08713344577834936,1747968600,1747968780,1747971360,-1,PROTECTED_STOP,3.0,1.1377755137309642,0.0,375731719.41659814
0.08484025574745918,1747974300,1747974780,1747981200,-1,PROTECTED_STOP,8.0,3.063386857533457,0.33597697097872203,1.9975520136383758
0.09128663540377778,1748044800,1748044860,1748045160,-1,PROTECTED_STOP,1.0,2.3305090150969536,0.0,486899220.7520525
0.09158684134012152,1748047200,1748047260,1748052180,-1,PROTECTED_STOP,1.0,2.7241770860685923,0.0,364700751.4761203
0.08951345323490732,1748057100,1748057820,1748070120,-1,PROTECTED_STOP,12.0,1.3278311551317243,0.4034515022351765,0.8441558420634734
0.08870974044977617,1748131200,1748133720,1748133840,-1,PROTECTED_STOP,42.0,2.980841846847781,1.20986876167754,0.6475644693787672
0.09203572466179148,1748136600,1748136840,1748139360,-1,PROTECTED_STOP,4.0,2.179732219306391,0.2768806554363564,1.1554487137755747
1.5391797902131124,1748142300,1748143320,1748163600,-1,PROTECTED_STOP,17.0,1.512829538193761,0.1338103374626157,2.482309106216462
0.0917435292337883,1748217600,1748219940,1748220840,1,PROTECTED_STOP,39.0,-2.005549224086185,0.7699115044247502,0.5979958730812818
0.09169333030681924,1748223900,1748224080,1748243640,1,PROTECTED_STOP,3.0,-1.6601736612067992,0.0,544773578.4814414
0.09041149555184054,1748281800,1748281920,1748285100,1,PROTECTED_STOP,2.0,-2.190546276921129,0.0,335938824.32714874
0.08704635838845619,1748308800,1748308860,1748309040,-1,PROTECTED_STOP,1.0,1.7172354453096235,0.0,1474897712.3594227
0.08976712330618282,1748309400,1748310120,1748314440,-1,PROTECTED_STOP,12.0,2.9914112552555516,0.7952417622502451,0.4138423112883739
0.09138742743557221,1748316000,1748316060,1748325000,-1,PROTECTED_STOP,1.0,1.3219651883829577,0.0,576336653.7914221
-1.0154106720331777,1748426700,1748427540,1748428380,-1,SL,14.0,2.3425710291633806,0.8652884498110007,1.1805624061342843
0.08637039982092418,1748429700,1748431200,1748439120,-1,PROTECTED_STOP,25.0,1.5748491463189027,0.3821087978508723,1.0905511782484514
1.8232080391782899,1748439900,1748440020,1748442000,-1,PROTECTED_STOP,2.0,1.8245693188585608,0.0,884182407.9374489
0.08903737430733993,1748484300,1748486820,1748487720,1,PROTECTED_STOP,42.0,-2.203040392566709,0.6143495811450057,0.8452027681593286
0.08638818268056708,1748493600,1748494980,1748505900,1,PROTECTED_STOP,23.0,-1.304483771588051,2.3552784930207697,0.19349121950861473
1.3539756847591091,1748506500,1748506560,1748509200,1,PROTECTED_STOP,1.0,-1.7881508865782783,0.0,579870015.8088742
1.9657655477464215,1748563800,1748565900,1748566680,-1,PROTECTED_STOP,35.0,1.3640425904639861,1.2383824609251606,0.30862733446767904
1.3483188106852444,1748566800,1748566860,1748573640,1,PROTECTED_STOP,1.0,-1.1139488852138908,0.0,973658536.5853739
0.08638306732710838,1748579700,1748580360,1748581680,1,PROTECTED_STOP,11.0,-1.0318041661692305,0.1914694551458351,2.5472836889096815
0.0903751007204318,1748652600,1748653020,1748653740,-1,PROTECTED_STOP,7.0,1.5911055214380103,0.021950106178164976,20.582277543343913
0.09138408383704005,1748655300,1748657040,1748660940,-1,PROTECTED_STOP,29.0,1.1395967771653555,1.0715690833005607,0.46471962573452924
0.09781637692586988,1748664000,1748664240,1748685840,-1,TIME,4.0,1.9276680243737132,0.0,362970750.5726167
-1.0224363932111615,1748737500,1748738700,1748741700,1,SL,20.0,-2.140115608868609,0.6831783445354994,0.48773584834265465
-1.0229541859367584,1748742000,1748742300,1748742840,1,SL,5.0,-2.0061980567714452,0.149976403964213,4.110132131182495
0.0784016428688013,1748742900,1748742960,1748747040,1,PROTECTED_STOP,1.0,-1.8640875398638874,0.0,419109470.2193187
-1.016026838729238,1748822400,1748823000,1748828160,1,SL,10.0,-2.964353748806463,0.6284618385125689,0.8450398248682165
-1.0190359582187614,1748829900,1748832060,1748832600,1,SL,36.0,-1.814994132129921,0.7825076499980712,0.545391544694535
-1.0183336976593411,1748833500,1748835720,1748840040,1,SL,37.0,-0.8838442383061867,1.870265009731961,0.22835528146938813
0.08665404622456,1748908800,1748909460,1748910600,1,PROTECTED_STOP,11.0,-2.5116653752989397,0.4322690345739979,1.5253496468208294
-1.0121989848380726,1748913900,1748915880,1748917920,1,SL,33.0,-1.6468395308331811,0.378573533745917,1.6466848276213832
-1.0134152414637305,1748919600,1748919660,1748923800,1,SL,1.0,-1.393784562424496,0.0,402230988.9811132
0.08582635189085933,1748995200,1748996940,1748997900,-1,PROTECTED_STOP,29.0,3.036089812113836,0.6210280238967828,0.6102797647948264
0.08418883822491882,1748999100,1748999820,1749001800,-1,PROTECTED_STOP,12.0,2.336778333164576,0.14160940209363573,2.5555555375090453
0.08245893479341201,1749003000,1749003240,1749007140,-1,PROTECTED_STOP,4.0,1.5993225979492005,0.0,393728222.9965438
-1.0185259211474789,1749082500,1749082740,1749083880,-1,SL,4.0,1.033694142692646,0.20399954464384126,2.6328124870945784
-1.018717774461383,1749084000,1749084540,1749086100,-1,SL,9.0,2.058742769962515,0.11785864615620019,4.59090905195642
0.07917295495804563,1749086400,1749086640,1749089520,-1,PROTECTED_STOP,4.0,3.6446080053892445,0.0017869298842923568,375.3331232861466
0.09269317755661598,1749168000,1749168780,1749169380,-1,PROTECTED_STOP,13.0,1.4999194071201816,0.08481176979661868,3.693877507466926
0.09069237606033602,1749171300,1749172620,1749177540,-1,PROTECTED_STOP,22.0,1.649342939652616,0.08673489393402292,3.977848055405148
-1.013405193732979,1749178800,1749178860,1749181620,-1,SL,1.0,1.3013470857705307,0.0,374331550.802139
0.07878617219313315,1749254400,1749254580,1749255900,-1,PROTECTED_STOP,3.0,1.7930169943165999,0.2730366492146454,1.1185682285654954
-1.0189174605641353,1749258000,1749258240,1749265440,-1,SL,4.0,3.061826208963642,0.29699277333129753,2.8443223347450184
-1.0180909162775742,1749266100,1749266280,1749275160,-1,SL,3.0,2.5328007666922034,0.1442229304083739,2.5863309173184494
0.0679071262570137,1749340800,1749342780,1749342900,1,PROTECTED_STOP,33.0,-1.6321401731787828,0.9806476835863704,0.320930232230876
0.0708317983366278,1749343800,1749344820,1749345120,1,PROTECTED_STOP,17.0,-1.9060836017776202,0.43892609494453694,1.1701323224761724
-1.0404374976011759,1749373200,1749373440,1749374040,1,SL,4.0,-1.0068913989470902,0.0,379965457.6856622
0.08151564416411125,1749437700,1749438180,1749439920,-1,PROTECTED_STOP,8.0,1.313987413742442,0.0935646166553424,3.662921309169082
-1.0282693921175685,1749459300,1749460140,1749461220,-1,SL,14.0,1.6183871234033964,0.3182364729459851,2.234256919930668
-1.0203530398322986,1749462600,1749462660,1749463320,1,SL,1.0,-1.4380089185607294,0.0,922241280.7318556
-1.0082310325503916,1749514200,1749515040,1749521100,1,SL,14.0,-1.9706537727927809,0.2053252637814617,1.8155021745642395
0.08663878851266266,1749521400,1749521580,1749522780,1,PROTECTED_STOP,3.0,-1.8777612473200245,0.07687279382925873,6.619047532943716
0.08000912665750179,1749535800,1749535860,1749537240,1,PROTECTED_STOP,1.0,-1.3155930756622065,0.0,915775034.2935365
-1.0131747881337663,1749600900,1749601020,1749604140,1,SL,2.0,-2.431326612608149,0.0,532286615.8700703
-1.0136906805629633,1749604200,1749604440,1749619200,1,SL,4.0,-1.9576651508304583,0.058738642437242916,9.394904298647575
-1.02534641840449,1749622800,1749623280,1749625020,-1,SL,8.0,1.3824121006074532,0.6874875868918234,0.800808896711709
0.08678554499896558,1749686400,1749688140,1749688680,-1,PROTECTED_STOP,29.0,1.7482347262185176,0.6654311964919876,0.8116419537500635
0.08352261241783249,1749698400,1749698460,1749698580,-1,PROTECTED_STOP,1.0,1.4132529315689804,0.0,1891829915.4818804
0.08522657121532483,1749702000,1749702060,1749702300,-1,PROTECTED_STOP,1.0,1.2711681728872106,0.0,423580014.1409285
1.3747657880631152,1749772800,1749772860,1749773520,-1,PROTECTED_STOP,1.0,1.8949357258291362,0.0,1178983430.0496507
1.956933959943221,1749774000,1749774120,1749777120,-1,PROTECTED_STOP,2.0,1.4556000755416063,0.4643116227724088,1.084165475553795
-1.0058180089471915,1749777600,1749778320,1749781140,-1,SL,12.0,2.026289757603516,0.36104219863735926,1.1614265570834248
-1.0162429454971358,1749859800,1749860520,1749860760,1,SL,12.0,-3.4617896441931384,0.4671110965157374,0.9635826751023863
0.08327264352245832,1749861000,1749861480,1749861720,1,PROTECTED_STOP,8.0,-2.800796187453941,0.03414055884841973,10.222221922809366
-1.0148022631146347,1749863700,1749864000,1749881820,1,SL,5.0,-1.4396887487139434,0.06987792410850961,5.5240963064865305
0.05669195946143537,1749966000,1749966300,1749967320,1,PROTECTED_STOP,5.0,-1.4502988134232015,0.012266713397003073,188.499984633212
-1.0378809337526258,1749967800,1749968160,1749968460,1,SL,6.0,-3.442477582620876,0.6572064125181729,0.6993464041647192
-1.0264567383512258,1749969300,1749969360,1749971400,1,SL,1.0,-2.4453768055552225,0.0,618709677.4193281
0.08756071839586357,1750040700,1750040760,1750045380,1,PROTECTED_STOP,1.0,-1.3216764674499517,0.02681384037697588,14.68420997869796
0.08584278388279976,1750047900,1750048680,1750050360,1,PROTECTED_STOP,13.0,-1.4823776010356389,0.39080919080920407,0.8108384437328596
1.466418350531921,1750052400,1750054740,1750059120,1,PROTECTED_STOP,39.0,-2.0220821394845303,0.5039596832253455,0.8742857125509095
0.09265673988575604,1750121700,1750122600,1750127940,-1,PROTECTED_STOP,15.0,2.454076442133304,0.35039161415699854,1.3564705843640295
1.3735173229807518,1750129800,1750130940,1750152540,-1,TIME,19.0,1.320501305987396,0.4177849399355346,0.8487972488274292
1.7034456051151634,1750152600,1750152900,1750156740,-1,PROTECTED_STOP,5.0,2.0716694946395697,0.2033741622371152,1.8568181726880564
0.08684362935054363,1750208700,1750210140,1750211340,-1,PROTECTED_STOP,24.0,2.601236740779676,1.0778794402583514,0.3432366302303051
-1.0196673116388406,1750224000,1750224060,1750228560,1,SL,1.0,-1.0922417293930944,0.0,449428320.1407307
0.08012152278909583,1750230300,1750232340,1750235460,1,PROTECTED_STOP,34.0,-2.226681025415528,1.323917366776252,0.26394849765470796
0.0859718153140046,1750292400,1750292520,1750294860,1,PROTECTED_STOP,2.0,-1.073761875720224,0.033725265270983226,11.79761869781247
0.0720460199289855,1750339200,1750339260,1750340040,1,PROTECTED_STOP,1.0,-1.2310509708250656,0.02084526400176241,19.07692216182121
0.0758049176524843,1750341000,1750341240,1750343640,1,PROTECTED_STOP,4.0,-2.574448080604774,0.4342379958245935,1.0240384591802212
0.08153332829082922,1750379700,1750379760,1750380840,1,PROTECTED_STOP,1.0,-1.083296983972238,0.0,387565237.1227421
0.08284733915247564,1750383000,1750383180,1750388820,1,PROTECTED_STOP,3.0,-2.3339428935684117,0.0,372025904.5473728
2.278804577602106,1750399800,1750400520,1750404180,1,PROTECTED_STOP,12.0,-1.9313494844844894,0.47791947429962994,0.6949429022981656
-1.0160603961607477,1750464000,1750464420,1750471200,-1,SL,7.0,1.5086571426783375,0.0,480197524.2734793
-1.0204354468650385,1750471500,1750472820,1750475880,-1,SL,22.0,1.7413111084197592,0.026108332626904256,17.499999329739087
0.0731802641802273,1750476000,1750477320,1750488840,-1,PROTECTED_STOP,22.0,1.428766787865287,0.3589743589743329,0.9502164475696675
-1.0064923038398876,1750550400,1750551000,1750551720,-1,SL,10.0,2.124801586536919,0.9507471248668202,0.5993563951861707
0.09429467342101087,1750552500,1750553280,1750557840,-1,PROTECTED_STOP,13.0,1.6691078056764401,0.51292601136824,0.8685491706533207
0.08327781322673246,1750586100,1750586580,1750587360,1,PROTECTED_STOP,8.0,-1.4164573238094504,0.21596606247589642,1.8227272642873285
0.09386174621753568,1750636800,1750639380,1750639800,1,PROTECTED_STOP,43.0,-2.2573039358675406,0.8723371049551149,0.537257356929543
1.3942252070148085,1750641900,1750642500,1750659840,1,PROTECTED_STOP,10.0,-1.2934729607994713,0.09348426129867553,3.5866387925319683
0.08373869849737789,1750659900,1750660260,1750662660,1,PROTECTED_STOP,6.0,-2.685820272810638,0.1723784116560647,2.4694444301185654
0.0939172958626833,1750726200,1750726500,1750730700,1,PROTECTED_STOP,5.0,-2.1482735980784695,0.0,404206766.5443052
0.0846926260649829,1750747800,1750747920,1750749420,-1,PROTECTED_STOP,2.0,1.5841916747776947,0.0,391751296.62408143
0.08757986469209664,1750752000,1750752120,1750753200,-1,PROTECTED_STOP,2.0,1.437205354957329,0.26316457947011573,2.2054053970250385
0.0828623285221643,1750809600,1750810080,1750810260,1,PROTECTED_STOP,8.0,-1.5838766032019327,0.36537329964345866,1.1684350100648455
0.08411812228239587,1750810500,1750810560,1750812660,-1,PROTECTED_STOP,1.0,1.1997444235519097,0.0,949905451.7483265
-1.0120833559782727,1750817400,1750817460,1750820580,1,SL,1.0,-1.205882304747227,0.18138586956519737,3.0599250767637565
0.0796644472412649,1750900500,1750901280,1750901460,1,PROTECTED_STOP,13.0,-1.3475999710431665,0.8406479639479232,0.9682217703153743
0.08386512482116691,1750903800,1750906380,1750907400,1,PROTECTED_STOP,43.0,-2.1110046771100457,1.1718239477224852,0.6965174123409282
0.08697196335914975,1750913400,1750913700,1750924500,1,PROTECTED_STOP,5.0,-1.5069846517372067,0.0,490973607.1900676
0.0863098809164064,1750982400,1750985100,1750986720,-1,PROTECTED_STOP,45.0,1.849615212992736,0.8507565148145181,0.43244464476957845
-1.0157210600862439,1750989300,1750989600,1750995360,-1,SL,5.0,1.039633799369338,0.037896194642939106,8.29069745563776
1.5349604611996297,1751002200,1751002740,1751008920,1,PROTECTED_STOP,9.0,-2.9656180250982067,0.15390594636601984,3.318181796624555
0.06915121107264384,1751069100,1751070720,1751072400,1,PROTECTED_STOP,27.0,-1.581507962017897,0.8339100346020213,0.9678423224909334
1.9568483169933866,1751073300,1751074920,1751083140,1,PROTECTED_STOP,27.0,-0.7579094746382221,0.8312499999999353,0.45098039161447717
0.06597707341408718,1751084400,1751084820,1751087040,1,PROTECTED_STOP,7.0,-2.2631253467343915,0.0,319004217.11331856
-1.0958050771782355,1751178900,1751181420,1751183940,-1,SL,42.0,1.095864489513206,1.3099885189435359,0.34969325126695916
2.3926079951021424,1751184600,1751184660,1751185920,1,PROTECTED_STOP,1.0,-1.2965972419830465,0.0,717355371.9009935
0.021162344322300228,1751186100,1751186160,1751186520,1,PROTECTED_STOP,1.0,-3.173637132315123,0.0,749450549.4506259
0.08360382317026778,1751241600,1751242200,1751245560,1,PROTECTED_STOP,10.0,-1.720066027499042,0.5278309073816067,0.7644024061183734
-1.0140278244837932,1751246400,1751247180,1751259060,1,SL,13.0,-2.200788319233344,0.23113938053096128,1.3735343324160754
-1.0284268308684568,1751259600,1751259780,1751261640,1,SL,3.0,-1.435101017004229,0.20468987234999683,1.938461528991078
-1.0233787701477361,1751328000,1751329800,1751330700,-1,SL,30.0,1.622060403015465,2.1023264522773326,0.20074812958030192
0.08089689478906434,1751332200,1751333460,1751336340,-1,PROTECTED_STOP,21.0,1.0462898387240365,0.7028305485617921,0.4612461999516418
0.08106637855871586,1751340900,1751343480,1751356200,-1,PROTECTED_STOP,43.0,2.277043746759745,0.33435687478676107,1.3984126942303952
1.716865043632072,1751414400,1751416140,1751419080,-1,PROTECTED_STOP,29.0,2.350659713530374,0.5467597830752161,0.872127870532621
-1.0172715897579159,1751426100,1751426340,1751431800,-1,SL,4.0,2.2762901963867557,0.0,303699304.85209453
-1.021636459878403,1751432400,1751432520,1751434920,-1,SL,2.0,1.0093944560956805,0.0,420207660.7626018
-1.0203911285794363,1751500800,1751500980,1751502120,1,SL,3.0,-2.2002215549618893,0.023582257158883346,35.66666515425563
0.07995530560160957,1751502300,1751502540,1751504220,1,PROTECTED_STOP,4.0,-1.6664134311586902,0.3315178782855805,1.1999999963802859
-1.0197858139413987,1751514600,1751515020,1751516340,-1,SL,7.0,1.5724706161477493,0.1235358425738269,2.7345132522003244
0.07191673805602228,1751587200,1751587680,1751590260,1,PROTECTED_STOP,8.0,-1.4283243591201846,0.03305875892369095,9.953488071002218
1.425066804060068,1751599200,1751600220,1751610000,-1,PROTECTED_STOP,17.0,2.9347821533863576,0.47930686406464734,0.6904176889771304
0.07616767648343056,1751611800,1751612940,1751614740,-1,PROTECTED_STOP,19.0,1.614339292895909,1.0064715813168548,0.3411611216440848
1.4209509251991002,1751681400,1751681820,1751686560,1,PROTECTED_STOP,7.0,-1.3724398783107763,0.6876752270942535,0.7945205467899793
0.07434787737045437,1751688900,1751689680,1751690820,1,PROTECTED_STOP,13.0,-1.1031769396520734,0.25268188520006546,2.129577456360997
0.07250949810037749,1751702100,1751702460,1751709420,1,PROTECTED_STOP,6.0,-2.5756012504036923,0.12063041937058262,3.9999999668445523
0.04975814246832307,1751760000,1751760120,1751761620,-1,PROTECTED_STOP,2.0,1.7920698191056925,0.5799641505677072,1.2836538439401939
0.05281006795087833,1751762700,1751762760,1751767080,-1,PROTECTED_STOP,1.0,2.09715300705615,0.0,861417617.3553786
1.874967582745426,1751778900,1751779260,1751782740,1,PROTECTED_STOP,6.0,-0.8483123496713613,0.04422449194482482,8.66666647069683
-1.0140599039946965,1751846700,1751847180,1751848920,1,SL,8.0,-1.457413211309195,0.34412933127347456,0.9528619500929186
0.08658306841983601,1751849100,1751851020,1751852880,1,PROTECTED_STOP,32.0,-1.0651963207284376,0.6357923641548325,0.554651161918286
0.08276270682786231,1751855700,1751856120,1751859960,1,PROTECTED_STOP,7.0,-2.3810548042309048,0.12149658945092065,2.638132274006624
-1.0236966103286358,1751932800,1751932980,1751934600,-1,SL,3.0,2.2441979279591076,0.26159624413146915,1.1532663272494872
0.07687791002871516,1751935200,1751935740,1751935920,-1,PROTECTED_STOP,9.0,1.9320423784245728,0.983794176890669,0.8097719861475918
1.4074881030822335,1751937600,1751938800,1751940840,-1,PROTECTED_STOP,20.0,1.1576361625197698,0.6727871732923841,0.6051188290822227
0.07105467084635855,1752020100,1752021720,1752024120,1,PROTECTED_STOP,27.0,-1.5717556645894502,0.5585636933599408,0.7157142844330213
-1.028484923664085,1752025500,1752026100,1752029820,1,SL,10.0,-1.8724496698804391,0.143803322855887,3.442622926879323
0.07437327455155847,1752031800,1752032040,1752033360,-1,PROTECTED_STOP,4.0,1.1699714523226155,0.0,317117664.9437322
0.08586420379154633,1752108000,1752110400,1752112740,1,PROTECTED_STOP,40.0,-1.4721789561705247,0.6580511478270072,0.7076566114536439
0.07018231097336064,1752131400,1752131460,1752131820,-1,PROTECTED_STOP,1.0,1.2813517637213008,0.0,803351121.8224674
0.0729569385657879,1752143700,1752144180,1752144600,-1,PROTECTED_STOP,8.0,2.864535981059762,0.10241939697967305,10.878571322355707
0.08671890537552071,1752202500,1752202560,1752205680,-1,PROTECTED_STOP,1.0,1.0123639449406476,0.0,442112456.07187605
-1.0150644285806254,1752210600,1752211020,1752211800,-1,SL,7.0,1.6514862460571365,0.6065984950800548,0.8256997441859111
-1.0132388813864528,1752212100,1752212280,1752212640,-1,SL,3.0,3.8148810116908285,0.4777177582714362,1.1208480541908878
1.3909651660621456,1752280800,1752281220,1752301860,1,PROTECTED_STOP,7.0,-1.5077002239943333,0.3144868786003708,1.246947078803125
0.07409795572300917,1752302700,1752302880,1752308160,-1,PROTECTED_STOP,3.0,1.0204830979098163,0.16288271314176017,4.093117383777781
0.07385978211028148,1752312300,1752313860,1752314100,1,PROTECTED_STOP,26.0,-2.5186606168460446,0.9270907452208575,0.9133237812497685
0.07857062792851091,1752365100,1752365280,1752369360,-1,PROTECTED_STOP,3.0,1.5344885403102018,0.0,361251419.3978345
0.07447965420371301,1752370800,1752372120,1752374520,-1,PROTECTED_STOP,22.0,2.63658606776521,0.9015225590165538,0.48083875579350327
-1.0273936921643034,1752375300,1752376200,1752377760,-1,SL,15.0,1.2270878172869637,0.7360695026961482,0.5489078814955756
0.08641424092125537,1752451200,1752452580,1752452880,1,PROTECTED_STOP,23.0,-1.7256091919543572,0.570206943731817,0.6934613065222549
0.0859750898844403,1752459900,1752459960,1752461280,1,PROTECTED_STOP,1.0,-1.3023176278482882,0.0010535293232430566,992.6657244281947
3.2040605741397696,1752461400,1752461460,1752464580,1,PROTECTED_STOP,1.0,-1.9988807584766568,0.0,425969051.2982454
-1.0145409614330003,1752541800,1752542100,1752542400,1,SL,5.0,-1.2487413327677206,0.08078961798576405,9.805429742880756
0.0862752399769401,1752542700,1752542760,1752544200,1,PROTECTED_STOP,1.0,-3.325340680786065,0.0,1141368239.0713916
0.08965768593600347,1752544800,1752544860,1752545100,1,PROTECTED_STOP,1.0,-1.475302865271975,0.0,580957363.3272073
0.08776371632848103,1752624000,1752626340,1752628320,1,PROTECTED_STOP,39.0,-1.6701606384647762,1.025142399430415,0.33880279517238726
0.08617455830387911,1752632400,1752632460,1752636060,1,PROTECTED_STOP,1.0,-1.272770761662977,0.0,462544169.61133313
0.08495647102777538,1752643800,1752643920,1752647220,1,PROTECTED_STOP,2.0,-1.0109810337803546,0.0,308848855.9634691
-1.0133297078196262,1752716100,1752718320,1752722280,1,SL,37.0,-1.6730925263340342,1.9077858469852818,0.3109065154177861
0.08873385435847721,1752722400,1752722460,1752735780,1,PROTECTED_STOP,1.0,-1.7097094707986749,0.0,517001513.97357106
0.08641047895358672,1752738300,1752738420,1752741780,-1,PROTECTED_STOP,2.0,1.8566352308152396,0.0,375885129.81902766
0.08757043433337597,1752820200,1752820740,1752821580,1,PROTECTED_STOP,9.0,-1.098448481545517,0.2386803941104853,1.8454545377227143
0.08813910539450945,1752825900,1752827280,1752835740,-1,PROTECTED_STOP,23.0,5.622388790139942,0.46675625519930203,1.2328854740062487
1.3417036993502534,1752846300,1752848220,1752848820,-1,PROTECTED_STOP,32.0,1.3664991773154946,2.0566656871387616,0.4640773459987443
0.08504638564047688,1752884100,1752886260,1752887340,-1,PROTECTED_STOP,36.0,1.689049854857521,0.4028283927114638,0.9820415854637534
0.07799301480860132,1752893700,1752893820,1752903120,-1,PROTECTED_STOP,2.0,1.3982521443419196,0.1620564403464653,3.0965517050301723
0.06448884875848433,1752914100,1752914160,1752915060,1,PROTECTED_STOP,1.0,-2.28953241674385,0.0,551693002.257273
0.08171667609445812,1752969600,1752970020,1752971820,-1,PROTECTED_STOP,7.0,1.5157173193598552,0.10388313978639087,3.1883407764824705
0.07915780648254338,1752973800,1752973860,1752976920,-1,PROTECTED_STOP,1.0,1.943276847084838,0.0,402515246.7896983
0.07717467252525823,1752982800,1752982920,1752985200,-1,PROTECTED_STOP,2.0,3.1520338991843233,0.0,717293981.0976975
0.08966468407113498,1753056000,1753056540,1753058400,-1,PROTECTED_STOP,9.0,2.0401954056253917,0.10514566780173361,3.690176287322559
-1.0099428569705202,1753064100,1753064160,1753066980,-1,SL,1.0,1.1093497663337029,0.0,366347563.2928734
1.669891650342818,1753068300,1753068600,1753083060,1,PROTECTED_STOP,5.0,-1.3824600473493136,0.043095004897173966,8.664772526207754
0.08480439025294534,1753142400,1753142820,1753144740,-1,PROTECTED_STOP,7.0,1.0138436976602154,0.12209754471728777,2.990445835379326
0.08989527977301413,1753151400,1753152120,1753153440,-1,PROTECTED_STOP,12.0,1.1868186191006629,0.34019609653416594,1.9217325171473267
0.08988328947287236,1753165800,1753167540,1753170960,1,PROTECTED_STOP,29.0,-2.3247031820069504,0.6064888937963365,0.5076465582114155
-1.0167434634957757,1753228800,1753230240,1753230480,1,SL,24.0,-1.7706141633450823,0.8520211526395886,0.4732449675349405
0.08401471821857112,1753230600,1753230780,1753231740,1,PROTECTED_STOP,3.0,-1.7548228278549993,0.0,515271105.01028514
-1.0145094063309765,1753232700,1753233600,1753236180,1,SL,15.0,-1.9775643390577127,0.3155431928666026,1.0242214500413658
0.08796006685188248,1753315200,1753316340,1753317000,1,PROTECTED_STOP,19.0,-1.1183000005089418,0.5591248480639021,0.8239130420047165
0.08660301342195574,1753335300,1753336680,1753340100,-1,PROTECTED_STOP,23.0,2.6967362645335964,0.8100078186082972,0.7077702693965041
-1.00992582632447,1753341300,1753341420,1753343880,-1,SL,2.0,1.5198129358690864,0.04295563657365635,7.199999832384871
0.0787125572538564,1753401600,1753401840,1753402440,-1,PROTECTED_STOP,4.0,2.4591896076329673,0.6295352786783998,0.9656652345175688
1.7312084449093743,1753402800,1753402920,1753406820,-1,PROTECTED_STOP,2.0,1.361658070753147,0.06834030683403068,6.707142758999148
-1.0159399468126435,1753407000,1753407120,1753407360,-1,SL,2.0,3.378780687009061,0.0,394188213.3705921
-1.0209843962958491,1753497000,1753497060,1753502820,1,SL,1.0,-1.6855647410565195,0.0,607741984.791113
0.07662855356636021,1753503900,1753504560,1753520100,1,PROTECTED_STOP,11.0,-1.1510852367941105,0.0364023870417209,8.491803045425163
0.06681108298168315,1753527000,1753527060,1753528620,1,PROTECTED_STOP,1.0,-1.8739072841596982,0.0,588185654.008537
1.5808782161097876,1753574700,1753575420,1753583040,1,PROTECTED_STOP,12.0,-2.0663300901692585,0.45855953673545624,0.8305709005826407
-1.035819815728039,1753583100,1753584780,1753585560,1,SL,28.0,-1.1818215421621265,0.8774980534648872,1.8209109710095994
-1.028966244503995,1753588200,1753589520,1753598460,-1,SL,22.0,2.1461901627991726,0.49293184087446,0.8626865654141093
0.08279738308149259,1753660800,1753661700,1753662120,1,PROTECTED_STOP,15.0,-1.633884134657005,0.39198273203818246,1.3491189392896688
1.4362848413899543,1753667100,1753668540,1753670280,1,PROTECTED_STOP,24.0,-2.0823708766635365,0.4521029038060913,0.6984969038484258
-1.0154526333287168,1753671300,1753671720,1753676280,1,SL,7.0,-2.3781225024342874,0.0651613796924892,7.565476074371546
-1.0138130475521152,1753747200,1753747260,1753748160,-1,SL,1.0,1.6064330727297822,0.0,371047083.6261145
0.08557019858306068,1753748400,1753749000,1753751760,-1,PROTECTED_STOP,10.0,1.4407215861963896,0.5320908805360617,0.930440769601271
0.08697167236035146,1753754700,1753755360,1753755660,-1,PROTECTED_STOP,11.0,1.0455471426833929,0.44804516986143633,0.8072646386727765
0.08313516971199514,1753842900,1753843260,1753847820,1,PROTECTED_STOP,6.0,-1.0811520629403726,0.3719278915312475,1.104838706706743
1.955178063500416,1753852500,1753852560,1753859340,1,PROTECTED_STOP,1.0,-2.599795534568938,0.26134872736808407,1.1787148549281372
-1.021663460657705,1753859700,1753860060,1753863240,1,SL,6.0,-2.4018905712741065,0.1154163231657054,3.8999999662090086
1.6579585585585772,1753926900,1753927140,1753933980,1,PROTECTED_STOP,4.0,-3.14615741220153,0.028859367842465445,12.388888459582962
0.0802024124847828,1753934400,1753936740,1753950120,1,PROTECTED_STOP,39.0,-1.6904152777447312,0.6063426157921137,0.7727272714528657
0.06838510930529226,1753962600,1753963260,1753964040,1,PROTECTED_STOP,11.0,-1.4768894510874624,0.5416046697950515,0.9659763295775696
0.08918226163487289,1754006400,1754007000,1754007420,-1,PROTECTED_STOP,10.0,1.6490159020524249,0.21150412294605805,2.0836653287938
-1.0096005804192518,1754009400,1754009460,1754009640,-1,SL,1.0,1.594809390113416,0.0,2218664556.051225
0.09036811651555916,1754009700,1754010660,1754010900,-1,PROTECTED_STOP,16.0,1.6879502505378108,1.4828032810476368,0.4325747279691348
0.08961096975279705,1754095800,1754097780,1754098440,-1,PROTECTED_STOP,33.0,1.8291161213713336,0.4917962088095081,0.6562499986656489
0.07831403673341969,1754109300,1754111220,1754112180,-1,PROTECTED_STOP,32.0,1.3130367159118594,0.005138871895231734,93.22220408223782
0.06995894792489368,1754115600,1754117400,1754118360,1,PROTECTED_STOP,30.0,-3.0309135600026327,1.4599524187152408,0.33025529580858554
0.08701859029891705,1754179200,1754180580,1754181540,-1,PROTECTED_STOP,23.0,1.6209237455045369,0.841018786663682,0.5117428918513414
-1.0107835078158491,1754182800,1754182980,1754186640,-1,SL,3.0,1.4775457248477404,0.2237200631005317,1.560256403282227
1.4790763874160204,1754195700,1754196720,1754218320,1,TIME,17.0,-1.3958669078457289,0.1203605514315861,3.4096916016277894
0.07724058416604104,1754265600,1754265660,1754267100,1,PROTECTED_STOP,1.0,-1.1004579368443967,0.0,621743957.6394334
1.557847441173349,1754268000,1754268120,1754269440,1,PROTECTED_STOP,2.0,-1.0990165029198558,0.05927508705284912,6.925233528030131
-1.0169884865778769,1754270100,1754270700,1754273280,1,SL,10.0,-1.2068706062907641,0.6462904248572883,0.752747251582618
0.0802330752608259,1754364300,1754365260,1754370420,1,PROTECTED_STOP,16.0,-2.077090115062643,0.09438784960176251,5.335164778642157
0.07651819398485354,1754376900,1754379300,1754379660,-1,PROTECTED_STOP,40.0,1.0912997604370567,1.4898742554599425,0.305555555350459
0.08180299216717399,1754382300,1754382420,1754383140,1,PROTECTED_STOP,2.0,-2.4893836179994566,0.0,463149278.6739824
-1.0211027677496956,1754440200,1754440740,1754441340,1,SL,9.0,-2.050383499473531,0.4337683976673499,1.108834824588395
-1.0215279835724476,1754441400,1754441520,1754443320,1,SL,2.0,-2.1430152820680086,0.06241387695549986,10.872727098524122
0.07818763584533528,1754443500,1754443980,1754444820,1,PROTECTED_STOP,8.0,-2.1454440510225803,0.5796160013156098,0.5223435939350308
0.0712355786764137,1754527200,1754529540,1754531100,1,PROTECTED_STOP,39.0,-1.2954137929198266,0.590904215381296,0.6772553991080577
-1.0330214992695417,1754531700,1754531760,1754532540,-1,SL,1.0,2.421107304394427,0.0,2179640718.562876
0.07211943127959626,1754532600,1754533620,1754534100,-1,PROTECTED_STOP,17.0,2.5989195723050034,0.4950783813342691,0.6818851238068679
-1.0198720461651565,1754611200,1754613480,1754614560,1,SL,38.0,-2.528837852778513,3.032631922060014,0.28741013199018195
-1.0144894100584496,1754615100,1754615280,1754625840,1,SL,3.0,-2.0011057995670702,0.3896214151168448,1.0400381288846183
0.08067486542443064,1754626800,1754629200,1754629800,-1,PROTECTED_STOP,40.0,1.3811275906079052,0.17937888198753427,2.066481982940287
0.058750330271021486,1754705700,1754705940,1754713200,1,PROTECTED_STOP,4.0,-1.480145486396445,0.08397236352586593,5.063291078947125
0.06393669984518635,1754714100,1754714520,1754715720,-1,PROTECTED_STOP,7.0,1.963421468485832,0.7534173855342133,1.404438962377413
-1.032202571090041,1754716200,1754716260,1754716680,-1,SL,1.0,2.685252586663925,0.0,1242417061.6113772
0.0683912376525028,1754787000,1754787960,1754791500,-1,PROTECTED_STOP,16.0,3.224900976966135,0.5141196978500635,1.3876582251490235
1.5338573306116325,1754795100,1754795160,1754795400,1,PROTECTED_STOP,1.0,-1.8731416889395693,0.0,773098409.9699378
0.07818508483525477,1754795700,1754796060,1754796180,1,PROTECTED_STOP,6.0,-4.548636733041015,1.3098831451772466,0.9144792541706285
-1.0146088759567988,1754870400,1754871720,1754874540,1,SL,22.0,-1.6880028999288454,0.5945265806857544,1.0246913563011497
2.028407707039633,1754874600,1754875620,1754877600,1,PROTECTED_STOP,17.0,-2.472239711224028,0.6898032615634736,0.573616018014092
1.750331504013324,1754877900,1754878080,1754878920,1,PROTECTED_STOP,3.0,-2.9644097778623175,0.22593290230614482,4.02523657524419
-1.0122682203546451,1754957100,1754957340,1754960820,-1,SL,4.0,2.0643795797787985,0.03197551943584664,10.135922013119327
0.08781431479366457,1754961000,1754961120,1754970540,-1,PROTECTED_STOP,2.0,1.9227038412476725,0.05443282664088401,10.129943316726795
0.08158084860601772,1754991300,1754992380,1754992860,-1,PROTECTED_STOP,18.0,2.437934748415844,0.14041986004660834,3.255813930303038
-1.0178003243758726,1755045300,1755045480,1755046560,1,SL,3.0,-2.3542489773456916,0.16740340276675994,2.6063829631535267
-1.0175285364321454,1755047400,1755048000,1755050820,1,SL,10.0,-1.8106863911090771,0.9664572864321647,0.4344858958197645
0.08490223403582656,1755060300,1755061260,1755066120,-1,PROTECTED_STOP,16.0,1.8152398660240825,0.07860262008732533,4.468598976966544
0.08926950721617173,1755129600,1755129720,1755130020,1,PROTECTED_STOP,2.0,-1.8161507184947214,0.07739845873198328,7.144781052470567
0.0900042023382205,1755130800,1755131280,1755131640,1,PROTECTED_STOP,8.0,-1.5588388199687349,0.5383871858602349,0.6692100526170349
-1.0086543727013701,1755132600,1755132900,1755144900,1,SL,5.0,-1.154323006586901,0.3359731724478714,1.5046787229075373
0.08726701616627669,1755216000,1755217440,1755218220,-1,PROTECTED_STOP,24.0,1.5879741106561058,0.5842494226327811,0.5439955718414745
-1.015116916687176,1755222600,1755223380,1755228480,-1,SL,13.0,1.7923784277490769,0.21690302483808965,1.9065255644026804
0.08238876914948007,1755237600,1755237660,1755240600,1,PROTECTED_STOP,1.0,-2.6923313111497666,0.0,559556259.9048766
-1.0191991459291325,1755302400,1755302460,1755303360,-1,SL,1.0,1.9504990729384521,0.0,357235618.2654039
0.08168222741434913,1755305400,1755306360,1755313500,-1,PROTECTED_STOP,16.0,1.1386859694209843,0.3341121495327135,1.054545451389111
0.07750393903323574,1755324900,1755325680,1755331860,1,PROTECTED_STOP,13.0,-1.9496824879718226,0.20112465624102216,1.9714285616265483
0.06305283987299917,1755389400,1755390060,1755392520,-1,PROTECTED_STOP,11.0,1.5400764321935816,0.5427162828392866,0.6045296156106998
-1.0339276411178127,1755394500,1755395040,1755397740,-1,SL,9.0,2.103335885322313,0.5352252308073281,1.3063209051767304
-1.0323830989799017,1755397800,1755397980,1755402120,-1,SL,3.0,2.0056857827311108,0.04383788254758389,13.377358185402384
0.07523331220954017,1755475500,1755476340,1755477660,-1,PROTECTED_STOP,14.0,2.166614636496754,1.153358681875786,0.39560439526139357
0.08181222939021507,1755480300,1755480540,1755481140,-1,PROTECTED_STOP,4.0,1.7148049360248752,0.24708359795435178,9.015151478664778
0.08663913193418574,1755481500,1755481560,1755482880,-1,PROTECTED_STOP,1.0,1.2565411757764577,0.0,875948369.2974664
0.08195265626390019,1755563400,1755563640,1755563760,1,PROTECTED_STOP,4.0,-1.9764357724135833,1.919445185382757,0.30155642007635913
0.0845093738710521,1755564600,1755564780,1755566040,1,PROTECTED_STOP,3.0,-2.3545131647649686,0.030346243796726374,13.81578901840183
0.08664548081911799,1755568500,1755569520,1755572100,1,PROTECTED_STOP,17.0,-1.3858606109891112,0.09613912012450669,6.003597059854347
0.08207224733484542,1755648600,1755648720,1755649800,-1,PROTECTED_STOP,2.0,1.04377453648331,0.014750365360390828,27.580643291540202
0.08517999195864144,1755651900,1755652140,1755652800,-1,PROTECTED_STOP,4.0,2.099213126475279,0.16337064153268646,2.930288443602842
0.08703818739943925,1755653400,1755653700,1755654480,-1,PROTECTED_STOP,5.0,2.2308845212593114,0.015167930660868297,25.22727106410816
0.08232222001279957,1755734400,1755736920,1755737280,1,PROTECTED_STOP,42.0,-1.8721857491570701,1.2072645323788698,0.3136049190331126
0.0807499408940499,1755739200,1755739260,1755739380,1,PROTECTED_STOP,1.0,-2.2559213176634727,0.0,426575957.1542209
0.08109420202519671,1755740100,1755740280,1755742260,1,PROTECTED_STOP,3.0,-2.149552048307856,0.006451384211774545,66.69229735524135
0.08556289047109074,1755821700,1755823740,1755825300,-1,PROTECTED_STOP,34.0,1.7432677560377507,0.6049976633587074,0.6590330777911413
-1.0166563352641331,1755827100,1755827460,1755828840,-1,SL,6.0,1.7975478940006084,0.0,451998860.50707805
-1.0158749944828898,1755828900,1755829020,1755829440,-1,SL,2.0,1.78443504082643,0.0,728438158.2907412
-1.0208954029149817,1755907500,1755908580,1755911820,1,SL,18.0,-2.4730593671670156,0.886055593843351,0.633998789363122
-1.0211113876933609,1755912000,1755912060,1755913080,1,SL,1.0,-2.742901250718916,0.0,597650343.1429905
-1.0209037051281808,1755913200,1755914460,1755915120,1,SL,21.0,-2.5171165064675205,0.8297692307691884,0.7579493826038125
0.06710228198858648,1755993600,1755993660,1755994260,-1,PROTECTED_STOP,1.0,3.0729197679868903,0.0,403056234.71886903
0.06723845701895187,1755999900,1756000440,1756001580,1,PROTECTED_STOP,9.0,-1.762086851697153,0.36844344496446174,1.4018475712527916
-1.0262913220581955,1756003200,1756003320,1756004160,1,SL,2.0,-1.5917023180509684,0.37774953563395863,1.2409420257004804
0.08574868771395398,1756100700,1756100940,1756102920,-1,PROTECTED_STOP,4.0,1.3260399844037187,0.4294408520350286,0.7077059328071931
0.08585106329228971,1756103700,1756104240,1756104960,-1,PROTECTED_STOP,9.0,2.5564127752130763,0.0026525916903394923,129.28566554687515
0.08519938777058857,1756107300,1756107360,1756108080,-1,PROTECTED_STOP,1.0,2.3002360079158093,0.16319799840782317,6.8951219089694025
0.0923359323284216,1756166400,1756166460,1756166640,-1,PROTECTED_STOP,1.0,1.7837218908872376,0.0,520456992.4632268
1.3632003457549007,1756212000,1756212660,1756212900,-1,PROTECTED_STOP,11.0,1.9208134485813577,1.6489307209629545,0.2775210653386478
0.08902576646816993,1756214400,1756214760,1756216260,-1,PROTECTED_STOP,6.0,1.5032114417919475,0.233003469990994,2.1467181375050193
-1.0133022508038747,1756253100,1756253400,1756256580,1,SL,5.0,-2.6926553817672696,0.0,421579135.4055029
-1.0131674464184737,1756256700,1756256940,1756264860,1,SL,4.0,-2.165369056191695,0.0,355171452.46721077
-1.016608900876614,1756279500,1756279980,1756283400,1,SL,8.0,-1.2887258088594222,0.42751180040454767,0.8338590937383621
0.08808074269743224,1756339500,1756340460,1756341780,-1,PROTECTED_STOP,16.0,0.8658591551482366,0.561800849890883,0.7126502563159319
-1.011967011052553,1756344000,1756344120,1756351800,-1,SL,2.0,1.9877559218052614,0.006442854184403678,54.44999154877501
0.08246464787948067,1756356000,1756356060,1756360020,1,PROTECTED_STOP,1.0,-1.189513371932348,0.0,581757545.4394107
0.07876928308302186,1756425900,1756425960,1756426920,-1,PROTECTED_STOP,1.0,2.0054441450189473,0.0,411448002.2668811
2.129599283916481,1756428300,1756428780,1756430640,-1,PROTECTED_STOP,8.0,1.6846307778338026,0.2342514800240894,1.8177966024096435
0.08309975185027521,1756430700,1756431360,1756436820,-1,PROTECTED_STOP,11.0,1.5269269573569233,0.8010142713175721,0.4869318175739903
0.08503387858313638,1756512000,1756512060,1756514820,-1,PROTECTED_STOP,1.0,1.9983248905925934,0.0,462158478.041823
0.0836408572048653,1756520400,1756520640,1756520820,-1,PROTECTED_STOP,4.0,1.2863876707233968,0.07656250000001362,4.708333271836267
0.08488420108792975,1756527600,1756529940,1756532160,-1,PROTECTED_STOP,39.0,1.423421310426285,0.6205391834538914,0.8213081578133488
-1.0362495440801809,1756599000,1756599180,1756600440,-1,SL,3.0,1.3347698554997447,0.19198628669377568,1.916666656683757
-1.0355699573813673,1756601100,1756601460,1756601760,-1,SL,6.0,4.403937309609784,1.9347446377419177,0.3190090999361791
0.06875021459230736,1756602000,1756602060,1756603200,-1,PROTECTED_STOP,1.0,3.2303013327230516,0.0,1047210300.4291753
0.08344155673689393,1756685700,1756687320,1756687680,1,PROTECTED_STOP,27.0,-1.3820868466379734,1.558771411695232,0.6448570582364694
0.08970904041542657,1756693200,1756693440,1756693620,-1,PROTECTED_STOP,4.0,1.0854759531113354,0.05187201899651542,7.182320303530091
-1.0117578008519668,1756700700,1756701300,1756705020,-1,SL,10.0,1.5620658566457677,0.48017289983085853,0.7945205462905504
0.09002580202906862,1756774200,1756775100,1756779420,1,PROTECTED_STOP,15.0,-0.9947287659831402,0.42774883465862573,0.7583333315604115
1.5695682504330415,1756781100,1756781340,1756783020,1,PROTECTED_STOP,4.0,-1.488067981532247,0.0613864142539262,8.142857010203901
0.08909913036119556,1756783200,1756785000,1756795320,1,PROTECTED_STOP,30.0,-2.042876297341248,0.6265208099701688,0.5460992899085039
-1.0160782863450166,1756860900,1756861380,1756862580,1,SL,8.0,-1.3158606584305574,0.29071890570361175,1.1177347204472776
0.08382899247556225,1756862700,1756863000,1756865340,1,PROTECTED_STOP,5.0,-2.527834407159349,0.0,434918355.240562
0.08423333231687216,1756877100,1756877880,1756885320,1,PROTECTED_STOP,13.0,-1.2835908364023745,0.15924130149728377,2.286863256416386
0.08135326423634737,1756949700,1756949820,1756952280,-1,PROTECTED_STOP,2.0,1.0876064809518156,0.011508220157269626,35.39130127247253
0.08242909656057205,1756952700,1756952760,1756955460,-1,PROTECTED_STOP,1.0,1.0316566126773627,0.0,703358335.0226222
1.4600979895995712,1756958100,1756960200,1756967160,-1,PROTECTED_STOP,35.0,3.7080382262872496,0.4807269608105618,0.8024980467304225
-1.0136343392811635,1757030400,1757032500,1757033700,1,SL,35.0,-1.1310601015297645,0.7272871036609112,0.9989852852830304
1.8220516870378598,1757034900,1757035140,1757051640,1,PROTECTED_STOP,4.0,-1.2056610708251148,0.2516070620189947,2.1738035178089192
2.013728704182399,1757051700,1757051760,1757055720,1,PROTECTED_STOP,1.0,-1.8291149827162956,0.0,309007755.0208771
-1.0252966092291957,1757121300,1757121840,1757126760,-1,SL,9.0,2.015504269196255,0.12336009398864198,2.9722221981283514
1.3564445828144254,1757148900,1757149200,1757150400,-1,PROTECTED_STOP,5.0,1.8654287144182051,0.1307596513075957,7.72222216316561
0.056289257410369546,1757154300,1757154360,1757159340,1,PROTECTED_STOP,1.0,-1.062994644392042,0.08765547000585308,3.445945906636268
-1.0519664678728529,1757203800,1757205000,1757206320,-1,SL,20.0,1.9404092579214236,0.2080258768826025,1.5238095164843335
-1.050507632413975,1757206800,1757207100,1757207400,-1,SL,5.0,2.27150826694729,0.0,409461183.62944657
-1.0410392725341797,1757208600,1757208660,1757209740,-1,SL,1.0,1.8776281620812352,0.0,431541218.6379653
0.0778945167484437,1757289600,1757289660,1757290980,-1,PROTECTED_STOP,1.0,2.9438193791482012,0.15890761681249574,2.518796976629952
0.07956860287937358,1757291400,1757291460,1757291880,-1,PROTECTED_STOP,1.0,2.180798073465499,0.0,452947667.0870502
0.08329430536688368,1757293200,1757293260,1757298120,-1,PROTECTED_STOP,1.0,1.574977270869349,0.0,482243353.38638544
0.07457858864142128,1757377500,1757377800,1757378820,-1,PROTECTED_STOP,5.0,1.9066156328816521,0.42741305197343077,1.6383999961666125
0.07739680652578358,1757379000,1757379060,1757379960,-1,PROTECTED_STOP,1.0,2.6608524695821796,0.0,704647025.6432561
0.07929011021152413,1757380800,1757381160,1757383740,-1,PROTECTED_STOP,6.0,2.558087214159095,0.34898097555139157,2.8319999918849446
-1.0200695556845203,1757465400,1757467080,1757467920,1,SL,28.0,-1.8689142593605546,1.1348423292706584,0.4754176606788819
-1.0178047442753309,1757471100,1757471340,1757482860,-1,SL,4.0,3.039259166194224,0.27786918963386786,1.257340237271441
2.1165922511312694,1757484000,1757485620,1757489460,1,PROTECTED_STOP,27.0,-1.4825114287560002,1.0627828054298387,0.3453964871684121
0.08064818551314207,1757563200,1757563260,1757564340,-1,PROTECTED_STOP,1.0,3.0071532812041846,0.0,510088546.95888394
0.07878957311966778,1757568300,1757568360,1757570760,1,PROTECTED_STOP,1.0,-1.3929794352845453,0.0,545179162.1826085
0.07881012299586304,1757572200,1757572320,1757573280,1,PROTECTED_STOP,2.0,-1.9604982151056785,0.05171386582994008,11.322580426211358
2.0779293166872863,1757635200,1757635260,1757638020,1,PROTECTED_STOP,1.0,-2.174446864195074,0.0,960415867.7404258
-1.0155266649440535,1757638800,1757638860,1757640840,1,SL,1.0,-2.0106059423346987,0.0,407166030.26035446
-1.0135143484981557,1757642100,1757643000,1757647440,1,SL,15.0,-1.4544417741093534,0.524276225090843,0.7510040146318082
-1.0210937637602562,1757728200,1757728440,1757730060,-1,SL,4.0,2.741852073717628,0.001094305702098432,1649.9984922200315
0.07924381881496159,1757730300,1757731740,1757737980,-1,PROTECTED_STOP,24.0,0.9549626511051542,0.2640190505454309,1.4439918478909275
0.0536096943730795,1757758200,1757759220,1757759880,-1,PROTECTED_STOP,17.0,1.3237618577121149,1.0796915167095116,0.30111111083228953
-1.0474728724337135,1757809500,1757810100,1757811000,1,SL,10.0,-1.7699878338312298,0.37954027022277365,0.8640776676263382
-1.0472794497391502,1757811300,1757811360,1757811720,1,SL,1.0,-2.9323605038108203,0.0,358660487.89003485
1.9379657734469775,1757812200,1757813700,1757816100,1,PROTECTED_STOP,25.0,-3.1285745646935985,0.9829476248477038,0.3296158608789438
0.08149923495762382,1757894700,1757894820,1757895060,-1,PROTECTED_STOP,2.0,1.0343912319210131,0.0989041284719833,3.1024389930223837
-1.015627448473591,1757901900,1757903580,1757910000,-1,SL,28.0,1.544417803054403,0.2168177591817883,1.6697936133116729
0.08097208746398042,1757911200,1757911260,1757911860,1,PROTECTED_STOP,1.0,-1.0407280274007131,0.0,636855796.9485712
0.07499233455968088,1757982300,1757982660,1757983020,1,PROTECTED_STOP,6.0,-1.338420771953479,0.3931448796162861,0.9253731319745904
-1.0184539418043839,1757994900,1757994960,1757996220,1,SL,1.0,-1.958140046585909,0.0,417609545.36103183
1.4790788713643983,1757996400,1757996460,1757999160,1,PROTECTED_STOP,1.0,-1.8240401095571814,0.0,431665876.937679
0.0760216484549155,1758068100,1758068280,1758072060,1,PROTECTED_STOP,3.0,-1.7629965321726593,0.0,341117377.5114728
0.07366534666216332,1758076800,1758077220,1758077640,1,PROTECTED_STOP,7.0,-1.0965426269521508,0.0,514512000.77272916
1.351551800293201,1758084600,1758084720,1758086280,1,PROTECTED_STOP,2.0,-1.0106703513286281,0.0,398821772.989584
0.0874160871108783,1758156000,1758157500,1758161160,1,PROTECTED_STOP,25.0,-1.5966194103484628,0.5172940686206141,0.7048872166825083
1.5296912539382483,1758164100,1758164220,1758165420,1,PROTECTED_STOP,2.0,-1.6173836376340198,0.0,422306238.1852442
0.0862770964517864,1758165600,1758165660,1758167040,1,PROTECTED_STOP,1.0,-3.1282540027111256,0.0,555172413.7931421
-1.0212955446317253,1758240300,1758240660,1758241020,-1,SL,6.0,2.8028376953293312,0.2578027465668539,1.6122881293386773
0.07941919921730549,1758242400,1758244380,1758246900,-1,PROTECTED_STOP,33.0,1.3665681803558776,0.6253480845939466,0.8264532421494153
0.07983662870944107,1758256200,1758258000,1758260400,-1,PROTECTED_STOP,30.0,1.706443576259878,0.6066252587991594,0.6544368589894352
0.06352277473334138,1758326400,1758327420,1758336480,-1,PROTECTED_STOP,17.0,1.2710638712359357,0.3210878830931101,0.979351029398357
0.04619760029254255,1758348000,1758348060,1758349440,-1,PROTECTED_STOP,1.0,2.7800179186491722,0.0,421577425.4661161
0.05909826367853339,1758364800,1758366540,1758370920,1,PROTECTED_STOP,29.0,-0.8494244071603301,0.4568443367656674,0.8491879331760106
0.04843725940083428,1758423000,1758424680,1758434040,-1,PROTECTED_STOP,28.0,2.0001515196869604,0.7575525812620493,0.5530035328389122
0.036315133647785644,1758435000,1758435600,1758436800,-1,PROTECTED_STOP,10.0,2.3962172928704426,0.011556603773537056,27.14285479428215
0.03325633477640258,1758437700,1758437880,1758440280,-1,PROTECTED_STOP,3.0,1.7617240343292748,0.0,311688311.68831724
1.4264234491151635,1758499200,1758500460,1758501240,-1,PROTECTED_STOP,21.0,2.604214474261261,1.1100256562069153,0.5021779709227766
0.07545882730190837,1758501600,1758501660,1758501780,1,PROTECTED_STOP,1.0,-4.671461064546283,0.09427393495197572,5.925170005171361
0.08437139621168457,1758504000,1758505980,1758506400,-1,PROTECTED_STOP,33.0,2.550091285663789,1.0850615114235787,0.4614512467402131
0.07987118384240098,1758585600,1758585840,1758586380,-1,PROTECTED_STOP,4.0,1.8342349254662227,0.2956348445943715,1.9854809370223505
0.0777969772730213,1758588900,1758589920,1758591960,-1,PROTECTED_STOP,17.0,0.9580900835795169,0.2634009915674966,1.862612605540785
1.684194409201445,1758594300,1758594420,1758597120,-1,PROTECTED_STOP,2.0,2.78261824277233,0.0,411206043.0493518
0.07929462127503761,1758673500,1758673860,1758674340,-1,PROTECTED_STOP,6.0,1.1909566898667925,0.1400498200941196,2.897233180893649
1.4591365809380177,1758678000,1758678060,1758682320,-1,PROTECTED_STOP,1.0,1.7073810726740202,0.0,409304084.72005713
0.08228353929023205,1758682500,1758684180,1758684600,-1,PROTECTED_STOP,28.0,2.033754640544386,1.0646387832699442,0.7008928564845184
0.07670633487487258,1758758400,1758758580,1758759360,1,PROTECTED_STOP,3.0,-1.4817869219778306,0.24047566615282823,1.9999999916831501
0.08451171282777581,1758765000,1758765060,1758765300,-1,PROTECTED_STOP,1.0,1.3135532870838367,0.0,920036574.9343227
0.08538259185110325,1758765900,1758766140,1758767040,-1,PROTECTED_STOP,4.0,3.5023448714621335,0.3760427093760078,1.2091097276336484
-1.0122116664663163,1758844800,1758847380,1758847860,-1,SL,43.0,1.7419452594162523,1.398485394879197,0.2681107097962372
-1.0121240829649258,1758848100,1758848820,1758852240,-1,SL,12.0,1.5352656339417463,0.40561867186384293,1.104183754455894
0.08898086148453686,1758852300,1758852480,1758856620,-1,PROTECTED_STOP,3.0,1.4126653417287467,0.0,513659083.0748163
0.050501896071977644,1758960600,1758960660,1758961800,1,PROTECTED_STOP,1.0,-1.8452109013368065,0.0,600660066.0067521
0.05299844861015842,1758964200,1758965160,1758965400,-1,PROTECTED_STOP,16.0,4.496577219102086,0.40982546864896263,1.6750788602663516
-1.043344504933593,1758966000,1758966540,1758969240,-1,SL,9.0,4.017186488268093,1.0432119768627695,0.35502283071001306
-1.0481948867740538,1759017600,1759017780,1759018320,1,SL,3.0,-1.3685974950174624,0.0,371996607.93362176
1.3600171287738207,1759018500,1759018560,1759019400,1,PROTECTED_STOP,1.0,-1.456645714412452,0.0,351201478.74306655
-1.037263608562656,1759019700,1759020180,1759020540,1,SL,8.0,-1.0216218534350359,1.041794087665622,0.6545988252034686
-1.0140988870938632,1759104000,1759105440,1759110540,1,SL,24.0,-2.4017316232819073,0.7674744211093381,0.49312377145959047
-1.0139760965557676,1759110600,1759112580,1759123440,1,SL,33.0,-1.4915170631446546,0.5166590842187287,1.000725161224732
2.2587482529400957,1759131000,1759131060,1759133040,1,PROTECTED_STOP,1.0,-1.1227576343940697,0.0,656212715.1866349
0.07167853338285825,1759190400,1759190940,1759191240,1,PROTECTED_STOP,9.0,-1.6961718035248075,0.5893719806763511,0.7881462786122652
2.984208105576861,1759191600,1759192080,1759193460,1,PROTECTED_STOP,8.0,-2.01253562637734,0.49563218390796265,0.6363636350798839
-1.0140504378345114,1759202700,1759203840,1759209600,1,SL,19.0,-1.5714069125110603,0.06264806528033717,6.8882351841658505
0.08348908042415078,1759276800,1759276860,1759277280,1,PROTECTED_STOP,1.0,-1.2737393521190536,0.0,771749240.4043014
-1.0182642484330315,1759286400,1759289100,1759290360,1,SL,45.0,-2.3931418284523454,1.1506324786325088,0.4205490844930236
0.08163090714753848,1759290600,1759290660,1759294680,1,PROTECTED_STOP,1.0,-2.596601187319703,0.0,409336965.1415466
0.08463509850057101,1759363500,1759364340,1759374600,-1,PROTECTED_STOP,14.0,1.7955626301429193,1.6780622837370176,0.33256351019442665
0.08527599819116134,1759379400,1759380600,1759398600,1,PROTECTED_STOP,20.0,-2.051374609411442,0.5701593381746836,0.63226649137954
-1.0257765572527553,1759407900,1759408320,1759408800,-1,SL,7.0,3.195763765707567,0.7117322066948202,0.7716894966326536
-1.0139812277247622,1759450500,1759450620,1759456440,1,SL,2.0,-1.1932045193746066,0.07501931560451607,4.4465115686356915
0.08435612995771805,1759456500,1759457040,1759458180,1,PROTECTED_STOP,9.0,-3.5966469390613898,0.2910635444028147,1.4717741884919628
-1.0158638984614792,1759461300,1759461660,1759466400,1,SL,6.0,-0.9131205720776805,0.0,443308287.6673868
-1.0226481155961933,1759538400,1759538460,1759542540,1,SL,1.0,-1.6633331677708387,0.0,433167627.759014
0.07400602652034446,1759542600,1759543140,1759543980,1,PROTECTED_STOP,9.0,-2.7562221450142146,0.4583447645175512,1.3491620082298774
-1.0228066111955505,1759550700,1759551360,1759552800,-1,SL,11.0,1.7710127227825065,0.0716857348588045,6.093749914992164
0.06830308980976127,1759628700,1759631100,1759631220,1,PROTECTED_STOP,40.0,-1.3593506732982141,0.6080878681977221,2.3716475056782462
0.07245750805820998,1759632000,1759632300,1759632480,1,PROTECTED_STOP,5.0,-2.333208450961351,2.5108369456485287,0.33572377144665855
0.08406731719867683,1759632900,1759632960,1759633260,1,PROTECTED_STOP,1.0,-2.475610173234104,0.0,904956171.7845482
-1.0188882031079074,1759708800,1759708980,1759709700,-1,SL,3.0,1.89548847491006,0.12042022324358478,6.198473230969524
0.08049668138858806,1759710000,1759710060,1759710180,-1,PROTECTED_STOP,1.0,3.230425918476863,0.0,1602912915.9501932
0.083759118752367,1759710600,1759711140,1759712760,-1,PROTECTED_STOP,9.0,2.6192718200682563,0.8385005636978545,1.0527058810974652
0.0813266399272763,1759799700,1759799760,1759800600,-1,PROTECTED_STOP,1.0,1.0594418523767524,0.0,824322156.2650409
0.08329431494019546,1759806600,1759807080,1759807620,-1,PROTECTED_STOP,8.0,1.5210111068598404,0.8152715747010131,0.44235526912595685
0.0847368993510617,1759812000,1759812180,1759813800,-1,PROTECTED_STOP,3.0,2.9765856286236194,0.016919317972855907,18.34782500250151
0.08562410861566941,1759881600,1759881660,1759882020,1,PROTECTED_STOP,1.0,-1.3806296181049782,0.0,463646745.33688444
0.08594465915456102,1759882800,1759884120,1759884840,1,PROTECTED_STOP,22.0,-1.4201031553732046,1.7681624987644682,0.30091958503816013
0.08656600265602667,1759898700,1759900800,1759901340,-1,PROTECTED_STOP,35.0,1.6645881637919808,1.0916334661354634,0.5465328462146587
1.56065437440958,1759971000,1759971120,1759972620,-1,PROTECTED_STOP,2.0,1.5335445255601234,0.0,665043311.6442558
0.07934830954533252,1759972800,1759973340,1759974960,-1,PROTECTED_STOP,9.0,1.4692432130207453,0.5139656729900981,0.688976376612206
0.08131636780853982,1759975500,1759975620,1759975740,-1,PROTECTED_STOP,2.0,3.245827047149273,0.0,547516800.52452
0.08001526604729495,1760054400,1760054520,1760056500,1,PROTECTED_STOP,2.0,-2.182679063100342,0.0,545396959.4594439
-1.020582257927705,1760062200,1760062800,1760063820,1,SL,10.0,-2.1422506147355675,0.44887127849073594,0.769841268126042
0.08148299172488073,1760064900,1760064960,1760068620,1,PROTECTED_STOP,1.0,-2.1436711627358322,0.0,420555537.33646417
0.09585173688919986,1760150400,1760152080,1760153700,-1,PROTECTED_STOP,28.0,1.3774253583356169,0.8176800829842741,0.439126897510671
0.09292291493336845,1760166300,1760166600,1760167320,-1,PROTECTED_STOP,5.0,1.1430699502375528,0.3274730970144167,2.6944606331714143
-1.0067381536497353,1760175900,1760176320,1760185740,-1,SL,7.0,1.1810180061149171,0.023911805807147628,15.416666021939756
0.09174508484711776,1760227200,1760227380,1760229240,-1,PROTECTED_STOP,3.0,1.4631880957226304,0.0,372953577.03521585
-1.008984173015494,1760229600,1760229660,1760235420,-1,SL,1.0,1.5797213892177864,0.0,599655935.1191949
0.09068744596596538,1760235600,1760236800,1760237640,-1,PROTECTED_STOP,20.0,1.7568810783276145,1.1652489344336512,0.4356068856580081
0.09304691543318286,1760313600,1760314440,1760314620,1,PROTECTED_STOP,14.0,-1.973695586940533,0.345072973812234,1.3679789986603843
0.08936625139912688,1760330700,1760332380,1760346780,1,PROTECTED_STOP,28.0,-1.8268656771008451,0.5958393768999906,0.5340802978898798
0.08674164986936324,1760354700,1760356380,1760356560,1,PROTECTED_STOP,28.0,-2.970430203150158,1.6607689436356807,0.19173484360179263
0.08033373326505391,1760400000,1760400900,1760401140,1,PROTECTED_STOP,15.0,-1.6311438518847952,0.6109444728948114,0.937133275918009
-1.0187105982188684,1760404200,1760404320,1760406540,1,SL,2.0,-1.283007213458147,0.34270527346481955,1.3857142816708279
0.08566966419419013,1760409000,1760409720,1760409900,-1,PROTECTED_STOP,12.0,2.144455976536622,0.36515171948751285,1.223371247942415
-1.0126203942592447,1760486700,1760486880,1760488380,1,SL,3.0,-2.0017943801614093,0.0,359189143.9101964
0.08809562556066233,1760488500,1760488560,1760489340,1,PROTECTED_STOP,1.0,-2.2894405006009637,0.0,486940003.1660745
0.08845704034036987,1760490600,1760490660,1760490900,1,PROTECTED_STOP,1.0,-2.11392689174669,0.0,493925880.36288816
0.09143222506393757,1760572800,1760573400,1760575980,-1,PROTECTED_STOP,10.0,2.3514847623840405,0.23482910950941607,1.5277227657715777
-1.0107412870541217,1760579700,1760580120,1760583720,-1,SL,7.0,2.3143051743442244,0.6624230234920822,0.7397020146589965
0.08918222518191112,1760584200,1760584620,1760587260,-1,PROTECTED_STOP,7.0,1.3437511987660364,0.0,331841924.54163575
-1.010391489537173,1760659200,1760659320,1760661300,-1,SL,2.0,2.0233471738825175,0.0,505391196.78381145
0.08815013089004455,1760662800,1760665080,1760666220,-1,PROTECTED_STOP,38.0,1.468677538363274,1.0206151832460522,0.4107085600336507
-1.0139484068999192,1760680800,1760680920,1760681940,1,SL,2.0,-1.8851145383536745,0.0,383667392.6828927
0.08545203904344682,1760745600,1760746800,1760747100,1,PROTECTED_STOP,20.0,-2.4275226896616573,0.445212298682306,0.8821362779447972
0.08546393343829711,1760748300,1760749200,1760753460,1,PROTECTED_STOP,15.0,-0.8200363522333386,0.12247040298594475,3.7133333030128886
0.08704293002916254,1760755500,1760756880,1760760060,1,PROTECTED_STOP,23.0,-1.5050631566912107,0.44642857142856907,0.8579591817516883
-1.0224638461769004,1760832900,1760833380,1760834580,1,SL,8.0,-1.4203150421276693,0.1806492221922308,2.247386747141498
0.07780826137273858,1760834700,1760835300,1760837520,1,PROTECTED_STOP,10.0,-1.4165681626646907,0.49728478589871145,0.780701752816044
0.07489385828354478,1760844000,1760844600,1760845260,1,PROTECTED_STOP,10.0,-2.5990944303436394,0.44433284788828975,0.8623417702111822
0.08596400170618451,1760919300,1760922000,1760922720,1,PROTECTED_STOP,45.0,-0.7995283167612605,2.54233893401581,0.17984068620376178
1.7895432059178122,1760926200,1760926380,1760931840,1,PROTECTED_STOP,3.0,-1.0199476889992354,0.1606804184182541,3.596252107089633
0.09090257865762778,1760932200,1760932260,1760934060,1,PROTECTED_STOP,1.0,-1.2974386391317179,0.0,2060277083.0007298
0.08249600108812535,1761004800,1761004980,1761005820,-1,PROTECTED_STOP,3.0,1.4593510645053587,0.0,865954842.2197797
1.4183046711153804,1761009300,1761011340,1761011760,-1,PROTECTED_STOP,34.0,1.5639111052850385,0.7887081398566881,0.7516375536322301
0.08670085701631636,1761012300,1761012420,1761013740,-1,PROTECTED_STOP,2.0,2.2427545762670578,0.14623980827843452,4.187032390320589
-0.2504552681971441,1761091200,1761092760,1761114360,-1,TIME,26.0,2.214432900165543,0.5294991371966574,0.6459716996174429
1.546748405962149,1761131100,1761131160,1761131940,1,PROTECTED_STOP,1.0,-4.286703688053523,0.0,1208208260.0144975
0.0914741837419475,1761136800,1761137220,1761140220,-1,PROTECTED_STOP,7.0,2.0920784163136683,0.5187729480042633,0.7780821902810108
2.889487735374625,1761193200,1761193260,1761200160,1,PROTECTED_STOP,1.0,-1.0356480376881145,0.0,490473263.67545235
0.0846176285414562,1761200400,1761200520,1761200640,1,PROTECTED_STOP,2.0,-2.138605932928697,0.4856243441762732,1.2575626594674967
0.08888452826357499,1761204300,1761204540,1761206940,1,PROTECTED_STOP,4.0,-2.69954509833815,0.0,406247280.95360774
-1.0146724489309469,1761264000,1761264420,1761265140,-1,SL,7.0,1.6037098364897566,0.37072835940407056,1.0593952455223636
0.08558179356451698,1761265200,1761265320,1761265980,-1,PROTECTED_STOP,2.0,2.3814064878574372,0.0,445122976.0770962
0.08576944919855867,1761267900,1761268200,1761268560,-1,PROTECTED_STOP,5.0,2.211915993260734,0.1456964611052738,2.7984084688567625
0.08195336914062928,1761351300,1761353280,1761356220,1,PROTECTED_STOP,33.0,-2.827553746072308,0.7836914062500048,0.4492211832274475
0.07576146680376046,1761365400,1761365640,1761368280,1,PROTECTED_STOP,4.0,-1.3671606247574042,0.18973735863164756,2.3103448154096653
1.4616464114832743,1761372000,1761372060,1761377640,1,PROTECTED_STOP,1.0,-1.8597273575908833,0.0,804540364.4508327
0.06748351552249784,1761436800,1761436860,1761437280,-1,PROTECTED_STOP,1.0,1.2829846176685886,0.0,397026672.49666756
-1.0327414623926496,1761438600,1761439800,1761441060,-1,SL,20.0,2.2608115535891686,1.5082338152105081,0.4101516916767473
0.0727017970345975,1761441300,1761441540,1761445920,-1,PROTECTED_STOP,4.0,1.2634643997536277,0.09168544035207153,7.6879999161485495
-1.0084576721834915,1761523800,1761526200,1761529140,-1,SL,40.0,1.2672907640618365,0.7429221795419246,0.5761096209105276
1.557465289145999,1761538800,1761540300,1761547740,1,PROTECTED_STOP,25.0,-2.011597763053018,0.04404511157918278,8.576270991722701
0.08123776522631206,1761547800,1761547860,1761548760,1,PROTECTED_STOP,1.0,-2.7299124062122377,0.0,458435843.23781
0.0848668677384038,1761609600,1761609780,1761612720,-1,PROTECTED_STOP,3.0,2.486839246814396,0.007568644188339311,59.73683421277309
1.677233652822117,1761615900,1761617340,1761619800,-1,PROTECTED_STOP,24.0,2.1011741995065605,0.23950043566660434,1.658743626350597
0.08497158708141705,1761620100,1761621120,1761630420,-1,PROTECTED_STOP,17.0,1.7172189018953365,0.8337626312660701,0.5793726228793129
0.08838223370809721,1761696000,1761696060,1761702000,-1,PROTECTED_STOP,1.0,1.4194483546092906,0.11689086210324964,3.4814814516973334
-1.0137286227230917,1761702600,1761702660,1761704820,-1,SL,1.0,1.6209862298221407,0.0,628908399.9475632
0.08745062887820415,1761705000,1761705060,1761707400,-1,PROTECTED_STOP,1.0,2.004371881987109,0.0,392764116.9020301
-1.0112715714421288,1761784200,1761784740,1761790680,-1,SL,9.0,3.4646075274382593,0.30160643450438057,1.4720244101752644
0.08944939931350515,1761791100,1761793440,1761796620,-1,PROTECTED_STOP,39.0,1.8264150286644774,0.3306636155606142,2.04325258897659
0.09211236781610097,1761799200,1761799260,1761799860,-1,PROTECTED_STOP,1.0,1.094586413040954,0.0,883285548.2371299
-1.0102176931464686,1761870000,1761870120,1761871920,-1,SL,2.0,1.7583687621771755,0.0,419813416.2594393
-1.0089839274217098,1761874500,1761874560,1761876780,1,SL,1.0,-1.463084012345015,0.0,366777875.32923084
0.09198159519501126,1761876900,1761876960,1761878040,1,PROTECTED_STOP,1.0,-3.3617295178286537,0.0,352285781.729471
-1.0205682840870944,1761958200,1761958380,1761960720,-1,SL,3.0,1.7174459580446089,0.1727839195979736,1.8892508033982445
0.08424516866779808,1761970800,1761970980,1761971760,1,PROTECTED_STOP,3.0,-1.5413473709065642,0.0,472555746.1406992
0.08415080237008381,1761978300,1761978720,1761982800,1,PROTECTED_STOP,7.0,-2.1410213698774747,0.053141587458288515,7.8943087945450054
0.0828558523243391,1762067100,1762069200,1762076460,1,PROTECTED_STOP,35.0,-1.3629521122328467,0.6520496976944956,0.5192582017714443
2.0069586832092265,1762079700,1762080360,1762084440,1,PROTECTED_STOP,11.0,-1.8945325135446742,0.22372208436719174,1.5610765975776733
0.0819968443595568,1762084500,1762084620,1762084860,1,PROTECTED_STOP,2.0,-2.0441729813222014,0.0,349574578.9199213
2.069311020147002,1762128000,1762129560,1762131720,-1,PROTECTED_STOP,26.0,2.1442142351248177,0.8540778590181743,0.5094863483159525
-1.0115894753577037,1762131900,1762133700,1762134360,-1,SL,30.0,2.3555323026970174,1.0728139904610698,0.41256668604102326
0.09025324945989388,1762134600,1762134960,1762135680,-1,PROTECTED_STOP,6.0,2.2352778582966435,0.0,440068623.7133274
0.09196283875283219,1762214400,1762214520,1762216560,-1,PROTECTED_STOP,2.0,1.7334606214284711,0.0,376155253.0631392
0.09198313048976442,1762219500,1762219560,1762221180,-1,PROTECTED_STOP,1.0,2.4421879562747564,0.0,407627132.26902103
1.705871766620578,1762234200,1762234260,1762236060,-1,PROTECTED_STOP,1.0,1.7351665922526947,0.0,832648549.0557399
1.6757940985174449,1762300800,1762301160,1762306200,-1,PROTECTED_STOP,6.0,1.7283176075049347,0.3582496413199379,1.341609928173415
0.09544714531519076,1762313700,1762315980,1762317360,-1,PROTECTED_STOP,38.0,1.0761916503110938,0.13662264530400803,2.6192345244991944
0.09053732059624497,1762346700,1762346760,1762348980,-1,PROTECTED_STOP,1.0,2.017424524436276,0.0,478194655.9601618
-1.0128654684675258,1762387500,1762387800,1762388760,1,SL,5.0,-1.2103918907695055,0.5672657662448463,1.4225721759698575
0.08791427332248178,1762389000,1762390200,1762390800,1,PROTECTED_STOP,20.0,-1.5330137688119867,0.3657200050043584,1.0996168552309193
0.08769839617666128,1762391400,1762393080,1762393620,1,PROTECTED_STOP,28.0,-1.9259897739846044,1.7925914587479317,0.2823271566466368
0.0905387496410173,1762473600,1762474620,1762475640,-1,PROTECTED_STOP,17.0,1.8676413258762024,0.8154114323495755,0.5211558301142268
0.09162502912004464,1762478700,1762478880,1762481940,-1,PROTECTED_STOP,3.0,2.0660378992177337,0.0,528008188.9097052
1.5522923563445432,1762492200,1762492260,1762506660,-1,PROTECTED_STOP,1.0,1.7975152541426884,0.0,352930606.96446574
-1.0105016934376587,1762560300,1762560360,1762562220,1,SL,1.0,-2.4714442107236643,0.0,411612143.9312894
0.08869518446082886,1762562400,1762562460,1762563060,1,PROTECTED_STOP,1.0,-2.169844535457163,0.0,395862296.4725874
-1.0101022254830063,1762566000,1762568520,1762570380,1,SL,42.0,-1.0411097646913503,0.7037417461482132,0.647206004084486
2.3868090091937675,1762646400,1762646880,1762647600,-1,PROTECTED_STOP,8.0,1.3150968998074695,0.1837383369219095,3.531249980782639
0.08399550844128478,1762652400,1762652580,1762653240,1,PROTECTED_STOP,3.0,-1.1012330182877532,0.08904593639573186,3.428571390069237
-1.0146983896093027,1762656900,1762658400,1762658940,1,SL,25.0,-1.3673477196904789,0.842313763114702,0.39866255096704656
1.7845009686783355,1762732800,1762733400,1762735320,1,PROTECTED_STOP,10.0,-1.9501268843977526,1.2397431255598041,0.2827630727221889
0.09269667973547113,1762735500,1762735680,1762736340,1,PROTECTED_STOP,3.0,-1.9619945066606623,0.19788933761753386,2.086548477464513
0.09315040402358839,1762740000,1762741140,1762744260,1,PROTECTED_STOP,19.0,-1.8354724526318094,0.24191490541965951,1.2439807332204784
0.08948186380834368,1762824000,1762824180,1762824420,-1,PROTECTED_STOP,3.0,4.011979650244242,0.43220249752561307,2.2305593399961094
0.09113530769871137,1762824900,1762824960,1762825140,-1,PROTECTED_STOP,1.0,1.3007780409266392,0.0,515834196.15126
-1.0079736693500603,1762826700,1762826760,1762828260,-1,SL,1.0,2.0052179082088917,0.0,752933949.7591368
0.08876969370635403,1762905600,1762906320,1762909500,-1,PROTECTED_STOP,12.0,2.343806826161029,1.034390729251994,0.7731305442462583
-1.0106156491274565,1762910100,1762910640,1762927860,-1,SL,9.0,1.708888129319247,0.39475369294971563,0.9498825347903326
0.08248407185628363,1762928100,1762929120,1762931280,-1,PROTECTED_STOP,17.0,1.4002376344551526,0.5334784975503567,0.8799999983503934
-1.0120107324576997,1762992000,1762993260,1762994160,-1,SL,21.0,1.6440841471676435,0.665956691515763,0.5639658840145985
-1.0116701525911036,1762994400,1762994460,1762996260,-1,SL,1.0,1.4394008369379097,0.0,414870875.0030417
0.09011058724334738,1762996500,1762996560,1762997460,-1,PROTECTED_STOP,1.0,2.1122223423717132,0.0,683294976.2601062
0.0934514205106536,1763080500,1763080560,1763084100,-1,PROTECTED_STOP,1.0,1.0797148024668182,0.0,334743969.5302581
-1.0082673199299765,1763094900,1763094960,1763095080,1,SL,1.0,-2.3766757726934005,0.0,976272414.4176728
0.09179775644508727,1763095200,1763095260,1763098560,1,PROTECTED_STOP,1.0,-5.551221464141856,0.0,1557471472.5593033
-1.00593161787556,1763172000,1763172180,1763175420,-1,SL,3.0,1.9356160908550317,0.0,341599850.82975286
0.09323068529488111,1763175600,1763175840,1763183220,-1,PROTECTED_STOP,4.0,2.7120001324631393,0.0,512727765.97187525
0.08947092118473463,1763196900,1763197020,1763198280,1,PROTECTED_STOP,2.0,-1.6193807966175058,0.0,558734939.7590547
0.08785129870130984,1763251200,1763251500,1763253780,-1,PROTECTED_STOP,5.0,2.1978498345197353,0.4293353705118226,1.2855871856178003
-1.013241818490062,1763257200,1763257560,1763257860,-1,SL,6.0,1.284039494906455,0.4033266521075938,2.0809968795754967
-1.0103133732074023,1763261700,1763264100,1763270160,-1,SL,40.0,1.2867795128394581,0.48915779507190027,0.6285525433284689
0.09469825010159166,1763341200,1763341560,1763345100,-1,PROTECTED_STOP,6.0,0.8938285151234241,0.3611197437307304,0.9694161233581327
0.08975590587266022,1763365500,1763365740,1763368020,1,PROTECTED_STOP,4.0,-1.1874662925975956,0.0,400018330.5455532
0.08847691936429901,1763370300,1763370660,1763372340,1,PROTECTED_STOP,6.0,-2.36935052701684,0.3478643086151837,1.4339229927561195
0.09192654211931611,1763424000,1763425080,1763427000,-1,PROTECTED_STOP,18.0,1.5175588630902774,0.43600345825657705,1.3168376553985888
0.09263198048578872,1763432400,1763432460,1763433300,1,PROTECTED_STOP,1.0,-1.2693149485650452,0.0,976783613.5907556
-1.0055318311602808,1763435100,1763437140,1763441040,1,SL,34.0,-3.163789041541747,1.2537695999581262,0.545852803302962
-1.0099043123409546,1763511300,1763513040,1763514600,1,SL,29.0,-1.358637583050986,2.03489305119329,0.252996845301529
0.09237430361377551,1763516100,1763516220,1763518920,1,PROTECTED_STOP,2.0,-1.130802593467404,0.08894630658689708,4.65738156323784
0.09282389542570599,1763520000,1763520060,1763521440,-1,PROTECTED_STOP,1.0,1.041680465706834,0.0,423784788.48932666
0.09347742049595058,1763599200,1763600940,1763601720,1,PROTECTED_STOP,29.0,-2.379871839627745,0.5787965616045792,0.7997799766159783
-1.009464241526526,1763614800,1763615220,1763616600,1,SL,7.0,-1.553659741395379,0.3686939095582313,1.4971050414316507
-1.0095444858699878,1763616900,1763617560,1763620500,1,SL,11.0,-1.5065377253285388,0.21835910785588927,1.5714285642321855
-1.0058714000338604,1763691600,1763691660,1763693040,1,SL,1.0,-1.0566312340157566,0.0,767293042.153373
-1.0055361586121379,1763693100,1763693160,1763693940,1,SL,1.0,-2.2871047143857464,0.0,612006058.1027137
0.09476791888094335,1763694000,1763694060,1763694840,1,PROTECTED_STOP,1.0,-4.119974793449421,0.0,472970496.60987115
0.09403028866588581,1763769600,1763769840,1763770500,1,PROTECTED_STOP,4.0,-1.267898335820473,0.07917435458949611,5.328912399537717
-1.006717706168889,1763778900,1763780820,1763785440,1,SL,32.0,-1.1126132059311444,0.31403072521033426,1.1017463898098125
0.09213336674818892,1763785500,1763785560,1763787360,1,PROTECTED_STOP,1.0,-3.38114970594815,0.0,748586551.1848825
-1.0086790337283362,1763862300,1763862360,1763862780,-1,SL,1.0,3.811731568986578,0.0,460042540.26130015
0.09216561074784906,1763865300,1763866440,1763867340,-1,PROTECTED_STOP,19.0,2.4973435394439365,0.45386942519763473,0.9476219124213899
0.09177979303832763,1763871600,1763872200,1763877840,-1,PROTECTED_STOP,10.0,2.292528259925547,0.8073136427567066,0.579356662414175
0.09210731150581541,1763942400,1763944800,1763945520,1,PROTECTED_STOP,40.0,-1.2670877877101374,2.4313366924109463,0.14909824122915058
1.3453553780845307,1763948400,1763949060,1763950080,1,PROTECTED_STOP,11.0,-1.5620938403492428,0.3882237967261309,1.2026431687082877
0.09459061903752257,1763951700,1763953140,1763954580,1,PROTECTED_STOP,24.0,-1.3686695106397895,0.1712158151367446,2.202600203820219
-1.012005586820222,1764029100,1764031320,1764032880,1,SL,37.0,-1.5259564393338518,1.2030325120279908,0.3837801150525772
-1.0115520147242465,1764035700,1764036120,1764037860,1,SL,7.0,-1.0555959336454654,0.8345493985406914,0.7022684301604527
0.08951587204458948,1764045300,1764045840,1764048720,-1,PROTECTED_STOP,9.0,2.283872391885983,0.18561011677120134,2.067307681169788
0.0921064835944037,1764115200,1764115320,1764116820,1,PROTECTED_STOP,2.0,-2.0783097558301544,0.024637400889592175,16.648350972606124
-1.008022946299088,1764121200,1764121320,1764127860,1,SL,2.0,-1.2822966001844203,0.06555713811874404,8.962499863287443
0.09089427072841287,1764129300,1764129660,1764148800,1,PROTECTED_STOP,6.0,-1.7783059253577786,0.0777133648185954,5.209677352317026
0.0897656962792552,1764201900,1764204480,1764205980,1,PROTECTED_STOP,43.0,-1.7216888794427734,1.1690704157071912,0.4383164002056242
-1.0087388311085603,1764212400,1764212820,1764222060,1,SL,7.0,-0.9931403485215666,0.17283596757018888,2.6036484094801753
0.09083607816072452,1764222300,1764222480,1764226980,1,PROTECTED_STOP,3.0,-1.7012616661453632,0.0,367467540.8704585
1.4578330750015904,1764297000,1764297300,1764303600,1,PROTECTED_STOP,5.0,-1.751503445993325,0.13809005316083967,5.259740221650559
-1.0131148489046375,1764304200,1764306060,1764309060,-1,SL,31.0,1.084393012927979,0.35339387409573336,0.9109756071782709
0.08750996294127608,1764333300,1764333480,1764334020,-1,PROTECTED_STOP,3.0,1.7334032767826253,0.36454066705675675,0.8752808964752877
0.0827762761421561,1764375300,1764375780,1764379140,1,PROTECTED_STOP,8.0,-1.3719050799507329,0.5395329949238279,0.7428872483597025
0.0779783783783833,1764389700,1764390420,1764397140,1,PROTECTED_STOP,12.0,-2.072998887550826,0.5059626100088134,0.6527377508713892
-1.0245341595872752,1764397500,1764398040,1764398820,-1,SL,9.0,1.60961642558983,1.0198999185383266,1.4528753979365985
0.08227447339442001,1764460800,1764461100,1764461880,1,PROTECTED_STOP,5.0,-0.8386319732098616,0.20492660281878708,1.6485714205266535
0.0759043691255765,1764472500,1764472980,1764473700,1,PROTECTED_STOP,8.0,-1.1756165138349093,1.2440900028481914,0.523076922656511
0.07794565119575944,1764491400,1764491700,1764492060,-1,PROTECTED_STOP,5.0,5.166920004427068,0.4906032603052687,1.8814814776464448
-1.012132082070424,1764547800,1764547860,1764547980,1,SL,1.0,-3.9073365298294283,0.8131848915831288,0.8419468128131025
0.09150477269605076,1764548700,1764548820,1764549060,-1,PROTECTED_STOP,2.0,1.481397026574396,0.25409971157809597,1.8921679834726945
0.0925367465557649,1764549300,1764549480,1764551340,-1,PROTECTED_STOP,3.0,3.0440101390515233,0.3544303797468425,1.8515850091850679
0.0919655324549268,1764633600,1764633960,1764636960,1,PROTECTED_STOP,6.0,-2.893440490109191,0.04772061315208835,8.801169406209091
0.09203106917992994,1764647100,1764648000,1764649200,1,PROTECTED_STOP,15.0,-1.5353989926830518,0.5714453837553468,0.6429601142040626
-1.0172030564896926,1764663600,1764663660,1764664260,1,SL,1.0,-1.842069724532764,0.0,597760844.578787
-1.010239516780662,1764720000,1764720540,1764721980,1,SL,9.0,-1.9278761593440772,0.356510260410436,1.8859566393846006
1.5324361660431436,1764722100,1764722340,1764725220,1,PROTECTED_STOP,4.0,-1.7407052528184936,0.15577474369560212,3.010917011239982
0.09027307495176692,1764726300,1764726420,1764726660,1,PROTECTED_STOP,2.0,-1.0433557129374995,0.0,766416425.4703012
0.0915324175503552,1764806400,1764806820,1764810300,-1,PROTECTED_STOP,7.0,1.1658112577089277,0.15009242144179036,2.203266772979063
0.0925359463470417,1764810900,1764810960,1764811260,-1,PROTECTED_STOP,1.0,1.446862601286979,0.0,621130136.9862788
-1.0074256414597107,1764815100,1764817620,1764819600,1,SL,42.0,-2.053287529219604,0.6761693555213281,0.6382754985302935
-1.014184708130198,1764895800,1764895980,1764902220,-1,SL,3.0,1.111229091935658,0.0,428910264.8570291
1.577319781486821,1764902400,1764902820,1764907020,-1,PROTECTED_STOP,7.0,2.286362095762495,0.023037915169398723,17.59183597111054
0.08653406106233123,1764912300,1764913260,1764915300,1,PROTECTED_STOP,16.0,-1.1435297575492873,0.29203262233375027,1.4375939800395574
0.08670863976656425,1764979200,1764979260,1764980700,-1,PROTECTED_STOP,1.0,2.0915584019267306,0.0,619916296.6039672
0.08649087943308613,1764981600,1764982200,1764985560,-1,PROTECTED_STOP,10.0,2.1532182209684296,0.0,382927698.73932
0.08283130765651794,1764990600,1764991440,1764991920,-1,PROTECTED_STOP,14.0,1.4834469899487985,0.5484109386548056,0.8144654073200662
0.08272572968489098,1765065600,1765065840,1765071900,1,PROTECTED_STOP,4.0,-2.033360497803718,0.3453565505804374,1.448739491603361
0.08172568612009387,1765076400,1765076640,1765086060,-1,PROTECTED_STOP,4.0,1.222419867454967,0.0,428121445.4458487
0.08082523434741497,1765097700,1765097760,1765102440,-1,PROTECTED_STOP,1.0,1.1395138718982305,0.0,443319372.20971525
0.09406798541202124,1765152000,1765152360,1765153380,-1,PROTECTED_STOP,6.0,1.6838594349833294,0.018554549812497795,23.021275354987893
0.09192583994031456,1765165800,1765167900,1765168560,1,PROTECTED_STOP,35.0,-1.7478428045040373,0.17738325556694431,2.58083830880359
0.0850094737579515,1765178700,1765179300,1765179480,1,PROTECTED_STOP,10.0,-2.039210985994261,0.19227804638776533,2.2117346823748476
-1.010586265879776,1765238400,1765239000,1765242180,1,SL,10.0,-1.6966717605782318,0.17785335600681404,2.084645657569956
0.08789699839301643,1765242300,1765242360,1765243320,1,PROTECTED_STOP,1.0,-2.2067410923444353,0.0,731175390.2663049
0.08777069039036742,1765244700,1765245780,1765247580,1,PROTECTED_STOP,18.0,-1.63423447836442,0.3748691708338425,1.330076000794914
0.0907355367049694,1765324800,1765325760,1765326060,-1,PROTECTED_STOP,16.0,2.016851559268323,0.33011918823151315,1.914389793836537
-1.0091786030061811,1765328400,1765330320,1765333260,-1,SL,32.0,1.8191354464816716,0.8250620347394562,0.6696914692427604
0.08895755603945608,1765333500,1765334100,1765335360,-1,PROTECTED_STOP,10.0,2.036872502698161,0.017932624567695725,25.17999859585711
-1.0079236680251953,1765413300,1765413360,1765414080,1,SL,1.0,-1.4042979742810662,0.0,791811782.1415392
-1.0081413385250748,1765414200,1765414440,1765415940,1,SL,4.0,-1.9324327033267708,0.28646141512854373,2.080223873335277
0.09188626625861987,1765416000,1765416240,1765417020,1,PROTECTED_STOP,4.0,-1.844678215462157,0.22922723794951763,1.7920560669483505
-1.0058564383363648,1765497900,1765498800,1765501080,1,SL,15.0,-1.3662015689539881,0.13016724946462255,2.660349833789809
1.0393112503203004,1765501200,1765501260,1765522860,1,TIME,1.0,-1.306655909043308,0.0,753365282.3893102
-1.0172431833006923,1765523400,1765523520,1765525080,1,SL,2.0,-1.4702671044376179,0.0,369024322.0575889
-1.0209668161584113,1765584000,1765584060,1765584300,-1,SL,1.0,1.300988547425498,0.0,471596571.6564014
0.07900072088232866,1765584600,1765584840,1765591500,-1,PROTECTED_STOP,4.0,1.1422167876323546,0.0,415088698.42534715
1.3431263935032114,1765622100,1765624380,1765626420,-1,PROTECTED_STOP,38.0,0.8300910908040889,1.067552602436249,0.3807053938344
0.07837737801531894,1765670400,1765670520,1765670640,-1,PROTECTED_STOP,2.0,2.642246655763649,0.05684621710522067,5.518987244690684
0.07933184930947584,1765672500,1765672800,1765674600,-1,PROTECTED_STOP,5.0,2.2645594482096114,0.3349840647217607,1.6700819622274585
0.06515599370393553,1765689000,1765691160,1765692600,1,PROTECTED_STOP,36.0,-1.8539772755147874,1.093695634164555,0.32343584275834525
-1.0099053665436868,1765756800,1765757760,1765758180,-1,SL,16.0,2.1455064887086057,1.1173534588768588,0.27945619310336883
0.09056391163152117,1765758300,1765758840,1765760100,-1,PROTECTED_STOP,9.0,2.3591113828495422,0.4527283538398481,0.9094766599429122
-1.0078397163655983,1765762800,1765762860,1765764480,-1,SL,1.0,3.015343607115808,0.0,385020479.81274873
0.08994846525715072,1765843200,1765843260,1765844160,-1,PROTECTED_STOP,1.0,1.4480537218800864,0.0,487157085.44467574
1.6979256146414325,1765859400,1765860720,1765869120,1,PROTECTED_STOP,22.0,-2.094435519082431,1.3855942188359165,0.42619047588290476
0.08919154624408648,1765873500,1765873740,1765876920,1,PROTECTED_STOP,4.0,-1.0656646559973295,0.23765780284715626,1.753164549585308
0.08545645965896209,1765929900,1765929960,1765934460,1,PROTECTED_STOP,1.0,-2.1734090782205717,0.0,529024919.1283799
0.08530355406717093,1765937400,1765939680,1765941060,1,PROTECTED_STOP,38.0,-1.2513633120110705,1.0299233012855153,0.5051395002437298
-1.0131030776484535,1765942500,1765944420,1765945200,1,SL,32.0,-1.3977151306174422,0.6625088407380977,0.5991847817043687
0.08877942288002501,1766016000,1766016420,1766021760,-1,PROTECTED_STOP,7.0,1.749396500583557,0.24043563250488786,2.095934950632496
-1.0119254010536995,1766024100,1766024640,1766025900,-1,SL,9.0,1.8683615113791823,1.6061090392469863,0.28482972118491656
0.08893346674341224,1766026200,1766026800,1766027940,-1,PROTECTED_STOP,10.0,1.45449076139982,0.3384961210559394,1.4852607665872835
0.09244024982914982,1766102400,1766104260,1766108280,-1,PROTECTED_STOP,31.0,0.9907200489760263,0.2684334421748049,1.498019796399626
-1.0114852134934884,1766112600,1766113080,1766113380,-1,SL,8.0,2.7384122608230497,0.6798459858628791,0.5721893482707633
0.08889128162589319,1766113500,1766113560,1766113860,-1,PROTECTED_STOP,1.0,3.95492685910943,0.0,689064012.1664592
0.08396579843511914,1766191800,1766193300,1766199000,1,PROTECTED_STOP,25.0,-1.5702615896411276,0.459096935194603,1.367419735428065
0.07340207916320313,1766207700,1766209920,1766214840,-1,PROTECTED_STOP,37.0,2.060776102386405,2.119842448505182,0.20597014915658077
0.07669190117585042,1766216400,1766217060,1766221140,1,PROTECTED_STOP,11.0,-1.2800883456399081,0.09591755846207713,4.2975206163558095
0.06741889257683396,1766276700,1766277120,1766278740,-1,PROTECTED_STOP,7.0,1.233729327319076,0.2644223170538389,1.2594142211790837
0.06804347826089065,1766280600,1766280780,1766280900,-1,PROTECTED_STOP,3.0,1.0655032679962526,0.0,543478260.8695651
0.0681014492753834,1766281200,1766281260,1766282580,-1,PROTECTED_STOP,1.0,3.2125302530445112,0.0,588043478.2609328
0.08691047391476191,1766362500,1766362620,1766364000,-1,PROTECTED_STOP,2.0,3.8671214640536955,0.6602527824938679,1.8719999971647419
0.09047234111022376,1766364900,1766365080,1766365500,-1,PROTECTED_STOP,3.0,1.572702395569007,0.0917135961383752,4.347368373650858
1.7242272270249297,1766367600,1766367780,1766369160,-1,PROTECTED_STOP,3.0,1.0212179840405573,0.0,364657011.3393895
-1.012423417353459,1766448000,1766448060,1766450220,-1,SL,1.0,1.1088802239667448,0.0,343199181.85646784
0.08611640051888868,1766450400,1766450460,1766456160,-1,PROTECTED_STOP,1.0,1.1628419512362507,0.0,892377885.1315118
0.0859352755008931,1766457600,1766457660,1766457960,-1,PROTECTED_STOP,1.0,1.1709432884211386,0.0,559904371.5847244
-1.0098651504153704,1766534400,1766535120,1766538000,-1,SL,12.0,1.5818978565649686,0.5799177353012241,0.5730140177035372
0.08758940318288679,1766538600,1766538900,1766541000,-1,PROTECTED_STOP,5.0,1.3484190077029572,0.0,494612559.56533605
0.08746891105827934,1766544300,1766544360,1766545560,-1,PROTECTED_STOP,1.0,1.4208876502285093,0.0,716063872.5021106
0.08050547747230592,1766620800,1766621340,1766635380,1,PROTECTED_STOP,9.0,-2.1656915296948647,0.7137071799514051,0.6626168215014366
0.06134320636730898,1766651100,1766651160,1766652420,1,PROTECTED_STOP,1.0,-1.2244274026428306,0.0,1456509380.3296063
1.6240901111626123,1766659200,1766659440,1766670300,1,PROTECTED_STOP,4.0,-3.158439625746754,0.17832329782306955,2.440909077220848
0.08571759226670075,1766707800,1766708880,1766709840,-1,PROTECTED_STOP,18.0,2.7774870901790267,1.0278031956078297,0.5647171614831554
-1.0081070991495558,1766716200,1766716260,1766719140,1,SL,1.0,-1.335704624499136,0.0,1008672993.1549482
0.09179438671496107,1766720400,1766720760,1766725200,1,PROTECTED_STOP,6.0,-2.1000574729225336,0.06927537953011456,6.1999999105021155
0.07919966666666726,1766793600,1766794380,1766800260,1,PROTECTED_STOP,13.0,-2.0298974547836783,0.23999999999993943,1.4404761844748406
0.04477727313691093,1766819700,1766820060,1766820540,1,PROTECTED_STOP,6.0,-1.9871940022000745,0.3652338469857255,1.948186523162583
0.054409427083393976,1766822400,1766822520,1766823000,1,PROTECTED_STOP,2.0,-1.7124420146878894,0.0,673437500.000091
-1.0237767356481355,1766880000,1766880060,1766881740,1,SL,1.0,-1.8491738636256247,0.0,525071010.3763027
0.07891523015139984,1766881800,1766881920,1766884500,1,PROTECTED_STOP,2.0,-2.4801639313849266,0.10668314282774148,3.729729694767984
0.06257469524247448,1766916600,1766917620,1766918220,1,PROTECTED_STOP,17.0,-3.740638301689997,0.9014135886913288,0.36260623189240615
-1.019546448452479,1766966700,1766967600,1766967840,-1,SL,15.0,1.1288341692611328,0.699398797595272,0.4995224443668007
0.0822376324095371,1766968500,1766970240,1766971140,-1,PROTECTED_STOP,29.0,1.1116358788924683,1.9629901854814529,0.1720629046302078
2.088086313733031,1766972400,1766972460,1766974080,1,PROTECTED_STOP,1.0,-1.2280354811055412,0.0,1177740969.6120558
0.07982293682692293,1767052800,1767054780,1767062220,-1,PROTECTED_STOP,33.0,2.19079746881009,0.8781698178750068,0.8172468345124736
0.08030493029579788,1767064200,1767064260,1767064560,-1,PROTECTED_STOP,1.0,1.055028182048369,0.0,682080924.8555217
-1.0156702463952472,1767065400,1767066120,1767068820,-1,SL,12.0,1.1550547227690409,0.1261892839258593,2.692307670972892
0.07916648483010916,1767139200,1767139260,1767140100,-1,PROTECTED_STOP,1.0,1.4639433834469047,0.0,548742297.201786
-1.0219428009984546,1767144000,1767144060,1767145500,-1,SL,1.0,1.2145138003841842,0.0,597057730.0971057
0.08092277690624694,1767145800,1767145920,1767146580,-1,PROTECTED_STOP,2.0,1.5771508245058334,0.1666512872565461,3.170542616635447
