R,signal_ts,entry_ts,exit_ts,side,regime,exit_reason,confirm_age_min,max_adverse_atr,response_ratio,confirm_z
0.1697743733562246,1609480800,1609482300,1609484100,-1,MIXED,TIME,25.0,0.5364192574956477,0.7052023108240627,1.4240585681081994
0.1391369880135886,1609490700,1609490880,1609492260,1,MIXED,STOP,3.0,0.22516719013738884,1.726336757527329,-1.9884704183796038
-0.05246012523616043,1609493400,1609493520,1609495320,1,MIXED,TIME,2.0,0.0,513829150.88159883,-1.7224638168540618
0.7862857544567855,1609547400,1609547460,1609548180,1,MIXED,TP,1.0,0.031362260343104235,29.55855761605503,-1.9034293452730253
0.7876894286931987,1609550400,1609551420,1609551780,1,MIXED,TP,17.0,0.37003775895498603,1.1803315889065957,-2.3433600945112993
-1.0116128360729688,1609553100,1609554180,1609555560,1,MIXED,STOP,18.0,0.39090294978607243,1.3588709642657686,-2.467983796627445
-1.0050436077857967,1609634700,1609635780,1609637280,-1,ALIGNED_COUNTER,STOP,18.0,0.2854213518832656,2.102656601357313,1.1899215295762524
-0.707677729987869,1609637700,1609639140,1609640940,-1,ALIGNED_COUNTER,TIME,24.0,0.4631308697352091,0.9946476338916089,1.0264394556305774
1.6868730577549886,1609649700,1609649760,1609650120,1,ALIGNED_WITH,STOP,1.0,0.0,532728951.95477664,-1.565602998603524
-1.005624052619261,1609731300,1609732200,1609732740,-1,ALIGNED_COUNTER,STOP,15.0,0.11609744556649243,2.663755435571262,2.31233964604482
0.7938462587639245,1609733100,1609733280,1609734660,-1,ALIGNED_COUNTER,TP,3.0,0.08534010402597601,5.2633390088919265,1.7356403853115219
-1.007330189729485,1609739400,1609739940,1609740660,-1,ALIGNED_COUNTER,STOP,9.0,0.38313586411998074,1.5342863744240967,1.274541446810879
0.14504101150218648,1609805700,1609805760,1609806300,-1,MIXED,STOP,1.0,0.0,728107740.9900934,3.4607540010153834
0.7952686804451459,1609807500,1609807680,1609808220,-1,MIXED,TP,3.0,0.0,418586500.9394456,3.623172564631244
-0.1560473959586856,1609832700,1609834140,1609835940,1,MIXED,TIME,24.0,0.5854631483539271,0.7637910964729131,-1.938513538934479
-1.0035180087893065,1609891200,1609891260,1609891740,1,ALIGNED_WITH,STOP,1.0,0.0,509655855.40975654,-1.2140208468334812
-1.0034913994800716,1609891800,1609891860,1609892580,1,ALIGNED_WITH,STOP,1.0,0.0,659569200.2971123,-1.317819805664546
0.09673944615597085,1609892700,1609892940,1609893300,1,ALIGNED_WITH,STOP,4.0,0.0,724738343.4469143,-2.046257339463418
0.09747193431157587,1609977600,1609977720,1609980360,1,ALIGNED_WITH,STOP,2.0,0.0,402375769.14574367,-1.4956414409214378
-1.0031731925839031,1609990800,1609990920,1609993200,1,ALIGNED_WITH,STOP,2.0,0.0,505135938.6134754,-1.0684391469675054
0.7946787576206087,1610000400,1610000460,1610000940,-1,ALIGNED_COUNTER,TP,1.0,0.0,632238808.4178336,2.154038632857088
-1.002319852055254,1610068500,1610068800,1610069640,1,ALIGNED_WITH,STOP,5.0,0.0,350624969.7513107,-1.5749959471374086
0.09823929321502076,1610078100,1610078820,1610081880,1,ALIGNED_WITH,STOP,12.0,0.24795860318999033,1.4774834377500503,-1.9153196741496665
1.9244182076884304,1610085900,1610086320,1610101800,1,ALIGNED_WITH,STOP,7.0,0.352704681386134,1.0405291273622665,-2.1456976167991915
0.7961064651875019,1610150700,1610151780,1610152980,-1,ALIGNED_COUNTER,TP,18.0,0.17382043600334932,2.2501921891411665,0.9530456712737392
0.7948762291931945,1610159700,1610159880,1610160240,-1,ALIGNED_COUNTER,TP,3.0,0.012963532288046562,39.276676812132905,2.3121353689037956
0.14518256565525825,1610171700,1610171760,1610172060,-1,ALIGNED_COUNTER,STOP,1.0,0.024369101884075567,18.240441907424167,1.2826219623747908
-1.0043627850326622,1610242500,1610242620,1610247960,1,ALIGNED_WITH,STOP,2.0,0.03356555497054666,10.883128799232905,-2.351315934755114
-1.004851368368528,1610248200,1610248260,1610248680,1,ALIGNED_WITH,STOP,1.0,0.0,591022158.1751939,-1.5010065356466686
-0.7207324464702518,1610253000,1610253060,1610254860,-1,ALIGNED_COUNTER,TIME,1.0,0.0,579349454.6848441,1.2153568131832344
-1.0027168749675834,1610334000,1610334060,1610334600,1,MIXED,STOP,1.0,0.0,385927065.2170435,-1.0619167824102627
0.7979046310179804,1610336700,1610336760,1610337360,1,MIXED,TP,1.0,0.0,1032850452.9888402,-1.014828508078546
-1.0016569486266473,1610345700,1610345760,1610347560,1,MIXED,STOP,1.0,0.0,601626027.4566875,-1.1108251045586641
-1.0038919257681351,1610431200,1610431920,1610432460,-1,MIXED,STOP,12.0,0.4854024132354843,0.8630818889744334,3.340989859309164
0.14601027603676317,1610432700,1610433240,1610434980,-1,MIXED,STOP,9.0,0.397497359483407,1.1773124657133778,2.3201948980200453
0.14609940256675089,1610437800,1610438580,1610438820,-1,MIXED,STOP,13.0,0.1490817229679952,5.033477599714208,1.5265799727863523
0.09787856788819867,1610496000,1610496120,1610496360,-1,ALIGNED_WITH,STOP,2.0,0.0,617827857.8124511,1.473423430573144
0.09811351471103583,1610497800,1610498280,1610499720,-1,ALIGNED_WITH,STOP,8.0,0.29661716577066927,1.959990715878573,1.0979350299940989
-0.7488933068473475,1610511000,1610512080,1610513880,1,ALIGNED_COUNTER,TIME,18.0,0.13219335583332584,2.70836040078366,-1.6706328665612582
-0.04524938624598926,1610583000,1610583480,1610585280,-1,MIXED,TIME,8.0,0.2641444954165821,1.7559082217463844,1.2216760480315132
-1.0049946221685246,1610593800,1610594820,1610596380,1,MIXED,STOP,17.0,0.38172252718503813,1.0788555449755002,-1.2741610971192276
1.3567712393599998,1610597400,1610597820,1610605320,1,ALIGNED_WITH,STOP,7.0,0.4457266403294113,0.8861283624011816,-2.6400372885747383
0.794146464795608,1610689200,1610689440,1610689620,-1,ALIGNED_COUNTER,TP,4.0,0.0,346895391.12969124,1.1778181207279481
-1.0041536823941757,1610690100,1610690220,1610690880,1,ALIGNED_WITH,STOP,2.0,0.05553141687808524,7.911660634911668,-1.5627199487977108
0.09622692126174232,1610691000,1610691060,1610691720,1,ALIGNED_WITH,STOP,1.0,0.0,444433513.12969846,-1.9827077708377225
-1.0052610338870125,1610755500,1610757540,1610759220,-1,MIXED,STOP,34.0,0.5569330543678901,0.8841199515716828,1.593978351354485
0.18562127078426527,1610759400,1610760780,1610761200,-1,MIXED,STOP,23.0,0.5812223163303738,0.8024305711217462,1.2929129120744423
-1.0049985115204871,1610764800,1610764980,1610765520,1,MIXED,STOP,3.0,0.0,312948778.6210444,-1.203888665187097
0.7946733601388701,1610842500,1610843220,1610843640,1,MIXED,TP,12.0,0.686805442217237,0.7326852441265612,-1.7240063394328373
0.316041349119829,1610852400,1610852460,1610854260,-1,MIXED,TIME,1.0,0.0,358351504.1926002,1.3783325075850745
0.7940803028125151,1610864700,1610865060,1610866140,1,ALIGNED_COUNTER,TP,6.0,0.28025489914236595,1.665629481849841,-2.3555392567595095
-0.55828355740331,1610928000,1610928180,1610929980,-1,MIXED,TIME,3.0,0.5419442414610876,1.037509925387227,1.0784447162554252
-1.005805550069405,1610940900,1610941080,1610941980,1,ALIGNED_COUNTER,STOP,3.0,0.23014322379631472,2.0283870879606534,-2.869174095938635
0.7941264469495731,1610947500,1610947920,1610948520,1,ALIGNED_COUNTER,TP,7.0,0.25623608817405436,2.393226092399213,-1.9548921387305631
-1.0055162115820986,1611014400,1611014460,1611015060,1,ALIGNED_WITH,STOP,1.0,0.0,1318098843.0269926,-2.1901658280026344
1.3618435645885334,1611015900,1611015960,1611020400,1,ALIGNED_WITH,STOP,1.0,0.0,730590833.9699962,-1.9917307461110727
-1.004570861698247,1611020700,1611020760,1611021360,1,ALIGNED_WITH,STOP,1.0,0.0,724834012.6906649,-1.8020759714479049
0.14341303750439732,1611101100,1611101520,1611101880,1,MIXED,STOP,7.0,0.14260797017376844,3.61709749191278,-1.19838866439022
-1.0062802631116696,1611113100,1611113160,1611113640,1,MIXED,STOP,1.0,0.0,332736150.63055956,-1.0783819743558127
0.09657456909772488,1611120600,1611121320,1611125820,-1,ALIGNED_WITH,STOP,12.0,0.03245190060879488,14.53136155938223,1.0549797585017082
0.0952591804910715,1611191400,1611192900,1611194160,-1,ALIGNED_WITH,STOP,25.0,0.6399122704682856,1.0879913204028993,1.9228546403552333
-1.0040898692286175,1611196500,1611196560,1611198300,-1,ALIGNED_WITH,STOP,1.0,0.1243427267703949,3.069954103751193,1.0944557422320131
-0.5149448195228601,1611210000,1611211920,1611213720,1,ALIGNED_COUNTER,TIME,32.0,0.5135366613535981,0.9526021103730539,-2.4717428792704434
0.7974144846069208,1611275700,1611275940,1611276540,1,ALIGNED_COUNTER,TP,4.0,0.18309279376193077,2.286801052553894,-3.35460214808436
0.14782014431877089,1611278400,1611278460,1611279480,1,ALIGNED_COUNTER,STOP,1.0,0.0,603887295.9275445,-2.5604785400872436
-0.27169003042187373,1611281700,1611282720,1611284520,1,ALIGNED_COUNTER,TIME,17.0,0.3524366606225387,1.4217197630095328,-1.4296451915131583
-0.12147329184849212,1611360600,1611361680,1611363480,1,MIXED,TIME,18.0,0.5542397239216309,0.6856300029770052,-1.5211057437024589
0.7954076871442073,1611364500,1611365160,1611366120,1,MIXED,TP,11.0,0.19373578881166623,3.116241790178586,-1.130026468333024
0.4916654811705526,1611381600,1611381780,1611383580,-1,MIXED,TIME,3.0,0.19898345254920766,2.0462079254275505,1.0693271434952154
0.22910800178608745,1611446700,1611446880,1611447180,1,ALIGNED_COUNTER,STOP,3.0,0.31237322515212607,2.1849208741720623,-1.3671406557063248
-0.3708791979727522,1611455100,1611455580,1611457380,1,ALIGNED_COUNTER,TIME,8.0,0.3294123264451471,1.7996811077414598,-1.3435373497986267
-1.0081508434069262,1611464400,1611464460,1611464700,-1,MIXED,STOP,1.0,0.0,388063204.8395811,1.1183951872565332
0.793500657766331,1611546000,1611546060,1611546420,1,MIXED,TP,1.0,0.0,642190732.7165619,-1.3342433548221133
-1.0066594970605387,1611579000,1611579780,1611580260,-1,MIXED,STOP,13.0,0.14329376920680356,2.897198783153366,2.7000737156811088
-0.12555500189625582,1611581400,1611581460,1611583260,-1,MIXED,TIME,1.0,0.0,451877285.99753314,2.310566685150211
-1.0026034204067158,1611619200,1611619260,1611619800,-1,ALIGNED_WITH,STOP,1.0,0.0,1282918498.1941376,2.0680337230136745
0.7877965171113538,1611620100,1611621600,1611643200,-1,ALIGNED_WITH,TIME,25.0,0.26186544757671487,1.407207353897008,1.1779399368809669
-1.0051659512061062,1611643500,1611643740,1611645000,1,ALIGNED_COUNTER,STOP,4.0,0.6632838964294564,0.8908339876419821,-1.5022109997801674
0.7937366903701375,1611705900,1611706140,1611707820,-1,MIXED,TP,4.0,0.03882784289145388,8.669999776706707,1.5981637029406832
0.1431071518301699,1611722700,1611722880,1611723540,1,ALIGNED_COUNTER,STOP,3.0,0.03867439125644245,14.63798844832122,-1.030022059802825
0.1934335416491935,1611726600,1611728280,1611730080,1,ALIGNED_COUNTER,TIME,28.0,0.7310628302994683,0.5920826153691154,-1.3768143779885913
0.09729426532093699,1611792000,1611792720,1611793560,-1,ALIGNED_WITH,STOP,12.0,0.6629137650704033,0.631843212522742,1.6869982030240285
-1.0026658447864247,1611795600,1611795780,1611799620,-1,ALIGNED_WITH,STOP,3.0,0.0,372965089.10039777,1.535338368389491
0.14550807654350376,1611804300,1611805500,1611806040,1,ALIGNED_COUNTER,STOP,20.0,0.6613281681893174,0.6915608329016643,-1.4173100948272306
0.7937310945233712,1611878400,1611878460,1611878640,1,MIXED,TP,1.0,0.14319083202376315,3.9260517102355252,-1.020929075498109
0.14457831409345015,1611896400,1611896820,1611898140,-1,ALIGNED_COUNTER,STOP,7.0,0.41760125891043237,1.321496059827647,1.4659672887426725
0.14502253894155373,1611902400,1611902460,1611903480,-1,ALIGNED_COUNTER,STOP,1.0,0.0,324266256.7631942,1.135625557585264
0.14663875121924155,1611971400,1611971760,1611973080,-1,ALIGNED_COUNTER,STOP,6.0,0.19897372103872088,1.697035997040916,1.14779801349188
0.09068345754643652,1611979800,1611980160,1611981960,1,MIXED,TIME,6.0,0.09288509351652947,4.152596615096564,-1.1320831550460102
-0.4866115593719583,1611993600,1611993840,1611995640,1,MIXED,TIME,4.0,0.0,613947392.3209429,-1.5829942688866465
0.15757913308270438,1612068000,1612068060,1612069260,1,MIXED,STOP,1.0,0.0,488141129.23805875,-1.6695132627357467
-0.15709799983174036,1612071900,1612071960,1612073760,1,MIXED,TIME,1.0,0.0,498408558.72907865,-1.0419414018245592
0.7920673397723292,1612083000,1612083540,1612083960,1,MIXED,TP,9.0,0.0835091361286399,5.142937791522794,-0.9059479759185008
0.09501210031464338,1612138500,1612138560,1612138680,-1,ALIGNED_WITH,STOP,1.0,0.0,683470587.6546792,1.0382719868441466
0.16396683671925183,1612143600,1612143660,1612143960,1,ALIGNED_COUNTER,STOP,1.0,0.0,848714572.7565626,-1.1315039467941423
-1.0057826217025376,1612146000,1612146060,1612147440,1,ALIGNED_COUNTER,STOP,1.0,0.0,520433132.5919119,-3.3797142772967974
0.09247677821703157,1612248000,1612248060,1612248360,1,ALIGNED_WITH,STOP,1.0,0.0,387013991.7540072,-1.8134109650526875
0.09334790262279652,1612249200,1612249380,1612253460,1,ALIGNED_WITH,STOP,3.0,0.14750763391987973,3.7443963568412957,-2.053542174662469
1.5628209255528798,1612256400,1612256460,1612256880,1,ALIGNED_WITH,STOP,1.0,0.0,1318606455.314111,-1.1885768579102562
1.8904310396041548,1612310700,1612310820,1612312020,1,ALIGNED_WITH,STOP,2.0,0.05339628593811398,8.49442363273742,-1.123965378435355
-1.0049863828090537,1612312800,1612314000,1612317660,1,ALIGNED_WITH,STOP,20.0,0.2767670637177008,1.6289120656496028,-1.889581856281005
0.09483506831697142,1612317900,1612318680,1612320600,1,ALIGNED_WITH,STOP,13.0,0.2270849141519622,1.598863629322697,-0.9284888678174049
0.09442712908283762,1612398000,1612398600,1612401000,1,ALIGNED_WITH,STOP,10.0,0.49968861390942493,1.608943442637147,-2.693308184263615
0.09559478281109658,1612405200,1612405920,1612408140,1,ALIGNED_WITH,STOP,12.0,0.5702365366151488,0.7895059068993725,-2.3154052981034923
0.09579545514700868,1612410600,1612411620,1612414740,1,ALIGNED_WITH,STOP,17.0,0.6364245158019096,0.6037249424932708,-1.7174459796617014
-0.14499923196280803,1612490100,1612490280,1612492080,-1,ALIGNED_COUNTER,TIME,3.0,0.11842303281282685,8.417484591497155,1.9664722685404143
0.09547321596524631,1612495500,1612495680,1612497660,1,ALIGNED_WITH,STOP,3.0,0.0,331916463.57622707,-1.6377474373758276
0.7921822092244445,1612517400,1612518900,1612519080,-1,ALIGNED_COUNTER,TP,25.0,0.2219047193820599,1.8499530433065308,1.0898236410129218
-1.006988850942373,1612569900,1612570020,1612570560,1,ALIGNED_WITH,STOP,2.0,0.4676756229911845,0.9078383678632485,-2.2675044463009972
1.3644543983993305,1612570800,1612571640,1612574100,1,ALIGNED_WITH,STOP,14.0,0.3560430202052357,1.6305698036836913,-2.1096074564014953
0.09499950871968453,1612574400,1612574460,1612575120,1,ALIGNED_WITH,STOP,1.0,0.0,632350042.7041585,-1.0015709365662895
0.14410095625434963,1612658100,1612660440,1612660980,-1,ALIGNED_COUNTER,STOP,39.0,0.34965722814536376,2.168236295168775,2.021331385325028
0.14444638960204823,1612662900,1612664340,1612664520,-1,ALIGNED_COUNTER,STOP,24.0,0.42950775155524157,1.157647687239683,1.5017585802612785
0.1791462387816545,1612668300,1612668480,1612669260,-1,MIXED,STOP,3.0,0.0,434489706.1062667,1.2981845763387008
-1.0075925903007992,1612750800,1612751040,1612752660,1,MIXED,STOP,4.0,0.0,460321657.00043315,-1.2187263189998008
0.7921394121026392,1612752900,1612752960,1612754400,1,MIXED,TP,1.0,0.0,379809016.8883382,-1.65910733063175
-0.2730924305262946,1612759200,1612760400,1612762200,1,MIXED,TIME,20.0,0.18139777916329197,2.2503409188240235,-1.157297043386879
0.1467386316956101,1612829100,1612829400,1612830060,-1,ALIGNED_COUNTER,STOP,5.0,0.6064100174861904,0.9773663477108684,3.1908311227063324
-1.0053106108424525,1612853400,1612853460,1612853640,-1,ALIGNED_COUNTER,STOP,1.0,0.0,428413718.5034417,1.2624272738320517
0.7948219997596463,1612854000,1612854060,1612854480,-1,ALIGNED_COUNTER,TP,1.0,0.0,552711047.5650445,3.2766772042004373
-0.7869364113638577,1612920000,1612920060,1612921860,-1,ALIGNED_COUNTER,TIME,1.0,0.07130248426909849,6.585662990074538,1.2356652186311745
0.7930831595130975,1612924200,1612924800,1612926000,-1,ALIGNED_COUNTER,TP,10.0,0.31977691067944397,1.1181877228053638,1.4936151285301518
0.14302319618431145,1612929900,1612929960,1612930500,-1,ALIGNED_COUNTER,STOP,1.0,0.0,646238089.5470512,2.703823522351928
0.7924121610057449,1613003400,1613004180,1613004360,-1,MIXED,TP,13.0,0.5929450894166616,0.9459676018618142,1.865670210834828
-1.0069529640217318,1613005200,1613005800,1613005980,-1,MIXED,STOP,10.0,0.42570177987730384,1.7539635460354617,2.161205104429191
-1.006673795212481,1613007000,1613008680,1613009100,-1,MIXED,STOP,28.0,0.41261806842318416,1.6264330008045909,1.7054613798473623
-1.0064230479728358,1613105100,1613105400,1613105880,-1,ALIGNED_COUNTER,STOP,5.0,0.20210804510779848,3.791683523834162,2.1732915760801315
-0.046791142370683395,1613106300,1613106360,1613108160,-1,ALIGNED_COUNTER,TIME,1.0,0.0,314669471.16560185,2.5147618668597036
-1.0056084639164757,1613133900,1613135640,1613138460,1,ALIGNED_WITH,STOP,29.0,0.7232335729644177,1.7335103790613662,-1.3478780061009525
-0.2759539304727404,1613179200,1613179560,1613181360,-1,ALIGNED_COUNTER,TIME,6.0,0.04736432228165799,7.3011319213232,0.7937892332479433
-1.00666191818169,1613184900,1613185620,1613187720,1,ALIGNED_WITH,STOP,12.0,0.5777066571839216,0.8599640918686886,-2.5289283823382633
-1.0078465615816263,1613188200,1613188740,1613194080,1,ALIGNED_WITH,STOP,9.0,0.14174902381779622,3.278586255456788,-2.090666038453778
0.1434613722651084,1613265000,1613267100,1613267460,-1,ALIGNED_COUNTER,STOP,35.0,0.623020851179044,0.5398323493353543,1.0846649871961442
1.9726141062123181,1613280600,1613280840,1613281980,1,ALIGNED_WITH,STOP,4.0,0.3968902041430438,1.344656755281534,-1.143086716719366
0.09257968747632793,1613282100,1613282160,1613282340,1,ALIGNED_WITH,STOP,1.0,0.16259719001501344,7.974552523661596,-1.5045320979820573
0.7904955720982177,1613351400,1613351460,1613351940,-1,ALIGNED_COUNTER,TP,1.0,0.0,820860561.1138383,1.153320369894322
0.7914989880623189,1613352300,1613352840,1613353020,-1,ALIGNED_COUNTER,TP,9.0,0.6069908806913596,1.1788793084026525,1.5181432590637434
0.7932630605438082,1613355300,1613355360,1613355540,-1,MIXED,TP,1.0,0.0,1136234772.5285206,1.885000172403477
-1.007451673314217,1613434200,1613434380,1613435460,1,MIXED,STOP,3.0,0.562819394241564,0.937769901998925,-1.3401793545980323
0.14333709077761175,1613435700,1613435820,1613436120,1,MIXED,STOP,2.0,0.5014090165004708,0.6150524355407524,-1.0216767641355902
-0.6986945067312813,1613446800,1613447040,1613448840,-1,ALIGNED_COUNTER,TIME,4.0,0.09876048457019102,3.6575523919541504,1.0372779627301358
0.09437561579205614,1613528100,1613528280,1613528760,1,ALIGNED_WITH,STOP,3.0,0.0,550020743.4851145,-2.1620153499721457
0.09526334651244112,1613532600,1613533680,1613535000,1,ALIGNED_WITH,STOP,18.0,0.5704263975180672,0.6694625804436691,-1.370417492172451
0.09495413828245038,1613542800,1613543700,1613544120,1,ALIGNED_WITH,STOP,15.0,0.7116048744778949,0.6423669933365406,-2.0645446096943183
-0.33082350541177874,1613611500,1613612880,1613614680,-1,ALIGNED_COUNTER,TIME,23.0,0.7096543006444544,0.9816309476843631,0.9734252673080227
0.15221767487135898,1613631900,1613632680,1613632800,-1,ALIGNED_COUNTER,STOP,13.0,0.6253971310291674,1.3850574690496704,1.6604981443112035
0.7900038128749431,1613635500,1613635860,1613636520,-1,ALIGNED_COUNTER,TP,6.0,0.20381479772342814,2.3960377240930626,1.9210555343635678
0.14093250992500514,1613698800,1613699100,1613699700,-1,ALIGNED_COUNTER,STOP,5.0,0.10988972209971425,3.1303789053597897,1.3230874758275457
-1.0078528639177273,1613709600,1613709840,1613710860,-1,ALIGNED_COUNTER,STOP,4.0,0.19677886243956993,1.6164319166681467,1.3981197639789018
0.09332686949909817,1613716800,1613717040,1613718180,1,ALIGNED_WITH,STOP,4.0,0.01932964781381685,22.4019988410554,-1.1146650030948755
-0.5541738669838445,1613784600,1613786460,1613788260,-1,ALIGNED_COUNTER,TIME,31.0,0.699807690169957,0.642469103507405,2.079691313884842
-1.0108009660451913,1613822700,1613822760,1613823060,-1,ALIGNED_COUNTER,STOP,1.0,0.0,533499206.10237306,3.165115116257177
-1.0087237004364946,1613824200,1613824620,1613824860,-1,ALIGNED_COUNTER,STOP,7.0,0.04535881078111338,9.384252821374417,2.867503876841706
0.09665464888824744,1613866200,1613866980,1613870580,1,ALIGNED_WITH,STOP,13.0,0.3238519103422269,1.3076027888250403,-1.526634730304047
-1.0068676134895735,1613889300,1613890740,1613892240,1,ALIGNED_WITH,STOP,24.0,0.6150673317486501,0.580773100340315,-1.7818414853733713
0.09282329500447675,1613892300,1613892420,1613892840,1,ALIGNED_WITH,STOP,2.0,0.0,539018781.1421891,-1.1387434066134239
0.7916485938377658,1613952000,1613952240,1613952600,-1,ALIGNED_COUNTER,TP,4.0,0.304192065242273,2.3329184143912465,1.9168696230749829
0.2707578971493356,1613953800,1613954940,1613955300,-1,ALIGNED_COUNTER,STOP,19.0,0.6313918323920558,0.8783672106398999,2.6190733294885034
0.234880957491087,1613961300,1613961420,1613962860,-1,ALIGNED_COUNTER,STOP,2.0,0.08319250615545,4.0258789952077745,1.448920850098047
-1.0046380933846262,1614043800,1614044100,1614045360,1,MIXED,STOP,5.0,0.1780590527802391,2.8170671739778004,-1.6238740486065468
-1.0040924376458111,1614047400,1614047460,1614048120,1,MIXED,STOP,1.0,0.0,480420861.4507771,-1.8714937494670028
0.7960990186141252,1614049200,1614049260,1614049500,1,MIXED,TP,1.0,0.0,759112907.3085294,-2.883783576555885
0.7962915300792993,1614129600,1614129900,1614130980,1,ALIGNED_COUNTER,TP,5.0,0.25420611748124755,1.5495474115225405,-1.055688668022478
0.09763427044250356,1614132300,1614132540,1614132720,-1,ALIGNED_WITH,STOP,4.0,0.0,513321347.0923242,2.862544228039499
0.7957874473246315,1614139800,1614140400,1614141840,-1,MIXED,TP,10.0,0.4034705721642203,1.0545409749379355,2.5565818271201897
-1.0031325315157118,1614211500,1614211680,1614213120,-1,ALIGNED_WITH,STOP,3.0,0.0,380964069.2559033,1.855654518533897
0.09688520838637443,1614213900,1614213960,1614232800,-1,ALIGNED_WITH,STOP,1.0,0.0,393036302.45494705,2.721005922467731
0.7923813365810534,1614243000,1614243240,1614243420,-1,MIXED,TP,4.0,0.07425207729026649,9.339506047057194,1.1270543509293267
-1.0032525461822437,1614297900,1614298140,1614299400,1,ALIGNED_COUNTER,STOP,4.0,0.4146558340481565,1.2620451954453755,-1.607551555395115
0.1469672547409801,1614299700,1614301140,1614301500,1,ALIGNED_COUNTER,STOP,24.0,0.5926830239009124,1.0024268113128838,-2.0624130885270118
1.483203755316495,1614312300,1614312720,1614318900,-1,ALIGNED_WITH,STOP,7.0,0.054649933857343055,6.100665871974661,1.3055106840483064
0.0963461586074604,1614415200,1614415620,1614417180,-1,ALIGNED_WITH,STOP,7.0,0.18141242700500074,3.2290234551613035,1.211001265130939
0.09598233995585041,1614425700,1614426420,1614426900,-1,ALIGNED_WITH,STOP,12.0,0.3247576042692147,1.2560488568324089,1.1387484066407896
-1.003537742000887,1614440700,1614441600,1614446220,-1,ALIGNED_WITH,STOP,15.0,0.4481104308923941,1.230957851659129,2.5376535028834346
-1.0044258978745173,1614480600,1614480660,1614481800,1,ALIGNED_COUNTER,STOP,1.0,0.0,320953522.0339109,-2.0117235777987568
-1.0046429765720641,1614484800,1614484860,1614485160,1,ALIGNED_COUNTER,STOP,1.0,0.0,484438810.6018032,-1.0209722852989151
-0.22024191017171227,1614495900,1614496320,1614498120,1,ALIGNED_COUNTER,TIME,7.0,0.19012748593291823,2.3194488066981958,-2.3513180373991887
0.09634299741786388,1614559200,1614559440,1614562140,-1,ALIGNED_WITH,STOP,4.0,0.0,444163249.1271953,1.8288063800494725
0.7917014584341029,1614581400,1614581460,1614582060,1,MIXED,TP,1.0,0.0,619930208.3144698,-1.7116339607295419
0.15605960183920956,1614583500,1614585300,1614585420,1,MIXED,STOP,30.0,0.6694052852306644,0.8233118449076627,-2.2151911749232105
0.7924693329888954,1614644700,1614645060,1614645180,-1,ALIGNED_COUNTER,TP,6.0,0.2612332762870403,2.714466994685173,2.542300019762213
-1.007084059529553,1614648000,1614650580,1614651240,-1,ALIGNED_COUNTER,STOP,43.0,0.6806673176680956,1.1463983034005312,0.8631996339359942
0.09542027666532749,1614665700,1614666600,1614682380,1,ALIGNED_WITH,STOP,15.0,0.6789529107847962,0.5776799792205675,-1.3648417042505576
0.7896115410458538,1614748500,1614748800,1614749280,1,MIXED,TP,5.0,0.15118489838349225,3.9017856884771662,-1.0718309975261948
0.14109119172310178,1614754500,1614755820,1614756180,1,MIXED,STOP,22.0,0.48088499786375183,1.4497244122988435,-1.2835407770192946
2.1632485160245087,1614759300,1614759480,1614763800,1,ALIGNED_WITH,STOP,3.0,0.03189308223857561,48.08494472888997,-1.1842868808587783
-1.005835254028799,1614818700,1614818760,1614819180,-1,ALIGNED_COUNTER,STOP,1.0,0.0,475856917.4223081,1.7379467783721405
0.1441165404396367,1614819300,1614819420,1614820140,-1,ALIGNED_COUNTER,STOP,2.0,0.0,398059517.15483856,1.3434688551027443
0.14411677589367355,1614824100,1614824880,1614825600,-1,ALIGNED_COUNTER,STOP,13.0,0.16732355637029517,3.259517920810173,1.1264242410239365
0.0948554437809522,1614903000,1614903180,1614903480,-1,ALIGNED_WITH,STOP,3.0,0.40983243143595544,2.18070944067349,1.4033750609454736
-1.0057594136355685,1614904200,1614904320,1614904620,1,ALIGNED_COUNTER,STOP,2.0,0.0,525014381.1054033,-1.8087388987604913
-1.0052833017925027,1614906600,1614906900,1614907320,1,ALIGNED_COUNTER,STOP,5.0,0.23382229673093152,2.883794988149295,-1.6628293021292466
0.14213071563640955,1614988800,1614988920,1614989340,1,MIXED,STOP,2.0,0.0,715691494.2444385,-1.2628590920946512
-1.0076765826544898,1614994200,1614994800,1614996480,1,MIXED,STOP,10.0,0.22585624915613517,1.5805551610866677,-1.4282359403444873
0.792174569561546,1614996600,1614996660,1614997920,1,MIXED,TP,1.0,0.0,455513265.7827412,-1.1351927190664821
-0.5028783796304749,1615093500,1615095480,1615097280,1,MIXED,TIME,33.0,0.5896641493441784,0.7504530954087344,-3.095873906330668
1.3691518940539185,1615104000,1615104060,1615104420,1,ALIGNED_WITH,STOP,1.0,0.0,848069630.3878728,-1.0382364420109826
0.09410482253423177,1615107300,1615108500,1615108980,1,ALIGNED_WITH,STOP,20.0,0.4763931281067421,1.029801564800332,-1.0245231426952406
-1.0081404476113085,1615161900,1615161960,1615162320,-1,ALIGNED_COUNTER,STOP,1.0,0.0,871056700.6200924,1.5765662582620794
0.14233530861150528,1615162800,1615163220,1615164840,-1,ALIGNED_COUNTER,STOP,7.0,0.2291648935264791,2.1301182800588507,1.843643054783168
0.22434687534767295,1615171200,1615171680,1615173480,-1,ALIGNED_COUNTER,STOP,8.0,0.24994393302335788,1.7148367883913904,1.0258717422392507
2.1798771919175697,1615250100,1615250160,1615253580,1,ALIGNED_WITH,STOP,1.0,0.0,463829625.8008102,-1.1653085020185434
-1.007712988041055,1615254000,1615254300,1615254480,-1,ALIGNED_COUNTER,STOP,5.0,0.3021235082323779,1.3544679583555865,3.6870230846287044
0.18598189650538227,1615254900,1615255020,1615255560,-1,ALIGNED_COUNTER,STOP,2.0,0.3997765474663875,0.868436972617612,3.1276742075453727
-1.0093897261762839,1615335600,1615335840,1615336740,-1,ALIGNED_COUNTER,STOP,4.0,0.0,546831150.8904579,3.049477656639279
0.7917133356964834,1615340100,1615340160,1615340580,-1,ALIGNED_COUNTER,TP,1.0,0.04920512159491465,7.721271236722667,1.6900235416648728
0.7930438118602713,1615341900,1615341960,1615342140,-1,ALIGNED_COUNTER,TP,1.0,0.17026519811817062,3.1707685152743434,1.2414711967112908
-0.701945174664279,1615434600,1615435380,1615437180,-1,ALIGNED_COUNTER,TIME,13.0,0.1348793238948919,2.6941394834877945,1.9330617958955525
-1.0074296293588374,1615441200,1615442400,1615442880,-1,ALIGNED_COUNTER,STOP,20.0,0.33669218676943385,2.384270734577932,2.3856044590764602
0.26054331361419053,1615443600,1615444260,1615446060,-1,ALIGNED_COUNTER,TIME,11.0,0.05355201453134864,6.533598683372324,2.184499024873704
0.09585549264119364,1615509000,1615510080,1615510800,1,ALIGNED_WITH,STOP,18.0,0.6549876384378747,0.7796441693692621,-2.269012662022409
-0.45882696684215524,1615522500,1615522920,1615524720,-1,ALIGNED_COUNTER,TIME,7.0,0.1252561339024339,3.3490112998125987,2.4482170524830527
0.14938503752123794,1615529400,1615529940,1615531560,-1,ALIGNED_COUNTER,STOP,9.0,0.07829789064012513,4.879277138759141,1.7189602318209523
0.14224609142145103,1615596600,1615597200,1615598100,-1,ALIGNED_COUNTER,STOP,10.0,0.1693227793814166,3.7480569726830066,2.694949681996873
0.09257664268958923,1615618800,1615618860,1615621380,1,ALIGNED_WITH,STOP,1.0,0.0,395833449.41133714,-1.5961214922899025
0.0930229933068331,1615622400,1615622460,1615622700,1,ALIGNED_WITH,STOP,1.0,0.0,672925162.999718,-1.2553043010617995
0.09304895848016727,1615690800,1615691100,1615693560,1,ALIGNED_WITH,STOP,5.0,0.5919384079984177,0.8105529357498562,-0.9470230586824132
-1.0086391060244058,1615701900,1615702020,1615703400,1,ALIGNED_WITH,STOP,2.0,0.14002207746522963,2.614918113525977,-1.2139311334021758
-1.0084489471394682,1615706400,1615706580,1615708920,1,ALIGNED_WITH,STOP,3.0,0.2267710262454549,1.9941273540254325,-1.4032349363224863
-1.006704371653243,1615767600,1615769880,1615771440,-1,MIXED,STOP,38.0,0.6258092527377187,0.6907691189767605,1.0327305733560834
0.7914760022117784,1615790100,1615790520,1615791960,-1,MIXED,TP,7.0,0.6657741949565776,0.8138741955690852,2.482358656223409
0.7934947067689404,1615792500,1615792620,1615793040,-1,MIXED,TP,2.0,0.29831507434819005,4.163713129847701,2.3424251752216856
-1.0051378731249265,1615856700,1615856820,1615857180,1,MIXED,STOP,2.0,0.5223796605273511,1.2550759543604255,-4.0661520316343385
-1.0045008737832044,1615862400,1615863660,1615864380,1,MIXED,STOP,21.0,0.21071269744535798,1.4625185578993138,-1.1609323996262968
0.09584745795843376,1615878300,1615878600,1615880280,-1,ALIGNED_WITH,STOP,5.0,0.06457391878719916,7.150541279416686,2.437697927568153
0.12343706334249682,1615940700,1615942020,1615943820,-1,MIXED,TIME,22.0,0.4956080591390043,0.7466073920359021,1.781448385303865
0.14198633099418867,1615947000,1615947720,1615948620,-1,MIXED,STOP,12.0,0.6162174784008645,0.8229791973242413,1.0381600109522806
0.16617082181936055,1615974600,1615974720,1615975500,1,MIXED,STOP,2.0,0.15852062248154938,3.1898375318229677,-1.706204143606249
0.09546173594272528,1616025600,1616025660,1616025840,1,ALIGNED_WITH,STOP,1.0,0.0,875670830.5082785,-1.4986392442997454
0.0942339129953714,1616038200,1616038500,1616041860,1,ALIGNED_WITH,STOP,5.0,0.0,400674836.70086604,-2.271828329973289
0.09298403924673963,1616053500,1616053560,1616054640,1,ALIGNED_WITH,STOP,1.0,0.0,485394672.69880176,-2.220911775372614
0.20913682008663773,1616122200,1616123640,1616125440,1,MIXED,TIME,24.0,0.4710896000624603,0.9611937130286674,-2.1817187885600546
0.0936846598438004,1616133000,1616133060,1616133660,1,ALIGNED_WITH,STOP,1.0,0.0,563168105.2007916,-1.5676440797222146
1.4745118720885342,1616141100,1616141220,1616141580,1,ALIGNED_WITH,STOP,2.0,0.0,578336565.4703233,-2.2673936448946055
-1.0071370468017053,1616209500,1616209740,1616215920,1,ALIGNED_WITH,STOP,4.0,0.11383449509608416,3.602309140901316,-1.8551984242395458
-0.3228429822203504,1616216100,1616216280,1616218080,-1,ALIGNED_COUNTER,TIME,3.0,0.0,452977431.7623746,2.7979290469723925
-1.0138663970396227,1616225700,1616225760,1616227200,-1,ALIGNED_COUNTER,STOP,1.0,0.0,479635647.69788575,1.6024272459317945
0.21899052683023157,1616291700,1616292060,1616293800,-1,MIXED,STOP,6.0,0.16937266598159226,2.8477314934417315,1.3357128025196412
0.14009513810500493,1616296200,1616296260,1616297040,-1,MIXED,STOP,1.0,0.0,347255077.1012741,1.5661021779632882
0.13952029752575418,1616301000,1616301060,1616301540,-1,MIXED,STOP,1.0,0.09047169292995925,4.458704404158848,1.8207313927025979
-1.007827538678574,1616373900,1616373960,1616375040,1,MIXED,STOP,1.0,0.0,399372721.2446492,-2.239487154748544
-0.2025250236530962,1616375100,1616375280,1616377080,1,MIXED,TIME,3.0,0.2815243101182528,1.664861831278301,-1.1661974082371307
-0.7824775732776833,1616383200,1616383440,1616385240,-1,MIXED,TIME,4.0,0.0,373490975.9427628,1.657670758980597
1.6833502674564378,1616463900,1616464980,1616476860,-1,ALIGNED_WITH,STOP,18.0,0.3756573393142284,1.1145438433813577,2.15847533991497
-1.0066273992305443,1616478300,1616478420,1616480040,1,ALIGNED_COUNTER,STOP,2.0,0.0,495055061.41466177,-1.195813995495305
-0.10833912157686497,1616487900,1616488560,1616490360,1,ALIGNED_COUNTER,TIME,11.0,0.6334211164068215,0.9747178959044012,-1.1805408726969089
-1.005790943608901,1616568000,1616568720,1616569380,-1,ALIGNED_WITH,STOP,12.0,0.45182989293515197,0.7566713466399557,0.9895546333920009
0.09523552279708916,1616569500,1616569560,1616569860,-1,ALIGNED_WITH,STOP,1.0,0.0,647781436.706658,1.0018771917631453
-0.29871999719236814,1616574000,1616574180,1616575980,-1,MIXED,TIME,3.0,0.0,445641078.0689021,1.6281671932587265
0.09697993447882217,1616633400,1616633520,1616636400,-1,ALIGNED_WITH,STOP,2.0,0.0,375682375.4114635,1.0408447460411119
0.09516601912027343,1616652900,1616653740,1616654280,-1,ALIGNED_WITH,STOP,14.0,0.0,465318946.8871223,2.8883539700611274
-1.0077869833837134,1616673600,1616673720,1616673900,1,ALIGNED_COUNTER,STOP,2.0,0.0,538009658.3050749,-1.4416027380540275
0.7932333184335739,1616716800,1616716860,1616717040,1,ALIGNED_COUNTER,TP,1.0,0.0,653897946.6500968,-1.104174870152582
0.16210817729606913,1616718000,1616718900,1616720220,1,ALIGNED_COUNTER,STOP,15.0,0.5292254505533481,0.6550620055266085,-1.300159918831263
-1.0081535845307896,1616745600,1616745660,1616745840,-1,MIXED,STOP,1.0,0.003720905914239726,110.35242935887678,1.9867493115895147
-1.0091230814922472,1616805000,1616805060,1616806260,1,MIXED,STOP,1.0,0.0,545316547.5935116,-2.118772404835294
-0.3157741257317648,1616806800,1616806860,1616808660,1,MIXED,TIME,1.0,0.0,566480578.3516396,-3.6072302643530487
0.137133962174934,1616843100,1616843160,1616843460,1,MIXED,STOP,1.0,0.0,717210401.891264,-1.2613923525574455
0.09169575634625243,1616904000,1616904060,1616904840,1,ALIGNED_WITH,STOP,1.0,0.0,424559790.7916566,-1.234839980016081
-1.0102779348949624,1616922600,1616922780,1616925300,1,ALIGNED_WITH,STOP,3.0,0.0,519412533.4009535,-1.1310429002261335
-1.0133913225024473,1616927100,1616927340,1616928360,-1,ALIGNED_COUNTER,STOP,4.0,0.0,546279186.9645582,2.292063965725112
-0.633979483073938,1616984700,1616986860,1616988660,-1,MIXED,TIME,36.0,0.4673304344292229,0.8748478189217688,0.8655141727711458
0.7872785180074229,1617001800,1617002100,1617002220,1,MIXED,TP,5.0,0.47217683930976123,1.3509601438145755,-1.5053984980660022
0.16965963169115109,1617003900,1617005400,1617006960,1,MIXED,STOP,25.0,0.7027001980840278,0.874855756890236,-2.808452968777724
-0.6327332126138459,1617062400,1617062460,1617064260,-1,ALIGNED_COUNTER,TIME,1.0,0.06097008904749202,10.410568934941377,1.5549016721101376
0.7889945464209891,1617065100,1617065220,1617066060,-1,ALIGNED_COUNTER,TP,2.0,0.0,459504988.27892184,1.393231064019358
-0.06647294863018204,1617067800,1617069660,1617071460,-1,ALIGNED_COUNTER,TIME,31.0,0.498519443214002,0.8177774410616506,1.451177775110917
0.7826721944492231,1617149700,1617150240,1617150360,-1,ALIGNED_COUNTER,TP,9.0,0.7040585937664283,0.5355739479058431,2.5116611249713565
0.3407744293783155,1617151800,1617151860,1617153660,-1,ALIGNED_COUNTER,TIME,1.0,0.0,501241881.77286994,2.53964888516809
0.2431741040652691,1617159300,1617159540,1617159720,-1,ALIGNED_COUNTER,STOP,4.0,0.0,365633084.19385356,1.6087473956536684
0.02183893540640565,1617235500,1617235980,1617237780,-1,ALIGNED_COUNTER,TIME,8.0,0.0,445530805.27282226,1.1412902138753176
0.14096604287658626,1617272400,1617273360,1617275040,-1,ALIGNED_COUNTER,STOP,16.0,0.22683382188337775,1.7904451604021971,2.029681167356264
0.09206316662305342,1617288300,1617289380,1617290400,1,ALIGNED_WITH,STOP,18.0,0.5111164153694271,0.929893657101541,-1.321046384655933
-1.0105243994174957,1617321600,1617322080,1617324420,1,ALIGNED_WITH,STOP,8.0,0.5575299509528122,1.2662243992286706,-1.0136168187090977
2.248368860393065,1617329400,1617329460,1617330720,1,ALIGNED_WITH,STOP,1.0,0.0,422370198.19704723,-1.457163646690249
0.09391394951619687,1617332400,1617332460,1617332880,1,ALIGNED_WITH,STOP,1.0,0.0,881044750.4640086,-2.530159620525986
0.13565165188388956,1617409200,1617409260,1617409620,-1,MIXED,STOP,1.0,0.0,510186818.76406175,1.0233761831534154
1.4854985614628666,1617439500,1617439620,1617445260,1,ALIGNED_WITH,STOP,2.0,0.49235420736337343,1.225455507859424,-1.9071201560244082
-1.0072932630173426,1617447600,1617447780,1617462060,1,ALIGNED_WITH,STOP,3.0,0.0,400727660.2782045,-2.535607198408727
-0.7602119183537177,1617499200,1617499440,1617501240,-1,MIXED,TIME,4.0,0.0,340757050.5644562,1.4285298502967754
-0.3895356286749984,1617504300,1617506280,1617508080,-1,MIXED,TIME,33.0,0.2939079304532272,1.3371972435889963,2.2646794124993184
0.08972477624038885,1617531000,1617532440,1617536580,-1,ALIGNED_WITH,STOP,24.0,0.35771717395710423,1.3001645931033332,2.4041410706016233
-1.0194538449760104,1617581400,1617581460,1617582000,-1,MIXED,STOP,1.0,0.0,502758544.78988796,1.13674553343855
0.7825206270308372,1617582300,1617582360,1617583320,-1,MIXED,TP,1.0,0.0,395954861.33466923,4.149393751679415
0.7837250646752684,1617584100,1617584400,1617584940,-1,MIXED,TP,5.0,0.15313976283058411,5.233198643756841,1.9058072086742712
0.7860844743603547,1617667800,1617667920,1617668280,-1,ALIGNED_COUNTER,TP,2.0,0.09208061235415373,8.42421150566286,1.9009714728582476
-0.05847089511486986,1617676500,1617677340,1617679140,-1,ALIGNED_COUNTER,TIME,14.0,0.08828409014078645,3.8882473786380016,1.7231979404453432
-1.0186216533301726,1617695700,1617695760,1617695940,-1,ALIGNED_COUNTER,STOP,1.0,0.0,839211547.4722656,2.4955018162253837
-1.0148332740259136,1617753600,1617753840,1617754200,-1,MIXED,STOP,4.0,0.08413861132932489,3.5696048207957194,1.1276548990721065
0.7859903045891076,1617754500,1617754680,1617755580,-1,MIXED,TP,3.0,0.026814021140368176,14.089766081360942,1.1459137070420844
0.13721991203088815,1617756600,1617757020,1617757140,-1,MIXED,STOP,7.0,0.2229669008290689,1.9175441996255547,2.1232725803739427
-1.008706980046967,1617840300,1617840360,1617840780,-1,ALIGNED_WITH,STOP,1.0,0.0,880679823.0213125,2.1628124920659952
0.0914705434743733,1617841200,1617841260,1617842220,-1,ALIGNED_WITH,STOP,1.0,0.0,912427423.5734293,3.154653857492135
0.09214167750842839,1617843300,1617843660,1617844140,-1,ALIGNED_WITH,STOP,6.0,0.22922261610628916,1.8319664582005892,1.4817288497022552
0.13466678573714674,1617926400,1617926460,1617926580,1,MIXED,STOP,1.0,0.0,409667669.1672609,-1.7512089688970844
-1.0143684393440737,1617937200,1617937260,1617938340,-1,MIXED,STOP,1.0,0.0,417044938.7199268,1.5462780608320938
0.09004824223762162,1617941400,1617941820,1617944760,1,ALIGNED_WITH,STOP,7.0,0.2622530151398809,1.532485317052524,-0.9796020196441124
0.08877888390465294,1618020900,1618021860,1618022160,1,ALIGNED_WITH,STOP,16.0,0.33870178569224185,0.9157036002877271,-2.104399355784735
2.27536621933841,1618023600,1618023660,1618027560,1,ALIGNED_WITH,STOP,1.0,0.0,737293426.8033296,-1.9941894475845563
1.8316609136457693,1618027800,1618027860,1618028400,1,ALIGNED_WITH,STOP,1.0,0.0,890639440.8020911,-2.1749453886093932
0.09247487355703525,1618109100,1618109760,1618110420,1,ALIGNED_WITH,STOP,11.0,0.4987965201479811,0.8337563435061517,-1.3202117865108687
-1.0071998039025447,1618111800,1618112160,1618116180,1,ALIGNED_WITH,STOP,6.0,0.0073281210901897575,44.809749982731056,-1.53042984046607
0.09233536213076328,1618116300,1618116360,1618117080,1,ALIGNED_WITH,STOP,1.0,0.0,648634737.0640297,-1.3810036979797549
0.08990739396365689,1618199400,1618199580,1618200060,1,ALIGNED_WITH,STOP,3.0,0.03219265526823194,28.542767387091896,-1.2606398691281386
1.813431610794562,1618203600,1618204440,1618210920,1,ALIGNED_WITH,STOP,14.0,0.45991784815157216,1.39738787749566,-1.34598715708839
0.09228403717019108,1618211100,1618211460,1618211640,1,ALIGNED_WITH,STOP,6.0,0.13659092450654245,3.521412654975889,-1.6365339306923332
-1.0160619134061846,1618272900,1618273020,1618274520,-1,MIXED,STOP,2.0,0.0,559111303.9308717,1.443207674321682
0.08912558006119815,1618278000,1618278360,1618279020,1,ALIGNED_WITH,STOP,6.0,0.0,651748155.0347114,-1.870121588363509
0.09026256051370725,1618281600,1618281660,1618283160,1,ALIGNED_WITH,STOP,1.0,0.0,394728380.9575943,-2.447834149358215
-1.0134080937528323,1618363800,1618363860,1618365120,-1,ALIGNED_COUNTER,STOP,1.0,0.0,399951548.92046595,1.2821130814894808
0.7858528833440981,1618365300,1618365660,1618367400,-1,ALIGNED_COUNTER,TP,6.0,0.061282810165368,6.787481694193511,1.458871118673795
-1.0137018909585072,1618371000,1618371060,1618372140,-1,ALIGNED_COUNTER,STOP,1.0,0.0,641621998.9605701,1.875832399384691
0.09259766562366273,1618447500,1618447620,1618450200,1,ALIGNED_WITH,STOP,2.0,0.0,418783086.7637908,-1.9099382301987637
0.09337076133042871,1618453500,1618454160,1618455960,1,ALIGNED_WITH,STOP,11.0,0.6206602942541999,0.6380957235466421,-1.1408191656912994
0.09394157630688463,1618456800,1618457400,1618459680,1,ALIGNED_WITH,STOP,10.0,0.15545370767559977,3.6850277027276577,-1.8260976898422174
0.78840145414905,1618546200,1618547460,1618547640,-1,ALIGNED_COUNTER,TP,21.0,0.6074458993578774,0.6463198964907001,1.818667806971712
0.7889703455035855,1618547700,1618547820,1618549080,-1,ALIGNED_COUNTER,TP,2.0,0.6074575548118188,1.7055071078612778,1.7270389282010081
-1.0085157386552273,1618549200,1618549260,1618549380,-1,MIXED,STOP,1.0,0.0,864724105.7739304,2.7241348009715227
-0.019872973444455606,1618623000,1618623060,1618624860,1,MIXED,TIME,1.0,0.0,365106766.3378266,-1.4333217719468314
-1.0134426126957865,1618632600,1618633380,1618634640,1,MIXED,STOP,13.0,0.3650020000615243,0.8874070552815657,-1.7253691102778117
-0.38973833633242305,1618634700,1618634760,1618636560,1,MIXED,TIME,1.0,0.0,468597629.6770706,-1.6937811028262282
1.985486505405637,1618704600,1618705140,1618705860,-1,ALIGNED_WITH,STOP,9.0,0.36908751463989686,1.3536397588131752,3.058895115965173
0.09349246096370076,1618706100,1618706280,1618707660,-1,ALIGNED_WITH,STOP,3.0,0.013509377358373528,33.10895638692167,1.8465710939698436
-1.0054475099474478,1618708500,1618708620,1618709820,-1,ALIGNED_WITH,STOP,2.0,0.0,680677939.3484952,1.5254166642287228
0.09422346668317139,1618790400,1618790520,1618790760,-1,ALIGNED_WITH,STOP,2.0,0.5206831471798329,0.7668310639500883,1.1016877324802092
0.2210040059941744,1618793700,1618793820,1618795020,1,ALIGNED_COUNTER,STOP,2.0,0.16254876924168585,2.471208171752955,-1.014601839485184
0.09460853680322759,1618804200,1618804380,1618805460,-1,ALIGNED_WITH,STOP,3.0,0.0,333760058.8921656,1.1838315156424952
-1.0073143104276845,1618877100,1618877700,1618878060,1,ALIGNED_COUNTER,STOP,10.0,0.5721306687018901,0.8790463878391762,-2.512652442938788
-1.0068499848541004,1618878300,1618878420,1618879080,1,ALIGNED_COUNTER,STOP,2.0,0.0,652342803.381279,-2.4204731666751758
0.14379480990366908,1618879200,1618879260,1618879380,1,ALIGNED_COUNTER,STOP,1.0,0.03640111339234997,10.30961270055011,-3.170414763728009
0.1414299939451326,1618966200,1618966260,1618966500,-1,MIXED,STOP,1.0,0.0,531858228.4701318,1.2308472216492063
1.4582605302037759,1618972800,1618974000,1618977600,-1,ALIGNED_WITH,STOP,20.0,0.22113052670854863,1.6626391453456362,1.0837315461686396
-1.0054430509319554,1618979100,1618981260,1618986120,-1,ALIGNED_WITH,STOP,36.0,0.6847761799347656,0.5489290024804767,2.056453853910532
-1.0061871695022098,1619049600,1619049660,1619049900,1,ALIGNED_COUNTER,STOP,1.0,0.0,575247581.5237361,-1.729907268899878
0.7938613748249133,1619050200,1619050560,1619050860,1,ALIGNED_COUNTER,TP,6.0,0.43352855890760245,1.3317109269885448,-2.6102075372611573
0.23837797452574414,1619052000,1619053260,1619054520,1,ALIGNED_COUNTER,STOP,21.0,0.5376204972842997,1.079122057775608,-1.160980478662702
0.09676359456855566,1619139900,1619140020,1619141220,-1,ALIGNED_WITH,STOP,2.0,0.06078582528126121,9.15267397877969,1.2873190313220797
0.18750484990054875,1619144700,1619144760,1619145180,1,ALIGNED_COUNTER,STOP,1.0,0.6410769039529337,1.1158918656951484,-2.2312459440297
-0.8200997173516481,1619146800,1619149320,1619151120,1,ALIGNED_COUNTER,TIME,42.0,0.4151705021616862,1.1214998965763578,-1.703089216043618
0.18005649111184577,1619230500,1619230680,1619231220,1,ALIGNED_COUNTER,STOP,3.0,0.007978698798573824,54.91882428561997,-1.3718337631011128
-0.9229453256304301,1619232600,1619235060,1619236860,1,ALIGNED_COUNTER,TIME,41.0,0.4124251121855414,1.2438609395349285,-1.1979559851802708
0.09419381673134573,1619249400,1619249580,1619257560,-1,ALIGNED_WITH,STOP,3.0,0.0777030483772278,4.395683396667621,1.097954279493104
-1.008371996871901,1619309100,1619309820,1619310660,1,ALIGNED_COUNTER,STOP,12.0,0.40282574642917746,1.0874018973419477,-1.278909930558164
0.09355538683578617,1619321100,1619322120,1619322600,-1,ALIGNED_WITH,STOP,17.0,0.6460266773109865,0.6180092499594299,1.9730451133985245
0.09308666244176042,1619333700,1619334540,1619335440,-1,ALIGNED_WITH,STOP,14.0,0.3834424097528852,1.4378769564431941,1.0723590449711522
0.1454518620043744,1619402700,1619403000,1619404560,-1,MIXED,STOP,5.0,0.11257695910084184,3.41590306019917,3.8613667329701102
0.14186255390941635,1619419800,1619420460,1619421900,-1,MIXED,STOP,11.0,0.708497205433223,1.2624689077612457,0.7967894373804552
-1.009082593702721,1619430600,1619430840,1619431620,1,MIXED,STOP,4.0,0.3014103907189644,1.9160846974050776,-2.235273032600173
0.14402383028084062,1619481600,1619481900,1619483460,-1,ALIGNED_COUNTER,STOP,5.0,0.3974998175165113,1.1754876179001232,1.1422925196841058
-0.43203248165153857,1619504700,1619505660,1619507460,-1,ALIGNED_COUNTER,TIME,16.0,0.340714454824765,0.9357038997472712,3.1487149916671835
0.7903546002550076,1619511900,1619512020,1619512440,-1,ALIGNED_COUNTER,TP,2.0,0.03626386615063358,12.627184117812705,1.2695672288685902
0.24772328460638243,1619572800,1619573700,1619575500,-1,ALIGNED_COUNTER,TIME,15.0,0.4769753108755103,0.838481279771487,1.4909549959727617
0.25461109200013743,1619578800,1619578860,1619580660,-1,ALIGNED_COUNTER,TIME,1.0,0.0,513419417.95372146,1.0844050753200092
-1.0094146015883876,1619586000,1619586060,1619587980,1,ALIGNED_WITH,STOP,1.0,0.0,575667285.1185672,-1.063524859272906
0.13948108500834797,1619655000,1619655180,1619656200,-1,ALIGNED_COUNTER,STOP,3.0,0.1693611605033401,2.6358094222329984,1.163835533856072
-0.718589556244726,1619662800,1619663040,1619664840,-1,ALIGNED_COUNTER,TIME,4.0,0.13277532431270628,3.2279202036094765,2.7300573845153537
0.7882883131960144,1619665200,1619666400,1619667300,-1,ALIGNED_COUNTER,TP,20.0,0.1941780969170725,2.944862695197098,1.8939762510474207
0.0927269063209398,1619740800,1619741160,1619741520,-1,ALIGNED_WITH,STOP,6.0,0.31413279666331406,1.6824385751719302,1.8560144040554198
0.09160745354420277,1619757000,1619757180,1619761380,-1,ALIGNED_WITH,STOP,3.0,0.03729099881616812,16.458176837052633,1.1452797753112824
-1.0148231402837296,1619769600,1619769660,1619770140,1,MIXED,STOP,1.0,0.0,543261153.630754,-1.2752142218989833
-1.0105452594105098,1619827200,1619827260,1619827500,-1,ALIGNED_COUNTER,STOP,1.0,0.0,1004722265.849969,3.1565311450242013
0.06554346442098943,1619828100,1619828160,1619829960,-1,ALIGNED_COUNTER,TIME,1.0,0.0,517193527.0882297,2.3807424015864442
-0.1611791053046773,1619833800,1619834760,1619836560,-1,ALIGNED_COUNTER,TIME,16.0,0.24424768290278442,2.4013789886987738,1.5844287255466212
-1.0161273886630005,1619919000,1619919180,1619920440,-1,ALIGNED_COUNTER,STOP,3.0,0.1649844907667925,3.4745993652336518,1.3228194079143996
-0.3537667896502812,1619922000,1619922600,1619924400,-1,ALIGNED_COUNTER,TIME,10.0,0.25784129046226345,1.6444862386257253,1.8815215399534175
0.08891606378353838,1619926800,1619926860,1619927100,1,ALIGNED_WITH,STOP,1.0,0.0,1207639306.977098,-1.1101863524536912
1.3947281079320282,1620003900,1620004080,1620006120,1,ALIGNED_WITH,STOP,3.0,0.0,462244240.20626783,-1.1616349026606962
1.161258543312943,1620008400,1620008760,1620030360,1,ALIGNED_WITH,TIME,6.0,0.0,433177008.7857746,-1.2654403369183609
0.787922411445152,1620031500,1620032640,1620032820,-1,ALIGNED_COUNTER,TP,19.0,0.5205316673872653,0.5952851819906536,1.6392879055560863
0.7922267710711621,1620086400,1620086460,1620086880,-1,MIXED,TP,1.0,0.0,475939669.6193536,1.654289817009692
0.1444437925656775,1620090000,1620090060,1620091260,1,MIXED,STOP,1.0,0.0,412055743.146567,-2.110012706772971
-0.389197988312411,1620109800,1620109860,1620111660,-1,MIXED,TIME,1.0,0.0,345350915.9762527,1.0931343971926093
0.14344905205102107,1620173100,1620173160,1620174060,1,ALIGNED_COUNTER,STOP,1.0,0.0,622397710.2984183,-2.6038535707968378
0.7937503066550603,1620174900,1620175080,1620175500,1,ALIGNED_COUNTER,TP,3.0,0.0,615415597.0031916,-1.6309499132098082
-1.0058137091273958,1620183600,1620185520,1620186660,1,ALIGNED_COUNTER,STOP,32.0,0.3784841046410642,1.086852631047081,-1.7804155116814884
0.14047415749520703,1620259200,1620259560,1620260460,-1,ALIGNED_COUNTER,STOP,6.0,0.5883340566152067,0.8042435514798733,1.7189978344553218
-1.009321859170935,1620260700,1620260760,1620261120,-1,ALIGNED_COUNTER,STOP,1.0,0.0,832281873.998493,1.4911706790778454
0.7917736452241625,1620261300,1620261600,1620261840,-1,ALIGNED_COUNTER,TP,5.0,0.3055375063172209,1.1582230585911364,1.6354252753727876
0.7896468309730357,1620346200,1620346260,1620346380,1,MIXED,TP,1.0,0.0847879386687094,7.1709105757625915,-1.2059321216207695
0.7928574991457514,1620355200,1620355500,1620356640,1,MIXED,TP,5.0,0.33133248914154806,1.3155497180801206,-3.17825867885872
0.7901848629567588,1620372600,1620372660,1620373200,-1,MIXED,TP,1.0,0.0,462324654.8018154,1.154762387970671
0.7902470155204983,1620432300,1620432360,1620432600,-1,ALIGNED_COUNTER,TP,1.0,0.0,522194831.66928834,2.097855722073349
0.23036881235267018,1620435000,1620435060,1620436860,-1,ALIGNED_COUNTER,TIME,1.0,0.0,374816308.76503503,1.4449386026368076
0.09368360167684492,1620444600,1620445320,1620448260,1,ALIGNED_WITH,STOP,12.0,0.28817191319833224,2.1672682081344132,-1.319752752124858
0.7896750280611807,1620521100,1620521280,1620521760,-1,ALIGNED_COUNTER,TP,3.0,0.07569501513299594,5.613067581082363,1.003632030843481
-1.009865870620627,1620523500,1620523740,1620524400,-1,ALIGNED_COUNTER,STOP,4.0,0.09763235159410173,4.094365668398583,2.259211210333039
-1.0088048666733902,1620530100,1620531240,1620531540,-1,ALIGNED_COUNTER,STOP,19.0,0.6197603314464791,0.7680352461704412,1.723266755505871
-0.7237836054308634,1620605100,1620605220,1620607020,-1,ALIGNED_COUNTER,TIME,2.0,0.0,386989296.57239693,1.0737120508355733
0.09293346811206961,1620609000,1620611280,1620615300,1,ALIGNED_WITH,STOP,38.0,0.3569769831483829,1.696856735121637,-2.716446212159609
0.09231869199025645,1620616200,1620617340,1620617700,1,ALIGNED_WITH,STOP,19.0,0.2644620769740416,1.811472997845002,-2.0397202826334797
-1.0061442595772523,1620692700,1620692760,1620694200,1,ALIGNED_COUNTER,STOP,1.0,0.11899915936373705,2.6911926379352025,-1.0844594110811738
-1.0056933436249935,1620694800,1620694920,1620695640,1,ALIGNED_COUNTER,STOP,2.0,0.0,410780242.9395819,-1.3987541940578259
0.2545502960862723,1620701700,1620702540,1620704340,1,ALIGNED_COUNTER,TIME,14.0,0.558801477704915,0.6416325125129909,-1.8681212400095317
0.7880882978691597,1620777600,1620777780,1620777840,1,MIXED,TP,3.0,0.46301193453227796,1.0918228718608687,-1.0948983505148278
-1.010421593539824,1620780000,1620780060,1620780840,-1,MIXED,STOP,1.0,0.0,359658303.4709925,1.446111831371757
0.25914982001729425,1620780900,1620781020,1620782820,-1,MIXED,TIME,2.0,0.06271240975727364,6.119528521948061,1.5107782950053326
0.2649767104792331,1620864300,1620864360,1620864480,1,ALIGNED_COUNTER,STOP,1.0,0.0,977581641.6593106,-2.62098648247969
-0.17770720207072604,1620865800,1620865980,1620867780,1,ALIGNED_COUNTER,TIME,3.0,0.0,370680727.00506777,-1.031550029270584
0.7956353251762248,1620903900,1620904020,1620904320,1,ALIGNED_COUNTER,TP,2.0,0.1431753004674957,2.2155247567709484,-1.3953587644051215
0.9877445261824016,1620950700,1620951900,1620973500,-1,ALIGNED_WITH,TIME,20.0,0.2922242149576965,1.4285806112280812,2.5783501234914
-1.0042304831225008,1620974100,1620974280,1620976200,-1,ALIGNED_WITH,STOP,3.0,0.1804353129921006,1.9909651402637725,1.2918701343386845
-0.27646613847643703,1620977100,1620977160,1620978960,1,ALIGNED_COUNTER,TIME,1.0,0.0,656065534.2729839,-1.8748989926219017
-1.0050198233927348,1621038300,1621038360,1621041000,-1,ALIGNED_WITH,STOP,1.0,0.0,428228690.2196345,1.6377615554838945
0.09477991949224665,1621052700,1621053540,1621053840,-1,ALIGNED_WITH,STOP,14.0,0.32159825461363867,1.1997645174624705,1.8209143923017168
0.09491457401887325,1621059300,1621059540,1621059720,-1,ALIGNED_WITH,STOP,4.0,0.16887108792846306,2.485199470482932,1.6870368041104553
0.09686340377104051,1621124400,1621124520,1621125360,-1,ALIGNED_WITH,STOP,2.0,0.0,453900729.33089584,1.6459532866767874
-0.2524459789184092,1621129500,1621129560,1621131360,1,ALIGNED_COUNTER,TIME,1.0,0.0,349476580.3080246,-1.0350363524469555
-1.0047623223141298,1621149900,1621150200,1621151940,-1,ALIGNED_WITH,STOP,5.0,0.0,345278110.6596831,1.8365713383228108
1.5165040765075204,1621209600,1621209960,1621219560,-1,ALIGNED_WITH,STOP,6.0,0.3295663600525642,1.1392876095148714,1.747349516127183
-1.0037780387749229,1621222500,1621222620,1621223700,1,ALIGNED_COUNTER,STOP,2.0,0.08976323342426075,5.723245045560906,-1.2761950128388777
0.7968272731324345,1621224300,1621224480,1621224660,1,ALIGNED_COUNTER,TP,3.0,0.33948613576770875,1.275293187211447,-1.3011456673274058
0.14643662324887252,1621304700,1621305120,1621306260,1,ALIGNED_COUNTER,STOP,7.0,0.01927622915708377,21.728393934513942,-1.2583354864004432
0.09652949169156724,1621345200,1621345260,1621350420,-1,ALIGNED_WITH,STOP,1.0,0.016058652543579535,22.093470434297696,1.329490223812704
-1.0025247004177211,1621352700,1621353360,1621357920,-1,ALIGNED_WITH,STOP,11.0,0.3311925586841393,1.0991519514521721,2.522321060129618
0.09711398941723937,1621386900,1621387020,1621387320,-1,ALIGNED_WITH,STOP,2.0,0.22696737755098617,5.6662401505057565,1.6380002418332464
0.1463572928343552,1621389000,1621389180,1621389960,1,ALIGNED_COUNTER,STOP,3.0,0.32028313610518466,2.2587993943109796,-3.6348314655513985
0.2836248874340783,1621393200,1621393560,1621395300,1,ALIGNED_COUNTER,STOP,6.0,0.32620044313079977,1.2804458011067392,-1.9431805480768711
0.14801272739215787,1621468800,1621468920,1621469340,1,ALIGNED_COUNTER,STOP,2.0,0.0,845701384.078021,-1.5820434882665195
-1.001730616087687,1621471500,1621471560,1621471980,1,ALIGNED_COUNTER,STOP,1.0,0.0,625326598.6324428,-1.788946005434211
0.44920379278643713,1621474200,1621476300,1621478100,1,ALIGNED_COUNTER,TIME,35.0,0.6450440487542588,0.651121110942473,-1.9377378546519304
-1.0030787395196388,1621556100,1621556220,1621557660,-1,MIXED,STOP,2.0,0.0,427146849.66200864,2.33940357664273
0.1831585538693896,1621557900,1621558080,1621559880,-1,MIXED,TIME,3.0,0.13954589213740587,2.527902997614529,1.2730773364061858
0.14480742322691428,1621571700,1621572060,1621572660,1,MIXED,STOP,6.0,0.356964688651225,1.028794281999095,-2.8738490306948656
0.09765565595815427,1621660800,1621661040,1621661460,-1,ALIGNED_WITH,STOP,4.0,0.2003377477557559,1.9128462883913213,8.426149772921546
0.09778694326466886,1621662600,1621662960,1621665360,-1,ALIGNED_WITH,STOP,6.0,0.06944379143354773,5.325697658959042,1.266683891255618
-1.0019685537427474,1621673100,1621674600,1621677600,-1,ALIGNED_WITH,STOP,25.0,0.32208603778447664,1.4634963450911256,1.5046932562487432
0.09639699439919912,1621728000,1621728060,1621728360,-1,ALIGNED_WITH,STOP,1.0,0.0,1927634284.4737089,1.739643797715884
0.09642680345347548,1621740600,1621742400,1621744140,-1,ALIGNED_WITH,STOP,30.0,0.5835009977745175,0.7333136286136716,1.7686627316448371
0.09560728239228433,1621746300,1621746420,1621746600,-1,ALIGNED_WITH,STOP,2.0,0.0,628582113.2547207,1.6339982978326877
0.09769378276775446,1621815000,1621815060,1621817100,-1,ALIGNED_WITH,STOP,1.0,0.0,529561965.497373,1.3693591504048377
0.7962105778823181,1621831500,1621831560,1621832160,1,ALIGNED_COUNTER,TP,1.0,0.0,391548594.3296963,-1.7630819687923933
-1.003770414451225,1621832700,1621833180,1621834320,1,ALIGNED_COUNTER,STOP,8.0,0.21467679614276775,2.0458961046650086,-2.386880681444425
-1.0044444254953857,1621900800,1621900860,1621900980,-1,MIXED,STOP,1.0,0.0,682682550.9856741,1.0364967916960228
-1.0041754615527156,1621902600,1621902660,1621903380,-1,MIXED,STOP,1.0,0.0,365105734.2173067,1.5957982828596537
0.16372433079819515,1621912200,1621912320,1621913880,1,MIXED,STOP,2.0,0.0,480302010.08907336,-2.1109827491497875
0.7936943954138362,1621987500,1621987560,1621987860,-1,MIXED,TP,1.0,0.0,679022224.5166465,1.8465573104033774
-1.0056787580334339,1621995600,1621996560,1621997040,-1,MIXED,STOP,16.0,0.39426059337806096,0.8363315934436963,1.3362968257991692
0.7936492421256551,1622010000,1622010120,1622010300,1,MIXED,TP,2.0,0.0,376310303.582603,-2.590541352474179
0.7925262622976906,1622073600,1622073660,1622074620,-1,MIXED,TP,1.0,0.0,647529802.8270559,2.400600679198206
0.7926047764310995,1622074800,1622075460,1622076060,-1,MIXED,TP,11.0,0.417468934337044,1.299477492533105,2.1663623485149346
0.28168786859392103,1622078100,1622078220,1622078880,-1,MIXED,STOP,2.0,0.16705703407858957,2.069403702177946,1.6189296366516097
0.09609848808187617,1622160000,1622160060,1622160420,-1,ALIGNED_WITH,STOP,1.0,0.0,1163375145.8257072,1.7628493377285501
1.5569818195243268,1622161200,1622161500,1622163960,-1,ALIGNED_WITH,STOP,5.0,0.11773006587961182,3.3209755815477933,1.6227380402258802
0.09651818229344547,1622165400,1622166300,1622172720,-1,ALIGNED_WITH,STOP,15.0,0.19923307050182762,1.5748725640750088,1.8865782686660573
-1.0027146195013583,1622247600,1622248260,1622250120,-1,ALIGNED_WITH,STOP,11.0,0.04798249160217227,7.076740733612887,1.8143745356541616
0.09708702142479818,1622250300,1622250960,1622264880,-1,ALIGNED_WITH,STOP,11.0,0.0,379797513.8473407,3.0663455091944947
-1.0051798313715743,1622265600,1622265960,1622267640,1,ALIGNED_COUNTER,STOP,6.0,0.476305757297488,1.9347432336549215,-2.252542983600964
1.4840857432973678,1622332800,1622332920,1622335080,-1,ALIGNED_WITH,STOP,2.0,0.0,807249455.0332726,2.1881589799667447
0.1765780779691374,1622346900,1622349060,1622349300,1,ALIGNED_COUNTER,STOP,36.0,0.7182637315423005,0.7438277690612177,-2.2202603848099525
-1.0056218556380647,1622358000,1622358840,1622360400,-1,MIXED,STOP,14.0,0.612834424527431,0.679460793293408,1.749335699499528
0.09551337955323601,1622422800,1622423700,1622424180,-1,ALIGNED_WITH,STOP,15.0,0.4631278750860409,1.491577205697586,1.156181175145223
-1.0063091313639367,1622427000,1622428620,1622430120,1,ALIGNED_COUNTER,STOP,27.0,0.6071759367060338,0.6505398784251186,-1.7715564194035383
0.09596556679097566,1622430300,1622430540,1622434560,-1,ALIGNED_WITH,STOP,4.0,0.0,434310488.3427941,1.448554086262595
-1.0078877195406581,1622505900,1622506020,1622507820,-1,MIXED,STOP,2.0,0.07620054609187918,6.412803447853796,1.3921779122400828
0.7933379934862893,1622509200,1622509620,1622510700,-1,MIXED,TP,7.0,0.03738936432016602,10.555345034626226,3.0315179384397672
0.7933759116061356,1622511300,1622513100,1622513340,-1,MIXED,TP,30.0,0.5267487617021062,0.7466513312844333,1.4137521497383883
0.1427213271563369,1622593500,1622594100,1622595000,1,MIXED,STOP,10.0,0.3174538797030672,1.1672754718237786,-1.1090566794506869
-1.0076643067161803,1622607900,1622610060,1622610720,1,MIXED,STOP,36.0,0.40126300502347156,1.3507423909852403,-2.3147001234889446
0.7915922135655173,1622610900,1622611020,1622612760,1,MIXED,TP,2.0,0.0,416073228.46794647,-1.9908076465300462
0.054187621052763715,1622679300,1622679360,1622681160,-1,ALIGNED_COUNTER,TIME,1.0,0.009641181618619394,71.11978429006606,1.0273792172955478
-1.0120043713543654,1622694900,1622695440,1622695980,-1,ALIGNED_COUNTER,STOP,9.0,0.0,453360889.4085705,1.9988694756494534
-1.0122164870169401,1622696100,1622696160,1622696520,-1,ALIGNED_COUNTER,STOP,1.0,0.0,705556806.8470662,1.895735374930213
0.7887406025070728,1622764800,1622764920,1622765040,-1,ALIGNED_COUNTER,TP,2.0,0.0,704515313.1403006,1.314483103145984
0.7888293998332782,1622765400,1622765640,1622766300,-1,ALIGNED_COUNTER,TP,4.0,0.0,618002948.0720634,1.069060574697513
0.7902780922852479,1622768700,1622769000,1622769060,-1,ALIGNED_COUNTER,TP,5.0,0.5006992400507426,1.80185914563838,0.8375258527284131
0.7920229631438678,1622851500,1622851560,1622851860,1,ALIGNED_COUNTER,TP,1.0,0.0,678575954.9429643,-1.34977925320305
0.7928302167395469,1622852100,1622852340,1622853120,1,ALIGNED_COUNTER,TP,4.0,0.0,544566383.3649577,-1.481264493396869
-0.5601743358033616,1622870400,1622871060,1622872860,-1,MIXED,TIME,11.0,0.07079703596601192,6.581129285170477,1.2609965026849803
-1.003579008323972,1622939700,1622940480,1622942580,-1,ALIGNED_WITH,STOP,13.0,0.1365160286874603,2.9875941296440627,2.331550584916882
0.09548372113893037,1622942700,1622943000,1622949600,-1,ALIGNED_WITH,STOP,5.0,0.0,497435717.95857316,3.4333526338737
-1.0109192151538584,1622959200,1622959260,1622959920,1,ALIGNED_COUNTER,STOP,1.0,0.0,1255933669.6674151,-1.6226249225700748
-1.0061650213415796,1623024300,1623024360,1623024600,-1,ALIGNED_WITH,STOP,1.0,0.0,1246932418.5350623,1.5629555034023495
0.7929571256811665,1623028500,1623029160,1623030360,1,MIXED,TP,11.0,0.18422634630674645,2.0528420941200047,-1.4024521355954163
0.09333178271165005,1623049500,1623050160,1623050340,-1,ALIGNED_WITH,STOP,11.0,0.14746269131133843,4.179554856605456,1.5283056742953114
0.14623171288884454,1623110400,1623110460,1623111900,1,ALIGNED_COUNTER,STOP,1.0,0.0,658016437.0293553,-1.5251024283208894
-0.2668850549335669,1623120600,1623120900,1623122700,1,ALIGNED_COUNTER,TIME,5.0,0.5778117407885357,0.6534061124062936,-4.799959933896074
0.09631675817716685,1623140700,1623141780,1623146760,-1,ALIGNED_WITH,STOP,18.0,0.46785217242103627,0.813734577166718,2.503828754567924
-0.4307102611152874,1623204000,1623204060,1623205860,1,ALIGNED_COUNTER,TIME,1.0,0.0,521239701.26795334,-1.9982529896039616
0.09639974151916061,1623221700,1623222000,1623226260,-1,ALIGNED_WITH,STOP,5.0,0.0,479039102.00504285,3.4367771274107946
0.1443213944876134,1623237900,1623239100,1623239340,1,MIXED,STOP,20.0,0.39153011149635986,1.023073062091842,-1.054250984287867
-1.0060078389967115,1623283200,1623283260,1623283320,-1,ALIGNED_COUNTER,STOP,1.0,0.0,494454832.6777845,2.069983442454851
0.09526707954638378,1623300300,1623300360,1623302040,1,ALIGNED_WITH,STOP,1.0,0.0,530912256.63193184,-1.2939276143200777
1.4814637148610772,1623315600,1623317400,1623318900,1,ALIGNED_WITH,STOP,30.0,0.6528885160614134,2.397662142386796,-1.800650107257926
0.7944423540163223,1623370800,1623370920,1623371400,-1,ALIGNED_COUNTER,TP,2.0,0.0,443486020.22605896,1.007829989721544
0.1446509868226952,1623372000,1623373380,1623374040,-1,ALIGNED_COUNTER,STOP,23.0,0.5485191336531386,1.3572004924420582,1.5596707893057513
-0.5412342817812746,1623381000,1623382200,1623384000,-1,ALIGNED_COUNTER,TIME,20.0,0.46176562978316893,0.9282377899218557,1.071093117735038
0.14352556723695786,1623463200,1623464040,1623464340,-1,MIXED,STOP,14.0,0.47427287332583346,1.2470312355523545,2.064054826046616
-1.0061728748739664,1623464700,1623466680,1623467700,-1,MIXED,STOP,33.0,0.7216562945450783,1.758491108995557,2.6624100737571728
0.14492521119875454,1623468000,1623468180,1623469020,-1,MIXED,STOP,3.0,0.0,365661363.96365243,1.4084617052450557
-1.0054260530030623,1623556500,1623556980,1623559860,-1,ALIGNED_WITH,STOP,8.0,0.11171293839670918,4.693851902775035,1.9332709558364924
0.09447851922840675,1623560100,1623560820,1623562080,-1,ALIGNED_WITH,STOP,12.0,0.4606180042586081,1.0780512797108426,3.1257605098249535
0.0944246542550899,1623567600,1623567960,1623572400,-1,ALIGNED_WITH,STOP,6.0,0.053399636866219215,7.081705018358346,1.5823849138561021
0.7924121335237668,1623634800,1623634860,1623635040,-1,ALIGNED_COUNTER,TP,1.0,0.0,546849863.7512586,1.3584633338259424
0.15184433034111283,1623635100,1623635160,1623636000,-1,ALIGNED_COUNTER,STOP,1.0,0.0,580071813.285441,1.5361504101842325
0.09493366649151136,1623642300,1623642540,1623643320,1,ALIGNED_WITH,STOP,4.0,0.0,396810401.6904012,-1.275357351178863
0.7915457401489303,1623715200,1623715380,1623715500,-1,ALIGNED_COUNTER,TP,3.0,0.7196142382670715,0.5523438401071676,1.2812603882628681
0.0949050350760952,1623722400,1623722580,1623724920,1,ALIGNED_WITH,STOP,3.0,0.0,370543181.3778859,-1.0480280609740018
0.09543748089614454,1623726900,1623727020,1623729300,1,ALIGNED_WITH,STOP,2.0,0.0,460974907.515153,-1.0621993890693189
0.09312938086211422,1623807300,1623807540,1623809280,1,ALIGNED_WITH,STOP,4.0,0.004225326192972244,140.93899103452773,-1.0984571256508777
0.09327761961248472,1623818700,1623819300,1623825660,1,ALIGNED_WITH,STOP,10.0,0.14626477440008193,2.9548563409472615,-2.6735215118676714
0.19313845319270925,1623832500,1623834060,1623835020,-1,ALIGNED_COUNTER,STOP,26.0,0.42968134127609076,0.9253276822103147,2.0525263461662417
-1.008804255619863,1623888000,1623888120,1623888600,-1,MIXED,STOP,2.0,0.5758612642284022,1.0268499262973996,1.2232424316375048
-0.5318065599773818,1623888900,1623889200,1623891000,-1,MIXED,TIME,5.0,0.33142333679674807,1.6149850620015465,1.8823142394805157
-0.6226019771765119,1623892200,1623894000,1623895800,-1,MIXED,TIME,30.0,0.46481719524421417,0.7798182489849191,1.3045794960497339
0.14008673446563902,1623974400,1623974520,1623974940,-1,MIXED,STOP,2.0,0.0,686732974.4561007,2.167484220475352
0.0888330355843846,1623978000,1623978240,1623980040,-1,MIXED,TIME,4.0,0.4610722758184511,1.0049942352386434,1.270092919381476
-0.6022346473324013,1623987000,1623988080,1623989880,1,MIXED,TIME,18.0,0.41990754544010506,0.864920101990743,-1.3586556605319973
-1.005007477540023,1624061400,1624062660,1624065060,-1,ALIGNED_WITH,STOP,21.0,0.49073197416312203,0.8722346063515951,0.8265814853043014
0.09495325314646878,1624065600,1624065900,1624067520,-1,ALIGNED_WITH,STOP,5.0,0.006066311055347207,69.4482644136707,1.9329388450172111
2.4556064181777173,1624069200,1624069860,1624073340,-1,ALIGNED_WITH,STOP,11.0,0.13950523581941088,3.507587002527209,0.7874512082665248
0.09401908320028488,1624147200,1624147260,1624147740,-1,ALIGNED_WITH,STOP,1.0,0.11520151758144288,3.651561780884809,2.5488144612300196
0.09520168103739074,1624152300,1624152420,1624157820,-1,ALIGNED_WITH,STOP,2.0,0.0,376070594.34204555,1.6651205432456249
0.09282198870461213,1624178400,1624178700,1624181220,-1,ALIGNED_WITH,STOP,5.0,0.03110663826115606,11.743136877392951,2.266967875787278
-0.17227745088501603,1624243500,1624244160,1624245960,1,ALIGNED_COUNTER,TIME,11.0,0.4397891954838143,1.0240807330832078,-3.1307531660899675
-1.0066686885072567,1624249800,1624249860,1624250280,1,ALIGNED_COUNTER,STOP,1.0,0.0,349228697.3555396,-2.1860972817849977
0.7939805692735378,1624251000,1624251300,1624251660,1,ALIGNED_COUNTER,TP,5.0,0.3882212659542557,1.62172726854994,-1.2456592733878007
-1.003534389005266,1624320000,1624320300,1624320900,1,ALIGNED_COUNTER,STOP,5.0,0.5243445692883895,1.033898303112954,-1.281010432372774
0.09726887575273369,1624334100,1624334760,1624342920,-1,ALIGNED_WITH,STOP,11.0,0.3762807157738526,0.9524820787004674,2.052025277095632
-1.0070052549434156,1624349400,1624349460,1624350060,1,ALIGNED_COUNTER,STOP,1.0,0.0,513682076.38720375,-1.6618912705105564
0.7952864137786149,1624407300,1624407780,1624408020,1,ALIGNED_COUNTER,TP,8.0,0.6593614786809476,0.7066405019831994,-1.634103903522807
0.7956339339100498,1624408500,1624408680,1624408920,1,ALIGNED_COUNTER,TP,3.0,0.45367020158702565,1.6636283924766733,-1.64254753024978
0.7961897239454384,1624409100,1624409340,1624410360,1,ALIGNED_COUNTER,TP,4.0,0.694080025311598,0.7224537629601476,-1.4822702764907483
-1.0065528929059777,1624496400,1624496460,1624497360,-1,MIXED,STOP,1.0,0.0,529266020.495142,1.6235979025590528
0.09598256857225237,1624501500,1624501560,1624502040,-1,ALIGNED_WITH,STOP,1.0,0.0,648448476.0445529,1.167947020931026
-0.6221390635295243,1624513800,1624513860,1624515660,1,ALIGNED_COUNTER,TIME,1.0,0.0,839252693.9998745,-1.0249318901272815
0.14074700893333256,1624579500,1624579620,1624579800,1,MIXED,STOP,2.0,0.0,462777836.8605696,-1.2052453141314061
0.14205333007955342,1624582800,1624582860,1624583100,-1,MIXED,STOP,1.0,0.0,803519371.0509325,1.8012161696771312
-1.0064462713799491,1624587900,1624588740,1624589580,1,MIXED,STOP,14.0,0.38542019632271196,1.2403900744186052,-2.0253089584887363
0.09707924212260793,1624668600,1624668780,1624672560,-1,ALIGNED_WITH,STOP,3.0,0.0,478616049.9759706,1.3283922021801013
1.6915807179917821,1624683900,1624683960,1624689780,-1,ALIGNED_WITH,STOP,1.0,0.0,390192844.0752042,2.00273719058387
0.09578386731649854,1624689900,1624690020,1624691220,-1,ALIGNED_WITH,STOP,2.0,0.0,637583892.6174439,1.9602387253771325
-1.0062933577188227,1624752300,1624752360,1624752600,-1,MIXED,STOP,1.0,0.0,616364331.5826753,2.5184484816133064
0.14423718984839878,1624753500,1624754400,1624754940,-1,MIXED,STOP,15.0,0.529259006748834,1.4644376872026625,1.8048219586901293
-1.0055005030382818,1624756800,1624756860,1624757340,-1,MIXED,STOP,1.0,0.0,502989960.97950083,1.4554359220136142
-0.7688337709435972,1624838400,1624838760,1624840560,-1,MIXED,TIME,6.0,0.44157368663478314,0.9434345902597979,1.4219145052877131
0.09337010745115078,1624865700,1624866180,1624866420,1,ALIGNED_WITH,STOP,8.0,0.5100090273532729,3.4449383197261594,-3.2553912886308427
-1.0041360947979932,1624875300,1624875420,1624881660,1,ALIGNED_WITH,STOP,2.0,0.23756733203518945,1.3360255963267682,-3.7958896094627503
0.09448097725799677,1624926900,1624926960,1624927560,1,ALIGNED_WITH,STOP,1.0,0.0,900855789.6234618,-1.5543098399254256
-1.004416079473939,1624929900,1624931460,1624933800,1,ALIGNED_WITH,STOP,26.0,0.41212286466072606,1.14477584012707,-1.2924689176605813
-0.5151079890599798,1624935000,1624935300,1624937100,-1,ALIGNED_COUNTER,TIME,5.0,0.0,530074278.0613493,1.4086117847935555
0.09368048756823263,1625011800,1625012220,1625014800,1,ALIGNED_WITH,STOP,7.0,0.2152250416743753,2.0386033836925272,-1.742394816977436
-1.006188690554421,1625023500,1625023800,1625025480,1,ALIGNED_WITH,STOP,5.0,0.17124530087541653,2.1068467792229506,-1.5015515042851104
0.15936023354198117,1625028000,1625028120,1625028660,-1,ALIGNED_COUNTER,STOP,2.0,0.0,922589742.9553921,2.080915451891934
0.7920410876584926,1625097600,1625097660,1625098320,-1,MIXED,TP,1.0,0.0,324502557.5322772,1.584042447874254
0.790692688269081,1625105700,1625105760,1625106600,-1,ALIGNED_COUNTER,TP,1.0,0.0,611615629.9287028,1.1490767347048243
-1.0090696599003612,1625108400,1625108460,1625109180,1,MIXED,STOP,1.0,0.0,389295101.192731,-1.0861255825012979
0.7911956065951722,1625184000,1625184300,1625184420,1,ALIGNED_COUNTER,TP,5.0,0.5001066269590133,1.361960617301863,-1.790610758811269
0.09504124712113285,1625193600,1625195520,1625195760,-1,ALIGNED_WITH,STOP,32.0,0.483514504985025,1.5992366379138823,1.7328881335796462
0.21245644123981777,1625213100,1625213340,1625213640,1,ALIGNED_COUNTER,STOP,4.0,0.1266097370953712,2.885979706935252,-1.9589338513726506
-1.0105960884124785,1625271300,1625272200,1625272440,1,MIXED,STOP,15.0,0.11305628125363487,4.8293495959726345,-1.6309668636184278
0.13897523805950626,1625272800,1625274120,1625275500,1,MIXED,STOP,22.0,0.6110084341079055,0.7199054158467945,-1.837171581690499
0.7876773715415035,1625296800,1625296920,1625297400,1,MIXED,TP,2.0,0.046671520698953035,18.784710985979512,-2.2503721625519053
0.09344410304298066,1625357400,1625357880,1625358360,1,ALIGNED_WITH,STOP,8.0,0.34325734353748233,0.9554561985743035,-1.7438032002474295
2.1411975709626607,1625376900,1625377260,1625377560,1,ALIGNED_WITH,STOP,6.0,0.07881504153911474,17.75849492031707,-1.5784182181484097
0.7858625601617482,1625377800,1625378460,1625378880,-1,ALIGNED_COUNTER,TP,11.0,0.46105425181200327,0.8003139152507278,1.1589258257517137
-1.005720406385386,1625446200,1625446260,1625448660,1,ALIGNED_WITH,STOP,1.0,0.0,371599922.6155871,-2.745986739659454
-1.0085310360947917,1625448900,1625449020,1625449440,1,MIXED,STOP,2.0,0.0,535934847.3291988,-2.34159773628921
-1.0079653863283127,1625451600,1625452500,1625454180,1,MIXED,STOP,15.0,0.48448979457184554,0.6372735925835787,-1.498141244150445
0.7904870914986629,1625529600,1625529660,1625530020,1,ALIGNED_COUNTER,TP,1.0,0.3892288171436853,0.9390031850693291,-1.7049356043321946
-0.24739266446430186,1625530500,1625531700,1625533500,1,ALIGNED_COUNTER,TIME,20.0,0.4683817600083176,0.9480173255334499,-1.7918430095944873
0.14109231355843366,1625534400,1625534520,1625535480,1,ALIGNED_COUNTER,STOP,2.0,0.0,493951824.9710635,-1.8225140572943486
0.79056414208219,1625616900,1625617140,1625617800,-1,MIXED,TP,4.0,0.05687696341261617,7.602713044625243,1.8674171666955814
0.13929696741764505,1625630400,1625631720,1625631840,1,MIXED,STOP,22.0,0.4513211687875025,2.129151793251056,-2.6504785413163345
-1.0105374935217528,1625635200,1625637180,1625638620,1,MIXED,STOP,33.0,0.4656911861244331,1.202934300195452,-2.7692586298534017
0.7903957326705533,1625702400,1625702580,1625703300,-1,MIXED,TP,3.0,0.3659149701717453,1.3931013013512399,2.4562203446406907
0.14091776627655897,1625703900,1625703960,1625704080,-1,MIXED,STOP,1.0,0.039057521642500266,21.284122017730216,2.008305838595285
1.4459367176862241,1625717700,1625719500,1625724000,-1,ALIGNED_WITH,STOP,30.0,0.31639953238335383,1.0864789260648542,1.0346119680749808
0.7887087225583441,1625789400,1625789580,1625789700,1,ALIGNED_COUNTER,TP,3.0,0.2780293863440117,1.9875652751191528,-1.0225181855128345
-1.0088002095632014,1625791800,1625792520,1625792880,1,ALIGNED_COUNTER,STOP,12.0,0.29892003284834834,1.557510880130682,-1.3080900009091183
0.7917392711382777,1625796000,1625796960,1625797620,1,ALIGNED_COUNTER,TP,16.0,0.3411113194214186,1.619414023071355,-2.6003290207782825
-1.0111281675118524,1625880000,1625880180,1625881680,1,MIXED,STOP,3.0,0.0,368462416.49670947,-1.2267807432326436
-1.011215235775975,1625881800,1625881980,1625882520,1,MIXED,STOP,3.0,0.0,323552961.35386086,-1.1664052529502535
0.13551074234514052,1625893500,1625893620,1625893860,1,MIXED,STOP,2.0,0.0,402100035.12383145,-1.3344614676558457
0.134930831782622,1625976600,1625977020,1625978820,1,MIXED,TIME,7.0,0.4632026665030846,0.7733827754214206,-2.614188680513785
0.09003281278868712,1625981700,1625984400,1625985480,-1,ALIGNED_WITH,STOP,45.0,0.6173519123802913,0.560468139534294,0.8675019357189135
-1.0100466426251817,1625992200,1625992380,1625995440,-1,ALIGNED_WITH,STOP,3.0,0.11855059281696337,4.334341869643832,1.2040777155558402
-1.0071000348755559,1626048000,1626048240,1626048720,1,ALIGNED_WITH,STOP,4.0,0.6443138089411309,0.839707156003432,-1.0093732573196852
-0.5926545440441795,1626051000,1626051780,1626053580,-1,ALIGNED_COUNTER,TIME,13.0,0.2107346362039341,3.533147615545876,1.1587932169760835
-0.7410242350652284,1626056700,1626056880,1626058680,-1,ALIGNED_COUNTER,TIME,3.0,0.0,317608212.16835433,2.1077839384251926
0.09148699817385288,1626134400,1626134460,1626136260,-1,ALIGNED_WITH,STOP,1.0,0.4645223999292705,0.7964380808422303,2.162588562507058
0.09212570173787529,1626136500,1626136560,1626137040,-1,ALIGNED_WITH,STOP,1.0,0.0,383232618.4015396,1.2557413505556119
-1.0156662455906087,1626153600,1626153660,1626154500,1,ALIGNED_COUNTER,STOP,1.0,0.0,541805701.2108065,-1.6508279276578797
2.7085550975777677,1626227400,1626227640,1626233100,-1,ALIGNED_WITH,STOP,4.0,0.0,356707170.64501774,1.1627958357922017
0.09467480096362152,1626236700,1626237060,1626241680,-1,ALIGNED_WITH,STOP,6.0,0.08886457182295725,3.5380281292003355,1.4698416284927092
0.09460028453630778,1626258900,1626259620,1626265200,-1,ALIGNED_WITH,STOP,12.0,0.31954664515990444,1.0548780454793496,3.295830509372685
0.7867397472640344,1626308400,1626308520,1626309600,1,MIXED,TP,2.0,0.030577929807116124,14.27248630573263,-1.1069644452360026
0.7878208744004577,1626310200,1626310260,1626310860,1,MIXED,TP,1.0,0.0,452917303.53663653,-2.0502665142750973
0.06815980749231725,1626314700,1626316200,1626318000,-1,MIXED,TIME,25.0,0.5762714916644542,1.0288745470498089,1.6988053401548033
0.11751824691356444,1626399000,1626399300,1626401100,1,ALIGNED_COUNTER,TIME,5.0,0.0,386543209.8765381,-1.4566759053210396
-1.0148654159071486,1626416400,1626416760,1626417540,1,ALIGNED_COUNTER,STOP,6.0,0.01867092000859328,24.522611751894473,-2.966924588933402
0.7859257759964391,1626417900,1626417960,1626418980,1,ALIGNED_COUNTER,TP,1.0,0.0,365352928.0783849,-2.773226042253635
-1.007125000284128,1626482400,1626482460,1626483300,-1,ALIGNED_WITH,STOP,1.0,0.0,417948105.9702063,2.7452319150938314
0.09332242016135946,1626483600,1626483660,1626485220,-1,ALIGNED_WITH,STOP,1.0,0.0,626811627.0838927,3.2263523567306374
0.09397895866926206,1626486600,1626487500,1626495300,-1,ALIGNED_WITH,STOP,15.0,0.19895171367184228,2.8160185581035058,1.3262239880742221
-1.011211719334858,1626568800,1626568920,1626569640,-1,ALIGNED_WITH,STOP,2.0,0.19913341348881908,2.827219549863873,3.7290972463293515
-0.6224928540720656,1626578700,1626580980,1626582780,1,MIXED,TIME,38.0,0.4126608807802867,1.0182315380977112,-2.0061982325406884
0.16052023856262548,1626588900,1626588960,1626589800,1,MIXED,STOP,1.0,0.0,350710425.41996795,-1.189887678027348
-1.012119401450393,1626653100,1626653160,1626654480,1,MIXED,STOP,1.0,0.0,987100880.7960216,-2.2302695584088505
-1.0106750227727235,1626655800,1626656100,1626656700,1,MIXED,STOP,5.0,0.24230185314600972,2.3185742037420707,-2.033153331821968
0.4908628528573853,1626657300,1626658800,1626660600,1,ALIGNED_COUNTER,TIME,25.0,0.4619099227635126,0.9553707533024347,-1.153814122000357
0.17630659560088552,1626739500,1626739560,1626739680,1,ALIGNED_COUNTER,STOP,1.0,0.0,462659744.40892994,-1.7313403244440495
-1.014421388465204,1626741300,1626741600,1626742320,1,ALIGNED_COUNTER,STOP,5.0,0.2051459666837603,1.8181818093189492,-1.7087686828871627
0.22191658880947293,1626743700,1626743760,1626745560,1,ALIGNED_COUNTER,TIME,1.0,0.0,480986888.07820827,-2.3452227403418546
-1.0132840240560879,1626826200,1626826380,1626826860,1,ALIGNED_COUNTER,STOP,3.0,0.0,684696024.7680879,-1.3502039680834734
0.1386192578575019,1626827700,1626827940,1626829680,1,ALIGNED_COUNTER,STOP,4.0,0.23037683067303008,1.3443333274980245,-1.434335816018882
-0.46836758234118797,1626835200,1626835260,1626837060,1,ALIGNED_COUNTER,TIME,1.0,0.0,448109614.02651614,-2.0569432032660826
0.7914301909652405,1626913800,1626913920,1626915000,-1,ALIGNED_COUNTER,TP,2.0,0.30584821530304857,1.5902294801969845,1.349643295869506
-0.2432760107968435,1626915300,1626915780,1626917580,-1,ALIGNED_COUNTER,TIME,8.0,0.30919684353579074,1.5777664405881326,1.2972187038337744
-0.0032644405300095453,1626942000,1626942840,1626944640,-1,ALIGNED_COUNTER,TIME,14.0,0.5505858926246404,0.6553067174076723,2.4493015536653404
0.09181837561433479,1626998400,1626998520,1627003560,1,ALIGNED_WITH,STOP,2.0,0.0,854813529.9219403,-1.4331533508339094
0.09106377648987009,1627004400,1627005300,1627005660,1,ALIGNED_WITH,STOP,15.0,0.6120236511629147,1.518364608779197,-2.3245122891551206
0.09296507076459545,1627007700,1627007760,1627015260,1,ALIGNED_WITH,STOP,1.0,0.0,671249722.6126357,-2.6555555658843852
0.15312994268248806,1627084800,1627084860,1627085040,-1,ALIGNED_COUNTER,STOP,1.0,0.45619666284549903,1.1361402700133907,2.740099828516349
0.0897566263390128,1627101900,1627102020,1627102140,1,ALIGNED_WITH,STOP,2.0,0.12225644224398788,3.6860118746114936,-1.0000624840625385
2.0412074098769315,1627116300,1627116600,1627125420,1,ALIGNED_WITH,STOP,5.0,0.5150952058238394,0.6390374319144153,-2.1734960101756338
0.1512374331398586,1627175700,1627175760,1627176840,-1,ALIGNED_COUNTER,STOP,1.0,0.0,495618527.3699685,1.0956712991901778
0.09322324346751815,1627183500,1627183740,1627187820,1,ALIGNED_WITH,STOP,4.0,0.03099862830432283,13.269598042303414,-2.15541651183997
-1.0074134002749868,1627203300,1627203840,1627206060,1,ALIGNED_WITH,STOP,9.0,0.09086733240850473,3.9547062551346452,-0.8371738166999182
1.4070605650459047,1627258200,1627258260,1627260420,1,ALIGNED_WITH,STOP,1.0,0.0,630928246.2029088,-2.25556447005862
0.14373764476419443,1627261500,1627261560,1627261680,-1,ALIGNED_COUNTER,STOP,1.0,0.0,2121403377.636583,6.239170195848455
0.2194326691099211,1627281300,1627281360,1627281600,-1,ALIGNED_COUNTER,STOP,1.0,0.0,622746166.2574067,1.5135228363203725
0.3529742179962791,1627354800,1627355760,1627357560,1,MIXED,TIME,16.0,0.4146103201482366,0.8924555284137905,-2.390794115763179
-1.006989635457936,1627365300,1627365780,1627367280,-1,ALIGNED_COUNTER,STOP,8.0,0.15604362428770377,3.2948004625613923,1.1401850973511687
0.04544032088339799,1627374900,1627374960,1627376760,-1,ALIGNED_COUNTER,TIME,1.0,0.0,428443935.31716263,1.1209103050445324
1.5185938855554038,1627431300,1627431600,1627438500,1,ALIGNED_WITH,STOP,5.0,0.0,341606907.654031,-1.1054708098394415
0.09644940147390896,1627441800,1627442400,1627443660,1,ALIGNED_WITH,STOP,10.0,0.08528306057159296,8.187675850193441,-2.1914073387307558
0.09620259592452508,1627454700,1627454760,1627461660,1,ALIGNED_WITH,STOP,1.0,0.0,334953119.7747478,-1.093065141134824
0.4080835330541719,1627524900,1627527540,1627529340,-1,ALIGNED_COUNTER,TIME,44.0,0.5137284464915165,0.7962237248484406,0.9865602910803458
-1.0052043035985094,1627537800,1627537860,1627546260,1,ALIGNED_WITH,STOP,1.0,0.0,503647808.5345361,-1.5284413248571664
-1.0065507689354218,1627552800,1627553820,1627555080,1,ALIGNED_WITH,STOP,17.0,0.7298861341826286,0.8823451109226601,-1.9031423920789232
0.09298825148758526,1627603800,1627603980,1627605960,1,ALIGNED_WITH,STOP,3.0,0.0,647311033.9163193,-2.8852684119733274
0.13610387861303253,1627623000,1627625400,1627625580,-1,ALIGNED_COUNTER,STOP,40.0,0.7397612930045795,0.5229383879186744,2.6293153802235385
-1.013900870743153,1627626600,1627627620,1627629420,-1,ALIGNED_COUNTER,STOP,17.0,0.2707501287120487,1.5189971512775822,2.319377392085347
0.0969173848659587,1627691700,1627693380,1627698720,1,ALIGNED_WITH,STOP,28.0,0.41980942789024256,0.9788506930239385,-1.6890344143619465
0.09330361116975174,1627709700,1627709760,1627712160,1,ALIGNED_WITH,STOP,1.0,0.0,702802587.0033859,-1.5648293177760295
0.038182115580030845,1627720500,1627720560,1627722360,-1,ALIGNED_COUNTER,TIME,1.0,0.0,325630690.3443195,1.9157102862339845
0.09333752751347156,1627787400,1627787580,1627788300,1,ALIGNED_WITH,STOP,3.0,0.0,403025035.125392,-1.869191838003429
0.09299644195420995,1627788600,1627789380,1627790400,1,ALIGNED_WITH,STOP,13.0,0.5210468456328091,0.7664602176810201,-1.9005669284382425
-1.0071095832112555,1627794000,1627794060,1627794660,1,ALIGNED_WITH,STOP,1.0,0.0,337585492.26545084,-1.5075630585558286
-0.2264445964557163,1627862400,1627862700,1627864500,1,MIXED,TIME,5.0,0.24809964770244697,1.4999999939540811,-0.8405029237910541
-1.0049410694559366,1627865400,1627865520,1627866120,1,MIXED,STOP,2.0,0.08504771815602827,4.083748121821607,-1.3007229319466873
-1.0128060494411741,1627887000,1627887720,1627888080,-1,MIXED,STOP,12.0,0.482916920946912,1.0437021367350445,2.439750359083174
0.21644454247813089,1627954800,1627954980,1627956120,-1,MIXED,STOP,3.0,0.0,306486335.6389679,1.0377969240609934
0.7930746676009887,1627963800,1627965720,1627966620,-1,MIXED,TP,32.0,0.7105433376455212,0.5625347688436926,1.5979478871982253
0.7892552718320153,1627992300,1627992360,1627992720,1,ALIGNED_COUNTER,TP,1.0,0.0,1168792568.6564972,-1.052258793812263
0.09404739772451183,1628035200,1628035380,1628036100,-1,ALIGNED_WITH,STOP,3.0,0.60786656359078,0.7958994899809685,1.2046753464015574
1.356924573700685,1628038500,1628039040,1628051520,-1,ALIGNED_WITH,STOP,9.0,0.29178638410195523,1.4123617585286847,1.8668302414550912
-1.0074368644287912,1628051700,1628051820,1628053740,-1,ALIGNED_WITH,STOP,2.0,0.0,399831632.1161677,1.6837728530163814
-1.0074971942544781,1628121600,1628121960,1628125320,1,ALIGNED_WITH,STOP,6.0,0.6046361412319166,0.6344176471093278,-2.2638132596779204
0.09246702775232483,1628125500,1628126160,1628128800,1,ALIGNED_WITH,STOP,11.0,0.39529061395468607,1.0268038223807605,-2.4783426128208483
0.783590138209733,1628144700,1628144760,1628145360,-1,ALIGNED_COUNTER,TP,1.0,0.0,391004411.71197265,1.1097425640140328
-1.0062543674165148,1628208000,1628208120,1628209440,1,ALIGNED_WITH,STOP,2.0,0.37725112903911845,1.3058252392569842,-1.1246137570880799
-1.0055084771634477,1628209800,1628210100,1628210940,1,ALIGNED_WITH,STOP,5.0,0.16373388812050255,2.9915527767601398,-2.0536173725057836
0.09468349368332751,1628211300,1628211660,1628216340,1,ALIGNED_WITH,STOP,6.0,0.44114862374919744,1.0635120522850658,-2.094541597377407
0.09287703611353729,1628296200,1628296380,1628296920,1,ALIGNED_WITH,STOP,3.0,0.3191621992270292,0.9823437469221583,-1.042720870253272
-1.0087678092750436,1628301000,1628301660,1628302860,-1,ALIGNED_COUNTER,STOP,11.0,0.7236506846924389,0.5749254395296373,1.0218986429863939
0.25260460869592993,1628303400,1628303520,1628304780,-1,ALIGNED_COUNTER,STOP,2.0,0.05531576199672497,7.189169545124965,1.6966273538889216
0.09511464496577668,1628381100,1628381400,1628381640,1,ALIGNED_WITH,STOP,5.0,0.11399537932718584,3.1262975504298205,-2.729737905001262
0.09594722482005696,1628385600,1628385960,1628397180,1,ALIGNED_WITH,STOP,6.0,0.4117332204007929,0.8723333312146377,-1.195007485027013
0.09384257329115989,1628401500,1628402220,1628402760,1,ALIGNED_WITH,STOP,12.0,0.3134676451596823,2.139583875186462,-3.5378876567392745
-0.5916611806625511,1628473800,1628474040,1628475840,-1,MIXED,TIME,4.0,0.0,421692714.06560135,1.2826750308216734
-0.5775735068614226,1628477400,1628478780,1628480580,-1,MIXED,TIME,23.0,0.0406003807173584,8.74247704149251,2.1093332599423475
1.7712179794200327,1628496600,1628498280,1628500680,1,ALIGNED_WITH,STOP,28.0,0.5597287184284669,0.9029832021971661,-1.108239952114839
0.09636628310465133,1628553600,1628553900,1628554020,1,ALIGNED_WITH,STOP,5.0,0.3611435297737058,2.8137153149986642,-2.1379586905522534
-0.45162074253396506,1628562600,1628562900,1628564700,-1,ALIGNED_COUNTER,TIME,5.0,0.0,350732432.9047079,1.2170234003737905
-1.011367493572347,1628570700,1628571540,1628572020,-1,ALIGNED_COUNTER,STOP,14.0,0.4061419797171739,1.2192269787804673,1.7988790011908624
0.09417051411092962,1628642100,1628642700,1628645580,1,ALIGNED_WITH,STOP,10.0,0.4278587151909299,0.9040521221283743,-1.3950226652437914
0.09096955055788652,1628663700,1628663760,1628663940,1,ALIGNED_WITH,STOP,1.0,0.0,598662782.167649,-1.663040932268693
0.09217384402559209,1628664300,1628664660,1628664900,1,ALIGNED_WITH,STOP,6.0,0.4641484272237937,1.0222002395825436,-1.9458933048044644
-0.4281072836997543,1628727000,1628728260,1628730060,-1,MIXED,TIME,21.0,0.6209509975411446,0.8421874986437135,2.4478634049142127
-0.3859021990397283,1628732100,1628732220,1628734020,-1,ALIGNED_COUNTER,TIME,2.0,0.0,405480511.1856857,2.205283185973476
0.13880330524075654,1628737200,1628737260,1628738520,-1,ALIGNED_COUNTER,STOP,1.0,0.0,422158356.18525815,1.3294786298903774
-1.0092649787250474,1628813700,1628813760,1628814180,-1,MIXED,STOP,1.0,0.0,963331748.5520277,1.6441627807247066
-1.0094537951640814,1628815200,1628816460,1628817540,-1,MIXED,STOP,21.0,0.3981999653839418,0.8469093605293232,0.7662761427323933
-0.8119592074690102,1628817900,1628818320,1628820120,-1,MIXED,TIME,7.0,0.08416471033813142,4.351999948291911,1.7258859244713887
0.08902419993642875,1628907300,1628908380,1628915280,1,ALIGNED_WITH,STOP,18.0,0.20065115038215586,2.1089279453667253,-0.9286699719156465
-1.0195384705765527,1628932500,1628933400,1628934000,-1,ALIGNED_COUNTER,STOP,15.0,0.27079984333993207,1.641583553925734,0.9381046836936742
0.7842655818549615,1628934300,1628934420,1628934540,-1,ALIGNED_COUNTER,TP,2.0,0.5727225042618567,0.8314825400478214,1.0539241045359597
0.09163003281894014,1628988900,1628989140,1628990520,1,ALIGNED_WITH,STOP,4.0,0.0,364415699.8947432,-1.2802995057765472
0.09063319103734428,1629000300,1629000420,1629001980,1,ALIGNED_WITH,STOP,2.0,0.02801827801825523,20.946351183751652,-4.1237209277901865
-1.0091779266277214,1629017100,1629018000,1629018840,-1,MIXED,STOP,15.0,0.4539142211153333,1.1237168116837055,1.8194435338721884
-1.0071702511905336,1629072000,1629072060,1629072660,1,ALIGNED_WITH,STOP,1.0,0.0,556346706.8328372,-2.4282553303184766
0.09374047918395366,1629072900,1629073020,1629073320,1,ALIGNED_WITH,STOP,2.0,0.5895172064634943,1.555674301014854,-1.8356173966380491
0.09319934404903515,1629086100,1629086400,1629090780,1,ALIGNED_WITH,STOP,5.0,0.038228011989979924,11.94494350775678,-1.739433791147121
0.7913047798776263,1629160200,1629161280,1629162060,1,MIXED,TP,18.0,0.5431733514615918,0.7954163147677243,-1.360595349547432
-0.43884985067429183,1629174900,1629175080,1629176880,1,MIXED,TIME,3.0,0.0,415604278.2590733,-1.2430485515558751
-1.0102617806997902,1629180300,1629181680,1629182640,1,MIXED,STOP,23.0,0.5527523958101257,0.7717119573168449,-1.7215074947417242
0.08431255007127195,1629245100,1629245160,1629246960,-1,MIXED,TIME,1.0,0.0,588692114.4576333,1.3871394139730484
0.7927325470095828,1629252600,1629254040,1629254340,-1,MIXED,TP,24.0,0.37998202116327673,1.02673477805564,1.3102183886293801
0.09396565948420645,1629264900,1629264960,1629272400,-1,ALIGNED_WITH,STOP,1.0,0.0,350388721.23135924,1.0214792752556832
0.09322972980860372,1629331500,1629331920,1629332460,-1,ALIGNED_WITH,STOP,7.0,0.5342416450775219,1.0017843468374985,1.3887486389069261
0.09349330451954847,1629334500,1629335100,1629338700,-1,ALIGNED_WITH,STOP,10.0,0.5042413403380663,0.6810344814080085,1.1057276009954422
1.4167667930165857,1629341100,1629342120,1629345840,-1,ALIGNED_WITH,STOP,17.0,0.2930781700717564,1.181352309136387,1.5424894188940723
0.09298246676084576,1629418500,1629418680,1629421620,1,ALIGNED_WITH,STOP,3.0,0.152373265173441,2.5111830323713966,-1.0022735237150158
-0.6653657538276504,1629422700,1629423780,1629445380,1,ALIGNED_WITH,TIME,18.0,0.5569844335580137,0.5432098755679723,-1.2191114454122338
0.09000404083816745,1629446100,1629446160,1629446820,1,ALIGNED_WITH,STOP,1.0,0.0,487369523.1737799,-2.358594240562919
-1.0062102990021236,1629506100,1629506220,1629519540,1,ALIGNED_WITH,STOP,2.0,0.0,381630891.0332001,-1.3336323019759977
-0.39720993948045313,1629528000,1629528180,1629529980,-1,ALIGNED_COUNTER,TIME,3.0,0.06092479540507785,6.275303540725545,2.3164373878421705
-1.0152817509016627,1629530400,1629531360,1629532200,-1,ALIGNED_COUNTER,STOP,16.0,0.525753154063072,0.7947161712838509,1.43905166822801
0.7874966523039683,1629596400,1629597240,1629598620,-1,ALIGNED_COUNTER,TP,14.0,0.17159535056371375,2.024049869439819,1.1536698444302211
0.7866592061203449,1629601200,1629602520,1629603000,-1,ALIGNED_COUNTER,TP,22.0,0.360977287024328,1.4246097854155635,2.544818253673608
0.7841329649989861,1629608700,1629608760,1629609780,-1,ALIGNED_COUNTER,TP,1.0,0.0,697185796.5114356,1.8197929687336094
0.09227204364925458,1629676800,1629676860,1629677640,1,ALIGNED_WITH,STOP,1.0,0.0,410174688.75075203,-3.4451314170964733
1.8970441754249698,1629678900,1629678960,1629682320,1,ALIGNED_WITH,STOP,1.0,0.0,407902567.80257845,-2.4680411598617873
0.09294082799384329,1629682800,1629683400,1629686520,1,ALIGNED_WITH,STOP,10.0,0.18190792262689082,1.9773945358557101,-1.8946300057780476
-1.015588452926405,1629763200,1629763380,1629763500,-1,ALIGNED_COUNTER,STOP,3.0,0.2506566468884036,2.3887770413004503,1.1673094083698317
0.7864211129843008,1629778800,1629779400,1629780120,1,MIXED,TP,10.0,0.24482353449732558,2.575730326557948,-1.9777631494405012
0.044291315135349035,1629782400,1629783780,1629785580,1,MIXED,TIME,23.0,0.626291471024687,0.7580577635447792,-1.3847142832428885
-0.4907613874775448,1629857100,1629857760,1629859560,-1,MIXED,TIME,11.0,0.24875327083064325,1.3774145561269295,2.1467599481576385
0.18070235781272126,1629871200,1629871560,1629872880,-1,MIXED,STOP,6.0,0.5237114623920343,0.6245544542529353,2.7378957039431895
0.7873205362085958,1629876900,1629877320,1629878880,-1,MIXED,TP,7.0,0.1060290512218941,7.9144703380855725,1.606108692484239
0.09146533640316298,1629936000,1629936180,1629936960,1,ALIGNED_WITH,STOP,3.0,0.09763875746038475,6.402243524172395,-1.3371348001959669
-1.0076552433193435,1629942900,1629943680,1629947220,1,ALIGNED_WITH,STOP,13.0,0.2820331199414623,1.0939843320650748,-2.480157170084697
-1.007079704113194,1629948000,1629948120,1629949380,1,ALIGNED_WITH,STOP,2.0,0.0,338649034.91276383,-3.8127925923409043
0.138228953373014,1630022400,1630022520,1630022820,1,ALIGNED_COUNTER,STOP,2.0,0.3956686355771941,1.3173637482549483,-3.100876370607071
0.7895934574694081,1630023600,1630023660,1630024080,1,ALIGNED_COUNTER,TP,1.0,0.2702530089317801,2.227129851147081,-2.9967878445897336
0.7905950198496663,1630025400,1630025460,1630025820,1,ALIGNED_COUNTER,TP,1.0,0.0,685889002.0250132,-1.9439401957376954
0.09095152799258306,1630108800,1630108980,1630109220,1,ALIGNED_WITH,STOP,3.0,0.3536899087781663,1.1522723690674836,-1.5437617711434937
0.09023536120265144,1630110300,1630110480,1630116540,1,ALIGNED_WITH,STOP,3.0,0.06616403968646851,5.352303442140923,-1.833079594663145
1.758929423028877,1630131000,1630131060,1630132260,1,ALIGNED_WITH,STOP,1.0,0.0,473482640.91251636,-1.3718857578204453
2.5455826285281877,1630197900,1630197960,1630198320,1,ALIGNED_WITH,STOP,1.0,0.0,401722238.91058487,-1.3039108206390173
-1.011044266435271,1630198500,1630198560,1630200960,1,ALIGNED_WITH,STOP,1.0,0.0,713527585.8616147,-1.7042566605296305
-1.007827125890729,1630202100,1630202400,1630204740,1,ALIGNED_WITH,STOP,5.0,0.10175771971498988,3.493930871358765,-1.8364264944391224
-1.006815321504951,1630281600,1630281660,1630284480,1,ALIGNED_WITH,STOP,1.0,0.15220893015640552,2.139362272915005,-1.936392465488528
0.0933830007792746,1630284600,1630285380,1630287720,1,ALIGNED_WITH,STOP,13.0,0.3276212741087148,1.3392857101977766,-0.8953827502431854
0.13622058294056416,1630293600,1630293660,1630294020,-1,MIXED,STOP,1.0,0.0,1044317884.2628896,1.0690848246030813
0.09439907140038316,1630368000,1630368120,1630369920,-1,ALIGNED_WITH,STOP,2.0,0.13549438210869852,2.982293846910978,1.5078653930607548
0.08981562495665255,1630383000,1630385220,1630386900,-1,ALIGNED_WITH,STOP,37.0,0.5498194060981444,0.8804757402732198,1.5319797658614147
0.787330115705986,1630396800,1630396980,1630398600,1,ALIGNED_COUNTER,TP,3.0,0.3785200679333086,1.1338836008096795,-1.3323993368636984
-1.0074508898038375,1630454400,1630454520,1630454700,-1,ALIGNED_WITH,STOP,2.0,0.0,714904950.1990662,2.0279632682989592
0.09252294964648664,1630455000,1630455060,1630455300,-1,ALIGNED_WITH,STOP,1.0,0.0,520484285.1901784,1.4250004560847562
0.09330020855281235,1630457400,1630458000,1630458240,-1,ALIGNED_WITH,STOP,10.0,0.3062071337963021,1.9609605328460884,1.833359419925197
1.4112299375990105,1630545300,1630545720,1630546620,1,ALIGNED_WITH,STOP,7.0,0.1869462230847772,2.559166843715522,-1.2779578735172945
0.09328605174592451,1630546800,1630546980,1630555680,1,ALIGNED_WITH,STOP,3.0,0.09038603336064213,4.569694194045597,-1.5074925031667539
0.09088656831182865,1630566300,1630567500,1630567740,1,ALIGNED_WITH,STOP,20.0,0.603325009805721,0.6195368107240464,-1.1783908407925756
-1.0165355216077299,1630627200,1630627620,1630627860,-1,ALIGNED_COUNTER,STOP,7.0,0.556400786608472,1.0416364934211328,1.5089260349911877
0.1338893669315499,1630628100,1630628220,1630628700,-1,ALIGNED_COUNTER,STOP,2.0,0.0,572429296.3211577,1.4073656474251472
0.7842915726417272,1630629600,1630629660,1630629720,-1,ALIGNED_COUNTER,TP,1.0,0.0,923158136.3323481,1.4476653449478767
0.7884966145362171,1630713600,1630713660,1630714320,-1,ALIGNED_COUNTER,TP,1.0,0.0,483362233.76777256,3.0986365035101957
0.40000660747149075,1630715100,1630715280,1630717080,-1,ALIGNED_COUNTER,TIME,3.0,0.0,436780763.0965261,2.4705750024354955
-0.1061740772238559,1630718100,1630718640,1630720440,-1,ALIGNED_COUNTER,TIME,9.0,0.2742858127928887,1.2544361297570534,1.9089098549994872
0.0909305768704118,1630804500,1630807020,1630809720,1,ALIGNED_WITH,STOP,42.0,0.7453688632593758,0.5126655983804885,-0.7592868498009406
0.13583745340730877,1630812600,1630812660,1630814040,-1,ALIGNED_COUNTER,STOP,1.0,0.0,334727557.2628071,1.0613975573111813
-0.6643803906843737,1630832100,1630832220,1630834020,1,MIXED,TIME,2.0,0.0,590025695.7765061,-1.0298608567811949
-1.0075884412131824,1630886400,1630886820,1630888020,1,ALIGNED_WITH,STOP,7.0,0.42591623446828675,1.1375154485035224,-1.459536253123093
-1.0174922612073236,1630928400,1630928460,1630928580,-1,ALIGNED_COUNTER,STOP,1.0,0.0,2351517567.6135383,4.097777972353944
0.7849722732977423,1630929000,1630929180,1630929480,-1,ALIGNED_COUNTER,TP,3.0,0.2822870151475374,1.647849456528123,2.7197632427986282
-1.007865696831056,1630972800,1630973160,1630974960,1,ALIGNED_WITH,STOP,6.0,0.5473873229086256,0.8235678664369186,-1.879979639622586
0.09274109202121696,1630975200,1630976460,1630978140,1,ALIGNED_WITH,STOP,21.0,0.32568257491675384,1.3977099193725229,-1.6947520184064857
-1.018678482598498,1630998600,1630998660,1630999200,-1,ALIGNED_COUNTER,STOP,1.0,0.2348152466276196,2.427743892099776,1.1388950053277411
0.09615338670322227,1631061900,1631063100,1631074560,-1,ALIGNED_WITH,STOP,20.0,0.1664789054193079,2.498078613430747,1.9831324255026037
0.0945432530940324,1631079600,1631079780,1631080560,-1,ALIGNED_WITH,STOP,3.0,0.14597186571537066,4.136660984503852,1.1758553099463638
0.09561111542679,1631082000,1631082060,1631082540,-1,ALIGNED_WITH,STOP,1.0,0.0,752173445.9448355,2.047494254555206
-1.0061744645580912,1631145600,1631145960,1631147880,-1,ALIGNED_WITH,STOP,6.0,0.43345324776240235,0.9508272891244717,3.1779504357521087
0.09417265057602124,1631148000,1631148060,1631150760,-1,ALIGNED_WITH,STOP,1.0,0.0,590337492.595284,3.0138567958818125
0.09434175322198401,1631155200,1631156280,1631156760,-1,ALIGNED_WITH,STOP,18.0,0.4257408428014402,0.8388080489140881,1.3182679898678582
-1.0093342054794792,1631232000,1631232660,1631234580,-1,ALIGNED_WITH,STOP,11.0,0.5919918511452906,0.7441053371118682,1.4249073024121715
-1.0087204552527445,1631235000,1631235180,1631237700,-1,ALIGNED_WITH,STOP,3.0,0.0,408341046.8783219,1.1778525191416396
1.3723637080007793,1631256900,1631257680,1631259780,-1,ALIGNED_WITH,STOP,13.0,0.3583803776523273,1.5855513263742655,1.6547946933227586
-1.004579642600982,1631319300,1631319720,1631325060,-1,ALIGNED_WITH,STOP,7.0,0.0,357887347.58657044,1.808416146088607
-1.0101058303370807,1631325600,1631325960,1631327580,1,ALIGNED_COUNTER,STOP,6.0,0.0,506930592.4354278,-1.7094488900090863
0.13715691078333192,1631328600,1631328660,1631329320,1,ALIGNED_COUNTER,STOP,1.0,0.0,318132799.2605318,-2.7699325844480693
0.09235565270401488,1631406600,1631406720,1631407020,-1,ALIGNED_WITH,STOP,2.0,0.0,497278629.04107153,2.3451931863271382
-1.0077715231560382,1631413200,1631413260,1631421120,-1,ALIGNED_WITH,STOP,1.0,0.0,353815198.8856301,2.360725121923129
0.7878019408239969,1631435400,1631435760,1631437140,1,ALIGNED_COUNTER,TP,6.0,0.07592749102732506,6.679245195051345,-3.0257037865396845
0.7925668635148915,1631498100,1631499660,1631500260,-1,MIXED,TP,26.0,0.4085975388472804,0.9184497353379898,1.9683654661960555
0.09500782296028235,1631506200,1631507400,1631510160,-1,ALIGNED_WITH,STOP,20.0,0.3197081868468222,2.0437158406019758,1.2599202925675888
0.09467703001917534,1631512200,1631512380,1631513580,-1,ALIGNED_WITH,STOP,3.0,0.01638380852313695,19.982607476002293,1.1035509292156285
-1.0102934228188016,1631578500,1631578560,1631578860,1,ALIGNED_COUNTER,STOP,1.0,0.0,812831304.7434872,-1.879493936579866
0.18913948495146274,1631579400,1631579460,1631579820,1,ALIGNED_COUNTER,STOP,1.0,0.0,807678555.8690468,-1.486418817871942
-0.7848341783270929,1631582100,1631582520,1631584320,1,MIXED,TIME,7.0,0.17590603776862834,2.7401185614983397,-1.8415624508343813
-1.0094281844775057,1631664000,1631664240,1631665740,-1,ALIGNED_COUNTER,STOP,4.0,0.32373814210280166,0.9545285560900952,1.6980281310620422
0.09085750334690403,1631700900,1631701620,1631701860,1,ALIGNED_WITH,STOP,12.0,0.41879279956081383,1.1292948779436505,-1.9892898777881165
0.13786467471897082,1631712600,1631712660,1631713140,-1,ALIGNED_COUNTER,STOP,1.0,0.37349656592155916,1.0647364079659618,2.0518588704681826
0.13466862957962122,1631750700,1631750760,1631751840,-1,ALIGNED_COUNTER,STOP,1.0,0.0,572434681.0684478,1.5021295882594528
-1.0092866969009817,1631760300,1631760360,1631762220,1,ALIGNED_WITH,STOP,1.0,0.0,364556078.841775,-1.8614682170994428
2.1648728016880314,1631762700,1631762820,1631765400,1,ALIGNED_WITH,STOP,2.0,0.2728648572769678,1.8284942539335498,-4.198972311601794
-1.008798459936369,1631839200,1631839500,1631840460,1,ALIGNED_WITH,STOP,5.0,0.21166461947999435,1.6998432521572986,-1.2242122392526034
1.3242311356058927,1631840700,1631841120,1631842020,1,ALIGNED_WITH,STOP,7.0,0.10847451860924638,3.265093273961056,-1.9189418048722886
-1.0087367579899857,1631842200,1631842260,1631846640,1,ALIGNED_WITH,STOP,1.0,0.0,645444027.6268573,-1.340001352115364
-0.7290219607135472,1631923800,1631923860,1631925660,1,MIXED,TIME,1.0,0.0,510922145.43278754,-1.364113353291424
-0.444512100601681,1631927700,1631929140,1631930940,1,MIXED,TIME,24.0,0.6120537310738182,0.7227604816654003,-2.16623418999027
0.2786332786172743,1631935200,1631937000,1631938500,1,MIXED,STOP,30.0,0.6241271495570352,0.6882914463938438,-1.3100811433609771
0.7858750452064611,1632009600,1632010320,1632011160,-1,ALIGNED_COUNTER,TP,12.0,0.46581890633893147,1.011573780694236,1.904437488193096
0.7866401575775053,1632011400,1632012120,1632013380,-1,ALIGNED_COUNTER,TP,12.0,0.5345213354672413,0.9030239816266629,2.000378571793445
0.087944776140713,1632039900,1632040200,1632042840,1,ALIGNED_WITH,STOP,5.0,0.24294669166889368,1.8709478157012103,-1.5272408202649868
0.1385367944038214,1632096000,1632096180,1632096840,-1,MIXED,STOP,3.0,0.4279240516870284,0.7595640804137429,1.7166943833387847
0.13910300424770597,1632097500,1632097560,1632097920,-1,MIXED,STOP,1.0,0.0,435415145.6826218,1.0970945750562249
0.7905521999203224,1632102000,1632104520,1632105000,-1,MIXED,TP,42.0,0.501136432033336,0.7823684827049624,0.930560246891266
1.399267190353139,1632182400,1632182520,1632183300,-1,ALIGNED_WITH,STOP,2.0,0.0,308759689.9224749,2.5864042451818685
0.7953442139949551,1632183900,1632183960,1632184080,1,ALIGNED_COUNTER,TP,1.0,0.0,705426268.2006395,-4.036879527907617
0.7963392809821221,1632184800,1632187260,1632187980,1,ALIGNED_COUNTER,TP,41.0,0.399638023037381,1.437448142772322,-2.342474091512893
0.09384275107681435,1632297300,1632297780,1632299220,-1,ALIGNED_WITH,STOP,8.0,0.0870821513902312,6.62537454929136,1.1919871817543601
0.2645575596237018,1632302400,1632302460,1632303660,1,ALIGNED_COUNTER,STOP,1.0,0.0,383214301.0870093,-1.0336037750570906
0.14074604931946355,1632307500,1632307560,1632308580,1,ALIGNED_COUNTER,STOP,1.0,0.0,531911216.1427236,-1.3581311665568776
0.7913179210679246,1632360300,1632360480,1632361740,1,MIXED,TP,3.0,0.0,439678499.1281019,-1.02255073688955
-0.16719861999718635,1632362400,1632364680,1632366480,1,MIXED,TIME,38.0,0.6237803948756362,0.7124748479524072,-2.6592913729380707
0.006203531850680838,1632368400,1632370080,1632371880,1,MIXED,TIME,28.0,0.4887608131722475,0.7572672143685862,-1.2298537091237836
-1.0113855998551013,1632441600,1632441960,1632442200,1,MIXED,STOP,6.0,0.36361199166743324,1.4787278519800748,-1.3565001072058218
-0.23893199968070405,1632444000,1632444180,1632445980,1,MIXED,TIME,3.0,0.0,404274073.76559424,-1.45162587183953
0.3358692304821884,1632453000,1632453480,1632455280,-1,MIXED,TIME,8.0,0.1831154631250328,2.138373740105172,1.338115404240173
0.1734687107350682,1632528300,1632528420,1632529680,1,ALIGNED_COUNTER,STOP,2.0,0.31234267583290004,1.830014893233477,-1.8731666171122914
0.7916821146837394,1632533400,1632533580,1632534840,1,ALIGNED_COUNTER,TP,3.0,0.2762766481390385,1.4978608046182613,-2.117075756609335
-1.0077185153552701,1632536400,1632537120,1632538380,1,ALIGNED_COUNTER,STOP,12.0,0.26001211236549077,1.695234107192519,-1.0955997402699964
-1.006194757680988,1632624600,1632625080,1632627180,-1,ALIGNED_WITH,STOP,8.0,0.07790484195625047,4.49006240687342,1.7907006022262177
0.09456057815806675,1632627300,1632627780,1632630000,-1,ALIGNED_WITH,STOP,8.0,0.059199558377034715,6.679503803619029,3.9174626946097417
0.09237959288802003,1632639900,1632640980,1632641100,-1,ALIGNED_WITH,STOP,18.0,0.6604330247732916,1.0367306403891512,1.1912480904437135
0.7919437506835953,1632702600,1632702780,1632703260,1,MIXED,TP,3.0,0.0,473913495.83432156,-1.2109609145230162
0.7930143412957933,1632704700,1632705240,1632706500,1,MIXED,TP,9.0,0.35895396377007566,1.226201024770424,-4.079574841342795
-1.0088471342689946,1632735900,1632735960,1632737400,-1,MIXED,STOP,1.0,0.0,502622123.5130631,1.882093560727833
-1.0050197482834362,1632787200,1632787500,1632793320,-1,ALIGNED_WITH,STOP,5.0,0.4561867807854438,1.7439321303379274,2.7654082796327173
0.09535041226215411,1632794700,1632795480,1632797760,-1,ALIGNED_WITH,STOP,13.0,0.15104828126943687,2.1882071221537864,1.850271108239669
0.09396130636858985,1632814800,1632815100,1632816780,-1,ALIGNED_WITH,STOP,5.0,0.25288133071292657,2.577655730324903,1.9833745629744814
0.09286413552766921,1632873900,1632874200,1632874920,-1,ALIGNED_WITH,STOP,5.0,0.33203582321052244,1.6200282925584637,4.682641173552881
0.09454952511829665,1632876000,1632876060,1632876780,-1,ALIGNED_WITH,STOP,1.0,0.0,597190333.9394116,2.2099134826253484
0.626114377705331,1632892800,1632892860,1632894660,1,MIXED,TIME,1.0,0.0,491075585.907171,-1.5331136788793873
-1.0080295237897428,1632960000,1632960300,1632960900,-1,ALIGNED_WITH,STOP,5.0,0.41374010923969146,1.0556570599924098,1.8493255608458956
-1.008186505518418,1632961200,1632961380,1632962640,-1,ALIGNED_WITH,STOP,3.0,0.0,356027067.51729673,1.5808240198194499
0.14137041767037795,1632965100,1632966900,1632967320,1,MIXED,STOP,30.0,0.3352790355136235,1.4517443908263945,-2.1682498001545154
-1.010593113099359,1633058400,1633058760,1633059660,-1,ALIGNED_COUNTER,STOP,6.0,0.0,523389112.1513343,1.2052747174448257
0.09175605153798506,1633065300,1633065420,1633069800,1,ALIGNED_WITH,STOP,2.0,0.0,578036410.6605152,-2.014274983974376
0.09095064241356263,1633070400,1633070940,1633071720,1,ALIGNED_WITH,STOP,9.0,0.3229985668614247,1.7081421965465327,-2.710644690747318
0.09374915751079933,1633133700,1633133760,1633137960,1,ALIGNED_WITH,STOP,1.0,0.0,546069675.1498946,-1.1231119502169353
0.09165227087640458,1633147200,1633147500,1633162740,1,ALIGNED_WITH,STOP,5.0,0.24284908851716538,1.7453954424339242,-1.2856782065087748
0.7825781398234191,1633167300,1633167480,1633168920,-1,ALIGNED_COUNTER,TP,3.0,0.0,433554696.0519305,1.0324366463734125
1.3334835870944608,1633222200,1633222380,1633227180,1,ALIGNED_WITH,STOP,3.0,0.6356715606307661,1.06375484158128,-1.3727558188175264
0.5749855714333838,1633229100,1633229640,1633251240,1,ALIGNED_WITH,TIME,9.0,0.270206243032342,1.482441740493204,-1.1553329065419362
-1.0119898634309474,1633260000,1633260240,1633263840,1,ALIGNED_WITH,STOP,4.0,0.0,752378099.0187756,-1.048752079669184
0.16731591692451614,1633305600,1633305720,1633307520,-1,ALIGNED_COUNTER,TIME,2.0,0.0,377841012.16484165,1.5698801934275026
0.7889982681796502,1633314300,1633316280,1633316520,-1,ALIGNED_COUNTER,TP,33.0,0.4248389311364681,1.627583202607875,1.2261216602339107
-1.01001708337872,1633320300,1633320360,1633320720,-1,MIXED,STOP,1.0,0.0,713803246.5410321,1.2601979208390544
0.09397663609395465,1633392000,1633392060,1633393380,1,ALIGNED_WITH,STOP,1.0,0.001099675072209574,335.93302784617225,-2.4594086540750815
-1.005135456559219,1633394700,1633394760,1633397640,1,ALIGNED_WITH,STOP,1.0,0.0,489777402.0726125,-2.2958174838112577
-0.3343838210011725,1633398900,1633399680,1633401480,-1,ALIGNED_COUNTER,TIME,13.0,0.31882690038766764,1.2500528613783628,1.2290723333999884
0.09224880484221862,1633482900,1633483020,1633485960,1,ALIGNED_WITH,STOP,2.0,0.030591370484310758,16.267061782791604,-1.4879961025350221
-0.5711112680068412,1633499700,1633499760,1633501560,-1,ALIGNED_COUNTER,TIME,1.0,0.0,357064376.9837993,1.069435605661794
-1.0130309606639418,1633505400,1633505460,1633506060,-1,ALIGNED_COUNTER,STOP,1.0,0.0,512739420.7734889,2.4293260420331166
0.14031748497168728,1633564800,1633564860,1633565520,-1,ALIGNED_COUNTER,STOP,1.0,0.0,517374672.2351132,1.795096428713024
0.09366159621479775,1633567200,1633567260,1633568340,1,ALIGNED_WITH,STOP,1.0,0.0,306899423.8911651,-2.265683447775984
1.342013519628722,1633570500,1633570680,1633574880,1,ALIGNED_WITH,STOP,3.0,0.0,577791732.4882158,-2.8284039289059355
0.13737861014125052,1633661700,1633662480,1633662780,-1,ALIGNED_COUNTER,STOP,13.0,0.11322940134772846,3.864238376469138,1.5251223283668145
-1.010859308474033,1633681500,1633681560,1633682100,-1,ALIGNED_COUNTER,STOP,1.0,0.0,519214514.57550925,1.2523926023479297
-1.0057614975188487,1633684200,1633684320,1633684980,1,ALIGNED_WITH,STOP,2.0,0.0,369333256.55870205,-1.3082414730221372
0.2720933227944065,1633737600,1633737660,1633738020,-1,MIXED,STOP,1.0,0.09745110871246442,3.9308098904738227,1.183669330255267
-0.6254659464975687,1633739100,1633739400,1633741200,-1,MIXED,TIME,5.0,0.0,332337609.3907513,2.0164467252358915
-1.0090220321646297,1633754700,1633755600,1633756680,1,ALIGNED_WITH,STOP,15.0,0.29365547390612573,1.1441077402116127,-1.8335902672077924
-1.018043293052339,1633824000,1633824060,1633825140,-1,ALIGNED_COUNTER,STOP,1.0,0.0,568952804.091649,1.205686183660396
0.1364594716172417,1633829400,1633829640,1633830780,-1,ALIGNED_COUNTER,STOP,4.0,0.0,468903323.7665617,1.5418624731293147
-1.0115337834008498,1633834500,1633834680,1633836300,-1,MIXED,STOP,3.0,0.004135918583913575,98.25507828396519,2.472171181584056
-1.0094082620093643,1633914900,1633915020,1633915680,-1,MIXED,STOP,2.0,0.0,356822098.6965054,1.5103490442473366
1.3534588717668266,1633921800,1633922100,1633923600,1,ALIGNED_WITH,STOP,5.0,0.0,500666279.42733675,-2.6798459692440373
0.09350511041600204,1633923900,1633924200,1633924320,1,ALIGNED_WITH,STOP,5.0,0.19339595941199145,2.585070358983273,-3.7491474614615887
0.13639229625867944,1633996800,1633996860,1633997040,-1,ALIGNED_COUNTER,STOP,1.0,0.0,497667174.538709,2.191230136920935
0.24722640121887393,1633997400,1633997460,1633997580,-1,ALIGNED_COUNTER,STOP,1.0,0.017111901134250304,27.13850256917744,1.7645621972123884
-1.0117983039959901,1633998900,1633998960,1633999500,-1,ALIGNED_COUNTER,STOP,1.0,0.0,438867427.38528955,3.253043515044828
-1.018822992398707,1634100000,1634100060,1634101080,1,MIXED,STOP,1.0,0.0,806542194.6680872,-1.1163018123632793
0.7802148722443764,1634101500,1634101560,1634102400,1,MIXED,TP,1.0,0.0,358632571.6358256,-1.7118084391895811
0.24463271759820737,1634103300,1634103360,1634103480,1,MIXED,STOP,1.0,0.19211130095192,3.9014585353656708,-1.511528912245666
0.09313865776591695,1634169600,1634169780,1634173080,1,ALIGNED_WITH,STOP,3.0,0.005724829916320272,104.39373176483947,-1.4781964377653216
0.09234858004760495,1634173500,1634173560,1634174220,1,ALIGNED_WITH,STOP,1.0,0.0,947525907.3927206,-1.6570495554032159
0.09287790164498406,1634186400,1634187240,1634187780,1,ALIGNED_WITH,STOP,14.0,0.4913781749021328,0.7355148589054521,-1.0685899598932138
-1.0138840824759507,1634260200,1634260380,1634261340,-1,MIXED,STOP,3.0,0.14199158934836834,2.1435932518219705,1.2808580273528822
-0.02484051337480583,1634261700,1634261940,1634263740,-1,MIXED,TIME,4.0,0.14932753478023036,2.0713224229789646,2.188757101863314
0.09424256504484571,1634265000,1634265240,1634265540,1,ALIGNED_WITH,STOP,4.0,0.567050097745554,0.9575349542927465,-1.4573650945038559
-0.021839225252643424,1634342400,1634342700,1634344500,-1,ALIGNED_COUNTER,TIME,5.0,0.031703640909432,13.229057174351516,1.4092620903691666
0.5398717643296975,1634362200,1634362260,1634364060,-1,ALIGNED_COUNTER,TIME,1.0,0.0,408356541.8815647,2.0379853261133607
0.7888967455158494,1634367300,1634368860,1634369880,-1,ALIGNED_COUNTER,TP,26.0,0.29946792825364404,1.707144563947052,1.18940362442652
-1.013644704202301,1634428800,1634429040,1634429340,-1,ALIGNED_COUNTER,STOP,4.0,0.2676764597339737,3.091809320439949,1.1704846035603336
0.7873145533844353,1634429700,1634429760,1634430060,-1,ALIGNED_COUNTER,TP,1.0,0.0,824602532.3686048,1.2013193860550961
0.1362447291808488,1634444100,1634444700,1634445120,-1,ALIGNED_COUNTER,STOP,10.0,0.44320767085254625,0.7096021096454458,2.061404526275018
0.09468675701196877,1634520900,1634521320,1634542620,1,ALIGNED_WITH,STOP,7.0,0.004849041676240862,72.31577456021382,-1.6396796828844964
0.09187457320484892,1634544000,1634544060,1634546040,1,ALIGNED_WITH,STOP,1.0,0.0,485881382.2831066,-1.1254256827640075
0.7923075511165635,1634550300,1634550600,1634550780,-1,ALIGNED_COUNTER,TP,5.0,0.06679065052257814,9.800598431641811,1.465578389759281
-1.0084270586495931,1634603400,1634603760,1634604660,1,ALIGNED_WITH,STOP,6.0,0.30455693193444433,2.3742004186438934,-1.3672514544515213
2.083211144780453,1634605800,1634607240,1634613480,1,ALIGNED_WITH,STOP,24.0,0.7206280124463502,0.523452050975407,-1.4297933584284976
0.09237781861247361,1634613600,1634613660,1634613780,1,ALIGNED_WITH,STOP,1.0,0.0,419109601.3245019,-2.3526543710744012
-1.0079466460968594,1634688600,1634688900,1634694780,1,ALIGNED_WITH,STOP,5.0,0.0,385726251.9482825,-1.5239492222789544
0.09138799747097201,1634694900,1634695200,1634700060,1,ALIGNED_WITH,STOP,5.0,0.0,447471974.1784228,-1.2822774058104873
-1.0098500225088307,1634738100,1634738400,1634738460,-1,ALIGNED_COUNTER,STOP,5.0,0.5133676832975823,1.2455925966311543,2.6296271563992124
0.15748462035015584,1634779800,1634780340,1634780580,-1,ALIGNED_COUNTER,STOP,9.0,0.4311784303707513,2.365352135171804,2.111755915163378
0.7852479051306467,1634781300,1634781360,1634781420,-1,ALIGNED_COUNTER,TP,1.0,0.0,760931197.0450481,1.8643754507375994
-1.0084355768422548,1634783400,1634783760,1634784120,-1,ALIGNED_COUNTER,STOP,6.0,0.6341276616411782,1.0805839639838164,2.448865316258736
0.7924888592647383,1634861400,1634861460,1634861580,-1,MIXED,TP,1.0,0.0,425094566.10894513,1.1892782691729096
-0.14225304490878335,1634872800,1634873280,1634875080,-1,MIXED,TIME,8.0,0.0,315358457.63408726,1.7976940463800652
0.13771484996218064,1634884200,1634884560,1634884740,-1,MIXED,STOP,6.0,0.48329831049844074,0.9335281207857741,0.802625336218098
0.09127855032261083,1634947200,1634947440,1634948520,-1,ALIGNED_WITH,STOP,4.0,0.34659104919245326,1.6286105530699613,1.4293816538581359
-1.0074531717137742,1634949300,1634949420,1634951640,-1,ALIGNED_WITH,STOP,2.0,0.0,456038028.54242635,1.4251514895882509
0.0926586040800025,1634951700,1634951760,1634954460,-1,ALIGNED_WITH,STOP,1.0,0.0,466127617.3178343,1.1903966278755176
1.1316005352505412,1635034200,1635034500,1635056100,-1,ALIGNED_WITH,TIME,5.0,0.24778987906511135,1.6556896484905645,1.0710496976973194
0.08666403341020147,1635057000,1635057660,1635060900,-1,ALIGNED_WITH,STOP,11.0,0.5365131147233717,1.0990704480492837,1.1456464498277574
0.08950900830737026,1635064500,1635064740,1635066060,-1,ALIGNED_WITH,STOP,4.0,0.09610591900312528,4.890869749217037,1.246638092536394
0.7868883268941553,1635123900,1635124920,1635126360,-1,MIXED,TP,17.0,0.7088757718687323,0.6907863278974126,3.2411311008457866
0.7812850912726557,1635146100,1635146160,1635146280,1,MIXED,TP,1.0,0.0,1017387722.174099,-1.8174154084744196
0.13477554720793108,1635147900,1635148920,1635149640,1,MIXED,STOP,17.0,0.5972798716032813,0.8229284889741024,-2.988043104630555
0.13692780037022464,1635206400,1635206580,1635207300,-1,ALIGNED_COUNTER,STOP,3.0,0.35101073676416744,0.9508564650996734,1.7438527639470818
0.7874846448642258,1635207900,1635208380,1635209220,-1,ALIGNED_COUNTER,TP,8.0,0.1431799733573777,2.384679186885044,1.6340600308486453
-0.7114878663270573,1635217800,1635218580,1635220380,-1,ALIGNED_COUNTER,TIME,13.0,0.38230736183141883,1.2410450873563545,2.0568890933251667
-1.0059895238325456,1635292800,1635293160,1635293760,-1,MIXED,STOP,6.0,0.10835944118766955,3.2828282525327293,1.8603155368959279
-0.42633832455616233,1635294300,1635295440,1635297240,-1,MIXED,TIME,19.0,0.05847482030323842,6.27113015460482,1.6113966799557464
1.389136281041781,1635309300,1635310380,1635317220,-1,ALIGNED_WITH,STOP,18.0,0.6144656321142836,0.9049626089963317,1.2972920359759001
-1.0070125182788017,1635379500,1635379740,1635380280,-1,ALIGNED_WITH,STOP,4.0,0.5052139518158943,1.2207829157331271,1.8266161143822068
0.09347516721218958,1635390600,1635391080,1635391920,-1,ALIGNED_WITH,STOP,8.0,0.12289265215123285,5.417724895120359,1.026523667006507
-1.0067911003957388,1635410100,1635410220,1635410640,-1,ALIGNED_WITH,STOP,2.0,0.0,413803348.5540446,1.4074718123265186
0.1893995205977867,1635465600,1635465780,1635466620,-1,MIXED,STOP,3.0,0.5251754905393755,0.7435245807365058,1.1565927933274947
-1.009178600372503,1635469200,1635469920,1635470700,-1,MIXED,STOP,12.0,0.15881433456003483,2.2084825497129694,1.1923707648425812
0.0920888830713559,1635486300,1635486540,1635491640,1,ALIGNED_WITH,STOP,4.0,0.0,692771285.6617697,-2.8589820628750213
0.26453345472582307,1635560100,1635561900,1635563700,-1,ALIGNED_COUNTER,TIME,30.0,0.4415488637402013,0.9022245194258576,2.582461942347201
0.13391430058113044,1635568500,1635568860,1635570000,-1,ALIGNED_COUNTER,STOP,6.0,0.37238431296488317,1.9209087032974423,3.399020791052181
0.7842137804993977,1635575700,1635576300,1635577920,-1,ALIGNED_COUNTER,TP,10.0,0.5977112226044093,0.7030448157926249,2.9516087701554454
-1.0084758482429572,1635639900,1635640200,1635648480,1,ALIGNED_WITH,STOP,5.0,0.4033547395448294,1.0477922576831573,-1.5738457864515445
0.2707060049717096,1635656700,1635657060,1635657540,-1,MIXED,STOP,6.0,0.07386164731840465,5.979222439156226,1.0648392142334098
0.7849063579299966,1635668700,1635668820,1635669000,-1,MIXED,TP,2.0,0.0,667347616.792385,1.637286341955631
0.7865554008798975,1635725100,1635725160,1635725640,1,MIXED,TP,1.0,0.0,617900059.0977796,-1.9843085704994914
0.7920810808120414,1635739800,1635739920,1635741180,1,ALIGNED_COUNTER,TP,2.0,0.034866358771888026,29.032427523291968,-2.3745328127737215
-0.16561559736971176,1635741900,1635743520,1635745320,1,ALIGNED_COUNTER,TIME,27.0,0.3918114364419855,1.3121846085464626,-2.4530691354390095
0.1388252974292573,1635816300,1635816600,1635817020,-1,MIXED,STOP,5.0,0.2021608031045456,2.4581831168962363,0.805852718997335
-0.7657661811864865,1635831300,1635831780,1635833580,1,MIXED,TIME,8.0,0.3036801609468364,1.8263443452440093,-2.1813970033898236
-1.0162075053453876,1635840300,1635840360,1635840600,1,MIXED,STOP,1.0,0.0,361262151.6100334,-2.3858273295265016
0.13467360401699768,1635897900,1635897960,1635898260,-1,ALIGNED_COUNTER,STOP,1.0,0.055327159724809144,8.486864995468599,2.573024120644265
0.2736504393903059,1635901200,1635901260,1635902040,-1,ALIGNED_COUNTER,STOP,1.0,0.0,556897848.0722948,2.155396244972216
0.7875774506523945,1635903900,1635903960,1635905160,-1,ALIGNED_COUNTER,TP,1.0,0.0,443272390.9235933,1.85063773486944
-1.0100916590085784,1635989700,1635990000,1635991380,1,ALIGNED_WITH,STOP,5.0,0.0,521298721.0402937,-2.2822263744773834
0.13277482230488186,1636011900,1636011960,1636012140,-1,MIXED,STOP,1.0,0.0,1267247110.9704058,1.5412012354361455
-1.014802965354557,1636012800,1636013160,1636013460,-1,MIXED,STOP,6.0,0.5685359482047333,1.4305707756643509,1.5738146483916176
1.3596982523106953,1636070400,1636071240,1636074000,-1,ALIGNED_WITH,STOP,14.0,0.5944877032822626,0.6554729545498114,1.096452177441479
-0.184368847466797,1636082700,1636084560,1636086360,1,ALIGNED_COUNTER,TIME,31.0,0.46413582552911975,1.191016472410605,-2.0893589708271674
0.785401224832767,1636090800,1636091160,1636091940,1,MIXED,TP,6.0,0.0,501724311.7878186,-1.7009907353583587
-1.0167455878337737,1636160100,1636160400,1636161120,1,ALIGNED_COUNTER,STOP,5.0,0.24157702178779195,2.31012657271583,-1.3959805982165205
0.13389673322461232,1636161300,1636162440,1636162800,1,ALIGNED_COUNTER,STOP,19.0,0.5770251076525154,1.000546994345932,-1.4963081183554627
0.21620074922416865,1636176900,1636178220,1636178580,1,ALIGNED_COUNTER,STOP,22.0,0.5335653467033982,0.6718601802879335,-0.9925884677514031
0.7800687576009516,1636246800,1636246860,1636246920,1,MIXED,TP,1.0,0.0,2085514945.9130738,-1.8178491697686259
-0.5663340943878618,1636249800,1636249860,1636251660,1,MIXED,TIME,1.0,0.0,648257325.5311362,-1.063601304728301
-0.5029308577653565,1636258800,1636260000,1636261800,1,MIXED,TIME,20.0,0.2367735518400889,2.5607121316136046,-2.547847719064876
0.09143081487315333,1636329600,1636329660,1636329780,1,ALIGNED_WITH,STOP,1.0,0.0,825286710.6950736,-1.714462066595467
1.882556581534116,1636330200,1636330380,1636331100,1,ALIGNED_WITH,STOP,3.0,0.5605545148429434,1.2055824694669197,-1.3985808512587494
0.09286510053578136,1636331700,1636331760,1636332000,1,ALIGNED_WITH,STOP,1.0,0.0,733618840.658184,-1.581782535381591
-0.5547207614951465,1636416000,1636416240,1636418040,-1,ALIGNED_COUNTER,TIME,4.0,0.0,1262776673.3764246,1.5788017324209451
0.47385050739930706,1636419000,1636419180,1636420980,-1,ALIGNED_COUNTER,TIME,3.0,0.0,331160597.45509934,1.1777586721986566
-1.011854378362539,1636429800,1636429920,1636430220,-1,ALIGNED_COUNTER,STOP,2.0,0.13630061043822028,2.283821639295171,1.824794371640153
0.09275437915116418,1636502400,1636502580,1636504500,1,ALIGNED_WITH,STOP,3.0,0.0,530306708.1868445,-1.472120817070919
0.09252510012998114,1636514100,1636515120,1636529700,1,ALIGNED_WITH,STOP,17.0,0.4218409500996015,1.3716609488255742,-0.8659540993908419
0.34017225976156873,1636539900,1636540200,1636542000,-1,ALIGNED_COUNTER,TIME,5.0,0.12584616893950012,3.001705296747201,1.125784684493124
-0.10419052471586386,1636588800,1636589220,1636591020,-1,MIXED,TIME,7.0,0.024663630285810433,14.277424241105274,1.8599267025220818
-1.0066517671551858,1636722600,1636723200,1636724520,-1,MIXED,STOP,10.0,0.2502220458170803,1.46375596498731,2.9771540323458
0.14206282003262863,1636725600,1636726740,1636727400,-1,MIXED,STOP,19.0,0.4540411580197372,0.9893814975472973,1.1308406768671597
0.1814968661119412,1636729800,1636730100,1636730640,-1,MIXED,STOP,5.0,0.23999576680380283,3.622643574366346,2.486992664706276
-0.3731940522435048,1636768800,1636768920,1636770720,1,ALIGNED_COUNTER,TIME,2.0,0.0,394411935.7193066,-1.2339205717496142
0.7848324282019843,1636782900,1636783020,1636783560,1,ALIGNED_COUNTER,TP,2.0,0.0,382965836.39580464,-1.3988285458218206
-1.0107711382025597,1636786800,1636787100,1636790280,-1,ALIGNED_WITH,STOP,5.0,0.20023572456378969,1.8106673317057758,1.4232402454800492
-1.0135972177057173,1636851600,1636852080,1636853340,1,MIXED,STOP,8.0,0.10805182716720851,3.7359875958837847,-1.8066337240280521
-0.830700898276741,1636860600,1636862100,1636863900,-1,MIXED,TIME,25.0,0.510589517599078,0.9580419561656344,0.986264915012242
0.7834011939675413,1636866900,1636867200,1636867320,-1,ALIGNED_COUNTER,TP,5.0,0.06443250843026663,10.924423060364408,1.1867639182472112
0.09262287980099974,1636934400,1636934460,1636934820,1,ALIGNED_WITH,STOP,1.0,0.0,947254611.2871723,-3.277701534717112
0.08417101135058719,1636964400,1636964580,1636964880,1,ALIGNED_WITH,STOP,3.0,0.12010684924402128,4.758161991822433,-2.8037647573385627
1.7680202045168707,1636965900,1636965960,1636967280,1,ALIGNED_WITH,STOP,1.0,0.0,786702284.4159722,-1.8727105425292108
0.09251187390525421,1637020800,1637020860,1637020980,-1,ALIGNED_WITH,STOP,1.0,0.0,1132174714.2264063,1.4896217986673996
0.09258979854945049,1637021400,1637021460,1637021580,-1,ALIGNED_WITH,STOP,1.0,0.22502455273522576,3.2519684894853915,1.6769179201891227
0.03801507478420552,1637025600,1637027040,1637028840,1,ALIGNED_COUNTER,TIME,24.0,0.7019591061382486,0.6793647951781395,-2.4406370914793496
-1.0053670043063483,1637110800,1637111040,1637112360,-1,ALIGNED_WITH,STOP,4.0,0.5088095017595928,0.8298561325729711,1.1548842484624242
2.2092811955819855,1637112600,1637112660,1637119080,-1,ALIGNED_WITH,STOP,1.0,0.0,333646188.38263613,1.4691252068441532
0.09643404446768662,1637120100,1637120220,1637121780,-1,ALIGNED_WITH,STOP,2.0,0.0,414162241.6637658,1.383592923642903
-1.0065849506318028,1637193600,1637193720,1637194740,-1,ALIGNED_WITH,STOP,2.0,0.3462773462585931,1.5828674264911855,1.263463533815936
0.09288715499818267,1637199600,1637199660,1637200800,-1,ALIGNED_WITH,STOP,1.0,0.0,756072760.1400898,1.0425692148445767
0.09387998931504618,1637205300,1637206200,1637206740,-1,ALIGNED_WITH,STOP,15.0,0.2908454246722155,1.7825995745837095,2.931305849148461
-1.0040728596632325,1637280000,1637280300,1637282580,-1,ALIGNED_WITH,STOP,5.0,0.658905564719312,0.708943035244956,1.3004807280565018
1.4973205055716128,1637282700,1637282820,1637290560,-1,ALIGNED_WITH,STOP,2.0,0.0,350582388.6560782,1.6027068130376154
-0.017196280703953865,1637295000,1637295420,1637297220,1,ALIGNED_COUNTER,TIME,7.0,0.3899521707408753,0.8749173148618095,-1.9166548321593029
0.09197443729224003,1637367600,1637368260,1637369040,-1,ALIGNED_WITH,STOP,11.0,0.3864956031168484,0.938320347588254,2.5980460612709337
0.0700231360654068,1637374800,1637375340,1637377140,-1,MIXED,TIME,9.0,0.24055321061525614,1.4696770361233569,1.7860219754082844
-0.00988439808889131,1637381400,1637383140,1637384940,1,MIXED,TIME,29.0,0.29685621137781293,1.5790750515419931,-1.140416545996054
-0.5972638432652801,1637456100,1637456400,1637458200,1,MIXED,TIME,5.0,0.19816147607868573,2.4683059984731295,-1.2035743208213148
-1.0165137447293913,1637459400,1637459760,1637461500,1,MIXED,STOP,6.0,0.007065902054975461,67.01573854728001,-1.8962667912826339
0.1336842475242097,1637462400,1637462820,1637463060,1,MIXED,STOP,7.0,0.5808997569721808,0.6147095286566285,-2.2641916501261092
0.13964456465660757,1637540100,1637540160,1637540640,1,MIXED,STOP,1.0,0.0,533248956.0857184,-4.3812453006881285
0.7902664606070112,1637544000,1637544120,1637544540,1,ALIGNED_COUNTER,TP,2.0,0.08216898814374336,4.2453911814354495,-2.0835025648971714
0.1411670646022807,1637552100,1637552220,1637552460,1,ALIGNED_COUNTER,STOP,2.0,0.6980691833958204,0.7256030570913918,-2.332833260980107
-1.005374427462119,1637625600,1637626260,1637627040,-1,ALIGNED_WITH,STOP,11.0,0.49656066849442154,1.180860909447852,1.1990326543330518
0.09476293854332919,1637627100,1637627700,1637628480,-1,ALIGNED_WITH,STOP,10.0,0.7175014605415431,0.507618936130937,1.295247275316968
1.3316724181172086,1637632500,1637632920,1637652300,-1,ALIGNED_WITH,STOP,7.0,0.02629376176211672,15.672080622238713,1.1049317660021163
0.06513710652542316,1637712000,1637712180,1637713980,1,MIXED,TIME,3.0,0.0,598381133.2067261,-2.2797860268228867
0.2068794174921784,1637716800,1637717460,1637718300,1,MIXED,STOP,11.0,0.6474755171732522,0.6652427851290018,-1.3302758094188023
0.7891737966051402,1637721600,1637721780,1637721900,-1,MIXED,TP,3.0,0.19313019816103402,3.8015509844918443,1.0253083266691407
0.13671262028663228,1637800200,1637800320,1637800500,1,MIXED,STOP,2.0,0.08984480632118698,4.946043110416885,-1.002337709699549
-1.0108436470238682,1637805600,1637805660,1637806980,1,MIXED,STOP,1.0,0.0,425367482.7598239,-2.037112319776676
-0.20054719795812295,1637807700,1637808300,1637810100,1,MIXED,TIME,10.0,0.19960155783488154,2.203669373689188,-1.3447131740885967
-1.0123438506643672,1637888100,1637888400,1637889900,-1,ALIGNED_COUNTER,STOP,5.0,0.18046626814174718,2.6439729394178295,1.69313946939001
0.788775431264793,1637890200,1637890320,1637892120,-1,ALIGNED_COUNTER,TP,2.0,0.0,398710022.1357178,1.951487249394297
0.13840837295359062,1637892300,1637893560,1637893740,-1,ALIGNED_COUNTER,STOP,21.0,0.6505068936401606,0.6487590696777326,1.1189524904807187
-1.006169564089171,1637971200,1637971500,1637971980,-1,ALIGNED_WITH,STOP,5.0,0.351203673594078,1.1289403876329738,2.2145184546517256
0.09457755281539323,1637972100,1637972160,1637976120,-1,ALIGNED_WITH,STOP,1.0,0.0,547443752.2524811,2.5603259475292774
-0.08105600423867759,1637986800,1637987640,1637989440,1,ALIGNED_COUNTER,TIME,14.0,0.3092317747165036,1.57138752723684,-2.156481596278337
0.09288912726268363,1638066300,1638066660,1638067620,-1,ALIGNED_WITH,STOP,6.0,0.374176755925374,1.188764752303635,1.2020625797588858
0.7883841437090545,1638080700,1638081000,1638082140,1,ALIGNED_COUNTER,TP,5.0,0.09411700142685912,3.492063454959603,-0.9865292281660066
1.498612802563804,1638096900,1638096960,1638102540,-1,ALIGNED_WITH,STOP,1.0,0.0,424615613.3460273,1.0935863688642684
0.7053282233549971,1638144000,1638144060,1638145860,1,MIXED,TIME,1.0,0.0,518433646.66634583,-2.291717538794965
0.09053085892047981,1638179100,1638179220,1638186240,1,ALIGNED_WITH,STOP,2.0,0.0,957369808.3636333,-2.056630394245504
-0.5122655116738527,1638202200,1638202260,1638204060,-1,ALIGNED_COUNTER,TIME,1.0,0.0715939750589476,7.091394559704043,1.751664286602046
0.7872349018974756,1638232800,1638233220,1638234900,-1,ALIGNED_COUNTER,TP,7.0,0.4989395176863222,1.1582874377211325,0.9228538873502478
0.7884542980953315,1638235200,1638235260,1638235560,-1,ALIGNED_COUNTER,TP,1.0,0.0,335180892.87514484,1.1707510049622456
0.1369416349354758,1638249600,1638250020,1638250440,-1,ALIGNED_COUNTER,STOP,7.0,0.27962808087765684,2.4458127991351226,1.7699922245394788
-0.18098311141974427,1638323100,1638324420,1638326220,-1,ALIGNED_COUNTER,TIME,22.0,0.2731522600273525,1.2936780996784338,1.501191626615846
0.3490351660006306,1638331200,1638331440,1638333240,-1,ALIGNED_COUNTER,TIME,4.0,0.21424563959209267,2.6494613158216223,1.516779825009908
-1.012491910907847,1638336000,1638337920,1638339180,-1,MIXED,STOP,32.0,0.5923352608781564,0.7368968064768386,2.221796009817182
0.14152430626980655,1638403200,1638403320,1638403920,-1,MIXED,STOP,2.0,0.015438611373243078,33.22884400154415,1.2681903127464984
0.1397910981381421,1638414600,1638414960,1638415140,-1,MIXED,STOP,6.0,0.3776679841897418,1.2296124895145002,1.053548305445182
-0.5500289584375472,1638417300,1638417360,1638419160,-1,MIXED,TIME,1.0,0.0,400016675.0041739,2.8757925684339543
-0.5263565872937281,1638510900,1638513180,1638514980,1,ALIGNED_COUNTER,TIME,38.0,0.5720963261930543,0.6704795412829658,-1.843780323973876
-1.013534326329106,1638518700,1638518940,1638520200,1,ALIGNED_COUNTER,STOP,4.0,0.1543635366231812,2.0896167973406854,-1.6911742117049395
-1.0167702669938548,1638526200,1638526260,1638526500,1,MIXED,STOP,1.0,0.0,1212729758.0877829,-1.048364821663483
1.4254264501395406,1638576000,1638577800,1638588600,-1,ALIGNED_WITH,STOP,30.0,0.657164445781733,0.5987972190103028,1.2672037014390283
0.79285482407446,1638590400,1638590640,1638591240,1,ALIGNED_COUNTER,TP,4.0,0.0,629247364.8861693,-1.3840595848669037
-1.0041901387404768,1638594300,1638594360,1638594480,1,ALIGNED_COUNTER,STOP,1.0,0.5020370722758061,1.1973603622656694,-5.867820053663039
0.792030539158747,1638718800,1638720060,1638720120,1,ALIGNED_COUNTER,TP,21.0,0.6511828180856711,0.9796541185362689,-3.2930082358495225
-1.0076913164993782,1638720600,1638720720,1638721260,1,ALIGNED_COUNTER,STOP,2.0,0.30112088205298326,2.009671986597821,-1.3189432371068452
0.7936055337247185,1638722100,1638722460,1638722880,1,ALIGNED_COUNTER,TP,6.0,0.0,464213077.4426368,-1.693320865741391
-1.0063313693613025,1638752100,1638752640,1638754140,1,ALIGNED_COUNTER,STOP,9.0,0.30280597412890903,1.0424621145266066,-1.190054313808094
0.09339721126283299,1638774900,1638775140,1638775920,-1,ALIGNED_WITH,STOP,4.0,0.14519360618551225,2.764255300110593,1.8438427096173968
0.09438303157247636,1638777900,1638777960,1638778080,-1,ALIGNED_WITH,STOP,1.0,0.49044192309388324,1.318840577021128,3.5233419904306884
-0.4518430136549617,1638835500,1638835680,1638837480,-1,MIXED,TIME,3.0,0.0,565674449.8688644,1.2937317160984556
-0.7383077027387612,1638854700,1638854820,1638856620,1,MIXED,TIME,2.0,0.0,402454205.93987584,-1.1317009301499819
0.16301573102461991,1638868800,1638869100,1638869520,1,MIXED,STOP,5.0,0.1190209608124061,4.4578866394209635,-1.7924654800927278
-0.3118674763283524,1638921600,1638921780,1638923580,-1,MIXED,TIME,3.0,0.19657250176070987,1.6671974437478398,1.5240592353519995
0.7839299213000201,1638960000,1638960120,1638960420,-1,MIXED,TP,2.0,0.660495573415423,1.8592352276972994,2.8029227260063703
0.7893213720448005,1638961500,1638961560,1638961860,1,ALIGNED_COUNTER,TP,1.0,0.07535611782593757,4.921432632554304,-1.402718202253719
0.507357368185036,1639010100,1639010280,1639012080,-1,MIXED,TIME,3.0,0.1526714957197252,2.6546069581454357,1.043075651068776
0.23690928199155542,1639015200,1639016400,1639016520,-1,MIXED,STOP,20.0,0.34485786831102644,6.369021239281702,1.5171252512476139
0.1526743678216032,1639021800,1639021980,1639023780,1,ALIGNED_COUNTER,TIME,3.0,0.0,528449083.7810609,-1.6258208154796443
-1.0047496382636318,1639095000,1639095120,1639096320,-1,ALIGNED_WITH,STOP,2.0,0.33575579228886443,1.401136460356871,1.091066055727636
0.09533226389992316,1639096500,1639096620,1639099620,-1,ALIGNED_WITH,STOP,2.0,0.41286290364167405,1.3716164197035803,1.066927564240836
-1.009829121062521,1639119600,1639121280,1639122600,1,ALIGNED_COUNTER,STOP,28.0,0.6741214431697624,0.8018242615044097,-2.212589153165269
-1.0068520497828073,1639180800,1639180860,1639181400,1,ALIGNED_COUNTER,STOP,1.0,0.0,417236395.8606872,-1.5458585270274574
-1.005238198638876,1639182900,1639182960,1639183440,1,ALIGNED_COUNTER,STOP,1.0,0.0,730355346.6284064,-1.354662957455886
0.16634911571404992,1639184100,1639184700,1639186500,1,ALIGNED_COUNTER,TIME,10.0,0.31786660900007724,1.2870841068975223,-2.4093407146704537
0.23720877267337487,1639267200,1639267680,1639268820,1,MIXED,STOP,8.0,0.3022769618800871,1.3028126827037045,-1.6743765102515547
-0.34793983324257266,1639272300,1639272780,1639274580,1,MIXED,TIME,8.0,0.24908598460887946,1.4285518130706145,-2.125767747541893
0.17510648800564985,1639304100,1639304400,1639305240,1,MIXED,STOP,5.0,0.29610358325805813,1.581814725105913,-1.9548032212107094
0.7862691911764512,1639354800,1639354980,1639355160,-1,MIXED,TP,3.0,0.0,1370659012.2679954,1.1334153343644955
0.7894927269861686,1639357200,1639357260,1639357740,-1,MIXED,TP,1.0,0.0,979947383.0971329,1.0482862546591831
0.790649546797322,1639358100,1639358760,1639358880,-1,MIXED,TP,11.0,0.42685532397313003,0.923757595261787,4.852551870327276
-1.0104806295991495,1639463400,1639463520,1639464180,1,ALIGNED_COUNTER,STOP,2.0,0.0,437522513.2506484,-2.2375642338270536
0.1554202568028653,1639467300,1639468020,1639468560,1,ALIGNED_COUNTER,STOP,12.0,0.23411440041615658,2.2057996390842423,-1.598726394578432
0.14045167282815346,1639470900,1639471020,1639472220,1,ALIGNED_COUNTER,STOP,2.0,0.03750526273293338,27.41334695476076,-2.850588881970655
0.277061664331751,1639526400,1639527660,1639527900,1,MIXED,STOP,21.0,0.3328534172467974,2.4821865576773554,-1.253519519209454
-0.5710244659647865,1639529100,1639529220,1639531020,1,MIXED,TIME,2.0,0.0,308505464.3245421,-1.0759706650919405
-0.1578758335720902,1639534500,1639535640,1639537440,1,MIXED,TIME,19.0,0.21543939398818476,1.8023012468641946,-1.4733406138083196
0.14053959413817568,1639612800,1639613820,1639614180,1,MIXED,STOP,17.0,0.5306864083157709,1.300989232346188,-1.0143794081200077
0.7842612368344298,1639628700,1639628820,1639630440,1,MIXED,TP,2.0,0.1109300038324726,4.224941686856101,-1.7274011218101208
0.7828369918884063,1639634400,1639634460,1639635360,1,MIXED,TP,1.0,0.0,529723235.9636725,-1.4810239888436236
-1.0068504670834113,1639699200,1639699380,1639699800,-1,ALIGNED_WITH,STOP,3.0,0.23638051618492512,4.866385609911695,1.4254502771272153
0.5047502673791652,1639700100,1639700520,1639722120,-1,ALIGNED_WITH,TIME,7.0,0.13552723356689989,4.414531170321403,1.6496201284294578
1.5996358956317716,1639724400,1639724460,1639725060,-1,ALIGNED_WITH,STOP,1.0,0.0,1152365875.1099343,1.3511011723081494
0.09621622593110597,1639785600,1639786020,1639786500,-1,ALIGNED_WITH,STOP,7.0,0.28392500533182813,1.6393186106003483,1.1125501400945808
0.09532052379549957,1639798800,1639798920,1639801080,-1,ALIGNED_WITH,STOP,2.0,0.0,442117074.1851111,1.1771456593935596
-1.0120903933991534,1639821600,1639821660,1639822440,1,ALIGNED_COUNTER,STOP,1.0,0.0,583041108.0005783,-2.2459759825187646
0.09145807204672705,1639874100,1639874400,1639877520,-1,ALIGNED_WITH,STOP,5.0,0.2951903350809282,1.9356943084471354,1.3802076287312928
0.7875579418909006,1639882800,1639882860,1639883520,1,MIXED,TP,1.0,0.0,640013557.534782,-1.2751810259374765
0.22861578701927268,1639883700,1639883820,1639883940,1,MIXED,STOP,2.0,0.0,891917192.5897481,-2.4181068431356243
0.09357367703549871,1639958400,1639958460,1639960080,-1,ALIGNED_WITH,STOP,1.0,0.009149487965787847,53.678727164838364,1.6080540971645616
0.0951749754622608,1639962900,1639962960,1639975740,-1,ALIGNED_WITH,STOP,1.0,0.0,455306094.6034543,2.0616931768336224
0.09240195431525655,1639980600,1639981560,1639982640,-1,ALIGNED_WITH,STOP,16.0,0.4618418195445647,1.043847539941719,1.1504289489036919
-0.4625368758339185,1640044800,1640044980,1640046780,1,MIXED,TIME,3.0,0.18901871992884026,2.500962553613587,-1.241222305765495
0.7884452012928818,1640049300,1640050260,1640052000,1,MIXED,TP,16.0,0.2916194272113519,3.2258282512773944,-1.1009458544177233
0.1363151581609276,1640056800,1640056860,1640057040,1,MIXED,STOP,1.0,0.0,564329837.0714505,-1.2482679362193194
0.786507903366872,1640140800,1640140920,1640142720,-1,ALIGNED_COUNTER,TP,2.0,0.1367512024486058,5.3501198649544275,3.387451594529228
-1.0129940107712267,1640145300,1640145720,1640146020,-1,ALIGNED_COUNTER,STOP,7.0,0.6871652900063472,0.7591308356959937,1.5909466255324238
0.787922826231812,1640148000,1640149920,1640150400,-1,ALIGNED_COUNTER,TP,32.0,0.1623145712782989,3.369025992552399,1.2782351697036547
0.2768168249706796,1640217600,1640218020,1640218500,-1,ALIGNED_COUNTER,STOP,7.0,0.4746333679491262,3.1590088340865883,1.7464603072081786
-1.0125808127431506,1640218800,1640219700,1640220060,-1,ALIGNED_COUNTER,STOP,15.0,0.3857334534296269,1.4991861057175004,1.7272072604743867
0.2642345607862859,1640220300,1640221020,1640222700,-1,ALIGNED_COUNTER,STOP,12.0,0.2910637773610224,1.3106172794478077,3.009035641467286
0.1456901449135673,1640311800,1640311980,1640312700,-1,ALIGNED_COUNTER,STOP,3.0,0.0,339848827.6924387,2.3981287781645086
-1.0080225220196373,1640314800,1640316120,1640326320,1,ALIGNED_WITH,STOP,22.0,0.48818707000328154,0.8567984553327715,-1.8024989795590312
0.08811245422159257,1640346900,1640346960,1640347200,1,ALIGNED_WITH,STOP,1.0,0.0,988083877.5112656,-1.6320017460387917
-1.0114149041109988,1640390400,1640390520,1640390820,-1,ALIGNED_COUNTER,STOP,2.0,0.0,859408977.1303316,1.7971141136436968
-0.43643339642306395,1640392800,1640392920,1640394720,-1,ALIGNED_COUNTER,TIME,2.0,0.1020519083578783,3.399999966684452,1.8649905227425405
0.20213367993738063,1640428800,1640429520,1640429640,-1,ALIGNED_COUNTER,STOP,12.0,0.7367955856913813,0.7490403060851313,3.266045041113782
0.7847843454075069,1640477400,1640477700,1640479380,-1,MIXED,TP,5.0,0.016058645968110876,21.522555050702003,2.5294551033066663
0.7864415955618238,1640482800,1640483760,1640485500,-1,MIXED,TP,16.0,0.4729366808876112,1.443952296776545,1.7106829518781013
0.16696642004608228,1640486700,1640486760,1640487900,-1,MIXED,STOP,1.0,0.0,402019073.96712136,1.1778250285297933
-1.0067455018927258,1640563200,1640564040,1640566860,1,ALIGNED_WITH,STOP,14.0,0.006122617049617704,134.94802990706876,-1.1609397880198022
-1.0125548418731838,1640609700,1640610360,1640610840,1,ALIGNED_WITH,STOP,11.0,0.47028784877827884,1.2874569881913507,-2.9266696397031446
1.372595061693841,1640610900,1640610960,1640611560,1,ALIGNED_WITH,STOP,1.0,0.0,535221262.0738272,-2.493300521708021
0.7890697817911371,1640649600,1640649720,1640650200,-1,MIXED,TP,2.0,0.0,413427572.73886,1.7595066886523558
0.7894304991241108,1640650800,1640650860,1640651700,-1,MIXED,TP,1.0,0.0,669032430.5970838,1.7304348520497896
0.1409819578324858,1640655300,1640655480,1640655780,-1,MIXED,STOP,3.0,0.038175409603234754,15.568181410378855,2.1304030044016034
-1.0074070850864258,1640736000,1640736240,1640736660,-1,ALIGNED_WITH,STOP,4.0,0.5555782419943718,0.8605769215279551,1.444752836141544
0.09289694199454074,1640736900,1640737560,1640738880,-1,ALIGNED_WITH,STOP,11.0,0.1730881485143867,2.250257984935281,1.3971406605419057
0.09131659569953181,1640746500,1640746800,1640752440,-1,ALIGNED_WITH,STOP,5.0,0.029724683753126126,14.334551620130146,1.7568076038409797
0.09498932590179487,1640822400,1640822760,1640823720,-1,ALIGNED_WITH,STOP,6.0,0.3252814672495485,2.080894830315121,2.5106824335640807
0.09564949129001016,1640824800,1640825640,1640826720,-1,ALIGNED_WITH,STOP,14.0,0.2812573727292083,1.3178741991359446,2.0408415309811425
0.09016399818111258,1640847900,1640848140,1640849100,-1,ALIGNED_WITH,STOP,4.0,0.34232301838022905,1.3641035012455573,2.0040779691551776
-1.0088187588156512,1642598700,1642599000,1642600140,1,MIXED,STOP,5.0,0.020582034406769274,17.133873406882703,-4.460248929747781
-1.0094090756576923,1642607100,1642607580,1642608600,1,MIXED,STOP,8.0,0.3451804278016767,1.7036748424867227,-1.3141741727075884
-1.0062674961501272,1642624200,1642624320,1642632180,-1,ALIGNED_WITH,STOP,2.0,0.02228241393893951,22.160242413189472,1.577961312050133
0.08959092068676217,1642638900,1642639080,1642643040,-1,ALIGNED_WITH,STOP,3.0,0.004931392798271252,80.57574123598401,1.5489311187286228
0.08965144814173456,1642646100,1642646700,1642649460,-1,ALIGNED_WITH,STOP,10.0,0.2742907276647898,1.4580523281074282,1.437161349378996
0.1318148611213069,1642686000,1642686060,1642686660,1,MIXED,STOP,1.0,0.0,455357799.5145944,-1.1210795184560756
-1.0036351178706775,1642723200,1642723380,1642724940,-1,ALIGNED_WITH,STOP,3.0,0.23839568935945718,4.60264823782316,1.8884890912039378
1.403628260064993,1642725000,1642727220,1642730520,-1,ALIGNED_WITH,STOP,37.0,0.4618608219027763,0.7828235521960039,1.6610795480319047
0.09631529488306702,1642730700,1642730820,1642731720,-1,ALIGNED_WITH,STOP,2.0,0.0,448978377.42413485,1.1535456102818151
-0.15167138361059954,1642809600,1642809660,1642811460,1,ALIGNED_COUNTER,TIME,1.0,0.0,392563319.8450765,-2.073660328459996
-1.0073533762057942,1642831200,1642831500,1642832940,1,ALIGNED_COUNTER,STOP,5.0,0.2101980215416378,3.5876730861114536,-3.830177917050788
0.14378895571268038,1642836900,1642837560,1642839240,1,ALIGNED_COUNTER,STOP,11.0,0.45574384192253525,1.6449735818740563,-2.1380184839969494
-1.0038915142881384,1642896000,1642896240,1642897620,-1,ALIGNED_WITH,STOP,4.0,0.1746170751436975,1.8882724207915362,1.1068566885996474
0.09575520702634172,1642897800,1642898640,1642905000,-1,ALIGNED_WITH,STOP,14.0,0.2528979558116624,1.7264541878281818,1.604053425103775
0.7917916744799509,1642924500,1642925400,1642925460,1,ALIGNED_COUNTER,TP,15.0,0.3763344288397787,1.1157752999356418,-1.9864942319244392
-1.0061978260548725,1642985700,1642987080,1642987800,1,MIXED,STOP,23.0,0.3778748567183809,0.8894559349467703,-0.934076161059572
-0.31416149439094865,1642989300,1642989660,1642991460,1,ALIGNED_COUNTER,TIME,6.0,0.05995305771683519,6.042539973194128,-1.1207136593200893
0.09377954283139618,1642996500,1642997340,1643005260,-1,ALIGNED_WITH,STOP,14.0,0.4742384823643556,0.6949058061370141,1.8145318970319275
0.09558801278638092,1643072400,1643072580,1643074380,1,MIXED,TIME,3.0,0.0045080119667167415,95.66361514296035,-1.0905264820824456
0.13994395144044075,1643088600,1643088660,1643089620,1,MIXED,STOP,1.0,0.0,562704113.6520938,-1.0156378110651538
0.7904490235253913,1643094900,1643095200,1643095800,1,MIXED,TP,5.0,0.08866435352880915,5.14990963487272,-1.3128898944907779
0.14686527095754298,1643155200,1643155260,1643156700,-1,MIXED,STOP,1.0,0.0014468607505895706,255.33315686371986,2.277347852136627
0.7902615159272673,1643170200,1643172480,1643172540,1,MIXED,TP,38.0,0.5184725469986978,5.131670813044943,-2.368760821641079
0.7898922916389134,1643194500,1643194620,1643194680,1,MIXED,TP,2.0,0.08354628025209912,4.885130764757678,-1.7651275816544363
0.09538806567299923,1643241600,1643241720,1643246640,-1,ALIGNED_WITH,STOP,2.0,0.0,430536110.45297396,1.6028973185154876
0.09490815145759052,1643252700,1643254800,1643256600,-1,ALIGNED_WITH,STOP,35.0,0.5956994149380747,1.264285712163359,1.0139862526070176
0.7897535929748661,1643273100,1643273160,1643273880,1,ALIGNED_COUNTER,TP,1.0,0.0,1247286781.092707,-1.1530829459107208
0.31641786187783655,1643328900,1643329020,1643330820,-1,MIXED,TIME,2.0,0.0,383757499.4670483,1.1778117423108472
-0.630810933381417,1643333700,1643334300,1643336100,1,MIXED,TIME,10.0,0.08626085141012386,5.8509818343655295,-2.0486110406810534
-1.009120243497698,1643344200,1643344380,1643345400,1,MIXED,STOP,3.0,0.0,341972785.5508311,-1.17161797738741
0.14016322205186976,1643414400,1643414580,1643414880,1,MIXED,STOP,3.0,0.3969517912691287,1.0864829368955335,-1.387363860043464
0.09365087652488734,1643472600,1643473320,1643476560,1,ALIGNED_WITH,STOP,12.0,0.7319650816562834,0.610640953660734,-2.4510537690677916
2.736896414100556,1643486700,1643488140,1643488260,1,ALIGNED_WITH,STOP,24.0,0.2702078391185696,7.266060401388324,-1.395681972422166
0.7814243980648935,1643519700,1643519760,1643520540,-1,ALIGNED_COUNTER,TP,1.0,0.0,387417839.0721852,1.285105079551446
0.7835974474909858,1643532900,1643534640,1643534700,-1,ALIGNED_COUNTER,TP,29.0,0.3817907041297765,1.1289301033537915,3.502981923970338
-1.0128229963482467,1643540400,1643540520,1643541660,-1,ALIGNED_COUNTER,STOP,2.0,0.0,333451854.69921046,1.3185751014948368
-0.399335298698996,1643591100,1643591700,1643593500,-1,MIXED,TIME,10.0,0.3940997728412793,1.214630053509741,4.400761729991616
-0.06678871635276519,1643598900,1643599920,1643601720,-1,MIXED,TIME,17.0,0.11663536692243545,3.9141262008764146,2.0460955345068226
-1.011740788203848,1643615100,1643615520,1643626200,-1,ALIGNED_WITH,STOP,7.0,0.3356590251079837,0.9686085943993598,1.31059585464682
0.09208619126558981,1643680500,1643680920,1643695980,1,ALIGNED_WITH,STOP,7.0,0.0,390636773.84464824,-3.4458022595262445
-0.23771242799920744,1643700300,1643700540,1643702340,-1,ALIGNED_COUNTER,TIME,4.0,0.0,368079794.3798007,3.3908749524922244
-1.0172628266748696,1643703000,1643704740,1643706060,-1,ALIGNED_COUNTER,STOP,29.0,0.4764999166891023,0.7452457148736072,1.2699059691201842
-0.5276753190326156,1643768700,1643769120,1643770920,-1,ALIGNED_COUNTER,TIME,7.0,0.0,381704988.65844053,0.9415588148906912
0.22578979772097194,1643784000,1643784180,1643784360,-1,ALIGNED_COUNTER,STOP,3.0,0.45905838706828983,1.3180681133496241,2.0564211979710127
-1.0150994580418433,1643790000,1643791740,1643792580,-1,MIXED,STOP,29.0,0.6071506958787364,0.7381261342631145,1.2042185941865986
-0.5917828171403201,1643846400,1643847420,1643849220,1,ALIGNED_COUNTER,TIME,17.0,0.5146965181050928,0.7784731809342326,-1.4027002056362148
-1.0159122325189556,1643883000,1643883240,1643883480,1,ALIGNED_COUNTER,STOP,4.0,0.24008237386504977,2.1659388556068033,-2.97574389002991
0.13635693788367625,1643883900,1643883960,1643884860,1,ALIGNED_COUNTER,STOP,1.0,0.0,463151121.95381606,-2.5131668361159822
0.03353818676673738,1643943900,1643944020,1643945820,1,MIXED,TIME,2.0,0.022936264665458037,21.04193456647292,-1.0863615246037839
0.17117932604677544,1643952000,1643952060,1643952900,1,MIXED,STOP,1.0,0.19271060270391538,3.664288879781847,-1.6050058562647238
0.19151575215068686,1643955000,1643955480,1643955840,1,MIXED,STOP,8.0,0.5110439432690237,1.5423111889746601,-1.2981323352732876
-1.0105840721530954,1644019200,1644019260,1644019920,-1,ALIGNED_COUNTER,STOP,1.0,0.0,638749073.8138438,4.493078049982405
-1.009844865446644,1644020100,1644020160,1644020820,-1,ALIGNED_COUNTER,STOP,1.0,0.0,476445124.3657971,3.030057277376593
-0.43618508913506193,1644025200,1644025620,1644027420,-1,ALIGNED_COUNTER,TIME,7.0,0.2000887020372564,2.1037458580133217,1.1846753163610149
-0.42191222179442867,1644109500,1644110280,1644112080,-1,ALIGNED_COUNTER,TIME,13.0,0.45078642407199393,1.1902616504526982,2.8409692251561878
0.23075093700262866,1644112500,1644112860,1644114660,-1,ALIGNED_COUNTER,TIME,6.0,0.12411220071538116,3.516087487757371,1.7550462045256119
0.24457348055002023,1644120000,1644120300,1644120660,-1,ALIGNED_COUNTER,STOP,5.0,0.5845729182640714,0.6673662108205246,1.331745518995206
0.7907808220756556,1644192000,1644192120,1644192660,-1,ALIGNED_COUNTER,TP,2.0,0.37965333183854394,1.266306840945629,2.7777503405700084
-0.3885694822964583,1644193200,1644193500,1644195300,-1,ALIGNED_COUNTER,TIME,5.0,0.5973139481033513,1.8419840769109337,1.5603166324131776
-0.8258067258669228,1644198000,1644199020,1644200820,-1,ALIGNED_COUNTER,TIME,17.0,0.21862699156514107,2.2031507776197197,2.0700669812931136
0.7903371487787041,1644278400,1644278700,1644279360,-1,ALIGNED_COUNTER,TP,5.0,0.44168314926452107,0.7401259857255184,1.0412391385082158
-0.0034666691948630392,1644285000,1644285300,1644287100,-1,ALIGNED_COUNTER,TIME,5.0,0.0,373490561.1420138,3.2558138773378364
-1.0165675042863502,1644295200,1644295320,1644296160,-1,ALIGNED_COUNTER,STOP,2.0,0.0,445863694.81356364,1.2713314868996652
-1.0116747807592328,1644370200,1644370560,1644370860,-1,ALIGNED_COUNTER,STOP,6.0,0.562616077023899,1.1104810489665318,1.5345248440822052
-0.42577704398963323,1644375900,1644376080,1644377880,-1,MIXED,TIME,3.0,0.0,471841991.30124503,1.7112349730960246
0.13823625826537161,1644385500,1644385620,1644386520,-1,ALIGNED_COUNTER,STOP,2.0,0.14684258388693447,2.673769269080196,1.0427437104156827
0.0916039715098458,1644452400,1644453660,1644461280,1,ALIGNED_WITH,STOP,21.0,0.40882406860448556,1.0368303546067204,-0.8012253315139123
0.1643632381952272,1644462000,1644462120,1644462420,-1,ALIGNED_COUNTER,STOP,2.0,0.37030200916100503,1.7429577417721556,1.6149096186678331
-1.012666906254785,1644472800,1644473760,1644475440,-1,ALIGNED_COUNTER,STOP,16.0,0.3815030813042747,1.076293035249472,1.4866049783929973
0.7932972745238862,1644537600,1644537720,1644539040,-1,MIXED,TP,2.0,0.014251173061000995,23.271148041688605,1.549342185299392
-1.0064006399502843,1644539400,1644540240,1644541020,-1,MIXED,STOP,14.0,0.3597818984263609,1.650187573570992,1.4742139947145976
0.2729750674462348,1644541500,1644541560,1644541860,-1,MIXED,STOP,1.0,0.0,398363250.21116287,1.94140544748922
-1.0095540973227324,1644627000,1644627120,1644628380,-1,MIXED,STOP,2.0,0.14498914616496775,2.615096675662895,1.6910892053761548
0.7853085984075351,1644648600,1644648720,1644648900,1,MIXED,TP,2.0,0.0240167246829134,21.096209034138234,-3.173668727690102
0.787605200327387,1644652500,1644653160,1644653640,1,MIXED,TP,11.0,0.2611539026591126,1.5236273569022107,-2.1377535129147
0.09428164288357477,1644713100,1644713160,1644734160,-1,ALIGNED_WITH,STOP,1.0,0.0,317434895.23104846,1.075703806837264
0.1382509594191966,1644779100,1644780780,1644781620,-1,MIXED,STOP,28.0,0.6268765375307608,0.8713596555690729,1.5470330674239825
0.0919030267055832,1644798000,1644798060,1644798900,-1,ALIGNED_WITH,STOP,1.0,0.0,313245065.8708239,1.6965282517786187
0.09271578729521368,1644802200,1644802260,1644802440,-1,ALIGNED_WITH,STOP,1.0,0.0,675628064.5849328,2.0491511858695497
0.7813028541574406,1644821400,1644821460,1644821520,1,ALIGNED_COUNTER,TP,1.0,0.0,1604622886.4543571,-1.7127882061414386
0.0909688635347668,1644883200,1644883380,1644883800,1,ALIGNED_WITH,STOP,3.0,0.031182526875620214,11.128571071683046,-1.1159847082552323
0.09280798907919324,1644891900,1644892560,1644893460,1,ALIGNED_WITH,STOP,11.0,0.32145802583186595,1.4709418791918814,-1.0517625711658558
-1.012342334891517,1644922200,1644922440,1644922560,-1,ALIGNED_COUNTER,STOP,4.0,0.3350513404450897,1.026711182244483,1.1188056426827255
0.7873568179043778,1644969600,1644969660,1644970740,-1,ALIGNED_COUNTER,TP,1.0,0.0,966185147.5076184,2.3847039480403214
0.7878062349456864,1644971100,1644973800,1644975480,-1,ALIGNED_COUNTER,TP,45.0,0.4936623889437462,0.8309070531880125,2.271179003459777
0.7811361950380851,1644984600,1644984960,1644985080,-1,ALIGNED_COUNTER,TP,6.0,0.08253500368458506,4.8749999409351945,1.156337807613747
-1.0152831594116298,1645065900,1645066020,1645066320,-1,ALIGNED_COUNTER,STOP,2.0,0.0,548201152.8523395,1.65016955205172
0.7852727198186438,1645069500,1645070100,1645070400,-1,ALIGNED_COUNTER,TP,10.0,0.5604591713693178,1.8168674666378053,1.2598182140120937
-1.0131609155838537,1645079400,1645079460,1645080000,-1,MIXED,STOP,1.0,0.0,530074864.46949387,1.6390831092892493
-0.0557129868832033,1645143300,1645144020,1645145820,1,ALIGNED_COUNTER,TIME,12.0,0.5092816989381604,0.9642857123923109,-1.0322123175451468
0.09358918141468776,1645149000,1645149060,1645150560,-1,ALIGNED_WITH,STOP,1.0,0.0,509219619.0796973,1.3641602752892654
-1.0145253505933303,1645183200,1645183500,1645184100,1,ALIGNED_COUNTER,STOP,5.0,0.5386551600143925,0.9172229622490776,-3.257796921068511
0.09158530464340384,1645231200,1645231860,1645234980,-1,ALIGNED_WITH,STOP,11.0,0.0,339607385.11297697,2.3005178989310324
0.12657366890928823,1645252800,1645252860,1645253700,1,ALIGNED_COUNTER,STOP,1.0,0.0,655868427.6102827,-1.6278880646172473
1.9639756429909412,1645255500,1645257300,1645260780,-1,ALIGNED_WITH,STOP,30.0,0.4578436382217997,0.7366071412482332,2.0795696505578976
1.7592600928074278,1645315200,1645315980,1645327740,-1,ALIGNED_WITH,STOP,13.0,0.51430781129157,0.686315788139208,1.1404573315178146
0.086959188169411,1645327800,1645328040,1645328700,-1,ALIGNED_WITH,STOP,4.0,0.4941292273079235,2.1832669278522845,1.6821121523861988
0.08808427372498595,1645331700,1645331760,1645332840,-1,ALIGNED_WITH,STOP,1.0,0.0,832408005.1646051,1.2008343268847752
-1.0068963503649757,1645401600,1645401720,1645404780,-1,ALIGNED_WITH,STOP,2.0,0.20870505542037637,3.0414507626292635,1.9846971149955726
-1.005768349607804,1645405200,1645405260,1645405920,-1,ALIGNED_WITH,STOP,1.0,0.0,494829518.16869724,1.77329247806092
-1.0050074296580125,1645406100,1645406160,1645407540,-1,ALIGNED_WITH,STOP,1.0,0.0,457960151.018262,1.3235016918849285
0.0971966586751314,1645491000,1645492260,1645493640,-1,ALIGNED_WITH,STOP,21.0,0.005442882135686579,67.7499875525112,0.9313680198300516
0.792224120390001,1645507200,1645507320,1645507860,1,ALIGNED_COUNTER,TP,2.0,0.0,382365409.07162833,-1.0705696544490573
0.09481529155237603,1645509300,1645509360,1645511760,-1,ALIGNED_WITH,STOP,1.0,0.0,454948301.3294073,1.8688788236862102
0.7892614869228474,1645582200,1645582920,1645583100,-1,MIXED,TP,12.0,0.6277849531804893,0.6219621952288922,2.436260029654761
0.1405883093268792,1645583400,1645583460,1645583760,-1,MIXED,STOP,1.0,0.008984597832302047,62.49999304355051,1.8228619443719947
-1.0072066881536301,1645590000,1645590420,1645597080,-1,ALIGNED_WITH,STOP,7.0,0.20790665415528503,2.1153846052098464,1.6640767982482072
2.277616162146413,1645660800,1645660920,1645671420,-1,ALIGNED_WITH,STOP,2.0,0.0,465850102.0706002,1.2939009832614918
1.6727393663047685,1645671600,1645671660,1645674120,-1,ALIGNED_WITH,STOP,1.0,0.0,1518214716.5259323,1.946640793471459
-1.004301925538814,1645675200,1645675440,1645676040,1,ALIGNED_COUNTER,STOP,4.0,0.5907090121530042,1.1155444702644157,-2.0979945493622605
0.7929220472441036,1645759800,1645760280,1645760520,1,MIXED,TP,8.0,0.08240249038637619,5.257777713971853,-0.8891949620296489
0.7905887091125587,1645765800,1645765860,1645766460,1,MIXED,TP,1.0,0.0,655529873.2226851,-1.8291228172050662
-0.7680945504706475,1645769700,1645772100,1645773900,1,MIXED,TIME,40.0,0.6057124310288957,0.6009002240641848,-1.5841581519526762
0.24423371616468706,1645836300,1645836360,1645838160,-1,ALIGNED_COUNTER,TIME,1.0,0.0,585112466.6412549,2.065274126781061
0.09196775217026927,1645855200,1645855260,1645859160,1,ALIGNED_WITH,STOP,1.0,0.0,304763583.4839013,-1.2900739945058752
0.7874325797446287,1645863900,1645864680,1645864800,-1,ALIGNED_COUNTER,TP,13.0,0.22616813875797037,2.5042492807118197,1.7830275347392588
-0.15935093220614618,1645921800,1645921860,1645923660,-1,ALIGNED_COUNTER,TIME,1.0,0.0,1061043939.8407654,2.3943430125509626
-0.5324563406742209,1645924200,1645924380,1645926180,-1,MIXED,TIME,3.0,0.07695786800265803,5.58860752231635,1.0419414034201198
-0.5333637164195631,1645935000,1645936140,1645937940,1,MIXED,TIME,19.0,0.06554453238215001,5.650793564577768,-1.194288424443245
-1.0036537785930677,1646006400,1646006520,1646011200,-1,ALIGNED_WITH,STOP,2.0,0.17305928458268155,1.8937605286861185,1.2761589214052669
1.4440903336511082,1646012100,1646012280,1646028780,-1,ALIGNED_WITH,STOP,3.0,0.0777883698760501,6.495097955720508,1.012567981731425
-1.0059244029551484,1646029800,1646029860,1646031780,-1,ALIGNED_WITH,STOP,1.0,0.0,557006033.6144005,1.0124973366846253
-1.00436726816392,1646093100,1646093820,1646095560,-1,ALIGNED_COUNTER,STOP,12.0,0.38893937426976183,1.0773624063681173,1.9778785840275752
0.0950602275907836,1646136900,1646136960,1646137320,1,ALIGNED_WITH,STOP,1.0,0.22268070916199367,3.6938159713459524,-1.741397216849064
0.7932208120386208,1646137800,1646137860,1646137980,-1,ALIGNED_COUNTER,TP,1.0,0.0,463853579.69686335,1.2357425391932104
0.09452058990458562,1646181300,1646181540,1646183760,1,ALIGNED_WITH,STOP,4.0,0.3653825689049633,1.3261977537608085,-3.4169624049892637
-1.0060003371771515,1646195400,1646195700,1646198820,1,ALIGNED_WITH,STOP,5.0,0.1865264009710648,2.379609531711064,-1.4565845460526328
0.0936694139306522,1646199000,1646199240,1646201400,1,ALIGNED_WITH,STOP,4.0,0.13402884320345598,2.7083333131258613,-1.1682304548680575
0.14367699050930888,1646280600,1646280720,1646282520,-1,MIXED,TIME,2.0,0.0,351445337.9699827,1.0258908008822418
0.7880043481717173,1646287800,1646287860,1646288040,-1,MIXED,TP,1.0,0.0,701112877.5834637,1.77823861251078
-0.2734579589794972,1646291700,1646291880,1646293680,-1,ALIGNED_COUNTER,TIME,3.0,0.0,596698349.1746023,2.5321583839185404
0.7911004233090069,1646352000,1646352480,1646353200,-1,MIXED,TP,8.0,0.31859257257799406,1.8403693873632099,1.4549070656562455
-1.009314253597127,1646355300,1646355660,1646355900,-1,MIXED,STOP,6.0,0.3565647482014513,2.0315258455003944,1.1515903885148333
-1.0079635152723425,1646356200,1646356260,1646356560,-1,MIXED,STOP,1.0,0.01318157902024876,46.05882003521085,1.4395890433098442
0.0946876463294329,1646447100,1646447640,1646455020,-1,ALIGNED_WITH,STOP,9.0,0.0,355935678.5096912,1.2632524876157156
1.817766159787612,1646469900,1646469960,1646474940,-1,ALIGNED_WITH,STOP,1.0,0.0,461259956.5532703,1.6322442115557152
-1.0078426289943916,1646485500,1646487300,1646492220,-1,ALIGNED_WITH,STOP,30.0,0.42217133969846715,1.2893982777480324,1.2970626523068545
0.781866788990799,1646525700,1646527140,1646528340,1,ALIGNED_COUNTER,TP,24.0,0.5440366972476663,0.7807757152597263,-1.706615745299371
0.08803343973249336,1646536800,1646537640,1646537760,-1,ALIGNED_WITH,STOP,14.0,0.13223894208846154,3.4413792843209805,0.9031964573555153
0.13240119401056685,1646539800,1646540760,1646541300,1,ALIGNED_COUNTER,STOP,16.0,0.62708145088422,0.8501440908632868,-2.6796063732449587
0.0952526560812779,1646611200,1646611380,1646612400,-1,ALIGNED_WITH,STOP,3.0,0.18251818809409454,2.356415465704503,1.742955698099052
0.7910775679379723,1646650800,1646651520,1646652840,1,ALIGNED_COUNTER,TP,12.0,0.18016512350837335,3.5324675128606997,-1.2100797597880906
0.16515834735465662,1646654700,1646655600,1646656620,1,ALIGNED_COUNTER,STOP,15.0,0.27638810992710444,3.1458333219511903,-1.2764758905766727
-1.0041468179629371,1646702100,1646703540,1646707380,-1,ALIGNED_WITH,STOP,24.0,0.5382357052984776,1.1351515130425098,1.7521999235331456
0.09547383449590234,1646707500,1646708160,1646711400,-1,ALIGNED_WITH,STOP,11.0,0.6509258794600135,0.662709119327315,1.4439216060085733
0.13954298630136985,1646721600,1646721720,1646722380,1,ALIGNED_COUNTER,STOP,2.0,0.0,437808219.1780901,-1.137848820190178
-1.0140324551394857,1646784000,1646784660,1646785560,-1,MIXED,STOP,11.0,0.712996577118536,0.6099796325457395,1.4839248348237393
-1.0146426359090057,1646787000,1646787180,1646787600,-1,MIXED,STOP,3.0,0.3101575522934128,1.4004854323775846,1.3556536558390033
0.15315051580384764,1646791800,1646791860,1646792160,1,MIXED,STOP,1.0,0.0,618587780.8658155,-1.3072940000342215
-0.004527253296601535,1646870400,1646870520,1646872320,-1,ALIGNED_COUNTER,TIME,2.0,0.19475438342269966,2.203124988687553,1.9191719112466106
0.7882268012700445,1646876400,1646876460,1646876760,-1,ALIGNED_COUNTER,TP,1.0,0.0,673044044.614502,1.349436300074532
-1.0064010684332556,1646877300,1646877360,1646879400,1,ALIGNED_WITH,STOP,1.0,0.0,709649357.6017158,-1.6936249465917526
-1.0113507967225472,1646957400,1646957460,1646958540,1,ALIGNED_COUNTER,STOP,1.0,0.0,393132128.29907256,-3.613518652786007
0.2518908337604568,1646958600,1646958720,1646959020,1,ALIGNED_COUNTER,STOP,2.0,0.5106782846403631,0.7049180314064828,-3.171780084945917
-1.0112055030094373,1646960700,1646960880,1646961180,1,ALIGNED_COUNTER,STOP,3.0,0.6345657781599119,0.9250225821014811,-1.65689974886175
-1.0112797556719142,1647096000,1647096060,1647099660,-1,ALIGNED_WITH,STOP,1.0,0.0,684991273.996512,2.6742298579145003
0.09142376855203166,1647100200,1647100260,1647101460,-1,ALIGNED_WITH,STOP,1.0,0.0,412713338.6618828,2.139536825176958
0.09153179005201768,1647105000,1647105060,1647117540,-1,ALIGNED_WITH,STOP,1.0,0.0,816704477.0591226,1.0974675558789007
0.08695084048771123,1647129600,1647129660,1647129780,-1,ALIGNED_WITH,STOP,1.0,0.07373205396439068,6.506849226815961,1.2678878939361524
-1.0117583815028712,1647130500,1647131460,1647133620,-1,ALIGNED_WITH,STOP,16.0,0.7010456582451075,1.1945525274789248,3.435215805218018
0.08983168184104842,1647134400,1647135300,1647136080,-1,ALIGNED_WITH,STOP,15.0,0.700664693068194,0.9587053557746094,1.0453045497735667
0.09422060370906055,1647216000,1647216360,1647216900,-1,ALIGNED_WITH,STOP,6.0,0.15513613047483243,2.7774480533129187,2.170028716833547
0.09478833543198155,1647220200,1647220260,1647221460,-1,ALIGNED_WITH,STOP,1.0,0.0,478022782.51192266,2.147855918036274
-0.5338574173323737,1647232500,1647234660,1647236460,1,ALIGNED_COUNTER,TIME,36.0,0.33882765362188183,1.1016713059407146,-1.6547005165377326
-0.029409693746483126,1647303600,1647303960,1647305760,1,MIXED,TIME,6.0,0.14099994861516923,3.0969387535463584,-2.6820223999625328
0.3206874196707394,1647312000,1647313440,1647315240,-1,MIXED,TIME,24.0,0.25876736642386916,1.809602642013681,1.929168195009721
1.8013284841520543,1647327900,1647328260,1647328440,-1,ALIGNED_WITH,STOP,6.0,0.44561907497846803,3.2364620865998073,1.3999897096110878
-1.010286206252568,1647388800,1647389220,1647390180,1,MIXED,STOP,7.0,0.41310275277331593,0.8962025294761643,-1.0783469464298994
-0.17737539880838027,1647392700,1647392940,1647394740,1,MIXED,TIME,4.0,0.0,367019027.4841291,-1.0384415649327297
0.7937333448708588,1647397200,1647397380,1647397620,-1,MIXED,TP,3.0,0.0651148704192446,6.125581301275578,3.462735540430221
-0.2583008381083041,1647489300,1647489780,1647491580,-1,ALIGNED_COUNTER,TIME,8.0,0.2819635679466253,1.2823779147726377,1.2593639815128754
0.09263433428786465,1647500700,1647500760,1647501960,1,ALIGNED_WITH,STOP,1.0,0.0,613806980.8838507,-1.0680013906404686
0.7881369773195841,1647519600,1647519660,1647519780,-1,ALIGNED_COUNTER,TP,1.0,0.1414432989690726,3.0040816114142324,1.7432619922091959
0.08750333639424064,1647562200,1647562440,1647563160,1,ALIGNED_WITH,STOP,4.0,0.0,539944903.5812969,-1.0422730415989272
-0.4586323951920491,1647566100,1647566340,1647568140,-1,MIXED,TIME,4.0,0.0,390501319.2612459,2.2627401440614836
-1.0125024582621078,1647586200,1647586860,1647589680,1,ALIGNED_WITH,STOP,11.0,0.2134875772315383,1.7931034398763621,-2.1649025995613216
0.08941627473343383,1647656100,1647657000,1647659100,1,ALIGNED_WITH,STOP,15.0,0.03725628631945937,16.306122011300666,-1.1081985099066114
-1.0232141638089391,1647676500,1647676680,1647678120,-1,ALIGNED_COUNTER,STOP,3.0,0.03907807640162665,8.999999769691842,2.095410954078194
-1.0211870465944557,1647678300,1647678660,1647679500,-1,ALIGNED_COUNTER,STOP,6.0,0.08751908119508695,5.116279011304966,1.7865046991058118
-1.0072940771706669,1647734400,1647734700,1647736440,1,ALIGNED_WITH,STOP,5.0,0.03314712737224606,11.95312463940271,-1.6254296361995624
-1.0079166700289162,1647736500,1647736560,1647740520,1,ALIGNED_WITH,STOP,1.0,0.0,797579180.9562047,-2.052418292805536
0.09173663974743777,1647740700,1647740760,1647741000,1,ALIGNED_WITH,STOP,1.0,0.0,592533085.2817943,-1.2013254338477524
-1.0124092359975847,1647820800,1647820860,1647821340,-1,MIXED,STOP,1.0,0.0,317387937.7096951,1.2344196586358376
0.2692912372020523,1647821400,1647821760,1647822600,-1,MIXED,STOP,6.0,0.16321087498923628,3.512915107627592,1.2389711087563386
0.13553636592615695,1647829500,1647829560,1647829680,-1,MIXED,STOP,1.0,0.0,576192635.1317114,1.6741426249891567
0.7825505085153917,1647914700,1647914760,1647914820,-1,MIXED,TP,1.0,0.0,2980802792.321072,1.0486040316824852
0.13762351918592652,1647915600,1647915780,1647915960,1,MIXED,STOP,3.0,0.02077591689633235,18.771427667911205,-1.9404083682964208
0.2533684108232022,1647916500,1647917040,1647918120,1,MIXED,STOP,9.0,0.5169969512195185,0.7853457157151825,-3.686134698352322
-1.0121724428547756,1647993600,1647993720,1647994500,-1,ALIGNED_COUNTER,STOP,2.0,0.17784903798714008,1.6925566247878039,2.4407605555034917
-1.0123594808363836,1647997500,1647997620,1647997980,-1,ALIGNED_COUNTER,STOP,2.0,0.2391350077832391,5.495073868646816,2.1800530973204415
0.13939819738784884,1647998400,1647998580,1647999240,-1,ALIGNED_COUNTER,STOP,3.0,0.0,350088151.6928728,1.538864081192372
0.09002494191063018,1648080000,1648080120,1648080900,1,ALIGNED_WITH,STOP,2.0,0.09689304919339749,7.474820066739155,-2.985852528124598
1.5755465485055449,1648085400,1648085520,1648103340,1,ALIGNED_WITH,STOP,2.0,0.0,349375346.1751419,-2.05946971384418
-1.0096455890550546,1648103400,1648103460,1648103640,1,ALIGNED_WITH,STOP,1.0,0.0,825457499.1638515,-2.3964230253870777
0.08765875115225004,1648170000,1648170360,1648171380,1,ALIGNED_WITH,STOP,6.0,0.30467716724784083,1.124309388574811,-0.931751833481479
0.13400118251128637,1648172700,1648172760,1648173780,-1,ALIGNED_COUNTER,STOP,1.0,0.0,828483999.7925318,5.321506016268009
-0.05530175157639847,1648175700,1648176480,1648178280,-1,ALIGNED_COUNTER,TIME,13.0,0.20598538684817383,1.6598639375200848,2.234087132735371
0.7808050807599299,1648254900,1648255500,1648255860,-1,ALIGNED_COUNTER,TP,10.0,0.2616498545701831,2.5662251557553013,1.1081414381797312
-1.0163714187328055,1648257900,1648258020,1648258800,-1,ALIGNED_COUNTER,STOP,2.0,0.11347743165927196,2.7712418056438444,1.4018618093091166
-0.8157934271292252,1648259100,1648259340,1648261140,-1,ALIGNED_COUNTER,TIME,4.0,0.40822682848246267,0.790055246683435,2.040350133056281
-1.0152005828779724,1648343700,1648343760,1648344600,1,ALIGNED_WITH,STOP,1.0,0.0,643642987.2496074,-1.488565684001719
2.006211535115534,1648345200,1648345260,1648347000,1,ALIGNED_WITH,STOP,1.0,0.0,356492911.0531005,-2.4301221086156923
0.08845798484008494,1648356000,1648356060,1648360380,1,ALIGNED_WITH,STOP,1.0,0.0,667775929.0072048,-1.0788465708888864
0.791944253897014,1648428000,1648428120,1648428300,-1,ALIGNED_COUNTER,TP,2.0,0.0,487009977.31319445,2.0767126143039443
-0.48636810234813627,1648428900,1648431420,1648433220,-1,ALIGNED_COUNTER,TIME,42.0,0.44933639612047344,1.3426109976746814,1.8435795035396247
-1.0186396452378346,1648444200,1648444320,1648444440,-1,ALIGNED_COUNTER,STOP,2.0,0.5156479493842857,0.9539877282111656,1.0768719349841256
0.09294267180517136,1648512900,1648512960,1648514760,1,ALIGNED_WITH,STOP,1.0,0.0,952893588.5594021,-2.405092922703644
0.08878343112181604,1648555200,1648555620,1648556160,1,ALIGNED_WITH,STOP,7.0,0.5749962389047798,1.1135531116164312,-2.4990051673301896
-1.0101974093185249,1648560300,1648560660,1648561680,1,ALIGNED_WITH,STOP,6.0,0.36376090232431735,1.783831278048646,-1.9373812184506116
0.6943681651855903,1648598400,1648598520,1648600320,-1,ALIGNED_COUNTER,TIME,2.0,0.0,389963408.2592683,1.5098386797048662
1.4922599692715934,1648605000,1648605360,1648610340,1,ALIGNED_WITH,STOP,6.0,0.3769117955164382,1.269779503764732,-0.886288242847247
-1.007476878742861,1648610700,1648612380,1648615440,1,ALIGNED_WITH,STOP,28.0,0.4869647440226928,0.7980582507883143,-2.2449779336979487
-1.0208839097934557,1648695000,1648695900,1648696620,-1,MIXED,STOP,15.0,0.5143798302293175,1.3844827559291828,1.857257592917441
0.779420200635552,1648697100,1648697460,1648698540,-1,ALIGNED_COUNTER,TP,6.0,0.12910461711012558,3.0472972736932826,2.147940446814889
-1.0226196276449626,1648698900,1648699500,1648699740,-1,ALIGNED_COUNTER,STOP,10.0,0.5357241000274526,0.5834829432555861,1.919092196393779
0.7868040630559857,1648772100,1648772160,1648773120,-1,MIXED,TP,1.0,0.0,301212296.7437616,1.1106948056376809
0.23104893340966287,1648775700,1648776300,1648776480,-1,MIXED,STOP,10.0,0.43220759397062286,1.0927070432072745,1.6678571821310275
0.7899980498996308,1648778400,1648779480,1648779900,-1,MIXED,TP,18.0,0.5986680686996334,0.9396423233186303,2.5005065528425217
-0.8287095862470468,1648857600,1648857660,1648859460,-1,ALIGNED_COUNTER,TIME,1.0,0.0,786713286.7132815,1.8705701820310965
0.21394731609672832,1648861200,1648862160,1648862340,-1,ALIGNED_COUNTER,STOP,16.0,0.6842368640533761,0.9733788381679076,2.6028169858960655
0.13998196685899733,1648867200,1648867260,1648867500,-1,ALIGNED_COUNTER,STOP,1.0,0.014688184651470489,26.999998161777242,1.7352236712594378
0.7863177372635971,1648944000,1648944360,1648945200,1,MIXED,TP,6.0,0.2128982790935238,2.57142855935066,-1.3240215221167788
-0.44863800274115007,1648959300,1648959660,1648961460,-1,MIXED,TIME,6.0,0.0,352001512.3587876,3.068012703049335
0.2150339573669511,1648962000,1648962060,1648962900,-1,MIXED,STOP,1.0,0.0,416721890.876971,2.89103941829375
-0.3662820901115407,1649031900,1649031960,1649033760,-1,ALIGNED_COUNTER,TIME,1.0,0.0,1166820967.2441838,2.29592010247465
-1.0226000279466168,1649058300,1649058480,1649059020,1,MIXED,STOP,3.0,0.39027457556069056,1.3859649087292856,-1.1259735089254996
0.7770552184724753,1649059800,1649060100,1649061240,1,MIXED,TP,5.0,0.06067495559508423,6.3114753058089486,-1.5750699686636067
0.09214275307255967,1649118900,1649119800,1649125680,1,ALIGNED_WITH,STOP,15.0,0.3231899265477222,1.0391849497627728,-1.6890117643434106
-1.0133374450415242,1649134500,1649134920,1649141220,1,ALIGNED_WITH,STOP,7.0,0.12652662432830972,3.162162137169177,-1.1559969910352186
0.08464952286936274,1649141700,1649142180,1649145720,1,ALIGNED_WITH,STOP,8.0,0.3909180651529953,1.1262626233817437,-2.9764658828401434
0.0917555494983426,1649203200,1649203260,1649203680,-1,ALIGNED_WITH,STOP,1.0,0.0,863517775.7875557,1.1749433660215447
-1.005965959949529,1649205600,1649205840,1649207940,-1,ALIGNED_WITH,STOP,4.0,0.029482910725979774,10.675675313576516,2.5734123276509253
-0.6231069312408939,1649208000,1649208600,1649230200,-1,ALIGNED_WITH,TIME,10.0,0.21090488406016322,2.602671106190349,3.4158404601470402
0.7889220808191785,1649289600,1649289720,1649290500,1,ALIGNED_COUNTER,TP,2.0,0.004607789358170955,175.4444063699673,-1.2462411819574601
1.7869581806174784,1649291700,1649292240,1649292720,-1,ALIGNED_WITH,STOP,9.0,0.23675086676573892,2.4999999894402243,2.3754177373838
0.7914724582123531,1649294700,1649295120,1649296800,1,ALIGNED_COUNTER,TP,7.0,0.08287059221467402,4.814285656191627,-2.0901577697799003
0.08998433330038816,1649376600,1649377500,1649378520,-1,ALIGNED_WITH,STOP,15.0,0.21864188988829578,1.6740506252549288,2.3958417462920565
-0.38097064946820336,1649380500,1649380560,1649402160,-1,ALIGNED_WITH,TIME,1.0,0.0,434487440.5974178,2.1063200516541007
0.13076721023582744,1649404800,1649404920,1649406420,1,ALIGNED_COUNTER,STOP,2.0,0.6717260411440035,1.2980392137539187,-1.1994535619339362
-1.0067235760142141,1649463000,1649463300,1649479500,-1,ALIGNED_WITH,STOP,5.0,0.403496790056009,1.5592417022967706,1.8578697314484092
0.0891504084609703,1649484000,1649484300,1649486100,-1,ALIGNED_WITH,STOP,5.0,0.0,449562363.2384862,2.6210338533842132
0.2721371532620542,1649500200,1649500380,1649501100,1,ALIGNED_COUNTER,STOP,3.0,0.6454362312102869,0.6806722678529704,-1.3015362137608777
0.08486154040980821,1649548800,1649548920,1649550120,-1,ALIGNED_WITH,STOP,2.0,0.09148241015126633,6.151162723454086,3.1051239552162286
0.08513243941202166,1649559600,1649559660,1649564400,-1,ALIGNED_WITH,STOP,1.0,0.0,422377830.75090027,1.7734950192435204
0.7687233933431354,1649569800,1649572320,1649572680,1,ALIGNED_COUNTER,TP,42.0,0.6418254134394485,0.5388127845485583,-1.8411172954792239
0.09413890133078648,1649635200,1649635500,1649635920,-1,ALIGNED_WITH,STOP,5.0,0.30099435635581817,1.3930555509274176,1.5192475901565363
0.09527626687099068,1649640300,1649640600,1649652480,-1,ALIGNED_WITH,STOP,5.0,0.08514713981275773,4.23228341486116,1.0989798088603422
-1.0174980405003022,1649669700,1649669820,1649669880,1,ALIGNED_COUNTER,STOP,2.0,0.251816557474662,2.592715221492378,-1.052097745943598
0.09529433638396034,1649724600,1649724960,1649725620,-1,ALIGNED_WITH,STOP,6.0,0.0,699875086.037672,1.1161445045132707
0.09156616861522238,1649741100,1649741220,1649742060,-1,ALIGNED_WITH,STOP,2.0,0.035390240599503964,10.55357113035451,1.9109056850709956
0.13579108527129277,1649763000,1649763120,1649763240,1,ALIGNED_COUNTER,STOP,2.0,0.0,531360112.7554781,-1.4254125613628086
0.09444725211566393,1649808600,1649809800,1649817300,-1,ALIGNED_WITH,STOP,20.0,0.27302455556215494,1.5762195064220004,1.4570996917191203
0.7849798437920725,1649847300,1649847600,1649848860,1,ALIGNED_COUNTER,TP,5.0,0.31672502019929977,1.5071428523844046,-1.8532241616366885
0.19484648375451052,1649851200,1649851380,1649851680,1,ALIGNED_COUNTER,STOP,3.0,0.590998796630548,1.1083238293676199,-1.08194408816981
-1.0154701956147973,1649896800,1649897100,1649898900,-1,MIXED,STOP,5.0,0.0,674118658.6414325,1.0965307041647063
-1.0158451579293986,1649899800,1649900340,1649901180,-1,MIXED,STOP,9.0,0.22263654310155753,1.9517241291645702,2.5992998916173224
0.1340301212789207,1649901300,1649901660,1649903040,-1,MIXED,STOP,6.0,0.35810363836825815,0.9396551697897567,3.5589843328111392
1.69160958445711,1649982300,1649982360,1649983380,-1,ALIGNED_WITH,STOP,1.0,0.0,623014683.8477848,1.3354186432265254
-1.0106083257194942,1649983800,1649984220,1649989260,-1,ALIGNED_WITH,STOP,7.0,0.13590680676107778,3.9529411473851708,1.955883702299305
-1.0107749412534983,1649989500,1649991480,1649993280,-1,ALIGNED_WITH,STOP,33.0,0.3041719634808609,1.247340421431228,1.2943684889260985
-1.0253064239828698,1650070500,1650070680,1650071760,-1,MIXED,STOP,3.0,0.0,469664525.3390302,1.1088360277643727
0.12504344082238286,1650072300,1650072420,1650073320,-1,MIXED,STOP,2.0,0.0,471136104.0329874,1.7601939953836627
-0.6973192915876829,1650078900,1650080040,1650081840,1,MIXED,TIME,19.0,0.5692599620493412,0.8511111096160573,-1.607728728526589
-0.47806618848738613,1650153600,1650155100,1650156900,-1,MIXED,TIME,25.0,0.33896253253434605,1.4124999958328726,1.2736053672368906
-1.0165859888406654,1650164700,1650164760,1650166500,-1,ALIGNED_WITH,STOP,1.0,0.07191568505884288,7.379310242223062,1.831415535399038
-1.0175396012461015,1650166800,1650167940,1650169080,-1,ALIGNED_WITH,STOP,19.0,0.26560747663546047,2.2660098436858123,1.9655815728125685
-1.0077328752775465,1650240000,1650240120,1650244200,-1,ALIGNED_WITH,STOP,2.0,0.04926892622230506,11.559523574900657,2.5569345618282813
3.7504215367920253,1650244500,1650244680,1650255600,-1,ALIGNED_WITH,STOP,3.0,0.0,372219207.81333053,2.2335276334579692
0.7809698642597175,1650255900,1650255960,1650256200,1,ALIGNED_COUNTER,TP,1.0,0.13909879652957005,5.774647845807446,-1.2303632578960102
0.7859964009401484,1650326400,1650326580,1650327180,1,MIXED,TP,3.0,0.056899422191723746,13.686746747416024,-1.6152184256197863
-0.8650848499657952,1650336000,1650337560,1650339360,1,MIXED,TIME,26.0,0.6944580197439115,1.122167486068854,-2.5658649796463133
-1.0150900903741145,1650371700,1650372060,1650372540,1,MIXED,STOP,6.0,0.2883564522908576,2.4311224405488834,-2.128307623831241
-1.022972374465366,1650412800,1650412860,1650413640,-1,ALIGNED_COUNTER,STOP,1.0,0.0,422461587.2010006,1.6703334159989085
0.14625777454160804,1650416100,1650416160,1650417420,-1,ALIGNED_COUNTER,STOP,1.0,0.0,600516316.9391308,1.0731511922906554
0.01705654196351814,1650433200,1650435300,1650437100,-1,ALIGNED_COUNTER,TIME,35.0,0.591646872525687,0.7236533945615097,2.2318144577876566
-1.0149144516991189,1650502200,1650503700,1650504300,-1,ALIGNED_COUNTER,STOP,25.0,0.3325278905969149,1.246753243003778,0.8290360494766656
0.13387740437764328,1650505500,1650505680,1650506040,-1,ALIGNED_COUNTER,STOP,3.0,0.0,402387795.7108088,1.0506868350409866
0.08792218901755343,1650516000,1650516900,1650518760,1,ALIGNED_WITH,STOP,15.0,0.26845971859042195,1.1493506450695816,-2.8009186871018463
0.14260678254494832,1650585600,1650585660,1650585840,-1,MIXED,STOP,1.0,0.0,433548859.9774992,1.6112573263396324
1.4076648299826033,1650604800,1650605160,1650612240,-1,ALIGNED_WITH,STOP,6.0,0.16015704325459953,2.153846140397716,2.0682410383234053
0.7813330266184837,1650613200,1650613260,1650613320,1,ALIGNED_COUNTER,TP,1.0,0.0,1338810384.4890037,-1.1138555580403813
-0.8522749723959955,1650675000,1650677460,1650679260,1,ALIGNED_COUNTER,TIME,41.0,0.3702613176297612,0.9940357826035257,-2.3644758148747997
-1.0188769787117606,1650679800,1650681120,1650682440,1,ALIGNED_COUNTER,STOP,22.0,0.4384552401746152,1.0065359454169998,-1.9726359404183644
0.12979651995904684,1650682500,1650682560,1650684300,1,ALIGNED_COUNTER,STOP,1.0,0.0,661207778.9150332,-1.8811239942254527
-0.3131795077189252,1650769800,1650770040,1650791640,-1,ALIGNED_WITH,TIME,4.0,0.0,391718846.95661217,1.781950650597004
-1.025032081108032,1650805800,1650806100,1650807420,1,ALIGNED_COUNTER,STOP,5.0,0.0,594369512.0847331,-1.1507421500421515
2.444123699296613,1650816600,1650817320,1650819120,-1,ALIGNED_WITH,STOP,12.0,0.5752533234173207,0.8167420800282043,1.3015780201491587
0.08767345172430152,1650845400,1650845460,1650845700,-1,ALIGNED_WITH,STOP,1.0,0.0,979416117.3146787,1.0045066728178917
-1.0082334459253695,1650846900,1650848040,1650848160,-1,ALIGNED_WITH,STOP,19.0,0.5681029760817586,3.962879633069651,2.1337359392960913
-1.0069870595656576,1650848400,1650848700,1650850740,-1,ALIGNED_WITH,STOP,5.0,0.25898891592323003,1.9081419550540255,1.38050372065367
0.24962190123808234,1650931200,1650931260,1650931440,1,MIXED,STOP,1.0,0.0,464873582.8471122,-1.3006825338220092
-1.0202257108331019,1650951900,1650952200,1650952920,1,MIXED,STOP,5.0,0.07065680978104914,4.690140778691593,-1.2973650302567046
-1.0214741901302067,1650954000,1650955740,1650956760,1,MIXED,STOP,29.0,0.7417499243112338,0.5271428564322034,-1.4850487051822998
0.09401914080073089,1651017600,1651020240,1651020420,-1,ALIGNED_WITH,STOP,44.0,0.706140350877193,0.8896321057635598,1.6168049834767944
-1.0059314239406862,1651022400,1651022640,1651038300,-1,ALIGNED_WITH,STOP,4.0,0.13054917241149677,3.292857117633921,1.4515731272579773
-1.0139651801029406,1651038900,1651039080,1651041240,-1,ALIGNED_WITH,STOP,3.0,0.02728832059878344,20.599999245098314,2.1339947110807365
0.23835690128709683,1651106700,1651106880,1651107060,1,MIXED,STOP,3.0,0.0,689105498.4113438,-1.0375304949220576
0.7857801328253945,1651108500,1651108560,1651108680,-1,MIXED,TP,1.0,0.0,462726523.887954,4.011466961698463
-1.0133509028960819,1651110600,1651110780,1651112520,-1,MIXED,STOP,3.0,0.13287904599659284,5.610256368035337,1.8790262403822757
-0.8013858158623917,1651191300,1651192140,1651193940,-1,MIXED,TIME,14.0,0.46112824802634916,1.182539679975234,2.136654656741408
0.13425041527770776,1651195500,1651196460,1651197360,-1,MIXED,STOP,16.0,0.45008192553252707,0.9701230206917155,1.7157141593496714
0.783297098133665,1651199100,1651199220,1651200900,-1,MIXED,TP,2.0,0.02191450933171561,17.961537641931677,1.4857161606316747
-1.0126918005826537,1651277400,1651277580,1651278000,-1,ALIGNED_WITH,STOP,3.0,0.0,335494784.3247825,1.7745176696510097
0.08834707655211912,1651278600,1651278660,1651280520,-1,ALIGNED_WITH,STOP,1.0,0.0,450271247.73963016,2.6322944371591865
0.12670205438064547,1651307700,1651307760,1651308180,1,ALIGNED_COUNTER,STOP,1.0,0.0,530513595.166174,-2.1407368964216076
0.09235678528959056,1651363500,1651364280,1651365120,-1,ALIGNED_WITH,STOP,13.0,0.32950491603583926,1.1072088690982473,2.715451877338031
0.09459823286304424,1651370100,1651370280,1651374480,-1,ALIGNED_WITH,STOP,3.0,0.0,428388200.08549345,1.2483370208043432
0.7761838107098197,1651418700,1651418880,1651419000,1,ALIGNED_COUNTER,TP,3.0,0.5006226650062856,2.054726364054603,-1.902066471686147
-0.9227556997700562,1651452900,1651453740,1651455540,1,MIXED,TIME,14.0,0.10487280278871931,4.450495007066985,-1.3878857712276595
-0.18864005583322066,1651457100,1651457280,1651459080,1,MIXED,TIME,3.0,0.12166238912154557,4.1191709505979475,-2.53385648077262
-1.0147199554735014,1651462800,1651464180,1651465140,1,MIXED,STOP,23.0,0.30332319721982137,2.233082699404742,-1.4968194797667422
0.13026317599709908,1651543500,1651543740,1651544100,-1,MIXED,STOP,4.0,0.0,384193194.29198885,2.454390234681825
-1.0190867064761189,1651545300,1651545360,1651546200,-1,MIXED,STOP,1.0,0.004976185398450284,98.19998026600963,1.6284380138072907
0.08932598658831523,1651548600,1651548840,1651550400,-1,ALIGNED_WITH,STOP,4.0,0.0,351433149.36801296,1.1213485402563648
-1.0087603163526282,1651622400,1651622580,1651624800,-1,ALIGNED_WITH,STOP,3.0,0.20865317515702372,1.836120392537884,1.1391694025047903
-1.0113024004434243,1651626600,1651628160,1651634640,-1,ALIGNED_WITH,STOP,26.0,0.3823228447172951,1.0585480065991277,1.2292550206283965
0.12288252496432818,1651641000,1651641960,1651642500,1,ALIGNED_COUNTER,STOP,16.0,0.6219686162624605,0.5435779807773639,-2.235414014283477
-1.027312309657159,1651718700,1651719000,1651719300,-1,ALIGNED_COUNTER,STOP,5.0,0.111405835543748,3.1358024409889858,2.329910247065893
0.1194522529470401,1651729200,1651729740,1651730160,-1,ALIGNED_COUNTER,STOP,9.0,0.08020271014647955,9.32692296063643,1.3000429923265642
0.772146617824123,1651731600,1651731960,1651732260,-1,ALIGNED_COUNTER,TP,6.0,0.0028101164190679154,199.49992900943568,1.6829721522333303
0.0929460653995215,1651795500,1651795800,1651803360,-1,ALIGNED_WITH,STOP,5.0,0.4191477907987653,1.0069156269200767,1.1481405584088702
0.13401449585113112,1651810800,1651811100,1651812780,1,ALIGNED_COUNTER,STOP,5.0,0.0,379306009.5549256,-0.8576593617433564
0.13157961186063194,1651814700,1651816080,1651817280,1,ALIGNED_COUNTER,STOP,23.0,0.369670297958284,0.9699453525674833,-0.9154939042038117
1.434936634930792,1651886100,1651886520,1651899660,-1,ALIGNED_WITH,STOP,7.0,0.1792143371469726,2.0374999886308407,1.2197702737561373
0.781068321245107,1651899900,1651900140,1651900920,1,ALIGNED_COUNTER,TP,4.0,0.2993351465699885,1.4487632460433062,-1.972531499104437
-1.0143002133287597,1651911600,1651911900,1651913220,-1,ALIGNED_WITH,STOP,5.0,0.13857837699460657,3.64655169782401,1.9997008377867331
-0.21896485242350394,1651971600,1651971900,1651973700,1,ALIGNED_COUNTER,TIME,5.0,0.0,518981857.56835055,-0.87885359351307
0.09492794760739187,1651974900,1651975500,1651976220,-1,ALIGNED_WITH,STOP,10.0,0.44071307513653946,3.8634097619215537,2.0385757471460693
0.3492924055502826,1651980900,1651981560,1651983360,1,ALIGNED_COUNTER,TIME,11.0,0.3583574854445961,1.4188376713915416,-1.5847251028650808
2.509232358368587,1652057400,1652057760,1652063340,-1,ALIGNED_WITH,STOP,6.0,0.08543655464016421,4.371428520262578,1.9674844420137927
0.09454716230899919,1652066700,1652066940,1652069220,-1,ALIGNED_WITH,STOP,4.0,0.0,397114917.8167853,1.534667442510566
-1.0077063335956011,1652075400,1652076180,1652076660,1,ALIGNED_COUNTER,STOP,13.0,0.0,527799632.8350378,-1.9345602494482284
0.09783912074824483,1652141100,1652141280,1652142600,-1,ALIGNED_WITH,STOP,3.0,0.0,424092155.11134505,1.0962679947750278
0.09796924513938585,1652145000,1652145120,1652145900,-1,ALIGNED_WITH,STOP,2.0,0.0,423885783.1392793,1.1065619588805762
-1.003524293758426,1652161800,1652161920,1652163060,-1,ALIGNED_WITH,STOP,2.0,0.11958125148703812,4.988857896999022,3.4932849791181284
0.09722548811476524,1652227200,1652227860,1652234760,-1,ALIGNED_WITH,STOP,11.0,0.22804207275885757,2.4383886148996523,1.5590998288456641
-1.0026865906654212,1652254500,1652254560,1652256720,-1,ALIGNED_WITH,STOP,1.0,0.0,407399653.61703163,3.7649683927915656
-1.0024206157559452,1652256900,1652257080,1652261280,-1,ALIGNED_WITH,STOP,3.0,0.19708680643260595,1.8337320481120267,2.421463232045953
0.797439100613556,1652313600,1652314380,1652315100,1,ALIGNED_COUNTER,TP,13.0,0.23412480670424873,2.425801630205549,-0.7867726513205516
-1.0029269384039028,1652329800,1652329860,1652331060,1,ALIGNED_COUNTER,STOP,1.0,0.0,666139311.3535608,-3.10321115940762
0.14756308757346853,1652332500,1652332620,1652333760,1,ALIGNED_COUNTER,STOP,2.0,0.42497800782793593,2.3137337198811525,-2.3481330388044057
-1.0031621220300302,1652400000,1652400300,1652402580,-1,ALIGNED_WITH,STOP,5.0,0.06275964043466556,8.157067932854662,1.1837948273461638
-1.003088051702394,1652403000,1652403120,1652408700,-1,ALIGNED_WITH,STOP,2.0,0.0,327238335.4350542,1.43552362916108
-0.3543600672202454,1652412300,1652412480,1652414280,-1,MIXED,TIME,3.0,0.0,444523527.08580095,2.7894536244444934
-1.0048308286113223,1652487300,1652487600,1652491920,-1,ALIGNED_WITH,STOP,5.0,0.29219019462921436,1.5733558124905818,2.6411734892254026
0.09545999232835088,1652492100,1652494500,1652497440,-1,ALIGNED_WITH,STOP,40.0,0.42439585730725154,1.2830802572803595,1.7864327993738456
0.09026821176358614,1652523900,1652525460,1652525880,-1,ALIGNED_WITH,STOP,26.0,0.7434949523674168,0.5769745641503169,1.3738614723963218
0.1436059790732493,1652577300,1652579160,1652580660,1,MIXED,STOP,31.0,0.24257954302797052,1.3274647832601505,-1.7749825437428417
0.21804020543253963,1652585100,1652586060,1652587860,1,MIXED,TIME,16.0,0.6768317735676856,0.5760151077419582,-1.555900380343178
0.7899060354914318,1652591400,1652591580,1652593260,1,MIXED,TP,3.0,0.0,445007800.3119917,-1.1307081568740533
-1.0082356068621496,1652660400,1652662800,1652663280,1,MIXED,STOP,40.0,0.18674425634824274,1.934844182273753,-2.088310365892871
-1.009666567177467,1652663400,1652663640,1652664600,1,MIXED,STOP,4.0,0.34301496792587266,0.981818178955863,-1.7429021156669597
-1.0100741693963586,1652665800,1652665860,1652666940,1,MIXED,STOP,1.0,0.0,416658867.57135147,-2.41192106762927
0.791324232760406,1652745600,1652746140,1652746740,1,MIXED,TP,9.0,0.4273348519362216,0.8561736750656518,-2.008407383629691
0.7909579269074645,1652757600,1652757780,1652758440,1,MIXED,TP,3.0,0.0,679803376.7899036,-1.3136416047466035
-0.8372211068452153,1652766600,1652767080,1652768880,1,MIXED,TIME,8.0,0.0694821612510678,5.377358413173003,-1.4764079718939858
-0.1539925436873993,1652839200,1652839500,1652841300,1,MIXED,TIME,5.0,0.25839387394462027,1.2499999951624723,-1.109884088621755
0.13995381984585836,1652844300,1652846160,1652846280,-1,MIXED,STOP,31.0,0.5415221579961425,1.0983810689555082,2.2826717997342265
0.09329686585073957,1652850600,1652850720,1652860860,-1,ALIGNED_WITH,STOP,2.0,0.0,366882649.38806427,2.2254786601959426
0.14177874648290303,1652925600,1652926980,1652927700,1,ALIGNED_COUNTER,STOP,23.0,0.4413000040778005,0.8564036203103494,-2.06062688517381
0.09478744739905308,1652929500,1652929920,1652939100,-1,ALIGNED_WITH,STOP,7.0,0.6586086489390203,0.8491027719571201,0.930984190973019
0.1394021170935579,1652952600,1652953740,1652954100,1,ALIGNED_COUNTER,STOP,19.0,0.5305802404600125,1.1310344806269272,-1.714023824886154
0.1382099063962528,1653006300,1653007080,1653007860,1,MIXED,STOP,13.0,0.39703588143526974,0.8447937110352891,-1.2713657489124919
0.7895162774759019,1653011100,1653011160,1653011400,-1,MIXED,TP,1.0,0.0034268370294218424,131.7999615388913,2.518620236747806
0.27708765849123035,1653011700,1653012240,1653013080,-1,MIXED,STOP,9.0,0.6716600577666811,0.6663265296202154,2.041841734360375
-1.012298526936016,1653095400,1653095700,1653096480,1,ALIGNED_COUNTER,STOP,5.0,0.149831649831643,2.7808988578444516,-1.1265136757781105
0.7891278310221228,1653096600,1653096660,1653096840,1,ALIGNED_COUNTER,TP,1.0,0.0,627402687.7978289,-1.6107097076774062
-0.06788201595357339,1653097800,1653100140,1653101940,1,ALIGNED_COUNTER,TIME,39.0,0.7360406091370522,0.6807881764149543,-2.569761655711783
-1.024081112669455,1653186000,1653186060,1653186780,1,MIXED,STOP,1.0,0.0,505610098.17668754,-1.5447382262353946
0.7774625616303209,1653187200,1653188160,1653188940,1,MIXED,TP,16.0,0.1119754574339767,4.438356124747338,-0.8919758416716714
-0.8109825646282024,1653193500,1653193620,1653195420,1,ALIGNED_COUNTER,TIME,2.0,0.0,476711080.74248016,-3.0241454556490184
-1.0113624786416024,1653264300,1653264480,1653265380,1,MIXED,STOP,3.0,0.17043998291327922,5.429824529545958,-3.206263150961486
-0.3314172682658246,1653265800,1653266100,1653267900,1,MIXED,TIME,5.0,0.1322753749484152,2.9029125994129013,-2.36980885181307
-0.0859097425513626,1653272100,1653272580,1653274380,1,MIXED,TIME,8.0,0.1765692797222963,2.0733944836702785,-2.095341047646049
-1.006183858214049,1653351000,1653351120,1653367260,-1,ALIGNED_WITH,STOP,2.0,0.0,400181776.8689027,1.4449551613436633
0.08773349450811659,1653367500,1653368100,1653368520,-1,ALIGNED_WITH,STOP,10.0,0.5829154727793701,0.6494623644771731,1.2409131282217656
-1.0186325555960396,1653382800,1653382860,1653383340,1,ALIGNED_COUNTER,STOP,1.0,0.0,750273423.2591954,-1.8287108395799172
-0.00402541816009558,1653438600,1653439320,1653441120,1,MIXED,TIME,12.0,0.3052568697729988,1.1534246537556687,-1.1948109804339624
0.7866811052262187,1653444000,1653444060,1653445380,1,MIXED,TP,1.0,0.0,458298768.4257506,-1.6346355794365568
0.7895462677666143,1653445800,1653446040,1653447240,1,MIXED,TP,4.0,0.05496471523706438,8.430379593455678,-1.8782522380757325
-0.3718379368620236,1653526500,1653526860,1653528660,1,MIXED,TIME,6.0,0.2167241262759213,1.5938864555277996,-1.5299312918236634
0.3034575364451131,1653529200,1653530940,1653532740,1,MIXED,TIME,29.0,0.33703356961348263,1.236111107443491,-1.7798415493256783
-1.0142983012222964,1653547500,1653547740,1653548280,-1,MIXED,STOP,4.0,0.0,397348249.4302723,1.5273447690778976
0.7887022402472069,1653610200,1653610440,1653611160,1,ALIGNED_COUNTER,TP,4.0,0.564696794128994,0.6757865925105591,-1.0255869515129867
0.09375350036276418,1653614400,1653614520,1653617760,-1,ALIGNED_WITH,STOP,2.0,0.0,373454360.20931774,1.6155836793576903
0.0944601053522263,1653618300,1653618360,1653620220,-1,ALIGNED_WITH,STOP,1.0,0.0,406370261.19707334,2.6383303762506887
0.787159141229929,1653696000,1653696360,1653696900,1,ALIGNED_COUNTER,TP,6.0,0.7453765917962563,0.6430288452911507,-0.9057605177396113
-0.336885349716452,1653710400,1653712020,1653713820,1,ALIGNED_COUNTER,TIME,27.0,0.6587901701323301,0.7934002857396979,-2.2655917480628096
0.7810920439724418,1653743400,1653743460,1653743700,1,ALIGNED_COUNTER,TP,1.0,0.0,592137134.3394507,-1.3751994920914916
-1.0146987274578203,1653792900,1653793320,1653796620,-1,ALIGNED_WITH,STOP,7.0,0.0,525305410.12212694,1.8509288124864838
0.08364010656332846,1653796800,1653797040,1653798420,-1,ALIGNED_WITH,STOP,4.0,0.0,337369823.2017672,2.125187710917267
-1.0290711651179518,1653804000,1653804060,1653804540,1,MIXED,STOP,1.0,0.10407433881345272,4.923076875772489,-1.0530635127436834
-0.691517280215152,1653869400,1653869700,1653871500,1,MIXED,TIME,5.0,0.21062363422425598,2.0055865826565547,-1.9748689914666129
-1.0152786693753226,1653876600,1653876660,1653877260,-1,MIXED,STOP,1.0,0.1736922295581362,4.637426873886256,1.0735411786880196
-0.13447549019606767,1653879600,1653879720,1653881520,1,MIXED,TIME,2.0,0.0,1743137254.901952,-1.1129067747585963
-1.0109027101674453,1653978300,1653978600,1653979800,1,ALIGNED_WITH,STOP,5.0,0.149145520455737,2.0138888753858404,-1.9883420865049655
0.0891173733935253,1653980100,1653980280,1653980760,1,ALIGNED_WITH,STOP,3.0,0.05801820469176293,10.624999816870588,-1.8585747304997202
-1.0173087383943087,1653995700,1653995820,1653996480,-1,ALIGNED_COUNTER,STOP,2.0,0.0,451119606.77224606,1.162906231957071
0.0898026847808535,1654056900,1654056960,1654058580,1,ALIGNED_WITH,STOP,1.0,0.0,736535662.2998328,-3.4469544485662147
0.48369151997858617,1654064700,1654065120,1654066920,-1,ALIGNED_COUNTER,TIME,7.0,0.21738839435111984,1.7370689575265315,1.391406616444377
-1.0137171538033896,1654087500,1654087860,1654089480,-1,ALIGNED_COUNTER,STOP,6.0,0.4463943644565455,1.062015501496813,1.7254678945516584
0.1408388340530455,1654128000,1654128120,1654129560,-1,MIXED,STOP,2.0,0.0,597779148.6736667,1.825798594915849
0.25341659192822297,1654152600,1654152780,1654153560,1,ALIGNED_COUNTER,STOP,3.0,0.0,1224855861.6271424,-1.4756092305637967
0.08888865591825881,1654155000,1654155120,1654157340,-1,ALIGNED_WITH,STOP,2.0,0.1289810181875779,6.982758566552654,1.4436335391672117
0.13840787796240964,1654214400,1654214880,1654215420,-1,MIXED,STOP,8.0,0.1472078452737887,2.725388582521902,1.125025328683123
-1.0167587812203778,1654248000,1654248060,1654248240,1,MIXED,STOP,1.0,0.0,1139740752.4502015,-1.7547940781822675
0.7832865317736385,1654248300,1654248360,1654249860,1,MIXED,TP,1.0,0.0,386184002.52925915,-1.8127512863639148
-0.39360154211151255,1654305300,1654305360,1654307160,1,ALIGNED_COUNTER,TIME,1.0,0.0,581257413.9976236,-1.074696410874464
0.7795553467207239,1654309200,1654311120,1654311660,1,ALIGNED_COUNTER,TP,32.0,0.3780789395587956,1.575091570925578,-1.6951194451715985
0.12872255223266663,1654315800,1654315980,1654316160,1,ALIGNED_COUNTER,STOP,3.0,0.22224498156492958,2.5806451496786083,-1.121189636937942
-1.0208503140265321,1654387200,1654388400,1654389720,1,ALIGNED_COUNTER,STOP,20.0,0.7369155617585849,0.5852272719330412,-1.2528167499743046
-0.39429194242076326,1654391400,1654392660,1654394460,1,ALIGNED_COUNTER,TIME,21.0,0.5984376371456193,0.5462012311201042,-0.9266285063756935
-1.014322820114054,1654422600,1654423440,1654430220,-1,ALIGNED_WITH,STOP,14.0,0.2293416277864073,1.759493663214408,0.945500772778482
-1.0157987875592878,1654475100,1654475340,1654475640,-1,MIXED,STOP,4.0,0.011597258829715799,42.63635996000433,1.1374424389715199
-1.015847172774869,1654476900,1654476960,1654477260,-1,MIXED,STOP,1.0,0.11623036649213137,4.288288251394315,2.5633609814408342
0.7877669615845754,1654479900,1654480020,1654480200,1,MIXED,TP,2.0,0.1590273417432326,2.3015075232164395,-1.4117835128380045
0.13869217585693708,1654562400,1654562580,1654562760,-1,ALIGNED_COUNTER,STOP,3.0,0.5827123695976189,1.1214833740344867,4.095220468716971
0.7914443213183959,1654563600,1654563660,1654564800,-1,MIXED,TP,1.0,0.0,1572414352.9793801,5.015281427228181
0.7928143186828273,1654565400,1654565460,1654566600,-1,MIXED,TP,1.0,0.0,777349131.9922857,3.80299411040059
-1.003389593548837,1654646400,1654647240,1654650360,1,ALIGNED_WITH,STOP,14.0,0.24889033487485712,1.9228758092676972,-1.2593185279313759
0.096563993580166,1654650600,1654650900,1654652460,1,ALIGNED_WITH,STOP,5.0,0.10061431180474582,6.745874520412087,-1.117600261553482
-1.0060495060373196,1654660800,1654660920,1654661520,-1,MIXED,STOP,2.0,0.0,507135016.4654281,1.5827778303191036
0.7861247852036409,1654736700,1654738740,1654739400,-1,MIXED,TP,34.0,0.4086049714697962,1.0382022446500998,1.8861527201849757
0.1264064535955664,1654752300,1654752780,1654754580,-1,MIXED,TIME,8.0,0.3921327596804133,0.8746081482397232,2.216041358735755
-1.0168693063813092,1654763100,1654763520,1654764540,-1,MIXED,STOP,7.0,0.05548949663099453,6.539999882139277,1.3158837457081256
4.34644382089548,1654819200,1654819260,1654820220,-1,ALIGNED_WITH,STOP,1.0,0.0,398805970.14922273,1.8738811520114138
-1.0080434654748727,1654821000,1654821060,1654823820,-1,ALIGNED_WITH,STOP,1.0,0.0,866213941.6100875,1.4356677363976924
-1.007496838107517,1654824000,1654825080,1654830060,-1,ALIGNED_WITH,STOP,18.0,0.38598376954908653,1.0643274826226625,2.446023251591609
-1.0092049676561325,1654907100,1654907340,1654921380,-1,ALIGNED_WITH,STOP,4.0,0.0,337953884.6439987,1.2969766439281032
-1.0160594167156183,1654921500,1654921680,1654924020,-1,ALIGNED_WITH,STOP,3.0,0.05261303581915443,6.031249885364265,1.4830563710547524
1.3326694522272127,1654924200,1654924260,1654926720,-1,ALIGNED_WITH,STOP,1.0,0.0,509928127.6647799,1.9029238249657006
0.09189465545805171,1654998000,1654998060,1654999320,-1,ALIGNED_WITH,STOP,1.0,0.0,371111247.46883494,1.0690218009106296
-1.0066858212317547,1655001900,1655001960,1655002680,1,ALIGNED_COUNTER,STOP,1.0,0.0,609434027.657429,-3.0312386707625403
-1.0058796869735684,1655010600,1655010720,1655011980,1,ALIGNED_COUNTER,STOP,2.0,0.0,370057275.8736831,-1.7145569595695513
-1.0041214682530732,1655082900,1655083080,1655084880,1,ALIGNED_COUNTER,STOP,3.0,0.38100807449225205,0.9958677659812705,-1.3898324418606434
-1.003982630038083,1655085300,1655086140,1655086620,1,ALIGNED_COUNTER,STOP,14.0,0.46749873428867306,0.7745550411909153,-3.015633834648241
-1.0036126400717145,1655089500,1655089800,1655090280,1,ALIGNED_COUNTER,STOP,5.0,0.4364125341265643,1.7882352900200573,-2.223476145017345
0.7961880171391189,1655165100,1655165160,1655165340,1,ALIGNED_COUNTER,TP,1.0,0.0,609697644.5810779,-1.124946615217865
-1.0030759273859318,1655169000,1655169060,1655169840,1,ALIGNED_COUNTER,STOP,1.0,0.0,672731315.8267156,-2.289857939706083
-1.0027988710736093,1655170200,1655170260,1655171700,1,ALIGNED_COUNTER,STOP,1.0,0.0,458134083.4505391,-2.863279250508941
0.09696557928268132,1655251200,1655251260,1655252220,-1,ALIGNED_WITH,STOP,1.0,0.07267579046719538,7.53977262352808,2.802092246141386
1.9753545726652673,1655262600,1655263500,1655266440,-1,ALIGNED_WITH,STOP,15.0,0.28741195713856554,2.0617886107125316,1.2011071563785982
-1.0030196832649056,1655266800,1655267160,1655268420,-1,ALIGNED_WITH,STOP,6.0,0.054888401815210146,10.551180910131903,1.8363398277128258
0.14557854666442735,1655339100,1655339400,1655339940,1,MIXED,STOP,5.0,0.0,573449644.9141644,-1.6249645863093392
-0.3900537382021129,1655349600,1655350320,1655352120,1,MIXED,TIME,12.0,0.2301247834847463,1.7462365515515847,-1.9459295483430412
-1.00620033594624,1655355000,1655356800,1655358480,1,MIXED,STOP,30.0,0.4697648376259877,0.729439807743958,-1.5424928527323978
-1.0033056288539877,1655424000,1655424120,1655425020,-1,ALIGNED_WITH,STOP,2.0,0.0,463246073.2984441,2.4220514300333233
0.09641428017656686,1655425200,1655425680,1655427960,-1,ALIGNED_WITH,STOP,8.0,0.4406347300896471,0.7234803320887543,3.634419929373446
-1.0034541681574298,1655430300,1655430540,1655431260,-1,ALIGNED_WITH,STOP,4.0,0.3381037567084092,1.5496296250463117,1.6675933259682454
0.0942252512384914,1655515200,1655515980,1655517960,-1,ALIGNED_WITH,STOP,13.0,0.3932059447982953,1.6414686783308479,1.469920896473458
0.7945497471580518,1655537100,1655537400,1655538540,1,ALIGNED_COUNTER,TP,5.0,0.3335895465026983,1.8811544935119153,-3.579326322324132
0.7960291779097013,1655540400,1655540700,1655540820,1,ALIGNED_COUNTER,TP,5.0,0.21700545661690024,2.257253374511114,-2.660800063972597
0.7956641230335769,1655605200,1655606520,1655607960,1,ALIGNED_COUNTER,TP,22.0,0.7062690772481856,0.813829786081726,-2.007319553190398
-1.0026848954348333,1655618100,1655618520,1655619480,-1,ALIGNED_WITH,STOP,7.0,0.0,481573578.16884047,1.009334940761086
0.7950969714070636,1655628600,1655628900,1655630160,1,ALIGNED_COUNTER,TP,5.0,0.14379232505642978,2.8095237899851506,-1.5252582791333797
-1.004861275979732,1655686800,1655686860,1655687460,1,MIXED,STOP,1.0,0.0,486402647.08923125,-2.9876336469971876
0.7953692146492425,1655688000,1655690400,1655690760,1,MIXED,TP,40.0,0.7441705751255646,0.626408009170779,-2.0077264187154977
0.14470832688836693,1655713800,1655714160,1655714640,1,MIXED,STOP,6.0,0.3578241814900814,2.040345815623494,-1.4581398271873554
0.7935982932301048,1655788800,1655788860,1655789820,1,MIXED,TP,1.0,0.0,966876347.1605142,-2.1244317024884602
-0.5865709186827589,1655791500,1655791620,1655793420,1,MIXED,TIME,2.0,0.5100770720850756,2.7850678678429963,-2.258997264873853
0.17845342953086055,1655801700,1655803260,1655805060,-1,MIXED,TIME,26.0,0.6870366060444788,0.6090785898993938,2.0791651356063814
0.7933321349455486,1655856000,1655856180,1655856540,-1,MIXED,TP,3.0,0.0,494277275.24459964,1.2459221265089562
-0.7365668002090155,1655862900,1655863320,1655865120,-1,MIXED,TIME,7.0,0.29872844452185915,2.0448979523383475,0.8253480841995009
1.9637716230661124,1655875500,1655876160,1655878980,-1,ALIGNED_WITH,STOP,11.0,0.48202531645570196,0.7647058807664767,3.5228582826021735
-1.0046021908928897,1655944200,1655944500,1655945760,-1,ALIGNED_WITH,STOP,5.0,0.4886728245016948,0.7228412241475759,3.6023819153045453
0.09569914630114282,1655948100,1655948580,1655949840,-1,ALIGNED_WITH,STOP,8.0,0.0,373072414.1040797,0.9647888040068363
-1.0089924179437726,1655975700,1655976120,1655976240,1,MIXED,STOP,7.0,0.23540361109386382,4.073800720702052,-1.3736149964074467
0.19710373162819222,1656030600,1656033000,1656034080,1,MIXED,STOP,40.0,0.40551631990838466,0.9242174606533067,-1.5603588861087083
-1.0090067456479779,1656038400,1656038460,1656039420,1,MIXED,STOP,1.0,0.022001934235964454,16.346153103221358,-1.1672576538274764
0.10235575424703033,1656045600,1656046320,1656048120,1,MIXED,TIME,12.0,0.1359049687060993,3.526315763526497,-1.606191548405987
-1.0080421743357098,1656115500,1656116160,1656117300,1,MIXED,STOP,11.0,0.6192482177576265,0.9755799740045052,-1.660468373273185
0.09140203353041305,1656141600,1656142200,1656142620,1,ALIGNED_WITH,STOP,10.0,0.19432782109503144,2.3580246792237016,-3.361828679699886
0.09263862542954877,1656146100,1656147300,1656149340,1,ALIGNED_WITH,STOP,20.0,0.10000000000000804,5.288659740927364,-1.5897215684531998
0.08946081591626728,1656244500,1656244560,1656245340,1,ALIGNED_WITH,STOP,1.0,0.0,1497972340.6467857,-1.0554093367765665
-1.0107557644377878,1656246300,1656246540,1656246660,-1,ALIGNED_COUNTER,STOP,4.0,0.09171829381187063,8.27173904024761,3.5240712750134158
0.7915165788728536,1656248400,1656248700,1656248760,-1,ALIGNED_COUNTER,TP,5.0,0.10070801472671208,6.102362144129457,3.342335488035572
0.14119041841003577,1656289500,1656289560,1656291000,-1,MIXED,STOP,1.0,0.0,343096234.3096234,1.0783675015475458
0.09133884803922807,1656303900,1656303960,1656308220,-1,ALIGNED_WITH,STOP,1.0,0.0,558823529.4117873,1.6007228548730574
-0.22357718857861328,1656315300,1656316800,1656318600,1,MIXED,TIME,25.0,0.6618554544503348,0.6084070787268122,-2.9928527839299552
0.25793498829418154,1656374400,1656374820,1656375720,1,ALIGNED_COUNTER,STOP,7.0,0.14692823121013956,3.8461538199767547,-1.0745531000297766
-1.0064792238672033,1656386100,1656386400,1656393600,-1,ALIGNED_WITH,STOP,5.0,0.09327052489907113,3.37373733756513,2.758930131920655
-1.0090833942803414,1656394200,1656394680,1656397500,-1,ALIGNED_WITH,STOP,8.0,0.11420534458510136,3.7816091622893655,1.0558118048533631
0.0921579078455678,1656460800,1656461400,1656461580,-1,ALIGNED_WITH,STOP,10.0,0.39286010792863135,0.8461538439999002,1.2977312805295227
0.09264433235035041,1656462600,1656462780,1656463320,-1,ALIGNED_WITH,STOP,3.0,0.0,438925966.1648426,1.1691896106013226
0.7892803576864381,1656483000,1656483780,1656484320,1,ALIGNED_COUNTER,TP,13.0,0.6627092846270988,1.16398713650721,-1.4855849258508458
0.08832335459131252,1656564900,1656565020,1656566400,-1,ALIGNED_WITH,STOP,2.0,0.0,472677253.9702384,1.2117368922609877
2.1836844288862634,1656570300,1656570420,1656570600,-1,ALIGNED_WITH,STOP,2.0,0.16699079476210177,2.130434769850571,1.305399379637541
-0.24778256829584272,1656573300,1656573720,1656575520,1,ALIGNED_COUNTER,TIME,7.0,0.6408969832125494,0.7875507430201045,-3.17543732414249
0.7949306649616453,1656633600,1656633660,1656633900,-1,MIXED,TP,1.0,0.0,870076726.3427047,3.950997363907005
0.7960307436827154,1656635700,1656635820,1656636960,-1,MIXED,TP,2.0,0.0,504110044.00652635,4.242898678480782
-1.0049518201746466,1656648300,1656649980,1656650820,1,MIXED,STOP,28.0,0.4804686096237454,1.4513088975029336,-1.841289010933855
0.09395830640818353,1656720000,1656720120,1656723960,-1,ALIGNED_WITH,STOP,2.0,0.16774367259019216,2.5842696475153906,1.4603339866182528
0.08948630692330291,1656751200,1656752220,1656754260,-1,ALIGNED_WITH,STOP,17.0,0.6066831975439949,1.0899182543342492,1.4569278618924892
-1.0082587571666235,1656756000,1656757320,1656758400,-1,ALIGNED_WITH,STOP,22.0,0.34048455705565983,0.9733840275595408,1.1099071820106752
0.0874803316100685,1656807900,1656807960,1656808320,-1,ALIGNED_WITH,STOP,1.0,0.25625261981274333,1.6946564819366359,1.0927795025500717
0.09172105149752949,1656824700,1656825000,1656825120,-1,ALIGNED_WITH,STOP,5.0,0.6929541047188379,1.1772388042712043,2.269071027998935
0.09369643059491253,1656827400,1656827760,1656828240,-1,ALIGNED_WITH,STOP,6.0,0.43328611898017716,0.8695652153843823,3.821400071107224
0.7876694633339352,1656899700,1656901500,1656902580,-1,MIXED,TP,30.0,0.45929057158607084,0.7787114828985167,1.4169833882936926
-0.5902448123819157,1656903000,1656903600,1656905400,-1,MIXED,TIME,10.0,0.2947898857194472,1.7863247802649895,1.7091582119845572
0.08677187469118376,1656914100,1656914520,1656918600,-1,ALIGNED_WITH,STOP,7.0,0.0,379780610.7322674,1.6975034038432915
0.09461704252087581,1656979800,1656979860,1656980220,1,ALIGNED_WITH,STOP,1.0,0.0,433712984.0546523,-1.8568581378847926
-1.0065441996653703,1657008600,1657008780,1657009560,1,ALIGNED_WITH,STOP,3.0,0.15616285554935846,3.0249999806292878,-2.633991726011431
0.15082840433914432,1657013100,1657013580,1657013700,-1,ALIGNED_COUNTER,STOP,8.0,0.09417611053877382,12.054053926056804,1.5366970125648112
0.09528008400420762,1657065600,1657065780,1657069140,1,ALIGNED_WITH,STOP,3.0,0.0007000350017399001,787.9988743550675,-1.1042245403702855
0.09511063508771163,1657072200,1657072260,1657074060,1,ALIGNED_WITH,STOP,1.0,0.0,551894736.842089,-1.168913063891449
-0.1827430602047351,1657080900,1657081200,1657083000,-1,ALIGNED_COUNTER,TIME,5.0,0.48561587347790247,1.7048951013842848,4.053671223061145
-1.0063976425584862,1657152300,1657152960,1657161540,1,ALIGNED_WITH,STOP,11.0,0.38951160928743783,1.2973621069809524,-2.5260480810413517
0.09210200789902286,1657161600,1657163640,1657165680,1,ALIGNED_WITH,STOP,34.0,0.229679343773337,2.0909090818050724,-1.3993378696687104
0.08889830892404509,1657173300,1657173780,1657176180,1,ALIGNED_WITH,STOP,8.0,0.20831868775630952,2.3700787287800527,-1.7492669413217143
0.09301451378808968,1657238400,1657240740,1657241760,1,ALIGNED_WITH,STOP,39.0,0.4160619254958853,1.3046511596549497,-1.0120381478490066
0.7928410044735468,1657244100,1657244160,1657244820,-1,ALIGNED_COUNTER,TP,1.0,0.08070838906055398,6.9439999139617985,3.8233964679169317
-0.43372482353389197,1657248600,1657248900,1657250700,-1,ALIGNED_COUNTER,TIME,5.0,0.0,362165668.28188324,1.682512860308576
-1.005512154766445,1657324800,1657324920,1657325100,1,ALIGNED_WITH,STOP,2.0,0.059564719358555916,9.756410092611313,-2.2764505866588673
0.09450904925544974,1657325400,1657326000,1657327800,1,ALIGNED_WITH,STOP,10.0,0.43604429171438297,1.2854640951256007,-2.9541291658561297
0.09476871856454074,1657330500,1657330560,1657337100,1,ALIGNED_WITH,STOP,1.0,0.0,518247794.0792653,-1.0226698160443888
-0.04210938295552204,1657421400,1657424040,1657425840,-1,MIXED,TIME,44.0,0.3886531700812151,1.5327510877593464,0.8240181859577097
-1.0181657842895748,1657460400,1657460460,1657461780,1,MIXED,STOP,1.0,0.0,472297463.6789194,-2.091805219703199
-1.0138298150060903,1657462200,1657462680,1657463160,1,MIXED,STOP,8.0,0.6718001690299836,0.5068493143139644,-2.2614529354554564
0.7901415995124156,1657497600,1657497660,1657498680,-1,MIXED,TP,1.0,0.0,701564298.7742884,1.401133115491297
0.7898457742003732,1657504200,1657504680,1657505100,-1,MIXED,TP,8.0,0.2678810986372787,1.2656826521018167,1.3794189840193862
-1.0072677414425457,1657520700,1657521660,1657527420,-1,ALIGNED_WITH,STOP,16.0,0.2535146699266583,1.6075949303675194,1.02071703464574
0.0940671011714685,1657584000,1657585260,1657586700,-1,ALIGNED_WITH,STOP,21.0,0.36230031948881875,1.4765432058010575,2.4595097690518832
1.3355201621598585,1657603500,1657603800,1657605720,-1,ALIGNED_WITH,STOP,5.0,0.1847587009962642,1.8529411664416195,1.654468869227076
-1.012082219321141,1657605900,1657606080,1657606860,-1,ALIGNED_WITH,STOP,3.0,0.3929503916449105,3.9767441759262914,1.1933853742025573
-1.0061107624029082,1657670400,1657670460,1657672740,-1,ALIGNED_WITH,STOP,1.0,0.018069424631458098,29.421051003390613,1.1662705645660434
-1.0062156450911768,1657672800,1657672860,1657681800,-1,ALIGNED_WITH,STOP,1.0,0.0,457409568.26136243,1.0236357618098253
0.09159599224305878,1657682100,1657682220,1657684980,-1,ALIGNED_WITH,STOP,2.0,0.0,435681965.0937401,1.3462182741603563
0.7928403861665644,1657757100,1657757160,1657758240,-1,MIXED,TP,1.0,0.0,520871143.3756777,1.9458963922745773
-1.0114620597305661,1657772400,1657773240,1657774380,1,MIXED,STOP,14.0,0.30335984418110795,1.3071161005603134,-1.648858519692486
0.2234515826873354,1657774500,1657775100,1657775820,1,MIXED,STOP,10.0,0.29166666666665897,1.4263565842569332,-1.9131118732574555
2.9137565409772836,1657846800,1657846860,1657850460,1,ALIGNED_WITH,STOP,1.0,0.0,360908041.55448246,-1.2065400567472073
0.1364377621722946,1657850700,1657850760,1657850940,-1,ALIGNED_COUNTER,STOP,1.0,0.0,537453183.5205956,1.8706095996899077
0.25849186864735035,1657851600,1657851660,1657852260,-1,ALIGNED_COUNTER,STOP,1.0,0.0,909738510.9894749,2.1180904806996206
0.13892006851924157,1657929600,1657930800,1657931040,-1,ALIGNED_COUNTER,STOP,20.0,0.33148077655122327,1.8681671969363456,1.3571363981944446
-0.5645215277193294,1657936200,1657937760,1657939560,-1,ALIGNED_COUNTER,TIME,26.0,0.6595440397072407,1.4410714263864906,2.364191642181778
0.7844366165413612,1657941900,1657942500,1657944240,-1,ALIGNED_COUNTER,TP,10.0,0.06616541353385622,8.431818054379631,2.6921129782385322
0.1402914354723057,1658016600,1658017200,1658017560,-1,ALIGNED_COUNTER,STOP,10.0,0.5410274822116388,0.624999998844783,1.385041325471952
0.13944797430830264,1658028600,1658029020,1658030820,-1,ALIGNED_COUNTER,STOP,7.0,0.507905138339897,0.8424124497032874,2.8996966941096356
-1.011029939723624,1658040000,1658040420,1658040720,-1,ALIGNED_COUNTER,STOP,7.0,0.3396059982358135,1.0060606030981933,1.0436183498396612
0.1382504272126364,1658103000,1658104800,1658105520,-1,MIXED,STOP,30.0,0.6658068676446888,0.6677966091665277,1.533884900331416
-0.2747311135982098,1658108100,1658108280,1658110080,-1,MIXED,TIME,3.0,0.0,434247341.91381466,1.9681864597882361
0.1915294703723205,1658112900,1658113800,1658114160,-1,MIXED,STOP,15.0,0.7278447823807191,0.6815561950289899,2.2730484611225976
-1.0054410890052268,1658188800,1658188860,1658189280,-1,ALIGNED_COUNTER,STOP,1.0,0.0,853193717.2774986,1.5955248219548313
-1.005891010933165,1658205600,1658206140,1658207760,-1,ALIGNED_COUNTER,STOP,9.0,0.08246073298428921,4.993463991732256,1.2462999230323197
0.7930281076192722,1658209500,1658210100,1658211060,-1,ALIGNED_COUNTER,TP,10.0,0.05507574044766438,6.701149303615188,2.0739410915279635
0.1437408239269075,1658275200,1658275860,1658275980,-1,ALIGNED_COUNTER,STOP,11.0,0.2203793288796739,2.731707304677692,1.2676758472747058
-1.009234555469021,1658300400,1658300460,1658301000,-1,ALIGNED_COUNTER,STOP,1.0,0.0,591187270.5018457,1.050711292712259
0.14217450999138628,1658304900,1658306280,1658307180,-1,ALIGNED_COUNTER,STOP,23.0,0.39822162730662536,1.2873949547503694,3.1964269336965976
0.7928003644930461,1658368800,1658370240,1658370600,-1,ALIGNED_COUNTER,TP,24.0,0.6297728586033726,0.9268774688839526,1.5062850860824466
-0.43431556662516796,1658379300,1658381520,1658383320,-1,MIXED,TIME,37.0,0.31923390733026075,1.131826738450859,2.6998891715729596
0.2524207469124818,1658389200,1658389380,1658390640,-1,MIXED,STOP,3.0,0.0,426047391.1245053,1.3828362187575578
0.0940576308418835,1658448000,1658449200,1658451180,1,ALIGNED_WITH,STOP,20.0,0.46361689274533696,0.7147595341133396,-2.1086095473011657
-0.13322821799189738,1658461200,1658462100,1658463900,1,MIXED,TIME,15.0,0.2761322245893469,1.2996515632378562,-2.2404140734824214
0.13830031127840153,1658468100,1658468220,1658469000,-1,MIXED,STOP,2.0,0.0,479368756.3341446,2.440753057150496
-0.4670597061098221,1658536800,1658536980,1658538780,-1,MIXED,TIME,3.0,0.1721577726217861,2.9245282848997047,1.7404117190294177
0.1359594283201305,1658540700,1658540760,1658541780,-1,MIXED,STOP,1.0,0.0,496218117.8539928,2.0938504298584335
0.26275591127194714,1658560200,1658560260,1658561460,1,MIXED,STOP,1.0,0.0,442696452.450256,-1.3804216019837519
-1.0115661016948991,1658626500,1658626620,1658626980,1,MIXED,STOP,2.0,0.18798151001540064,2.0710382403490377,-1.1606233180553833
-0.5780182187653202,1658627400,1658627460,1658629260,1,MIXED,TIME,1.0,0.0,378670030.1310201,-2.5464537220125214
-1.0122111349857863,1658643300,1658644140,1658644560,1,MIXED,STOP,14.0,0.4050341493362043,1.6127320915089467,-1.2357883412131676
0.7916833877766131,1658707800,1658708460,1658708820,-1,MIXED,TP,11.0,0.4042149631190681,1.1313868585149103,2.119319335225467
0.1425409310097996,1658709000,1658710020,1658711400,-1,MIXED,STOP,17.0,0.3261876342802535,1.3565573728903901,0.9077585850157528
0.14305995319321121,1658713800,1658715720,1658716380,-1,MIXED,STOP,32.0,0.5872451505468335,1.419527894578423,3.0091394940253204
0.09576768069040542,1658798700,1658799540,1658805240,-1,ALIGNED_WITH,STOP,14.0,0.02839266450917376,13.361701657053345,1.2518863407122196
0.09390487945363203,1658806500,1658806560,1658809440,-1,ALIGNED_WITH,STOP,1.0,0.0,501974821.0318635,1.2298394627572429
-0.009058962170757148,1658823900,1658824260,1658826060,1,ALIGNED_COUNTER,TIME,6.0,0.0,461675579.3226788,-1.5427150946679546
0.0938890384734076,1658880000,1658880240,1658882760,-1,ALIGNED_WITH,STOP,4.0,0.16426851108503757,2.789473667229343,1.3828513916700387
0.006665386672371418,1658893200,1658895240,1658897040,1,ALIGNED_COUNTER,TIME,34.0,0.3294469996791121,1.8454545398528057,-1.518730258027087
0.1325539978865783,1658899200,1658899860,1658900880,1,ALIGNED_COUNTER,STOP,11.0,0.33861688387934014,2.3737864007563902,-0.8543851783476746
2.017858055118568,1658969100,1658969340,1658976420,1,ALIGNED_WITH,STOP,4.0,0.0,715376099.7494688,-1.1524859541384644
0.2106195389212956,1658976900,1658976960,1658977500,-1,ALIGNED_COUNTER,STOP,1.0,0.0,1349793653.0525138,1.402989060532743
0.12903194995919506,1658979300,1658979660,1658981460,-1,ALIGNED_COUNTER,TIME,6.0,0.045689420723415926,8.016666491206408,0.9499882971827089
0.09427799124387577,1659054300,1659054780,1659056160,1,ALIGNED_WITH,STOP,8.0,0.28266804017512814,1.5841836678649248,-2.3784884651125173
0.14255273796705106,1659069300,1659069360,1659069780,-1,ALIGNED_COUNTER,STOP,1.0,0.016237262861420212,25.92856983168801,1.9360664016944784
0.7867461550595461,1659073200,1659073380,1659073920,-1,ALIGNED_COUNTER,TP,3.0,0.0,724347346.0051886,1.3983601301488149
0.14142896236586627,1659140400,1659140700,1659141300,-1,ALIGNED_COUNTER,STOP,5.0,0.0,337834368.7426181,1.3997705732788426
1.4795226680068054,1659183900,1659184020,1659184500,1,ALIGNED_WITH,STOP,2.0,0.002345255046452182,252.99989212634569,-3.0388662720425845
0.09185696499545187,1659184800,1659185160,1659185280,1,ALIGNED_WITH,STOP,6.0,0.6315184599913746,1.57165604846675,-3.030380627194839
0.1404408732916317,1659225600,1659225780,1659225900,-1,MIXED,STOP,3.0,0.0,396455872.13343793,1.3682868446164302
-0.42518261603376234,1659227700,1659228780,1659230580,-1,MIXED,TIME,18.0,0.1468354430379873,3.3390804370294624,1.8722231431235339
0.12428797308661983,1659233400,1659234120,1659235920,-1,MIXED,TIME,12.0,0.21087239085557813,2.5329949118458686,1.7867636075109703
-0.6473090983895582,1659315300,1659315720,1659317520,-1,MIXED,TIME,7.0,0.0189255906900139,17.78260775605195,2.101724502275119
-1.0180615093920156,1659335700,1659336660,1659338160,1,MIXED,STOP,16.0,0.5415138379459703,0.7701149411065789,-2.7828176626636734
0.13186737548967298,1659338400,1659338460,1659339180,1,MIXED,STOP,1.0,0.0,329043088.97593594,-1.7979545147933296
0.7893844876969229,1659398400,1659398760,1659399240,1,MIXED,TP,6.0,0.44929045697174164,0.9797160221602592,-2.8025811740906468
-1.0096838684696623,1659401400,1659402720,1659403920,1,MIXED,STOP,22.0,0.2235062846250321,1.5932835749606855,-1.633417528329116
-0.29171905323974595,1659409500,1659409560,1659411360,-1,MIXED,TIME,1.0,0.0,671429458.9053906,1.0556064337029527
-1.0184143640100398,1659511200,1659511380,1659512880,1,ALIGNED_COUNTER,STOP,3.0,0.11509477049555913,3.9999999652455265,-1.1233078560133631
0.7819588663605055,1659513300,1659513660,1659513780,1,ALIGNED_COUNTER,TP,6.0,0.18505656995630226,4.016949130836143,-2.6562072256959053
0.25654585289513876,1659513900,1659514320,1659514440,1,ALIGNED_COUNTER,STOP,7.0,0.6103286384976561,0.7538461526110433,-1.9168974344873642
-1.010501282302921,1659573000,1659573240,1659574920,-1,MIXED,STOP,4.0,0.18776578344782466,2.3658536459365602,2.84277217896488
-1.010643037056562,1659575100,1659575400,1659576720,-1,MIXED,STOP,5.0,0.16431491494130915,2.1741572901392674,2.0451358470770975
0.3481048174655671,1659577200,1659577680,1659579480,-1,MIXED,TIME,8.0,0.18103085343116568,1.851162780471965,1.4983492958860487
0.7834624544223583,1659663000,1659663180,1659663780,1,ALIGNED_COUNTER,TP,3.0,0.0,399624960.93345267,-1.0436180599428866
0.7849438227562885,1659665400,1659666000,1659666600,1,ALIGNED_COUNTER,TP,10.0,0.5138941043935235,0.8951406632197924,-5.164099197729348
0.7857601748807502,1659666900,1659667080,1659667620,1,ALIGNED_COUNTER,TP,3.0,0.0,437731849.49657595,-3.8390561743240808
0.0917548824615906,1659744600,1659745080,1659747180,1,ALIGNED_WITH,STOP,8.0,0.3411523570940417,1.3925233604042446,-2.286906509438823
0.09040971275056664,1659756000,1659757020,1659774240,1,ALIGNED_WITH,STOP,17.0,0.4798512089274709,0.795865631416334,-1.1365744188730822
1.4543039007829235,1659805800,1659805860,1659806280,1,ALIGNED_WITH,STOP,1.0,0.0,1111619205.9862974,-1.759963020277557
-1.0209605878510966,1659830400,1659830580,1659831000,-1,MIXED,STOP,3.0,0.21580666231220091,2.6271186318944766,4.071637358322892
0.7797705719673272,1659832500,1659833340,1659833580,-1,MIXED,TP,14.0,0.4082966687617338,1.0517241353553468,3.041396944371189
-1.0196222481286181,1659833700,1659833820,1659834180,-1,MIXED,STOP,2.0,0.017180022088599874,45.59999734575299,2.589568206366982
0.7847472063640509,1659918000,1659918060,1659918600,-1,ALIGNED_COUNTER,TP,1.0,0.0,437622835.75102425,1.6716950830173132
0.08504220275571497,1659936300,1659936660,1659937680,1,ALIGNED_WITH,STOP,6.0,0.15138242540373395,8.151898680329948,-1.612494083129223
0.08508538899429192,1659938700,1659939060,1659939360,1,ALIGNED_WITH,STOP,6.0,0.5939278937381904,3.0383386530309666,-1.5769302640892215
-0.7502430127901465,1660003200,1660003800,1660005600,-1,ALIGNED_COUNTER,TIME,10.0,0.1913784936048989,2.0495049397862464,1.618183918287144
-1.0203118369829773,1660021200,1660021680,1660023360,-1,ALIGNED_COUNTER,STOP,8.0,0.22311435523118073,2.1755725093326768,1.9513800706213238
-1.0236603781632072,1660027200,1660027680,1660028160,-1,ALIGNED_COUNTER,STOP,8.0,0.19107193630939762,2.3020833212844036,1.3181613430325279
0.7875237130339564,1660092300,1660093200,1660093980,1,ALIGNED_COUNTER,TP,15.0,0.6276013143482886,0.5898778350112366,-1.1983799505762638
0.12990611452196615,1660112700,1660113900,1660114500,1,ALIGNED_COUNTER,STOP,20.0,0.742012279162994,0.6028368786201994,-1.4553092927558762
-1.021511711229956,1660117200,1660117500,1660118220,1,ALIGNED_COUNTER,STOP,5.0,0.024331550802193274,15.384614752290181,-1.4388061334221949
1.4055815871683897,1660180800,1660180980,1660182720,1,ALIGNED_WITH,STOP,3.0,0.12435305637152767,3.2362204464161906,-1.1963205755080144
1.5434114936734322,1660188300,1660190700,1660203180,1,ALIGNED_WITH,STOP,40.0,0.19761052578514926,1.7142857056106418,-1.4472755778890336
0.0920952479481343,1660216200,1660217580,1660218960,1,ALIGNED_WITH,STOP,23.0,0.12938823367130128,4.4104477271065115,-1.1570728877205407
0.7887086853666719,1660262400,1660262820,1660263240,-1,MIXED,TP,7.0,0.38607637715443716,1.2941176437068556,1.8277927900883775
0.1404729960204689,1660265700,1660266000,1660267020,-1,MIXED,STOP,5.0,0.0,434565093.80331284,1.9203990756826192
0.7818264222366335,1660298100,1660298220,1660298280,-1,MIXED,TP,2.0,0.009085009733916944,191.33331227346517,2.2730824148304722
0.09130710507577071,1660348800,1660351380,1660352580,1,ALIGNED_WITH,STOP,43.0,0.7284101312175832,0.5571847499681992,-1.9222821010617503
1.4588805286911684,1660355400,1660355580,1660364700,1,ALIGNED_WITH,STOP,3.0,0.12379110251449986,3.445312472168702,-2.077943793176533
0.09141194029851357,1660368000,1660370460,1660371720,1,ALIGNED_WITH,STOP,41.0,0.7370609638375455,0.9802538773724282,-2.0097412416729736
0.7817507748209663,1660435200,1660435620,1660435920,-1,ALIGNED_COUNTER,TP,7.0,0.032916533076851856,18.22727217352388,1.8864216473230082
0.7835477216159518,1660439400,1660439460,1660440420,-1,ALIGNED_COUNTER,TP,1.0,0.0,789393069.117386,2.3382285876782456
-1.0141930934175623,1660440600,1660440660,1660440840,-1,ALIGNED_COUNTER,STOP,1.0,0.0,772606382.9787399,2.145699411473469
0.7853264390665728,1660521600,1660521900,1660522260,-1,MIXED,TP,5.0,0.0,533621434.74501085,1.1354350184747926
-1.0122007589317625,1660525200,1660525560,1660527060,-1,MIXED,STOP,6.0,0.005011813560535532,90.79998188281223,1.4995677054295506
0.7880708453016044,1660532100,1660532400,1660532640,1,MIXED,TP,5.0,0.0,407878539.18751055,-3.2661271521016317
-0.11899962300281261,1660620600,1660620780,1660622580,-1,MIXED,TIME,3.0,0.0,363592843.0375327,3.7112402734416783
-1.0105793096896722,1660627800,1660628160,1660629240,-1,MIXED,STOP,6.0,0.1489550348321658,3.0595237889841136,4.205854520221468
-0.3048901865885494,1660630800,1660631400,1660633200,-1,MIXED,TIME,10.0,0.203273259886639,1.6228070095605347,2.377766577632713
0.21902941176470397,1660716600,1660716660,1660717680,1,MIXED,STOP,1.0,0.0,722689075.6302457,-1.7826772356635083
-1.011635355779256,1660721700,1660721760,1660722000,1,MIXED,STOP,1.0,0.0,469420340.15969384,-2.093775177227114
-0.6622296068090524,1660725600,1660726680,1660728480,-1,MIXED,TIME,18.0,0.029972325204965997,13.85365807436282,2.1363042069533003
-1.0108165223449712,1660782300,1660782360,1660782720,-1,ALIGNED_WITH,STOP,1.0,0.0,872300189.1112039,1.0931781292037221
0.09032945516792082,1660786800,1660787580,1660798140,-1,ALIGNED_WITH,STOP,13.0,0.16858508942804223,3.058823511267074,1.1038563277181666
0.7781931495958582,1660816200,1660816320,1660817220,1,ALIGNED_COUNTER,TP,2.0,0.2114747581820184,4.052631559784542,-1.713514080589887
-1.0146247886555635,1660868700,1660868940,1660869120,1,ALIGNED_COUNTER,STOP,4.0,0.5459503681483694,0.7202797189603315,-2.2302462312334494
2.8640430106126678,1660873200,1660874040,1660891080,-1,ALIGNED_WITH,STOP,14.0,0.24610977277166518,1.7370370299791142,2.5168440290234253
0.7925727941176429,1660891800,1660892160,1660892640,1,ALIGNED_COUNTER,TP,6.0,0.5621130030959741,0.7168674686042096,-2.7324516197783364
0.7934151228733394,1660953600,1660953900,1660955400,1,ALIGNED_COUNTER,TP,5.0,0.25897920604916275,2.2116788235766314,-0.9950229816935985
0.09552099621401555,1660956000,1660956780,1660957260,-1,ALIGNED_WITH,STOP,13.0,0.5785704511243808,0.6854304623914974,2.7960900315998303
0.09178615516620825,1660973400,1660973580,1660976820,-1,ALIGNED_WITH,STOP,3.0,0.0,345262808.27037317,1.3394500931196949
0.7795412001108848,1661064900,1661065080,1661066880,1,ALIGNED_COUNTER,TP,3.0,0.09312638580929872,5.45833327472221,-1.8341357040705435
0.7815524028884371,1661067000,1661067300,1661068260,1,ALIGNED_COUNTER,TP,5.0,0.2213645418326828,2.4566929022877924,-1.6159249310711317
0.782682711312616,1661068800,1661068980,1661069400,1,ALIGNED_COUNTER,TP,3.0,0.40204627368911844,1.8137651776748174,-1.3198251433759702
-0.6461340284917081,1661127000,1661127600,1661129400,1,MIXED,TIME,10.0,0.4441180790130666,1.1095678987362403,-1.222006871235441
-1.0138713379361686,1661153400,1661153520,1661154600,1,ALIGNED_COUNTER,STOP,2.0,0.07967904459785352,8.54098349936743,-2.3912765119598225
0.13763178261966827,1661155500,1661155560,1661155680,1,ALIGNED_COUNTER,STOP,1.0,0.0,623033566.080607,-2.596417042895537
0.1367061468866241,1661214000,1661214360,1661214600,1,MIXED,STOP,6.0,0.17136774880259212,2.985507228954331,-1.7317906836330037
0.13783396011394436,1661215800,1661217000,1661217480,1,MIXED,STOP,20.0,0.5652421652421521,0.8407258049642794,-2.3777673795356002
0.13378832625504736,1661227500,1661228700,1661230080,1,ALIGNED_COUNTER,STOP,20.0,0.495480779701623,0.8984615366482481,-0.9894947685874478
0.13573801755389053,1661302200,1661303040,1661304240,-1,MIXED,STOP,14.0,0.5342491890860501,0.8724999983669034,2.5897888915179403
0.13826976229962318,1661305500,1661305560,1661305980,-1,MIXED,STOP,1.0,0.0,660033167.4958568,2.0022687267968315
0.48684908517834014,1661306700,1661306760,1661308560,-1,MIXED,TIME,1.0,0.0,523062730.62732565,3.311523801939317
0.3164747366541889,1661391300,1661392500,1661394300,-1,MIXED,TIME,20.0,0.5549009105517086,0.6846846834508087,1.5173622702354441
-1.0204883450513595,1661408700,1661408820,1661409840,-1,MIXED,STOP,2.0,0.2782585181179159,2.4897959094193447,1.1215258688933802
0.13065453736655336,1661412000,1661414400,1661414640,1,MIXED,STOP,40.0,0.7491103202847371,1.3040380030096919,-2.9782264554497155
0.7823948445171937,1661473500,1661473680,1661475000,-1,MIXED,TP,3.0,0.3895253682488161,1.063025207354846,1.444079243942014
0.1592444456689658,1661480400,1661480760,1661482560,-1,MIXED,TIME,6.0,0.09102931452503848,4.101694870194294,1.2942034578925927
0.13495555146384508,1661491500,1661491560,1661491800,-1,MIXED,STOP,1.0,0.0,2085435463.082334,1.2507823835307244
0.7908512566394563,1661559000,1661559060,1661560320,1,ALIGNED_COUNTER,TP,1.0,0.0,458867728.980427,-2.3146986083102656
0.1371802466880018,1661577300,1661577360,1661577540,1,ALIGNED_COUNTER,STOP,1.0,0.0,1165280950.2055585,-1.9008573757271594
-1.0105361539034092,1661580600,1661582100,1661582640,1,ALIGNED_COUNTER,STOP,25.0,0.4771898489246059,2.4454148420369943,-1.7754856942909665
0.09070298259597366,1661644800,1661644920,1661648280,-1,ALIGNED_WITH,STOP,2.0,0.0,464527700.2790352,1.695777311248646
1.4280759130251206,1661654100,1661654160,1661664360,-1,ALIGNED_WITH,STOP,1.0,0.0,695123495.883477,1.400582606367799
-1.0121841336298947,1661664900,1661664960,1661666340,-1,ALIGNED_WITH,STOP,1.0,0.0,309564307.20923656,1.325118128347827
0.7890820720935865,1661731200,1661731260,1661733000,1,ALIGNED_COUNTER,TP,1.0,0.0,895679159.7040049,-2.858652826464432
0.7877241223404281,1661742000,1661743200,1661743860,1,ALIGNED_COUNTER,TP,20.0,0.35620567375887197,1.3101045259386968,-1.2557112720998218
-1.0177818761965725,1661759400,1661760000,1661760960,1,ALIGNED_COUNTER,STOP,10.0,0.19655392469687483,3.481818164103801,-1.421781598903784
0.13305062761508712,1661817600,1661817720,1661818560,-1,MIXED,STOP,2.0,0.03849372384936021,21.999999428484603,1.4511206090879558
-0.7137496475635595,1661824500,1661825520,1661827320,-1,MIXED,TIME,17.0,0.17591173766471505,1.9105690948302172,1.6277140159009043
0.1331308326463304,1661834400,1661834580,1661835360,-1,MIXED,STOP,3.0,0.26710634789778886,1.2901234519599314,1.5788741480876745
-0.5366963626450746,1661912400,1661913660,1661915460,1,MIXED,TIME,21.0,0.3064101565542731,2.736654795338827,-4.231962617556503
-1.014034658250335,1661926800,1661926860,1661927400,1,MIXED,STOP,1.0,0.0,666929677.4829755,-1.2459350155793247
-0.704886503941494,1661927700,1661927940,1661929740,1,MIXED,TIME,4.0,0.13429575458261028,2.4554455262699872,-1.3784664965306275
0.7866830222643173,1661990700,1661991480,1661992740,-1,MIXED,TP,13.0,0.2997631454287357,1.0442477841268778,2.567636760717383
0.13768588681240237,1661992800,1661992860,1661993100,-1,MIXED,STOP,1.0,0.0,987306064.8801147,1.9487075706130812
0.0932124345328643,1661994300,1661994600,1662007620,-1,ALIGNED_WITH,STOP,5.0,0.0,381145463.7607561,1.9755264977578322
0.7808327446954161,1662085200,1662086820,1662087600,1,MIXED,TP,27.0,0.5960301163586306,0.7717041787696045,-1.4182114821191558
-0.5201731046247268,1662096600,1662097920,1662099720,1,MIXED,TIME,22.0,0.39802880970432253,1.179999997035439,-0.8898514853851522
0.7784982348426818,1662117900,1662118020,1662119280,1,MIXED,TP,2.0,0.09455103607055991,3.7272726878541578,-1.3497732259384099
-0.4985530764966841,1662171300,1662171840,1662173640,1,ALIGNED_COUNTER,TIME,9.0,0.6383037694013535,0.6808510627630341,-1.7167567322034611
0.13024012775018087,1662175800,1662175860,1662177300,1,ALIGNED_COUNTER,STOP,1.0,0.0,359687721.7884717,-2.2064163515914688
1.64462829298567,1662184500,1662184620,1662186240,-1,ALIGNED_WITH,STOP,2.0,0.12253258845439347,2.7446808286633417,1.3219493814050653
1.69337950133869,1662270300,1662270480,1662273540,-1,ALIGNED_WITH,STOP,3.0,0.3654618473894835,1.3653846116489194,1.4875823522071665
0.07910231218251879,1662273900,1662274020,1662274200,-1,ALIGNED_WITH,STOP,2.0,0.0,792813281.7830855,3.502485398631697
0.0837702323931349,1662278400,1662278460,1662278580,-1,ALIGNED_WITH,STOP,1.0,0.10679439418128459,4.697674374617591,2.5568826916537963
0.7845464819944438,1662340500,1662340560,1662341820,-1,MIXED,TP,1.0,0.02481994459831538,22.812499080901087,1.206539134383738
-0.26538913976065703,1662342300,1662342540,1662344340,-1,MIXED,TIME,4.0,0.30819598103409374,1.3999999954573985,1.4285239986500065
0.13037289293851986,1662355800,1662355980,1662356220,-1,MIXED,STOP,3.0,0.24515945330295008,2.317073161280554,1.2799831270125797
0.26806317800788215,1662424200,1662424260,1662424440,1,ALIGNED_COUNTER,STOP,1.0,0.0,478057199.21099466,-2.355205546260065
0.7836486886583365,1662425100,1662425460,1662425520,1,ALIGNED_COUNTER,TP,6.0,0.29210863737034737,2.1508379814634964,-5.164734983197934
-1.0142588818117704,1662426600,1662426660,1662427200,1,MIXED,STOP,1.0,0.04953998584571841,8.199999834477355,-3.8608993525567
0.09152801683664082,1662510000,1662510060,1662510240,-1,ALIGNED_WITH,STOP,1.0,0.0,746576007.7707901,1.0030719835777793
0.09226312533146089,1662510900,1662511200,1662516900,-1,ALIGNED_WITH,STOP,5.0,0.15591302810675367,2.1746031606560017,1.7478376293907272
-0.7512966555184108,1662562800,1662563040,1662564840,1,ALIGNED_COUNTER,TIME,4.0,0.11998327759198307,3.3536585086340187,-1.8520724054571822
0.1381421043402187,1662595200,1662595380,1662595620,1,MIXED,STOP,3.0,0.11170539237174927,6.175824120538528,-1.6158036497900894
0.42601548682201285,1662601500,1662601560,1662603360,1,MIXED,TIME,1.0,0.0,356785014.1581602,-1.1281346903418163
-1.0194248491812803,1662614700,1662617040,1662618180,1,MIXED,STOP,39.0,0.42229244469980065,1.2190476161608117,-2.2561810866872825
0.7741781475846637,1662689400,1662690300,1662690660,1,MIXED,TP,15.0,0.5112209965766581,1.2291666642621701,-1.9703131794480777
0.7860513852376109,1662694200,1662694260,1662694440,1,MIXED,TP,1.0,0.0,876238624.8736303,-2.5141353323480953
0.7882319433850362,1662695100,1662695520,1662695760,1,MIXED,TP,7.0,0.5814052038308324,0.63061224381328,-2.4658670012603605
-1.0156086336879253,1662788100,1662788160,1662788460,-1,ALIGNED_COUNTER,STOP,1.0,0.0,556645667.6649802,1.156113868401901
-1.0093335501657332,1662791400,1662793080,1662795720,1,ALIGNED_WITH,STOP,28.0,0.506086794907556,0.9357326459659557,-1.6398560851760215
0.09133727882855022,1662796200,1662796260,1662797880,1,ALIGNED_WITH,STOP,1.0,0.0,510067114.09399396,-2.7351172695837156
0.08864858463967351,1662872400,1662873060,1662875100,1,ALIGNED_WITH,STOP,11.0,0.5068230517649499,0.8255451697107387,-0.9924738290258643
2.0544762256776266,1662878400,1662878580,1662881580,1,ALIGNED_WITH,STOP,3.0,0.14631659444304154,2.9999999794960726,-2.488215126676222
0.09021567333202415,1662882000,1662882060,1662884820,1,ALIGNED_WITH,STOP,1.0,0.13997282081148293,3.145631045488373,-1.3386458689699252
-1.006534802252633,1662941100,1662941160,1662944340,1,ALIGNED_WITH,STOP,1.0,0.004496691719663378,102.19997727218214,-2.409234231584753
1.6265942999459548,1662944400,1662945300,1662946200,1,ALIGNED_WITH,STOP,15.0,0.7036018890533475,0.7573632527805415,-1.5167574377229207
0.16154851296044942,1662947400,1662947520,1662947760,-1,ALIGNED_COUNTER,STOP,2.0,0.17342428376535277,2.3215858896967574,1.6178635869899478
-1.0133108124253347,1663043100,1663044480,1663046280,-1,ALIGNED_COUNTER,STOP,23.0,0.6176821983273668,0.5029013531510017,1.1293603350559307
1.6311322232277545,1663049100,1663049340,1663051260,1,ALIGNED_WITH,STOP,4.0,0.0,476380090.4977191,-1.1322475989168725
0.213761540412019,1663053300,1663054680,1663056480,-1,ALIGNED_COUNTER,TIME,23.0,0.7277337559429493,0.753658535549733,1.1452036576887987
0.09434151898735017,1663113600,1663113720,1663114920,-1,ALIGNED_WITH,STOP,2.0,0.0,397468354.4303683,1.2477227152824073
-1.0070697205588732,1663118100,1663119900,1663121880,-1,ALIGNED_WITH,STOP,30.0,0.27455089820360196,1.4923664067779794,2.2277421083281017
0.09182557760026502,1663122300,1663122420,1663126380,-1,ALIGNED_WITH,STOP,2.0,0.14429270806493227,7.599999947329347,2.959753560893155
0.09312008998434496,1663205700,1663205880,1663208580,-1,ALIGNED_WITH,STOP,3.0,0.0,465228873.2394289,1.0872990227049384
0.09435633886962938,1663226400,1663226580,1663226760,-1,ALIGNED_WITH,STOP,3.0,0.28940136216990137,1.1387283197647398,2.6218881299488825
0.09489938752885639,1663230900,1663231500,1663248120,-1,ALIGNED_WITH,STOP,10.0,0.0709884957199663,6.279569804014787,2.872026474662065
0.09210902156456673,1663286400,1663286760,1663287660,-1,ALIGNED_WITH,STOP,6.0,0.34445973847215244,1.241258737655152,2.456009381828458
0.09291721183202122,1663288200,1663288260,1663288680,-1,ALIGNED_WITH,STOP,1.0,0.0,362041099.0533189,1.280504485835271
-0.8523447037929729,1663328400,1663328580,1663330380,1,ALIGNED_COUNTER,TIME,3.0,0.10655841684637837,4.866666620994833,-2.328978857180134
0.7828517305315188,1663372800,1663373340,1663374300,1,ALIGNED_COUNTER,TP,9.0,0.6039555006180668,0.902578795067121,-1.468901862532759
0.13435889934994674,1663374600,1663374660,1663374780,1,ALIGNED_COUNTER,STOP,1.0,0.0,356198161.8471276,-1.1315706016675282
-0.05415672261159177,1663383000,1663383240,1663385040,1,MIXED,TIME,4.0,0.10586499446699561,3.878048743855351,-1.5893062347995348
-1.013950199560955,1663461000,1663462560,1663464120,-1,MIXED,STOP,26.0,0.5559768509279519,0.8291457271518999,1.59491045480985
0.04951684044853402,1663481100,1663482060,1663483860,-1,MIXED,TIME,16.0,0.586661420420992,1.117370890114157,1.5960055534571767
0.7748093637020916,1663494000,1663494360,1663494420,-1,MIXED,TP,6.0,0.19486623282711335,15.44155836232263,1.342422300164013
2.189178318178638,1663545900,1663546140,1663553820,-1,ALIGNED_WITH,STOP,4.0,0.12927327835340838,2.923664099521522,1.60517471847752
0.09470402802101963,1663561200,1663561740,1663566240,-1,ALIGNED_WITH,STOP,9.0,0.2866115103569183,1.401179936114112,1.8745106394414865
0.2032746501614745,1663571400,1663571760,1663573560,1,ALIGNED_COUNTER,TIME,6.0,0.14768568353066688,2.6683673288710557,-1.6647414251298192
-1.0095511425386652,1663632000,1663632120,1663632780,1,MIXED,STOP,2.0,0.0,574474014.2120829,-1.3863865270354987
-1.0096919980119128,1663635000,1663635300,1663636860,1,MIXED,STOP,5.0,0.0,362823061.6302183,-1.905799332814897
0.7864182221326596,1663644300,1663644600,1663644960,1,MIXED,TP,5.0,0.3019552509574863,3.168224288572807,-1.2162106434609061
-1.0064943872044048,1663722600,1663723320,1663738140,-1,ALIGNED_WITH,STOP,12.0,0.03090962614071216,15.099999511478822,1.334807473993777
0.08802503258279018,1663738800,1663738860,1663739580,-1,ALIGNED_WITH,STOP,1.0,0.033976001078589606,12.722221847778854,3.0854716635141375
-1.0110948414695309,1663740000,1663740120,1663740300,-1,ALIGNED_WITH,STOP,2.0,0.288877705083067,2.621951210435626,2.082139208871472
-1.0034674346226942,1663804800,1663805880,1663814520,-1,ALIGNED_WITH,STOP,18.0,0.4923002303868076,1.028735630094257,1.8206111583856601
0.0944437592899311,1663815600,1663815720,1663816440,-1,ALIGNED_WITH,STOP,2.0,0.0,408459676.3918898,1.4419663390884625
0.7893810906458794,1663831200,1663831560,1663832940,1,ALIGNED_COUNTER,TP,6.0,0.09346095069576194,4.734939708372171,-1.3246657745575956
-1.0113769166457776,1663891200,1663891320,1663891740,1,MIXED,STOP,2.0,0.08778530223225493,6.533333258909335,-1.6156486921383288
-1.01050852136154,1663893600,1663895940,1663896600,1,MIXED,STOP,39.0,0.4309529347910455,1.100755664952059,-1.8588304846990196
0.13941526777327237,1663897200,1663897500,1663898940,1,MIXED,STOP,5.0,0.0,529439398.6846143,-1.3756475659926075
-1.0089999798846623,1663978800,1663979100,1663980240,1,MIXED,STOP,5.0,0.0037548612042512673,103.7499723687817,-2.7670897032699235
0.08842810741956222,1664003700,1664003820,1664005620,1,MIXED,TIME,2.0,0.0,720730283.4094056,-2.9491531313987176
-1.0139558525634562,1664010000,1664010180,1664011440,1,MIXED,STOP,3.0,0.23243186801709317,1.3396226357460652,-1.0202671191839803
-1.007844886952925,1664064300,1664065320,1664076900,-1,ALIGNED_WITH,STOP,17.0,0.4455507156191565,0.8491620092673716,2.546544885173478
0.08434276141774233,1664077500,1664078760,1664082660,-1,ALIGNED_WITH,STOP,21.0,0.44930347381416125,1.0659340635616887,1.1798120904026939
0.12704105823740727,1664091300,1664092380,1664092980,1,ALIGNED_COUNTER,STOP,18.0,0.6782339804157511,0.8936170199590339,-1.9702541747107947
-1.006592413066394,1664150400,1664150580,1664152740,-1,ALIGNED_WITH,STOP,3.0,0.13804004214961488,2.9999999782674536,2.0847058762300272
0.09404010201549023,1664152800,1664152860,1664156280,-1,ALIGNED_WITH,STOP,1.0,0.0,521362312.9528022,1.7507649316159317
-1.009873659198915,1664173500,1664174460,1664176680,-1,ALIGNED_WITH,STOP,16.0,0.6399637927133018,0.5618811872408207,1.831725028217261
0.7809902638634366,1664236800,1664237400,1664237580,1,MIXED,TP,10.0,0.6775786651615449,0.9446064126001406,-1.671136875954658
-1.0167028257650812,1664237700,1664237760,1664238120,1,MIXED,STOP,1.0,0.0,602912142.1519848,-1.8207186624259903
0.7850224084350753,1664238900,1664239080,1664239620,1,MIXED,TP,3.0,0.0,509655937.8468255,-1.3861067825669828
0.1387688941058036,1664324100,1664325180,1664325420,-1,MIXED,STOP,18.0,0.6174226544814131,0.8498098845552136,1.803364070709476
-0.30300776353278,1664328300,1664328480,1664330280,-1,MIXED,TIME,3.0,0.13406141183917364,5.157024754921541,1.5276761417346785
0.28286719455337594,1664331300,1664331420,1664331540,-1,MIXED,STOP,2.0,0.3760822911270932,3.3498622500456006,1.1477698059043204
0.09337150086368777,1664409600,1664409900,1664411820,1,ALIGNED_WITH,STOP,5.0,0.11546602437777595,5.831858356573012,-1.8167860660086024
0.09059434427652012,1664432400,1664432520,1664434920,1,ALIGNED_WITH,STOP,2.0,0.14736842105261092,3.673267301807316,-1.3508646392719426
-1.0120083923608194,1664454900,1664454960,1664455140,-1,ALIGNED_COUNTER,STOP,1.0,0.10920828476644012,7.44827579386578,1.431416832046003
0.09036494932430977,1664496600,1664496660,1664498220,1,ALIGNED_WITH,STOP,1.0,0.0,362119932.4324307,-1.7526667946577357
-1.0078992718446729,1664498700,1664498760,1664504100,1,ALIGNED_WITH,STOP,1.0,0.0,814320388.3494927,-1.578411687672334
-1.0150158895027344,1664512800,1664513580,1664515020,-1,ALIGNED_COUNTER,STOP,13.0,0.4083977900552165,0.935606058315247,1.8544542281910994
0.1581407155025346,1664601900,1664601960,1664602140,-1,MIXED,STOP,1.0,0.0,1229604391.4442074,1.205863782493734
-0.09833022974612453,1664612700,1664614680,1664616480,-1,MIXED,TIME,33.0,0.17412333736398658,2.6249999849239107,1.9752761818225026
0.7829115301860357,1664628600,1664629140,1664630100,1,MIXED,TP,9.0,0.0,480192380.71128184,-1.1030685725953322
0.07337287302057056,1664689200,1664689260,1664689500,-1,ALIGNED_WITH,STOP,1.0,0.0,1123635290.6462576,5.392351495827325
0.08206557812293824,1664693400,1664693580,1664694480,-1,ALIGNED_WITH,STOP,3.0,0.3568299482277795,1.078124996978607,2.2091458102012145
0.08635056737587621,1664700600,1664703120,1664703780,-1,ALIGNED_WITH,STOP,42.0,0.4085106382978878,1.3541666633517282,1.5833913701841211
0.09274612387257494,1664755200,1664755320,1664755680,-1,ALIGNED_WITH,STOP,2.0,0.15793345867734038,2.652173896250793,2.68788911766153
-1.0067141715061578,1664756700,1664757300,1664760240,-1,ALIGNED_WITH,STOP,10.0,0.1298740478165703,2.7804877834691624,1.859171741105581
-1.016568470790396,1664777100,1664777220,1664777580,1,ALIGNED_COUNTER,STOP,2.0,0.025773195876288797,37.13333189256054,-1.576650067776716
0.08887250950878067,1664841600,1664842020,1664842800,1,ALIGNED_WITH,STOP,7.0,0.4690458849235029,0.8369565199547409,-1.5785400387494508
0.08990649570760836,1664844900,1664845500,1664855520,1,ALIGNED_WITH,STOP,10.0,0.0696363435392953,6.444444351900178,-1.864725681330854
-1.0153290211153887,1664860800,1664860860,1664861580,1,ALIGNED_WITH,STOP,1.0,0.0,521811800.1002677,-2.192136670707504
0.09046190139183712,1664929200,1664929800,1664933640,1,ALIGNED_WITH,STOP,10.0,0.4784147204529824,0.8313609450077063,-1.20125507788129
0.08675676209279194,1664944500,1664944560,1664947740,1,ALIGNED_WITH,STOP,1.0,0.0,552813425.4689053,-3.6654574402122417
0.2771896508203589,1664952900,1664952960,1664953200,-1,ALIGNED_COUNTER,STOP,1.0,0.08049361940818883,4.317073117100929,1.7250612622925878
-1.0092177872643104,1665017400,1665017520,1665018180,1,ALIGNED_WITH,STOP,2.0,0.0,825846512.0792084,-1.2269554661754123
0.09140726294146569,1665018300,1665018360,1665023040,1,ALIGNED_WITH,STOP,1.0,0.0,680696661.8287178,-1.707818860864041
-1.0081810145425378,1665029700,1665029760,1665032760,1,ALIGNED_WITH,STOP,1.0,0.0,679319821.3672268,-1.6303238879646123
-0.3727443393112085,1665101700,1665104340,1665106140,-1,MIXED,TIME,44.0,0.6407745626581882,0.5504807683716014,1.390604685952757
0.123097994214081,1665119100,1665119160,1665120360,1,MIXED,STOP,1.0,0.0,666923818.7078259,-1.1481861199016274
0.12425083870967742,1665121500,1665122400,1665122760,-1,MIXED,STOP,15.0,0.5341935483870217,0.6473429939574298,0.8867911832552449
-1.0287198321091295,1665197400,1665197640,1665198720,1,ALIGNED_COUNTER,STOP,4.0,0.06757607555087157,5.608695569178077,-1.1570594248220245
-1.02809901315791,1665199500,1665199800,1665201360,1,ALIGNED_COUNTER,STOP,5.0,0.23026315789473958,2.0749999909883896,-2.7164080045396886
-1.0370379891304355,1665204000,1665204060,1665204600,1,ALIGNED_COUNTER,STOP,1.0,0.0,658152173.9131671,-2.269527585459767
0.08862668678232352,1665273600,1665275760,1665280020,-1,ALIGNED_WITH,STOP,36.0,0.6688458637163679,0.5657894728382915,1.1689935767194812
-1.0218557240272474,1665312600,1665312660,1665313440,-1,ALIGNED_WITH,STOP,1.0,0.0,1084957882.0698388,5.459899474389679
-1.018400202265392,1665313500,1665313560,1665314220,-1,ALIGNED_WITH,STOP,1.0,0.0,580501618.1229842,3.8762134779808286
0.08328890938156092,1665360000,1665360060,1665361560,-1,ALIGNED_WITH,STOP,1.0,0.0,413131685.72482425,1.7907281040733636
0.08521072959044819,1665363000,1665363180,1665368460,-1,ALIGNED_WITH,STOP,3.0,0.3007323026851264,2.363636355776686,1.807807978691922
0.07611772675291847,1665380100,1665380160,1665381900,-1,ALIGNED_WITH,STOP,1.0,0.0,1256268144.629197,2.2457290088999735
0.08876536665402789,1665446400,1665446460,1665446640,-1,ALIGNED_WITH,STOP,1.0,0.0,1079641549.9179356,1.28030525341142
-1.0082049286640837,1665452100,1665452400,1665470220,-1,ALIGNED_WITH,STOP,5.0,0.1673151750972949,4.565891445578368,0.9620058411211043
0.08316637034236718,1665470700,1665471180,1665472620,-1,ALIGNED_WITH,STOP,8.0,0.3839606582182681,0.951724135452282,2.6188036245197703
0.0844617494914376,1665535800,1665535860,1665547440,-1,ALIGNED_WITH,STOP,1.0,0.0,593199651.2642422,1.0383574514869423
0.11908672199166623,1665556200,1665556500,1665556800,1,ALIGNED_COUNTER,STOP,5.0,0.5357307514983358,2.0120481890156405,-0.859967129499078
0.4344894391842645,1665559800,1665561480,1665563280,1,ALIGNED_COUNTER,TIME,28.0,0.6474872541879416,0.5393700779069917,-1.9000786959349993
0.0769067878787886,1665627900,1665628080,1665628320,-1,ALIGNED_WITH,STOP,3.0,0.0,905454545.4544746,1.3761540489342279
0.07934994586233857,1665629700,1665629880,1665637740,-1,ALIGNED_WITH,STOP,3.0,0.15916473317870292,3.3673469176181468,3.885431767672101
-1.022274602377392,1665645600,1665645960,1665646140,-1,ALIGNED_WITH,STOP,6.0,0.16172777498739202,8.97826081405404,1.1990140719744826
-1.0222983240223522,1665705600,1665705900,1665706200,1,MIXED,STOP,5.0,0.02760433782453192,17.833332687290028,-1.6904533598825844
0.7782333279794296,1665706500,1665706860,1665707280,1,MIXED,TP,6.0,0.18213941535501152,2.6913580099141803,-1.706927731932536
0.7797136743214946,1665707700,1665710340,1665711000,1,MIXED,TP,44.0,0.6847599164926758,0.5548780479701974,-1.5317275765262548
0.08540204292314199,1665792600,1665792900,1665794340,-1,ALIGNED_WITH,STOP,5.0,0.0,504319478.40264577,2.58135223329955
0.48750405186389045,1665819000,1665819060,1665820860,1,ALIGNED_COUNTER,TIME,1.0,0.0,748784440.8427876,-1.3623045074980167
-1.0415716547655776,1665822900,1665822960,1665823500,1,ALIGNED_COUNTER,STOP,1.0,0.0,851909344.9240161,-2.3846733729493383
-1.015762182890847,1665878700,1665878820,1665883860,-1,ALIGNED_WITH,STOP,2.0,0.0,384070796.460177,1.949548132929513
0.0854470121686398,1665884100,1665884400,1665893340,-1,ALIGNED_WITH,STOP,5.0,0.002281616688363166,175.99992286433107,2.3638992423974483
-1.020733702081871,1665949500,1665949560,1665950280,-1,ALIGNED_WITH,STOP,1.0,0.0,1729430744.4111307,4.789152426202346
-0.718425049833921,1665966900,1665967440,1665969240,1,MIXED,TIME,9.0,0.0,396013289.0365379,-1.2174326983729844
0.773143888888863,1665999300,1666000200,1666000800,1,MIXED,TP,15.0,0.5027777777778347,1.469613256745263,-1.4550195477123375
-1.0234100654946632,1666002600,1666002660,1666003380,1,MIXED,STOP,1.0,0.0,675629093.4160541,-3.2066765970457363
-1.0202188841201718,1666051200,1666051440,1666052340,-1,ALIGNED_COUNTER,STOP,4.0,0.4744709190469465,1.200873359914365,1.0707094976063316
-0.7307399413802442,1666053600,1666053780,1666055580,-1,ALIGNED_COUNTER,TIME,3.0,0.0,445776711.96379036,1.013571580124757
-1.0176107382550335,1666075200,1666075260,1666075980,1,ALIGNED_WITH,STOP,1.0,0.0,1989261744.9665015,-1.5782517530286346
-0.0068902985074437775,1666151100,1666151940,1666153740,-1,MIXED,TIME,14.0,0.23246268656720534,1.6966292061842039,1.423292951560116
0.09735409638554339,1666161900,1666161960,1666163760,1,ALIGNED_COUNTER,TIME,1.0,0.0,546987951.8071656,-1.097625940078353
1.565887651720344,1666173300,1666174800,1666182780,-1,ALIGNED_WITH,STOP,25.0,0.429732169726106,1.1029411739041282,1.4459311735429814
2.089204880294719,1666224600,1666225980,1666226760,-1,ALIGNED_WITH,STOP,23.0,0.674033149171221,0.5696721303024823,1.96137246475001
0.08529654981449719,1666227000,1666227120,1666227480,-1,ALIGNED_WITH,STOP,2.0,0.0,558232264.4957688,1.7351064930901237
-1.0108685219239146,1666228800,1666228860,1666239480,-1,ALIGNED_WITH,STOP,1.0,0.0,671080053.9414428,3.636935625985295
1.4128718752015152,1666319400,1666319460,1666335960,-1,ALIGNED_WITH,STOP,1.0,0.0,354670276.542224,2.0364971201909583
-1.0310345310312312,1666340700,1666340760,1666341240,1,ALIGNED_COUNTER,STOP,1.0,0.0,565095660.2893018,-1.9593750522717504
-1.0291324928743544,1666341300,1666341360,1666341540,1,ALIGNED_COUNTER,STOP,1.0,0.0,488050866.03820354,-2.03645233472882
-0.1373039448363686,1666396800,1666396860,1666398660,1,MIXED,TIME,1.0,0.0,507376523.41241235,-1.2180688504216377
-1.063131353135417,1666407300,1666407360,1666407660,1,MIXED,STOP,1.0,0.0,976897689.7691758,-2.1090204936318666
0.7439824194224007,1666407900,1666407960,1666408680,1,MIXED,TP,1.0,0.0,603599832.5658901,-2.221460085863241
-1.0587791867074816,1666484400,1666485540,1666485720,1,MIXED,STOP,19.0,0.41626585045910397,0.8382352921041419,-1.107268070304487
-1.0718316042780416,1666485900,1666486080,1666487520,1,MIXED,STOP,3.0,0.41176470588238495,0.7818181799193482,-1.0422814919419283
-1.0749230597431856,1666488900,1666489140,1666489620,1,MIXED,STOP,4.0,0.0,414293690.6755719,-1.3444386875028047
-1.0089757313677459,1666570500,1666571220,1666574160,1,ALIGNED_WITH,STOP,12.0,0.20776412776415779,2.1059602547640064,-1.4674252272894956
-1.0099055488847584,1666574400,1666575060,1666581120,1,ALIGNED_WITH,STOP,11.0,0.27813557471892764,1.571428565778563,-1.3184290712616322
0.7818170089944627,1666584300,1666584360,1666584600,-1,ALIGNED_COUNTER,TP,1.0,0.0,364612699.69126034,1.1347591695253139
0.07963045379162839,1666656300,1666656360,1666656840,1,ALIGNED_WITH,STOP,1.0,0.0,740841248.3039796,-1.057047594338673
-1.032401632261162,1666660200,1666660260,1666660500,1,MIXED,STOP,1.0,0.0,672107537.2059553,-1.113695923700269
-1.0242814854682258,1666672200,1666674000,1666675020,1,ALIGNED_WITH,STOP,30.0,0.01506996770726694,29.749998025761446,-1.3307900033918225
0.2623092157605526,1666749300,1666749480,1666750320,-1,ALIGNED_COUNTER,STOP,3.0,0.0,457473006.25118417,1.317758748399055
-1.0171614622356757,1666769700,1666769820,1666770960,-1,ALIGNED_COUNTER,STOP,2.0,0.0,593836858.0060123,2.5517929422339773
0.7843773006808682,1666771500,1666771800,1666772400,-1,ALIGNED_COUNTER,TP,5.0,0.20140566659348713,3.6717557069594693,2.432197301521063
0.7843140759930871,1666829700,1666830360,1666830900,-1,ALIGNED_COUNTER,TP,11.0,0.6785405872193043,0.763919820700555,2.6433945075695746
-1.0166599199084878,1666848300,1666848360,1666849380,-1,ALIGNED_COUNTER,STOP,1.0,0.0,507780320.3661465,1.873958614083983
-1.0184169189670804,1666854000,1666854060,1666854540,-1,ALIGNED_COUNTER,STOP,1.0,0.0,564559216.3846978,2.002889774968636
0.1365326780626965,1666915200,1666915860,1666916340,-1,MIXED,STOP,11.0,0.21006647673313444,1.8544303709190486,1.6930117574244086
0.24984077210953431,1666942500,1666942680,1666943040,-1,MIXED,STOP,3.0,0.493598581839705,1.513966477379521,1.8776340708889618
0.128455901287587,1666944600,1666945200,1666945380,-1,MIXED,STOP,10.0,0.32832618025749255,2.3398692739191547,3.087143164357891
0.08488627512728378,1667001900,1667001960,1667002560,1,ALIGNED_WITH,STOP,1.0,0.0,436466698.1578356,-1.4943035197633878
2.0591151808785213,1667006400,1667009040,1667011320,1,ALIGNED_WITH,STOP,44.0,0.5724806201549993,0.7962085294149034,-1.0015352850083494
0.08267804819851224,1667011500,1667011560,1667011860,1,ALIGNED_WITH,STOP,1.0,0.0,425912670.00716144,-1.682906814303784
0.12137469595924669,1667110500,1667110620,1667110800,-1,ALIGNED_COUNTER,STOP,2.0,0.3542565712043395,1.2248061980931397,2.5281341594271183
-1.0259392825430982,1667112600,1667112780,1667113560,-1,ALIGNED_COUNTER,STOP,3.0,0.0,544485881.7261164,2.118429732401214
0.12758014796547582,1667118300,1667118420,1667118600,-1,ALIGNED_COUNTER,STOP,2.0,0.2805178791615324,2.746153836364316,1.0038657192424645
0.7784414849118441,1667174700,1667175900,1667176260,-1,MIXED,TP,20.0,0.6441589483119046,0.6525974015842708,1.7731439903767292
-0.24603625140291954,1667176800,1667176920,1667178720,-1,MIXED,TIME,2.0,0.5008417508417539,0.8117647042615808,1.349356226203992
0.20696827711941815,1667181900,1667182200,1667183160,-1,MIXED,STOP,5.0,0.16955332725614117,3.0537634228499737,1.3022837129546343
0.7726443302891856,1667281200,1667281560,1667283000,1,MIXED,TP,6.0,0.0,831050228.3105066,-0.8773613816933705
0.12554351287263604,1667283300,1667283360,1667283780,1,MIXED,STOP,1.0,0.0,901084010.8401006,-2.073057072359757
0.7745481631932155,1667287500,1667289480,1667289900,1,MIXED,TP,33.0,0.5637583892617263,0.71052631452919,-2.0060890036318333
0.768857754126808,1667348400,1667349120,1667350020,1,MIXED,TP,12.0,0.3557775847089754,1.0170940142352864,-1.8546258497825177
0.7730107747273466,1667351700,1667352780,1667354460,-1,MIXED,TP,18.0,0.18954494170742822,1.6388888802421828,2.1390132832073157
-0.255965162294372,1667369100,1667370720,1667372520,1,MIXED,TIME,27.0,0.5011116051577954,0.8074534145378168,-1.5495192230630948
-1.0117879320445073,1667433600,1667434020,1667436360,-1,ALIGNED_WITH,STOP,7.0,0.15992970123026712,1.9999999874937058,1.4742273421402214
-1.0146560912390066,1667437500,1667437920,1667439000,-1,ALIGNED_WITH,STOP,7.0,0.4441679626749136,1.058823527028149,1.6943478276467354
0.08423055231748622,1667440500,1667440800,1667444460,-1,ALIGNED_WITH,STOP,5.0,0.13755203996672918,2.3220338814228882,1.536419329053893
-1.0200655733049708,1667520000,1667520240,1667521140,-1,ALIGNED_WITH,STOP,4.0,0.19680511182104593,2.1818181707326967,2.5224959130391302
0.08010559876673533,1667521500,1667521560,1667523000,-1,ALIGNED_WITH,STOP,1.0,0.0,629808702.9641045,2.2535237000902457
0.7681389523170363,1667536800,1667538720,1667539140,1,MIXED,TP,32.0,0.554734721289487,0.745762710520058,-1.9919874053962001
0.0866550869604208,1667606400,1667606460,1667606580,1,ALIGNED_WITH,STOP,1.0,0.0,338740200.05409485,-1.5474407024738912
1.5180018383346556,1667607000,1667607060,1667608740,1,ALIGNED_WITH,STOP,1.0,0.0,567721005.6772078,-1.5494042595581534
0.08749738570295322,1667608800,1667608860,1667610300,1,ALIGNED_WITH,STOP,1.0,0.0,3207930731.5849237,-1.6733244098257942
-0.34013599282834,1667701800,1667703120,1667704920,-1,ALIGNED_COUNTER,TIME,22.0,0.6839982070820345,0.7889908245345353,2.947981484907279
0.20898507236979752,1667712900,1667713560,1667714040,-1,ALIGNED_COUNTER,STOP,11.0,0.5504428602290028,0.7142857129880295,1.43916662542057
0.15862228159241326,1667720400,1667720460,1667722260,-1,ALIGNED_COUNTER,TIME,1.0,0.0,590969810.3125516,2.5298108213972443
-0.03908840793916795,1667779800,1667779860,1667781660,-1,MIXED,TIME,1.0,0.0,505489864.8648791,2.6337032524233863
-1.0129780012403555,1667785500,1667785560,1667786940,-1,MIXED,STOP,1.0,0.0,606538495.6144491,2.939970370699519
0.12801491994175848,1667787000,1667787780,1667789580,-1,MIXED,TIME,13.0,0.6482896652110408,0.6227897829293555,2.7437660524529996
0.0912754306162079,1667865600,1667866680,1667869500,-1,ALIGNED_WITH,STOP,18.0,0.5018195050946291,0.72588832342652,2.217309457497744
0.09232214973088075,1667879700,1667879760,1667880060,-1,ALIGNED_WITH,STOP,1.0,0.0,664491926.2762729,1.060078654882452
0.09330390517054395,1667880600,1667880660,1667880840,-1,ALIGNED_WITH,STOP,1.0,0.15475238164497968,31.592105059010265,3.0475692466214936
0.09683215363108182,1667953800,1667954760,1667956200,-1,ALIGNED_WITH,STOP,16.0,0.23486130527556087,1.8947368340376534,0.9301491685433766
-1.0062740612818815,1667962800,1667963160,1667963580,1,ALIGNED_COUNTER,STOP,6.0,0.046972911629737726,7.57352925053367,-3.859810395625577
0.7937218413611773,1667963700,1667963760,1667963940,1,ALIGNED_COUNTER,TP,1.0,0.0,657671511.4837079,-2.299485356544931
-0.40288935296855527,1668038400,1668039120,1668040920,1,ALIGNED_COUNTER,TIME,12.0,0.518386864711608,1.6839999967514652,-1.2577112575540899
0.2227472522206974,1668061500,1668061560,1668062520,1,ALIGNED_COUNTER,STOP,1.0,0.0,537171501.2347426,-1.1264220524185122
0.7952622324972404,1668068700,1668068820,1668069420,1,ALIGNED_COUNTER,TP,2.0,0.0,380948483.9805221,-3.34047878744525
0.2638939290972988,1668125400,1668125460,1668126300,-1,MIXED,STOP,1.0,0.0,349378940.61238784,1.3158734130654308
0.28784408752080054,1668130500,1668131820,1668132000,-1,MIXED,STOP,22.0,0.47750308360596005,1.3852201228851273,1.4997370193127166
0.09647971823498847,1668133500,1668136020,1668137940,-1,ALIGNED_WITH,STOP,42.0,0.5079744816587018,1.4615384586612115,1.8933508630188378
0.7906975777181665,1668223500,1668223560,1668224280,1,ALIGNED_COUNTER,TP,1.0,0.0,577718163.1687232,-1.1345703134694831
-1.010000938086304,1668230100,1668230280,1668230880,1,ALIGNED_COUNTER,STOP,3.0,0.5289101142759599,1.483069974622666,-1.6829282183442429
-1.0105205790646008,1668242400,1668242460,1668244080,1,ALIGNED_COUNTER,STOP,1.0,0.12097995545657923,3.556701001528475,-2.262857640664957
2.520335483870941,1668322500,1668322560,1668322920,-1,ALIGNED_WITH,STOP,1.0,0.0,1017595307.9178989,3.043461048749429
0.08938585611312937,1668323700,1668323760,1668324720,-1,ALIGNED_WITH,STOP,1.0,0.19420644634837303,1.8039215593394284,3.761043873249092
1.3356015427262948,1668326100,1668326400,1668329880,-1,ALIGNED_WITH,STOP,5.0,0.05568277690730357,9.363636195478502,2.4752002811585077
1.5202106476771835,1668384300,1668384420,1668385500,-1,ALIGNED_WITH,STOP,2.0,0.0,457938805.85334533,1.2642296347520021
0.09522305925973253,1668386400,1668388740,1668389400,-1,ALIGNED_WITH,STOP,39.0,0.5583012071035708,0.7083993648167584,0.7600439373963815
0.10395825179771039,1668392400,1668392640,1668394440,1,ALIGNED_COUNTER,TIME,4.0,0.0,372156076.8595906,-1.2758061982988214
-1.0054492066820513,1668477300,1668477420,1668483300,-1,ALIGNED_WITH,STOP,2.0,0.0,488292444.2580339,1.1456020465949415
-1.0100242424242547,1668483600,1668483900,1668484440,1,MIXED,STOP,5.0,0.1925133689839649,2.2592592475234716,-2.842751562779796
0.46358920225627975,1668491100,1668491280,1668493080,1,MIXED,TIME,3.0,0.0,362610797.7437547,-1.9224483283323797
-0.4145125835315298,1668558600,1668558780,1668560580,1,MIXED,TIME,3.0,0.0,429720240.11776805,-1.1495293552406436
0.3873242733699912,1668567900,1668568260,1668570060,1,MIXED,TIME,6.0,0.1398271798900461,2.640449419318152,-1.5347034280380643
-0.23161395481027375,1668582600,1668582780,1668584580,-1,MIXED,TIME,3.0,0.18303254227655258,1.7282608601228697,2.1277687885683214
-0.6770579401371957,1668651000,1668651960,1668653760,1,ALIGNED_COUNTER,TIME,16.0,0.013094990646456415,27.777775656480824,-2.882443444816118
-0.24269494756914142,1668654000,1668654240,1668656040,1,ALIGNED_COUNTER,TIME,4.0,0.0,489990467.1115492,-2.418834120184078
0.13336774519716016,1668657900,1668658140,1668658800,1,ALIGNED_COUNTER,STOP,4.0,0.5500505561173055,0.7463235280548909,-1.828675751451047
0.778166224547018,1668729600,1668729720,1668730200,1,MIXED,TP,2.0,0.10722959088358021,4.365853617823483,-1.4469690991078
-1.0146348473566598,1668731700,1668731760,1668732180,-1,MIXED,STOP,1.0,0.0,592454703.4003912,1.1802318350840086
-0.7519765531475825,1668739200,1668739260,1668741060,1,MIXED,TIME,1.0,0.0,689164086.6873144,-1.5638280823697293
0.2841681089742662,1668816000,1668816360,1668818160,-1,MIXED,TIME,6.0,0.2275641025640563,1.8169014004671515,1.4338754295299467
-1.0300293329899657,1668822300,1668823140,1668823500,1,ALIGNED_COUNTER,STOP,14.0,0.09734741179503027,4.555555508757175,-1.8336868001331814
-1.031234281879136,1668823800,1668823920,1668824160,1,ALIGNED_COUNTER,STOP,2.0,0.0,451006711.40939593,-2.116675106450196
0.268134100856271,1668902400,1668902700,1668904500,1,MIXED,TIME,5.0,0.3436726926736853,1.255813949833906,-2.1191861184236784
-1.0282486013135925,1668934500,1668934920,1668935340,-1,MIXED,STOP,7.0,0.5585015811238508,0.7804878034804678,2.7548134525863976
-0.2243493794325524,1668935400,1668936720,1668938520,-1,MIXED,TIME,22.0,0.38475177304968367,0.9112903202119645,1.9511650878160613
0.09334867924528062,1668988800,1668989040,1668991800,-1,ALIGNED_WITH,STOP,4.0,0.1437472575690961,2.692307673578489,1.9202773152601325
0.09258937226857905,1668996600,1668997020,1668997500,-1,ALIGNED_WITH,STOP,7.0,0.6132300357568601,1.3809523787004292,0.7520944531308135
0.09429519131463844,1669004400,1669004700,1669006080,-1,ALIGNED_WITH,STOP,5.0,0.0,528980578.8558902,2.8979574794513048
0.09511393516384362,1669076700,1669077420,1669085880,-1,ALIGNED_WITH,STOP,12.0,0.009218410482649675,40.59999559577084,2.0634546057520433
-1.014616600476583,1669097100,1669097160,1669098240,1,ALIGNED_COUNTER,STOP,1.0,0.0,617156473.3915689,-1.528495956570981
0.7860763668654019,1669100700,1669100760,1669101720,1,ALIGNED_COUNTER,TP,1.0,0.0,827603704.1735451,-1.924451890176686
0.13425544444445422,1669161600,1669161900,1669162800,-1,MIXED,STOP,5.0,0.24305555555555494,2.0959999913765155,1.6326310751184372
-1.0129315210064949,1669170900,1669171260,1669171800,-1,MIXED,STOP,6.0,0.41676027858908077,1.1132075444987133,1.0084119968194354
-0.9491075822197041,1669174500,1669175280,1669177080,1,MIXED,TIME,13.0,0.3065112311629518,2.337662330035439,-2.7172716383863413
0.13584371974830342,1669254300,1669254360,1669254480,1,MIXED,STOP,1.0,0.0,1302758954.501463,-1.297065668625269
0.08754431988039772,1669269600,1669270080,1669273080,1,ALIGNED_WITH,STOP,8.0,0.39686098654701435,1.3163841774743505,-1.6929619769257451
-1.0125140132536137,1669277400,1669277580,1669278480,1,ALIGNED_WITH,STOP,3.0,0.0,601907224.8262149,-1.4660013756736208
0.37797810487580497,1669335300,1669335660,1669337460,-1,ALIGNED_COUNTER,TIME,6.0,0.517755289788371,1.2636815895992721,0.8890152152347618
0.08665076007168639,1669341900,1669341960,1669345440,1,ALIGNED_WITH,STOP,1.0,0.0,747702444.945365,-1.10140138477277
-1.023091141020446,1669351500,1669351560,1669351680,1,MIXED,STOP,1.0,0.0,677782241.8641477,-1.5079133243204514
0.13150779612577854,1669426200,1669426260,1669427760,-1,MIXED,STOP,1.0,0.0,597967608.7646359,3.240144626980886
-1.0296813251471337,1669443300,1669443540,1669443840,1,MIXED,STOP,4.0,0.44052187260166076,0.9918699164477255,-1.289640263339973
-1.0173821229890103,1669476300,1669476540,1669488780,1,ALIGNED_WITH,STOP,4.0,0.0,732521425.3495859,-1.4009062350528831
-1.0160640725244137,1669507800,1669507920,1669515060,-1,ALIGNED_WITH,STOP,2.0,0.0,456903765.6903322,2.1256108124713795
-1.016186543313728,1669515300,1669515780,1669518060,-1,ALIGNED_WITH,STOP,8.0,0.017661900756895887,17.16666569474683,1.4818260939453098
-1.0260587191011072,1669526100,1669527060,1669527420,1,MIXED,STOP,16.0,0.12269662921352893,4.205128170853511,-1.6638180335947126
1.6561504367816189,1669593900,1669594200,1669597920,-1,ALIGNED_WITH,STOP,5.0,0.4137931034482699,0.959999997680097,4.372099954157008
1.4626305413105314,1669598100,1669598220,1669598580,-1,ALIGNED_WITH,STOP,2.0,0.1754985754985587,2.3977272590649314,1.998690560691768
0.09137850396100579,1669599000,1669599060,1669599540,-1,ALIGNED_WITH,STOP,1.0,0.0,892595978.0621355,1.4270879024290646
-1.013530585296204,1669686600,1669686660,1669694580,-1,ALIGNED_WITH,STOP,1.0,0.0,312276945.0392568,2.6325912819930735
0.7832110477860758,1669696200,1669696380,1669697100,1,ALIGNED_COUNTER,TP,3.0,0.09820254274447025,5.020833282202661,-1.5434539348894234
-0.8040690120354851,1669698600,1669698660,1669700460,1,MIXED,TIME,1.0,0.0,966538817.6167303,-3.3531214598577903
0.7707349097380692,1669766400,1669766460,1669767960,1,MIXED,TP,1.0,0.0,384439359.26770574,-2.0260642305200562
0.7717217838764867,1669768500,1669768620,1669768740,1,MIXED,TP,2.0,0.0,552315608.9194543,-1.2744457631296593
0.7713528301886651,1669768800,1669768860,1669768920,1,MIXED,TP,1.0,0.0,4943396226.415018,-1.1437609916177809
-1.008887217600297,1669855500,1669855620,1669873560,1,ALIGNED_WITH,STOP,2.0,0.0,338546866.33387524,-1.2600675646516817
0.07912789400279162,1669873800,1669874160,1669878180,1,ALIGNED_WITH,STOP,6.0,0.1757322175731978,2.124999987908212,-1.3696293333638652
0.08065434976130963,1669881600,1669881660,1669892400,1,ALIGNED_WITH,STOP,1.0,0.0,435057052.68278736,-1.4401930608654026
-0.19307234185731417,1669939200,1669939380,1669941180,-1,ALIGNED_COUNTER,TIME,3.0,0.17272319425751625,1.9999999884207793,1.6504556215808797
0.12267638283219981,1669942800,1669942860,1669943040,-1,ALIGNED_COUNTER,STOP,1.0,0.0,793665366.0776116,2.4128654167623274
0.7748464785744741,1669945200,1669945440,1669945500,-1,ALIGNED_COUNTER,TP,4.0,0.08018667798050626,6.8148147298253,2.0893811185414854
-1.0183504823151488,1670025600,1670025780,1670025960,1,ALIGNED_WITH,STOP,3.0,0.34083601286169124,7.264150922084478,-1.3561152306758397
-1.015777790989541,1670028000,1670028060,1670037540,1,ALIGNED_WITH,STOP,1.0,0.0,349583828.77532655,-1.2381603362814815
-1.0196761975553508,1670037600,1670037840,1670047500,1,ALIGNED_WITH,STOP,4.0,0.0,364222001.9821651,-1.4382508475101132
0.01746024096385525,1670120700,1670122320,1670124120,-1,MIXED,TIME,27.0,0.12315930388215529,3.652173883390411,2.215737608098431
-1.0233499216607653,1670131200,1670131740,1670132580,1,ALIGNED_WITH,STOP,9.0,0.2755581668625346,1.5074626810962044,-4.579691562274972
0.07919524932320893,1670132700,1670133180,1670133900,1,ALIGNED_WITH,STOP,8.0,0.0,473146450.09173393,-3.3803111839393867
0.16896975982529555,1670201100,1670201220,1670201700,-1,ALIGNED_COUNTER,STOP,2.0,0.3034934497816908,1.4964028727670389,2.240319866627653
-1.0125002615787007,1670216100,1670216220,1670217120,1,ALIGNED_WITH,STOP,2.0,0.25419295276194714,10.923728770585956,-1.1798764877562145
0.09008557884845321,1670218500,1670219940,1670229540,1,ALIGNED_WITH,STOP,24.0,0.3106534265048172,1.2430939186504877,-1.5080698662181122
-1.0289029182879905,1670285400,1670285880,1670286780,-1,MIXED,STOP,8.0,0.3472762645913369,1.127450977145925,1.2998555220316856
-1.028643393501831,1670286900,1670287560,1670288340,-1,MIXED,STOP,11.0,0.7244283995186458,0.6930232548573728,1.478861020351315
0.17877730453904356,1670289300,1670289960,1670290620,-1,MIXED,STOP,11.0,0.4479104179164115,1.368749996944007,1.2628599475250029
0.08617273728764469,1670376900,1670377020,1670378040,1,ALIGNED_WITH,STOP,2.0,0.15098277961386322,2.4193548226853485,-1.4973902795215914
0.12161219430481374,1670396100,1670396700,1670396940,-1,MIXED,STOP,10.0,0.5112227805694118,1.0642201814049368,3.7788602743422497
0.18454899118513543,1670397900,1670398500,1670398980,-1,MIXED,STOP,10.0,0.7102840352594896,0.5675675667685722,5.4221869253420225
0.7635456541911259,1670457600,1670458380,1670458800,1,ALIGNED_COUNTER,TP,13.0,0.26415094339616996,1.426229502797883,-2.166065082548583
0.770058661918135,1670461200,1670461260,1670462040,1,ALIGNED_COUNTER,TP,1.0,0.12465021622996739,2.971428547590853,-2.9315962672652263
0.7741908432147212,1670463900,1670464020,1670464620,1,ALIGNED_COUNTER,TP,2.0,0.0,488801054.01848847,-2.8171395006090196
0.08612494961708136,1670546700,1670546820,1670550600,1,ALIGNED_WITH,STOP,2.0,0.0024183796856634535,166.99993094185422,-1.0202356543649678
0.7388880506328609,1670580600,1670580660,1670580780,-1,ALIGNED_COUNTER,TP,1.0,0.0,1070379746.835578,2.7542776871157066
0.7439544186046173,1670580900,1670580960,1670581080,-1,ALIGNED_COUNTER,TP,1.0,0.07162790697664943,5.45454537840155,2.720881916411691
-1.0397633919681262,1670630400,1670630820,1670631660,-1,ALIGNED_COUNTER,STOP,7.0,0.23697311649512048,1.6274509735248177,1.608861624732178
0.7584452562326163,1670631900,1670632080,1670632740,-1,ALIGNED_COUNTER,TP,3.0,0.0,441135734.0719527,1.39056381117641
-1.065053612167185,1670664300,1670664360,1670664540,-1,ALIGNED_COUNTER,STOP,1.0,0.0,577946768.0607531,1.4855094165660288
-0.6198504936530715,1670718600,1670719140,1670720940,-1,MIXED,TIME,9.0,0.0,320874471.0860383,3.021854739101706
0.16924787878796962,1670723700,1670724420,1670726100,-1,MIXED,STOP,12.0,0.36363636363636936,0.8333333310416666,1.9440202344050788
-1.066988789737809,1670737500,1670737680,1670738460,-1,ALIGNED_COUNTER,STOP,3.0,0.0,530953708.86804867,1.1761620523099114
0.7709967632027082,1670803200,1670803260,1670803980,-1,MIXED,TP,1.0,0.04429301533217267,68.15384461517907,1.0000059244069288
0.7769705836726299,1670805600,1670805720,1670806680,-1,MIXED,TP,2.0,0.010859026565872338,41.74999615512261,1.327085573970614
0.20375565743944254,1670811300,1670813460,1670813700,-1,MIXED,STOP,36.0,0.7193771626297708,1.4713804693351067,2.3993855422258195
-1.0147487913836248,1670889600,1670889660,1670891460,1,ALIGNED_WITH,STOP,1.0,0.07710666421883493,5.033333268055309,-1.5064972821653972
0.08368844507845183,1670892900,1670893020,1670907180,1,ALIGNED_WITH,STOP,2.0,0.0,370898716.11982006,-1.584429734792173
1.4602068903534444,1670916000,1670916240,1670917740,1,ALIGNED_WITH,STOP,4.0,0.4152186938286928,1.1414141386649532,-3.6365062025017
-1.025966652745899,1670976000,1670977260,1670977920,-1,ALIGNED_COUNTER,STOP,21.0,0.616830235957469,0.6161137430769272,1.8660216155576623
-1.0237946544482976,1670978700,1670978760,1670979600,-1,ALIGNED_COUNTER,STOP,1.0,0.0,716303932.7987597,1.7790140660961395
0.768166335118533,1671009000,1671009360,1671009720,-1,ALIGNED_COUNTER,TP,6.0,0.0,474878857.43429935,2.709982419932006
-1.0130394764619093,1671069300,1671069600,1671069840,1,ALIGNED_WITH,STOP,5.0,0.3657378087397074,1.666666662109668,-2.670354760910918
0.7818097007223578,1671069900,1671069960,1671070680,1,MIXED,TP,1.0,0.0,1238390092.8792517,-2.257861371699056
-0.4832780968234117,1671074100,1671074700,1671076500,-1,ALIGNED_COUNTER,TIME,10.0,0.0,368983215.42516035,2.9470598442201
-0.821760846404243,1671149100,1671149160,1671150960,-1,MIXED,TIME,1.0,0.0,490973660.84634185,1.2098334995038271
-0.11896452873895973,1671151200,1671151320,1671153120,-1,MIXED,TIME,2.0,0.0,324308672.3613705,1.8204756186220188
-1.0476527322403946,1671174300,1671174360,1671174600,-1,MIXED,STOP,1.0,0.0,1163934426.2294652,1.1172340162410053
0.09283710448858216,1671237000,1671237660,1671246300,-1,ALIGNED_WITH,STOP,11.0,0.04635761589402096,7.9722220502534284,0.9914434573013575
1.516292105749618,1671321000,1671321540,1671327060,-1,ALIGNED_WITH,STOP,9.0,0.438713255684943,0.8141592901797259,2.676104480781168
0.7572438872620686,1671356400,1671356460,1671356580,1,ALIGNED_COUNTER,TP,1.0,0.0,737920937.0425323,-4.719054046709865
-0.39355644469847956,1671365100,1671367740,1671369540,1,ALIGNED_COUNTER,TIME,44.0,0.616176050300135,0.9545454529962676,-1.3292619537658994
0.7507555602359879,1671371400,1671371520,1671373020,1,ALIGNED_COUNTER,TP,2.0,0.0,342038753.1593892,-1.346984268837655
-1.014875500476619,1671408000,1671408360,1671409380,-1,ALIGNED_WITH,STOP,6.0,0.440419447092466,0.6848484832934493,1.1150775837545077
0.0868970153417086,1671409800,1671409860,1671412620,-1,ALIGNED_WITH,STOP,1.0,0.33974895397489124,1.5517241333637677,1.2870530739880615
0.7775721720760987,1671422100,1671423000,1671423720,1,ALIGNED_COUNTER,TP,15.0,0.16938736316495281,2.0476190355311337,-1.2974070206618036
-1.0074253806455644,1671501600,1671501900,1671504120,-1,ALIGNED_WITH,STOP,5.0,0.15213001250119149,2.336283170483839,0.8370749522772079
0.09164203844370271,1671504300,1671504420,1671505260,-1,ALIGNED_WITH,STOP,2.0,0.053921044185277836,9.02777761035556,1.281086745788187
-0.6987110308101369,1671526200,1671526440,1671528240,1,MIXED,TIME,4.0,0.21034613921637427,2.215189862887169,-1.819605813817807
-1.0223155719139025,1671582600,1671582660,1671583380,1,MIXED,STOP,1.0,0.0,369950924.8773152,-1.035895666966932
0.12808864734296124,1671584100,1671584640,1671585600,1,MIXED,STOP,9.0,0.24451876625784122,1.7659574395869775,-1.3406306777213712
-0.1556099345182032,1671593400,1671593640,1671595440,1,MIXED,TIME,4.0,0.0,377174929.8409156,-1.85915146227607
0.15161698042171287,1671716700,1671717960,1671718500,-1,MIXED,STOP,21.0,0.7484939759034549,0.8521126749182302,2.9835820183950954
0.08228207697559602,1671720300,1671720360,1671720780,-1,ALIGNED_WITH,STOP,1.0,0.0,758824869.0503095,4.182528851136874
0.08680107801416018,1671724800,1671725460,1671730560,-1,ALIGNED_WITH,STOP,11.0,0.3193191489362069,1.1940298470068398,2.3766530245281072
-1.0268493720027236,1671754800,1671754980,1671756480,1,MIXED,STOP,3.0,0.0,393240465.85976076,-1.0678745271093033
-0.03974019120447206,1671777900,1671779040,1671780840,1,MIXED,TIME,19.0,0.43900573613770627,1.341463411578342,-2.577925814402581
-1.0540860881542025,1671783000,1671783240,1671783480,1,MIXED,STOP,4.0,0.5656565656565113,0.9204545438276376,-1.8614894669282647
-1.0296413610586193,1671841500,1671841920,1671851400,-1,ALIGNED_WITH,STOP,7.0,0.12703213610593714,2.9166666437048288,2.2880310417999556
-0.6374141791045245,1671851700,1671852420,1671854220,-1,MIXED,TIME,12.0,0.08208955223896791,6.4545453759032245,1.06544437151367
0.07646981250004545,1671859500,1671859560,1671860580,1,MIXED,STOP,1.0,0.0,358750000.000191,-3.0751291182196883
0.12576906825569142,1671926400,1671928020,1671929820,1,MIXED,TIME,27.0,0.4398699891659966,0.6896551708455857,-0.8155057215932633
0.3118069542819633,1671936000,1671936540,1671938340,1,MIXED,TIME,9.0,0.36960721184822587,1.2195121918218204,-1.368332180486108
-1.15798201342268,1671966600,1671966660,1671966780,1,MIXED,STOP,1.0,0.3006711409393385,3.374999988779091,-1.710314613924292
-1.0511297227036553,1672020600,1672020780,1672021560,-1,MIXED,STOP,3.0,0.0606585788561527,7.6999998730607295,3.0244790734474285
-0.3577775487671388,1672021800,1672022220,1672024020,-1,MIXED,TIME,7.0,0.5358851674641956,1.076923074913381,1.0491415026504292
0.0858397336292987,1672034100,1672034760,1672036560,1,MIXED,TIME,11.0,0.3107658157602588,1.0333333300077292,-2.0005812831374845
-1.0266069252389345,1672100700,1672101060,1672101540,1,ALIGNED_WITH,STOP,6.0,0.24080944350768863,1.3333333277957387,-5.010885565846328
0.079215754692073,1672102200,1672102260,1672102920,1,ALIGNED_WITH,STOP,1.0,0.0,484800422.94469523,-3.6765534192270266
-1.0486912701696323,1672141500,1672144200,1672144560,-1,ALIGNED_COUNTER,STOP,45.0,0.671907323127979,0.7499999988836963,1.9526235384022208
0.0730950143926721,1672185600,1672185660,1672190820,-1,ALIGNED_WITH,STOP,1.0,0.0,367530224.52515334,1.2045595715312138
-0.38689248718409136,1672202100,1672202640,1672204440,1,ALIGNED_COUNTER,TIME,9.0,0.18561074774615496,1.706666657472185,-1.7396134530700684
-0.07695731209943549,1672206300,1672206420,1672208220,1,ALIGNED_COUNTER,TIME,2.0,0.38881336181790127,1.0139860113779084,-2.6541072725483015
0.08611057934511591,1672272600,1672273980,1672281660,-1,ALIGNED_WITH,STOP,23.0,0.025188916876573847,16.499999344950023,1.8375469212586986
-1.0218307851433641,1672307400,1672308060,1672320360,-1,ALIGNED_WITH,STOP,11.0,0.4897038081805985,0.7983870951438703,1.1608097284178438
-1.0444656357388735,1672321200,1672321440,1672321920,1,ALIGNED_COUNTER,STOP,4.0,0.6307751050020699,0.5677966092689479,-1.5720882984481925
0.06595383714116076,1672368300,1672368600,1672369200,-1,ALIGNED_WITH,STOP,5.0,0.3444639718804048,0.8749999974603085,1.3690653821482759
0.06185461133065183,1672377600,1672379340,1672379520,-1,ALIGNED_WITH,STOP,29.0,0.670948616600836,5.2783505075966,1.3330246376490122
0.07174925627897963,1672380600,1672380780,1672381560,-1,ALIGNED_WITH,STOP,3.0,0.20482809070958466,2.149999989503029,1.8561639742448959
-0.24131329331049778,1672445100,1672445340,1672447140,-1,MIXED,TIME,4.0,0.0,376214979.9884861,1.0166825930906278
0.40264367614889207,1672453500,1672453800,1672455600,1,MIXED,TIME,5.0,0.006126914660965346,53.99999118522947,-1.0760549658762075
-0.330986461126072,1672460100,1672460340,1672462140,1,ALIGNED_COUNTER,TIME,4.0,0.0,319034852.54705185,-2.172683477258112
0.07852956465236582,1672531500,1672531740,1672533540,-1,ALIGNED_WITH,STOP,4.0,0.1715399610135556,2.3181818046691873,2.5823813749102085
0.07915988120945947,1672538400,1672538580,1672552980,-1,ALIGNED_WITH,STOP,3.0,0.0,351511879.0497846,1.574848263594857
0.05656948515601166,1672558200,1672558260,1672558620,-1,ALIGNED_WITH,STOP,1.0,0.0,363021420.5184768,2.878761483000953
-1.0653453932584243,1672617600,1672617660,1672618380,1,MIXED,STOP,1.0,0.0,479775280.8990285,-1.570438340628684
-1.0612326476792462,1672619400,1672619520,1672621200,1,MIXED,STOP,2.0,0.19936708860764255,1.851851842562699,-1.5449430733934029
-1.0604419708029567,1672621800,1672621860,1672622160,1,MIXED,STOP,1.0,0.0,795620437.9562985,-1.5941626363501367
-0.19779189576168446,1672711500,1672712520,1672714320,-1,ALIGNED_COUNTER,TIME,17.0,0.044100801832702624,8.181817996303627,1.1191930484001513
0.7324080161476627,1672725900,1672725960,1672726320,-1,ALIGNED_COUNTER,TP,1.0,0.13725490196083903,3.8823529128882384,2.2703024986041527
0.06727010626400776,1672729500,1672730040,1672733100,1,ALIGNED_WITH,STOP,9.0,0.0,317114093.9596014,-2.776841626573204
0.05680403703709437,1672791000,1672791060,1672792500,1,ALIGNED_WITH,STOP,1.0,0.0,326666666.66674304,-1.1178321276861225
0.7396379328164912,1672794600,1672794660,1672794720,1,MIXED,TP,1.0,0.0,564341085.271539,-2.039092081278285
-1.0413591375044573,1672795800,1672795860,1672796460,1,MIXED,STOP,1.0,0.0,435489572.2869945,-1.2238975578487012
0.7522688385268369,1672877700,1672879260,1672879620,-1,ALIGNED_COUNTER,TP,26.0,0.7365439093484246,0.569230768458041,1.594065979268425
0.1752123981899436,1672879800,1672880160,1672880460,-1,ALIGNED_COUNTER,STOP,6.0,0.34841628959275445,1.1454545421668099,0.9728454292483093
0.04230262447886547,1672903800,1672903860,1672907580,1,ALIGNED_WITH,STOP,1.0,0.0,1627667402.5017908,-2.614105412384187
1.4151913486005154,1672963800,1672964460,1672966260,1,ALIGNED_WITH,STOP,11.0,0.5114503816791428,0.6268656704165092,-0.9631771668419259
-1.0632462614308165,1672978800,1672979400,1672979760,-1,ALIGNED_COUNTER,STOP,10.0,0.6024744486282783,1.1874999980289622,1.542510039586051
-0.23212391763484458,1672980000,1672980240,1672982040,-1,ALIGNED_COUNTER,TIME,4.0,0.0,354804646.2512566,1.6657881404966663
0.07744777112440912,1673049900,1673052000,1673054280,1,ALIGNED_WITH,STOP,35.0,0.47105788423150197,0.9661016928645179,-1.2141345784090873
1.7124935473085605,1673071500,1673071560,1673078760,1,ALIGNED_WITH,STOP,1.0,0.0,758274824.473619,-1.5913414089499656
0.0336654901961905,1673088300,1673088420,1673092560,1,ALIGNED_WITH,STOP,2.0,0.01176470588260902,40.9999965140908,-1.2914674609310715
0.019075605595451864,1673136000,1673136060,1673136600,1,ALIGNED_WITH,STOP,1.0,0.0,831115660.1841578,-1.12914223346714
0.0489761689291824,1673142300,1673142360,1673145360,1,ALIGNED_WITH,STOP,1.0,0.0,533936651.5838647,-1.5776809625525825
0.051971914893656,1673147100,1673148900,1673151540,1,ALIGNED_WITH,STOP,30.0,0.19574468085099322,1.9565217291357797,-1.4807113248068793
0.7791975728155138,1673223300,1673223360,1673223720,-1,ALIGNED_COUNTER,TP,1.0,0.0,449029126.21359277,2.298732353203245
0.09006122381658238,1673229000,1673231340,1673242080,1,ALIGNED_WITH,STOP,39.0,0.7013854527461671,0.6222222213351072,-2.2546910530130617
0.08634669365724214,1673285700,1673286900,1673289360,1,ALIGNED_WITH,STOP,20.0,0.3211875843455291,1.2720588195686684,-2.2469291068175568
-0.1602805857554686,1673311200,1673311500,1673313300,-1,ALIGNED_COUNTER,TIME,5.0,0.0,369647215.44257635,1.5391837057864588
-1.0474422729060882,1673339700,1673339760,1673340900,-1,ALIGNED_COUNTER,STOP,1.0,0.0,379866299.6459682,1.8088576997493298
0.3069212781409624,1673342400,1673343060,1673344860,-1,ALIGNED_COUNTER,TIME,11.0,0.5185185185185597,1.1176470566681302,2.2593541516525097
0.07747015503873476,1673395200,1673396100,1673400480,1,ALIGNED_WITH,STOP,15.0,0.31782945736437507,1.1341463378948133,-1.410590852853718
-1.0210090462651629,1673403900,1673403960,1673405940,1,ALIGNED_WITH,STOP,1.0,0.0,347376583.09635663,-1.7592628944338105
0.07994485881290167,1673406000,1673406060,1673408700,1,ALIGNED_WITH,STOP,1.0,0.0,715732279.5752392,-1.79562391449694
-0.4827924566357341,1673481600,1673481720,1673483520,-1,ALIGNED_COUNTER,TIME,2.0,0.026825332795451465,15.789473095625603,2.0783082457386213
0.21014855300960675,1673485200,1673485260,1673486460,-1,ALIGNED_COUNTER,STOP,1.0,0.0,824048770.2333431,1.9936700688951938
0.08718584571831155,1673502600,1673502660,1673504040,1,ALIGNED_WITH,STOP,1.0,0.0,590233545.6475449,-2.0444629720548266
-1.0065868800957538,1673568000,1673568180,1673570640,1,ALIGNED_WITH,STOP,3.0,0.0,335103597.8756813,-1.8044797040298242
0.09124714195247052,1673570700,1673570760,1673573520,1,ALIGNED_WITH,STOP,1.0,0.0,713928607.1392819,-2.533432520609619
-1.0117874899544634,1673578800,1673580780,1673589480,1,ALIGNED_WITH,STOP,33.0,0.27189927672113634,1.9448275790539455,-1.015107024145531
0.14596839287185365,1673657100,1673657220,1673657640,-1,ALIGNED_COUNTER,STOP,2.0,0.48167165490540403,0.8747007164601618,4.38623016564477
-1.009103713527847,1673688300,1673688360,1673688660,1,ALIGNED_WITH,STOP,1.0,0.0,1823607427.0557177,-6.456905815172515
-1.006235364769643,1673688900,1673688960,1673691780,1,ALIGNED_WITH,STOP,1.0,0.0,998894308.9431007,-4.0702846345528245
0.09169575424431381,1673742900,1673742960,1673743920,1,ALIGNED_WITH,STOP,1.0,0.0,893412350.7686912,-2.059106941418793
0.09330091003820883,1673753100,1673753220,1673766180,1,ALIGNED_WITH,STOP,2.0,0.13907606807922213,2.951048929829191,-1.5051053034148902
0.05309590970281697,1673776800,1673777100,1673778900,-1,ALIGNED_COUNTER,TIME,5.0,0.06668737703218373,6.891304244490963,2.4064061349041364
-1.0110819551718777,1673827200,1673827560,1673828400,1,ALIGNED_WITH,STOP,6.0,0.7473875511131292,0.5148936163323675,-1.6053135877210614
3.245560379976555,1673828700,1673829360,1673831280,1,ALIGNED_WITH,STOP,11.0,0.5020813320525455,0.955357140954244,-1.5357597768709956
0.09177825630832515,1673831400,1673831580,1673831820,1,ALIGNED_WITH,STOP,3.0,0.570482027497109,2.4390243859684917,-2.6503609454818027
0.09318357783494144,1673918400,1673919000,1673921160,1,ALIGNED_WITH,STOP,10.0,0.39421539317249354,0.795061726378259,-1.9000297944972142
0.08694426359666892,1673936100,1673936160,1673940300,1,ALIGNED_WITH,STOP,1.0,0.0,518724361.51912576,-1.1313768290963173
-1.0205130476848852,1673956800,1673956980,1673957220,-1,ALIGNED_COUNTER,STOP,3.0,0.21865929509335277,1.8230088412197123,1.6308029976737641
-1.0143943757247988,1674010200,1674010260,1674011520,-1,ALIGNED_COUNTER,STOP,1.0,0.20699652106686386,1.6143790771683808,1.0891166811696753
-1.021238948574739,1674034800,1674035040,1674035880,-1,ALIGNED_COUNTER,STOP,4.0,0.2647185217017757,1.7272727207476357,2.4383072508659533
0.4854910231281565,1674036600,1674036900,1674038700,-1,ALIGNED_COUNTER,TIME,5.0,0.0,393309813.14517033,2.137202609140072
0.13417172511743863,1674093600,1674094140,1674094500,-1,MIXED,STOP,9.0,0.23096252594775551,1.867549660788458,1.6106873846691874
-1.0164269304692124,1674097500,1674097560,1674098640,-1,MIXED,STOP,1.0,0.0,498586772.1876787,1.6295900096414258
-0.30895839057901364,1674102900,1674103200,1674105000,-1,MIXED,TIME,5.0,0.0,327772325.8096319,2.6512232422168305
0.08873988483394002,1674174300,1674174360,1674178440,1,ALIGNED_WITH,STOP,1.0,0.0,493307401.8990874,-1.0092537588191373
-1.012485607508386,1674192300,1674193860,1674198900,1,ALIGNED_WITH,STOP,26.0,0.5279653459039074,0.6858108095119736,-1.7519744356529712
-0.6016599366169291,1674203100,1674203460,1674205260,-1,MIXED,TIME,6.0,0.10167701043179728,3.2181817865309235,1.2188134243094642
0.09452888082273912,1674265800,1674266880,1674287580,1,ALIGNED_WITH,STOP,18.0,0.07114337568057522,4.816326462913802,-1.3547625492471793
0.7791368248558079,1674290700,1674290760,1674291120,-1,ALIGNED_COUNTER,TP,1.0,0.0,512060828.5265061,2.6623581972267036
-1.0140725244687419,1674294300,1674294360,1674294600,-1,ALIGNED_COUNTER,STOP,1.0,0.0,669076800.987577,1.8432317346424718
-0.37038173787342776,1674364800,1674365040,1674366840,-1,ALIGNED_COUNTER,TIME,4.0,0.0,421619017.0253796,2.45466292434632
0.7802367902451202,1674369600,1674370320,1674371160,-1,ALIGNED_COUNTER,TP,12.0,0.2103707353122437,2.647540971021219,2.3213569402540872
-1.0192073642479709,1674380700,1674382980,1674384240,-1,ALIGNED_COUNTER,STOP,38.0,0.4473810667947869,1.0902255614729282,1.0164282577442867
0.08766264602009677,1674446100,1674447300,1674452040,1,ALIGNED_WITH,STOP,20.0,0.5118174409128183,0.7738853488063784,-1.2465159731377198
-0.3411828251120862,1674466200,1674466260,1674468060,-1,ALIGNED_COUNTER,TIME,1.0,0.0,334304932.73541594,1.3563271246249033
-1.0164002047082872,1674469200,1674469920,1674471420,-1,ALIGNED_COUNTER,STOP,12.0,0.41269191402250904,1.052083330784142,4.834334513495851
-1.0110935293714554,1674526500,1674526620,1674529920,1,ALIGNED_WITH,STOP,2.0,0.0,413119473.5759945,-1.133865130134589
0.08819561162917133,1674530100,1674531360,1674534960,1,ALIGNED_WITH,STOP,21.0,0.5037849698299415,0.7225609741755298,-1.8539029315522517
-1.0149692208212227,1674540300,1674540420,1674543420,1,ALIGNED_WITH,STOP,2.0,0.0,467507274.49075925,-1.4042533035295615
0.2239952299097646,1674604800,1674605880,1674606240,-1,MIXED,STOP,18.0,0.24516544907605284,1.6779141035855378,2.9107766038348566
-1.0246833410960916,1674629700,1674629820,1674631260,-1,MIXED,STOP,2.0,0.0,432541530.81814456,1.39416221018571
-1.0248022528160483,1674638100,1674638160,1674638340,1,MIXED,STOP,1.0,0.0,523466833.54187906,-1.5667135675109374
-0.15068521844047533,1674694500,1674695520,1674697320,-1,ALIGNED_COUNTER,TIME,17.0,0.0,355509413.8443838,1.4280182134148167
0.7876368416952186,1674784800,1674785220,1674785940,1,MIXED,TP,7.0,0.4842630102835897,0.7387387372132074,-1.1514727302790313
-0.5080694097371935,1674787500,1674787740,1674789540,-1,MIXED,TIME,4.0,0.051271003877660544,6.784313593164387,2.205282637633054
0.2672688034188204,1674799800,1674800340,1674801060,1,MIXED,STOP,9.0,0.06629706629710165,5.634146256476718,-1.933719025990527
0.44041800900448347,1674866700,1674866760,1674868560,-1,ALIGNED_COUNTER,TIME,1.0,0.0,392196098.0490259,1.4295935196757725
-0.45657688334050583,1674883200,1674883260,1674885060,-1,ALIGNED_COUNTER,TIME,1.0,0.0,647869134.7395579,1.3944267689831693
0.7676174280539549,1674890100,1674890220,1674890460,-1,ALIGNED_COUNTER,TP,2.0,0.0,366270879.452605,2.2617522547125533
0.7657986249207114,1674952500,1674952560,1674952620,1,MIXED,TP,1.0,0.0,1815527818.912619,-1.621914708552735
0.08099863085834946,1674954300,1674954360,1674954480,1,ALIGNED_WITH,STOP,1.0,0.0,1314727049.324221,-2.804493229531405
-1.0162330315174835,1674955200,1674955260,1674955380,1,ALIGNED_WITH,STOP,1.0,0.0,2643313047.3504796,-5.318445136829034
0.0887,1675038600,1675038780,1675040400,1,ALIGNED_WITH,STOP,3.0,0.12428571428572469,3.0114942286425634,-1.3709003074330859
-1.0111233024691433,1675041900,1675042020,1675044660,1,ALIGNED_WITH,STOP,2.0,0.0,452294685.99031836,-1.7635522687044942
0.08970549279558297,1675044900,1675044960,1675063260,1,ALIGNED_WITH,STOP,1.0,0.0,448324152.7401662,-2.333983416480838
0.7857396906294746,1675123200,1675123920,1675125480,-1,MIXED,TP,12.0,0.4018240343347439,1.336448594804992,2.066732969651361
-0.10282952667168628,1675131300,1675131360,1675133160,-1,MIXED,TIME,1.0,0.0,372652141.2471713,1.407678581235553
0.7681107843137689,1675144800,1675144860,1675146120,1,MIXED,TP,1.0,0.0,750700280.1121328,-1.1296271225462946
-1.0180130376792182,1675227900,1675228380,1675232220,1,ALIGNED_WITH,STOP,8.0,0.11437145715233263,2.816326505989711,-1.389031641035948
0.07722396449703436,1675232400,1675232520,1675233720,1,ALIGNED_WITH,STOP,2.0,0.0,627218934.9112535,-2.749786037187501
0.7690959586285986,1675235100,1675235400,1675235820,1,MIXED,TP,5.0,0.2198812488029299,1.5609756026566948,-3.3193456208972725
1.6914250520303924,1675296000,1675297380,1675298520,1,ALIGNED_WITH,STOP,23.0,0.3608247422680418,1.9718309804507042,-1.4547572454379305
-1.0067402930402989,1675305300,1675306320,1675318440,1,ALIGNED_WITH,STOP,17.0,0.38884192730346645,0.878260867306591,-1.073497925182874
0.08651704352053802,1675319400,1675319580,1675320720,1,ALIGNED_WITH,STOP,3.0,0.0,481643569.17096967,-1.3069016513512974
0.17459594953518218,1675382700,1675384380,1675384800,-1,MIXED,STOP,28.0,0.18676807919834595,2.3167420690437703,1.601931694250097
-1.025876858589083,1675412100,1675412400,1675413120,-1,MIXED,STOP,5.0,0.6732046820626699,0.7302631568098495,0.9121841948643776
-0.7017067550235135,1675414800,1675415040,1675416840,-1,MIXED,TIME,4.0,0.09576742197518846,4.2916666218543424,2.5100622204814416
0.023689135073051093,1675477500,1675477860,1675479660,1,MIXED,TIME,6.0,0.39750533398980337,1.21965317612266,-1.214484189253662
0.7662086299668814,1675486800,1675486860,1675487760,-1,MIXED,TP,1.0,0.0,330298013.2450747,1.0802906681305848
0.22657876553614,1675490700,1675491000,1675491120,-1,MIXED,STOP,5.0,0.21824310090587784,2.135135125351329,2.3831070803446557
0.7684721675351944,1675555800,1675555980,1675556220,-1,MIXED,TP,3.0,0.005404362092279782,157.49997085630739,1.1099433016296176
0.22733846897667365,1675558500,1675558560,1675558680,-1,MIXED,STOP,1.0,0.0,1739564867.0426543,1.86813256151826
-0.8481675933280013,1675560300,1675561260,1675563060,-1,MIXED,TIME,16.0,0.3465713529256118,0.9144385000351545,2.6233096274619374
0.08838478723019788,1675643400,1675643460,1675647780,-1,ALIGNED_WITH,STOP,1.0,0.0,357150578.31583345,1.6608241566651043
-0.5916188743328648,1675661700,1675662480,1675664280,1,ALIGNED_COUNTER,TIME,13.0,0.12396894711310222,5.493150640618419,-3.6848489997720097
-0.6711081260806281,1675674600,1675676160,1675677960,1,ALIGNED_COUNTER,TIME,26.0,0.6591302034844704,0.6977401119358368,-1.6348204372575215
-1.0110999442469848,1675728300,1675730580,1675733280,-1,ALIGNED_WITH,STOP,38.0,0.5385741166631702,0.8586956505796023,2.035046654359883
-1.010216227102705,1675733400,1675734060,1675747380,-1,ALIGNED_WITH,STOP,11.0,0.08324542054283153,4.693548330713928,1.472287102563
-1.020166075471689,1675747800,1675748580,1675750860,-1,ALIGNED_WITH,STOP,13.0,0.6101886792453407,0.649350648286408,1.2599065676124024
-0.3486245049775491,1675814400,1675814520,1675816320,1,MIXED,TIME,2.0,0.0,304780658.57129264,-1.2574692611949576
0.13114409766211715,1675817400,1675818720,1675818960,1,MIXED,STOP,22.0,0.7174939537026319,2.4831460639548704,-1.1572007751742737
-0.3839909108678838,1675822200,1675822860,1675824660,1,MIXED,TIME,11.0,0.12314308053166483,2.5222222017402576,-1.4322783899896083
0.12704124035440956,1675905000,1675905240,1675905900,1,ALIGNED_COUNTER,STOP,4.0,0.0,472134895.6844527,-1.0085504109936352
-0.44574841759681944,1675908900,1675908960,1675910760,1,ALIGNED_COUNTER,TIME,1.0,0.0,511096520.02624816,-1.9217521541714622
0.7800952422907709,1675912200,1675912260,1675912440,1,ALIGNED_COUNTER,TP,1.0,0.0,877533039.6475602,-1.551778526107907
0.0935120717504079,1675987800,1675989120,1676002800,-1,ALIGNED_WITH,STOP,22.0,0.08569242540170285,4.624999946026623,1.9892064447653752
0.785438358796986,1676044500,1676044740,1676044920,1,ALIGNED_COUNTER,TP,4.0,0.46007494955314426,0.9210526295770635,-1.6583026347303575
0.7883319107887143,1676049600,1676050440,1676051580,1,ALIGNED_COUNTER,TP,14.0,0.1663837011884699,2.1753246622503246,-1.7186549231914083
0.060253359477066254,1676117400,1676117460,1676117580,-1,ALIGNED_WITH,STOP,1.0,0.21960784313725176,2.0249999907795635,1.8841269635941298
0.06477323144608058,1676118000,1676118060,1676118180,-1,ALIGNED_WITH,STOP,1.0,0.384161167071787,1.2911392371458468,5.215182523795191
0.06965855558886647,1676118600,1676119380,1676119920,-1,ALIGNED_WITH,STOP,13.0,0.44471081810017565,1.4716981098977693,3.5571250450634055
0.08436856368564769,1676160000,1676160420,1676163960,-1,ALIGNED_WITH,STOP,7.0,0.5025310630465096,0.6538461525449762,1.2944158788860793
0.7634716499761329,1676196000,1676196240,1676196540,-1,MIXED,TP,4.0,0.1068192656174495,3.343749968700395,2.6772972336565726
-1.0324530460624377,1676197200,1676197320,1676198040,-1,MIXED,STOP,2.0,0.0,505200594.3536342,1.715051333069902
0.7863563249239579,1676249100,1676249160,1676249460,1,ALIGNED_COUNTER,TP,1.0,0.0,628735015.208405,-1.4240913262702375
0.13012759962638185,1676277900,1676277960,1676278560,1,MIXED,STOP,1.0,0.0,536114570.36110973,-1.9893354359271032
0.13027345977766355,1676280300,1676280420,1676280780,1,ALIGNED_COUNTER,STOP,2.0,0.08790058861999892,8.020833242085637,-1.467495816967304
-1.0214723938496622,1676332800,1676333220,1676334180,-1,MIXED,STOP,7.0,0.3337565241923687,2.1065088694285325,1.3753408912040332
0.13933131604227703,1676364000,1676364180,1676364960,1,MIXED,STOP,3.0,0.0941402497598215,4.607142808204136,-1.3797134527165826
-0.3162018014955958,1676368800,1676368860,1676370660,-1,MIXED,TIME,1.0,0.23079537729437288,2.0206185479460825,2.3900039821653274
-1.0191972294372342,1676420700,1676421000,1676421300,1,MIXED,STOP,5.0,0.02770562770566563,18.812499320959777,-1.5308206121829722
0.769274666666681,1676429400,1676429460,1676430120,1,MIXED,TP,1.0,0.0,417910447.761194,-1.4713296630968844
0.11362652388802792,1676436300,1676436960,1676437140,-1,MIXED,STOP,11.0,0.20428336079080106,2.9516128887767215,1.4399083962261439
1.3326435896348574,1676505600,1676506140,1676506620,1,ALIGNED_WITH,STOP,9.0,0.27074939564866163,3.407894724255349,-1.840973336235289
0.09532675736040214,1676508900,1676509440,1676515260,1,ALIGNED_WITH,STOP,9.0,0.10404060913705171,3.2786884930767486,-1.1311124380767348
0.09018578190895277,1676556300,1676556360,1676556960,1,ALIGNED_WITH,STOP,1.0,0.0,892847921.507859,-1.4216735147940702
0.14388423228854927,1676592300,1676592540,1676594160,1,MIXED,STOP,4.0,0.0,603167571.1596012,-1.5210696470026288
-0.10136526587701014,1676604600,1676604960,1676606760,-1,MIXED,TIME,6.0,0.4427923387096857,0.7649402373163053,1.515338396863563
0.784673206848685,1676620200,1676620440,1676620980,-1,MIXED,TP,4.0,0.0,395187413.2346149,1.9519837767487367
0.09589844789883507,1676678400,1676679300,1676680620,1,ALIGNED_WITH,STOP,15.0,0.17370222475755465,2.0114942412934758,-0.9144433607758884
0.08143097321667037,1676820000,1676820060,1676820180,1,ALIGNED_WITH,STOP,1.0,0.0,3327923627.6849966,-2.445096278576716
0.08760748488083775,1676820600,1676820660,1676821320,1,ALIGNED_WITH,STOP,1.0,0.0,1397011739.5944502,-4.651159550297371
0.08975642915642212,1676823000,1676823060,1676824380,1,ALIGNED_WITH,STOP,1.0,0.0,874692874.6928848,-2.3204965254674392
0.24016037353737937,1676851800,1676853720,1676854080,-1,MIXED,STOP,32.0,0.626912691269136,0.7537688430187458,1.990573864285654
0.7879892383048025,1676854800,1676854980,1676855160,-1,MIXED,TP,3.0,0.2762830978917034,1.6330935192686638,1.124825131027844
0.7903678233438353,1676856000,1676856120,1676856720,1,MIXED,TP,2.0,0.0,605448809.8652266,-1.2716569882348634
0.13181867740925493,1676937600,1676937840,1676938860,-1,ALIGNED_COUNTER,STOP,4.0,0.0,398451396.88187706,2.683276430240814
0.7819093023255934,1676940000,1676940300,1676941560,-1,ALIGNED_COUNTER,TP,5.0,0.318313953488393,1.4474885799272954,2.970196733801763
0.0911846130592626,1676949600,1676950020,1676962800,1,ALIGNED_WITH,STOP,7.0,0.024334945586449292,14.521738533695775,-1.5228310861227288
0.7889755532614848,1677024000,1677025320,1677026820,-1,MIXED,TP,22.0,0.2267243047938443,1.4302788781538427,1.4943214123913813
0.7890491571932681,1677033000,1677033060,1677033120,-1,MIXED,TP,1.0,0.0,774728864.4975882,1.0609658861957232
-1.0095828339575674,1677034200,1677034320,1677035280,-1,MIXED,STOP,2.0,0.0,416297809.556219,1.4738929390470636
-0.7622092493091863,1677121200,1677121260,1677123060,1,MIXED,TIME,1.0,0.0,681301811.4829738,-1.2059160704179628
-0.2968104826194745,1677124200,1677124260,1677126060,1,MIXED,TIME,1.0,0.0,401924270.6393535,-2.1679077542715173
-0.16572279319044741,1677131700,1677131760,1677133560,1,MIXED,TIME,1.0,0.0,361916771.7528675,-1.3953982840284438
0.0895956006453328,1677197400,1677197580,1677200160,-1,ALIGNED_WITH,STOP,3.0,0.43652271034996365,0.9492537291686813,1.7082311594776243
0.17231293797042943,1677215400,1677215460,1677216660,1,ALIGNED_COUNTER,STOP,1.0,0.2616143264988553,1.6388888826240993,-1.349282528142267
0.1907462077494219,1677219000,1677219480,1677220440,1,ALIGNED_COUNTER,STOP,8.0,0.6771090959054833,0.7272727261985859,-0.7693492500875614
0.09038919143382933,1677283200,1677285420,1677286260,-1,ALIGNED_WITH,STOP,37.0,0.20181526962093688,2.277777766491092,1.2762896064540818
0.5297585898153505,1677303300,1677303600,1677305400,1,ALIGNED_COUNTER,TIME,5.0,0.29966424174600176,1.2352941135244204,-1.4724107975735505
0.11698669116147722,1677311700,1677311760,1677312660,1,ALIGNED_COUNTER,STOP,1.0,0.0,505817513.77834135,-2.0797618034920444
0.08502639561150464,1677380400,1677380460,1677380700,-1,ALIGNED_WITH,STOP,1.0,0.0,489835430.7841812,1.4851803449942858
-1.0212936122623726,1677398100,1677398760,1677402240,-1,ALIGNED_WITH,STOP,11.0,0.2541938030392935,2.076086948354077,1.2678802161545157
-1.0268651147432661,1677406500,1677407460,1677407820,1,MIXED,STOP,16.0,0.3813769192669634,1.0242424215568688,-1.8530322885538508
-0.5006677886127624,1677457800,1677458040,1677459840,1,MIXED,TIME,4.0,0.10018873859706696,4.351648308212642,-1.32729794059498
0.7757151128266228,1677485400,1677485520,1677486420,-1,MIXED,TP,2.0,0.0,692102137.7672073,1.724817406566836
0.3048971066648057,1677498000,1677498180,1677499980,-1,MIXED,TIME,3.0,0.0,310349791.27683914,1.6864956585690838
-1.016166588050325,1677544200,1677544320,1677544500,1,MIXED,STOP,2.0,0.0,449882075.47170717,-1.1381406827222877
-1.015775908479128,1677546000,1677546720,1677548400,1,MIXED,STOP,12.0,0.34993270524899034,1.342307688471846,-3.185950442325718
0.22684234293188907,1677548700,1677548940,1677549780,1,MIXED,STOP,4.0,0.0,399214659.68586296,-2.4033378107907044
0.0914415596766579,1677629100,1677629160,1677632880,-1,ALIGNED_WITH,STOP,1.0,0.0,312886352.8292979,1.3622864987585674
-1.0102362318840477,1677634500,1677634560,1677639540,-1,ALIGNED_WITH,STOP,1.0,0.0,649716446.1247466,1.4053479271511713
-0.6626813932902489,1677642000,1677642180,1677643980,1,ALIGNED_COUNTER,TIME,3.0,0.032220943613330826,13.11538420834748,-1.7169238096729804
0.7820887868639931,1677716700,1677716940,1677718140,-1,ALIGNED_COUNTER,TP,4.0,0.04385870152313913,9.068965310471077,1.1215547731678412
-0.4690965601112087,1677722100,1677723480,1677725280,-1,ALIGNED_COUNTER,TIME,23.0,0.15687977762336813,4.813953457685816,1.36169563496949
-1.0175417955326442,1677741900,1677742020,1677743040,-1,ALIGNED_WITH,STOP,2.0,0.2435567010309117,2.58333332272694,1.4929717943251817
-0.5938125260235957,1677802500,1677803640,1677805440,1,MIXED,TIME,19.0,0.5019662271570677,0.8225806435225732,-1.509651680238428
2.743370616887266,1677807000,1677807060,1677807180,-1,ALIGNED_WITH,STOP,1.0,0.0,5094024940.708428,1.123093697434791
0.7662135968722468,1677961200,1677961260,1677961380,1,ALIGNED_COUNTER,TP,1.0,0.0,431798436.1425124,-1.4505212093045856
0.7722301644031786,1677963000,1677963060,1677963120,1,ALIGNED_COUNTER,TP,1.0,0.0,452823445.31814307,-1.7805904077568693
-1.0115219085574965,1677969900,1677970080,1677978960,-1,ALIGNED_WITH,STOP,3.0,0.0,474261042.8429473,2.1986604038292987
1.7483293290164357,1677980100,1677981180,1677983700,-1,ALIGNED_WITH,STOP,18.0,0.7158646868370958,0.5109170298540193,2.1204967268692423
0.0915407263399576,1677985800,1677986760,1678007700,-1,ALIGNED_WITH,STOP,16.0,0.24722559740784775,2.160550449976416,1.3864361295261212
0.7808771991726435,1678053600,1678053660,1678053960,-1,MIXED,TP,1.0,0.0,354301009.8552005,2.681436144626487
0.08846257840750504,1678068000,1678068060,1678068480,-1,ALIGNED_WITH,STOP,1.0,0.0,531547487.2703607,1.917668233628937
0.08951340565153154,1678071900,1678072080,1678082400,-1,ALIGNED_WITH,STOP,3.0,0.0,438730413.820824,1.259987756016734
-1.0324792191695553,1678115100,1678115220,1678116540,1,MIXED,STOP,2.0,0.05494732493280174,8.210526166374652,-2.2352127052350848
-1.049064750000079,1678170000,1678170060,1678170960,1,MIXED,STOP,1.0,0.0,341249999.9999643,-1.8065897296189222
0.1929795918367297,1678178700,1678180620,1678180740,-1,MIXED,STOP,32.0,0.5442176870748158,0.5583333323074565,3.0943307956258637
0.06931721568631583,1678182000,1678182060,1678182360,-1,ALIGNED_WITH,STOP,1.0,0.0,1008823529.411743,2.9081957350971535
1.6538171370840467,1678233900,1678234020,1678253700,-1,ALIGNED_WITH,STOP,2.0,0.0,655048304.6031619,2.2591458718258792
0.0890460098907565,1678256100,1678256160,1678263720,-1,ALIGNED_WITH,STOP,1.0,0.0,337709467.3924435,1.4732525687527405
-1.0246129750358057,1678273200,1678273260,1678274040,1,ALIGNED_COUNTER,STOP,1.0,0.0,300524725.7115609,-1.5854699075053849
0.09313250989706148,1678320600,1678321140,1678324260,-1,ALIGNED_WITH,STOP,9.0,0.0,388598574.8218329,2.6753838784563735
0.08710803722505214,1678371600,1678371660,1678372500,-1,ALIGNED_WITH,STOP,1.0,0.0,797715736.0405703,3.2106367967941543
0.1323949229164237,1678375200,1678375500,1678376040,1,ALIGNED_COUNTER,STOP,5.0,0.0,483598006.25940585,-1.9046053272744967
0.7923754234509921,1678411500,1678411620,1678411920,1,ALIGNED_COUNTER,TP,2.0,0.2707900775871605,1.2994350234498535,-1.350606282598171
-0.3009936641810449,1678412400,1678413240,1678415040,1,ALIGNED_COUNTER,TIME,14.0,0.3563898174337883,1.1454545422405105,-1.117706539223543
-0.36197145973692085,1678423200,1678423320,1678425120,1,ALIGNED_COUNTER,TIME,2.0,0.022457491177414232,16.55999926260602,-1.3499094104659428
0.7905872656198093,1678494900,1678496760,1678498260,1,ALIGNED_COUNTER,TP,31.0,0.6159146624263027,0.9834337333430221,-2.3936002010311914
0.7899542422756366,1678498500,1678498560,1678498860,1,ALIGNED_COUNTER,TP,1.0,0.08239333006377085,6.869047535677541,-1.7008992661661493
0.09411294406883337,1678499100,1678499160,1678502880,-1,ALIGNED_WITH,STOP,1.0,0.0,759803318.9920018,2.3195705842162364
0.07718825402143098,1678580100,1678580160,1678581960,1,MIXED,TIME,1.0,0.0,679121983.9141864,-1.8511689248949208
0.7749456019742589,1678607400,1678607460,1678607760,1,ALIGNED_COUNTER,TP,1.0,0.0,533051295.6107527,-1.0276402000025286
-1.0033827935884663,1678608300,1678608900,1678610700,1,ALIGNED_COUNTER,TIME,10.0,0.42132809944384825,1.940217386699614,-1.5277372311222082
0.7953465435420078,1678666500,1678666680,1678666860,1,MIXED,TP,3.0,0.015234410422280515,23.472220681470933,-1.532622971042506
-0.24382488020271217,1678670100,1678671180,1678672980,1,MIXED,TIME,18.0,0.0,356857924.182752,-1.6379439193852645
-0.10425051153939041,1678675800,1678675920,1678677720,1,MIXED,TIME,2.0,0.0,389245776.8260728,-2.550675383521871
0.0932912910406301,1678752300,1678753080,1678754100,1,ALIGNED_WITH,STOP,13.0,0.6936560934891391,0.8327316474156521,-1.4160587188807885
0.09257495060038531,1678767300,1678768140,1678770540,1,ALIGNED_WITH,STOP,14.0,0.2498860009120056,2.0583941523464198,-0.9780314167403986
-1.0084081129271953,1678772700,1678773240,1678774080,-1,ALIGNED_COUNTER,STOP,9.0,0.40009905894007436,1.0918544166817712,2.252110996802738
0.79558341161674,1678838400,1678839240,1678840200,-1,ALIGNED_COUNTER,TP,14.0,0.17248017248017236,2.183333320674859,1.4221604500222922
-0.03544454416000577,1678843200,1678843980,1678845780,-1,ALIGNED_COUNTER,TIME,13.0,0.5582011458091929,0.7051495003978495,2.3129098169136495
0.7875537437603847,1678873200,1678873260,1678873560,-1,ALIGNED_COUNTER,TP,1.0,0.0,1278159589.0906506,1.0669620407818698
0.7904831029271858,1678926600,1678926720,1678926900,-1,MIXED,TP,2.0,0.0,391783735.3780719,1.5183676702714515
-1.0133851706858812,1678947300,1678949100,1678949760,-1,ALIGNED_COUNTER,STOP,30.0,0.6883808330723394,0.6544585977753774,1.784576582090713
-1.0124672764227827,1678950000,1678951080,1678951680,-1,ALIGNED_COUNTER,STOP,18.0,0.7083333333333434,0.5552367280540177,2.158411240650013
2.2501993446204405,1679013000,1679015700,1679016600,1,ALIGNED_WITH,STOP,45.0,0.48510225135022356,1.0963222394212115,-1.6907573995249405
-1.0090857381785083,1679018400,1679018460,1679018760,-1,ALIGNED_COUNTER,STOP,1.0,0.1944148801378388,1.6204379478696136,1.6276346742953784
-1.0091280624398231,1679019000,1679019480,1679019780,-1,ALIGNED_COUNTER,STOP,8.0,0.7407632659267253,0.8342911866131792,1.9843006963570726
0.7949873679242851,1679097900,1679098080,1679098740,-1,ALIGNED_COUNTER,TP,3.0,0.0,392019087.0716519,1.0122829186506377
0.7953668898576514,1679101500,1679101860,1679103180,-1,ALIGNED_COUNTER,TP,6.0,0.414412678532724,1.0829943016991013,1.0535271021127457
0.09227734324237014,1679127300,1679127420,1679129340,1,ALIGNED_WITH,STOP,2.0,0.2311159844054764,2.1180811716469763,-1.907676682594324
-1.0091984972677683,1679185500,1679185620,1679185920,-1,ALIGNED_COUNTER,STOP,2.0,0.0,691939890.7103769,1.0704749038120926
-0.45759185575175343,1679186700,1679188380,1679190180,-1,ALIGNED_COUNTER,TIME,28.0,0.48334342822533155,0.716599188800772,2.444691693659599
0.7835564736387423,1679199000,1679199120,1679199660,-1,ALIGNED_COUNTER,TP,2.0,0.0,461019878.997432,1.1796789435513293
-1.0057720764467346,1679274600,1679274960,1679277960,1,ALIGNED_WITH,STOP,6.0,0.15654653183052525,2.410358550340118,-1.5563385162961376
0.09530367783985359,1679280300,1679280420,1679281860,1,ALIGNED_WITH,STOP,2.0,0.0,573728315.2014122,-2.570020930602391
0.14030341149239522,1679293200,1679293380,1679294880,-1,ALIGNED_COUNTER,STOP,3.0,0.0,383214249.7735841,2.288256975670406
-0.2572927131782939,1679372700,1679373660,1679375460,-1,ALIGNED_COUNTER,TIME,16.0,0.6914728682170674,0.6307922262925361,2.4720826306684898
0.13231773560805798,1679378700,1679378760,1679379480,-1,ALIGNED_COUNTER,STOP,1.0,0.0,1316850652.312715,2.6539573030061807
-1.0148266315300065,1679382600,1679382720,1679382960,-1,MIXED,STOP,2.0,0.10416989614011717,7.270833263536904,2.2316713743624303
0.7852802772574008,1679443200,1679443860,1679445180,-1,ALIGNED_COUNTER,TP,11.0,0.09022105657551958,3.38372089272675,1.9965329043560678
0.08873300824135291,1679455800,1679456460,1679462820,1,ALIGNED_WITH,STOP,11.0,0.3928479767302911,1.0152438998545945,-2.490362892616735
-1.0195088860206658,1679471400,1679471580,1679472360,-1,ALIGNED_COUNTER,STOP,3.0,0.21961874503573317,2.2721518883884815,1.041755802255141
-1.008104221152622,1679529600,1679530320,1679530740,-1,MIXED,STOP,12.0,0.22064147889423683,1.5081081012729816,1.121434317098936
0.14157292851788741,1679531100,1679532720,1679534340,-1,MIXED,STOP,27.0,0.44203377871851623,0.9245810034949686,1.182700368265363
0.7834510225036477,1679550900,1679551020,1679551320,-1,MIXED,TP,2.0,0.0,521091811.41439176,1.5704486438820011
-0.09795550867014532,1679621400,1679623020,1679624820,-1,ALIGNED_COUNTER,TIME,27.0,0.32491593591350143,1.1732954509343354,1.3548128572630853
0.15439843556232302,1679647200,1679647500,1679647740,-1,ALIGNED_COUNTER,STOP,5.0,0.5114948011065459,1.263707569331012,1.2617056809190146
-1.015658723573987,1679648700,1679648820,1679649900,-1,ALIGNED_COUNTER,STOP,2.0,0.0,540566414.0407022,2.3833996945869855
0.09565433219652038,1679704500,1679706240,1679708040,-1,MIXED,TIME,29.0,0.1406581251728221,2.344036680582938,1.5639864484814727
0.7840611709563465,1679759700,1679759760,1679760120,-1,MIXED,TP,1.0,0.0,504234849.1077958,2.621481675202249
-0.17343641700103232,1679766900,1679767260,1679769060,-1,MIXED,TIME,6.0,0.008322187546433192,47.12499433747079,1.1080600871435444
0.13165289421156678,1679793600,1679793840,1679794500,1,MIXED,STOP,4.0,0.021290751829703282,16.43749922792833,-1.5348953480240224
-0.15721269590826725,1679802900,1679803140,1679804940,1,MIXED,TIME,4.0,0.0,331334805.93247056,-1.965615246224263
-1.0223154768769587,1679820300,1679820360,1679820600,-1,MIXED,STOP,1.0,0.0,548956291.0852252,2.4289615100943127
-1.008784467021011,1679875800,1679877540,1679879940,1,ALIGNED_WITH,STOP,29.0,0.3682971136379162,1.468030686550951,-1.94796649650748
0.09098230149916908,1679880000,1679880240,1679887020,1,ALIGNED_WITH,STOP,4.0,0.20113825652416192,2.16425119696934,-1.426326889526301
0.12494850678730339,1679896500,1679896560,1679896860,-1,ALIGNED_COUNTER,STOP,1.0,0.30588235294120136,1.615384610103368,1.06195123669589
-1.016533836357308,1679963700,1679963940,1679964600,1,ALIGNED_COUNTER,STOP,4.0,0.04030006978366155,15.424242041511395,-1.4034351962658922
0.7825965606508822,1679965500,1679965560,1679966160,1,ALIGNED_COUNTER,TP,1.0,0.0,563054733.7278075,-2.8014959661319723
0.7839867587258521,1679966400,1679966820,1679967360,1,ALIGNED_COUNTER,TP,7.0,0.451880718400523,1.0682414674523428,-2.202827246658485
-1.0180546361667873,1680054000,1680054060,1680054360,1,MIXED,STOP,1.0,0.0,607549656.405895,-1.2284806891186404
0.7817212558539379,1680054600,1680056460,1680058020,1,MIXED,TP,31.0,0.23148236643409237,1.5028901669180073,-1.4081115406900349
-1.0228218054897948,1680064500,1680064560,1680064980,1,MIXED,STOP,1.0,0.17226691907243286,3.1249999818591094,-1.4270685405992694
0.09009122282065359,1680134400,1680135360,1680135840,1,ALIGNED_WITH,STOP,16.0,0.4032016756433265,1.2935064902983864,-1.040050372404776
0.7885234504540006,1680144000,1680144060,1680144540,-1,ALIGNED_COUNTER,TP,1.0,0.315831030398735,1.2274999961133917,6.416251640396072
-0.7936934163701056,1680147300,1680148860,1680150660,-1,ALIGNED_COUNTER,TIME,26.0,0.1637010676156549,2.122282595731375,3.2223480523002572
0.13858659179065638,1680226200,1680226260,1680227760,-1,MIXED,STOP,1.0,0.0,460371678.34191424,2.334067299915566
-1.016955115022659,1680247500,1680247560,1680248280,1,MIXED,STOP,1.0,0.0,680724991.2861522,-2.1552609694485128
0.21909824531660768,1680265500,1680265800,1680265920,1,MIXED,STOP,5.0,0.4806306688141065,6.960493812678528,-1.0250826749677595
0.08904623540721734,1680307200,1680307680,1680308520,1,ALIGNED_WITH,STOP,8.0,0.19497321796458267,1.733727801758562,-2.1564626258162742
0.08656623653761387,1680314400,1680314460,1680314640,1,ALIGNED_WITH,STOP,1.0,0.0,3418425527.65825,-1.1906254535326388
0.08946591677229322,1680316800,1680316920,1680320340,1,ALIGNED_WITH,STOP,2.0,0.0,433618504.43597704,-1.2026890752096588
0.07863207445664139,1680396600,1680397020,1680400740,1,ALIGNED_WITH,STOP,7.0,0.3118140735958526,1.0869565182532754,-2.6242107383987747
0.38093229781322824,1680414300,1680414360,1680416160,-1,ALIGNED_COUNTER,TIME,1.0,0.11662617146822384,3.4791666368355627,1.2877395576484687
-0.7944702556715493,1680423300,1680425220,1680427020,-1,ALIGNED_COUNTER,TIME,32.0,0.6881526827512419,0.9743589729429121,3.553916292677679
0.1347599798777369,1680480000,1680481140,1680481680,-1,MIXED,STOP,19.0,0.10943425431466557,2.999999972586641,1.0338357434140604
-1.0123454870192001,1680486900,1680487260,1680487800,-1,MIXED,STOP,6.0,0.19200102060343124,1.804651153391489,4.096374374868264
0.15370979459987794,1680488100,1680489000,1680490800,-1,MIXED,TIME,15.0,0.2841470104223737,1.1681681640570973,3.6287482535213247
0.7760519544173242,1680589800,1680590100,1680590160,1,ALIGNED_COUNTER,TP,5.0,0.4820487685332396,1.1352313143710757,-0.9420859766876069
0.08717920459363952,1680591000,1680591120,1680591300,-1,ALIGNED_WITH,STOP,2.0,0.1644318293041003,3.2166666471042342,1.503607171580822
-0.7987714285714441,1680594000,1680594540,1680596340,1,MIXED,TIME,9.0,0.4670807453415953,1.0159574446334476,-2.854275977985703
0.08660124579123112,1680655200,1680655260,1680655740,1,ALIGNED_WITH,STOP,1.0,0.0,709898989.8990002,-1.1997762782961325
0.09097551194731258,1680656700,1680656760,1680662280,1,ALIGNED_WITH,STOP,1.0,0.0,877065210.0613447,-3.8988156666353664
0.09335105493663128,1680664500,1680666660,1680672780,1,ALIGNED_WITH,STOP,36.0,0.34970275266023804,1.147999996717241,-1.3387428219426656
0.1355536829699624,1680746400,1680748560,1680749820,-1,MIXED,STOP,36.0,0.3485562757807816,1.0266272159895846,2.0275699017081266
0.024264499811218698,1680753600,1680754500,1680756300,-1,MIXED,TIME,15.0,0.0,310758776.89695674,1.89953021592286
0.7719095443438414,1680767700,1680767820,1680768000,-1,MIXED,TP,2.0,0.0,605720856.6911362,1.311380324317626
0.7754621125000056,1680825600,1680827160,1680828780,1,ALIGNED_COUNTER,TP,26.0,0.7244999999999585,0.509661835045405,-4.070164590912656
0.7673905968656609,1680834900,1680834960,1680835380,1,ALIGNED_COUNTER,TP,1.0,0.0,473824608.202715,-1.9574807449516176
-1.0303586697602642,1680841500,1680841560,1680843060,1,ALIGNED_COUNTER,STOP,1.0,0.0,835885537.50971,-1.004995762154785
0.07775188415711072,1680912000,1680912660,1680914760,-1,ALIGNED_WITH,STOP,11.0,0.12450829485207739,3.0192307449812525,1.6555761946786522
-1.033438019497146,1680922800,1680923340,1680924480,-1,ALIGNED_WITH,STOP,9.0,0.21549512570548437,1.7166666587003947,0.8437074287985582
0.7671090390743088,1680931200,1680931260,1680933000,1,MIXED,TP,1.0,0.023478115042763453,15.799999327035797,-1.1996545278827002
-1.029981051016525,1680998400,1680998460,1680999780,-1,ALIGNED_WITH,STOP,1.0,0.0,383429228.99889934,1.1867955970407302
-1.0265758980615522,1681000500,1681000740,1681001280,-1,ALIGNED_WITH,STOP,4.0,0.40992273281815417,0.9305555532857221,1.358825238591859
-0.27121226597801973,1681004700,1681005180,1681006980,1,MIXED,TIME,8.0,0.16268560361525342,3.583333311306746,-2.1839292506641512
0.0902131883307319,1681084800,1681085280,1681087800,1,ALIGNED_WITH,STOP,8.0,0.4049715173485465,1.0102301765335056,-1.5486031616827458
0.08778580024068183,1681090200,1681090260,1681095540,1,ALIGNED_WITH,STOP,1.0,0.0,387484957.88208884,-1.169612170588826
0.07629434143413942,1681104000,1681104480,1681112040,1,ALIGNED_WITH,STOP,8.0,0.41584158415841316,1.7272727231190474,-1.2303017137871037
0.16410253906250816,1681174800,1681174860,1681176480,-1,ALIGNED_COUNTER,STOP,1.0,0.0,385044642.8571429,1.1203776902574236
-1.0085094306121625,1681178400,1681178580,1681178940,-1,ALIGNED_COUNTER,STOP,3.0,0.04576086517895956,9.370370165604031,1.1801954252365199
0.780806309785508,1681192800,1681192920,1681214520,1,ALIGNED_WITH,TIME,2.0,0.0,324401402.1745577,-1.0722788290678564
0.0866969839921913,1681261500,1681261800,1681262820,1,ALIGNED_WITH,STOP,5.0,0.0,343428625.3420117,-1.7820135718707049
-1.011779638364785,1681266000,1681266060,1681266600,1,ALIGNED_WITH,STOP,1.0,0.0,512971698.11320716,-1.9864007673992623
-1.0184370818254198,1681278600,1681280100,1681281900,-1,ALIGNED_COUNTER,STOP,25.0,0.6697855062229778,0.7712177110256582,1.5475184095301087
0.3422042171692083,1681346100,1681346160,1681347960,-1,ALIGNED_COUNTER,TIME,1.0,0.0,408093759.3909955,1.604419985062876
0.08766435832089453,1681356000,1681356300,1681365180,1,ALIGNED_WITH,STOP,5.0,0.09596625362508948,4.679487130725817,-2.8599113841162818
0.12223728378372342,1681376100,1681376160,1681376400,-1,ALIGNED_COUNTER,STOP,1.0,0.0,908108108.1081126,2.2232234645519635
0.770302111002373,1681430400,1681430820,1681431660,-1,ALIGNED_COUNTER,TP,7.0,0.1487487767370028,2.0657894597969277,1.1306303210596025
0.13174198401903983,1681433100,1681433160,1681433280,-1,ALIGNED_COUNTER,STOP,1.0,0.0,855661339.6803943,2.845219935909658
0.7831336801752533,1681434300,1681434360,1681435380,-1,ALIGNED_COUNTER,TP,1.0,0.0,920043811.6100734,1.36715449578454
-1.0141126868887638,1681519500,1681519560,1681521780,1,ALIGNED_WITH,STOP,1.0,0.0,449726504.22674274,-1.3233917290802288
0.08652016758711623,1681521900,1681521960,1681526220,1,ALIGNED_WITH,STOP,1.0,0.0,426585412.3024183,-2.7748804039974027
0.7628143331005355,1681552500,1681553340,1681554900,-1,ALIGNED_COUNTER,TP,14.0,0.3592877094972272,1.2176870714405532,0.7883688744094728
-0.3952932325777391,1681604400,1681604520,1681606320,-1,MIXED,TIME,2.0,0.06582703610409789,6.4642856160858,1.6480125029838948
0.7705620857700006,1681608000,1681608060,1681608780,1,MIXED,TP,1.0,0.0,491228070.17545474,-1.9518746316254332
-0.1388798540526185,1681611600,1681612200,1681614000,-1,MIXED,TIME,10.0,0.18425853531402053,2.188118800006455,1.7206540985407914
0.7738543645859002,1681691100,1681691340,1681691400,-1,MIXED,TP,4.0,0.46829146978366293,6.992565040829571,1.660763778597136
0.13325807590468391,1681692600,1681692660,1681692780,-1,MIXED,STOP,1.0,0.0,722298002.0861694,1.6934844663560462
-0.45457704929286724,1681694700,1681696980,1681698780,-1,MIXED,TIME,38.0,0.33351640807360333,1.6541786693917804,2.347099440225718
-1.027532145249885,1681778700,1681779060,1681780260,1,ALIGNED_COUNTER,STOP,6.0,0.11443119388982943,5.557377000616665,-2.1688604444314468
0.778406154494675,1681781100,1681781340,1681781400,1,ALIGNED_COUNTER,TP,4.0,0.5827800611234074,1.0708860741118014,-3.021135813981537
0.14035077807249235,1681782000,1681782120,1681783440,1,ALIGNED_COUNTER,STOP,2.0,0.12873563218392647,4.11538458341625,-1.9889385093737992
-1.0123649174802278,1681862400,1681863420,1681864620,1,ALIGNED_WITH,STOP,17.0,0.5113319386331701,1.0548925993690246,-1.3818514945329976
0.08599117142103671,1681864800,1681865160,1681865340,1,ALIGNED_WITH,STOP,6.0,0.059627575277378435,6.511627797767362,-1.6756120439437054
0.08696503764038332,1681870800,1681870860,1681871760,1,ALIGNED_WITH,STOP,1.0,0.0,379674194.7427263,-1.6125052528911048
0.09490079187663304,1681951200,1681953060,1681960560,-1,ALIGNED_WITH,STOP,31.0,0.2875004736104306,1.405904054150492,1.7483040995793895
0.17921018010289722,1681991700,1681991760,1681992660,1,ALIGNED_COUNTER,STOP,1.0,0.0,576329331.0463121,-1.957855549829242
0.09195157025781737,1681995000,1681995720,1681997580,-1,ALIGNED_WITH,STOP,12.0,0.5745049949153431,0.5714285704339491,2.370079595889166
0.08945765722514894,1682035500,1682036520,1682037480,-1,ALIGNED_WITH,STOP,17.0,0.5007201152184434,0.9843400427768646,1.5939621431895172
0.09110470868119935,1682038200,1682038380,1682047680,-1,ALIGNED_WITH,STOP,3.0,0.0,355373013.73552877,1.066506157301283
0.08091732211095716,1682056500,1682056620,1682056920,-1,ALIGNED_WITH,STOP,2.0,0.0,485560876.50561756,1.1164305985628382
1.3314420973595162,1682135400,1682135940,1682153880,-1,ALIGNED_WITH,STOP,9.0,0.571142535352239,0.6595092012992981,2.2445871073111365
-0.07406776712328766,1682160900,1682161020,1682162820,1,ALIGNED_COUNTER,TIME,2.0,0.1073972602739447,4.232142817737655,-1.1506011570674304
0.08195515873017621,1682165400,1682165460,1682173200,-1,ALIGNED_WITH,STOP,1.0,0.0,509920634.9205781,1.4742644325920549
0.13123636895474078,1682210100,1682210160,1682211000,1,MIXED,STOP,1.0,0.0,924141965.6786383,-1.5279097064809508
0.1349780620577046,1682212200,1682212380,1682213760,1,ALIGNED_COUNTER,STOP,3.0,0.0,310288513.88132876,-1.016929472883144
-0.16862845445239052,1682214300,1682214360,1682216160,1,ALIGNED_COUNTER,TIME,1.0,0.0,339815762.53839046,-1.4725287531357705
-1.01537603533958,1682298300,1682298480,1682299080,-1,MIXED,STOP,3.0,0.16013252346769685,2.6827586039363904,3.69537247411157
0.7860918073662639,1682299200,1682299260,1682299740,-1,MIXED,TP,1.0,0.0,668233953.1238848,3.115576549506669
-1.0122422841260703,1682300100,1682300220,1682300880,-1,MIXED,STOP,2.0,0.0,560672099.0461552,1.3712981063531944
-1.0221005729345458,1682380800,1682381520,1682382180,1,ALIGNED_COUNTER,STOP,12.0,0.2310072189756152,4.2708333148450235,-1.3713755032932886
-0.635599712230203,1682382900,1682384640,1682386440,1,ALIGNED_COUNTER,TIME,29.0,0.6172661870503784,0.6573426562776414,-3.3667944029475763
-1.0209470472655944,1682388000,1682388060,1682388480,1,ALIGNED_COUNTER,STOP,1.0,0.0,417203362.0783636,-2.6680986315384527
0.7876131784398254,1682467200,1682467920,1682467980,1,MIXED,TP,12.0,0.32002997938918715,1.2459016354510701,-1.680613969813317
0.08485630233086004,1682497500,1682497560,1682497860,1,ALIGNED_WITH,STOP,1.0,0.0,4460737723.466809,-1.5581479205448971
0.0918486944562469,1682501400,1682501640,1682502120,1,ALIGNED_WITH,STOP,4.0,0.16904314058614162,5.030150724011794,-1.6763526064942589
-0.017688226899750283,1682555400,1682555880,1682557680,-1,ALIGNED_COUNTER,TIME,8.0,0.19871566179094102,4.944344678888655,1.1429899630702427
0.09211141739981302,1682578500,1682578560,1682579640,1,ALIGNED_WITH,STOP,1.0,0.0,1280938416.4222872,-2.005128499140621
0.09373569414266013,1682584200,1682584440,1682594100,1,ALIGNED_WITH,STOP,4.0,0.2575932689196016,1.992462303822982,-1.5063846029507824
0.0919064524986224,1682642100,1682643180,1682644080,1,ALIGNED_WITH,STOP,18.0,0.3006589785831963,1.4794520498738224,-1.2267645611779832
0.08996770856209434,1682652300,1682652360,1682653260,1,ALIGNED_WITH,STOP,1.0,0.0,591318351.5116105,-1.2368290882473212
-1.0201948559670924,1682657100,1682657280,1682657760,-1,ALIGNED_COUNTER,STOP,3.0,0.05898491083675237,6.55813942370166,2.9897058437432364
-1.016610014965827,1682726400,1682726820,1682729520,1,ALIGNED_WITH,STOP,7.0,0.028879990292452393,22.941175676216112,-1.3573842462469814
1.4261132863482417,1682729700,1682729760,1682737140,1,ALIGNED_WITH,STOP,1.0,0.0,617593317.6716094,-2.6398161781514906
0.07983858565054715,1682738100,1682739000,1682742660,1,ALIGNED_WITH,STOP,15.0,0.6055612770340084,0.5646258494076578,-1.1957171999884308
0.47663483483483154,1682813100,1682813760,1682815560,-1,MIXED,TIME,11.0,0.028765607713040334,14.999999478510393,0.8775265964553048
-0.1206718488035505,1682817000,1682817900,1682819700,-1,MIXED,TIME,15.0,0.4971803078798764,1.4592274648761978,3.662365569315287
-0.32499732578258733,1682823600,1682824500,1682826300,-1,MIXED,TIME,15.0,0.35456976561276005,1.1552794998470859,3.0008964994529346
0.23691160907128905,1682901000,1682903460,1682904360,-1,MIXED,STOP,41.0,0.38444924406045794,1.5280898836658021,1.3377710495609734
0.7815572528883157,1682905200,1682905260,1682905440,-1,ALIGNED_COUNTER,TP,1.0,0.08087291399228859,10.063491939057581,1.4647528933814464
0.03640500641847589,1682907300,1682907960,1682909760,-1,MIXED,TIME,11.0,0.23234916559692373,1.6795580038210751,3.983996984494146
0.09214767856428278,1682985600,1682985660,1682992140,-1,ALIGNED_WITH,STOP,1.0,0.0,482033409.4460043,1.5842293810836423
0.08670970053405125,1683032700,1683032760,1683033720,-1,ALIGNED_WITH,STOP,1.0,0.0,630298113.9728452,3.560419758707641
0.08845477812176902,1683035700,1683036060,1683036540,-1,ALIGNED_WITH,STOP,6.0,0.6501547987616099,1.1752380934304811,1.4581522490895122
-1.0191706809282677,1683072300,1683072420,1683072720,1,MIXED,STOP,2.0,0.0,544169611.3073803,-1.4157743960444074
-1.018324885635848,1683072900,1683072960,1683074280,1,MIXED,STOP,1.0,0.0,691674290.9423581,-1.3353034421276369
-0.33050176886790616,1683075600,1683075660,1683077460,1,MIXED,TIME,1.0,0.0,459905660.37735677,-1.9253893916719196
-0.4939788096523659,1683158400,1683159180,1683160980,1,MIXED,TIME,13.0,0.22328363168169663,1.4843749933520092,-1.7699293215450518
0.09287690864354226,1683207900,1683207960,1683208500,1,ALIGNED_WITH,STOP,1.0,0.0,372470925.6013907,-1.157423641370712
-0.28825085134081263,1683213000,1683215040,1683216840,-1,ALIGNED_COUNTER,TIME,34.0,0.39073158031761507,0.9328358185081392,1.6721862511841692
-1.018352435530086,1683251100,1683251220,1683252060,-1,ALIGNED_COUNTER,STOP,2.0,0.24068767908310462,2.0468749914956064,2.625715083862737
-1.0085121106259098,1683258000,1683260460,1683270780,1,ALIGNED_WITH,STOP,41.0,0.5973799126637682,0.6081871334847987,-1.783153575911229
0.0850245888974738,1683272700,1683272820,1683274620,1,ALIGNED_WITH,STOP,2.0,0.11433616598611739,3.716216183712942,-1.0164770455669963
0.0849938404614314,1683331200,1683332580,1683332700,1,ALIGNED_WITH,STOP,23.0,0.3991729241484504,2.1641221319830324,-0.8185423835955666
0.7825799580360743,1683333900,1683334620,1683335220,-1,ALIGNED_COUNTER,TP,12.0,0.7296684851027945,0.5603864726619516,0.9280677430167924
-1.0094955555555607,1683339900,1683340380,1683345720,1,ALIGNED_WITH,STOP,8.0,0.1574879227053078,2.3680981444725218,-1.5651737662998446
0.09014318098720624,1683425400,1683425640,1683426000,-1,ALIGNED_WITH,STOP,4.0,0.07371115173675315,5.66666658978934,1.2561061842652623
-0.5112535670356724,1683428700,1683428880,1683430680,1,ALIGNED_COUNTER,TIME,3.0,0.0,309963099.6309767,-1.5684804253312057
-1.0219705149051685,1683466500,1683466860,1683467460,1,ALIGNED_COUNTER,STOP,6.0,0.04552845528455266,7.533333167868566,-1.2152515631787042
-1.0090477492877428,1683504000,1683504120,1683504660,-1,ALIGNED_WITH,STOP,2.0,0.05456410256407471,11.298245406977404,1.836701786301217
0.09196128941271985,1683504900,1683505020,1683509460,-1,ALIGNED_WITH,STOP,2.0,0.31816258688424276,1.6063829736745676,4.827688199750851
0.09387437428100316,1683511200,1683511320,1683517140,-1,ALIGNED_WITH,STOP,2.0,0.0,489040201.4737533,2.1524994350544384
0.08910093531664103,1683590400,1683590700,1683591780,-1,ALIGNED_WITH,STOP,5.0,0.0,308823529.41174823,1.1693403098300075
-1.0214925318151415,1683612600,1683613500,1683613980,1,ALIGNED_COUNTER,STOP,15.0,0.5438713998660306,0.7816091939652149,-2.8650823281251743
0.7794671152408199,1683614400,1683614460,1683614700,1,ALIGNED_COUNTER,TP,1.0,0.0,445583680.4443459,-2.6652303030134212
-1.0200163646688332,1683678300,1683678360,1683678540,-1,ALIGNED_WITH,STOP,1.0,0.40978782716435347,1.4074074039727438,2.6881603702399324
-1.0175757468606688,1683678600,1683678660,1683679500,-1,ALIGNED_WITH,STOP,1.0,0.0,1464164286.6857429,2.229100780125885
0.35068111341718755,1683692700,1683692880,1683694680,1,ALIGNED_COUNTER,TIME,3.0,0.06494933463556274,5.105263079292319,-1.0857488222832155
-0.038291897776175574,1683765300,1683766920,1683768720,1,ALIGNED_COUNTER,TIME,27.0,0.521797729511181,0.7899860902801625,-2.1407475389579957
0.08962232880796,1683810000,1683810060,1683810780,-1,ALIGNED_WITH,STOP,1.0,0.04666287293718462,9.8536583254126,2.3277530009787046
0.09136072669826684,1683812700,1683812880,1683813000,-1,ALIGNED_WITH,STOP,3.0,0.0,1103317535.5450375,1.5081088795624038
2.552223447854593,1683854700,1683854820,1683860160,-1,ALIGNED_WITH,STOP,2.0,0.0,428401282.6385399,3.1036767936241576
2.5697885821448763,1683865800,1683868080,1683870720,-1,ALIGNED_WITH,STOP,38.0,0.3938244144969238,0.9488372068930188,2.102648448165057
0.3288995426588849,1683872100,1683872160,1683873960,1,ALIGNED_COUNTER,TIME,1.0,0.0,489407559.27035433,-1.9518061538998472
-0.6319290988245537,1683944100,1683944580,1683946380,1,ALIGNED_COUNTER,TIME,8.0,0.0,443709185.89466286,-1.174807916942516
-1.0271952948010723,1683957300,1683959400,1683959940,1,ALIGNED_COUNTER,STOP,35.0,0.6790589602091546,0.5988023943277427,-1.880235234295716
-1.030201235955056,1683980400,1683981480,1683981540,1,MIXED,STOP,18.0,0.6876404494381696,2.049019604863475,-2.5170642907164575
-1.0222807536852032,1684023300,1684023960,1684024860,1,MIXED,STOP,11.0,0.39942938659058974,1.0958333305898058,-2.211794932722375
0.1316612909554758,1684025100,1684025220,1684026000,1,MIXED,STOP,2.0,0.24033745340396537,1.9028571349396621,-1.506577507839555
0.07256352941172889,1684031400,1684033020,1684034820,1,ALIGNED_COUNTER,TIME,27.0,0.4866873065015405,0.7709923648280458,-1.1896433294212567
0.7711464356890665,1684108800,1684109460,1684109700,-1,MIXED,TP,11.0,0.379886555265922,1.011299432366388,1.4211305508244816
-1.0169072796934642,1684114800,1684114860,1684115580,-1,MIXED,STOP,1.0,0.0,528913837.6547925,2.1181699583758316
0.1366555313772308,1684116000,1684116540,1684117260,-1,MIXED,STOP,9.0,0.46679769759932777,1.1936842079691543,3.3404181349786906
0.777111747060256,1684196700,1684197180,1684197660,-1,MIXED,TP,8.0,0.17638588912887015,2.780952365186153,4.401400819621045
-1.0191651129943393,1684197900,1684198260,1684198380,-1,MIXED,STOP,6.0,0.32203389830512563,6.188596472009995,2.3000329650504856
0.7829645158403631,1684199100,1684199340,1684199760,-1,MIXED,TP,4.0,0.15786647574725252,2.7698412522962372,1.6159640116413305
-1.0157249533291957,1684284900,1684285560,1684287480,-1,ALIGNED_WITH,STOP,11.0,0.23173615432481726,1.3308270619264457,3.510777197354208
0.1254260397829707,1684287600,1684287720,1684288800,-1,MIXED,STOP,2.0,0.0,725135623.8698432,3.9932222301563307
0.18509004634742146,1684290300,1684290660,1684291200,-1,MIXED,STOP,6.0,0.0,330611344.074178,2.0676800941470304
0.16516783166905374,1684368000,1684369020,1684369200,1,MIXED,STOP,17.0,0.6291012838801472,0.9365079350193067,-1.3042790463160914
-0.4002752357150826,1684371600,1684371900,1684373700,1,MIXED,TIME,5.0,0.10337384982392289,4.599999955501543,-1.366785088770295
-0.08875664408546051,1684374300,1684375260,1684377060,1,MIXED,TIME,16.0,0.264460656591973,1.5379310286676102,-1.6572211243009274
0.13303345677896822,1684454400,1684454700,1684456200,1,ALIGNED_COUNTER,STOP,5.0,0.288320838225988,1.188596487105725,-1.3098755455561042
0.7784558147552084,1684461000,1684461060,1684462200,1,ALIGNED_COUNTER,TP,1.0,0.0,503562399.44839686,-1.8506228359972052
-0.6663069102898497,1684471500,1684472100,1684473900,1,ALIGNED_COUNTER,TIME,10.0,0.15386728946283568,2.4999999837522324,-0.860630693277568
-1.0382134180791174,1684605300,1684605420,1684605540,-1,MIXED,STOP,2.0,0.5338983050847768,0.6402116390123873,1.389426950694035
0.12419616277483009,1684609500,1684609680,1684610040,1,MIXED,STOP,3.0,0.11088351768399494,5.275862021386336,-2.902998495227368
-1.0243023730118148,1684612200,1684612920,1684614660,1,MIXED,STOP,12.0,0.007183170856875779,46.49999352636381,-1.4138816199539543
0.1287067017082923,1684630800,1684630860,1684632300,-1,MIXED,STOP,1.0,0.0,634691195.7950537,1.859370022354921
-0.37569979079494414,1684634400,1684634760,1684636560,1,MIXED,TIME,6.0,0.21129707112975024,1.9702970203775563,-3.3148759637265974
-1.0517769020998387,1684645200,1684645440,1684646340,1,MIXED,STOP,4.0,0.2596127624762491,1.2941176420733629,-1.4397001995229053
1.7149975648978117,1684713600,1684715100,1684715460,-1,ALIGNED_WITH,STOP,25.0,0.6368022053756419,1.4217171694844866,1.532917606271848
0.0863339864245217,1684716000,1684716060,1684721460,-1,ALIGNED_WITH,STOP,1.0,0.0,460759493.67085606,1.3456729156310065
-1.016701220657277,1684730400,1684731180,1684734060,-1,ALIGNED_WITH,STOP,13.0,0.16525821596242765,2.022727260487559,2.732773017889946
0.761147328244227,1684802100,1684802220,1684803060,-1,MIXED,TP,2.0,0.5401279141736267,0.5721925123097471,2.195319580532686
0.12222342831959522,1684806000,1684806060,1684806180,1,ALIGNED_COUNTER,STOP,1.0,0.0,499706227.9670804,-6.204010840768751
0.7826478423501358,1684810800,1684811400,1684811880,1,MIXED,TP,10.0,0.2069154274245146,6.524691326491312,-2.340889705199605
0.7691935143042677,1684898100,1684898520,1684898640,-1,ALIGNED_COUNTER,TP,7.0,0.220741222366725,1.7319587550402884,1.73653409520086
-1.0305739109232885,1684898700,1684898760,1684898940,-1,ALIGNED_COUNTER,STOP,1.0,0.0,2118660598.1794057,1.8224294473775218
0.7779166647093554,1684899000,1684899060,1684899180,-1,ALIGNED_COUNTER,TP,1.0,0.0,1224897240.1644104,2.131708950433688
0.7785977386641646,1684975500,1684975620,1684976520,1,ALIGNED_COUNTER,TP,2.0,0.17461242569065225,1.934579428172996,-1.4336814543699914
0.7852420544835379,1684978200,1684978260,1684978380,1,ALIGNED_COUNTER,TP,1.0,0.05221339387058517,10.999999789330044,-2.406545529264855
-1.0148346197502691,1684978800,1684979340,1684979640,1,ALIGNED_COUNTER,STOP,9.0,0.36889897843359887,1.3415384579018155,-3.124051865044466
0.7673270737733593,1685059800,1685059920,1685060580,1,ALIGNED_COUNTER,TP,2.0,0.0,415107659.7246565,-1.274091337202269
0.11997382768133621,1685062500,1685062560,1685062680,1,ALIGNED_COUNTER,STOP,1.0,0.0,1085834820.7041936,-1.3206142190154688
0.12291084829904489,1685063100,1685063760,1685064000,1,ALIGNED_COUNTER,STOP,11.0,0.25142356548407385,2.0325203171187223,-1.2442687279805829
0.7590477726574697,1685147700,1685149260,1685150880,1,MIXED,TP,26.0,0.7035330261137093,0.7117903920012866,-1.0079017555523553
0.10737392791966344,1685152800,1685153100,1685154120,-1,MIXED,STOP,5.0,0.3257299270073241,0.9607843107757155,1.5481797669151742
0.10471508474573807,1685156100,1685156700,1685157840,-1,MIXED,STOP,10.0,0.32542372881351,1.0416666634658696,2.488622900045962
0.7607243203680735,1685232000,1685232120,1685232960,-1,MIXED,TP,2.0,0.38937682977842897,0.8120300731022767,1.3582067198618855
-1.0203489526264986,1685235900,1685235960,1685236020,-1,MIXED,STOP,1.0,0.0,1004619185.734231,4.174607960984097
0.7823545564216738,1685244300,1685245020,1685245080,1,MIXED,TP,12.0,0.24814402375647737,4.32984291448863,-2.040978913093741
1.449907046476756,1685318400,1685318460,1685319660,1,ALIGNED_WITH,STOP,1.0,0.0,465967016.49175406,-1.0959346881912766
-1.0112687316652276,1685332500,1685332560,1685334120,1,ALIGNED_WITH,STOP,1.0,0.0,815358067.2993884,-1.7015527863818116
0.08731999480485975,1685334300,1685334360,1685334780,1,ALIGNED_WITH,STOP,1.0,0.0,661406584.8431633,-2.2816674698422994
0.7785931221019852,1685404800,1685405580,1685406900,-1,ALIGNED_COUNTER,TP,13.0,0.6120556414219255,0.555555554647888,1.9453061275710424
0.3253389041096147,1685417100,1685418120,1685419920,-1,ALIGNED_COUNTER,TIME,17.0,0.36688505062537385,1.2681818147252653,2.5587530175776436
0.7747843616053939,1685421600,1685423280,1685423400,-1,ALIGNED_COUNTER,TP,28.0,0.3618651772957802,1.577889442875521,0.8519337295756866
0.08209220821206915,1685492400,1685492700,1685493960,1,ALIGNED_WITH,STOP,5.0,0.0058195926285018835,63.66665572677467,-0.8638248612504523
-1.0289098436336614,1685495100,1685495340,1685495940,-1,ALIGNED_COUNTER,STOP,4.0,0.0,435740878.62996095,1.2371351801781434
0.7683678385416951,1685496600,1685496660,1685498100,-1,ALIGNED_COUNTER,TP,1.0,0.0,521809895.8333652,1.6571349459796287
-1.017282429855625,1685577900,1685577960,1685578200,-1,ALIGNED_WITH,STOP,1.0,0.0,667393080.9043751,2.35982357751541
2.1186867364340682,1685578500,1685578740,1685579940,-1,ALIGNED_WITH,STOP,4.0,0.42162790697676256,1.0501930477022139,1.9146984608860707
0.0857665090800056,1685580000,1685580060,1685580600,-1,ALIGNED_WITH,STOP,1.0,0.16704187303019935,2.7547169646404006,1.3745318011527934
-1.021525905901329,1685665800,1685665860,1685666220,1,ALIGNED_COUNTER,STOP,1.0,0.0,492810307.1436516,-2.4470110218279317
0.7785513171517198,1685666400,1685666520,1685666580,1,ALIGNED_COUNTER,TP,2.0,0.1385022431841467,5.232558101756178,-1.563070359573059
-1.0117231285476749,1685667000,1685667060,1685669340,-1,ALIGNED_WITH,STOP,1.0,0.0,326653495.15475297,2.10561294185296
-1.023536607970347,1685751000,1685751060,1685752980,1,ALIGNED_WITH,STOP,1.0,0.0,365894346.6171955,-1.9717541139545818
-1.0259935056056697,1685753400,1685753820,1685756220,1,ALIGNED_WITH,STOP,7.0,0.2698933552092244,1.14893616595551,-2.1734257711999434
0.07550929722761603,1685756400,1685756880,1685759280,1,ALIGNED_WITH,STOP,8.0,0.48742746615086013,0.7555555540055886,-1.7373757041897444
0.2633526169092586,1685836800,1685837340,1685839140,-1,MIXED,TIME,9.0,0.052028491793077246,7.708333185184346,1.6443519176438226
-1.0333387995429948,1685861400,1685861460,1685862000,-1,ALIGNED_WITH,STOP,1.0,0.0,324808858.42337906,1.5288591543592034
0.22159334221035687,1685862300,1685862360,1685864160,-1,MIXED,TIME,1.0,0.25352862849530994,1.5147058763785,1.7380681372438165
0.13509203177847676,1685923200,1685923440,1685924520,-1,MIXED,STOP,4.0,0.0,524187839.2197192,1.7212404983673608
0.16601910071288214,1685933700,1685933880,1685934120,-1,MIXED,STOP,3.0,0.2661305063059666,1.6826923013695576,1.5951958623274674
0.08843642357580105,1685937600,1685939820,1685940720,-1,ALIGNED_WITH,STOP,37.0,0.3299750439042421,1.4078431329884449,2.239208960220979
0.0893707059066722,1686009900,1686010020,1686018060,-1,ALIGNED_WITH,STOP,2.0,0.10424607747541964,4.333333291764013,1.7306881405086227
-1.0389769430051339,1686036600,1686036660,1686037140,1,ALIGNED_COUNTER,STOP,1.0,0.0,359671848.01385754,-1.0342249450496497
-1.0346417163748807,1686037800,1686037860,1686039240,1,ALIGNED_COUNTER,STOP,1.0,0.1346930921685586,3.2599999757966835,-1.4500158420557334
-1.014529185072348,1686096000,1686096360,1686097140,1,MIXED,STOP,6.0,0.6312261995430389,0.5979729720256706,-1.17411153918883
-0.6707049907943159,1686100500,1686100560,1686102360,1,MIXED,TIME,1.0,0.0,317596002.10415435,-1.485552635554266
-1.0120674583413254,1686105300,1686105720,1686107520,1,MIXED,STOP,7.0,0.5121624209921384,0.9092495619244969,-2.016439499060379
0.09165690902514473,1686184800,1686185100,1686194160,-1,ALIGNED_WITH,STOP,5.0,0.0,343733043.95008713,2.227009114484347
0.08637741010369343,1686209400,1686209580,1686221040,-1,ALIGNED_WITH,STOP,3.0,0.11427310831681066,3.513513482766188,2.118247188951424
0.08682523314394751,1686229800,1686229860,1686231360,-1,ALIGNED_WITH,STOP,1.0,0.1230571336692143,3.6585365556351395,1.6990491027684849
-1.0331836314848202,1686268800,1686268920,1686269220,1,MIXED,STOP,2.0,0.21037567084082356,1.976190466796334,-1.988906524683086
-1.03315019677999,1686269400,1686269460,1686270120,1,MIXED,STOP,1.0,0.18032200357783573,2.0972222105918847,-2.0509593575667115
0.16188617666892383,1686278700,1686278940,1686280020,1,ALIGNED_COUNTER,STOP,4.0,0.29804450438298713,1.3076923033048857,-1.1305558454771745
-1.0105974549062997,1686371400,1686371460,1686372060,1,ALIGNED_COUNTER,STOP,1.0,0.0,929192691.6117067,-2.450680928505237
0.09340085470085523,1686372900,1686373440,1686374760,-1,ALIGNED_WITH,STOP,9.0,0.4360074832177739,1.9045936352077486,4.017440171185933
-1.0055525338810252,1686375300,1686376200,1686381900,-1,ALIGNED_WITH,STOP,15.0,0.6450077020025278,1.0790273539502018,3.1525413354705414
-1.0176289797112865,1686442200,1686443100,1686444180,1,ALIGNED_COUNTER,STOP,15.0,0.5626219274288079,0.5509708728071242,-3.2199175621157026
-0.36164783391587635,1686444300,1686444360,1686446160,1,ALIGNED_COUNTER,TIME,1.0,0.0,422624721.95741874,-2.39828142402265
0.7742730224574725,1686457500,1686457560,1686458940,1,ALIGNED_COUNTER,TP,1.0,0.0,959233299.9571137,-1.8174288498539326
-0.5789668651603115,1686528000,1686528720,1686530520,1,MIXED,TIME,12.0,0.22155151317401295,1.798969064044833,-1.1855709693029681
-0.20181018263518677,1686542700,1686542880,1686544680,1,ALIGNED_COUNTER,TIME,3.0,0.1643716480649075,2.3209876402011744,-1.0297668921901058
0.7777170663077984,1686561000,1686561060,1686561180,-1,MIXED,TP,1.0,0.0,700513824.3210385,1.1088961921613487
0.7701699835526293,1686614400,1686615000,1686615300,1,MIXED,TP,10.0,0.39374999999996413,0.8596491206238974,-2.427946625855702
0.12275953635406248,1686617700,1686617760,1686618240,1,MIXED,STOP,1.0,0.0,615384615.3845513,-1.4845799227692436
0.7775952469135747,1686619200,1686619560,1686619740,1,MIXED,TP,6.0,0.23333333333333436,1.6296296226455027,-1.3193437615083845
0.08042983050848553,1686703500,1686703620,1686704280,-1,ALIGNED_WITH,STOP,2.0,0.0,463276836.15819204,1.8587621955088438
0.2343175085172258,1686708000,1686708060,1686709860,-1,MIXED,TIME,1.0,0.07465560657677302,4.83333326859396,1.7045368854814025
0.3030773780487805,1686713700,1686713880,1686715680,1,MIXED,TIME,3.0,0.0,362804878.0487805,-1.9564629044240043
0.09155847073223712,1686789300,1686792000,1686796020,-1,ALIGNED_WITH,STOP,45.0,0.44150046799624826,0.842465751516517,1.1804640308759928
0.08295660772566664,1686802200,1686802620,1686803580,-1,ALIGNED_WITH,STOP,7.0,0.433727897121082,1.6981132036322448,0.906040658912038
0.18916703240883553,1686813000,1686813060,1686813540,1,ALIGNED_COUNTER,STOP,1.0,0.0,844864370.6186864,-1.6099489736035748
-0.4156476535591111,1686875100,1686876240,1686878040,1,MIXED,TIME,19.0,0.20895522388058885,1.8461538373188158,-1.5425295146968023
0.13994201923611102,1686931800,1686931860,1686932400,1,MIXED,STOP,1.0,0.0,404736754.3225661,-1.1116796560697018
0.791485229820636,1686935100,1686935160,1686936120,1,MIXED,TP,1.0,0.0,498972346.7862444,-2.750719142670458
-1.019229731561091,1686960000,1686960960,1686966240,1,ALIGNED_WITH,STOP,16.0,0.4268960125097757,1.010256407889931,-1.2251586747690333
0.07462312530236226,1686966600,1686966660,1686966780,1,ALIGNED_WITH,STOP,1.0,0.2322206095791005,1.587499993163919,-1.4623576305591015
2.2462442461762575,1686967200,1686967380,1686978000,1,ALIGNED_WITH,STOP,3.0,0.47414420975970545,1.2419354812514236,-1.9139458449336628
1.4143498297389068,1687049400,1687049640,1687061460,1,ALIGNED_WITH,STOP,4.0,0.29738933030643827,1.4580152622731857,-2.193779106301248
0.7607040084387817,1687066800,1687066860,1687067220,-1,ALIGNED_COUNTER,TP,1.0,0.0,889029535.8650434,2.1002233352343986
0.16931655034894735,1687067700,1687068060,1687068180,-1,ALIGNED_COUNTER,STOP,6.0,0.6727816550349562,1.8008298728417258,1.5548819575524209
0.7805791091923994,1687134300,1687135440,1687136100,-1,MIXED,TP,19.0,0.2653469516689499,1.5777777718317652,2.314198499710168
-0.37957117840956084,1687139700,1687141740,1687143540,-1,MIXED,TIME,34.0,0.3677379480840561,0.9215686249449332,2.6355463487958124
0.06996758112814627,1687177500,1687177560,1687177800,1,ALIGNED_WITH,STOP,1.0,0.3568827385287679,1.904761899424684,-1.84185821112704
0.08678914712377334,1687219200,1687220580,1687220880,1,ALIGNED_WITH,STOP,23.0,0.6757808392049816,3.73638343673669,-1.4662295909714704
0.08808178700645998,1687223400,1687223460,1687223760,1,ALIGNED_WITH,STOP,1.0,0.0,671260028.3152288,-1.5224394771987169
0.09106303280437894,1687225800,1687226220,1687238820,1,ALIGNED_WITH,STOP,7.0,0.009962285632960914,36.89999629603254,-2.4692490039245882
0.09277480056824874,1687305600,1687306500,1687307100,1,ALIGNED_WITH,STOP,15.0,0.30597748879903824,1.2099999960454968,-1.4586788821006529
0.09567338929219617,1687310400,1687310460,1687312260,-1,ALIGNED_COUNTER,TIME,1.0,0.0,409074410.1633262,2.606615528534538
2.3843387308377357,1687341900,1687341960,1687343460,1,ALIGNED_WITH,STOP,1.0,0.0,488128342.24596554,-1.6286504045186698
0.1385700043346201,1687396800,1687397340,1687397520,-1,ALIGNED_COUNTER,STOP,9.0,0.22529258777633857,2.013468004530815,1.0607971501155256
-1.0117801500416743,1687401300,1687401360,1687402080,-1,ALIGNED_COUNTER,STOP,1.0,0.0,473020283.4120532,1.3233958044869512
0.7884667552182258,1687402200,1687403160,1687404180,-1,ALIGNED_COUNTER,TP,16.0,0.35218216318786616,1.1120689623595224,2.818564200404399
0.08763254769920639,1687478400,1687478460,1687485540,1,ALIGNED_WITH,STOP,1.0,0.0,431685273.7905284,-1.5011377104442125
-1.0261394874347032,1687494300,1687494420,1687495740,-1,ALIGNED_COUNTER,STOP,2.0,0.040059716347337265,11.869564921097965,1.3346612939266944
0.07949314372279832,1687505100,1687505220,1687505580,1,ALIGNED_WITH,STOP,2.0,0.0,554170942.677031,-1.141558509337814
0.13336422314430652,1687574700,1687574760,1687576560,-1,ALIGNED_COUNTER,TIME,1.0,0.0,390041493.77592796,3.059244397136589
0.7739394378193998,1687595100,1687595340,1687596120,-1,ALIGNED_COUNTER,TP,4.0,0.0,364565587.7342638,1.1739945453048726
-0.45112959569347955,1687602600,1687602660,1687604460,-1,ALIGNED_COUNTER,TIME,1.0,0.0,439354025.88479877,3.9961424018416483
-1.0219147049769297,1687651500,1687651560,1687652040,-1,ALIGNED_COUNTER,STOP,1.0,0.0,478399179.0661719,1.3081018103309854
0.7792032280019321,1687652100,1687652280,1687652520,-1,ALIGNED_COUNTER,TP,3.0,0.0,416528925.6198105,1.3663517398856049
-1.0236621937762123,1687660500,1687661280,1687662840,-1,ALIGNED_COUNTER,STOP,13.0,0.5175457956301033,0.6417910435360532,1.3913501187492934
-1.0229325153374427,1687737600,1687737720,1687737960,-1,MIXED,STOP,2.0,0.11451942740283988,3.5394736533042064,2.006459643112841
-1.0229079539339339,1687738200,1687738260,1687738800,-1,MIXED,STOP,1.0,0.0,1541491766.2253525,1.811579836221037
0.12915695312500475,1687739100,1687739160,1687739340,-1,MIXED,STOP,1.0,0.06835937499999951,5.739999916032147,1.4139612347966635
-0.7618237246465673,1687835700,1687836720,1687838520,1,MIXED,TIME,17.0,0.2882606023355659,1.2686567120169263,-4.788932892666824
-0.2888220672682838,1687839000,1687839960,1687841760,1,MIXED,TIME,16.0,0.0,426374077.11234504,-2.9864026250517184
0.26385628085573004,1687844400,1687844520,1687845660,1,MIXED,STOP,2.0,0.28414701042236645,1.8243243179040598,-2.037253121908255
0.08505476989789984,1687911900,1687911960,1687915500,1,ALIGNED_WITH,STOP,1.0,0.27171632396139195,2.3189189103846597,-1.945226373116354
-0.21496963681481202,1687923000,1687925280,1687927080,-1,MIXED,TIME,38.0,0.1505376344085935,2.699300681369666,2.303436235497107
0.1785740933114607,1687938600,1687938660,1687939260,-1,MIXED,STOP,1.0,0.0,775651540.0036294,1.3134071897041755
0.1899153662585427,1687999500,1687999620,1688000040,-1,MIXED,STOP,2.0,0.03340942104169923,9.956521441118833,1.0588112327449997
0.14576746793143266,1688001600,1688002980,1688003940,-1,MIXED,STOP,23.0,0.6157162875929556,0.5931372539386603,1.2636965567773668
-1.0219781152160299,1688007000,1688007780,1688009100,-1,MIXED,STOP,13.0,0.20162805259860933,1.5362318764389673,1.5110185281266169
0.771665723019657,1688085300,1688085480,1688086800,-1,ALIGNED_COUNTER,TP,3.0,0.0,483785220.6273249,1.082211470770751
-1.027615113710206,1688087100,1688087160,1688087820,-1,ALIGNED_COUNTER,STOP,1.0,0.0,689538661.468443,1.113353475574867
0.1246134893159567,1688088600,1688088780,1688089740,-1,ALIGNED_COUNTER,STOP,3.0,0.13369941506505897,4.224999968399173,1.02508301977455
-1.0266550561797845,1688169900,1688170020,1688170380,1,MIXED,STOP,2.0,0.138077403245968,2.3797468182076322,-1.262149916117761
0.20831477300314832,1688174700,1688175000,1688175900,1,MIXED,STOP,5.0,0.10026705511048808,4.796610121651873,-2.3561284320787848
0.24661251279425933,1688185500,1688185920,1688186520,1,MIXED,STOP,7.0,0.417349027635607,0.8240343327895565,-2.5473030495184705
1.6611725631769219,1688256900,1688257140,1688257800,1,ALIGNED_WITH,STOP,4.0,0.11913357400719082,6.121212069832608,-1.2124541392293662
0.0746369238061367,1688264400,1688264460,1688265960,1,ALIGNED_WITH,STOP,1.0,0.0,1709562744.4009957,-2.146268415238095
-1.0205309132814926,1688267100,1688267160,1688277600,1,ALIGNED_WITH,STOP,1.0,0.0,461826562.9501849,-2.17890207813168
0.13412910127331615,1688343600,1688343660,1688345400,-1,ALIGNED_COUNTER,STOP,1.0,0.0,749333728.1611203,1.1228378466486184
-1.0112026217228407,1688350200,1688351400,1688364840,1,ALIGNED_WITH,STOP,20.0,0.38233458177278445,0.9914285688355005,-1.7725064696049642
1.3596369157916786,1688365500,1688365560,1688370060,1,ALIGNED_WITH,STOP,1.0,0.0,367510809.1414482,-1.245830100290698
0.08067753276654077,1688433600,1688433900,1688434200,1,ALIGNED_WITH,STOP,5.0,0.1673751328374096,2.9111110937184588,-1.3327051890626982
-1.0151083091987314,1688436000,1688436120,1688438580,1,ALIGNED_WITH,STOP,2.0,0.0,409805544.06293494,-1.1858282431201335
0.08571639547801033,1688438700,1688439240,1688442060,1,ALIGNED_WITH,STOP,9.0,0.25112722995495146,1.590163928093792,-2.5064381736410497
-0.44124405169722664,1688523300,1688525460,1688527260,-1,MIXED,TIME,36.0,0.7303020865773894,0.597014924555644,2.587073888322381
0.7600292353267595,1688529300,1688529660,1688530080,-1,MIXED,TP,6.0,0.11923717830027576,3.8478260546875425,2.039725638178031
0.7526982394366103,1688545200,1688545260,1688545560,1,MIXED,TP,1.0,0.15096830985908719,3.081632632650596,-1.6689033447173407
0.7703204871259407,1688602500,1688602800,1688603040,1,ALIGNED_COUNTER,TP,5.0,0.0,426722338.20462126,-1.695435603093785
0.7755738237319055,1688607000,1688607540,1688608560,1,ALIGNED_COUNTER,TP,9.0,0.0,395226072.9859772,-2.7538497895289202
-1.0244997593950338,1688609400,1688609460,1688609820,1,ALIGNED_COUNTER,STOP,1.0,0.0,717002749.7708093,-1.4726940461143905
0.09046234372853229,1688688000,1688688120,1688688240,-1,ALIGNED_WITH,STOP,2.0,0.5241104547327946,3.566972470258482,1.4695616800357463
-1.0081228462239853,1688689200,1688689860,1688690640,-1,ALIGNED_WITH,STOP,11.0,0.1230285747541059,5.026490025369465,2.226365472456174
0.09253181575860839,1688690700,1688691000,1688693400,-1,ALIGNED_WITH,STOP,5.0,0.0,405267086.0432845,3.281791640032791
-1.0355198693248024,1688776800,1688776860,1688778420,1,ALIGNED_COUNTER,STOP,1.0,0.0,304908694.9237739,-1.022772517407952
-1.0400633245383069,1688784600,1688784660,1688785260,1,ALIGNED_COUNTER,STOP,1.0,0.06860158311341873,11.538461370272733,-1.2903334187702393
-0.27543466086963436,1688789400,1688789460,1688791260,1,ALIGNED_COUNTER,TIME,1.0,0.0,326260869.5651621,-1.0676762959034376
0.7598883997732496,1688863800,1688863920,1688864460,1,MIXED,TP,2.0,0.0,1121481201.5869455,-1.6095868763288026
-1.0384305816473924,1688865000,1688865060,1688865420,1,MIXED,STOP,1.0,0.15426300578031144,2.803278670353543,-1.1404918900695962
0.7670775104765175,1688866800,1688866860,1688868480,1,MIXED,TP,1.0,0.0,488902685.0845912,-2.0342577985733055
1.5603262373603253,1688947200,1688947380,1688947860,-1,ALIGNED_WITH,STOP,3.0,0.005588078765287177,73.33332021033893,1.6536518530584439
0.08390781088231149,1688948100,1688948160,1688948280,-1,ALIGNED_WITH,STOP,1.0,0.0,1373748993.443054,1.5297951317991447
0.08565819382059392,1688949600,1688949660,1688950440,-1,ALIGNED_WITH,STOP,1.0,0.0,563086974.275236,1.2807066541709322
1.5981594667385102,1689051900,1689052920,1689057060,1,ALIGNED_WITH,STOP,17.0,0.1583625100996098,2.178571414815045,-0.8044204218537695
-1.0194957297641993,1689060000,1689060360,1689063720,1,ALIGNED_WITH,STOP,6.0,0.3479923518164606,1.67032966552958,-1.7766126571758172
-1.0237469898358214,1689068700,1689068760,1689069540,-1,ALIGNED_COUNTER,STOP,1.0,0.0,372165754.49574554,1.3881296596363795
-1.0208871937530537,1689121200,1689122400,1689123240,1,ALIGNED_WITH,STOP,20.0,0.3648609077599387,1.0337078623350915,-1.0235133380815038
0.07377922014420742,1689138000,1689139200,1689139440,1,ALIGNED_WITH,STOP,20.0,0.3080308030803093,1.7333333277061298,-1.1512337705157323
0.0741298213854529,1689140100,1689140160,1689142500,1,ALIGNED_WITH,STOP,1.0,0.0,529688631.4265415,-1.2362550313508247
0.754408767416981,1689207300,1689207660,1689208320,-1,MIXED,TP,6.0,0.6422293676313455,0.8551401855842775,1.3773410585240038
-1.0432554084334753,1689209100,1689209520,1689210300,-1,MIXED,STOP,7.0,0.25952332450597093,1.6703296638938727,1.0962703415779438
-1.0334980066445527,1689219300,1689221760,1689221940,-1,MIXED,STOP,41.0,0.5847176079733749,1.2651515129879782,1.6035130408353615
0.08889175572906113,1689301800,1689302640,1689303960,1,ALIGNED_WITH,STOP,14.0,0.05518077768514366,6.692307571026927,-1.1110393053506737
-1.0150301597093776,1689317700,1689318120,1689319920,1,ALIGNED_WITH,STOP,7.0,0.12379189800532574,4.069767408985276,-1.7548618466606185
-1.0196219977553442,1689320400,1689320460,1689321120,1,ALIGNED_WITH,STOP,1.0,0.0,848484848.4848485,-1.6414489900013143
0.15006982466931212,1689379200,1689379320,1689380820,-1,MIXED,STOP,2.0,0.0,399056700.50239635,1.107154536213157
0.7694803219778833,1689385200,1689385740,1689386880,-1,MIXED,TP,9.0,0.5533994537875457,0.7381818168478878,1.303534791060643
0.10170526555734638,1689401100,1689401220,1689401640,1,ALIGNED_COUNTER,STOP,2.0,0.0765899247776833,5.749999924929779,-1.937222383156125
1.4728623379274624,1689470100,1689470160,1689471780,-1,ALIGNED_WITH,STOP,1.0,0.0,505972434.9159038,2.7005651080811304
0.06254284956217315,1689471900,1689472380,1689473400,-1,ALIGNED_WITH,STOP,8.0,0.0,482886707.34943235,3.1562869068618977
-1.0414304103927212,1689474000,1689474060,1689474120,-1,ALIGNED_WITH,STOP,1.0,0.0,5175081192.79606,2.585193314495425
-1.0206855325602782,1689552000,1689552240,1689553020,-1,ALIGNED_WITH,STOP,4.0,0.3863202700719068,1.6117021234876656,1.326081769147689
-0.25781092066413613,1689561300,1689562200,1689583800,-1,ALIGNED_WITH,TIME,15.0,0.3124352927643168,1.0876288624980914,1.0981298761767326
0.0686462166778348,1689587400,1689587700,1689587820,-1,ALIGNED_WITH,STOP,5.0,0.47716640677207767,0.960784311712063,1.220259247190584
1.5344860031595868,1689645000,1689646260,1689654300,-1,ALIGNED_WITH,STOP,21.0,0.5232227488151356,0.8913043461227239,1.576922473293715
0.11776968166512661,1689654600,1689654840,1689656640,1,ALIGNED_COUNTER,STOP,4.0,0.20783593510867518,1.8969072073675328,-2.6641733564503545
0.11533391003457022,1689659100,1689659460,1689660840,1,ALIGNED_COUNTER,STOP,6.0,0.1384083044982679,4.799999965319879,-1.1158164090212555
-1.0197276437673595,1689727200,1689727260,1689728100,-1,ALIGNED_WITH,STOP,1.0,0.0,631965016.2223084,2.3682495824300687
0.7738329762052981,1689728400,1689728460,1689729780,-1,MIXED,TP,1.0,0.0,746480627.8809487,1.9233156459474086
-1.0304291799018135,1689743400,1689744240,1689745080,1,MIXED,STOP,14.0,0.6286456829338343,0.60771704083401,-1.3047818779087634
-1.0176806337135507,1689811500,1689811920,1689814020,-1,ALIGNED_WITH,STOP,7.0,0.10823827629908649,3.147540954527687,1.8179562977474115
-1.0183466334164508,1689814200,1689816120,1689819000,-1,ALIGNED_WITH,STOP,32.0,0.7019293870586778,0.6858638733684433,1.2405960733812305
0.7622346920452899,1689830700,1689831120,1689831420,1,ALIGNED_COUNTER,TP,7.0,0.41228227688995917,1.0853658510258164,-1.9438370853130837
0.08374835779176613,1689906600,1689906660,1689908340,-1,ALIGNED_WITH,STOP,1.0,0.0,313067784.7659103,1.9781727571577203
-1.0308342874004455,1689915900,1689916260,1689917160,1,ALIGNED_COUNTER,STOP,6.0,0.0537031572735023,7.115384482893884,-2.8025901981946224
-0.308134672064748,1689917700,1689919920,1689921720,1,ALIGNED_COUNTER,TIME,37.0,0.7119028340081386,0.5509554132387707,-1.8128136004258735
0.7583179410592984,1689984000,1689984780,1689986340,1,ALIGNED_COUNTER,TP,13.0,0.08641975308648048,4.161290274424938,-1.3866752281437034
0.7542734351145199,1689986400,1689986760,1689987180,1,ALIGNED_COUNTER,TP,6.0,0.11603053435112189,2.9473683956517256,-1.101106851649419
0.4196925188743542,1689989700,1689990720,1689992520,1,MIXED,TIME,17.0,0.4932509723175957,1.0779220757365395,-1.5806373393819322
0.07730380656753282,1690070400,1690070640,1690073100,-1,ALIGNED_WITH,STOP,4.0,0.617546152589444,0.5259259250743147,3.359134771590852
0.08266393490265458,1690075200,1690075260,1690078500,-1,ALIGNED_WITH,STOP,1.0,0.0,476024411.50826895,2.002865718658808
-1.0434481358740835,1690090200,1690090500,1690090680,1,MIXED,STOP,5.0,0.4030654515326661,1.0503597096246093,-2.8092616836489914
0.7688190639439209,1690164000,1690164060,1690164360,-1,MIXED,TP,1.0,0.0,421523326.8743667,2.7782151948310476
0.11891119391860999,1690164600,1690164840,1690164960,-1,MIXED,STOP,4.0,0.3338798628707735,1.8874999943468143,2.9166520529715614
0.7759170333487624,1690168500,1690168620,1690170240,-1,MIXED,TP,2.0,0.0,405280222.3251512,3.191994044825029
1.6663734096692429,1690243200,1690243560,1690247460,-1,ALIGNED_WITH,STOP,6.0,0.10390161153519964,2.9428571145334366,1.0143085642945964
-1.0418266543362105,1690247700,1690247760,1690248840,1,ALIGNED_COUNTER,STOP,1.0,0.0,445951500.2055089,-1.9859622177419534
-0.030236669401106794,1690248900,1690248960,1690250760,1,ALIGNED_COUNTER,TIME,1.0,0.0,778096800.6563406,-2.2960179819118465
-1.04894881323421,1690333200,1690333380,1690333560,1,ALIGNED_COUNTER,STOP,3.0,0.05706065691683065,6.588235178655049,-1.0666207805219936
-1.0442042875703847,1690334400,1690334460,1690335180,1,ALIGNED_COUNTER,STOP,1.0,0.0,885231702.0355366,-1.542639474224568
-0.06726333830102142,1690335600,1690335660,1690337460,1,ALIGNED_COUNTER,TIME,1.0,0.0,429210134.1281011,-1.3473730560948467
-0.7656487516005249,1690427700,1690430160,1690431960,-1,MIXED,TIME,41.0,0.497439180537786,0.8243243226671286,1.1145566290412212
-1.0427573532462133,1690432800,1690433160,1690434060,-1,MIXED,STOP,6.0,0.3049159925326613,1.038095234690848,1.242857297993844
0.7511965844402038,1690440600,1690440660,1690442220,1,MIXED,TP,1.0,0.0,385199240.9866669,-2.7277031249031327
-1.0326616331096432,1690502400,1690502640,1690503720,-1,ALIGNED_WITH,STOP,4.0,0.0,345637583.89259547,1.321749218338849
1.3789748841746081,1690505400,1690505460,1690512300,-1,ALIGNED_WITH,STOP,1.0,0.0,477932211.6556912,1.366304053859968
0.22721872267629947,1690517700,1690517760,1690519560,1,ALIGNED_COUNTER,TIME,1.0,0.0,423113476.52541816,-1.1350488393284353
-1.06209957627112,1690590300,1690590360,1690590780,-1,MIXED,STOP,1.0,0.0,377118644.0678566,1.3982280364685291
-0.5098717002236675,1690596000,1690596480,1690598280,-1,MIXED,TIME,8.0,0.7203579418345921,1.2463768098635106,2.4816061618365155
0.13353325415686446,1690604400,1690604820,1690605060,1,MIXED,STOP,7.0,0.3768804433887079,1.470588231392273,-0.9054090151638862
-1.110849703184024,1690675200,1690675320,1690675980,1,MIXED,STOP,2.0,0.0,339989206.6918457,-1.387826844242479
0.6866927152317804,1690676100,1690676160,1690676280,1,MIXED,TP,1.0,0.3090507726269303,1.5999999948232209,-1.677697081800294
0.052776267172028934,1690677300,1690677360,1690678260,1,MIXED,STOP,1.0,0.0,570345807.6739856,-2.094145124395733
0.12715616955168485,1690766400,1690766580,1690767780,1,MIXED,STOP,3.0,0.0,338659565.0244003,-1.1883951383087883
-1.0482087599812637,1690796100,1690796700,1690797180,-1,MIXED,STOP,10.0,0.47674964772194006,1.0137931013218575,1.481761265156725
-0.5174800046883342,1690798200,1690799940,1690801740,-1,MIXED,TIME,29.0,0.6694796061885226,0.6176470579008362,2.608876877655371
-1.020858657279877,1690848000,1690848300,1690851420,-1,ALIGNED_WITH,STOP,5.0,0.0,336394245.48517317,1.2115760306248062
1.41460368408938,1690851900,1690852020,1690853700,-1,ALIGNED_WITH,STOP,2.0,0.0,867142528.2062473,1.4921061431147107
0.08685479896238492,1690856400,1690856580,1690856700,-1,ALIGNED_WITH,STOP,3.0,0.0,709533073.9299933,1.3346019634540902
0.7832402188782608,1690934400,1690934640,1690934880,1,MIXED,TP,4.0,0.3109358654542763,2.449275354441486,-1.1005190095979287
0.7865210350154518,1690938600,1690938900,1690939920,1,MIXED,TP,5.0,0.12976313079301016,4.590277742402929,-2.2269555188429093
0.07731819920230545,1690941900,1690942200,1690944000,1,MIXED,TIME,5.0,0.0,367152925.74987715,-2.4451781031042334
-1.0239478612920303,1691020800,1691021040,1691023080,-1,ALIGNED_WITH,STOP,4.0,0.07393064601302607,5.69999992290023,1.2363721422395915
0.07692565362246688,1691023200,1691023260,1691024940,-1,ALIGNED_WITH,STOP,1.0,0.0,535998644.7569589,1.750236752992485
1.3146779250650986,1691027400,1691027460,1691029800,-1,ALIGNED_WITH,STOP,1.0,0.0,696568004.3581303,1.4039290042401449
-1.0204640778647456,1691116500,1691118000,1691125380,-1,ALIGNED_WITH,STOP,25.0,0.3940397350993501,1.5668449158096336,1.7206025040866806
0.07496381792559587,1691125800,1691125980,1691131980,-1,ALIGNED_WITH,STOP,3.0,0.23929424738106686,1.4193548327774996,2.4345329023220845
0.06582519896121927,1691146500,1691146920,1691149920,-1,ALIGNED_WITH,STOP,7.0,0.34481025383258496,1.0510204051151566,1.4519167496562608
0.08420486499070422,1691193600,1691194860,1691213340,-1,ALIGNED_WITH,STOP,21.0,0.2427839851024454,1.3422818736657913,1.1830903645113227
0.056287683031905025,1691241300,1691242560,1691243160,-1,ALIGNED_WITH,STOP,21.0,0.5426356589147249,0.7749999985717251,3.0959047374148843
0.06105511826102902,1691244600,1691244660,1691246700,-1,ALIGNED_WITH,STOP,1.0,0.0,522838264.86641437,3.0634316767393788
2.4632409531725505,1691301600,1691301660,1691302440,-1,ALIGNED_WITH,STOP,1.0,0.0,1035743973.4000093,1.2824930084572612
0.014051067427538672,1691302500,1691302560,1691303880,-1,ALIGNED_WITH,STOP,1.0,0.0,390615091.9468617,1.9076852097612482
-1.0677211576846035,1691308500,1691308560,1691310180,-1,ALIGNED_WITH,STOP,1.0,0.0,1061876247.5047402,1.2224968741018398
-1.0302785395597693,1691367000,1691367180,1691368260,1,MIXED,STOP,3.0,0.0,422665080.3093213,-1.4131337342667913
0.7671915940625916,1691368500,1691368980,1691370660,1,MIXED,TP,8.0,0.6143917392707461,0.6213235284003855,-0.8283019180547536
-0.4009298186702128,1691372700,1691372760,1691374560,1,ALIGNED_COUNTER,TIME,1.0,0.0,500671591.67224425,-1.1328707053491638
-0.8464063529784592,1691452800,1691453280,1691455080,1,MIXED,TIME,8.0,0.36375158428393134,0.8536585342384727,-1.353339218573208
0.28902055921052117,1691458500,1691461080,1691462880,1,MIXED,TIME,43.0,0.7253289473683243,0.6706349197104616,-1.6293652749925918
0.19807765006386063,1691469300,1691469360,1691471160,1,MIXED,TIME,1.0,0.0,464878671.77523214,-1.3287628913891523
0.0926061905366116,1691551500,1691551680,1691553480,-1,ALIGNED_COUNTER,TIME,3.0,0.005327920842370656,58.33332238415836,1.2322820701190191
-1.0402819412219926,1691566200,1691566380,1691566920,-1,ALIGNED_COUNTER,STOP,3.0,0.0,387084300.0774204,2.136298906323236
0.7585961882072978,1691567700,1691568780,1691569140,-1,ALIGNED_COUNTER,TP,18.0,0.3613261862219596,1.3076923040731614,2.5656380325571195
0.20275739680623756,1691626800,1691628360,1691628960,-1,MIXED,STOP,26.0,0.6010846640554357,0.5614035078379458,1.197869873766551
0.07648219645294899,1691641500,1691642760,1691648220,1,ALIGNED_WITH,STOP,21.0,0.39392905866303013,1.0848484820946547,-2.6919531777283
0.7588862206291909,1691658600,1691658960,1691660280,-1,MIXED,TP,6.0,0.0,359617682.1983674,1.1638179093291372
0.7170057568438009,1691717100,1691717460,1691717760,-1,MIXED,TP,6.0,0.07890499194855176,5.214285648196686,2.18155077583841
0.17021716200457865,1691723400,1691723580,1691724360,-1,MIXED,STOP,3.0,0.19172494172497304,3.085106366886931,1.1089506299281453
0.5063157759025256,1691733300,1691733720,1691735520,-1,MIXED,TIME,7.0,0.0754805438349493,4.782608632291549,2.11793510770788
0.7125591758708745,1691799000,1691799900,1691800080,1,MIXED,TP,15.0,0.2616822429907472,1.727272720671176,-2.490794204602081
0.7160541972289809,1691800200,1691801040,1691801760,1,MIXED,TP,14.0,0.34800325998363046,1.0655737674300927,-1.8815674879200146
0.31200814220199674,1691805600,1691806140,1691807940,1,MIXED,TIME,9.0,0.5672782874617069,0.5660377348513211,-0.8524001826048739
-0.815664749733715,1691884800,1691885160,1691886960,-1,MIXED,TIME,6.0,0.014909478168046341,51.99999651304992,1.7525207604458506
0.6046701421800187,1691888400,1691889720,1691889960,-1,MIXED,TP,22.0,0.2654028436018866,2.199999991711442,1.2316229988160228
0.5894623084782281,1691892600,1691893860,1691895060,-1,ALIGNED_COUNTER,TP,21.0,0.0,314606741.5731213,0.8502138997040187
0.07344698412699732,1691973300,1691973420,1691973960,-1,ALIGNED_WITH,STOP,2.0,0.0,663945578.2313321,1.0950246062079503
0.08045060806281,1691979000,1691979120,1691979480,-1,ALIGNED_WITH,STOP,2.0,0.0,814421143.349607,2.632085886752393
0.08527931726906701,1691981100,1691981160,1691982000,-1,ALIGNED_WITH,STOP,1.0,0.03463855421685629,11.608695317039917,2.619067309814843
-1.0419051860890538,1692061200,1692061500,1692063000,1,ALIGNED_WITH,STOP,5.0,0.20500305064060848,2.3749999884154693,-1.257575390970097
0.061286824769388584,1692063600,1692063840,1692065400,1,ALIGNED_WITH,STOP,4.0,0.16205533596832492,3.243902419008113,-1.8744212613087161
-1.0690315648086104,1692078300,1692079320,1692081120,1,MIXED,STOP,17.0,0.3666890530558888,1.2948717913398722,-1.4387325510509632
0.06560333249178446,1692148500,1692149460,1692150000,-1,ALIGNED_WITH,STOP,16.0,0.5867205251199985,1.259036142432129,1.5176632754872244
0.06710692400486429,1692150900,1692153000,1692160920,-1,ALIGNED_WITH,STOP,35.0,0.7059107358262168,0.5693779896241647,1.7007797668206757
-1.0821518086816577,1692163500,1692163560,1692163800,1,ALIGNED_COUNTER,STOP,1.0,0.0,1350482315.112544,-2.3497665204920555
2.9204083092659303,1692230400,1692230520,1692233100,-1,ALIGNED_WITH,STOP,2.0,0.0,725270758.1227549,1.4377033152309124
-0.45235066919992534,1692234600,1692234720,1692256320,-1,ALIGNED_WITH,TIME,2.0,0.0,330715642.8118975,2.2313497641172577
0.7714295887663217,1692275100,1692275160,1692275280,1,ALIGNED_COUNTER,TP,1.0,0.0,1057171514.5436488,-1.2514068314272193
-0.1769318934057564,1692316800,1692317280,1692319080,1,ALIGNED_COUNTER,TIME,8.0,0.051769498429941406,6.0688523417880065,-1.0483664283454366
0.13809609926780014,1692333000,1692333660,1692333960,1,ALIGNED_COUNTER,STOP,11.0,0.2803084299877027,1.498381871677084,-1.9764895017343531
0.7880442209430123,1692335700,1692336360,1692337020,1,ALIGNED_COUNTER,TP,11.0,0.2960998641743811,1.1284403631614834,-0.9954725272167863
0.08509305368167634,1692404100,1692404280,1692405180,-1,ALIGNED_WITH,STOP,3.0,0.0,314240156.9974134,1.19217101328302
1.5497371554575654,1692405900,1692405960,1692414240,-1,ALIGNED_WITH,STOP,1.0,0.0,658581403.895655,2.1634219418075475
0.08339310565537791,1692414300,1692414480,1692415260,-1,ALIGNED_WITH,STOP,3.0,0.21697983815661467,2.4513274223310515,1.5074744136441316
-1.028865971399232,1692490800,1692491400,1692492240,-1,ALIGNED_WITH,STOP,10.0,0.45461009717946466,0.8905109469462698,2.231711376929365
-1.0265137868579064,1692492300,1692492360,1692493200,-1,ALIGNED_WITH,STOP,1.0,0.0,785046728.9720722,2.0603530987806487
0.07656118598380535,1692494100,1692494160,1692494400,-1,ALIGNED_WITH,STOP,1.0,0.0,342318059.2991191,2.4655453054905156
-1.0336796098638004,1692578700,1692579900,1692580320,1,ALIGNED_COUNTER,STOP,20.0,0.5513433934486963,0.7149532697312071,-1.6732692573533383
0.18051937488576708,1692580500,1692580680,1692581400,1,ALIGNED_COUNTER,STOP,3.0,0.6550904770608309,1.1835937481934173,-1.3610788694766498
0.07811042716581351,1692589800,1692590460,1692590580,-1,ALIGNED_WITH,STOP,11.0,0.030237580993538734,24.333332528581117,0.9061102355673546
0.07032262428687369,1692677400,1692679080,1692680580,-1,ALIGNED_WITH,STOP,28.0,0.4073349633252187,0.7983193257711353,1.1510107380590247
0.07256383619390283,1692685800,1692686100,1692687060,-1,ALIGNED_WITH,STOP,5.0,0.22448057813918043,1.647887316601855,2.7418327712320756
-1.0269502068558207,1692688200,1692689220,1692690180,-1,ALIGNED_WITH,STOP,17.0,0.7229609929077659,0.6952789689954243,2.0700602279541713
0.2242601813602173,1692749100,1692750420,1692752220,-1,MIXED,TIME,22.0,0.507808564231739,0.5986111099322783,1.63554076030271
-1.027729118773913,1692795600,1692795840,1692796320,1,ALIGNED_COUNTER,STOP,4.0,0.034329501915677595,10.68749968868767,-1.4987554208999831
0.08563349917079359,1692799500,1692799560,1692800580,-1,ALIGNED_WITH,STOP,1.0,0.0,1416252072.96852,3.4695177031904603
0.018388101604302768,1692841500,1692842820,1692844620,1,MIXED,TIME,22.0,0.49343704423918155,1.0034482738284294,-1.9053602093412103
0.11576383647798204,1692852600,1692853140,1692854520,-1,MIXED,STOP,9.0,0.27968923418422353,1.3981481431495097,1.4171422770925748
0.7717086624981294,1692868500,1692868560,1692869040,-1,MIXED,TP,1.0,0.0,766509074.2717966,3.1011102632394194
0.08038762057879591,1692921600,1692921900,1692923280,-1,ALIGNED_WITH,STOP,5.0,0.27909967845662115,1.951612896232812,2.5668811909661398
-1.0332712777575537,1692933300,1692933360,1692933960,1,ALIGNED_COUNTER,STOP,1.0,0.0,438296323.26175743,-2.023567789371712
-0.14729305411933927,1692934200,1692934260,1692936060,1,ALIGNED_COUNTER,TIME,1.0,0.0,1023095484.3157871,-2.184669067000183
0.7600272687417868,1693008300,1693009020,1693009740,1,ALIGNED_COUNTER,TP,12.0,0.15651030249885786,2.098039202281897,-1.287431117713351
-1.0951257963447234,1693038900,1693038960,1693039080,1,ALIGNED_COUNTER,STOP,1.0,0.0,2134725848.5640216,-1.2458469680937103
0.16030232729967064,1693042500,1693043100,1693044900,1,ALIGNED_COUNTER,TIME,10.0,0.2068710749907669,2.2499999891236606,-1.182217468681329
0.04545668016194919,1693098000,1693098120,1693098480,-1,ALIGNED_WITH,STOP,2.0,0.0,346378767.4314171,2.477362670539867
1.283109101814441,1693098600,1693098660,1693100340,-1,ALIGNED_WITH,STOP,1.0,0.0,314889788.5740156,1.731926644190783
-1.0483764110756093,1693100400,1693100460,1693101420,-1,ALIGNED_WITH,STOP,1.0,0.0,441693290.73471886,1.360066754589959
0.09861889608562996,1693180800,1693180860,1693181100,-1,MIXED,STOP,1.0,0.007885102787975856,123.49998433710991,1.5326132183396737
0.7557119377582843,1693182600,1693182900,1693183920,-1,MIXED,TP,5.0,0.010211524434818356,73.99999275255882,1.745732563998446
2.3647125157049778,1693200600,1693200660,1693200780,-1,ALIGNED_WITH,STOP,1.0,0.0,1717019425.9205017,1.0198941878205148
0.7679279081990218,1693271100,1693271760,1693271820,1,MIXED,TP,11.0,0.4954449894884494,2.351485143768558,-1.4869080810750424
-0.1994444687842112,1693275300,1693275360,1693277160,1,MIXED,TIME,1.0,0.0,453450164.29355216,-1.605993795021301
0.7523646612608059,1693290600,1693290720,1693292040,-1,MIXED,TP,2.0,0.08056500130789866,4.454545399252329,1.378562295499559
0.1360742431868977,1693353600,1693355160,1693356780,-1,ALIGNED_COUNTER,STOP,26.0,0.5848853095563632,0.8313252997834281,1.3760897454824592
0.7839425427261308,1693360800,1693361040,1693361520,-1,ALIGNED_COUNTER,TP,4.0,0.0,350145894.1225521,1.1208656532266528
0.2998474036850926,1693362900,1693363320,1693365120,-1,ALIGNED_COUNTER,TIME,7.0,0.07461550175118027,4.114285659146306,1.5037799347521725
1.3494812283308113,1693451100,1693451640,1693467360,1,ALIGNED_WITH,STOP,9.0,0.10995542347698906,4.432432392120778,-1.078075011791684
0.7581972824896193,1693467600,1693467660,1693468080,-1,ALIGNED_COUNTER,TP,1.0,0.0,368178829.7172889,2.1200813198730803
-0.20319343065689488,1693471800,1693472700,1693474500,-1,ALIGNED_COUNTER,TIME,15.0,0.2802919708029877,3.6041666538070802,1.2765050389200732
0.08708816060154802,1693529100,1693530120,1693533180,-1,ALIGNED_WITH,STOP,17.0,0.3262396254522484,1.579908670956129,1.8339324881296493
0.08201770417465466,1693536300,1693536720,1693537500,-1,ALIGNED_WITH,STOP,7.0,0.3767558775690683,0.8681318658279378,1.5011614698346936
0.0732496582139149,1693560000,1693560300,1693565400,-1,ALIGNED_WITH,STOP,5.0,0.2624035281146616,2.023529404053274,2.5282890034031698
-1.0356190288195881,1693620600,1693621620,1693623240,1,ALIGNED_COUNTER,STOP,17.0,0.334386103434616,1.14876032714334,-2.2009044567289364
0.09691036406334358,1693650000,1693651200,1693651740,1,ALIGNED_COUNTER,STOP,20.0,0.6946564885496811,0.538461537686258,-1.5169227118766295
0.7572226089015494,1693660200,1693661400,1693662120,1,ALIGNED_COUNTER,TP,20.0,0.715909090909167,0.9490740727482875,-2.057179650991483
0.0638779874213678,1693699200,1693699260,1693701720,-1,ALIGNED_WITH,STOP,1.0,0.2976939203355232,1.5915492904277952,1.1042305177738185
0.06405096754984022,1693704300,1693704360,1693717860,-1,ALIGNED_WITH,STOP,1.0,0.0,383447454.5996077,1.0716515045611945
0.04839610352678594,1693723200,1693723320,1693725540,-1,ALIGNED_WITH,STOP,2.0,0.3583617747440251,1.3333333296126983,1.2124867752899116
0.20394386192009886,1693789200,1693790700,1693791180,-1,MIXED,STOP,25.0,0.4832793959007589,0.724999998499969,2.225748753186938
0.008486214209983536,1693799700,1693800720,1693802520,1,MIXED,TIME,17.0,0.2693531283139049,1.3858267665083308,-1.865974385021782
0.20039746776452252,1693807200,1693807440,1693807800,1,MIXED,STOP,4.0,0.060897933820086646,5.249999913791804,-1.6738393882866356
0.08809683780130967,1693872000,1693872900,1693874100,-1,ALIGNED_WITH,STOP,15.0,0.26451676723709394,1.837696328131226,1.8197903336336252
-1.0187126534022704,1693884000,1693884060,1693886160,-1,ALIGNED_WITH,STOP,1.0,0.0,662384458.7184914,1.3485389600737014
-1.0183808252799544,1693887000,1693887900,1693890840,-1,ALIGNED_WITH,STOP,15.0,0.6163522012577978,1.153310102658623,3.4300318041448126
-1.0283829596412468,1693958400,1693958460,1693963500,-1,ALIGNED_WITH,STOP,1.0,0.0,333726693.4152237,1.201979748145037
0.7499639534883404,1693967100,1693967820,1693969020,1,ALIGNED_COUNTER,TP,12.0,0.6860465116277858,0.8700564959071486,-2.045399592728935
-0.910212253052157,1693971300,1693971480,1693973280,1,MIXED,TIME,3.0,0.1926748057713862,1.7258064426557236,-1.472775693950573
0.43581103432386287,1694050200,1694050800,1694052600,1,MIXED,TIME,10.0,0.40313291868232926,0.9759999975790205,-1.289584976065242
0.1068987112171282,1694057400,1694057940,1694058060,1,ALIGNED_COUNTER,STOP,9.0,0.5379474940334859,0.7018633527324207,-1.2206837862266402
-0.00859521378430124,1694067000,1694067180,1694068980,1,MIXED,TIME,3.0,0.10423314188470571,3.571428537164723,-1.7386099677915923
0.22470289473684935,1694131200,1694133120,1694134140,1,MIXED,STOP,32.0,0.24812030075188166,1.7848484776549385,-1.4060049754956145
-1.0185574679438245,1694164800,1694165040,1694165400,1,ALIGNED_WITH,STOP,4.0,0.07024479245862962,5.454545376890113,-1.4309746273705632
-1.01726521246461,1694166300,1694166480,1694167020,1,ALIGNED_WITH,STOP,3.0,0.44022662889519854,0.7702702685204664,-1.0727105956824425
0.12866653696492286,1694220000,1694220180,1694221980,1,ALIGNED_COUNTER,TIME,3.0,0.04669260700391898,10.49999977512046,-2.215817449708977
0.7058139062500571,1694239200,1694239260,1694239680,1,ALIGNED_COUNTER,TP,1.0,0.0,590624999.9999162,-1.437136154557322
0.7115773815338783,1694240100,1694241000,1694241960,1,ALIGNED_COUNTER,TP,15.0,0.006839276990618819,44.99999342101294,-1.4747881652553123
-0.1036112763320948,1694310000,1694310480,1694312280,-1,MIXED,TIME,8.0,0.42792234613804625,0.716216214542271,1.9801071456701336
0.05289199531431171,1694317500,1694317860,1694318880,-1,ALIGNED_WITH,STOP,6.0,0.1038656774698141,4.368421010569481,1.8745809826549473
3.1394341754957678,1694319600,1694319660,1694319780,-1,ALIGNED_WITH,STOP,1.0,0.18255908720459899,3.9687499782586513,1.3486114936303684
0.7760337627838886,1694391900,1694392080,1694392560,-1,MIXED,TP,3.0,0.05950325408415407,10.656249820923533,1.0796069122639915
-1.022226602326166,1694392800,1694393160,1694393580,-1,MIXED,STOP,6.0,0.3325909428359455,2.796874991590578,2.491154654303635
-0.3591400233372363,1694393700,1694393880,1694395680,-1,MIXED,TIME,3.0,0.0,519486581.0968397,2.9300310493021673
0.08467586837296388,1694477400,1694477820,1694483100,-1,ALIGNED_WITH,STOP,7.0,0.31078610603290413,1.2294117607501547,1.5392978502037653
-1.0200621266427927,1694486400,1694486460,1694487780,-1,ALIGNED_WITH,STOP,1.0,0.0,427718040.6213001,1.408065759134923
0.09061354954393037,1694489400,1694489580,1694489820,-1,ALIGNED_WITH,STOP,3.0,0.34926327278397207,1.9687499943631346,1.8864705965304056
-0.143092769885078,1694565900,1694566680,1694568480,-1,MIXED,TIME,13.0,0.019002805176002134,20.133332273841177,2.131605301168796
0.09009517237648157,1694600700,1694602620,1694604780,1,ALIGNED_WITH,STOP,32.0,0.40006494560805944,0.7869318162148122,-2.3235354606365672
0.09213118210589336,1694617800,1694619060,1694620080,1,ALIGNED_WITH,STOP,21.0,0.41583269181420973,1.4276457849037023,-1.0802717495479002
1.405520450761966,1694651400,1694651520,1694652060,1,ALIGNED_WITH,STOP,2.0,0.0,322704571.6481015,-2.1135076589136856
0.07903785937942837,1694652300,1694652360,1694652480,1,ALIGNED_WITH,STOP,1.0,0.0,1470538001.7079508,-1.8279518968608999
0.07891224594361851,1694652900,1694652960,1694653140,1,ALIGNED_WITH,STOP,1.0,0.6551665243382113,0.6605839405974825,-1.170202622243116
-0.5056017430077276,1694744700,1694746980,1694748780,-1,ALIGNED_COUNTER,TIME,38.0,0.4748007026077956,0.6812748989634242,2.3121447903337877
-0.6796954865181585,1694751300,1694751720,1694753520,-1,ALIGNED_COUNTER,TIME,7.0,0.36107854630712255,1.329545450863497,1.849612853309922
1.4120449069540193,1694765700,1694766000,1694767680,1,ALIGNED_WITH,STOP,5.0,0.29823702252696094,1.4827586157175343,-1.1537384103068904
0.08962735242548606,1694822400,1694822820,1694827200,1,ALIGNED_WITH,STOP,7.0,0.38340151957918706,0.9237804853955537,-2.3968843923748513
0.3554846223701822,1694845200,1694845380,1694847180,-1,ALIGNED_COUNTER,TIME,3.0,0.1483275314060843,2.8999999804485697,1.1187977149886028
0.25058541441247617,1694853600,1694853660,1694854620,-1,ALIGNED_COUNTER,STOP,1.0,0.0,502921445.5746147,2.5538633887278457
0.6568579318685357,1694913300,1694913420,1694915220,1,MIXED,TIME,2.0,0.2060068534569444,2.94520546515571,-5.228680162117015
0.07522893736241967,1694921700,1694921820,1694926440,1,ALIGNED_WITH,STOP,2.0,0.0028016810085643895,133.999952173553,-1.5168488647969802
0.7359477029360666,1694937600,1694937720,1694938380,1,MIXED,TP,2.0,0.029015544041380407,15.333332804919372,-1.7375868164434465
-0.17619253773449187,1694998800,1695000060,1695001860,-1,MIXED,TIME,21.0,0.5272958104105165,0.7902621707858608,1.7666072225424447
0.12902245357344924,1695004500,1695004560,1695004680,-1,MIXED,STOP,1.0,0.0,486888013.5059357,1.2070896314619564
0.0828491816806573,1695024000,1695024240,1695028140,1,ALIGNED_WITH,STOP,4.0,0.0,396644202.99818087,-1.499263705265958
-0.541854625484969,1695092400,1695093000,1695094800,-1,MIXED,TIME,10.0,0.40525216353329924,1.13917525492077,2.217335442459641
0.14697307692307537,1695099000,1695099900,1695101700,-1,ALIGNED_COUNTER,TIME,15.0,0.40740740740738246,0.895104892907814,1.5583743734482969
-1.035589668874165,1695111300,1695111480,1695111780,-1,ALIGNED_COUNTER,STOP,3.0,0.0,513907284.76815045,2.1208567083577337
-1.0224745982986985,1695168000,1695168300,1695168720,-1,ALIGNED_COUNTER,STOP,5.0,0.011578449905494207,37.142853934888784,1.5844582692455484
-0.44773649617593686,1695172200,1695172260,1695174060,-1,ALIGNED_COUNTER,TIME,1.0,0.0,331261950.2867979,1.7815934078384523
-1.023035565206923,1695174300,1695174480,1695174960,-1,ALIGNED_COUNTER,STOP,3.0,0.0,548920255.7606529,1.8061861072819578
-1.0256556900067983,1695265800,1695266280,1695267780,-1,MIXED,STOP,8.0,0.14466349422159167,2.7236841916992103,1.8866164879306233
0.12426370814045895,1695268800,1695268920,1695269280,-1,MIXED,STOP,2.0,0.0,354478627.8246412,2.031030411036618
0.7739524166666969,1695288600,1695288720,1695288960,-1,MIXED,TP,2.0,0.5094444444444586,2.019083965502204,1.1188722476167983
0.7672942118226522,1695342600,1695342660,1695342720,1,ALIGNED_COUNTER,TP,1.0,0.0,798029556.6501956,-1.5595486676549553
-1.0328034482758301,1695343200,1695343980,1695344640,1,ALIGNED_COUNTER,STOP,13.0,0.6847290640393936,0.7913669053191036,-2.1924746419837464
-1.0162692233604556,1695349500,1695351780,1695352680,-1,ALIGNED_WITH,STOP,38.0,0.433937483582844,0.8940677945498021,1.2315526364305849
0.05631931058745076,1695493200,1695493440,1695494100,-1,ALIGNED_WITH,STOP,4.0,0.0,743580724.5866247,1.3208451832746015
0.04239476212616463,1695505500,1695506520,1695510000,-1,ALIGNED_WITH,STOP,17.0,0.2538354253836433,1.435897430239722,1.8496447353178076
1.3314609792843088,1695523500,1695524460,1695534060,-1,ALIGNED_WITH,STOP,16.0,0.2768361581920904,1.1999999956655139,1.1082879073654976
-1.0691138020833235,1695539400,1695539820,1695542820,-1,ALIGNED_WITH,STOP,7.0,0.28906250000004396,1.4594594544096415,2.479640721421337
-1.079574454428835,1695544800,1695544860,1695546060,-1,ALIGNED_WITH,STOP,1.0,0.0,377406931.9641324,2.1989465479588315
0.08712017700978655,1695600000,1695600180,1695600960,-1,ALIGNED_WITH,STOP,3.0,0.0,634285112.211565,1.0540777740743537
-1.010359292085676,1695602100,1695602280,1695602880,-1,ALIGNED_WITH,STOP,3.0,0.2624850860746537,1.7818181750299504,1.6398895789802006
0.09066307336535837,1695603900,1695606060,1695608340,-1,ALIGNED_WITH,STOP,36.0,0.5678127620645007,0.7932330813097722,1.724495323068278
-1.0355131984585317,1695697200,1695697860,1695698940,-1,MIXED,STOP,11.0,0.4774566473988569,0.7118644052885986,2.5825487718373696
0.2524990416584488,1695699300,1695699900,1695701160,-1,MIXED,STOP,10.0,0.520242519069033,0.8315789457699381,1.5196013120191056
0.12145090045519373,1695702900,1695703080,1695704880,1,MIXED,TIME,3.0,0.0,390659014.4469186,-2.4739517797986146
-1.0193233912585418,1695773100,1695773520,1695786900,-1,ALIGNED_WITH,STOP,7.0,0.5131121642970145,0.6896551710697084,1.3095996715620517
0.11027222011403577,1695806400,1695806940,1695807060,1,ALIGNED_COUNTER,STOP,9.0,0.6056925996205791,0.7631578934768329,-2.1567874199341617
0.7454640509328109,1695807900,1695808020,1695808200,1,ALIGNED_COUNTER,TP,2.0,0.6964761622741762,0.7023809513724614,-1.6330905892065926
-1.0311323936529062,1695859200,1695859560,1695860040,-1,MIXED,STOP,6.0,0.24341661039844614,1.2427184414962051,1.8421629310181393
0.7731606196612473,1695861000,1695861060,1695861180,-1,MIXED,TP,1.0,0.0,861444910.9598904,1.4288689093414821
-0.10720947569327399,1695864000,1695864120,1695865920,1,MIXED,TIME,2.0,0.0,567418884.0238307,-1.068274411594268
0.24419663768720487,1695947700,1695947940,1695948600,-1,ALIGNED_COUNTER,STOP,4.0,0.1774379386194408,2.46280990347577,1.469776261328829
0.7803607340214814,1695954900,1695954960,1695955320,-1,ALIGNED_COUNTER,TP,1.0,0.0,449588155.5624982,1.7269963384187952
-1.0374330958035987,1695970200,1695970380,1695970620,-1,ALIGNED_COUNTER,STOP,3.0,0.15241488519398128,2.9090908900042507,1.5907504600665026
-1.0415466769705854,1696032000,1696032060,1696033020,-1,ALIGNED_COUNTER,STOP,1.0,0.0,315301391.0355702,1.3744042689655454
0.3697581034483388,1696034700,1696036500,1696038300,-1,ALIGNED_COUNTER,TIME,30.0,0.6275862068966347,0.5288461530034129,1.3835596991814278
-1.077146298568553,1696069500,1696069920,1696070520,-1,ALIGNED_COUNTER,STOP,7.0,0.5038854805725629,1.4431818153179137,2.233301212249507
-0.5745906294560786,1696119600,1696119660,1696121460,-1,ALIGNED_COUNTER,TIME,1.0,0.0,399266653.0861671,1.6937795159516056
-0.05403801344289307,1696125900,1696127580,1696129380,-1,ALIGNED_COUNTER,TIME,28.0,0.5436893203882978,0.8397435881992797,0.8016410123213672
-1.0650742964995932,1696142400,1696142460,1696142760,-1,ALIGNED_COUNTER,STOP,1.0,0.0,658201784.4886987,2.5112801193453653
0.09454485249010576,1696206300,1696206360,1696225320,1,ALIGNED_WITH,STOP,1.0,0.0,354860297.8082566,-2.522363928508004
0.08693778351709483,1696231200,1696231320,1696231680,1,ALIGNED_WITH,STOP,2.0,0.19747690473826227,3.5352112497036066,-1.5653449890946118
0.09011118425973529,1696234200,1696234320,1696235220,1,ALIGNED_WITH,STOP,2.0,0.027231241116166312,12.34615339277824,-1.0525871251846228
0.42528076529451253,1696291500,1696293360,1696295160,-1,MIXED,TIME,31.0,0.5317261769388153,0.6811377232699123,1.6222043951631402
0.09232391602901721,1696301400,1696302000,1696303800,-1,MIXED,TIME,10.0,0.29115165783795555,1.7971698051479996,1.4541647500302612
0.7718284943886027,1696315800,1696316640,1696317540,-1,MIXED,TP,14.0,0.610115143565109,0.7391304335710634,1.6480765345856463
0.2657408912049147,1696377600,1696377780,1696378620,-1,MIXED,STOP,3.0,0.16675529086462862,1.8571428460057366,1.4626988189267918
-1.019982872117427,1696379700,1696380000,1696380480,-1,MIXED,STOP,5.0,0.38008385744237083,2.9382239304932543,1.2527398592680312
0.13285483581555496,1696380600,1696380660,1696381380,-1,MIXED,STOP,1.0,0.0,409474250.8523073,1.58726617457849
0.0842276891864294,1696464300,1696466580,1696467600,1,ALIGNED_WITH,STOP,38.0,0.5044430919050934,1.1891891868315734,-2.125193634409255
-1.0152896899499593,1696468800,1696468860,1696478460,1,ALIGNED_WITH,STOP,1.0,0.0,445101051.8851429,-1.3465673353791705
-1.034974257246403,1696493100,1696494180,1696495020,-1,ALIGNED_COUNTER,STOP,18.0,0.05072463768115942,7.9999998422857175,1.4413820422931511
-1.030940903954796,1696550400,1696551420,1696551900,-1,MIXED,STOP,17.0,0.3163841807909586,1.1214285678841078,1.8269394696716743
-0.7704669010547379,1696552200,1696552260,1696554060,-1,MIXED,TIME,1.0,0.06328478151684208,4.999999920990717,1.886118929660189
-1.0338179419525513,1696554600,1696555080,1696556100,-1,MIXED,STOP,8.0,0.4457343887422656,0.7182320425876074,2.0332681961470667
-0.2932597299297167,1696638000,1696640520,1696662120,1,ALIGNED_WITH,TIME,42.0,0.6467813540510746,0.5105105097211845,-1.3127878040114032
0.05924391155399045,1696731600,1696731720,1696732080,1,ALIGNED_WITH,STOP,2.0,0.05232014948601533,8.41666650582035,-3.352362782265828
1.3776780386020564,1696733400,1696733460,1696736160,1,ALIGNED_WITH,STOP,1.0,0.0,497652582.1596748,-1.0083914043187783
-1.023911703487295,1696736400,1696736460,1696738140,1,ALIGNED_WITH,STOP,1.0,0.0,355303998.5392901,-1.7350874020731406
0.1268262675553268,1696811700,1696812600,1696813320,-1,ALIGNED_COUNTER,STOP,15.0,0.3949059747679293,0.9113924027554832,2.0500661407387812
-1.0194321558106156,1696817100,1696817400,1696829520,1,ALIGNED_WITH,STOP,5.0,0.0,346400357.728399,-1.7642819707034878
-0.6835550985432981,1696832700,1696832940,1696834740,-1,MIXED,TIME,4.0,0.07597829191665298,5.631578873243598,1.2365316558932569
0.7649593466424686,1696896900,1696897140,1696897560,1,ALIGNED_COUNTER,TP,4.0,0.13212341197823904,3.076923053634396,-1.280690353160126
0.7664357254833555,1696899900,1696900200,1696901520,1,ALIGNED_COUNTER,TP,5.0,0.7340184636822424,0.6611295672056938,-2.788840399093275
-0.6790574260810093,1696903200,1696903260,1696905060,1,ALIGNED_COUNTER,TIME,1.0,0.0,320628952.31579,-1.924810343916488
-1.0251068500327272,1696983300,1696983480,1696985760,-1,ALIGNED_WITH,STOP,3.0,0.22829076620822983,1.3734939698874864,1.7458769870929918
2.1343351578947347,1696986000,1696986060,1696991100,-1,ALIGNED_WITH,STOP,1.0,0.0,478128654.9707126,2.169022622945294
2.0552398635478335,1696991400,1696991460,1696991640,-1,ALIGNED_WITH,STOP,1.0,0.0,885964912.2806885,1.7134954310970345
0.0802123308587488,1697068800,1697068860,1697070060,-1,ALIGNED_WITH,STOP,1.0,0.0,435634181.0140724,1.4647626611721782
-1.0281861690944367,1697071800,1697072160,1697073120,1,ALIGNED_COUNTER,STOP,6.0,0.021024177804475103,18.59999911530287,-1.742846067410845
0.16670062982202657,1697073900,1697073960,1697075760,1,ALIGNED_COUNTER,TIME,1.0,0.0,476145488.8994324,-2.8979798142126847
0.07550169049018149,1697156700,1697156820,1697158500,-1,ALIGNED_WITH,STOP,2.0,0.0,540043078.1279827,1.9560814751285693
-0.22806161470537006,1697162700,1697162760,1697164560,1,ALIGNED_COUNTER,TIME,1.0,0.0,391061452.51396537,-1.8985710081709675
0.7532258016405301,1697181300,1697181540,1697182260,1,ALIGNED_COUNTER,TP,4.0,0.532438478747184,2.7777777725608233,-1.076431849877333
-1.0449730374612523,1697260200,1697261520,1697261940,1,MIXED,STOP,22.0,0.253877356239511,1.9736842027525294,-1.6653338963978839
-1.0499737918216194,1697262900,1697263440,1697264520,1,MIXED,STOP,9.0,0.3457249070631713,1.5806451567185507,-1.8132875042923182
-1.0501633671291362,1697264700,1697265180,1697266980,1,MIXED,STOP,8.0,0.05229455709717343,8.928571257826,-1.9842231620787725
0.06008616071430331,1697328300,1697329380,1697330580,-1,ALIGNED_WITH,STOP,18.0,0.29464285714279354,1.4090909043092916,0.9181425724406306
0.04856946836130784,1697334300,1697334600,1697334720,-1,ALIGNED_WITH,STOP,5.0,0.6199261992619473,0.7499999987900943,2.3875706819215843
0.07997654504832152,1697342100,1697342160,1697343060,1,MIXED,STOP,1.0,0.0,396128071.4816836,-1.702962185787334
-1.0211134359769645,1697420700,1697421000,1697421660,1,MIXED,STOP,5.0,0.013956579530372598,34.11110866696876,-1.1792086412225546
0.31882695174099246,1697425500,1697426700,1697428500,1,MIXED,TIME,20.0,0.3472205253512429,2.2019704370081628,-1.9829206079923278
0.770953248136344,1697432700,1697433240,1697433360,1,MIXED,TP,9.0,0.0979765708200679,4.086956480023423,-1.74529800577076
-1.0097635470148123,1697500800,1697501040,1697502480,1,ALIGNED_WITH,STOP,4.0,0.1386240281648825,2.962962941588869,-1.4021702840492138
-1.0102191101160476,1697502600,1697502660,1697504220,1,ALIGNED_WITH,STOP,1.0,0.10808306955917585,3.529999967339863,-1.763087258008698
0.08958612753210839,1697504400,1697504520,1697508000,1,ALIGNED_WITH,STOP,2.0,0.05296760463469764,10.354166471178667,-1.5046993926340246
-0.2333091200394742,1697596500,1697597160,1697598960,-1,ALIGNED_COUNTER,TIME,11.0,0.6194232191274553,0.9442896920688508,1.7600800052409808
6.263881237759474,1697604600,1697604900,1697605020,1,ALIGNED_WITH,STOP,5.0,0.09505157331245599,8.173076837090072,-1.9165714052820402
0.08952348822075697,1697605200,1697605320,1697607840,1,ALIGNED_WITH,STOP,2.0,0.6538071065989769,0.5217391296367995,-3.294649774114725
0.13187080042689794,1697680800,1697681460,1697682780,-1,MIXED,STOP,11.0,0.5707577374599917,0.9476439773972666,1.2940641773365684
-1.0202040155308172,1697691000,1697691300,1697692260,-1,MIXED,STOP,5.0,0.0,318994584.6530982,1.2269314255472967
-0.007019939528913718,1697693400,1697693700,1697695500,-1,MIXED,TIME,5.0,0.08911521323997329,6.174999930706952,1.0996962265037054
2.5540159122084773,1697764500,1697764800,1697768460,1,ALIGNED_WITH,STOP,5.0,0.1109586953208504,3.403846123168422,-1.2818371171510552
1.372215662755274,1697769000,1697769060,1697769300,1,ALIGNED_WITH,STOP,1.0,0.0,901694915.2542553,-2.3173153478032673
0.08557193132436383,1697769900,1697769960,1697770080,1,ALIGNED_WITH,STOP,1.0,0.0,1678563795.6828437,-4.548051072136072
0.08367783570299503,1697853900,1697854080,1697864400,1,ALIGNED_WITH,STOP,3.0,0.1409952606635077,4.270588205005154,-3.140991945013897
0.0771723247637777,1697872800,1697872860,1697873640,1,ALIGNED_WITH,STOP,1.0,0.0,973632168.7541496,-1.0529996916053954
0.07946805143422972,1697879400,1697880000,1697881140,1,ALIGNED_WITH,STOP,10.0,0.0664688427299858,5.499999917252761,-1.8870586940786969
0.08151346221750658,1697932800,1697933520,1697935200,1,ALIGNED_WITH,STOP,12.0,0.4560381355932604,0.8577235753548216,-1.8762957024925375
-1.0300566327261982,1697950200,1697950320,1697950980,-1,ALIGNED_COUNTER,STOP,2.0,0.0,965724939.0505805,2.8850163328197014
-1.0350840187228223,1697951100,1697951280,1697951940,-1,ALIGNED_COUNTER,STOP,3.0,0.7067870277499197,1.1754966870785382,2.4387126093646496
-1.0147825351123723,1698022800,1698022920,1698023760,-1,ALIGNED_COUNTER,STOP,2.0,0.005898876404515887,69.49998821784561,1.2535050403717412
1.6353439217050016,1698029100,1698029520,1698033000,1,ALIGNED_WITH,STOP,7.0,0.13632073128321348,3.4030611995264493,-1.6945750666739905
0.09344144374837962,1698033300,1698033420,1698033660,1,ALIGNED_WITH,STOP,2.0,0.14788056152543808,3.0043289840133407,-1.1242299486640213
-1.0022897743813706,1698113100,1698113160,1698114240,-1,ALIGNED_COUNTER,STOP,1.0,0.0,430494905.38573307,1.1631708830729812
0.36542082143109766,1698114300,1698114600,1698116400,-1,ALIGNED_COUNTER,TIME,5.0,0.7182548141831877,0.9387811621278763,1.2476006337705337
0.09609207451174225,1698127200,1698127260,1698135060,1,ALIGNED_WITH,STOP,1.0,0.0,418414574.1014321,-1.6261081281854792
0.4696178578099879,1698198000,1698198360,1698200160,-1,ALIGNED_COUNTER,TIME,6.0,0.07897784585496272,7.019867460785543,1.2699590403680068
-0.04804470516662718,1698203100,1698204240,1698206040,-1,ALIGNED_COUNTER,TIME,19.0,0.44713857384956274,1.1632653035208722,1.5713185626510984
0.7872657007151072,1698209400,1698211080,1698211620,-1,ALIGNED_COUNTER,TP,28.0,0.5110470701248919,0.8187134486903489,2.341111588596698
0.09160675694443939,1698278400,1698279480,1698281760,1,ALIGNED_WITH,STOP,18.0,0.40031249999995755,0.9526411633763302,-1.7102057747831496
0.09136486328021708,1698282600,1698283380,1698284400,1,ALIGNED_WITH,STOP,13.0,0.24028569905658625,1.6118012355277722,-1.114434851428962
-1.0156084462510986,1698299400,1698299520,1698300180,1,ALIGNED_WITH,STOP,2.0,0.31436314363149415,1.1767241341874248,-2.470523307790985
0.26542725155283636,1698364800,1698364980,1698365640,-1,ALIGNED_COUNTER,STOP,3.0,0.3975155279502822,1.6523437458435302,1.3266436466347706
0.7821331385329754,1698381000,1698381480,1698381960,1,MIXED,TP,8.0,0.08286506331012213,5.784810056770845,-1.327493748917369
-0.5666059367194141,1698411000,1698411360,1698413160,-1,MIXED,TIME,6.0,0.6201498751040423,0.6353383448402595,1.487891509624808
-0.41677686906768535,1698452700,1698452940,1698454740,1,MIXED,TIME,4.0,0.0,365882199.9739663,-1.041495122277324
-0.37706054127193406,1698464100,1698464340,1698466140,1,MIXED,TIME,4.0,0.0,322056833.5588633,-1.0767289265642617
0.07928351743555338,1698469500,1698470280,1698470640,1,ALIGNED_WITH,STOP,13.0,0.11280051981800966,5.774193497200853,-0.8028406398736841
0.07015854436319016,1698538200,1698538560,1698540780,1,ALIGNED_WITH,STOP,6.0,0.2258488088538329,1.9999999911453643,-1.4878262232182715
-1.0244378065045991,1698543300,1698543360,1698552060,1,ALIGNED_WITH,STOP,1.0,0.0,941520467.8363576,-1.7360905845226253
-1.0501831089609064,1698561300,1698561360,1698561780,-1,MIXED,STOP,1.0,0.0,303323517.03815866,1.9005855742964408
-1.0124922437387078,1698624000,1698624120,1698630660,1,ALIGNED_WITH,STOP,2.0,0.0,336173508.9078272,-1.5983386860552862
-1.0161502300124214,1698631800,1698631860,1698632760,1,ALIGNED_WITH,STOP,1.0,0.16359423793702102,2.198275848630495,-1.6667985087764168
-0.13733655160010522,1698636300,1698636600,1698638400,-1,ALIGNED_COUNTER,TIME,5.0,0.0,449298813.37644017,2.2542122906394804
0.08327376328450184,1698710400,1698711120,1698711660,1,ALIGNED_WITH,STOP,12.0,0.41873507113931485,0.9861111087558331,-1.1091464650121738
-1.0176430718595377,1698715500,1698715740,1698719520,1,ALIGNED_WITH,STOP,4.0,0.25650027427313343,1.1976047857503507,-1.4194193636232537
0.08252556973067393,1698720000,1698720180,1698721800,1,ALIGNED_WITH,STOP,3.0,0.0,526660124.3048706,-1.9411104082459196
-1.0133955713851626,1698797100,1698797220,1698798420,1,ALIGNED_WITH,STOP,2.0,0.22148596040750484,3.020942394737611,-1.1606228267257326
-1.0128732015726376,1698798600,1698798960,1698800760,1,ALIGNED_WITH,STOP,6.0,0.20863882690465424,2.9625668307208257,-1.267833935747974
-1.014502770780839,1698801000,1698801660,1698808980,1,ALIGNED_WITH,STOP,11.0,0.1725440806045881,1.8978102079785095,-1.4025386364874803
0.09512657515993833,1698883200,1698883620,1698884760,1,ALIGNED_WITH,STOP,7.0,0.0,419304588.0727808,-1.410727765253899
0.23004181197530754,1698903600,1698904500,1698906120,-1,ALIGNED_COUNTER,STOP,15.0,0.4029892056462835,1.4038461503625153,3.6960603577221445
0.7860084542980333,1698910500,1698911160,1698912300,-1,ALIGNED_COUNTER,TP,11.0,0.30244953504194955,1.8188976317815335,2.146120078552919
-1.0194457513737474,1698969900,1698970020,1698971160,1,MIXED,STOP,2.0,0.254200844150706,1.5438596430490967,-1.2811184253182337
-1.0192874266222376,1698972000,1698972240,1698972720,1,MIXED,STOP,4.0,0.15103918768838634,3.205882331716447,-1.4225153598087592
-1.0189082042004134,1698987600,1698987900,1698988680,-1,MIXED,STOP,5.0,0.6464249193738357,1.2078364546903713,1.8553917940262266
-0.5456214688640514,1699056300,1699056660,1699058460,1,MIXED,TIME,6.0,0.1594956310143098,2.6504854202741126,-1.7416518357900677
0.7729788928492002,1699061700,1699061760,1699061880,1,MIXED,TP,1.0,0.0,338382713.2991265,-1.9094383242202888
-0.3983873410959441,1699062300,1699062720,1699064520,1,MIXED,TIME,7.0,0.33949364384153047,1.9030836948343808,-2.0453240677601556
0.08768812052732984,1699143000,1699145160,1699150140,1,ALIGNED_WITH,STOP,36.0,0.5969114877589365,0.6024734972238873,-1.9177111876813127
-1.0138096460325305,1699157700,1699157760,1699159260,1,ALIGNED_WITH,STOP,1.0,0.0,598892803.2209265,-1.3350345040484155
0.08632408163267412,1699159500,1699160160,1699161540,1,ALIGNED_WITH,STOP,11.0,0.11895043731774815,3.8333333011086905,-2.3259256141338938
0.7784445121413218,1699247700,1699247820,1699248120,-1,MIXED,TP,2.0,0.12485651214126077,2.990098985953571,1.0398680020160465
-1.021041290434149,1699248600,1699249440,1699250460,-1,MIXED,STOP,14.0,0.33904168828921777,1.3107142818485031,1.839297873537969
-0.7721848727656055,1699251600,1699251660,1699253460,-1,MIXED,TIME,1.0,0.0,427753808.22395706,1.97706863164496
0.1262592265943039,1699315500,1699315740,1699317000,-1,ALIGNED_COUNTER,STOP,4.0,0.278154681139753,1.4097560924928014,1.0162821156260293
-0.06628558503693716,1699323600,1699323960,1699325760,-1,MIXED,TIME,6.0,0.2423662461940151,2.467336673236633,2.0706869149217657
0.7782943443132483,1699329900,1699329960,1699330320,-1,MIXED,TP,1.0,0.0,310752019.8881304,1.5389107693296433
0.12289563117456098,1699414800,1699414860,1699415640,-1,ALIGNED_COUNTER,STOP,1.0,0.0,428759604.8298865,1.4585956764660284
0.6522647697491357,1699418700,1699419000,1699420800,-1,ALIGNED_COUNTER,TIME,5.0,0.12579558217903614,2.8611110883650444,3.094663329046805
0.7698889837746055,1699421700,1699421760,1699423440,-1,ALIGNED_COUNTER,TP,1.0,0.0,377455166.52430797,2.3427402770394483
0.09376220312287206,1699491900,1699493700,1699494600,1,ALIGNED_WITH,STOP,30.0,0.4417159653235277,1.050707544791063,-1.630649965877501
0.09306436847258674,1699496700,1699496760,1699496880,1,ALIGNED_WITH,STOP,1.0,0.0,2628998041.7754683,-1.7159530582786406
0.09434886076506319,1699504500,1699504620,1699504860,1,ALIGNED_WITH,STOP,2.0,0.0,870212906.2026134,-1.0143337693941983
-1.0129318770226776,1699602900,1699603920,1699604220,1,ALIGNED_WITH,STOP,17.0,0.5829793689320536,0.7559198529838407,-1.0150431013408108
0.7793289864428425,1699611600,1699611780,1699613160,-1,ALIGNED_COUNTER,TP,3.0,0.0,556972240.1549793,1.794569270339177
-1.0193257521329362,1699614300,1699614360,1699614480,-1,ALIGNED_COUNTER,STOP,1.0,0.0,764855560.5448385,1.1645177670708002
-1.0098054565555548,1699660800,1699661100,1699665840,1,ALIGNED_WITH,STOP,5.0,0.20383382989489096,1.9420849325568792,-1.4556800154744494
-0.008425259792142994,1699671600,1699671960,1699673760,-1,ALIGNED_COUNTER,TIME,6.0,0.10551558753001082,3.8712120845221984,2.921630524437217
0.11948218390808066,1699710000,1699710060,1699710840,-1,ALIGNED_COUNTER,STOP,1.0,0.0,837438423.6453288,1.72665787750232
0.09121862775113627,1699750200,1699750260,1699750860,1,ALIGNED_WITH,STOP,1.0,0.0,592917644.6576172,-2.1171257670334227
0.07717664560295036,1699770300,1699770720,1699771080,1,ALIGNED_WITH,STOP,7.0,0.2838335966298298,2.0519480447183582,-1.689727118231334
0.07816215330308453,1699777200,1699777500,1699778940,1,ALIGNED_WITH,STOP,5.0,0.1076651538073363,4.852458971324451,-2.2821293358858177
-1.0305035420098243,1699833900,1699834200,1699834320,-1,ALIGNED_COUNTER,STOP,5.0,0.13179571663920764,2.5999999802719547,2.770547770282001
0.7724841759406591,1699834500,1699834740,1699834800,-1,ALIGNED_COUNTER,TP,4.0,0.43031266560677994,1.234482755751735,2.5119272824792565
0.7841822772517761,1699839900,1699840020,1699841160,-1,ALIGNED_COUNTER,TP,2.0,0.0,507283321.19443816,1.1798222667692133
0.7879689708865957,1699920000,1699920420,1699921080,-1,MIXED,TP,7.0,0.0,549615439.0600489,1.2893832136345322
-1.0323557617064705,1699940700,1699940880,1699942320,-1,MIXED,STOP,3.0,0.0,560141360.5956856,1.3847083761389976
-0.13053260486427065,1699944900,1699945380,1699947180,1,MIXED,TIME,8.0,0.3043120667371668,1.6054054001297244,-1.6395533463530418
0.08572140865315676,1700012400,1700012640,1700013000,-1,ALIGNED_WITH,STOP,4.0,0.0,517981888.74516636,1.1496473518542865
0.12327094594591323,1700029500,1700030100,1700031300,1,ALIGNED_COUNTER,STOP,10.0,0.24474474474467497,1.5337423250220525,-1.5739255289130936
-1.0174495172365563,1700037000,1700037060,1700038560,-1,ALIGNED_WITH,STOP,1.0,0.0,550454878.176388,4.087567208211034
-1.006604537482751,1700093100,1700093160,1700097420,1,ALIGNED_WITH,STOP,1.0,0.0,509347363.70759934,-1.4749355600448337
-1.0074232096477507,1700097600,1700097720,1700099400,1,ALIGNED_WITH,STOP,2.0,0.0,370888261.80348593,-1.6811556824522706
0.09257252407005956,1700100000,1700100780,1700118900,1,ALIGNED_WITH,STOP,13.0,0.6086440174746565,0.686829267164168,-1.6487906706990465
-0.7945662645011629,1700179200,1700179500,1700181300,-1,MIXED,TIME,5.0,0.0,339767981.43853515,1.283583570079162
-0.036073330887736996,1700182800,1700182980,1700184780,-1,MIXED,TIME,3.0,0.14159941305944931,2.383419672286682,1.3981731148658099
-1.0141605152354694,1700186100,1700187120,1700188080,-1,MIXED,STOP,17.0,0.3575623268697963,0.9349240754763877,1.4559475360555694
0.10756853951321839,1700284800,1700284860,1700286360,1,ALIGNED_COUNTER,STOP,1.0,0.0,595198399.4664714,-1.1745007762894009
0.25234751680046313,1700291100,1700291220,1700291460,1,ALIGNED_COUNTER,STOP,2.0,0.045894115718734745,26.699999418226813,-2.773038967330177
0.763131338742444,1700292300,1700292720,1700293980,1,ALIGNED_COUNTER,TP,7.0,0.3853955375253566,1.6157894694915087,-1.6671248306490736
0.24287961086338075,1700352000,1700352060,1700352600,-1,ALIGNED_COUNTER,STOP,1.0,0.0,321578165.1128169,2.2554418389616093
0.7504013550136415,1700374200,1700374260,1700374500,-1,ALIGNED_COUNTER,TP,1.0,0.0,588075880.7589109,1.6447389970259234
0.20643456722163364,1700376600,1700376720,1700377560,-1,ALIGNED_COUNTER,STOP,2.0,0.0,626118067.9785167,1.2566598857444575
-1.0086780255516805,1700441400,1700443500,1700451720,1,ALIGNED_WITH,STOP,35.0,0.4696864111498342,0.8308605323556425,-1.6030136599755407
0.08706032718307659,1700451900,1700452560,1700457960,1,ALIGNED_WITH,STOP,11.0,0.4193620676775788,1.0149625910961015,-0.958738139172108
0.7732862266858,1700467200,1700467440,1700467740,-1,ALIGNED_COUNTER,TP,4.0,0.007173601147775948,59.99999163600116,1.8679087055451427
0.09031445225316628,1700524800,1700526060,1700533440,1,ALIGNED_WITH,STOP,21.0,0.20530131149355255,1.8981131983017798,-1.58259866056236
0.763558725954886,1700550300,1700550360,1700550480,-1,ALIGNED_COUNTER,TP,1.0,0.0,772790632.8407763,1.7696351085096391
0.1199906411285549,1700555400,1700555460,1700555700,-1,ALIGNED_COUNTER,STOP,1.0,0.0,346828764.76668876,1.49842865848084
-1.0054353305495336,1700612700,1700613900,1700622840,-1,ALIGNED_WITH,STOP,20.0,0.35800990515650677,0.9949367060816651,2.671331666866568
-1.0111458990536213,1700625000,1700627100,1700634840,-1,ALIGNED_WITH,STOP,35.0,0.5060462670872746,0.6199999987747892,1.0313011584548222
-1.0233768737988869,1700640900,1700641020,1700641680,1,ALIGNED_COUNTER,STOP,2.0,0.0,347213324.7918756,-1.350203811238661
-0.7002648255546425,1700697600,1700698140,1700719740,1,ALIGNED_WITH,TIME,9.0,0.11764705882354494,3.685445978062877,-1.1538277527969316
-0.2510826616055153,1700719800,1700720580,1700722380,-1,ALIGNED_COUNTER,TIME,13.0,0.15317628670318195,2.2346938629614725,1.5082177400371675
-0.298796330943938,1700723700,1700724360,1700726160,-1,ALIGNED_COUNTER,TIME,11.0,0.12586562993563205,3.3243242979117813,1.9302946051724788
0.08098260679561642,1700784600,1700785020,1700785800,1,ALIGNED_WITH,STOP,7.0,0.2844968862667746,1.295698920176854,-1.2016105325459217
-1.0213918287462158,1700788200,1700788500,1700790720,1,ALIGNED_WITH,STOP,5.0,0.5223241590214021,1.970491799506095,-0.8801186824162227
-1.0174662197765862,1700790900,1700791200,1700798580,1,ALIGNED_WITH,STOP,5.0,0.0,400600300.1500517,-1.5363538049310939
-0.23559234478157487,1700872200,1700873520,1700875320,-1,ALIGNED_COUNTER,TIME,22.0,0.15265929827168706,2.40816324953075,1.8480035182748182
-0.7036179968904098,1700880600,1700880660,1700882460,-1,ALIGNED_COUNTER,TIME,1.0,0.0,448043534.5944,1.6694904265339858
0.7535127288732548,1700904300,1700904480,1700904720,-1,ALIGNED_COUNTER,TP,3.0,0.0,308098591.5492958,1.1994841646109429
0.08054149405775858,1700977800,1700978760,1700980260,-1,ALIGNED_COUNTER,STOP,16.0,0.05704584040733475,8.333333187272197,1.9089727719914442
0.7159886558628585,1700982000,1700982060,1700982360,-1,ALIGNED_COUNTER,TP,1.0,0.0,569431204.3217503,1.2146771870405497
0.15786590607587692,1700987700,1700987940,1700988240,-1,ALIGNED_COUNTER,STOP,4.0,0.0,408596444.68029284,2.4397119823988307
0.7841036803492601,1701044100,1701044160,1701045960,1,MIXED,TP,1.0,0.0,606924149.6392424,-1.2183003256647147
0.12926074721776828,1701053100,1701053220,1701054360,1,MIXED,STOP,2.0,0.1713831478537513,2.1623376497206674,-1.7493062220205495
0.296242516440156,1701060900,1701062400,1701064200,-1,MIXED,TIME,25.0,0.28355984217455454,1.1861471819635774,2.457973367825085
-1.024756420492348,1701134700,1701135360,1701137100,1,MIXED,STOP,11.0,0.19693945442442246,2.851351336874173,-3.195433680381044
0.37859357377702335,1701137400,1701137640,1701139440,1,MIXED,TIME,4.0,0.1785394042043819,1.8203124898052698,-2.609699554764375
-1.0332309172546787,1701147000,1701147060,1701147960,1,ALIGNED_COUNTER,STOP,1.0,0.362796664528495,0.8415841560962497,-1.3610086168979083
-1.0312457233368366,1701239700,1701239820,1701240180,-1,ALIGNED_COUNTER,STOP,2.0,0.11662560131406897,3.732394334194732,1.251128934466044
-1.0283024957518734,1701240300,1701240360,1701240660,-1,ALIGNED_COUNTER,STOP,1.0,0.0,630416312.6593356,1.6795341471103034
0.7716379566695106,1701240900,1701240960,1701241920,-1,ALIGNED_COUNTER,TP,1.0,0.0,578377230.2464206,2.5015084022365657
-1.0262607285032206,1701310800,1701310920,1701311160,-1,MIXED,STOP,2.0,0.03343949044587981,12.583332957022916,1.0082003902566667
1.8884428124803925,1701313800,1701315240,1701317820,1,ALIGNED_WITH,STOP,24.0,0.29806790470826844,1.15418501815455,-2.0161851049221413
-1.015524112607114,1701318600,1701318960,1701321120,1,ALIGNED_WITH,STOP,6.0,0.4883720930232693,0.6917293218918108,-2.8755910540260547
-1.0314619565217915,1701391200,1701391680,1701393360,-1,MIXED,STOP,8.0,0.2842809364548505,1.241176466222129,1.960351570980579
-1.0250613776137352,1701394200,1701394380,1701394500,-1,MIXED,STOP,3.0,0.5192544233134283,0.9795918348482683,1.693151281203255
0.0842966128746219,1701398400,1701398640,1701399540,1,ALIGNED_WITH,STOP,4.0,0.053378258556517635,8.720930069172422,-2.3776899733745527
0.3241449042552783,1701480000,1701481740,1701483540,-1,ALIGNED_COUNTER,TIME,29.0,0.6240425531915158,0.706443912949042,1.9137044513080232
-0.2333367200358475,1701493200,1701493320,1701495120,-1,ALIGNED_COUNTER,TIME,2.0,0.0,869370043.3936721,1.1706790324494107
0.763077815653063,1701502200,1701503940,1701505260,-1,ALIGNED_COUNTER,TP,29.0,0.5421325334060807,0.7887323929113379,2.1387692269439444
0.07976278488460871,1701573000,1701573360,1701579900,1,ALIGNED_WITH,STOP,6.0,0.7040141155713102,0.620614034206008,-2.936253378446599
-0.17398228995055226,1701581400,1701583440,1701585240,-1,ALIGNED_COUNTER,TIME,34.0,0.35317133443162413,0.9591836707534718,2.0021400895728223
0.11213304126174978,1701588900,1701589020,1701590820,-1,ALIGNED_COUNTER,TIME,2.0,0.03568583718333556,15.249999572674389,1.0419705351344701
0.0924038491772994,1701648000,1701648120,1701649260,1,ALIGNED_WITH,STOP,2.0,0.0,383101569.48851055,-1.827834230731998
0.09296193611952187,1701651300,1701652500,1701652680,1,ALIGNED_WITH,STOP,20.0,0.2849552886594153,2.667279402404264,-2.3236895502647994
1.4922086265577328,1701662700,1701663000,1701666660,1,ALIGNED_WITH,STOP,5.0,0.12535344015077599,2.407894717633786,-1.106997310216139
0.1384934320618954,1701734400,1701734460,1701735060,-1,ALIGNED_COUNTER,STOP,1.0,0.0,808422045.0170884,2.2810524829052072
0.12506849315068397,1701759900,1701759960,1701760080,-1,ALIGNED_COUNTER,STOP,1.0,0.0,548972602.7397678,2.0723406472191295
0.08525510224790697,1701762000,1701762120,1701762600,1,ALIGNED_WITH,STOP,2.0,0.44968792814740927,1.2511848313406495,-1.5601119262358987
0.7916450321251343,1701825300,1701825600,1701827220,-1,ALIGNED_COUNTER,TP,5.0,0.0,377260281.39995927,1.0738349423360887
-1.0147396557543207,1701836700,1701837600,1701839280,-1,ALIGNED_COUNTER,STOP,15.0,0.41106986162674264,0.7668308684136285,2.001803666246715
-0.24480047284580703,1701850500,1701850860,1701852660,-1,ALIGNED_COUNTER,TIME,6.0,0.21916173162557065,1.5219941279528522,2.899065440637328
0.06197968297389727,1701916800,1701916920,1701918720,-1,ALIGNED_COUNTER,TIME,2.0,0.0,512552301.25523186,1.2941558541952862
0.0790486906710203,1701931800,1701931980,1701934620,1,ALIGNED_WITH,STOP,3.0,0.21767594108025762,1.7894736759890055,-1.0697286190001092
0.7739237010493638,1701938400,1701939060,1701939480,-1,ALIGNED_COUNTER,TP,11.0,0.5972186673491994,1.2879999978433652,3.4503720077422937
-0.38911263127524526,1701993900,1701994260,1701996060,-1,MIXED,TIME,6.0,0.16884016156954434,2.4928229517425384,1.6341012346555528
-0.29150546537177446,1702001400,1702001820,1702003620,-1,MIXED,TIME,7.0,0.2619975898490275,1.2840909041897377,1.200132368211419
0.08503941327794759,1702020600,1702020660,1702022220,1,ALIGNED_WITH,STOP,1.0,0.25660433363012736,1.8663967538606165,-2.6515172424402933
0.29787451733921,1702080000,1702080240,1702101840,1,ALIGNED_WITH,TIME,4.0,0.0,315673895.14136624,-1.5569248506338218
0.08571386599620488,1702111500,1702111560,1702112280,1,ALIGNED_WITH,STOP,1.0,0.0,782232155.3289629,-1.3570965002634743
0.1306632264151224,1702113900,1702114080,1702115280,-1,ALIGNED_COUNTER,STOP,3.0,0.05899371069179854,6.925373016939866,3.4640906575934305
-0.0471072343061395,1702166400,1702166460,1702168260,1,MIXED,TIME,1.0,0.0,321861233.4801211,-1.606866917539571
-0.09859255024257427,1702183200,1702185000,1702186800,-1,MIXED,TIME,30.0,0.44305844305846886,1.1496350339015187,0.7804094340066959
-1.023515613268969,1702197900,1702197960,1702200180,1,ALIGNED_WITH,STOP,1.0,0.0,476212364.9735395,-1.2164238693243428
0.779140811179309,1702253700,1702255320,1702256280,-1,MIXED,TP,27.0,0.1880027266530075,3.03045683667333,1.4916403028976495
0.7769261439394093,1702256700,1702256820,1702256880,-1,MIXED,TP,2.0,0.26727272727277507,2.1666666585596572,1.6126261183645276
0.1764899331848439,1702257600,1702258860,1702259040,-1,MIXED,STOP,21.0,0.47839643652559094,1.7243947822429706,2.432165437842306
-1.0087869913499035,1702339800,1702339860,1702340460,-1,ALIGNED_WITH,STOP,1.0,0.0,469480994.152057,1.0872605298935145
0.09094181281094708,1702340700,1702340760,1702341360,-1,ALIGNED_WITH,STOP,1.0,0.0,675839552.2388059,1.2460742318807612
0.09167251672158629,1702343400,1702344180,1702345680,-1,ALIGNED_WITH,STOP,13.0,0.6205450733752546,0.8561776047979417,1.6974877260903256
0.09017523780507573,1702425600,1702425660,1702426500,-1,ALIGNED_WITH,STOP,1.0,0.0,435767238.75294006,1.9497133911931364
0.08932823984168979,1702430400,1702430460,1702431180,-1,ALIGNED_WITH,STOP,1.0,0.0,991954724.5187068,1.3457506140746642
0.0900204454180519,1702447200,1702449540,1702450080,-1,ALIGNED_WITH,STOP,39.0,0.28185469149323683,1.1787564725018396,1.3712278099550372
-0.2789753219739934,1702512000,1702512720,1702534320,1,ALIGNED_WITH,TIME,12.0,0.2652526754825514,1.2798634764036276,-2.0093899945203955
0.09400323386113706,1702560900,1702560960,1702561080,1,ALIGNED_WITH,STOP,1.0,0.0,1128440925.7003505,-4.583645264660358
0.8650735982399317,1702569300,1702570020,1702591620,1,ALIGNED_WITH,TIME,12.0,0.03223392620733317,9.67499969985029,-1.4193248480662135
-1.0123029315029122,1702601100,1702601160,1702606320,1,ALIGNED_WITH,STOP,1.0,0.0,502788502.7884889,-1.5009097699747906
-1.0123342077714086,1702606500,1702606560,1702610160,1,ALIGNED_WITH,STOP,1.0,0.0,460373175.68817234,-2.3049162325261325
0.08601368610160147,1702610400,1702610700,1702616880,1,ALIGNED_WITH,STOP,5.0,0.5987261146496684,1.0949263484167893,-2.3570222861864
0.13334490824648657,1702684800,1702684860,1702685940,1,ALIGNED_COUNTER,STOP,1.0,0.08563661078389265,3.7962962519649777,-2.048365828671766
0.7844664261077008,1702687200,1702687260,1702687860,1,ALIGNED_COUNTER,TP,1.0,0.0,647811090.4749054,-2.0868134978407515
0.7867047128462167,1702688700,1702688760,1702689720,1,ALIGNED_COUNTER,TP,1.0,0.0,323256969.8612705,-1.4357451506930783
0.7773808518773196,1702771200,1702772940,1702774500,-1,MIXED,TP,29.0,0.37256251433810295,1.26149424948777,2.1554921082750074
-1.0240394001141326,1702774800,1702774860,1702775220,-1,MIXED,STOP,1.0,0.0,378840981.3350407,1.6805342488237982
0.7759307604531934,1702775400,1702776840,1702777140,-1,MIXED,TP,24.0,0.5442986388458411,0.8700209627622144,1.4453044395525045
-1.010551752366321,1702858200,1702858260,1702859640,-1,ALIGNED_WITH,STOP,1.0,0.0,672294704.5280021,1.1986228812875526
0.09108282408688323,1702859700,1702859880,1702861440,-1,ALIGNED_WITH,STOP,3.0,0.07430997876857755,4.43478254901615,2.0374122840729383
0.09177164704872326,1702863300,1702863360,1702863480,-1,ALIGNED_WITH,STOP,1.0,0.019245639659790818,30.999998389202414,2.4179586588779336
0.7898903709709948,1702944000,1702944480,1702944600,1,MIXED,TP,8.0,0.2809649300628143,1.3922558873008362,-1.6225591604818073
0.7875643965517051,1702950600,1702950840,1702950900,1,MIXED,TP,4.0,0.5574712643678145,2.808247417642953,-1.1950156152620588
-0.16682861907510682,1702952700,1702953360,1702955160,1,MIXED,TIME,11.0,0.09563209543965678,3.1643192157385434,-1.7337194639434705
-0.680198683463856,1703031600,1703031660,1703033460,-1,MIXED,TIME,1.0,0.0,419475655.4306794,1.2541155800502026
0.7823426559714621,1703034300,1703035080,1703035980,-1,ALIGNED_COUNTER,TP,13.0,0.24040404040405355,1.4256055304019677,1.9860126976242636
0.13124279142098766,1703036700,1703036880,1703038200,-1,ALIGNED_COUNTER,STOP,3.0,0.0,393701807.8144398,1.2174393294007377
-0.6145725901857666,1703116800,1703117100,1703118900,-1,ALIGNED_COUNTER,TIME,5.0,0.0,474714654.6696718,1.5240766691824856
-0.2868763658135096,1703121300,1703121360,1703123160,-1,ALIGNED_COUNTER,TIME,1.0,0.0,389063513.4460686,1.2648670239796898
0.7835764353873651,1703125500,1703125800,1703126940,-1,ALIGNED_COUNTER,TP,5.0,0.14038492641111452,2.435483853619475,1.9235556105524154
0.08703583866270596,1703204100,1703204280,1703205780,1,ALIGNED_WITH,STOP,3.0,0.6852402963338401,0.6183699861609905,-1.40459658953114
-1.0124602706621613,1703210100,1703210700,1703212020,1,ALIGNED_WITH,STOP,10.0,0.5751570807153173,0.7676470574889198,-1.4291242812799618
0.08956332385018319,1703212200,1703212260,1703213040,1,ALIGNED_WITH,STOP,1.0,0.0,550497866.2872941,-1.776960181544494
0.08306827023748972,1703291700,1703291820,1703292480,1,ALIGNED_WITH,STOP,2.0,0.0,560092577.2855206,-2.7359248110888923
-1.0148581312031195,1703294400,1703294640,1703296440,1,ALIGNED_WITH,STOP,4.0,0.04066811909949165,14.374999646529027,-1.7784057138022782
-1.019596053811664,1703296800,1703296860,1703297280,1,MIXED,STOP,1.0,0.006278026905868779,60.42856180278169,-1.2879634862231575
-1.0219732561463903,1703380200,1703380860,1703382000,1,ALIGNED_WITH,STOP,11.0,0.612349914236758,0.8823529397354785,-3.3009075190975676
0.08348055802427724,1703382300,1703382900,1703386080,1,ALIGNED_WITH,STOP,10.0,0.25224206188902415,1.704035867683681,-1.135889851985495
0.7715244409242977,1703395800,1703395980,1703396160,-1,ALIGNED_COUNTER,TP,3.0,0.12784196794636707,4.387755067717801,2.6652466454801704
0.22383513489287504,1703462400,1703463660,1703465460,-1,MIXED,STOP,21.0,0.4730662364434825,0.6887709976598768,2.248344145314549
-0.11985268355513778,1703476200,1703478900,1703480700,-1,MIXED,TIME,45.0,0.5238299699441881,0.9081967195776177,1.2758227987549777
-1.033002409244475,1703484000,1703484180,1703485200,-1,MIXED,STOP,3.0,0.0,468549002.5074311,1.1742873291448528
-0.48113573122533415,1703554500,1703554740,1703556540,-1,MIXED,TIME,4.0,0.011067193675889455,51.2999953646819,1.0402089527309606
0.7729465873791129,1703558700,1703559240,1703559480,-1,ALIGNED_COUNTER,TP,9.0,0.05467293867038135,7.81818167519338,1.6094367761302946
0.7763112618935908,1703564700,1703567280,1703567400,-1,MIXED,TP,43.0,0.6649508656995925,1.4646962211141166,1.8565654679907337
-1.0223989982676813,1703637900,1703638080,1703638680,1,ALIGNED_COUNTER,STOP,3.0,0.10966332755887657,3.682692274112845,-1.0105943216455744
0.7784895484525325,1703639700,1703639880,1703641080,1,ALIGNED_COUNTER,TP,3.0,0.0,390664637.23998255,-2.571344097054754
0.14418680877571252,1703646000,1703646060,1703647080,1,ALIGNED_COUNTER,STOP,1.0,0.0,441829884.42105484,-1.938270337919936
0.09093835131840919,1703721600,1703722860,1703725080,1,ALIGNED_WITH,STOP,21.0,0.27780255061089554,2.134831452989449,-1.4796309601388362
0.09070852257956022,1703729400,1703729460,1703730120,1,ALIGNED_WITH,STOP,1.0,0.0,353901913.10729825,-1.870435753493288
-1.0116370797310126,1703740500,1703740560,1703744940,1,ALIGNED_WITH,STOP,1.0,0.0,493832853.02591103,-1.110757802944626
0.08912353820356525,1703808300,1703809380,1703810040,-1,ALIGNED_WITH,STOP,18.0,0.4975940507436543,0.7399999985128215,2.0423172879087566
0.08879939277364425,1703811300,1703811420,1703812020,-1,ALIGNED_WITH,STOP,2.0,0.28354831409823206,1.617318430050041,1.3052481585657465
0.283219060741752,1703819400,1703820780,1703821260,1,ALIGNED_COUNTER,STOP,23.0,0.5299498602977831,1.022244689678709,-2.9826896634615365
-1.0221475953939612,1703904300,1703904360,1703904600,1,ALIGNED_COUNTER,STOP,1.0,0.0,380371791.97710186,-1.3456952145475434
0.13746919545416053,1703904900,1703905260,1703905860,1,ALIGNED_COUNTER,STOP,6.0,0.20651764882966603,3.1428571276389556,-3.619865308083105
0.779229996460142,1703907000,1703907060,1703907600,1,ALIGNED_COUNTER,TP,1.0,0.0,468814159.2920618,-2.367068611586429
-1.014261674030078,1703981100,1703981160,1703981760,-1,ALIGNED_WITH,STOP,1.0,0.0,421815021.3659599,1.9386945604729997
-1.014705542730884,1703982000,1703982240,1703983080,-1,ALIGNED_WITH,STOP,4.0,0.010425199195770393,35.39999660438321,2.8236252600576734
0.08744465424852026,1703988000,1703990040,1703990460,-1,ALIGNED_WITH,STOP,34.0,0.5921153355448084,0.5972850668645241,1.4295518381477812
0.2029434905032707,1704068100,1704068460,1704069540,-1,MIXED,STOP,6.0,0.5067321967951475,0.6803394611750861,2.0270393735314167
-1.0189432541460903,1704082500,1704082800,1704083700,-1,MIXED,STOP,5.0,0.08695652173917014,7.29896898822307,1.0904104238924297
0.7816859871430301,1704084600,1704086820,1704088560,-1,MIXED,TP,37.0,0.41970577327234626,1.344329893704127,1.8560114276336515
0.09152480316034138,1704153900,1704153960,1704154080,1,ALIGNED_WITH,STOP,1.0,0.0,1112219043.7270243,-1.0815533777017299
0.09263106284961986,1704154800,1704154860,1704155100,1,ALIGNED_WITH,STOP,1.0,0.0,860809476.8015883,-1.0180023606623692
0.09504618425697675,1704161100,1704162360,1704171840,1,ALIGNED_WITH,STOP,21.0,0.2517002000235378,1.3678010416861457,-1.4558736543994233
-1.0119050431116934,1704281100,1704281340,1704281700,-1,ALIGNED_COUNTER,STOP,4.0,0.22425752059779164,5.215310981529331,3.857439328202215
0.790148453109904,1704282900,1704282960,1704283260,-1,ALIGNED_COUNTER,TP,1.0,0.0,2707508862.391221,3.960459998373965
0.7925715342051057,1704283500,1704283560,1704283680,-1,MIXED,TP,1.0,0.010074191707406841,114.27585072548243,4.611919924509664
-0.6079973979691163,1704336600,1704337020,1704338820,1,ALIGNED_COUNTER,TIME,7.0,0.4920913884007026,1.4069444415852714,-1.3481499670354897
0.17772067425652444,1704341100,1704341280,1704342780,1,ALIGNED_COUNTER,STOP,3.0,0.026793600942202615,17.538460883878894,-1.8522812125904111
-1.017057299002765,1704350400,1704351840,1704352020,1,ALIGNED_COUNTER,STOP,24.0,0.5481998985858398,0.8187050344776969,-1.3632794246457374
-1.0053649322521454,1704412800,1704414060,1704419220,1,ALIGNED_WITH,STOP,21.0,0.09132966004784288,3.5577688853465497,-1.6033281564658852
1.5504044848439282,1704419700,1704419760,1704420060,1,ALIGNED_WITH,STOP,1.0,0.0,900274199.0008477,-1.2144049621732225
0.03496848687574999,1704423900,1704424140,1704425940,-1,MIXED,TIME,4.0,0.0,470981762.39986736,1.1158083740097624
-1.0060928680656225,1704500700,1704502500,1704518280,1,ALIGNED_WITH,STOP,30.0,0.29792523751739464,1.093184975468322,-2.027020926583137
0.08383052870650731,1704519000,1704519060,1704519600,1,ALIGNED_WITH,STOP,1.0,0.0,851845983.2038782,-1.0634989791579337
0.7800540777588805,1704523500,1704523800,1704524160,-1,MIXED,TP,5.0,0.3482131169001172,1.2315789438316436,1.6727969349289278
0.08623455317247632,1704585600,1704586500,1704590520,1,ALIGNED_WITH,STOP,15.0,0.15013404825737192,5.474999963532953,-1.8805688633824917
0.08794977769941778,1704595200,1704595260,1704597960,1,ALIGNED_WITH,STOP,1.0,0.0,872789235.5602397,-1.8596338596048227
0.08351290512039042,1704613500,1704614520,1704616260,1,ALIGNED_WITH,STOP,17.0,0.36328688130708064,1.1604938239659686,-1.2060150884211887
0.28002460763990744,1704672000,1704672660,1704673440,-1,MIXED,STOP,11.0,0.3440923896949857,1.0481927680381347,1.2789143190813115
-0.8505391629124696,1704675300,1704675540,1704677340,-1,MIXED,TIME,4.0,0.23233606715181485,1.6310904802187085,1.8584886033991859
0.14718352895603937,1704682200,1704682260,1704682440,-1,MIXED,STOP,1.0,0.0,614991284.1370996,1.6685339504700023
0.09248199648376763,1704758400,1704758580,1704759480,1,ALIGNED_WITH,STOP,3.0,0.333242002876909,1.0158273350812628,-1.334934242718619
0.09246032242372901,1704760800,1704760860,1704761160,1,ALIGNED_WITH,STOP,1.0,0.0,895003821.8330865,-1.350708194172116
-1.0063172114550112,1704762300,1704762900,1704764040,1,ALIGNED_WITH,STOP,10.0,0.05750650853339856,5.809859053901177,-1.5828421130447001
0.10285015900273273,1704844800,1704846660,1704848460,-1,ALIGNED_COUNTER,TIME,31.0,0.20553753524560633,2.0700360910116826,1.2240866232582517
0.1647371776525939,1704890100,1704890160,1704890940,-1,MIXED,STOP,1.0,0.0,953935149.9467317,1.077904732451979
0.21949905107556614,1704893400,1704893460,1704895260,-1,MIXED,TIME,1.0,0.0,453064156.3646105,1.7892191548435052
-1.007546316521728,1704945000,1704945060,1704951420,1,ALIGNED_WITH,STOP,1.0,0.0,432904347.82605964,-1.2047591762813148
-1.0096646120257833,1704951600,1704951660,1704951840,1,ALIGNED_WITH,STOP,1.0,0.0,434614866.9866582,-1.2015692453215754
0.08999504273504896,1704971100,1704971160,1704973140,1,ALIGNED_WITH,STOP,1.0,0.0,470512820.5128298,-1.5227475088355293
0.7899414277282362,1705017600,1705018320,1705019580,-1,MIXED,TP,12.0,0.30399801186664493,1.1630901249295238,1.254951936519254
-0.3448193094211373,1705032300,1705032360,1705034160,-1,MIXED,TIME,1.0,0.0,319678557.42843455,1.3462028211333992
-1.0147105684401867,1705039800,1705039860,1705040760,-1,MIXED,STOP,1.0,0.0,338062755.79807854,2.831077207482465
-0.002491525423728815,1705108800,1705110120,1705111920,1,ALIGNED_COUNTER,TIME,22.0,0.3267073778664073,1.1695594089701868,-1.3554710372268477
-1.010324304926486,1705267800,1705267860,1705268100,1,ALIGNED_COUNTER,STOP,1.0,0.0,437530485.6804266,-2.143508690387094
0.32667722627736734,1705275600,1705275900,1705277700,1,ALIGNED_COUNTER,TIME,5.0,0.3229867177216753,1.3858921118916725,-2.044665394672928
-1.0078860088677035,1705289100,1705290180,1705295520,-1,ALIGNED_WITH,STOP,18.0,0.1801072066706459,2.1820987533163563,1.6398800364737318
0.08892985845128235,1705295700,1705295760,1705298160,-1,ALIGNED_WITH,STOP,1.0,0.0,527671384.9569937,2.46718484417975
0.7806777425203782,1705304100,1705304520,1705305180,1,ALIGNED_COUNTER,TP,7.0,0.439709882139618,1.2701030898949726,-2.4099115413803216
0.08645030405787318,1705375500,1705375560,1705381380,-1,ALIGNED_WITH,STOP,1.0,0.0,693116310.6137605,1.1963821901287983
0.129381186206926,1705386000,1705386600,1705386960,1,ALIGNED_COUNTER,STOP,10.0,0.16896551724137845,2.222857129701541,-1.703549562226791
0.7779414071088436,1705395900,1705396680,1705396800,1,MIXED,TP,13.0,0.43708318065224333,1.4694835647132813,-2.808938391725947
0.7774256026351422,1705455300,1705455960,1705456260,-1,MIXED,TP,11.0,0.08174876478517869,4.8846153248618265,1.28102350040016
-1.0229651911315152,1705456500,1705456920,1705457160,-1,MIXED,STOP,7.0,0.21941896024464955,2.9609755962613353,1.2373424640856565
0.12694226819925675,1705457700,1705458120,1705458720,-1,MIXED,STOP,7.0,0.357241379310378,0.8558558534600456,1.9046839690657371
-1.0190348210874547,1705537800,1705539000,1705540560,1,ALIGNED_COUNTER,STOP,20.0,0.42251368903598374,0.9451476770881085,-1.1611186564335176
0.7804738530008357,1705541700,1705543260,1705544400,1,ALIGNED_COUNTER,TP,26.0,0.5937561358727926,0.6697530852916397,-1.2698891959594591
0.7694192323397006,1705556700,1705557600,1705558200,1,ALIGNED_COUNTER,TP,15.0,0.6674152715393682,0.7965738746096204,-2.320506536632254
0.09328910037416774,1705622400,1705622460,1705624440,-1,ALIGNED_WITH,STOP,1.0,0.0,386530014.6412724,1.6974776238305629
0.7850659485681711,1705635300,1705635360,1705635840,1,ALIGNED_COUNTER,TP,1.0,0.0,907725209.9525476,-1.915724472764562
0.08808520114943524,1705647900,1705648080,1705648560,-1,ALIGNED_WITH,STOP,3.0,0.1698275862068745,2.6395938930870453,1.2004450544584773
0.7802733175355512,1705713300,1705714020,1705714260,1,ALIGNED_COUNTER,TP,12.0,0.2616113744075666,1.3224637630609415,-1.3130690788309072
0.07547055415621351,1705736400,1705736520,1705736820,-1,ALIGNED_WITH,STOP,2.0,0.3209068010076366,1.7692307637169618,2.088763356486972
0.07682068114901698,1705737300,1705738200,1705738320,-1,ALIGNED_WITH,STOP,15.0,0.2773931725948685,3.12650601282572,0.7792201409796696
-0.8398193529752331,1705795200,1705795500,1705797300,1,MIXED,TIME,5.0,0.30502599653381485,1.3484848440638342,-1.694178822877858
0.055637133500849444,1705818300,1705819560,1705820100,-1,ALIGNED_WITH,STOP,21.0,0.6301119488235074,0.6751269024814887,1.3441737769129156
0.744531723088556,1705822500,1705822800,1705824540,1,ALIGNED_COUNTER,TP,5.0,0.33815138836050934,1.2834645631341246,-0.9890589339343476
0.07993555279844683,1705882200,1705883100,1705883400,-1,ALIGNED_WITH,STOP,15.0,0.7020264681554972,0.7649484525185885,1.696975825643072
0.2672785516372918,1705887000,1705887060,1705887660,1,ALIGNED_COUNTER,STOP,1.0,0.0,767002518.8916805,-2.3243875010098773
-1.0130724611410804,1705894800,1705895520,1705896720,1,ALIGNED_COUNTER,STOP,12.0,0.6883581819005742,0.5603686627804314,-0.8000419567376117
-1.0054349598505556,1705969200,1705969680,1705977180,-1,ALIGNED_WITH,STOP,8.0,0.22428919339223763,1.7161172084656207,1.2527124095924367
1.500581583309841,1705978500,1705980600,1705997700,-1,ALIGNED_WITH,STOP,35.0,0.5616027024490923,0.6538011684264049,1.0726515274842088
-1.011158627968326,1706001300,1706001360,1706001720,1,ALIGNED_COUNTER,STOP,1.0,0.0,907570529.7341069,-2.021271343112141
-1.0078855756855838,1706054400,1706055060,1706057220,-1,ALIGNED_WITH,STOP,11.0,0.34452034452034536,1.1551724104401158,3.134421402865368
1.5691561576508926,1706057700,1706058000,1706061900,-1,ALIGNED_WITH,STOP,5.0,0.10123966942149758,5.331168778509341,3.1675716151153313
-0.8077293686739377,1706062200,1706062920,1706064720,1,ALIGNED_COUNTER,TIME,12.0,0.1538340356819422,3.344085999766775,-1.2254123172519091
-0.41939129506495354,1706143200,1706143380,1706145180,1,MIXED,TIME,3.0,0.0,361251753.7973767,-1.1544598491197715
-1.0184229636447355,1706146800,1706146860,1706147460,1,MIXED,STOP,1.0,0.0,454670961.8039671,-1.9799974180561062
0.12413063798220432,1706160300,1706161200,1706161740,1,MIXED,STOP,15.0,0.6439169139465677,0.58870967650505,-1.195449715290952
0.7690310531550477,1706234700,1706235000,1706235180,1,ALIGNED_COUNTER,TP,5.0,0.31252072052156155,3.237623752017067,-1.4056263732725907
0.7718823182318405,1706235900,1706236140,1706236260,1,ALIGNED_COUNTER,TP,4.0,0.663666366636688,1.297468352475339,-1.696113645271175
0.18403265129934382,1706237700,1706237760,1706238540,1,ALIGNED_COUNTER,STOP,1.0,0.0,506431839.7651046,-3.609326847149986
0.08584481715433706,1706316900,1706317080,1706318100,1,ALIGNED_WITH,STOP,3.0,0.0,323241123.9380982,-1.0962118935965535
0.7742977178969209,1706322900,1706323320,1706325120,-1,ALIGNED_COUNTER,TP,7.0,0.01966119547088538,28.56249854729413,1.329096562377983
0.763736364765867,1706337600,1706338440,1706338800,-1,ALIGNED_COUNTER,TP,14.0,0.38091688408500757,1.420091320472665,1.1944470787209223
1.757722550745109,1706401800,1706402100,1706405280,1,ALIGNED_WITH,STOP,5.0,0.012319605772615417,35.19999714276304,-2.252728879108545
-1.0157279712459968,1706405400,1706405460,1706405940,1,ALIGNED_WITH,STOP,1.0,0.0,774920127.7955642,-1.3446813885583102
0.08431343982961574,1706406000,1706406180,1706406960,1,ALIGNED_WITH,STOP,3.0,0.0,347763578.2747461,-1.0274098710604649
-1.0161814303846124,1706486700,1706486820,1706488500,-1,ALIGNED_COUNTER,STOP,2.0,0.02858561889518188,12.756756310503143,1.7879161611844951
-1.0159698946911222,1706490900,1706490960,1706491620,-1,ALIGNED_COUNTER,STOP,1.0,0.0,319943545.7605484,1.6350642505314776
-0.48176721149341556,1706492100,1706492760,1706494560,-1,ALIGNED_COUNTER,TIME,11.0,0.6740929675706631,0.6670270260374778,2.679951790352695
0.08528201459854677,1706573100,1706573820,1706574780,1,ALIGNED_WITH,STOP,12.0,0.5957664233576165,0.7032590039654228,-2.163059826192608
0.08913812839187285,1706579100,1706579160,1706580480,1,ALIGNED_WITH,STOP,1.0,0.0,441623821.7652198,-2.338809659811152
-1.010435464036939,1706582400,1706582700,1706584080,1,ALIGNED_WITH,STOP,5.0,0.3447958714424198,1.4937759292776998,-0.898841562453221
0.031076973429241015,1706659500,1706660220,1706662020,-1,MIXED,TIME,12.0,0.3774169932388689,1.265175715497627,1.3286064199159433
-1.019954420904884,1706695500,1706695680,1706696760,-1,MIXED,STOP,3.0,0.28349929826909176,1.2937293683736426,1.031655593365281
0.7824583402146797,1706698200,1706698440,1706698620,-1,MIXED,TP,4.0,0.07679603633363288,9.430107404084263,2.0400683165399114
0.7841211040180498,1706749800,1706749860,1706750100,-1,MIXED,TP,1.0,0.0,349981224.18323857,1.0983994099759389
0.134819458483764,1706750400,1706750460,1706750580,-1,MIXED,STOP,1.0,0.0,1245487364.6209292,1.0361296389224177
0.13202172350793726,1706769600,1706770020,1706771400,-1,MIXED,STOP,7.0,0.04689403166869692,7.127272575285425,1.3978857622091094
1.4236674834864795,1706832000,1706832720,1706833500,1,ALIGNED_WITH,STOP,12.0,0.4060761392761259,1.2327586176539285,-1.2275351241044123
0.08631656789955122,1706845500,1706847660,1706861460,1,ALIGNED_WITH,STOP,36.0,0.4653633948640689,0.7622950803293065,-2.2860416085178143
-1.0165755934636396,1706880900,1706880960,1706881500,1,ALIGNED_WITH,STOP,1.0,0.0,1002815501.8218025,-1.90990575877202
0.08163899107629397,1706918400,1706919300,1706921760,1,ALIGNED_WITH,STOP,15.0,0.687124385357865,0.538033394393216,-1.821795685874387
-1.0262640048712373,1706938200,1706938260,1706944260,1,ALIGNED_WITH,STOP,1.0,0.0,926148225.4696736,-1.007544460131616
0.10975538029680568,1706949300,1706950560,1706950740,-1,ALIGNED_COUNTER,STOP,21.0,0.29381098783593307,1.885350312053839,2.4019815880373176
-1.0452930186972467,1707005400,1707005460,1707005700,-1,MIXED,STOP,1.0,0.19420989143539957,3.293478243912579,1.9221179228297836
0.7547306638566612,1707006000,1707006060,1707006180,-1,MIXED,TP,1.0,0.0,659641728.13493,1.5985659697201609
-1.0451859852475516,1707006300,1707006720,1707006900,-1,MIXED,STOP,7.0,0.48261327713384833,1.200873359957066,2.5797907225843995
0.13476349524542072,1707094200,1707094320,1707095460,-1,MIXED,STOP,2.0,0.0,402981238.7561008,1.0605959383905232
0.5143428522099299,1707098400,1707098640,1707100440,-1,MIXED,TIME,4.0,0.0,374999999.9999663,2.2856413237783415
-1.0201204028020967,1707105600,1707105720,1707106860,-1,MIXED,STOP,2.0,0.0,420584669.2711708,1.8668073721078895
0.029528400938161763,1707191100,1707191580,1707193380,1,MIXED,TIME,8.0,0.6026490066225312,0.6810897424595678,-2.037718559064941
0.12276970689964511,1707200400,1707201900,1707203040,1,MIXED,STOP,25.0,0.42053522665210324,1.4515151480636057,-1.6298996873290843
0.7683108727810839,1707204900,1707205800,1707206100,1,MIXED,TP,15.0,0.6079881656804462,0.7177615559970892,-0.8588430953382936
-1.0273463067151027,1707264000,1707264960,1707265620,-1,ALIGNED_COUNTER,STOP,16.0,0.38366606170603945,0.9337748320030329,2.187952615328268
0.7739571613460308,1707265800,1707265980,1707266220,-1,ALIGNED_COUNTER,TP,3.0,0.1292493528903868,3.878504642890329,2.265281410182154
0.12236831619534981,1707274800,1707275100,1707275460,-1,ALIGNED_COUNTER,STOP,5.0,0.03598971722359413,13.92857104157785,1.4189455302226825
1.3829508279300868,1707350400,1707350460,1707351960,1,ALIGNED_WITH,STOP,1.0,0.0,876295502.118795,-1.4773647903598288
0.0901481628599854,1707352500,1707352800,1707358020,1,ALIGNED_WITH,STOP,5.0,0.2383316782522347,3.086111098162263,-1.0649688995762971
0.08709991098968221,1707368100,1707369060,1707370860,1,ALIGNED_WITH,STOP,16.0,0.15475377258892103,2.1123595369124244,-2.055441170708648
2.6259114532775376,1707436800,1707437040,1707445140,1,ALIGNED_WITH,STOP,4.0,0.0,613891213.3891075,-1.1248479250203538
2.8992264433550963,1707445200,1707445440,1707446760,1,ALIGNED_WITH,STOP,4.0,0.4251089324618568,1.2376681585237017,-1.8021284531065842
0.13592630616510676,1707447600,1707447720,1707448380,-1,ALIGNED_COUNTER,STOP,2.0,0.16518634622081937,4.162361598418591,4.091845278281358
0.4200841593618716,1707523200,1707523260,1707544860,1,ALIGNED_WITH,TIME,1.0,0.0,347804411.9480001,-1.3237058373857533
0.08317566121310842,1707562500,1707562980,1707563340,1,ALIGNED_WITH,STOP,8.0,0.6720946309240372,0.5983999991096725,-3.7270163514500094
0.08605216435113885,1707564300,1707564540,1707571380,1,ALIGNED_WITH,STOP,4.0,0.13322337118568775,4.933333296302794,-2.2020504254456577
1.7463589691854082,1707609900,1707611940,1707622560,1,ALIGNED_WITH,STOP,34.0,0.43077647375323713,0.8830601072397227,-1.372561295375519
0.1359139136935718,1707624000,1707624060,1707624480,-1,ALIGNED_COUNTER,STOP,1.0,0.012210823607583824,37.66666358199732,1.1604141304107034
-1.0085645462836326,1707628500,1707629040,1707648420,1,ALIGNED_WITH,STOP,9.0,0.0,310153518.77182674,-1.7635353476238496
0.7817639995709796,1707698100,1707698160,1707699780,-1,ALIGNED_COUNTER,TP,1.0,0.0,833378023.2745193,1.7375876262474692
0.4509668144298219,1707708900,1707709740,1707711540,-1,ALIGNED_COUNTER,TIME,14.0,0.07008560073371271,4.5496182556959175,3.3438646697678713
0.08828455125228536,1707749100,1707749160,1707750060,1,ALIGNED_WITH,STOP,1.0,0.003609922128822625,250.7999305248393,-1.8223850004916098
0.09012979176358385,1707782400,1707782700,1707784740,1,ALIGNED_WITH,STOP,5.0,0.14566679355410958,2.540650389062695,-1.0110530700475764
0.09033258588711388,1707795600,1707797460,1707800520,1,ALIGNED_WITH,STOP,31.0,0.47379785732081536,0.6392638023317305,-1.8355551880259648
-0.12510783214197604,1707804000,1707804120,1707805920,-1,ALIGNED_COUNTER,TIME,2.0,0.0,315750554.5970411,1.740083761119779
0.09076449808182911,1707870900,1707871800,1707881280,1,ALIGNED_WITH,STOP,15.0,0.43302429667519593,0.9043927627693144,-2.314333018024533
1.6248743370508087,1707885600,1707885960,1707894540,1,ALIGNED_WITH,STOP,6.0,0.20210656753403894,2.922746766654951,-1.9350262355223526
2.3956419835943237,1707894600,1707895380,1707900780,1,ALIGNED_WITH,STOP,13.0,0.4158588118319904,0.9999999975951854,-1.1790217912160483
-1.0157498191058818,1707957000,1707957060,1707957240,-1,ALIGNED_COUNTER,STOP,1.0,0.0,818244465.5008883,5.098472307061812
0.7842139116203158,1707957600,1707957660,1707958920,-1,ALIGNED_COUNTER,TP,1.0,0.0,624084761.8227248,3.3903902474529963
0.13592927300105911,1707959400,1707959760,1707959940,-1,ALIGNED_COUNTER,STOP,6.0,0.20918111269837514,2.1162790596500827,1.9298438978671821
0.7799759273570053,1708073700,1708074240,1708074480,-1,ALIGNED_COUNTER,TP,9.0,0.4969088098918293,0.6920684278451684,1.2657528276032255
0.5442774803149588,1708076100,1708076160,1708077960,-1,ALIGNED_COUNTER,TIME,1.0,0.0,414488188.9763949,1.4147880217626032
0.09032888607192698,1708081800,1708081860,1708083960,1,ALIGNED_WITH,STOP,1.0,0.0,346617017.90524364,-1.4418953905596568
-0.28177846924175565,1708149600,1708149720,1708151520,-1,ALIGNED_COUNTER,TIME,2.0,0.005722460658103844,55.24999034485955,2.410740611201539
0.7620984850068214,1708158000,1708158180,1708159020,-1,ALIGNED_COUNTER,TP,3.0,0.2603698673074299,1.5955056118501583,3.2388877695854896
0.15916615703824794,1708160700,1708160760,1708161000,-1,MIXED,STOP,1.0,0.0,486185431.91005635,2.8298711434009127
0.08966841083612831,1708214700,1708215480,1708215840,1,ALIGNED_WITH,STOP,13.0,0.0653421255459537,4.990825611692285,-1.1720007976813176
0.129783191250676,1708222200,1708222260,1708223520,1,MIXED,STOP,1.0,0.0,372966909.70275116,-1.2298409630880238
0.13521895962019542,1708230600,1708230780,1708232580,-1,MIXED,TIME,3.0,0.011434989024494134,33.749997048409845,1.6053264253359971
0.09003864710609086,1708300800,1708301100,1708303380,1,ALIGNED_WITH,STOP,5.0,0.2288423031343217,1.4849999935108515,-1.6097201410380462
0.09175865210707702,1708306800,1708307280,1708313100,1,ALIGNED_WITH,STOP,8.0,0.10065111231686123,4.207547128008477,-1.3269696378304474
-1.0153739617983502,1708323600,1708324020,1708324620,1,ALIGNED_WITH,STOP,7.0,0.6634030000627585,0.5933774825493022,-2.42452937836242
0.7802057637674874,1708387200,1708388640,1708389600,-1,MIXED,TP,24.0,0.4466783216782732,1.0547945181867313,1.977518594373302
0.7830406067732818,1708392000,1708392060,1708392120,-1,MIXED,TP,1.0,0.0,636124176.8579373,1.6141285365787064
-1.0160753292986762,1708394400,1708396800,1708397760,-1,MIXED,STOP,40.0,0.44606621573512567,0.8491620092694725,1.4101503305116458
-1.0104796814230268,1708473600,1708474080,1708479840,1,ALIGNED_WITH,STOP,8.0,0.2246053534660344,1.6096256612825959,-1.515258685978956
-1.0112706697530873,1708479900,1708480200,1708489920,1,ALIGNED_WITH,STOP,5.0,0.25148148148149946,1.3221649431958922,-1.6040614124588393
0.7710218887203596,1708494300,1708494420,1708495560,-1,ALIGNED_COUNTER,TP,2.0,0.2391634070408059,1.4018691530168557,1.0148587844027006
-1.0144086448784233,1708562700,1708564200,1708565520,1,MIXED,STOP,25.0,0.6054204862495036,0.6497695841802028,-1.904782354392652
-1.015901310853155,1708565700,1708565760,1708566060,1,MIXED,STOP,1.0,0.0,368892615.96855855,-1.6012460437919631
0.7851654324558841,1708566900,1708566960,1708568100,1,MIXED,TP,1.0,0.0,543824124.9638444,-1.5855631839574658
0.19167186491080687,1708649400,1708651260,1708653060,-1,MIXED,TIME,31.0,0.17187765505523328,1.9584774972557681,1.5680175758061412
0.12513806016814932,1708656900,1708656960,1708657200,-1,MIXED,STOP,1.0,0.0,894879455.2907599,1.198307852243252
-0.03137298678327492,1708662600,1708663320,1708665120,-1,MIXED,TIME,12.0,0.6115069031592442,0.5871766019643795,1.9328320941397994
-1.0138026394557824,1708732800,1708733460,1708735080,-1,ALIGNED_WITH,STOP,11.0,0.4767346938775629,0.8886986282728523,2.549325780873479
0.08595497850860884,1708735200,1708735260,1708746600,-1,ALIGNED_WITH,STOP,1.0,0.04388974328643114,12.962263855598758,2.1562659548536964
0.12039197812211859,1708751100,1708752120,1708752540,1,ALIGNED_COUNTER,STOP,17.0,0.7425209248363278,0.5015624993244913,-3.054107155150583
0.07783580531245865,1708820400,1708820700,1708823040,1,ALIGNED_WITH,STOP,5.0,0.38949792722253185,0.8178807926019386,-1.8995483507396587
1.4719971538416525,1708823700,1708823880,1708826220,1,ALIGNED_WITH,STOP,3.0,0.09158202788774146,3.644736802309024,-1.8816568072417765
0.0797459471538102,1708826400,1708826580,1708827300,1,ALIGNED_WITH,STOP,3.0,0.4410926763868537,2.1595744631887293,-1.6002156460201
0.20486301897764644,1708913100,1708914240,1708916040,-1,MIXED,TIME,19.0,0.5110157783756678,1.0398406354152003,3.0647026653560014
0.5613181638873428,1708926300,1708927980,1708929780,-1,ALIGNED_COUNTER,TIME,28.0,0.4970414201183275,0.6515151502044626,1.3524037605000754
0.7580993138737198,1708931400,1708931700,1708932960,-1,ALIGNED_COUNTER,TP,5.0,0.0,481916501.9188032,1.2651249228108594
0.09054542305360791,1708992000,1708992060,1708993020,1,ALIGNED_WITH,STOP,1.0,0.0,395427383.7360273,-2.2011885713605026
1.8922191953780065,1708997400,1708997940,1708998300,1,ALIGNED_WITH,STOP,9.0,0.4101458465440882,1.0072150047591535,-1.3637876409689207
0.142546524498506,1709000100,1709001000,1709001120,-1,ALIGNED_COUNTER,STOP,15.0,0.5487136866759853,1.032289154745238,2.39640166998634
1.4226938077689837,1709098200,1709098260,1709105580,1,ALIGNED_WITH,STOP,1.0,0.0,669848365.8551092,-1.4421657626489839
1.983723494794029,1709105700,1709105760,1709106240,1,ALIGNED_WITH,STOP,1.0,0.0,1412516976.0072684,-1.587626231665669
1.4295983263972925,1709106300,1709106360,1709106780,1,ALIGNED_WITH,STOP,1.0,0.2286660401843651,1.4465753361396847,-2.146443423957309
-0.6781570781047224,1709168400,1709169060,1709170860,-1,ALIGNED_COUNTER,TIME,11.0,0.23383323859909597,2.6029668300550717,1.3764388742046543
0.19475868665380144,1709175000,1709176740,1709177700,-1,ALIGNED_COUNTER,STOP,29.0,0.29482676165503335,1.7415818265126484,1.6458480121922203
0.09489018740824298,1709188500,1709188860,1709189280,1,ALIGNED_WITH,STOP,6.0,0.11703946800242199,3.5103305485196135,-2.1509846857180976
0.01250989018358965,1709254200,1709255160,1709256960,-1,ALIGNED_COUNTER,TIME,16.0,0.35842065554530333,1.0956123086655936,1.2552203551786474
0.09026085247815824,1709281200,1709281920,1709283420,1,ALIGNED_WITH,STOP,12.0,0.5230074782725896,0.726780882289349,-1.6020668719759774
0.08987501393145908,1709295600,1709296500,1709297820,1,ALIGNED_WITH,STOP,15.0,0.2384368904987535,2.0368098074084866,-1.6518981956909435
-1.0137764799238331,1709342400,1709342640,1709343060,-1,ALIGNED_COUNTER,STOP,4.0,0.07865418187591193,4.728813499199125,1.3416449731777902
-1.0142758981593885,1709348700,1709348820,1709350380,-1,ALIGNED_COUNTER,STOP,2.0,0.0,470815971.65261185,2.1415272945863353
0.45165316815460516,1709350500,1709350800,1709352600,-1,ALIGNED_COUNTER,TIME,5.0,0.3726217942287685,0.8291457264180642,2.228983617154704
-1.0175983135704818,1709424600,1709425020,1709425620,1,ALIGNED_WITH,STOP,7.0,0.45375494071148725,1.5365853624672245,-1.092244974515478
0.08286113979386227,1709434200,1709435160,1709445840,1,ALIGNED_WITH,STOP,16.0,0.10218978102186163,3.495934925140614,-0.9650537172147796
-1.0159261236991632,1709455200,1709456160,1709456760,-1,MIXED,STOP,16.0,0.3378847147391032,1.2155963266775365,1.1685891494245038
1.7084117773907301,1709511000,1709511060,1709512260,1,ALIGNED_WITH,STOP,1.0,0.0,436426971.8835393,-1.1192073604880441
0.7886402714358075,1709513100,1709513160,1709513220,-1,ALIGNED_COUNTER,TP,1.0,0.0,1900050735.6671774,1.7316309747405785
0.0924954625401664,1709513400,1709513460,1709513820,1,ALIGNED_WITH,STOP,1.0,0.0,3222272957.8894124,-2.323937315161429
0.09547811081863797,1709597700,1709598000,1709604060,1,ALIGNED_WITH,STOP,5.0,0.11471512269679875,2.970639006918958,-1.0523208464836729
0.7921001648818424,1709612100,1709613780,1709614200,-1,ALIGNED_COUNTER,TP,28.0,0.45280882034544495,0.752317197102625,1.286480195691366
0.09510646413767876,1709615100,1709615340,1709616720,1,ALIGNED_WITH,STOP,4.0,0.5958759641114293,0.802884614037252,-1.487197779012698
-0.1167665744247015,1709684100,1709686620,1709688420,-1,MIXED,TIME,42.0,0.7245849111564234,0.5388944716180776,1.4459785179007068
0.17089506602976384,1709703300,1709703360,1709703660,1,MIXED,STOP,1.0,0.0,631947176.1730874,-1.2444723493499643
0.09629969332781066,1709712000,1709712540,1709714460,1,ALIGNED_WITH,STOP,9.0,0.19610443431411198,1.7827556967420297,-1.5192941051287971
0.7892531068322404,1709769600,1709769900,1709771280,-1,ALIGNED_COUNTER,TP,5.0,0.012371517603794572,28.52631348375786,2.1896085082262062
0.7914584966719398,1709776800,1709777160,1709778300,-1,ALIGNED_COUNTER,TP,6.0,0.14183797300777456,2.201451890104798,1.8288427039780508
-1.0084101742325904,1709783100,1709784180,1709785020,-1,ALIGNED_COUNTER,STOP,18.0,0.3560341517816475,1.5895039495253356,1.4841369825648796
-1.0124552694642512,1709856300,1709858100,1709859180,-1,ALIGNED_COUNTER,STOP,30.0,0.40968154223024716,0.8626023636816076,2.8309017166668293
0.13457150226717515,1709859900,1709860260,1709861280,-1,ALIGNED_COUNTER,STOP,6.0,0.5915752119340463,1.003110418210982,2.3454353642538854
0.26140545313485763,1709868300,1709868660,1709870460,-1,ALIGNED_COUNTER,TIME,6.0,0.0,478442383.7144842,1.102431045899924
-0.026638849350181196,1709943300,1709943840,1709945640,-1,ALIGNED_COUNTER,TIME,9.0,0.0,362965255.06145525,1.5060263440778079
1.434095568110543,1710032700,1710032820,1710033300,1,ALIGNED_WITH,STOP,2.0,0.42184557438795117,2.2937499945627047,-1.3332860902292756
-1.0155555405903716,1710033600,1710033660,1710033780,1,ALIGNED_WITH,STOP,1.0,0.0,1051229015.3446954,-4.0667986313314
0.08849188601987432,1710035100,1710035160,1710039240,1,ALIGNED_WITH,STOP,1.0,0.2887941840060454,1.8784722157174456,-3.036392946987891
0.7868136055169174,1710116700,1710117360,1710117840,-1,ALIGNED_COUNTER,TP,11.0,0.34925955435888717,1.5781938280804155,1.4681511874332882
0.7890468156013485,1710117900,1710118140,1710118260,-1,ALIGNED_COUNTER,TP,4.0,0.6190903031556491,0.9916839900821962,1.4246191468678175
-0.07636204084664565,1710123300,1710123360,1710125160,-1,MIXED,TIME,1.0,0.0,331674712.2168592,1.86502229757516
0.783105348557712,1710203700,1710204300,1710205020,-1,ALIGNED_COUNTER,TP,10.0,0.295873397435907,1.131121639147032,1.254689694204604
-1.016230615860308,1710205200,1710205260,1710205680,-1,ALIGNED_COUNTER,STOP,1.0,0.06132835147847689,7.823529284193024,1.4400895465833847
-1.015152735275628,1710206400,1710207120,1710207900,-1,ALIGNED_COUNTER,STOP,12.0,0.15719974848040122,2.6799999829516263,1.7349790682131139
0.09173607099582516,1710294000,1710294900,1710300540,1,ALIGNED_WITH,STOP,15.0,0.2623538658021513,1.916120569367351,-2.577044041520423
0.085479521033392,1710311100,1710311160,1710311520,1,ALIGNED_WITH,STOP,1.0,0.05881344307272046,11.224489605065985,-1.5610994953634674
0.08710764544546937,1710313200,1710313560,1710315120,1,ALIGNED_WITH,STOP,6.0,0.45865089295868144,1.0312499977516947,-2.1854652662886753
0.0883996522014141,1710386700,1710389160,1710390540,1,ALIGNED_WITH,STOP,41.0,0.4500829973914816,0.7924130646250939,-2.303658375225902
0.09147381949433367,1710399600,1710399660,1710399960,1,ALIGNED_WITH,STOP,1.0,0.0,360780038.15942734,-2.608237804877478
-1.007851275712629,1710400800,1710400980,1710411300,1,ALIGNED_WITH,STOP,3.0,0.12369529390223469,2.8575129302659175,-2.1575448587155788
0.79075109901266,1710460800,1710460980,1710462300,1,MIXED,TP,3.0,0.0,373350558.2725866,-1.0831254335885967
-1.0097236735007322,1710462600,1710462720,1710463440,1,MIXED,STOP,2.0,0.23327958227751827,2.4400921554386215,-2.037858101799007
-0.19025449733362995,1710463500,1710464400,1710466200,1,MIXED,TIME,15.0,0.3384554611890042,1.0024509774304593,-1.9912743511825948
0.14209136502894198,1710547200,1710547500,1710547680,1,MIXED,STOP,5.0,0.2053784182457726,1.6397789975407748,-0.9951434417444199
-0.15186677308134305,1710555300,1710555360,1710557160,1,MIXED,TIME,1.0,0.0,328182862.98046154,-1.683120782421304
0.08829606741571457,1710583800,1710583920,1710584700,-1,ALIGNED_WITH,STOP,2.0,0.0,709908069.458632,1.573952068264894
0.09640273021298253,1710633900,1710634260,1710637440,-1,ALIGNED_WITH,STOP,6.0,0.1443603038425173,3.0090805693939946,2.1133564764691277
1.5949299405006323,1710642600,1710644580,1710660180,-1,ALIGNED_WITH,STOP,33.0,0.2684959300500038,1.3507556624754489,1.53999835752782
0.790580539045731,1710660300,1710660360,1710660600,1,ALIGNED_COUNTER,TP,1.0,0.0,820249298.3325148,-1.9261022051300225
0.13954254016326692,1710720900,1710720960,1710721380,1,MIXED,STOP,1.0,0.0,493152488.80695665,-1.7827404371553321
-1.0100280194055586,1710722400,1710722460,1710723660,1,MIXED,STOP,1.0,0.0,518441624.47303385,-2.0881855712120365
-0.3537412109547363,1710730200,1710730380,1710732180,-1,MIXED,TIME,3.0,0.18762912083059666,2.95125163117487,2.5339559612651623
0.09351969410966829,1710810000,1710810240,1710810840,-1,ALIGNED_WITH,STOP,4.0,0.24132423406419534,2.9711191212619976,1.9871152954541544
0.09450045488016101,1710811800,1710811920,1710812220,-1,ALIGNED_WITH,STOP,2.0,0.0,753972778.4508002,3.6731968773602204
0.09578569853941388,1710818100,1710819240,1710819780,-1,ALIGNED_WITH,STOP,19.0,0.3941779542593073,2.174938569420911,1.8142018411057685
-1.0041434940795104,1710894300,1710894660,1710896280,-1,ALIGNED_WITH,STOP,6.0,0.5278825163722957,0.7593984948020267,2.4206359134526214
0.09654594503694089,1710896400,1710896460,1710901740,-1,ALIGNED_WITH,STOP,1.0,0.0,342472985.8153528,1.5347925752652372
0.09680392939507085,1710907500,1710907620,1710910140,-1,ALIGNED_WITH,STOP,2.0,0.0,391475962.39134985,1.2045002960250124
0.143045406732114,1710979500,1710981660,1710981900,1,MIXED,STOP,36.0,0.642034829359503,0.7910162459804664,-1.858718034807734
-1.0100780563861445,1710991800,1710992100,1710992640,1,MIXED,STOP,5.0,0.33460059803505493,1.370866841300493,-1.1019492803378366
0.2307050061702818,1710993300,1710993360,1710993540,1,MIXED,STOP,1.0,0.0,537309749.0744733,-1.2729929727170084
0.0930755952917243,1711066800,1711066860,1711067280,-1,ALIGNED_WITH,STOP,1.0,0.0,449914422.12412584,1.0614125006681183
0.13939265320254662,1711074900,1711076160,1711076820,1,ALIGNED_COUNTER,STOP,21.0,0.45821119446046216,0.9929478116553269,-1.8967058214362826
-1.0105053978045986,1711077900,1711078200,1711079040,1,ALIGNED_COUNTER,STOP,5.0,0.3819740542502155,1.5827098877932368,-3.419050318057781
-1.005273181783232,1711152000,1711152120,1711158420,-1,ALIGNED_WITH,STOP,2.0,0.0,375645507.62186337,1.6018213786863245
0.13803460240314577,1711164900,1711165200,1711165560,1,ALIGNED_COUNTER,STOP,5.0,0.6203321182665242,0.7391834235493658,-1.1880469428276361
-0.12431920528338516,1711169700,1711170180,1711171980,1,ALIGNED_COUNTER,TIME,8.0,0.2572779078499702,1.1778846108063987,-1.8502600684541974
0.09180592273743428,1711240500,1711240560,1711245840,-1,ALIGNED_WITH,STOP,1.0,0.0,338309813.10958946,3.2322268079910708
0.09027593153376912,1711253100,1711254120,1711255200,-1,ALIGNED_WITH,STOP,17.0,0.6550747289245098,0.6687543483179875,1.3769501092874146
0.09078401173225291,1711256400,1711256820,1711265700,-1,ALIGNED_WITH,STOP,7.0,0.3488908716118509,1.2765432062177002,1.574603700430949
-1.006796861074265,1711325400,1711325520,1711331520,1,ALIGNED_WITH,STOP,2.0,0.20298676173292213,2.839580195906097,-3.6329894272970846
0.09297967762327505,1711331700,1711332000,1711334280,1,ALIGNED_WITH,STOP,5.0,0.0,357142857.14285666,-1.348475761757588
-1.0090316777168282,1711344600,1711344720,1711345740,1,ALIGNED_WITH,STOP,2.0,0.23365340649289248,3.2191780684145233,-1.4208321761180822
-1.0091336976592453,1711413900,1711414260,1711415880,-1,ALIGNED_COUNTER,STOP,6.0,0.0,528508812.83225113,1.0418767126665545
-0.21967134651123482,1711418100,1711418400,1711420200,-1,ALIGNED_COUNTER,TIME,5.0,0.0739989863152854,5.424657460936696,1.6629860027064929
0.13619056535126386,1711421700,1711422180,1711422840,-1,ALIGNED_COUNTER,STOP,8.0,0.03095438007280194,18.69620192763241,2.526079544280012
0.15039429349776012,1711525200,1711525380,1711525800,-1,ALIGNED_COUNTER,STOP,3.0,0.09785647716682036,5.379487124514392,1.168802197047025
0.13313143292578256,1711529700,1711529820,1711530420,-1,ALIGNED_COUNTER,STOP,2.0,0.04218766236013916,16.252873177971352,2.1213772373988493
-1.0157354058499237,1711530600,1711530900,1711531380,-1,ALIGNED_COUNTER,STOP,5.0,0.27450095133671976,1.3601973634657751,2.1287468087484527
-1.0125811529418072,1711590900,1711591320,1711593120,1,MIXED,STOP,7.0,0.19679078059996463,1.8051470496510116,-1.781303423258989
0.09121566538960438,1711593300,1711593360,1711597020,1,ALIGNED_WITH,STOP,1.0,0.0,548542238.4044663,-1.42357904494868
0.13612183412310996,1711600800,1711603380,1711603560,1,MIXED,STOP,43.0,0.5426325795193598,0.6193264995906373,-1.7400298952912836
0.00034761101737643477,1711670400,1711670820,1711672620,-1,ALIGNED_COUNTER,TIME,7.0,0.2658797077009682,1.7124735664978004,3.301736330394009
0.2745858790200925,1711675500,1711675800,1711677600,-1,ALIGNED_COUNTER,TIME,5.0,0.0,328465405.7935633,2.210146196294724
-0.516616621004538,1711680300,1711680420,1711682220,-1,ALIGNED_COUNTER,TIME,2.0,0.0,421207508.8787562,1.346921526938063
-1.0233705882353357,1711757100,1711757160,1711758120,1,MIXED,STOP,1.0,0.0,380347593.582947,-1.664939456424234
0.14172477499750563,1711761600,1711761960,1711762620,1,MIXED,STOP,6.0,0.07823162891901993,6.778760975295795,-1.2721391233830923
-0.09431644815256343,1711765200,1711765800,1711767600,1,MIXED,TIME,10.0,0.06529512359434168,7.666666549251059,-2.261104516966199
0.0792454662528979,1711861500,1711861680,1711862280,1,ALIGNED_WITH,STOP,3.0,0.19152574577242548,2.2407407290404446,-1.2265240058020297
-1.0206449957085018,1711864500,1711864560,1711866360,1,ALIGNED_WITH,STOP,1.0,0.3006971048169081,1.169590639385356,-2.8129364788525555
0.08217179737850765,1711866600,1711867080,1711871520,1,ALIGNED_WITH,STOP,8.0,0.38931131870516766,1.1914062469397757,-2.277215853773886
-1.012265045151434,1711931400,1711931460,1711935540,1,ALIGNED_WITH,STOP,1.0,0.0,301764228.2424643,-2.0310501853313623
0.13120930540823855,1711939800,1711940760,1711941480,-1,ALIGNED_COUNTER,STOP,16.0,0.07582184517498951,4.510489451000599,1.155042385491918
0.1274319066325231,1711945200,1711946160,1711947780,-1,ALIGNED_COUNTER,STOP,16.0,0.44765211035995245,0.8142857124666997,1.0254115331813831
-1.0186166042780804,1712016600,1712016720,1712017140,1,MIXED,STOP,2.0,0.0,452406417.1123331,-1.6776088963355635
-1.0185986701822656,1712017200,1712017800,1712017920,1,MIXED,STOP,10.0,0.6189766517635228,0.8997407072759519,-1.4669209750100318
0.7824995705211534,1712018400,1712018760,1712019060,1,MIXED,TP,6.0,0.37693085029597245,1.3927613904066847,-1.5509235731059716
-1.011616144450334,1712102400,1712102520,1712103660,1,ALIGNED_COUNTER,STOP,2.0,0.0,405027438.48466665,-1.2178799858791327
0.26362405580948806,1712104800,1712104860,1712105160,1,ALIGNED_COUNTER,STOP,1.0,0.0,1167620880.4426148,-2.24213145038227
-1.0068888315379865,1712109900,1712110560,1712116320,-1,ALIGNED_WITH,STOP,11.0,0.5960053859963993,0.7190300462368966,0.8292419496323232
0.08913731794836001,1712190300,1712190480,1712194800,-1,ALIGNED_WITH,STOP,3.0,0.05910082319003702,6.274999893824537,1.0163178333007319
0.08990214827017569,1712199000,1712199900,1712201280,-1,ALIGNED_WITH,STOP,15.0,0.49449752883030434,0.9505596995702348,2.966888220684163
0.7853134133595215,1712216700,1712218260,1712218740,1,ALIGNED_COUNTER,TP,26.0,0.6265479998733275,0.7190375076987319,-2.239561667200516
0.7873066617143737,1712276400,1712277960,1712278440,1,MIXED,TP,26.0,0.3859071976228774,0.8979788234671816,-1.5165398837006088
-0.8052638372573064,1712280900,1712281320,1712283120,1,MIXED,TIME,7.0,0.6133312680710838,0.9451974056479704,-1.5239024575197042
0.1387196639375655,1712291400,1712291760,1712292360,-1,ALIGNED_COUNTER,STOP,6.0,0.0,347534272.658043,0.8066902711852063
-1.0208751169398844,1712381700,1712382000,1712382360,1,MIXED,STOP,5.0,0.2900983606557039,3.15611813258095,-2.500170290528309
-1.0196765055761723,1712382600,1712383260,1712383800,1,MIXED,STOP,11.0,0.2243700950020821,1.7164948377105624,-2.9485090968242074
0.7794805609492612,1712391900,1712392080,1712393700,1,MIXED,TP,3.0,0.0,470593311.7583251,-1.0963356106937878
0.09067693792835839,1712448000,1712448060,1712449440,1,ALIGNED_WITH,STOP,1.0,0.0320301187373658,10.443037648633947,-2.409194561940583
0.0925815591151938,1712452800,1712452860,1712454120,1,ALIGNED_WITH,STOP,1.0,0.0,592356979.4050236,-1.795099880136905
0.09068107245204317,1712464500,1712464680,1712470620,1,ALIGNED_WITH,STOP,3.0,0.0,483468928.50959766,-1.2991864839627922
0.08686428129124857,1712553300,1712554980,1712555760,1,ALIGNED_WITH,STOP,28.0,0.6705435748323638,0.7150084306369696,-1.824732382721194
3.917290466327835,1712560200,1712560740,1712561880,1,ALIGNED_WITH,STOP,9.0,0.2543777066465292,1.613989630961285,-2.5200647378298746
0.08870187452965379,1712562300,1712562480,1712562660,1,ALIGNED_WITH,STOP,3.0,0.4453718273243537,1.1279569867146306,-3.175218869478127
0.7811620766136479,1712620800,1712622240,1712622480,-1,ALIGNED_COUNTER,TP,24.0,0.748392917559554,0.6441631496314217,2.3015832521529425
-1.0171270915235682,1712625000,1712625060,1712625720,-1,ALIGNED_COUNTER,STOP,1.0,0.0,1275536243.8789303,1.2866508701739163
-1.01336921550753,1712627400,1712628300,1712629080,-1,ALIGNED_COUNTER,STOP,15.0,0.16703308488390656,1.9280898760973535,1.105795444072536
-1.01884826808696,1712707200,1712707680,1712709180,1,MIXED,STOP,8.0,0.26777592038251935,1.6097560915494327,-1.9837527238616517
0.783612848592042,1712712300,1712712420,1712712900,1,MIXED,TP,2.0,0.4527955380220664,1.0515247085083452,-3.2011379043032124
0.7851790342802955,1712714100,1712714160,1712714460,1,MIXED,TP,1.0,0.0,546711109.7519844,-2.041316170791445
0.09277280944233351,1712793900,1712794200,1712798700,1,ALIGNED_WITH,STOP,5.0,0.3200386117326917,1.1871401114537876,-1.768385260611803
-1.0097869332782152,1712804700,1712805720,1712808180,1,ALIGNED_WITH,STOP,17.0,0.4441031396756711,0.8379888249287639,-1.074888909901836
0.09002266581981751,1712808300,1712808660,1712816520,1,ALIGNED_WITH,STOP,6.0,0.24770891933581324,1.3555555500832324,-1.5678754821152936
0.08778915813508674,1712892900,1712894160,1712898540,1,ALIGNED_WITH,STOP,21.0,0.7120129630993043,0.6263577109233811,-2.973682872481065
-1.012284022907469,1712903700,1712903880,1712907660,1,ALIGNED_WITH,STOP,3.0,0.11117295632495622,5.415887801748934,-1.6635976953363607
0.08672774810235326,1712908200,1712908620,1712909460,1,ALIGNED_WITH,STOP,7.0,0.19791959516444851,2.8721590763977467,-1.0461695459246496
0.09078054581698766,1712966400,1712966640,1712968140,-1,ALIGNED_WITH,STOP,4.0,0.0,342751082.6974271,1.6987385538583528
0.08960802584669927,1712970600,1712970660,1712970900,-1,ALIGNED_WITH,STOP,1.0,0.0,862366310.1604372,1.234625703031857
-1.0066442689536959,1712980800,1712981100,1712983200,-1,ALIGNED_WITH,STOP,5.0,0.1527618562391465,2.402723719679594,2.330527973158972
0.7944140459881401,1713064200,1713064680,1713065700,1,ALIGNED_COUNTER,TP,8.0,0.5625525196710006,0.9081115319725487,-1.635881488980713
0.17586143159348203,1713074700,1713075840,1713077520,1,ALIGNED_COUNTER,STOP,19.0,0.24575037882765985,2.9752136631070134,-2.6801264928368203
0.152865750038631,1713087600,1713087720,1713088380,1,ALIGNED_COUNTER,STOP,2.0,0.0,529275451.8770143,-2.042333418314449
-0.19375630510097702,1713139200,1713139260,1713141060,-1,MIXED,TIME,1.0,0.0,408726023.15296364,1.4408327990101917
-1.0078149365494251,1713154200,1713154500,1713158580,-1,ALIGNED_WITH,STOP,5.0,0.057610186599037425,9.201257701918749,1.3356533599460163
-1.0131015553836837,1713160800,1713161040,1713161520,-1,MIXED,STOP,4.0,0.5931081893958985,0.61528059395923,2.063643287098453
0.09422814215657678,1713225900,1713226020,1713229200,-1,ALIGNED_WITH,STOP,2.0,0.0,398257233.8471722,1.4940612522926617
1.4911549873567822,1713231300,1713231480,1713234780,-1,ALIGNED_WITH,STOP,3.0,0.03241075673328499,12.508928185481796,1.2489093186144558
0.7925640683568519,1713243000,1713243120,1713244620,1,ALIGNED_COUNTER,TP,2.0,0.0,326790704.014175,-1.2869931289385237
0.7888465827652618,1713312300,1713313320,1713314880,1,MIXED,TP,17.0,0.5736759307813507,0.6270566716674038,-2.403966879388555
0.7863202274869933,1713329400,1713330240,1713330900,1,MIXED,TP,14.0,0.6390924850217392,0.9040639559471424,-1.8904521155793383
0.09064379644409087,1713338400,1713338460,1713340260,1,MIXED,TIME,1.0,0.0,321351901.79994506,-1.406353881825654
0.7903638843904595,1713399300,1713400800,1713401580,1,ALIGNED_COUNTER,TP,25.0,0.6244264507422485,0.6933938465950373,-2.0846325413227285
0.2550720587011458,1713403800,1713405660,1713406200,1,ALIGNED_COUNTER,STOP,31.0,0.7453047410325441,0.7441375706534776,-2.2091802749822724
-1.0109650781644084,1713410100,1713410580,1713411000,1,ALIGNED_COUNTER,STOP,8.0,0.5203227433182099,1.0678426031037678,-1.4625714380205812
-1.0125281567982622,1713485400,1713487320,1713488220,1,MIXED,STOP,32.0,0.7158527252628666,0.6147450102277433,-1.2701705169524817
0.7896039607295813,1713489900,1713490380,1713490500,-1,MIXED,TP,8.0,0.7030655950719398,1.1892668885815774,2.3409933335329325
-1.0099227402606368,1713490800,1713490860,1713491160,-1,MIXED,STOP,1.0,0.2796942876390928,1.4313953437194782,3.6124873864875564
0.2677607028951314,1713571200,1713571920,1713572460,-1,MIXED,STOP,12.0,0.4891458671989008,1.021201411339873,2.755000773910599
-0.00431026749527548,1713581400,1713581460,1713583260,-1,MIXED,TIME,1.0,0.0,364225884.89598185,1.8916247381037037
-1.0164287364406932,1713608400,1713608520,1713609300,-1,MIXED,STOP,2.0,0.0,654622190.9592524,1.477367814770241
0.13056991048102237,1713657600,1713657660,1713657840,-1,ALIGNED_COUNTER,STOP,1.0,0.0,762753244.5281812,1.6319662570444213
0.13225483118094772,1713666600,1713667080,1713667260,-1,ALIGNED_COUNTER,STOP,8.0,0.4095223276800833,1.5824468046465712,1.2566393456674787
0.7830800324615301,1713669000,1713669300,1713669780,-1,ALIGNED_COUNTER,TP,5.0,0.46840532664427387,1.6582138884114315,2.13001682593253
0.13683621610636196,1713749700,1713749820,1713749940,-1,ALIGNED_COUNTER,STOP,2.0,0.11461417871449812,3.92553188064421,1.4670868517544136
0.09255449228099637,1713757200,1713757260,1713758400,1,ALIGNED_WITH,STOP,1.0,0.0,521648129.6697609,-1.055953574850908
0.09223541041483474,1713763200,1713763620,1713764940,1,ALIGNED_WITH,STOP,7.0,0.2213592233009606,2.459330132430606,-1.0210001221165974
-1.0160767172812626,1713831300,1713831540,1713832740,-1,ALIGNED_COUNTER,STOP,4.0,0.07905519402269846,4.158536532760511,1.25106656861349
-1.0154603340706063,1713833700,1713833760,1713834180,-1,ALIGNED_COUNTER,STOP,1.0,0.0,343379658.6670335,1.6509094952787187
0.7812646643822067,1713846000,1713846120,1713846600,-1,ALIGNED_COUNTER,TP,2.0,0.0,520943358.193932,1.2658139740546357
-1.0199916123778814,1713919500,1713919860,1713920580,-1,ALIGNED_COUNTER,STOP,6.0,0.2256128921653018,2.5585106269571307,1.0182571750800904
-1.014595553273605,1713934200,1713934680,1713936120,1,ALIGNED_WITH,STOP,8.0,0.3293502613890547,1.851190470570013,-2.580423370544019
0.08689917070093124,1713936900,1713937020,1713942180,1,ALIGNED_WITH,STOP,2.0,0.0,381898547.67409825,-1.8486741645711524
0.0903048131558782,1714005300,1714007280,1714007880,-1,ALIGNED_WITH,STOP,33.0,0.6979022331066856,0.6147382020926622,1.8148358543824488
0.09119184034430133,1714010100,1714010340,1714010700,-1,ALIGNED_WITH,STOP,4.0,0.09368275211507267,4.867841357731341,1.3911510145834787
0.09202340614455815,1714011900,1714012620,1714018620,-1,ALIGNED_WITH,STOP,12.0,0.1402237613212522,3.018616999749569,1.3813448751546373
0.09065650882368381,1714096200,1714096320,1714096860,-1,ALIGNED_WITH,STOP,2.0,0.028691197019090023,15.348484313534195,1.4128354878410554
-1.0122346265073408,1714128600,1714128660,1714133040,-1,ALIGNED_WITH,STOP,1.0,0.0,691520707.1533577,1.1353449811478113
-1.0144677925754253,1714133100,1714133280,1714134660,-1,ALIGNED_WITH,STOP,3.0,0.0020266357846172134,171.99991512865412,1.901527373307743
1.4642884172737514,1714177800,1714177860,1714178700,-1,ALIGNED_WITH,STOP,1.0,0.0,1265758631.6123075,1.0611444475805396
0.0888388549144616,1714179000,1714179060,1714179540,-1,ALIGNED_WITH,STOP,1.0,0.20473278383408633,2.181818171161275,4.473763157200846
0.08977441206099462,1714179600,1714179720,1714180440,-1,ALIGNED_WITH,STOP,2.0,0.20620418939105134,2.1132075369215735,3.9841578114259963
0.7718274410347361,1714262400,1714262460,1714263780,1,ALIGNED_COUNTER,TP,1.0,0.0,495308141.00940585,-1.9600658457771452
-1.0247374403109182,1714264500,1714266120,1714267080,1,ALIGNED_COUNTER,STOP,27.0,0.6607440310938342,0.5752941167763997,-1.4917268996978672
0.7752890746500598,1714267200,1714267380,1714269180,1,MIXED,TP,3.0,0.014774494556776525,35.57894496026024,-1.6919134219592
0.09020687209830189,1714349400,1714350600,1714357440,-1,ALIGNED_WITH,STOP,20.0,0.34484592627064575,1.2159244229247532,1.90235602110052
0.09020497169084053,1714359300,1714359360,1714360680,-1,ALIGNED_WITH,STOP,1.0,0.10084089919260247,3.9162790309310895,1.0574704967399784
0.0917939058901027,1714368000,1714368060,1714368720,-1,ALIGNED_WITH,STOP,1.0,0.0,325765054.2941743,1.7531582155891001
0.2811633776414365,1714435500,1714436400,1714437000,1,MIXED,STOP,15.0,0.3593047034764609,0.9787516573026593,-2.1521133521568125
0.7864612942061787,1714437900,1714437960,1714438020,1,MIXED,TP,1.0,0.019804364183584423,29.468083618442144,-1.6822679584726392
-0.7383395127039737,1714456800,1714457160,1714458960,-1,MIXED,TIME,6.0,0.0026078533641308212,160.5999384168123,1.4336737568925035
1.35068518648897,1714521600,1714522680,1714526340,-1,ALIGNED_WITH,STOP,18.0,0.5825999497108384,0.6737160109281966,1.5061563125795048
-1.013566131161254,1714541100,1714541760,1714542300,1,ALIGNED_COUNTER,STOP,11.0,0.48678407005569596,1.4805555525140652,-1.805854880983109
-1.015117642826298,1714542900,1714543020,1714544700,1,ALIGNED_COUNTER,STOP,2.0,0.01662109656067079,19.69696851189402,-1.7575904103770787
-0.5329511616421401,1714610700,1714611600,1714613400,1,ALIGNED_COUNTER,TIME,15.0,0.21981685358576825,2.152031444993517,-2.1043233626897644
0.7899541381909571,1714614000,1714614180,1714614720,1,ALIGNED_COUNTER,TP,3.0,0.0,529748743.7185869,-1.7897855949075985
0.15713023974163787,1714629600,1714629900,1714631580,1,ALIGNED_COUNTER,STOP,5.0,0.41082523079082317,1.7595693737075186,-1.6063002262800856
-1.0132197143039754,1714695300,1714695360,1714695900,1,MIXED,STOP,1.0,0.0,355234564.7449896,-2.247675397455904
0.7869636113744167,1714696200,1714697040,1714698180,1,MIXED,TP,14.0,0.3118483412322275,1.4354609883046858,-1.925347062106464
-0.5584438609842657,1714698900,1714699440,1714701240,1,MIXED,TIME,9.0,0.5322171486555133,0.7407054323546518,-1.6342176475272776
0.09264175095977152,1714780800,1714783200,1714784340,1,ALIGNED_WITH,STOP,40.0,0.4237856785177563,1.0942928013881155,-1.533513770943412
0.6508818858849849,1714788600,1714789260,1714810860,1,ALIGNED_WITH,TIME,11.0,0.235902044484385,2.41777776752866,-1.4731049658963296
1.7671830818406504,1714812300,1714812420,1714819380,1,ALIGNED_WITH,STOP,2.0,0.19149629093538487,1.7539682448092528,-1.0660614799577337
0.08865971990073201,1714867200,1714867260,1714868940,1,ALIGNED_WITH,STOP,1.0,0.0,722230664.0328388,-1.8250694593884118
-1.0096815189928598,1714869900,1714869960,1714871760,1,ALIGNED_WITH,STOP,1.0,0.0,311029796.1317307,-1.3551687105376664
0.08977815589046588,1714873200,1714873560,1714877520,1,ALIGNED_WITH,STOP,6.0,0.49197860962569046,0.9090909072430438,-2.8070754048488142
-1.0212296864639678,1714954200,1714954500,1714954800,-1,ALIGNED_COUNTER,STOP,5.0,0.0,472103817.3723367,1.5802895759362674
0.1281974076411681,1714955100,1714955160,1714956420,-1,ALIGNED_COUNTER,STOP,1.0,0.0,496820233.99192756,1.5697675657007197
-1.0207901164402415,1714957800,1714957860,1714958460,-1,ALIGNED_COUNTER,STOP,1.0,0.0,468348581.461979,1.207498656845065
0.20422521165161153,1715043600,1715043840,1715044560,1,MIXED,STOP,4.0,0.3440235327880616,0.9167883185030256,-1.6249411859213994
-0.4683371117740061,1715052900,1715053080,1715054880,-1,ALIGNED_COUNTER,TIME,3.0,0.05755395683453754,6.499999887061837,1.5806354409735837
0.13811929590255703,1715062200,1715062740,1715064540,1,MIXED,STOP,9.0,0.36048934237937924,0.9813277981077848,-1.652358430637364
0.7872895423694269,1715127000,1715128200,1715128320,-1,MIXED,TP,20.0,0.50854962276791,0.9358460286329086,2.071144382486109
-0.15822803307498903,1715128800,1715128860,1715130660,-1,MIXED,TIME,1.0,0.0,418681033.73765886,1.9807385459117393
0.24161594118370308,1715136600,1715137020,1715138700,-1,MIXED,STOP,7.0,0.0,420309430.2553851,1.3575474199711823
-1.0078827880590426,1715215500,1715215860,1715223840,-1,ALIGNED_WITH,STOP,6.0,0.0,314992289.05044067,2.3271709430704988
-1.0191856228896619,1715235600,1715235720,1715237160,1,ALIGNED_COUNTER,STOP,2.0,0.03234405544693415,9.61538431810556,-1.016220744690787
0.7810261836219701,1715241300,1715241360,1715241720,1,ALIGNED_COUNTER,TP,1.0,0.0,355905930.2892178,-1.1694505602173375
-0.3657639951037533,1715301600,1715302860,1715304660,1,MIXED,TIME,21.0,0.26888552110049524,1.6874051530566878,-1.6005759748917527
-1.013229054619349,1715324400,1715324460,1715324880,1,ALIGNED_WITH,STOP,1.0,0.0,778056651.1294482,-1.674733774400439
0.08679186088203138,1715325000,1715325300,1715326020,1,ALIGNED_WITH,STOP,5.0,0.5101290785227479,1.3013530109792142,-3.0530151419261418
0.08805494050119647,1715390100,1715390640,1715395320,-1,ALIGNED_WITH,STOP,9.0,0.2545989080218139,2.1593533402486167,1.091053848149939
-0.20465735502840565,1715398800,1715400240,1715402040,1,ALIGNED_COUNTER,TIME,24.0,0.34063260340632423,1.2249999964038107,-1.8462472817412319
0.11934954042795587,1715414100,1715414220,1715414460,1,ALIGNED_COUNTER,STOP,2.0,0.0,443343386.47133666,-2.219992662781681
-1.0184917882577715,1715478000,1715479080,1715487420,-1,ALIGNED_WITH,STOP,18.0,0.2106565919749731,1.8484848397102809,1.4976836016339492
-1.023434503405837,1715487600,1715487960,1715489640,-1,ALIGNED_WITH,STOP,6.0,0.23071852340144913,1.6849999926969468,1.5576701190034523
0.07552730240550115,1715489700,1715490000,1715493420,-1,ALIGNED_WITH,STOP,5.0,0.3536082474226957,0.8741496573917181,2.5112317738707555
0.7781457536886062,1715559000,1715559120,1715560080,1,MIXED,TP,2.0,0.0,1059777924.2508937,-1.4316173609716811
0.27071068989073943,1715563200,1715563260,1715563860,1,MIXED,STOP,1.0,0.0,435109289.6175149,-3.473330779202689
0.7837525741445033,1715567700,1715567760,1715568060,1,MIXED,TP,1.0,0.06600760456274539,11.846774014071217,-1.3815775614594565
0.7811479233775604,1715651400,1715651460,1715651580,-1,ALIGNED_COUNTER,TP,1.0,0.07335824421249822,4.819672065448446,1.5051343668247923
-1.0174734471180633,1715655600,1715655720,1715656860,-1,ALIGNED_COUNTER,STOP,2.0,0.0,443200895.3553299,2.319735484972328
0.7815579552150917,1715664000,1715666520,1715666940,-1,ALIGNED_COUNTER,TP,42.0,0.5869180907483666,0.6586345370304869,1.6120112249118899
0.14355483081943382,1715739900,1715742600,1715743020,1,ALIGNED_COUNTER,STOP,45.0,0.5892784345699014,0.5641646479530218,-1.9983856646642983
0.27369697521435765,1715759100,1715759520,1715759760,1,MIXED,STOP,7.0,0.5073417126747027,0.6288492694250842,-1.1827263424337562
0.40633060915628094,1715761200,1715761320,1715763120,1,MIXED,TIME,2.0,0.09004918653046819,5.798319263339804,-1.903432432707577
0.09067965461849142,1715817600,1715817660,1715818440,1,ALIGNED_WITH,STOP,1.0,0.0,587831325.3012415,-1.7970824946413315
-1.0084933050707297,1715820300,1715820420,1715837220,1,ALIGNED_WITH,STOP,2.0,0.011947365523282964,26.25806231839389,-1.8087991757143183
1.6679748929389915,1715837400,1715837460,1715845440,1,ALIGNED_WITH,STOP,1.0,0.1045712578428445,4.66666662204,-1.2077201635598298
0.7805085312899269,1715907600,1715907660,1715908320,-1,ALIGNED_COUNTER,TP,1.0,0.0,481566624.09537256,1.8851119153499838
-1.0196745562129987,1715908800,1715909100,1715909400,-1,ALIGNED_COUNTER,STOP,5.0,0.03628039562907587,15.833332896917673,2.0345433243525477
0.7809333263834028,1715910000,1715910600,1715911620,-1,ALIGNED_COUNTER,TP,10.0,0.02276802468621822,19.02564019000337,1.174188141662532
-1.0201653417644854,1715990700,1715990820,1715992140,1,ALIGNED_WITH,STOP,2.0,0.40560072267398295,1.6570155861146567,-1.9235081484573215
0.08059812498702601,1715992200,1715992560,1715994060,1,ALIGNED_WITH,STOP,6.0,0.6132785763175433,0.7017045443103352,-1.6179344700670002
-1.0166178529031527,1715997600,1715997720,1716000000,1,ALIGNED_WITH,STOP,2.0,0.1220432679529696,3.0426829018988113,-1.312140063950648
0.07230942704168583,1716079500,1716079620,1716082560,1,ALIGNED_WITH,STOP,2.0,0.14411216611933125,3.379310321381966,-1.7714388911186867
-1.0434413444598298,1716086100,1716086160,1716086820,-1,ALIGNED_COUNTER,STOP,1.0,0.0,519239684.74732715,2.1767025537139526
0.10890185363296392,1716087300,1716087420,1716087780,-1,ALIGNED_COUNTER,STOP,2.0,0.11873743114449407,4.144329862004846,1.3028018521451195
0.12416783762682616,1716163200,1716163380,1716164820,-1,MIXED,STOP,3.0,0.07103825136616532,6.406593316402907,1.3162465904319012
0.12359679290346672,1716165600,1716165660,1716166260,-1,MIXED,STOP,1.0,0.0,626521096.3265982,1.3453494254999185
-1.0248903464154082,1716166500,1716166620,1716166860,-1,MIXED,STOP,2.0,0.0,369545430.208297,1.8557043790674794
-1.0053042524612412,1716249600,1716250620,1716252120,1,ALIGNED_WITH,STOP,17.0,0.7311831355383092,1.6081694380426503,-3.04597714421955
0.09479882728931652,1716254700,1716254760,1716256860,1,ALIGNED_WITH,STOP,1.0,0.0,1250458989.1254823,-2.6536925966821023
-0.5185351715379924,1716302700,1716303180,1716304980,-1,ALIGNED_COUNTER,TIME,8.0,0.201390623698908,2.117221407721298,1.5396231877445326
-1.013289371509145,1716349500,1716349620,1716352440,1,ALIGNED_WITH,STOP,2.0,0.03985684073531823,11.299999716486145,-1.2581083919274578
1.3348501974624079,1716353100,1716353700,1716356220,1,ALIGNED_WITH,STOP,10.0,0.6080161330980194,1.0049751227252826,-0.8663059604114955
-1.0105646279175222,1716357600,1716357780,1716362760,1,ALIGNED_WITH,STOP,3.0,0.07648542057280665,4.56804727755595,-1.1266407067998399
-1.0143772929125552,1716423600,1716423660,1716424560,-1,MIXED,STOP,1.0,0.0,315412398.60260296,2.1885612654070288
0.7854940817117023,1716424800,1716425760,1716426660,-1,MIXED,TP,16.0,0.1677146348005367,2.253731329844819,1.5831073215653264
0.18116009271675096,1716450000,1716450120,1716450660,-1,MIXED,STOP,2.0,0.42147006255580927,1.0946196634512089,2.0093027099075607
0.14025028417836072,1716508800,1716508980,1716510120,-1,MIXED,STOP,3.0,0.0,339536696.96533436,1.166167673763524
0.7789546499150573,1716528900,1716529020,1716529260,-1,MIXED,TP,2.0,0.132075471698151,9.82938381183046,1.5250186758358386
0.7807304182819855,1716531000,1716531840,1716531900,-1,MIXED,TP,14.0,0.6044480718220974,0.7268430989864704,3.2641608997524783
0.08055181474055897,1716595200,1716595740,1716596160,1,ALIGNED_WITH,STOP,9.0,0.5135118722293822,0.6887417205128225,-1.526951848997167
1.6548578123650097,1716621900,1716622080,1716625920,1,ALIGNED_WITH,STOP,3.0,0.0,1329182879.3775005,-1.2613316788623543
1.9032561474215945,1716630300,1716630900,1716633960,1,ALIGNED_WITH,STOP,10.0,0.42224759857587657,1.222717146324784,-0.9113562476846511
0.35088493926460684,1716681600,1716681720,1716683520,-1,ALIGNED_COUNTER,TIME,2.0,0.28956007879198986,2.249999992228437,1.0903390611228019
0.7652508513542018,1716695400,1716695460,1716696300,-1,ALIGNED_COUNTER,TP,1.0,0.0,612544004.5981089,1.3567447467404805
1.9204233791493208,1716698100,1716698520,1716708780,1,ALIGNED_WITH,STOP,7.0,0.18788900414934834,2.0869565106318926,-2.00234014078261
-1.0237583976642552,1716768600,1716769560,1716770160,-1,MIXED,STOP,16.0,0.12885985748222542,3.01612900885116,2.1332846158121304
-0.22387236781187336,1716770400,1716770580,1716772380,-1,MIXED,TIME,3.0,0.0,320214834.7069756,2.190995130091038
-0.5700029176311792,1716788700,1716789600,1716791400,-1,MIXED,TIME,15.0,0.46450617283953105,0.9476744165643924,3.118646266986014
0.12564388752445793,1716854400,1716854940,1716855540,-1,ALIGNED_COUNTER,STOP,9.0,0.3045461380381563,1.2119815628409412,1.205887317643688
-1.0255312931675777,1716861000,1716861060,1716861120,-1,ALIGNED_COUNTER,STOP,1.0,0.0,910423971.9476789,2.7464241376065646
0.13279803045466906,1716863100,1716863700,1716864060,-1,MIXED,STOP,10.0,0.14712610809262064,2.9591836533567273,2.6339157207591386
0.7780672326209196,1716941400,1716941820,1716942960,1,MIXED,TP,7.0,0.44592924808936546,1.0359195379066148,-1.4233470686954979
0.7793589219809858,1716949500,1716949620,1716949680,1,MIXED,TP,2.0,0.0,426572826.366836,-1.0922496586397978
-1.0117786311332364,1716956400,1716956580,1716959580,1,ALIGNED_WITH,STOP,3.0,0.015375041183146042,23.599998465045832,-1.7588794880402407
0.08525261946960555,1717028400,1717028760,1717031520,-1,ALIGNED_WITH,STOP,6.0,0.21807667195220556,1.5209580768582684,2.0257935951335084
0.1252439157566051,1717035000,1717035360,1717035720,1,ALIGNED_COUNTER,STOP,6.0,0.2751950078003311,1.57142856571806,-1.8011713958659685
0.7787432564764948,1717042800,1717043100,1717043520,1,MIXED,TP,5.0,0.0,363927712.9885718,-2.40123984540392
-1.0250288262370622,1717113600,1717113720,1717114800,-1,ALIGNED_COUNTER,STOP,2.0,0.1208285385500592,2.739393916722017,1.041178254337286
0.7743017184154516,1717117500,1717117620,1717118220,-1,ALIGNED_COUNTER,TP,2.0,0.0,439186295.503259,1.17334658548386
-1.025302717994841,1717120200,1717120320,1717120800,-1,ALIGNED_COUNTER,STOP,2.0,0.0,527840939.1359766,1.4074213322811786
0.2624746148301628,1717201800,1717201860,1717203660,1,ALIGNED_COUNTER,TIME,1.0,0.0,398594467.9700659,-1.0076958827263136
0.06725369622960894,1717248900,1717249380,1717250820,-1,ALIGNED_WITH,STOP,8.0,0.5230259753700506,0.7285318545627248,1.1022505429878724
-1.039331594659602,1717257600,1717257720,1717258560,1,ALIGNED_COUNTER,STOP,2.0,0.0,456256737.7063079,-1.0905786154584647
0.7524303524934328,1717290300,1717290360,1717290660,-1,MIXED,TP,1.0,0.0,566392950.1300973,2.0346433427576978
0.07066964721892416,1717293600,1717293660,1717297080,-1,ALIGNED_WITH,STOP,1.0,0.18439847880526683,2.1619718192616975,4.0745095022958395
0.7570228397308261,1717321500,1717321560,1717321860,1,ALIGNED_COUNTER,TP,1.0,0.0,780607604.1477478,-4.281940928192881
0.766658124999939,1717373100,1717373220,1717373760,1,ALIGNED_COUNTER,TP,2.0,0.0,626264044.9437852,-1.801507258348344
-1.0292396165937605,1717374600,1717374780,1717375020,1,ALIGNED_COUNTER,STOP,3.0,0.15447204586076302,2.815642439873628,-2.02063410433825
0.7726722573233205,1717376700,1717376760,1717377060,1,ALIGNED_COUNTER,TP,1.0,0.0,305571510.62607694,-1.9134424297359647
0.7781027116642262,1717459500,1717459860,1717460340,-1,ALIGNED_COUNTER,TP,6.0,0.1729651162791399,2.0882352820431667,2.423432883537355
-1.0209659928862416,1717463400,1717463880,1717464780,-1,ALIGNED_COUNTER,STOP,8.0,0.2556606228854323,1.425178141693719,2.1255420503885425
0.09259446004369552,1717466400,1717466640,1717468440,-1,ALIGNED_COUNTER,TIME,4.0,0.0,344431073.67293096,1.7739739634298306
0.24821796068802185,1717548000,1717548060,1717548360,-1,ALIGNED_COUNTER,STOP,1.0,0.0,414840294.8403119,1.0019928401633043
-1.0121792240453364,1717551300,1717551420,1717551960,1,ALIGNED_WITH,STOP,2.0,0.0,1327497802.5197432,-1.5770716346481573
0.08987670854169238,1717554000,1717554660,1717562880,1,ALIGNED_WITH,STOP,11.0,0.38888888888891304,1.4335894584429678,-1.6042466967591413
0.1220334472328515,1717676700,1717677060,1717677180,-1,ALIGNED_COUNTER,STOP,6.0,0.6265964597803722,2.4230287821157592,0.9889285557100852
-1.0239767632454464,1717679400,1717680180,1717680360,-1,ALIGNED_COUNTER,STOP,13.0,0.25849684230826964,1.9582245355053618,0.9630008603425433
-1.0120879514430405,1717681800,1717681920,1717682400,1,ALIGNED_WITH,STOP,2.0,0.2640647103630909,1.890384608225878,-2.494653286121187
0.07593272140067299,1717728000,1717728420,1717729800,1,ALIGNED_WITH,STOP,7.0,0.271290158082668,2.6052631482904935,-2.4902330966818154
0.07662121212116596,1717730400,1717730460,1717731120,1,ALIGNED_WITH,STOP,1.0,0.02667984189720439,34.444443153452816,-2.878593067388641
0.07847014770662526,1717733100,1717733220,1717733820,1,ALIGNED_WITH,STOP,2.0,0.0018139414357106573,301.499833769841,-1.5105943077881985
-0.16934758029968766,1717806600,1717806840,1717808640,-1,MIXED,TIME,4.0,0.1944325481798483,2.8017621001274757,1.2315011393320738
0.7527613823900425,1717818000,1717818360,1717819020,-1,MIXED,TP,6.0,0.0638772934666138,6.446808409718025,1.3622443205404846
0.09160534296028341,1717823700,1717823880,1717824360,1,MIXED,STOP,3.0,0.14993983152818374,2.269662906212314,-1.2684194620053928
-1.0464964200019433,1717900500,1717900620,1717901160,-1,ALIGNED_WITH,STOP,2.0,0.0,604664555.1396816,1.9077629831150607
0.055810330051053694,1717901400,1717901520,1717901820,-1,ALIGNED_WITH,STOP,2.0,0.0,524617067.8336096,1.6321018901451931
-1.036806473891931,1717905000,1717905720,1717911840,-1,ALIGNED_WITH,STOP,12.0,0.12112932604745441,3.4210526033333517,2.3139682215265567
-1.0424677250523633,1717979400,1717979700,1717980540,1,MIXED,STOP,5.0,0.17219120725739598,2.191489348977035,-1.8215296008506796
0.10617000988578536,1717983900,1717984020,1717985100,-1,MIXED,STOP,2.0,0.15224229352034166,2.272727257797823,2.2578973830820126
0.10132349120703238,1717999500,1718000040,1718000820,1,ALIGNED_COUNTER,STOP,9.0,0.6001199040766728,0.9277389261931991,-1.0571105551369004
0.58585781106478,1718065800,1718066340,1718068140,-1,MIXED,TIME,9.0,0.5608704868225691,1.0811287458679306,1.7036771908896824
0.7679562445879918,1718070900,1718070960,1718071020,-1,MIXED,TP,1.0,0.0,2797575434.623402,2.0682912268085234
0.7824744938235825,1718072100,1718072220,1718072280,-1,MIXED,TP,2.0,0.0,529566552.1526293,3.724337316855024
0.23509864371727932,1718150400,1718150580,1718151420,1,ALIGNED_COUNTER,STOP,3.0,0.005960345456732262,53.71427670257717,-1.809757133715451
-1.0267686143003047,1718152200,1718152980,1718154180,1,ALIGNED_COUNTER,STOP,13.0,0.3015800841195384,1.1108179382695043,-2.0035794687607553
-1.0237663056131712,1718155800,1718155980,1718156520,1,ALIGNED_COUNTER,STOP,3.0,0.4166624487523653,1.8503401316135182,-1.9131912839479421
0.1297211259730686,1718240100,1718240220,1718241240,-1,MIXED,STOP,2.0,0.0,382951270.91302544,1.0375774247157499
0.18542112771737257,1718241600,1718241780,1718242680,-1,MIXED,STOP,3.0,0.0020380434782806527,185.99990873425006,1.333482098446599
0.08858807316279255,1718246700,1718246940,1718247900,-1,ALIGNED_WITH,STOP,4.0,0.22273530791157067,2.9773242496707955,1.4761988571924927
-1.0133089034169183,1718330400,1718330760,1718333760,-1,ALIGNED_WITH,STOP,6.0,0.19441951886510253,2.076923066240389,1.5087619681040298
0.0867244480367586,1718334000,1718334180,1718343000,-1,ALIGNED_WITH,STOP,3.0,0.15782532862551696,3.2943396017682933,3.305783954788386
-1.019055716723555,1718343600,1718343660,1718343900,-1,ALIGNED_WITH,STOP,1.0,0.0,635665529.0102321,2.0739755535286455
0.3228867550564249,1718415900,1718416200,1718418000,1,ALIGNED_COUNTER,TIME,5.0,0.0,313468172.9012191,-1.0078087559882516
-0.3066114680212014,1718419200,1718420520,1718422320,1,ALIGNED_COUNTER,TIME,22.0,0.5288310201745825,0.5965909079627448,-2.5753734178472802
-1.0310284106891017,1718435400,1718435880,1718437260,1,ALIGNED_COUNTER,STOP,8.0,0.14345991561183968,3.202614356760252,-3.323310905694434
0.06341742728781796,1718520900,1718521020,1718525880,-1,ALIGNED_WITH,STOP,2.0,0.04634665405538104,19.928570998562332,1.0707923064208167
-1.041257833569985,1718532000,1718532060,1718532420,1,MIXED,STOP,1.0,0.0,567601135.5570906,-1.400777446369015
-1.0367056913132358,1718534700,1718534760,1718534880,-1,MIXED,STOP,1.0,0.0,798991013.7158394,2.037830430316116
-1.029630842071796,1718582400,1718582640,1718584080,-1,MIXED,STOP,4.0,0.11032729583725358,4.2903225417608875,1.4963252229573543
0.2316395116918821,1718588700,1718588820,1718589660,1,MIXED,STOP,2.0,0.0,532324621.7331045,-1.0838833148170308
0.5118096198760076,1718597100,1718597400,1718599200,1,ALIGNED_COUNTER,TIME,5.0,0.19843762583553096,1.874999990551342,-1.3719060294308731
0.7827245154019447,1718671800,1718672160,1718672400,1,MIXED,TP,6.0,0.5464312546957252,1.146294511857843,-1.5652627936601733
-1.0144996360759355,1718673900,1718673960,1718674080,1,MIXED,STOP,1.0,0.06468354430379102,4.7260273241969175,-2.3324606820046223
0.7894059279493838,1718675100,1718675160,1718675640,1,MIXED,TP,1.0,0.017977633022810555,52.745451611505665,-1.6031312915926608
0.781267478139499,1718758500,1718758860,1718759040,1,ALIGNED_COUNTER,TP,6.0,0.1316145983004315,3.628820933126827,-1.630464551178448
-0.2466775170055793,1718776200,1718776500,1718778300,1,ALIGNED_COUNTER,TIME,5.0,0.06581430962643361,6.015151423753837,-1.0858200433080374
0.21419089618816456,1718789700,1718790660,1718791740,1,ALIGNED_COUNTER,STOP,16.0,0.273215733982157,2.7584415483452793,-1.7405153315725852
0.08207645317863278,1718841600,1718841660,1718842380,-1,ALIGNED_WITH,STOP,1.0,0.0,415176985.91214395,1.8791912772515218
-1.0171913961437664,1718845200,1718845500,1718846700,-1,ALIGNED_WITH,STOP,5.0,0.38150812985098714,1.0457380429970742,2.0859341137610046
0.08428877637132205,1718847300,1718847360,1718850120,-1,ALIGNED_WITH,STOP,1.0,0.0,666184448.4629189,3.2681966217249854
-1.0392091858758525,1718928000,1718928120,1718928600,1,ALIGNED_COUNTER,STOP,2.0,0.01208667875334539,33.29999724490385,-2.6603416171064267
0.7656578332448156,1718929200,1718929320,1718929380,1,ALIGNED_COUNTER,TP,2.0,0.32607541157723796,1.3485341978189211,-2.7573784301005237
0.765570366436531,1718929500,1718929620,1718930220,1,ALIGNED_COUNTER,TP,2.0,0.37705788635156495,2.4788732328623686,-1.6035538865495713
-1.0303026216215971,1719016200,1719016380,1719016680,1,ALIGNED_COUNTER,STOP,3.0,0.0,438918918.918866,-1.0812356593023615
0.769727412162156,1719016800,1719017160,1719018360,1,ALIGNED_COUNTER,TP,6.0,0.42662162162160994,0.9778270487057579,-1.3053177391228798
0.7653402252738841,1719020700,1719020940,1719022080,1,ALIGNED_COUNTER,TP,4.0,0.08424625829350485,6.487179410174298,-3.486439295571825
0.7274567454575377,1719104100,1719104160,1719104460,1,ALIGNED_COUNTER,TP,1.0,0.0,310660877.9545634,-2.6771148433950214
0.7539554602103897,1719109800,1719110040,1719111420,1,MIXED,TP,4.0,0.008581060373868235,45.49999469774082,-2.6986332262646244
0.7114307737744341,1719140700,1719140760,1719140940,1,ALIGNED_COUNTER,TP,1.0,0.0,893089190.7856252,-1.7478766105891699
0.08851290461129445,1719187500,1719187800,1719189300,-1,ALIGNED_WITH,STOP,5.0,0.5105618679473747,1.6488222665778278,2.5231751666346103
0.08850873130351526,1719189600,1719190140,1719192300,-1,ALIGNED_WITH,STOP,9.0,0.40824919106465224,0.983957216841187,2.6164182553768476
0.09076785429016616,1719197700,1719197760,1719202500,-1,ALIGNED_WITH,STOP,1.0,0.0,915941480.6406907,1.1991133791792197
0.08943279294120786,1719276900,1719276960,1719277980,-1,ALIGNED_WITH,STOP,1.0,0.0,824516080.7218665,3.1913470785195077
-1.010628060116404,1719285000,1719285060,1719286620,-1,ALIGNED_WITH,STOP,1.0,0.022413343758159298,20.44185955306138,3.117945106317057
-0.195361527079011,1719294600,1719294900,1719296700,1,ALIGNED_COUNTER,TIME,5.0,0.12885469073692826,2.836012839726322,-2.7920388771033573
-1.0242920830994109,1719361500,1719361680,1719362460,1,MIXED,STOP,3.0,0.0,448848961.2577071,-1.0000184792744418
0.12647342082336877,1719362700,1719362760,1719363840,1,MIXED,STOP,1.0,0.0,538989326.9439961,-2.233691930081955
0.1276947200658057,1719364500,1719364680,1719364920,1,MIXED,STOP,3.0,0.20081229756825827,3.301075252378369,-2.27738705492313
-1.0168864670753555,1719446700,1719446880,1719448500,-1,ALIGNED_WITH,STOP,3.0,0.1458246532944488,4.24571425659925,1.1160144584891347
0.08317084713677174,1719448800,1719448860,1719449520,-1,ALIGNED_WITH,STOP,1.0,0.0,718054898.2489135,1.5529597930227026
0.0856101877578673,1719452100,1719453180,1719454380,-1,ALIGNED_WITH,STOP,18.0,0.39818135892899303,1.5239786817856102,2.5717012485475275
0.7785491097042097,1719539400,1719539700,1719539880,1,MIXED,TP,5.0,0.5837372638242839,0.905100828817288,-1.1972560141662196
-0.1928904627367137,1719542100,1719542280,1719544080,1,MIXED,TIME,3.0,0.0,436698228.46673113,-2.2691028609812793
0.13536173535201007,1719549000,1719549420,1719551100,1,MIXED,STOP,7.0,0.0237626451218684,18.17999923493398,-0.8187440663684159
-1.0226881978949716,1719620700,1719620760,1719621360,-1,ALIGNED_WITH,STOP,1.0,0.0,433082224.71548444,1.716307438853823
0.08346747338412157,1719623700,1719623820,1719627660,-1,ALIGNED_WITH,STOP,2.0,0.0,427599045.9014518,1.3525425897169978
-0.5643204316546867,1719630600,1719632520,1719634320,1,ALIGNED_COUNTER,TIME,32.0,0.34172661870503596,1.1663157860607065,-1.2759270528960982
0.7613158195161757,1719705900,1719706860,1719707820,1,ALIGNED_COUNTER,TP,16.0,0.6431095406360029,0.6291913205207207,-2.264114887277672
-1.0360610993657868,1719714300,1719714720,1719715380,1,ALIGNED_COUNTER,STOP,7.0,0.41082452431294303,0.9884726200720657,-1.314782797258302
0.1146063336381337,1719716100,1719716280,1719717180,1,ALIGNED_COUNTER,STOP,3.0,0.034909816307870954,11.466666338201765,-1.3064314668555086
1.355294349817167,1719792300,1719794400,1719796020,1,ALIGNED_WITH,STOP,35.0,0.7033901097090924,0.6222950810825144,-1.569686079218403
0.09208111995157979,1719796800,1719797760,1719799080,1,ALIGNED_WITH,STOP,16.0,0.22240615154589707,2.1798319229719287,-1.841521602255857
0.09109821030430111,1719808800,1719810300,1719814500,1,ALIGNED_WITH,STOP,25.0,0.15396203675806,2.3698629983061146,-1.2613445794974278
0.0836040898424513,1719879300,1719879600,1719880560,1,ALIGNED_WITH,STOP,5.0,0.6062129846910235,0.5135483862496699,-1.4082925009928684
0.12667468726575343,1719886500,1719886560,1719888300,-1,ALIGNED_COUNTER,STOP,1.0,0.0,468092465.55600077,2.2756011738467565
0.12445048571758341,1719893100,1719894240,1719895800,-1,ALIGNED_COUNTER,STOP,19.0,0.5440037007054229,0.5654761894367438,2.2215851113973075
0.07941179789932645,1719968400,1719968580,1719969240,-1,ALIGNED_WITH,STOP,3.0,0.23998861938970004,2.1161825637963902,1.1393496065885078
1.398162720756164,1719974700,1719976200,1719976620,-1,ALIGNED_WITH,STOP,25.0,0.5897835967709295,0.9734299500403121,1.634179407614813
1.4255294091459945,1719980100,1719981780,1720002060,-1,ALIGNED_WITH,STOP,28.0,0.06994286844902903,4.940593988769231,2.1001207678729745
-1.0226446525355593,1720056300,1720056360,1720056600,1,ALIGNED_COUNTER,STOP,1.0,0.0,582988999.1950476,-1.0769243782314428
0.12938770290209842,1720056900,1720056960,1720057080,1,ALIGNED_COUNTER,STOP,1.0,0.33536645351694755,2.1457905480165667,-1.452196051057602
0.7830684019620111,1720074600,1720074720,1720074900,1,ALIGNED_COUNTER,TP,2.0,0.26602365937099876,1.652928410272583,-1.5521895369146157
0.14101828106747952,1720137900,1720137960,1720139100,1,ALIGNED_COUNTER,STOP,1.0,0.0,1084374157.606265,-1.3806789221649831
-0.2648776399517625,1720149000,1720149180,1720150980,1,ALIGNED_COUNTER,TIME,3.0,0.6179248098757125,0.789559100696825,-2.7663745737663117
0.23183818106484397,1720153200,1720153260,1720153980,1,ALIGNED_COUNTER,STOP,1.0,0.0,897368966.2316109,-2.758139359673388
-1.0161416183791754,1720224600,1720224780,1720225860,1,ALIGNED_COUNTER,STOP,3.0,0.21194809434423528,1.4501347640476896,-1.6702178695375454
0.5212130290819362,1720230900,1720231560,1720233360,1,ALIGNED_COUNTER,TIME,11.0,0.3826570455752356,0.8868571405394969,-4.073568201706399
0.7835184486373348,1720240800,1720241220,1720242420,1,ALIGNED_COUNTER,TP,7.0,0.10566037735849057,2.855555528529843,-1.850750165972485
-1.0154838031914895,1720310700,1720310760,1720311120,1,MIXED,STOP,1.0,0.0,636170212.7659497,-1.9210984584789794
-1.0157980136054452,1720312800,1720313160,1720314300,1,MIXED,STOP,6.0,0.15510204081632697,2.07719296906361,-2.533062266730188
0.7830794222018155,1720315500,1720315680,1720317060,1,MIXED,TP,3.0,0.13326096939837992,2.614035068103826,-2.359075371804451
-1.0093418522412292,1720397100,1720398060,1720399080,1,ALIGNED_COUNTER,STOP,16.0,0.6429322374079965,0.8397502588395762,-1.6815011353989966
-1.0048233946845821,1720401600,1720401660,1720403820,-1,ALIGNED_WITH,STOP,1.0,0.0,535602124.13635564,1.445023579671053
-1.0044159862241397,1720404000,1720404900,1720405920,-1,ALIGNED_WITH,STOP,15.0,0.5442388431037162,0.7955555540937791,2.6054255794238417
0.7878405672539875,1720483200,1720483860,1720484640,-1,MIXED,TP,11.0,0.2612806188224987,1.5855263097213221,0.8206056152296656
-1.0087559070438659,1720494300,1720494600,1720495620,1,MIXED,STOP,5.0,0.07345546762275364,5.966666585438497,-2.3996718314830363
0.7916924528301875,1720495800,1720496640,1720498140,1,MIXED,TP,14.0,0.02740638927069434,12.01063785962838,-1.8757102333669937
0.7854343641493043,1720573500,1720573620,1720574940,1,MIXED,TP,2.0,0.32863136574075036,1.8998459110139863,-1.4960822555623938
-1.0133140975097015,1720575000,1720575060,1720575720,1,MIXED,STOP,1.0,0.0,1015572639.4638118,-1.07617013813996
0.7877605829474214,1720577700,1720578960,1720580700,1,MIXED,TP,21.0,0.2635672992523868,1.6189710549508596,-1.363610792139083
-1.0169686241398297,1720657200,1720658100,1720659480,-1,MIXED,STOP,15.0,0.691518554481362,0.6666666657026048,1.3568425812881346
-1.0110940682284646,1720659600,1720659720,1720661880,-1,ALIGNED_WITH,STOP,2.0,0.0,486468619.59260637,1.4305581122609903
0.0905138214788742,1720662600,1720662660,1720662960,-1,ALIGNED_WITH,STOP,1.0,0.0,471245504.38210875,2.3195539601619313
1.7867336885216158,1720744200,1720745460,1720746960,-1,ALIGNED_WITH,STOP,21.0,0.4485520640788751,0.9830316720165786,2.5079236528982136
-1.0075456199384152,1720748400,1720748700,1720750620,-1,ALIGNED_WITH,STOP,5.0,0.03632941713242258,13.340658973447955,2.515491095691515
0.0926793217489882,1720751100,1720751160,1720765200,-1,ALIGNED_WITH,STOP,1.0,0.0,308885599.95614773,2.530965015626392
0.776526396056823,1720828800,1720829040,1720830720,-1,MIXED,TP,4.0,0.0,333661930.9944793,1.5369707613322916
0.1256867252931617,1720853700,1720854600,1720855800,1,MIXED,STOP,15.0,0.13567839195977474,3.327160469305443,-2.017686402998494
0.774411375961641,1720861200,1720861560,1720862520,1,MIXED,TP,6.0,0.42022953714212863,0.9558823506665384,-4.019032360534172
0.09304837334004253,1720915200,1720915320,1720917000,1,ALIGNED_WITH,STOP,2.0,0.0,320573080.30664366,-2.7006150460647445
-1.0061136279926315,1720918200,1720918680,1720924080,1,ALIGNED_WITH,STOP,8.0,0.39410681399632275,1.0155763214105757,-2.005845752002683
0.09333043387567636,1720924200,1720924620,1720926960,1,ALIGNED_WITH,STOP,7.0,0.0,329209588.9092057,-1.6979356897151094
-1.0088307681108084,1721001600,1721002200,1721003460,-1,ALIGNED_COUNTER,STOP,10.0,0.24459743339087706,1.4999999938674746,1.2088163481841865
0.7898741243309156,1721006400,1721006640,1721007060,-1,ALIGNED_COUNTER,TP,4.0,0.0,490374683.06884557,1.4971606340080132
-1.010650681388651,1721007300,1721007900,1721009220,-1,ALIGNED_COUNTER,STOP,10.0,0.20854471302099323,2.0951585876161527,1.3746278804564678
-0.16468656091785536,1721089500,1721090160,1721091960,-1,ALIGNED_COUNTER,TIME,11.0,0.18577494692144425,1.7369230675734906,0.811725530431258
0.09090674505960787,1721109300,1721109540,1721112060,1,ALIGNED_WITH,STOP,4.0,0.4325698187163229,0.8929633279653832,-1.0772792242903912
0.7899108987226298,1721113800,1721114040,1721114520,-1,ALIGNED_COUNTER,TP,4.0,0.0,439735401.45984614,1.1694895488201982
0.0919976542267023,1721174400,1721174700,1721175060,1,ALIGNED_WITH,STOP,5.0,0.4597961494903645,0.8492381697649115,-1.2415044992436517
0.7164513097366251,1721179200,1721179260,1721181060,-1,ALIGNED_COUNTER,TIME,1.0,0.0,590299130.0202425,2.0588215865261397
0.0930252163370385,1721182800,1721183160,1721194260,1,ALIGNED_WITH,STOP,6.0,0.0,596408274.6078478,-3.1256840987385974
-1.0149115949249272,1721260800,1721261040,1721261580,1,MIXED,STOP,4.0,0.0,392453832.8683451,-1.02433549003438
0.7858411102680684,1721261700,1721261760,1721262600,1,MIXED,TP,1.0,0.0,741337885.6853775,-1.9911789930711878
0.7837190503514415,1721268300,1721268360,1721268600,-1,ALIGNED_COUNTER,TP,1.0,0.0,443838760.57954854,3.699333603465631
0.12798534639813874,1721347200,1721347320,1721347800,-1,MIXED,STOP,2.0,0.27022502338862514,2.4209183583882576,1.236117697966067
-1.0201004022417033,1721351100,1721351460,1721351820,1,MIXED,STOP,6.0,0.35496700714091123,1.2406417077348624,-1.7861598061931696
0.7803182237191769,1721352000,1721352060,1721352360,1,MIXED,TP,1.0,0.0,1022513738.6988297,-1.7414428833793179
-1.01346355121332,1721433600,1721433660,1721435220,1,ALIGNED_WITH,STOP,1.0,0.0,699031644.4751954,-1.6046711217493832
0.08820162366125585,1721435700,1721435760,1721436240,1,ALIGNED_WITH,STOP,1.0,0.07363646758396276,5.543478185586699,-1.2241856099676651
0.13280858301087942,1721445000,1721445180,1721446800,-1,ALIGNED_COUNTER,STOP,3.0,0.0,344131195.8724725,1.2263142857234268
0.08802018154466085,1721520300,1721520780,1721521500,1,ALIGNED_WITH,STOP,8.0,0.055687294423590536,6.009615276701577,-1.285896579436347
0.08018335446780342,1721538300,1721538720,1721539500,1,ALIGNED_WITH,STOP,7.0,0.5512300278974634,1.3333333309147348,-2.573466340514436
-1.019589497946529,1721542800,1721542980,1721543820,1,ALIGNED_WITH,STOP,3.0,0.4549911993965036,1.4235976757881739,-2.3604508373619346
0.09100816929784245,1721606400,1721606820,1721609700,1,ALIGNED_WITH,STOP,7.0,0.14629049111807696,2.9729729526505793,-1.4311801285806496
0.08931228944886273,1721611200,1721611260,1721611440,1,ALIGNED_WITH,STOP,1.0,0.0,880541705.9695939,-1.7444779081378265
-0.33734867334582475,1721631000,1721632260,1721634060,-1,ALIGNED_COUNTER,TIME,21.0,0.5918749311901186,0.8029513875322858,2.4868218140113014
-1.0117529291875083,1721706300,1721706420,1721708880,1,ALIGNED_WITH,STOP,2.0,0.0,419655506.67359847,-2.444001661813903
-1.0119275920708537,1721709600,1721710200,1721710980,1,ALIGNED_WITH,STOP,10.0,0.611360694433852,0.6120313852239547,-1.3643184620130384
0.7832185277088253,1721711700,1721711940,1721712120,-1,MIXED,TP,4.0,0.27288092926240015,2.485239843291189,1.727917758189282
0.7827177836016713,1721779800,1721780700,1721781300,-1,MIXED,TP,15.0,0.5105204043429857,0.7474332634228157,2.143708102916611
0.13295156929022134,1721786400,1721786520,1721788200,-1,MIXED,STOP,2.0,0.043160123314653596,9.566264838590998,1.0161481790787796
-1.0169192950862116,1721790000,1721790480,1721791080,-1,MIXED,STOP,8.0,0.42397736043217865,1.116504851735604,2.8994769370076128
-0.6963358110764574,1721865900,1721866260,1721868060,-1,MIXED,TIME,6.0,0.0337588131995024,13.23913004260774,2.0461434929915843
0.1392543318159017,1721870100,1721870460,1721871360,-1,MIXED,STOP,6.0,0.6112925137640793,0.9492358063074512,1.7604904899904228
0.13965660255375342,1721875500,1721877540,1721879220,-1,MIXED,STOP,34.0,0.4212057540003311,1.4105909406264963,1.7961313209482241
0.7856914193468002,1721952000,1721952300,1721952840,1,MIXED,TP,5.0,0.3685583012542048,0.8926886768231083,-1.5278186313526725
-1.0139190561959721,1721953200,1721953260,1721953560,1,MIXED,STOP,1.0,0.0,669488472.6224927,-1.3455052440672177
0.7858637575275599,1721953800,1721954340,1721954760,1,MIXED,TP,9.0,0.3808883318558393,1.325842693148291,-1.506943958387026
-1.0116537961805319,1722038700,1722039300,1722045480,1,ALIGNED_WITH,STOP,10.0,0.043759652864602816,8.70588215399348,-1.6927124517276848
2.0232160141948334,1722045600,1722045780,1722048900,1,ALIGNED_WITH,STOP,3.0,0.041506637019014136,8.4999997952234,-1.9964906489313716
0.08254506581363466,1722050400,1722051120,1722051600,1,ALIGNED_WITH,STOP,12.0,0.2316346790205166,1.4999999935242858,-1.2988251966809794
-0.1669171750411225,1722129900,1722132300,1722134100,-1,ALIGNED_COUNTER,TIME,40.0,0.5230730287305573,0.6131436302640951,0.9125714714309975
-1.0203917833759948,1722143700,1722143820,1722144420,-1,MIXED,STOP,2.0,0.02610241512372016,18.069766749647922,1.3041592269289137
-0.7811376190272903,1722144900,1722144960,1722146760,-1,MIXED,TIME,1.0,0.0,542807122.4219737,2.9819865679248405
0.08932201391657243,1722212100,1722212160,1722212880,1,ALIGNED_WITH,STOP,1.0,0.0,1411913309.4003282,-2.2135682678519673
0.09071817821013638,1722216000,1722216060,1722218340,1,ALIGNED_WITH,STOP,1.0,0.0,315492957.74644333,-2.6206948625383952
1.5584514545226795,1722219300,1722219360,1722220500,1,ALIGNED_WITH,STOP,1.0,0.0,447942927.64040965,-1.712230466551365
0.13590063465199573,1722297600,1722297900,1722298680,-1,MIXED,STOP,5.0,0.24539877300613325,1.9655172333698276,1.7491837958730174
-1.0112526879895032,1722299700,1722299760,1722300780,-1,MIXED,STOP,1.0,0.020029583646528296,18.101694011524696,2.0644891196710504
0.1609655153190198,1722301500,1722303300,1722303720,-1,MIXED,STOP,30.0,0.7038006592980677,0.9850530362087692,2.3092166346641285
0.7790523373384693,1722384900,1722385140,1722385920,1,ALIGNED_COUNTER,TP,4.0,0.06792110632507788,8.962616690476878,-2.521742073180816
0.08655914399143028,1722387600,1722388980,1722390600,-1,ALIGNED_WITH,STOP,23.0,0.3620794575328189,1.057142854223116,2.23463204908588
1.3419630255255475,1722393600,1722396180,1722400860,-1,ALIGNED_WITH,STOP,43.0,0.6306306306306358,0.7142857131530612,1.73832076604353
0.09201212313831109,1722472500,1722473040,1722473460,-1,ALIGNED_WITH,STOP,9.0,0.40193871335117237,0.9317343150250603,1.1895526591936068
0.09156664128809905,1722477300,1722477720,1722478080,-1,ALIGNED_WITH,STOP,7.0,0.07540253221667088,5.989528716377999,1.067054868507054
0.09229633678757013,1722486600,1722487380,1722488820,-1,ALIGNED_WITH,STOP,13.0,0.36196891191711034,1.1202404778669945,1.870166775667515
-1.0086486671701045,1722556800,1722557760,1722559500,1,MIXED,STOP,16.0,0.0,320067962.9979204,-1.738168310246049
-0.7410110988668952,1722561300,1722563100,1722564900,1,MIXED,TIME,30.0,0.6898881249550769,0.5877491483945423,-1.3214698468867627
-1.0113864934474568,1722575700,1722576240,1722577440,1,ALIGNED_COUNTER,STOP,9.0,0.2792717723404785,1.4784810073642065,-1.241134481272389
0.09535436540781672,1722643200,1722645480,1722650040,-1,ALIGNED_WITH,STOP,38.0,0.4914552801986516,0.7896440113382066,2.0890771216750093
0.0943296569640405,1722657300,1722658740,1722661620,-1,ALIGNED_WITH,STOP,24.0,0.24742673830468584,1.4576837357568189,1.1938712305514818
0.08551390346712345,1722688800,1722688860,1722693960,-1,ALIGNED_WITH,STOP,1.0,0.0,333083420.80270934,1.1751555923594172
0.09288556117443332,1722729600,1722730860,1722734040,-1,ALIGNED_WITH,STOP,21.0,0.29164465242660814,1.2028985466000428,2.205413046349693
0.0904536811672224,1722737400,1722737460,1722741420,-1,ALIGNED_WITH,STOP,1.0,0.0,338398440.1264089,1.7993896287778282
0.7828974681502971,1722747600,1722747900,1722749700,1,ALIGNED_COUNTER,TP,5.0,0.11852926947266598,2.9095237849768596,-1.5059233686005769
-1.0075518356012165,1722816000,1722816240,1722816540,1,ALIGNED_COUNTER,STOP,4.0,0.13555493844303226,2.5468451054944983,-1.3683830030730766
0.14301651761144013,1722816900,1722816960,1722817080,1,ALIGNED_COUNTER,STOP,1.0,0.0,1440836543.7534392,-2.1923877404629253
-1.006238575778864,1722818400,1722818700,1722819060,1,ALIGNED_COUNTER,STOP,5.0,0.23743265401734645,3.059852657462459,-1.50883498654648
0.7946527467877782,1722902400,1722902520,1722902940,1,ALIGNED_COUNTER,TP,2.0,0.011847505676929793,32.63333057888647,-1.5519802597162964
0.0965058550942465,1722906000,1722907440,1722909000,-1,ALIGNED_WITH,STOP,24.0,0.45970317490137935,0.9554556579133731,1.184640297524991
0.7925541297563417,1722934200,1722934260,1722934560,1,ALIGNED_COUNTER,TP,1.0,0.0,596755122.2159817,-3.2433190005749144
0.14311381333896153,1722991200,1722991440,1722993180,-1,MIXED,STOP,4.0,0.0,571403471.782985,1.7485525611210042
0.14316572192330262,1722996300,1722997440,1722997800,1,MIXED,STOP,19.0,0.5640015079337842,0.775840066680558,-3.1854475072727526
-1.0115260224538956,1723021500,1723021560,1723021800,1,MIXED,STOP,1.0,0.03207698476343225,12.062499623951576,-1.1884037099353564
0.0949216691745157,1723075200,1723076460,1723077300,-1,ALIGNED_WITH,STOP,21.0,0.6560940841054798,0.6248415706572805,1.1870056122754251
-1.0052217889447297,1723079700,1723079820,1723081440,-1,ALIGNED_WITH,STOP,2.0,0.0,541708542.7135679,1.3682626881998348
-1.0039447847089673,1723081500,1723081560,1723083660,-1,ALIGNED_WITH,STOP,1.0,0.0,1614324904.5801563,3.470420731007915
0.0155253467330786,1723167600,1723168140,1723169940,-1,ALIGNED_COUNTER,TIME,9.0,0.0,426158560.494936,1.4171816825506056
-1.0119364599730072,1723190100,1723190760,1723192020,-1,ALIGNED_COUNTER,STOP,11.0,0.4017877220598092,1.4877570971786804,1.5236417119159928
0.7868787201968777,1723193400,1723195200,1723196280,-1,ALIGNED_COUNTER,TP,30.0,0.7321950469158591,0.5376470580892432,1.4406357740783824
-0.935539616630111,1723250400,1723250580,1723252380,-1,ALIGNED_COUNTER,TIME,3.0,0.0,491138270.8311562,2.083860308043958
0.08544210938964114,1723282500,1723282620,1723283460,1,ALIGNED_WITH,STOP,2.0,0.0,629237613.1308596,-2.041538287727792
-1.01291220612501,1723284000,1723284480,1723285440,1,ALIGNED_WITH,STOP,8.0,0.42535991643581444,1.1838564994588954,-1.91046132651802
0.08227182865190213,1723335000,1723335060,1723335360,1,ALIGNED_WITH,STOP,1.0,0.0,437608749.68931264,-1.002625891212181
0.08526820046185864,1723336200,1723336380,1723336680,1,ALIGNED_WITH,STOP,3.0,0.26129666011786806,1.3268698010162558,-1.7890358851285515
-1.0208491311370949,1723352100,1723352400,1723354020,-1,ALIGNED_COUNTER,STOP,5.0,0.013706006167702815,28.34999793156245,2.281068457649859
0.09425368036185254,1723421700,1723422180,1723423560,-1,ALIGNED_WITH,STOP,8.0,0.5845934439294419,0.8126569549132624,1.3761184830440807
0.08985910091400062,1723444800,1723444920,1723445640,-1,ALIGNED_WITH,STOP,2.0,0.0,461704905.80116403,1.6625247665136285
0.09239031003445163,1723448400,1723448580,1723449060,-1,ALIGNED_WITH,STOP,3.0,0.6176241804644806,0.7411838778931904,2.580237441460634
-1.0062945383408026,1723507500,1723507980,1723509060,-1,ALIGNED_WITH,STOP,8.0,0.5761015445508548,0.7097844100448634,2.0907837962097977
0.09338305149154436,1723510500,1723511040,1723511400,-1,ALIGNED_WITH,STOP,9.0,0.33184495534867003,0.9539078127566468,1.4969775099186353
-0.43657747764645044,1723542000,1723542060,1723543860,1,ALIGNED_COUNTER,TIME,1.0,0.0,428499968.7363277,-1.0558669618217438
-0.8082315106125488,1723593600,1723593720,1723595520,-1,ALIGNED_COUNTER,TIME,2.0,0.0,365372665.7291547,1.2768768158899673
0.13671468332239037,1723596600,1723597740,1723598520,-1,ALIGNED_COUNTER,STOP,19.0,0.5662941047556281,0.5812693488187588,1.7148640229472127
-1.010981945031159,1723607100,1723607160,1723607520,1,ALIGNED_WITH,STOP,1.0,0.0,1072084181.4201787,-1.4361337482178522
1.9371506084397678,1723680900,1723680960,1723687140,-1,ALIGNED_WITH,STOP,1.0,0.0,439162053.6198676,1.8449673540586247
-1.0087518790533787,1723687500,1723687560,1723699440,-1,ALIGNED_WITH,STOP,1.0,0.0,606107460.378822,2.266812873130961
1.4881169813176036,1723699500,1723699800,1723702980,-1,ALIGNED_WITH,STOP,5.0,0.0,439823008.8495575,1.4324469264177442
-0.1731848537140219,1723785600,1723785660,1723787460,1,ALIGNED_COUNTER,TIME,1.0,0.0,399717624.91177326,-1.4094523506150574
-1.0176484045755443,1723801800,1723802100,1723802820,1,ALIGNED_COUNTER,STOP,5.0,0.21252257676100408,2.940509901177575,-1.7370305115109999
-1.0166850746268539,1723803300,1723803600,1723804080,1,MIXED,STOP,5.0,0.16328195090122344,3.4195803986376463,-1.5931591938103078
-1.0166447573831234,1723856100,1723857780,1723858740,-1,MIXED,STOP,28.0,0.4286633942222943,0.9434953985872897,1.9391325993448219
0.7836922910691073,1723859100,1723859160,1723859760,-1,MIXED,TP,1.0,0.0,346548269.2232154,2.143497071392289
0.18977814792176148,1723863900,1723864380,1723866180,-1,MIXED,TIME,8.0,0.36552567237165806,1.4214046783855192,0.9647990556757879
-1.0293080803099426,1723939200,1723939800,1723940700,-1,ALIGNED_COUNTER,STOP,10.0,0.6262768580486054,0.6503936997489391,2.4249510997888404
0.7722650810523579,1723941600,1723941900,1723943280,-1,ALIGNED_COUNTER,TP,5.0,0.22415625830452898,2.356846462515007,1.1963716760190193
2.428392338479112,1723944900,1723945260,1723949460,1,ALIGNED_WITH,STOP,6.0,0.17409948542026493,1.7783251129379638,-1.4120678002002824
-1.0135616011170463,1724025600,1724025780,1724026440,-1,MIXED,STOP,3.0,0.5515475913427944,1.1814345970140825,3.5959509974379458
0.7876490061830786,1724026500,1724026800,1724026860,-1,MIXED,TP,5.0,0.2550444880108324,2.049668866135916,4.653521101759839
0.08463815463702916,1724061000,1724061120,1724061360,-1,ALIGNED_WITH,STOP,2.0,0.25639281056871327,3.4334365191161615,1.4541191907174584
0.7856800103181328,1724112000,1724113020,1724113440,1,MIXED,TP,17.0,0.3577644024075807,1.1144010736011096,-2.040029694742831
0.7852126077927511,1724113500,1724113560,1724113740,1,MIXED,TP,1.0,0.0,1329485058.6040733,-2.2827415473937753
-1.0119590461408294,1724113800,1724113860,1724114460,1,MIXED,STOP,1.0,0.0,1238605898.1233242,-4.862561845638552
0.134930484693885,1724198400,1724198460,1724199120,1,MIXED,STOP,1.0,0.0,466326530.6122523,-1.829790899217113
0.13433102291573437,1724207100,1724208120,1724208720,1,MIXED,STOP,17.0,0.34509271822705556,1.4770642159032357,-1.4268436423667394
0.21431261291543308,1724213700,1724213940,1724215740,1,ALIGNED_COUNTER,TIME,4.0,0.0,629973530.5239213,-2.262338792101528
-1.0104970097622874,1724288400,1724288940,1724294220,1,ALIGNED_WITH,STOP,9.0,0.5382427890829801,1.190201726895386,-1.2641940593713612
-1.012878074555096,1724295600,1724295660,1724296080,-1,ALIGNED_COUNTER,STOP,1.0,0.0,406101632.615543,2.3624412557080787
-0.02962806716620031,1724302200,1724303100,1724304900,-1,ALIGNED_COUNTER,TIME,15.0,0.4398302789564034,0.7701149407778021,1.5404866645627897
0.08063091899250174,1724390400,1724390460,1724390820,1,ALIGNED_WITH,STOP,1.0,0.012389380530931908,31.23076671010396,-2.1515345379921884
0.08249608906417441,1724391600,1724392140,1724393340,1,ALIGNED_WITH,STOP,9.0,0.07591816613257285,6.5795453678825995,-2.5485526515565304
-1.0153148537134153,1724395800,1724395860,1724397600,1,ALIGNED_WITH,STOP,1.0,0.0,1211552888.2220573,-2.5792545973565373
-1.0059955158626805,1724457600,1724457900,1724463780,1,ALIGNED_WITH,STOP,5.0,0.07457097659143745,5.567669098269899,-1.2943538227187905
0.09231683811493648,1724463900,1724464140,1724471280,1,ALIGNED_WITH,STOP,4.0,0.024243990695259517,15.56716353700767,-2.0863662533909197
0.7729598325099496,1724481900,1724481960,1724482320,-1,ALIGNED_COUNTER,TP,1.0,0.0,374502952.1629244,4.133356461050355
0.08474007865570726,1724557500,1724557680,1724557920,1,ALIGNED_WITH,STOP,3.0,0.0,495530925.99210656,-1.7311997921983784
0.07635961696164012,1724570400,1724570460,1724571420,1,ALIGNED_WITH,STOP,1.0,0.04332989445283768,15.358974004503008,-2.3595411004466422
-0.18809023868424302,1724583900,1724584860,1724586660,-1,ALIGNED_COUNTER,TIME,16.0,0.11325800628466991,4.140495831210887,2.0698605547488533
0.09234718566132137,1724630400,1724630580,1724630940,1,ALIGNED_WITH,STOP,3.0,0.0,389245995.3065998,-1.842607763104896
-1.0064937116475596,1724634300,1724634720,1724655000,1,ALIGNED_WITH,STOP,7.0,0.20393365751996742,2.0119224938602525,-2.051239584604666
0.7769857297687981,1724656500,1724657700,1724658960,-1,MIXED,TP,20.0,0.6986994219653,0.5522233704609654,1.5178083962383528
-1.0153823479966428,1724716800,1724716920,1724717940,-1,MIXED,STOP,2.0,0.09120201737180579,4.010752644195701,1.7394216666375553
0.7845296948604199,1724718000,1724718660,1724719920,-1,MIXED,TP,11.0,0.30366308092528355,1.401944890034663,1.8995261915515247
-0.577565229136823,1724721600,1724722920,1724724720,-1,MIXED,TIME,22.0,0.5026038276266229,0.6953762452165893,1.8278967884001363
-0.09778426362358528,1724803200,1724804460,1724826060,-1,ALIGNED_WITH,TIME,21.0,0.046452493177869376,7.990654033590075,1.223523850459687
0.09262167281673156,1724839200,1724839260,1724839620,-1,ALIGNED_WITH,STOP,1.0,0.0,766051660.5165983,3.309054252637398
0.787118291096099,1724853600,1724853720,1724853900,1,ALIGNED_COUNTER,TP,2.0,0.3044798314641738,1.9814814749735783,-2.8064549690730907
-1.008759381336057,1724891400,1724891460,1724893680,-1,ALIGNED_WITH,STOP,1.0,0.0,463679500.65284455,1.4425145193209892
0.09079817263392242,1724893800,1724893860,1724905920,-1,ALIGNED_WITH,STOP,1.0,0.0,454154870.9408883,2.4184884205677197
0.08304856002279075,1724911500,1724911560,1724912400,-1,ALIGNED_WITH,STOP,1.0,0.0,741659538.0667683,2.709632684341011
0.0901137211436442,1724976000,1724976300,1724977380,-1,ALIGNED_WITH,STOP,5.0,0.0835925488934393,5.209580776000878,1.6004130731256858
-1.0088505405405357,1724981400,1724981580,1724982660,-1,ALIGNED_WITH,STOP,3.0,0.20180180180181395,2.455357130689812,1.5828734656965724
0.08931430341035727,1724982900,1724983200,1724984640,-1,ALIGNED_WITH,STOP,5.0,0.0,443308945.92185616,1.4777259436424612
-1.0427171650284905,1725094800,1725094860,1725095400,1,ALIGNED_COUNTER,STOP,1.0,0.0,479461976.2027689,-2.5060119078771796
0.7615489784494661,1725095700,1725096300,1725096660,1,ALIGNED_COUNTER,TP,10.0,0.6804739248063939,0.7312859874090062,-2.26876836978397
-0.02772129327742548,1725099300,1725099360,1725101160,1,ALIGNED_COUNTER,TIME,1.0,0.0,721627076.5409231,-1.272438859522756
0.07632854845193104,1725151800,1725153000,1725153420,-1,ALIGNED_WITH,STOP,20.0,0.5910735826296714,0.6714285702926536,1.2653118466771984
0.1277417533351352,1725157800,1725157980,1725158220,1,ALIGNED_COUNTER,STOP,3.0,0.30797713041111796,3.25990097951394,-1.4201790511982761
0.08806901121305384,1725160500,1725160800,1725163620,-1,ALIGNED_WITH,STOP,5.0,0.34801223241591106,1.2724077292084521,3.6236783043967233
0.09342739461247809,1725236100,1725237780,1725238440,-1,ALIGNED_WITH,STOP,28.0,0.7351040566107435,0.6223678044879295,2.6452345094678944
0.784518456761715,1725254700,1725255420,1725255600,1,ALIGNED_COUNTER,TP,12.0,0.30374118368601677,1.0547703145484457,-1.5216534628873462
-1.0183682336312105,1725262200,1725262260,1725262680,1,ALIGNED_COUNTER,STOP,1.0,0.0,379171986.1389848,-1.9579125172820395
0.30316994422311405,1725321900,1725323580,1725325380,1,MIXED,TIME,28.0,0.3493864541832799,0.9029374175943772,-0.9879297716405426
0.7801612766766481,1725329100,1725329340,1725329580,1,MIXED,TP,4.0,0.2861352725890022,4.999999982525747,-1.1886984326703862
-0.2288205532092998,1725334200,1725334320,1725336120,1,MIXED,TIME,2.0,0.0,362211315.298864,-1.9056596822305925
0.7829290810490205,1725408000,1725408120,1725408300,1,ALIGNED_COUNTER,TP,2.0,0.0,645341693.8524497,-2.1356222859319125
-1.0080979300632629,1725412200,1725412260,1725412620,-1,ALIGNED_WITH,STOP,1.0,0.2709452952688755,2.2905296865700775,2.6166181114391964
0.09510943838668663,1725420600,1725422160,1725434340,-1,ALIGNED_WITH,STOP,26.0,0.07256974656126769,6.664285622452827,0.9478817509062029
0.6048030678927545,1725498000,1725498420,1725500220,1,MIXED,TIME,7.0,0.2054392486793185,1.746666658164559,-1.1922225517722416
-1.016033285319901,1725505800,1725505860,1725506460,1,MIXED,STOP,1.0,0.6441803705037366,0.5460869556740408,-2.431749584816469
-1.0129271934092285,1725507000,1725507360,1725507900,-1,MIXED,STOP,6.0,0.41639907884919525,2.002181020273593,3.2103548507529442
0.0904950818482122,1725581100,1725582840,1725583320,-1,ALIGNED_WITH,STOP,29.0,0.6402671409386232,0.575396824498143,2.0404140163699904
0.09009617596787257,1725588600,1725588900,1725595560,-1,ALIGNED_WITH,STOP,5.0,0.3081184264700144,1.3248299276731694,1.823387018910861
-0.3493538331888654,1725603000,1725603120,1725604920,1,ALIGNED_COUNTER,TIME,2.0,0.15303862082247827,2.502202626822117,-1.3585914720426568
0.09384787253126461,1725667800,1725668100,1725675480,-1,ALIGNED_WITH,STOP,5.0,0.10959440285728277,3.156249971200628,1.915273320617067
0.08114065682912916,1725685800,1725685860,1725686160,-1,ALIGNED_WITH,STOP,1.0,0.27649426143985484,2.241509425855426,2.31102072015169
-1.0197002432460447,1725698700,1725699660,1725700860,1,ALIGNED_COUNTER,STOP,16.0,0.5187868750646852,0.9511173166024045,-1.9572285304254036
0.08815397593002675,1725753600,1725753900,1725756660,-1,ALIGNED_WITH,STOP,5.0,0.17813042865861398,2.797047954777716,1.2275878843505956
-1.0125047289504112,1725757800,1725757980,1725762120,-1,ALIGNED_WITH,STOP,3.0,0.1515570934256167,2.200913227486846,3.281469275167452
0.08614665427848027,1725762300,1725762900,1725766800,-1,ALIGNED_WITH,STOP,10.0,0.4017051975733749,2.203809518323332,2.4113013798246214
0.7915803522205117,1725841200,1725841740,1725842820,-1,MIXED,TP,9.0,0.29831546707502044,1.0225872655660886,0.9279655358941594
0.7844608356681527,1725861000,1725861420,1725862620,1,MIXED,TP,7.0,0.3183497786981744,1.0107142825394049,-1.21445571541577
0.782887388861843,1725870900,1725872580,1725872700,1,MIXED,TP,28.0,0.6651037289335195,0.5959031648396047,-3.0771479643469277
0.5443056826453184,1725927300,1725928620,1725930420,1,MIXED,TIME,22.0,0.4647499220130891,0.7971808910020571,-2.2429407553367247
0.26922921087531115,1725940500,1725941160,1725942600,1,MIXED,STOP,11.0,0.20308355437665698,1.6714285631983206,-1.0184184363583444
-1.017920858508445,1725946200,1725946620,1725946920,-1,ALIGNED_COUNTER,STOP,7.0,0.2619713229326373,1.9084337276547931,2.933596046574072
0.08902896029834659,1726013400,1726013460,1726015800,1,ALIGNED_WITH,STOP,1.0,0.0,511044873.62705684,-1.3658414351835175
0.08942157745805002,1726018500,1726018560,1726018680,1,ALIGNED_WITH,STOP,1.0,0.46869395400741193,1.4809523777926554,-1.2215414817133505
0.7897580631903408,1726022700,1726022820,1726024260,-1,ALIGNED_COUNTER,TP,2.0,0.0,464269201.13022673,1.8341272838102676
0.08911595257344314,1726104000,1726104360,1726105320,1,ALIGNED_WITH,STOP,6.0,0.15165723524657984,3.1604477403541655,-1.1758448848516
-1.0087595335988633,1726106400,1726106460,1726107000,1,ALIGNED_WITH,STOP,1.0,0.0,1550109212.3859832,-1.028767383077793
0.09246724882733715,1726107300,1726107360,1726110540,1,ALIGNED_WITH,STOP,1.0,0.0,543912342.1769713,-1.9993049349086738
-1.0296861509073543,1726209600,1726210200,1726210980,-1,ALIGNED_COUNTER,STOP,10.0,0.3168025861435889,1.126623373066944,1.1863504776509433
-1.027244715775316,1726212000,1726212300,1726213320,-1,ALIGNED_COUNTER,STOP,5.0,0.0009418096198988365,397.99957741555517,1.0819597876796445
0.0823310449838971,1726215900,1726216080,1726219140,1,ALIGNED_WITH,STOP,3.0,0.0,371835030.01824504,-1.3130409722362897
-1.0092839506172901,1726272000,1726272180,1726289400,1,ALIGNED_WITH,STOP,3.0,0.10858063031975426,3.5974575939872575,-2.4868189205057765
-1.0215288483641158,1726290600,1726290660,1726291620,1,ALIGNED_WITH,STOP,1.0,0.0,411922458.0492077,-1.4720900331538715
-1.0223874115456237,1726291800,1726292160,1726293360,1,ALIGNED_WITH,STOP,6.0,0.6715083798882518,0.8635607308271884,-1.7189327417849793
0.07766193304532484,1726364100,1726364160,1726365960,-1,ALIGNED_COUNTER,TIME,1.0,0.0,498920086.3930565,2.806999092122345
0.062407421316150555,1726389000,1726389060,1726389960,1,ALIGNED_WITH,STOP,1.0,0.0,379291845.493512,-1.0734052241741403
-1.035487419232237,1726394100,1726394580,1726395300,1,ALIGNED_WITH,STOP,8.0,0.33168630432036,1.4545454501596546,-2.9303558551141524
0.7876699573121733,1726444800,1726445400,1726445880,-1,MIXED,TP,10.0,0.341443028150081,1.23011015551609,2.210429589950034
0.19931813997601897,1726446900,1726449000,1726449480,-1,MIXED,STOP,35.0,0.4487154453401815,0.8816362034311471,2.2931394526621784
-0.6038817122317786,1726454100,1726455300,1726457100,-1,MIXED,TIME,20.0,0.5852521511817929,1.044293901290169,1.9566149255654388
-1.0104576120486395,1726535100,1726535580,1726537320,-1,ALIGNED_WITH,STOP,8.0,0.4632553075666763,1.495887188310348,3.160015857597528
-1.0103261157867853,1726537500,1726537860,1726541040,-1,ALIGNED_WITH,STOP,6.0,0.13657230298393266,2.8862744886701908,2.3699895075768707
-0.01843470528086372,1726543500,1726544160,1726545960,1,ALIGNED_COUNTER,TIME,11.0,0.1610547074720617,1.949206337103636,-1.1002388504176677
0.22379370190938525,1726617600,1726617900,1726618560,-1,ALIGNED_COUNTER,STOP,5.0,0.11114277571957876,4.0923076554875655,0.9884120957869916
-0.436027523727354,1726628700,1726628760,1726630560,-1,ALIGNED_COUNTER,TIME,1.0,0.0,785684810.7438921,3.5210502207709853
0.13532845233153382,1726631100,1726631160,1726632840,-1,ALIGNED_COUNTER,STOP,1.0,0.0,773903417.7390181,2.4022708455316155
0.09231131094910358,1726704000,1726704060,1726704180,1,ALIGNED_WITH,STOP,1.0,0.1650082477518337,4.528216676846243,-1.9760912484942625
0.09311993753992359,1726705800,1726706400,1726707360,1,ALIGNED_WITH,STOP,10.0,0.46206260202995436,0.8351254462212878,-2.8415741564209
0.09411288999361196,1726709100,1726710660,1726715880,1,ALIGNED_WITH,STOP,26.0,0.7282099343955123,0.565609086571477,-1.9331365544749493
1.7545948880870244,1726794600,1726794720,1726801560,1,ALIGNED_WITH,STOP,2.0,0.136727329777228,4.550200769933323,-1.2006921300345348
-1.0182211806414527,1726801800,1726802040,1726802400,-1,ALIGNED_COUNTER,STOP,4.0,0.4074532113117221,0.8413597713062191,2.9954740502903063
0.1942025826695763,1726805400,1726805640,1726806120,-1,ALIGNED_COUNTER,STOP,4.0,0.23316437364226605,2.3830227641069524,2.875535070732065
-1.01601798849637,1726881600,1726881720,1726883580,1,ALIGNED_WITH,STOP,2.0,0.053344945838550144,11.87142834888754,-1.8850343999996635
0.08587423804940555,1726883700,1726884180,1726888800,1,ALIGNED_WITH,STOP,8.0,0.2587102983638212,1.3177083282398712,-2.9381421306129036
0.16668251483676683,1726899900,1726900260,1726902060,-1,ALIGNED_COUNTER,TIME,6.0,0.12566765578641195,4.024793356400294,2.1852973613909508
0.11159720704311986,1726963800,1726963860,1726963980,-1,ALIGNED_COUNTER,STOP,1.0,0.0,2115361262.9022217,2.7942850065434106
-1.0332052861117051,1726964700,1726965000,1726965240,-1,ALIGNED_COUNTER,STOP,5.0,0.3810812843071384,1.820441984173053,1.5058264641461994
-1.0289423323729607,1726966500,1726967700,1726968000,-1,ALIGNED_COUNTER,STOP,20.0,0.34651650078577906,1.116402113180167,1.4812329168059035
1.389790417340577,1727050800,1727050920,1727053800,1,ALIGNED_WITH,STOP,2.0,0.0,630240948.8657529,-1.0428135900304838
0.09517700517168161,1727054100,1727055480,1727065740,1,ALIGNED_WITH,STOP,23.0,0.37689084467166334,0.9999999973467119,-1.3314635830459751
-1.0160609772883742,1727076900,1727079300,1727080020,-1,ALIGNED_COUNTER,STOP,40.0,0.7190929836635791,0.5923836381042628,1.1886248482674153
-1.0184091879894652,1727138400,1727138460,1727138520,-1,ALIGNED_COUNTER,STOP,1.0,0.0,1913061686.000273,3.5239367724794217
-1.0159277027756672,1727140200,1727140620,1727141040,1,MIXED,STOP,7.0,0.16783669942759882,5.750750716486284,-2.54239575370886
-0.3399280792811359,1727141400,1727141820,1727143620,1,MIXED,TIME,7.0,0.6176403801861995,0.819117645732576,-1.592901876829342
0.08944287642452847,1727222700,1727222940,1727225160,1,ALIGNED_WITH,STOP,4.0,0.023661138692313864,13.874999413586734,-1.0124045608547265
-1.0182300219941482,1727245500,1727245560,1727247360,1,ALIGNED_WITH,STOP,1.0,0.021383186705767408,38.99999817613723,-1.47370002394464
0.7744519241781986,1727247600,1727248380,1727248560,-1,ALIGNED_COUNTER,TP,13.0,0.39926697972743375,0.9056224876915444,3.3158326043288726
0.13112465314836402,1727309100,1727309160,1727309700,1,MIXED,STOP,1.0,0.0,515773745.99788123,-1.0748458517586856
0.7825226756649487,1727311800,1727311980,1727313120,1,MIXED,TP,3.0,0.059468042874140065,7.056074647703841,-2.4185022413991546
0.36930731860209975,1727321700,1727321760,1727323560,1,MIXED,TIME,1.0,0.0,378467324.87070966,-2.777230741866017
-0.7950412178735208,1727395200,1727395380,1727397180,-1,ALIGNED_COUNTER,TIME,3.0,0.033841669332779066,14.735293682221684,1.139699507133451
0.13234329166828118,1727399400,1727399460,1727400120,-1,ALIGNED_COUNTER,STOP,1.0,0.0,554235517.2013627,1.3635706140138566
0.18322087767546708,1727409300,1727409600,1727411400,-1,ALIGNED_COUNTER,TIME,5.0,0.0,406233807.64480054,1.3346117058704787
0.11998572546465758,1727481900,1727482080,1727483520,-1,ALIGNED_COUNTER,STOP,3.0,0.0365177698076296,10.124999722737732,2.6075662429157083
0.12900539349843598,1727485200,1727485380,1727486640,-1,ALIGNED_COUNTER,STOP,3.0,0.0,353247446.76593274,2.1010841893131658
-1.032344367332633,1727488800,1727488920,1727490360,-1,ALIGNED_COUNTER,STOP,2.0,0.0,542726954.0834606,1.699069752093734
0.7723346142281834,1727570400,1727570580,1727570760,-1,ALIGNED_COUNTER,TP,3.0,0.1431234590173804,2.5411764528329286,1.064272024967171
0.49224951291820646,1727576100,1727577300,1727579100,-1,ALIGNED_COUNTER,TIME,20.0,0.48454044896240356,1.0996503473805532,1.0578152253112616
0.7625868976762914,1727585400,1727588040,1727588760,-1,ALIGNED_COUNTER,TP,44.0,0.6152466367713928,2.9276437800275987,1.4515557143158795
0.77943210227273,1727656500,1727656560,1727657040,1,MIXED,TP,1.0,0.0,524621212.12124574,-2.1073386389342983
0.13096545734115456,1727657400,1727657880,1727658480,1,MIXED,STOP,8.0,0.14312429871586177,3.304878025689838,-2.039399277791364
0.7833210655527335,1727660400,1727660760,1727660820,-1,MIXED,TP,6.0,0.23443626103842213,2.7527352180176043,1.1501306006514935
0.08941522531893417,1727741400,1727741460,1727742300,-1,ALIGNED_WITH,STOP,1.0,0.0,432870619.4626654,1.2601324318144898
0.0913468517436237,1727744700,1727745180,1727751360,-1,ALIGNED_WITH,STOP,8.0,0.11250730566920002,9.24727264508019,2.6979751258708387
-1.0109382528752624,1727754300,1727754600,1727763840,-1,ALIGNED_WITH,STOP,5.0,0.03660198107301229,9.197182847318297,1.977532864390614
-1.0065701418801043,1727827800,1727827920,1727831580,-1,ALIGNED_WITH,STOP,2.0,0.005511555740808483,79.23527974157155,1.299718219392379
-1.0086716820497288,1727834100,1727834580,1727837400,-1,ALIGNED_WITH,STOP,8.0,0.07414132243909786,4.439999940114203,1.805014534880563
0.09058165025571231,1727837700,1727838720,1727842440,-1,ALIGNED_WITH,STOP,17.0,0.21662468513855124,2.321353054823017,0.9424051639690794
0.09056924725481771,1727916000,1727916060,1727916360,-1,ALIGNED_WITH,STOP,1.0,0.07887585338370798,4.988235230876217,1.5477105470412873
0.08989903022581844,1727924100,1727924340,1727925480,-1,ALIGNED_WITH,STOP,4.0,0.14072343738940332,2.3943661801682823,1.4456858037842744
-1.0167341420118199,1727943300,1727943360,1727943480,1,ALIGNED_COUNTER,STOP,1.0,0.0,482682445.7593727,-1.5396259207540013
0.08991039960287564,1728005400,1728005700,1728013080,-1,ALIGNED_WITH,STOP,5.0,0.6105733432613577,0.644715446098518,2.0726730002704423
0.7747433859938402,1728023100,1728023340,1728024240,-1,MIXED,TP,4.0,0.24593256307477032,2.7013422708948536,1.734251036199018
0.7783940041212098,1728029100,1728029880,1728030180,1,MIXED,TP,13.0,0.40458360556867634,1.076521736469646,-1.405045279107631
-1.0260956154030758,1728086400,1728086640,1728087660,1,MIXED,STOP,4.0,0.0,879198656.429931,-1.0744854022770005
-1.0282378570034532,1728094500,1728094680,1728096420,1,MIXED,STOP,3.0,0.0,499121722.724643,-1.0741044082128328
0.7713123425692867,1728097500,1728097800,1728098880,1,MIXED,TP,5.0,0.2709797162932941,2.2979451969989215,-0.8237491089490713
0.7679456889545982,1728172800,1728172980,1728174060,-1,MIXED,TP,3.0,0.4602881418544589,0.9842696607828729,1.6233337205447993
0.2527484369253009,1728178200,1728178560,1728178920,-1,MIXED,STOP,6.0,0.37072453107760406,0.9861111084511546,1.593640693729959
-1.0324208292792183,1728182100,1728183840,1728184680,-1,MIXED,STOP,29.0,0.4086520470024703,1.166666663811752,1.1355622606066786
0.08749912613495292,1728260100,1728260160,1728260700,1,ALIGNED_WITH,STOP,1.0,0.19455219745086233,2.420245386333076,-1.0164169744847402
0.0913353856608863,1728262800,1728262860,1728263700,1,ALIGNED_WITH,STOP,1.0,0.0,416309887.86951494,-1.0963088799190073
0.09132336720450886,1728272100,1728272820,1728276000,1,ALIGNED_WITH,STOP,12.0,0.47269319745821065,0.706851689744854,-1.3342984671088458
-1.0129862702960903,1728345900,1728346080,1728347100,-1,MIXED,STOP,3.0,0.3418099331423219,1.4938875261917375,1.5975154855652343
0.22441507200631222,1728347700,1728348480,1728350280,-1,MIXED,TIME,13.0,0.15584927993687073,2.402531630153735,2.5819654794698264
0.7844877337481011,1728356400,1728356760,1728357420,-1,MIXED,TP,6.0,0.2014210470500751,1.577395569564463,0.8739058575745045
0.08332912829955406,1728432000,1728432120,1728434580,-1,ALIGNED_WITH,STOP,2.0,0.2666896869245429,2.123867061522085,1.9762035457118199
0.12927068040453024,1728438600,1728438660,1728439080,1,ALIGNED_COUNTER,STOP,1.0,0.0,442714021.17657596,-1.126396199431907
0.07930991196765283,1728461100,1728461160,1728462720,-1,ALIGNED_WITH,STOP,1.0,0.3277658815131595,3.564024379370732,2.4636064704014733
0.08993468747773277,1728518400,1728518880,1728520260,-1,ALIGNED_WITH,STOP,8.0,0.24495759389921487,1.6863543719345757,1.2982317559950485
-1.0127184323587828,1728524400,1728526380,1728531420,-1,ALIGNED_WITH,STOP,33.0,0.718013203395139,0.6147110324188824,1.8123424222186524
-1.0130279080438773,1728531600,1728532560,1728542100,-1,ALIGNED_WITH,STOP,16.0,0.08030101408709235,5.839999927273647,1.0694732853638422
-1.0191534192494276,1728605100,1728605340,1728606660,1,ALIGNED_COUNTER,STOP,4.0,0.1213413804057181,2.7068062604141727,-1.3599014317944433
0.007850653748500181,1728609000,1728609300,1728611100,1,ALIGNED_COUNTER,TIME,5.0,0.053334587527033864,7.061728262659244,-2.632260407787243
-1.0250026834578816,1728611700,1728611760,1728611820,1,ALIGNED_COUNTER,STOP,1.0,0.0,1982227976.2254977,-1.1890235541819287
0.08737431063061776,1728691200,1728691500,1728692220,1,ALIGNED_WITH,STOP,5.0,0.27243243243243154,1.2399999954484773,-0.8528635456593053
0.20741760005808718,1728712800,1728712920,1728714600,-1,ALIGNED_COUNTER,STOP,2.0,0.0,330500472.14353234,2.4484595199345964
-1.0474264350452782,1728727200,1728727380,1728727800,-1,ALIGNED_COUNTER,STOP,3.0,0.5226586102718838,0.6560693629067494,1.9343409299624215
-1.0216771826708733,1728777600,1728777660,1728778800,1,ALIGNED_WITH,STOP,1.0,0.0,606862096.8334376,-1.174316225091815
0.7707915916313406,1728781500,1728781860,1728782160,-1,ALIGNED_COUNTER,TP,6.0,0.5663400423729348,1.036006544815373,1.8871159197723515
0.7769931354068231,1728788700,1728788760,1728789720,-1,ALIGNED_COUNTER,TP,1.0,0.0,494816211.1215827,1.1215960732268946
0.0878967062687131,1728865200,1728865260,1728870120,1,ALIGNED_WITH,STOP,1.0,0.0,323384526.2242569,-3.817672186755895
0.08689665723566262,1728871500,1728871680,1728874020,1,ALIGNED_WITH,STOP,3.0,0.06098711097137422,8.329896770634749,-1.2827031511598597
1.8131568922115444,1728876600,1728876840,1728877440,1,ALIGNED_WITH,STOP,4.0,0.6805813821107285,2.3036690052022015,-1.1036644917454457
-1.0085797314887128,1728956400,1728957000,1728963180,1,ALIGNED_WITH,STOP,10.0,0.3112239205623587,1.121706395391821,-1.4389428819687702
0.0878727541863492,1728963300,1728963960,1728968280,1,ALIGNED_WITH,STOP,11.0,0.6999722453510826,0.6169706573263802,-2.0244666441637014
-0.38977875195005984,1728970200,1728970320,1728972120,-1,ALIGNED_COUNTER,TIME,2.0,0.03931357254291988,22.22222165695624,1.5700520781779763
0.44435037909017266,1729037100,1729037280,1729039080,-1,ALIGNED_COUNTER,TIME,3.0,0.23543495610534754,1.8271186363072371,3.0450216006265594
0.13435003320272265,1729041900,1729041960,1729042320,-1,ALIGNED_COUNTER,STOP,1.0,0.0,363968390.9954312,1.3508150842535867
-1.009958592881848,1729050300,1729050360,1729053420,1,ALIGNED_WITH,STOP,1.0,0.0,533384131.82207876,-1.0195054565832238
0.7741287169708654,1729125300,1729125900,1729126260,-1,ALIGNED_COUNTER,TP,10.0,0.2356850994279044,1.8478964322894549,1.7492894996110895
0.7773003164860514,1729127700,1729127820,1729128660,-1,ALIGNED_COUNTER,TP,2.0,0.0,501486525.366818,2.189047466308944
-0.14796605784453898,1729132800,1729132860,1729134660,-1,ALIGNED_COUNTER,TIME,1.0,0.0,533034714.4457238,1.5374499056711142
1.9053954986718034,1729212600,1729213260,1729215000,1,ALIGNED_WITH,STOP,11.0,0.06626418739436933,6.142857050152503,-1.9856740925127987
1.840149515445607,1729215300,1729215660,1729216680,1,ALIGNED_WITH,STOP,6.0,0.2442154228656231,1.935632175982058,-1.4046228598115973
0.08955867715981804,1729218000,1729218600,1729218780,1,ALIGNED_WITH,STOP,10.0,0.1811715894497154,1.9211195822720193,-1.8048920845459056
0.21002480507399146,1729296000,1729296420,1729298220,-1,ALIGNED_COUNTER,TIME,7.0,0.40404980798316964,0.9838709653071434,2.383984335319374
0.767525360211049,1729307400,1729307460,1729308660,-1,ALIGNED_COUNTER,TP,1.0,0.0,643035919.6373712,1.9559014735807259
0.7696571021287344,1729310700,1729311420,1729312080,-1,ALIGNED_COUNTER,TP,12.0,0.7326406487582837,0.5907990306705945,1.698070323009479
0.7632954370871017,1729384500,1729384560,1729386360,-1,ALIGNED_COUNTER,TP,1.0,0.0,423721001.68989944,1.4428593092727768
0.07591412207000982,1729389300,1729389840,1729401600,1,ALIGNED_WITH,STOP,9.0,0.18015290288395758,2.3117646930494313,-1.505687313467061
0.06735290307185451,1729409100,1729409280,1729413420,1,ALIGNED_WITH,STOP,3.0,0.07302853636072208,7.098039118505291,-1.3859545723654372
0.08937272867093711,1729468800,1729469580,1729471860,1,ALIGNED_WITH,STOP,13.0,0.29022477094460725,1.3561208220360315,-1.7701743739927054
-1.0088239848245684,1729473900,1729474320,1729477980,1,ALIGNED_WITH,STOP,7.0,0.15705494744866325,2.2330096945200064,-2.2896146073116426
0.08862415075625388,1729479000,1729479060,1729483800,1,ALIGNED_WITH,STOP,1.0,0.0,460203322.5885897,-1.6362981263776397
-1.0226881262935328,1729555800,1729555860,1729556220,1,MIXED,STOP,1.0,0.0,528276459.54667366,-2.9644946118957374
-1.022046538227194,1729556400,1729556460,1729556820,1,MIXED,STOP,1.0,0.0,670697979.6559122,-2.6654167430052182
0.7806715666831855,1729557600,1729557660,1729557780,1,MIXED,TP,1.0,0.0,949181953.3960845,-1.4722697264946112
-1.0222372547165077,1729645500,1729645860,1729646820,-1,MIXED,STOP,6.0,0.04435197881704253,7.149253570136428,2.0387437468222194
0.6184276758132266,1729647600,1729648140,1729649940,-1,MIXED,TIME,9.0,0.066145738687951,5.153846075933074,3.158993654222898
-0.49571586840377024,1729650900,1729651140,1729652940,-1,MIXED,TIME,4.0,0.202080794826152,2.071428561177973,2.092544517593861
0.7783909983784714,1729729200,1729730160,1729730700,1,ALIGNED_COUNTER,TP,16.0,0.5973592772759239,0.7719869693915627,-1.4879465294754117
-1.0170800859547058,1729731900,1729732020,1729732680,1,MIXED,STOP,2.0,0.0,996569034.634645,-1.3941713406596545
0.5259841305026999,1729733700,1729735140,1729736940,1,MIXED,TIME,24.0,0.6871058382766604,0.701017810684517,-1.644385187580735
-1.0115568488014721,1729814400,1729814580,1729816380,1,ALIGNED_WITH,STOP,3.0,0.0,420071112.40111095,-1.0444966013297095
0.08610730389582905,1729818300,1729819560,1729821960,1,ALIGNED_WITH,STOP,21.0,0.38882074645177656,1.0536277575424633,-1.5355694622585785
0.775364467162288,1729826700,1729826760,1729827600,-1,ALIGNED_COUNTER,TP,1.0,0.0,340458488.2280414,1.097291748271154
-0.046137861979250724,1729902300,1729904940,1729906740,-1,MIXED,TIME,44.0,0.29616311541258605,1.1853526180591087,0.9005320130271061
-0.19523752732304608,1729922700,1729923420,1729925220,1,ALIGNED_COUNTER,TIME,12.0,0.29482326598070097,2.4911392320565797,-2.2385965830021926
0.012975278580244602,1729927800,1729928100,1729929900,1,ALIGNED_COUNTER,TIME,5.0,0.0,419865180.90513736,-3.2909434014977363
0.7572363462240616,1729991400,1729991760,1729992780,1,ALIGNED_COUNTER,TP,6.0,0.26431959138995037,1.8067632781893048,-1.5096420249463371
0.07408355504144062,1730001300,1730001780,1730013540,-1,ALIGNED_WITH,STOP,8.0,0.47194910352808345,0.9019607824025925,1.9421929404792329
0.05923009325522886,1730021100,1730021220,1730023980,1,ALIGNED_WITH,STOP,2.0,0.0,344307091.73730934,-1.4638083128982915
-1.0122178244480493,1730073600,1730074260,1730077260,1,ALIGNED_WITH,STOP,11.0,0.3231017770597753,1.6283333282935932,-2.225035253962466
0.08774975160968988,1730078700,1730079120,1730085420,1,ALIGNED_WITH,STOP,7.0,0.024929353927179102,15.239129823468819,-1.6321570529272824
0.08372633755314411,1730100000,1730100060,1730100360,1,ALIGNED_WITH,STOP,1.0,0.0,687579439.7274349,-2.3404852164569636
0.7863450226986786,1730168700,1730168760,1730170140,-1,ALIGNED_COUNTER,TP,1.0,0.0,900125799.9234542,2.1086948733113995
1.4022944563992477,1730188200,1730188740,1730201580,1,ALIGNED_WITH,STOP,9.0,0.055948355364315486,6.6153844971391536,-0.9283580311635878
-1.0163368068818193,1730203200,1730203560,1730203980,1,ALIGNED_WITH,STOP,6.0,0.4661867685226112,0.7161764690519488,-1.4337810266469087
0.7855862130529672,1730246400,1730246640,1730247600,-1,ALIGNED_COUNTER,TP,4.0,0.22971632612574674,1.5060448984526291,1.5953550990981606
-0.5697139199335624,1730260200,1730260380,1730262180,-1,ALIGNED_COUNTER,TIME,3.0,0.08428774090859029,3.9999999525451875,1.201903456588225
-0.6172098178266359,1730265300,1730265420,1730267220,-1,ALIGNED_COUNTER,TIME,2.0,0.0,430421673.95639235,2.5251146071526986
0.07728156233854902,1730357400,1730357460,1730362860,1,ALIGNED_WITH,STOP,1.0,0.0,399973047.6382428,-1.3667813296887064
0.08152242761331285,1730371500,1730371560,1730371680,1,ALIGNED_WITH,STOP,1.0,0.0,932875293.0913256,-2.2456744944616895
0.40606932518079314,1730374800,1730375160,1730376960,-1,ALIGNED_COUNTER,TIME,6.0,0.2061947692582352,1.6060605982715597,1.6702514142724432
0.21606924064627867,1730424900,1730424960,1730425620,1,MIXED,STOP,1.0,0.0,1051610372.0084475,-1.3938436946187547
-1.0114723889612525,1730427900,1730429340,1730429700,-1,MIXED,STOP,24.0,0.6466895653203816,0.7353846142474332,3.1518428103030467
0.12689093963932147,1730430000,1730432580,1730434380,-1,MIXED,TIME,43.0,0.4274920687927943,0.7792207773979911,2.021787452216453
1.5493529282852714,1730514600,1730514900,1730523060,-1,ALIGNED_WITH,STOP,5.0,0.0,438789390.1608667,1.4328401722655029
0.7693617824772971,1730523900,1730524200,1730524500,1,ALIGNED_COUNTER,TP,5.0,0.3348439073514627,1.3684210485448356,-2.059729129035853
-1.0236675407754876,1730557200,1730557320,1730558820,1,ALIGNED_COUNTER,STOP,2.0,0.3329426701826147,1.6858316171133823,-1.622162954856044
1.5099247182086843,1730599200,1730599260,1730600160,-1,ALIGNED_WITH,STOP,1.0,0.0,532319391.63498485,2.7014200941041393
1.4183790844013588,1730600400,1730600460,1730601360,-1,ALIGNED_WITH,STOP,1.0,0.0,952286110.1489884,1.7217533787153692
0.08851388587283322,1730601600,1730601660,1730601780,-1,ALIGNED_WITH,STOP,1.0,0.0,749402823.0184364,2.5446274470165897
-1.0139313407319321,1730679000,1730679300,1730680560,1,ALIGNED_COUNTER,STOP,5.0,0.06977485439423978,5.069767369202208,-1.386876650137301
0.13530346130221965,1730680800,1730680920,1730681280,1,ALIGNED_COUNTER,STOP,2.0,0.0,409336609.3366005,-2.0122983031127437
0.23632611691364375,1730689500,1730689680,1730691480,-1,MIXED,TIME,3.0,0.0,320391534.9701867,1.0499837395446463
0.09325175791361184,1730766900,1730766960,1730771100,-1,ALIGNED_WITH,STOP,1.0,0.0,355980168.9469554,1.8257909996587365
0.1738574788335213,1730782800,1730782920,1730784720,1,ALIGNED_COUNTER,TIME,2.0,0.0,473032298.5261656,-1.89849952388781
0.7779890493216096,1730785200,1730785680,1730785920,1,ALIGNED_COUNTER,TP,8.0,0.6025852585258136,0.5324813622686613,-1.9315552930460944
-1.0059075115788032,1730854800,1730854860,1730855820,1,ALIGNED_WITH,STOP,1.0,0.0,811385374.3367457,-3.0433576153504465
1.9402743696324385,1730856300,1730856600,1730860140,1,ALIGNED_WITH,STOP,5.0,0.5867399519065598,0.9151639328664979,-2.7635959370663907
2.7587475754864252,1730860200,1730860260,1730862480,1,ALIGNED_WITH,STOP,1.0,0.0,642218987.4601016,-2.384568456730705
-1.0085133547550713,1730938200,1730938260,1730940600,1,ALIGNED_WITH,STOP,1.0,0.0,568577710.1302403,-1.0754259108930087
1.564222981215397,1730940900,1730941080,1730943420,1,ALIGNED_WITH,STOP,3.0,0.05186349348898747,12.71969672444596,-1.4501367346116272
0.7856702898550694,1730943600,1730943660,1730943840,-1,ALIGNED_COUNTER,TP,1.0,0.0,503460956.0891224,1.1749222646199948
0.12730133173982866,1731044100,1731045360,1731046260,-1,ALIGNED_COUNTER,STOP,21.0,0.5222810312446291,0.762013728518223,1.2815009951700391
0.7754846005155009,1731051600,1731051780,1731053040,-1,ALIGNED_COUNTER,TP,3.0,0.0,382731958.76295,1.1596562025909298
-0.5608455870223397,1731053700,1731053760,1731055560,-1,ALIGNED_COUNTER,TIME,1.0,0.0,384382733.0216923,1.0738156631715312
0.12264738449453322,1731113400,1731113460,1731115260,-1,ALIGNED_COUNTER,TIME,1.0,0.035426028532804445,13.568965134211592,1.0131958418083848
-1.0238650237263855,1731118500,1731118860,1731119520,-1,ALIGNED_COUNTER,STOP,6.0,0.08084877786727525,4.689922422613696,1.996766267497746
-0.01486015861373434,1731120900,1731121500,1731123300,-1,ALIGNED_COUNTER,TIME,10.0,0.1617309984414431,4.321428544706491,1.8110233661921729
0.08574267182372505,1731197100,1731197160,1731198000,1,ALIGNED_WITH,STOP,1.0,0.0,407512261.25442976,-3.108262061009972
0.08728241925761854,1731198600,1731199380,1731199680,1,ALIGNED_WITH,STOP,13.0,0.7112418903108477,0.543614793373959,-1.834969148722642
0.08937935812630732,1731205200,1731205560,1731205680,1,ALIGNED_WITH,STOP,6.0,0.4799059238571499,2.6972555689935462,-1.4720987599993607
-0.5120804545061577,1731283500,1731283860,1731285660,-1,ALIGNED_COUNTER,TIME,6.0,0.03266223105505697,12.756613366045796,1.6805851759343622
0.09294900909622066,1731295800,1731295860,1731299340,1,ALIGNED_WITH,STOP,1.0,0.0,454487919.28817236,-2.06788829580784
0.09255525405901648,1731303600,1731303900,1731307380,1,ALIGNED_WITH,STOP,5.0,0.05576809307828043,7.07920779385299,-2.5608291596412114
0.7947574639632832,1731369600,1731369780,1731370440,-1,ALIGNED_COUNTER,TP,3.0,0.213306909226427,2.120066693785112,1.5208630853396883
0.09330038938327868,1731373500,1731373560,1731375360,-1,ALIGNED_COUNTER,TIME,1.0,0.0,437088563.3233544,1.6481172808007565
-0.4117756968716778,1731381000,1731382200,1731384000,-1,ALIGNED_COUNTER,TIME,20.0,0.08252908341593546,4.595870150801678,1.4819540060616996
-1.0075706379890754,1731480300,1731480600,1731481800,-1,ALIGNED_COUNTER,STOP,5.0,0.19846602354767,2.0953221430168893,2.717245629346086
-1.0081780705642183,1731482400,1731482460,1731483600,-1,ALIGNED_COUNTER,STOP,1.0,0.0,364398243.2813633,2.58797730679403
-0.275557500304773,1731486300,1731487260,1731489060,-1,ALIGNED_COUNTER,TIME,16.0,0.415579665975838,1.279260777209354,1.9888717930896633
0.2926869097991914,1731542400,1731543000,1731544800,-1,ALIGNED_COUNTER,TIME,10.0,0.13593928403518943,2.740118556918277,1.466833181336937
0.09393924639331337,1731581100,1731581280,1731585900,1,ALIGNED_WITH,STOP,3.0,0.0,389863325.74033123,-1.31598071828358
0.7909322085889436,1731595200,1731595260,1731595380,-1,ALIGNED_COUNTER,TP,1.0,0.0,1273827011.1466076,1.158543845472316
-0.028895602438751167,1731633300,1731633540,1731635340,1,MIXED,TIME,4.0,0.03351533662745588,11.901477477414012,-1.051423940880494
0.12029524549945807,1731663900,1731664500,1731666300,1,MIXED,TIME,10.0,0.404650841366893,1.0514046596851476,-3.5603384696504756
0.09235808487144223,1731672000,1731672180,1731674040,1,ALIGNED_WITH,STOP,3.0,0.3812297498998647,1.3422459857840783,-1.4389760262077185
0.09224411923724854,1731715200,1731715440,1731715680,1,ALIGNED_WITH,STOP,4.0,0.3995553206612016,1.0108556807394127,-1.7063310084293002
0.7750193247826755,1731753300,1731753540,1731754980,-1,ALIGNED_COUNTER,TP,4.0,0.18993411562903575,3.3132183733603644,1.663793020805685
0.12547148506487463,1731755100,1731756060,1731756240,-1,ALIGNED_COUNTER,STOP,16.0,0.6073869308147111,0.6707964590726196,2.1627418215743477
-0.1672719879318341,1731802800,1731804240,1731806040,-1,ALIGNED_COUNTER,TIME,24.0,0.5458523970558555,0.9166666649874289,2.1059236142352247
-1.0145305614750166,1731810000,1731810780,1731811320,-1,MIXED,STOP,13.0,0.5324747521541667,0.9792935426188771,3.027805181568517
-1.0140341985448182,1731811500,1731811560,1731812220,-1,MIXED,STOP,1.0,0.0,374012409.0523519,3.325322052624334
0.13502533632288047,1731899100,1731901620,1731902880,1,MIXED,STOP,42.0,0.6278026905829575,0.5231578939034957,-1.2560563933857836
1.3557673111240154,1731911400,1731911460,1731912600,1,ALIGNED_WITH,STOP,1.0,0.0,584307975.5856135,-1.0525926115305377
1.754646971143501,1731912900,1731912960,1731913260,1,ALIGNED_WITH,STOP,1.0,0.0,1602168088.448183,-2.8817553704139267
-1.010636709753234,1731975600,1731975660,1731977340,-1,MIXED,STOP,1.0,0.0,361927144.53584105,1.1121099638514982
0.08939246356673769,1731991800,1731992340,1732003200,1,ALIGNED_WITH,STOP,9.0,0.2990918564835697,1.4645760694353969,-1.6732325494280513
1.5088990149456698,1732008600,1732008840,1732018560,1,ALIGNED_WITH,STOP,4.0,0.1494565217391302,3.2045454331041325,-1.1071046339785438
0.009892584155545397,1732060800,1732060980,1732062780,-1,ALIGNED_COUNTER,TIME,3.0,0.03340054487524815,9.799999706591247,1.7103185449564724
-1.014870385658943,1732072500,1732072740,1732073520,-1,ALIGNED_COUNTER,STOP,4.0,0.2383061617309704,1.3651226100751723,1.274788945622336
-1.0148819187082314,1732074300,1732075500,1732076460,-1,ALIGNED_COUNTER,STOP,20.0,0.31253614638998584,1.1388600999829517,1.3548295803624204
-1.0100359088264992,1732149300,1732149660,1732154820,1,ALIGNED_WITH,STOP,6.0,0.20656830080911123,2.443932399843654,-1.2880717663312635
-1.0104886416936092,1732155000,1732155120,1732156080,1,ALIGNED_WITH,STOP,2.0,0.08718387526144664,5.091602995034716,-2.299201704947326
2.116298340868735,1732158900,1732159500,1732161900,1,ALIGNED_WITH,STOP,10.0,0.17892092836328297,7.386792411546015,-1.7759893355414462
0.09037348502372994,1732236600,1732236660,1732239300,1,ALIGNED_WITH,STOP,1.0,0.0,427186507.6861789,-1.7408832783366603
0.0909626067374657,1732245300,1732245360,1732245660,1,ALIGNED_WITH,STOP,1.0,0.0,624062792.8772366,-1.490697474692014
-1.0145923907302803,1732257000,1732257600,1732258680,-1,ALIGNED_COUNTER,STOP,10.0,0.031053932441853116,11.542856771153321,1.0287176938981286
0.7751285496957129,1732378500,1732378560,1732378620,-1,ALIGNED_COUNTER,TP,1.0,0.0,1225659229.2089088,1.9756564919814288
0.7791720342599313,1732380000,1732381260,1732381560,-1,ALIGNED_COUNTER,TP,21.0,0.6452084857351735,0.8816137552473916,3.501914324469465
0.1336095976269141,1732383000,1732384320,1732385160,-1,MIXED,STOP,22.0,0.5030381321467761,0.6884154447034602,2.7469705138602376
0.780439378606573,1732410900,1732411020,1732411320,-1,MIXED,TP,2.0,0.24355439324601935,1.6192810391026435,2.808294845395408
0.08552205919555717,1732423200,1732423500,1732426320,1,ALIGNED_WITH,STOP,5.0,0.28377181887170483,1.304212163891019,-1.3935932724800157
0.08280022455091753,1732431600,1732432200,1732435260,1,ALIGNED_WITH,STOP,10.0,0.2682634730539547,1.1894531205657168,-1.1342097830814741
-0.7427506890069023,1732493100,1732493160,1732494960,1,MIXED,TIME,1.0,0.0,544057186.5380393,-2.4854952071057976
1.5356905816464694,1732497900,1732498020,1732512960,1,ALIGNED_WITH,STOP,2.0,0.12888465902852234,3.886679890320648,-2.313352663308382
0.08736100920383365,1732513200,1732513500,1732516320,1,ALIGNED_WITH,STOP,5.0,0.0,459548175.3234248,-1.758170116814159
-0.4880294393639758,1732581000,1732582440,1732584240,-1,MIXED,TIME,24.0,0.1426100583856391,3.139774837270917,1.8546956664199552
-0.2174794835781009,1732584900,1732585200,1732587000,-1,MIXED,TIME,5.0,0.07836910832239205,4.385454489495524,1.55828661975347
0.13497951229536076,1732605600,1732605780,1732606320,1,ALIGNED_COUNTER,STOP,3.0,0.1889170491129729,2.309644657824826,-2.1763313269475613
0.09375218454950537,1732666200,1732667520,1732668420,-1,ALIGNED_WITH,STOP,22.0,0.39756427211555395,1.1335721568212076,0.8072362510302112
-0.09151436360050239,1732674900,1732675740,1732677540,1,ALIGNED_COUNTER,TIME,14.0,0.24028407970013105,1.731452448384553,-1.4255808462337203
0.5132231169639407,1732683900,1732684500,1732686300,1,ALIGNED_COUNTER,TIME,10.0,0.3097884695147157,1.0159325178078302,-1.7411165107031132
0.09033893836478046,1732752000,1732752240,1732761900,1,ALIGNED_WITH,STOP,4.0,0.41056603773585165,0.7970588215881103,-1.6230051656677917
-1.0095747343886332,1732763100,1732763460,1732764480,1,ALIGNED_WITH,STOP,6.0,0.36484921281798205,0.9646090508540616,-2.1789541695866506
0.09116722263086995,1732764900,1732765380,1732774080,1,ALIGNED_WITH,STOP,8.0,0.460052084368732,1.0973986667010756,-0.8251387403652656
1.943666192170804,1732839900,1732840500,1732846320,1,ALIGNED_WITH,STOP,10.0,0.5733311765339998,0.6938775498102361,-2.6499210883548487
0.0900198821351419,1732846500,1732848120,1732849320,1,ALIGNED_WITH,STOP,27.0,0.6833801694952956,0.6577515856194948,-2.4462591267020333
0.08840016838052764,1732856400,1732857420,1732858200,1,ALIGNED_WITH,STOP,17.0,0.24896265560166034,2.146376802973007,-1.3603597113600239
0.7745328380609533,1732928400,1732928460,1732928700,-1,ALIGNED_COUNTER,TP,1.0,0.0,308344589.52429813,1.3055039875801802
-1.0165817016488299,1732929900,1732929960,1732931160,1,ALIGNED_WITH,STOP,1.0,0.0,413033905.76835227,-2.0871271622277723
-0.6274472873293644,1732931400,1732931940,1732933740,-1,ALIGNED_COUNTER,TIME,9.0,0.5477043981800612,0.6264317169179848,2.2729110195041176
0.768156143240351,1733013300,1733013360,1733013480,-1,MIXED,TP,1.0,0.0,480259752.4822923,2.0252052800553964
0.7719244809652299,1733014200,1733014620,1733015040,-1,MIXED,TP,7.0,0.1427085500312045,4.502040784779551,0.9682114781709904
0.7807382267899642,1733019300,1733020200,1733020620,-1,MIXED,TP,15.0,0.3739371904611461,1.0943193968593574,1.8008633571693946
0.0877141639409392,1733097600,1733098320,1733100540,1,ALIGNED_WITH,STOP,12.0,0.4454356229557363,1.4944774817764013,-1.3467162516407207
-1.0105703019100487,1733103300,1733103540,1733106060,1,ALIGNED_WITH,STOP,4.0,0.35258780036968457,1.3862385281783993,-1.6948971313081156
0.7852251174064347,1733109600,1733110080,1733110920,-1,ALIGNED_COUNTER,TP,8.0,0.14997727617027734,2.6565656388525354,1.1671353538189924
-1.0164232734755732,1733184000,1733184060,1733184780,-1,MIXED,STOP,1.0,0.0,417403660.06025666,1.7734547119971813
-0.814162047577903,1733193600,1733193660,1733195460,1,MIXED,TIME,1.0,0.0,686974954.8559331,-1.204223358664997
-0.10521302061162693,1733196300,1733196360,1733198160,1,MIXED,TIME,1.0,0.0,572916927.5463774,-1.4645846783342085
-1.0183779101942412,1733273100,1733273640,1733275020,1,MIXED,STOP,9.0,0.32755266978984593,1.4999999954207541,-1.360004660976312
0.2326104988526024,1733291100,1733291460,1733292240,1,MIXED,STOP,6.0,0.1843900292333065,2.0190930678092487,-1.4176804265903102
0.08533796056044601,1733299500,1733299920,1733303880,1,ALIGNED_WITH,STOP,7.0,0.37869745718730996,1.7434052711759138,-1.2754435270185518
-1.0066580886103929,1733356800,1733357460,1733361180,1,ALIGNED_WITH,STOP,11.0,0.43417747105195464,0.7108938531112453,-1.2141065636994277
0.09198689409943528,1733361300,1733361360,1733363160,1,ALIGNED_WITH,STOP,1.0,0.0,755765839.6913216,-1.1563249429423967
1.6723763363820308,1733365800,1733365860,1733366040,1,ALIGNED_WITH,STOP,1.0,0.0,482888709.24280703,-1.0828798358950402
-0.43481789886109484,1733443200,1733443500,1733445300,-1,MIXED,TIME,5.0,0.04190596709821869,8.720324995159402,1.3707536426896376
0.04181691232075143,1733449200,1733450580,1733452380,-1,MIXED,TIME,23.0,0.2868516801027343,1.2414113234345894,1.36421014026248
1.5759379195396293,1733506500,1733506740,1733507520,1,ALIGNED_WITH,STOP,4.0,0.015106058213584815,43.21950933406708,-1.9534605716435074
-1.015898329490462,1733605200,1733605260,1733606280,1,ALIGNED_WITH,STOP,1.0,0.0,451444459.5144036,-1.4228226405749018
-1.0156133275484351,1733606400,1733606520,1733607240,1,ALIGNED_WITH,STOP,2.0,0.0,468177418.81652635,-1.9398788177510755
0.08474322223312486,1733607300,1733608380,1733609940,1,ALIGNED_WITH,STOP,18.0,0.5801851306708367,0.6724546160469564,-2.2381616772203192
0.08699255247879248,1733617200,1733617260,1733618760,1,ALIGNED_WITH,STOP,1.0,0.0,601831174.6315255,-1.0017048064011655
-1.0135509418675168,1733625000,1733625960,1733630220,1,ALIGNED_WITH,STOP,16.0,0.5254202957261386,1.0084811083350984,-2.177165807692044
-1.0161241140384247,1733630400,1733630820,1733634480,1,ALIGNED_WITH,STOP,7.0,0.21608369876729652,1.9261744877305305,-1.1894825038040127
0.07390820681541739,1733706000,1733707140,1733708940,-1,MIXED,TIME,19.0,0.5491306105944057,0.8552014979740462,2.5024046276062766
0.7889752005475422,1733714700,1733716080,1733716440,-1,MIXED,TP,23.0,0.5029286305468855,0.7997341587997541,1.7189376965133762
-0.5349539303773523,1733720400,1733721480,1733723280,-1,MIXED,TIME,18.0,0.322662877679813,1.011786034942126,1.539430513192415
0.09621709289617325,1733790900,1733793120,1733798700,-1,ALIGNED_WITH,STOP,37.0,0.29504876530401514,1.1988971995600228,1.0265696083467242
-1.0098142809364632,1733800500,1733800560,1733800980,1,ALIGNED_COUNTER,STOP,1.0,0.0,1034579031.5544509,-1.978738118843572
0.790217395666716,1733801100,1733801400,1733802120,1,ALIGNED_COUNTER,TP,5.0,0.5470117783917643,1.3260141397417784,-1.7728534044452533
-1.0123347899710333,1733875200,1733875500,1733876640,1,ALIGNED_COUNTER,STOP,5.0,0.26689244551263913,1.8338108813812264,-1.7599345650752827
0.7883567627916477,1733877900,1733877960,1733878380,1,ALIGNED_COUNTER,TP,1.0,0.1470954787786405,3.2619439646448933,-1.9849952458964704
0.7902843220278428,1733884500,1733884620,1733885220,1,ALIGNED_COUNTER,TP,2.0,0.03925214928406056,12.637754780073532,-1.0241801162134752
-1.011027729881695,1733961900,1733961960,1733964480,1,ALIGNED_WITH,STOP,1.0,0.0,360458867.7834567,-2.0527534634843994
-1.0125831438126962,1733964600,1733964780,1733968380,1,ALIGNED_WITH,STOP,3.0,0.13335117056858473,5.716292091964069,-2.26534343799822
3.079018978935829,1733968500,1733968680,1733972400,1,ALIGNED_WITH,STOP,3.0,0.0,570970683.3190833,-1.439267024673487
0.7846121883656421,1734051000,1734051600,1734052860,-1,ALIGNED_COUNTER,TP,10.0,0.2930132348414794,1.1376050381344365,1.1242247873220717
0.7847682737952058,1734053700,1734053880,1734054660,-1,ALIGNED_COUNTER,TP,3.0,0.1313849452015655,3.4685314421322433,1.22399037988618
-1.0187701614419797,1734064800,1734065100,1734066660,-1,MIXED,STOP,5.0,0.15870201735298503,1.957345959230788,1.4875150396083485
-1.0162978079236271,1734135600,1734135780,1734137580,1,ALIGNED_WITH,STOP,3.0,0.0,388996006.0597581,-1.0989977389043575
1.329480240249003,1734137700,1734137820,1734138060,1,ALIGNED_WITH,STOP,2.0,0.1680040852056901,1.9240121466029654,-1.5458566712283441
1.6564498028140262,1734138600,1734138720,1734139380,1,ALIGNED_WITH,STOP,2.0,0.6523929471032323,0.9164619150572837,-1.5730656101877822
1.8716912898630804,1734233700,1734234300,1734236400,1,ALIGNED_WITH,STOP,10.0,0.05162668872344929,10.037382983151272,-2.026225633101026
-1.013658466371544,1734237300,1734237540,1734241920,1,ALIGNED_WITH,STOP,4.0,0.3166642867342451,1.1199494914129737,-2.585639613674197
-1.0260531745451889,1734252900,1734253260,1734253680,-1,ALIGNED_COUNTER,STOP,6.0,0.10279827573612994,3.4228855388406223,1.4446821734632256
0.14050364838204327,1734309300,1734309840,1734310440,-1,ALIGNED_COUNTER,STOP,9.0,0.7466116676487975,0.8556329558561276,3.4703220743498373
-0.4209570730400126,1734311100,1734311460,1734313260,-1,ALIGNED_COUNTER,TIME,6.0,0.25537752532020397,1.4647473503159194,2.0461701288518834
0.7806771557562013,1734351000,1734351060,1734351960,-1,ALIGNED_COUNTER,TP,1.0,0.0,323091222.9451396,1.1103731058330295
0.783493860059197,1734393600,1734393900,1734394320,-1,ALIGNED_COUNTER,TP,5.0,0.061399407822961244,5.538070975792757,1.6425572049260977
-0.5638661524900997,1734399600,1734400200,1734402000,-1,ALIGNED_COUNTER,TIME,10.0,0.21507271925957677,1.7937158386546028,2.2483299458052053
0.7824713203564893,1734407100,1734407520,1734408720,-1,ALIGNED_COUNTER,TP,7.0,0.17138836772986937,2.601532551869839,1.107288445120748
0.7870312881935917,1734480600,1734481260,1734481980,-1,ALIGNED_COUNTER,TP,11.0,0.39819115130773386,1.1927562892084298,2.115802777942568
-0.8828056732963676,1734487200,1734487260,1734489060,-1,MIXED,TIME,1.0,0.0,468074122.3779846,2.1581023441124354
0.7887375069457343,1734494700,1734495240,1734496080,-1,MIXED,TP,9.0,0.16660492683831551,3.167315156086066,1.9733808776566266
0.02628878001901163,1734567300,1734568800,1734570600,-1,MIXED,TIME,25.0,0.30871922365796706,1.4353386973875757,1.3386967974658708
-0.2481883696992674,1734579300,1734579600,1734581400,-1,MIXED,TIME,5.0,0.11185960478176595,3.005102013950937,1.4701366052820883
0.7797358806156514,1734603300,1734603360,1734603600,1,ALIGNED_COUNTER,TP,1.0,0.0,504515249.6166569,-1.1722407528976933
0.09579093947891885,1734652800,1734653820,1734654840,-1,ALIGNED_WITH,STOP,17.0,0.4694051885828973,1.0340625843381703,1.2375654169774608
-1.004828856697352,1734659700,1734660000,1734661020,-1,ALIGNED_WITH,STOP,5.0,0.16915648106232956,2.799286334923149,1.5374825778003194
-1.0045125840865154,1734661200,1734661320,1734663420,-1,ALIGNED_WITH,STOP,2.0,0.07477103749574557,4.795497121605178,2.2891731588169573
0.1303941821005276,1734753000,1734753480,1734754140,1,ALIGNED_COUNTER,STOP,8.0,0.4126883699528325,0.8585365832855029,-0.9677201732870834
0.08338808967996854,1734758100,1734758160,1734759180,-1,ALIGNED_WITH,STOP,1.0,0.0,548949518.5293247,2.319434503325421
0.12997538117504204,1734760800,1734761040,1734761220,-1,MIXED,STOP,4.0,0.0646472860337227,8.9937105527075,4.325450326869353
0.09070877171402632,1734825600,1734825720,1734832380,-1,ALIGNED_WITH,STOP,2.0,0.10963959161916481,3.8193716929135126,1.34707929190693
-1.0099942970303033,1734835200,1734836220,1734837660,-1,ALIGNED_WITH,STOP,17.0,0.26037995167473943,1.8414779428682604,0.8663307614427908
-1.0137112229542777,1734843300,1734843420,1734844080,1,ALIGNED_COUNTER,STOP,2.0,0.0,635431918.0087776,-2.228260946814626
0.09317963335708106,1734915000,1734915060,1734916200,-1,ALIGNED_WITH,STOP,1.0,0.0,673056080.2650723,1.370992230697722
0.09361767875009895,1734918000,1734918180,1734922620,-1,ALIGNED_WITH,STOP,3.0,0.10687485569151414,4.402646461641504,1.6197104307736925
-0.8413534312204574,1734929100,1734929280,1734931080,1,ALIGNED_COUNTER,TIME,3.0,0.09244250269954413,4.052631535108216,-1.4400391742106882
-1.00968104829281,1734999300,1734999420,1735000020,1,ALIGNED_COUNTER,STOP,2.0,0.07960126286247667,4.853470376046517,-1.2670144400499677
-1.0106795943802473,1735005000,1735005780,1735006560,1,ALIGNED_COUNTER,STOP,13.0,0.22864264672557041,1.6491575745514877,-1.6633851077429966
0.7881470929078037,1735006800,1735007160,1735008180,1,ALIGNED_COUNTER,TP,6.0,0.3621365006588286,1.1102581965155731,-1.3130713950982624
-1.013320157173945,1735084800,1735087500,1735088220,1,MIXED,STOP,45.0,0.44359265751102617,1.0182370797714366,-1.6829052555311617
-1.0158434335315931,1735088400,1735088760,1735089180,1,MIXED,STOP,6.0,0.07555055457321955,7.7872339394800365,-1.6465552663367777
-1.0153592348432434,1735090800,1735090980,1735092120,1,MIXED,STOP,3.0,0.1539252273793739,2.8048780305583123,-1.713602230048776
0.09112389509099907,1735171200,1735171260,1735172460,1,ALIGNED_WITH,STOP,1.0,0.0,391803027.9859541,-1.1384058529245829
0.13782827934475078,1735177800,1735178400,1735178520,-1,ALIGNED_COUNTER,STOP,10.0,0.48232540953319947,0.9295199163567858,1.4507433897718174
-0.5586204383583455,1735187700,1735189920,1735191720,-1,ALIGNED_COUNTER,TIME,37.0,0.7073545036005287,0.7920560736465794,1.1476926689919065
0.09003263326265873,1735258200,1735258260,1735259100,-1,ALIGNED_WITH,STOP,1.0,0.0,541814529.6283733,1.0534415080923993
-1.0137886862656968,1735265700,1735266000,1735267620,1,ALIGNED_COUNTER,STOP,5.0,0.16428834280572424,2.106271764183017,-1.283550974033848
0.28269846060975545,1735267800,1735267980,1735268460,1,ALIGNED_COUNTER,STOP,3.0,0.22336251131904702,1.4283783719834504,-2.4689012469690623
0.08816330681288723,1735345200,1735345260,1735349760,-1,ALIGNED_WITH,STOP,1.0,0.0,318729168.9065587,1.508303997757687
0.7676187603790507,1735383300,1735385400,1735386900,1,ALIGNED_COUNTER,TP,35.0,0.7432841652827904,0.7479300817904845,-1.8882681657481704
0.11813964596665535,1735390500,1735391220,1735391820,1,ALIGNED_COUNTER,STOP,12.0,0.5656837750733577,0.8785714270183492,-1.8026932748175193
0.1294421461849143,1735430400,1735430580,1735432260,-1,MIXED,STOP,3.0,0.0,325259942.6120925,1.5516763316654623
0.763479270570107,1735452600,1735452720,1735453680,1,ALIGNED_COUNTER,TP,2.0,0.1022739756124567,3.1503759090451977,-1.205371898865929
-0.22599423999135407,1735453800,1735453980,1735455780,1,ALIGNED_COUNTER,TIME,3.0,0.0,445067083.3557787,-1.482880145099593
0.09111793035149934,1735516800,1735516860,1735521360,-1,ALIGNED_WITH,STOP,1.0,0.0,597126694.0702641,1.3296547862221104
0.09066759162565319,1735522800,1735522920,1735523640,-1,ALIGNED_WITH,STOP,2.0,0.07877069968669023,7.132575667028852,3.7970216860832857
-1.009524534627789,1735534200,1735534560,1735539360,-1,ALIGNED_WITH,STOP,6.0,0.08816198014602565,4.097222175750079,1.0470337652902821
0.09418021355316596,1735603200,1735604580,1735609740,-1,ALIGNED_WITH,STOP,23.0,0.21895037448136792,1.6976744108511341,1.405333420734739
0.2655398086828318,1735633800,1735633860,1735633980,1,ALIGNED_COUNTER,STOP,1.0,0.0,2262693156.732876,-4.057811663935495
-0.44113862570666557,1735635600,1735636200,1735638000,1,MIXED,TIME,10.0,0.29449143257811455,2.018749993144992,-3.373349005043262
-1.0108241107307718,1735689900,1735690200,1735691520,-1,ALIGNED_WITH,STOP,5.0,0.05209108498288424,9.466666484933718,1.975807822145384
0.783664203588075,1735693200,1735693260,1735693500,-1,MIXED,TP,1.0,0.0,664684309.6441861,2.8088716844086306
0.1341665821929438,1735694700,1735696200,1735696920,-1,MIXED,STOP,25.0,0.31052542659235904,1.729053313256428,1.8425376939182743
0.7797677847424013,1735776300,1735776360,1735777440,1,MIXED,TP,1.0,0.0,338174591.0411252,-1.9252747132028496
-1.020292888522812,1735777500,1735777560,1735777800,1,MIXED,STOP,1.0,0.0,1533772652.388821,-1.7397088828993839
0.18038382555773846,1735781700,1735781820,1735783620,1,MIXED,TIME,2.0,0.0,525034481.2487778,-1.4708880566651779
0.1269919376120851,1735870800,1735871160,1735871880,-1,ALIGNED_COUNTER,STOP,6.0,0.20556890076804912,2.2995391593199606,1.964340909274456
-0.7913469426152786,1735874400,1735874460,1735876260,-1,ALIGNED_COUNTER,TIME,1.0,0.0,554562558.7958318,1.0119511642238153
0.12746729747677507,1735876500,1735876800,1735878600,-1,ALIGNED_COUNTER,STOP,5.0,0.0,960292164.6745942,1.4801404300107366
-1.0203850711743856,1735948800,1735948860,1735950900,1,ALIGNED_WITH,STOP,1.0,0.0,518772241.9929006,-1.1116948784196772
0.07906428527811847,1735951200,1735951320,1735955100,1,ALIGNED_WITH,STOP,2.0,0.13015204249864443,2.940886676911046,-1.478029574384068
0.12192500409236375,1735962000,1735963200,1735963560,-1,ALIGNED_COUNTER,STOP,20.0,0.4491733507939676,2.311224484650117,1.4400088962077848
-1.0209027370211776,1736035800,1736036100,1736040960,1,ALIGNED_WITH,STOP,5.0,0.0,539050396.4275935,-1.2435536871269666
0.07673425827109735,1736041200,1736041260,1736043900,1,ALIGNED_WITH,STOP,1.0,0.010672358591248682,35.79999664553838,-1.504096551662578
0.07247083733204875,1736053800,1736054700,1736055120,1,ALIGNED_WITH,STOP,15.0,0.6289587332053265,0.664886514296773,-1.313465677277004
-1.0136753653444632,1736125200,1736125380,1736126460,1,ALIGNED_WITH,STOP,3.0,0.105636743215043,4.877470309558334,-2.0199144850727553
1.4216675715743352,1736126700,1736127000,1736128620,1,ALIGNED_WITH,STOP,5.0,0.0,564027031.7102722,-2.0029149931188543
0.08864609037296667,1736128800,1736128860,1736129700,1,ALIGNED_WITH,STOP,1.0,0.05443047319078725,9.44936691500169,-1.997689152103232
1.342239540499628,1736208300,1736209380,1736210160,1,ALIGNED_WITH,STOP,18.0,0.7452705675318994,0.5377410461103698,-1.8226551386579264
-0.6727515644334361,1736211900,1736212320,1736214120,-1,ALIGNED_COUNTER,TIME,7.0,0.3432914972600529,1.0968074118410054,1.2213609096021
0.7666986579070972,1736245500,1736247120,1736247660,-1,ALIGNED_COUNTER,TP,27.0,0.7134678554669455,0.5662983417476796,1.641389152967513
-0.592615301246956,1736294400,1736294580,1736296380,-1,MIXED,TIME,3.0,0.0,408421706.8717626,1.5345541809590793
0.17858254434065568,1736297100,1736297160,1736298960,-1,MIXED,TIME,1.0,0.0,543098277.7825108,1.6834007916970102
0.13453608161757613,1736318400,1736318460,1736318580,1,ALIGNED_COUNTER,STOP,1.0,0.0,356753762.34879524,-4.229310441295842
2.456505411301132,1736387400,1736388000,1736388480,-1,ALIGNED_WITH,STOP,10.0,0.07056153683762915,5.308900448325213,1.3599613128092292
0.08787021201872143,1736388600,1736388660,1736388780,-1,ALIGNED_WITH,STOP,1.0,0.0,916486441.5239015,1.478790136797484
0.136507378818744,1736390100,1736390400,1736390760,1,ALIGNED_COUNTER,STOP,5.0,0.11006109979635127,8.373056918740872,-1.1768019288386
-1.0075010960222095,1736468100,1736468700,1736473320,-1,ALIGNED_WITH,STOP,10.0,0.3335014171202053,1.381751820674373,1.2123657180702458
-1.0089831858468352,1736473500,1736473620,1736476080,-1,ALIGNED_WITH,STOP,2.0,0.0,519926222.2038326,1.3402360411133598
-1.0097621960784282,1736476200,1736476740,1736482260,-1,ALIGNED_WITH,STOP,9.0,0.5753725490195878,0.6837513619523826,1.6766214691890096
0.12707440538104262,1736555100,1736555340,1736555880,1,MIXED,STOP,4.0,0.09756604951115745,6.064676554753675,-1.1791505257545778
0.12615940636963197,1736562000,1736563020,1736564400,1,MIXED,STOP,17.0,0.6020798728966071,0.7607052884091864,-3.0444489613035954
-0.09334613056787562,1736566200,1736566440,1736568240,1,MIXED,TIME,4.0,0.0,323699421.9653179,-1.9887580948875256
0.4872375793070008,1736640300,1736640420,1736642220,-1,MIXED,TIME,2.0,0.11387668781519562,3.229999971636277,1.4607420833509919
0.7534653954602799,1736666100,1736666160,1736667000,1,MIXED,TP,1.0,0.0,343437191.59738034,-1.6472601543124408
-1.0419612671123484,1736671800,1736672340,1736673840,1,ALIGNED_COUNTER,STOP,9.0,0.3137854186564587,1.3068181776536023,-1.6694838870648165
-1.0193435211473516,1736726400,1736726700,1736727840,-1,MIXED,STOP,5.0,0.36838870188793116,0.9977753031868251,1.2911571089270433
0.13400990387918646,1736756700,1736756760,1736757480,1,ALIGNED_COUNTER,STOP,1.0,0.0,587366975.6265223,-1.7700884582217273
1.642769568272519,1736762400,1736762580,1736764500,-1,ALIGNED_WITH,STOP,3.0,0.01868219003232107,24.31883927796735,2.171235940796642
-0.8262787238083112,1736812800,1736813880,1736815680,1,MIXED,TIME,18.0,0.35582705577009566,1.5236612659545117,-1.8609256118085415
-1.0199255775085192,1736831100,1736831220,1736832120,1,MIXED,STOP,2.0,0.0,841103086.0144595,-1.7115796731707749
-1.0197010526938273,1736832300,1736832600,1736833800,1,MIXED,STOP,5.0,0.0,317523212.4904376,-1.6113047303982433
0.13430989594146434,1736905500,1736905740,1736905860,-1,ALIGNED_COUNTER,STOP,4.0,0.3963452619920978,0.8443357761908722,1.7715760879211868
0.0908230870159332,1736908500,1736908680,1736911080,1,ALIGNED_WITH,STOP,3.0,0.2562188045286601,1.4379157371817437,-2.682787970465049
-1.008930131575516,1736913600,1736913660,1736917620,1,ALIGNED_WITH,STOP,1.0,0.0,848426587.1459085,-2.6400463750014387
-1.0114473720490882,1736985600,1736985660,1736985780,1,ALIGNED_WITH,STOP,1.0,0.0,1328370191.9567811,-1.8367957104245063
-1.0111809514715946,1736986800,1736987040,1736987760,1,ALIGNED_WITH,STOP,4.0,0.34320769579642263,1.414800385361716,-1.4832312947370023
0.08915926675820107,1736988000,1736988660,1736989920,1,ALIGNED_WITH,STOP,11.0,0.3606786287788757,1.4525745217179844,-1.8557368560832876
2.4679675017161213,1737072600,1737072720,1737078120,1,ALIGNED_WITH,STOP,2.0,0.012672837131412812,43.249996587189116,-1.2881307906602264
0.09094451294385057,1737078900,1737078960,1737081180,1,ALIGNED_WITH,STOP,1.0,0.0,698757467.6006314,-1.0513314890638934
0.09166293968073663,1737082200,1737082920,1737093540,1,ALIGNED_WITH,STOP,12.0,0.6321161180957677,0.7520531861391822,-1.7548960866198606
-1.0168087441517368,1737159000,1737160140,1737160860,-1,ALIGNED_COUNTER,STOP,19.0,0.4920601995897584,0.8419672114036099,2.1126980592951363
0.1320023267838658,1737161100,1737162360,1737163260,-1,ALIGNED_COUNTER,STOP,21.0,0.319544984488098,1.1326860805977461,2.4637661767970744
-1.011528802558091,1737171900,1737171960,1737173940,1,ALIGNED_WITH,STOP,1.0,0.0,938767718.2265153,-2.0206202736469376
-1.0153882151161966,1737245100,1737245280,1737248220,1,ALIGNED_WITH,STOP,3.0,0.016793459389513824,26.07894581547982,-1.3852258769817523
2.945921731487632,1737248400,1737248460,1737253740,1,ALIGNED_WITH,STOP,1.0,0.0,327840035.1571372,-1.0982027763024902
0.08813944943755278,1737256200,1737257400,1737259140,1,ALIGNED_WITH,STOP,20.0,0.542309648974085,1.5065666013494052,-0.8807212405521492
0.0040009138366709175,1737331200,1737331260,1737333060,-1,MIXED,TIME,1.0,0.0,429974286.22095954,2.8111172633750057
-0.13033417634828157,1737340500,1737340680,1737342480,-1,MIXED,TIME,3.0,0.1069368263232934,3.7237479457918643,1.481349677760887
0.14423918467009522,1737356400,1737356460,1737356580,1,MIXED,STOP,1.0,0.0,1034025160.5711576,-4.609709346224558
-0.009022443395581104,1737417600,1737417780,1737419580,-1,MIXED,TIME,3.0,0.42342157466311015,1.1954765722977911,3.015836277198342
0.6138337305314925,1737429600,1737432300,1737434100,-1,MIXED,TIME,45.0,0.31635716303298195,0.9558139504670253,1.467524305630263
0.7876616791467254,1737460200,1737461700,1737461940,1,MIXED,TP,25.0,0.6836598434779869,2.154378674591835,-3.322939569574022
-0.45533234613607476,1737515400,1737518040,1737519840,-1,ALIGNED_COUNTER,TIME,44.0,0.42407064630574126,0.8204964971103158,1.2158161665111162
0.4711015062401371,1737531300,1737531660,1737533460,-1,ALIGNED_COUNTER,TIME,6.0,0.21120833931049593,2.0729001486639795,1.6070941710726825
-1.017428007514334,1737534600,1737535020,1737535320,-1,ALIGNED_COUNTER,STOP,7.0,0.5056951941597743,0.8551678719098922,2.0295155320987286
0.785999053505896,1737590400,1737590580,1737591840,-1,MIXED,TP,3.0,0.21336681475760463,1.6666666588552081,1.4911974206566532
0.16431948663260068,1737597000,1737597780,1737597900,-1,MIXED,STOP,13.0,0.42088037362556724,1.6617736963574645,3.000003135601506
0.24624348666989185,1737605700,1737605760,1737606360,-1,MIXED,STOP,1.0,0.0,525201327.17541873,1.8832939373198383
0.2679743322750097,1737696000,1737697800,1737698520,1,MIXED,STOP,30.0,0.3389560166724526,1.2504661243405768,-2.506844246925859
-1.0110336458916107,1737708900,1737710400,1737711600,1,ALIGNED_WITH,STOP,25.0,0.4392525455969488,1.288159768822087,-1.6114086813018405
0.08839205685158719,1737712200,1737713520,1737717000,1,ALIGNED_WITH,STOP,22.0,0.3709376255642737,1.5084745722047026,-1.372057208110096
0.13635151927268108,1737763200,1737763260,1737764220,-1,ALIGNED_COUNTER,STOP,1.0,0.0,517726400.50673497,1.4740624101442363
0.7780461345591446,1737777600,1737777660,1737778920,-1,ALIGNED_COUNTER,TP,1.0,0.0,378604262.43205905,2.0823592169653313
0.7777107122229795,1737779100,1737779940,1737781260,-1,ALIGNED_COUNTER,TP,14.0,0.19065568288903065,2.11830356031768,1.6762041424265468
0.0820100453606318,1737869400,1737870300,1737878880,1,ALIGNED_WITH,STOP,15.0,0.24032571617211607,1.613247856535007,-1.2819377200376163
-1.0368523619863437,1737884100,1737884400,1737884640,-1,ALIGNED_COUNTER,STOP,5.0,0.535719687421184,1.728590247102806,2.7151320255436193
-0.22314992333899458,1737884700,1737885180,1737886980,-1,ALIGNED_COUNTER,TIME,8.0,0.38339011925044325,1.0373250361744921,4.047341323892525
-1.0137641342348807,1737936000,1737936060,1737936240,-1,MIXED,STOP,1.0,0.0,632256329.4786755,3.4370381085534167
0.273043207576188,1737936600,1737936720,1737937260,-1,MIXED,STOP,2.0,0.054324023204879154,9.376237451165075,2.5031556160711683
0.7883690578523234,1737938400,1737938640,1737938820,-1,MIXED,TP,4.0,0.1001346156965281,3.8752834080106378,2.227887055756746
-1.0097206946198978,1738024500,1738024620,1738026420,1,MIXED,STOP,2.0,0.0,481860288.2251358,-1.7612631600756363
-1.01127399984193,1738026600,1738026900,1738027680,1,ALIGNED_COUNTER,STOP,5.0,0.0,586422192.3654469,-1.781718186785458
-0.288780241251274,1738027800,1738027860,1738029660,1,ALIGNED_COUNTER,TIME,1.0,0.0,338927809.4182216,-1.760746586548079
0.7782822480714099,1738127100,1738127160,1738127280,1,ALIGNED_COUNTER,TP,1.0,0.00042519589384726,1760.9958582867214,-1.3386881308818455
0.7757124500710714,1738131600,1738131780,1738132560,1,MIXED,TP,3.0,0.2189425225103107,3.103896089719726,-1.2186590179655894
0.7763698049388897,1738137600,1738137720,1738137900,1,MIXED,TP,2.0,0.11677393931430353,3.716535401245308,-2.167804001984441
1.8229626303988946,1738195800,1738197540,1738209360,1,ALIGNED_WITH,STOP,29.0,0.6686968733831165,0.626431444436126,-0.8897983320312338
0.08979764960375594,1738209900,1738210860,1738215540,1,ALIGNED_WITH,STOP,16.0,0.3165338935457601,1.612695487085524,-2.3481235133977476
0.7804238702263774,1738281300,1738281960,1738282500,-1,ALIGNED_COUNTER,TP,11.0,0.20877094524173334,2.179211459095491,3.030694832075188
0.1280318524727317,1738284600,1738284960,1738285260,-1,ALIGNED_COUNTER,STOP,6.0,0.260687342833183,1.7475884177335623,2.734501057880545
-1.022607167605006,1738286700,1738286820,1738287720,-1,ALIGNED_COUNTER,STOP,2.0,0.0900822867041512,5.31730763328372,1.9548664212562483
0.1305333796680131,1738292700,1738292760,1738293780,-1,ALIGNED_COUNTER,STOP,1.0,0.0,550883477.2380899,1.3939685424979793
-0.1847348773050683,1738368000,1738368120,1738369920,-1,MIXED,TIME,2.0,0.0,321475243.21184134,1.2375055071308776
0.23578290302102992,1738373400,1738374420,1738375320,-1,MIXED,STOP,17.0,0.26702290884077096,1.296809981273982,1.5181709855245131
0.7727729395551988,1738403700,1738403760,1738404360,1,ALIGNED_COUNTER,TP,1.0,0.0,546108793.0176215,-2.5806433112987235
-1.0094429117076478,1738454400,1738454520,1738456020,-1,ALIGNED_WITH,STOP,2.0,0.0,424874640.0306418,2.1510982798615834
0.09018752876910771,1738457100,1738457580,1738463220,-1,ALIGNED_WITH,STOP,8.0,0.11675401380914166,2.8902742894600655,2.6013229136395855
0.0906642242218092,1738467600,1738467660,1738468920,-1,ALIGNED_WITH,STOP,1.0,0.0,412867121.6055686,1.0588112205162037
-1.004286592107697,1738542000,1738542180,1738542360,-1,ALIGNED_WITH,STOP,3.0,0.14294711529286036,3.6102803485757464,1.112804625348764
1.346705005030545,1738545600,1738545840,1738547400,-1,ALIGNED_WITH,STOP,4.0,0.20880273207782493,2.277434668427778,1.9624992309093554
0.14576723208953704,1738547700,1738547760,1738547940,1,ALIGNED_COUNTER,STOP,1.0,0.726974111292873,0.8126015740791193,-4.495437743568263
-0.27451783379449635,1738627200,1738627260,1738629060,1,MIXED,TIME,1.0,0.0,344817100.98215127,-1.379703024504748
0.7880899754307926,1738631100,1738632480,1738633200,1,MIXED,TP,23.0,0.6123115239633702,0.5640631002715987,-1.7571670607685588
-1.013655707037442,1738639800,1738641660,1738642020,1,MIXED,STOP,31.0,0.3020256400325191,1.1193895833673677,-1.6724289459966841
-1.0048659468072243,1738713900,1738714680,1738717380,-1,ALIGNED_WITH,STOP,13.0,0.23960222786538013,1.6278054794906018,1.338485009083891
1.5486816316087297,1738717500,1738717920,1738722420,-1,ALIGNED_WITH,STOP,7.0,0.3423738856419351,1.1029735650604602,1.1835823438079476
0.092763084665479,1738724100,1738724640,1738737600,-1,ALIGNED_WITH,STOP,9.0,0.27664298401422227,1.5650080200249699,0.9701388916755286
-1.006660092093268,1738800300,1738800540,1738807980,-1,ALIGNED_WITH,STOP,4.0,0.0,467045874.2705259,2.115033804984997
0.09149430446193207,1738808100,1738808220,1738812480,-1,ALIGNED_WITH,STOP,2.0,0.0,414173228.3464643,1.5193067772604396
0.7777954613288439,1738821900,1738822140,1738822560,1,ALIGNED_COUNTER,TP,4.0,0.2225538541396329,1.8897959098760562,-1.3279785893137561
0.0922097172289928,1738886700,1738888500,1738889760,-1,ALIGNED_WITH,STOP,30.0,0.437500000000011,1.162610616811596,1.8755994148615398
0.09024200789961034,1738893300,1738893420,1738893660,-1,ALIGNED_WITH,STOP,2.0,0.0,542372881.355945,1.5807240084396303
-1.008253018104981,1738894500,1738894560,1738897860,-1,ALIGNED_WITH,STOP,1.0,0.0,315689774.50731313,1.2084149605418595
-1.009583573149164,1738972800,1738972980,1738984320,-1,ALIGNED_WITH,STOP,3.0,0.0,446760887.6382859,1.9521625147550712
-1.0266655173781822,1738998000,1738998060,1738998960,1,ALIGNED_COUNTER,STOP,1.0,0.12997936835419596,3.9444444140988533,-1.0105578136367275
0.08426607291044386,1739001300,1739001540,1739003340,-1,ALIGNED_WITH,STOP,4.0,0.06136260037168153,5.0399999178652815,2.584176531132849
-1.0325202138419087,1739059200,1739059380,1739060640,1,ALIGNED_COUNTER,STOP,3.0,0.28252179357506596,1.1384248169733109,-1.5722432260451735
-1.031095694087416,1739063700,1739064300,1739065560,1,ALIGNED_COUNTER,STOP,10.0,0.6137532133675945,1.4931937148445062,-1.5237809242408742
0.770380160224116,1739065800,1739066040,1739066220,1,ALIGNED_COUNTER,TP,4.0,0.0,416144989.712343,-1.2742291999902364
0.09370717249060101,1739146200,1739146380,1739147580,-1,ALIGNED_WITH,STOP,3.0,0.0,308728943.338426,2.148853780520205
-1.0073811981637888,1739155800,1739155860,1739158020,-1,ALIGNED_WITH,STOP,1.0,0.0,381437333.6419465,1.2121387405538153
-0.32381551881892046,1739159400,1739160720,1739162520,1,ALIGNED_COUNTER,TIME,22.0,0.417939611990758,0.8774025953032902,-2.210583049906545
-1.0265475224437788,1739232900,1739232960,1739233560,-1,MIXED,STOP,1.0,0.21763631417356447,2.439999988788781,1.293944510184936
0.1267805340924373,1739234700,1739234760,1739234880,-1,MIXED,STOP,1.0,0.0,675138945.3706876,1.6127705653533233
-1.0194668971994492,1739241000,1739241960,1739243160,1,MIXED,STOP,16.0,0.6805555555555631,0.7710772822393237,-1.927490135875136
0.09143433557047033,1739318700,1739319480,1739330700,-1,ALIGNED_WITH,STOP,13.0,0.24053691275169484,1.5647321363518445,1.1713210477789109
0.1800763084703055,1739348100,1739349120,1739350500,1,ALIGNED_COUNTER,STOP,17.0,0.5992414664981036,0.8810126567577088,-2.477112804819478
0.04428560123453512,1739352300,1739352480,1739354280,1,ALIGNED_COUNTER,TIME,3.0,0.011079017132908625,28.999997382439528,-3.81323993643259
-0.07395546385886678,1739405100,1739406720,1739408520,1,MIXED,TIME,27.0,0.46129766647696535,0.7211597763514771,-1.79962586611587
0.12851101660211017,1739415300,1739415360,1739416740,1,MIXED,STOP,1.0,0.0,425605645.3391315,-1.2585963719998592
0.7772149293405269,1739422800,1739422860,1739423160,-1,MIXED,TP,1.0,0.0,826244952.8936508,1.4914191569556075
0.775912868498927,1739496900,1739497920,1739498940,1,MIXED,TP,17.0,0.6118418707446966,0.8058727556158567,-1.7514617478489765
-1.0208090870137554,1739505000,1739505180,1739506200,1,MIXED,STOP,3.0,0.2635203378936711,1.2682926781139459,-1.5435283589505269
-1.0214826216516222,1739508600,1739510340,1739511180,1,MIXED,STOP,29.0,0.12959264542715282,3.5445205205943116,-1.7182476059001806
0.3516388724487651,1739577600,1739577720,1739579520,-1,ALIGNED_COUNTER,TIME,2.0,0.0,326559032.1598323,1.225682347855196
0.7736663485588995,1739585700,1739585880,1739586960,-1,ALIGNED_COUNTER,TP,3.0,0.0,450917766.5755778,1.0125887354960257
-1.0256748052827636,1739602200,1739602860,1739606760,1,ALIGNED_WITH,STOP,11.0,0.3089513489107603,1.5959079232227962,-1.4931066905347479
0.43439005628521177,1739665200,1739666820,1739668620,-1,ALIGNED_COUNTER,TIME,27.0,0.36855065666049264,1.3496659206136215,0.8823447722507896
-1.052565677280019,1739676300,1739676720,1739677800,-1,ALIGNED_COUNTER,STOP,7.0,0.16082029141925647,2.248322133671546,1.2723112875436322
-0.24543169019350164,1739678400,1739679420,1739681220,-1,ALIGNED_COUNTER,TIME,17.0,0.4276645007096262,2.0537897262485676,2.3317895266340205
0.08634395829529255,1739751000,1739751120,1739755620,-1,ALIGNED_WITH,STOP,2.0,0.0,351001034.5037186,3.288024121765872
0.08841070425438395,1739757300,1739758260,1739772300,-1,ALIGNED_WITH,STOP,16.0,0.5158863091710262,0.6195804183793567,1.4590202860508785
-1.0148957049361949,1739777700,1739778060,1739782200,-1,ALIGNED_WITH,STOP,6.0,0.34662229617302115,1.653225801682211,1.1157840231725895
-0.3370860642919251,1739838300,1739838780,1739840580,1,ALIGNED_COUNTER,TIME,8.0,0.24132059079057802,2.1391128943621047,-1.165709301465098
-0.8730746721015558,1739844300,1739844480,1739846280,1,ALIGNED_COUNTER,TIME,3.0,0.22596232865457638,1.7352342082063745,-1.3690563434336966
0.7525132342533783,1739847600,1739848080,1739849880,1,ALIGNED_COUNTER,TIME,8.0,0.3430054258079612,1.2696010967113431,-2.2204243647771906
-0.5164865501261315,1739923500,1739923740,1739925540,1,ALIGNED_COUNTER,TIME,4.0,0.1167313782676165,2.98497851520187,-1.5302205719410866
-1.0162897300068603,1739927100,1739927520,1739927880,1,ALIGNED_COUNTER,STOP,7.0,0.08612440191386608,4.357142806552207,-2.164109395719209
0.782528511854782,1739928300,1739928540,1739929560,1,ALIGNED_COUNTER,TP,4.0,0.023499790180423516,20.64062412168741,-2.068090726024756
0.7740013199293702,1740012900,1740013080,1740013380,1,MIXED,TP,3.0,0.0005371805694426692,621.9988420684928,-1.4001853639558255
0.7756595304559403,1740020400,1740020460,1740020640,1,MIXED,TP,1.0,0.0,508052394.24526644,-1.6584510320803811
-0.0007125101350800751,1740022200,1740022260,1740024060,1,MIXED,TIME,1.0,0.0,319256756.7567568,-2.4791022608238866
-1.0163521190314966,1740097500,1740097920,1740099000,1,ALIGNED_WITH,STOP,7.0,0.13964589790174742,2.749999980307334,-1.0726164588976952
0.08330879199603371,1740099300,1740099480,1740103260,1,ALIGNED_WITH,STOP,3.0,0.0,450806833.49728906,-1.7241785951287654
-1.0459709031439535,1740121800,1740121860,1740122580,-1,ALIGNED_COUNTER,STOP,1.0,0.0,542019891.8630296,1.0342281108642455
0.7850975976575625,1740182400,1740182460,1740184140,-1,MIXED,TP,1.0,0.0006211042346360986,889.4985678237332,1.30653661079395
0.2797631057911993,1740187800,1740189360,1740191160,-1,MIXED,TIME,26.0,0.36302351504855834,1.6233367406664245,1.1085728277256501
-0.6176855465643831,1740202200,1740204060,1740205860,1,ALIGNED_COUNTER,TIME,31.0,0.40076710790961023,0.9150326774554026,-1.3518702545290018
0.06562906309756104,1740287400,1740287700,1740288480,-1,ALIGNED_WITH,STOP,5.0,0.002141491395762408,281.49986855372583,1.3464114620509158
0.06385693728523595,1740290100,1740290340,1740290700,-1,ALIGNED_WITH,STOP,4.0,0.20747422680422847,1.7445652089814143,3.099476811271861
-1.0336338225017265,1740292800,1740292980,1740295140,-1,ALIGNED_WITH,STOP,3.0,0.17085953878410431,1.8895705410878763,3.399854652375369
0.08144582559531817,1740355800,1740356160,1740357900,-1,ALIGNED_WITH,STOP,6.0,0.27328628616228445,2.027484136344995,2.2072382442811085
0.7823235300313194,1740361800,1740361920,1740363000,1,ALIGNED_COUNTER,TP,2.0,0.0,552966269.0575922,-1.0195676345545588
0.13177281146159062,1740368100,1740368160,1740368820,1,ALIGNED_COUNTER,STOP,1.0,0.0,373318080.29632604,-1.1780667106108573
0.09480874230324225,1740441600,1740442200,1740442500,-1,ALIGNED_WITH,STOP,10.0,0.7176248247271729,0.7480970493857114,2.9385796899383974
0.09520770236548083,1740442800,1740443340,1740445980,-1,ALIGNED_WITH,STOP,9.0,0.35804904290132616,1.1546888661878643,3.1098965087550146
0.09589123759977132,1740447900,1740448080,1740450300,-1,ALIGNED_WITH,STOP,3.0,0.0,368850891.2860535,2.1710341275872453
-0.8203263290435348,1740529200,1740529500,1740531300,1,ALIGNED_COUNTER,TIME,5.0,0.1263715598580545,3.8224637378683273,-2.5872832789966824
-0.7894437298277639,1740541500,1740543900,1740545700,1,ALIGNED_COUNTER,TIME,40.0,0.3911701651470948,0.9873524426699513,-1.4051485264453574
-0.2546341328540822,1740546000,1740546300,1740548100,1,ALIGNED_COUNTER,TIME,5.0,0.18806018294510318,1.8987993037967448,-1.7840533424605947
0.14087032448467954,1740627000,1740627180,1740627840,1,ALIGNED_COUNTER,STOP,3.0,0.0,348832562.21468514,-1.1629993431726962
0.6117613023591588,1740633000,1740633120,1740634920,1,ALIGNED_COUNTER,TIME,2.0,0.02311025517574828,15.10416601308766,-2.2989591069289332
0.7892345870838607,1740637500,1740637680,1740638340,1,ALIGNED_COUNTER,TP,3.0,0.27378911273039164,1.1059360690200417,-1.6881298902130872
1.839570265703114,1740700800,1740701580,1740706140,-1,ALIGNED_WITH,STOP,13.0,0.41095890410959107,0.8146981607472875,1.509788858632318
-1.006930958534389,1740706800,1740706980,1740707160,-1,ALIGNED_WITH,STOP,3.0,0.5819522509985385,1.0913043459508398,1.2209659754630628
-1.004069180625112,1740714000,1740714120,1740715440,1,ALIGNED_COUNTER,STOP,2.0,0.0,483911817.1875843,-2.486786683990611
-1.0118542892107487,1740787200,1740787980,1740789660,1,MIXED,STOP,13.0,0.26036191469730074,1.2427184418287118,-1.6961858572355044
-0.20862646176735428,1740790500,1740790920,1740792720,1,MIXED,TIME,7.0,0.18617627228976388,1.989510478824476,-2.6110788219543455
0.13690932267041547,1740793500,1740794160,1740794280,1,MIXED,STOP,11.0,0.28701453629656676,1.808189648872395,-1.7198048066053966
-1.0150908908808762,1740873600,1740874020,1740874860,1,MIXED,STOP,7.0,0.33161400170260824,1.2716701864401991,-2.588254213794069
0.7857371368261038,1740875100,1740875340,1740875820,1,MIXED,TP,4.0,0.18096435263145463,2.1559632908385478,-3.0323335590612297
-1.0140376920577314,1740879600,1740880980,1740882240,1,MIXED,STOP,23.0,0.604372650048739,1.0317204284004025,-1.4940524139077844
-1.0057454941593462,1740960900,1740961260,1740964320,1,ALIGNED_WITH,STOP,6.0,0.10106313164457278,4.52181813707562,-1.7530083244584573
0.09442347021295605,1740964500,1740964860,1740970140,1,ALIGNED_WITH,STOP,6.0,0.37775181957048753,1.565176018692019,-2.0167191634006567
-1.0108629048301612,1740987600,1740987660,1740988500,-1,ALIGNED_COUNTER,STOP,1.0,0.0,312501053.6963523,1.3934285729418756
0.09576339192288456,1741046400,1741046580,1741050660,-1,ALIGNED_WITH,STOP,3.0,0.0,545569847.6953455,1.2802983798912055
-1.0057330900314947,1741053000,1741053060,1741053960,1,ALIGNED_COUNTER,STOP,1.0,0.0,1062247991.2882355,-1.005929193774625
0.7903710511448528,1741095000,1741095060,1741095480,1,ALIGNED_COUNTER,TP,1.0,0.0,994716028.04827,-4.527690298217437
-1.0067573257799245,1741134000,1741134600,1741135320,1,MIXED,STOP,10.0,0.22396399192920827,1.8974358889640128,-1.3720367001729634
0.5211273274951895,1741135800,1741135980,1741137780,1,MIXED,TIME,3.0,0.0,478578970.25029254,-1.4102628806207822
-0.5483571720474187,1741162800,1741163040,1741164840,-1,MIXED,TIME,4.0,0.2501021659174389,1.792483652963751,1.0174052029227578
-1.0078832963880575,1741219200,1741219260,1741221300,1,ALIGNED_WITH,STOP,1.0,0.0,418829052.02761966,-1.6349588981058505
0.09216661150877678,1741221600,1741223520,1741223820,1,ALIGNED_WITH,STOP,32.0,0.5372501626847468,0.9374999982550295,-1.941896504490445
0.09409349686382364,1741230000,1741230180,1741236300,1,ALIGNED_WITH,STOP,3.0,0.17922281718446745,1.848387086460784,-1.3517075655080484
0.09501892315651528,1741305600,1741305840,1741306440,1,ALIGNED_WITH,STOP,4.0,0.11743936683215149,3.055084719748482,-2.4335361857740976
0.7934543589078863,1741307100,1741307160,1741307760,-1,ALIGNED_COUNTER,TP,1.0,0.0,1230624675.9979398,2.0719385710301994
0.14522205646544145,1741308000,1741308300,1741308420,-1,ALIGNED_COUNTER,STOP,5.0,0.5232507120007018,0.8934898595517445,4.0386917822771276
0.09598331854834699,1741393800,1741396260,1741399320,-1,ALIGNED_WITH,STOP,41.0,0.3237413657340502,1.255603444397459,1.4281209315437258
-1.0072949781379783,1741403700,1741403940,1741405560,-1,ALIGNED_WITH,STOP,4.0,0.37137996011781765,1.4220689616880728,1.2448761716707906
0.09288809473112072,1741405800,1741405980,1741406820,-1,ALIGNED_WITH,STOP,3.0,0.0002484207537940047,1401.9943562902251,2.052003406589079
-1.0211042153341936,1741482000,1741482300,1741483560,1,ALIGNED_COUNTER,STOP,5.0,0.11617447090409799,3.8025209756717726,-1.3534386439431185
-0.3613537426941805,1741484400,1741484460,1741486260,1,ALIGNED_COUNTER,TIME,1.0,0.0,321385817.9001371,-2.0020101657534117
0.0795709521138188,1741500300,1741500600,1741500960,-1,ALIGNED_WITH,STOP,5.0,0.4255188943851702,0.8204697967298217,0.9182453322169728
0.09583219864102101,1741565100,1741565400,1741567440,-1,ALIGNED_WITH,STOP,5.0,0.2464701729615349,1.679824554587864,2.774197799835347
0.09614744756601536,1741568700,1741568940,1741570260,-1,ALIGNED_WITH,STOP,4.0,0.0,423366236.3958463,1.9168575516489237
0.09568381890855539,1741574100,1741575060,1741577880,-1,ALIGNED_WITH,STOP,16.0,0.3305586177416722,1.3454025685836355,1.3989887553884814
-1.007238116669779,1741653300,1741653360,1741653480,1,ALIGNED_COUNTER,STOP,1.0,0.33467774246107185,2.4301675905041464,-2.422241932094205
0.14285630177474698,1741653900,1741653960,1741654560,1,ALIGNED_COUNTER,STOP,1.0,0.0,384481821.6761397,-1.3465060236905648
-1.0036995293145357,1741657500,1741657620,1741662720,-1,ALIGNED_WITH,STOP,2.0,0.0,486247316.48811084,1.8320407297733132
0.7862062917766809,1741737900,1741739100,1741739640,1,MIXED,TP,20.0,0.33369014486547166,1.4161676604268267,-1.6862746657008905
0.13629865855375928,1741742700,1741743660,1741743840,1,MIXED,STOP,16.0,0.6009021284593712,1.0394088652652287,-0.7536845621381952
-1.0102461668085787,1741748400,1741748880,1741750440,1,MIXED,STOP,8.0,0.3593373066553058,1.2011057326630152,-1.2933701690803412
-1.0171709548916312,1741824000,1741824180,1741824960,1,MIXED,STOP,3.0,0.3256004686584413,1.3161209027589693,-1.9264049134994592
0.17356147881011513,1741829100,1741829220,1741829880,1,MIXED,STOP,2.0,0.02111912506479965,28.109373669035534,-2.125568937645853
0.13667585060175605,1741831500,1741831560,1741831680,1,MIXED,STOP,1.0,0.0,488688806.4428689,-1.761674189886719
0.08968710649972132,1741913100,1741913160,1741914720,-1,ALIGNED_WITH,STOP,1.0,0.0,512589292.9896649,1.6678561112519545
-1.0146160014218826,1741920900,1741921080,1741921560,1,ALIGNED_COUNTER,STOP,3.0,0.2893560836888391,2.121621614289141,-1.210430835647869
-0.33365226098190204,1741923300,1741925460,1741927260,1,MIXED,TIME,36.0,0.5584625322997686,0.6599190271583262,-2.210920083427394
0.7748712303698594,1742001600,1742001660,1742002260,-1,ALIGNED_COUNTER,TP,1.0,0.0,476060773.7157565,2.6675564051396345
-0.6006394453937154,1742007300,1742007840,1742009640,-1,ALIGNED_COUNTER,TIME,9.0,0.2850633632351401,1.3356643309784622,1.514902938995181
0.07808617212009256,1742024100,1742024160,1742025420,1,ALIGNED_WITH,STOP,1.0,0.0,414948453.60831183,-2.1553759574525118
-1.027246770580727,1742084400,1742085660,1742087520,1,ALIGNED_WITH,STOP,21.0,0.610045029442265,0.6295707461859499,-2.590946713340252
-1.0288610743841942,1742087700,1742087760,1742088720,1,ALIGNED_WITH,STOP,1.0,0.0,743499338.9158471,-2.633959102367545
-1.0280580953063114,1742089200,1742089260,1742089920,1,ALIGNED_WITH,STOP,1.0,0.0,535185052.6164463,-3.20607448487725
-1.0091612677782131,1742171700,1742171940,1742173260,-1,ALIGNED_WITH,STOP,4.0,0.2689561938192252,1.2024691313315234,2.6077444562512535
0.09065212732581886,1742173500,1742173560,1742174640,-1,ALIGNED_WITH,STOP,1.0,0.0,439220986.07524705,1.2473530109315416
-1.018105065288671,1742187000,1742187420,1742188320,1,MIXED,STOP,7.0,0.12649297605048546,2.5376712128154084,-1.7076800443091211
-1.0151093350828013,1742256900,1742257080,1742260200,1,ALIGNED_WITH,STOP,3.0,0.04862424265812521,6.777777638386863,-1.62512286604756
0.26379208207782684,1742261400,1742261460,1742261760,-1,ALIGNED_COUNTER,STOP,1.0,0.0,836187497.6162561,1.1184349916829495
0.7821451353171974,1742265000,1742265540,1742266980,-1,MIXED,TP,9.0,0.38874602008325687,1.1135611878742393,3.0691525320658033
0.7790592233712059,1742342400,1742343360,1742343900,1,ALIGNED_COUNTER,TP,16.0,0.5608503868681927,0.6985559554330996,-1.7048119667613646
-1.0199410976278427,1742344500,1742345220,1742346480,1,ALIGNED_COUNTER,STOP,12.0,0.4050459344577435,1.1492890966885183,-3.9183194117022113
0.13233570645889647,1742346900,1742347980,1742348880,1,MIXED,STOP,18.0,0.3195957874231468,1.4226666622151714,-3.1610631066039065
0.09123209737990363,1742428800,1742428920,1742429160,1,ALIGNED_WITH,STOP,2.0,0.009366771701144201,112.99998793586839,-1.5896436544601988
-1.0075221124695637,1742431200,1742431320,1742431860,1,ALIGNED_WITH,STOP,2.0,0.0,390599373.7885721,-2.354280869457826
0.0930506323568424,1742432400,1742432880,1742434200,1,ALIGNED_WITH,STOP,8.0,0.5733061252723768,0.7411317554640147,-1.7252001391391751
-0.9210095890896209,1742515800,1742516520,1742518320,-1,MIXED,TIME,12.0,0.36500177116538357,0.907608693165734,2.2749339468973626
-1.020441873897575,1742519400,1742520120,1742521740,-1,MIXED,STOP,12.0,0.16221077024176042,2.5671641632783757,1.8287985978042138
-1.0228601487246665,1742532000,1742532600,1742533440,1,MIXED,STOP,10.0,0.08468829467517812,5.076433061078232,-1.2861576621525923
0.769663864983258,1742601600,1742602200,1742603580,1,MIXED,TP,10.0,0.3946405565575643,0.8793418624883138,-1.2568031894177567
0.7687260927222391,1742605800,1742606100,1742607060,-1,MIXED,TP,5.0,0.0,395077445.363863,1.1625518889047368
-0.6712214846036422,1742607300,1742607360,1742609160,-1,MIXED,TIME,1.0,0.0,718768294.1107249,1.0035708715844223
0.2136959567273769,1742693100,1742693400,1742695200,-1,MIXED,STOP,5.0,0.0,482758620.6896552,2.0198558462669682
0.05703457950738051,1742710800,1742712300,1742716440,1,ALIGNED_WITH,STOP,25.0,0.4560559685175147,1.0033557024986,-0.9530422532007787
1.8514774946270394,1742723400,1742725980,1742726700,1,ALIGNED_WITH,STOP,43.0,0.7457783236106288,0.5273775209068104,-1.9223591836218528
1.4373662213490808,1742774700,1742775360,1742776500,1,ALIGNED_WITH,STOP,11.0,0.5010478061558793,0.9277218645711816,-3.1185079827554034
1.9406239436619932,1742778300,1742778960,1742789220,1,ALIGNED_WITH,STOP,11.0,0.4154929577464834,0.8610169470803136,-2.481794940903016
0.08977938573219615,1742789400,1742789640,1742792220,1,ALIGNED_WITH,STOP,4.0,0.1658876733786719,1.8251599037092432,-1.4552729132883495
-1.016694544114045,1742862000,1742862600,1742863200,-1,ALIGNED_COUNTER,STOP,10.0,0.5462985718576564,0.8530440852125657,1.8382790958572492
0.7842933110968748,1742863800,1742864460,1742865480,-1,ALIGNED_COUNTER,TP,11.0,0.0,572572161.6420594,2.499414197630654
-1.0160716919251953,1742866200,1742866260,1742866860,-1,ALIGNED_COUNTER,STOP,1.0,0.0,842392023.0632994,1.4445728505987796
-1.014690062693657,1742958000,1742958060,1742960220,1,ALIGNED_WITH,STOP,1.0,0.0,407076457.4475591,-2.0516866104218545
-1.0237084399672953,1742962800,1742962860,1742963460,-1,ALIGNED_COUNTER,STOP,1.0,0.0,444867955.34983337,1.660992058899925
0.1603898534208242,1742964000,1742964360,1742964840,-1,ALIGNED_COUNTER,STOP,6.0,0.23987110464891037,1.7844036622855886,2.4925110852558916
-1.0193965789223882,1743042000,1743042180,1743043680,-1,MIXED,STOP,3.0,0.174284899743434,2.0610686904640647,1.5363764200906385
0.08177649654842883,1743054900,1743055320,1743058140,1,ALIGNED_WITH,STOP,7.0,0.05698438967664825,7.131868006708163,-2.1954219007453784
0.08095435098065142,1743072600,1743072720,1743073800,1,ALIGNED_WITH,STOP,2.0,0.0,488882647.5682629,-1.0031198229769442
0.08299841827766362,1743120600,1743121020,1743124500,1,ALIGNED_WITH,STOP,7.0,0.08201523140011657,5.842857071616229,-1.5345831433155792
-0.017882119570466825,1743131700,1743132180,1743133980,-1,MIXED,TIME,8.0,0.3510558925617306,1.4786545882847273,1.960506684008942
0.12652982940191138,1743136800,1743136860,1743136980,-1,MIXED,STOP,1.0,0.0,2110908172.3856623,1.4344076299462667
0.08714329749808326,1743206400,1743206640,1743211860,-1,ALIGNED_WITH,STOP,4.0,0.0,317027742.37821573,1.4957775860260567
-1.0215318953194616,1743217500,1743217620,1743217800,1,ALIGNED_COUNTER,STOP,2.0,0.0,563940915.5884341,-1.237848933060302
-0.8021294325158462,1743219300,1743220080,1743221880,1,ALIGNED_COUNTER,TIME,13.0,0.19090261524370306,2.465174116440302,-1.006816842690274
0.08313013078765484,1743292800,1743293160,1743295260,-1,ALIGNED_WITH,STOP,6.0,0.11954808197582582,2.9589743342228774,1.4204509306812263
-1.0179984710050498,1743296100,1743296160,1743296760,-1,ALIGNED_WITH,STOP,1.0,0.0,580179004.2886864,3.1271633198637243
0.08317320107890974,1743297000,1743297360,1743299520,-1,ALIGNED_WITH,STOP,6.0,0.29600626468287955,1.8950617219928543,3.6002349014828665
1.6231386649845614,1743379200,1743379620,1743381960,-1,ALIGNED_WITH,STOP,7.0,0.18923607199981876,3.50499998147821,2.003468924064096
0.09340367385061327,1743383400,1743383880,1743391440,-1,ALIGNED_WITH,STOP,8.0,0.31189677240807384,1.020962729645832,2.0638877183760793
-0.49783720260067554,1743398100,1743398700,1743400500,1,ALIGNED_COUNTER,TIME,10.0,0.39543690014048716,0.7757166928107311,-2.1522806129691032
-1.0115645995531048,1743465900,1743466320,1743473640,-1,ALIGNED_WITH,STOP,7.0,0.3749661827035421,1.7059483680656002,1.7837757799338632
-1.0108709324337126,1743474000,1743474300,1743484620,-1,ALIGNED_WITH,STOP,5.0,0.0,427045262.86196584,1.4169535873885042
0.1260322309301807,1743490200,1743490500,1743491940,1,MIXED,STOP,5.0,0.04653071273229555,7.753086253138818,-1.8121442860330603
-1.0116135685289382,1743552000,1743552300,1743556140,1,ALIGNED_WITH,STOP,5.0,0.15577816068452546,2.4435695381202733,-1.8607511806583055
0.0875791675810272,1743556200,1743556500,1743559620,1,ALIGNED_WITH,STOP,5.0,0.06319947333769733,7.40277766064764,-3.0828636880203826
0.08841054339012454,1743561900,1743561960,1743563940,1,ALIGNED_WITH,STOP,1.0,0.0,620525899.2173,-1.0795918623478886
-1.006422374561769,1743638400,1743638580,1743639360,-1,MIXED,STOP,3.0,0.004220351472652483,117.5555277012453,2.1056192728986924
-0.43916623841994645,1743639600,1743640140,1743641940,-1,MIXED,TIME,9.0,0.210567946213492,1.665338637509532,2.0849637830584955
-0.5473349912903153,1743644400,1743646740,1743648540,-1,MIXED,TIME,39.0,0.7062176986309138,0.5336757983310851,1.0716969776896248
0.7854500979456425,1743732000,1743732060,1743732600,1,ALIGNED_COUNTER,TP,1.0,0.0,488372093.0232844,-2.986942075195062
0.04547908905292916,1743744900,1743745020,1743746820,1,ALIGNED_COUNTER,TIME,2.0,0.043536987592247056,11.121211865776406,-1.1605190815305881
0.12853963246892772,1743750900,1743751560,1743751680,1,ALIGNED_COUNTER,STOP,11.0,0.5289219821736443,1.0349514543540175,-2.1514361173735796
-1.0190945807372698,1743817800,1743818520,1743819660,1,MIXED,STOP,12.0,0.3043873312564896,1.6671641736273197,-1.0501402919442082
-0.40382278690616813,1743826200,1743828480,1743830280,-1,MIXED,TIME,38.0,0.445357279327516,0.822822820975165,1.6842960169000138
-1.0289654728790276,1743835500,1743835620,1743836460,-1,MIXED,STOP,2.0,0.3108484005564119,1.1789709134328263,1.6083477076664854
-0.1634413534922694,1743897900,1743899100,1743900900,1,MIXED,TIME,20.0,0.4233370709299636,0.8205741607410914,-3.2408088526193994
-1.0245384964682136,1743907800,1743909360,1743910560,1,MIXED,STOP,26.0,0.5827447023208823,0.6848484836733024,-1.9520611994195431
0.1875668544830695,1743910800,1743910860,1743912420,1,MIXED,STOP,1.0,0.0,624889759.9216425,-1.6639161753701612
0.09634569583308798,1743984000,1743984180,1743984360,-1,ALIGNED_WITH,STOP,3.0,0.13955398825863066,2.27135676764377,1.4164761674762938
1.532286068519372,1743988800,1743989700,1744001160,-1,ALIGNED_WITH,STOP,15.0,0.41398237217013045,0.8368704446050304,2.4982821447749752
2.001253591389377,1744005600,1744006560,1744008420,-1,ALIGNED_WITH,STOP,16.0,0.6179793275923757,0.678202622402403,1.6860280478549914
0.25578508749772777,1744070400,1744070700,1744071960,1,ALIGNED_COUNTER,STOP,5.0,0.2399422695291365,1.526315783112505,-2.1275586756432525
0.7904154547480046,1744075800,1744075860,1744076220,1,ALIGNED_COUNTER,TP,1.0,0.0,548953745.4371039,-1.2852681267362276
0.14034172507755055,1744076400,1744076460,1744077540,1,ALIGNED_COUNTER,STOP,1.0,0.0,494250312.76242125,-1.6339362513838322
-1.0071143609273716,1744156800,1744156920,1744157580,-1,ALIGNED_WITH,STOP,2.0,0.3204650230507461,2.170753058024567,1.9018856262156272
1.734543721450255,1744157700,1744157820,1744161300,-1,ALIGNED_WITH,STOP,2.0,0.13174892189747683,4.443991819629138,1.9465928801151147
0.09461589200938542,1744161600,1744161780,1744162260,-1,ALIGNED_WITH,STOP,3.0,0.06998062075117673,6.461538369205208,1.7329000039232452
-1.0106541370679631,1744243500,1744243560,1744245120,1,MIXED,STOP,1.0,0.10821156465088941,2.94047616330279,-1.818267736007364
0.1373932651097728,1744245600,1744246800,1744247640,1,MIXED,STOP,20.0,0.6692031837663109,0.711344921169396,-1.1926414287807368
0.027931648288315306,1744255200,1744255260,1744257060,1,MIXED,TIME,1.0,0.0,521805180.85859656,-1.0352630051222815
-1.018319272715342,1744329900,1744330200,1744331100,1,ALIGNED_COUNTER,STOP,5.0,0.6833979370606069,0.9892328383910298,-2.490649070757773
-1.0173525798908991,1744331400,1744331700,1744332300,1,ALIGNED_COUNTER,STOP,5.0,0.4635385814497187,1.2222222195855614,-2.417292743427151
0.7840238857637369,1744333200,1744333260,1744333860,1,ALIGNED_COUNTER,TP,1.0,0.0,427693639.1173023,-3.516883957833847
-1.0135158094444763,1744416000,1744416660,1744421040,1,ALIGNED_WITH,STOP,11.0,0.6272645241896533,0.6855151034772053,-1.38117781998755
-1.0151237798546018,1744421100,1744421940,1744426140,1,ALIGNED_WITH,STOP,14.0,0.20062305295951513,2.239130423621786,-1.307788943495422
-0.6681817726636641,1744436100,1744436640,1744438440,-1,ALIGNED_COUNTER,TIME,9.0,0.0,456289846.0581623,2.743100930168554
0.08924223596891309,1744502400,1744502820,1744503660,1,ALIGNED_WITH,STOP,7.0,0.02949836570410918,15.294871276367523,-1.8914470463284812
0.0875516405342706,1744506600,1744506660,1744507860,1,ALIGNED_WITH,STOP,1.0,0.0,349303135.88849443,-1.7387410677318595
-1.010512734893726,1744509300,1744509600,1744510680,1,ALIGNED_WITH,STOP,5.0,0.23263063348653334,1.9793322649416272,-1.1489708565146928
0.7903810995614823,1744590300,1744590720,1744592160,-1,MIXED,TP,7.0,0.18554490823454348,1.7720588139787912,1.1447720839911366
0.7894249493008838,1744606200,1744606260,1744608000,-1,ALIGNED_COUNTER,TP,1.0,0.0,328743729.3200977,1.6625303951752015
-1.0148527439101107,1744618500,1744618980,1744619880,-1,ALIGNED_COUNTER,STOP,8.0,0.08552251187813703,3.938271558888149,1.4155131452086882
1.4959120763935307,1744684200,1744685460,1744693740,1,ALIGNED_WITH,STOP,21.0,0.5965622918054483,0.5916197613598126,-2.0005283355517984
0.0889054031033701,1744693800,1744693860,1744696200,1,ALIGNED_WITH,STOP,1.0,0.0,439006777.0247566,-2.4682232443137093
0.08766490896901624,1744700100,1744700460,1744713600,1,ALIGNED_WITH,STOP,6.0,0.0,536778585.7960446,-1.7626666765215666
0.7797445110540987,1744761600,1744761900,1744762200,-1,MIXED,TP,5.0,0.2629426848707347,2.4188191789928144,1.9381644936556888
-1.0186869028138599,1744762500,1744762800,1744762920,-1,MIXED,STOP,5.0,0.1558699906952752,3.2046109304497374,1.795883450109591
0.7812773863380895,1744763100,1744763220,1744764720,-1,MIXED,TP,2.0,0.0,439760002.56686115,2.0191386988345776
-0.06585384240229929,1744848000,1744848240,1744850040,1,MIXED,TIME,4.0,0.2067860377621115,1.5872641432678063,-1.7768855782830781
-1.0235247884738186,1744852500,1744852920,1744853520,-1,MIXED,STOP,7.0,0.25925925925922616,1.2327586159348207,1.6017685827675088
0.2529666036060086,1744860000,1744860240,1744860600,-1,MIXED,STOP,4.0,0.0,430253658.1599471,1.3160692020061693
-1.0182049702367373,1744934400,1744934520,1744937340,1,ALIGNED_WITH,STOP,2.0,0.0,400403984.7587669,-1.0704940094055506
0.07947393033793854,1744937400,1744937940,1744938120,1,ALIGNED_WITH,STOP,9.0,0.25713396285146634,2.031073438429372,-1.2067467442188164
-1.0197012528341711,1744938900,1744939560,1744942080,1,ALIGNED_WITH,STOP,11.0,0.45250980586866535,0.9984638994831165,-1.6196524121272826
-0.6118940569857059,1745020800,1745021220,1745023020,-1,MIXED,TIME,7.0,0.20319303338170946,4.831578923590303,2.0264561612926943
0.27994160522432243,1745025300,1745025480,1745027280,-1,MIXED,TIME,3.0,0.2025138684081738,2.1553397951814266,1.3455334020813352
-1.0346849672054343,1745030400,1745030580,1745031360,-1,MIXED,STOP,3.0,0.0713281799017115,4.988505677181718,1.0305187703670822
0.16692696171205265,1745108100,1745108820,1745110080,-1,ALIGNED_COUNTER,STOP,12.0,0.3393507060707744,1.645645640796194,3.68076928053192
-1.0431415906787709,1745112000,1745112600,1745112960,-1,ALIGNED_COUNTER,STOP,10.0,0.6291793313070353,0.9661835733435113,2.906772941259935
0.2040091360827752,1745114400,1745114520,1745116320,-1,ALIGNED_COUNTER,STOP,2.0,0.07354298289196813,6.189189105037012,2.339590577957671
1.8989313556325627,1745194800,1745195040,1745195280,1,ALIGNED_WITH,STOP,4.0,0.1707800014143273,3.0521738951715993,-2.073664864164378
0.08892920892496192,1745195400,1745195460,1745195580,1,ALIGNED_WITH,STOP,1.0,0.0,2069184803.4647129,-2.9784008582572135
0.09067541593043495,1745197500,1745197560,1745200440,1,ALIGNED_WITH,STOP,1.0,0.0,963811184.7993182,-2.953822394217603
-1.0215701135242112,1745280600,1745280720,1745281560,-1,ALIGNED_COUNTER,STOP,2.0,0.0,507403751.23389953,3.157007719899292
-1.0164391144505334,1745283600,1745283660,1745284320,-1,ALIGNED_COUNTER,STOP,1.0,0.0,755883536.8307954,1.3741537075934034
-1.0113339039441553,1745284800,1745284860,1745285160,1,ALIGNED_WITH,STOP,1.0,0.0,1957450299.4339607,-1.2788478157268655
0.41550399091381895,1745366700,1745367060,1745368860,-1,ALIGNED_COUNTER,TIME,6.0,0.0,391938426.5915878,1.0509230575062547
-1.0158726427847107,1745395200,1745395260,1745395980,-1,ALIGNED_COUNTER,STOP,1.0,0.0,588374450.8280054,1.8872245865325021
-0.2827920646145384,1745396100,1745396160,1745397960,-1,ALIGNED_COUNTER,TIME,1.0,0.0,642565133.8033235,1.7087896527468505
-1.0134535888601808,1745452800,1745452920,1745453640,1,ALIGNED_WITH,STOP,2.0,0.0,410852713.1782673,-1.15489774710967
0.08736470463279178,1745453700,1745453880,1745455680,1,ALIGNED_WITH,STOP,3.0,0.23115694339841183,1.3087719241628308,-1.3678553057753697
0.08817255189520536,1745457300,1745458200,1745460120,1,ALIGNED_WITH,STOP,15.0,0.6961788110045583,0.8017476777124225,-1.9790180693965256
0.08744099605862402,1745540100,1745541300,1745543160,1,ALIGNED_WITH,STOP,20.0,0.7433130524624051,0.80432432324226,-1.1441025729537002
-1.0135799193813604,1745543400,1745543460,1745543880,1,ALIGNED_WITH,STOP,1.0,0.0,1188980750.246802,-2.291529013574302
0.0904574003420727,1745548500,1745548560,1745555100,1,ALIGNED_WITH,STOP,1.0,0.0,364995833.88148963,-2.382221964589983
0.7771851923076682,1745630700,1745632800,1745633520,-1,ALIGNED_COUNTER,TP,35.0,0.6913461538461714,0.7211404718358676,2.069613832321578
0.12816319451314048,1745638800,1745641260,1745642520,-1,ALIGNED_COUNTER,STOP,41.0,0.4320902166386682,0.8525641005909647,1.5461231094686543
0.12157237635702875,1745657100,1745657340,1745658420,-1,ALIGNED_COUNTER,STOP,4.0,0.09650180940892654,4.956249948641042,1.4956004487941739
0.08141406527607134,1745715900,1745715960,1745716740,1,ALIGNED_WITH,STOP,1.0,0.0,622822848.0295509,-1.3246069484803336
0.08704558439774467,1745717700,1745717760,1745717880,1,ALIGNED_WITH,STOP,1.0,0.058508446641933,7.697182967036549,-3.1424189629658392
0.7833531968082611,1745719200,1745719260,1745720400,1,MIXED,TP,1.0,0.0,494217463.76441735,-2.38463047803086
0.7761065799066718,1745798400,1745798580,1745798820,-1,MIXED,TP,3.0,0.0,400627004.9577161,2.1557431903612474
0.7794457044997758,1745799300,1745799360,1745800260,1,MIXED,TP,1.0,0.0,554738562.0915323,-4.006804784384633
-1.0169972340369862,1745803500,1745803560,1745804220,1,MIXED,STOP,1.0,0.0,580121597.9959984,-1.0698224136552719
0.08344468440191798,1745885100,1745886180,1745886360,1,ALIGNED_WITH,STOP,18.0,0.49902854580778033,0.7348008371020667,-1.9766274203441014
-1.0144482011663984,1745889000,1745889060,1745889180,1,ALIGNED_WITH,STOP,1.0,0.0,830265848.6708142,-1.8136100424534165
0.0869716197810868,1745889600,1745889780,1745891640,1,ALIGNED_WITH,STOP,3.0,0.03168817425555128,15.8181813190057,-2.300853852157881
-1.0159061572199939,1745972700,1745973000,1745973600,-1,MIXED,STOP,5.0,0.0,380229419.7030909,2.1944283420061876
0.08568107642255511,1745986800,1745988780,1745990100,1,ALIGNED_WITH,STOP,33.0,0.2257772606812485,1.9819639190774225,-1.8028984198343838
-1.0188039274025422,1745996400,1745996460,1745998920,1,ALIGNED_WITH,STOP,1.0,0.0,520083308.539088,-1.5728028017677025
0.7747187096774524,1746064200,1746064440,1746065220,1,MIXED,TP,4.0,0.12185531589999782,2.736842082803424,-1.538058157031758
-1.0252997182133312,1746066900,1746066960,1746067920,1,MIXED,STOP,1.0,0.0,399299341.22840565,-3.707311202286702
0.0833056208064468,1746069300,1746069660,1746070380,1,ALIGNED_WITH,STOP,6.0,0.17500660901094547,1.8640483277168618,-2.8614762776731295
-1.0216979297929651,1746144300,1746144480,1746145380,-1,ALIGNED_COUNTER,STOP,3.0,0.20207020702074116,2.5256124596610476,2.42981188094273
-1.0216359446415257,1746146100,1746146280,1746147300,-1,ALIGNED_COUNTER,STOP,3.0,0.0,463579122.3191984,3.3861315369690437
0.7789658780117141,1746147600,1746148500,1746150120,-1,ALIGNED_COUNTER,TP,15.0,0.3303668330801199,0.9172141890762513,1.4407160421982717
0.11707013005995698,1746233100,1746234240,1746235560,-1,ALIGNED_COUNTER,STOP,19.0,0.38189877733937466,0.8196428549967822,1.60167740575163
0.20543618508657266,1746242400,1746242880,1746243720,-1,ALIGNED_COUNTER,STOP,8.0,0.09786950732356953,6.714285645681246,1.3538088864619997
-1.0404415133904679,1746246300,1746246360,1746247500,-1,MIXED,STOP,1.0,0.0,338026481.33727676,2.3123944406055563
0.7631501455324603,1746316800,1746316980,1746317700,1,MIXED,TP,3.0,0.6442967763194373,0.6408114548526079,-1.9032060468787486
-0.7345687900137223,1746328500,1746328680,1746330480,-1,MIXED,TIME,3.0,0.17926155465256702,1.7579908577729437,1.1023628471159104
-0.8759159193371713,1746335400,1746335760,1746337560,-1,MIXED,TIME,6.0,0.07591080784697192,4.820224655601969,1.4858854425288224
0.7808863610049802,1746403200,1746403260,1746404160,1,MIXED,TP,1.0,0.08590945930298723,4.896226358102282,-1.23983758786217
0.08274312583849315,1746424800,1746424980,1746426660,-1,ALIGNED_WITH,STOP,3.0,0.1137900042984018,3.0961538189437676,2.0343583049476215
-1.0336987504462916,1746440700,1746441000,1746441420,1,ALIGNED_COUNTER,STOP,5.0,0.15637272402709185,2.61187212941642,-2.853939241413393
-1.0221676345632804,1746490800,1746491220,1746492000,1,ALIGNED_COUNTER,STOP,7.0,0.14003278359479276,3.528428068449015,-1.8346465898822304
0.7765817505842447,1746492300,1746492660,1746493260,1,ALIGNED_COUNTER,TP,6.0,0.031230082855263862,11.984126600412504,-1.1220010188402332
0.08174029626538104,1746531000,1746531660,1746532560,-1,ALIGNED_WITH,STOP,11.0,0.5205090757354847,0.8641975292038482,1.4580677482177204
0.0906456764094012,1746576000,1746576420,1746583680,1,ALIGNED_WITH,STOP,7.0,0.23961304725285043,3.032608682996395,-2.5873394317688563
0.7038590908340454,1746587700,1746588780,1746610380,1,ALIGNED_WITH,TIME,18.0,0.7333927775300974,0.7139479895702487,-1.0498007762583292
0.0767458517528623,1746612600,1746614220,1746615660,1,ALIGNED_WITH,STOP,27.0,0.6980569548678957,0.6185567001448158,-2.058943276498674
2.7677622687875667,1746665700,1746665760,1746666060,1,ALIGNED_WITH,STOP,1.0,0.0,758742071.5305575,-1.8306572554824383
-1.0127804550492385,1746666300,1746666360,1746666900,1,ALIGNED_WITH,STOP,1.0,0.22843731664388373,2.3373287568911216,-1.5410742988889234
1.4673712037341269,1746667200,1746667260,1746671580,1,ALIGNED_WITH,STOP,1.0,0.0,1007102595.8597363,-1.7658883437129944
0.6309760239521005,1746748800,1746749400,1746751200,-1,ALIGNED_COUNTER,TIME,10.0,0.0,364231536.926157,0.967823563172033
0.18576296206813314,1746775500,1746775560,1746776100,-1,ALIGNED_COUNTER,STOP,1.0,0.0,465812998.30874395,3.85592968740463
0.7784062717252407,1746777000,1746777060,1746777420,-1,ALIGNED_COUNTER,TP,1.0,0.0,1098903710.746006,3.0354338273875414
0.17702824040549486,1746836100,1746836940,1746838140,-1,ALIGNED_COUNTER,STOP,14.0,0.7444786386676302,0.6825531905725165,1.8894317419738733
0.761689158034569,1746840900,1746840960,1746841740,-1,ALIGNED_COUNTER,TP,1.0,0.0,374820717.13142794,1.222483200149344
0.7620721620769028,1746845400,1746845460,1746847020,-1,ALIGNED_COUNTER,TP,1.0,0.0,835085137.6918213,1.5207234795069469
0.7837341790415512,1746921600,1746921660,1746922560,-1,ALIGNED_COUNTER,TP,1.0,0.0,532019267.0528892,2.229103343915595
-1.00779050672822,1746929400,1746930000,1746931980,1,ALIGNED_WITH,STOP,10.0,0.06913136883958719,5.944805108811475,-1.2703096003404373
0.09217911110393741,1746932100,1746932220,1746934680,1,ALIGNED_WITH,STOP,2.0,0.0,362519598.493537,-1.4115874151327277
0.785367434144792,1747012500,1747012560,1747012800,-1,ALIGNED_COUNTER,TP,1.0,0.0,410201063.27698714,1.298020291913759
-0.8942290288982071,1747013700,1747013760,1747015560,-1,ALIGNED_COUNTER,TIME,1.0,0.0,858993296.216338,1.5160831318630597
0.08388239960660572,1747033800,1747033860,1747034220,1,ALIGNED_WITH,STOP,1.0,0.0,959645959.6787723,-1.2173387689676047
0.13017812154085576,1747100700,1747100880,1747101540,1,MIXED,STOP,3.0,0.2684857206110358,1.6421356360193284,-2.0600859304051493
0.7830256829430815,1747102800,1747102860,1747103100,1,MIXED,TP,1.0,0.10327431943651225,3.9322580264400866,-2.53256001836602
0.32306295060936413,1747107000,1747107600,1747109400,1,MIXED,TIME,10.0,0.29737010904428074,1.353753230995315,-0.9592022185193008
0.7774340732691746,1747187100,1747187340,1747187520,-1,ALIGNED_COUNTER,TP,4.0,0.14299906861220824,4.896656500712874,1.341147246565169
-0.17126317894737067,1747191000,1747192680,1747194480,-1,ALIGNED_COUNTER,TIME,28.0,0.6227368421053081,0.760649085999589,3.2777700405666508
-0.363350654109549,1747197900,1747198440,1747200240,-1,ALIGNED_COUNTER,TIME,9.0,0.281438356164371,1.1073253793704734,2.7792100285239174
-1.0228881638726837,1747273200,1747273260,1747273560,1,ALIGNED_WITH,STOP,1.0,0.0,433490050.81443125,-1.95685967275883
-1.0216023168103554,1747274100,1747274580,1747276620,1,ALIGNED_WITH,STOP,8.0,0.5644755747125638,1.419821823765514,-2.021704324411943
0.056694989749351235,1747278600,1747278840,1747280640,-1,MIXED,TIME,4.0,0.2643599611552694,1.3390476139824308,1.755279449997149
0.08865972368493366,1747353600,1747353900,1747355940,1,ALIGNED_WITH,STOP,5.0,0.3623768400852089,1.0804701597669666,-1.5322664686531975
1.387151847573195,1747358400,1747358700,1747361280,1,ALIGNED_WITH,STOP,5.0,0.0,419494584.8375466,-2.018714809971278
0.0882230152961673,1747362000,1747362180,1747362480,1,ALIGNED_WITH,STOP,3.0,0.3073121093181846,2.4194260406924597,-1.6131895993953278
0.12013002890171873,1747440000,1747441140,1747441680,-1,MIXED,STOP,19.0,0.48265895953757804,0.7449101780973368,1.6934095753549354
0.17427426929807155,1747445400,1747445460,1747446180,-1,MIXED,STOP,1.0,0.11341493879588947,2.964757683110806,1.550846678322283
0.008633044744920486,1747449300,1747450200,1747452000,-1,MIXED,TIME,15.0,0.38439973614773704,0.9839839814242768,2.202612183105278
0.06501075674107115,1747545000,1747545600,1747549620,1,ALIGNED_WITH,STOP,10.0,0.21209046100312937,2.186602860504102,-0.9196024352217869
-1.0495771946629975,1747553100,1747553700,1747554780,-1,ALIGNED_COUNTER,STOP,10.0,0.13698255217245348,2.4055943880321893,1.8103800793835783
0.06840684005819014,1747554900,1747554960,1747555140,1,ALIGNED_WITH,STOP,1.0,0.0,741020793.9508283,-1.7995393775217288
-0.358597906772609,1747617300,1747617420,1747619220,-1,ALIGNED_COUNTER,TIME,2.0,0.0,498238611.08773,1.1128827428227162
0.789983730825361,1747624500,1747626060,1747627260,-1,ALIGNED_COUNTER,TP,26.0,0.3275316019939038,1.3166568529546676,2.1882989021643633
0.2533223660706998,1747628400,1747629600,1747630620,-1,MIXED,STOP,20.0,0.3714458956752474,1.552810372595449,2.5498734415419624
1.9890165192953724,1747699200,1747699320,1747700400,1,ALIGNED_WITH,STOP,2.0,0.07855233395026029,4.581151774139596,-1.8363734630009863
0.08904999373085534,1747703400,1747704000,1747704120,1,ALIGNED_WITH,STOP,10.0,0.6910941475826702,0.6355894208643056,-1.7570510567736826
0.0901244017238314,1747705200,1747705980,1747706280,1,ALIGNED_WITH,STOP,13.0,0.7470855758345991,0.5243766275080414,-1.8489864560982157
-1.0085660229499096,1747786500,1747786560,1747787700,1,ALIGNED_WITH,STOP,1.0,0.0,503538443.08502537,-1.6205479699031742
0.09154792363551151,1747788000,1747788060,1747788780,1,ALIGNED_WITH,STOP,1.0,0.0,394613960.9121606,-1.7407034972280644
2.270369490779636,1747793400,1747793460,1747802400,1,ALIGNED_WITH,STOP,1.0,0.0,398455938.23753506,-1.7794560279941982
0.09273603047877801,1747872000,1747872120,1747872720,1,ALIGNED_WITH,STOP,2.0,0.3045420383159023,1.3096479748391314,-2.2158767488604365
0.09407706506162034,1747880700,1747881120,1747893480,1,ALIGNED_WITH,STOP,7.0,0.13273717397534687,3.338573130833745,-1.4829273482025533
-1.0079836012861736,1747930500,1747930560,1747943220,1,ALIGNED_WITH,STOP,1.0,0.0,574490889.6034297,-1.142008134962533
-0.19709524754438884,1747968600,1747968780,1747970580,-1,ALIGNED_COUNTER,TIME,3.0,0.0,375731719.41659814,1.1377755137309642
-0.7781737604276712,1747974300,1747974780,1747976580,-1,ALIGNED_COUNTER,TIME,8.0,0.33597697097872203,1.9975520136383758,3.063386857533457
-0.552764356662818,1747989600,1747989720,1747991520,-1,ALIGNED_COUNTER,TIME,2.0,0.0,375872807.7364117,1.4495908069395307
0.14418288618098565,1748044800,1748044860,1748045160,-1,MIXED,STOP,1.0,0.0,486899220.7520525,2.3305090150969536
-0.5724694427670625,1748047200,1748047260,1748049060,-1,MIXED,TIME,1.0,0.0,364700751.4761203,2.7241770860685923
-0.6302219710988414,1748057100,1748057820,1748059620,-1,MIXED,TIME,12.0,0.4034515022351765,0.8441558420634734,1.3278311551317243
-1.0137590647560977,1748133900,1748134320,1748136000,-1,MIXED,STOP,7.0,0.35401473229010094,1.3420289817163407,2.4939292867414076
-0.4954061553458754,1748136300,1748138160,1748139960,-1,MIXED,TIME,31.0,0.5809978066357824,0.576761743973748,1.8412896795913838
-0.4450392282500288,1748142300,1748143320,1748145120,-1,MIXED,TIME,17.0,0.1338103374626157,2.482309106216462,1.512829538193761
0.7615897208985595,1748217900,1748219880,1748241480,1,ALIGNED_WITH,TIME,33.0,0.5636487406398762,0.7326892096501938,-2.005549224086185
1.5923949041372139,1748241600,1748242080,1748243340,1,ALIGNED_WITH,STOP,8.0,0.24066599394556806,1.8113207471901325,-1.1895264612513343
0.08406980165749262,1748244900,1748244960,1748246520,1,ALIGNED_WITH,STOP,1.0,0.0,566222801.626481,-1.132535799108089
0.4667089177806603,1748304900,1748305200,1748307000,-1,ALIGNED_COUNTER,TIME,5.0,0.6423731917231625,0.88825541480868,1.7045264365645298
0.7796430463399144,1748307900,1748308440,1748308500,-1,ALIGNED_COUNTER,TP,9.0,0.26669520547944287,4.035112344420715,1.2048041430619683
0.7805695375826572,1748308800,1748308860,1748308920,-1,ALIGNED_COUNTER,TP,1.0,0.0,1474897712.3594227,1.7172354453096235
0.13123250609952053,1748390400,1748390700,1748391480,-1,MIXED,STOP,5.0,0.0,387115853.80879533,1.8286831957463456
0.7810442579395754,1748394000,1748394240,1748394900,-1,MIXED,TP,4.0,0.19780001489829857,1.9226713435311338,1.714218503209358
0.15761725662516185,1748397600,1748399040,1748399340,-1,MIXED,STOP,24.0,0.6580953155938426,0.7097518742822,1.5527227374910229
0.1335560614610099,1748484300,1748486820,1748487720,1,ALIGNED_COUNTER,STOP,42.0,0.6143495811450057,0.8452027681593286,-2.203040392566709
0.2182203674513375,1748494200,1748494260,1748494800,1,ALIGNED_COUNTER,STOP,1.0,0.0,436652109.873627,-1.603402623708169
0.777051320307539,1748504700,1748506320,1748506800,1,ALIGNED_COUNTER,TP,27.0,0.6891731745115453,0.5413580239058219,-1.8446911492109057
0.08747687943263067,1748564700,1748564880,1748565600,-1,ALIGNED_WITH,STOP,3.0,0.44609929078009897,0.8306836229392439,1.672188092318002
0.23265243205572478,1748566800,1748566860,1748567400,1,ALIGNED_COUNTER,STOP,1.0,0.0,973658536.5853739,-1.1139488852138908
1.5330957344832052,1748573400,1748573700,1748591280,-1,ALIGNED_WITH,STOP,5.0,0.0,362205498.9916949,0.9438059051054333
0.0903751007204318,1748652600,1748653020,1748653740,-1,ALIGNED_WITH,STOP,7.0,0.021950106178164976,20.582277543343913,1.5911055214380103
0.09183162578488739,1748656200,1748656500,1748660040,-1,ALIGNED_WITH,STOP,5.0,0.21866106518498032,2.5835140879679765,1.78506537767007
0.08891477110403712,1748667600,1748668260,1748672340,-1,ALIGNED_WITH,STOP,11.0,0.3272452276737676,1.0392156830988617,1.3126250840107339
-1.034729249988174,1748739000,1748740560,1748740680,1,ALIGNED_COUNTER,STOP,26.0,0.656343513988494,0.8014184384953597,-1.7066755113428687
-1.0344312789051717,1748742000,1748742300,1748742780,1,ALIGNED_COUNTER,STOP,5.0,0.149976403964213,4.110132131182495,-2.0061980567714452
-1.0323975356968367,1748742900,1748742960,1748743740,1,ALIGNED_COUNTER,STOP,1.0,0.0,419109470.2193187,-1.8640875398638874
-1.0240402580938852,1748822400,1748823000,1748823540,1,MIXED,STOP,10.0,0.6284618385125689,0.8450398248682165,-2.964353748806463
-0.4767850354562899,1748824200,1748824380,1748826180,1,MIXED,TIME,3.0,0.09463847836169291,5.7156862141167695,-2.80394888442453
-1.0285356896618674,1748830200,1748831400,1748832600,1,MIXED,STOP,20.0,0.5005229112600332,0.9165763795337526,-1.9957078871125464
0.7799810693368631,1748908800,1748909460,1748909760,1,MIXED,TP,11.0,0.4322690345739979,1.5253496468208294,-2.5116653752989397
-1.01873572525234,1748910000,1748910060,1748910420,1,MIXED,STOP,1.0,0.0,396768266.5928552,-2.1483279048515413
0.37179467841582076,1748910600,1748910780,1748912580,1,MIXED,TIME,3.0,0.29221945996505705,1.5683962210478544,-2.2424307577322495
0.14259707062256263,1748995200,1748996940,1748997900,-1,MIXED,STOP,29.0,0.6210280238967828,0.6102797647948264,3.036089812113836
0.5463172949713694,1748999100,1748999820,1749001620,-1,MIXED,TIME,12.0,0.14160940209363573,2.5555555375090453,2.336778333164576
0.7736884021901486,1749003000,1749003240,1749004080,-1,MIXED,TP,4.0,0.0,393728222.9965438,1.5993225979492005
-1.0185259211474789,1749082500,1749082740,1749083880,-1,ALIGNED_WITH,STOP,4.0,0.20399954464384126,2.6328124870945784,1.033694142692646
-1.018717774461383,1749084000,1749084540,1749086100,-1,ALIGNED_WITH,STOP,9.0,0.11785864615620019,4.59090905195642,2.058742769962515
0.07917295495804563,1749086400,1749086640,1749089520,-1,ALIGNED_WITH,STOP,4.0,0.0017869298842923568,375.3331232861466,3.6446080053892445
0.09269317755661598,1749168000,1749168780,1749169380,-1,ALIGNED_WITH,STOP,13.0,0.08481176979661868,3.693877507466926,1.4999194071201816
0.09069237606033602,1749171300,1749172620,1749177540,-1,ALIGNED_WITH,STOP,22.0,0.08673489393402292,3.977848055405148,1.649342939652616
-1.013405193732979,1749178800,1749178860,1749181620,-1,ALIGNED_WITH,STOP,1.0,0.0,374331550.802139,1.3013470857705307
0.7681792582897156,1749254400,1749254580,1749255180,-1,MIXED,TP,3.0,0.2730366492146454,1.1185682285654954,1.7930169943165999
0.10815345403678693,1749258000,1749258240,1749260040,-1,MIXED,TIME,4.0,0.29699277333129753,2.8443223347450184,3.061826208963642
-1.030012984774508,1749264900,1749265140,1749265440,-1,MIXED,STOP,4.0,0.04826199367994363,8.785714103678632,2.1202635268920194
0.06791627896872718,1749341100,1749342720,1749343020,1,ALIGNED_WITH,STOP,27.0,0.6714015768554659,0.6426630425208557,-1.6321401731787828
0.0708317983366278,1749343800,1749344820,1749345120,1,ALIGNED_WITH,STOP,17.0,0.43892609494453694,1.1701323224761724,-1.9060836017776202
-1.0404374976011759,1749373200,1749373440,1749374040,1,ALIGNED_WITH,STOP,4.0,0.0,379965457.6856622,-1.0068913989470902
0.7722734662461579,1749437700,1749438180,1749439260,-1,ALIGNED_COUNTER,TP,8.0,0.0935646166553424,3.662921309169082,1.313987413742442
-1.0424040881763528,1749459300,1749460140,1749461100,-1,ALIGNED_COUNTER,STOP,14.0,0.3182364729459851,2.234256919930668,1.6183871234033964
-1.0203530398322986,1749462600,1749462660,1749463320,1,ALIGNED_WITH,STOP,1.0,0.0,922241280.7318556,-1.4380089185607294
-1.0082310325503916,1749514200,1749515040,1749521100,1,ALIGNED_WITH,STOP,14.0,0.2053252637814617,1.8155021745642395,-1.9706537727927809
0.08663878851266266,1749521400,1749521580,1749522780,1,ALIGNED_WITH,STOP,3.0,0.07687279382925873,6.619047532943716,-1.8777612473200245
0.08000912665750179,1749535800,1749535860,1749537240,1,ALIGNED_WITH,STOP,1.0,0.0,915775034.2935365,-1.3155930756622065
-1.0131747881337663,1749600900,1749601020,1749604140,1,ALIGNED_WITH,STOP,2.0,0.0,532286615.8700703,-2.431326612608149
-1.0136906805629633,1749604200,1749604440,1749619200,1,ALIGNED_WITH,STOP,4.0,0.058738642437242916,9.394904298647575,-1.9576651508304583
-1.0380196276067748,1749622800,1749623280,1749624900,-1,ALIGNED_COUNTER,STOP,8.0,0.6874875868918234,0.800808896711709,1.3824121006074532
0.23623386145330216,1749686400,1749688140,1749688680,-1,MIXED,STOP,29.0,0.6654311964919876,0.8116419537500635,1.7482347262185176
0.12528391862674873,1749698400,1749698460,1749698580,-1,MIXED,STOP,1.0,0.0,1891829915.4818804,1.4132529315689804
0.12826408496347172,1749702000,1749702060,1749702300,-1,MIXED,STOP,1.0,0.0,423580014.1409285,1.2711681728872106
1.3747657880631152,1749772800,1749772860,1749773520,-1,ALIGNED_WITH,STOP,1.0,0.0,1178983430.0496507,1.8949357258291362
1.956933959943221,1749774000,1749774120,1749777120,-1,ALIGNED_WITH,STOP,2.0,0.4643116227724088,1.084165475553795,1.4556000755416063
-1.0058180089471915,1749777600,1749778320,1749781140,-1,ALIGNED_WITH,STOP,12.0,0.36104219863735926,1.1614265570834248,2.026289757603516
-1.0243644182456821,1749859800,1749860520,1749860760,1,ALIGNED_COUNTER,STOP,12.0,0.4671110965157374,0.9635826751023863,-3.4617896441931384
0.1249089652836875,1749861000,1749861480,1749861720,1,ALIGNED_COUNTER,STOP,8.0,0.03414055884841973,10.222221922809366,-2.800796187453941
0.04893738348665535,1749863700,1749864000,1749865800,1,ALIGNED_COUNTER,TIME,5.0,0.06987792410850961,5.5240963064865305,-1.4396887487139434
0.7350379391921613,1749966000,1749966300,1749967080,1,MIXED,TP,5.0,0.012266713397003073,188.499984633212,-1.4502988134232015
-1.0568214006288998,1749967800,1749968160,1749968460,1,MIXED,STOP,6.0,0.6572064125181729,0.6993464041647192,-3.442477582620876
-0.8300076881720365,1749969300,1749969360,1749971160,1,MIXED,TIME,1.0,0.0,618709677.4193281,-2.4453768055552225
0.007449290592454468,1750040700,1750040760,1750042560,1,MIXED,TIME,1.0,0.02681384037697588,14.68420997869796,-1.3216764674499517
0.12876417582419963,1750047900,1750048680,1750050360,1,MIXED,STOP,13.0,0.39080919080920407,0.8108384437328596,-1.4823776010356389
-0.30349222462207426,1750052400,1750054740,1750056540,1,MIXED,TIME,39.0,0.5039596832253455,0.8742857125509095,-2.0220821394845303
-1.0110148901713616,1750121700,1750122600,1750124040,-1,ALIGNED_COUNTER,STOP,15.0,0.35039161415699854,1.3564705843640295,2.454076442133304
-0.39536421476708505,1750129800,1750130940,1750132740,-1,ALIGNED_COUNTER,TIME,19.0,0.4177849399355346,0.8487972488274292,1.320501305987396
0.7728572721984072,1750143000,1750144380,1750145340,-1,ALIGNED_COUNTER,TP,23.0,0.59915642498725,0.6822429895155747,3.3996220736898835
0.08683240222460176,1750209000,1750209960,1750210560,-1,ALIGNED_WITH,STOP,16.0,0.5896124865446647,0.8102236407983797,2.601236740779676
-0.038455952666538756,1750224000,1750224060,1750225860,1,ALIGNED_COUNTER,TIME,1.0,0.0,449428320.1407307,-1.0922417293930944
0.18899915580992602,1750230600,1750230660,1750231980,1,ALIGNED_COUNTER,STOP,1.0,0.0,664231502.9018719,-3.098367652410709
-0.6340870690227474,1750309200,1750309500,1750311300,1,MIXED,TIME,5.0,0.25715804158634137,1.77034357358643,-2.071930456205261
-1.0261987265917658,1750312800,1750312980,1750313460,1,ALIGNED_COUNTER,STOP,3.0,0.0,417977528.0898753,-2.1573048753817963
-0.6657500182842269,1750314000,1750316580,1750318380,1,ALIGNED_COUNTER,TIME,43.0,0.48891976888759026,1.4607329813055194,-1.172040163459061
0.1881308675591457,1750379700,1750379760,1750380540,1,ALIGNED_COUNTER,STOP,1.0,0.0,387565237.1227421,-1.083296983972238
0.7742710087287207,1750383000,1750383180,1750384080,1,ALIGNED_COUNTER,TP,3.0,0.0,372025904.5473728,-2.3339428935684117
-0.39429186371720415,1750384200,1750384440,1750386240,1,ALIGNED_COUNTER,TIME,4.0,0.0788202390033052,5.5870967033098875,-1.9118984418931992
-1.0160603961607477,1750464000,1750464420,1750471200,-1,ALIGNED_WITH,STOP,7.0,0.0,480197524.2734793,1.5086571426783375
-1.0204354468650385,1750471500,1750472820,1750475880,-1,ALIGNED_WITH,STOP,22.0,0.026108332626904256,17.499999329739087,1.7413111084197592
0.0731802641802273,1750476000,1750477320,1750488840,-1,ALIGNED_WITH,STOP,22.0,0.3589743589743329,0.9502164475696675,1.428766787865287
0.09348943462542694,1750550700,1750550820,1750551300,-1,ALIGNED_WITH,STOP,2.0,0.0,707323735.8974925,2.082524893401234
0.09429467342101087,1750552500,1750553280,1750557840,-1,ALIGNED_WITH,STOP,13.0,0.51292601136824,0.8685491706533207,1.6691078056764401
0.1249167198400987,1750586100,1750586580,1750587360,1,ALIGNED_COUNTER,STOP,8.0,0.21596606247589642,1.8227272642873285,-1.4164573238094504
0.7908137130966219,1750637100,1750639080,1750639680,1,ALIGNED_COUNTER,TP,33.0,0.41568474444008807,1.1217695987031406,-2.3088996938443724
0.7765070625949853,1750657200,1750657560,1750657740,1,ALIGNED_COUNTER,TP,6.0,0.32341860003963324,1.1759656616000593,-1.1410631834002443
-1.0243960701826194,1750659600,1750659900,1750661040,1,ALIGNED_COUNTER,STOP,5.0,0.20589643614474398,2.0697674318079966,-2.450267652923827
0.050256834755427054,1750726200,1750726500,1750728300,1,MIXED,TIME,5.0,0.0,404206766.5443052,-2.1482735980784695
0.7770389390975019,1750747800,1750747920,1750749120,-1,ALIGNED_COUNTER,TP,2.0,0.0,391751296.62408143,1.5841916747776947
0.20258299591028997,1750752000,1750752120,1750753140,-1,ALIGNED_COUNTER,STOP,2.0,0.26316457947011573,2.2054053970250385,1.437205354957329
0.0828623285221643,1750809600,1750810080,1750810260,1,ALIGNED_WITH,STOP,8.0,0.36537329964345866,1.1684350100648455,-1.5838766032019327
0.77617718342364,1750810500,1750810560,1750811640,-1,ALIGNED_COUNTER,TP,1.0,0.0,949905451.7483265,1.1997444235519097
-1.0225949285975744,1750811700,1750811760,1750812660,-1,ALIGNED_COUNTER,STOP,1.0,0.0,476748443.7935054,1.11783583986309
1.6933242715819508,1750900800,1750901160,1750901640,1,ALIGNED_WITH,STOP,6.0,0.03126141853761531,18.690908493016366,-1.3475999710431665
1.3992548026775011,1750906200,1750906320,1750907100,1,ALIGNED_WITH,STOP,2.0,0.0,443698410.7428598,-2.1110046771100457
0.11562480207478279,1750922700,1750922940,1750923480,-1,ALIGNED_COUNTER,STOP,4.0,0.10255710255714086,4.00621114105955,1.4063743532480035
0.3104413982480923,1750983000,1750983240,1750985040,-1,ALIGNED_COUNTER,TIME,4.0,0.23258368344454436,1.4661156961756856,2.016945458785389
0.7768408897581391,1750985700,1750986180,1750986540,-1,ALIGNED_COUNTER,TP,8.0,0.1738536524789665,2.342499986526315,1.199290095582054
-0.7026285197192043,1750989300,1750989600,1750991400,-1,MIXED,TIME,5.0,0.037896194642939106,8.29069745563776,1.039633799369338
0.07087188382100452,1751069700,1751069760,1751070660,1,ALIGNED_WITH,STOP,1.0,0.0,779185890.3229798,-1.633257289022592
-1.028801286778858,1751071500,1751071560,1751072400,1,ALIGNED_WITH,STOP,1.0,0.0,685641852.9615037,-1.3937199026041591
0.05725302254101433,1751088000,1751090580,1751101560,1,ALIGNED_WITH,STOP,43.0,0.6036543715847159,1.1623762356984273,-1.6043776653318542
-1.0871426812268838,1751172300,1751175000,1751176080,-1,ALIGNED_COUNTER,STOP,45.0,0.6977230483270406,0.5547785539835707,1.6531866249567837
-1.1434653743313508,1751180400,1751180460,1751180880,-1,ALIGNED_COUNTER,STOP,1.0,0.0,449197860.9626272,1.2996468101441692
2.3926079951021424,1751184600,1751184660,1751185920,1,ALIGNED_WITH,STOP,1.0,0.0,717355371.9009935,-1.2965972419830465
0.08360382317026778,1751241600,1751242200,1751245560,1,ALIGNED_WITH,STOP,10.0,0.5278309073816067,0.7644024061183734,-1.720066027499042
-1.0140278244837932,1751246400,1751247180,1751259060,1,ALIGNED_WITH,STOP,13.0,0.23113938053096128,1.3735343324160754,-2.200788319233344
-1.0284268308684568,1751259600,1751259780,1751261640,1,ALIGNED_WITH,STOP,3.0,0.20468987234999683,1.938461528991078,-1.435101017004229
0.7673896279251308,1751329200,1751329380,1751329500,-1,MIXED,TP,3.0,0.1221725350584297,3.6815920096655623,1.6909679868482306
-1.0296323828356908,1751329800,1751329860,1751330160,-1,MIXED,STOP,1.0,0.0,724777536.088562,1.622060403015465
0.10987827697261285,1751346000,1751346600,1751346900,-1,MIXED,STOP,10.0,0.4050456253354272,1.0259740234412067,1.8921217971525517
1.716865043632072,1751414400,1751416140,1751419080,-1,ALIGNED_WITH,STOP,29.0,0.5467597830752161,0.872127870532621,2.350659713530374
-1.0172715897579159,1751426100,1751426340,1751431800,-1,ALIGNED_WITH,STOP,4.0,0.0,303699304.85209453,2.2762901963867557
-1.021636459878403,1751432400,1751432520,1751434920,-1,ALIGNED_WITH,STOP,2.0,0.0,420207660.7626018,1.0093944560956805
-1.0203911285794363,1751500800,1751500980,1751502120,1,ALIGNED_WITH,STOP,3.0,0.023582257158883346,35.66666515425563,-2.2002215549618893
0.07995530560160957,1751502300,1751502540,1751504220,1,ALIGNED_WITH,STOP,4.0,0.3315178782855805,1.1999999963802859,-1.6664134311586902
-1.02967872091209,1751514600,1751515020,1751516220,-1,ALIGNED_COUNTER,STOP,7.0,0.1235358425738269,2.7345132522003244,1.5724706161477493
0.07191673805602228,1751587200,1751587680,1751590260,1,ALIGNED_WITH,STOP,8.0,0.03305875892369095,9.953488071002218,-1.4283243591201846
-0.24825107251007344,1751599200,1751600220,1751602020,-1,ALIGNED_COUNTER,TIME,17.0,0.47930686406464734,0.6904176889771304,2.9347821533863576
-1.0364725673026696,1751604300,1751604480,1751605800,-1,ALIGNED_COUNTER,STOP,3.0,0.012719361162874037,46.63157528132587,1.4262250282199114
-1.0423428170909748,1751681400,1751681820,1751682780,1,MIXED,STOP,7.0,0.6876752270942535,0.7945205467899793,-1.3724398783107763
0.7607674671922878,1751683800,1751684400,1751684820,1,MIXED,TP,10.0,0.04429690336639958,7.983606377139508,-1.0249723670583222
-1.052159834311418,1751704800,1751705520,1751707140,1,MIXED,STOP,12.0,0.2164998274076112,2.517857131228353,-3.4817050747337603
0.1774752937662083,1751760000,1751760120,1751761200,-1,MIXED,STOP,2.0,0.5799641505677072,1.2836538439401939,1.7920698191056925
0.3324318589863874,1751762700,1751762760,1751764560,-1,MIXED,TIME,1.0,0.0,861417617.3553786,2.09715300705615
0.001511077182268089,1751778900,1751779260,1751781060,1,MIXED,TIME,6.0,0.04422449194482482,8.66666647069683,-0.8483123496713613
-1.0140599039946965,1751846700,1751847180,1751848920,1,ALIGNED_WITH,STOP,8.0,0.34412933127347456,0.9528619500929186,-1.457413211309195
0.08658306841983601,1751849100,1751851020,1751852880,1,ALIGNED_WITH,STOP,32.0,0.6357923641548325,0.554651161918286,-1.0651963207284376
0.08276270682786231,1751855700,1751856120,1751859960,1,ALIGNED_WITH,STOP,7.0,0.12149658945092065,2.638132274006624,-2.3810548042309048
-1.0355449154929228,1751932800,1751932980,1751934420,-1,MIXED,STOP,3.0,0.26159624413146915,1.1532663272494872,2.2441979279591076
0.7652884087163794,1751934600,1751934780,1751935800,-1,MIXED,TP,3.0,0.03653177073794104,10.75438567053382,2.208945251014378
0.7690549216864675,1751937000,1751937060,1751937540,-1,MIXED,TP,1.0,0.0,444853392.2217934,1.4821509733030716
0.07105467084635855,1752020100,1752021720,1752024120,1,ALIGNED_WITH,STOP,27.0,0.5585636933599408,0.7157142844330213,-1.5717556645894502
-1.028484923664085,1752025500,1752026100,1752029820,1,ALIGNED_WITH,STOP,10.0,0.143803322855887,3.442622926879323,-1.8724496698804391
0.11155991182733767,1752031800,1752032040,1752033360,-1,ALIGNED_COUNTER,STOP,4.0,0.0,317117664.9437322,1.1699714523226155
0.08586420379154633,1752108000,1752110400,1752112740,1,ALIGNED_WITH,STOP,40.0,0.6580511478270072,0.7076566114536439,-1.4721789561705247
0.10527346646004093,1752131400,1752131460,1752131820,-1,ALIGNED_COUNTER,STOP,1.0,0.0,803351121.8224674,1.2813517637213008
0.17490805246383206,1752143700,1752144180,1752144600,-1,ALIGNED_COUNTER,STOP,8.0,0.10241939697967305,10.878571322355707,2.864535981059762
0.1562302518547909,1752202500,1752202560,1752203280,-1,ALIGNED_COUNTER,STOP,1.0,0.0,442112456.07187605,1.0123639449406476
-1.022596642870896,1752210600,1752211020,1752211620,-1,ALIGNED_COUNTER,STOP,7.0,0.6065984950800548,0.8256997441859111,1.6514862460571365
-1.0198583220796618,1752212100,1752212280,1752212640,-1,ALIGNED_COUNTER,STOP,3.0,0.4777177582714362,1.1208480541908878,3.8148810116908285
1.3909651660621456,1752280800,1752281220,1752301860,1,ALIGNED_WITH,STOP,7.0,0.3144868786003708,1.246947078803125,-1.5077002239943333
-1.038853066415429,1752302700,1752302880,1752304320,-1,ALIGNED_COUNTER,STOP,3.0,0.16288271314176017,4.093117383777781,1.0204830979098163
0.07493692030137056,1752313500,1752313860,1752314100,1,ALIGNED_WITH,STOP,6.0,0.2706144539955432,2.5458823435333238,-2.5186606168460446
-0.0008977289635619147,1752365100,1752365280,1752367080,-1,ALIGNED_COUNTER,TIME,3.0,0.0,361251419.3978345,1.5344885403102018
0.7623091775487143,1752371400,1752371700,1752373080,-1,ALIGNED_COUNTER,TP,5.0,0.155234822451393,2.8429751882956915,2.677560284853083
-0.46624083725095145,1752377100,1752378360,1752380160,-1,ALIGNED_COUNTER,TIME,21.0,0.5628833669129352,0.8162583504429642,1.506777556313074
0.08641424092125537,1752451200,1752452580,1752452880,1,ALIGNED_WITH,STOP,23.0,0.570206943731817,0.6934613065222549,-1.7256091919543572
0.0859750898844403,1752459900,1752459960,1752461280,1,ALIGNED_WITH,STOP,1.0,0.0010535293232430566,992.6657244281947,-1.3023176278482882
3.2040605741397696,1752461400,1752461460,1752464580,1,ALIGNED_WITH,STOP,1.0,0.0,425969051.2982454,-1.9988807584766568
-1.0218114421495232,1752541800,1752542100,1752542340,1,MIXED,STOP,5.0,0.08078961798576405,9.805429742880756,-1.2487413327677206
0.7794128599654021,1752542700,1752542760,1752543300,1,MIXED,TP,1.0,0.0,1141368239.0713916,-3.325340680786065
0.15725660476066688,1752544800,1752544860,1752545100,1,MIXED,STOP,1.0,0.0,580957363.3272073,-1.475302865271975
0.1316616478284282,1752624300,1752626100,1752626460,1,MIXED,STOP,30.0,0.5678622285510919,0.8683488739508259,-1.6701606384647762
-1.0207381625441583,1752632400,1752632460,1752633360,1,MIXED,STOP,1.0,0.0,462544169.61133313,-1.272770761662977
-0.5269801536316812,1752643800,1752643920,1752645720,1,MIXED,TIME,2.0,0.0,308848855.9634691,-1.0109810337803546
-0.3328266916365023,1752718200,1752718320,1752720120,1,MIXED,TIME,2.0,0.0014405663483701115,333.3997685634006,-1.6730925263340342
-0.08392323744832479,1752722400,1752722460,1752724260,1,MIXED,TIME,1.0,0.0,517001513.97357106,-1.7097094707986749
0.7759516861745007,1752732300,1752732660,1752732960,-1,MIXED,TP,6.0,0.3098852705991773,1.2814136084300995,1.132359595323338
0.08757043433337597,1752820200,1752820740,1752821580,1,ALIGNED_WITH,STOP,9.0,0.2386803941104853,1.8454545377227143,-1.098448481545517
0.7822086580917642,1752825900,1752827280,1752827460,-1,ALIGNED_COUNTER,TP,23.0,0.46675625519930203,1.2328854740062487,5.622388790139942
-0.8916930165169639,1752828000,1752828060,1752829860,-1,ALIGNED_COUNTER,TIME,1.0,0.0,499855114.459579,3.475213697390219
0.7775695784607015,1752884100,1752886260,1752887100,-1,MIXED,TP,36.0,0.4028283927114638,0.9820415854637534,1.689049854857521
-0.5342678122380384,1752893700,1752893820,1752895620,-1,MIXED,TIME,2.0,0.1620564403464653,3.0965517050301723,1.3982521443419196
0.7467332731376397,1752914100,1752914160,1752914820,1,MIXED,TP,1.0,0.0,551693002.257273,-2.28953241674385
0.12257501414168717,1752969600,1752970020,1752971820,-1,MIXED,STOP,7.0,0.10388313978639087,3.1883407764824705,1.5157173193598552
-1.031263290276125,1752973800,1752973860,1752974520,-1,MIXED,STOP,1.0,0.0,402515246.7896983,1.943276847084838
0.5164998632067326,1752982800,1752982920,1752984720,-1,MIXED,TIME,2.0,0.0,717293981.0976975,3.1520338991843233
0.7844970261067012,1753056000,1753056540,1753057080,-1,MIXED,TP,9.0,0.10514566780173361,3.690176287322559,2.0401954056253917
-0.03974282017409681,1753064100,1753064160,1753065960,-1,MIXED,TIME,1.0,0.0,366347563.2928734,1.1093497663337029
-0.3208236410382126,1753068300,1753068600,1753070400,1,MIXED,TIME,5.0,0.043095004897173966,8.664772526207754,-1.3824600473493136
0.5324782218642495,1753142400,1753142820,1753144620,-1,MIXED,TIME,7.0,0.12209754471728777,2.990445835379326,1.0138436976602154
0.7848429196595138,1753151400,1753152120,1753152780,-1,MIXED,TP,12.0,0.34019609653416594,1.9217325171473267,1.1868186191006629
0.7848249342093028,1753165800,1753167540,1753168080,1,ALIGNED_COUNTER,TP,29.0,0.6064888937963365,0.5076465582114155,-2.3247031820069504
-1.0167434634957757,1753229100,1753230240,1753230480,1,ALIGNED_WITH,STOP,19.0,0.6060769023930936,1.0710835040989979,-1.7706141633450823
0.08401471821857112,1753230600,1753230780,1753231740,1,ALIGNED_WITH,STOP,3.0,0.0,515271105.01028514,-1.7548228278549993
-1.0145094063309765,1753232700,1753233600,1753236180,1,ALIGNED_WITH,STOP,15.0,0.3155431928666026,1.0242214500413658,-1.9775643390577127
0.13194010027782374,1753315200,1753316340,1753317000,1,MIXED,STOP,19.0,0.5591248480639021,0.8239130420047165,-1.1183000005089418
-0.5444942508795533,1753335600,1753336440,1753338240,-1,MIXED,TIME,14.0,0.5507232212666142,0.697515526683784,2.834805643561314
-0.8290243926650482,1753341300,1753341420,1753343220,-1,MIXED,TIME,2.0,0.04295563657365635,7.199999832384871,1.5198129358690864
0.768068835880836,1753401600,1753401840,1753402260,-1,MIXED,TP,4.0,0.6295352786783998,0.9656652345175688,2.4591896076329673
0.7712199198047501,1753402800,1753402920,1753403700,-1,MIXED,TP,2.0,0.06834030683403068,6.707142758999148,1.361658070753147
0.24213612864237877,1753404000,1753404060,1753405860,-1,MIXED,TIME,1.0,0.0,368470525.04361403,1.4798842626438726
0.1281043164778787,1753488600,1753488960,1753490460,1,MIXED,STOP,6.0,0.2242143882596765,1.8545816650355307,-2.076741008353669
0.7658761202094819,1753494900,1753495440,1753496400,1,MIXED,TP,9.0,0.4923102502286445,0.9468085087149347,-2.109753219032606
0.7667063137445481,1753496700,1753496760,1753497060,1,MIXED,TP,1.0,0.0,411364740.16507626,-1.7505691280337243
1.407467044677753,1753574400,1753575600,1753583040,1,ALIGNED_WITH,STOP,20.0,0.746531547834429,0.619909501432131,-1.6396845474582848
0.06480885400045676,1753583400,1753583520,1753585560,1,ALIGNED_WITH,STOP,2.0,0.0008934839491210391,349.99960830599736,-1.2651329390491135
0.3646441439336484,1753594800,1753594860,1753596660,-1,ALIGNED_COUNTER,TIME,1.0,0.0,405631170.0450351,1.419089845013728
0.08279738308149259,1753660800,1753661700,1753662120,1,ALIGNED_WITH,STOP,15.0,0.39198273203818246,1.3491189392896688,-1.633884134657005
1.4362848413899543,1753667100,1753668540,1753670280,1,ALIGNED_WITH,STOP,24.0,0.4521029038060913,0.6984969038484258,-2.0823708766635365
-1.0154526333287168,1753671300,1753671720,1753676280,1,ALIGNED_WITH,STOP,7.0,0.0651613796924892,7.565476074371546,-2.3781225024342874
-1.020719571328158,1753747200,1753747260,1753747680,-1,MIXED,STOP,1.0,0.0,371047083.6261145,1.6064330727297822
0.7783552978745665,1753748100,1753749000,1753749240,-1,MIXED,TP,15.0,0.6376295675845496,0.8189655159569885,1.4407215861963896
0.12825211810688442,1753749300,1753749600,1753749780,-1,MIXED,STOP,5.0,0.3771392351574075,1.5088235254110007,1.6532602850347378
-0.7824361674777242,1753842900,1753843260,1753845060,1,ALIGNED_COUNTER,TIME,6.0,0.3719278915312475,1.104838706706743,-1.0811520629403726
0.7691092626607321,1753852500,1753852560,1753853040,1,MIXED,TP,1.0,0.26134872736808407,1.1787148549281372,-2.599795534568938
0.11702771041081081,1753855800,1753856160,1753857240,1,MIXED,STOP,6.0,0.0921420023932993,3.6363635968988595,-1.7201671477651952
-1.0321951319010285,1753923300,1753923480,1753925040,1,ALIGNED_COUNTER,STOP,3.0,0.07070981778623814,7.807692197273522,-1.466574670352363
0.7684617346159829,1753926900,1753927140,1753927800,1,MIXED,TP,4.0,0.028859367842465445,12.388888459582962,-3.14615741220153
0.14897762645914894,1753931400,1753933680,1753933980,1,MIXED,STOP,38.0,0.22944008441606817,1.416498987789613,-1.6083197344683764
0.08918226163487289,1754006400,1754007000,1754007420,-1,ALIGNED_WITH,STOP,10.0,0.21150412294605805,2.0836653287938,1.6490159020524249
-1.0096005804192518,1754009400,1754009460,1754009640,-1,ALIGNED_WITH,STOP,1.0,0.0,2218664556.051225,1.594809390113416
0.09174069887105545,1754010000,1754010300,1754011500,-1,ALIGNED_WITH,STOP,5.0,0.3877121572843922,1.6450360467830611,1.6167128494834468
0.08961096975279705,1754095800,1754097780,1754098440,-1,ALIGNED_WITH,STOP,33.0,0.4917962088095081,0.6562499986656489,1.8291161213713336
0.07831403673341969,1754109300,1754111220,1754112180,-1,ALIGNED_WITH,STOP,32.0,0.005138871895231734,93.22220408223782,1.3130367159118594
-1.041025677139739,1754116200,1754116500,1754116620,1,ALIGNED_COUNTER,STOP,5.0,0.1365113759480585,5.52910048859512,-3.9234916139631224
0.08700970768050001,1754179500,1754180520,1754181720,-1,ALIGNED_WITH,STOP,17.0,0.4969183931090588,1.0223152001742921,1.6209237455045369
-1.0107835078158491,1754182800,1754182980,1754186640,-1,ALIGNED_WITH,STOP,3.0,0.2237200631005317,1.560256403282227,1.4775457248477404
0.5107672852598102,1754195700,1754196720,1754198520,1,ALIGNED_COUNTER,TIME,17.0,0.1203605514315861,3.4096916016277894,-1.3958669078457289
0.11586087624906158,1754265600,1754265660,1754267100,1,MIXED,STOP,1.0,0.0,621743957.6394334,-1.1004579368443967
0.7683001266223695,1754268000,1754268120,1754268300,1,MIXED,TP,2.0,0.05927508705284912,6.925233528030131,-1.0990165029198558
-1.025482729866822,1754270100,1754270700,1754272080,1,MIXED,STOP,10.0,0.6462904248572883,0.752747251582618,-1.2068706062907641
-0.08151184293387621,1754364300,1754365260,1754367060,1,MIXED,TIME,16.0,0.09438784960176251,5.335164778642157,-2.077090115062643
-1.023442237975694,1754377200,1754377260,1754378460,-1,ALIGNED_WITH,STOP,1.0,0.0,308220686.0111832,1.7261167301329923
0.07686941467434859,1754378700,1754378760,1754379060,-1,ALIGNED_WITH,STOP,1.0,0.0,388163318.4362017,1.5430188984709072
-1.031654151624572,1754440200,1754440740,1754441160,1,ALIGNED_COUNTER,STOP,9.0,0.4337683976673499,1.108834824588395,-2.050383499473531
-1.0322919753587008,1754441400,1754441520,1754443200,1,ALIGNED_COUNTER,STOP,2.0,0.06241387695549986,10.872727098524122,-2.1430152820680086
0.767281453768072,1754443500,1754443980,1754444520,1,ALIGNED_COUNTER,TP,8.0,0.5796160013156098,0.5223435939350308,-2.1454440510225803
0.7568533680146186,1754527200,1754529540,1754529960,1,MIXED,TP,39.0,0.590904215381296,0.6772553991080577,-1.2954137929198266
-1.049532248904209,1754531700,1754531760,1754532420,-1,MIXED,STOP,1.0,0.0,2179640718.562876,2.421107304394427
0.758179146919449,1754532600,1754533620,1754533860,-1,MIXED,TP,17.0,0.4950783813342691,0.6818851238068679,2.5989195723050034
-1.0198269023215194,1754611800,1754611860,1754612340,1,ALIGNED_WITH,STOP,1.0,0.0,331099923.9432979,-1.065677555131332
0.08064532652266776,1754612400,1754612460,1754612640,1,ALIGNED_WITH,STOP,1.0,0.10279876556346357,6.086956462527636,-1.443298195821331
0.38200200601801765,1754628300,1754629380,1754631180,-1,ALIGNED_COUNTER,TIME,18.0,0.26374776503421465,1.9722222147446047,1.3811275906079052
0.058750330271021486,1754705700,1754705940,1754713200,1,ALIGNED_WITH,STOP,4.0,0.08397236352586593,5.063291078947125,-1.480145486396445
0.7458650099535202,1754714400,1754714460,1754714520,-1,ALIGNED_COUNTER,TP,1.0,0.0,415262110.15272117,1.963421468485832
-1.0480902852417915,1754714700,1754714880,1754715840,-1,ALIGNED_COUNTER,STOP,3.0,0.0,328234807.77189654,2.0013688889787296
-1.043925867083201,1754785200,1754785800,1754786940,-1,MIXED,STOP,10.0,0.01206376561831195,33.12499725405383,2.31407395595556
-0.302846031377059,1754787000,1754787960,1754789760,-1,MIXED,TIME,16.0,0.5141196978500635,1.3876582251490235,3.224900976966135
1.5338573306116325,1754795100,1754795160,1754795400,1,ALIGNED_WITH,STOP,1.0,0.0,773098409.9699378,-1.8731416889395693
-1.0146088759567988,1754870400,1754871720,1754874540,1,ALIGNED_WITH,STOP,22.0,0.5945265806857544,1.0246913563011497,-1.6880028999288454
2.028407707039633,1754874600,1754875620,1754877600,1,ALIGNED_WITH,STOP,17.0,0.6898032615634736,0.573616018014092,-2.472239711224028
1.750331504013324,1754877900,1754878080,1754878920,1,ALIGNED_WITH,STOP,3.0,0.22593290230614482,4.02523657524419,-2.9644097778623175
-1.0184023305319516,1754957100,1754957340,1754957760,-1,MIXED,STOP,4.0,0.03197551943584664,10.135922013119327,2.0643795797787985
-0.7380291488222999,1754960100,1754961300,1754963100,-1,MIXED,TIME,20.0,0.5892665952890724,0.8648648633971656,1.9454019525920663
0.7730725372362783,1754966100,1754966760,1754967960,-1,MIXED,TP,11.0,0.49077574230235255,0.7032258050186194,1.7789153379002365
-1.0178003243758726,1755045300,1755045480,1755046560,1,ALIGNED_WITH,STOP,3.0,0.16740340276675994,2.6063829631535267,-2.3542489773456916
-1.01697370812037,1755047700,1755047880,1755051060,1,ALIGNED_WITH,STOP,3.0,0.014906303236797156,68.3714239846836,-2.4291178517414096
0.7767129059280035,1755063600,1755063660,1755064260,-1,ALIGNED_COUNTER,TP,1.0,0.0,682154524.8931973,1.6216106058075004
0.08926950721617173,1755129600,1755129720,1755130020,1,ALIGNED_WITH,STOP,2.0,0.07739845873198328,7.144781052470567,-1.8161507184947214
0.0900042023382205,1755130800,1755131280,1755131640,1,ALIGNED_WITH,STOP,8.0,0.5383871858602349,0.6692100526170349,-1.5588388199687349
-1.0086543727013701,1755132600,1755132900,1755144900,1,ALIGNED_WITH,STOP,5.0,0.3359731724478714,1.5046787229075373,-1.154323006586901
0.130900524249415,1755216000,1755217440,1755218220,-1,MIXED,STOP,24.0,0.5842494226327811,0.5439955718414745,1.5879741106561058
-0.3589324452823768,1755222600,1755223380,1755225180,-1,MIXED,TIME,13.0,0.21690302483808965,1.9065255644026804,1.7923784277490769
-1.0223166939663118,1755227400,1755227520,1755229020,-1,MIXED,STOP,2.0,0.0,477806718.4017826,1.0345342580792711
-1.0191991459291325,1755302400,1755302460,1755303360,-1,ALIGNED_WITH,STOP,1.0,0.0,357235618.2654039,1.9504990729384521
0.08168222741434913,1755305400,1755306360,1755313500,-1,ALIGNED_WITH,STOP,16.0,0.3341121495327135,1.054545451389111,1.1386859694209843
-1.0337440914501737,1755324900,1755325680,1755326220,1,ALIGNED_COUNTER,STOP,13.0,0.20112465624102216,1.9714285616265483,-1.9496824879718226
0.06305283987299917,1755389400,1755390060,1755392520,-1,ALIGNED_WITH,STOP,11.0,0.5427162828392866,0.6045296156106998,1.5400764321935816
-1.0339276411178127,1755394500,1755395040,1755397740,-1,ALIGNED_WITH,STOP,9.0,0.5352252308073281,1.3063209051767304,2.103335885322313
-1.0323830989799017,1755397800,1755397980,1755402120,-1,ALIGNED_WITH,STOP,3.0,0.04383788254758389,13.377358185402384,2.0056857827311108
-1.0210972064448653,1755477000,1755477120,1755477660,-1,ALIGNED_WITH,STOP,2.0,0.0,928789459.4489936,1.8019716231819716
0.08108346253231943,1755477900,1755478560,1755480180,-1,ALIGNED_WITH,STOP,11.0,0.41279069767439946,1.226525818624984,1.5968234735142668
0.08511585198971552,1755480900,1755481020,1755481140,-1,ALIGNED_WITH,STOP,2.0,0.0,532213038.4804613,1.3585507186946424
-1.024323096234305,1755561600,1755562620,1755562920,1,ALIGNED_COUNTER,STOP,17.0,0.3158995815899568,1.070198672108753,-1.9215462865573765
0.772906508402256,1755563700,1755563820,1755564420,1,ALIGNED_COUNTER,TP,2.0,0.0,737530008.0021346,-2.836103778628173
0.7767497461639563,1755564900,1755564960,1755565380,1,ALIGNED_COUNTER,TP,1.0,0.0,309451828.19006485,-2.0961367478838566
0.08207224733484542,1755648600,1755648720,1755649800,-1,ALIGNED_WITH,STOP,2.0,0.014750365360390828,27.580643291540202,1.04377453648331
0.08517999195864144,1755651900,1755652140,1755652800,-1,ALIGNED_WITH,STOP,4.0,0.16337064153268646,2.930288443602842,2.099213126475279
0.08703818739943925,1755653400,1755653700,1755654480,-1,ALIGNED_WITH,STOP,5.0,0.015167930660868297,25.22727106410816,2.2308845212593114
0.7735111685557041,1755735000,1755736260,1755736980,1,MIXED,TP,21.0,0.6078080466626967,0.6923664110745982,-2.4990662119703453
0.12112491134107484,1755739200,1755739260,1755739380,1,MIXED,STOP,1.0,0.0,426575957.1542209,-2.2559213176634727
0.7716413030377992,1755740100,1755740280,1755741180,1,MIXED,TP,3.0,0.006451384211774545,66.69229735524135,-2.149552048307856
0.08556289047109074,1755821700,1755823740,1755825300,-1,ALIGNED_WITH,STOP,34.0,0.6049976633587074,0.6590330777911413,1.7432677560377507
-1.0166563352641331,1755827100,1755827460,1755828840,-1,ALIGNED_WITH,STOP,6.0,0.0,451998860.50707805,1.7975478940006084
-1.0158749944828898,1755828900,1755829020,1755829440,-1,ALIGNED_WITH,STOP,2.0,0.0,728438158.2907412,1.78443504082643
0.07911488883784408,1755907800,1755908520,1755909360,1,ALIGNED_WITH,STOP,12.0,0.527988360517656,1.112690353222594,-2.4730593671670156
-1.0211113876933609,1755912000,1755912060,1755913080,1,ALIGNED_WITH,STOP,1.0,0.0,597650343.1429905,-2.742901250718916
0.07967320285896107,1755913500,1755913620,1755914640,1,ALIGNED_WITH,STOP,2.0,0.0,720877147.0269393,-3.395169466676759
0.10065342298287974,1755993600,1755993660,1755994260,-1,MIXED,STOP,1.0,0.0,403056234.71886903,3.0729197679868903
-1.0491423144715328,1755999900,1756000440,1756000860,1,MIXED,STOP,9.0,0.36844344496446174,1.4018475712527916,-1.762086851697153
-1.039436983087329,1756003200,1756003320,1756003500,1,MIXED,STOP,2.0,0.37774953563395863,1.2409420257004804,-1.5917023180509684
0.24034702497710092,1756083000,1756083300,1756084680,1,ALIGNED_COUNTER,STOP,5.0,0.0972930561004243,4.319892428718101,-0.8562872763316463
0.08585106329228971,1756103700,1756104240,1756104960,-1,ALIGNED_WITH,STOP,9.0,0.0026525916903394923,129.28566554687515,2.5564127752130763
0.08519938777058857,1756107300,1756107360,1756108080,-1,ALIGNED_WITH,STOP,1.0,0.16319799840782317,6.8951219089694025,2.3002360079158093
0.0923359323284216,1756166400,1756166460,1756166640,-1,ALIGNED_WITH,STOP,1.0,0.0,520456992.4632268,1.7837218908872376
-1.0082019786197014,1756169700,1756170060,1756170360,-1,ALIGNED_WITH,STOP,6.0,0.4442362064787018,2.6812627230886763,0.9805933636415368
-1.00761663437173,1756171800,1756172100,1756185000,-1,ALIGNED_WITH,STOP,5.0,0.15337606200626058,3.004081613066722,0.9940976904518936
-0.17322240085742868,1756253100,1756253400,1756255200,1,MIXED,TIME,5.0,0.0,421579135.4055029,-2.6926553817672696
-1.0198902234352067,1756256100,1756257120,1756258740,1,MIXED,STOP,17.0,0.2824567668214242,1.1213653563332515,-2.0993305070733923
-0.0557052873186325,1756258800,1756259280,1756261080,1,MIXED,TIME,8.0,0.21728556985546307,2.463028157678413,-1.814366494082131
-1.0183401886614196,1756340700,1756341240,1756341780,-1,MIXED,STOP,9.0,0.5497659463804624,0.6441902456674773,1.5659650877127191
-1.0170382332975703,1756341900,1756342500,1756343580,-1,MIXED,STOP,10.0,0.49909124750915146,0.6461916448968802,1.7739987969377515
-1.011967011052553,1756344000,1756344120,1756351800,-1,ALIGNED_WITH,STOP,2.0,0.006442854184403678,54.44999154877501,1.9877559218052614
0.19525933692262426,1756425600,1756425720,1756426260,-1,MIXED,STOP,2.0,0.0,632473788.6087031,1.8793986867334243
0.772182611932356,1756428300,1756428780,1756429500,-1,MIXED,TP,8.0,0.2342514800240894,1.8177966024096435,1.6846307778338026
0.774562380936897,1756430100,1756430160,1756430400,-1,MIXED,TP,1.0,0.0,398686648.6785453,1.4553975160750998
0.08503387858313638,1756512000,1756512060,1756514820,-1,ALIGNED_WITH,STOP,1.0,0.0,462158478.041823,1.9983248905925934
0.0836408572048653,1756520400,1756520640,1756520820,-1,ALIGNED_WITH,STOP,4.0,0.07656250000001362,4.708333271836267,1.2863876707233968
0.08488420108792975,1756527600,1756529940,1756532160,-1,ALIGNED_WITH,STOP,39.0,0.6205391834538914,0.8213081578133488,1.423421310426285
-1.0362495440801809,1756599000,1756599180,1756600440,-1,ALIGNED_WITH,STOP,3.0,0.19198628669377568,1.916666656683757,1.3347698554997447
-1.0355699573813673,1756601400,1756601460,1756601760,-1,ALIGNED_WITH,STOP,1.0,0.05281911548935764,12.111110881829001,4.403937309609784
0.7531253218883803,1756602000,1756602060,1756602540,-1,MIXED,TP,1.0,0.0,1047210300.4291753,3.2303013327230516
0.7752345999868797,1756686300,1756686600,1756687320,1,ALIGNED_COUNTER,TP,5.0,0.6252543151539296,0.8170462881862213,-1.607604190257787
1.407741101115084,1756691100,1756691400,1756702440,-1,ALIGNED_WITH,STOP,5.0,0.5689143156607734,0.9989253072177626,1.7132659540215571
-1.0124715469429886,1756703100,1756703340,1756705020,-1,ALIGNED_WITH,STOP,4.0,0.6754508319218784,1.2250903440820113,1.3078386163731677
-0.47698487798190536,1756774200,1756775100,1756776900,1,MIXED,TIME,15.0,0.42774883465862573,0.7583333315604115,-0.9947287659831402
0.7821827394209341,1756781100,1756781340,1756781880,1,MIXED,TP,4.0,0.0613864142539262,8.142857010203901,-1.488067981532247
0.13390061251277655,1756782000,1756782420,1756783020,1,MIXED,STOP,7.0,0.5786787224734128,0.9243951596928288,-1.4462954918510094
-1.0167239330785798,1756860000,1756860060,1756860660,1,ALIGNED_WITH,STOP,1.0,0.0,475193474.84023094,-1.0338358502338394
-1.0160782863450166,1756860900,1756861380,1756862580,1,ALIGNED_WITH,STOP,8.0,0.29071890570361175,1.1177347204472776,-1.3158606584305574
0.08382899247556225,1756862700,1756863000,1756865340,1,ALIGNED_WITH,STOP,5.0,0.0,434918355.240562,-2.527834407159349
-0.2531309328091468,1756949700,1756949820,1756951620,-1,ALIGNED_COUNTER,TIME,2.0,0.011508220157269626,35.39130127247253,1.0876064809518156
-1.0263563551591373,1756952700,1756952760,1756953660,-1,ALIGNED_COUNTER,STOP,1.0,0.0,703358335.0226222,1.0316566126773627
0.7791621562215005,1756958100,1756960200,1756962000,-1,ALIGNED_COUNTER,TP,35.0,0.4807269608105618,0.8024980467304225,3.7080382262872496
-1.0204515089217276,1757030400,1757032500,1757033160,1,MIXED,STOP,35.0,0.7272871036609112,0.9989852852830304,-1.1310601015297645
0.7824663942960405,1757034900,1757035140,1757036460,1,MIXED,TP,4.0,0.2516070620189947,2.1738035178089192,-1.2056610708251148
-1.0179632222554866,1757039700,1757040780,1757041920,1,MIXED,STOP,18.0,0.28597747737373147,1.3359639186655647,-1.5976202335361505
-0.6842147395730492,1757121300,1757121840,1757123640,-1,MIXED,TIME,9.0,0.12336009398864198,2.9722221981283514,2.015504269196255
0.7194738480696785,1757148900,1757149200,1757149440,-1,MIXED,TP,5.0,0.1307596513075957,7.72222216316561,1.8654287144182051
0.711902943516283,1757149800,1757149860,1757149980,-1,MIXED,TP,1.0,0.0,976929196.4994998,1.2465067076088279
-1.0519664678728529,1757203800,1757205000,1757206320,-1,ALIGNED_WITH,STOP,20.0,0.2080258768826025,1.5238095164843335,1.9404092579214236
-1.050507632413975,1757206800,1757207100,1757207400,-1,ALIGNED_WITH,STOP,5.0,0.0,409461183.62944657,2.27150826694729
-1.0410392725341797,1757208600,1757208660,1757209740,-1,ALIGNED_WITH,STOP,1.0,0.0,431541218.6379653,1.8776281620812352
0.11684177512266555,1757289600,1757289660,1757290980,-1,ALIGNED_COUNTER,STOP,1.0,0.15890761681249574,2.518796976629952,2.9438193791482012
0.19208304303275991,1757291400,1757291460,1757291880,-1,ALIGNED_COUNTER,STOP,1.0,0.0,452947667.0870502,2.180798073465499
-0.43122970437932046,1757293200,1757293260,1757295060,-1,MIXED,TIME,1.0,0.0,482243353.38638544,1.574977270869349
0.22163732415011167,1757377500,1757377800,1757378820,-1,ALIGNED_COUNTER,STOP,5.0,0.42741305197343077,1.6383999961666125,1.9066156328816521
0.15008878812861548,1757379000,1757379060,1757379900,-1,ALIGNED_COUNTER,STOP,1.0,0.0,704647025.6432561,2.6608524695821796
-1.0310648346827034,1757380800,1757381160,1757382180,-1,ALIGNED_COUNTER,STOP,6.0,0.34898097555139157,2.8319999918849446,2.558087214159095
0.1199178487135142,1757465700,1757466300,1757467140,1,MIXED,STOP,10.0,0.684155542658174,0.534441804444471,-2.500085030397806
-1.0266749622925844,1757470500,1757470620,1757471100,-1,MIXED,STOP,2.0,0.0,434800493.62405133,1.969382939540975
-0.5468587652168044,1757472300,1757472780,1757474580,-1,MIXED,TIME,8.0,0.012205754141290662,42.962959442883836,1.7049360574211256
0.1209722782697131,1757563200,1757563260,1757564340,-1,ALIGNED_COUNTER,STOP,1.0,0.0,510088546.95888394,3.0071532812041846
0.07878957311966778,1757568300,1757568360,1757570760,1,ALIGNED_WITH,STOP,1.0,0.0,545179162.1826085,-1.3929794352845453
0.07881012299586304,1757572200,1757572320,1757573280,1,ALIGNED_WITH,STOP,2.0,0.05171386582994008,11.322580426211358,-1.9604982151056785
2.0779293166872863,1757635200,1757635260,1757638020,1,ALIGNED_WITH,STOP,1.0,0.0,960415867.7404258,-2.174446864195074
-1.0155266649440535,1757638800,1757638860,1757640840,1,ALIGNED_WITH,STOP,1.0,0.0,407166030.26035446,-2.0106059423346987
-1.0135143484981557,1757642100,1757643000,1757647440,1,ALIGNED_WITH,STOP,15.0,0.524276225090843,0.7510040146318082,-1.4544417741093534
-1.0316406456403244,1757728200,1757728440,1757729100,-1,ALIGNED_COUNTER,STOP,4.0,0.001094305702098432,1649.9984922200315,2.741852073717628
0.08553735980947919,1757729700,1757730720,1757732520,-1,ALIGNED_COUNTER,TIME,17.0,0.13442925180519327,2.603999980629449,1.5280303863471336
-1.0468629082695806,1757742000,1757742780,1757743380,-1,ALIGNED_COUNTER,STOP,13.0,0.505906879777689,0.7724358959089087,2.1531414572429557
-1.0474728724337135,1757809500,1757810100,1757811000,1,ALIGNED_WITH,STOP,10.0,0.37954027022277365,0.8640776676263382,-1.7699878338312298
-1.0472794497391502,1757811300,1757811360,1757811720,1,ALIGNED_WITH,STOP,1.0,0.0,358660487.89003485,-2.9323605038108203
1.9829238297640916,1757812500,1757812560,1757816160,1,ALIGNED_WITH,STOP,1.0,0.0,766715710.3155086,-3.3508381716092024
0.20703415810869671,1757894700,1757894820,1757895060,-1,MIXED,STOP,2.0,0.0989041284719833,3.1024389930223837,1.0343912319210131
-0.41843187470946225,1757901900,1757903580,1757905380,-1,MIXED,TIME,28.0,0.2168177591817883,1.6697936133116729,1.544417803054403
0.12145813119597063,1757911200,1757911260,1757911860,1,MIXED,STOP,1.0,0.0,636855796.9485712,-1.0407280274007131
0.11248850183952132,1757982300,1757982660,1757983020,1,MIXED,STOP,6.0,0.3931448796162861,0.9253731319745904,-1.338420771953479
-1.0276809127065758,1757994900,1757994960,1757995860,1,MIXED,STOP,1.0,0.0,417609545.36103183,-1.958140046585909
0.7727305388208102,1757996400,1757996460,1757996760,1,MIXED,TP,1.0,0.0,431665876.937679,-1.8240401095571814
0.0760216484549155,1758068100,1758068280,1758072060,1,ALIGNED_WITH,STOP,3.0,0.0,341117377.5114728,-1.7629965321726593
0.07366534666216332,1758076800,1758077220,1758077640,1,ALIGNED_WITH,STOP,7.0,0.0,514512000.77272916,-1.0965426269521508
1.351551800293201,1758084600,1758084720,1758086280,1,ALIGNED_WITH,STOP,2.0,0.0,398821772.989584,-1.0106703513286281
0.0874160871108783,1758156000,1758157500,1758161160,1,ALIGNED_WITH,STOP,25.0,0.5172940686206141,0.7048872166825083,-1.5966194103484628
1.5296912539382483,1758164100,1758164220,1758165420,1,ALIGNED_WITH,STOP,2.0,0.0,422306238.1852442,-1.6173836376340198
0.0862770964517864,1758165600,1758165660,1758167040,1,ALIGNED_WITH,STOP,1.0,0.0,555172413.7931421,-3.1282540027111256
-1.031943316947554,1758240300,1758240660,1758241020,-1,ALIGNED_COUNTER,STOP,6.0,0.2578027465668539,1.6122881293386773,2.8028376953293312
0.5623402084744008,1758242400,1758244380,1758246180,-1,ALIGNED_COUNTER,TIME,33.0,0.6253480845939466,0.8264532421494153,1.3665681803558776
0.6721358954451224,1758256200,1758258000,1758259800,-1,ALIGNED_COUNTER,TIME,30.0,0.6066252587991594,0.6544368589894352,1.706443576259878
-1.051130153575663,1758326400,1758327420,1758329220,-1,MIXED,TIME,17.0,0.3210878830931101,0.979351029398357,1.2710638712359357
0.08931277648644032,1758329700,1758330060,1758330480,-1,MIXED,STOP,6.0,0.0,390492614.5309785,1.563843776123135
0.08672750978855784,1758333900,1758334200,1758334920,-1,MIXED,STOP,5.0,0.23241973375094696,1.8915094258244642,1.361370348691154
-0.21387435946478894,1758423300,1758424620,1758426420,-1,MIXED,TIME,22.0,0.35869980879546004,1.716417905662465,2.0001515196869604
-0.7445778438662143,1758429300,1758430140,1758431940,-1,MIXED,TIME,14.0,0.0014869888476701973,320.99978410887326,1.0122309265035558
0.7044727004716004,1758435000,1758435600,1758436680,-1,MIXED,TP,10.0,0.011556603773537056,27.14285479428215,2.3962172928704426
0.07348302743242188,1758499500,1758500280,1758500700,-1,ALIGNED_WITH,STOP,13.0,0.6499901322281868,0.8905419752505069,2.729300707539844
0.20070541914793485,1758501600,1758501660,1758501780,1,ALIGNED_COUNTER,STOP,1.0,0.09427393495197572,5.925170005171361,-4.671461064546283
-1.0165243009286535,1758502800,1758502860,1758503700,-1,ALIGNED_WITH,STOP,1.0,0.12234652452823623,3.3085106112539635,1.328489869248025
0.07987118384240098,1758585600,1758585840,1758586380,-1,ALIGNED_WITH,STOP,4.0,0.2956348445943715,1.9854809370223505,1.8342349254662227
0.0777969772730213,1758588900,1758589920,1758591960,-1,ALIGNED_WITH,STOP,17.0,0.2634009915674966,1.862612605540785,0.9580900835795169
1.684194409201445,1758594300,1758594420,1758597120,-1,ALIGNED_WITH,STOP,2.0,0.0,411206043.0493518,2.78261824277233
0.07929462127503761,1758673500,1758673860,1758674340,-1,ALIGNED_WITH,STOP,6.0,0.1400498200941196,2.897233180893649,1.1909566898667925
1.4591365809380177,1758678000,1758678060,1758682320,-1,ALIGNED_WITH,STOP,1.0,0.0,409304084.72005713,1.7073810726740202
0.08254111411744722,1758682800,1758683880,1758684300,-1,ALIGNED_WITH,STOP,18.0,0.4774693523065287,0.6875612130555137,1.9825041753240715
0.7650595023122841,1758758400,1758758580,1758758880,1,MIXED,TP,3.0,0.24047566615282823,1.9999999916831501,-1.4817869219778306
-1.030143591696786,1758760500,1758760560,1758760920,-1,MIXED,STOP,1.0,0.0,477775661.77873456,1.6134844097996897
0.1267675692416637,1758765000,1758765060,1758765300,-1,MIXED,STOP,1.0,0.0,920036574.9343227,1.3135532870838367
0.0877632584044681,1758845400,1758846720,1758847800,-1,ALIGNED_WITH,STOP,22.0,0.5930520495251757,0.5970488071657852,1.961153176886482
-1.0121240829649258,1758848100,1758848820,1758852240,-1,ALIGNED_WITH,STOP,12.0,0.40561867186384293,1.104183754455894,1.5352656339417463
0.08898086148453686,1758852300,1758852480,1758856620,-1,ALIGNED_WITH,STOP,3.0,0.0,513659083.0748163,1.4126653417287467
0.07575284410796648,1758960600,1758960660,1758961800,1,ALIGNED_COUNTER,STOP,1.0,0.0,600660066.0067521,-1.8452109013368065
0.05299844861015842,1758964200,1758965160,1758965400,-1,ALIGNED_WITH,STOP,16.0,0.40982546864896263,1.6750788602663516,4.496577219102086
-1.0395265400025433,1758966900,1758967260,1758969360,-1,ALIGNED_WITH,STOP,6.0,0.20193873594422532,2.6021505247474397,3.5100159452304753
-1.0722923301610945,1759017600,1759017780,1759018140,1,ALIGNED_COUNTER,STOP,3.0,0.0,371996607.93362176,-1.3685974950174624
0.732508749229796,1759018500,1759018560,1759018740,1,ALIGNED_COUNTER,TP,1.0,0.0,351201478.74306655,-1.456645714412452
-1.0676128157731821,1759019100,1759019280,1759019580,1,ALIGNED_COUNTER,STOP,3.0,0.0,1147258163.8940892,-1.4471996744680513
-1.0211449003769364,1759104300,1759104600,1759105140,1,MIXED,STOP,5.0,0.37431340872375896,1.0080563920702912,-2.398478741564739
-1.0209641448336961,1759110600,1759112580,1759113480,1,MIXED,STOP,33.0,0.5166590842187287,1.000725161224732,-1.4915170631446546
-0.052251623987531165,1759113600,1759114680,1759116480,1,MIXED,TIME,18.0,0.2859636204968557,1.0614152165820931,-1.1821616689353172
0.07167853338285825,1759190400,1759190940,1759191240,1,ALIGNED_WITH,STOP,9.0,0.5893719806763511,0.7881462786122652,-1.6961718035248075
2.984208105576861,1759191600,1759192080,1759193460,1,ALIGNED_WITH,STOP,8.0,0.49563218390796265,0.6363636350798839,-2.01253562637734
-1.0140504378345114,1759202700,1759203840,1759209600,1,ALIGNED_WITH,STOP,19.0,0.06264806528033717,6.8882351841658505,-1.5714069125110603
0.08348908042415078,1759276800,1759276860,1759277280,1,ALIGNED_WITH,STOP,1.0,0.0,771749240.4043014,-1.2737393521190536
-1.0186878394608168,1759288500,1759289100,1759290360,1,ALIGNED_WITH,STOP,10.0,0.5107916185678875,0.8926174479168032,-2.3931418284523454
0.08163090714753848,1759290600,1759290660,1759294680,1,ALIGNED_WITH,STOP,1.0,0.0,409336965.1415466,-2.596601187319703
0.12689804290656584,1759363800,1759363860,1759363980,-1,ALIGNED_COUNTER,STOP,1.0,0.0,1292844290.6574569,2.332501884330663
0.08858281951346354,1759366500,1759367580,1759369860,1,ALIGNED_WITH,STOP,18.0,0.5493988823129176,0.7425118220851843,-1.5479007328037822
-1.0386648358791228,1759407900,1759408320,1759408500,-1,ALIGNED_COUNTER,STOP,7.0,0.7117322066948202,0.7716894966326536,3.195763765707567
-1.0139812277247622,1759450500,1759450620,1759456440,1,ALIGNED_WITH,STOP,2.0,0.07501931560451607,4.4465115686356915,-1.1932045193746066
0.08435612995771805,1759456500,1759457040,1759458180,1,ALIGNED_WITH,STOP,9.0,0.2910635444028147,1.4717741884919628,-3.5966469390613898
-1.0158638984614792,1759461300,1759461660,1759466400,1,ALIGNED_WITH,STOP,6.0,0.0,443308287.6673868,-0.9131205720776805
-1.0226481155961933,1759538400,1759538460,1759542540,1,ALIGNED_WITH,STOP,1.0,0.0,433167627.759014,-1.6633331677708387
0.07400602652034446,1759542600,1759543140,1759543980,1,ALIGNED_WITH,STOP,9.0,0.4583447645175512,1.3491620082298774,-2.7562221450142146
-1.0342099167933316,1759550700,1759551360,1759552500,-1,ALIGNED_COUNTER,STOP,11.0,0.0716857348588045,6.093749914992164,1.7710127227825065
0.06830308980976127,1759628700,1759631100,1759631220,1,ALIGNED_WITH,STOP,40.0,0.6080878681977221,2.3716475056782462,-1.3593506732982141
-1.0159395777054938,1759632300,1759632360,1759632780,1,ALIGNED_WITH,STOP,1.0,0.0,1072054688.7920551,-2.333208450961351
1.4315528061354228,1759634400,1759634460,1759639380,1,ALIGNED_WITH,STOP,1.0,0.0,398902940.72830594,-3.4874512981068264
0.7707450220828894,1759710000,1759710060,1759710120,-1,ALIGNED_COUNTER,TP,1.0,0.0,1602912915.9501932,3.230425918476863
0.7756117474633712,1759710900,1759711020,1759711140,-1,ALIGNED_COUNTER,TP,2.0,0.0,505073280.7215312,2.6192718200682563
-0.07869866813990208,1759714500,1759714980,1759716780,-1,ALIGNED_COUNTER,TIME,8.0,0.6693238097117354,1.2868345007600326,0.8138997460878511
0.7719899598908977,1759799700,1759799760,1759800000,-1,ALIGNED_COUNTER,TP,1.0,0.0,824322156.2650409,1.0594418523767524
0.2214916921314418,1759806900,1759806960,1759807620,-1,ALIGNED_COUNTER,STOP,1.0,0.0,664629488.1588979,1.5210111068598404
0.7771053490266077,1759812000,1759812180,1759813500,-1,ALIGNED_COUNTER,TP,3.0,0.016919317972855907,18.34782500250151,2.9765856286236194
0.12843616292350413,1759881600,1759881660,1759882020,1,MIXED,STOP,1.0,0.0,463646745.33688444,-1.3806296181049782
-1.0199650387107473,1759884300,1759884540,1759885980,1,MIXED,STOP,4.0,0.14113629452905738,2.4477958063220737,-1.0165987013661084
-1.01991024998831,1759898400,1759898580,1759899420,-1,MIXED,STOP,3.0,0.03014840129211241,10.3152170491426,1.402291304928007
0.7656472436229923,1759971000,1759971120,1759971540,-1,ALIGNED_COUNTER,TP,2.0,0.0,665043311.6442558,1.5335445255601234
0.7690224643179742,1759972800,1759973340,1759973940,-1,MIXED,TP,9.0,0.5139656729900981,0.688976376612206,1.4692432130207453
0.12197455171280974,1759975500,1759975620,1759975740,-1,MIXED,STOP,2.0,0.0,547516800.52452,3.245827047149273
0.20108990357549306,1760054400,1760054520,1760056320,1,MIXED,TIME,2.0,0.0,545396959.4594439,-2.182679063100342
-1.030873386891584,1760062200,1760062800,1760063520,1,MIXED,STOP,10.0,0.44887127849073594,0.769841268126042,-2.1422506147355675
-1.0282064192110496,1760063700,1760063940,1760064840,1,MIXED,STOP,4.0,0.25004989024145474,1.6052141462806433,-2.156136281266143
0.09582840142653587,1760150700,1760151780,1760158440,-1,ALIGNED_WITH,STOP,18.0,0.16386717667276796,1.913396470055544,1.5089249567042473
0.09292291493336845,1760166300,1760166600,1760167320,-1,ALIGNED_WITH,STOP,5.0,0.3274730970144167,2.6944606331714143,1.1430699502375528
-1.0067381536497353,1760175900,1760176320,1760185740,-1,ALIGNED_WITH,STOP,7.0,0.023911805807147628,15.416666021939756,1.1810180061149171
0.09174508484711776,1760227200,1760227380,1760229240,-1,ALIGNED_WITH,STOP,3.0,0.0,372953577.03521585,1.4631880957226304
-1.008984173015494,1760229600,1760229660,1760235420,-1,ALIGNED_WITH,STOP,1.0,0.0,599655935.1191949,1.5797213892177864
0.09099901586968961,1760236200,1760236560,1760238240,-1,ALIGNED_WITH,STOP,6.0,0.656242347920384,0.5686567155513541,1.7942569825853951
0.13957037314977427,1760313600,1760314440,1760314620,1,MIXED,STOP,14.0,0.345072973812234,1.3679789986603843,-1.973695586940533
-0.4281980349301519,1760330700,1760332380,1760334180,1,MIXED,TIME,28.0,0.5958393768999906,0.5340802978898798,-1.8268656771008451
0.13275941665766364,1760355000,1760355060,1760355360,1,MIXED,STOP,1.0,0.0,1242259911.4183812,-4.701716287628568
0.1205005998975809,1760400000,1760400900,1760401140,1,MIXED,STOP,15.0,0.6109444728948114,0.937133275918009,-1.6311438518847952
-1.0280658973282772,1760404200,1760404320,1760405700,1,MIXED,STOP,2.0,0.34270527346481955,1.3857142816708279,-1.283007213458147
0.12850449629128521,1760409000,1760409720,1760409900,-1,MIXED,STOP,12.0,0.36515171948751285,1.223371247942415,2.144455976536622
-1.0189305913888425,1760486700,1760486880,1760487420,1,ALIGNED_COUNTER,STOP,3.0,0.0,359189143.9101964,-2.0017943801614093
0.7821434383409713,1760488500,1760488560,1760489160,1,ALIGNED_COUNTER,TP,1.0,0.0,486940003.1660745,-2.2894405006009637
0.26447857911733347,1760490600,1760490660,1760490840,1,ALIGNED_COUNTER,STOP,1.0,0.0,493925880.36288816,-2.11392689174669
0.09143222506393757,1760572800,1760573400,1760575980,-1,ALIGNED_WITH,STOP,10.0,0.23482910950941607,1.5277227657715777,2.3514847623840405
-1.0107412870541217,1760579700,1760580120,1760583720,-1,ALIGNED_WITH,STOP,7.0,0.6624230234920822,0.7397020146589965,2.3143051743442244
0.08918222518191112,1760584200,1760584620,1760587260,-1,ALIGNED_WITH,STOP,7.0,0.0,331841924.54163575,1.3437511987660364
-1.010391489537173,1760659200,1760659320,1760661300,-1,ALIGNED_WITH,STOP,2.0,0.0,505391196.78381145,2.0233471738825175
0.08813669284466932,1760663100,1760664060,1760665740,-1,ALIGNED_WITH,STOP,16.0,0.5343586387434639,1.0789957113916282,1.9159822382502802
-1.0213004040630747,1760680500,1760681280,1760681820,1,ALIGNED_COUNTER,STOP,13.0,0.21527582917112073,1.7135036416752665,-1.7084068927860385
0.1369774729136465,1760745600,1760746800,1760747100,1,ALIGNED_COUNTER,STOP,20.0,0.445212298682306,0.8821362779447972,-2.4275226896616573
0.778195900157474,1760748300,1760749200,1760750580,1,ALIGNED_COUNTER,TP,15.0,0.12247040298594475,3.7133333030128886,-0.8200363522333386
-1.0223684445902073,1760752800,1760753040,1760753460,1,ALIGNED_COUNTER,STOP,4.0,0.0,351450463.61168486,-1.1369851638733715
-1.0332876079408952,1760834700,1760835300,1760836200,1,ALIGNED_COUNTER,STOP,10.0,0.49728478589871145,0.780701752816044,-1.4165681626646907
0.11266971827446673,1760844000,1760844600,1760845260,1,ALIGNED_COUNTER,STOP,10.0,0.44433284788828975,0.8623417702111822,-2.5990944303436394
0.7643586247917965,1760847600,1760847840,1760848500,1,ALIGNED_COUNTER,TP,4.0,0.0,329764453.96145153,-1.7320408100076867
0.7815132061143643,1760920500,1760920740,1760920800,1,MIXED,TP,4.0,0.06070256234382405,10.598869881895912,-1.9825244977144418
0.7862803453429028,1760930100,1760930280,1760931780,1,MIXED,TP,3.0,0.0,491546480.8512916,-1.5732846674013783
0.7863538679864527,1760932200,1760932260,1760932440,1,MIXED,TP,1.0,0.0,2060277083.0007298,-1.2974386391317179
0.7737440016322366,1761004800,1761004980,1761005640,-1,MIXED,TP,3.0,0.0,865954842.2197797,1.4593510645053587
0.1255857878017647,1761011700,1761011760,1761011940,-1,MIXED,STOP,1.0,0.0,1738437102.9224727,1.216769353716447
0.13005128552447454,1761012300,1761012420,1761013740,-1,MIXED,STOP,2.0,0.14623980827843452,4.187032390320589,2.2427545762670578
0.06635637163889387,1761091200,1761092760,1761094560,-1,MIXED,TIME,26.0,0.5294991371966574,0.6459716996174429,2.214432900165543
0.7805614869061414,1761131100,1761131160,1761131460,1,ALIGNED_COUNTER,TP,1.0,0.0,1208208260.0144975,-4.286703688053523
-1.014753306695268,1761131700,1761132000,1761132480,1,ALIGNED_COUNTER,STOP,5.0,0.5405710944352179,1.153962642994093,-1.8132078008604429
-1.0079871737722943,1761178500,1761179100,1761181920,-1,ALIGNED_WITH,STOP,10.0,0.3332059731906895,1.2347826049899273,1.9084047694072799
-1.0094052152503197,1761182100,1761182580,1761189660,-1,ALIGNED_WITH,STOP,8.0,0.5990449899276132,1.0409764585936114,2.2940445993990277
0.7787550176006941,1761193500,1761194340,1761194520,1,ALIGNED_COUNTER,TP,14.0,0.5061183438564882,0.9706336920544681,-1.469526905523666
-1.0220086733964453,1761264000,1761264420,1761264720,-1,ALIGNED_COUNTER,STOP,7.0,0.37072835940407056,1.0593952455223636,1.6037098364897566
0.7783726903467735,1761265200,1761265320,1761265620,-1,ALIGNED_COUNTER,TP,2.0,0.0,445122976.0770962,2.3814064878574372
0.128654173797838,1761267900,1761268200,1761268560,-1,ALIGNED_COUNTER,STOP,5.0,0.1456964611052738,2.7984084688567625,2.211915993260734
0.08195336914062928,1761351600,1761353280,1761356220,1,ALIGNED_WITH,STOP,28.0,0.6713867187500041,0.6916363626062451,-2.827553746072308
0.07576146680376046,1761365400,1761365640,1761368280,1,ALIGNED_WITH,STOP,4.0,0.18973735863164756,2.3103448154096653,-1.3671606247574042
1.4616464114832743,1761372000,1761372060,1761377640,1,ALIGNED_WITH,STOP,1.0,0.0,804540364.4508327,-1.8597273575908833
0.1012252732837468,1761436800,1761436860,1761437280,-1,ALIGNED_COUNTER,STOP,1.0,0.0,397026672.49666756,1.2829846176685886
-1.0491547391577443,1761438900,1761439260,1761439740,-1,ALIGNED_COUNTER,STOP,6.0,0.6186046511628164,0.662873398643791,2.250358790124698
-0.8284681334068439,1761450900,1761450960,1761452760,-1,ALIGNED_COUNTER,TIME,1.0,0.0,396232019.34907055,1.2536464633458613
-0.8138120042364185,1761523800,1761526200,1761528000,-1,ALIGNED_COUNTER,TIME,40.0,0.7429221795419246,0.5761096209105276,1.2672907640618365
1.557465289145999,1761538800,1761540300,1761547740,1,ALIGNED_WITH,STOP,25.0,0.04404511157918278,8.576270991722701,-2.011597763053018
0.08123776522631206,1761547800,1761547860,1761548760,1,ALIGNED_WITH,STOP,1.0,0.0,458435843.23781,-2.7299124062122377
-1.022699698392358,1761609600,1761609780,1761610980,-1,ALIGNED_COUNTER,STOP,3.0,0.007568644188339311,59.73683421277309,2.486839246814396
0.7777544226591461,1761611100,1761611400,1761612060,-1,ALIGNED_COUNTER,TP,5.0,0.0,586420096.9197135,2.4514943712333057
0.7767566656985306,1761615900,1761617340,1761617460,-1,ALIGNED_COUNTER,TP,24.0,0.23950043566660434,1.658743626350597,2.1011741995065605
0.15729117354714772,1761696000,1761696060,1761697860,-1,MIXED,TIME,1.0,0.11689086210324964,3.4814814516973334,1.4194483546092906
0.18417169152649493,1761699600,1761700020,1761700920,-1,MIXED,STOP,7.0,0.6737255128242251,0.7601918453944454,1.2642151684785075
0.7793513117546862,1761702300,1761702360,1761702600,-1,MIXED,TP,1.0,0.0,330231948.630587,1.6381238460112115
-1.0112715714421288,1761784200,1761784740,1761790680,-1,ALIGNED_WITH,STOP,9.0,0.30160643450438057,1.4720244101752644,3.4646075274382593
0.08944939931350515,1761791100,1761793440,1761796620,-1,ALIGNED_WITH,STOP,39.0,0.3306636155606142,2.04325258897659,1.8264150286644774
0.09211236781610097,1761799200,1761799260,1761799860,-1,ALIGNED_WITH,STOP,1.0,0.0,883285548.2371299,1.094586413040954
-1.0102176931464686,1761870000,1761870120,1761871920,-1,ALIGNED_WITH,STOP,2.0,0.0,419813416.2594393,1.7583687621771755
-0.581096611062324,1761874500,1761874560,1761876360,1,ALIGNED_COUNTER,TIME,1.0,0.0,366777875.32923084,-1.463084012345015
0.1379723927925169,1761876900,1761876960,1761878040,1,ALIGNED_COUNTER,STOP,1.0,0.0,352285781.729471,-3.3617295178286537
-1.0205682840870944,1761958200,1761958380,1761960720,-1,ALIGNED_WITH,STOP,3.0,0.1727839195979736,1.8892508033982445,1.7174459580446089
0.12636775300169711,1761970800,1761970980,1761971760,1,MIXED,STOP,3.0,0.0,472555746.1406992,-1.5413473709065642
-0.44458604184672607,1761978300,1761978720,1761980520,1,MIXED,TIME,7.0,0.053141587458288515,7.8943087945450054,-2.1410213698774747
0.7654331502077172,1762059600,1762059720,1762060320,-1,MIXED,TP,2.0,0.1419447049890393,3.2951541618082265,1.800417689059122
0.77479582450536,1762068300,1762068360,1762069260,1,MIXED,TP,1.0,0.0,461357932.1360184,-1.627007753959923
-1.0224690702855692,1762070400,1762070460,1762071720,1,MIXED,STOP,1.0,0.0,422928904.1928085,-2.057328572561105
0.7804321904423611,1762129800,1762130820,1762131180,-1,MIXED,TP,17.0,0.1723219044235203,2.9319587458721093,1.2794950288358231
1.4553842819289842,1762131600,1762131720,1762138080,-1,ALIGNED_WITH,STOP,2.0,0.0,874403815.5802803,1.4503021924145283
1.356011821127012,1762138500,1762139280,1762140480,-1,ALIGNED_WITH,STOP,13.0,0.3388306420754561,1.394466399046483,2.4298618606283053
0.09196283875283219,1762214400,1762214520,1762216560,-1,ALIGNED_WITH,STOP,2.0,0.0,376155253.0631392,1.7334606214284711
0.09198313048976442,1762219500,1762219560,1762221180,-1,ALIGNED_WITH,STOP,1.0,0.0,407627132.26902103,2.4421879562747564
1.705871766620578,1762234200,1762234260,1762236060,-1,ALIGNED_WITH,STOP,1.0,0.0,832648549.0557399,1.7351665922526947
1.6757940985174449,1762300800,1762301160,1762306200,-1,ALIGNED_WITH,STOP,6.0,0.3582496413199379,1.341609928173415,1.7283176075049347
0.09544714531519076,1762313700,1762315980,1762317360,-1,ALIGNED_WITH,STOP,38.0,0.13662264530400803,2.6192345244991944,1.0761916503110938
0.09053732059624497,1762346700,1762346760,1762348980,-1,ALIGNED_WITH,STOP,1.0,0.0,478194655.9601618,2.017424524436276
-1.0192982027012811,1762387500,1762387800,1762388580,1,MIXED,STOP,5.0,0.5672657662448463,1.4225721759698575,-1.2103918907695055
0.13151573885091097,1762388700,1762390200,1762390800,1,MIXED,STOP,25.0,0.4636187366057338,0.8235747285781272,-1.5330137688119867
0.7832642955015319,1762392300,1762392660,1762392960,1,ALIGNED_COUNTER,TP,6.0,0.5182656355233826,0.6398996223537274,-2.2786009052902583
0.09053575764860412,1762473900,1762474320,1762475640,-1,ALIGNED_WITH,STOP,7.0,0.35791709242453257,1.9333855745354238,1.9171260925147204
0.09162502912004464,1762478700,1762478880,1762481940,-1,ALIGNED_WITH,STOP,3.0,0.0,528008188.9097052,2.0660378992177337
1.5522923563445432,1762492200,1762492260,1762506660,-1,ALIGNED_WITH,STOP,1.0,0.0,352930606.96446574,1.7975152541426884
-1.0157525401564724,1762560300,1762560360,1762562040,1,MIXED,STOP,1.0,0.0,411612143.9312894,-2.4714442107236643
0.7830427766912426,1762562400,1762562460,1762562940,1,MIXED,TP,1.0,0.0,395862296.4725874,-2.169844535457163
-1.015153338224508,1762566000,1762568520,1762570260,1,MIXED,STOP,42.0,0.7037417461482132,0.647206004084486,-1.0411097646913503
0.76332640213271,1762646400,1762646880,1762647120,-1,MIXED,TP,8.0,0.1837383369219095,3.531249980782639,1.3150968998074695
0.23547500588926662,1762652400,1762652580,1762653240,1,ALIGNED_COUNTER,STOP,3.0,0.08904593639573186,3.428571390069237,-1.1012330182877532
-1.0204098448567662,1762657200,1762657800,1762658940,1,ALIGNED_COUNTER,STOP,10.0,0.36012732643169315,0.9297658837059829,-1.3923075800185134
0.7860472206871504,1762733100,1762733280,1762733460,1,MIXED,TP,3.0,0.1654057968252764,3.9629032018477326,-2.029515996743742
0.7873838260482184,1762733700,1762733940,1762734240,1,MIXED,TP,4.0,0.1002329405316247,6.294258310411328,-1.7789547155592946
0.7873127397917098,1762734300,1762734960,1762735680,1,MIXED,TP,11.0,0.5692655522060704,0.9161752300671193,-1.823829619445011
0.13422279571251552,1762824000,1762824180,1762824420,-1,ALIGNED_COUNTER,STOP,3.0,0.43220249752561307,2.2305593399961094,4.011979650244242
0.13670296154806705,1762824900,1762824960,1762825140,-1,ALIGNED_COUNTER,STOP,1.0,0.0,515834196.15126,1.3007780409266392
-1.0119605040250788,1762826700,1762826760,1762827120,-1,ALIGNED_COUNTER,STOP,1.0,0.0,752933949.7591368,2.0052179082088917
0.08874322213118528,1762905900,1762906200,1762906500,-1,ALIGNED_WITH,STOP,5.0,0.0,527683483.55378854,2.343806826161029
0.08629333371248865,1762919400,1762919700,1762923600,-1,ALIGNED_WITH,STOP,5.0,0.12739215742030893,2.5968749796148383,1.4814807512845933
0.776113908045977,1762936200,1762936440,1762936620,1,ALIGNED_COUNTER,TP,4.0,0.5517241379310345,0.7949999985591353,-1.248003177820702
-1.0120107324576997,1762992000,1762993260,1762994160,-1,ALIGNED_WITH,STOP,21.0,0.665956691515763,0.5639658840145985,1.6440841471676435
-1.0116701525911036,1762994400,1762994460,1762996260,-1,ALIGNED_WITH,STOP,1.0,0.0,414870875.0030417,1.4394008369379097
0.09011058724334738,1762996500,1762996560,1762997460,-1,ALIGNED_WITH,STOP,1.0,0.0,683294976.2601062,2.1122223423717132
0.0934514205106536,1763080500,1763080560,1763084100,-1,ALIGNED_WITH,STOP,1.0,0.0,334743969.5302581,1.0797148024668182
-1.0124009798949465,1763094900,1763094960,1763095080,1,ALIGNED_COUNTER,STOP,1.0,0.0,976272414.4176728,-2.3766757726934005
0.7876966346676475,1763095200,1763095260,1763095380,1,ALIGNED_COUNTER,TP,1.0,0.0,1557471472.5593033,-5.551221464141856
-1.00593161787556,1763172000,1763172180,1763175420,-1,ALIGNED_WITH,STOP,3.0,0.0,341599850.82975286,1.9356160908550317
0.09323068529488111,1763175600,1763175840,1763183220,-1,ALIGNED_WITH,STOP,4.0,0.0,512727765.97187525,2.7120001324631393
0.13420638177710195,1763196900,1763197020,1763198280,1,ALIGNED_COUNTER,STOP,2.0,0.0,558734939.7590547,-1.6193807966175058
0.08785129870130984,1763251200,1763251500,1763253780,-1,ALIGNED_WITH,STOP,5.0,0.4293353705118226,1.2855871856178003,2.1978498345197353
-1.013241818490062,1763257200,1763257560,1763257860,-1,ALIGNED_WITH,STOP,6.0,0.4033266521075938,2.0809968795754967,1.284039494906455
-1.0103133732074023,1763261700,1763264100,1763270160,-1,ALIGNED_WITH,STOP,40.0,0.48915779507190027,0.6285525433284689,1.2867795128394581
0.09469825010159166,1763341200,1763341560,1763345100,-1,ALIGNED_WITH,STOP,6.0,0.3611197437307304,0.9694161233581327,0.8938285151234241
-0.17062586210845224,1763365500,1763365740,1763367540,1,ALIGNED_COUNTER,TIME,4.0,0.0,400018330.5455532,-1.1874662925975956
0.782715379046428,1763370300,1763370660,1763371080,1,MIXED,TP,6.0,0.3478643086151837,1.4339229927561195,-2.36935052701684
0.09192654211931611,1763424000,1763425080,1763427000,-1,ALIGNED_WITH,STOP,18.0,0.43600345825657705,1.3168376553985888,1.5175588630902774
0.7889479707286603,1763432400,1763432460,1763432880,1,ALIGNED_COUNTER,TP,1.0,0.0,976783613.5907556,-1.2693149485650452
0.7923861994141338,1763436600,1763437020,1763437140,1,ALIGNED_COUNTER,TP,7.0,0.5582920448928703,0.7829504218140696,-3.163789041541747
0.18137321809299842,1763511600,1763511720,1763512140,1,ALIGNED_COUNTER,STOP,2.0,0.10110273046149627,7.399999926807306,-1.2535418429505014
2.2062431385565193,1763519700,1763521200,1763529420,-1,ALIGNED_WITH,STOP,25.0,0.5088205519690685,0.744292235980143,2.3295538093135972
1.3859062243260714,1763529600,1763529900,1763531520,-1,ALIGNED_WITH,STOP,5.0,0.12694988715120153,3.76872243727427,3.4515036520726756
0.14021613074392586,1763599200,1763600940,1763601720,1,ALIGNED_COUNTER,STOP,29.0,0.5787965616045792,0.7997799766159783,-2.379871839627745
-1.0141963622898067,1763614800,1763615220,1763615940,1,MIXED,STOP,7.0,0.3686939095582313,1.4971050414316507,-1.553659741395379
-1.014328279909109,1763616600,1763618820,1763619660,1,MIXED,STOP,37.0,0.37124136866023105,1.0806988323636002,-1.3973896609977785
-1.0088071000507892,1763691600,1763691660,1763692200,1,ALIGNED_COUNTER,STOP,1.0,0.0,767293042.153373,-1.0566312340157566
-1.0083042379182097,1763693100,1763693160,1763693520,1,ALIGNED_COUNTER,STOP,1.0,0.0,612006058.1027137,-2.2871047143857464
0.18135840205241036,1763694000,1763694060,1763694840,1,ALIGNED_COUNTER,STOP,1.0,0.0,472970496.60987115,-4.119974793449421
0.16938274155079883,1763769600,1763769840,1763770500,1,ALIGNED_COUNTER,STOP,4.0,0.07917435458949611,5.328912399537717,-1.267898335820473
-0.751398901454528,1763778900,1763780820,1763782620,1,ALIGNED_COUNTER,TIME,32.0,0.31403072521033426,1.1017463898098125,-1.1126132059311444
-1.0118165664220786,1763784900,1763785500,1763786160,1,ALIGNED_COUNTER,STOP,10.0,0.6135771281928064,0.6505032011355791,-3.38114970594815
-1.0086790337283362,1763862300,1763862360,1763862780,-1,ALIGNED_WITH,STOP,1.0,0.0,460042540.26130015,3.811731568986578
0.13824841612177355,1763865300,1763866440,1763867340,-1,MIXED,STOP,19.0,0.45386942519763473,0.9476219124213899,2.4973435394439365
0.1354301359535144,1763883000,1763883420,1763884500,1,MIXED,STOP,7.0,0.2635406279640838,1.351421183502725,-1.7654978683156786
0.13894188582423173,1763943600,1763943720,1763944200,1,MIXED,STOP,2.0,0.3204618345092867,1.266613286680196,-3.333623153602028
-1.0105111714320132,1763944800,1763945400,1763945760,1,MIXED,STOP,10.0,0.47170949451079836,1.4828644469842505,-1.1735673421078494
-0.5206201508570063,1763946300,1763946420,1763948220,1,MIXED,TIME,2.0,0.18748921889945264,1.8559718870565443,-1.4035326870054154
0.13231380309158977,1764029700,1764030900,1764031380,1,MIXED,STOP,20.0,0.6648885829820457,0.786231882875424,-1.7920133077112255
-1.0176669577206092,1764036000,1764036120,1764037500,1,MIXED,STOP,2.0,0.5939223345588134,1.4387271472052354,-1.0555959336454654
-1.0153025650631682,1764042600,1764042660,1764043260,-1,MIXED,STOP,1.0,0.0,321344722.5135926,1.0570734990385553
-0.43296587711940254,1764121200,1764121320,1764123120,1,MIXED,TIME,2.0,0.06555713811874404,8.962499863287443,-1.2822966001844203
-0.7003843252304921,1764124500,1764124740,1764126540,1,MIXED,TIME,4.0,0.05342568491636224,10.086705013520131,-2.181788912678053
-1.0136585939074023,1764129300,1764129660,1764130380,1,MIXED,STOP,6.0,0.0777133648185954,5.209677352317026,-1.7783059253577786
0.14607037450002727,1764202200,1764204000,1764204720,1,MIXED,STOP,30.0,0.644430978063297,0.6519220632327003,-1.7762772513436729
0.7843965607816183,1764206400,1764208560,1764208680,1,MIXED,TP,36.0,0.37976237234878185,1.885067868339253,-1.5245029291273833
-1.013108246662842,1764212400,1764212820,1764214380,1,MIXED,STOP,7.0,0.17283596757018888,2.6036484094801753,-0.9931403485215666
0.08421706340379258,1764289200,1764289260,1764290280,1,ALIGNED_WITH,STOP,1.0,0.0,669632925.4727403,-1.9977894393969453
-1.014165705449121,1764292500,1764293040,1764297060,1,ALIGNED_WITH,STOP,9.0,0.4667912689406246,1.2742742715445186,-1.939557691161372
1.514925107282399,1764297300,1764297420,1764303600,1,ALIGNED_WITH,STOP,2.0,0.0,483315186.06284094,-1.751503445993325
0.7669706660417337,1764390000,1764390300,1764390900,1,MIXED,TP,5.0,0.2930792063739846,1.5796019846601894,-2.072998887550826
-1.0330510953843484,1764392100,1764393000,1764393600,-1,MIXED,STOP,15.0,0.5871884269137135,0.7667493783466078,1.3861393430936577
0.7686757704675237,1764397800,1764397860,1764398040,-1,MIXED,TP,1.0,0.13366312144449208,3.7305699202757254,1.60961642558983
0.08227447339442001,1764460800,1764461100,1764461880,1,ALIGNED_WITH,STOP,5.0,0.20492660281878708,1.6485714205266535,-0.8386319732098616
0.7639048020506614,1764472800,1764472860,1764472980,1,MIXED,TP,1.0,0.0,656337225.8616011,-1.1756165138349093
0.0768128209339364,1764479100,1764479700,1764482880,1,ALIGNED_WITH,STOP,10.0,0.27054250834840843,1.2096317235740095,-1.5033219382087735
0.13725715904407615,1764548700,1764548820,1764549060,-1,MIXED,STOP,2.0,0.25409971157809597,1.8921679834726945,1.481397026574396
-1.011194880166339,1764549300,1764549480,1764549660,-1,MIXED,STOP,3.0,0.3544303797468425,1.8515850091850679,3.0440101390515233
-1.0103513661945365,1764550500,1764550740,1764550920,-1,MIXED,STOP,4.0,0.40419635114686203,1.0347467583351257,2.945122511788626
-0.07093503099648807,1764633600,1764633960,1764635760,1,ALIGNED_COUNTER,TIME,6.0,0.04772061315208835,8.801169406209091,-2.893440490109191
0.1380466037698949,1764647100,1764648000,1764649200,1,ALIGNED_COUNTER,STOP,15.0,0.5714453837553468,0.6429601142040626,-1.5353989926830518
-1.02580458473461,1764663600,1764663660,1764664020,1,ALIGNED_COUNTER,STOP,1.0,0.0,597760844.578787,-1.842069724532764
-1.010239516780662,1764720000,1764720540,1764721980,1,ALIGNED_WITH,STOP,9.0,0.356510260410436,1.8859566393846006,-1.9278761593440772
1.5324361660431436,1764722100,1764722340,1764725220,1,ALIGNED_WITH,STOP,4.0,0.15577474369560212,3.010917011239982,-1.7407052528184936
0.09027307495176692,1764726300,1764726420,1764726660,1,ALIGNED_WITH,STOP,2.0,0.0,766416425.4703012,-1.0433557129374995
0.7872986263255305,1764806400,1764806820,1764807120,-1,ALIGNED_COUNTER,TP,7.0,0.15009242144179036,2.203266772979063,1.1658112577089277
0.13880391952056254,1764810900,1764810960,1764811260,-1,ALIGNED_COUNTER,STOP,1.0,0.0,621130136.9862788,1.446862601286979
-1.0074256414597107,1764815100,1764817620,1764819600,1,ALIGNED_WITH,STOP,42.0,0.6761693555213281,0.6382754985302935,-2.053287529219604
-0.7467349617868086,1764895800,1764895980,1764897780,-1,MIXED,TIME,3.0,0.0,428910264.8570291,1.111229091935658
-1.0219941632389187,1764901200,1764901980,1764902220,-1,ALIGNED_COUNTER,STOP,13.0,0.44878811571541694,0.7412513239051303,2.1290676682285454
0.22001439146799123,1764912300,1764913260,1764915060,1,MIXED,TIME,16.0,0.29203262233375027,1.4375939800395574,-1.1435297575492873
0.08670863976656425,1764979200,1764979260,1764980700,-1,ALIGNED_WITH,STOP,1.0,0.0,619916296.6039672,2.0915584019267306
0.08649087943308613,1764981600,1764982200,1764985560,-1,ALIGNED_WITH,STOP,10.0,0.0,382927698.73932,2.1532182209684296
0.08283130765651794,1764990600,1764991440,1764991920,-1,ALIGNED_WITH,STOP,14.0,0.5484109386548056,0.8144654073200662,1.4834469899487985
0.5800587437810713,1765065600,1765065840,1765067640,1,ALIGNED_COUNTER,TIME,4.0,0.3453565505804374,1.448739491603361,-2.033360497803718
0.08172568612009387,1765076400,1765076640,1765086060,-1,ALIGNED_WITH,STOP,4.0,0.0,428121445.4458487,1.222419867454967
0.08082523434741497,1765097700,1765097760,1765102440,-1,ALIGNED_WITH,STOP,1.0,0.0,443319372.20971525,1.1395138718982305
0.18373937484140232,1765152000,1765152360,1765153320,-1,MIXED,STOP,6.0,0.018554549812497795,23.021275354987893,1.6838594349833294
0.14143756968419818,1765157700,1765158420,1765159860,-1,MIXED,STOP,12.0,0.6401676450438478,0.962397178285166,0.9630883809786136
0.0850094737579515,1765178700,1765179300,1765179480,1,ALIGNED_WITH,STOP,10.0,0.19227804638776533,2.2117346823748476,-2.039210985994261
-1.010586265879776,1765238400,1765239000,1765242180,1,ALIGNED_WITH,STOP,10.0,0.17785335600681404,2.084645657569956,-1.6966717605782318
0.13184549758952466,1765242300,1765242360,1765243320,1,MIXED,STOP,1.0,0.0,731175390.2663049,-2.2067410923444353
0.7816560355855501,1765244700,1765245780,1765247340,1,MIXED,TP,18.0,0.3748691708338425,1.330076000794914,-1.63423447836442
0.1361033050574541,1765324800,1765325760,1765326060,-1,ALIGNED_COUNTER,STOP,16.0,0.33011918823151315,1.914389793836537,2.016851559268323
0.12217288200828051,1765361100,1765361160,1765361640,-1,ALIGNED_COUNTER,STOP,1.0,0.0,792712654.4925344,2.9898541488945636
0.7758199327102872,1765362300,1765362360,1765362600,-1,ALIGNED_COUNTER,TP,1.0,0.0,1425644859.813046,1.9288538318416149
-1.0079236680251953,1765413300,1765413360,1765414080,1,ALIGNED_WITH,STOP,1.0,0.0,791811782.1415392,-1.4042979742810662
-1.0081413385250748,1765414200,1765414440,1765415940,1,ALIGNED_WITH,STOP,4.0,0.28646141512854373,2.080223873335277,-1.9324327033267708
0.7878293993879191,1765416000,1765416240,1765416600,1,MIXED,TP,4.0,0.22922723794951763,1.7920560669483505,-1.844678215462157
-0.6730930253991602,1765497900,1765498800,1765500600,1,MIXED,TIME,15.0,0.13016724946462255,2.660349833789809,-1.3662015689539881
0.7894940349040662,1765501200,1765501260,1765502640,1,MIXED,TP,1.0,0.0,753365282.3893102,-1.306655909043308
-0.385100902758797,1765510500,1765510800,1765512600,1,MIXED,TIME,5.0,0.01708718250879414,23.08620554545592,-1.3037642528907956
-1.0209668161584113,1765584000,1765584060,1765584300,-1,ALIGNED_WITH,STOP,1.0,0.0,471596571.6564014,1.300988547425498
0.07900072088232866,1765584600,1765584840,1765591500,-1,ALIGNED_WITH,STOP,4.0,0.0,415088698.42534715,1.1422167876323546
0.06658143226281413,1765622400,1765622700,1765623360,-1,ALIGNED_WITH,STOP,5.0,0.3787375415282035,1.1783625699883098,2.210783967879792
0.07837737801531894,1765670400,1765670520,1765670640,-1,ALIGNED_WITH,STOP,2.0,0.05684621710522067,5.518987244690684,2.642246655763649
0.07933184930947584,1765672500,1765672800,1765674600,-1,ALIGNED_WITH,STOP,5.0,0.3349840647217607,1.6700819622274585,2.2645594482096114
0.7406277040383471,1765689900,1765690740,1765691220,1,ALIGNED_COUNTER,TP,14.0,0.46917066741982505,1.196629210932185,-2.018246027844361
-1.0099109589371316,1765757100,1765757520,1765758300,-1,ALIGNED_WITH,STOP,7.0,0.04725966291322062,12.871428299072882,2.394764797284196
0.09119932700175676,1765758600,1765758900,1765759920,-1,ALIGNED_WITH,STOP,5.0,0.484942908974503,0.9593345636409462,2.8190728367232727
-1.0078397163655983,1765762800,1765762860,1765764480,-1,ALIGNED_WITH,STOP,1.0,0.0,385020479.81274873,3.015343607115808
0.08994846525715072,1765843200,1765843260,1765844160,-1,ALIGNED_WITH,STOP,1.0,0.0,487157085.44467574,1.4480537218800864
-1.015695666745215,1765859700,1765860300,1765860540,1,ALIGNED_COUNTER,STOP,10.0,0.45380043463463093,0.7875605798477024,-1.676894112628441
1.39916065958508,1765868100,1765869120,1765871160,-1,ALIGNED_WITH,STOP,17.0,0.2614259038173082,1.9852458940455255,1.4939308129782516
-1.0218153105115613,1765929900,1765929960,1765930560,1,MIXED,STOP,1.0,0.0,529024919.1283799,-2.1734090782205717
0.533132547773056,1765931400,1765931760,1765933560,1,MIXED,TIME,6.0,0.43889071577333366,0.8205128186432097,-2.5741777505469745
-1.0237011491593229,1765934700,1765935000,1765935540,1,MIXED,STOP,5.0,0.3093475242943242,1.415357761567582,-1.6987760048037635
0.08877942288002501,1766016000,1766016420,1766021760,-1,ALIGNED_WITH,STOP,7.0,0.24043563250488786,2.095934950632496,1.749396500583557
0.08806328656841406,1766024400,1766024460,1766024880,-1,ALIGNED_WITH,STOP,1.0,0.0,687858876.4577031,1.8683615113791823
0.08893346674341224,1766025900,1766026800,1766027940,-1,ALIGNED_WITH,STOP,15.0,0.21530195454915954,2.9073083643937694,1.45449076139982
0.09244024982914982,1766102400,1766104260,1766108280,-1,ALIGNED_WITH,STOP,31.0,0.2684334421748049,1.498019796399626,0.9907200489760263
-1.0114852134934884,1766112600,1766113080,1766113380,-1,ALIGNED_WITH,STOP,8.0,0.6798459858628791,0.5721893482707633,2.7384122608230497
0.08889128162589319,1766113500,1766113560,1766113860,-1,ALIGNED_WITH,STOP,1.0,0.0,689064012.1664592,3.95492685910943
-0.30300318568200874,1766191800,1766193300,1766195100,1,MIXED,TIME,25.0,0.459096935194603,1.367419735428065,-1.5702615896411276
-1.039924588364378,1766208300,1766208420,1766208780,-1,MIXED,STOP,2.0,0.10576612642859044,4.145299106107108,2.435231699544629
0.2159094691126327,1766209500,1766209560,1766210580,-1,MIXED,STOP,1.0,0.0,1079261672.0954964,2.1701169714139024
0.7521521739131067,1766281200,1766281260,1766282340,-1,ALIGNED_COUNTER,TP,1.0,0.0,588043478.2609328,3.2125302530445112
-1.038976679766771,1766283900,1766283960,1766284080,-1,ALIGNED_COUNTER,STOP,1.0,0.0,474771805.2738319,1.4447495019349916
-1.035774285548327,1766286300,1766286660,1766287080,-1,ALIGNED_COUNTER,STOP,6.0,0.2472118959107325,1.319078942033042,1.9930033981123472
0.7803657108721643,1766362500,1766362620,1766362800,-1,ALIGNED_COUNTER,TP,2.0,0.6602527824938679,1.8719999971647419,3.8671214640536955
-1.0156610506972616,1766363400,1766363460,1766364000,-1,ALIGNED_COUNTER,STOP,1.0,0.0,367920253.73813623,2.5953716678064285
0.7883280416152197,1766367600,1766367780,1766368260,-1,ALIGNED_COUNTER,TP,3.0,0.0,364657011.3393895,1.0212179840405573
-0.5711226433255071,1766448000,1766448060,1766449860,-1,MIXED,TIME,1.0,0.0,343199181.85646784,1.1088802239667448
0.23796418746648024,1766450400,1766450460,1766452260,-1,MIXED,TIME,1.0,0.0,892377885.1315118,1.1628419512362507
0.1298886129441328,1766454300,1766455320,1766455500,-1,MIXED,STOP,17.0,0.27897149172708774,1.5252854757721996,1.153758165640117
-1.0098651504153704,1766534400,1766535120,1766538000,-1,ALIGNED_WITH,STOP,12.0,0.5799177353012241,0.5730140177035372,1.5818978565649686
0.08758940318288679,1766538600,1766538900,1766541000,-1,ALIGNED_WITH,STOP,5.0,0.0,494612559.56533605,1.3484190077029572
0.08746891105827934,1766544300,1766544360,1766545560,-1,ALIGNED_WITH,STOP,1.0,0.0,716063872.5021106,1.4208876502285093
-1.029241783791496,1766620800,1766621340,1766623020,1,MIXED,STOP,9.0,0.7137071799514051,0.6626168215014366,-2.1656915296948647
0.32924030559193374,1766623200,1766623500,1766625300,1,MIXED,TIME,5.0,0.08543917544414788,3.7555555116005217,-2.2442195489673322
-0.424735858657238,1766629200,1766630520,1766632320,1,MIXED,TIME,22.0,0.23613663133099358,4.072625681076462,-1.0231160850031789
0.08570708101637815,1766707200,1766707740,1766708940,-1,ALIGNED_WITH,STOP,9.0,0.527204898993455,1.569158875528381,3.319401445306927
-0.4504773879900441,1766716200,1766716260,1766718060,1,ALIGNED_COUNTER,TIME,1.0,0.0,1008672993.1549482,-1.335704624499136
-1.0123084199275663,1766720400,1766720760,1766721720,1,MIXED,STOP,6.0,0.06927537953011456,6.1999999105021155,-2.1000574729225336
-1.0312005000000077,1766793600,1766794380,1766794920,1,ALIGNED_COUNTER,STOP,13.0,0.23999999999993943,1.4404761844748406,-2.0298974547836783
0.7171659097053575,1766819700,1766820060,1766820180,1,ALIGNED_COUNTER,TP,6.0,0.3652338469857255,1.948186523162583,-1.9871940022000745
0.08161414062509095,1766822400,1766822520,1766823000,1,ALIGNED_COUNTER,STOP,2.0,0.0,673437500.000091,-1.7124420146878894
-1.0356651034722624,1766880000,1766880060,1766880420,1,MIXED,STOP,1.0,0.0,525071010.3763027,-1.8491738636256247
-0.33259717171716935,1766886900,1766889120,1766890920,1,MIXED,TIME,37.0,0.24713804713802578,1.7465939983826075,-1.861130773158047
-1.0455878639334308,1766945100,1766945520,1766945700,1,MIXED,STOP,7.0,0.0,521984551.39628804,-1.6822040560679374
-1.0293279225116763,1766966400,1766966460,1766967840,-1,MIXED,STOP,1.0,0.0,893119572.4782754,1.4087415278737423
0.7757034906142666,1766969400,1766969460,1766970180,-1,MIXED,TP,1.0,0.0,899138168.5096824,1.4322474631799431
0.77922812647477,1766971500,1766971560,1766972340,1,MIXED,TP,1.0,0.029731005191072895,10.142856801723088,-1.0330928365177112
0.07980966701401042,1767053100,1767053160,1767055500,-1,ALIGNED_WITH,STOP,1.0,0.0,452980000.99248827,2.100834003072643
0.08020212440624616,1767063000,1767064200,1767064740,-1,ALIGNED_WITH,STOP,20.0,0.48643373023617403,1.2233146042268408,1.055028182048369
-1.0156702463952472,1767065400,1767066120,1767068820,-1,ALIGNED_WITH,STOP,12.0,0.1261892839258593,2.692307670972892,1.1550547227690409
0.11874972724516375,1767139200,1767139260,1767140100,-1,ALIGNED_COUNTER,STOP,1.0,0.0,548742297.201786,1.4639433834469047
-1.0329142014977206,1767144000,1767144060,1767144840,-1,ALIGNED_COUNTER,STOP,1.0,0.0,597057730.0971057,1.2145138003841842
0.7713279417879714,1767144900,1767144960,1767146460,-1,ALIGNED_COUNTER,TP,1.0,0.0,468283668.28363055,1.6446977140295347
